"STATION","DATE","SOURCE","LATITUDE","LONGITUDE","ELEVATION","NAME","REPORT_TYPE","CALL_SIGN","QUALITY_CONTROL","WND","CIG","VIS","TMP","DEW","SLP","AG1","GA1","GA2","GA3","MA1","MW1","OC1","REM","EQD"
"07074334072","1990-01-04T08:00:00","4","49.15","4.533","199.0","SUIPPES RANGE MET, FR","FM-15","LFFS ","V020","110,1,N,0021,1","00150,1,C,N","999999,9,N,9","+0000,1","-0010,1","99999,9","2,999","08,1,+00150,9,07,9",,,"10020,1,99999,9",,,,"Q01+000002VOVAR Q02+000000PRSWM2"
"07074334072","1990-01-04T09:00:00","4","49.15","4.533","199.0","SUIPPES RANGE MET, FR","FM-15","LFFS ","V020","140,1,N,0031,1","00150,1,C,N","002000,1,N,1","+0000,1","-0020,1","99999,9","2,000","08,1,+00150,9,07,9",,,"10020,1,99999,9","10,1",,,
"07074334072","1990-01-04T12:00:00","4","49.15","4.533","199.0","SUIPPES RANGE MET, FR","FM-15","LFFS ","V020","140,1,N,0031,1","00150,1,C,N","999999,9,N,9","+9999,9","+9999,9","99999,9","2,000","08,1,+00150,9,07,9",,,,,,"MET01500M01 QFE 100+?","Q01+000002VOVAR Q02+000000PRSWM2"
"07074334072","1990-01-05T08:00:00","4","49.15","4.533","199.0","SUIPPES RANGE MET, FR","FM-15","LFFS ","V020","999,1,C,0000,1","00090,1,C,N","001800,1,N,1","+0030,1","+0020,1","99999,9","2,999","08,1,+00090,9,07,9",,,,"10,1",,"MET008QFE1005?",
"07074334072","1990-01-05T09:00:00","4","49.15","4.533","199.0","SUIPPES RANGE MET, FR","FM-15","LFFS ","V020","999,1,C,0000,1","00060,1,C,N","000300,1,N,1","+0030,1","+0020,1","99999,9","2,000","08,1,+00060,9,07,9",,,,"46,1",,"MET008QFE1005?",
"07074334072","1990-01-05T11:00:00","4","49.15","4.533","199.0","SUIPPES RANGE MET, FR","FM-15","LFFS ","V020","999,1,C,0000,1","00060,1,C,N","000300,1,N,1","+0030,1","+0030,1","99999,9","2,999","08,1,+00060,9,07,9",,,,"44,1",,"MET008QFE1005?",
"07074334072","1990-01-05T12:10:00","4","49.15","4.533","199.0","SUIPPES RANGE MET, FR","FM-15","LFFS ","V020","999,1,C,0000,1","00060,1,C,N","000400,1,N,1","+0040,1","+0020,1","99999,9","2,000","08,1,+00060,9,07,9",,,,"42,1",,"MET008QFE1005?",
"07074334072","1990-01-05T14:00:00","4","49.15","4.533","199.0","SUIPPES RANGE MET, FR","FM-15","LFFS ","V020","999,1,C,0000,1","00060,1,C,N","000200,1,N,1","+0030,1","+0030,1","99999,9","2,999","08,1,+00060,9,07,9",,,,"44,1",,"MET009QFE10095?",
"07074334072","1990-01-08T09:08:00","4","49.15","4.533","199.0","SUIPPES RANGE MET, FR","FM-15","LFFS ","V020","999,1,C,0000,1","00150,1,C,N","001200,1,N,1","+0040,1","+0030,1","99999,9","2,000","08,1,+00150,9,07,9",,,"10139,1,99999,9","10,1",,,
"07074334072","1990-01-08T11:00:00","4","49.15","4.533","199.0","SUIPPES RANGE MET, FR","FM-15","LFFS ","V020","999,1,C,0000,1","00030,1,C,N","000200,1,N,1","+0050,1","+0040,1","99999,9","2,999","09,1,+99999,9,99,9",,,"10139,1,99999,9","47,1",,,
"07074334072","1990-01-08T11:50:00","4","49.15","4.533","199.0","SUIPPES RANGE MET, FR","FM-15","LFFS ","V020","999,1,C,0000,1","00030,1,C,N","000200,1,N,1","+9999,9","+9999,9","99999,9","2,000","09,1,+99999,9,99,9",,,"10139,1,99999,9","45,1",,,
"07074334072","1990-01-08T12:50:00","4","49.15","4.533","199.0","SUIPPES RANGE MET, FR","FM-15","LFFS ","V020","999,1,C,0000,1","00030,1,C,N","000300,1,N,1","+0050,1","+0050,1","99999,9","2,999","09,1,+00030,9,99,9",,,"10129,1,99999,9","43,1",,,
"07074334072","1990-01-08T14:00:00","4","49.15","4.533","199.0","SUIPPES RANGE MET, FR","FM-15","LFFS ","V020","999,1,C,0000,1","00180,1,C,N","003000,1,N,1","+0050,1","+0040,1","99999,9","2,999","08,1,+00180,9,07,9",,,"10640,2,99999,9",,,,"Q01+031423APOA  Q02+000000PRSWM2"
"07074334072","1990-01-08T15:00:00","4","49.15","4.533","199.0","SUIPPES RANGE MET, FR","FM-15","LFFS ","V020","999,1,C,0000,1","22000,1,C,N","004000,1,N,1","+0050,1","+0030,1","99999,9","2,000","02,1,+00240,9,07,9",,,,"10,1",,"MET009QFE 6014?",
"07074334072","1990-01-09T08:10:00","4","49.15","4.533","199.0","SUIPPES RANGE MET, FR","FM-15","LFFS ","V020","999,1,C,0000,1","00060,1,C,N","000600,1,N,1","+0050,1","+0050,1","99999,9","2,999","09,1,+00060,9,99,9",,,"10159,1,99999,9","45,1",,,
"07074334072","1990-01-09T09:00:00","4","49.15","4.533","199.0","SUIPPES RANGE MET, FR","FM-15","LFFS ","V020","999,1,C,0000,1","00120,1,C,N","001000,1,N,1","+0050,1","+0040,1","99999,9","2,000","08,1,+00120,9,07,9",,,"10159,1,99999,9","10,1",,,
"07074334072","1990-01-10T08:00:00","4","49.15","4.533","199.0","SUIPPES RANGE MET, FR","FM-15","LFFS ","V020","280,1,N,0010,1","00120,1,C,N","001500,1,N,1","+0030,1","+9999,9","99999,9","2,999","08,1,+00120,9,07,9",,,"10139,1,99999,9","10,1",,,
"07074334072","1990-01-10T08:50:00","4","49.15","4.533","199.0","SUIPPES RANGE MET, FR","FM-15","LFFS ","V020","999,1,C,0000,1","00120,1,C,N","002000,1,N,1","+0030,1","+0020,1","99999,9","2,000","08,1,+00120,9,07,9",,,"10139,1,99999,9","10,1",,,
"07074334072","1990-01-15T11:50:00","4","49.15","4.533","199.0","SUIPPES RANGE MET, FR","FM-15","LFFS ","V020","240,1,N,0051,1","00120,1,C,N","001200,1,N,1","+0050,1","+0050,1","99999,9","2,007","08,1,+00120,9,07,9",,,"10071,1,99999,9","61,1",,,
"07074334072","1990-01-15T13:00:00","4","49.15","4.533","199.0","SUIPPES RANGE MET, FR","FM-15","LFFS ","V020","240,1,N,0051,1","00180,1,C,N","004000,1,N,1","+0060,1","+0050,1","99999,9","2,999","07,1,+00180,9,07,9",,,"10071,1,99999,9","61,1",,,
"07074334072","1990-01-15T14:14:00","4","49.15","4.533","199.0","SUIPPES RANGE MET, FR","FM-15","LFFS ","V020","260,1,N,0062,1","00210,1,C,N","005000,1,N,1","+0060,1","+0060,1","99999,9","2,999","07,1,+00210,9,07,9",,,"10061,1,99999,9","61,1",,,
"07074334072","1990-01-16T08:00:00","4","49.15","4.533","199.0","SUIPPES RANGE MET, FR","FM-15","LFFS ","V020","240,1,N,0041,1","00030,1,C,N","000200,1,N,1","+0080,1","+0070,1","99999,9","2,999","09,1,+99999,9,99,9",,,"10081,1,99999,9","47,1",,,
"07074334072","1990-01-16T09:00:00","4","49.15","4.533","199.0","SUIPPES RANGE MET, FR","FM-15","LFFS ","V020","240,1,N,0031,1","00030,1,C,N","000200,1,N,1","+0080,1","+0080,1","99999,9","2,000","09,1,+99999,9,99,9",,,"10091,1,99999,9","45,1",,,
"07074334072","1990-01-16T10:00:00","4","49.15","4.533","199.0","SUIPPES RANGE MET, FR","FM-15","LFFS ","V020","240,1,N,0031,1","00030,1,C,N","000200,1,N,1","+0080,1","+0080,1","99999,9","2,999","09,1,+99999,9,99,9",,,"10091,1,99999,9","45,1",,,
"07074334072","1990-01-16T10:50:00","4","49.15","4.533","199.0","SUIPPES RANGE MET, FR","FM-15","LFFS ","V020","220,1,N,0031,1","00030,1,C,N","000200,1,N,1","+0080,1","+0080,1","99999,9","2,999","09,1,+99999,9,99,9",,,"10091,1,99999,9","45,1",,,
"07074334072","1990-01-16T11:50:00","4","49.15","4.533","199.0","SUIPPES RANGE MET, FR","FM-15","LFFS ","V020","240,1,N,0021,1","00015,1,C,N","000100,1,N,1","+0080,1","+0080,1","99999,9","2,000","09,1,+99999,9,99,9",,,"10081,1,99999,9","47,1",,,
"07074334072","1990-01-16T13:00:00","4","49.15","4.533","199.0","SUIPPES RANGE MET, FR","FM-15","LFFS ","V020","260,1,N,0041,1","00015,1,C,N","000100,1,N,1","+0080,1","+0080,1","99999,9","2,999","09,1,+99999,9,99,9",,,,"45,1",,"MET008QFE1008?",
"07074334072","1990-01-16T15:00:00","4","49.15","4.533","199.0","SUIPPES RANGE MET, FR","FM-15","LFFS ","V020","260,1,N,0021,1","00015,1,C,N","000100,1,N,1","+0080,1","+0080,1","99999,9","2,000","09,1,+99999,9,99,9",,,"10081,1,99999,9","45,1",,,
"07074334072","1990-01-17T11:00:00","4","49.15","4.533","199.0","SUIPPES RANGE MET, FR","FM-15","LFFS ","V020","240,1,N,0062,1","00390,1,C,N","006000,1,N,1","+0090,1","+0070,1","99999,9","2,999","02,1,+00240,9,07,9","03,1,+00390,9,05,9","07,1,+00900,9,05,9","10041,1,99999,9",,,,"Q01+000000PRSWM2"
"07074334072","1990-01-17T12:00:00","4","49.15","4.533","199.0","SUIPPES RANGE MET, FR","FM-15","LFFS ","V020","260,1,N,0051,1","00120,1,C,N","003500,1,N,1","+0080,1","+0070,1","99999,9","2,001","07,1,+00120,9,07,9",,,"10041,1,99999,9","51,1",,,
"07074334072","1990-01-17T13:00:00","4","49.15","4.533","199.0","SUIPPES RANGE MET, FR","FM-15","LFFS ","V020","260,1,N,0072,1","00090,1,C,N","001200,1,N,1","+0080,1","+0080,1","99999,9","2,999","07,1,+00090,9,07,9",,,"10031,1,99999,9","58,1",,,
"07074334072","1990-01-17T14:00:00","4","49.15","4.533","199.0","SUIPPES RANGE MET, FR","FM-15","LFFS ","V020","320,1,N,0031,1","01200,1,C,N","011200,1,N,1","+0060,1","+0050,1","99999,9","2,999","01,1,+00240,9,07,9","03,1,+00450,9,05,9","07,1,+01200,9,05,9","10031,1,99999,9","21,1",,,
"07074334072","1990-01-17T15:00:00","4","49.15","4.533","199.0","SUIPPES RANGE MET, FR","FM-15","LFFS ","V020","300,1,N,0031,1","01200,1,C,N","011200,1,N,1","+0070,1","+0060,1","99999,9","2,000","03,1,+00600,9,05,9","05,1,+01200,9,05,9","08,1,+03000,9,03,9","10041,1,99999,9",,,,"Q01+000000PRSWM2"
"07074334072","1990-01-18T08:17:00","4","49.15","4.533","199.0","SUIPPES RANGE MET, FR","FM-15","LFFS ","V020","999,1,C,0000,1","07500,1,C,N","000300,1,N,1","+0010,1","+0000,1","99999,9","2,999","07,1,+07500,9,00,9",,,"10081,1,99999,9","41,1",,,
"07074334072","1990-01-18T08:50:00","4","49.15","4.533","199.0","SUIPPES RANGE MET, FR","FM-15","LFFS ","V020","999,1,C,0000,1","07500,1,C,N","001500,1,N,1","+0020,1","+0010,1","99999,9","2,000","06,1,+07500,9,00,9",,,"10081,1,99999,9","11,1",,,
"07074334072","1990-01-18T10:00:00","4","49.15","4.533","199.0","SUIPPES RANGE MET, FR","FM-15","LFFS ","V020","999,1,C,0000,1","22000,1,C,N","001500,1,N,1","+0020,1","+0010,1","99999,9","2,999","03,1,+07500,9,00,9",,,"10091,1,99999,9","11,1",,,
"07074334072","1990-01-18T11:00:00","4","49.15","4.533","199.0","SUIPPES RANGE MET, FR","FM-15","LFFS ","V020","999,1,C,0000,1","22000,1,C,N","002500,1,N,1","+0030,1","+0000,1","99999,9","2,999","01,1,+07500,9,00,9",,,"10091,1,99999,9","10,1",,,
"07074334072","1990-01-18T12:00:00","4","49.15","4.533","199.0","SUIPPES RANGE MET, FR","FM-15","LFFS ","V020","320,1,N,0031,1","22000,1,C,N","011200,1,N,1","+0060,1","+0020,1","99999,9","2,000","03,1,+01200,9,05,9",,,"10091,1,99999,9",,,,"Q01+000000PRSWM2"
"07074334072","1990-01-18T12:05:00","4","49.15","4.533","199.0","SUIPPES RANGE MET, FR","FM-15","LFFS ","V020","999,1,C,0000,1","22000,1,C,N","003500,1,N,1","+0040,1","+0010,1","99999,9","2,000","01,1,+00900,9,05,9",,,"10091,1,99999,9","10,1",,,
"07074334072","1990-01-18T13:00:00","4","49.15","4.533","199.0","SUIPPES RANGE MET, FR","FM-15","LFFS ","V020","320,1,N,0031,1","22000,1,C,N","011200,1,N,1","+9999,9","+9999,9","99999,9","2,000","03,1,+01050,9,05,9",,,,,,"MET003B2?","Q01+000000PRSWM2"
"07074334072","1990-01-18T14:00:00","4","49.15","4.533","199.0","SUIPPES RANGE MET, FR","FM-15","LFFS ","V020","320,1,N,0031,1","22000,1,C,N","011200,1,N,1","+0070,1","+0010,1","99999,9","2,999","03,1,+01200,9,08,9",,,"10091,1,99999,9",,,,"Q01+000000PRSWM2"
"07074334072","1990-01-18T15:00:00","4","49.15","4.533","199.0","SUIPPES RANGE MET, FR","FM-15","LFFS ","V020","360,1,N,0031,1","22000,1,C,N","011200,1,N,1","+0070,1","+0010,1","99999,9","2,000","01,1,+01200,9,08,9",,,"10091,1,99999,9",,,,"Q01+000000PRSWM2"
"07074334072","1990-01-19T08:00:00","4","49.15","4.533","199.0","SUIPPES RANGE MET, FR","FM-15","LFFS ","V020","999,1,C,0000,1","07500,1,C,N","003000,1,N,1","-0030,1","-0030,1","99999,9","2,999","07,1,+07500,9,00,9",,,"10102,1,99999,9","10,1",,,
"07074334072","1990-01-19T09:00:00","4","49.15","4.533","199.0","SUIPPES RANGE MET, FR","FM-15","LFFS ","V020","999,1,C,0000,1","00015,1,C,N","000100,1,N,1","-0020,1","-0020,1","99999,9","2,000","09,1,+99999,9,99,9",,,"10102,1,99999,9","49,1",,,
"07074334072","1990-01-19T10:00:00","4","49.15","4.533","199.0","SUIPPES RANGE MET, FR","FM-15","LFFS ","V020","999,1,C,0000,1","00015,1,C,N","000100,1,N,1","+0000,1","+0000,1","99999,9","2,999","09,1,+99999,9,99,9",,,"10108,1,99999,9","49,1",,,
"07074334072","1990-01-19T11:00:00","4","49.15","4.533","199.0","SUIPPES RANGE MET, FR","FM-15","LFFS ","V020","999,1,C,0000,1","00015,1,C,N","000100,1,N,1","+0000,1","+0000,1","99999,9","2,999","09,1,+99999,9,99,9",,,"10108,1,99999,9","49,1",,,
"07074334072","1990-01-19T11:50:00","4","49.15","4.533","199.0","SUIPPES RANGE MET, FR","FM-15","LFFS ","V020","999,1,C,0000,1","07500,1,C,N","005000,1,N,1","+0030,1","+0010,1","99999,9","2,000","01,1,+00240,9,07,9","07,1,+07500,9,00,9",,"10091,1,99999,9",,,,"Q01+000000PRSWM2"
"07074334072","1990-01-19T12:00:00","4","49.15","4.533","199.0","SUIPPES RANGE MET, FR","FM-15","LFFS ","V020","999,1,C,0000,1","07500,1,C,N","003000,1,N,1","+0020,1","+0000,1","99999,9","2,000","02,1,+00090,9,07,9","07,1,+07500,9,00,9",,"10102,1,99999,9","10,1",,,
"07074334072","1990-01-19T12:30:00","4","49.15","4.533","199.0","SUIPPES RANGE MET, FR","FM-16","LFFS ","V020","999,1,C,0000,1","07500,1,C,N","005000,1,N,1","+9999,9","+9999,9","99999,9","2,000","01,1,+00150,9,07,9","07,1,+07500,9,00,9",,,,,"MET003B2?","Q01+000000PRSWM2"
"07074334072","1990-01-23T07:30:00","4","49.15","4.533","199.0","SUIPPES RANGE MET, FR","FM-15","LFFS ","V020","200,1,N,0062,1","02700,1,C,N","999999,9,N,9","+0070,1","+9999,9","99999,9","2,999","03,1,+01200,9,05,9","07,1,+02700,9,03,9",,"10020,1,99999,9",,,,"Q01+000002VOVAR Q02+000000PRSWM2"
"07074334072","1990-01-23T08:50:00","4","49.15","4.533","199.0","SUIPPES RANGE MET, FR","FM-15","LFFS ","V020","200,1,N,0072,1","02700,1,C,N","011200,1,N,1","+0070,1","+0040,1","99999,9","2,000","01,1,+00450,9,08,9","03,1,+01200,9,05,9","07,1,+02700,9,03,9","10020,1,99999,9",,,,"Q01+000000PRSWM2"
"07074334072","1990-01-23T10:00:00","4","49.15","4.533","199.0","SUIPPES RANGE MET, FR","FM-15","LFFS ","V020","200,1,N,0062,1","02700,1,C,N","011200,1,N,1","+0070,1","+0030,1","99999,9","2,999","01,1,+00750,9,08,9","03,1,+01500,9,05,9","07,1,+02700,9,03,9","10010,1,99999,9",,,,"Q01+000000PRSWM2"
"07074334072","1990-01-23T11:00:00","4","49.15","4.533","199.0","SUIPPES RANGE MET, FR","FM-15","LFFS ","V020","180,1,N,0103,1","22000,1,C,N","011200,1,N,1","+0070,1","+0020,1","99999,9","2,999","01,1,+00900,9,05,9","03,1,+01500,9,05,9",,"10000,1,99999,9",,"0154,1",,"Q01+000000PRSWM2"
"07074334072","1990-01-23T11:50:00","4","49.15","4.533","199.0","SUIPPES RANGE MET, FR","FM-15","LFFS ","V020","220,1,N,0051,1","02700,1,C,N","011200,1,N,1","+0080,1","+0020,1","99999,9","2,000","01,1,+00900,9,05,9","03,1,+01500,9,05,9","07,1,+02700,9,03,9",,,"0103,1","MET009QFE 1999?","Q01+000000PRSWM2"
"07074334072","1990-01-23T13:00:00","4","49.15","4.533","199.0","SUIPPES RANGE MET, FR","FM-15","LFFS ","V020","220,1,N,0103,1","01200,1,C,N","011200,1,N,1","+0080,1","+0030,1","99999,9","2,999","02,1,+00300,9,07,9","04,1,+01200,9,05,9","07,1,+02700,9,03,9",,"51,1","0154,1","MET008QFE 998?",
"07074334072","1990-01-23T14:00:00","4","49.15","4.533","199.0","SUIPPES RANGE MET, FR","FM-15","LFFS ","V020","220,1,N,0051,1","01050,1,C,N","006000,1,N,1","+0070,1","+0040,1","99999,9","2,999","03,1,+00300,9,07,9","04,1,+01050,9,05,9","08,1,+02700,9,03,9",,"61,1","0103,1","MET008QFE 996?",
"07074334072","1990-01-24T08:00:00","4","49.15","4.533","199.0","SUIPPES RANGE MET, FR","FM-15","LFFS ","V020","260,1,N,0082,1","00300,1,C,N","011200,1,N,1","+0050,1","+0030,1","99999,9","2,999","05,1,+00300,9,08,9","05,1,+01500,9,05,9",,,,,"MET007QFE992?","Q01+000000PRSWM2"
"07074334072","1990-01-24T08:50:00","4","49.15","4.533","199.0","SUIPPES RANGE MET, FR","FM-15","LFFS ","V020","220,1,N,0082,1","22000,1,C,N","011200,1,N,1","+0050,1","+0030,1","99999,9","2,000","02,1,+00300,9,08,9",,,,,,"MET007QFE993?","Q01+000000PRSWM2"
"07074334072","1990-01-24T10:50:00","4","49.15","4.533","199.0","SUIPPES RANGE MET, FR","FM-15","LFFS ","V020","260,1,N,0103,1","00360,1,C,N","011200,1,N,1","+0070,1","+0040,1","99999,9","2,999","05,1,+00360,9,08,9","07,1,+01500,9,05,9",,,,"0154,1","MET007QFE992?","Q01+000000PRSWM2"
"07074334072","1990-01-24T12:00:00","4","49.15","4.533","199.0","SUIPPES RANGE MET, FR","FM-15","LFFS ","V020","300,1,N,0082,1","00390,1,C,N","006000,1,N,1","+0060,1","+0040,1","99999,9","2,000","01,1,+00360,9,09,9","05,1,+00390,9,08,9","07,1,+01200,9,05,9",,,"0129,1","MET007QFE991?","Q01+000000PRSWM2"
"07074334072","1990-01-24T12:33:00","4","49.15","4.533","199.0","SUIPPES RANGE MET, FR","FM-15","LFFS ","V020","260,1,N,0082,1","00360,1,C,N","007000,1,N,1","+0070,1","+0050,1","99999,9","2,999","05,1,+00360,9,08,9","07,1,+01200,9,05,9",,,,"0134,1","MET007QFE991?","Q01+000000PRSWM2"
"07074334072","1990-01-24T14:00:00","4","49.15","4.533","199.0","SUIPPES RANGE MET, FR","FM-15","LFFS ","V020","320,1,N,0103,1","01200,1,C,N","011200,1,N,1","+0060,1","+0040,1","99999,9","2,999","02,1,+00480,9,08,9","03,1,+01200,9,05,9","07,1,+07500,9,00,9",,"25,1","0154,1","MET007QFE992?",
"07074334072","1990-01-24T15:00:00","4","49.15","4.533","199.0","SUIPPES RANGE MET, FR","FM-15","LFFS ","V020","300,1,N,0072,1","07500,1,C,N","011200,1,N,1","+0060,1","+0040,1","99999,9","2,000","01,1,+00480,9,08,9","07,1,+07500,9,00,9",,,,,"MET007QFE993?","Q01+000000PRSWM2"
"07074334072","1990-01-25T08:00:00","4","49.15","4.533","199.0","SUIPPES RANGE MET, FR","FM-15","LFFS ","V020","220,1,N,0103,1","00210,1,C,N","005000,1,N,1","+0080,1","+0080,1","99999,9","2,999","07,1,+00210,9,07,9",,,,"61,1",,"MET007QFE981?",
"07074334072","1990-01-25T09:00:00","4","49.15","4.533","199.0","SUIPPES RANGE MET, FR","FM-15","LFFS ","V020","260,1,N,0103,1","00210,1,C,N","006000,1,N,1","+0100,1","+0090,1","99999,9","2,007","07,1,+00210,9,07,9",,,,"61,1",,"MET007QFE980?",
"07074334072","1990-01-25T09:50:00","4","49.15","4.533","199.0","SUIPPES RANGE MET, FR","FM-15","LFFS ","V020","240,1,N,0103,1","00180,1,C,N","005000,1,N,1","+0110,1","+0100,1","99999,9","2,999","07,1,+00180,9,07,9",,,,"61,1","0154,1","MET007QFE979?",
"07074334072","1990-01-25T10:50:00","4","49.15","4.533","199.0","SUIPPES RANGE MET, FR","FM-15","LFFS ","V020","240,1,N,0093,1","00240,1,C,N","007000,1,N,1","+0110,1","+0100,1","99999,9","2,999","07,1,+00240,9,07,9",,,,"61,1","0154,1","MET007QFE979?",
"07074334072","1990-01-25T12:00:00","4","49.15","4.533","199.0","SUIPPES RANGE MET, FR","FM-15","LFFS ","V020","240,1,N,0134,1","00240,1,C,N","011200,1,N,1","+0120,1","+0100,1","99999,9","2,003","07,1,+00240,9,07,9",,,,"21,1","0216,1","MET007QFE977?",
"07074334072","1990-01-25T12:50:00","4","49.15","4.533","199.0","SUIPPES RANGE MET, FR","FM-15","LFFS ","V020","260,1,N,0154,1","22000,1,C,N","006000,1,N,1","+0130,1","+0090,1","99999,9","2,999",,,,,"61,1","0206,1","MET007QFE975?",
"07074334072","1990-01-25T14:00:00","4","49.15","4.533","199.0","SUIPPES RANGE MET, FR","FM-15","LFFS ","V020","240,1,N,0134,1","00270,1,C,N","007000,1,N,1","+0120,1","+0090,1","99999,9","2,999","07,1,+00270,9,07,9",,,,"61,1","0185,1","MET007QFE973?",
"07074334072","1990-01-25T15:00:00","4","49.15","4.533","199.0","SUIPPES RANGE MET, FR","FM-15","LFFS ","V020","240,1,N,0165,1","00240,1,C,N","011200,1,N,1","+0120,1","+0090,1","99999,9","2,007","07,1,+00240,9,07,9",,,,"61,1","0247,1","MET007QFE973?",
"07074334072","1990-01-26T08:00:00","4","49.15","4.533","199.0","SUIPPES RANGE MET, FR","FM-15","LFFS ","V020","260,1,N,0103,1","07500,1,C,N","011200,1,N,1","+0040,1","+9999,9","99999,9","2,999","02,1,+00450,9,08,9","06,1,+07500,9,00,9",,,,,"MET007QFE983?","Q01+000000PRSWM2"
"07074334072","1990-01-26T08:23:00","4","49.15","4.533","199.0","SUIPPES RANGE MET, FR","FM-16","LFFS ","V020","260,1,N,0103,1","01500,1,C,N","011200,1,N,1","+0050,1","+9999,9","99999,9","2,999","03,1,+00450,9,08,9","05,1,+01500,9,05,9","06,1,+07500,9,00,9",,,"0154,1","MET007QFE984?","Q01+000000PRSWM2"
"07074334072","1990-01-26T10:50:00","4","49.15","4.533","199.0","SUIPPES RANGE MET, FR","FM-15","LFFS ","V020","260,1,N,0103,1","00600,1,C,N","011200,1,N,1","+0050,1","+0000,1","99999,9","2,999","05,1,+00600,9,08,9","06,1,+01500,9,05,9",,,,"0154,1","MET007QFE985?","Q01+000000PRSWM2"
"07074334072","1990-01-26T11:50:00","4","49.15","4.533","199.0","SUIPPES RANGE MET, FR","FM-15","LFFS ","V020","260,1,N,0124,1","00690,1,C,N","011200,1,N,1","+0060,1","-0010,1","99999,9","2,000","07,1,+00690,9,08,9",,,,,"0185,1","MET007QFE984?","Q01+000000PRSWM2"
"07074334072","1990-01-26T13:00:00","4","49.15","4.533","199.0","SUIPPES RANGE MET, FR","FM-15","LFFS ","V020","260,1,N,0103,1","01500,1,C,N","011200,1,N,1","+0060,1","-0010,1","99999,9","2,999","04,1,+00780,9,08,9","04,1,+01500,9,05,9",,,,,"MET007QFE984?","Q01+000000PRSWM2"
"07074334072","1990-01-26T13:50:00","4","49.15","4.533","199.0","SUIPPES RANGE MET, FR","FM-15","LFFS ","V020","280,1,N,0103,1","01500,1,C,N","011200,1,N,1","+0060,1","+9999,9","99999,9","2,999","01,1,+00600,9,09,9","04,1,+00780,9,08,9","05,1,+01500,9,05,9",,"80,1","0154,1","MET019M011 QFE984      ??",
"07074334072","1990-02-05T08:00:00","4","49.15","4.533","199.0","SUIPPES RANGE MET, FR","FM-15","LFFS ","V020","999,1,C,0000,1","99999,1,C,Y","009900,1,N,1","+9999,9","+9999,9","99999,9","2,999",,,,,,,"MET022CAVOK 03//// QFE 1007?","Q01+000000PRSWM2"
"07074334072","1990-02-05T08:20:00","4","49.15","4.533","199.0","SUIPPES RANGE MET, FR","FM-15","LFFS ","V020","140,1,N,0062,1","99999,1,C,Y","009900,1,N,1","+0050,1","+0010,1","99999,9","2,999",,,,"10071,1,99999,9",,,,"Q01+000000PRSWM2"
"07074334072","1990-02-05T08:50:00","4","49.15","4.533","199.0","SUIPPES RANGE MET, FR","FM-15","LFFS ","V020","999,1,C,0000,1","99999,1,C,Y","009900,1,N,1","+0050,1","+0010,1","99999,9","2,000",,,,"10071,1,99999,9",,,,"Q01+000000PRSWM2"
"07074334072","1990-02-05T09:50:00","4","49.15","4.533","199.0","SUIPPES RANGE MET, FR","FM-15","LFFS ","V020","160,1,N,0051,1","99999,1,C,Y","009900,1,N,1","+0060,1","+0010,1","99999,9","2,999",,,,"10071,1,99999,9",,,,"Q01+000000PRSWM2"
"07074334072","1990-02-05T10:50:00","4","49.15","4.533","199.0","SUIPPES RANGE MET, FR","FM-15","LFFS ","V020","180,1,N,0041,1","99999,1,C,Y","009900,1,N,1","+0070,1","+0010,1","99999,9","2,999",,,,"10071,1,99999,9",,,,"Q01+000000PRSWM2"
"07074334072","1990-02-05T12:00:00","4","49.15","4.533","199.0","SUIPPES RANGE MET, FR","FM-15","LFFS ","V020","999,9,9,9999,9","99999,1,C,Y","009900,1,N,1","+0090,1","+0000,1","99999,9","2,000",,,,"10061,1,99999,9",,,,"Q01+000000PRSWM2"
"07074334072","1990-02-05T12:30:00","4","49.15","4.533","199.0","SUIPPES RANGE MET, FR","FM-15","LFFS ","V020","200,1,N,0051,1","99999,1,C,Y","009900,1,N,1","+0100,1","+0010,1","99999,9","2,999",,,,"10051,1,99999,9",,,,"Q01+000000PRSWM2"
"07074334072","1990-02-05T13:30:00","4","49.15","4.533","199.0","SUIPPES RANGE MET, FR","FM-15","LFFS ","V020","180,1,N,0051,1","99999,1,C,Y","009900,1,N,1","+0130,1","+0010,1","99999,9","2,999",,,,"10041,1,99999,9",,,,"Q01+000000PRSWM2"
"07074334072","1990-02-05T14:30:00","4","49.15","4.533","199.0","SUIPPES RANGE MET, FR","FM-15","LFFS ","V020","160,1,N,0041,1","99999,1,C,Y","009900,1,N,1","+0140,1","+0030,1","99999,9","2,000",,,,"10041,1,99999,9",,,,"Q01+000000PRSWM2"
"07074334072","1990-02-05T16:00:00","4","49.15","4.533","199.0","SUIPPES RANGE MET, FR","FM-15","LFFS ","V020","140,1,N,0031,1","99999,1,C,Y","009900,1,N,1","+0140,1","+0040,1","99999,9","2,999",,,,"10031,1,99999,9",,,,"Q01+000000PRSWM2"
"07074334072","1990-02-06T08:00:00","4","49.15","4.533","199.0","SUIPPES RANGE MET, FR","FM-15","LFFS ","V020","140,1,N,0062,1","07500,1,C,N","999999,9,N,9","+0060,1","+0030,1","99999,9","2,999","05,1,+07500,9,99,9",,,,,,"MET008QFE 996?","Q01+000002VOVAR Q02+000000PRSWM2"
"07074334072","1990-02-06T09:00:00","4","49.15","4.533","199.0","SUIPPES RANGE MET, FR","FM-15","LFFS ","V020","140,1,N,0062,1","99999,1,C,Y","009900,1,N,1","+0070,1","+0040,1","99999,9","2,000",,,,,,,"MET012CAVOK QFE 99","Q01+000000PRSWM2"
"07074334072","1990-02-06T10:00:00","4","49.15","4.533","199.0","SUIPPES RANGE MET, FR","FM-15","LFFS ","V020","160,1,N,0051,1","99999,1,C,Y","009900,1,N,1","+0100,1","+0040,1","99999,9","2,999",,,,,,,"MET012CAVOK QFE 99","Q01+000000PRSWM2"
"07074334072","1990-02-06T11:00:00","4","49.15","4.533","199.0","SUIPPES RANGE MET, FR","FM-15","LFFS ","V020","200,1,N,0082,1","99999,1,C,Y","009900,1,N,1","+0110,1","+9999,9","99999,9","2,999",,,,"09959,1,99999,9",,,,"Q01+000000PRSWM2"
"07074334072","1990-02-06T12:00:00","4","49.15","4.533","199.0","SUIPPES RANGE MET, FR","FM-15","LFFS ","V020","220,1,N,0082,1","99999,1,C,Y","009900,1,N,1","+0120,1","+0050,1","99999,9","2,000",,,,,,,"MET012CAVOK QFE 99","Q01+000000PRSWM2"
"07074334072","1990-02-06T13:10:00","4","49.15","4.533","199.0","SUIPPES RANGE MET, FR","FM-15","LFFS ","V020","220,1,N,0051,1","99999,1,C,Y","009900,1,N,1","+0130,1","+0050,1","99999,9","2,999",,,,,,,"MET012CAVOK QFE 99","Q01+000000PRSWM2"
"07074334072","1990-02-06T14:00:00","4","49.15","4.533","199.0","SUIPPES RANGE MET, FR","FM-15","LFFS ","V020","200,1,N,0062,1","99999,1,C,Y","009900,1,N,1","+0150,1","+0060,1","99999,9","2,999",,,,,,,"MET012CAVOK QFE 99","Q01+000000PRSWM2"
"07074334072","1990-02-06T14:50:00","4","49.15","4.533","199.0","SUIPPES RANGE MET, FR","FM-15","LFFS ","V020","200,1,N,0051,1","99999,1,C,Y","009900,1,N,1","+0140,1","+0060,1","99999,9","2,000",,,,,,,"MET012CAVOK QFE 99","Q01+000000PRSWM2"
"07074334072","1990-02-06T15:50:00","4","49.15","4.533","199.0","SUIPPES RANGE MET, FR","FM-15","LFFS ","V020","200,1,N,0051,1","99999,1,C,Y","009900,1,N,1","+0130,1","+0060,1","99999,9","2,999",,,,,,,"MET012CAVOK QFE 99","Q01+000000PRSWM2"
"07074334072","1990-02-07T07:50:00","4","49.15","4.533","199.0","SUIPPES RANGE MET, FR","FM-15","LFFS ","V020","220,1,N,0103,1","99999,1,C,Y","009900,1,N,1","+0070,1","+0040,1","99999,9","2,999",,,,,,,"MET012CAVOK QFE996","Q01+000000PRSWM2"
"07074334072","1990-02-07T08:50:00","4","49.15","4.533","199.0","SUIPPES RANGE MET, FR","FM-15","LFFS ","V020","200,1,N,0082,1","99999,1,C,Y","009900,1,N,1","+0070,1","+0040,1","99999,9","2,000",,,,,,,"MET012CAVOK QFE996","Q01+000000PRSWM2"
"07074334072","1990-02-07T10:00:00","4","49.15","4.533","199.0","SUIPPES RANGE MET, FR","FM-15","LFFS ","V020","220,1,N,0103,1","99999,1,C,Y","009900,1,N,1","+0080,1","+0040,1","99999,9","2,999",,,,,,,"MET012CAVOK QFE995","Q01+000000PRSWM2"
"07074334072","1990-02-07T10:50:00","4","49.15","4.533","199.0","SUIPPES RANGE MET, FR","FM-15","LFFS ","V020","200,1,N,0103,1","99999,1,C,Y","009900,1,N,1","+0110,1","+0040,1","99999,9","2,999",,,,,,,"MET012CAVOK QFE995","Q01+000000PRSWM2"
"07074334072","1990-02-07T12:00:00","4","49.15","4.533","199.0","SUIPPES RANGE MET, FR","FM-15","LFFS ","V020","240,1,N,0103,1","99999,1,C,Y","009900,1,N,1","+0110,1","+0040,1","99999,9","2,000",,,,,,"0154,1","MET012CAVOK QFE995","Q01+000000PRSWM2"
"07074334072","1990-02-07T13:00:00","4","49.15","4.533","199.0","SUIPPES RANGE MET, FR","FM-15","LFFS ","V020","220,1,N,0103,1","99999,1,C,Y","009900,1,N,1","+0110,1","+0050,1","99999,9","2,999",,,,,,"0154,1","MET012CAVOK QFE995","Q01+000000PRSWM2"
"07074334072","1990-02-07T14:50:00","4","49.15","4.533","199.0","SUIPPES RANGE MET, FR","FM-15","LFFS ","V020","240,1,N,0103,1","99999,1,C,Y","009900,1,N,1","+0120,1","+0060,1","99999,9","2,000",,,,,,,"MET012CAVOK QFE994","Q01+000000PRSWM2"
"07074334072","1990-02-07T16:09:00","4","49.15","4.533","199.0","SUIPPES RANGE MET, FR","FM-15","LFFS ","V020","220,1,N,0093,1","99999,1,C,Y","009900,1,N,1","+0120,1","+0070,1","99999,9","2,999",,,,,,,"MET012CAVOK QFE994","Q01+000000PRSWM2"
"07074334072","1990-02-08T08:00:00","4","49.15","4.533","199.0","SUIPPES RANGE MET, FR","FM-15","LFFS ","V020","260,1,N,0103,1","01500,1,C,N","011200,1,N,1","+0120,1","+0090,1","99999,9","2,999","04,1,+00480,9,08,9","05,1,+01500,9,05,9",,,"25,1",,"MET012QFE994     ?",
"07074334072","1990-02-08T08:50:00","4","49.15","4.533","199.0","SUIPPES RANGE MET, FR","FM-15","LFFS ","V020","280,1,N,0154,1","01500,1,C,N","011200,1,N,1","+0120,1","+0050,1","99999,9","2,000","04,1,+00480,9,08,9","06,1,+01500,9,05,9",,,,"0227,1","MET007QFE995?","Q01+000000PRSWM2"
"07074334072","1990-02-08T10:00:00","4","49.15","4.533","199.0","SUIPPES RANGE MET, FR","FM-15","LFFS ","V020","300,1,N,0144,1","22000,1,C,N","011200,1,N,1","+0120,1","+0020,1","99999,9","2,999","02,1,+00900,9,08,9","03,1,+07500,9,00,9",,,,"0206,1","MET007QFE998?","Q01+000000PRSWM2"
"07074334072","1990-02-08T12:00:00","4","49.15","4.533","199.0","SUIPPES RANGE MET, FR","FM-15","LFFS ","V020","300,1,N,0103,1","01080,1,C,N","011200,1,N,1","+0110,1","+0020,1","99999,9","2,000","05,1,+01080,9,08,9",,,,,,"MET008QFE1001?","Q01+000000PRSWM2"
"07074334072","1990-02-08T14:00:00","4","49.15","4.533","199.0","SUIPPES RANGE MET, FR","FM-15","LFFS ","V020","300,1,N,0103,1","22000,1,C,N","011200,1,N,1","+0110,1","+0010,1","99999,9","2,999","04,1,+01290,9,08,9",,,,,,"MET008QFE1002?","Q01+000000PRSWM2"
"07074334072","1990-02-08T15:10:00","4","49.15","4.533","199.0","SUIPPES RANGE MET, FR","FM-15","LFFS ","V020","320,1,N,0093,1","22000,1,C,N","011200,1,N,1","+0110,1","+0020,1","99999,9","2,000","01,1,+00900,9,09,9","03,1,+01290,9,08,9",,,,,"MET008QFE1003?","Q01+000000PRSWM2"
"07074334072","1990-02-09T07:50:00","4","49.15","4.533","199.0","SUIPPES RANGE MET, FR","FM-15","LFFS ","V020","180,1,N,0010,1","22000,1,C,N","001200,1,N,1","+0010,1","+0000,1","99999,9","2,999","01,1,+02700,9,03,9",,,"10108,1,99999,9","10,1",,,
"07074334072","1990-02-09T08:50:00","4","49.15","4.533","199.0","SUIPPES RANGE MET, FR","FM-15","LFFS ","V020","240,1,N,0021,1","22000,1,C,N","003000,1,N,1","+0020,1","+0010,1","99999,9","2,000","01,1,+00150,9,07,9",,,"10108,1,99999,9","10,1",,,
"07074334072","1990-02-09T11:00:00","4","49.15","4.533","199.0","SUIPPES RANGE MET, FR","FM-15","LFFS ","V020","240,1,N,0031,1","22000,1,C,N","005000,1,N,1","+0060,1","+0020,1","99999,9","2,999","01,1,+00450,9,08,9",,,"10119,1,99999,9",,,,"Q01+000000PRSWM2"
"07074334072","1990-02-09T12:00:00","4","49.15","4.533","199.0","SUIPPES RANGE MET, FR","FM-15","LFFS ","V020","240,1,N,0031,1","22000,1,C,N","011200,1,N,1","+0080,1","+0040,1","99999,9","2,000","02,1,+00480,9,08,9",,,"10108,1,99999,9",,,,"Q01+000000PRSWM2"
"07074334072","1990-02-09T12:50:00","4","49.15","4.533","199.0","SUIPPES RANGE MET, FR","FM-15","LFFS ","V020","280,1,N,0031,1","00600,1,C,N","011200,1,N,1","+0080,1","+0020,1","99999,9","2,999","05,1,+00600,9,08,9",,,"10108,1,99999,9",,,,"Q01+000000PRSWM2"
"07074334072","1990-02-09T13:50:00","4","49.15","4.533","199.0","SUIPPES RANGE MET, FR","FM-15","LFFS ","V020","360,1,N,0010,1","00750,1,C,N","011200,1,N,1","+0080,1","+0030,1","99999,9","2,999","06,1,+00750,9,08,9",,,"10091,1,99999,9",,,,"Q01+000000PRSWM2"
"07074334072","1990-02-12T06:07:00","4","49.15","4.533","199.0","SUIPPES RANGE MET, FR","FM-15","LFFS ","V020","280,1,N,0082,1","07500,1,C,N","011200,1,N,1","+0040,1","-0010,1","99999,9","2,000","04,1,+00480,9,08,9","03,1,+07500,9,00,9",,,,,"MET008QFE 992?","Q01+000000PRSWM2"
"07074334072","1990-02-12T06:20:00","4","49.15","4.533","199.0","SUIPPES RANGE MET, FR","FM-15","LFFS ","V020","280,1,N,0082,1","07500,1,C,N","011200,1,N,1","+0040,1","-0010,1","99999,9","2,000","04,1,+00480,9,08,9","03,1,+07500,9,00,9",,,,,"MET008QFE 992?","Q01+000000PRSWM2"
"07074334072","1990-02-12T08:50:00","4","49.15","4.533","199.0","SUIPPES RANGE MET, FR","FM-15","LFFS ","V020","999,9,9,9999,9","00480,1,C,N","011200,1,N,1","+0040,1","-0010,1","99999,9","2,000","05,1,+00480,9,08,9","03,1,+07500,9,00,9",,,,,"MET008QFE 991?","Q01+000000PRSWM2"
"07074334072","1990-02-12T09:50:00","4","49.15","4.533","199.0","SUIPPES RANGE MET, FR","FM-15","LFFS ","V020","280,1,N,0072,1","00480,1,C,N","011200,1,N,1","+0040,1","+0000,1","99999,9","2,999","05,1,+00480,9,08,9","03,1,+07500,9,00,9",,,,"0124,1","MET008QFE 973?","Q01+000000PRSWM2"
"07074334072","1990-02-12T10:00:00","4","49.15","4.533","199.0","SUIPPES RANGE MET, FR","FM-15","LFFS ","V020","280,1,N,0072,1","00480,1,C,N","011200,1,N,1","+0040,1","+0000,1","99999,9","2,999","05,1,+00480,9,08,9","03,1,+07500,9,00,9",,,,"0124,1","MET008QFE 973?","Q01+000000PRSWM2"
"07074334072","1990-02-12T11:00:00","4","49.15","4.533","199.0","SUIPPES RANGE MET, FR","FM-15","LFFS ","V020","240,1,N,0072,1","00480,1,C,N","011200,1,N,1","+0050,1","+0000,1","99999,9","2,999","07,1,+00480,9,08,9",,,,,"0124,1","MET008QFE 973?","Q01+000000PRSWM2"
"07074334072","1990-02-12T12:00:00","4","49.15","4.533","199.0","SUIPPES RANGE MET, FR","FM-15","LFFS ","V020","220,1,N,0062,1","00540,1,C,N","011200,1,N,1","+0060,1","+0000,1","99999,9","2,000","05,1,+00540,9,08,9","03,1,+00600,9,00,9",,,,"0113,1","MET008QFE 973?","Q01+000000PRSWM2"
"07074334072","1990-02-12T15:00:00","4","49.15","4.533","199.0","SUIPPES RANGE MET, FR","FM-15","LFFS ","V020","260,1,N,0051,1","00480,1,C,N","011200,1,N,1","+0060,1","+0010,1","99999,9","2,000","05,1,+00480,9,08,9","03,1,+07500,9,00,9",,,,,"MET008QFE 972?","Q01+000000PRSWM2"
"07074334072","1990-02-12T16:20:00","4","49.15","4.533","199.0","SUIPPES RANGE MET, FR","FM-15","LFFS ","V020","240,1,N,0072,1","22000,1,C,N","011200,1,N,1","+0050,1","+0010,1","99999,9","2,999","01,1,+00390,9,09,9","03,1,+07500,9,00,9",,,,,"MET008QFE 973?","Q01+000000PRSWM2"
"07074334072","1990-02-13T07:50:00","4","49.15","4.533","199.0","SUIPPES RANGE MET, FR","FM-15","LFFS ","V020","240,1,N,0041,1","07800,1,C,N","008000,1,N,1","+0030,1","+0010,1","99999,9","2,999","02,1,+00480,9,08,9","03,1,+03000,9,03,9","08,1,+07800,9,02,9",,,,"MET008QFE 981?","Q01+000000PRSWM2"
"07074334072","1990-02-13T08:50:00","4","49.15","4.533","199.0","SUIPPES RANGE MET, FR","FM-15","LFFS ","V020","220,1,N,0041,1","07800,1,C,N","011200,1,N,1","+0040,1","+0020,1","99999,9","2,000","01,1,+00900,9,05,9","08,1,+07800,9,02,9",,,,,"MET008QFE 980?","Q01+000000PRSWM2"
"07074334072","1990-02-13T10:50:00","4","49.15","4.533","199.0","SUIPPES RANGE MET, FR","FM-15","LFFS ","V020","220,1,N,0051,1","03000,1,C,N","008000,1,N,1","+0050,1","+0030,1","99999,9","2,999","04,1,+00240,9,08,9","08,1,+03000,9,04,9",,,"25,1",,"MET008QFE 980?",
"07074334072","1990-02-13T11:50:00","4","49.15","4.533","199.0","SUIPPES RANGE MET, FR","FM-15","LFFS ","V020","220,1,N,0062,1","00030,1,C,N","011200,1,N,1","+9999,9","+9999,9","99999,9","2,007","05,1,+00030,9,08,9",,,,"61,1",,,
"07074334072","1990-02-13T13:16:00","4","49.15","4.533","199.0","SUIPPES RANGE MET, FR","FM-15","LFFS ","V020","220,1,N,0051,1","00300,1,C,N","011200,1,N,1","+0050,1","+0010,1","99999,9","2,999","05,1,+00300,9,08,9","08,1,+03000,9,04,9",,,"61,1",,"MET008QFE 979?",
"07074334072","1990-02-13T14:18:00","4","49.15","4.533","199.0","SUIPPES RANGE MET, FR","FM-15","LFFS ","V020","200,1,N,0051,1","00240,1,C,N","004000,1,N,1","+0050,1","+0030,1","99999,9","2,999","07,1,+00240,9,07,9",,,,"58,1",,"MET008QFE 978?",
"07074334072","1990-02-14T06:50:00","4","49.15","4.533","199.0","SUIPPES RANGE MET, FR","FM-15","LFFS ","V020","240,1,N,0062,1","99999,1,C,Y","009900,1,N,1","+0070,1","+0030,1","99999,9","2,999",,,,,,,"MET012CAVOK QFE979","Q01+000000PRSWM2"
"07074334072","1990-02-14T09:00:00","4","49.15","4.533","199.0","SUIPPES RANGE MET, FR","FM-15","LFFS ","V020","280,1,N,0072,1","00600,1,C,N","011200,1,N,1","+0070,1","+0000,1","99999,9","2,002","05,1,+00600,9,05,9","07,1,+03000,9,04,9",,,"60,1",,"MET009QQFE9779?",
"07074334072","1990-02-14T12:00:00","4","49.15","4.533","199.0","SUIPPES RANGE MET, FR","FM-15","LFFS ","V020","300,1,N,0041,1","00450,1,C,N","005000,1,N,1","+0050,1","+0040,1","99999,9","2,007","01,1,+00270,9,07,9","05,1,+00450,9,05,9","08,1,+02700,9,04,9",,"61,1",,"MET007QFE979?",
"07074334072","1990-02-14T12:25:00","4","49.15","4.533","199.0","SUIPPES RANGE MET, FR","FM-16","LFFS ","V020","300,1,N,0041,1","00180,1,C,N","005000,1,N,1","+9999,9","+9999,9","99999,9","2,007","05,1,+00180,9,07,9","08,1,+02700,9,04,9",,,"61,1",,,
"07074334072","1990-02-14T13:00:00","4","49.15","4.533","199.0","SUIPPES RANGE MET, FR","FM-15","LFFS ","V020","340,1,N,0021,1","00150,1,C,N","006000,1,N,1","+0050,1","+0040,1","99999,9","2,999","05,1,+00150,9,07,9","08,1,+02700,9,99,9",,,"61,1",,"MET007QFE978?",
"07074334072","1990-02-14T14:00:00","4","49.15","4.533","199.0","SUIPPES RANGE MET, FR","FM-15","LFFS ","V020","360,1,N,0010,1","00180,1,C,N","006000,1,N,1","+0050,1","+0040,1","99999,9","2,999","05,1,+00180,9,07,9","08,1,+02700,9,04,9",,,"61,1",,"MET007QFE978?",
"07074334072","1990-02-14T14:50:00","4","49.15","4.533","199.0","SUIPPES RANGE MET, FR","FM-15","LFFS ","V020","999,1,C,0000,1","00150,1,C,N","005000,1,N,1","+0050,1","+0040,1","99999,9","2,007","05,1,+00150,9,07,9","08,1,+02700,9,04,9",,,"61,1",,"MET007QFE977?",
"07074334072","1990-02-14T15:50:00","4","49.15","4.533","199.0","SUIPPES RANGE MET, FR","FM-15","LFFS ","V020","120,1,N,0031,1","00150,1,C,N","004000,1,N,1","+0050,1","+0050,1","99999,9","2,999","07,1,+00150,9,07,9",,,,"61,1",,"MET007QFE977?",
"07074334072","1990-02-15T07:50:00","4","49.15","4.533","199.0","SUIPPES RANGE MET, FR","FM-15","LFFS ","V020","300,1,N,0103,1","01500,1,C,N","011200,1,N,1","+0080,1","+0030,1","99999,9","2,999","03,1,+00480,9,08,9","03,1,+01500,9,05,9",,,,"0154,1","MET008QFE 975?","Q01+000000PRSWM2"
"07074334072","1990-02-15T09:00:00","4","49.15","4.533","199.0","SUIPPES RANGE MET, FR","FM-15","LFFS ","V020","300,1,N,0103,1","00480,1,C,N","011200,1,N,1","+0070,1","+0030,1","99999,9","2,000","06,1,+00480,9,08,9","03,1,+01500,9,05,9",,,,"0154,1","MET008QFE 977?","Q01+000000PRSWM2"
"07074334072","1990-02-15T09:50:00","4","49.15","4.533","199.0","SUIPPES RANGE MET, FR","FM-15","LFFS ","V020","300,1,N,0072,1","00480,1,C,N","011200,1,N,1","+0060,1","+0030,1","99999,9","2,999","06,1,+00480,9,08,9","03,1,+01500,9,05,9",,,"25,1","0124,1","MET008QFE 979?",
"07074334072","1990-02-15T11:20:00","4","49.15","4.533","199.0","SUIPPES RANGE MET, FR","FM-15","LFFS ","V020","300,1,N,0062,1","00900,1,C,N","011200,1,N,1","+0060,1","+0010,1","99999,9","2,999","02,1,+00480,9,08,9","03,1,+00900,9,05,9",,,,"0113,1","MET008QFE 981?","Q01+000000PRSWM2"
"07074334072","1990-02-15T13:00:00","4","49.15","4.533","199.0","SUIPPES RANGE MET, FR","FM-15","LFFS ","V020","280,1,N,0062,1","00600,1,C,N","011200,1,N,1","+0070,1","-0020,1","99999,9","2,999","05,1,+00600,9,08,9",,,,,"0113,1","MET007QFE985?","Q01+000000PRSWM2"
"07074334072","1990-02-15T14:13:00","4","49.15","4.533","199.0","SUIPPES RANGE MET, FR","FM-15","LFFS ","V020","280,1,N,0082,1","22000,1,C,N","011200,1,N,1","+0080,1","-0040,1","99999,9","2,999","04,1,+00600,9,08,9",,,,,"0134,1","MET008QFE 985?","Q01+000000PRSWM2"
"07074334072","1990-02-15T15:00:00","4","49.15","4.533","199.0","SUIPPES RANGE MET, FR","FM-15","LFFS ","V020","320,1,N,0103,1","22000,1,C,N","011200,1,N,1","+0080,1","-0020,1","99999,9","2,000","03,1,+00690,9,08,9",,,,,"0154,1","MET008QFE 987?","Q01+000000PRSWM2"
"07074334072","1990-02-15T16:00:00","4","49.15","4.533","199.0","SUIPPES RANGE MET, FR","FM-15","LFFS ","V020","300,1,N,0103,1","22000,1,C,N","011200,1,N,1","+0070,1","-0030,1","99999,9","2,999","02,1,+00750,9,08,9",,,,,"0154,1","MET008QFE 988?","Q01+000000PRSWM2"
"07074334072","1990-02-16T07:50:00","4","49.15","4.533","199.0","SUIPPES RANGE MET, FR","FM-15","LFFS ","V020","200,1,N,0031,1","00180,1,C,N","004000,1,N,1","+0020,1","+0010,1","99999,9","2,999","05,1,+00180,9,07,9","08,1,+03000,9,04,9",,,"61,1",,"MET008QFE 990?",
"07074334072","1990-02-16T09:00:00","4","49.15","4.533","199.0","SUIPPES RANGE MET, FR","FM-15","LFFS ","V020","220,1,N,0031,1","03000,1,C,N","007000,1,N,1","+0030,1","+0010,1","99999,9","2,003","04,1,+00270,9,08,9","08,1,+03000,9,04,9",,,"21,1",,"MET008QFE 990?",
"07074334072","1990-02-16T10:00:00","4","49.15","4.533","199.0","SUIPPES RANGE MET, FR","FM-15","LFFS ","V020","220,1,N,0041,1","00450,1,C,N","011200,1,N,1","+0030,1","+0010,1","99999,9","2,999","06,1,+00450,9,08,9","07,1,+03000,9,03,9",,,,,"MET008QFE 990?","Q01+000000PRSWM2"
"07074334072","1990-02-16T12:50:00","4","49.15","4.533","199.0","SUIPPES RANGE MET, FR","FM-15","LFFS ","V020","280,1,N,0021,1","22000,1,C,N","011200,1,N,1","+0060,1","+0000,1","99999,9","2,999","04,1,+00480,9,08,9",,,,,,"MET008QFE 990?","Q01+000000PRSWM2"
"07074334072","1990-02-19T09:00:00","4","49.15","4.533","199.0","SUIPPES RANGE MET, FR","FM-15","LFFS ","V020","220,1,N,0041,1","01500,1,C,N","007000,1,N,1","+0100,1","+9999,9","99999,9","2,000","06,1,+01500,9,05,9",,,,,,"MET007QFE997?","Q01+000000PRSWM2"
"07074334072","1990-02-19T10:00:00","4","49.15","4.533","199.0","SUIPPES RANGE MET, FR","FM-15","LFFS ","V020","220,1,N,0051,1","01500,1,C,N","008000,1,N,1","+9999,9","+9999,9","99999,9","2,999","07,1,+01500,9,05,9",,,,,,"MET01211///QFE998?","Q01+000000PRSWM2"
"07074334072","1990-02-19T10:50:00","4","49.15","4.533","199.0","SUIPPES RANGE MET, FR","FM-15","LFFS ","V020","200,1,N,0062,1","99999,1,C,Y","009900,1,N,1","+0110,1","+0080,1","99999,9","2,999",,,,,,,"MET013CAVOK QFE997?","Q01+000000PRSWM2"
"07074334072","1990-02-19T11:50:00","4","49.15","4.533","199.0","SUIPPES RANGE MET, FR","FM-15","LFFS ","V020","220,1,N,0093,1","00600,1,C,N","011200,1,N,1","+0130,1","+0080,1","99999,9","2,000","05,1,+00600,9,08,9","05,1,+01500,9,05,9",,,,,"MET007QFE998?","Q01+000000PRSWM2"
"07074334072","1990-02-19T12:50:00","4","49.15","4.533","199.0","SUIPPES RANGE MET, FR","FM-15","LFFS ","V020","220,1,N,0072,1","00480,1,C,N","011200,1,N,1","+0130,1","+0090,1","99999,9","2,999","05,1,+00480,9,08,9","05,1,+01500,9,05,9",,,,,"MET007QFE998?","Q01+000000PRSWM2"
"07074334072","1990-02-19T14:09:00","4","49.15","4.533","199.0","SUIPPES RANGE MET, FR","FM-15","LFFS ","V020","200,1,N,0072,1","22000,1,C,N","011200,1,N,1","+0140,1","+0100,1","99999,9","2,999","01,1,+00750,9,08,9","03,1,+01500,9,05,9",,,,,"MET007QFE998?","Q01+000000PRSWM2"
"07074334072","1990-02-19T15:00:00","4","49.15","4.533","199.0","SUIPPES RANGE MET, FR","FM-15","LFFS ","V020","200,1,N,0031,1","22000,1,C,N","011200,1,N,1","+0140,1","+0090,1","99999,9","2,000","01,1,+00750,9,08,9","03,1,+03000,9,03,9",,,,,"MET007QFE998?","Q01+000000PRSWM2"
"07074334072","1990-02-19T15:50:00","4","49.15","4.533","199.0","SUIPPES RANGE MET, FR","FM-15","LFFS ","V020","200,1,N,0051,1","01500,1,C,N","011200,1,N,1","+0140,1","+0100,1","99999,9","2,999","02,1,+00780,9,08,9","04,1,+01500,9,05,9",,,,,"MET007QFE998?","Q01+000000PRSWM2"
"07074334072","1990-02-20T08:00:00","4","49.15","4.533","199.0","SUIPPES RANGE MET, FR","FM-15","LFFS ","V020","180,1,N,0021,1","22000,1,C,N","008000,1,N,1","+0090,1","+0070,1","99999,9","2,999",,,,"10051,1,99999,9",,,,"Q01+000000PRSWM2"
"07074334072","1990-02-20T10:00:00","4","49.15","4.533","199.0","SUIPPES RANGE MET, FR","FM-15","LFFS ","V020","180,1,N,0031,1","99999,1,C,Y","009900,1,N,1","+0120,1","+0090,1","99999,9","2,999",,,,"10061,1,99999,9",,,"MET005CAVOK","Q01+000000PRSWM2"
"07074334072","1990-02-20T11:00:00","4","49.15","4.533","199.0","SUIPPES RANGE MET, FR","FM-15","LFFS ","V020","200,1,N,0041,1","99999,1,C,Y","009900,1,N,1","+0130,1","+0090,1","99999,9","2,999",,,,"10061,1,99999,9",,,"MET005CAVOK","Q01+000000PRSWM2"
"07074334072","1990-02-20T12:00:00","4","49.15","4.533","199.0","SUIPPES RANGE MET, FR","FM-15","LFFS ","V020","200,1,N,0031,1","99999,1,C,Y","009900,1,N,1","+0150,1","+0090,1","99999,9","2,000",,,,"10051,1,99999,9",,,"MET005CAVOK","Q01+000000PRSWM2"
"07074334072","1990-02-20T12:50:00","4","49.15","4.533","199.0","SUIPPES RANGE MET, FR","FM-15","LFFS ","V020","180,1,N,0031,1","99999,1,C,Y","009900,1,N,1","+0160,1","+9999,9","99999,9","2,999",,,,"10051,1,99999,9",,,"MET005CAVOK","Q01+000000PRSWM2"
"07074334072","1990-02-20T14:00:00","4","49.15","4.533","199.0","SUIPPES RANGE MET, FR","FM-15","LFFS ","V020","160,1,N,0031,1","99999,1,C,Y","009900,1,N,1","+0180,1","+0030,1","99999,9","2,999",,,,"10051,1,99999,9",,,"MET005CAVOK","Q01+000000PRSWM2"
"07074334072","1990-02-20T14:50:00","4","49.15","4.533","199.0","SUIPPES RANGE MET, FR","FM-15","LFFS ","V020","100,1,N,0031,1","99999,1,C,Y","009900,1,N,1","+0190,1","+0110,2","99999,9","2,000",,,,"10051,1,99999,9",,,"MET005CAVOK","Q01+028423ATOD  Q02+000000PRSWM2"
"07074334072","1990-03-05T10:00:00","4","49.15","4.533","199.0","SUIPPES RANGE MET, FR","FM-15","LFFS ","V020","220,1,N,0031,1","22000,1,C,N","005000,1,N,1","+0060,1","+0010,1","99999,9","2,999","01,1,+00150,9,07,9",,,"10159,1,99999,9",,,,"Q01+000000PRSWM2"
"07074334072","1990-03-05T10:50:00","4","49.15","4.533","199.0","SUIPPES RANGE MET, FR","FM-15","LFFS ","V020","180,1,N,0041,1","22000,1,C,N","008000,1,N,1","+0090,1","+0000,1","99999,9","2,999","04,1,+00600,9,08,9",,,"10129,1,99999,9",,,,"Q01+000000PRSWM2"
"07074334072","1990-03-05T11:00:00","4","49.15","4.533","199.0","SUIPPES RANGE MET, FR","FM-15","LFFS ","V020","180,1,N,0031,1","22000,1,C,N","006000,1,N,1","+0070,1","+0010,1","99999,9","2,999","01,1,+00750,9,08,9",,,"10149,1,99999,9",,,,"Q01+000000PRSWM2"
"07074334072","1990-03-05T12:00:00","4","49.15","4.533","199.0","SUIPPES RANGE MET, FR","FM-15","LFFS ","V020","220,1,N,0031,1","22000,1,C,N","008000,1,N,1","+0080,1","+0000,1","99999,9","2,000","03,1,+00900,9,08,9",,,"10139,1,99999,9",,,,"Q01+000000PRSWM2"
"07074334072","1990-03-05T14:30:00","4","49.15","4.533","199.0","SUIPPES RANGE MET, FR","FM-15","LFFS ","V020","200,1,N,0051,1","22000,1,C,N","011200,1,N,1","+0090,1","+0010,1","99999,9","2,000","04,1,+00750,9,08,9",,,"10119,1,99999,9",,,,"Q01+000000PRSWM2"
"07074334072","1990-03-05T15:00:00","4","49.15","4.533","199.0","SUIPPES RANGE MET, FR","FM-15","LFFS ","V020","200,1,N,0051,1","22000,1,C,N","011200,1,N,1","+0090,1","+0010,1","99999,9","2,000","01,1,+00900,9,08,9",,,"10108,1,99999,9",,,,"Q01+000000PRSWM2"
"07074334072","1990-03-05T16:00:00","4","49.15","4.533","199.0","SUIPPES RANGE MET, FR","FM-15","LFFS ","V020","200,1,N,0051,1","99999,1,C,Y","009900,1,N,1","+0100,1","+0010,1","99999,9","2,999",,,,"10102,1,99999,9",,,"MET005CAVOK","Q01+000000PRSWM2"
"07074334072","1990-03-06T08:00:00","4","49.15","4.533","199.0","SUIPPES RANGE MET, FR","FM-15","LFFS ","V020","999,1,C,0000,1","00750,1,C,N","002500,1,N,1","+0030,1","+0000,1","99999,9","2,999","02,1,+00300,9,07,9","07,1,+00750,9,05,9",,"10091,1,99999,9","10,1",,,
"07074334072","1990-03-06T08:50:00","4","49.15","4.533","199.0","SUIPPES RANGE MET, FR","FM-15","LFFS ","V020","180,1,N,0031,1","00450,1,C,N","002500,1,N,1","+0040,1","+0010,1","99999,9","2,000","02,1,+00300,9,07,9","07,1,+00450,9,05,9",,"10071,1,99999,9","10,1",,,
"07074334072","1990-03-06T09:50:00","4","49.15","4.533","199.0","SUIPPES RANGE MET, FR","FM-15","LFFS ","V020","180,1,N,0031,1","00600,1,C,N","004000,1,N,1","+0060,1","+0010,1","99999,9","2,999","02,1,+00300,9,07,9","07,1,+00600,9,05,9",,"10061,1,99999,9","10,1",,,
"07074334072","1990-03-06T11:00:00","4","49.15","4.533","199.0","SUIPPES RANGE MET, FR","FM-15","LFFS ","V020","220,1,N,0051,1","00600,1,C,N","004000,1,N,1","+0060,1","+0020,1","99999,9","2,999","02,1,+00300,9,07,9","07,1,+00600,9,05,9",,"10071,1,99999,9","10,1",,,
"07074334072","1990-03-06T11:50:00","4","49.15","4.533","199.0","SUIPPES RANGE MET, FR","FM-15","LFFS ","V020","220,1,N,0051,1","00600,1,C,N","006000,1,N,1","+0070,1","+0030,1","99999,9","2,000","03,1,+00300,9,07,9","07,1,+00600,9,05,9",,"10061,1,99999,9",,,,"Q01+000000PRSWM2"
"07074334072","1990-03-06T13:00:00","4","49.15","4.533","199.0","SUIPPES RANGE MET, FR","FM-15","LFFS ","V020","220,1,N,0072,1","00600,1,C,N","005000,1,N,1","+0070,1","+0030,1","99999,9","2,999","04,1,+00300,9,07,9","07,1,+00600,9,05,9",,"10051,1,99999,9",,,,"Q01+000000PRSWM2"
"07074334072","1990-03-06T13:50:00","4","49.15","4.533","199.0","SUIPPES RANGE MET, FR","FM-15","LFFS ","V020","220,1,N,0082,1","00600,1,C,N","006000,1,N,1","+0070,1","+0060,1","99999,9","2,999","04,1,+00360,9,07,9","07,1,+00600,9,05,9",,"10041,1,99999,9",,,,"Q01+000000PRSWM2"
"07074334072","1990-03-06T14:50:00","4","49.15","4.533","199.0","SUIPPES RANGE MET, FR","FM-15","LFFS ","V020","220,1,N,0062,1","00600,1,C,N","007000,1,N,1","+0080,1","+0060,1","99999,9","2,000","03,1,+00360,9,07,9","07,1,+00600,9,05,9",,"10041,1,99999,9",,,,"Q01+000000PRSWM2"
"07074334072","1990-03-06T16:00:00","4","49.15","4.533","199.0","SUIPPES RANGE MET, FR","FM-15","LFFS ","V020","240,1,N,0041,1","00600,1,C,N","006000,1,N,1","+0080,1","+0040,1","99999,9","2,999","03,1,+00450,9,07,9","07,1,+00600,9,05,9",,"10041,1,99999,9",,,,"Q01+000000PRSWM2"
"07074334072","1990-03-07T08:30:00","4","49.15","4.533","199.0","SUIPPES RANGE MET, FR","FM-15","LFFS ","V020","180,1,N,0010,1","00600,1,C,N","005000,1,N,1","+0070,1","+0060,1","99999,9","2,000","02,1,+00360,9,07,9","07,1,+00600,9,05,9",,"10051,1,99999,9",,,,"Q01+000000PRSWM2"
"07074334072","1990-03-07T09:00:00","4","49.15","4.533","199.0","SUIPPES RANGE MET, FR","FM-15","LFFS ","V020","200,1,N,0021,1","00990,1,C,N","006000,1,N,1","+0080,1","+0070,1","99999,9","2,000","01,1,+00360,9,07,9","08,1,+00990,9,05,9",,"10051,1,99999,9",,,,"Q01+000000PRSWM2"
"07074334072","1990-03-07T10:00:00","4","49.15","4.533","199.0","SUIPPES RANGE MET, FR","FM-15","LFFS ","V020","160,1,N,0010,1","00990,1,C,N","005000,1,N,1","+0080,1","+0060,1","99999,9","2,999","08,1,+00990,9,05,9",,,"10051,1,99999,9",,,,"Q01+000000PRSWM2"
"07074334072","1990-03-07T10:50:00","4","49.15","4.533","199.0","SUIPPES RANGE MET, FR","FM-15","LFFS ","V020","180,1,N,0010,1","00990,1,C,N","006000,1,N,1","+0090,1","+0060,1","99999,9","2,999","02,1,+00360,9,07,9","01,1,+00360,9,08,9","07,1,+00990,9,05,9","10051,1,99999,9",,,,"Q01+000000PRSWM2"
"07074334072","1990-03-07T11:30:00","4","49.15","4.533","199.0","SUIPPES RANGE MET, FR","FM-15","LFFS ","V020","200,1,N,0031,1","01080,1,C,N","006000,1,N,1","+0100,1","+0060,1","99999,9","2,000","02,1,+00600,9,08,9","07,1,+01080,9,05,9",,,,,"MET008QFE1005?","Q01+000000PRSWM2"
"07074334072","1990-03-07T12:30:00","4","49.15","4.533","199.0","SUIPPES RANGE MET, FR","FM-15","LFFS ","V020","190,1,N,0031,1","01080,1,C,N","007000,1,N,1","+0100,1","+0060,1","99999,9","2,999","02,1,+00750,9,08,9","07,1,+01080,9,05,9",,"10051,1,99999,9",,,,"Q01+000000PRSWM2"
"07074334072","1990-03-07T13:50:00","4","49.15","4.533","199.0","SUIPPES RANGE MET, FR","FM-15","LFFS ","V020","190,1,N,0031,1","01200,1,C,N","007000,1,N,1","+0110,1","+0050,1","99999,9","2,999","01,1,+00780,9,08,9","08,1,+01200,9,05,9",,"10041,1,99999,9",,,,"Q01+000000PRSWM2"
"07074334072","1990-03-07T14:50:00","4","49.15","4.533","199.0","SUIPPES RANGE MET, FR","FM-15","LFFS ","V020","180,1,N,0021,1","01200,1,C,N","008000,1,N,1","+0110,1","+0040,1","99999,9","2,000","01,1,+00900,9,08,9","08,1,+01200,9,05,9",,"10041,1,99999,9",,,,"Q01+000000PRSWM2"
"07074334072","1990-03-07T15:50:00","4","49.15","4.533","199.0","SUIPPES RANGE MET, FR","FM-15","LFFS ","V020","160,1,N,0021,1","01200,1,C,N","007000,1,N,1","+0110,1","+0050,1","99999,9","2,999","07,1,+01200,9,05,9",,,"10031,1,99999,9",,,,"Q01+000000PRSWM2"
"07074334072","1990-03-12T08:00:00","4","49.15","4.533","199.0","SUIPPES RANGE MET, FR","FM-15","LFFS ","V020","280,1,N,0031,1","00150,1,C,N","000200,1,N,1","+0080,1","+0080,1","99999,9","2,999","06,1,+00150,9,07,9","07,1,+03000,9,03,9",,"10051,1,99999,9","46,1",,,
"07074334072","1990-03-12T08:50:00","4","49.15","4.533","199.0","SUIPPES RANGE MET, FR","FM-15","LFFS ","V020","300,1,N,0041,1","00150,1,C,N","000600,1,N,1","+0080,1","+0080,1","99999,9","2,000","07,1,+00150,9,07,9",,,"10051,1,99999,9","42,1",,,
"07074334072","1990-03-12T09:50:00","4","49.15","4.533","199.0","SUIPPES RANGE MET, FR","FM-15","LFFS ","V020","320,1,N,0041,1","00240,1,C,N","002500,1,N,1","+0090,1","+0080,1","99999,9","2,999","06,1,+00240,9,07,9",,,"10061,1,99999,9","10,1",,,
"07074334072","1990-03-12T10:45:00","4","49.15","4.533","199.0","SUIPPES RANGE MET, FR","FM-15","LFFS ","V020","300,1,N,0031,1","07500,1,C,N","003000,1,N,1","+9999,9","+9999,9","99999,9","2,999","03,1,+00360,9,08,9","05,1,+07500,9,00,9",,,"10,1",,"MET003B3?",
"07074334072","1990-03-12T10:50:00","4","49.15","4.533","199.0","SUIPPES RANGE MET, FR","FM-15","LFFS ","V020","300,1,N,0041,1","07500,1,C,N","003000,1,N,1","+0110,1","+0090,1","99999,9","2,999","03,1,+00360,9,08,9","05,1,+07500,9,00,9",,"10061,1,99999,9","10,1",,,
"07074334072","1990-03-12T13:00:00","4","49.15","4.533","199.0","SUIPPES RANGE MET, FR","FM-15","LFFS ","V020","300,1,N,0041,1","22000,1,C,N","004000,1,N,1","+0110,1","+0090,1","99999,9","2,999","03,1,+00390,9,08,9",,,"10061,1,99999,9","10,1",,,
"07074334072","1990-03-12T13:50:00","4","49.15","4.533","199.0","SUIPPES RANGE MET, FR","FM-15","LFFS ","V020","300,1,N,0041,1","22000,1,C,N","004500,1,N,1","+0130,1","+0100,1","99999,9","2,999","01,1,+00390,9,08,9",,,"10061,1,99999,9","10,1",,,
"07074334072","1990-03-12T14:30:00","4","49.15","4.533","199.0","SUIPPES RANGE MET, FR","FM-16","LFFS ","V020","320,1,N,0041,1","22000,1,C,N","005000,1,N,1","+9999,9","+9999,9","99999,9","2,999","01,1,+00390,9,08,9",,,,,,"MET003B2?","Q01+000000PRSWM2"
"07074334072","1990-03-12T15:10:00","4","49.15","4.533","199.0","SUIPPES RANGE MET, FR","FM-15","LFFS ","V020","280,1,N,0051,1","22000,1,C,N","007000,1,N,1","+0150,1","+0100,1","99999,9","2,000","01,1,+00480,9,08,9",,,"10051,1,99999,9",,,,"Q01+000000PRSWM2"
"07074334072","1990-03-13T06:50:00","4","49.15","4.533","199.0","SUIPPES RANGE MET, FR","FM-15","LFFS ","V020","080,1,N,0031,1","22000,1,C,N","004000,1,N,1","+0070,1","+0040,1","99999,9","2,999","03,1,+07500,9,00,9",,,"10051,1,99999,9","10,1",,,
"07074334072","1990-03-13T10:54:00","4","49.15","4.533","199.0","SUIPPES RANGE MET, FR","FM-15","LFFS ","V020","140,1,N,0031,1","07500,1,C,N","004500,1,N,1","+0120,1","+0050,1","99999,9","2,999","07,1,+07500,9,00,9",,,"10041,1,99999,9","10,1",,,
"07074334072","1990-03-13T12:00:00","4","49.15","4.533","199.0","SUIPPES RANGE MET, FR","FM-15","LFFS ","V020","080,1,N,0031,1","07500,1,C,N","005000,1,N,1","+0130,1","+0050,1","99999,9","2,000","07,1,+07500,9,00,9",,,"10041,1,99999,9",,,,"Q01+000000PRSWM2"
"07074334072","1990-03-13T13:50:00","4","49.15","4.533","199.0","SUIPPES RANGE MET, FR","FM-15","LFFS ","V020","120,1,N,0031,1","07500,1,C,N","006000,1,N,1","+0170,1","+0060,1","99999,9","2,999","07,1,+07500,9,00,9",,,"10031,1,99999,9",,,,"Q01+000000PRSWM2"
"07074334072","1990-03-13T15:00:00","4","49.15","4.533","199.0","SUIPPES RANGE MET, FR","FM-15","LFFS ","V020","160,1,N,0031,1","07500,1,C,N","006000,1,N,1","+0150,1","+0060,1","99999,9","2,000","02,1,+01500,9,05,9","07,1,+07500,9,00,9",,"10020,1,99999,9",,,,"Q01+000000PRSWM2"
"07074334072","1990-03-14T08:50:00","4","49.15","4.533","199.0","SUIPPES RANGE MET, FR","FM-15","LFFS ","V020","300,1,N,0021,1","00390,1,C,N","005000,1,N,1","+0080,1","+0070,1","99999,9","2,000","07,1,+00390,9,05,9",,,"10108,1,99999,9",,,,"Q01+000000PRSWM2"
"07074334072","1990-03-14T10:00:00","4","49.15","4.533","199.0","SUIPPES RANGE MET, FR","FM-15","LFFS ","V020","280,1,N,0021,1","00450,1,C,N","005000,1,N,1","+0080,1","+0070,1","99999,9","2,999","07,1,+00450,9,05,9",,,"10119,1,99999,9",,,,"Q01+000000PRSWM2"
"07074334072","1990-03-14T11:50:00","4","49.15","4.533","199.0","SUIPPES RANGE MET, FR","FM-15","LFFS ","V020","260,1,N,0031,1","22000,1,C,N","011200,1,N,1","+0100,1","+0030,1","99999,9","2,000","04,1,+00480,9,08,9",,,"10119,1,99999,9",,,,"Q01+000000PRSWM2"
"07074334072","1990-03-14T13:00:00","4","49.15","4.533","199.0","SUIPPES RANGE MET, FR","FM-15","LFFS ","V020","260,1,N,0021,1","22000,1,C,N","011200,1,N,1","+0110,1","+0020,1","99999,9","2,999","04,1,+00540,9,08,9",,,"10119,1,99999,9",,,,"Q01+000000PRSWM2"
"07074334072","1990-03-14T14:00:00","4","49.15","4.533","199.0","SUIPPES RANGE MET, FR","FM-15","LFFS ","V020","300,1,N,0031,1","22000,1,C,N","011200,1,N,1","+0120,1","+9999,9","99999,9","2,999","03,1,+00540,9,08,9",,,"10119,1,99999,9",,,,"Q01+000000PRSWM2"
"07074334072","1990-03-14T15:00:00","4","49.15","4.533","199.0","SUIPPES RANGE MET, FR","FM-15","LFFS ","V020","300,1,N,0031,1","22000,1,C,N","011200,1,N,1","+0120,1","+0020,1","99999,9","2,000","03,1,+00600,9,08,9",,,"10119,1,99999,9",,,,"Q01+000000PRSWM2"
"07074334072","1990-03-14T16:00:00","4","49.15","4.533","199.0","SUIPPES RANGE MET, FR","FM-15","LFFS ","V020","300,1,N,0010,1","22000,1,C,N","011200,1,N,1","+0120,1","+0020,1","99999,9","2,999","02,1,+00600,9,08,9",,,"10119,1,99999,9",,,,"Q01+000000PRSWM2"
"07074334072","1990-03-15T10:00:00","4","49.15","4.533","199.0","SUIPPES RANGE MET, FR","FM-15","LFFS ","V020","100,1,N,0021,1","22000,1,C,N","006000,1,N,1","+0100,1","+0040,1","99999,9","2,999",,,,"10149,1,99999,9",,,,"Q01+000000PRSWM2"
"07074334072","1990-03-15T11:50:00","4","49.15","4.533","199.0","SUIPPES RANGE MET, FR","FM-15","LFFS ","V020","080,1,N,0010,1","22000,1,C,N","009000,1,N,1","+0140,1","+0030,1","99999,9","2,000",,,,"10149,1,99999,9",,,,"Q01+000000PRSWM2"
"07074334072","1990-03-15T14:00:00","4","49.15","4.533","199.0","SUIPPES RANGE MET, FR","FM-15","LFFS ","V020","150,1,N,0041,1","22000,1,C,N","009000,1,N,1","+0170,1","+0030,1","99999,9","2,999",,,,"10139,1,99999,9",,,,"Q01+000000PRSWM2"
"07074334072","1990-03-15T15:00:00","4","49.15","4.533","199.0","SUIPPES RANGE MET, FR","FM-15","LFFS ","V020","130,1,N,0031,1","22000,1,C,N","009000,1,N,1","+0190,1","+0060,1","99999,9","2,000",,,,"10129,1,99999,9",,,,"Q01+000000PRSWM2"
"07074334072","1990-03-15T15:50:00","4","49.15","4.533","199.0","SUIPPES RANGE MET, FR","FM-15","LFFS ","V020","120,1,N,0010,1","22000,1,C,N","007000,1,N,1","+0190,1","+0060,1","99999,9","2,999",,,,"10129,1,99999,9",,,,"Q01+000000PRSWM2"
"07074334072","1990-03-16T07:50:00","4","49.15","4.533","199.0","SUIPPES RANGE MET, FR","FM-15","LFFS ","V020","100,1,N,0021,1","22000,1,C,N","002000,1,N,1","+0110,1","+0070,1","99999,9","2,999",,,,"10139,1,99999,9","10,1",,,
"07074334072","1990-03-16T08:00:00","4","49.15","4.533","199.0","SUIPPES RANGE MET, FR","FM-15","LFFS ","V020","080,1,N,0021,1","22000,1,C,N","002000,1,N,1","+0090,1","+0060,1","99999,9","2,999",,,,"10139,1,99999,9","10,1",,,
"07074334072","1990-03-16T10:00:00","4","49.15","4.533","199.0","SUIPPES RANGE MET, FR","FM-15","LFFS ","V020","120,1,N,0021,1","22000,1,C,N","003000,1,N,1","+0130,1","+0070,1","99999,9","2,999",,,,"10139,1,99999,9","10,1",,,
"07074334072","1990-03-16T10:50:00","4","49.15","4.533","199.0","SUIPPES RANGE MET, FR","FM-15","LFFS ","V020","120,1,N,0041,1","22000,1,C,N","003500,1,N,1","+0140,1","+0080,1","99999,9","2,999",,,,"10139,1,99999,9","10,1",,,
"07074334072","1990-03-16T12:00:00","4","49.15","4.533","199.0","SUIPPES RANGE MET, FR","FM-15","LFFS ","V020","120,1,N,0041,1","22000,1,C,N","004000,1,N,1","+0180,1","+0060,1","99999,9","2,000",,,,"10129,1,99999,9","10,1",,,
"07074334072","1990-03-19T08:00:00","4","49.15","4.533","199.0","SUIPPES RANGE MET, FR","FM-15","LFFS ","V020","140,1,N,0021,1","22000,1,C,N","009000,1,N,1","+0090,1","+0090,1","99999,9","2,999","02,1,+07500,9,00,9",,,"10139,1,99999,9",,,,"Q01+000000PRSWM2"
"07074334072","1990-03-19T08:50:00","4","49.15","4.533","199.0","SUIPPES RANGE MET, FR","FM-15","LFFS ","V020","180,1,N,0031,1","22000,1,C,N","009000,1,N,1","+0110,1","+0070,1","99999,9","2,000","04,1,+07500,9,00,9",,,"10139,1,99999,9",,,,"Q01+000000PRSWM2"
"07074334072","1990-03-19T09:00:00","4","49.15","4.533","199.0","SUIPPES RANGE MET, FR","FM-15","LFFS ","V020","160,1,N,0051,1","99999,1,C,Y","009900,1,N,1","+0130,1","+0030,1","99999,9","2,000",,,,"10139,1,99999,9",,,"MET005CAVOK","Q01+000000PRSWM2"
"07074334072","1990-03-19T10:50:00","4","49.15","4.533","199.0","SUIPPES RANGE MET, FR","FM-15","LFFS ","V020","160,1,N,0062,1","99999,1,C,Y","009900,1,N,1","+0140,1","+0040,1","99999,9","2,999",,,,"10139,1,99999,9",,,"MET005CAVOK","Q01+000000PRSWM2"
"07074334072","1990-03-19T12:00:00","4","49.15","4.533","199.0","SUIPPES RANGE MET, FR","FM-15","LFFS ","V020","160,1,N,0062,1","99999,1,C,Y","009900,1,N,1","+0150,1","+0040,1","99999,9","2,000",,,,"10129,1,99999,9",,,"MET005CAVOK","Q01+000000PRSWM2"
"07074334072","1990-03-19T13:50:00","4","49.15","4.533","199.0","SUIPPES RANGE MET, FR","FM-15","LFFS ","V020","200,1,N,0051,1","99999,1,C,Y","009900,1,N,1","+0180,1","+0030,1","99999,9","2,999",,,,"10119,1,99999,9",,,"MET005CAVOK","Q01+000000PRSWM2"
"07074334072","1990-03-19T16:25:00","4","49.15","4.533","199.0","SUIPPES RANGE MET, FR","FM-15","LFFS ","V020","180,1,N,0051,1","99999,1,C,Y","009900,1,N,1","+0180,1","+0020,1","99999,9","2,999",,,,"10102,1,99999,9",,,"MET005CAVOK","Q01+000000PRSWM2"
"07074334072","1990-03-20T08:00:00","4","49.15","4.533","199.0","SUIPPES RANGE MET, FR","FM-15","LFFS ","V020","160,1,N,0031,1","03000,1,C,N","007000,1,N,1","+0100,1","+0090,1","99999,9","1,999","04,1,+00360,9,08,9","08,1,+03000,9,04,9",,"10061,1,99999,9","63,1",,,
"07074334072","1990-03-20T08:30:00","4","49.15","4.533","199.0","SUIPPES RANGE MET, FR","FM-15","LFFS ","V020","160,1,N,0021,1","03000,1,C,N","007000,1,N,1","+0110,1","+0080,1","99999,9","2,003","01,1,+00360,9,08,9","03,1,+00900,9,05,9","07,1,+03000,9,03,9","10061,1,99999,9","21,1",,,
"07074334072","1990-03-20T10:00:00","4","49.15","4.533","199.0","SUIPPES RANGE MET, FR","FM-15","LFFS ","V020","200,1,N,0031,1","01500,1,C,N","009000,1,N,1","+0130,1","+0080,1","99999,9","2,999","05,1,+01500,9,05,9","07,1,+03000,9,03,9",,"10061,1,99999,9",,,,"Q01+000000PRSWM2"
"07074334072","1990-03-20T11:00:00","4","49.15","4.533","199.0","SUIPPES RANGE MET, FR","FM-15","LFFS ","V020","200,1,N,0041,1","03000,1,C,N","009000,1,N,1","+0140,1","+0090,1","99999,9","2,999","03,1,+00900,9,05,9","07,1,+03000,9,03,9",,"10061,1,99999,9",,,,"Q01+000000PRSWM2"
"07074334072","1990-03-20T12:00:00","4","49.15","4.533","199.0","SUIPPES RANGE MET, FR","FM-15","LFFS ","V020","200,1,N,0031,1","03000,1,C,N","009000,1,N,1","+0150,1","+0080,1","99999,9","2,000","01,1,+00900,9,08,9","05,1,+03000,9,03,9","07,1,+07500,9,00,9","10061,1,99999,9",,,,"Q01+000000PRSWM2"
"07074334072","1990-03-20T13:14:00","4","49.15","4.533","199.0","SUIPPES RANGE MET, FR","FM-15","LFFS ","V020","220,1,N,0072,1","03000,1,C,N","009000,1,N,1","+0150,1","+0110,1","99999,9","2,999","02,1,+00900,9,05,9","07,1,+03000,9,03,9",,"10051,1,99999,9",,,,"Q01+000000PRSWM2"
"07074334072","1990-03-20T14:00:00","4","49.15","4.533","199.0","SUIPPES RANGE MET, FR","FM-15","LFFS ","V020","200,1,N,0051,1","01200,1,C,N","011200,1,N,1","+0160,1","+0090,1","99999,9","2,999","05,1,+01200,9,05,9","07,1,+03000,9,03,9",,"10051,1,99999,9",,,,"Q01+000000PRSWM2"
"07074334072","1990-03-20T15:00:00","4","49.15","4.533","199.0","SUIPPES RANGE MET, FR","FM-15","LFFS ","V020","200,1,N,0041,1","01200,1,C,N","008000,1,N,1","+0150,1","+0080,1","99999,9","2,000","02,1,+00600,9,05,9","03,1,+01200,9,05,9","07,1,+03000,9,03,9","10041,1,99999,9",,,,"Q01+000000PRSWM2"
"07074334072","1990-03-20T16:00:00","4","49.15","4.533","199.0","SUIPPES RANGE MET, FR","FM-15","LFFS ","V020","200,1,N,0041,1","00750,1,C,N","008000,1,N,1","+0150,1","+0090,1","99999,9","2,999","05,1,+00750,9,05,9","07,1,+03000,9,03,9",,"10041,1,99999,9",,,,"Q01+000000PRSWM2"
"07074334072","1990-03-21T07:50:00","4","49.15","4.533","199.0","SUIPPES RANGE MET, FR","FM-15","LFFS ","V020","200,1,N,0031,1","00480,1,C,N","005000,1,N,1","+0110,1","+0090,1","99999,9","2,999","07,1,+00480,9,05,9",,,"10020,1,99999,9",,,,"Q01+000000PRSWM2"
"07074334072","1990-03-21T09:00:00","4","49.15","4.533","199.0","SUIPPES RANGE MET, FR","FM-15","LFFS ","V020","240,1,N,0031,1","00360,1,C,N","005000,1,N,1","+0110,1","+0100,1","99999,9","2,000","07,1,+00360,9,05,9",,,"10020,1,99999,9",,,,"Q01+000000PRSWM2"
"07074334072","1990-03-21T10:00:00","4","49.15","4.533","199.0","SUIPPES RANGE MET, FR","FM-15","LFFS ","V020","200,1,N,0031,1","00360,1,C,N","005000,1,N,1","+0120,1","+0090,1","99999,9","2,999","07,1,+00360,9,05,9",,,"10020,1,99999,9",,,,"Q01+000000PRSWM2"
"07074334072","1990-03-21T11:00:00","4","49.15","4.533","199.0","SUIPPES RANGE MET, FR","FM-15","LFFS ","V020","180,1,N,0031,1","00390,1,C,N","005000,1,N,1","+0130,1","+0090,1","99999,9","2,999","07,1,+00390,9,05,9",,,"10020,1,99999,9",,,,"Q01+000000PRSWM2"
"07074334072","1990-03-21T11:50:00","4","49.15","4.533","199.0","SUIPPES RANGE MET, FR","FM-15","LFFS ","V020","200,1,N,0031,1","00450,1,C,N","005000,1,N,1","+0140,1","+0090,1","99999,9","2,000","05,1,+00450,9,08,9","07,1,+03000,9,03,9",,"10020,1,99999,9",,,,"Q01+000000PRSWM2"
"07074334072","1990-03-21T13:00:00","4","49.15","4.533","199.0","SUIPPES RANGE MET, FR","FM-15","LFFS ","V020","200,1,N,0051,1","00480,1,C,N","006000,1,N,1","+0150,1","+0090,1","99999,9","2,999","05,1,+00480,9,08,9","07,1,+07500,9,00,9",,"10020,1,99999,9",,,,"Q01+000000PRSWM2"
"07074334072","1990-03-21T13:50:00","4","49.15","4.533","199.0","SUIPPES RANGE MET, FR","FM-15","LFFS ","V020","200,1,N,0051,1","07500,1,C,N","006000,1,N,1","+0150,1","+0090,1","99999,9","2,999","02,1,+00600,9,08,9","07,1,+07500,9,00,9",,"10020,1,99999,9",,,,"Q01+000000PRSWM2"
"07074334072","1990-03-21T14:50:00","4","49.15","4.533","199.0","SUIPPES RANGE MET, FR","FM-15","LFFS ","V020","200,1,N,0041,1","07800,1,C,N","999999,9,N,9","+0170,1","+0100,1","99999,9","2,000","02,1,+00600,9,08,9","07,1,+07800,9,00,9",,"10010,1,99999,9",,,,"Q01+000002VOVAR Q02+000000PRSWM2"
"07074334072","1990-03-21T16:00:00","4","49.15","4.533","199.0","SUIPPES RANGE MET, FR","FM-15","LFFS ","V020","200,1,N,0041,1","07500,1,C,N","006000,1,N,1","+0170,1","+0110,1","99999,9","2,999","01,1,+00690,9,08,9","07,1,+07500,9,00,9",,"10010,1,99999,9",,,,"Q01+000000PRSWM2"
"07074334072","1990-03-22T08:00:00","4","49.15","4.533","199.0","SUIPPES RANGE MET, FR","FM-15","LFFS ","V020","220,1,N,0021,1","03000,1,C,N","003000,1,N,1","+0110,1","+0090,1","99999,9","2,999","04,1,+00180,9,07,9","07,1,+03000,9,03,9",,"10000,1,99999,9","10,1",,,
"07074334072","1990-03-22T09:00:00","4","49.15","4.533","199.0","SUIPPES RANGE MET, FR","FM-15","LFFS ","V020","260,1,N,0041,1","00900,1,C,N","004000,1,N,1","+0130,1","+0090,1","99999,9","2,000","03,1,+00300,9,07,9","05,1,+00900,9,05,9","07,1,+03000,9,03,9",,"10,1",,,"Q01+030093APOA  "
"07074334072","1990-03-22T10:00:00","4","49.15","4.533","199.0","SUIPPES RANGE MET, FR","FM-15","LFFS ","V020","280,1,N,0041,1","00450,1,C,N","004500,1,N,1","+0140,1","+0100,1","99999,9","2,999","02,1,+00240,9,07,9","07,1,+00450,9,05,9",,,"10,1",,"MET008QFE 9999",
"07074334072","1990-03-22T11:05:00","4","49.15","4.533","199.0","SUIPPES RANGE MET, FR","FM-15","LFFS ","V020","320,1,N,0041,1","00450,1,C,N","004000,1,N,1","+0130,1","+0100,1","99999,9","2,999","04,1,+00240,9,07,9","07,1,+00450,9,05,9",,,"10,1",,"MET008QFE 999?",
"07074334072","1990-03-22T11:30:00","4","49.15","4.533","199.0","SUIPPES RANGE MET, FR","FM-15","LFFS ","V020","280,1,N,0021,1","00240,1,C,N","004000,1,N,1","+0130,1","+0100,1","99999,9","2,000","07,1,+00240,9,07,9",,,,"10,1",,"MET008QFE 999?",
"07074334072","1990-03-22T12:50:00","4","49.15","4.533","199.0","SUIPPES RANGE MET, FR","FM-15","LFFS ","V020","280,1,N,0041,1","00180,1,C,N","004000,1,N,1","+0130,1","+0100,1","99999,9","2,999","06,1,+00180,9,07,9","07,1,+00390,9,05,9",,,"10,1",,"MET008QFE 999?",
"07074334072","1990-03-22T13:50:00","4","49.15","4.533","199.0","SUIPPES RANGE MET, FR","FM-15","LFFS ","V020","360,1,N,0062,1","00240,1,C,N","004500,1,N,1","+0120,1","+0090,1","99999,9","2,999","06,1,+00240,9,07,9","07,1,+00450,9,05,9",,,"10,1",,"MET008QFE 999?",
"07074334072","1990-03-22T15:00:00","4","49.15","4.533","199.0","SUIPPES RANGE MET, FR","FM-15","LFFS ","V020","360,1,N,0031,1","00150,1,C,N","003000,1,N,1","+0090,1","+0080,1","99999,9","2,001","07,1,+00150,9,07,9",,,"10000,1,99999,9","51,1",,,
"07074334072","1990-03-22T16:00:00","4","49.15","4.533","199.0","SUIPPES RANGE MET, FR","FM-15","LFFS ","V020","320,1,N,0031,1","00450,1,C,N","005000,1,N,1","+0090,1","+0080,1","99999,9","2,999","03,1,+00240,9,07,9","07,1,+00450,9,05,9",,"10010,1,99999,9","58,1",,,
"07074334072","1990-03-23T07:50:00","4","49.15","4.533","199.0","SUIPPES RANGE MET, FR","FM-15","LFFS ","V020","999,1,C,0000,1","00150,1,C,N","002000,1,N,1","+0060,1","+0050,1","99999,9","2,999","08,1,+00150,9,07,9",,,"10071,1,99999,9","10,1",,,
"07074334072","1990-03-23T11:00:00","4","49.15","4.533","199.0","SUIPPES RANGE MET, FR","FM-15","LFFS ","V020","260,1,N,0021,1","00450,1,C,N","007000,1,N,1","+0090,1","+0040,1","99999,9","2,999","06,1,+00450,9,08,9",,,"10081,1,99999,9",,,,"Q01+000000PRSWM2"
"07074334072","1990-03-23T12:00:00","4","49.15","4.533","199.0","SUIPPES RANGE MET, FR","FM-15","LFFS ","V020","280,1,N,0021,1","00750,1,C,N","011200,1,N,1","+0100,1","+0030,1","99999,9","2,000","06,1,+00750,9,08,9",,,"10071,1,99999,9",,,,"Q01+000000PRSWM2"
"07074334072","1990-03-23T12:50:00","4","49.15","4.533","199.0","SUIPPES RANGE MET, FR","FM-15","LFFS ","V020","300,1,N,0021,1","00900,1,C,N","011200,1,N,1","+0110,1","+0050,1","99999,9","2,999","05,1,+00900,9,08,9",,,"10071,1,99999,9",,,,"Q01+000000PRSWM2"
"07074334072","1990-03-23T13:50:00","4","49.15","4.533","199.0","SUIPPES RANGE MET, FR","FM-15","LFFS ","V020","280,1,N,0041,1","22000,1,C,N","011200,1,N,1","+0120,1","+0020,1","99999,9","2,999","03,1,+01200,9,08,9",,,"10061,1,99999,9",,,,"Q01+000000PRSWM2"
"07074334072","1990-04-02T11:00:00","4","49.15","4.533","199.0","SUIPPES RANGE MET, FR","FM-15","LFFS ","V020","220,1,N,0072,1","22000,1,C,N","011200,1,N,1","+0150,1","+0040,1","99999,9","2,999","01,1,+00990,9,05,9","04,1,+03000,9,03,9",,,,,"MET008QFE 988?","Q01+000000PRSWM2"
"07074334072","1990-04-02T11:50:00","4","49.15","4.533","199.0","SUIPPES RANGE MET, FR","FM-15","LFFS ","V020","220,1,N,0062,1","22000,1,C,N","011200,1,N,1","+0150,1","+0010,1","99999,9","2,000","01,1,+03000,9,05,9","05,1,+03000,9,03,9",,,,,"MET008QFE 988?","Q01+000000PRSWM2"
"07074334072","1990-04-02T12:50:00","4","49.15","4.533","199.0","SUIPPES RANGE MET, FR","FM-15","LFFS ","V020","200,1,N,0051,1","03000,1,C,N","011200,1,N,1","+0150,1","+0020,1","99999,9","2,999","01,1,+00990,9,05,9","05,1,+03000,9,03,9","07,1,+07500,9,00,9",,,,"MET008QFE 987?","Q01+000000PRSWM2"
"07074334072","1990-04-02T14:13:00","4","49.15","4.533","199.0","SUIPPES RANGE MET, FR","FM-16","LFFS ","V020","200,1,N,0031,1","02700,1,C,N","011200,1,N,1","+9999,9","+9999,9","99999,9","2,999","06,1,+02700,9,03,9","07,1,+07500,9,00,9",,"09861,1,99999,9",,,,"Q01+000000PRSWM2"
"07074334072","1990-04-02T14:50:00","4","49.15","4.533","199.0","SUIPPES RANGE MET, FR","FM-15","LFFS ","V020","200,1,N,0041,1","02700,1,C,N","011200,1,N,1","+9999,9","+9999,9","99999,9","2,000","05,1,+02700,9,03,9","06,1,+07500,9,00,9",,"09851,1,99999,9",,,,"Q01+000000PRSWM2"
"07074334072","1990-04-03T07:00:00","4","49.15","4.533","199.0","SUIPPES RANGE MET, FR","FM-15","LFFS ","V020","320,1,N,0051,1","00480,1,C,N","006000,1,N,1","+0070,1","+0060,1","99999,9","2,999","05,1,+00480,9,08,9","07,1,+02100,9,04,9",,,"63,1",,"MET008QFE 980?",
"07074334072","1990-04-03T07:50:00","4","49.15","4.533","199.0","SUIPPES RANGE MET, FR","FM-15","LFFS ","V020","320,1,N,0051,1","00450,1,C,N","007000,1,N,1","+0070,1","+0070,1","99999,9","2,999","05,1,+00450,9,08,9","07,1,+02100,9,04,9",,,"63,1",,"MET008QFE 981?",
"07074334072","1990-04-03T08:50:00","4","49.15","4.533","199.0","SUIPPES RANGE MET, FR","FM-15","LFFS ","V020","320,1,N,0072,1","00240,1,C,N","006000,1,N,1","+0050,1","+0040,1","99999,9","2,025","05,1,+00240,9,08,9","08,1,+02100,9,04,9",,,"63,1",,"MET007QFE983?",
"07074334072","1990-04-03T10:00:00","4","49.15","4.533","199.0","SUIPPES RANGE MET, FR","FM-15","LFFS ","V020","340,1,N,0051,1","00600,1,C,N","008000,1,N,1","+0050,1","+0030,1","99999,9","2,999","03,1,+00240,9,08,9","05,1,+00600,9,05,9","08,1,+02100,9,04,9",,"61,1",,"MET008QFE 985?",
"07074334072","1990-04-03T11:00:00","4","49.15","4.533","199.0","SUIPPES RANGE MET, FR","FM-15","LFFS ","V020","320,1,N,0072,1","00600,1,C,N","008000,1,N,1","+0070,1","+0010,1","99999,9","2,999","03,1,+00240,9,08,9","07,1,+00600,9,05,9",,,"21,1",,"MET008QFE 985?",
"07074334072","1990-04-03T12:00:00","4","49.15","4.533","199.0","SUIPPES RANGE MET, FR","FM-15","LFFS ","V020","320,1,N,0082,1","00330,1,C,N","011200,1,N,1","+0070,1","+0020,1","99999,9","2,000","02,1,+00240,9,08,9","03,1,+00330,9,09,9",,,,,"MET008QFE 986?","Q01+000000PRSWM2"
"07074334072","1990-04-03T13:50:00","4","49.15","4.533","199.0","SUIPPES RANGE MET, FR","FM-15","LFFS ","V020","320,1,N,0062,1","00780,1,C,N","011200,1,N,1","+0070,1","+0010,1","99999,9","2,999","02,1,+00390,9,08,9","06,1,+00780,9,05,9",,,,,"MET008QFE 987?","Q01+000000PRSWM2"
"07074334072","1990-04-03T15:00:00","4","49.15","4.533","199.0","SUIPPES RANGE MET, FR","FM-15","LFFS ","V020","320,1,N,0093,1","00450,1,C,N","011200,1,N,1","+0080,1","+0050,1","99999,9","2,000","05,1,+00450,9,08,9",,,,,,"MET008QFE 988?","Q01+000000PRSWM2"
"07074334072","1990-04-04T07:00:00","4","49.15","4.533","199.0","SUIPPES RANGE MET, FR","FM-15","LFFS ","V020","999,1,C,0000,1","22000,1,C,N","007000,1,N,1","+9999,9","+9999,9","99999,9","2,999","01,1,+01500,9,05,9",,,"09939,1,99999,9",,,,"Q01+000000PRSWM2"
"07074334072","1990-04-04T08:50:00","4","49.15","4.533","199.0","SUIPPES RANGE MET, FR","FM-15","LFFS ","V020","200,1,N,0041,1","22000,1,C,N","011200,1,N,1","+0040,1","-0010,1","99999,9","2,000","01,1,+00600,9,08,9",,,,,,"MET008QFE 995?","Q01+000000PRSWM2"
"07074334072","1990-04-04T10:00:00","4","49.15","4.533","199.0","SUIPPES RANGE MET, FR","FM-15","LFFS ","V020","220,1,N,0031,1","22000,1,C,N","011200,1,N,1","+0050,1","-0010,1","99999,9","2,999","03,1,+00630,9,08,9",,,,,,"MET008QFE 995?","Q01+000000PRSWM2"
"07074334072","1990-04-04T11:00:00","4","49.15","4.533","199.0","SUIPPES RANGE MET, FR","FM-15","LFFS ","V020","180,1,N,0010,1","00690,1,C,N","007000,1,N,1","+0040,1","+0000,1","99999,9","2,999","03,1,+00540,9,09,9","06,1,+00690,9,08,9",,,"87,1",,"MET008QFE 995?",
"07074334072","1990-04-04T12:00:00","4","49.15","4.533","199.0","SUIPPES RANGE MET, FR","FM-15","LFFS ","V020","220,1,N,0051,1","00690,1,C,N","011200,1,N,1","+0060,1","+0010,1","99999,9","2,002","01,1,+00540,9,09,9","06,1,+00690,9,08,9",,,"27,1",,"MET008QFE 995?",
"07074334072","1990-04-04T13:00:00","4","49.15","4.533","199.0","SUIPPES RANGE MET, FR","FM-15","LFFS ","V020","200,1,N,0051,1","00780,1,C,N","011200,1,N,1","+0060,1","-0010,1","99999,9","2,999","03,1,+00600,9,09,9","05,1,+00780,9,08,9",,,"80,1",,"MET008QFE 995?",
"07074334072","1990-04-04T14:00:00","4","49.15","4.533","199.0","SUIPPES RANGE MET, FR","FM-15","LFFS ","V020","200,1,N,0031,1","00840,1,C,N","011200,1,N,1","+0070,1","-0030,1","99999,9","2,999","03,1,+00630,9,09,9","05,1,+00840,9,08,9",,,"25,1",,"MET008QFE 995?",
"07074334072","1990-04-04T15:00:00","4","49.15","4.533","199.0","SUIPPES RANGE MET, FR","FM-15","LFFS ","V020","220,1,N,0051,1","00900,1,C,N","011200,1,N,1","+0060,1","-0020,1","99999,9","2,005","04,1,+00690,9,09,9","04,1,+00900,9,08,9",,,"80,1",,"MET008QFE 995?",
"07074334072","1990-04-05T07:00:00","4","49.15","4.533","199.0","SUIPPES RANGE MET, FR","FM-15","LFFS ","V020","080,1,N,0031,1","22000,1,C,N","004500,1,N,1","+0020,1","-0010,1","99999,9","2,999","01,1,+03000,9,03,9",,,,"10,1",,"MET008QFE 998?",
"07074334072","1990-04-05T08:30:00","4","49.15","4.533","199.0","SUIPPES RANGE MET, FR","FM-15","LFFS ","V020","080,1,N,0051,1","22000,1,C,N","007000,1,N,1","+0040,1","-0010,1","99999,9","2,000","01,1,+03000,9,03,9",,,,,,"MET008QFE 998?","Q01+000000PRSWM2"
"07074334072","1990-04-05T10:07:00","4","49.15","4.533","199.0","SUIPPES RANGE MET, FR","FM-15","LFFS ","V020","080,1,N,0041,1","22000,1,C,N","009000,1,N,1","+0060,1","-0010,1","99999,9","2,999","01,1,+00600,9,08,9",,,,,,"MET008QFE 998?","Q01+000000PRSWM2"
"07074334072","1990-04-05T11:00:00","4","49.15","4.533","199.0","SUIPPES RANGE MET, FR","FM-15","LFFS ","V020","080,1,N,0051,1","22000,1,C,N","011200,1,N,1","+0070,1","-0010,1","99999,9","2,999","02,1,+00600,9,08,9",,,,,,"MET008QFE 997?","Q01+000000PRSWM2"
"07074334072","1990-04-05T12:00:00","4","49.15","4.533","199.0","SUIPPES RANGE MET, FR","FM-15","LFFS ","V020","060,1,N,0051,1","22000,1,C,N","011200,1,N,1","+0080,1","-0020,1","99999,9","2,000","03,1,+00780,9,08,9",,,,,,"MET008QFE 997?","Q01+000000PRSWM2"
"07074334072","1990-04-05T13:20:00","4","49.15","4.533","199.0","SUIPPES RANGE MET, FR","FM-15","LFFS ","V020","060,1,N,0041,1","22000,1,C,N","011200,1,N,1","+0090,1","-0020,1","99999,9","2,999","04,1,+00900,9,08,9",,,,,,"MET008QFE 996?","Q01+000000PRSWM2"
"07074334072","1990-04-05T14:00:00","4","49.15","4.533","199.0","SUIPPES RANGE MET, FR","FM-15","LFFS ","V020","060,1,N,0041,1","22000,1,C,N","011200,1,N,1","+0110,1","-0020,1","99999,9","2,999","03,1,+00990,9,08,9",,,,,,"MET008QFE 995?","Q01+000000PRSWM2"
"07074334072","1990-04-09T07:00:00","4","49.15","4.533","199.0","SUIPPES RANGE MET, FR","FM-15","LFFS ","V020","090,1,N,0051,1","07500,1,C,N","011200,1,N,1","+0040,1","+0000,1","99999,9","1,999","03,1,+00390,9,07,9","07,1,+07500,9,00,9",,,,,"MET008QFE 993?","Q01+000000PRSWM2"
"07074334072","1990-04-09T08:00:00","4","49.15","4.533","199.0","SUIPPES RANGE MET, FR","FM-15","LFFS ","V020","030,1,N,0077,1","99999,1,C,Y","009900,1,N,1","+0050,1","-0040,1","99999,9","2,999",,,,,,,"MET014CAVOK QFE 993?","Q01+000000PRSWM2"
"07074334072","1990-04-09T09:31:00","4","49.15","4.533","199.0","SUIPPES RANGE MET, FR","FM-16","LFFS ","V020","999,9,9,9999,9","99999,1,C,Y","009900,1,N,1","+9999,9","+9999,9","99999,9","2,999",,,,,,,"MET014CAVOK QFE 993?","Q01+000000PRSWM2"
"07074334072","1990-04-09T11:00:00","4","49.15","4.533","199.0","SUIPPES RANGE MET, FR","FM-15","LFFS ","V020","999,9,9,9999,9","99999,1,C,Y","009900,1,N,1","+9999,9","+9999,9","99999,9","2,999",,,,,,,"MET014CAVOK QFE 992?","Q01+000000PRSWM2"
"07074334072","1990-04-09T12:50:00","4","49.15","4.533","199.0","SUIPPES RANGE MET, FR","FM-15","LFFS ","V020","999,9,9,9999,9","22000,1,C,N","011200,1,N,1","+9999,9","+9999,9","99999,9","2,999","02,1,+00990,9,08,9","03,1,+02400,9,03,9",,,,,"MET008QFE 992?","Q01+000000PRSWM2"
"07074334072","1990-04-09T14:50:00","4","49.15","4.533","199.0","SUIPPES RANGE MET, FR","FM-15","LFFS ","V020","999,9,9,9999,9","01800,1,C,N","011200,1,N,1","+9999,9","+9999,9","99999,9","2,000","01,1,+00990,9,08,9","06,1,+01800,9,05,9",,,,,"MET008QFE 991?","Q01+000000PRSWM2"
"07074334072","1990-04-10T08:00:00","4","49.15","4.533","199.0","SUIPPES RANGE MET, FR","FM-15","LFFS ","V020","999,9,9,9999,9","07500,1,C,N","005000,1,N,1","+9999,9","+9999,9","99999,9","2,999","06,1,+07500,9,00,9",,,,,,"MET008QFE 995?","Q01+000000PRSWM2"
"07074334072","1990-04-10T09:50:00","4","49.15","4.533","199.0","SUIPPES RANGE MET, FR","FM-15","LFFS ","V020","999,9,9,9999,9","22000,1,C,N","007000,1,N,1","+9999,9","+9999,9","99999,9","2,999","02,1,+07500,9,00,9",,,,,,"MET008QFE 995?","Q01+000000PRSWM2"
"07074334072","1990-04-10T12:00:00","4","49.15","4.533","199.0","SUIPPES RANGE MET, FR","FM-15","LFFS ","V020","999,9,9,9999,9","99999,1,C,Y","009900,1,N,1","+9999,9","+9999,9","99999,9","2,000",,,,,,,"MET014CAVOK QFE 994?","Q01+000000PRSWM2"
"07074334072","1990-04-10T12:50:00","4","49.15","4.533","199.0","SUIPPES RANGE MET, FR","FM-15","LFFS ","V020","999,9,9,9999,9","99999,1,C,Y","009900,1,N,1","+9999,9","+9999,9","99999,9","2,999",,,,,,,"MET014CAVOK QFE 994?","Q01+000000PRSWM2"
"07074334072","1990-04-10T14:12:00","4","49.15","4.533","199.0","SUIPPES RANGE MET, FR","FM-16","LFFS ","V020","999,9,9,9999,9","99999,1,C,Y","009900,1,N,1","+9999,9","+9999,9","99999,9","2,999",,,,,,,"MET014CAVOK QFE 993?","Q01+000000PRSWM2"
"07074334072","1990-04-11T07:00:00","4","49.15","4.533","199.0","SUIPPES RANGE MET, FR","FM-15","LFFS ","V020","999,9,9,9999,9","01200,1,C,N","006000,1,N,1","+9999,9","+9999,9","99999,9","2,999","01,1,+00600,9,08,9","07,1,+01200,9,05,9",,,,,"MET007QFE991?","Q01+000000PRSWM2"
"07074334072","1990-04-11T10:00:00","4","49.15","4.533","199.0","SUIPPES RANGE MET, FR","FM-15","LFFS ","V020","999,9,9,9999,9","01500,1,C,N","011200,1,N,1","+9999,9","+9999,9","99999,9","2,999","03,1,+00690,9,08,9","03,1,+01500,9,05,9","06,1,+07500,9,00,9",,,,"MET007QFE993?","Q01+000000PRSWM2"
"07074334072","1990-04-11T10:50:00","4","49.15","4.533","199.0","SUIPPES RANGE MET, FR","FM-15","LFFS ","V020","999,9,9,9999,9","00900,1,C,N","011200,1,N,1","+9999,9","+9999,9","99999,9","2,999","05,1,+00900,9,08,9","04,1,+07500,9,00,9",,,,,"MET007QFE994?","Q01+000000PRSWM2"
"07074334072","1990-04-11T13:00:00","4","49.15","4.533","199.0","SUIPPES RANGE MET, FR","FM-15","LFFS ","V020","999,9,9,9999,9","01800,1,C,N","011200,1,N,1","+9999,9","+9999,9","99999,9","2,999","03,1,+01350,9,08,9","04,1,+01800,9,05,9",,,,,"MET007QFE994?","Q01+000000PRSWM2"
"07074334072","1990-04-11T14:00:00","4","49.15","4.533","199.0","SUIPPES RANGE MET, FR","FM-15","LFFS ","V020","999,9,9,9999,9","01800,1,C,N","011200,1,N,1","+9999,9","+9999,9","99999,9","2,999","01,1,+01350,9,08,9","05,1,+01800,9,05,9",,,,,"MET007QFE994?","Q01+000000PRSWM2"
"07074334072","1990-04-11T14:30:00","4","49.15","4.533","199.0","SUIPPES RANGE MET, FR","FM-15","LFFS ","V020","999,9,9,9999,9","01800,1,C,N","011200,1,N,1","+9999,9","+9999,9","99999,9","2,000","01,1,+01350,9,08,9","06,1,+01800,9,05,9",,,,,"MET014:///// QFE995?","Q01+000000PRSWM2"
"07074334072","1990-04-12T07:50:00","4","49.15","4.533","199.0","SUIPPES RANGE MET, FR","FM-15","LFFS ","V020","999,9,9,9999,9","00600,1,C,N","008000,1,N,1","+9999,9","+9999,9","99999,9","2,999","01,1,+00180,9,07,9","05,1,+00600,9,05,9","07,1,+01200,9,05,9",,,,"MET008QFE 998?","Q01+000000PRSWM2"
"07074334072","1990-04-12T08:50:00","4","49.15","4.533","199.0","SUIPPES RANGE MET, FR","FM-15","LFFS ","V020","999,9,9,9999,9","00330,1,C,N","005000,1,N,1","+9999,9","+9999,9","99999,9","2,001","07,1,+00330,9,07,9",,,,"50,1",,"MET008QFE 998?",
"07074334072","1990-04-12T10:00:00","4","49.15","4.533","199.0","SUIPPES RANGE MET, FR","FM-15","LFFS ","V020","999,9,9,9999,9","00330,1,C,N","004000,1,N,1","+9999,9","+9999,9","99999,9","2,999","07,1,+00330,9,07,9",,,,"20,1",,"MET008QFE 998?",
"07074334072","1990-04-12T10:50:00","4","49.15","4.533","199.0","SUIPPES RANGE MET, FR","FM-15","LFFS ","V020","999,9,9,9999,9","00330,1,C,N","003000,1,N,1","+9999,9","+9999,9","99999,9","2,999","07,1,+00330,9,07,9",,,,"21,1",,"MET008QFE 998?",
"07074334072","1990-04-12T13:00:00","4","49.15","4.533","199.0","SUIPPES RANGE MET, FR","FM-15","LFFS ","V020","999,9,9,9999,9","00180,1,C,N","000800,1,N,1","+9999,9","+9999,9","99999,9","2,999","08,1,+00180,9,07,9",,,,"46,1",,"MET008QFE 998?",
"07074334072","1990-04-12T13:50:00","4","49.15","4.533","199.0","SUIPPES RANGE MET, FR","FM-15","LFFS ","V020","999,9,9,9999,9","00240,1,C,N","003000,1,N,1","+9999,9","+9999,9","99999,9","2,999","08,1,+00240,9,07,9",,,,"10,1",,"MET008QFE 997?",
"07074334072","1990-04-17T07:00:00","4","49.15","4.533","199.0","SUIPPES RANGE MET, FR","FM-15","LFFS ","V020","999,9,9,9999,9","22000,1,C,N","007000,1,N,1","+9999,9","+9999,9","99999,9","2,999","01,1,+00600,9,08,9","03,1,+07500,9,00,9",,,,,"MET008QFE 997?","Q01+000000PRSWM2"
"07074334072","1990-04-17T10:50:00","4","49.15","4.533","199.0","SUIPPES RANGE MET, FR","FM-15","LFFS ","V020","999,9,9,9999,9","00480,1,C,N","011200,1,N,1","+9999,9","+9999,9","99999,9","2,999","01,1,+00360,9,09,9","06,1,+00480,9,08,9",,,"25,1",,"MET008QFE 997?",
"07074334072","1990-04-17T11:50:00","4","49.15","4.533","199.0","SUIPPES RANGE MET, FR","FM-15","LFFS ","V020","999,9,9,9999,9","03000,1,C,N","011200,1,N,1","+9999,9","+9999,9","99999,9","2,000","03,1,+00600,9,08,9","03,1,+03000,9,03,9","05,1,+07500,9,00,9",,,,"MET008QFE 997?","Q01+000000PRSWM2"
"07074334072","1990-04-17T14:00:00","4","49.15","4.533","199.0","SUIPPES RANGE MET, FR","FM-15","LFFS ","V020","999,9,9,9999,9","06900,1,C,N","011200,1,N,1","+9999,9","+9999,9","99999,9","2,999","03,1,+00900,9,08,9","08,1,+06900,9,02,9",,,,,"MET008QFE 997?","Q01+000000PRSWM2"
"07074334072","1990-04-17T14:50:00","4","49.15","4.533","199.0","SUIPPES RANGE MET, FR","FM-15","LFFS ","V020","999,9,9,9999,9","00750,1,C,N","011200,1,N,1","+9999,9","+9999,9","99999,9","2,000","01,1,+00450,9,09,9","05,1,+00750,9,08,9","08,1,+06900,9,02,9",,,,"MET008QFE 997?","Q01+000000PRSWM2"
"07074334072","1990-04-18T07:00:00","4","49.15","4.533","199.0","SUIPPES RANGE MET, FR","FM-15","LFFS ","V020","999,9,9,9999,9","00150,1,C,N","001500,1,N,1","+9999,9","+9999,9","99999,9","2,999","07,1,+00150,9,07,9",,,,"73,1",,"MET008QFE 997?",
"07074334072","1990-04-18T08:00:00","4","49.15","4.533","199.0","SUIPPES RANGE MET, FR","FM-15","LFFS ","V020","999,9,9,9999,9","00180,1,C,N","004500,1,N,1","+9999,9","+9999,9","99999,9","2,999","07,1,+00180,9,07,9",,,,"22,1",,"MET008QFE 997?",
"07074334072","1990-04-18T08:15:00","4","49.15","4.533","199.0","SUIPPES RANGE MET, FR","FM-16","LFFS ","V020","999,9,9,9999,9","00180,1,C,N","005000,1,N,1","+9999,9","+9999,9","99999,9","2,999","07,1,+00180,9,07,9",,,,"22,1",,"MET003B2?",
"07074334072","1990-04-18T09:00:00","4","49.15","4.533","199.0","SUIPPES RANGE MET, FR","FM-15","LFFS ","V020","999,9,9,9999,9","00240,1,C,N","006000,1,N,1","+9999,9","+9999,9","99999,9","2,000","07,1,+00240,9,07,9",,,,,,"MET008QFE 997?","Q01+000000PRSWM2"
"07074334072","1990-04-18T10:09:00","4","49.15","4.533","199.0","SUIPPES RANGE MET, FR","FM-16","LFFS ","V020","999,9,9,9999,9","00300,1,C,N","008000,1,N,1","+9999,9","+9999,9","99999,9","2,999","07,1,+00300,9,05,9",,,,,,"MET008QFE 997?","Q01+000000PRSWM2"
"07074334072","1990-04-18T11:00:00","4","49.15","4.533","199.0","SUIPPES RANGE MET, FR","FM-15","LFFS ","V020","999,9,9,9999,9","00330,1,C,N","006000,1,N,1","+9999,9","+9999,9","99999,9","2,999","02,1,+00240,9,09,9","05,1,+00330,9,08,9",,,"25,1",,"MET008QFE 997?",
"07074334072","1990-04-18T11:23:00","4","49.15","4.533","199.0","SUIPPES RANGE MET, FR","FM-16","LFFS ","V020","999,9,9,9999,9","01500,1,C,N","011200,1,N,1","+9999,9","+9999,9","99999,9","2,999","04,1,+00360,9,08,9","06,1,+01500,9,05,9",,,"25,1",,"MET008QFE 997?",
"07074334072","1990-04-18T12:50:00","4","49.15","4.533","199.0","SUIPPES RANGE MET, FR","FM-15","LFFS ","V020","999,9,9,9999,9","00450,1,C,N","011200,1,N,1","+9999,9","+9999,9","99999,9","2,999","01,1,+00300,9,09,9","05,1,+00450,9,08,9",,,,,"MET008QFE 997?","Q01+000000PRSWM2"
"07074334072","1990-04-18T14:00:00","4","49.15","4.533","199.0","SUIPPES RANGE MET, FR","FM-15","LFFS ","V020","999,9,9,9999,9","00600,1,C,N","011200,1,N,1","+9999,9","+9999,9","99999,9","2,999","06,1,+00600,9,08,9",,,,,,"MET008QFE 997?","Q01+000000PRSWM2"
"07074334072","1990-04-19T08:00:00","4","49.15","4.533","199.0","SUIPPES RANGE MET, FR","FM-15","LFFS ","V020","999,9,9,9999,9","00900,1,C,N","008000,1,N,1","+9999,9","+9999,9","99999,9","2,999","02,1,+00360,9,08,9","03,1,+00900,9,05,9","07,1,+01500,9,05,9",,,,"MET008QFE 992?","Q01+000000PRSWM2"
"07074334072","1990-04-19T10:00:00","4","49.15","4.533","199.0","SUIPPES RANGE MET, FR","FM-15","LFFS ","V020","999,9,9,9999,9","01500,1,C,N","011200,1,N,1","+9999,9","+9999,9","99999,9","2,999","04,1,+00480,9,08,9","07,1,+01500,9,05,9",,,"61,1",,"MET008QFE 991?",
"07074334072","1990-04-19T11:00:00","4","49.15","4.533","199.0","SUIPPES RANGE MET, FR","FM-15","LFFS ","V020","999,9,9,9999,9","00450,1,C,N","007000,1,N,1","+9999,9","+9999,9","99999,9","2,999","05,1,+00450,9,08,9","07,1,+01500,9,05,9",,,"63,1",,"MET008QFE 990?",
"07074334072","1990-04-19T12:00:00","4","49.15","4.533","199.0","SUIPPES RANGE MET, FR","FM-15","LFFS ","V020","999,9,9,9999,9","00450,1,C,N","007000,1,N,1","+9999,9","+9999,9","99999,9","2,025","03,1,+00300,9,08,9","07,1,+00450,9,05,9",,,"63,1",,"MET008QFE 989?",
"07074334072","1990-04-19T13:00:00","4","49.15","4.533","199.0","SUIPPES RANGE MET, FR","FM-15","LFFS ","V020","999,9,9,9999,9","00390,1,C,N","007000,1,N,1","+9999,9","+9999,9","99999,9","2,999","02,1,+00240,9,08,9","07,1,+00390,9,05,9",,,"61,1",,"MET009QFEC 989?",
"07074334072","1990-04-19T14:00:00","4","49.15","4.533","199.0","SUIPPES RANGE MET, FR","FM-15","LFFS ","V020","999,9,9,9999,9","00360,1,C,N","007000,1,N,1","+9999,9","+9999,9","99999,9","2,999","07,1,+00360,9,05,9",,,,"61,1",,"MET008QFE 988?",
"07074334072","1990-04-19T15:00:00","4","49.15","4.533","199.0","SUIPPES RANGE MET, FR","FM-15","LFFS ","V020","999,9,9,9999,9","03000,1,C,N","008000,1,N,1","+9999,9","+9999,9","99999,9","2,003","04,1,+00300,9,08,9","07,1,+03000,9,03,9",,,"21,1",,"MET008QFE 987?",
"07074334072","1990-04-20T07:00:00","4","49.15","4.533","199.0","SUIPPES RANGE MET, FR","FM-15","LFFS ","V020","999,9,9,9999,9","07500,1,C,N","007000,1,N,1","+9999,9","+9999,9","99999,9","2,999","02,1,+01800,9,05,9","06,1,+07500,9,00,9",,,,,"MET008QFE 987?","Q01+000000PRSWM2"
"07074334072","1990-04-20T08:00:00","4","49.15","4.533","199.0","SUIPPES RANGE MET, FR","FM-15","LFFS ","V020","999,9,9,9999,9","07500,1,C,N","007000,1,N,1","+9999,9","+9999,9","99999,9","1,999","01,1,+01800,9,05,9","06,1,+07500,9,00,9",,,,,"MET008QFE 987?","Q01+000000PRSWM2"
"07074334072","1990-04-20T09:00:00","4","49.15","4.533","199.0","SUIPPES RANGE MET, FR","FM-15","LFFS ","V020","999,9,9,9999,9","02700,1,C,N","007000,1,N,1","+9999,9","+9999,9","99999,9","2,000","02,1,+01500,9,05,9","04,1,+02700,9,03,9",,,,,"MET008QFE 987?","Q01+000000PRSWM2"
"07074334072","1990-04-20T10:00:00","4","49.15","4.533","199.0","SUIPPES RANGE MET, FR","FM-15","LFFS ","V020","999,9,9,9999,9","01500,1,C,N","009000,1,N,1","+9999,9","+9999,9","99999,9","2,999","01,1,+00390,9,07,9","05,1,+01500,9,05,9","05,1,+07500,9,00,9",,,,"MET007QFE987?","Q01+000000PRSWM2"
"07074334072","1990-04-20T11:00:00","4","49.15","4.533","199.0","SUIPPES RANGE MET, FR","FM-15","LFFS ","V020","999,9,9,9999,9","22000,1,C,N","011200,1,N,1","+9999,9","+9999,9","99999,9","2,999","01,1,+00390,9,07,9","03,1,+00600,9,08,9",,,,,"MET008QFE 987?","Q01+000000PRSWM2"
"07074334072","1990-04-20T13:00:00","4","49.15","4.533","199.0","SUIPPES RANGE MET, FR","FM-15","LFFS ","V020","999,9,9,9999,9","00330,1,C,N","007000,1,N,1","+9999,9","+9999,9","99999,9","2,999","05,1,+00330,9,07,9","07,1,+00990,9,05,9",,,,,"MET008QFE 987?","Q01+000000PRSWM2"
"07074334072","1990-04-24T07:00:00","4","49.15","4.533","199.0","SUIPPES RANGE MET, FR","FM-15","LFFS ","V020","999,9,9,9999,9","00060,1,C,N","000700,1,N,1","+9999,9","+9999,9","99999,9","2,999","09,1,+99999,9,99,9",,,,"47,1",,"MET008QFE 991?",
"07074334072","1990-04-24T07:10:00","4","49.15","4.533","199.0","SUIPPES RANGE MET, FR","FM-16","LFFS ","V020","999,9,9,9999,9","00060,1,C,N","000700,1,N,1","+9999,9","+9999,9","99999,9","2,999","09,1,+99999,9,99,9",,,,"47,1",,"MET003M3?",
"07074334072","1990-04-24T08:00:00","4","49.15","4.533","199.0","SUIPPES RANGE MET, FR","FM-15","LFFS ","V020","999,9,9,9999,9","00090,1,C,N","000800,1,N,1","+9999,9","+9999,9","99999,9","2,999","08,1,+00090,9,07,9",,,,"42,1",,"MET008QFE 991?",
"07074334072","1990-04-24T09:00:00","4","49.15","4.533","199.0","SUIPPES RANGE MET, FR","FM-15","LFFS ","V020","999,9,9,9999,9","00180,1,C,N","001000,1,N,1","+9999,9","+9999,9","99999,9","2,000","08,1,+00180,9,07,9",,,,"10,1",,"MET008QFE 992?",
"07074334072","1990-04-24T09:55:00","4","49.15","4.533","199.0","SUIPPES RANGE MET, FR","FM-16","LFFS ","V020","999,9,9,9999,9","00300,1,C,N","001500,1,N,1","+9999,9","+9999,9","99999,9","2,000","03,1,+00180,9,07,9","05,1,+00300,9,08,9",,,"10,1",,"MET003B3?",
"07074334072","1990-04-24T10:00:00","4","49.15","4.533","199.0","SUIPPES RANGE MET, FR","FM-15","LFFS ","V020","999,9,9,9999,9","00300,1,C,N","001500,1,N,1","+9999,9","+9999,9","99999,9","2,999","03,1,+00180,9,07,9","05,1,+00300,9,08,9",,,"10,1",,"MET008QFE 992?",
"07074334072","1990-04-24T11:00:00","4","49.15","4.533","199.0","SUIPPES RANGE MET, FR","FM-15","LFFS ","V020","999,9,9,9999,9","15000,1,C,N","004000,1,N,1","+9999,9","+9999,9","99999,9","2,999","01,1,+00180,9,07,9","02,1,+00480,9,09,9","05,1,+15000,9,05,9",,"10,1",,"MET007QFE992?",
"07074334072","1990-04-24T11:15:00","4","49.15","4.533","199.0","SUIPPES RANGE MET, FR","FM-16","LFFS ","V020","999,9,9,9999,9","01500,1,C,N","005000,1,N,1","+9999,9","+9999,9","99999,9","2,999","01,1,+00180,9,07,9","03,1,+00480,9,09,9","05,1,+01500,9,05,9",,,,"MET003B2?","Q01+000000PRSWM2"
"07074334072","1990-04-24T11:55:00","4","49.15","4.533","199.0","SUIPPES RANGE MET, FR","FM-16","LFFS ","V020","999,9,9,9999,9","22000,1,C,N","006000,1,N,1","+9999,9","+9999,9","99999,9","2,999","01,1,+00180,9,07,9","04,1,+00390,9,09,9",,,"17,1",,"MET003M8?",
"07074334072","1990-04-24T12:00:00","4","49.15","4.533","199.0","SUIPPES RANGE MET, FR","FM-15","LFFS ","V020","999,9,9,9999,9","22000,1,C,N","006000,1,N,1","+9999,9","+9999,9","99999,9","2,003","01,1,+00180,9,07,9","04,1,+00390,9,09,9",,,"17,1",,"MET008QFE 992?",
"07074334072","1990-04-24T15:00:00","4","49.15","4.533","199.0","SUIPPES RANGE MET, FR","FM-15","LFFS ","V020","999,9,9,9999,9","00390,1,C,N","007000,1,N,1","+9999,9","+9999,9","99999,9","2,003","01,1,+00300,9,08,9","05,1,+00390,9,09,9",,,"17,1",,"MET008QFE 992?",
"07074334072","1990-04-25T07:00:00","4","49.15","4.533","199.0","SUIPPES RANGE MET, FR","FM-16","LFFS ","V020","999,9,9,9999,9","22000,1,C,N","003000,1,N,1","+9999,9","+9999,9","99999,9","2,999","01,1,+03300,9,03,9",,,,"10,1",,"MET008QFE 998?",
"07074334072","1990-04-25T08:00:00","4","49.15","4.533","199.0","SUIPPES RANGE MET, FR","FM-15","LFFS ","V020","999,9,9,9999,9","22000,1,C,N","004000,1,N,1","+9999,9","+9999,9","99999,9","2,999","02,1,+07500,9,00,9",,,,"10,1",,"MET008QFE 998?",
"07074334072","1990-04-25T08:50:00","4","49.15","4.533","199.0","SUIPPES RANGE MET, FR","FM-16","LFFS ","V020","999,9,9,9999,9","22000,1,C,N","005000,1,N,1","+9999,9","+9999,9","99999,9","2,999","01,1,+07500,9,00,9",,,,,,"MET003B2?","Q01+000000PRSWM2"
"07074334072","1990-04-25T09:00:00","4","49.15","4.533","199.0","SUIPPES RANGE MET, FR","FM-15","LFFS ","V020","999,9,9,9999,9","22000,1,C,N","005000,1,N,1","+9999,9","+9999,9","99999,9","2,000","01,1,+07500,9,00,9",,,,,,"MET008QFE 998?","Q01+000000PRSWM2"
"07074334072","1990-04-25T11:00:00","4","49.15","4.533","199.0","SUIPPES RANGE MET, FR","FM-15","LFFS ","V020","999,9,9,9999,9","00540,1,C,N","011200,1,N,1","+9999,9","+9999,9","99999,9","2,999","01,1,+00390,9,08,9","05,1,+00540,9,08,9",,,,,"MET008QFE 998?","Q01+000000PRSWM2"
"07074334072","1990-04-25T12:00:00","4","49.15","4.533","199.0","SUIPPES RANGE MET, FR","FM-15","LFFS ","V020","999,9,9,9999,9","00600,1,C,N","011200,1,N,1","+9999,9","+9999,9","99999,9","2,000","01,1,+00390,9,08,9","05,1,+00600,9,08,9",,,,,"MET008QFE 998?","Q01+000000PRSWM2"
"07074334072","1990-04-25T13:00:00","4","49.15","4.533","199.0","SUIPPES RANGE MET, FR","FM-15","LFFS ","V020","999,9,9,9999,9","00600,1,C,N","011200,1,N,1","+9999,9","+9999,9","99999,9","2,999","05,1,+00600,9,08,9","03,1,+01200,9,05,9",,,,,"MET008QFE 998?","Q01+000000PRSWM2"
"07074334072","1990-04-25T14:00:00","4","49.15","4.533","199.0","SUIPPES RANGE MET, FR","FM-15","LFFS ","V020","999,9,9,9999,9","01500,1,C,N","011200,1,N,1","+9999,9","+9999,9","99999,9","2,999","04,1,+00600,9,08,9","04,1,+01500,9,05,9",,,,,"MET008QFE 998?","Q01+000000PRSWM2"
"07074334072","1990-04-25T15:00:00","4","49.15","4.533","199.0","SUIPPES RANGE MET, FR","FM-15","LFFS ","V020","999,9,9,9999,9","22000,1,C,N","011200,1,N,1","+9999,9","+9999,9","99999,9","2,000","04,1,+00600,9,08,9",,,,,,"MET008QFE 998?","Q01+000000PRSWM2"
"07074334072","1990-04-26T09:00:00","4","49.15","4.533","199.0","SUIPPES RANGE MET, FR","FM-15","LFFS ","V020","999,9,9,9999,9","22000,1,C,N","005000,1,N,1","+9999,9","+9999,9","99999,9","2,000","01,1,+07500,9,00,9",,,"10020,1,99999,9",,,,"Q01+000000PRSWM2"
"07074334072","1990-04-26T10:00:00","4","49.15","4.533","199.0","SUIPPES RANGE MET, FR","FM-15","LFFS ","V020","999,9,9,9999,9","22000,1,C,N","006000,1,N,1","+9999,9","+9999,9","99999,9","2,999","02,1,+07500,9,00,9",,,"10020,1,99999,9",,,,"Q01+000000PRSWM2"
"07074334072","1990-04-26T11:00:00","4","49.15","4.533","199.0","SUIPPES RANGE MET, FR","FM-15","LFFS ","V020","999,9,9,9999,9","22000,1,C,N","008000,1,N,1","+9999,9","+9999,9","99999,9","2,999","01,1,+00690,9,08,9",,,"10010,1,99999,9",,,,"Q01+000000PRSWM2"
"07074334072","1990-04-26T12:00:00","4","49.15","4.533","199.0","SUIPPES RANGE MET, FR","FM-15","LFFS ","V020","999,9,9,9999,9","22000,1,C,N","009000,1,N,1","+9999,9","+9999,9","99999,9","2,000","01,1,+00690,9,08,9","03,1,+07500,9,00,9",,"10010,1,99999,9",,,,"Q01+000000PRSWM2"
"07074334072","1990-04-27T07:00:00","4","49.15","4.533","199.0","SUIPPES RANGE MET, FR","FM-15","LFFS ","V020","230,1,N,0051,1","00210,1,C,N","004500,1,N,1","+9999,9","+9999,9","99999,9","2,999","05,1,+00210,9,07,9","07,1,+00360,9,05,9",,"10000,1,99999,9","58,1",,,
"07074334072","1990-04-27T08:00:00","4","49.15","4.533","199.0","SUIPPES RANGE MET, FR","FM-15","LFFS ","V020","230,1,N,0041,1","00180,1,C,N","004000,1,N,1","+9999,9","+9999,9","99999,9","2,999","05,1,+00180,9,07,9","08,1,+00360,9,05,9",,"10010,1,99999,9","58,1",,,
"07074334072","1990-04-27T10:00:00","4","49.15","4.533","199.0","SUIPPES RANGE MET, FR","FM-15","LFFS ","V020","999,9,9,9999,9","00480,1,C,N","009000,1,N,1","+9999,9","+9999,9","99999,9","2,999","02,1,+00240,9,07,9","07,1,+00480,9,05,9",,"10010,1,99999,9",,,,"Q01+000000PRSWM2"
"07074334072","1990-04-27T11:00:00","4","49.15","4.533","199.0","SUIPPES RANGE MET, FR","FM-15","LFFS ","V020","999,9,9,9999,9","00480,1,C,N","011200,1,N,1","+9999,9","+9999,9","99999,9","2,999","01,1,+00300,9,07,9","07,1,+00480,9,05,9",,"10020,1,99999,9",,,,"Q01+000000PRSWM2"
"07074334072","1990-04-27T12:00:00","4","49.15","4.533","199.0","SUIPPES RANGE MET, FR","FM-15","LFFS ","V020","999,9,9,9999,9","00480,1,C,N","011200,1,N,1","+9999,9","+9999,9","99999,9","2,000","01,1,+00300,9,07,9","03,1,+00390,9,08,9","06,1,+00480,9,05,9","10020,1,99999,9",,,,"Q01+000000PRSWM2"
"07074334072","1990-05-03T07:00:00","4","49.15","4.533","199.0","SUIPPES RANGE MET, FR","FM-15","LFFS ","V020","999,9,9,9999,9","99999,1,C,Y","009900,1,N,1","+9999,9","+9999,9","99999,9","2,999",,,,,,,"MET020CAVOK // // QFE 1008","Q01+000000PRSWM2"
"07074334072","1990-05-03T08:00:00","4","49.15","4.533","199.0","SUIPPES RANGE MET, FR","FM-15","LFFS ","V020","999,9,9,9999,9","99999,1,C,Y","009900,1,N,1","+9999,9","+9999,9","99999,9","2,999",,,,,,,"MET020CAVOK // // QFE 1007","Q01+000000PRSWM2"
"07074334072","1990-05-03T09:00:00","4","49.15","4.533","199.0","SUIPPES RANGE MET, FR","FM-15","LFFS ","V020","999,9,9,9999,9","99999,1,C,Y","009900,1,N,1","+9999,9","+9999,9","99999,9","2,000",,,,,,,"MET020CAVOK // // QFE 1007","Q01+000000PRSWM2"
"07074334072","1990-05-03T10:00:00","4","49.15","4.533","199.0","SUIPPES RANGE MET, FR","FM-15","LFFS ","V020","999,9,9,9999,9","99999,1,C,Y","009900,1,N,1","+9999,9","+9999,9","99999,9","2,999",,,,,,,"MET020CAVOK // // QFE 1007","Q01+000000PRSWM2"
"07074334072","1990-05-03T11:00:00","4","49.15","4.533","199.0","SUIPPES RANGE MET, FR","FM-15","LFFS ","V020","999,9,9,9999,9","99999,1,C,Y","009900,1,N,1","+9999,9","+9999,9","99999,9","2,999",,,,,,,"MET020CAVOK // // QFE 1006","Q01+000000PRSWM2"
"07074334072","1990-05-03T12:00:00","4","49.15","4.533","199.0","SUIPPES RANGE MET, FR","FM-15","LFFS ","V020","090,1,N,0082,1","99999,1,C,Y","009900,1,N,1","+9999,9","+9999,9","99999,9","2,000",,,,,,,"MET020CAVOK // // QFE 1006","Q01+000000PRSWM2"
"07074334072","1990-05-03T13:00:00","4","49.15","4.533","199.0","SUIPPES RANGE MET, FR","FM-15","LFFS ","V020","090,1,N,0103,1","99999,1,C,Y","009900,1,N,1","+9999,9","+9999,9","99999,9","2,999",,,,,,,"MET020CAVOK // // QFE 1005","Q01+000000PRSWM2"
"07074334072","1990-05-03T14:00:00","4","49.15","4.533","199.0","SUIPPES RANGE MET, FR","FM-15","LFFS ","V020","070,1,N,0082,1","99999,1,C,Y","009900,1,N,1","+9999,9","+9999,9","99999,9","2,999",,,,,,,"MET020CAVOK // // QFE 1005","Q01+000000PRSWM2"
"07074334072","1990-05-03T15:00:00","4","49.15","4.533","199.0","SUIPPES RANGE MET, FR","FM-15","LFFS ","V020","070,1,N,0072,1","99999,1,C,Y","009900,1,N,1","+9999,9","+9999,9","99999,9","2,000",,,,,,,"MET020CAVOK // // QFE 1004","Q01+000000PRSWM2"
"07074334072","1990-05-04T07:00:00","4","49.15","4.533","199.0","SUIPPES RANGE MET, FR","FM-15","LFFS ","V020","070,1,N,0093,1","99999,1,C,Y","009900,1,N,1","+9999,9","+9999,9","99999,9","1,999",,,,,,,"MET021CAVOK // // QFE 1003?","Q01+000000PRSWM2"
"07074334072","1990-05-04T08:00:00","4","49.15","4.533","199.0","SUIPPES RANGE MET, FR","FM-15","LFFS ","V020","090,1,N,0072,1","99999,1,C,Y","009900,1,N,1","+9999,9","+9999,9","99999,9","2,999",,,,,,,"MET020CAVOK // // QFE 1003","Q01+000000PRSWM2"
"07074334072","1990-05-04T09:00:00","4","49.15","4.533","199.0","SUIPPES RANGE MET, FR","FM-15","LFFS ","V020","090,1,N,0062,1","99999,1,C,Y","009900,1,N,1","+9999,9","+9999,9","99999,9","2,000",,,,,,,"MET020CAVOK // // QFE 1003","Q01+000000PRSWM2"
"07074334072","1990-05-04T10:00:00","4","49.15","4.533","199.0","SUIPPES RANGE MET, FR","FM-15","LFFS ","V020","090,1,N,0062,1","99999,1,C,Y","009900,1,N,1","+9999,9","+9999,9","99999,9","2,999",,,,,,,"MET020CAVOK // // QFE 1003","Q01+000000PRSWM2"
"07074334072","1990-05-04T11:00:00","4","49.15","4.533","199.0","SUIPPES RANGE MET, FR","FM-15","LFFS ","V020","070,1,N,0103,1","99999,1,C,Y","009900,1,N,1","+9999,9","+9999,9","99999,9","2,999",,,,,,,"MET020CAVOK // // QFE 1002","Q01+000000PRSWM2"
"07074334072","1990-05-04T12:00:00","4","49.15","4.533","199.0","SUIPPES RANGE MET, FR","FM-15","LFFS ","V020","080,1,N,0072,1","99999,1,C,Y","009900,1,N,1","+9999,9","+9999,9","99999,9","2,000",,,,,,,"MET020CAVOK // // QFE 1002","Q01+000000PRSWM2"
"07074334072","1990-05-04T13:00:00","4","49.15","4.533","199.0","SUIPPES RANGE MET, FR","FM-15","LFFS ","V020","110,1,N,0093,1","99999,1,C,Y","009900,1,N,1","+9999,9","+9999,9","99999,9","2,999",,,,,,,"MET020CAVOK // // QFE 1002","Q01+000000PRSWM2"
"07074334072","1990-05-04T14:00:00","4","49.15","4.533","199.0","SUIPPES RANGE MET, FR","FM-15","LFFS ","V020","090,1,N,0093,1","99999,1,C,Y","009900,1,N,1","+9999,9","+9999,9","99999,9","2,999",,,,,,,"MET020CAVOK // // QFE 1001","Q01+000000PRSWM2"
"07074334072","1990-05-09T07:00:00","4","49.15","4.533","199.0","SUIPPES RANGE MET, FR","FM-15","LFFS ","V020","999,9,9,9999,9","00990,1,C,N","006000,1,N,1","+9999,9","+9999,9","99999,9","2,999","07,1,+00990,9,05,9",,,,,,"MET008QFE 995?","Q01+000000PRSWM2"
"07074334072","1990-05-09T08:00:00","4","49.15","4.533","199.0","SUIPPES RANGE MET, FR","FM-15","LFFS ","V020","999,9,9,9999,9","01800,1,C,N","007000,1,N,1","+9999,9","+9999,9","99999,9","2,999","03,1,+00990,9,05,9","07,1,+01800,9,05,9",,,,,"MET008QFE 995?","Q01+000000PRSWM2"
"07074334072","1990-05-09T11:00:00","4","49.15","4.533","199.0","SUIPPES RANGE MET, FR","FM-15","LFFS ","V020","999,9,9,9999,9","22000,1,C,N","007000,1,N,1","+9999,9","+9999,9","99999,9","2,999","01,1,+00600,9,99,9","03,1,+01500,9,05,9",,"09959,1,99999,9",,,,"Q01+000000PRSWM2"
"07074334072","1990-05-09T12:00:00","4","49.15","4.533","199.0","SUIPPES RANGE MET, FR","FM-15","LFFS ","V020","999,9,9,9999,9","22000,1,C,N","009000,1,N,1","+9999,9","+9999,9","99999,9","2,000","03,1,+00600,9,08,9",,,"09949,1,99999,9",,,,"Q01+000000PRSWM2"
"07074334072","1990-05-09T13:00:00","4","49.15","4.533","199.0","SUIPPES RANGE MET, FR","FM-15","LFFS ","V020","999,9,9,9999,9","22000,1,C,N","011200,1,N,1","+9999,9","+9999,9","99999,9","2,999","04,1,+00600,9,08,9",,,"09949,1,99999,9",,,,"Q01+000000PRSWM2"
"07074334072","1990-05-09T14:00:00","4","49.15","4.533","199.0","SUIPPES RANGE MET, FR","FM-15","LFFS ","V020","999,9,9,9999,9","00600,1,C,N","011200,1,N,1","+9999,9","+9999,9","99999,9","2,999","05,1,+00600,9,08,9",,,"09949,1,99999,9",,,,"Q01+000000PRSWM2"
"07074334072","1990-05-09T15:00:00","4","49.15","4.533","199.0","SUIPPES RANGE MET, FR","FM-15","LFFS ","V020","999,9,9,9999,9","00600,1,C,N","011200,1,N,1","+9999,9","+9999,9","99999,9","2,000","05,1,+00600,9,08,9",,,"09939,1,99999,9",,,,"Q01+000000PRSWM2"
"07074334072","1990-05-10T08:30:00","4","49.15","4.533","199.0","SUIPPES RANGE MET, FR","FM-16","LFFS ","V020","999,9,9,9999,9","00990,1,C,N","001500,1,N,1","+9999,9","+9999,9","99999,9","2,999","04,1,+00300,9,09,9","04,1,+00990,9,05,9",,,"95,1",,"MET003M9?",
"07074334072","1990-05-10T09:00:00","4","49.15","4.533","199.0","SUIPPES RANGE MET, FR","FM-15","LFFS ","V020","999,9,9,9999,9","00600,1,C,N","001500,1,N,1","+9999,9","+9999,9","99999,9","2,013","02,1,+00300,9,09,9","03,1,+00600,9,05,9","05,1,+00990,9,05,9",,"95,1",,"MET008QFE 995?",
"07074334072","1990-05-10T09:15:00","4","49.15","4.533","199.0","SUIPPES RANGE MET, FR","FM-16","LFFS ","V020","999,9,9,9999,9","06000,1,C,N","001500,1,N,1","+9999,9","+9999,9","99999,9","2,010","01,1,+00300,9,09,9","02,1,+00600,9,05,9","05,1,+06000,9,00,9",,"91,1",,"MET003B9?",
"07074334072","1990-05-10T10:00:00","4","49.15","4.533","199.0","SUIPPES RANGE MET, FR","FM-15","LFFS ","V020","999,9,9,9999,9","00300,1,C,N","002000,1,N,1","+9999,9","+9999,9","99999,9","2,999","05,1,+00300,9,07,9","07,1,+00990,9,05,9",,,"63,1",,"MET008QFE 995?",
"07074334072","1990-05-10T11:00:00","4","49.15","4.533","199.0","SUIPPES RANGE MET, FR","FM-15","LFFS ","V020","999,9,9,9999,9","00300,1,C,N","001500,1,N,1","+9999,9","+9999,9","99999,9","2,999","05,1,+00300,9,07,9","07,1,+00990,9,05,9",,,"63,1",,"MET008QFE 994?",
"07074334072","1990-05-10T12:00:00","4","49.15","4.533","199.0","SUIPPES RANGE MET, FR","FM-15","LFFS ","V020","999,9,9,9999,9","00300,1,C,N","005000,1,N,1","+9999,9","+9999,9","99999,9","2,004","05,1,+00300,9,07,9","07,1,+01200,9,05,9",,,"21,1",,"MET008QFE 994?",
"07074334072","1990-05-10T14:00:00","4","49.15","4.533","199.0","SUIPPES RANGE MET, FR","FM-15","LFFS ","V020","999,9,9,9999,9","01290,1,C,N","007000,1,N,1","+9999,9","+9999,9","99999,9","2,999","03,1,+00240,9,07,9","07,1,+01290,9,05,9",,,,,"MET008QFE 994?","Q01+000000PRSWM2"
"07074334072","1990-05-11T07:00:00","4","49.15","4.533","199.0","SUIPPES RANGE MET, FR","FM-15","LFFS ","V020","999,9,9,9999,9","00780,1,C,N","011200,1,N,1","+9999,9","+9999,9","99999,9","2,999","02,1,+00480,9,08,9","07,1,+00780,9,05,9",,,,,"MET008QFE 993?","Q01+000000PRSWM2"
"07074334072","1990-05-11T08:00:00","4","49.15","4.533","199.0","SUIPPES RANGE MET, FR","FM-15","LFFS ","V020","999,9,9,9999,9","00780,1,C,N","007000,1,N,1","+9999,9","+9999,9","99999,9","2,999","02,1,+00480,9,08,9","06,1,+00780,9,05,9",,,,,"MET008QFE 994?","Q01+000000PRSWM2"
"07074334072","1990-05-11T09:00:00","4","49.15","4.533","199.0","SUIPPES RANGE MET, FR","FM-15","LFFS ","V020","999,9,9,9999,9","00600,1,C,N","011200,1,N,1","+9999,9","+9999,9","99999,9","2,000","05,1,+00600,9,08,9",,,,,,"MET008QFE 994?","Q01+000000PRSWM2"
"07074334072","1990-05-11T10:00:00","4","49.15","4.533","199.0","SUIPPES RANGE MET, FR","FM-15","LFFS ","V020","999,9,9,9999,9","00780,1,C,N","011200,1,N,1","+9999,9","+9999,9","99999,9","2,999","06,1,+00780,9,08,9",,,,,,"MET008QFE 993?","Q01+000000PRSWM2"
"07074334072","1990-05-11T11:00:00","4","49.15","4.533","199.0","SUIPPES RANGE MET, FR","FM-15","LFFS ","V020","999,9,9,9999,9","00780,1,C,N","011200,1,N,1","+9999,9","+9999,9","99999,9","2,999","06,1,+00780,9,08,9",,,"09929,1,99999,9",,,,"Q01+000000PRSWM2"
"07074334072","1990-05-11T12:00:00","4","49.15","4.533","199.0","SUIPPES RANGE MET, FR","FM-15","LFFS ","V020","999,9,9,9999,9","00900,1,C,N","011200,1,N,1","+9999,9","+9999,9","99999,9","2,000","05,1,+00900,9,08,9",,,,,,"MET008QFE 993?","Q01+000000PRSWM2"
"07074334072","1990-05-11T13:00:00","4","49.15","4.533","199.0","SUIPPES RANGE MET, FR","FM-15","LFFS ","V020","999,9,9,9999,9","00900,1,C,N","011200,1,N,1","+9999,9","+9999,9","99999,9","2,999","05,1,+00900,9,08,9",,,"09919,1,99999,9",,,,"Q01+000000PRSWM2"
"07074334072","1990-05-14T08:00:00","4","49.15","4.533","199.0","SUIPPES RANGE MET, FR","FM-15","LFFS ","V020","999,9,9,9999,9","22000,1,C,N","004500,1,N,1","+9999,9","+9999,9","99999,9","2,999","01,1,+00600,9,08,9",,,"09970,1,99999,9","10,1",,,
"07074334072","1990-05-14T08:20:00","4","49.15","4.533","199.0","SUIPPES RANGE MET, FR","FM-16","LFFS ","V020","999,9,9,9999,9","22000,1,C,N","005000,1,N,1","+9999,9","+9999,9","99999,9","2,999","01,1,+00600,9,08,9",,,,,,"MET003B2?","Q01+000000PRSWM2"
"07074334072","1990-05-14T09:00:00","4","49.15","4.533","199.0","SUIPPES RANGE MET, FR","FM-15","LFFS ","V020","999,9,9,9999,9","22000,1,C,N","007000,1,N,1","+9999,9","+9999,9","99999,9","2,000","01,1,+00600,9,08,9",,,,,,"MET013// // QFE997?","Q01+000000PRSWM2"
"07074334072","1990-05-14T11:00:00","4","49.15","4.533","199.0","SUIPPES RANGE MET, FR","FM-15","LFFS ","V020","999,9,9,9999,9","22000,1,C,N","011200,1,N,1","+9999,9","+9999,9","99999,9","2,999","04,1,+00750,9,08,9",,,"09970,1,99999,9",,,,"Q01+000000PRSWM2"
"07074334072","1990-05-14T13:00:00","4","49.15","4.533","199.0","SUIPPES RANGE MET, FR","FM-15","LFFS ","V020","999,9,9,9999,9","07500,1,C,N","011200,1,N,1","+9999,9","+9999,9","99999,9","2,999","03,1,+00930,9,08,9","06,1,+07500,9,00,9",,"09970,1,99999,9",,,,"Q01+000000PRSWM2"
"07074334072","1990-05-14T14:00:00","4","49.15","4.533","199.0","SUIPPES RANGE MET, FR","FM-15","LFFS ","V020","999,9,9,9999,9","07500,1,C,N","011200,1,N,1","+9999,9","+9999,9","99999,9","2,999","03,1,+01050,9,08,9","03,1,+07500,9,00,9",,"09959,1,99999,9",,,,"Q01+000000PRSWM2"
"07074334072","1990-05-14T15:00:00","4","49.15","4.533","199.0","SUIPPES RANGE MET, FR","FM-15","LFFS ","V020","999,9,9,9999,9","07500,1,C,N","011200,1,N,1","+9999,9","+9999,9","99999,9","2,000","01,1,+01050,9,08,9","07,1,+07500,9,00,9",,"09959,1,99999,9",,,,"Q01+000000PRSWM2"
"07074334072","1990-05-15T07:00:00","4","49.15","4.533","199.0","SUIPPES RANGE MET, FR","FM-15","LFFS ","V020","060,1,N,0021,1","03000,1,C,N","007000,1,N,1","+0140,1","+9999,9","99999,9","2,999","01,1,+00900,9,08,9","03,1,+01200,9,05,9","07,1,+03000,9,03,9","09970,1,99999,9",,,,"Q01+000000PRSWM2"
"07074334072","1990-05-15T08:00:00","4","49.15","4.533","199.0","SUIPPES RANGE MET, FR","FM-15","LFFS ","V020","120,1,N,0031,1","99999,1,C,Y","009900,1,N,1","+0160,1","+9999,9","99999,9","2,999",,,,"09980,1,99999,9",,,"MET005CAVOK","Q01+000000PRSWM2"
"07074334072","1990-05-15T09:00:00","4","49.15","4.533","199.0","SUIPPES RANGE MET, FR","FM-15","LFFS ","V020","160,1,N,0031,1","99999,1,C,Y","009900,1,N,1","+0180,1","+9999,9","99999,9","2,000",,,,"09980,1,99999,9",,,"MET005CAVOK","Q01+000000PRSWM2"
"07074334072","1990-05-15T10:00:00","4","49.15","4.533","199.0","SUIPPES RANGE MET, FR","FM-15","LFFS ","V020","200,1,N,0031,1","99999,1,C,Y","009900,1,N,1","+0190,1","+9999,9","99999,9","2,999",,,,"09980,1,99999,9",,,"MET005CAVOK","Q01+000000PRSWM2"
"07074334072","1990-05-15T11:00:00","4","49.15","4.533","199.0","SUIPPES RANGE MET, FR","FM-15","LFFS ","V020","200,1,N,0021,1","07500,1,C,N","011200,1,N,1","+0200,1","+9999,9","99999,9","2,999","02,1,+00600,9,08,9","07,1,+07500,9,00,9",,"09980,1,99999,9",,,,"Q01+000000PRSWM2"
"07074334072","1990-05-15T12:00:00","4","49.15","4.533","199.0","SUIPPES RANGE MET, FR","FM-15","LFFS ","V020","240,1,N,0041,1","07500,1,C,N","011200,1,N,1","+0210,1","+9999,9","99999,9","2,000","04,1,+00750,9,08,9","07,1,+07500,9,00,9",,"09980,1,99999,9",,,,"Q01+000000PRSWM2"
"07074334072","1990-05-15T13:00:00","4","49.15","4.533","199.0","SUIPPES RANGE MET, FR","FM-15","LFFS ","V020","240,1,N,0031,1","07500,1,C,N","011200,1,N,1","+0220,1","+9999,9","99999,9","2,999","04,1,+00900,9,08,9","07,1,+07500,9,00,9",,"09970,1,99999,9",,,,"Q01+000000PRSWM2"
"07074334072","1990-05-15T14:00:00","4","49.15","4.533","199.0","SUIPPES RANGE MET, FR","FM-15","LFFS ","V020","280,1,N,0031,1","07500,1,C,N","011200,1,N,1","+0210,1","+9999,9","99999,9","2,999","03,1,+01200,9,08,9","07,1,+07500,9,00,9",,"09970,1,99999,9",,,,"Q01+000000PRSWM2"
"07074334072","1990-05-15T15:00:00","4","49.15","4.533","199.0","SUIPPES RANGE MET, FR","FM-15","LFFS ","V020","240,1,N,0021,1","07500,1,C,N","011200,1,N,1","+0230,1","+9999,9","99999,9","2,000","03,1,+01350,9,08,9","07,1,+07500,9,00,9",,"09970,1,99999,9",,,,"Q01+000000PRSWM2"
"07074334072","1990-05-16T07:00:00","4","49.15","4.533","199.0","SUIPPES RANGE MET, FR","FM-15","LFFS ","V020","240,1,N,0021,1","07500,1,C,N","011200,1,N,1","+0170,1","+9999,9","99999,9","2,999","01,1,+00900,9,08,9","03,1,+03000,9,03,9","06,1,+07500,9,00,9",,,,"MET007QFE999?","Q01+000000PRSWM2"
"07074334072","1990-05-16T08:00:00","4","49.15","4.533","199.0","SUIPPES RANGE MET, FR","FM-15","LFFS ","V020","240,1,N,0021,1","03000,1,C,N","011200,1,N,1","+0170,1","+0100,1","99999,9","2,999","02,1,+00900,9,08,9","04,1,+03000,9,03,9",,,,,"MET007QFE999?","Q01+000000PRSWM2"
"07074334072","1990-05-16T09:00:00","4","49.15","4.533","199.0","SUIPPES RANGE MET, FR","FM-15","LFFS ","V020","200,1,N,0031,1","07500,1,C,N","011200,1,N,1","+0180,1","+0110,1","99999,9","2,000","01,1,+00900,9,08,9","04,1,+03000,9,03,9","06,1,+07500,9,00,9",,,,"MET007QFE999?","Q01+000000PRSWM2"
"07074334072","1990-05-16T10:00:00","4","49.15","4.533","199.0","SUIPPES RANGE MET, FR","FM-15","LFFS ","V020","999,9,9,9999,9","03000,1,C,N","011200,1,N,1","+9999,9","+9999,9","99999,9","2,999","01,1,+00990,9,08,9","06,1,+03000,9,03,9",,,,,"MET008QFE1000?","Q01+000000PRSWM2"
"07074334072","1990-05-16T11:00:00","4","49.15","4.533","199.0","SUIPPES RANGE MET, FR","FM-15","LFFS ","V020","999,9,9,9999,9","07500,1,C,N","011200,1,N,1","+9999,9","+9999,9","99999,9","2,999","02,1,+00990,9,08,9","04,1,+07500,9,00,9",,,,,"MET007QFE999?","Q01+000000PRSWM2"
"07074334072","1990-05-16T12:00:00","4","49.15","4.533","199.0","SUIPPES RANGE MET, FR","FM-15","LFFS ","V020","999,9,9,9999,9","01080,1,C,N","011200,1,N,1","+9999,9","+9999,9","99999,9","2,000","05,1,+01080,9,08,9","04,1,+07500,9,00,9",,,,,"MET012//// QFE999?","Q01+000000PRSWM2"
"07074334072","1990-05-21T12:15:00","4","49.15","4.533","199.0","SUIPPES RANGE MET, FR","FM-16","LFFS ","V020","999,9,9,9999,9","00240,1,C,N","005000,1,N,1","+9999,9","+9999,9","99999,9","2,011","05,1,+00240,9,07,9","08,1,+00480,9,05,9",,,"61,1",,"MET003B2?",
"07074334072","1990-06-06T09:00:00","4","49.15","4.533","199.0","SUIPPES RANGE MET, FR","FM-16","LFFS ","V020","999,9,9,9999,9","00630,1,C,N","011200,1,N,1","+9999,9","+9999,9","99999,9","2,000","05,1,+00630,9,08,9","07,1,+01290,9,05,9",,,,,"MET003B2?","Q01+000000PRSWM2"
"07074334072","1990-08-21T09:00:00","4","49.15","4.533","199.0","SUIPPES RANGE MET, FR","FM-15","LFFS ","V020","999,9,9,9999,9","00750,1,C,N","011200,1,N,1","+9999,9","+9999,9","99999,9","2,000","05,1,+00750,9,08,9","07,1,+07500,9,00,9",,"10020,1,99999,9",,,,"Q01+000000PRSWM2"
"07074334072","1990-10-10T09:25:00","4","49.15","4.533","199.0","SUIPPES RANGE MET, FR","FM-16","LFFS ","V020","999,9,9,9999,9","07500,1,C,N","999999,9,N,9","+9999,9","+9999,9","99999,9","2,012","07,1,+07500,9,00,9",,,,"55,1",,"MET0100 /////M2?MET012RJCT00  0000","Q01+000002VOVAR "
"07074334072","1990-10-18T08:45:00","4","49.15","4.533","199.0","SUIPPES RANGE MET, FR","FM-16","LFFS ","V020","999,9,9,9999,9","00300,1,C,N","005000,1,N,1","+9999,9","+9999,9","99999,9","2,999","07,1,+00300,9,07,9",,,,"50,1",,"MET003B3?",
"07074334072","1990-10-25T13:00:00","4","49.15","4.533","199.0","SUIPPES RANGE MET, FR","FM-15","LFFS ","V020","999,9,9,9999,9","00030,1,C,N","009000,1,N,1","+9999,9","+9999,9","99999,9","2,002","07,1,+00030,9,07,9",,,,"60,1",,"MET0051 B3?",
"07074334072","1990-10-25T15:30:00","4","49.15","4.533","199.0","SUIPPES RANGE MET, FR","FM-16","LFFS ","V020","999,9,9,9999,9","00690,1,C,N","011200,1,N,1","+9999,9","+9999,9","99999,9","2,003","01,1,+00210,9,07,9","01,1,+00450,9,09,9","06,1,+00690,9,05,9",,"21,1",,"MET003B3?",
"07074334072","1990-11-02T09:05:00","4","49.15","4.533","199.0","SUIPPES RANGE MET, FR","FM-16","LFFS ","V020","999,9,9,9999,9","00690,1,C,N","011200,1,N,1","+9999,9","+9999,9","99999,9","2,000","04,1,+00300,9,08,9","04,1,+00690,9,05,9",,,,,"MET003B3?","Q01+000000PRSWM2"
"07074334072","1990-11-09T11:50:00","4","49.15","4.533","199.0","SUIPPES RANGE MET, FR","FM-16","LFFS ","V020","999,9,9,9999,9","07500,1,C,N","005000,1,N,1","+9999,9","+9999,9","99999,9","2,999","05,1,+07500,9,00,9",,,,,,"MET003B2?","Q01+000000PRSWM2"
"07074334072","1990-11-12T12:00:00","4","49.15","4.533","199.0","SUIPPES RANGE MET, FR","FM-16","LFFS ","V020","999,9,9,9999,9","00990,1,C,N","003000,1,N,1","+9999,9","+9999,9","99999,9","2,000","03,1,+00180,9,07,9","03,1,+00990,9,05,9","04,1,+03000,9,03,9",,"10,1",,"MET003B3?",
"07074334072","1990-11-12T13:15:00","4","49.15","4.533","199.0","SUIPPES RANGE MET, FR","FM-16","LFFS ","V020","999,9,9,9999,9","00990,1,C,N","006000,1,N,1","+9999,9","+9999,9","99999,9","2,999","03,1,+00240,9,07,9","06,1,+00990,9,05,9",,,,,"MET003B3?","Q01+000000PRSWM2"
"07074334072","1990-11-13T08:00:00","4","49.15","4.533","199.0","SUIPPES RANGE MET, FR","FM-15","LFFS ","V020","999,9,9,9999,9","22000,1,C,N","999999,9,N,9","+9999,9","+9999,9","99999,9","2,999",,,,,,,"MET03261RA 8MST005 M93? 7@@@@@%@@@@@@@","Q01+000002VOVAR Q02+000000PRSWM2"
"07074334072","1990-11-14T09:14:00","4","49.15","4.533","199.0","SUIPPES RANGE MET, FR","FM-16","LFFS ","V020","999,9,9,9999,9","00180,1,C,N","005000,1,N,1","+9999,9","+9999,9","99999,9","2,003","07,1,+00180,9,07,9",,,,"21,1",,"MET003B2?",
"07074334072","1990-11-19T16:20:00","4","49.15","4.533","199.0","SUIPPES RANGE MET, FR","FM-16","LFFS ","V020","999,9,9,9999,9","01380,1,C,N","011200,1,N,1","+9999,9","+9999,9","99999,9","2,999","03,1,+00900,9,08,9","06,1,+01380,9,05,9",,,"29,1",,"MET003B8?",
"07074334072","1990-11-20T14:15:00","4","49.15","4.533","199.0","SUIPPES RANGE MET, FR","FM-16","LFFS ","V020","999,9,9,9999,9","00180,1,C,N","004000,1,N,1","+9999,9","+9999,9","99999,9","2,999","07,1,+00180,9,07,9",,,,"58,1",,"MET006M3+M2?",
"07074334072","1990-11-20T15:00:00","4","49.15","4.533","199.0","SUIPPES RANGE MET, FR","FM-15","LFFS ","V020","999,9,9,9999,9","00180,1,C,N","005000,1,N,1","+9999,9","+9999,9","99999,9","2,999","07,1,+00180,9,07,9",,,,"61,1",,"MET003B2?",
"07074334072","1990-12-04T13:25:00","4","49.15","4.533","199.0","SUIPPES RANGE MET, FR","FM-16","LFFS ","V020","999,9,9,9999,9","00330,1,C,N","005000,1,N,1","+9999,9","+9999,9","99999,9","2,999","05,1,+00330,9,05,9","04,1,+02700,9,03,9",,,,,"MET003B3?","Q01+000000PRSWM2"
"07074334072","1990-12-04T14:50:00","4","49.15","4.533","199.0","SUIPPES RANGE MET, FR","FM-16","LFFS ","V020","999,9,9,9999,9","00270,1,C,N","004000,1,N,1","+9999,9","+9999,9","99999,9","2,999","06,1,+00270,9,08,9","06,1,+00990,9,05,9",,,"10,1",,"MET003M3?",
"07074334072","1990-12-07T12:00:00","4","49.15","4.533","199.0","SUIPPES RANGE MET, FR","FM-15","LFFS ","V020","999,9,9,9999,9","22000,1,C,N","009000,1,N,1","+9999,9","+9999,9","99999,9","2,000","03,1,+07500,9,00,9",,,,,,"MET015// // QFE ////?","Q01+000000PRSWM2"
"07074334072","1990-12-11T08:45:00","4","49.15","4.533","199.0","SUIPPES RANGE MET, FR","FM-16","LFFS ","V020","999,9,9,9999,9","00750,1,C,N","005000,1,N,1","+9999,9","+9999,9","99999,9","2,999","07,1,+00750,9,05,9",,,,,,"MET003B2?","Q01+000000PRSWM2"
"07074334072","1990-12-11T10:00:00","4","49.15","4.533","199.0","SUIPPES RANGE MET, FR","FM-15","LFFS ","V020","999,9,9,9999,9","00750,1,C,N","004200,1,N,1","+9999,9","+9999,9","99999,9","2,000","04,1,+00120,9,07,9","07,1,+00750,9,05,9",,,"10,1",,"MET003M2?",
"07074334072","1990-12-11T13:00:00","4","49.15","4.533","199.0","SUIPPES RANGE MET, FR","FM-15","LFFS ","V020","999,9,9,9999,9","00120,1,C,N","004000,1,N,1","+9999,9","+9999,9","99999,9","2,000","05,1,+00120,9,07,9","07,1,+00900,9,05,9",,,"10,1",,"MET003M3?",
