"STATION","DATE","SOURCE","LATITUDE","LONGITUDE","ELEVATION","NAME","REPORT_TYPE","CALL_SIGN","QUALITY_CONTROL","WND","CIG","VIS","TMP","DEW","SLP","AA1","AA2","AG1","AY1","AY2","GA1","GF1","KA1","MW1","REM","EQD"
"07104099999","1990-01-01T06:00:00","4","48.2833333","-4.6333333","36.0","POINTE DE TOULINGUET, FR","FM-12","99999","V020","999,9,9,9999,9","99999,9,9,N","004000,1,N,9","+0100,1","+9999,9","99999,9","99,0010,9,1",,"0,001","6,1,06,1",,,"08,99,1,99,9,99,9,99999,9,99,9,99,9","999,N,+0074,1","61,1","SYN017333   20074 91826",
"07104099999","1990-01-01T12:00:00","4","48.2833333","-4.6333333","36.0","POINTE DE TOULINGUET, FR","FM-12","99999","V020","999,9,9,9999,9","99999,9,9,N","020000,1,N,9","+0094,1","+9999,9","99999,9","06,0050,9,1",,"0,002","8,1,06,1","6,1,06,1",,"06,99,1,99,9,99,9,99999,9,99,9,99,9",,"00,1","SYN011333   91841",
"07104099999","1990-01-01T18:00:00","4","48.2833333","-4.6333333","36.0","POINTE DE TOULINGUET, FR","FM-12","99999","V020","999,9,9,9999,9","22000,1,C,N","020000,1,N,9","+0104,1","+9999,9","99999,9","99,0050,9,1",,"0,000","0,1,06,1","0,1,06,1",,"02,99,1,99,9,99,9,99999,9,99,9,99,9","999,M,+0118,1","00,1","SYN017333   10118 91838",
"07104099999","1990-01-02T06:00:00","4","48.2833333","-4.6333333","36.0","POINTE DE TOULINGUET, FR","FM-12","99999","V020","999,9,9,9999,9","22000,1,C,N","020000,1,N,9","+0112,1","+9999,9","99999,9","99,0000,9,1",,"4,000",,,,"04,99,1,99,9,99,9,99999,9,99,9,99,9","999,N,+0070,1","00,1","SYN017333   20070 91848",
"07104099999","1990-01-02T12:00:00","4","48.2833333","-4.6333333","36.0","POINTE DE TOULINGUET, FR","FM-12","99999","V020","999,9,9,9999,9","99999,9,9,N","020000,1,N,9","+0118,1","+9999,9","99999,9","06,0003,9,1",,"0,002","8,1,06,1","0,1,06,1",,"05,99,1,99,9,99,9,99999,9,99,9,99,9",,"00,1","SYN011333   91848",
"07104099999","1990-01-02T18:00:00","4","48.2833333","-4.6333333","36.0","POINTE DE TOULINGUET, FR","FM-12","99999","V020","999,9,9,9999,9","99999,9,9,N","010000,1,N,9","+0108,1","+9999,9","99999,9","99,0003,9,1",,"0,000","0,1,06,1","0,1,06,1",,"06,99,1,99,9,99,9,99999,9,99,9,99,9","999,M,+0120,1","00,1","SYN017333   10120 91847",
"07104099999","1990-01-03T06:00:00","4","48.2833333","-4.6333333","36.0","POINTE DE TOULINGUET, FR","FM-12","99999","V020","999,9,9,9999,9","99999,9,9,N","020000,1,N,9","+0076,1","+9999,9","99999,9","99,0000,9,1",,"4,000",,,,"07,99,1,99,9,99,9,99999,9,99,9,99,9",,"00,1",,
"07104099999","1990-01-03T12:00:00","4","48.2833333","-4.6333333","36.0","POINTE DE TOULINGUET, FR","FM-12","99999","V020","999,9,9,9999,9","99999,9,9,N","010000,1,N,9","+0082,1","+9999,9","99999,9","06,0000,9,1",,"4,000","0,1,06,1","0,1,06,1",,"08,99,1,99,9,99,9,99999,9,99,9,99,9",,"00,1","SYN011333   91837",
"07104099999","1990-01-03T18:00:00","4","48.2833333","-4.6333333","36.0","POINTE DE TOULINGUET, FR","FM-12","99999","V020","999,9,9,9999,9","99999,9,9,N","004000,1,N,9","+0080,1","+9999,9","99999,9","99,0000,9,1",,"4,000","0,1,06,1","0,1,06,1",,"08,99,1,99,9,99,9,99999,9,99,9,99,9","999,M,+0090,1","00,1","SYN017333   10090 91835",
"07104099999","1990-01-04T12:00:00","4","48.2833333","-4.6333333","36.0","POINTE DE TOULINGUET, FR","FM-12","99999","V020","999,9,9,9999,9","99999,9,9,N","002000,1,N,9","+0082,1","+9999,9","99999,9","06,0020,9,1",,"0,000","4,1,06,1","0,1,06,1",,"06,99,1,99,9,99,9,99999,9,99,9,99,9",,"00,1","SYN011333   91835",
"07104099999","1990-01-04T18:00:00","4","48.2833333","-4.6333333","36.0","POINTE DE TOULINGUET, FR","FM-12","99999","V020","999,9,9,9999,9","99999,9,9,N","002000,1,N,9","+0094,1","+9999,9","99999,9","99,0000,9,1",,"4,000","0,1,06,1","0,1,06,1",,"06,99,1,99,9,99,9,99999,9,99,9,99,9","999,M,+0096,1","00,1","SYN017333   10096 91835",
"07104099999","1990-01-05T12:00:00","4","48.2833333","-4.6333333","36.0","POINTE DE TOULINGUET, FR","FM-12","99999","V020","999,9,9,9999,9","99999,9,9,N","010000,1,N,9","+0114,1","+9999,9","99999,9","06,0001,9,1",,"0,001","6,1,06,1","0,1,06,1",,"08,99,1,99,9,99,9,99999,9,99,9,99,9",,"61,1","SYN011333   91847",
"07104099999","1990-01-05T18:00:00","4","48.2833333","-4.6333333","36.0","POINTE DE TOULINGUET, FR","FM-12","99999","V020","999,9,9,9999,9","99999,9,9,N","004000,1,N,9","+0108,1","+9999,9","99999,9","99,0005,9,1",,"0,001","6,1,06,1","0,1,06,1",,"08,99,1,99,9,99,9,99999,9,99,9,99,9","999,M,+0120,1","61,1","SYN017333   10120 91836",
"07104099999","1990-01-06T06:00:00","4","48.2833333","-4.6333333","36.0","POINTE DE TOULINGUET, FR","FM-12","99999","V020","999,9,9,9999,9","99999,9,9,N","010000,1,N,9","+0118,1","+9999,9","99999,9","99,0003,9,1",,"0,001","6,1,06,1",,,"08,99,1,99,9,99,9,99999,9,99,9,99,9","999,N,+0112,1","61,1","SYN017333   20112 91837",
"07104099999","1990-01-06T12:00:00","4","48.2833333","-4.6333333","36.0","POINTE DE TOULINGUET, FR","FM-12","99999","V020","999,9,9,9999,9","99999,9,9,N","004000,1,N,9","+0116,1","+9999,9","99999,9","06,0020,9,1",,"0,001","6,1,06,1","0,1,06,1",,"08,99,1,99,9,99,9,99999,9,99,9,99,9",,"63,1","SYN011333   91846",
"07104099999","1990-01-06T18:00:00","4","48.2833333","-4.6333333","36.0","POINTE DE TOULINGUET, FR","FM-12","99999","V020","999,9,9,9999,9","99999,9,9,N","020000,1,N,9","+0096,1","+9999,9","99999,9","99,0100,9,1",,"0,000",,,,"07,99,1,99,9,00,1,99999,9,06,1,00,1","999,M,+0116,1",,"SYN017333   10116 91838","Q01+000002SCOTLC"
"07104099999","1990-01-07T06:00:00","4","48.2833333","-4.6333333","36.0","POINTE DE TOULINGUET, FR","FM-12","99999","V020","999,9,9,9999,9","22000,1,C,N","020000,1,N,9","+0084,1","+9999,9","99999,9","99,0003,9,1",,"0,002","6,1,06,1",,,"04,99,1,99,9,99,9,99999,9,99,9,99,9","999,N,+0084,1","00,1","SYN017333   20084 91838",
"07104099999","1990-01-07T12:00:00","4","48.2833333","-4.6333333","36.0","POINTE DE TOULINGUET, FR","FM-12","99999","V020","999,9,9,9999,9","99999,9,9,N","020000,1,N,9","+0110,1","+9999,9","99999,9","06,0000,9,1",,"4,000","0,1,06,1","0,1,06,1",,"05,99,1,99,9,99,9,99999,9,99,9,99,9",,"00,1","SYN011333   91838",
"07104099999","1990-01-08T06:00:00","4","48.2833333","-4.6333333","36.0","POINTE DE TOULINGUET, FR","FM-12","99999","V020","999,9,9,9999,9","99999,9,9,N","020000,1,N,9","+0102,1","+9999,9","99999,9","99,0040,9,1",,"0,000",,,,"08,99,1,99,9,99,9,99999,9,99,9,99,9","999,N,+0102,1","00,1","SYN017333   20102 91838",
"07104099999","1990-01-08T12:00:00","4","48.2833333","-4.6333333","36.0","POINTE DE TOULINGUET, FR","FM-12","99999","V020","999,9,9,9999,9","00015,1,C,N","000100,1,N,9","+0094,1","+9999,9","99999,9","06,0000,9,1",,"4,000","4,1,06,1","0,1,06,1","09,1,+99999,9,99,9","09,99,1,09,1,99,9,99999,9,99,9,99,9",,"45,1","SYN011333   91821",
"07104099999","1990-01-08T18:00:00","4","48.2833333","-4.6333333","36.0","POINTE DE TOULINGUET, FR","FM-12","99999","V020","999,9,9,9999,9","99999,9,9,N","010000,1,N,9","+0102,1","+9999,9","99999,9","99,0000,9,1",,"4,000","4,1,06,1","0,1,06,1",,"08,99,1,99,9,99,9,99999,9,99,9,99,9","999,M,+0110,1","00,1","SYN017333   10110 91837",
"07104099999","1990-01-09T06:00:00","4","48.2833333","-4.6333333","36.0","POINTE DE TOULINGUET, FR","FM-12","99999","V020","999,9,9,9999,9","99999,9,9,N","020000,1,N,9","+0108,1","+9999,9","99999,9","99,0010,9,1",,"0,002","6,1,06,1",,,"06,99,1,99,9,99,9,99999,9,99,9,99,9","999,N,+0106,1","00,1","SYN017333   20106 91838",
"07104099999","1990-01-09T12:00:00","4","48.2833333","-4.6333333","36.0","POINTE DE TOULINGUET, FR","FM-12","99999","V020","999,9,9,9999,9","22000,1,C,N","020000,1,N,9","+0110,1","+9999,9","99999,9","06,0000,9,1",,"4,000","0,1,06,1","0,1,06,1",,"04,99,1,99,9,99,9,99999,9,99,9,99,9",,"00,1","SYN011333   91828",
"07104099999","1990-01-09T18:00:00","4","48.2833333","-4.6333333","36.0","POINTE DE TOULINGUET, FR","FM-12","99999","V020","999,9,9,9999,9","00015,1,C,N","000100,1,N,9","+0108,1","+9999,9","99999,9","99,0000,9,1",,"4,000","4,1,06,1","0,1,06,1","09,1,+99999,9,99,9","09,99,1,09,1,99,9,99999,9,99,9,99,9","999,M,+0122,1","45,1","SYN017333   10122 91831",
"07104099999","1990-01-10T12:00:00","4","48.2833333","-4.6333333","36.0","POINTE DE TOULINGUET, FR","FM-12","99999","V020","999,9,9,9999,9","99999,9,9,N","020000,1,N,9","+0106,1","+9999,9","99999,9","06,0003,9,1",,"0,002","6,1,06,1","0,1,06,1",,"08,99,1,99,9,99,9,99999,9,99,9,99,9",,"00,1","SYN011333   91838",
"07104099999","1990-01-10T18:00:00","4","48.2833333","-4.6333333","36.0","POINTE DE TOULINGUET, FR","FM-12","99999","V020","999,9,9,9999,9","99999,9,9,N","020000,1,N,9","+0108,1","+9999,9","99999,9","99,0003,9,1",,"0,000","0,1,06,1","0,1,06,1",,"08,99,1,99,9,99,9,99999,9,99,9,99,9","999,M,+0114,1","00,1","SYN017333   10114 91838",
"07104099999","1990-01-11T06:00:00","4","48.2833333","-4.6333333","36.0","POINTE DE TOULINGUET, FR","FM-12","99999","V020","999,9,9,9999,9","99999,9,9,N","020000,1,N,9","+0104,1","+9999,9","99999,9","99,0003,9,1",,"0,002","6,1,06,1",,,"07,99,1,99,9,99,9,99999,9,99,9,99,9","999,N,+0102,1","00,1","SYN017333   20102 91838",
"07104099999","1990-01-11T12:00:00","4","48.2833333","-4.6333333","36.0","POINTE DE TOULINGUET, FR","FM-12","99999","V020","999,9,9,9999,9","99999,9,9,N","020000,1,N,9","+0104,1","+9999,9","99999,9","06,0001,9,1",,"0,002","8,1,06,1","0,1,06,1",,"05,99,1,99,9,99,9,99999,9,99,9,99,9",,"00,1","SYN011333   91838",
"07104099999","1990-01-12T06:00:00","4","48.2833333","-4.6333333","36.0","POINTE DE TOULINGUET, FR","FM-12","99999","V020","999,9,9,9999,9","99999,9,9,N","020000,1,N,9","+0106,1","+9999,9","99999,9","99,0000,9,1",,"4,000",,,,"07,99,1,99,9,99,9,99999,9,99,9,99,9","999,N,+0096,1","00,1","SYN017333   20096 91838",
"07104099999","1990-01-12T12:00:00","4","48.2833333","-4.6333333","36.0","POINTE DE TOULINGUET, FR","FM-12","99999","V020","999,9,9,9999,9","99999,9,9,N","010000,1,N,9","+0106,1","+9999,9","99999,9","06,0005,9,1",,"0,002","8,1,06,1","0,1,06,1",,"08,99,1,99,9,99,9,99999,9,99,9,99,9",,"00,1","SYN011333   91848",
"07104099999","1990-01-12T18:00:00","4","48.2833333","-4.6333333","36.0","POINTE DE TOULINGUET, FR","FM-12","99999","V020","999,9,9,9999,9","99999,9,9,N","010000,1,N,9","+0096,1","+9999,9","99999,9","99,0010,9,1",,"0,001","8,1,06,1","6,1,06,1",,"08,99,1,99,9,99,9,99999,9,99,9,99,9","999,M,+0116,1","61,1","SYN017333   10116 91837",
"07104099999","1990-01-13T06:00:00","4","48.2833333","-4.6333333","36.0","POINTE DE TOULINGUET, FR","FM-12","99999","V020","999,9,9,9999,9","99999,9,9,N","020000,1,N,9","+0078,1","+9999,9","99999,9","99,0010,9,1",,"0,000",,,,"06,99,1,99,9,99,9,99999,9,99,9,99,9","999,N,+0074,1","00,1","SYN017333   20074 91838",
"07104099999","1990-01-13T12:00:00","4","48.2833333","-4.6333333","36.0","POINTE DE TOULINGUET, FR","FM-12","99999","V020","999,9,9,9999,9","22000,1,C,N","020000,1,N,9","+0100,1","+9999,9","99999,9","06,0000,9,1",,"4,000","0,1,06,1","0,1,06,1",,"04,99,1,99,9,99,9,99999,9,99,9,99,9",,"00,1","SYN011333   91838",
"07104099999","1990-01-13T18:00:00","4","48.2833333","-4.6333333","36.0","POINTE DE TOULINGUET, FR","FM-12","99999","V020","999,9,9,9999,9","99999,9,9,N","020000,1,N,9","+0090,1","+9999,9","99999,9","99,0000,9,1",,"4,000","0,1,06,1","0,1,06,1",,"06,99,1,99,9,99,9,99999,9,99,9,99,9","999,M,+0108,1","00,1","SYN017333   10108 91838",
"07104099999","1990-01-14T06:00:00","4","48.2833333","-4.6333333","36.0","POINTE DE TOULINGUET, FR","FM-12","99999","V020","999,9,9,9999,9","99999,9,9,N","010000,1,N,9","+0096,1","+9999,9","99999,9","99,0005,9,1",,"0,000",,,,"08,99,1,99,9,99,9,99999,9,99,9,99,9","999,N,+0094,1","00,1","SYN017333   20094 91837",
"07104099999","1990-01-14T12:00:00","4","48.2833333","-4.6333333","36.0","POINTE DE TOULINGUET, FR","FM-12","99999","V020","999,9,9,9999,9","22000,1,C,N","020000,1,N,9","+0108,1","+9999,9","99999,9","06,0030,9,1",,"0,002","8,1,06,1","5,1,06,1",,"03,99,1,99,9,99,9,99999,9,99,9,99,9",,"00,1","SYN011333   91838",
"07104099999","1990-01-14T18:00:00","4","48.2833333","-4.6333333","36.0","POINTE DE TOULINGUET, FR","FM-12","99999","V020","999,9,9,9999,9","22000,1,C,N","020000,1,N,9","+0104,1","+9999,9","99999,9","99,0030,9,1",,"0,000","0,1,06,1","0,1,06,1",,"03,99,1,99,9,99,9,99999,9,99,9,99,9","999,M,+0110,1","00,1","SYN017333   10110 91838",
"07104099999","1990-01-15T06:00:00","4","48.2833333","-4.6333333","36.0","POINTE DE TOULINGUET, FR","FM-12","99999","V020","999,9,9,9999,9","99999,9,9,N","020000,1,N,9","+0110,1","+9999,9","99999,9","99,0000,9,1",,"4,000",,,,"07,99,1,99,9,99,9,99999,9,99,9,99,9","999,N,+0096,1","00,1","SYN017333   20096 91838",
"07104099999","1990-01-15T12:00:00","4","48.2833333","-4.6333333","36.0","POINTE DE TOULINGUET, FR","FM-12","99999","V020","240,1,N,0123,1","99999,9,9,N","010000,1,N,9","+0112,1","+9999,9","99999,9","06,0000,9,1",,"4,000","0,1,06,1","0,1,06,1",,"08,99,1,99,9,99,9,99999,9,99,9,99,9",,"00,1","SYN011333   91837",
"07104099999","1990-01-15T18:00:00","4","48.2833333","-4.6333333","36.0","POINTE DE TOULINGUET, FR","FM-12","99999","V020","999,9,9,9999,9","99999,9,9,N","010000,1,N,9","+0110,1","+9999,9","99999,9","99,0003,9,1",,"0,000","0,1,06,1","0,1,06,1",,"08,99,1,99,9,99,9,99999,9,99,9,99,9","999,M,+0112,1","00,1","SYN017333   10112 91837",
"07104099999","1990-01-16T06:00:00","4","48.2833333","-4.6333333","36.0","POINTE DE TOULINGUET, FR","FM-12","99999","V020","999,9,9,9999,9","99999,9,9,N","010000,1,N,9","+0104,1","+9999,9","99999,9","99,0003,9,1",,"0,000",,,,"08,99,1,99,9,99,9,99999,9,99,9,99,9","999,N,+0104,1","00,1","SYN017333   20104 91837",
"07104099999","1990-01-16T12:00:00","4","48.2833333","-4.6333333","36.0","POINTE DE TOULINGUET, FR","FM-12","99999","V020","999,9,9,9999,9","99999,9,9,N","010000,1,N,9","+0110,1","+9999,9","99999,9","06,0000,9,1",,"4,000","0,1,06,1","0,1,06,1",,"08,99,1,99,9,99,9,99999,9,99,9,99,9",,"00,1","SYN011333   91837",
"07104099999","1990-01-16T18:00:00","4","48.2833333","-4.6333333","36.0","POINTE DE TOULINGUET, FR","FM-12","99999","V020","999,9,9,9999,9","99999,9,9,N","010000,1,N,9","+0108,1","+9999,9","99999,9","99,0000,9,1",,"4,000","0,1,06,1","0,1,06,1",,"08,99,1,99,9,99,9,99999,9,99,9,99,9","999,M,+0112,1","00,1","SYN017333   10112 91847",
"07104099999","1990-01-17T06:00:00","4","48.2833333","-4.6333333","36.0","POINTE DE TOULINGUET, FR","FM-12","99999","V020","999,9,9,9999,9","99999,9,9,N","020000,1,N,9","+0098,1","+9999,9","99999,9","99,0010,9,1",,"0,002","6,1,06,1",,,"08,99,1,99,9,99,9,99999,9,99,9,99,9","999,N,+0096,1","00,1","SYN017333   20096 91838",
"07104099999","1990-01-17T12:00:00","4","48.2833333","-4.6333333","36.0","POINTE DE TOULINGUET, FR","FM-12","99999","V020","999,9,9,9999,9","99999,9,9,N","020000,1,N,9","+0104,1","+9999,9","99999,9","06,0001,9,1",,"0,002","8,1,06,1","0,1,06,1",,"06,99,1,99,9,99,9,99999,9,99,9,99,9",,"00,1","SYN011333   91838",
"07104099999","1990-01-17T18:00:00","4","48.2833333","-4.6333333","36.0","POINTE DE TOULINGUET, FR","FM-12","99999","V020","999,9,9,9999,9","99999,9,9,N","020000,1,N,9","+0096,1","+9999,9","99999,9","99,0001,9,1",,"0,000","0,1,06,1","0,1,06,1",,"05,99,1,99,9,99,9,99999,9,99,9,99,9","999,M,+0104,1","00,1","SYN017333   10104 91838",
"07104099999","1990-01-18T12:00:00","4","48.2833333","-4.6333333","36.0","POINTE DE TOULINGUET, FR","FM-12","99999","V020","999,9,9,9999,9","22000,1,C,N","020000,1,N,9","+0106,1","+9999,9","99999,9","06,0000,9,1",,"4,000","0,1,06,1","0,1,06,1",,"02,99,1,99,9,99,9,99999,9,99,9,99,9",,"00,1","SYN011333   91838",
"07104099999","1990-01-18T18:00:00","4","48.2833333","-4.6333333","36.0","POINTE DE TOULINGUET, FR","FM-12","99999","V020","999,9,9,9999,9","22000,1,C,N","020000,1,N,9","+0094,1","+9999,9","99999,9","99,0000,9,1",,"4,000","0,1,06,1","0,1,06,1",,"04,99,1,99,9,99,9,99999,9,99,9,99,9","999,M,+0110,1","00,1","SYN017333   10110 91838",
"07104099999","1990-01-19T06:00:00","4","48.2833333","-4.6333333","36.0","POINTE DE TOULINGUET, FR","FM-12","99999","V020","999,9,9,9999,9","99999,9,9,N","020000,1,N,9","+0100,1","+9999,9","99999,9","99,0000,9,1",,"4,000",,,,"08,99,1,99,9,99,9,99999,9,99,9,99,9","999,N,+0094,1","00,1","SYN017333   20094 91838",
"07104099999","1990-01-19T12:00:00","4","48.2833333","-4.6333333","36.0","POINTE DE TOULINGUET, FR","FM-12","99999","V020","999,9,9,9999,9","99999,9,9,N","020000,1,N,9","+0110,1","+9999,9","99999,9","06,0000,9,1",,"4,000","0,1,06,1","0,1,06,1",,"08,99,1,99,9,99,9,99999,9,99,9,99,9",,"00,1","SYN011333   91848",
"07104099999","1990-01-19T18:00:00","4","48.2833333","-4.6333333","36.0","POINTE DE TOULINGUET, FR","FM-12","99999","V020","999,9,9,9999,9","99999,9,9,N","020000,1,N,9","+0108,1","+9999,9","99999,9","99,0005,9,1",,"0,002","8,1,06,1","6,1,06,1",,"08,99,1,99,9,99,9,99999,9,99,9,99,9","999,M,+0110,1","00,1","SYN017333   10110 91848",
"07104099999","1990-01-20T06:00:00","4","48.2833333","-4.6333333","36.0","POINTE DE TOULINGUET, FR","FM-12","99999","V020","999,9,9,9999,9","99999,9,9,N","010000,1,N,9","+0110,1","+9999,9","99999,9","99,0000,9,1",,"4,000",,,,"08,99,1,99,9,99,9,99999,9,99,9,99,9","999,N,+0102,1","00,1","SYN017333   20102 91837",
"07104099999","1990-01-20T12:00:00","4","48.2833333","-4.6333333","36.0","POINTE DE TOULINGUET, FR","FM-12","99999","V020","999,9,9,9999,9","22000,1,C,N","020000,1,N,9","+0116,1","+9999,9","99999,9","06,0010,9,1",,"0,002","8,1,06,1","0,1,06,1",,"04,99,1,99,9,99,9,99999,9,99,9,99,9",,"00,1","SYN011333   91838",
"07104099999","1990-01-21T06:00:00","4","48.2833333","-4.6333333","36.0","POINTE DE TOULINGUET, FR","FM-12","99999","V020","999,9,9,9999,9","99999,9,9,N","010000,1,N,9","+0112,1","+9999,9","99999,9","99,0000,9,1",,"4,000",,,,"07,99,1,99,9,99,9,99999,9,99,9,99,9","999,N,+0094,1","00,1","SYN017333   20094 91837",
"07104099999","1990-01-21T12:00:00","4","48.2833333","-4.6333333","36.0","POINTE DE TOULINGUET, FR","FM-12","99999","V020","999,9,9,9999,9","99999,9,9,N","010000,1,N,9","+0116,1","+9999,9","99999,9","06,0000,9,1",,"4,000","0,1,06,1","0,1,06,1",,"08,99,1,99,9,99,9,99999,9,99,9,99,9",,"00,1","SYN011333   91847",
"07104099999","1990-01-21T18:00:00","4","48.2833333","-4.6333333","36.0","POINTE DE TOULINGUET, FR","FM-12","99999","V020","999,9,9,9999,9","99999,9,9,N","010000,1,N,9","+0112,1","+9999,9","99999,9","99,0010,9,1",,"0,002","6,1,06,1","0,1,06,1",,"08,99,1,99,9,99,9,99999,9,99,9,99,9","999,M,+0116,1","00,1","SYN017333   10116 91847",
"07104099999","1990-01-22T12:00:00","4","48.2833333","-4.6333333","36.0","POINTE DE TOULINGUET, FR","FM-12","99999","V020","999,9,9,9999,9","99999,9,9,N","010000,1,N,9","+0118,1","+9999,9","99999,9","06,0003,9,1",,"0,000","5,1,06,1","0,1,06,1",,"07,99,1,99,9,99,9,99999,9,99,9,99,9",,"00,1","SYN011333   91837",
"07104099999","1990-01-22T18:00:00","4","48.2833333","-4.6333333","36.0","POINTE DE TOULINGUET, FR","FM-12","99999","V020","999,9,9,9999,9","22000,1,C,N","010000,1,N,9","+0102,1","+9999,9","99999,9","99,0003,9,1",,"0,000","0,1,06,1","0,1,06,1",,"04,99,1,99,9,99,9,99999,9,99,9,99,9","999,M,+0114,1","00,1","SYN017333   10114 91847",
"07104099999","1990-01-23T06:00:00","4","48.2833333","-4.6333333","36.0","POINTE DE TOULINGUET, FR","FM-12","99999","V020","999,9,9,9999,9","99999,9,9,N","004000,1,N,9","+0112,1","+9999,9","99999,9","99,0010,9,1",,"0,001","6,1,06,1",,,"08,99,1,99,9,99,9,99999,9,99,9,99,9","999,N,+0104,1","81,1","SYN017333   20104 91856",
"07104099999","1990-01-23T12:00:00","4","48.2833333","-4.6333333","36.0","POINTE DE TOULINGUET, FR","FM-12","99999","V020","999,9,9,9999,9","99999,9,9,N","002000,1,N,9","+0114,1","+9999,9","99999,9","06,0030,9,1",,"0,001","6,1,06,1","6,1,06,1",,"08,99,1,99,9,99,9,99999,9,99,9,99,9",,"61,1","SYN011333   91855",
"07104099999","1990-01-24T12:00:00","4","48.2833333","-4.6333333","36.0","POINTE DE TOULINGUET, FR","FM-12","99999","V020","999,9,9,9999,9","99999,9,9,N","020000,1,N,9","+0098,1","+9999,9","99999,9","06,0005,9,1",,"0,002","8,1,06,1","0,1,06,1",,"07,99,1,99,9,99,9,99999,9,99,9,99,9",,"00,1","SYN011333   91858",
"07104099999","1990-01-24T18:00:00","4","48.2833333","-4.6333333","36.0","POINTE DE TOULINGUET, FR","FM-12","99999","V020","999,9,9,9999,9","99999,9,9,N","020000,1,N,9","+0104,1","+9999,9","99999,9","99,0010,9,1",,"0,002","8,1,06,1","0,1,06,1",,"08,99,1,99,9,99,9,99999,9,99,9,99,9","999,M,+0104,1","00,1","SYN017333   10104 91848",
"07104099999","1990-01-25T12:00:00","4","48.2833333","-4.6333333","36.0","POINTE DE TOULINGUET, FR","FM-12","99999","V020","999,9,9,9999,9","99999,9,9,N","004000,1,N,9","+0112,1","+9999,9","99999,9","06,0000,9,1",,"4,002","6,1,06,1","0,1,06,1",,"07,99,1,99,9,99,9,99999,9,99,9,99,9",,"00,1","SYN011333   91876",
"07104099999","1990-01-26T06:00:00","4","48.2833333","-4.6333333","36.0","POINTE DE TOULINGUET, FR","FM-12","99999","V020","999,9,9,9999,9","99999,9,9,N","020000,1,N,9","+0066,1","+9999,9","99999,9","99,0040,9,1",,"0,002","6,1,06,1",,,"06,99,1,99,9,99,9,99999,9,99,9,99,9","999,N,+0064,1","00,1","SYN017333   20064 91868",
"07104099999","1990-01-26T18:00:00","4","48.2833333","-4.6333333","36.0","POINTE DE TOULINGUET, FR","FM-12","99999","V020","999,9,9,9999,9","99999,9,9,N","020000,1,N,9","+0078,1","+9999,9","99999,9","99,0070,9,1",,"0,002","8,1,06,1","0,1,06,1",,"06,99,1,99,9,99,9,99999,9,99,9,99,9","999,M,+0090,1","00,1","SYN017333   10090 91858",
"07104099999","1990-01-27T12:00:00","4","48.2833333","-4.6333333","36.0","POINTE DE TOULINGUET, FR","FM-12","99999","V020","999,9,9,9999,9","99999,9,9,N","004000,1,N,9","+0102,1","+9999,9","99999,9","06,0020,9,1",,"0,001","8,1,06,1","0,1,06,1",,"08,99,1,99,9,99,9,99999,9,99,9,99,9",,"81,1","SYN011333   91846",
"07104099999","1990-01-27T18:00:00","4","48.2833333","-4.6333333","36.0","POINTE DE TOULINGUET, FR","FM-12","99999","V020","999,9,9,9999,9","99999,9,9,N","010000,1,N,9","+0100,1","+9999,9","99999,9","99,0070,9,1",,"0,002","8,1,06,1","0,1,06,1",,"07,99,1,99,9,99,9,99999,9,99,9,99,9","999,M,+0110,1","00,1","SYN017333   10110 91857",
"07104099999","1990-01-28T06:00:00","4","48.2833333","-4.6333333","36.0","POINTE DE TOULINGUET, FR","FM-12","99999","V020","999,9,9,9999,9","22000,1,C,N","020000,1,N,9","+0086,1","+9999,9","99999,9","99,0020,9,1",,"0,000",,,,"03,99,1,99,9,99,9,99999,9,99,9,99,9","999,N,+0074,1","00,1","SYN017333   20074 91848",
"07104099999","1990-01-28T12:00:00","4","48.2833333","-4.6333333","36.0","POINTE DE TOULINGUET, FR","FM-12","99999","V020","999,9,9,9999,9","22000,1,C,N","020000,1,N,9","+0106,1","+9999,9","99999,9","06,0000,9,1",,"4,000","0,1,06,1","0,1,06,1",,"03,99,1,99,9,99,9,99999,9,99,9,99,9",,"00,1","SYN011333   91838",
"07104099999","1990-01-29T12:00:00","4","48.2833333","-4.6333333","36.0","POINTE DE TOULINGUET, FR","FM-12","99999","V020","999,9,9,9999,9","99999,9,9,N","010000,1,N,9","+0106,1","+9999,9","99999,9","06,0010,9,1",,"0,002","8,1,06,1","0,1,06,1",,"08,99,1,99,9,99,9,99999,9,99,9,99,9",,"00,1","SYN011333   91857",
"07104099999","1990-01-30T06:00:00","4","48.2833333","-4.6333333","36.0","POINTE DE TOULINGUET, FR","FM-12","99999","V020","999,9,9,9999,9","99999,9,9,N","010000,1,N,9","+0102,1","+9999,9","99999,9","99,0020,9,1",,"0,000",,,,"08,99,1,99,9,99,9,99999,9,99,9,99,9","999,N,+0094,1","00,1","SYN017333   20094 91857",
"07104099999","1990-01-30T18:00:00","4","48.2833333","-4.6333333","36.0","POINTE DE TOULINGUET, FR","FM-12","99999","V020","999,9,9,9999,9","99999,9,9,N","004000,1,N,9","+0114,1","+9999,9","99999,9","99,0005,9,1",,"0,000",,,,"08,99,1,99,9,99,9,99999,9,99,9,99,9","999,M,+0114,1",,"SYN017333   10114 91866",
"07104099999","1990-01-31T06:00:00","4","48.2833333","-4.6333333","36.0","POINTE DE TOULINGUET, FR","FM-12","99999","V020","999,9,9,9999,9","99999,9,9,N","010000,1,N,9","+0086,1","+9999,9","99999,9","99,0110,9,1",,"0,001","6,1,06,1",,,"08,99,1,99,9,99,9,99999,9,99,9,99,9","999,N,+0084,1","61,1","SYN017333   20084 91857",
"07104099999","1990-01-31T12:00:00","4","48.2833333","-4.6333333","36.0","POINTE DE TOULINGUET, FR","FM-12","99999","V020","999,9,9,9999,9","99999,9,9,N","004000,1,N,9","+0078,1","+9999,9","99999,9","06,0020,9,1",,"0,001","8,1,06,1","0,1,06,1",,"08,99,1,99,9,99,9,99999,9,99,9,99,9",,"81,1","SYN011333   91856",
"07104099999","1990-01-31T18:00:00","4","48.2833333","-4.6333333","36.0","POINTE DE TOULINGUET, FR","FM-12","99999","V020","999,9,9,9999,9","99999,9,9,N","020000,1,N,9","+0102,1","+9999,9","99999,9","99,0030,9,1",,"0,002","8,1,06,1","0,1,06,1",,"06,99,1,99,9,99,9,99999,9,99,9,99,9","999,M,+0106,1","00,1","SYN017333   10106 91858",
"07104099999","1990-02-01T06:00:00","4","48.2833333","-4.6333333","36.0","POINTE DE TOULINGUET, FR","FM-12","99999","V020","999,9,9,9999,9","22000,1,C,N","020000,1,N,9","+0088,1","+9999,9","99999,9","99,0030,9,1",,"0,000",,,,"02,99,1,99,9,99,9,99999,9,99,9,99,9","999,N,+0080,1","00,1","SYN017333   20080 91848",
"07104099999","1990-02-01T12:00:00","4","48.2833333","-4.6333333","36.0","POINTE DE TOULINGUET, FR","FM-12","99999","V020","999,9,9,9999,9","99999,9,9,N","010000,1,N,9","+0100,1","+9999,9","99999,9","06,0005,9,1",,"0,002","8,1,06,1","0,1,06,1",,"08,99,1,99,9,99,9,99999,9,99,9,99,9",,"00,1","SYN011333   91857",
"07104099999","1990-02-02T06:00:00","4","48.2833333","-4.6333333","36.0","POINTE DE TOULINGUET, FR","FM-12","99999","V020","999,9,9,9999,9","99999,9,9,N","020000,1,N,9","+0090,1","+9999,9","99999,9","99,0030,9,1",,"0,000",,,,"06,99,1,99,9,99,9,99999,9,99,9,99,9","999,N,+0082,1","00,1","SYN017333   20082 91858",
"07104099999","1990-02-02T12:00:00","4","48.2833333","-4.6333333","36.0","POINTE DE TOULINGUET, FR","FM-12","99999","V020","999,9,9,9999,9","22000,1,C,N","020000,1,N,9","+0100,1","+9999,9","99999,9","06,0010,9,1",,"0,002","8,1,06,1","0,1,06,1",,"04,99,1,99,9,99,9,99999,9,99,9,99,9",,"00,1","SYN011333   91858",
"07104099999","1990-02-02T18:00:00","4","48.2833333","-4.6333333","36.0","POINTE DE TOULINGUET, FR","FM-12","99999","V020","999,9,9,9999,9","99999,9,9,N","010000,1,N,9","+0102,1","+9999,9","99999,9","99,0010,9,1",,"0,002","8,1,06,1","0,1,06,1",,"05,99,1,99,9,99,9,99999,9,99,9,99,9","999,M,+0108,1","00,1","SYN017333   10108 91848",
"07104099999","1990-02-03T12:00:00","4","48.2833333","-4.6333333","36.0","POINTE DE TOULINGUET, FR","FM-12","99999","V020","999,9,9,9999,9","99999,9,9,N","010000,1,N,9","+0084,1","+9999,9","99999,9","06,0030,9,1",,"0,002","8,1,06,1","0,1,06,1",,"06,99,1,99,9,99,9,99999,9,99,9,99,9",,"00,1","SYN011333   91867",
"07104099999","1990-02-03T18:00:00","4","48.2833333","-4.6333333","36.0","POINTE DE TOULINGUET, FR","FM-12","99999","V020","999,9,9,9999,9","99999,9,9,N","020000,1,N,9","+0102,1","+9999,9","99999,9","99,0030,9,1",,"0,002","8,1,06,1","0,1,06,1",,"06,99,1,99,9,99,9,99999,9,99,9,99,9","999,M,+0122,1","00,1","SYN017333   10122 91848",
"07104099999","1990-02-04T06:00:00","4","48.2833333","-4.6333333","36.0","POINTE DE TOULINGUET, FR","FM-12","99999","V020","999,9,9,9999,9","22000,1,C,N","020000,1,N,9","+0104,1","+9999,9","99999,9","99,0005,9,1",,"0,002","6,1,06,1",,,"03,99,1,99,9,99,9,99999,9,99,9,99,9","999,N,+0102,1","00,1","SYN017333   20102 91858",
"07104099999","1990-02-04T12:00:00","4","48.2833333","-4.6333333","36.0","POINTE DE TOULINGUET, FR","FM-12","99999","V020","999,9,9,9999,9","99999,9,9,N","020000,1,N,9","+0114,1","+9999,9","99999,9","06,0000,9,1",,"4,000","0,1,06,1","0,1,06,1",,"08,99,1,99,9,99,9,99999,9,99,9,99,9",,"00,1","SYN011333   91858",
"07104099999","1990-02-04T18:00:00","4","48.2833333","-4.6333333","36.0","POINTE DE TOULINGUET, FR","FM-12","99999","V020","999,9,9,9999,9","99999,9,9,N","010000,1,N,9","+0114,1","+9999,9","99999,9","99,0000,9,1",,"4,000","0,1,06,1","0,1,06,1",,"08,99,1,99,9,99,9,99999,9,99,9,99,9","999,M,+0118,1","00,1","SYN017333   10118 91847",
"07104099999","1990-02-05T06:00:00","4","48.2833333","-4.6333333","36.0","POINTE DE TOULINGUET, FR","FM-12","99999","V020","999,9,9,9999,9","22000,1,C,N","020000,1,N,9","+0100,1","+9999,9","99999,9","99,0000,9,1",,"4,000",,,,"00,99,1,00,1,00,1,99999,9,00,1,00,1","999,N,+0100,1","00,1","SYN017333   20100 91848",
"07104099999","1990-02-05T12:00:00","4","48.2833333","-4.6333333","36.0","POINTE DE TOULINGUET, FR","FM-12","99999","V020","999,9,9,9999,9","22000,1,C,N","010000,1,N,9","+0120,1","+9999,9","99999,9","06,0000,9,1",,"4,000","0,1,06,1","0,1,06,1",,"04,99,1,99,9,99,9,99999,9,99,9,99,9",,"00,1","SYN011333   91857",
"07104099999","1990-02-05T18:00:00","4","48.2833333","-4.6333333","36.0","POINTE DE TOULINGUET, FR","FM-12","99999","V020","999,9,9,9999,9","22000,1,C,N","010000,1,N,9","+0118,1","+9999,9","99999,9","99,0000,9,1",,"4,000","0,1,06,1","0,1,06,1",,"03,99,1,99,9,99,9,99999,9,99,9,99,9","999,M,+0126,1","00,1","SYN017333   10126 91857",
"07104099999","1990-02-06T06:00:00","4","48.2833333","-4.6333333","36.0","POINTE DE TOULINGUET, FR","FM-12","99999","V020","999,9,9,9999,9","99999,9,9,N","010000,1,N,9","+0102,1","+9999,9","99999,9","99,0003,9,1",,"0,002","6,1,06,1",,,"07,99,1,99,9,99,9,99999,9,99,9,99,9","999,N,+0096,1","00,1","SYN017333   20096 91847",
"07104099999","1990-02-06T12:00:00","4","48.2833333","-4.6333333","36.0","POINTE DE TOULINGUET, FR","FM-12","99999","V020","999,9,9,9999,9","99999,9,9,N","010000,1,N,9","+0120,1","+9999,9","99999,9","06,0003,9,1",,"0,002","8,1,06,1","0,1,06,1",,"06,99,1,99,9,99,9,99999,9,99,9,99,9",,"00,1","SYN011333   91857",
"07104099999","1990-02-06T18:00:00","4","48.2833333","-4.6333333","36.0","POINTE DE TOULINGUET, FR","FM-12","99999","V020","999,9,9,9999,9","99999,9,9,N","010000,1,N,9","+0110,1","+9999,9","99999,9","99,0005,9,1",,"0,002","8,1,06,1","0,1,06,1",,"06,99,1,99,9,99,9,99999,9,99,9,99,9","999,M,+0122,1","00,1","SYN017333   10122 91857",
"07104099999","1990-02-07T06:00:00","4","48.2833333","-4.6333333","36.0","POINTE DE TOULINGUET, FR","FM-12","99999","V020","999,9,9,9999,9","99999,9,9,N","010000,1,N,9","+0120,1","+9999,9","99999,9","99,0150,9,1",,"0,000",,,,"08,99,1,99,9,99,9,99999,9,99,9,99,9","999,N,+0110,1","00,1","SYN017333   20110 91857",
"07104099999","1990-02-07T12:00:00","4","48.2833333","-4.6333333","36.0","POINTE DE TOULINGUET, FR","FM-12","99999","V020","999,9,9,9999,9","99999,9,9,N","004000,1,N,9","+0126,1","+9999,9","99999,9","06,0005,9,1",,"0,002","6,1,06,1","0,1,06,1",,"08,99,1,99,9,99,9,99999,9,99,9,99,9",,"00,1","SYN011333   91856",
"07104099999","1990-02-07T18:00:00","4","48.2833333","-4.6333333","36.0","POINTE DE TOULINGUET, FR","FM-12","99999","V020","999,9,9,9999,9","99999,9,9,N","001000,1,N,9","+0120,1","+9999,9","99999,9","99,0030,9,1",,"0,000","5,1,06,1","0,1,06,1",,"08,99,1,99,9,99,9,99999,9,99,9,99,9","999,M,+0126,1","00,1","SYN017333   10126 91854",
"07104099999","1990-02-08T09:00:00","4","48.2833333","-4.6333333","36.0","POINTE DE TOULINGUET, FR","FM-12","99999","V020","999,9,9,9999,9","99999,9,9,N","010000,1,N,9","+0102,1","+9999,9","99999,9","99,0010,9,1",,"0,002","6,1,03,1",,,"08,99,1,99,9,99,9,99999,9,99,9,99,9","999,N,+0098,1","00,1","SYN017333   20098 91857",
"07104099999","1990-02-08T12:00:00","4","48.2833333","-4.6333333","36.0","POINTE DE TOULINGUET, FR","FM-12","99999","V020","999,9,9,9999,9","22000,1,C,N","020000,1,N,9","+0106,1","+9999,9","99999,9","06,0001,9,1",,"0,002","8,1,06,1","0,1,06,1",,"04,99,1,99,9,99,9,99999,9,99,9,99,9",,"00,1","SYN011333   91848",
"07104099999","1990-02-08T18:00:00","4","48.2833333","-4.6333333","36.0","POINTE DE TOULINGUET, FR","FM-12","99999","V020","999,9,9,9999,9","99999,9,9,N","020000,1,N,9","+0098,1","+9999,9","99999,9","99,0001,9,1",,"0,000","0,1,06,1","0,1,06,1",,"05,99,1,99,9,99,9,99999,9,99,9,99,9","999,M,+0116,1","00,1","SYN017333   10116 91838",
"07104099999","1990-02-09T06:00:00","4","48.2833333","-4.6333333","36.0","POINTE DE TOULINGUET, FR","FM-12","99999","V020","999,9,9,9999,9","99999,9,9,N","020000,1,N,9","+0096,1","+9999,9","99999,9","99,0000,9,1",,"4,000",,,,"06,99,1,99,9,99,9,99999,9,99,9,99,9","999,N,+0082,1","00,1","SYN017333   20082 91838",
"07104099999","1990-02-09T12:00:00","4","48.2833333","-4.6333333","36.0","POINTE DE TOULINGUET, FR","FM-12","99999","V020","999,9,9,9999,9","99999,9,9,N","020000,1,N,9","+0104,1","+9999,9","99999,9","06,0000,9,1",,"4,000","0,1,06,1","0,1,06,1",,"08,99,1,99,9,99,9,99999,9,99,9,99,9",,"00,1","SYN011333   91838",
"07104099999","1990-02-09T18:00:00","4","48.2833333","-4.6333333","36.0","POINTE DE TOULINGUET, FR","FM-12","99999","V020","999,9,9,9999,9","99999,9,9,N","010000,1,N,9","+0104,1","+9999,9","99999,9","99,0003,9,1",,"0,002","6,1,06,1","0,1,06,1",,"08,99,1,99,9,99,9,99999,9,99,9,99,9","999,M,+0106,1","00,1","SYN017333   10106 91837",
"07104099999","1990-02-10T06:00:00","4","48.2833333","-4.6333333","36.0","POINTE DE TOULINGUET, FR","FM-12","99999","V020","999,9,9,9999,9","99999,9,9,N","010000,1,N,9","+0112,1","+9999,9","99999,9","99,0170,9,1",,"0,002","6,1,06,1",,,"08,99,1,99,9,99,9,99999,9,99,9,99,9","999,N,+0096,1","00,1","SYN017333   20096 91847",
"07104099999","1990-02-10T18:00:00","4","48.2833333","-4.6333333","36.0","POINTE DE TOULINGUET, FR","FM-12","99999","V020","999,9,9,9999,9","99999,9,9,N","010000,1,N,9","+0077,1","+9999,9","99999,9","99,0030,9,1",,"0,002","8,1,06,1","0,1,06,1",,"07,99,1,99,9,99,9,99999,9,99,9,99,9","999,M,+0110,1","00,1","SYN017333   10110 91857",
"07104099999","1990-02-11T06:00:00","4","48.2833333","-4.6333333","36.0","POINTE DE TOULINGUET, FR","FM-12","99999","V020","999,9,9,9999,9","22000,1,C,N","010000,1,N,9","+0080,1","+9999,9","99999,9","99,0005,9,1",,"0,000",,,,"04,99,1,99,9,99,9,99999,9,99,9,99,9","999,N,+0068,1","00,1","SYN017333   20068 91857",
"07104099999","1990-02-11T18:00:00","4","48.2833333","-4.6333333","36.0","POINTE DE TOULINGUET, FR","FM-12","99999","V020","999,9,9,9999,9","99999,9,9,N","004000,1,N,9","+0100,1","+9999,9","99999,9","99,0050,9,1",,"0,002","8,1,06,1","0,1,06,1",,"05,99,1,99,9,99,9,99999,9,99,9,99,9","999,M,+0102,1","00,1","SYN017333   10102 91866",
"07104099999","1990-02-12T06:00:00","4","48.2833333","-4.6333333","36.0","POINTE DE TOULINGUET, FR","FM-12","99999","V020","999,9,9,9999,9","22000,1,C,N","010000,1,N,9","+0096,1","+9999,9","99999,9","99,0020,9,1",,"0,000",,,,"04,99,1,99,9,99,9,99999,9,99,9,99,9","999,N,+0064,1","00,1","SYN017333   20064 91857",
"07104099999","1990-02-12T12:00:00","4","48.2833333","-4.6333333","36.0","POINTE DE TOULINGUET, FR","FM-12","99999","V020","999,9,9,9999,9","99999,9,9,N","010000,1,N,9","+0074,1","+9999,9","99999,9","06,0020,9,1",,"0,002","8,1,06,1","0,1,06,1",,"08,99,1,99,9,99,9,99999,9,99,9,99,9",,"00,1","SYN011333   91847",
"07104099999","1990-02-12T18:00:00","4","48.2833333","-4.6333333","36.0","POINTE DE TOULINGUET, FR","FM-12","99999","V020","999,9,9,9999,9","99999,9,9,N","020000,1,N,9","+0072,1","+9999,9","99999,9","99,0030,9,1",,"0,002","8,1,06,1","0,1,06,1",,"06,99,1,99,9,99,9,99999,9,99,9,99,9","999,M,+0096,1","00,1","SYN017333   10096 91848",
"07104099999","1990-02-13T06:00:00","4","48.2833333","-4.6333333","36.0","POINTE DE TOULINGUET, FR","FM-12","99999","V020","999,9,9,9999,9","99999,9,9,N","004000,1,N,9","+0110,1","+9999,9","99999,9","99,0040,9,1",,"0,001",,,,"08,99,1,99,9,99,9,99999,9,99,9,99,9","999,N,+0070,1","63,1","SYN017333   20070 91846",
"07104099999","1990-02-13T12:00:00","4","48.2833333","-4.6333333","36.0","POINTE DE TOULINGUET, FR","FM-12","99999","V020","999,9,9,9999,9","99999,9,9,N","004000,1,N,9","+0110,1","+9999,9","99999,9","06,0010,9,1",,"0,001","6,1,06,1","0,1,06,1",,"08,99,1,99,9,99,9,99999,9,99,9,99,9",,"61,1","SYN011333   91856",
"07104099999","1990-02-13T18:00:00","4","48.2833333","-4.6333333","36.0","POINTE DE TOULINGUET, FR","FM-12","99999","V020","999,9,9,9999,9","99999,9,9,N","002000,1,N,9","+0116,1","+9999,9","99999,9","99,0030,9,1",,"0,001","6,1,06,1","6,1,06,1",,"08,99,1,99,9,99,9,99999,9,99,9,99,9","999,M,+0118,1","61,1","SYN017333   10118 91855",
"07104099999","1990-02-14T12:00:00","4","48.2833333","-4.6333333","36.0","POINTE DE TOULINGUET, FR","FM-12","99999","V020","999,9,9,9999,9","99999,9,9,N","002000,1,N,9","+0112,1","+9999,9","99999,9","06,0070,9,1",,"0,001","6,1,06,1","6,1,06,1",,"08,99,1,99,9,99,9,99999,9,99,9,99,9",,"61,1","SYN011333   91865",
"07104099999","1990-02-14T18:00:00","4","48.2833333","-4.6333333","36.0","POINTE DE TOULINGUET, FR","FM-12","99999","V020","999,9,9,9999,9","99999,9,9,N","002000,1,N,9","+0116,1","+9999,9","99999,9","99,0080,9,1",,"0,002","6,1,06,1","0,1,06,1",,"08,99,1,99,9,99,9,99999,9,99,9,99,9","999,M,+0120,1","00,1","SYN017333   10120 91865",
"07104099999","1990-02-15T18:00:00","4","48.2833333","-4.6333333","36.0","POINTE DE TOULINGUET, FR","FM-12","99999","V020","999,9,9,9999,9","99999,9,9,N","020000,1,N,9","+0080,1","+9999,9","99999,9","99,0003,9,1",,"0,000","5,1,06,1","0,1,06,1",,"08,99,1,99,9,99,9,99999,9,99,9,99,9","999,M,+0102,1","00,1","SYN017333   10102 91838",
"07104099999","1990-02-16T12:00:00","4","48.2833333","-4.6333333","36.0","POINTE DE TOULINGUET, FR","FM-12","99999","V020","999,9,9,9999,9","99999,9,9,N","010000,1,N,9","+0118,1","+9999,9","99999,9","06,0040,9,1",,"0,002","6,1,06,1","6,1,06,1",,"08,99,1,99,9,99,9,99999,9,99,9,99,9",,"00,1","SYN011333   91847",
"07104099999","1990-02-16T18:00:00","4","48.2833333","-4.6333333","36.0","POINTE DE TOULINGUET, FR","FM-12","99999","V020","999,9,9,9999,9","00015,1,C,N","000100,1,N,9","+0110,1","+9999,9","99999,9","99,0060,9,1",,"0,000","6,1,06,1","4,1,06,1","09,1,+99999,9,99,9","09,99,1,09,1,99,9,99999,9,99,9,99,9","999,M,+0110,1","45,1","SYN017333   10110 91831",
"07104099999","1990-02-17T06:00:00","4","48.2833333","-4.6333333","36.0","POINTE DE TOULINGUET, FR","FM-12","99999","V020","999,9,9,9999,9","99999,9,9,N","020000,1,N,9","+0112,1","+9999,9","99999,9","99,0000,9,1",,"4,000",,,,"06,99,1,99,9,99,9,99999,9,99,9,99,9","999,N,+0100,1","00,1","SYN017333   20100 91838",
"07104099999","1990-02-17T12:00:00","4","48.2833333","-4.6333333","36.0","POINTE DE TOULINGUET, FR","FM-12","99999","V020","999,9,9,9999,9","99999,9,9,N","010000,1,N,9","+0118,1","+9999,9","99999,9","06,0000,9,1",,"4,000","0,1,06,1","0,1,06,1",,"06,99,1,99,9,99,9,99999,9,99,9,99,9",,"00,1","SYN011333   91847",
"07104099999","1990-02-17T18:00:00","4","48.2833333","-4.6333333","36.0","POINTE DE TOULINGUET, FR","FM-12","99999","V020","999,9,9,9999,9","99999,9,9,N","010000,1,N,9","+0096,1","+9999,9","99999,9","99,0040,9,1",,"0,001","6,1,06,1","0,1,06,1",,"08,99,1,99,9,99,9,99999,9,99,9,99,9","999,M,+0118,1","61,1","SYN017333   10118 91837",
"07104099999","1990-02-18T06:00:00","4","48.2833333","-4.6333333","36.0","POINTE DE TOULINGUET, FR","FM-12","99999","V020","999,9,9,9999,9","99999,9,9,N","010000,1,N,9","+0094,1","+9999,9","99999,9","99,0070,9,1",,"0,000",,,,"08,99,1,99,9,99,9,99999,9,99,9,99,9","999,N,+0082,1","61,1","SYN017333   20082 91837",
"07104099999","1990-02-18T12:00:00","4","48.2833333","-4.6333333","36.0","POINTE DE TOULINGUET, FR","FM-12","99999","V020","999,9,9,9999,9","99999,9,9,N","020000,1,N,9","+0114,1","+9999,9","99999,9","06,0010,9,1",,"0,000","0,1,06,1","0,1,06,1",,"05,99,1,99,9,99,9,99999,9,99,9,99,9",,"00,1","SYN011333   91838",
"07104099999","1990-02-18T18:00:00","4","48.2833333","-4.6333333","36.0","POINTE DE TOULINGUET, FR","FM-12","99999","V020","999,9,9,9999,9","99999,9,9,N","020000,1,N,9","+0114,1","+9999,9","99999,9","99,0010,9,1",,"0,000","5,1,06,1","0,1,06,1",,"07,99,1,99,9,99,9,99999,9,99,9,99,9","999,M,+0116,1","00,1","SYN017333   10116 91838",
"07104099999","1990-02-19T06:00:00","4","48.2833333","-4.6333333","36.0","POINTE DE TOULINGUET, FR","FM-12","99999","V020","999,9,9,9999,9","99999,9,9,N","020000,1,N,9","+0108,1","+9999,9","99999,9","99,0005,9,1",,"0,002","6,1,06,1",,,"08,99,1,99,9,99,9,99999,9,99,9,99,9","999,N,+0104,1","00,1","SYN017333   20104 91838",
"07104099999","1990-02-19T12:00:00","4","48.2833333","-4.6333333","36.0","POINTE DE TOULINGUET, FR","FM-12","99999","V020","999,9,9,9999,9","99999,9,9,N","010000,1,N,9","+0114,1","+9999,9","99999,9","06,0000,9,1",,"4,000","0,1,06,1","0,1,06,1",,"08,99,1,99,9,99,9,99999,9,99,9,99,9",,"00,1","SYN011333   91847",
"07104099999","1990-02-19T18:00:00","4","48.2833333","-4.6333333","36.0","POINTE DE TOULINGUET, FR","FM-12","99999","V020","999,9,9,9999,9","99999,9,9,N","010000,1,N,9","+0116,1","+9999,9","99999,9","99,0000,9,1",,"4,000","0,1,06,1","0,1,06,1",,"08,99,1,99,9,99,9,99999,9,99,9,99,9","999,M,+0116,1","00,1","SYN017333   10116 91857",
"07104099999","1990-02-20T06:00:00","4","48.2833333","-4.6333333","36.0","POINTE DE TOULINGUET, FR","FM-12","99999","V020","999,9,9,9999,9","99999,9,9,N","010000,1,N,9","+0120,1","+9999,9","99999,9","99,0000,9,1",,"4,000",,,,"07,99,1,99,9,99,9,99999,9,99,9,99,9","999,N,+0100,1","00,1","SYN017333   20100 91847",
"07104099999","1990-02-20T12:00:00","4","48.2833333","-4.6333333","36.0","POINTE DE TOULINGUET, FR","FM-12","99999","V020","999,9,9,9999,9","99999,9,9,N","010000,1,N,9","+0122,1","+9999,9","99999,9","06,0000,9,1",,"4,000","0,1,06,1","0,1,06,1",,"08,99,1,99,9,99,9,99999,9,99,9,99,9",,"00,1","SYN011333   91847",
"07104099999","1990-02-21T12:00:00","4","48.2833333","-4.6333333","36.0","POINTE DE TOULINGUET, FR","FM-12","99999","V020","999,9,9,9999,9","22000,1,C,N","010000,1,N,9","+0128,1","+9999,9","99999,9","06,0000,9,1",,"4,000","0,1,06,1","0,1,06,1",,"02,99,1,99,9,99,9,99999,9,99,9,99,9",,"00,1","SYN011333   91837",
"07104099999","1990-02-21T18:00:00","4","48.2833333","-4.6333333","36.0","POINTE DE TOULINGUET, FR","FM-12","99999","V020","999,9,9,9999,9","99999,9,9,N","010000,1,N,9","+0116,1","+9999,9","99999,9","99,0000,9,1",,"4,000","0,1,06,1","0,1,06,1",,"05,99,1,99,9,99,9,99999,9,99,9,99,9","999,M,+0132,1","00,1","SYN017333   10132 91847",
"07104099999","1990-02-22T06:00:00","4","48.2833333","-4.6333333","36.0","POINTE DE TOULINGUET, FR","FM-12","99999","V020","999,9,9,9999,9","22000,1,C,N","010000,1,N,9","+0090,1","+9999,9","99999,9","99,0000,9,1",,"4,000",,,,"02,99,1,99,9,99,9,99999,9,99,9,99,9","999,N,+0074,1","00,1","SYN017333   20074 91837",
"07104099999","1990-02-22T12:00:00","4","48.2833333","-4.6333333","36.0","POINTE DE TOULINGUET, FR","FM-12","99999","V020","999,9,9,9999,9","22000,1,C,N","010000,1,N,9","+0142,1","+9999,9","99999,9","06,0000,9,1",,"4,000",,,,"00,99,1,00,1,00,1,99999,9,00,1,00,1",,"00,1","SYN011333   91837",
"07104099999","1990-02-23T06:00:00","4","48.2833333","-4.6333333","36.0","POINTE DE TOULINGUET, FR","FM-12","99999","V020","999,9,9,9999,9","00030,1,C,N","000200,1,N,9","+0100,1","+9999,9","99999,9","99,0000,9,1",,"4,000","4,1,06,1",,"09,1,+99999,9,99,9","09,99,1,09,1,99,9,99999,9,99,9,99,9","999,N,+0090,1","45,1","SYN017333   20090 91832",
"07104099999","1990-02-23T18:00:00","4","48.2833333","-4.6333333","36.0","POINTE DE TOULINGUET, FR","FM-12","99999","V020","999,9,9,9999,9","99999,9,9,N","004000,1,N,9","+0120,1","+9999,9","99999,9","99,0000,9,1",,"4,000",,,,"08,99,1,99,9,99,9,99999,9,99,9,99,9","999,M,+0148,1","00,1","SYN017333   10148 91836",
"07104099999","1990-02-24T06:00:00","4","48.2833333","-4.6333333","36.0","POINTE DE TOULINGUET, FR","FM-12","99999","V020","999,9,9,9999,9","99999,9,9,N","004000,1,N,9","+0114,1","+9999,9","99999,9","99,0000,9,1",,"4,000",,,,"08,99,1,99,9,99,9,99999,9,99,9,99,9","999,N,+0100,1","00,1","SYN017333   20100 91836",
"07104099999","1990-02-24T12:00:00","4","48.2833333","-4.6333333","36.0","POINTE DE TOULINGUET, FR","FM-12","99999","V020","999,9,9,9999,9","99999,9,9,N","004000,1,N,9","+0114,1","+9999,9","99999,9","06,0000,9,1",,"4,000","0,1,06,1","0,1,06,1",,"07,99,1,99,9,99,9,99999,9,99,9,99,9",,"00,1","SYN011333   91846",
"07104099999","1990-02-24T18:00:00","4","48.2833333","-4.6333333","36.0","POINTE DE TOULINGUET, FR","FM-12","99999","V020","999,9,9,9999,9","99999,9,9,N","010000,1,N,9","+0112,1","+9999,9","99999,9","99,0003,9,1",,"0,002","8,1,06,1","0,1,06,1",,"06,99,1,99,9,99,9,99999,9,99,9,99,9","999,M,+0124,1","00,1","SYN017333   10124 91847",
"07104099999","1990-02-25T12:00:00","4","48.2833333","-4.6333333","36.0","POINTE DE TOULINGUET, FR","FM-12","99999","V020","999,9,9,9999,9","99999,9,9,N","010000,1,N,9","+0106,1","+9999,9","99999,9","06,0005,9,1",,"0,002","6,1,06,1","0,1,06,1",,"08,99,1,99,9,99,9,99999,9,99,9,99,9",,"00,1","SYN011333   91847",
"07104099999","1990-02-25T18:00:00","4","48.2833333","-4.6333333","36.0","POINTE DE TOULINGUET, FR","FM-12","99999","V020","999,9,9,9999,9","99999,9,9,N","004000,1,N,9","+0114,1","+9999,9","99999,9","99,0005,9,1",,"0,000","0,1,06,1","0,1,06,1",,"08,99,1,99,9,99,9,99999,9,99,9,99,9","999,M,+0114,1","00,1","SYN017333   10114 91856",
"07104099999","1990-02-26T06:00:00","4","48.2833333","-4.6333333","36.0","POINTE DE TOULINGUET, FR","FM-12","99999","V020","999,9,9,9999,9","99999,9,9,N","004000,1,N,9","+0112,1","+9999,9","99999,9","99,0010,9,1",,"0,000",,,,"08,99,1,99,9,99,9,99999,9,99,9,99,9","999,N,+0102,1","61,1","SYN017333   20102 91856",
"07104099999","1990-02-26T12:00:00","4","48.2833333","-4.6333333","36.0","POINTE DE TOULINGUET, FR","FM-12","99999","V020","999,9,9,9999,9","99999,9,9,N","004000,1,N,9","+0122,1","+9999,9","99999,9","06,0005,9,1",,"0,002","8,1,06,1","0,1,06,1",,"06,99,1,99,9,99,9,99999,9,99,9,99,9",,"00,1","SYN011333   91866",
"07104099999","1990-02-26T18:00:00","4","48.2833333","-4.6333333","36.0","POINTE DE TOULINGUET, FR","FM-12","99999","V020","999,9,9,9999,9","99999,9,9,N","004000,1,N,9","+0112,1","+9999,9","99999,9","99,0005,9,1",,"0,000","0,1,06,1","0,1,06,1",,"06,99,1,99,9,99,9,99999,9,99,9,99,9","999,M,+0122,1","00,1","SYN017333   10122 91866",
"07104099999","1990-02-27T06:00:00","4","48.2833333","-4.6333333","36.0","POINTE DE TOULINGUET, FR","FM-12","99999","V020","999,9,9,9999,9","99999,9,9,N","010000,1,N,9","+0120,1","+9999,9","99999,9","99,0005,9,1",,"0,002","6,1,06,1",,,"05,99,1,99,9,99,9,99999,9,99,9,99,9","999,N,+0110,1","00,1","SYN017333   20110 91857",
"07104099999","1990-02-27T12:00:00","4","48.2833333","-4.6333333","36.0","POINTE DE TOULINGUET, FR","FM-12","99999","V020","999,9,9,9999,9","22000,1,C,N","010000,1,N,9","+0104,1","+9999,9","99999,9","06,0020,9,1",,"0,002","8,1,06,1","0,1,06,1",,"04,99,1,99,9,99,9,99999,9,99,9,99,9",,"00,1","SYN011333   91857",
"07104099999","1990-02-27T18:00:00","4","48.2833333","-4.6333333","36.0","POINTE DE TOULINGUET, FR","FM-12","99999","V020","999,9,9,9999,9","22000,1,C,N","010000,1,N,9","+0100,1","+9999,9","99999,9","99,0020,9,1",,"0,000","0,1,06,1","0,1,06,1",,"04,99,1,99,9,99,9,99999,9,99,9,99,9","999,M,+0124,1","00,1","SYN017333   10124 91857",
"07104099999","1990-02-28T06:00:00","4","48.2833333","-4.6333333","36.0","POINTE DE TOULINGUET, FR","FM-12","99999","V020","999,9,9,9999,9","99999,9,9,N","010000,1,N,9","+0118,1","+9999,9","99999,9","99,0020,9,1",,"0,000",,,,"07,99,1,99,9,99,9,99999,9,99,9,99,9","999,N,+0082,1","00,1","SYN017333   20082 91857",
"07104099999","1990-02-28T12:00:00","4","48.2833333","-4.6333333","36.0","POINTE DE TOULINGUET, FR","FM-12","99999","V020","999,9,9,9999,9","99999,9,9,N","004000,1,N,9","+0116,1","+9999,9","99999,9","06,0000,9,1",,"4,000",,,,"08,99,1,99,9,99,9,99999,9,99,9,99,9",,"00,1","SYN011333   91856",
"07104099999","1990-02-28T18:00:00","4","48.2833333","-4.6333333","36.0","POINTE DE TOULINGUET, FR","FM-12","99999","V020","999,9,9,9999,9","99999,9,9,N","004000,1,N,9","+0120,1","+9999,9","99999,9","99,0003,9,1",,"0,002","7,1,06,1","0,1,06,1",,"06,99,1,99,9,99,9,99999,9,99,9,99,9","999,M,+0122,1","00,1","SYN017333   10122 91866",
"07104099999","1990-03-01T06:00:00","4","48.2833333","-4.6333333","36.0","POINTE DE TOULINGUET, FR","FM-12","99999","V020","999,9,9,9999,9","22000,1,C,N","020000,1,N,9","+0056,1","+9999,9","99999,9","99,0010,9,1",,"0,002","6,1,06,1",,,"03,99,1,99,9,99,9,99999,9,99,9,99,9","999,N,+0046,1","00,1","SYN017333   20046 91858",
"07104099999","1990-03-02T06:00:00","4","48.2833333","-4.6333333","36.0","POINTE DE TOULINGUET, FR","FM-12","99999","V020","999,9,9,9999,9","22000,1,C,N","020000,1,N,9","+0048,1","+9999,9","99999,9","99,0003,9,1",,"0,002","6,1,06,1",,,"01,99,1,99,9,99,9,99999,9,99,9,99,9","999,N,+0040,1","00,1","SYN017333   20040 91838",
"07104099999","1990-03-02T12:00:00","4","48.2833333","-4.6333333","36.0","POINTE DE TOULINGUET, FR","FM-12","99999","V020","999,9,9,9999,9","22000,1,C,N","020000,1,N,9","+0078,1","+9999,9","99999,9","06,0000,9,1",,"4,000","0,1,06,1",,,"04,99,1,99,9,99,9,99999,9,99,9,99,9",,"00,1","SYN011333   91838",
"07104099999","1990-03-02T18:00:00","4","48.2833333","-4.6333333","36.0","POINTE DE TOULINGUET, FR","FM-12","99999","V020","999,9,9,9999,9","22000,1,C,N","020000,1,N,9","+0070,1","+9999,9","99999,9","99,0000,9,1",,"4,000","0,1,06,1","0,1,06,1",,"02,99,1,99,9,99,9,99999,9,99,9,99,9","999,M,+0078,1","00,1","SYN017333   10078 91838",
"07104099999","1990-03-03T06:00:00","4","48.2833333","-4.6333333","36.0","POINTE DE TOULINGUET, FR","FM-12","99999","V020","999,9,9,9999,9","22000,1,C,N","020000,1,N,9","+0062,1","+9999,9","99999,9","99,0000,9,1",,"4,000",,,,"00,99,1,00,1,00,1,99999,9,00,1,00,1","999,N,+0048,1","00,1","SYN017333   20048 91828",
"07104099999","1990-03-03T12:00:00","4","48.2833333","-4.6333333","36.0","POINTE DE TOULINGUET, FR","FM-12","99999","V020","999,9,9,9999,9","22000,1,C,N","020000,1,N,9","+0090,1","+9999,9","99999,9","06,0000,9,1",,"4,000","0,1,06,1","0,1,06,1",,"02,99,1,99,9,99,9,99999,9,99,9,99,9",,"00,1","SYN011333   91818",
"07104099999","1990-03-03T18:00:00","4","48.2833333","-4.6333333","36.0","POINTE DE TOULINGUET, FR","FM-12","99999","V020","999,9,9,9999,9","22000,1,C,N","020000,1,N,9","+0086,1","+9999,9","99999,9","99,0000,9,1",,"4,000","0,1,06,1","0,1,06,1",,"02,99,1,99,9,99,9,99999,9,99,9,99,9","999,M,+0110,1","00,1","SYN017333   10110 91818",
"07104099999","1990-03-04T06:00:00","4","48.2833333","-4.6333333","36.0","POINTE DE TOULINGUET, FR","FM-12","99999","V020","999,9,9,9999,9","22000,1,C,N","020000,1,N,9","+0040,1","+9999,9","99999,9","99,0000,9,1",,"4,000",,,,"00,99,1,00,1,00,1,99999,9,00,1,00,1","999,N,+0038,1","00,1","SYN017333   20038 91828",
"07104099999","1990-03-04T12:00:00","4","48.2833333","-4.6333333","36.0","POINTE DE TOULINGUET, FR","FM-12","99999","V020","999,9,9,9999,9","22000,1,C,N","020000,1,N,9","+0090,1","+9999,9","99999,9","06,0000,9,1",,"4,000","0,1,06,1","0,1,06,1",,"00,99,1,00,1,00,1,99999,9,00,1,00,1",,"00,1","SYN011333   91818",
"07104099999","1990-03-05T06:00:00","4","48.2833333","-4.6333333","36.0","POINTE DE TOULINGUET, FR","FM-12","99999","V020","999,9,9,9999,9","22000,1,C,N","020000,1,N,9","+0048,1","+9999,9","99999,9","99,0000,9,1",,"4,000","0,1,06,1","0,1,06,1",,"00,99,1,00,1,00,1,99999,9,00,1,00,1","999,N,+0044,1","00,1","SYN017333   20044 91828",
"07104099999","1990-03-05T12:00:00","4","48.2833333","-4.6333333","36.0","POINTE DE TOULINGUET, FR","FM-12","99999","V020","999,9,9,9999,9","22000,1,C,N","010000,1,N,9","+0112,1","+9999,9","99999,9","06,0000,9,1",,"4,000","0,1,06,1","0,1,06,1",,"01,99,1,99,9,99,9,99999,9,99,9,99,9",,"00,1","SYN011333   91817",
"07104099999","1990-03-05T18:00:00","4","48.2833333","-4.6333333","36.0","POINTE DE TOULINGUET, FR","FM-12","99999","V020","999,9,9,9999,9","22000,1,C,N","010000,1,N,9","+0090,1","+9999,9","99999,9","99,0000,9,1",,"4,000","0,1,06,1","0,1,06,1",,"02,99,1,99,9,99,9,99999,9,99,9,99,9","999,M,+0112,1","00,1","SYN017333   10112 91827",
"07104099999","1990-03-06T06:00:00","4","48.2833333","-4.6333333","36.0","POINTE DE TOULINGUET, FR","FM-12","99999","V020","999,9,9,9999,9","99999,9,9,N","000800,1,N,9","+0080,1","+9999,9","99999,9","99,0000,9,1",,"4,000","0,1,06,1","0,1,06,1",,"05,99,1,99,9,99,9,99999,9,99,9,99,9","999,N,+9999,9","00,1","SYN017333   20120 91828","Q01 +01202ATMN  "
"07104099999","1990-03-06T12:00:00","4","48.2833333","-4.6333333","36.0","POINTE DE TOULINGUET, FR","FM-12","99999","V020","999,9,9,9999,9","99999,9,9,N","020000,1,N,9","+0100,1","+9999,9","99999,9","06,0000,9,1",,"4,000","0,1,06,1","0,1,06,1",,"06,99,1,99,9,99,9,99999,9,99,9,99,9",,"00,1","SYN011333   91828",
"07104099999","1990-03-06T18:00:00","4","48.2833333","-4.6333333","36.0","POINTE DE TOULINGUET, FR","FM-12","99999","V020","999,9,9,9999,9","99999,9,9,N","020000,1,N,9","+0100,1","+9999,9","99999,9","99,0000,9,1",,"4,000","0,1,06,1","0,1,06,1",,"07,99,1,99,9,99,9,99999,9,99,9,99,9","999,M,+0110,1","00,1","SYN017333   10110 91828",
"07104099999","1990-03-07T06:00:00","4","48.2833333","-4.6333333","36.0","POINTE DE TOULINGUET, FR","FM-12","99999","V020","999,9,9,9999,9","22000,1,C,N","020000,1,N,9","+0090,1","+9999,9","99999,9","99,0000,9,1",,"4,000",,,,"04,99,1,99,9,99,9,99999,9,99,9,99,9","999,N,+0088,1","00,1","SYN017333   20088 91828",
"07104099999","1990-03-07T12:00:00","4","48.2833333","-4.6333333","36.0","POINTE DE TOULINGUET, FR","FM-12","99999","V020","999,9,9,9999,9","22000,1,C,N","020000,1,N,9","+0116,1","+9999,9","99999,9","06,0000,9,1",,"4,000","0,1,06,1","0,1,06,1",,"02,99,1,99,9,99,9,99999,9,99,9,99,9",,"00,1","SYN011333   91828",
"07104099999","1990-03-07T18:00:00","4","48.2833333","-4.6333333","36.0","POINTE DE TOULINGUET, FR","FM-12","99999","V020","999,9,9,9999,9","99999,9,9,N","010000,1,N,9","+0100,1","+9999,9","99999,9","99,0000,9,1",,"4,000","0,1,06,1","0,1,06,1",,"06,99,1,99,9,99,9,99999,9,99,9,99,9","999,M,+0138,1","00,1","SYN017333   10138 91827",
"07104099999","1990-03-08T06:00:00","4","48.2833333","-4.6333333","36.0","POINTE DE TOULINGUET, FR","FM-12","99999","V020","999,9,9,9999,9","22000,1,C,N","010000,1,N,9","+0082,1","+9999,9","99999,9","99,0000,9,1",,"4,000",,,,"03,99,1,99,9,99,9,99999,9,99,9,99,9","999,N,+0072,1","00,1","SYN017333   20072 91827",
"07104099999","1990-03-08T09:00:00","4","48.2833333","-4.6333333","36.0","POINTE DE TOULINGUET, FR","FM-12","99999","V020","999,9,9,9999,9","99999,9,9,N","010000,1,N,9","+0102,1","+9999,9","99999,9","99,0010,9,1",,"0,002","6,1,03,1",,,"08,99,1,99,9,99,9,99999,9,99,9,99,9","999,N,+0098,1","00,1","SYN017333   20098 91857",
"07104099999","1990-03-08T12:00:00","4","48.2833333","-4.6333333","36.0","POINTE DE TOULINGUET, FR","FM-12","99999","V020","999,9,9,9999,9","22000,1,C,N","004000,1,N,9","+0120,1","+9999,9","99999,9","06,0000,9,1",,"4,000","0,1,06,1","0,1,06,1",,"03,99,1,99,9,99,9,99999,9,99,9,99,9",,"00,1","SYN011333   91826",
"07104099999","1990-03-08T18:00:00","4","48.2833333","-4.6333333","36.0","POINTE DE TOULINGUET, FR","FM-12","99999","V020","999,9,9,9999,9","99999,9,9,N","004000,1,N,9","+0110,1","+9999,9","99999,9","99,0000,9,1",,"4,000","0,1,06,1","0,1,06,1",,"08,99,1,99,9,99,9,99999,9,99,9,99,9","999,M,+0130,1","00,1","SYN017333   10130 91826",
"07104099999","1990-03-09T06:00:00","4","48.2833333","-4.6333333","36.0","POINTE DE TOULINGUET, FR","FM-12","99999","V020","999,9,9,9999,9","99999,9,9,N","020000,1,N,9","+0110,1","+9999,9","99999,9","99,0000,9,1",,"4,000",,,,"06,99,1,99,9,99,9,99999,9,99,9,99,9","999,N,+0100,1","00,1","SYN017333   20100 91828",
"07104099999","1990-03-09T12:00:00","4","48.2833333","-4.6333333","36.0","POINTE DE TOULINGUET, FR","FM-12","99999","V020","999,9,9,9999,9","99999,9,9,N","020000,1,N,9","+0122,1","+9999,9","99999,9","06,0000,9,1",,"4,000","0,1,06,1","0,1,06,1",,"05,99,1,99,9,99,9,99999,9,99,9,99,9",,"00,1","SYN011333   91828",
"07104099999","1990-03-10T06:00:00","4","48.2833333","-4.6333333","36.0","POINTE DE TOULINGUET, FR","FM-12","99999","V020","999,9,9,9999,9","99999,9,9,N","010000,1,N,9","+0106,1","+9999,9","99999,9","99,0010,9,1",,"0,002","6,1,06,1",,,"08,99,1,99,9,99,9,99999,9,99,9,99,9","999,N,+0106,1","00,1","SYN017333   20106 91837",
"07104099999","1990-03-10T12:00:00","4","48.2833333","-4.6333333","36.0","POINTE DE TOULINGUET, FR","FM-12","99999","V020","999,9,9,9999,9","99999,9,9,N","010000,1,N,9","+0106,1","+9999,9","99999,9","06,0003,9,1",,"0,000","5,1,06,1","0,1,06,1",,"08,99,1,99,9,99,9,99999,9,99,9,99,9",,"00,1","SYN011333   91837",
"07104099999","1990-03-10T18:00:00","4","48.2833333","-4.6333333","36.0","POINTE DE TOULINGUET, FR","FM-12","99999","V020","999,9,9,9999,9","99999,9,9,N","020000,1,N,9","+0104,1","+9999,9","99999,9","99,0003,9,1",,"0,000","0,1,06,1","0,1,06,1",,"08,99,1,99,9,99,9,99999,9,99,9,99,9","999,M,+0110,1","00,1","SYN017333   10110 91838",
"07104099999","1990-03-11T06:00:00","4","48.2833333","-4.6333333","36.0","POINTE DE TOULINGUET, FR","FM-12","99999","V020","999,9,9,9999,9","99999,9,9,N","010000,1,N,9","+0090,1","+9999,9","99999,9","99,0000,9,1",,"4,000",,,,"07,99,1,99,9,99,9,99999,9,99,9,99,9","999,N,+0090,1","00,1","SYN017333   20090 91827",
"07104099999","1990-03-11T12:00:00","4","48.2833333","-4.6333333","36.0","POINTE DE TOULINGUET, FR","FM-12","99999","V020","999,9,9,9999,9","99999,9,9,N","010000,1,N,9","+0146,1","+9999,9","99999,9","06,0000,9,1",,"4,000","0,1,06,1","0,1,06,1",,"07,99,1,99,9,99,9,99999,9,99,9,99,9",,"00,1","SYN011333   91827",
"07104099999","1990-03-11T18:00:00","4","48.2833333","-4.6333333","36.0","POINTE DE TOULINGUET, FR","FM-12","99999","V020","999,9,9,9999,9","99999,9,9,N","004000,1,N,9","+0106,1","+9999,9","99999,9","99,0000,9,1",,"4,000","4,1,06,1","0,1,06,1",,"08,99,1,99,9,99,9,99999,9,99,9,99,9","999,M,+0146,1","00,1","SYN017333   10146 91826",
"07104099999","1990-03-12T06:00:00","4","48.2833333","-4.6333333","36.0","POINTE DE TOULINGUET, FR","FM-12","99999","V020","999,9,9,9999,9","99999,9,9,N","004000,1,N,9","+0100,1","+9999,9","99999,9","99,0000,9,1",,"4,000",,,,"08,99,1,99,9,99,9,99999,9,99,9,99,9","999,N,+0084,1","00,1","SYN017333   20084 91826",
"07104099999","1990-03-12T12:00:00","4","48.2833333","-4.6333333","36.0","POINTE DE TOULINGUET, FR","FM-12","99999","V020","999,9,9,9999,9","99999,9,9,N","020000,1,N,9","+0146,1","+9999,9","99999,9","06,0000,9,1",,"4,000","0,1,06,1","0,1,06,1",,"07,99,1,99,9,99,9,99999,9,99,9,99,9",,"00,1","SYN011333   91828",
"07104099999","1990-03-12T18:00:00","4","48.2833333","-4.6333333","36.0","POINTE DE TOULINGUET, FR","FM-12","99999","V020","999,9,9,9999,9","22000,1,C,N","020000,1,N,9","+0116,1","+9999,9","99999,9","99,0000,9,1",,"4,000",,,,"03,99,1,99,9,99,9,99999,9,99,9,99,9","999,M,+0136,1","00,1","SYN017333   10136 91828",
"07104099999","1990-03-13T06:00:00","4","48.2833333","-4.6333333","36.0","POINTE DE TOULINGUET, FR","FM-12","99999","V020","999,9,9,9999,9","99999,9,9,N","004000,1,N,9","+0110,1","+9999,9","99999,9","99,0003,9,1",,"0,002","6,1,06,1",,,"08,99,1,99,9,99,9,99999,9,99,9,99,9","999,N,+0104,1","00,1","SYN017333   20104 91836",
"07104099999","1990-03-13T12:00:00","4","48.2833333","-4.6333333","36.0","POINTE DE TOULINGUET, FR","FM-12","99999","V020","999,9,9,9999,9","22000,1,C,N","010000,1,N,9","+0124,1","+9999,9","99999,9","06,0005,9,1",,"0,000","5,1,06,1","0,1,06,1",,"04,99,1,99,9,99,9,99999,9,99,9,99,9",,"00,1","SYN011333   91837",
"07104099999","1990-03-13T18:00:00","4","48.2833333","-4.6333333","36.0","POINTE DE TOULINGUET, FR","FM-12","99999","V020","999,9,9,9999,9","99999,9,9,N","020000,1,N,9","+0110,1","+9999,9","99999,9","99,0005,9,1",,"0,000","0,1,06,1","0,1,06,1",,"05,99,1,99,9,99,9,99999,9,99,9,99,9","999,M,+0124,1","00,1","SYN017333   10124 91838",
"07104099999","1990-03-14T06:00:00","4","48.2833333","-4.6333333","36.0","POINTE DE TOULINGUET, FR","FM-12","99999","V020","999,9,9,9999,9","22000,1,C,N","020000,1,N,9","+0090,1","+9999,9","99999,9","99,0000,9,1",,"4,000",,,,"02,99,1,99,9,99,9,99999,9,99,9,99,9","999,N,+0088,1","00,1","SYN017333   20088 91828",
"07104099999","1990-03-14T12:00:00","4","48.2833333","-4.6333333","36.0","POINTE DE TOULINGUET, FR","FM-12","99999","V020","999,9,9,9999,9","22000,1,C,N","020000,1,N,9","+0134,1","+9999,9","99999,9","06,0000,9,1",,"4,000","0,1,06,1","0,1,06,1",,"03,99,1,99,9,99,9,99999,9,99,9,99,9",,"00,1","SYN011333   91838",
"07104099999","1990-03-15T06:00:00","4","48.2833333","-4.6333333","36.0","POINTE DE TOULINGUET, FR","FM-12","99999","V020","999,9,9,9999,9","99999,9,9,N","020000,1,N,9","+0100,1","+9999,9","99999,9","99,0000,9,1",,"4,000",,,,"05,99,1,99,9,99,9,99999,9,99,9,99,9","999,N,+0084,1","00,1","SYN017333   20084 91828",
"07104099999","1990-03-15T12:00:00","4","48.2833333","-4.6333333","36.0","POINTE DE TOULINGUET, FR","FM-12","99999","V020","999,9,9,9999,9","99999,9,9,N","020000,1,N,9","+0120,1","+9999,9","99999,9","06,0000,9,1",,"4,000","0,1,06,1","0,1,06,1",,"05,99,1,99,9,99,9,99999,9,99,9,99,9",,"00,1","SYN011333   91828",
"07104099999","1990-03-15T18:00:00","4","48.2833333","-4.6333333","36.0","POINTE DE TOULINGUET, FR","FM-12","99999","V020","999,9,9,9999,9","22000,1,C,N","020000,1,N,9","+0110,1","+9999,9","99999,9","99,0000,9,1",,"4,000","0,1,06,1","0,1,06,1",,"04,99,1,99,9,99,9,99999,9,99,9,99,9","999,M,+0134,1","00,1","SYN017333   10134 91828",
"07104099999","1990-03-16T06:00:00","4","48.2833333","-4.6333333","36.0","POINTE DE TOULINGUET, FR","FM-12","99999","V020","999,9,9,9999,9","99999,9,9,N","020000,1,N,9","+0090,1","+9999,9","99999,9","99,0000,9,1",,"4,000",,,,"06,99,1,99,9,99,9,99999,9,99,9,99,9","999,N,+0088,1","00,1","SYN017333   20088 91828",
"07104099999","1990-03-16T12:00:00","4","48.2833333","-4.6333333","36.0","POINTE DE TOULINGUET, FR","FM-12","99999","V020","999,9,9,9999,9","99999,9,9,N","010000,1,N,9","+0120,1","+9999,9","99999,9","06,0000,9,1",,"4,000","0,1,06,1","0,1,06,1",,"08,99,1,99,9,99,9,99999,9,99,9,99,9",,"00,1","SYN011333   91827",
"07104099999","1990-03-16T18:00:00","4","48.2833333","-4.6333333","36.0","POINTE DE TOULINGUET, FR","FM-12","99999","V020","999,9,9,9999,9","99999,9,9,N","010000,1,N,9","+0136,1","+9999,9","99999,9","99,0000,9,1",,"4,000","0,1,06,1","0,1,06,1",,"05,99,1,99,9,99,9,99999,9,99,9,99,9","999,M,+0150,1","00,1","SYN017333   10150 91827",
"07104099999","1990-03-17T06:00:00","4","48.2833333","-4.6333333","36.0","POINTE DE TOULINGUET, FR","FM-12","99999","V020","999,9,9,9999,9","99999,9,9,N","020000,1,N,9","+0110,1","+9999,9","99999,9","99,0000,9,1",,"4,000",,,,"07,99,1,99,9,99,9,99999,9,99,9,99,9","999,N,+0080,1","00,1","SYN017333   20080 91828",
"07104099999","1990-03-17T12:00:00","4","48.2833333","-4.6333333","36.0","POINTE DE TOULINGUET, FR","FM-12","99999","V020","999,9,9,9999,9","22000,1,C,N","010000,1,N,9","+0180,1","+9999,9","99999,9","06,0000,9,1",,"4,000","0,1,06,1","0,1,06,1",,"01,99,1,99,9,99,9,99999,9,99,9,99,9",,"00,1","SYN011333   91827",
"07104099999","1990-03-17T18:00:00","4","48.2833333","-4.6333333","36.0","POINTE DE TOULINGUET, FR","FM-12","99999","V020","999,9,9,9999,9","22000,1,C,N","010000,1,N,9","+0146,1","+9999,9","99999,9","99,0000,9,1",,"4,000","0,1,06,1","0,1,06,1",,"03,99,1,99,9,99,9,99999,9,99,9,99,9","999,M,+0192,1","00,1","SYN017333   10192 91827",
"07104099999","1990-03-18T06:00:00","4","48.2833333","-4.6333333","36.0","POINTE DE TOULINGUET, FR","FM-12","99999","V020","999,9,9,9999,9","22000,1,C,N","004000,1,N,9","+0116,1","+9999,9","99999,9","99,0000,9,1",,"4,000",,,,"02,99,1,99,9,99,9,99999,9,99,9,99,9","999,N,+0096,1","00,1","SYN017333   20096 91826",
"07104099999","1990-03-18T12:00:00","4","48.2833333","-4.6333333","36.0","POINTE DE TOULINGUET, FR","FM-12","99999","V020","999,9,9,9999,9","22000,1,C,N","004000,1,N,9","+0152,1","+9999,9","99999,9","06,0000,9,1",,"4,000","0,1,06,1","0,1,06,1",,"04,99,1,99,9,99,9,99999,9,99,9,99,9",,"00,1","SYN011333   91826",
"07104099999","1990-03-18T18:00:00","4","48.2833333","-4.6333333","36.0","POINTE DE TOULINGUET, FR","FM-12","99999","V020","999,9,9,9999,9","99999,9,9,N","004000,1,N,9","+0126,1","+9999,9","99999,9","99,0000,9,1",,"4,000",,,,"05,99,1,99,9,99,9,99999,9,99,9,99,9","999,M,+0152,1","00,1","SYN017333   10152 91826",
"07104099999","1990-03-19T06:00:00","4","48.2833333","-4.6333333","36.0","POINTE DE TOULINGUET, FR","FM-12","99999","V020","999,9,9,9999,9","22000,1,C,N","004000,1,N,9","+0116,1","+9999,9","99999,9","99,0000,9,1",,"4,000",,,,"03,99,1,99,9,99,9,99999,9,99,9,99,9","999,N,+0114,1","00,1","SYN017333   20114 91826",
"07104099999","1990-03-19T12:00:00","4","48.2833333","-4.6333333","36.0","POINTE DE TOULINGUET, FR","FM-12","99999","V020","999,9,9,9999,9","99999,9,9,N","004000,1,N,9","+0134,1","+9999,9","99999,9","06,0000,9,1",,"4,000","0,1,06,1","0,1,06,1",,"07,99,1,99,9,99,9,99999,9,99,9,99,9",,"00,1","SYN011333   91826",
"07104099999","1990-03-19T18:00:00","4","48.2833333","-4.6333333","36.0","POINTE DE TOULINGUET, FR","FM-12","99999","V020","999,9,9,9999,9","99999,9,9,N","004000,1,N,9","+0120,1","+9999,9","99999,9","99,0003,9,1",,"0,000","5,1,06,1","0,1,06,1",,"08,99,1,99,9,99,9,99999,9,99,9,99,9","999,M,+0134,1","00,1","SYN017333   10134 91826",
"07104099999","1990-03-20T06:00:00","4","48.2833333","-4.6333333","36.0","POINTE DE TOULINGUET, FR","FM-12","99999","V020","999,9,9,9999,9","99999,9,9,N","004000,1,N,9","+0122,1","+9999,9","99999,9","99,0003,9,1",,"0,000",,,,"08,99,1,99,9,99,9,99999,9,99,9,99,9","999,N,+0108,1","00,1","SYN017333   20108 91836",
"07104099999","1990-03-20T18:00:00","4","48.2833333","-4.6333333","36.0","POINTE DE TOULINGUET, FR","FM-12","99999","V020","999,9,9,9999,9","00015,1,C,N","000100,1,N,9","+0118,1","+9999,9","99999,9","99,0003,9,1",,"0,000","5,1,06,1","4,1,06,1","09,1,+99999,9,99,9","09,99,1,09,1,99,9,99999,9,99,9,99,9","999,M,+0122,1","45,1","SYN017333   10122 91831",
"07104099999","1990-03-21T06:00:00","4","48.2833333","-4.6333333","36.0","POINTE DE TOULINGUET, FR","FM-12","99999","V020","999,9,9,9999,9","99999,9,9,N","010000,1,N,9","+0114,1","+9999,9","99999,9","99,0005,9,1",,"0,002","6,1,06,1",,,"08,99,1,99,9,99,9,99999,9,99,9,99,9","999,N,+0110,1","00,1","SYN017333   20110 91838",
"07104099999","1990-03-21T12:00:00","4","48.2833333","-4.6333333","36.0","POINTE DE TOULINGUET, FR","FM-12","99999","V020","999,9,9,9999,9","99999,9,9,N","020000,1,N,9","+0116,1","+9999,9","99999,9","06,0000,9,1",,"4,000","0,1,06,1","0,1,06,1",,"08,99,1,99,9,99,9,99999,9,99,9,99,9",,"00,1","SYN011333   91838",
"07104099999","1990-03-21T18:00:00","4","48.2833333","-4.6333333","36.0","POINTE DE TOULINGUET, FR","FM-12","99999","V020","999,9,9,9999,9","99999,9,9,N","010000,1,N,9","+0116,1","+9999,9","99999,9","99,0000,9,1",,"4,000","0,1,06,1","0,1,06,1",,"08,99,1,99,9,99,9,99999,9,99,9,99,9","999,M,+0122,1","00,1","SYN017333   10122 91837",
"07104099999","1990-03-22T06:00:00","4","48.2833333","-4.6333333","36.0","POINTE DE TOULINGUET, FR","FM-12","99999","V020","999,9,9,9999,9","99999,9,9,N","010000,1,N,9","+0100,1","+9999,9","99999,9","99,0010,9,1",,"0,000",,,,"08,99,1,99,9,99,9,99999,9,99,9,99,9","999,N,+0092,1","61,1","SYN017333   20092 91837",
"07104099999","1990-03-22T12:00:00","4","48.2833333","-4.6333333","36.0","POINTE DE TOULINGUET, FR","FM-12","99999","V020","999,9,9,9999,9","99999,9,9,N","020000,1,N,9","+0106,1","+9999,9","99999,9","06,0010,9,1",,"0,002","8,1,06,1","0,1,06,1",,"05,99,1,99,9,99,9,99999,9,99,9,99,9",,"00,1","SYN011333   91838",
"07104099999","1990-03-22T18:00:00","4","48.2833333","-4.6333333","36.0","POINTE DE TOULINGUET, FR","FM-12","99999","V020","999,9,9,9999,9","22000,1,C,N","020000,1,N,9","+0102,1","+9999,9","99999,9","99,0010,9,1",,"0,000","0,1,06,1","0,1,06,1",,"03,99,1,99,9,99,9,99999,9,99,9,99,9","999,M,+0106,1","00,1","SYN017333   10106 91838",
"07104099999","1990-03-23T06:00:00","4","48.2833333","-4.6333333","36.0","POINTE DE TOULINGUET, FR","FM-12","99999","V020","999,9,9,9999,9","99999,9,9,N","020000,1,N,9","+0092,1","+9999,9","99999,9","99,0000,9,1",,"4,000",,,,"05,99,1,99,9,99,9,99999,9,99,9,99,9","999,N,+0078,1","00,1","SYN017333   20078 91828",
"07104099999","1990-03-23T12:00:00","4","48.2833333","-4.6333333","36.0","POINTE DE TOULINGUET, FR","FM-12","99999","V020","999,9,9,9999,9","99999,9,9,N","020000,1,N,9","+0120,1","+9999,9","99999,9","06,0000,9,1",,"4,000","0,1,06,1","0,1,06,1",,"06,99,1,99,9,99,9,99999,9,99,9,99,9",,"00,1","SYN011333   91828",
"07104099999","1990-03-23T18:00:00","4","48.2833333","-4.6333333","36.0","POINTE DE TOULINGUET, FR","FM-12","99999","V020","999,9,9,9999,9","99999,9,9,N","020000,1,N,9","+0108,1","+9999,9","99999,9","99,0000,9,1",,"4,000","0,1,06,1","0,1,06,1",,"07,99,1,99,9,99,9,99999,9,99,9,99,9","999,M,+0124,1","00,1","SYN017333   10124 91828",
"07104099999","1990-03-24T06:00:00","4","48.2833333","-4.6333333","36.0","POINTE DE TOULINGUET, FR","FM-12","99999","V020","999,9,9,9999,9","99999,9,9,N","020000,1,N,9","+0106,1","+9999,9","99999,9","99,0000,9,1",,"4,000",,,,"08,99,1,99,9,99,9,99999,9,99,9,99,9","999,N,+0096,1","00,1","SYN017333   20096 91838",
"07104099999","1990-03-24T12:00:00","4","48.2833333","-4.6333333","36.0","POINTE DE TOULINGUET, FR","FM-12","99999","V020","999,9,9,9999,9","99999,9,9,N","020000,1,N,9","+0118,1","+9999,9","99999,9","06,0000,9,1",,"4,000","0,1,06,1","0,1,06,1",,"07,99,1,99,9,99,9,99999,9,99,9,99,9",,"00,1","SYN011333   91838",
"07104099999","1990-03-24T18:00:00","4","48.2833333","-4.6333333","36.0","POINTE DE TOULINGUET, FR","FM-12","99999","V020","999,9,9,9999,9","22000,1,C,N","020000,1,N,9","+0090,1","+9999,9","99999,9","99,0003,9,1",,"0,002","8,1,06,1","0,1,06,1",,"03,99,1,99,9,99,9,99999,9,99,9,99,9","999,M,+0118,1","00,1","SYN017333   10118 91848",
"07104099999","1990-03-25T06:00:00","4","48.2833333","-4.6333333","36.0","POINTE DE TOULINGUET, FR","FM-12","99999","V020","999,9,9,9999,9","99999,9,9,N","020000,1,N,9","+0086,1","+9999,9","99999,9","99,0000,9,1",,"4,000",,,,"07,99,1,99,9,99,9,99999,9,99,9,99,9","999,N,+0078,1","00,1","SYN017333   20078 91838",
"07104099999","1990-03-25T12:00:00","4","48.2833333","-4.6333333","36.0","POINTE DE TOULINGUET, FR","FM-12","99999","V020","999,9,9,9999,9","99999,9,9,N","020000,1,N,9","+0090,1","+9999,9","99999,9","06,0000,9,1",,"4,000","0,1,06,1","0,1,06,1",,"07,99,1,99,9,99,9,99999,9,99,9,99,9",,"00,1","SYN011333   91848",
"07104099999","1990-03-25T18:00:00","4","48.2833333","-4.6333333","36.0","POINTE DE TOULINGUET, FR","FM-12","99999","V020","999,9,9,9999,9","99999,9,9,N","020000,1,N,9","+0092,1","+9999,9","99999,9","99,0000,9,1",,"4,000","0,1,06,1","0,1,06,1",,"06,99,1,99,9,99,9,99999,9,99,9,99,9","999,M,+0098,1","00,1","SYN017333   10098 91848",
"07104099999","1990-03-26T06:00:00","4","48.2833333","-4.6333333","36.0","POINTE DE TOULINGUET, FR","FM-12","99999","V020","999,9,9,9999,9","99999,9,9,N","020000,1,N,9","+0076,1","+9999,9","99999,9","99,0000,9,1",,"4,000",,,,"06,99,1,99,9,99,9,99999,9,99,9,99,9","999,N,+0072,1","00,1","SYN017333   20072 91828",
"07104099999","1990-03-26T12:00:00","4","48.2833333","-4.6333333","36.0","POINTE DE TOULINGUET, FR","FM-12","99999","V020","999,9,9,9999,9","22000,1,C,N","020000,1,N,9","+0092,1","+9999,9","99999,9","06,0000,9,1",,"4,000","0,1,06,1","0,1,06,1",,"04,99,1,99,9,99,9,99999,9,99,9,99,9",,"00,1","SYN011333   91828",
"07104099999","1990-03-26T18:00:00","4","48.2833333","-4.6333333","36.0","POINTE DE TOULINGUET, FR","FM-12","99999","V020","999,9,9,9999,9","99999,9,9,N","020000,1,N,9","+0090,1","+9999,9","99999,9","99,0000,9,1",,"4,000","0,1,06,1","0,1,06,1",,"05,99,1,99,9,99,9,99999,9,99,9,99,9","999,M,+0118,1","00,1","SYN017333   10118 91828",
"07104099999","1990-03-27T06:00:00","4","48.2833333","-4.6333333","36.0","POINTE DE TOULINGUET, FR","FM-12","99999","V020","999,9,9,9999,9","22000,1,C,N","020000,1,N,9","+0048,1","+9999,9","99999,9","99,0000,9,1",,"4,000",,,,"04,99,1,99,9,99,9,99999,9,99,9,99,9","999,N,+0038,1","00,1","SYN017333   20038 91828",
"07104099999","1990-03-27T12:00:00","4","48.2833333","-4.6333333","36.0","POINTE DE TOULINGUET, FR","FM-12","99999","V020","999,9,9,9999,9","99999,9,9,N","020000,1,N,9","+0100,1","+9999,9","99999,9","06,0000,9,1",,"4,000","0,1,06,1","0,1,06,1",,"07,99,1,99,9,99,9,99999,9,99,9,99,9",,"00,1","SYN011333   91828",
"07104099999","1990-03-28T12:00:00","4","48.2833333","-4.6333333","36.0","POINTE DE TOULINGUET, FR","FM-12","99999","V020","999,9,9,9999,9","99999,9,9,N","020000,1,N,9","+0118,1","+9999,9","99999,9","06,0000,9,1",,"4,000","0,1,06,1","0,1,06,1",,"06,99,1,99,9,99,9,99999,9,99,9,99,9",,"00,1","SYN011333   91818",
"07104099999","1990-03-28T18:00:00","4","48.2833333","-4.6333333","36.0","POINTE DE TOULINGUET, FR","FM-12","99999","V020","999,9,9,9999,9","22000,1,C,N","020000,1,N,9","+0106,1","+9999,9","99999,9","99,0000,9,1",,"4,000","0,1,06,1","0,1,06,1",,"04,99,1,99,9,99,9,99999,9,99,9,99,9","999,M,+0124,1","00,1","SYN017333   10124 91828",
"07104099999","1990-03-29T06:00:00","4","48.2833333","-4.6333333","36.0","POINTE DE TOULINGUET, FR","FM-12","99999","V020","999,9,9,9999,9","99999,9,9,N","010000,1,N,9","+0080,1","+9999,9","99999,9","99,0000,9,1",,"4,000",,,,"06,99,1,99,9,99,9,99999,9,99,9,99,9","999,N,+0074,1","00,1","SYN017333   20074 91827",
"07104099999","1990-03-29T12:00:00","4","48.2833333","-4.6333333","36.0","POINTE DE TOULINGUET, FR","FM-12","99999","V020","999,9,9,9999,9","22000,1,C,N","010000,1,N,9","+0124,1","+9999,9","99999,9","06,0000,9,1",,"4,000","0,1,06,1","0,1,06,1",,"01,99,1,99,9,99,9,99999,9,99,9,99,9",,"00,1","SYN011333   91827",
"07104099999","1990-03-29T18:00:00","4","48.2833333","-4.6333333","36.0","POINTE DE TOULINGUET, FR","FM-12","99999","V020","999,9,9,9999,9","22000,1,C,N","010000,1,N,9","+0104,1","+9999,9","99999,9","99,0000,9,1",,"4,000","0,1,06,1","0,1,06,1",,"04,99,1,99,9,99,9,99999,9,99,9,99,9","999,M,+0128,1","00,1","SYN017333   10128 91827",
"07104099999","1990-03-30T06:00:00","4","48.2833333","-4.6333333","36.0","POINTE DE TOULINGUET, FR","FM-12","99999","V020","999,9,9,9999,9","22000,1,C,N","004000,1,N,9","+0072,1","+9999,9","99999,9","99,0000,9,1",,"4,000",,,,"03,99,1,99,9,99,9,99999,9,99,9,99,9","999,N,+0064,1","00,1","SYN017333   20064 91826",
"07104099999","1990-03-30T12:00:00","4","48.2833333","-4.6333333","36.0","POINTE DE TOULINGUET, FR","FM-12","99999","V020","999,9,9,9999,9","22000,1,C,N","010000,1,N,9","+0132,1","+9999,9","99999,9","06,0000,9,1",,"4,000","0,1,06,1","0,1,06,1",,"02,99,1,99,9,99,9,99999,9,99,9,99,9",,"00,1","SYN011333   91827",
"07104099999","1990-03-30T18:00:00","4","48.2833333","-4.6333333","36.0","POINTE DE TOULINGUET, FR","FM-12","99999","V020","010,1,N,0103,1","22000,1,C,N","999999,9,N,9","+0120,1","+9999,9","99999,9","99,0000,9,1",,"4,000","0,1,06,1","0,1,06,1",,"01,99,1,99,9,99,9,99999,9,99,9,99,9","999,M,+0154,1","00,1","SYN017333   10154 91837",
"07104099999","1990-03-31T06:00:00","4","48.2833333","-4.6333333","36.0","POINTE DE TOULINGUET, FR","FM-12","99999","V020","999,9,9,9999,9","22000,1,C,N","004000,1,N,9","+0082,1","+9999,9","99999,9","99,0000,9,1",,"4,000",,,,"00,99,1,00,1,00,1,99999,9,00,1,00,1","999,N,+0080,1","00,1","SYN017333   20080 91826",
"07104099999","1990-03-31T12:00:00","4","48.2833333","-4.6333333","36.0","POINTE DE TOULINGUET, FR","FM-12","99999","V020","999,9,9,9999,9","22000,1,C,N","010000,1,N,9","+0168,1","+9999,9","99999,9","06,0000,9,1",,"4,000","0,1,06,1","0,1,06,1",,"00,99,1,00,1,00,1,99999,9,00,1,00,1",,"00,1","SYN011333   91837",
"07104099999","1990-03-31T18:00:00","4","48.2833333","-4.6333333","36.0","POINTE DE TOULINGUET, FR","FM-12","99999","V020","999,9,9,9999,9","22000,1,C,N","010000,1,N,9","+0170,1","+9999,9","99999,9","99,0000,9,1",,"4,000","0,1,06,1","0,1,06,1",,"00,99,1,00,1,00,1,99999,9,00,1,00,1","999,M,+0190,1","00,1","SYN017333   10190 91827",
"07104099999","1990-04-01T06:00:00","4","48.2833333","-4.6333333","36.0","POINTE DE TOULINGUET, FR","FM-12","99999","V020","999,9,9,9999,9","22000,1,C,N","010000,1,N,9","+0108,1","+9999,9","99999,9","99,0000,9,1",,"4,000",,,,"04,99,1,99,9,99,9,99999,9,99,9,99,9","999,N,+0094,1","00,1","SYN017333   20094 91827",
"07104099999","1990-04-01T12:00:00","4","48.2833333","-4.6333333","36.0","POINTE DE TOULINGUET, FR","FM-12","99999","V020","999,9,9,9999,9","99999,9,9,N","010000,1,N,9","+0156,1","+9999,9","99999,9","06,0000,9,1",,"4,000","0,1,06,1","0,1,06,1",,"05,99,1,99,9,99,9,99999,9,99,9,99,9",,"00,1","SYN011333   91837",
"07104099999","1990-04-01T18:00:00","4","48.2833333","-4.6333333","36.0","POINTE DE TOULINGUET, FR","FM-12","99999","V020","999,9,9,9999,9","22000,1,C,N","010000,1,N,9","+0140,1","+9999,9","99999,9","99,0000,9,1",,"4,000","0,1,06,1","0,1,06,1",,"04,99,1,99,9,99,9,99999,9,99,9,99,9","999,M,+0158,1","00,1","SYN017333   10158 91837",
"07104099999","1990-04-02T06:00:00","4","48.2833333","-4.6333333","36.0","POINTE DE TOULINGUET, FR","FM-12","99999","V020","999,9,9,9999,9","99999,9,9,N","004000,1,N,9","+0110,1","+9999,9","99999,9","99,0000,9,1",,"4,000",,,,"06,99,1,99,9,99,9,99999,9,99,9,99,9","999,N,+0106,1","00,1","SYN017333   20106 91826",
"07104099999","1990-04-02T12:00:00","4","48.2833333","-4.6333333","36.0","POINTE DE TOULINGUET, FR","FM-12","99999","V020","999,9,9,9999,9","99999,9,9,N","004000,1,N,9","+0142,1","+9999,9","99999,9","06,0000,9,1",,"4,000","0,1,06,1","0,1,06,1",,"07,99,1,99,9,99,9,99999,9,99,9,99,9",,"00,1","SYN011333   91826",
"07104099999","1990-04-02T18:00:00","4","48.2833333","-4.6333333","36.0","POINTE DE TOULINGUET, FR","FM-12","99999","V020","999,9,9,9999,9","99999,9,9,N","010000,1,N,9","+0090,1","+9999,9","99999,9","99,0010,9,1",,"0,002","6,1,06,1","0,1,06,1",,"08,99,1,99,9,99,9,99999,9,99,9,99,9","999,M,+0146,1","00,1","SYN017333   10146 91837",
"07104099999","1990-04-03T06:00:00","4","48.2833333","-4.6333333","36.0","POINTE DE TOULINGUET, FR","FM-12","99999","V020","999,9,9,9999,9","99999,9,9,N","020000,1,N,9","+0074,1","+9999,9","99999,9","99,0001,9,1",,"0,000",,,,"06,99,1,99,9,99,9,99999,9,99,9,99,9","999,N,+0068,1","00,1","SYN017333   20068 91848",
"07104099999","1990-04-03T12:00:00","4","48.2833333","-4.6333333","36.0","POINTE DE TOULINGUET, FR","FM-12","99999","V020","999,9,9,9999,9","99999,9,9,N","020000,1,N,9","+0094,1","+9999,9","99999,9","06,0001,9,1",,"0,002","8,1,06,1","0,1,06,1",,"05,99,1,99,9,99,9,99999,9,99,9,99,9",,"00,1","SYN011333   91848",
"07104099999","1990-04-03T18:00:00","4","48.2833333","-4.6333333","36.0","POINTE DE TOULINGUET, FR","FM-12","99999","V020","999,9,9,9999,9","99999,9,9,N","020000,1,N,9","+0080,1","+9999,9","99999,9","99,0003,9,1",,"0,002","8,1,06,1","0,1,06,1",,"05,99,1,99,9,99,9,99999,9,99,9,99,9","999,M,+0100,1","00,1","SYN017333   10100 91848",
"07104099999","1990-04-04T06:00:00","4","48.2833333","-4.6333333","36.0","POINTE DE TOULINGUET, FR","FM-12","99999","V020","999,9,9,9999,9","99999,9,9,N","020000,1,N,9","+0048,1","+9999,9","99999,9","99,0040,9,1",,"0,002","6,1,06,1",,,"06,99,1,99,9,99,9,99999,9,99,9,99,9","999,N,+0046,1","00,1","SYN017333   20046 91828",
"07104099999","1990-04-04T12:00:00","4","48.2833333","-4.6333333","36.0","POINTE DE TOULINGUET, FR","FM-12","99999","V020","999,9,9,9999,9","22000,1,C,N","020000,1,N,9","+0094,1","+9999,9","99999,9","06,0000,9,1",,"4,000","0,1,06,1","0,1,06,1",,"04,99,1,99,9,99,9,99999,9,99,9,99,9",,"00,1","SYN011333   91828",
"07104099999","1990-04-04T18:00:00","4","48.2833333","-4.6333333","36.0","POINTE DE TOULINGUET, FR","FM-12","99999","V020","999,9,9,9999,9","22000,1,C,N","020000,1,N,9","+0070,1","+9999,9","99999,9","99,0000,9,1",,"4,000","0,1,06,1","0,1,06,1",,"03,99,1,99,9,99,9,99999,9,99,9,99,9","999,M,+0096,1","00,1","SYN017333   10096 91838",
"07104099999","1990-04-05T06:00:00","4","48.2833333","-4.6333333","36.0","POINTE DE TOULINGUET, FR","FM-12","99999","V020","999,9,9,9999,9","22000,1,C,N","020000,1,N,9","+0040,1","+9999,9","99999,9","99,0000,9,1",,"4,000",,,,"02,99,1,99,9,99,9,99999,9,99,9,99,9","999,N,+0032,1","00,1","SYN017333   20032 91828",
"07104099999","1990-04-05T12:00:00","4","48.2833333","-4.6333333","36.0","POINTE DE TOULINGUET, FR","FM-12","99999","V020","999,9,9,9999,9","22000,1,C,N","020000,1,N,9","+0090,1","+9999,9","99999,9","06,0000,9,1",,"4,000","0,1,06,1","0,1,06,1",,"03,99,1,99,9,99,9,99999,9,99,9,99,9",,"00,1","SYN011333   91828",
"07104099999","1990-04-05T18:00:00","4","48.2833333","-4.6333333","36.0","POINTE DE TOULINGUET, FR","FM-12","99999","V020","999,9,9,9999,9","22000,1,C,N","020000,1,N,9","+0088,1","+9999,9","99999,9","99,0000,9,1",,"4,000","0,1,06,1","0,1,06,1",,"00,99,1,00,1,00,1,99999,9,00,1,00,1","999,M,+0106,1","00,1","SYN017333   10106 91828",
"07104099999","1990-04-06T06:00:00","4","48.2833333","-4.6333333","36.0","POINTE DE TOULINGUET, FR","FM-12","99999","V020","999,9,9,9999,9","22000,1,C,N","020000,1,N,9","+0042,1","+9999,9","99999,9","99,0000,9,1",,"4,000",,,,"04,99,1,99,9,99,9,99999,9,99,9,99,9","999,N,+0030,1","00,1","SYN017333   20030 91828",
"07104099999","1990-04-06T12:00:00","4","48.2833333","-4.6333333","36.0","POINTE DE TOULINGUET, FR","FM-12","99999","V020","999,9,9,9999,9","99999,9,9,N","020000,1,N,9","+0102,1","+9999,9","99999,9","06,0000,9,1",,"4,000","0,1,06,1","0,1,06,1",,"05,99,1,99,9,99,9,99999,9,99,9,99,9",,"00,1","SYN011333   91848",
"07104099999","1990-04-06T18:00:00","4","48.2833333","-4.6333333","36.0","POINTE DE TOULINGUET, FR","FM-12","99999","V020","999,9,9,9999,9","99999,9,9,N","004000,1,N,9","+0090,1","+9999,9","99999,9","99,0001,9,1",,"0,002","6,1,06,1","0,1,06,1",,"08,99,1,99,9,99,9,99999,9,99,9,99,9","999,M,+0104,1","00,1","SYN017333   10104 91846",
"07104099999","1990-04-07T06:00:00","4","48.2833333","-4.6333333","36.0","POINTE DE TOULINGUET, FR","FM-12","99999","V020","999,9,9,9999,9","99999,9,9,N","004000,1,N,9","+0084,1","+9999,9","99999,9","99,0005,9,1",,"0,001","6,1,06,1",,,"08,99,1,99,9,99,9,99999,9,99,9,99,9","999,N,+0074,1","61,1","SYN017333   20074 91836",
"07104099999","1990-04-07T12:00:00","4","48.2833333","-4.6333333","36.0","POINTE DE TOULINGUET, FR","FM-12","99999","V020","999,9,9,9999,9","99999,9,9,N","004000,1,N,9","+0110,1","+9999,9","99999,9","06,0003,9,1",,"0,002","6,1,06,1","0,1,06,1",,"07,99,1,99,9,99,9,99999,9,99,9,99,9",,"00,1","SYN011333   91836",
"07104099999","1990-04-07T18:00:00","4","48.2833333","-4.6333333","36.0","POINTE DE TOULINGUET, FR","FM-12","99999","V020","999,9,9,9999,9","22000,1,C,N","010000,1,N,9","+0100,1","+9999,9","99999,9","99,0003,9,1",,"0,000","0,1,06,1","0,1,06,1",,"04,99,1,99,9,99,9,99999,9,99,9,99,9","999,M,+0114,1","00,1","SYN017333   10114 91847",
"07104099999","1990-04-08T06:00:00","4","48.2833333","-4.6333333","36.0","POINTE DE TOULINGUET, FR","FM-12","99999","V020","999,9,9,9999,9","22000,1,C,N","010000,1,N,9","+0072,1","+9999,9","99999,9","99,0000,9,1",,"4,000",,,,"03,99,1,99,9,99,9,99999,9,99,9,99,9","999,N,+0066,1","00,1","SYN017333   20066 91837",
"07104099999","1990-04-08T09:00:00","4","48.2833333","-4.6333333","36.0","POINTE DE TOULINGUET, FR","FM-12","99999","V020","999,9,9,9999,9","99999,9,9,N","010000,1,N,9","+0102,1","+9999,9","99999,9","99,0010,9,1",,"0,002","6,1,03,1",,,"08,99,1,99,9,99,9,99999,9,99,9,99,9","999,N,+0098,1","00,1","SYN017333   20098 91857",
"07104099999","1990-04-08T12:00:00","4","48.2833333","-4.6333333","36.0","POINTE DE TOULINGUET, FR","FM-12","99999","V020","999,9,9,9999,9","99999,9,9,N","010000,1,N,9","+0100,1","+9999,9","99999,9","06,0000,9,1",,"4,000","0,1,06,1","0,1,06,1",,"07,99,1,99,9,99,9,99999,9,99,9,99,9",,"00,1","SYN011333   91837",
"07104099999","1990-04-08T18:00:00","4","48.2833333","-4.6333333","36.0","POINTE DE TOULINGUET, FR","FM-12","99999","V020","999,9,9,9999,9","22000,1,C,N","020000,1,N,9","+0094,1","+9999,9","99999,9","99,0000,9,1",,"4,000","0,1,06,1","0,1,06,1",,"03,99,1,99,9,99,9,99999,9,99,9,99,9","999,M,+0106,1","00,1","SYN017333   10106 91837",
"07104099999","1990-04-09T06:00:00","4","48.2833333","-4.6333333","36.0","POINTE DE TOULINGUET, FR","FM-12","99999","V020","999,9,9,9999,9","22000,1,C,N","020000,1,N,9","+0060,1","+9999,9","99999,9","99,0000,9,1",,"4,000",,,,"04,99,1,99,9,99,9,99999,9,99,9,99,9","999,N,+0042,1","00,1","SYN017333   20042 91838",
"07104099999","1990-04-09T12:00:00","4","48.2833333","-4.6333333","36.0","POINTE DE TOULINGUET, FR","FM-12","99999","V020","999,9,9,9999,9","22000,1,C,N","020000,1,N,9","+0098,1","+9999,9","99999,9","06,0000,9,1",,"4,000","0,1,06,1","0,1,06,1",,"04,99,1,99,9,99,9,99999,9,99,9,99,9",,"00,1","SYN011333   91838",
"07104099999","1990-04-09T18:00:00","4","48.2833333","-4.6333333","36.0","POINTE DE TOULINGUET, FR","FM-12","99999","V020","999,9,9,9999,9","99999,9,9,N","020000,1,N,9","+0086,1","+9999,9","99999,9","99,0000,9,1",,"4,000","0,1,06,1","0,1,06,1",,"05,99,1,99,9,99,9,99999,9,99,9,99,9","999,M,+0100,1","00,1","SYN017333   10100 91838",
"07104099999","1990-04-10T06:00:00","4","48.2833333","-4.6333333","36.0","POINTE DE TOULINGUET, FR","FM-12","99999","V020","999,9,9,9999,9","99999,9,9,N","004000,1,N,9","+0100,1","+9999,9","99999,9","99,0000,9,1",,"4,000",,,,"08,99,1,99,9,99,9,99999,9,99,9,99,9","999,N,+0086,1","00,1","SYN017333   20086 91826",
"07104099999","1990-04-10T12:00:00","4","48.2833333","-4.6333333","36.0","POINTE DE TOULINGUET, FR","FM-12","99999","V020","999,9,9,9999,9","99999,9,9,N","020000,1,N,9","+0114,1","+9999,9","99999,9","06,0000,9,1",,"4,000","0,1,06,1","0,1,06,1",,"07,99,1,99,9,99,9,99999,9,99,9,99,9",,"00,1","SYN011333   91838",
"07104099999","1990-04-10T18:00:00","4","48.2833333","-4.6333333","36.0","POINTE DE TOULINGUET, FR","FM-12","99999","V020","999,9,9,9999,9","99999,9,9,N","010000,1,N,9","+0108,1","+9999,9","99999,9","99,0001,9,1",,"0,000","5,1,06,1","0,1,06,1",,"08,99,1,99,9,99,9,99999,9,99,9,99,9","999,M,+0120,1","00,1","SYN017333   10120 91837",
"07104099999","1990-04-11T06:00:00","4","48.2833333","-4.6333333","36.0","POINTE DE TOULINGUET, FR","FM-12","99999","V020","999,9,9,9999,9","99999,9,9,N","020000,1,N,9","+0110,1","+9999,9","99999,9","99,0003,9,1",,"0,002","6,1,06,1",,,"08,99,1,99,9,99,9,99999,9,99,9,99,9","999,N,+0096,1","00,1","SYN017333   20096 91838",
"07104099999","1990-04-11T12:00:00","4","48.2833333","-4.6333333","36.0","POINTE DE TOULINGUET, FR","FM-12","99999","V020","999,9,9,9999,9","99999,9,9,N","020000,1,N,9","+0120,1","+9999,9","99999,9","06,0000,9,1",,"4,000","0,1,06,1","0,1,06,1",,"07,99,1,99,9,99,9,99999,9,99,9,99,9",,"00,1","SYN011333   91838",
"07104099999","1990-04-11T18:00:00","4","48.2833333","-4.6333333","36.0","POINTE DE TOULINGUET, FR","FM-12","99999","V020","999,9,9,9999,9","99999,9,9,N","010000,1,N,9","+0110,1","+9999,9","99999,9","99,0003,9,1",,"0,000","5,1,06,1","0,1,06,1",,"08,99,1,99,9,99,9,99999,9,99,9,99,9","999,M,+0122,1","00,1","SYN017333   10122 91837",
"07104099999","1990-04-12T06:00:00","4","48.2833333","-4.6333333","36.0","POINTE DE TOULINGUET, FR","FM-12","99999","V020","999,9,9,9999,9","99999,9,9,N","020000,1,N,9","+0110,1","+9999,9","99999,9","99,0000,9,1",,"4,000",,,,"08,99,1,99,9,99,9,99999,9,99,9,99,9","999,N,+0094,1","00,1","SYN017333   20094 91838",
"07104099999","1990-04-12T12:00:00","4","48.2833333","-4.6333333","36.0","POINTE DE TOULINGUET, FR","FM-12","99999","V020","999,9,9,9999,9","99999,9,9,N","010000,1,N,9","+0126,1","+9999,9","99999,9","06,0000,9,1",,"4,000","0,1,06,1","0,1,06,1",,"05,99,1,99,9,99,9,99999,9,99,9,99,9",,"00,1","SYN011333   91838",
"07104099999","1990-04-12T18:00:00","4","48.2833333","-4.6333333","36.0","POINTE DE TOULINGUET, FR","FM-12","99999","V020","999,9,9,9999,9","99999,9,9,N","004000,1,N,9","+0110,1","+9999,9","99999,9","99,0001,9,1",,"0,001","6,1,06,1","0,1,06,1",,"08,99,1,99,9,99,9,99999,9,99,9,99,9","999,M,+0124,1","61,1","SYN017333   10124 91846",
"07104099999","1990-04-13T06:00:00","4","48.2833333","-4.6333333","36.0","POINTE DE TOULINGUET, FR","FM-12","99999","V020","999,9,9,9999,9","99999,9,9,N","002000,1,N,9","+0100,1","+9999,9","99999,9","99,0010,9,1",,"0,001","6,1,06,1",,,"08,99,1,99,9,99,9,99999,9,99,9,99,9","999,N,+0090,1","63,1","SYN017333   20090 91845",
"07104099999","1990-04-13T12:00:00","4","48.2833333","-4.6333333","36.0","POINTE DE TOULINGUET, FR","FM-12","99999","V020","999,9,9,9999,9","22000,1,C,N","010000,1,N,9","+0102,1","+9999,9","99999,9","06,0090,9,1",,"0,002","6,1,06,1","0,1,06,1",,"04,99,1,99,9,99,9,99999,9,99,9,99,9",,"00,1","SYN011333   91838",
"07104099999","1990-04-13T18:00:00","4","48.2833333","-4.6333333","36.0","POINTE DE TOULINGUET, FR","FM-12","99999","V020","999,9,9,9999,9","99999,9,9,N","020000,1,N,9","+0086,1","+9999,9","99999,9","99,0100,9,1",,"0,002","8,1,06,1","0,1,06,1",,"05,99,1,99,9,99,9,99999,9,99,9,99,9","999,M,+0106,1","00,1","SYN017333   10106 91848",
"07104099999","1990-04-14T06:00:00","4","48.2833333","-4.6333333","36.0","POINTE DE TOULINGUET, FR","FM-12","99999","V020","999,9,9,9999,9","99999,9,9,N","020000,1,N,9","+0084,1","+9999,9","99999,9","99,0003,9,1",,"0,000",,,,"05,99,1,99,9,99,9,99999,9,99,9,99,9","999,N,+0062,1","00,1","SYN017333   20062 91838",
"07104099999","1990-04-14T18:00:00","4","48.2833333","-4.6333333","36.0","POINTE DE TOULINGUET, FR","FM-12","99999","V020","999,9,9,9999,9","99999,9,9,N","010000,1,N,9","+0114,1","+9999,9","99999,9","99,0000,9,1",,"4,002","8,1,06,1","0,1,06,1",,"08,99,1,99,9,99,9,99999,9,99,9,99,9","999,M,+0116,1","00,1","SYN017333   10116 91857",
"07104099999","1990-04-15T06:00:00","4","48.2833333","-4.6333333","36.0","POINTE DE TOULINGUET, FR","FM-12","99999","V020","999,9,9,9999,9","99999,9,9,N","010000,1,N,9","+0088,1","+9999,9","99999,9","99,0030,9,1",,"0,000",,,,"06,99,1,99,9,99,9,99999,9,99,9,99,9","999,N,+0068,1","00,1","SYN017333   20068 91857",
"07104099999","1990-04-15T12:00:00","4","48.2833333","-4.6333333","36.0","POINTE DE TOULINGUET, FR","FM-12","99999","V020","999,9,9,9999,9","22000,1,C,N","020000,1,N,9","+0100,1","+9999,9","99999,9","06,0010,9,1",,"0,002","8,1,06,1","0,1,06,1",,"04,99,1,99,9,99,9,99999,9,99,9,99,9",,"00,1","SYN011333   91858",
"07104099999","1990-04-15T18:00:00","4","48.2833333","-4.6333333","36.0","POINTE DE TOULINGUET, FR","FM-12","99999","V020","999,9,9,9999,9","99999,9,9,N","020000,1,N,9","+0096,1","+9999,9","99999,9","99,0010,9,1",,"0,002","8,1,06,1","0,1,06,1",,"05,99,1,99,9,99,9,99999,9,99,9,99,9","999,M,+0106,1","00,1","SYN017333   10106 91858",
"07104099999","1990-04-16T06:00:00","4","48.2833333","-4.6333333","36.0","POINTE DE TOULINGUET, FR","FM-12","99999","V020","999,9,9,9999,9","99999,9,9,N","020000,1,N,9","+0090,1","+9999,9","99999,9","99,0010,9,1",,"0,002","6,1,06,1",,,"05,99,1,99,9,99,9,99999,9,99,9,99,9","999,N,+0080,1","00,1","SYN017333   20080 91848",
"07104099999","1990-04-16T12:00:00","4","48.2833333","-4.6333333","36.0","POINTE DE TOULINGUET, FR","FM-12","99999","V020","999,9,9,9999,9","99999,9,9,N","020000,1,N,9","+0104,1","+9999,9","99999,9","06,0003,9,1",,"0,002","8,1,06,1","0,1,06,1",,"06,99,1,99,9,99,9,99999,9,99,9,99,9",,"00,1","SYN011333   91848",
"07104099999","1990-04-17T06:00:00","4","48.2833333","-4.6333333","36.0","POINTE DE TOULINGUET, FR","FM-12","99999","V020","999,9,9,9999,9","99999,9,9,N","020000,1,N,9","+0082,1","+9999,9","99999,9","99,0003,9,1",,"0,000",,,,"08,99,1,99,9,99,9,99999,9,99,9,99,9","999,N,+0068,1","00,1","SYN017333   20068 91838",
"07104099999","1990-04-17T12:00:00","4","48.2833333","-4.6333333","36.0","POINTE DE TOULINGUET, FR","FM-12","99999","V020","999,9,9,9999,9","22000,1,C,N","020000,1,N,9","+0100,1","+9999,9","99999,9","06,0001,9,1",,"0,002","8,1,06,1","0,1,06,1",,"04,99,1,99,9,99,9,99999,9,99,9,99,9",,"00,1","SYN011333   91848",
"07104099999","1990-04-17T18:00:00","4","48.2833333","-4.6333333","36.0","POINTE DE TOULINGUET, FR","FM-12","99999","V020","999,9,9,9999,9","99999,9,9,N","020000,1,N,9","+0090,1","+9999,9","99999,9","99,0003,9,1",,"0,002","8,1,06,1","0,1,06,1",,"06,99,1,99,9,99,9,99999,9,99,9,99,9","999,M,+0110,1","00,1","SYN017333   10110 91848",
"07104099999","1990-04-18T06:00:00","4","48.2833333","-4.6333333","36.0","POINTE DE TOULINGUET, FR","FM-12","99999","V020","999,9,9,9999,9","99999,9,9,N","010000,1,N,9","+0090,1","+9999,9","99999,9","99,0000,9,1",,"4,002","6,1,06,1",,,"08,99,1,99,9,99,9,99999,9,99,9,99,9","999,N,+0076,1","00,1","SYN017333   20076 91848",
"07104099999","1990-04-18T12:00:00","4","48.2833333","-4.6333333","36.0","POINTE DE TOULINGUET, FR","FM-12","99999","V020","999,9,9,9999,9","99999,9,9,N","020000,1,N,9","+0104,1","+9999,9","99999,9","99,0001,9,1",,"0,002","8,1,06,1","0,1,06,1",,"05,99,1,99,9,99,9,99999,9,99,9,99,9",,"00,1","SYN011333   91838",
"07104099999","1990-04-19T06:00:00","4","48.2833333","-4.6333333","36.0","POINTE DE TOULINGUET, FR","FM-12","99999","V020","999,9,9,9999,9","99999,9,9,N","010000,1,N,9","+0090,1","+9999,9","99999,9","99,0060,9,1",,"0,000",,,,"06,99,1,99,9,99,9,99999,9,99,9,99,9","999,N,+0078,1","00,1","SYN017333   20078 91847",
"07104099999","1990-04-19T18:00:00","4","48.2833333","-4.6333333","36.0","POINTE DE TOULINGUET, FR","FM-12","99999","V020","999,9,9,9999,9","99999,9,9,N","020000,1,N,9","+0102,1","+9999,9","99999,9","99,0005,9,1",,"0,002","8,1,06,1","0,1,06,1",,"06,99,1,99,9,99,9,99999,9,99,9,99,9","999,M,+0104,1","00,1","SYN017333   10104 91858",
"07104099999","1990-04-20T06:00:00","4","48.2833333","-4.6333333","36.0","POINTE DE TOULINGUET, FR","FM-12","99999","V020","999,9,9,9999,9","99999,9,9,N","010000,1,N,9","+0074,1","+9999,9","99999,9","99,0010,9,1",,"0,000",,,,"06,99,1,99,9,99,9,99999,9,99,9,99,9","999,N,+0062,1","00,1","SYN017333   20062 91847",
"07104099999","1990-04-20T18:00:00","4","48.2833333","-4.6333333","36.0","POINTE DE TOULINGUET, FR","FM-12","99999","V020","999,9,9,9999,9","99999,9,9,N","020000,1,N,9","+0096,1","+9999,9","99999,9","99,0005,9,1",,"0,002","8,1,06,1","0,1,06,1",,"05,99,1,99,9,99,9,99999,9,99,9,99,9","999,M,+0100,1","00,1","SYN017333   10100 91848",
"07104099999","1990-04-21T06:00:00","4","48.2833333","-4.6333333","36.0","POINTE DE TOULINGUET, FR","FM-12","99999","V020","999,9,9,9999,9","99999,9,9,N","010000,1,N,9","+0080,1","+9999,9","99999,9","99,0020,9,1",,"0,002","6,1,06,1",,,"08,99,1,99,9,99,9,99999,9,99,9,99,9","999,N,+0070,1","00,1","SYN017333   20070 91837",
"07104099999","1990-04-21T12:00:00","4","48.2833333","-4.6333333","36.0","POINTE DE TOULINGUET, FR","FM-12","99999","V020","999,9,9,9999,9","99999,9,9,N","010000,1,N,9","+0110,1","+9999,9","99999,9","06,0020,9,1",,"0,002","6,1,06,1","0,1,06,1",,"08,99,1,99,9,99,9,99999,9,99,9,99,9",,"00,1","SYN011333   91827",
"07104099999","1990-04-21T18:00:00","4","48.2833333","-4.6333333","36.0","POINTE DE TOULINGUET, FR","FM-12","99999","V020","999,9,9,9999,9","22000,1,C,N","010000,1,N,9","+0116,1","+9999,9","99999,9","99,0020,9,1",,"0,000","0,1,06,1","0,1,06,1",,"02,99,1,99,9,99,9,99999,9,99,9,99,9","999,M,+0134,1","00,1","SYN017333   10134 91837",
"07104099999","1990-04-22T06:00:00","4","48.2833333","-4.6333333","36.0","POINTE DE TOULINGUET, FR","FM-12","99999","V020","999,9,9,9999,9","99999,9,9,N","001000,1,N,9","+0104,1","+9999,9","99999,9","99,0000,9,1",,"4,000",,,,"08,99,1,99,9,99,9,99999,9,99,9,99,9","999,N,+0086,1","00,1","SYN017333   20086 91834",
"07104099999","1990-04-22T12:00:00","4","48.2833333","-4.6333333","36.0","POINTE DE TOULINGUET, FR","FM-12","99999","V020","999,9,9,9999,9","99999,9,9,N","004000,1,N,9","+0106,1","+9999,9","99999,9","06,0000,9,1",,"4,000","0,1,06,1","0,1,06,1",,"08,99,1,99,9,99,9,99999,9,99,9,99,9",,"00,1","SYN011333   91836",
"07104099999","1990-04-23T06:00:00","4","48.2833333","-4.6333333","36.0","POINTE DE TOULINGUET, FR","FM-12","99999","V020","999,9,9,9999,9","99999,9,9,N","002000,1,N,9","+0102,1","+9999,9","99999,9","99,0000,9,1",,"4,000",,,,"06,99,1,99,9,99,9,99999,9,99,9,99,9","999,N,+0084,1","00,1","SYN017333   20084 91827",
"07104099999","1990-04-23T12:00:00","4","48.2833333","-4.6333333","36.0","POINTE DE TOULINGUET, FR","FM-12","99999","V020","999,9,9,9999,9","99999,9,9,N","002000,1,N,9","+0136,1","+9999,9","99999,9","06,0000,9,1",,"4,000","0,1,06,1","0,1,06,1",,"05,99,1,99,9,99,9,99999,9,99,9,99,9",,"00,1","SYN011333   91825",
"07104099999","1990-04-23T18:00:00","4","48.2833333","-4.6333333","36.0","POINTE DE TOULINGUET, FR","FM-12","99999","V020","999,9,9,9999,9","99999,9,9,N","002000,1,N,9","+0110,1","+9999,9","99999,9","99,0000,9,1",,"4,000","0,1,06,1","0,1,06,1",,"07,99,1,99,9,99,9,99999,9,99,9,99,9","999,M,+0140,1","00,1","SYN017333   10140 91825",
"07104099999","1990-04-24T06:00:00","4","48.2833333","-4.6333333","36.0","POINTE DE TOULINGUET, FR","FM-12","99999","V020","999,9,9,9999,9","22000,1,C,N","002000,1,N,9","+0090,1","+9999,9","99999,9","99,0000,9,1",,"4,000",,,,"00,99,1,00,1,00,1,99999,9,00,1,00,1","999,N,+0084,1","00,1","SYN017333   20084 91825",
"07104099999","1990-04-24T12:00:00","4","48.2833333","-4.6333333","36.0","POINTE DE TOULINGUET, FR","FM-12","99999","V020","999,9,9,9999,9","22000,1,C,N","004000,1,N,9","+0144,1","+9999,9","99999,9","06,0000,9,1",,"4,000","0,1,06,1","0,1,06,1",,"03,99,1,99,9,99,9,99999,9,99,9,99,9",,"00,1","SYN011333   91826",
"07104099999","1990-04-24T18:00:00","4","48.2833333","-4.6333333","36.0","POINTE DE TOULINGUET, FR","FM-12","99999","V020","999,9,9,9999,9","22000,1,C,N","004000,1,N,9","+0130,1","+9999,9","99999,9","99,0000,9,1",,"4,000","0,1,06,1","0,1,06,1",,"00,99,1,00,1,00,1,99999,9,00,1,00,1","999,M,+0154,1","00,1","SYN017333   10154 91826",
"07104099999","1990-04-25T06:00:00","4","48.2833333","-4.6333333","36.0","POINTE DE TOULINGUET, FR","FM-12","99999","V020","999,9,9,9999,9","99999,9,9,N","002000,1,N,9","+0098,1","+9999,9","99999,9","99,0000,9,1",,"4,000",,,,"05,99,1,99,9,99,9,99999,9,99,9,99,9","999,N,+0086,1","00,1","SYN017333   20086 91825",
"07104099999","1990-04-25T12:00:00","4","48.2833333","-4.6333333","36.0","POINTE DE TOULINGUET, FR","FM-12","99999","V020","999,9,9,9999,9","22000,1,C,N","004000,1,N,9","+0160,1","+9999,9","99999,9","06,0000,9,1",,"4,000","0,1,06,1","0,1,06,1",,"02,99,1,99,9,99,9,99999,9,99,9,99,9",,"00,1","SYN011333   91826",
"07104099999","1990-04-25T18:00:00","4","48.2833333","-4.6333333","36.0","POINTE DE TOULINGUET, FR","FM-12","99999","V020","999,9,9,9999,9","22000,1,C,N","004000,1,N,9","+0114,1","+9999,9","99999,9","99,0000,9,1",,"4,000","0,1,06,1","0,1,06,1",,"00,99,1,00,1,00,1,99999,9,00,1,00,1","999,M,+0162,1","00,1","SYN017333   10162 91836",
"07104099999","1990-04-26T12:00:00","4","48.2833333","-4.6333333","36.0","POINTE DE TOULINGUET, FR","FM-12","99999","V020","999,9,9,9999,9","99999,9,9,N","020000,1,N,9","+0130,1","+9999,9","99999,9","06,0000,9,1",,"4,000","0,1,06,1","0,1,06,1",,"05,99,1,99,9,99,9,99999,9,99,9,99,9",,"00,1","SYN011333   91828",
"07104099999","1990-04-26T18:00:00","4","48.2833333","-4.6333333","36.0","POINTE DE TOULINGUET, FR","FM-12","99999","V020","999,9,9,9999,9","99999,9,9,N","020000,1,N,9","+0116,1","+9999,9","99999,9","99,0000,9,1",,"4,000","0,1,06,1","0,1,06,1",,"07,99,1,99,9,99,9,99999,9,99,9,99,9","999,M,+0136,1","00,1","SYN017333   10136 91838",
"07104099999","1990-04-27T06:00:00","4","48.2833333","-4.6333333","36.0","POINTE DE TOULINGUET, FR","FM-12","99999","V020","999,9,9,9999,9","00030,1,C,N","000500,1,N,9","+0112,1","+9999,9","99999,9","99,0020,9,1",,"0,000","6,1,06,1",,"09,1,+99999,9,99,9","09,99,1,09,1,99,9,99999,9,99,9,99,9","999,N,+0104,1","45,1","SYN017333   20104 91833",
"07104099999","1990-04-27T12:00:00","4","48.2833333","-4.6333333","36.0","POINTE DE TOULINGUET, FR","FM-12","99999","V020","999,9,9,9999,9","99999,9,9,N","010000,1,N,9","+0130,1","+9999,9","99999,9","06,0000,9,1",,"4,000","4,1,06,1","0,1,06,1",,"08,99,1,99,9,99,9,99999,9,99,9,99,9",,"00,1","SYN011333   91827",
"07104099999","1990-04-27T18:00:00","4","48.2833333","-4.6333333","36.0","POINTE DE TOULINGUET, FR","FM-12","99999","V020","999,9,9,9999,9","22000,1,C,N","010000,1,N,9","+0124,1","+9999,9","99999,9","99,0000,9,1",,"4,000","0,1,06,1","0,1,06,1",,"03,99,1,99,9,99,9,99999,9,99,9,99,9","999,M,+0148,1","00,1","SYN017333   10148 91837",
"07104099999","1990-04-28T06:00:00","4","48.2833333","-4.6333333","36.0","POINTE DE TOULINGUET, FR","FM-12","99999","V020","999,9,9,9999,9","99999,9,9,N","020000,1,N,9","+0090,1","+9999,9","99999,9","99,0000,9,1",,"4,000",,,,"06,99,1,99,9,99,9,99999,9,99,9,99,9","999,N,+0076,1","00,1","SYN017333   20076 91828",
"07104099999","1990-04-28T12:00:00","4","48.2833333","-4.6333333","36.0","POINTE DE TOULINGUET, FR","FM-12","99999","V020","999,9,9,9999,9","22000,1,C,N","020000,1,N,9","+0144,1","+9999,9","99999,9","06,0000,9,1",,"4,000","0,1,06,1","0,1,06,1",,"01,99,1,99,9,99,9,99999,9,99,9,99,9",,"00,1","SYN011333   91818",
"07104099999","1990-04-28T18:00:00","4","48.2833333","-4.6333333","36.0","POINTE DE TOULINGUET, FR","FM-12","99999","V020","999,9,9,9999,9","22000,1,C,N","020000,1,N,9","+0136,1","+9999,9","99999,9","99,0000,9,1",,"4,000","0,1,06,1","0,1,06,1",,"02,99,1,99,9,99,9,99999,9,99,9,99,9","999,M,+0160,1","00,1","SYN017333   10160 91828",
"07104099999","1990-04-29T06:00:00","4","48.2833333","-4.6333333","36.0","POINTE DE TOULINGUET, FR","FM-12","99999","V020","999,9,9,9999,9","22000,1,C,N","010000,1,N,9","+0088,1","+9999,9","99999,9","99,0000,9,1",,"4,000",,,,"02,99,1,99,9,99,9,99999,9,99,9,99,9","999,N,+0080,1","00,1","SYN017333   20080 91827",
"07104099999","1990-04-29T12:00:00","4","48.2833333","-4.6333333","36.0","POINTE DE TOULINGUET, FR","FM-12","99999","V020","999,9,9,9999,9","22000,1,C,N","010000,1,N,9","+0162,1","+9999,9","99999,9","06,0000,9,1",,"4,000","0,1,06,1","0,1,06,1",,"00,99,1,00,1,00,1,99999,9,00,1,00,1",,"00,1","SYN011333   91818",
"07104099999","1990-04-29T18:00:00","4","48.2833333","-4.6333333","36.0","POINTE DE TOULINGUET, FR","FM-12","99999","V020","999,9,9,9999,9","22000,1,C,N","010000,1,N,9","+0152,1","+9999,9","99999,9","99,0000,9,1",,"4,000","0,1,06,1","0,1,06,1",,"02,99,1,99,9,99,9,99999,9,99,9,99,9","999,M,+0172,1","00,1","SYN017333   10172 91827",
"07104099999","1990-04-30T06:00:00","4","48.2833333","-4.6333333","36.0","POINTE DE TOULINGUET, FR","FM-12","99999","V020","999,9,9,9999,9","22000,1,C,N","004000,1,N,9","+0118,1","+9999,9","99999,9","99,0000,9,1",,"4,000",,,,"02,99,1,99,9,99,9,99999,9,99,9,99,9","999,N,+0100,1","00,1","SYN017333   20100 91826",
"07104099999","1990-04-30T12:00:00","4","48.2833333","-4.6333333","36.0","POINTE DE TOULINGUET, FR","FM-12","99999","V020","999,9,9,9999,9","22000,1,C,N","020000,1,N,9","+0220,1","+9999,9","99999,9","06,0000,9,1",,"4,000","0,1,06,1","0,1,06,1",,"02,99,1,99,9,99,9,99999,9,99,9,99,9",,"00,1","SYN011333   91828",
"07104099999","1990-04-30T18:00:00","4","48.2833333","-4.6333333","36.0","POINTE DE TOULINGUET, FR","FM-12","99999","V020","999,9,9,9999,9","22000,1,C,N","010000,1,N,9","+0170,1","+9999,9","99999,9","99,0000,9,1",,"4,000","0,1,06,1","0,1,06,1",,"00,99,1,00,1,00,1,99999,9,00,1,00,1","999,M,+0252,1","00,1","SYN017333   10252 91827",
"07104099999","1990-05-01T06:00:00","4","48.2833333","-4.6333333","36.0","POINTE DE TOULINGUET, FR","FM-12","99999","V020","999,9,9,9999,9","22000,1,C,N","020000,1,N,9","+0142,1","+9999,9","99999,9","99,0000,9,1",,"4,000",,,,"02,99,1,99,9,99,9,99999,9,99,9,99,9","999,N,+0130,1","00,1","SYN017333   20130 91828",
"07104099999","1990-05-01T12:00:00","4","48.2833333","-4.6333333","36.0","POINTE DE TOULINGUET, FR","FM-12","99999","V020","999,9,9,9999,9","22000,1,C,N","020000,1,N,9","+0232,1","+9999,9","99999,9","06,0000,9,1",,"4,000","0,1,06,1","0,1,06,1",,"01,99,1,99,9,99,9,99999,9,99,9,99,9",,"00,1","SYN011333   91828",
"07104099999","1990-05-01T18:00:00","4","48.2833333","-4.6333333","36.0","POINTE DE TOULINGUET, FR","FM-12","99999","V020","999,9,9,9999,9","22000,1,C,N","010000,1,N,9","+0160,1","+9999,9","99999,9","99,0000,9,1",,"4,000","0,1,06,1","0,1,06,1",,"03,99,1,99,9,99,9,99999,9,99,9,99,9","999,M,+0246,1","00,1","SYN017333   10246 91827",
"07104099999","1990-05-02T06:00:00","4","48.2833333","-4.6333333","36.0","POINTE DE TOULINGUET, FR","FM-12","99999","V020","999,9,9,9999,9","22000,1,C,N","010000,1,N,9","+0164,1","+9999,9","99999,9","99,0000,9,1",,"4,000",,,,"01,99,1,99,9,99,9,99999,9,99,9,99,9","999,N,+0156,1","00,1","SYN017333   20156 91827",
"07104099999","1990-05-02T12:00:00","4","48.2833333","-4.6333333","36.0","POINTE DE TOULINGUET, FR","FM-12","99999","V020","999,9,9,9999,9","22000,1,C,N","010000,1,N,9","+0240,1","+9999,9","99999,9","06,0000,9,1",,"4,000","0,1,06,1","0,1,06,1",,"02,99,1,99,9,99,9,99999,9,99,9,99,9",,"00,1","SYN011333   91827",
"07104099999","1990-05-03T06:00:00","4","48.2833333","-4.6333333","36.0","POINTE DE TOULINGUET, FR","FM-12","99999","V020","999,9,9,9999,9","22000,1,C,N","010000,1,N,9","+0156,1","+9999,9","99999,9","99,0000,9,1",,"4,000",,,,"00,99,1,00,1,00,1,99999,9,00,1,00,1","999,N,+0146,1","00,1","SYN017333   20146 91827",
"07104099999","1990-05-03T12:00:00","4","48.2833333","-4.6333333","36.0","POINTE DE TOULINGUET, FR","FM-12","99999","V020","999,9,9,9999,9","22000,1,C,N","010000,1,N,9","+0226,1","+9999,9","99999,9","06,0000,9,1",,"4,000","0,1,06,1","0,1,06,1",,"02,99,1,99,9,99,9,99999,9,99,9,99,9",,"00,1","SYN011333   91827",
"07104099999","1990-05-03T18:00:00","4","48.2833333","-4.6333333","36.0","POINTE DE TOULINGUET, FR","FM-12","99999","V020","999,9,9,9999,9","22000,1,C,N","010000,1,N,9","+0224,1","+9999,9","99999,9","99,0000,9,1",,"4,000","0,1,06,1","0,1,06,1",,"00,99,1,00,1,00,1,99999,9,00,1,00,1","999,M,+0246,1","00,1","SYN017333   10246 91827",
"07104099999","1990-05-04T06:00:00","4","48.2833333","-4.6333333","36.0","POINTE DE TOULINGUET, FR","FM-12","99999","V020","999,9,9,9999,9","22000,1,C,N","010000,1,N,9","+0146,1","+9999,9","99999,9","99,0000,9,1",,"4,000",,,,"00,99,1,00,1,00,1,99999,9,00,1,00,1","999,N,+0140,1","00,1","SYN017333   20140 91827",
"07104099999","1990-05-04T12:00:00","4","48.2833333","-4.6333333","36.0","POINTE DE TOULINGUET, FR","FM-12","99999","V020","999,1,C,0000,1","22000,1,C,N","020000,1,N,9","+0226,1","+9999,9","99999,9","06,0000,9,1",,"4,000",,,,"00,99,1,00,1,00,1,99999,9,00,1,00,1",,"00,1","SYN011333   91828",
"07104099999","1990-05-04T18:00:00","4","48.2833333","-4.6333333","36.0","POINTE DE TOULINGUET, FR","FM-12","99999","V020","999,9,9,9999,9","22000,1,C,N","010000,1,N,9","+0196,1","+9999,9","99999,9","99,0000,9,1",,"4,000","0,1,06,1","0,1,06,1",,"00,99,1,00,1,00,1,99999,9,00,1,00,1","999,M,+0240,1","00,1","SYN017333   10240 91827",
"07104099999","1990-05-05T06:00:00","4","48.2833333","-4.6333333","36.0","POINTE DE TOULINGUET, FR","FM-12","99999","V020","999,9,9,9999,9","22000,1,C,N","001000,1,N,9","+0146,1","+9999,9","99999,9","99,0000,9,1",,"4,000",,,,"02,99,1,99,9,99,9,99999,9,99,9,99,9","999,N,+0140,1","00,1","SYN017333   20140 91824",
"07104099999","1990-05-05T12:00:00","4","48.2833333","-4.6333333","36.0","POINTE DE TOULINGUET, FR","FM-12","99999","V020","999,9,9,9999,9","22000,1,C,N","010000,1,N,9","+0228,1","+9999,9","99999,9","06,0000,9,1",,"4,000","0,1,06,1","0,1,06,1",,"02,99,1,99,9,99,9,99999,9,99,9,99,9",,"00,1","SYN011333   91817",
"07104099999","1990-05-05T18:00:00","4","48.2833333","-4.6333333","36.0","POINTE DE TOULINGUET, FR","FM-12","99999","V020","999,9,9,9999,9","22000,1,C,N","004000,1,N,9","+0180,1","+9999,9","99999,9","99,0000,9,1",,"4,000","0,1,06,1","0,1,06,1",,"04,99,1,99,9,99,9,99999,9,99,9,99,9","999,M,+0228,1","00,1","SYN017333   10228 91816",
"07104099999","1990-05-06T06:00:00","4","48.2833333","-4.6333333","36.0","POINTE DE TOULINGUET, FR","FM-12","99999","V020","999,9,9,9999,9","22000,1,C,N","001000,1,N,9","+0138,1","+9999,9","99999,9","99,0000,9,1",,"4,000",,,,"04,99,1,99,9,99,9,99999,9,99,9,99,9","999,N,+0128,1","00,1","SYN017333   20128 91824",
"07104099999","1990-05-06T12:00:00","4","48.2833333","-4.6333333","36.0","POINTE DE TOULINGUET, FR","FM-12","99999","V020","999,9,9,9999,9","22000,1,C,N","010000,1,N,9","+0206,1","+9999,9","99999,9","06,0000,9,1",,"4,000","0,1,06,1","0,1,06,1",,"00,99,1,00,1,00,1,99999,9,00,1,00,1",,"00,1","SYN011333   91817",
"07104099999","1990-05-06T18:00:00","4","48.2833333","-4.6333333","36.0","POINTE DE TOULINGUET, FR","FM-12","99999","V020","999,9,9,9999,9","22000,1,C,N","010000,1,N,9","+0184,1","+9999,9","99999,9","99,0000,9,1",,"4,000","0,1,06,1","0,1,06,1",,"00,99,1,00,1,00,1,99999,9,00,1,00,1","999,M,+0226,1","00,1","SYN017333   10226 91827",
"07104099999","1990-05-07T06:00:00","4","48.2833333","-4.6333333","36.0","POINTE DE TOULINGUET, FR","FM-12","99999","V020","999,9,9,9999,9","22000,1,C,N","004000,1,N,9","+0126,1","+9999,9","99999,9","99,0000,9,1",,"4,000",,,,"02,99,1,99,9,99,9,99999,9,99,9,99,9","999,N,+0120,1","00,1","SYN017333   20120 91826",
"07104099999","1990-05-07T12:00:00","4","48.2833333","-4.6333333","36.0","POINTE DE TOULINGUET, FR","FM-12","99999","V020","999,9,9,9999,9","22000,1,C,N","010000,1,N,9","+0192,1","+9999,9","99999,9","06,0000,9,1",,"4,000","0,1,06,1","0,1,06,1",,"00,99,1,00,1,00,1,99999,9,00,1,00,1",,"00,1","SYN011333   91827",
"07104099999","1990-05-07T18:00:00","4","48.2833333","-4.6333333","36.0","POINTE DE TOULINGUET, FR","FM-12","99999","V020","999,9,9,9999,9","22000,1,C,N","020000,1,N,9","+0150,1","+9999,9","99999,9","99,0000,9,1",,"4,000","0,1,06,1","0,1,06,1",,"00,99,1,00,1,00,1,99999,9,00,1,00,1","999,M,+0198,1","00,1","SYN017333   10198 91828",
"07104099999","1990-05-08T06:00:00","4","48.2833333","-4.6333333","36.0","POINTE DE TOULINGUET, FR","FM-12","99999","V020","999,9,9,9999,9","99999,9,9,N","020000,1,N,9","+0110,1","+9999,9","99999,9","99,0000,9,1",,"4,000",,,,"06,99,1,99,9,99,9,99999,9,99,9,99,9","999,N,+0102,1","00,1","SYN017333   20102 91828",
"07104099999","1990-05-08T09:00:00","4","48.2833333","-4.6333333","36.0","POINTE DE TOULINGUET, FR","FM-12","99999","V020","999,9,9,9999,9","99999,9,9,N","010000,1,N,9","+0102,1","+9999,9","99999,9","99,0010,9,1",,"0,002","6,1,03,1",,,"08,99,1,99,9,99,9,99999,9,99,9,99,9","999,N,+0098,1","00,1","SYN017333   20098 91857",
"07104099999","1990-05-08T12:00:00","4","48.2833333","-4.6333333","36.0","POINTE DE TOULINGUET, FR","FM-12","99999","V020","999,9,9,9999,9","99999,9,9,N","020000,1,N,9","+0156,1","+9999,9","99999,9","06,0000,9,1",,"4,000","0,1,06,1","0,1,06,1",,"05,99,1,99,9,99,9,99999,9,99,9,99,9",,"00,1","SYN011333   91828",
"07104099999","1990-05-09T06:00:00","4","48.2833333","-4.6333333","36.0","POINTE DE TOULINGUET, FR","FM-12","99999","V020","999,9,9,9999,9","99999,9,9,N","020000,1,N,9","+0120,1","+9999,9","99999,9","99,0000,9,1",,"4,000",,,,"06,99,1,99,9,99,9,99999,9,99,9,99,9","999,N,+0104,1","00,1","SYN017333   20104 91828",
"07104099999","1990-05-09T12:00:00","4","48.2833333","-4.6333333","36.0","POINTE DE TOULINGUET, FR","FM-12","99999","V020","999,9,9,9999,9","99999,9,9,N","020000,1,N,9","+0150,1","+9999,9","99999,9","06,0000,9,1",,"4,000","0,1,06,1","0,1,06,1",,"06,99,1,99,9,99,9,99999,9,99,9,99,9",,"00,1","SYN011333   91828",
"07104099999","1990-05-09T18:00:00","4","48.2833333","-4.6333333","36.0","POINTE DE TOULINGUET, FR","FM-12","99999","V020","999,9,9,9999,9","99999,9,9,N","020000,1,N,9","+0130,1","+9999,9","99999,9","99,0000,9,1",,"4,000","0,1,06,1","0,1,06,1",,"06,99,1,99,9,99,9,99999,9,99,9,99,9","999,M,+0166,1","00,1","SYN017333   10166 91828",
"07104099999","1990-05-10T12:00:00","4","48.2833333","-4.6333333","36.0","POINTE DE TOULINGUET, FR","FM-12","99999","V020","999,9,9,9999,9","99999,9,9,N","020000,1,N,9","+0140,1","+9999,9","99999,9","06,0000,9,1",,"4,000","0,1,06,1","0,1,06,1",,"08,99,1,99,9,99,9,99999,9,99,9,99,9",,"00,1","SYN011333   91838",
"07104099999","1990-05-10T18:00:00","4","48.2833333","-4.6333333","36.0","POINTE DE TOULINGUET, FR","FM-12","99999","V020","999,9,9,9999,9","99999,9,9,N","001000,1,N,9","+0120,1","+9999,9","99999,9","99,0040,9,1",,"0,001","6,1,06,1","0,1,06,1",,"08,99,1,99,9,99,9,99999,9,99,9,99,9","999,M,+0140,1","63,1","SYN017333   10140 91834",
"07104099999","1990-05-11T06:00:00","4","48.2833333","-4.6333333","36.0","POINTE DE TOULINGUET, FR","FM-12","99999","V020","999,9,9,9999,9","99999,9,9,N","020000,1,N,9","+0120,1","+9999,9","99999,9","99,0020,9,1",,"0,002","6,1,06,1",,,"07,99,1,99,9,99,9,99999,9,99,9,99,9","999,N,+0110,1","00,1","SYN017333   20110 91838",
"07104099999","1990-05-12T06:00:00","4","48.2833333","-4.6333333","36.0","POINTE DE TOULINGUET, FR","FM-12","99999","V020","999,9,9,9999,9","22000,1,C,N","010000,1,N,9","+0104,1","+9999,9","99999,9","99,0000,9,1",,"4,000",,,,"04,99,1,99,9,99,9,99999,9,99,9,99,9","999,N,+0094,1","00,1","SYN017333   20094 91827",
"07104099999","1990-05-12T12:00:00","4","48.2833333","-4.6333333","36.0","POINTE DE TOULINGUET, FR","FM-12","99999","V020","999,9,9,9999,9","99999,9,9,N","020000,1,N,9","+0170,1","+9999,9","99999,9","06,0000,9,1",,"4,000","0,1,06,1","0,1,06,1",,"05,99,1,99,9,99,9,99999,9,99,9,99,9",,"00,1","SYN011333   91828",
"07104099999","1990-05-12T18:00:00","4","48.2833333","-4.6333333","36.0","POINTE DE TOULINGUET, FR","FM-12","99999","V020","999,9,9,9999,9","99999,9,9,N","020000,1,N,9","+0176,1","+9999,9","99999,9","99,0000,9,1",,"4,000","0,1,06,1","0,1,06,1",,"06,99,1,99,9,99,9,99999,9,99,9,99,9","999,M,+0194,1","00,1","SYN017333   10194 91828",
"07104099999","1990-05-13T06:00:00","4","48.2833333","-4.6333333","36.0","POINTE DE TOULINGUET, FR","FM-12","99999","V020","999,9,9,9999,9","22000,1,C,N","010000,1,N,9","+0122,1","+9999,9","99999,9","99,0000,9,1",,"4,000",,,,"04,99,1,99,9,99,9,99999,9,99,9,99,9","999,M,+9999,9","00,1","SYN017333   10102 91827","Q01 +01022ATMX  "
"07104099999","1990-05-13T12:00:00","4","48.2833333","-4.6333333","36.0","POINTE DE TOULINGUET, FR","FM-12","99999","V020","999,9,9,9999,9","22000,1,C,N","010000,1,N,9","+0184,1","+9999,9","99999,9","06,0000,9,1",,"4,000","0,1,06,1","0,1,06,1",,"02,99,1,99,9,99,9,99999,9,99,9,99,9",,"00,1","SYN011333   91817",
"07104099999","1990-05-13T18:00:00","4","48.2833333","-4.6333333","36.0","POINTE DE TOULINGUET, FR","FM-12","99999","V020","999,9,9,9999,9","22000,1,C,N","010000,1,N,9","+0180,1","+9999,9","99999,9","99,0000,9,1",,"4,000","0,1,06,1","0,1,06,1",,"03,99,1,99,9,99,9,99999,9,99,9,99,9","999,M,+0204,1","00,1","SYN017333   10204 91817",
"07104099999","1990-05-14T12:00:00","4","48.2833333","-4.6333333","36.0","POINTE DE TOULINGUET, FR","FM-12","99999","V020","999,9,9,9999,9","22000,1,C,N","020000,1,N,9","+0170,1","+9999,9","99999,9","06,0000,9,1",,"4,000","0,1,06,1","0,1,06,1",,"04,99,1,99,9,99,9,99999,9,99,9,99,9",,"00,1","SYN011333   91838",
"07104099999","1990-05-14T18:00:00","4","48.2833333","-4.6333333","36.0","POINTE DE TOULINGUET, FR","FM-12","99999","V020","999,9,9,9999,9","22000,1,C,N","010000,1,N,9","+0150,1","+9999,9","99999,9","99,0005,9,1",,"0,002","6,1,06,1","0,1,06,1",,"04,99,1,99,9,99,9,99999,9,99,9,99,9","999,M,+0180,1","00,1","SYN017333   10180 91837",
"07104099999","1990-05-15T06:00:00","4","48.2833333","-4.6333333","36.0","POINTE DE TOULINGUET, FR","FM-12","99999","V020","999,9,9,9999,9","99999,9,9,N","010000,1,N,9","+0140,1","+9999,9","99999,9","99,0000,9,1",,"4,000",,,,"05,99,1,99,9,99,9,99999,9,99,9,99,9","999,N,+0135,1","00,1","SYN017333   20135 91837",
"07104099999","1990-05-15T12:00:00","4","48.2833333","-4.6333333","36.0","POINTE DE TOULINGUET, FR","FM-12","99999","V020","999,9,9,9999,9","99999,9,9,N","010000,1,N,9","+0160,1","+9999,9","99999,9","06,0000,9,1",,"4,000","0,1,06,1","0,1,06,1",,"06,99,1,99,9,99,9,99999,9,99,9,99,9",,"00,1","SYN011333   91847",
"07104099999","1990-05-15T18:00:00","4","48.2833333","-4.6333333","36.0","POINTE DE TOULINGUET, FR","FM-12","99999","V020","999,9,9,9999,9","99999,9,9,N","004000,1,N,9","+0148,1","+9999,9","99999,9","99,0003,9,1",,"0,002","6,1,06,1","0,1,06,1",,"06,99,1,99,9,99,9,99999,9,99,9,99,9","999,M,+0164,1","00,1","SYN017333   10164 91846",
"07104099999","1990-05-16T06:00:00","4","48.2833333","-4.6333333","36.0","POINTE DE TOULINGUET, FR","FM-12","99999","V020","999,9,9,9999,9","99999,9,9,N","010000,1,N,9","+0134,1","+9999,9","99999,9","99,0003,9,1",,"0,002","6,1,06,1",,,"06,99,1,99,9,99,9,99999,9,99,9,99,9","999,N,+0126,1","00,1","SYN017333   20126 91837",
"07104099999","1990-05-16T12:00:00","4","48.2833333","-4.6333333","36.0","POINTE DE TOULINGUET, FR","FM-12","99999","V020","999,9,9,9999,9","99999,9,9,N","010000,1,N,9","+0168,1","+9999,9","99999,9","06,0000,9,1",,"4,000","0,1,06,1","0,1,06,1",,"07,99,1,99,9,99,9,99999,9,99,9,99,9",,"00,1","SYN011333   91827",
"07104099999","1990-05-16T18:00:00","4","48.2833333","-4.6333333","36.0","POINTE DE TOULINGUET, FR","FM-12","99999","V020","999,9,9,9999,9","22000,1,C,N","010000,1,N,9","+0152,1","+9999,9","99999,9","99,0000,9,1",,"4,000","0,1,06,1","0,1,06,1",,"04,99,1,99,9,99,9,99999,9,99,9,99,9","999,M,+0166,1","00,1","SYN017333   10166 91827",
"07104099999","1990-05-17T06:00:00","4","48.2833333","-4.6333333","36.0","POINTE DE TOULINGUET, FR","FM-12","99999","V020","999,9,9,9999,9","00015,1,C,N","000100,1,N,9","+0110,1","+9999,9","99999,9","99,0000,9,1",,"4,000",,,"09,1,+99999,9,99,9","09,99,1,09,1,99,9,99999,9,99,9,99,9","999,N,+0106,1","45,1","SYN017333   20106 91821",
"07104099999","1990-05-17T12:00:00","4","48.2833333","-4.6333333","36.0","POINTE DE TOULINGUET, FR","FM-12","99999","V020","999,9,9,9999,9","99999,9,9,N","010000,1,N,9","+0184,1","+9999,9","99999,9","06,0000,9,1",,"4,000","0,1,06,1","0,1,06,1",,"06,99,1,99,9,99,9,99999,9,99,9,99,9",,"00,1","SYN011333   91827",
"07104099999","1990-05-17T18:00:00","4","48.2833333","-4.6333333","36.0","POINTE DE TOULINGUET, FR","FM-12","99999","V020","999,9,9,9999,9","99999,9,9,N","020000,1,N,9","+0170,1","+9999,9","99999,9","99,0000,9,1",,"4,000","0,1,06,1","0,1,06,1",,"08,99,1,99,9,99,9,99999,9,99,9,99,9","999,M,+0196,1","00,1","SYN017333   10196 91828",
"07104099999","1990-05-18T06:00:00","4","48.2833333","-4.6333333","36.0","POINTE DE TOULINGUET, FR","FM-12","99999","V020","999,9,9,9999,9","99999,9,9,N","004000,1,N,9","+0118,1","+9999,9","99999,9","99,0030,9,1",,"0,001",,,,"08,99,1,99,9,99,9,99999,9,99,9,99,9","999,N,+0110,1","63,1","SYN017333   20110 91836",
"07104099999","1990-05-18T12:00:00","4","48.2833333","-4.6333333","36.0","POINTE DE TOULINGUET, FR","FM-12","99999","V020","999,9,9,9999,9","99999,9,9,N","002000,1,N,9","+0114,1","+9999,9","99999,9","06,0010,9,1",,"0,001","6,1,06,1","0,1,06,1",,"08,99,1,99,9,99,9,99999,9,99,9,99,9",,"63,1","SYN011333   91835",
"07104099999","1990-05-18T18:00:00","4","48.2833333","-4.6333333","36.0","POINTE DE TOULINGUET, FR","FM-12","99999","V020","999,9,9,9999,9","99999,9,9,N","020000,1,N,9","+0158,1","+9999,9","99999,9","99,0020,9,1",,"0,002","6,1,06,1","0,1,06,1",,"08,99,1,99,9,99,9,99999,9,99,9,99,9","999,M,+0162,1","00,1","SYN017333   10162 91828",
"07104099999","1990-05-19T06:00:00","4","48.2833333","-4.6333333","36.0","POINTE DE TOULINGUET, FR","FM-12","99999","V020","999,9,9,9999,9","99999,9,9,N","020000,1,N,9","+0136,1","+9999,9","99999,9","99,0010,9,1",,"0,002","6,1,06,1",,,"07,99,1,99,9,99,9,99999,9,99,9,99,9","999,N,+0126,1","00,1","SYN017333   20126 91838",
"07104099999","1990-05-19T12:00:00","4","48.2833333","-4.6333333","36.0","POINTE DE TOULINGUET, FR","FM-12","99999","V020","999,9,9,9999,9","22000,1,C,N","010000,1,N,9","+0184,1","+9999,9","99999,9","06,0000,9,1",,"4,000","0,1,06,1","0,1,06,1",,"04,99,1,99,9,99,9,99999,9,99,9,99,9",,"00,1","SYN011333   91827",
"07104099999","1990-05-19T18:00:00","4","48.2833333","-4.6333333","36.0","POINTE DE TOULINGUET, FR","FM-12","99999","V020","999,9,9,9999,9","22000,1,C,N","010000,1,N,9","+0166,1","+9999,9","99999,9","99,0000,9,1",,"4,000","0,1,06,1","0,1,06,1",,"04,99,1,99,9,99,9,99999,9,99,9,99,9","999,M,+0186,1","00,1","SYN017333   10186 91827",
"07104099999","1990-05-20T06:00:00","4","48.2833333","-4.6333333","36.0","POINTE DE TOULINGUET, FR","FM-12","99999","V020","999,9,9,9999,9","99999,9,9,N","001000,1,N,9","+0120,1","+9999,9","99999,9","99,0000,9,1",,"4,000",,,,"08,99,1,99,9,99,9,99999,9,99,9,99,9","999,N,+0110,1","00,1","SYN017333   20110 91824",
"07104099999","1990-05-20T12:00:00","4","48.2833333","-4.6333333","36.0","POINTE DE TOULINGUET, FR","FM-12","99999","V020","999,9,9,9999,9","22000,1,C,N","010000,1,N,9","+0164,1","+9999,9","99999,9","06,0000,9,1",,"4,000","0,1,06,1","0,1,06,1",,"03,99,1,99,9,99,9,99999,9,99,9,99,9",,"00,1","SYN011333   91827",
"07104099999","1990-05-20T18:00:00","4","48.2833333","-4.6333333","36.0","POINTE DE TOULINGUET, FR","FM-12","99999","V020","999,9,9,9999,9","99999,9,9,N","004000,1,N,9","+0120,1","+9999,9","99999,9","99,0003,9,1",,"0,001","6,1,06,1","0,1,06,1",,"08,99,1,99,9,99,9,99999,9,99,9,99,9","999,M,+0176,1","63,1","SYN017333   10176 91836",
"07104099999","1990-05-21T06:00:00","4","48.2833333","-4.6333333","36.0","POINTE DE TOULINGUET, FR","FM-12","99999","V020","999,9,9,9999,9","99999,9,9,N","004000,1,N,9","+0120,1","+9999,9","99999,9","99,0080,9,1",,"0,000",,,,"08,99,1,99,9,99,9,99999,9,99,9,99,9","999,N,+0112,1","00,1","SYN017333   20112 91828",
"07104099999","1990-05-21T12:00:00","4","48.2833333","-4.6333333","36.0","POINTE DE TOULINGUET, FR","FM-12","99999","V020","999,9,9,9999,9","99999,9,9,N","004000,1,N,9","+0130,1","+9999,9","99999,9","06,0003,9,1",,"0,002","6,1,06,1","0,1,06,1",,"08,99,1,99,9,99,9,99999,9,99,9,99,9",,"00,1","SYN011333   91826",
"07104099999","1990-05-21T18:00:00","4","48.2833333","-4.6333333","36.0","POINTE DE TOULINGUET, FR","FM-12","99999","V020","999,9,9,9999,9","99999,9,9,N","004000,1,N,9","+0120,1","+9999,9","99999,9","99,0005,9,1",,"0,002","6,1,06,1","0,1,06,1",,"08,99,1,99,9,99,9,99999,9,99,9,99,9","999,M,+0130,1","00,1","SYN017333   10130 91826",
"07104099999","1990-05-22T06:00:00","4","48.2833333","-4.6333333","36.0","POINTE DE TOULINGUET, FR","FM-12","99999","V020","999,9,9,9999,9","99999,9,9,N","004000,1,N,9","+0114,1","+9999,9","99999,9","99,0003,9,1",,"0,002","6,1,06,1",,,"07,99,1,99,9,99,9,99999,9,99,9,99,9","999,N,+0106,1","00,1","SYN017333   20106 91826",
"07104099999","1990-05-22T12:00:00","4","48.2833333","-4.6333333","36.0","POINTE DE TOULINGUET, FR","FM-12","99999","V020","999,9,9,9999,9","22000,1,C,N","010000,1,N,9","+0170,1","+9999,9","99999,9","06,0000,9,1",,"4,000","0,1,06,1","0,1,06,1",,"03,99,1,99,9,99,9,99999,9,99,9,99,9",,"00,1","SYN011333   91827",
"07104099999","1990-05-22T18:00:00","4","48.2833333","-4.6333333","36.0","POINTE DE TOULINGUET, FR","FM-12","99999","V020","999,9,9,9999,9","22000,1,C,N","004000,1,N,9","+0160,1","+9999,9","99999,9","99,0000,9,1",,"4,000","0,1,06,1","0,1,06,1",,"02,99,1,99,9,99,9,99999,9,99,9,99,9","999,M,+0176,1","00,1","SYN017333   10176 91826",
"07104099999","1990-05-23T06:00:00","4","48.2833333","-4.6333333","36.0","POINTE DE TOULINGUET, FR","FM-12","99999","V020","999,9,9,9999,9","22000,1,C,N","004000,1,N,9","+0114,1","+9999,9","99999,9","99,0000,9,1",,"4,000",,,,"03,99,1,99,9,99,9,99999,9,99,9,99,9","999,N,+0104,1","00,1","SYN017333   20104 91826",
"07104099999","1990-05-23T12:00:00","4","48.2833333","-4.6333333","36.0","POINTE DE TOULINGUET, FR","FM-12","99999","V020","999,9,9,9999,9","22000,1,C,N","010000,1,N,9","+0174,1","+9999,9","99999,9","06,0000,9,1",,"4,000","0,1,06,1","0,1,06,1",,"02,99,1,99,9,99,9,99999,9,99,9,99,9",,"00,1","SYN011333   91827",
"07104099999","1990-05-23T18:00:00","4","48.2833333","-4.6333333","36.0","POINTE DE TOULINGUET, FR","FM-12","99999","V020","999,9,9,9999,9","22000,1,C,N","020000,1,N,9","+0162,1","+9999,9","99999,9","99,0000,9,1",,"4,000","0,1,06,1","0,1,06,1",,"01,99,1,99,9,99,9,99999,9,99,9,99,9","999,M,+0180,1","00,1","SYN017333   10180 91838",
"07104099999","1990-05-24T06:00:00","4","48.2833333","-4.6333333","36.0","POINTE DE TOULINGUET, FR","FM-12","99999","V020","999,9,9,9999,9","22000,1,C,N","020000,1,N,9","+0120,1","+9999,9","99999,9","99,0000,9,1",,"4,000",,,,"02,99,1,99,9,99,9,99999,9,99,9,99,9","999,N,+0110,1","00,1","SYN017333   20110 91828",
"07104099999","1990-05-24T12:00:00","4","48.2833333","-4.6333333","36.0","POINTE DE TOULINGUET, FR","FM-12","99999","V020","999,9,9,9999,9","22000,1,C,N","020000,1,N,9","+0176,1","+9999,9","99999,9","06,0000,9,1",,"4,000","0,1,06,1","0,1,06,1",,"00,99,1,00,1,00,1,99999,9,00,1,00,1",,"00,1","SYN011333   91828",
"07104099999","1990-05-24T18:00:00","4","48.2833333","-4.6333333","36.0","POINTE DE TOULINGUET, FR","FM-12","99999","V020","999,9,9,9999,9","22000,1,C,N","010000,1,N,9","+0162,1","+9999,9","99999,9","99,0000,9,1",,"4,000","0,1,06,1","0,1,06,1",,"00,99,1,00,1,00,1,99999,9,00,1,00,1",,"00,1","SYN011333   91827",
"07104099999","1990-05-25T06:00:00","4","48.2833333","-4.6333333","36.0","POINTE DE TOULINGUET, FR","FM-12","99999","V020","999,9,9,9999,9","22000,1,C,N","010000,1,N,9","+0118,1","+9999,9","99999,9","99,0000,9,1",,"4,000",,,,"02,99,1,99,9,99,9,99999,9,99,9,99,9","999,N,+0106,1","00,1","SYN017333   20106 91827",
"07104099999","1990-05-25T12:00:00","4","48.2833333","-4.6333333","36.0","POINTE DE TOULINGUET, FR","FM-12","99999","V020","999,9,9,9999,9","99999,9,9,N","020000,1,N,9","+0168,1","+9999,9","99999,9","06,0000,9,1",,"4,000","0,1,06,1","0,1,06,1",,"05,99,1,99,9,99,9,99999,9,99,9,99,9",,"00,1","SYN011333   91828",
"07104099999","1990-05-25T18:00:00","4","48.2833333","-4.6333333","36.0","POINTE DE TOULINGUET, FR","FM-12","99999","V020","999,9,9,9999,9","99999,9,9,N","020000,1,N,9","+0168,1","+9999,9","99999,9","99,0000,9,1",,"4,000","0,1,06,1","0,1,06,1",,"07,99,1,99,9,99,9,99999,9,99,9,99,9","999,M,+0196,1","00,1","SYN017333   10196 91828",
"07104099999","1990-05-26T06:00:00","4","48.2833333","-4.6333333","36.0","POINTE DE TOULINGUET, FR","FM-12","99999","V020","999,9,9,9999,9","99999,9,9,N","020000,1,N,9","+0120,1","+9999,9","99999,9","99,0000,9,1",,"4,000",,,,"06,99,1,99,9,99,9,99999,9,99,9,99,9","999,N,+0104,1","00,1","SYN017333   20104 91828",
"07104099999","1990-05-26T12:00:00","4","48.2833333","-4.6333333","36.0","POINTE DE TOULINGUET, FR","FM-12","99999","V020","999,9,9,9999,9","99999,9,9,N","020000,1,N,9","+0192,1","+9999,9","99999,9","06,0000,9,1",,"4,000","0,1,06,1","0,1,06,1",,"08,99,1,99,9,99,9,99999,9,99,9,99,9",,"00,1","SYN011333   91828",
"07104099999","1990-05-26T18:00:00","4","48.2833333","-4.6333333","36.0","POINTE DE TOULINGUET, FR","FM-12","99999","V020","999,9,9,9999,9","22000,1,C,N","020000,1,N,9","+0164,1","+9999,9","99999,9","99,0000,9,1",,"4,000","0,1,06,1","0,1,06,1",,"04,99,1,99,9,99,9,99999,9,99,9,99,9","999,M,+0204,1","00,1","SYN017333   10204 91828",
"07104099999","1990-05-27T06:00:00","4","48.2833333","-4.6333333","36.0","POINTE DE TOULINGUET, FR","FM-12","99999","V020","999,9,9,9999,9","22000,1,C,N","010000,1,N,9","+0130,1","+9999,9","99999,9","99,0000,9,1",,"4,000",,,,"04,99,1,99,9,99,9,99999,9,99,9,99,9","999,N,+0104,1","00,1","SYN017333   20104 91827",
"07104099999","1990-05-27T12:00:00","4","48.2833333","-4.6333333","36.0","POINTE DE TOULINGUET, FR","FM-12","99999","V020","999,9,9,9999,9","22000,1,C,N","020000,1,N,9","+0180,1","+9999,9","99999,9","06,0000,9,1",,"4,000","0,1,06,1","0,1,06,1",,"00,99,1,00,1,00,1,99999,9,00,1,00,1",,"00,1","SYN011333   91828",
"07104099999","1990-05-27T18:00:00","4","48.2833333","-4.6333333","36.0","POINTE DE TOULINGUET, FR","FM-12","99999","V020","999,9,9,9999,9","22000,1,C,N","020000,1,N,9","+0178,1","+9999,9","99999,9","99,0000,9,1",,"4,000","0,1,06,1","0,1,06,1",,"00,99,1,00,1,00,1,99999,9,00,1,00,1","999,M,+0216,1","00,1","SYN017333   10216 91828",
"07104099999","1990-05-28T06:00:00","4","48.2833333","-4.6333333","36.0","POINTE DE TOULINGUET, FR","FM-12","99999","V020","999,9,9,9999,9","22000,1,C,N","004000,1,N,9","+0120,1","+9999,9","99999,9","99,0000,9,1",,"4,000",,,,"04,99,1,99,9,99,9,99999,9,99,9,99,9","999,N,+0102,1","00,1","SYN017333   20102 91826",
"07104099999","1990-05-28T12:00:00","4","48.2833333","-4.6333333","36.0","POINTE DE TOULINGUET, FR","FM-12","99999","V020","999,9,9,9999,9","99999,9,9,N","010000,1,N,9","+0180,1","+9999,9","99999,9","06,0000,9,1",,"4,000","0,1,06,1","0,1,06,1",,"06,99,1,99,9,99,9,99999,9,99,9,99,9",,"00,1","SYN011333   91817",
"07104099999","1990-05-28T18:00:00","4","48.2833333","-4.6333333","36.0","POINTE DE TOULINGUET, FR","FM-12","99999","V020","999,9,9,9999,9","99999,9,9,N","010000,1,N,9","+0170,1","+9999,9","99999,9","99,0000,9,1",,"4,000","0,1,06,1","0,1,06,1",,"07,99,1,99,9,99,9,99999,9,99,9,99,9","999,M,+0186,1","00,1","SYN017333   10186 91827",
"07104099999","1990-05-29T06:00:00","4","48.2833333","-4.6333333","36.0","POINTE DE TOULINGUET, FR","FM-12","99999","V020","999,9,9,9999,9","99999,9,9,N","004000,1,N,9","+0140,1","+9999,9","99999,9","99,0001,9,1",,"0,000",,,,"07,99,1,99,9,99,9,99999,9,99,9,99,9","999,N,+0125,1","00,1","SYN017333   20125 91816",
"07104099999","1990-05-29T12:00:00","4","48.2833333","-4.6333333","36.0","POINTE DE TOULINGUET, FR","FM-12","99999","V020","999,9,9,9999,9","99999,9,9,N","020000,1,N,9","+0158,1","+9999,9","99999,9","06,0000,9,1",,"4,000","0,1,06,1","0,1,06,1",,"08,99,1,99,9,99,9,99999,9,99,9,99,9",,"00,1","SYN011333   91828",
"07104099999","1990-05-30T06:00:00","4","48.2833333","-4.6333333","36.0","POINTE DE TOULINGUET, FR","FM-12","99999","V020","999,9,9,9999,9","99999,9,9,N","010000,1,N,9","+0140,1","+9999,9","99999,9","99,0010,9,1",,"0,002","6,1,06,1",,,"07,99,1,99,9,99,9,99999,9,99,9,99,9","999,N,+0122,1","00,1","SYN017333   20122 91827",
"07104099999","1990-05-30T12:00:00","4","48.2833333","-4.6333333","36.0","POINTE DE TOULINGUET, FR","FM-12","99999","V020","999,9,9,9999,9","99999,9,9,N","020000,1,N,9","+0162,1","+9999,9","99999,9","06,0000,9,1",,"4,000","0,1,06,1","0,1,06,1",,"05,99,1,99,9,99,9,99999,9,99,9,99,9",,"00,1","SYN011333   91828",
"07104099999","1990-05-30T18:00:00","4","48.2833333","-4.6333333","36.0","POINTE DE TOULINGUET, FR","FM-12","99999","V020","999,9,9,9999,9","22000,1,C,N","020000,1,N,9","+0162,1","+9999,9","99999,9","99,0000,9,1",,"4,000","0,1,06,1","0,1,06,1",,"04,99,1,99,9,99,9,99999,9,99,9,99,9","999,M,+0182,1","00,1","SYN017333   10182 91828",
"07104099999","1990-05-31T06:00:00","4","48.2833333","-4.6333333","36.0","POINTE DE TOULINGUET, FR","FM-12","99999","V020","999,9,9,9999,9","22000,1,C,N","010000,1,N,9","+0130,1","+9999,9","99999,9","99,0000,9,1",,"4,000",,,,"00,99,1,00,1,00,1,99999,9,00,1,00,1","999,N,+0114,1","00,1","SYN017333   20114 91827",
"07104099999","1990-05-31T12:00:00","4","48.2833333","-4.6333333","36.0","POINTE DE TOULINGUET, FR","FM-12","99999","V020","999,9,9,9999,9","22000,1,C,N","010000,1,N,9","+0204,1","+9999,9","99999,9","06,0000,9,1",,"4,000","0,1,06,1","0,1,06,1",,"03,99,1,99,9,99,9,99999,9,99,9,99,9",,"00,1","SYN011333   91827",
"07104099999","1990-05-31T18:00:00","4","48.2833333","-4.6333333","36.0","POINTE DE TOULINGUET, FR","FM-12","99999","V020","999,9,9,9999,9","22000,1,C,N","010000,1,N,9","+0190,1","+9999,9","99999,9","99,0000,9,1",,"4,000","0,1,06,1","0,1,06,1",,"04,99,1,99,9,99,9,99999,9,99,9,99,9","999,M,+0226,1","00,1","SYN017333   10226 91827",
"07104099999","1990-06-01T12:00:00","4","48.2833333","-4.6333333","36.0","POINTE DE TOULINGUET, FR","FM-12","99999","V020","999,9,9,9999,9","99999,9,9,N","020000,1,N,9","+0170,1","+9999,9","99999,9","06,0000,9,1",,"4,000","0,1,06,1","0,1,06,1",,"08,99,1,99,9,99,9,99999,9,99,9,99,9",,"00,1","SYN011333   92438",
"07104099999","1990-06-02T18:00:00","4","48.2833333","-4.6333333","36.0","POINTE DE TOULINGUET, FR","FM-12","99999","V020","999,9,9,9999,9","99999,9,9,N","020000,1,N,9","+0154,1","+9999,9","99999,9","99,0003,9,1",,"0,002","8,1,06,1","0,1,06,1",,"08,99,1,99,9,99,9,99999,9,99,9,99,9","999,M,+0170,1","00,1","SYN017333   10170 92438",
"07104099999","1990-06-03T06:00:00","4","48.2833333","-4.6333333","36.0","POINTE DE TOULINGUET, FR","FM-12","99999","V020","999,9,9,9999,9","99999,9,9,N","020000,1,N,9","+0142,1","+9999,9","99999,9","24,0010,9,1",,"0,002","6,1,06,1",,,"08,99,1,99,9,99,9,99999,9,99,9,99,9","999,N,+0130,1","00,1","SYN023333   20130 70010 92438",
"07104099999","1990-06-03T12:00:00","4","48.2833333","-4.6333333","36.0","POINTE DE TOULINGUET, FR","FM-12","99999","V020","999,9,9,9999,9","99999,9,9,N","010000,1,N,9","+0130,1","+9999,9","99999,9","06,0005,9,1",,"0,001","6,1,06,1","0,1,06,1",,"08,99,1,99,9,99,9,99999,9,99,9,99,9",,"61,1","SYN011333   92437",
"07104099999","1990-06-03T18:00:00","4","48.2833333","-4.6333333","36.0","POINTE DE TOULINGUET, FR","FM-12","99999","V020","999,9,9,9999,9","99999,9,9,N","020000,1,N,9","+0140,1","+9999,9","99999,9","99,0020,9,1",,"0,002","6,1,06,1","0,1,06,1",,"06,99,1,99,9,99,9,99999,9,99,9,99,9","999,M,+0144,1","00,1","SYN017333   10144 92438",
"07104099999","1990-06-04T06:00:00","4","48.2833333","-4.6333333","36.0","POINTE DE TOULINGUET, FR","FM-12","99999","V020","999,9,9,9999,9","22000,1,C,N","020000,1,N,9","+0130,1","+9999,9","99999,9","06,0000,9,1","24,0019,9,1","4,000",,,,"03,99,1,99,9,99,9,99999,9,99,9,99,9","999,N,+0114,1","00,1","SYN023333   20114 70019 92428",
"07104099999","1990-06-04T12:00:00","4","48.2833333","-4.6333333","36.0","POINTE DE TOULINGUET, FR","FM-12","99999","V020","999,9,9,9999,9","22000,1,C,N","020000,1,N,9","+0152,1","+9999,9","99999,9","06,0000,9,1",,"4,000","0,1,06,1","0,1,06,1",,"03,99,1,99,9,99,9,99999,9,99,9,99,9",,"00,1","SYN011333   92438",
"07104099999","1990-06-04T18:00:00","4","48.2833333","-4.6333333","36.0","POINTE DE TOULINGUET, FR","FM-12","99999","V020","999,9,9,9999,9","22000,1,C,N","020000,1,N,9","+0154,1","+9999,9","99999,9","06,0000,9,1",,"4,000","0,1,06,1","0,1,06,1",,"03,99,1,99,9,99,9,99999,9,99,9,99,9","999,M,+0172,1","00,1","SYN017333   10172 92428",
"07104099999","1990-06-05T06:00:00","4","48.2833333","-4.6333333","36.0","POINTE DE TOULINGUET, FR","FM-12","99999","V020","999,9,9,9999,9","99999,9,9,N","020000,1,N,9","+0138,1","+9999,9","99999,9","24,0009,9,1",,"0,002","6,1,06,1",,,"08,99,1,99,9,99,9,99999,9,99,9,99,9","999,N,+0124,1","00,1","SYN023333   20124 70009 92428",
"07104099999","1990-06-05T12:00:00","4","48.2833333","-4.6333333","36.0","POINTE DE TOULINGUET, FR","FM-12","99999","V020","999,9,9,9999,9","22000,1,C,N","020000,1,N,9","+0140,1","+9999,9","99999,9","06,0050,9,1",,"0,002","6,1,06,1","0,1,06,1",,"03,99,1,99,9,99,9,99999,9,99,9,99,9",,"00,1","SYN011333   92438",
"07104099999","1990-06-06T12:00:00","4","48.2833333","-4.6333333","36.0","POINTE DE TOULINGUET, FR","FM-12","99999","V020","999,9,9,9999,9","99999,9,9,N","002000,1,N,9","+0140,1","+9999,9","99999,9","06,0010,9,1",,"0,001","8,1,06,1","6,1,06,1",,"08,99,1,99,9,99,9,99999,9,99,9,99,9",,"61,1","SYN011333   92445",
"07104099999","1990-06-06T18:00:00","4","48.2833333","-4.6333333","36.0","POINTE DE TOULINGUET, FR","FM-12","99999","V020","999,9,9,9999,9","99999,9,9,N","001000,1,N,9","+0144,1","+9999,9","99999,9","99,0030,9,1",,"0,001","6,1,06,1","0,1,06,1",,"08,99,1,99,9,99,9,99999,9,99,9,99,9","999,M,+0156,1","61,1","SYN017333   10156 92454",
"07104099999","1990-06-07T18:00:00","4","48.2833333","-4.6333333","36.0","POINTE DE TOULINGUET, FR","FM-12","99999","V020","999,9,9,9999,9","99999,9,9,N","020000,1,N,9","+0138,1","+9999,9","99999,9","99,0020,9,1",,"0,002","6,1,06,1","5,1,06,1",,"08,99,1,99,9,99,9,99999,9,99,9,99,9","999,M,+0146,1","00,1","SYN017333   10146 92438",
"07104099999","1990-06-08T06:00:00","4","48.2833333","-4.6333333","36.0","POINTE DE TOULINGUET, FR","FM-12","99999","V020","999,9,9,9999,9","22000,1,C,N","020000,1,N,9","+0126,1","+9999,9","99999,9","24,0022,9,1","99,0003,9,1","0,002","6,1,06,1",,,"04,99,1,99,9,99,9,99999,9,99,9,99,9","999,N,+0114,1","00,1","SYN023333   20114 70022 92438",
"07104099999","1990-06-08T12:00:00","4","48.2833333","-4.6333333","36.0","POINTE DE TOULINGUET, FR","FM-12","99999","V020","999,9,9,9999,9","22000,1,C,N","020000,1,N,9","+0146,1","+9999,9","99999,9","06,0000,9,1",,"4,000","0,1,06,1","0,1,06,1",,"03,99,1,99,9,99,9,99999,9,99,9,99,9",,"00,1","SYN011333   92438",
"07104099999","1990-06-08T18:00:00","4","48.2833333","-4.6333333","36.0","POINTE DE TOULINGUET, FR","FM-12","99999","V020","999,9,9,9999,9","99999,9,9,N","020000,1,N,9","+0138,1","+9999,9","99999,9","06,0000,9,1",,"4,000","0,1,06,1","0,1,06,1",,"07,99,1,99,9,99,9,99999,9,99,9,99,9","999,M,+0156,1","00,1","SYN017333   10156 92448",
"07104099999","1990-06-09T06:00:00","4","48.2833333","-4.6333333","36.0","POINTE DE TOULINGUET, FR","FM-12","99999","V020","999,9,9,9999,9","99999,9,9,N","020000,1,N,9","+0130,1","+9999,9","99999,9","06,0000,9,1",,"4,000",,,,"06,99,1,99,9,99,9,99999,9,99,9,99,9","999,N,+0122,1","00,1","SYN017333   20122 92448",
"07104099999","1990-06-09T12:00:00","4","48.2833333","-4.6333333","36.0","POINTE DE TOULINGUET, FR","FM-12","99999","V020","999,9,9,9999,9","99999,9,9,N","020000,1,N,9","+0156,1","+9999,9","99999,9","06,0001,9,1",,"0,002","8,1,06,1","0,1,06,1",,"06,99,1,99,9,99,9,99999,9,99,9,99,9",,"00,1","SYN011333   92438",
"07104099999","1990-06-10T06:00:00","4","48.2833333","-4.6333333","36.0","POINTE DE TOULINGUET, FR","FM-12","99999","V020","999,9,9,9999,9","99999,9,9,N","004000,1,N,9","+0134,1","+9999,9","99999,9","06,0000,9,1",,"4,000","0,1,06,1","0,1,06,1",,"08,99,1,99,9,99,9,99999,9,99,9,99,9","999,N,+0126,1","00,1","SYN017333   20126 92436",
"07104099999","1990-06-10T18:00:00","4","48.2833333","-4.6333333","36.0","POINTE DE TOULINGUET, FR","FM-12","99999","V020","999,9,9,9999,9","22000,1,C,N","010000,1,N,9","+0170,1","+9999,9","99999,9","06,0000,9,1",,"4,000","0,1,06,1","0,1,06,1",,"00,99,1,00,1,00,1,99999,9,00,1,00,1","999,M,+0200,1","00,1","SYN017333   10200 92427",
"07104099999","1990-06-11T06:00:00","4","48.2833333","-4.6333333","36.0","POINTE DE TOULINGUET, FR","FM-12","99999","V020","999,9,9,9999,9","99999,9,9,N","010000,1,N,9","+0130,1","+9999,9","99999,9","06,0000,9,1",,"4,000",,,,"05,99,1,99,9,99,9,99999,9,99,9,99,9","999,N,+0122,1","00,1","SYN017333   20122 92427",
"07104099999","1990-06-11T12:00:00","4","48.2833333","-4.6333333","36.0","POINTE DE TOULINGUET, FR","FM-12","99999","V020","999,9,9,9999,9","22000,1,C,N","020000,1,N,9","+0140,1","+9999,9","99999,9","06,0000,9,1",,"4,000","0,1,06,1","0,1,06,1",,"03,99,1,99,9,99,9,99999,9,99,9,99,9",,"00,1","SYN011333   92428",
"07104099999","1990-06-11T18:00:00","4","48.2833333","-4.6333333","36.0","POINTE DE TOULINGUET, FR","FM-12","99999","V020","999,9,9,9999,9","99999,9,9,N","010000,1,N,9","+0146,1","+9999,9","99999,9","06,0000,9,1",,"4,000","0,1,06,1","0,1,06,1",,"05,99,1,99,9,99,9,99999,9,99,9,99,9","999,M,+0170,1","00,1","SYN017333   10170 92437",
"07104099999","1990-06-12T06:00:00","4","48.2833333","-4.6333333","36.0","POINTE DE TOULINGUET, FR","FM-12","99999","V020","999,9,9,9999,9","99999,9,9,N","010000,1,N,9","+0130,1","+9999,9","99999,9","06,0000,9,1",,"4,000",,,,"08,99,1,99,9,99,9,99999,9,99,9,99,9","999,N,+0120,1","00,1","SYN017333   20120 92427",
"07104099999","1990-06-12T12:00:00","4","48.2833333","-4.6333333","36.0","POINTE DE TOULINGUET, FR","FM-12","99999","V020","999,9,9,9999,9","99999,9,9,N","010000,1,N,9","+0164,1","+9999,9","99999,9","06,0001,9,1",,"0,002","6,1,06,1","0,1,06,1",,"07,99,1,99,9,99,9,99999,9,99,9,99,9",,"00,1","SYN011333   92437",
"07104099999","1990-06-12T18:00:00","4","48.2833333","-4.6333333","36.0","POINTE DE TOULINGUET, FR","FM-12","99999","V020","999,9,9,9999,9","22000,1,C,N","010000,1,N,9","+0154,1","+9999,9","99999,9","99,0001,9,1",,"0,000","0,1,06,1","0,1,06,1",,"02,99,1,99,9,99,9,99999,9,99,9,99,9","999,M,+0164,1","00,1","SYN017333   10164 92427",
"07104099999","1990-06-13T06:00:00","4","48.2833333","-4.6333333","36.0","POINTE DE TOULINGUET, FR","FM-12","99999","V020","999,9,9,9999,9","22000,1,C,N","010000,1,N,9","+0126,1","+9999,9","99999,9","06,0000,9,1",,"4,000",,,,"02,99,1,99,9,99,9,99999,9,99,9,99,9","999,N,+0110,1","00,1","SYN017333   20110 92417",
"07104099999","1990-06-13T12:00:00","4","48.2833333","-4.6333333","36.0","POINTE DE TOULINGUET, FR","FM-12","99999","V020","999,9,9,9999,9","99999,9,9,N","010000,1,N,9","+0172,1","+9999,9","99999,9","06,0000,9,1",,"4,000","0,1,06,1","0,1,06,1",,"06,99,1,99,9,99,9,99999,9,99,9,99,9",,"00,1","SYN011333   92427",
"07104099999","1990-06-13T18:00:00","4","48.2833333","-4.6333333","36.0","POINTE DE TOULINGUET, FR","FM-12","99999","V020","999,9,9,9999,9","99999,9,9,N","020000,1,N,9","+0162,1","+9999,9","99999,9","06,0000,9,1",,"4,000","0,1,06,1","0,1,06,1",,"07,99,1,99,9,99,9,99999,9,99,9,99,9","999,M,+0180,1","00,1","SYN017333   10180 92428",
"07104099999","1990-06-14T06:00:00","4","48.2833333","-4.6333333","36.0","POINTE DE TOULINGUET, FR","FM-12","99999","V020","999,9,9,9999,9","22000,1,C,N","010000,1,N,9","+0114,1","+9999,9","99999,9","06,0000,9,1",,"4,000",,,,"03,99,1,99,9,99,9,99999,9,99,9,99,9","999,N,+0100,1","00,1","SYN017333   20100 92427",
"07104099999","1990-06-14T12:00:00","4","48.2833333","-4.6333333","36.0","POINTE DE TOULINGUET, FR","FM-12","99999","V020","999,9,9,9999,9","99999,9,9,N","010000,1,N,9","+0150,1","+9999,9","99999,9","06,0000,9,1",,"4,000","0,1,06,1","0,1,06,1",,"08,99,1,99,9,99,9,99999,9,99,9,99,9",,"00,1","SYN011333   92427",
"07104099999","1990-06-14T18:00:00","4","48.2833333","-4.6333333","36.0","POINTE DE TOULINGUET, FR","FM-12","99999","V020","999,9,9,9999,9","99999,9,9,N","010000,1,N,9","+0162,1","+9999,9","99999,9","06,0000,9,1",,"4,000","0,1,06,1","0,1,06,1",,"05,99,1,99,9,99,9,99999,9,99,9,99,9","999,M,+0186,1","00,1","SYN017333   10186 92427",
"07104099999","1990-06-15T12:00:00","4","48.2833333","-4.6333333","36.0","POINTE DE TOULINGUET, FR","FM-12","99999","V020","999,9,9,9999,9","99999,9,9,N","004000,1,N,9","+0180,1","+9999,9","99999,9","06,0000,9,1",,"4,000","0,1,06,1","0,1,06,1",,"05,99,1,99,9,99,9,99999,9,99,9,99,9",,"00,1","SYN011333   92416",
"07104099999","1990-06-15T18:00:00","4","48.2833333","-4.6333333","36.0","POINTE DE TOULINGUET, FR","FM-12","99999","V020","999,9,9,9999,9","22000,1,C,N","010000,1,N,9","+0160,1","+9999,9","99999,9","06,0000,9,1",,"4,000","0,1,06,1","0,1,06,1",,"04,99,1,99,9,99,9,99999,9,99,9,99,9","999,M,+0180,1","00,1","SYN017333   10180 92427",
"07104099999","1990-06-16T06:00:00","4","48.2833333","-4.6333333","36.0","POINTE DE TOULINGUET, FR","FM-12","99999","V020","999,9,9,9999,9","99999,9,9,N","002000,1,N,9","+0130,1","+9999,9","99999,9","06,0000,9,1",,"4,000",,,,"06,99,1,99,9,99,9,99999,9,99,9,99,9","999,N,+0120,1","00,1","SYN017333   20120 92425",
"07104099999","1990-06-16T12:00:00","4","48.2833333","-4.6333333","36.0","POINTE DE TOULINGUET, FR","FM-12","99999","V020","999,9,9,9999,9","22000,1,C,N","004000,1,N,9","+0164,1","+9999,9","99999,9","06,0000,9,1",,"4,000","0,1,06,1","0,1,06,1",,"03,99,1,99,9,99,9,99999,9,99,9,99,9",,"00,1","SYN011333   92426",
"07104099999","1990-06-16T18:00:00","4","48.2833333","-4.6333333","36.0","POINTE DE TOULINGUET, FR","FM-12","99999","V020","999,9,9,9999,9","22000,1,C,N","010000,1,N,9","+0180,1","+9999,9","99999,9","06,0000,9,1",,"4,000","0,1,06,1","0,1,06,1",,"02,99,1,99,9,99,9,99999,9,99,9,99,9","999,M,+0196,1","00,1","SYN017333   10196 92427",
"07104099999","1990-06-17T06:00:00","4","48.2833333","-4.6333333","36.0","POINTE DE TOULINGUET, FR","FM-12","99999","V020","999,9,9,9999,9","99999,9,9,N","004000,1,N,9","+0130,1","+9999,9","99999,9","24,0001,9,1",,"0,001","6,1,06,1",,,"08,99,1,99,9,99,9,99999,9,99,9,99,9","999,N,+0120,1","61,1","SYN023333   20120 70001 92426",
"07104099999","1990-06-17T12:00:00","4","48.2833333","-4.6333333","36.0","POINTE DE TOULINGUET, FR","FM-12","99999","V020","999,9,9,9999,9","99999,9,9,N","010000,1,N,9","+0180,1","+9999,9","99999,9","06,0003,9,1",,"0,002","6,1,06,1","0,1,06,1",,"08,99,1,99,9,99,9,99999,9,99,9,99,9",,"00,1","SYN011333   92427",
"07104099999","1990-06-17T18:00:00","4","48.2833333","-4.6333333","36.0","POINTE DE TOULINGUET, FR","FM-12","99999","V020","999,9,9,9999,9","22000,1,C,N","020000,1,N,9","+0160,1","+9999,9","99999,9","99,0003,9,1",,"0,000","0,1,06,1","0,1,06,1",,"04,99,1,99,9,99,9,99999,9,99,9,99,9","999,M,+0186,1","00,1","SYN017333   10186 92428",
"07104099999","1990-06-18T06:00:00","4","48.2833333","-4.6333333","36.0","POINTE DE TOULINGUET, FR","FM-12","99999","V020","999,9,9,9999,9","99999,9,9,N","002000,1,N,9","+0156,1","+9999,9","99999,9","24,0022,9,1",,"0,000","0,1,06,1","0,1,06,1",,"08,99,1,99,9,99,9,99999,9,99,9,99,9","999,N,+0140,1","61,1","SYN023333   20140 70022 92445",
"07104099999","1990-06-18T12:00:00","4","48.2833333","-4.6333333","36.0","POINTE DE TOULINGUET, FR","FM-12","99999","V020","999,9,9,9999,9","99999,9,9,N","010000,1,N,9","+0150,1","+9999,9","99999,9","06,0020,9,1",,"0,002","6,1,06,1","0,1,06,1",,"08,99,1,99,9,99,9,99999,9,99,9,99,9",,"00,1","SYN011333   92438",
"07104099999","1990-06-18T18:00:00","4","48.2833333","-4.6333333","36.0","POINTE DE TOULINGUET, FR","FM-12","99999","V020","999,9,9,9999,9","99999,9,9,N","020000,1,N,9","+0152,1","+9999,9","99999,9","99,0030,9,1",,"0,002","6,1,06,1","0,1,06,1",,"08,99,1,99,9,99,9,99999,9,99,9,99,9","999,M,+0160,1","00,1","SYN017333   10160 92428",
"07104099999","1990-06-19T12:00:00","4","48.2833333","-4.6333333","36.0","POINTE DE TOULINGUET, FR","FM-12","99999","V020","999,9,9,9999,9","22000,1,C,N","020000,1,N,9","+0160,1","+9999,9","99999,9","06,0000,9,1",,"4,000","0,1,06,1","0,1,06,1",,"02,99,1,99,9,99,9,99999,9,99,9,99,9",,"00,1","SYN011333   92438",
"07104099999","1990-06-19T18:00:00","4","48.2833333","-4.6333333","36.0","POINTE DE TOULINGUET, FR","FM-12","99999","V020","999,9,9,9999,9","22000,1,C,N","020000,1,N,9","+0154,1","+9999,9","99999,9","06,0000,9,1",,"4,000","0,1,06,1","0,1,06,1",,"03,99,1,99,9,99,9,99999,9,99,9,99,9","999,M,+0164,1","00,1","SYN017333   10164 92438",
"07104099999","1990-06-20T18:00:00","4","48.2833333","-4.6333333","36.0","POINTE DE TOULINGUET, FR","FM-12","99999","V020","999,9,9,9999,9","99999,9,9,N","020000,1,N,9","+0152,1","+9999,9","99999,9","99,0030,9,1",,"0,002","8,1,06,1","0,1,06,1",,"05,99,1,99,9,99,9,99999,9,99,9,99,9","999,M,+0156,1","00,1","SYN017333   10156 92458",
"07104099999","1990-06-21T06:00:00","4","48.2833333","-4.6333333","36.0","POINTE DE TOULINGUET, FR","FM-12","99999","V020","999,9,9,9999,9","99999,9,9,N","004000,1,N,9","+0136,1","+9999,9","99999,9","24,0056,9,1","99,0030,9,1","0,001","6,1,06,1",,,"08,99,1,99,9,99,9,99999,9,99,9,99,9","999,N,+0130,1","63,1","SYN023333   20130 70056 92446",
"07104099999","1990-06-21T12:00:00","4","48.2833333","-4.6333333","36.0","POINTE DE TOULINGUET, FR","FM-12","99999","V020","999,9,9,9999,9","99999,9,9,N","010000,1,N,9","+0156,1","+9999,9","99999,9","06,0130,9,1",,"0,002","6,1,06,1","0,1,06,1",,"07,99,1,99,9,99,9,99999,9,99,9,99,9",,"00,1","SYN011333   92457",
"07104099999","1990-06-21T18:00:00","4","48.2833333","-4.6333333","36.0","POINTE DE TOULINGUET, FR","FM-12","99999","V020","999,9,9,9999,9","99999,9,9,N","010000,1,N,9","+0138,1","+9999,9","99999,9","99,0130,9,1",,"0,002","8,1,06,1","0,1,06,1",,"08,99,1,99,9,99,9,99999,9,99,9,99,9","999,M,+0158,1","00,1","SYN017333   10158 92457",
"07104099999","1990-06-22T06:00:00","4","48.2833333","-4.6333333","36.0","POINTE DE TOULINGUET, FR","FM-12","99999","V020","999,9,9,9999,9","99999,9,9,N","010000,1,N,9","+0130,1","+9999,9","99999,9","24,0142,9,1","99,0010,9,1","0,002","6,1,06,1",,,"08,99,1,99,9,99,9,99999,9,99,9,99,9","999,N,+0110,1","00,1","SYN023333   20110 70142 92457",
"07104099999","1990-06-22T12:00:00","4","48.2833333","-4.6333333","36.0","POINTE DE TOULINGUET, FR","FM-12","99999","V020","999,9,9,9999,9","99999,9,9,N","010000,1,N,9","+0144,1","+9999,9","99999,9","06,0010,9,1",,"0,002","8,1,06,1","0,1,06,1",,"07,99,1,99,9,99,9,99999,9,99,9,99,9",,"00,1","SYN011333   92457",
"07104099999","1990-06-22T18:00:00","4","48.2833333","-4.6333333","36.0","POINTE DE TOULINGUET, FR","FM-12","99999","V020","999,9,9,9999,9","99999,9,9,N","020000,1,N,9","+0140,1","+9999,9","99999,9","99,0010,9,1",,"0,002","8,1,06,1","0,1,06,1",,"07,99,1,99,9,99,9,99999,9,99,9,99,9","999,M,+0150,1","00,1","SYN017333   10150 92448",
"07104099999","1990-06-23T06:00:00","4","48.2833333","-4.6333333","36.0","POINTE DE TOULINGUET, FR","FM-12","99999","V020","999,9,9,9999,9","99999,9,9,N","020000,1,N,9","+0132,1","+9999,9","99999,9","24,0017,9,1","99,0005,9,1","0,000",,,,"06,99,1,99,9,99,9,99999,9,99,9,99,9","999,N,+0124,1","00,1","SYN023333   20124 70017 92438",
"07104099999","1990-06-23T12:00:00","4","48.2833333","-4.6333333","36.0","POINTE DE TOULINGUET, FR","FM-12","99999","V020","999,9,9,9999,9","99999,9,9,N","020000,1,N,9","+0176,1","+9999,9","99999,9","06,0000,9,1",,"4,000","0,1,06,1","0,1,06,1",,"05,99,1,99,9,99,9,99999,9,99,9,99,9",,"00,1","SYN011333   92428",
"07104099999","1990-06-23T18:00:00","4","48.2833333","-4.6333333","36.0","POINTE DE TOULINGUET, FR","FM-12","99999","V020","999,9,9,9999,9","22000,1,C,N","020000,1,N,9","+0152,1","+9999,9","99999,9","06,0000,9,1",,"4,000","0,1,06,1","0,1,06,1",,"03,99,1,99,9,99,9,99999,9,99,9,99,9","999,M,+0178,1","00,1","SYN017333   10178 92438",
"07104099999","1990-06-24T06:00:00","4","48.2833333","-4.6333333","36.0","POINTE DE TOULINGUET, FR","FM-12","99999","V020","999,9,9,9999,9","99999,9,9,N","020000,1,N,9","+0148,1","+9999,9","99999,9","06,0000,9,1",,"4,000",,,,"05,99,1,99,9,99,9,99999,9,99,9,99,9","999,N,+0118,1","00,1","SYN017333   20118 92438",
"07104099999","1990-06-24T12:00:00","4","48.2833333","-4.6333333","36.0","POINTE DE TOULINGUET, FR","FM-12","99999","V020","999,9,9,9999,9","99999,9,9,N","010000,1,N,9","+0146,1","+9999,9","99999,9","06,0010,9,1",,"0,002","6,1,06,1","0,1,06,1",,"08,99,1,99,9,99,9,99999,9,99,9,99,9",,"00,1","SYN011333   92447",
"07104099999","1990-06-24T18:00:00","4","48.2833333","-4.6333333","36.0","POINTE DE TOULINGUET, FR","FM-12","99999","V020","999,9,9,9999,9","99999,9,9,N","004000,1,N,9","+0150,1","+9999,9","99999,9","99,0010,9,1",,"0,002","6,1,06,1","0,1,06,1",,"08,99,1,99,9,99,9,99999,9,99,9,99,9","999,M,+0152,1","00,1","SYN017333   10152 92446",
"07104099999","1990-06-25T06:00:00","4","48.2833333","-4.6333333","36.0","POINTE DE TOULINGUET, FR","FM-12","99999","V020","999,9,9,9999,9","99999,9,9,N","020000,1,N,9","+0150,1","+9999,9","99999,9","06,0000,9,1","24,0012,9,1","4,000",,,,"08,99,1,99,9,99,9,99999,9,99,9,99,9","999,N,+0140,1","00,1","SYN023333   20140 70012 92428",
"07104099999","1990-06-25T12:00:00","4","48.2833333","-4.6333333","36.0","POINTE DE TOULINGUET, FR","FM-12","99999","V020","999,9,9,9999,9","99999,9,9,N","020000,1,N,9","+0170,1","+9999,9","99999,9","06,0000,9,1",,"4,000","0,1,06,1","0,1,06,1",,"08,99,1,99,9,99,9,99999,9,99,9,99,9",,"00,1","SYN011333   92428",
"07104099999","1990-06-25T18:00:00","4","48.2833333","-4.6333333","36.0","POINTE DE TOULINGUET, FR","FM-12","99999","V020","999,9,9,9999,9","22000,1,C,N","020000,1,N,9","+0168,1","+9999,9","99999,9","06,0000,9,1",,"4,000","0,1,06,1","0,1,06,1",,"03,99,1,99,9,99,9,99999,9,99,9,99,9","999,M,+0184,1","00,1","SYN017333   10184 92428",
"07104099999","1990-06-26T06:00:00","4","48.2833333","-4.6333333","36.0","POINTE DE TOULINGUET, FR","FM-12","99999","V020","999,9,9,9999,9","99999,9,9,N","004000,1,N,9","+0150,1","+9999,9","99999,9","06,0000,9,1",,"4,000",,,,"08,99,1,99,9,99,9,99999,9,99,9,99,9","999,N,+0142,1","00,1","SYN017333   20142 92426",
"07104099999","1990-06-26T12:00:00","4","48.2833333","-4.6333333","36.0","POINTE DE TOULINGUET, FR","FM-12","99999","V020","999,9,9,9999,9","99999,9,9,N","004000,1,N,9","+0178,1","+9999,9","99999,9","06,0000,9,1",,"4,000","0,1,06,1","0,1,06,1",,"08,99,1,99,9,99,9,99999,9,99,9,99,9",,"00,1","SYN011333   92426",
"07104099999","1990-06-26T18:00:00","4","48.2833333","-4.6333333","36.0","POINTE DE TOULINGUET, FR","FM-12","99999","V020","999,9,9,9999,9","99999,9,9,N","010000,1,N,9","+0170,1","+9999,9","99999,9","06,0000,9,1",,"4,000","0,1,06,1","0,1,06,1",,"08,99,1,99,9,99,9,99999,9,99,9,99,9","999,M,+0196,1","00,1","SYN017333   10196 92427",
"07104099999","1990-06-27T06:00:00","4","48.2833333","-4.6333333","36.0","POINTE DE TOULINGUET, FR","FM-12","99999","V020","999,1,C,0000,1","99999,9,9,N","020000,1,N,9","+0150,1","+9999,9","99999,9","06,0000,9,1",,"4,000",,,,"07,99,1,99,9,99,9,99999,9,99,9,99,9","999,N,+0140,1","00,1","SYN017333   20140 92418",
"07104099999","1990-06-27T12:00:00","4","48.2833333","-4.6333333","36.0","POINTE DE TOULINGUET, FR","FM-12","99999","V020","999,9,9,9999,9","99999,9,9,N","020000,1,N,9","+0156,1","+9999,9","99999,9","06,0001,9,1",,"0,000","5,1,06,1","0,1,06,1",,"08,99,1,99,9,99,9,99999,9,99,9,99,9",,"00,1","SYN011333   92428",
"07104099999","1990-06-27T18:00:00","4","48.2833333","-4.6333333","36.0","POINTE DE TOULINGUET, FR","FM-12","99999","V020","999,9,9,9999,9","22000,1,C,N","020000,1,N,9","+0154,1","+9999,9","99999,9","99,0001,9,1",,"0,000","0,1,06,1","0,1,06,1",,"03,99,1,99,9,99,9,99999,9,99,9,99,9","999,M,+0174,1","00,1","SYN017333   10174 92428",
"07104099999","1990-06-28T06:00:00","4","48.2833333","-4.6333333","36.0","POINTE DE TOULINGUET, FR","FM-12","99999","V020","999,9,9,9999,9","22000,1,C,N","020000,1,N,9","+0140,1","+9999,9","99999,9","06,0000,9,1","24,0001,9,1","4,000",,,,"03,99,1,99,9,99,9,99999,9,99,9,99,9","999,N,+0126,1","00,1","SYN023333   20126 70001 92428",
"07104099999","1990-06-28T12:00:00","4","48.2833333","-4.6333333","36.0","POINTE DE TOULINGUET, FR","FM-12","99999","V020","999,9,9,9999,9","22000,1,C,N","020000,1,N,9","+0160,1","+9999,9","99999,9","06,0000,9,1",,"4,000","0,1,06,1","0,1,06,1",,"04,99,1,99,9,99,9,99999,9,99,9,99,9",,"00,1","SYN011333   92428",
"07104099999","1990-06-29T06:00:00","4","48.2833333","-4.6333333","36.0","POINTE DE TOULINGUET, FR","FM-12","99999","V020","999,9,9,9999,9","99999,9,9,N","020000,1,N,9","+0120,1","+9999,9","99999,9","24,0026,9,1",,"0,000",,,,"06,99,1,99,9,99,9,99999,9,99,9,99,9","999,N,+0112,1","00,1","SYN023333   20112 70026 92428",
"07104099999","1990-06-29T12:00:00","4","48.2833333","-4.6333333","36.0","POINTE DE TOULINGUET, FR","FM-12","99999","V020","999,9,9,9999,9","99999,9,9,N","020000,1,N,9","+0178,1","+9999,9","99999,9","06,0000,9,1",,"4,000","0,1,06,1","0,1,06,1",,"06,99,1,99,9,99,9,99999,9,99,9,99,9",,"00,1","SYN011333   92428",
"07104099999","1990-06-29T18:00:00","4","48.2833333","-4.6333333","36.0","POINTE DE TOULINGUET, FR","FM-12","99999","V020","999,9,9,9999,9","99999,9,9,N","010000,1,N,9","+0166,1","+9999,9","99999,9","99,0003,9,1",,"0,002","8,1,06,1","0,1,06,1",,"08,99,1,99,9,99,9,99999,9,99,9,99,9","999,M,+0190,1","00,1","SYN017333   10190 92437",
"07104099999","1990-06-30T06:00:00","4","48.2833333","-4.6333333","36.0","POINTE DE TOULINGUET, FR","FM-12","99999","V020","999,9,9,9999,9","22000,1,C,N","020000,1,N,9","+0150,1","+9999,9","99999,9","24,0004,9,1","99,0003,9,1","0,002","6,1,06,1",,,"03,99,1,99,9,99,9,99999,9,99,9,99,9","999,N,+0144,1","00,1","SYN023333   20144 70004 92438",
"07104099999","1990-06-30T12:00:00","4","48.2833333","-4.6333333","36.0","POINTE DE TOULINGUET, FR","FM-12","99999","V020","999,9,9,9999,9","99999,9,9,N","010000,1,N,9","+0150,1","+9999,9","99999,9","06,0010,9,1",,"0,002","8,1,06,1","0,1,06,1",,"06,99,1,99,9,99,9,99999,9,99,9,99,9",,"00,1","SYN011333   92457",
"07104099999","1990-06-30T18:00:00","4","48.2833333","-4.6333333","36.0","POINTE DE TOULINGUET, FR","FM-12","99999","V020","999,9,9,9999,9","22000,1,C,N","010000,1,N,9","+0154,1","+9999,9","99999,9","99,0010,9,1",,"0,002","8,1,06,1","0,1,06,1",,"03,99,1,99,9,99,9,99999,9,99,9,99,9","999,M,+0160,1","00,1","SYN017333   10160 92457",
"07104099999","1990-07-01T06:00:00","4","48.2833333","-4.6333333","36.0","POINTE DE TOULINGUET, FR","FM-12","99999","V020","999,9,9,9999,9","22000,1,C,N","010000,1,N,9","+0140,1","+9999,9","99999,9","24,0028,9,1","99,0020,9,1","0,002","6,1,06,1",,,"04,99,1,99,9,99,9,99999,9,99,9,99,9","999,N,+0130,1","00,1","SYN023333   20130 70028 92457",
"07104099999","1990-07-01T12:00:00","4","48.2833333","-4.6333333","36.0","POINTE DE TOULINGUET, FR","FM-12","99999","V020","999,9,9,9999,9","22000,1,C,N","020000,1,N,9","+0158,1","+9999,9","99999,9","06,0000,9,1",,"4,000","0,1,06,1","0,1,06,1",,"03,99,1,99,9,99,9,99999,9,99,9,99,9",,"00,1","SYN011333   92448",
"07104099999","1990-07-01T18:00:00","4","48.2833333","-4.6333333","36.0","POINTE DE TOULINGUET, FR","FM-12","99999","V020","999,9,9,9999,9","99999,9,9,N","020000,1,N,9","+0154,1","+9999,9","99999,9","99,0001,9,1",,"0,002","8,1,06,1","0,1,06,1",,"05,99,1,99,9,99,9,99999,9,99,9,99,9","999,M,+0164,1","00,1","SYN017333   10164 92438",
"07104099999","1990-07-02T06:00:00","4","48.2833333","-4.6333333","36.0","POINTE DE TOULINGUET, FR","FM-12","99999","V020","999,9,9,9999,9","99999,9,9,N","010000,1,N,9","+0140,1","+9999,9","99999,9","24,0003,9,1",,"0,000",,,,"08,99,1,99,9,99,9,99999,9,99,9,99,9","999,N,+0134,1","00,1","SYN023333   20134 70003 92427",
"07104099999","1990-07-02T12:00:00","4","48.2833333","-4.6333333","36.0","POINTE DE TOULINGUET, FR","FM-12","99999","V020","999,9,9,9999,9","99999,9,9,N","020000,1,N,9","+0152,1","+9999,9","99999,9","06,0050,9,1",,"0,002","6,1,06,1","0,1,06,1",,"07,99,1,99,9,99,9,99999,9,99,9,99,9",,"00,1","SYN011333   92438",
"07104099999","1990-07-02T18:00:00","4","48.2833333","-4.6333333","36.0","POINTE DE TOULINGUET, FR","FM-12","99999","V020","999,9,9,9999,9","22000,1,C,N","020000,1,N,9","+0156,1","+9999,9","99999,9","99,0050,9,1",,"0,000","0,1,06,1","0,1,06,1",,"02,99,1,99,9,99,9,99999,9,99,9,99,9","999,M,+0170,1","00,1","SYN017333   10170 92438",
"07104099999","1990-07-03T06:00:00","4","48.2833333","-4.6333333","36.0","POINTE DE TOULINGUET, FR","FM-12","99999","V020","999,9,9,9999,9","22000,1,C,N","020000,1,N,9","+0136,1","+9999,9","99999,9","06,0000,9,1","24,0050,9,1","4,000",,,,"03,99,1,99,9,99,9,99999,9,99,9,99,9","999,N,+0110,1","00,1","SYN023333   20110 70050 92428",
"07104099999","1990-07-03T12:00:00","4","48.2833333","-4.6333333","36.0","POINTE DE TOULINGUET, FR","FM-12","99999","V020","999,9,9,9999,9","22000,1,C,N","020000,1,N,9","+0166,1","+9999,9","99999,9","06,0000,9,1",,"4,000","0,1,06,1","0,1,06,1",,"03,99,1,99,9,99,9,99999,9,99,9,99,9",,"00,1","SYN011333   92428",
"07104099999","1990-07-03T18:00:00","4","48.2833333","-4.6333333","36.0","POINTE DE TOULINGUET, FR","FM-12","99999","V020","999,9,9,9999,9","22000,1,C,N","020000,1,N,9","+0160,1","+9999,9","99999,9","06,0000,9,1",,"4,000","0,1,06,1","0,1,06,1",,"04,99,1,99,9,99,9,99999,9,99,9,99,9","999,M,+0170,1","00,1","SYN017333   10170 92428",
"07104099999","1990-07-04T12:00:00","4","48.2833333","-4.6333333","36.0","POINTE DE TOULINGUET, FR","FM-12","99999","V020","999,9,9,9999,9","99999,9,9,N","002000,1,N,9","+0152,1","+9999,9","99999,9","06,0100,9,1",,"0,001","6,1,06,1","0,1,06,1",,"08,99,1,99,9,99,9,99999,9,99,9,99,9",,"63,1","SYN011333   92455",
"07104099999","1990-07-04T18:00:00","4","48.2833333","-4.6333333","36.0","POINTE DE TOULINGUET, FR","FM-12","99999","V020","999,9,9,9999,9","99999,9,9,N","010000,1,N,9","+0156,1","+9999,9","99999,9","99,0110,9,1",,"0,002","6,1,06,1","0,1,06,1",,"08,99,1,99,9,99,9,99999,9,99,9,99,9","999,M,+0160,1","00,1","SYN017333   10160 92447",
"07104099999","1990-07-05T18:00:00","4","48.2833333","-4.6333333","36.0","POINTE DE TOULINGUET, FR","FM-12","99999","V020","999,9,9,9999,9","22000,1,C,N","010000,1,N,9","+0150,1","+9999,9","99999,9","06,0000,9,1",,"4,000","0,1,06,1","0,1,06,1",,"03,99,1,99,9,99,9,99999,9,99,9,99,9","999,M,+0158,1","00,1","SYN017333   10158 92457",
"07104099999","1990-07-06T06:00:00","4","48.2833333","-4.6333333","36.0","POINTE DE TOULINGUET, FR","FM-12","99999","V020","999,9,9,9999,9","99999,9,9,N","020000,1,N,9","+0136,1","+9999,9","99999,9","06,0000,9,1",,"4,000",,,,"05,99,1,99,9,99,9,99999,9,99,9,99,9","999,M,+9999,9","00,1","SYN017333   10126 92438","Q01 +01262ATMX  "
"07104099999","1990-07-06T12:00:00","4","48.2833333","-4.6333333","36.0","POINTE DE TOULINGUET, FR","FM-12","99999","V020","999,9,9,9999,9","22000,1,C,N","020000,1,N,9","+0162,1","+9999,9","99999,9","06,0000,9,1",,"4,000","0,1,06,1","0,1,06,1",,"04,99,1,99,9,99,9,99999,9,99,9,99,9",,"00,1","SYN011333   92438",
"07104099999","1990-07-06T18:00:00","4","48.2833333","-4.6333333","36.0","POINTE DE TOULINGUET, FR","FM-12","99999","V020","999,9,9,9999,9","99999,9,9,N","020000,1,N,9","+0158,1","+9999,9","99999,9","06,0000,9,1",,"4,000","0,1,06,1","0,1,06,1",,"05,99,1,99,9,99,9,99999,9,99,9,99,9","999,M,+0170,1","00,1","SYN017333   10170 92438",
"07104099999","1990-07-07T06:00:00","4","48.2833333","-4.6333333","36.0","POINTE DE TOULINGUET, FR","FM-12","99999","V020","999,9,9,9999,9","99999,9,9,N","010000,1,N,9","+0152,1","+9999,9","99999,9","24,0002,9,1",,"0,000",,,,"08,99,1,99,9,99,9,99999,9,99,9,99,9","999,N,+0142,1","00,1","SYN023333   20142 70002 92447",
"07104099999","1990-07-14T12:00:00","4","48.2833333","-4.6333333","36.0","POINTE DE TOULINGUET, FR","FM-12","99999","V020","999,9,9,9999,9","22000,1,C,N","010000,1,N,9","+0226,1","+9999,9","99999,9","06,0000,9,1",,"4,000","0,1,06,1","0,1,06,1",,"03,99,1,99,9,99,9,99999,9,99,9,99,9",,"00,1","SYN011333   92417",
"07104099999","1990-07-14T18:00:00","4","48.2833333","-4.6333333","36.0","POINTE DE TOULINGUET, FR","FM-12","99999","V020","999,9,9,9999,9","22000,1,C,N","010000,1,N,9","+0236,1","+9999,9","99999,9","06,0000,9,1",,"4,000","0,1,06,1","0,1,06,1",,"00,99,1,00,1,00,1,99999,9,00,1,00,1","999,M,+0256,1","00,1","SYN017333   10256 92417",
"07104099999","1990-07-15T06:00:00","4","48.2833333","-4.6333333","36.0","POINTE DE TOULINGUET, FR","FM-12","99999","V020","999,9,9,9999,9","00015,1,C,N","000100,1,N,9","+0150,1","+9999,9","99999,9","06,0000,9,1",,"4,000",,,"09,1,+99999,9,99,9","09,99,1,09,1,99,9,99999,9,99,9,99,9","999,N,+0146,1","45,1","SYN017333   20146 92421",
"07104099999","1990-07-15T12:00:00","4","48.2833333","-4.6333333","36.0","POINTE DE TOULINGUET, FR","FM-12","99999","V020","999,9,9,9999,9","22000,1,C,N","010000,1,N,9","+0188,1","+9999,9","99999,9","06,0000,9,1",,"4,000","4,1,06,1","0,1,06,1",,"03,99,1,99,9,99,9,99999,9,99,9,99,9",,"00,1","SYN011333   92427",
"07104099999","1990-07-15T18:00:00","4","48.2833333","-4.6333333","36.0","POINTE DE TOULINGUET, FR","FM-12","99999","V020","999,9,9,9999,9","22000,1,C,N","010000,1,N,9","+0180,1","+9999,9","99999,9","06,0000,9,1",,"4,000","0,1,06,1","0,1,06,1",,"03,99,1,99,9,99,9,99999,9,99,9,99,9","999,M,+0194,1","00,1","SYN017333   10194 92427",
"07104099999","1990-07-16T06:00:00","4","48.2833333","-4.6333333","36.0","POINTE DE TOULINGUET, FR","FM-12","99999","V020","999,9,9,9999,9","99999,9,9,N","004000,1,N,9","+0160,1","+9999,9","99999,9","06,0000,9,1",,"4,000",,,,"08,99,1,99,9,99,9,99999,9,99,9,99,9","999,N,+0150,1","00,1","SYN017333   20150 92426",
"07104099999","1990-07-16T12:00:00","4","48.2833333","-4.6333333","36.0","POINTE DE TOULINGUET, FR","FM-12","99999","V020","999,9,9,9999,9","22000,1,C,N","020000,1,N,9","+0190,1","+9999,9","99999,9","06,0003,9,1",,"0,000","5,1,06,1","4,1,06,1",,"03,99,1,99,9,99,9,99999,9,99,9,99,9",,"00,1","SYN011333   92428",
"07104099999","1990-07-16T18:00:00","4","48.2833333","-4.6333333","36.0","POINTE DE TOULINGUET, FR","FM-12","99999","V020","999,9,9,9999,9","22000,1,C,N","020000,1,N,9","+0180,1","+9999,9","99999,9","99,0001,9,1",,"0,000","0,1,06,1","0,1,06,1",,"02,99,1,99,9,99,9,99999,9,99,9,99,9","999,M,+0190,1","00,1","SYN017333   10190 92428",
"07104099999","1990-07-17T06:00:00","4","48.2833333","-4.6333333","36.0","POINTE DE TOULINGUET, FR","FM-12","99999","V020","999,9,9,9999,9","99999,9,9,N","004000,1,N,9","+0150,1","+9999,9","99999,9","06,0000,9,1","24,0002,9,1","4,000",,,,"08,99,1,99,9,99,9,99999,9,99,9,99,9","999,N,+0144,1","00,1","SYN023333   20144 70002 92426",
"07104099999","1990-07-17T12:00:00","4","48.2833333","-4.6333333","36.0","POINTE DE TOULINGUET, FR","FM-12","99999","V020","999,9,9,9999,9","22000,1,C,N","010000,1,N,9","+0190,1","+9999,9","99999,9","06,0000,9,1",,"4,000","0,1,06,1","0,1,06,1",,"01,99,1,99,9,99,9,99999,9,99,9,99,9",,"00,1","SYN011333   92427",
"07104099999","1990-07-17T18:00:00","4","48.2833333","-4.6333333","36.0","POINTE DE TOULINGUET, FR","FM-12","99999","V020","999,9,9,9999,9","22000,1,C,N","010000,1,N,9","+0204,1","+9999,9","99999,9","06,0000,9,1",,"4,000","0,1,06,1","0,1,06,1",,"04,99,1,99,9,99,9,99999,9,99,9,99,9","999,M,+0232,1","00,1","SYN017333   10232 92427",
"07104099999","1990-07-18T06:00:00","4","48.2833333","-4.6333333","36.0","POINTE DE TOULINGUET, FR","FM-12","99999","V020","999,9,9,9999,9","22000,1,C,N","010000,1,N,9","+0180,1","+9999,9","99999,9","06,0000,9,1",,"4,000",,,,"03,99,1,99,9,99,9,99999,9,99,9,99,9","999,N,+0176,1","00,1","SYN017333   20176 92427",
"07104099999","1990-07-18T12:00:00","4","48.2833333","-4.6333333","36.0","POINTE DE TOULINGUET, FR","FM-12","99999","V020","999,9,9,9999,9","22000,1,C,N","020000,1,N,9","+0254,1","+9999,9","99999,9","06,0000,9,1",,"4,000","0,1,06,1","0,1,06,1",,"00,99,1,00,1,00,1,99999,9,00,1,00,1",,"00,1","SYN011333   92428",
"07104099999","1990-07-18T18:00:00","4","48.2833333","-4.6333333","36.0","POINTE DE TOULINGUET, FR","FM-12","99999","V020","999,9,9,9999,9","22000,1,C,N","020000,1,N,9","+0208,1","+9999,9","99999,9","06,0000,9,1",,"4,000","0,1,06,1","0,1,06,1",,"00,99,1,00,1,00,1,99999,9,00,1,00,1","999,M,+0274,1","00,1","SYN017333   10274 92428",
"07104099999","1990-07-19T06:00:00","4","48.2833333","-4.6333333","36.0","POINTE DE TOULINGUET, FR","FM-12","99999","V020","999,9,9,9999,9","22000,1,C,N","020000,1,N,9","+0176,1","+9999,9","99999,9","06,0000,9,1",,"4,000",,,,"00,99,1,00,1,00,1,99999,9,00,1,00,1","999,N,+0160,1","00,1","SYN017333   20160 92428",
"07104099999","1990-07-19T12:00:00","4","48.2833333","-4.6333333","36.0","POINTE DE TOULINGUET, FR","FM-12","99999","V020","999,9,9,9999,9","22000,1,C,N","010000,1,N,9","+0250,1","+9999,9","99999,9","06,0000,9,1",,"4,000","0,1,06,1","0,1,06,1",,"00,99,1,00,1,00,1,99999,9,00,1,00,1",,"00,1","SYN011333   92427",
"07104099999","1990-07-19T18:00:00","4","48.2833333","-4.6333333","36.0","POINTE DE TOULINGUET, FR","FM-12","99999","V020","999,9,9,9999,9","22000,1,C,N","020000,1,N,9","+0244,1","+9999,9","99999,9","06,0000,9,1",,"4,000","0,1,06,1","0,1,06,1",,"00,99,1,00,1,00,1,99999,9,00,1,00,1","999,M,+0270,1","00,1","SYN017333   10270 92418",
"07104099999","1990-07-20T06:00:00","4","48.2833333","-4.6333333","36.0","POINTE DE TOULINGUET, FR","FM-12","99999","V020","999,9,9,9999,9","22000,1,C,N","010000,1,N,9","+0190,1","+9999,9","99999,9","06,0000,9,1",,"0,000",,,,"00,99,1,00,1,00,1,99999,9,00,1,00,1","999,N,+0180,1","00,1","SYN017333   20180 92427",
"07104099999","1990-07-20T12:00:00","4","48.2833333","-4.6333333","36.0","POINTE DE TOULINGUET, FR","FM-12","99999","V020","999,9,9,9999,9","22000,1,C,N","020000,1,N,9","+0246,1","+9999,9","99999,9","06,0000,9,1",,"4,000","0,1,06,1","0,1,06,1",,"00,99,1,00,1,00,1,99999,9,00,1,00,1",,"00,1","SYN011333   92418",
"07104099999","1990-07-20T18:00:00","4","48.2833333","-4.6333333","36.0","POINTE DE TOULINGUET, FR","FM-12","99999","V020","999,9,9,9999,9","22000,1,C,N","020000,1,N,9","+0238,1","+9999,9","99999,9","06,0000,9,1",,"4,000","0,1,06,1","0,1,06,1",,"00,99,1,00,1,00,1,99999,9,00,1,00,1","999,M,+0264,1","00,1","SYN017333   10264 92428",
"07104099999","1990-07-21T06:00:00","4","48.2833333","-4.6333333","36.0","POINTE DE TOULINGUET, FR","FM-12","99999","V020","999,9,9,9999,9","22000,1,C,N","004000,1,N,9","+0180,1","+9999,9","99999,9","06,0000,9,1",,"4,000",,,,"00,99,1,00,1,00,1,99999,9,00,1,00,1","999,N,+0160,1","00,1","SYN017333   20160 92426",
"07104099999","1990-07-21T12:00:00","4","48.2833333","-4.6333333","36.0","POINTE DE TOULINGUET, FR","FM-12","99999","V020","999,9,9,9999,9","22000,1,C,N","010000,1,N,9","+0260,1","+9999,9","99999,9","06,0000,9,1",,"4,000","0,1,06,1","0,1,06,1",,"00,99,1,00,1,00,1,99999,9,00,1,00,1",,"00,1","SYN011333   92427",
"07104099999","1990-07-21T18:00:00","4","48.2833333","-4.6333333","36.0","POINTE DE TOULINGUET, FR","FM-12","99999","V020","999,9,9,9999,9","22000,1,C,N","010000,1,N,9","+0246,1","+9999,9","99999,9","06,0000,9,1",,"4,000","0,1,06,1","0,1,06,1",,"00,99,1,00,1,00,1,99999,9,00,1,00,1","999,M,+0268,1","00,1","SYN017333   10268 92427",
"07104099999","1990-07-22T06:00:00","4","48.2833333","-4.6333333","36.0","POINTE DE TOULINGUET, FR","FM-12","99999","V020","999,9,9,9999,9","22000,1,C,N","004000,1,N,9","+0170,1","+9999,9","99999,9","06,0000,9,1",,"4,000",,,,"00,99,1,00,1,00,1,99999,9,00,1,00,1","999,N,+0160,1","00,1","SYN017333   20160 92426",
"07104099999","1990-07-22T12:00:00","4","48.2833333","-4.6333333","36.0","POINTE DE TOULINGUET, FR","FM-12","99999","V020","999,9,9,9999,9","22000,1,C,N","004000,1,N,9","+0250,1","+9999,9","99999,9","06,0000,9,1",,"4,000","0,1,06,1","0,1,06,1",,"00,99,1,00,1,00,1,99999,9,00,1,00,1",,"00,1","SYN011333   92426",
"07104099999","1990-07-22T18:00:00","4","48.2833333","-4.6333333","36.0","POINTE DE TOULINGUET, FR","FM-12","99999","V020","999,9,9,9999,9","99999,9,9,N","010000,1,N,9","+0230,1","+9999,9","99999,9","06,0000,9,1",,"4,000","0,1,06,1","0,1,06,1",,"06,99,1,99,9,99,9,99999,9,99,9,99,9","999,M,+0302,1","00,1","SYN017333   10302 92427",
"07104099999","1990-07-23T06:00:00","4","48.2833333","-4.6333333","36.0","POINTE DE TOULINGUET, FR","FM-12","99999","V020","999,9,9,9999,9","99999,9,9,N","004000,1,N,9","+0170,1","+9999,9","99999,9","06,0000,9,1",,"4,000",,,,"07,99,1,99,9,99,9,99999,9,99,9,99,9","999,N,+0166,1","00,1","SYN017333   20166 92426",
"07104099999","1990-07-23T12:00:00","4","48.2833333","-4.6333333","36.0","POINTE DE TOULINGUET, FR","FM-12","99999","V020","999,9,9,9999,9","99999,9,9,N","004000,1,N,9","+0260,1","+9999,9","99999,9","06,0000,9,1",,"4,000","0,1,06,1","0,1,06,1",,"06,99,1,99,9,99,9,99999,9,99,9,99,9",,"00,1","SYN011333   92426",
"07104099999","1990-07-23T18:00:00","4","48.2833333","-4.6333333","36.0","POINTE DE TOULINGUET, FR","FM-12","99999","V020","999,9,9,9999,9","99999,9,9,N","010000,1,N,9","+0236,1","+9999,9","99999,9","06,0000,9,1",,"4,000","0,1,06,1","0,1,06,1",,"07,99,1,99,9,99,9,99999,9,99,9,99,9","999,M,+0274,1","00,1","SYN017333   10274 92427",
"07104099999","1990-07-24T06:00:00","4","48.2833333","-4.6333333","36.0","POINTE DE TOULINGUET, FR","FM-12","99999","V020","999,9,9,9999,9","99999,9,9,N","004000,1,N,9","+0190,1","+9999,9","99999,9","06,0000,9,1",,"4,000",,,,"05,99,1,99,9,99,9,99999,9,99,9,99,9","999,N,+0182,1","00,1","SYN017333   20182 92426",
"07104099999","1990-07-24T12:00:00","4","48.2833333","-4.6333333","36.0","POINTE DE TOULINGUET, FR","FM-12","99999","V020","999,9,9,9999,9","22000,1,C,N","010000,1,N,9","+0276,1","+9999,9","99999,9","06,0000,9,1",,"4,000","0,1,06,1","0,1,06,1",,"02,99,1,99,9,99,9,99999,9,99,9,99,9",,"00,1","SYN011333   92417",
"07104099999","1990-07-24T18:00:00","4","48.2833333","-4.6333333","36.0","POINTE DE TOULINGUET, FR","FM-12","99999","V020","999,9,9,9999,9","22000,1,C,N","010000,1,N,9","+0246,1","+9999,9","99999,9","06,0000,9,1",,"4,000","0,1,06,1","0,1,06,1",,"04,99,1,99,9,99,9,99999,9,99,9,99,9","999,M,+0292,1","00,1","SYN017333   10292 92417",
"07104099999","1990-07-25T06:00:00","4","48.2833333","-4.6333333","36.0","POINTE DE TOULINGUET, FR","FM-12","99999","V020","999,9,9,9999,9","22000,1,C,N","010000,1,N,9","+0194,1","+9999,9","99999,9","06,0000,9,1",,"4,000",,,,"03,99,1,99,9,99,9,99999,9,99,9,99,9","999,N,+0190,1","00,1","SYN017333   20190 92427",
"07104099999","1990-07-25T12:00:00","4","48.2833333","-4.6333333","36.0","POINTE DE TOULINGUET, FR","FM-12","99999","V020","999,9,9,9999,9","22000,1,C,N","010000,1,N,9","+0268,1","+9999,9","99999,9","06,0000,9,1",,"4,000","0,1,06,1","0,1,06,1",,"00,99,1,00,1,00,1,99999,9,00,1,00,1",,"00,1","SYN011333   92417",
"07104099999","1990-07-25T18:00:00","4","48.2833333","-4.6333333","36.0","POINTE DE TOULINGUET, FR","FM-12","99999","V020","999,9,9,9999,9","22000,1,C,N","020000,1,N,9","+0220,1","+9999,9","99999,9","06,0000,9,1",,"4,000","0,1,06,1","0,1,06,1",,"00,99,1,00,1,00,1,99999,9,00,1,00,1","999,M,+0286,1","00,1","SYN017333   10286 92428",
"07104099999","1990-07-26T06:00:00","4","48.2833333","-4.6333333","36.0","POINTE DE TOULINGUET, FR","FM-12","99999","V020","999,9,9,9999,9","22000,1,C,N","010000,1,N,9","+0176,1","+9999,9","99999,9","06,0000,9,1",,"4,000",,,,"00,99,1,00,1,00,1,99999,9,00,1,00,1","999,N,+9999,9","00,1","SYN017333   21600 92427","Q01 -06002ATMN  "
"07104099999","1990-07-26T12:00:00","4","48.2833333","-4.6333333","36.0","POINTE DE TOULINGUET, FR","FM-12","99999","V020","999,9,9,9999,9","99999,9,9,N","020000,1,N,9","+0276,1","+9999,9","99999,9","06,0000,9,1",,"4,000","0,1,06,1","0,1,06,1",,"05,99,1,99,9,99,9,99999,9,99,9,99,9",,"00,1","SYN011333   92428",
"07104099999","1990-07-26T18:00:00","4","48.2833333","-4.6333333","36.0","POINTE DE TOULINGUET, FR","FM-12","99999","V020","999,9,9,9999,9","99999,9,9,N","010000,1,N,9","+0216,1","+9999,9","99999,9","06,0000,9,1",,"4,000","0,1,06,1","0,1,06,1",,"05,99,1,99,9,99,9,99999,9,99,9,99,9","999,M,+0284,1","00,1","SYN017333   10284 92427",
"07104099999","1990-07-27T06:00:00","4","48.2833333","-4.6333333","36.0","POINTE DE TOULINGUET, FR","FM-12","99999","V020","999,9,9,9999,9","99999,9,9,N","002000,1,N,9","+0176,1","+9999,9","99999,9","24,0034,9,1",,"0,000",,,,"08,99,1,99,9,99,9,99999,9,99,9,99,9","999,N,+0156,1","61,1","SYN023333   20156 70034 92425",
"07104099999","1990-07-27T12:00:00","4","48.2833333","-4.6333333","36.0","POINTE DE TOULINGUET, FR","FM-12","99999","V020","999,9,9,9999,9","22000,1,C,N","020000,1,N,9","+0204,1","+9999,9","99999,9","06,0005,9,1",,"0,002","6,1,06,1","0,1,06,1",,"04,99,1,99,9,99,9,99999,9,99,9,99,9",,"00,1","SYN011333   92428",
"07104099999","1990-07-27T18:00:00","4","48.2833333","-4.6333333","36.0","POINTE DE TOULINGUET, FR","FM-12","99999","V020","999,9,9,9999,9","99999,9,9,N","020000,1,N,9","+0194,1","+9999,9","99999,9","99,0005,9,1",,"0,000","0,1,06,1","0,1,06,1",,"05,99,1,99,9,99,9,99999,9,99,9,99,9","999,M,+0214,1","00,1","SYN017333   10214 92428",
"07104099999","1990-07-28T12:00:00","4","48.2833333","-4.6333333","36.0","POINTE DE TOULINGUET, FR","FM-12","99999","V020","999,9,9,9999,9","22000,1,C,N","020000,1,N,9","+0194,1","+9999,9","99999,9","06,0000,9,1",,"4,000","0,1,06,1","0,1,06,1",,"02,99,1,99,9,99,9,99999,9,99,9,99,9",,"00,1","SYN011333   92418",
"07104099999","1990-07-28T18:00:00","4","48.2833333","-4.6333333","36.0","POINTE DE TOULINGUET, FR","FM-12","99999","V020","999,9,9,9999,9","22000,1,C,N","020000,1,N,9","+0194,1","+9999,9","99999,9","06,0000,9,1",,"4,000","0,1,06,1","0,1,06,1",,"03,99,1,99,9,99,9,99999,9,99,9,99,9","999,M,+0210,1","00,1","SYN017333   10210 92428",
"07104099999","1990-07-29T06:00:00","4","48.2833333","-4.6333333","36.0","POINTE DE TOULINGUET, FR","FM-12","99999","V020","999,9,9,9999,9","99999,9,9,N","020000,1,N,9","+0174,1","+9999,9","99999,9","06,0000,9,1",,"4,000",,,,"06,99,1,99,9,99,9,99999,9,99,9,99,9","999,N,+0170,1","00,1","SYN017333   20170 92438",
"07104099999","1990-07-29T12:00:00","4","48.2833333","-4.6333333","36.0","POINTE DE TOULINGUET, FR","FM-12","99999","V020","999,9,9,9999,9","22000,1,C,N","020000,1,N,9","+0200,1","+9999,9","99999,9","06,0000,9,1",,"4,000","0,1,06,1","0,1,06,1",,"03,99,1,99,9,99,9,99999,9,99,9,99,9",,"00,1","SYN011333   92438",
"07104099999","1990-07-29T18:00:00","4","48.2833333","-4.6333333","36.0","POINTE DE TOULINGUET, FR","FM-12","99999","V020","999,9,9,9999,9","22000,1,C,N","020000,1,N,9","+0194,1","+9999,9","99999,9","06,0000,9,1",,"4,000","0,1,06,1","0,1,06,1",,"03,99,1,99,9,99,9,99999,9,99,9,99,9","999,M,+0210,1","00,1","SYN017333   10210 92438",
"07104099999","1990-07-30T12:00:00","4","48.2833333","-4.6333333","36.0","POINTE DE TOULINGUET, FR","FM-12","99999","V020","999,9,9,9999,9","22000,1,C,N","020000,1,N,9","+0204,1","+9999,9","99999,9","06,0010,9,1",,"0,002","8,1,06,1","0,1,06,1",,"04,99,1,99,9,99,9,99999,9,99,9,99,9",,"00,1","SYN011333   92438",
"07104099999","1990-07-30T18:00:00","4","48.2833333","-4.6333333","36.0","POINTE DE TOULINGUET, FR","FM-12","99999","V020","999,9,9,9999,9","22000,1,C,N","020000,1,N,9","+0204,1","+9999,9","99999,9","99,0010,9,1",,"0,000","0,1,06,1","0,1,06,1",,"04,99,1,99,9,99,9,99999,9,99,9,99,9","999,M,+0220,1","00,1","SYN017333   10220 92438",
"07104099999","1990-07-31T06:00:00","4","48.2833333","-4.6333333","36.0","POINTE DE TOULINGUET, FR","FM-12","99999","V020","999,9,9,9999,9","22000,1,C,N","004000,1,N,9","+0170,1","+9999,9","99999,9","06,0000,9,1","24,0011,9,1","4,000",,,,"04,99,1,99,9,99,9,99999,9,99,9,99,9","999,N,+0146,1","00,1","SYN023333   20146 70011 92426",
"07104099999","1990-07-31T12:00:00","4","48.2833333","-4.6333333","36.0","POINTE DE TOULINGUET, FR","FM-12","99999","V020","999,9,9,9999,9","22000,1,C,N","010000,1,N,9","+0215,1","+9999,9","99999,9","06,0000,9,1",,"4,000","0,1,06,1","0,1,06,1",,"01,99,1,99,9,99,9,99999,9,99,9,99,9",,"00,1","SYN011333   92427",
"07104099999","1990-07-31T18:00:00","4","48.2833333","-4.6333333","36.0","POINTE DE TOULINGUET, FR","FM-12","99999","V020","999,9,9,9999,9","22000,1,C,N","020000,1,N,9","+0210,1","+9999,9","99999,9","06,0000,9,1",,"4,000","0,1,06,1","0,1,06,1",,"02,99,1,99,9,99,9,99999,9,99,9,99,9","999,M,+0228,1","00,1","SYN017333   10228 92428",
"07104099999","1990-08-01T06:00:00","4","48.2833333","-4.6333333","36.0","POINTE DE TOULINGUET, FR","FM-12","99999","V020","999,9,9,9999,9","22000,1,C,N","010000,1,N,9","+0158,1","+9999,9","99999,9","06,0000,9,1",,"4,000",,,,"00,99,1,00,1,00,1,99999,9,00,1,00,1","999,N,+0146,1","00,1","SYN017333   20146 92427",
"07104099999","1990-08-01T12:00:00","4","48.2833333","-4.6333333","36.0","POINTE DE TOULINGUET, FR","FM-12","99999","V020","999,9,9,9999,9","22000,1,C,N","010000,1,N,9","+0246,1","+9999,9","99999,9","06,0000,9,1",,"4,000","0,1,06,1","0,1,06,1",,"00,99,1,00,1,00,1,99999,9,00,1,00,1",,"00,1","SYN011333   92427",
"07104099999","1990-08-01T18:00:00","4","48.2833333","-4.6333333","36.0","POINTE DE TOULINGUET, FR","FM-12","99999","V020","999,9,9,9999,9","22000,1,C,N","020000,1,N,9","+0252,1","+9999,9","99999,9","06,0000,9,1",,"4,000","0,1,06,1","0,1,06,1",,"03,99,1,99,9,99,9,99999,9,99,9,99,9","999,M,+0282,1","00,1","SYN017333   10282 92426",
"07104099999","1990-08-02T06:00:00","4","48.2833333","-4.6333333","36.0","POINTE DE TOULINGUET, FR","FM-12","99999","V020","999,9,9,9999,9","22000,1,C,N","010000,1,N,9","+0226,1","+9999,9","99999,9","06,0000,9,1",,"4,000",,,,"02,99,1,99,9,99,9,99999,9,99,9,99,9","999,N,+0204,1","00,1","SYN017333   20204 92427",
"07104099999","1990-08-02T12:00:00","4","48.2833333","-4.6333333","36.0","POINTE DE TOULINGUET, FR","FM-12","99999","V020","999,9,9,9999,9","22000,1,C,N","010000,1,N,9","+0321,1","+9999,9","99999,9","06,0000,9,1",,"4,000","0,1,06,1","0,1,06,1",,"00,99,1,00,1,00,1,99999,9,00,1,00,1",,"00,1","SYN011333   92427",
"07104099999","1990-08-02T18:00:00","4","48.2833333","-4.6333333","36.0","POINTE DE TOULINGUET, FR","FM-12","99999","V020","999,9,9,9999,9","22000,1,C,N","010000,1,N,9","+0256,1","+9999,9","99999,9","06,0000,9,1",,"4,000",,,,"00,99,1,00,1,00,1,99999,9,00,1,00,1","999,M,+0330,1","00,1","SYN017333   10330 92427",
"07104099999","1990-08-03T06:00:00","4","48.2833333","-4.6333333","36.0","POINTE DE TOULINGUET, FR","FM-12","99999","V020","999,9,9,9999,9","22000,1,C,N","010000,1,N,9","+0254,1","+9999,9","99999,9","06,0000,9,1",,"4,000",,,,"00,99,1,00,1,00,1,99999,9,00,1,00,1","999,N,+0206,1","00,1","SYN017333   20206 92427",
"07104099999","1990-08-03T12:00:00","4","48.2833333","-4.6333333","36.0","POINTE DE TOULINGUET, FR","FM-12","99999","V020","999,9,9,9999,9","22000,1,C,N","010000,1,N,9","+0280,1","+9999,9","99999,9","06,0000,9,1",,"4,000",,,,"00,99,1,00,1,00,1,99999,9,00,1,00,1",,"00,1","SYN011333   92427",
"07104099999","1990-08-03T18:00:00","4","48.2833333","-4.6333333","36.0","POINTE DE TOULINGUET, FR","FM-12","99999","V020","999,9,9,9999,9","22000,1,C,N","010000,1,N,9","+0254,1","+9999,9","99999,9","06,0000,9,1",,"0,000","0,1,06,1","0,1,06,1",,"00,99,1,00,1,00,1,99999,9,00,1,00,1","999,M,+0294,1","00,1","SYN017333   10294 92427",
"07104099999","1990-08-04T06:00:00","4","48.2833333","-4.6333333","36.0","POINTE DE TOULINGUET, FR","FM-12","99999","V020","999,9,9,9999,9","22000,1,C,N","004000,1,N,9","+0196,1","+9999,9","99999,9","06,0000,9,1",,"4,000",,,,"00,99,1,00,1,00,1,99999,9,00,1,00,1","999,N,+0178,1","00,1","SYN017333   20178 92426",
"07104099999","1990-08-04T12:00:00","4","48.2833333","-4.6333333","36.0","POINTE DE TOULINGUET, FR","FM-12","99999","V020","999,9,9,9999,9","22000,1,C,N","010000,1,N,9","+0296,1","+9999,9","99999,9","06,0000,9,1",,"4,000","0,1,06,1","0,1,06,1",,"00,99,1,00,1,00,1,99999,9,00,1,00,1",,"00,1","SYN011333   92427",
"07104099999","1990-08-04T18:00:00","4","48.2833333","-4.6333333","36.0","POINTE DE TOULINGUET, FR","FM-12","99999","V020","999,9,9,9999,9","22000,1,C,N","004000,1,N,9","+0236,1","+9999,9","99999,9","06,0000,9,1",,"4,000","0,1,06,1","0,1,06,1",,"00,99,1,00,1,00,1,99999,9,00,1,00,1","999,M,+0304,1","00,1","SYN017333   10304 92426",
"07104099999","1990-08-05T06:00:00","4","48.2833333","-4.6333333","36.0","POINTE DE TOULINGUET, FR","FM-12","99999","V020","999,9,9,9999,9","99999,9,9,N","020000,1,N,9","+0166,1","+9999,9","99999,9","06,0000,9,1",,"4,000",,,,"05,99,1,99,9,99,9,99999,9,99,9,99,9","999,N,+0148,1","00,1","SYN017333   20148 92428",
"07104099999","1990-08-05T12:00:00","4","48.2833333","-4.6333333","36.0","POINTE DE TOULINGUET, FR","FM-12","99999","V020","999,9,9,9999,9","22000,1,C,N","020000,1,N,9","+0202,1","+9999,9","99999,9","06,0000,9,1",,"4,000","0,1,06,1","0,1,06,1",,"04,99,1,99,9,99,9,99999,9,99,9,99,9",,"00,1","SYN011333   92428",
"07104099999","1990-08-05T18:00:00","4","48.2833333","-4.6333333","36.0","POINTE DE TOULINGUET, FR","FM-12","99999","V020","999,9,9,9999,9","99999,9,9,N","020000,1,N,9","+0190,1","+9999,9","99999,9","06,0000,9,1",,"4,000","0,1,06,1","0,1,06,1",,"05,99,1,99,9,99,9,99999,9,99,9,99,9","999,M,+0214,1","00,1","SYN017333   10214 92438",
"07104099999","1990-08-06T06:00:00","4","48.2833333","-4.6333333","36.0","POINTE DE TOULINGUET, FR","FM-12","99999","V020","999,9,9,9999,9","22000,1,C,N","020000,1,N,9","+0154,1","+9999,9","99999,9","06,0000,9,1",,"4,000",,,,"03,99,1,99,9,99,9,99999,9,99,9,99,9","999,N,+0142,1","00,1","SYN017333   20142 92428",
"07104099999","1990-08-06T12:00:00","4","48.2833333","-4.6333333","36.0","POINTE DE TOULINGUET, FR","FM-12","99999","V020","999,9,9,9999,9","22000,1,C,N","020000,1,N,9","+0196,1","+9999,9","99999,9","06,0000,9,1",,"4,000","0,1,06,1","0,1,06,1",,"03,99,1,99,9,99,9,99999,9,99,9,99,9",,"00,1","SYN011333   92438",
"07104099999","1990-08-06T18:00:00","4","48.2833333","-4.6333333","36.0","POINTE DE TOULINGUET, FR","FM-12","99999","V020","999,9,9,9999,9","22000,1,C,N","020000,1,N,9","+0178,1","+9999,9","99999,9","06,0000,9,1",,"4,000","0,1,06,1","0,1,06,1",,"02,99,1,99,9,99,9,99999,9,99,9,99,9","999,M,+0196,1","00,1","SYN017333   10196 92438",
"07104099999","1990-08-07T06:00:00","4","48.2833333","-4.6333333","36.0","POINTE DE TOULINGUET, FR","FM-12","99999","V020","999,9,9,9999,9","22000,1,C,N","020000,1,N,9","+0146,1","+9999,9","99999,9","06,0000,9,1",,"4,000",,,,"02,99,1,99,9,99,9,99999,9,99,9,99,9","999,N,+0126,1","00,1","SYN017333   20126 92428",
"07104099999","1990-08-07T18:00:00","4","48.2833333","-4.6333333","36.0","POINTE DE TOULINGUET, FR","FM-12","99999","V020","999,9,9,9999,9","22000,1,C,N","020000,1,N,9","+0186,1","+9999,9","99999,9","06,0000,9,1",,"4,000","0,1,06,1","0,1,06,1",,"01,99,1,99,9,99,9,99999,9,99,9,99,9","999,M,+0216,1","00,1","SYN017333   10216 92428",
"07104099999","1990-08-08T06:00:00","4","48.2833333","-4.6333333","36.0","POINTE DE TOULINGUET, FR","FM-12","99999","V020","999,9,9,9999,9","22000,1,C,N","020000,1,N,9","+0148,1","+9999,9","99999,9","06,0000,9,1",,"4,000",,,,"00,99,1,00,1,00,1,99999,9,00,1,00,1","999,N,+0128,1","00,1","SYN017333   20128 92428",
"07104099999","1990-08-08T12:00:00","4","48.2833333","-4.6333333","36.0","POINTE DE TOULINGUET, FR","FM-12","99999","V020","999,9,9,9999,9","22000,1,C,N","020000,1,N,9","+0194,1","+9999,9","99999,9","06,0000,9,1",,"4,000","0,1,06,1","0,1,06,1",,"04,99,1,99,9,99,9,99999,9,99,9,99,9",,"00,1","SYN011333   92428",
"07104099999","1990-08-08T18:00:00","4","48.2833333","-4.6333333","36.0","POINTE DE TOULINGUET, FR","FM-12","99999","V020","999,9,9,9999,9","22000,1,C,N","020000,1,N,9","+0186,1","+9999,9","99999,9","06,0000,9,1",,"4,000","0,1,06,1","0,1,06,1",,"01,99,1,99,9,99,9,99999,9,99,9,99,9","999,M,+0208,1","00,1","SYN017333   10208 92428",
"07104099999","1990-08-09T06:00:00","4","48.2833333","-4.6333333","36.0","POINTE DE TOULINGUET, FR","FM-12","99999","V020","999,9,9,9999,9","22000,1,C,N","020000,1,N,9","+0146,1","+9999,9","99999,9","06,0000,9,1",,"4,000",,,,"01,99,1,99,9,99,9,99999,9,99,9,99,9","999,N,+0126,1","00,1","SYN017333   20126 92428",
"07104099999","1990-08-09T12:00:00","4","48.2833333","-4.6333333","36.0","POINTE DE TOULINGUET, FR","FM-12","99999","V020","999,9,9,9999,9","22000,1,C,N","020000,1,N,9","+0196,1","+9999,9","99999,9","06,0000,9,1",,"4,000","0,1,06,1","0,1,06,1",,"01,99,1,99,9,99,9,99999,9,99,9,99,9",,"00,1","SYN011333   92428",
"07104099999","1990-08-09T18:00:00","4","48.2833333","-4.6333333","36.0","POINTE DE TOULINGUET, FR","FM-12","99999","V020","999,9,9,9999,9","22000,1,C,N","020000,1,N,9","+0188,1","+9999,9","99999,9","06,0000,9,1",,"4,000","0,1,06,1","0,1,06,1",,"01,99,1,99,9,99,9,99999,9,99,9,99,9","999,M,+0210,1","00,1","SYN017333   10210 92428",
"07104099999","1990-08-10T06:00:00","4","48.2833333","-4.6333333","36.0","POINTE DE TOULINGUET, FR","FM-12","99999","V020","999,9,9,9999,9","22000,1,C,N","020000,1,N,9","+0144,1","+9999,9","99999,9","06,0000,9,1",,"4,000",,,,"03,99,1,99,9,99,9,99999,9,99,9,99,9","999,N,+0130,1","00,1","SYN017333   20130 92428",
"07104099999","1990-08-10T12:00:00","4","48.2833333","-4.6333333","36.0","POINTE DE TOULINGUET, FR","FM-12","99999","V020","999,9,9,9999,9","22000,1,C,N","020000,1,N,9","+0216,1","+9999,9","99999,9","06,0000,9,1",,"4,000","0,1,06,1","0,1,06,1",,"04,99,1,99,9,99,9,99999,9,99,9,99,9",,"00,1","SYN011333   92428",
"07104099999","1990-08-10T18:00:00","4","48.2833333","-4.6333333","36.0","POINTE DE TOULINGUET, FR","FM-12","99999","V020","999,9,9,9999,9","99999,9,9,N","020000,1,N,9","+0216,1","+9999,9","99999,9","06,0000,9,1",,"4,000","0,1,06,1","0,1,06,1",,"05,99,1,99,9,99,9,99999,9,99,9,99,9","999,M,+0234,1","00,1","SYN017333   10234 92428",
"07104099999","1990-08-11T06:00:00","4","48.2833333","-4.6333333","36.0","POINTE DE TOULINGUET, FR","FM-12","99999","V020","999,9,9,9999,9","22000,1,C,N","010000,1,N,9","+0152,1","+9999,9","99999,9","06,0000,9,1",,"4,000",,,,"02,99,1,99,9,99,9,99999,9,99,9,99,9","999,N,+0132,1","00,1","SYN017333   20132 92427",
"07104099999","1990-08-11T12:00:00","4","48.2833333","-4.6333333","36.0","POINTE DE TOULINGUET, FR","FM-12","99999","V020","999,9,9,9999,9","22000,1,C,N","020000,1,N,9","+0216,1","+9999,9","99999,9","06,0000,9,1",,"4,000","0,1,06,1","0,1,06,1",,"03,99,1,99,9,99,9,99999,9,99,9,99,9",,"00,1","SYN011333   92428",
"07104099999","1990-08-12T06:00:00","4","48.2833333","-4.6333333","36.0","POINTE DE TOULINGUET, FR","FM-12","99999","V020","999,9,9,9999,9","22000,1,C,N","002000,1,N,9","+0138,1","+9999,9","99999,9","06,0000,9,1",,"4,000",,,,"04,99,1,99,9,99,9,99999,9,99,9,99,9","999,N,+0130,1","00,1","SYN017333   20130 92425",
"07104099999","1990-08-12T12:00:00","4","48.2833333","-4.6333333","36.0","POINTE DE TOULINGUET, FR","FM-12","99999","V020","999,9,9,9999,9","22000,1,C,N","020000,1,N,9","+0220,1","+9999,9","99999,9","06,0000,9,1",,"4,000","4,1,06,1","0,1,06,1",,"01,99,1,99,9,99,9,99999,9,99,9,99,9",,"00,1","SYN011333   92428",
"07104099999","1990-08-13T06:00:00","4","48.2833333","-4.6333333","36.0","POINTE DE TOULINGUET, FR","FM-12","99999","V020","999,9,9,9999,9","22000,1,C,N","004000,1,N,9","+0160,1","+9999,9","99999,9","06,0000,9,1",,"4,000",,,,"04,99,1,99,9,99,9,99999,9,99,9,99,9","999,N,+0152,1","00,1","SYN017333   20152 92426",
"07104099999","1990-08-13T12:00:00","4","48.2833333","-4.6333333","36.0","POINTE DE TOULINGUET, FR","FM-12","99999","V020","999,9,9,9999,9","22000,1,C,N","020000,1,N,9","+0196,1","+9999,9","99999,9","06,0000,9,1",,"4,000","0,1,06,1","0,1,06,1",,"03,99,1,99,9,99,9,99999,9,99,9,99,9",,"00,1","SYN011333   92428",
"07104099999","1990-08-13T18:00:00","4","48.2833333","-4.6333333","36.0","POINTE DE TOULINGUET, FR","FM-12","99999","V020","999,9,9,9999,9","99999,9,9,N","020000,1,N,9","+0186,1","+9999,9","99999,9","06,0000,9,1",,"4,000","0,1,06,1","0,1,06,1",,"05,99,1,99,9,99,9,99999,9,99,9,99,9","999,M,+0204,1","00,1","SYN017333   10204 92428",
"07104099999","1990-08-14T12:00:00","4","48.2833333","-4.6333333","36.0","POINTE DE TOULINGUET, FR","FM-12","99999","V020","999,9,9,9999,9","99999,9,9,N","020000,1,N,9","+0182,1","+9999,9","99999,9","06,0003,9,1",,"0,002","6,1,06,1","0,1,06,1",,"06,99,1,99,9,99,9,99999,9,99,9,99,9",,"00,1","SYN011333   92428",
"07104099999","1990-08-14T18:00:00","4","48.2833333","-4.6333333","36.0","POINTE DE TOULINGUET, FR","FM-12","99999","V020","999,9,9,9999,9","22000,1,C,N","020000,1,N,9","+0184,1","+9999,9","99999,9","99,0003,9,1",,"0,000","0,1,06,1","0,1,06,1",,"04,99,1,99,9,99,9,99999,9,99,9,99,9","999,M,+0194,1","00,1","SYN017333   10194 92428",
"07104099999","1990-08-15T06:00:00","4","48.2833333","-4.6333333","36.0","POINTE DE TOULINGUET, FR","FM-12","99999","V020","999,9,9,9999,9","99999,9,9,N","010000,1,N,9","+0176,1","+9999,9","99999,9","24,0022,9,1",,"0,002","6,1,06,1",,,"07,99,1,99,9,99,9,99999,9,99,9,99,9","999,N,+0172,1","00,1","SYN023333   20172 70022 92437",
"07104099999","1990-08-15T12:00:00","4","48.2833333","-4.6333333","36.0","POINTE DE TOULINGUET, FR","FM-12","99999","V020","999,9,9,9999,9","99999,9,9,N","004000,1,N,9","+0180,1","+9999,9","99999,9","06,0003,9,1",,"0,000","5,1,06,1","0,1,06,1",,"08,99,1,99,9,99,9,99999,9,99,9,99,9",,"00,1","SYN011333   92446",
"07104099999","1990-08-15T18:00:00","4","48.2833333","-4.6333333","36.0","POINTE DE TOULINGUET, FR","FM-12","99999","V020","999,9,9,9999,9","99999,9,9,N","010000,1,N,9","+0180,1","+9999,9","99999,9","99,0010,9,1",,"0,002","6,1,06,1","5,1,06,1",,"07,99,1,99,9,99,9,99999,9,99,9,99,9","999,M,+0186,1","00,1","SYN017333   10186 92437",
"07104099999","1990-08-16T06:00:00","4","48.2833333","-4.6333333","36.0","POINTE DE TOULINGUET, FR","FM-12","99999","V020","999,9,9,9999,9","22000,1,C,N","020000,1,N,9","+0158,1","+9999,9","99999,9","24,0018,9,1","99,0010,9,1","0,002","6,1,06,1",,,"04,99,1,99,9,99,9,99999,9,99,9,99,9","999,N,+0144,1","00,1","SYN023333   20144 70018 92438",
"07104099999","1990-08-16T12:00:00","4","48.2833333","-4.6333333","36.0","POINTE DE TOULINGUET, FR","FM-12","99999","V020","999,9,9,9999,9","99999,9,9,N","020000,1,N,9","+0174,1","+9999,9","99999,9","06,0000,9,1",,"4,000","0,1,06,1","0,1,06,1",,"06,99,1,99,9,99,9,99999,9,99,9,99,9",,"00,1","SYN011333   92448",
"07104099999","1990-08-16T18:00:00","4","48.2833333","-4.6333333","36.0","POINTE DE TOULINGUET, FR","FM-12","99999","V020","999,9,9,9999,9","99999,9,9,N","020000,1,N,9","+0154,1","+9999,9","99999,9","99,0003,9,1",,"0,002","8,1,06,1","0,1,06,1",,"07,99,1,99,9,99,9,99999,9,99,9,99,9","999,M,+0184,1","00,1","SYN017333   10184 92438",
"07104099999","1990-08-17T06:00:00","4","48.2833333","-4.6333333","36.0","POINTE DE TOULINGUET, FR","FM-12","99999","V020","999,9,9,9999,9","22000,1,C,N","020000,1,N,9","+0154,1","+9999,9","99999,9","24,0005,9,1","99,0003,9,1","0,002","6,1,06,1",,,"03,99,1,99,9,99,9,99999,9,99,9,99,9","999,N,+0136,1","00,1","SYN023333   20136 70005 92438",
"07104099999","1990-08-17T12:00:00","4","48.2833333","-4.6333333","36.0","POINTE DE TOULINGUET, FR","FM-12","99999","V020","999,9,9,9999,9","22000,1,C,N","020000,1,N,9","+0184,1","+9999,9","99999,9","06,0001,9,1",,"0,002","8,1,06,1","0,1,06,1",,"03,99,1,99,9,99,9,99999,9,99,9,99,9",,"00,1","SYN011333   92438",
"07104099999","1990-08-17T18:00:00","4","48.2833333","-4.6333333","36.0","POINTE DE TOULINGUET, FR","FM-12","99999","V020","999,9,9,9999,9","22000,1,C,N","020000,1,N,9","+0170,1","+9999,9","99999,9","99,0001,9,1",,"0,000","0,1,06,1","0,1,06,1",,"03,99,1,99,9,99,9,99999,9,99,9,99,9","999,M,+0190,1","00,1","SYN017333   10190 92438",
"07104099999","1990-08-18T06:00:00","4","48.2833333","-4.6333333","36.0","POINTE DE TOULINGUET, FR","FM-12","99999","V020","999,9,9,9999,9","99999,9,9,N","001000,1,N,9","+0170,1","+9999,9","99999,9","24,0004,9,1","99,0003,9,1","0,002","6,1,06,1",,,"08,99,1,99,9,99,9,99999,9,99,9,99,9","999,N,+0162,1","00,1","SYN023333   20162 70004 92434",
"07104099999","1990-08-18T12:00:00","4","48.2833333","-4.6333333","36.0","POINTE DE TOULINGUET, FR","FM-12","99999","V020","999,9,9,9999,9","99999,9,9,N","010000,1,N,9","+0174,1","+9999,9","99999,9","06,0005,9,1",,"0,000","5,1,06,1",,,"08,99,1,99,9,99,9,99999,9,99,9,99,9",,"00,1","SYN011333   92437",
"07104099999","1990-08-18T18:00:00","4","48.2833333","-4.6333333","36.0","POINTE DE TOULINGUET, FR","FM-12","99999","V020","999,9,9,9999,9","99999,9,9,N","010000,1,N,9","+0170,1","+9999,9","99999,9","99,0005,9,1",,"0,000","5,1,06,1","0,1,06,1",,"08,99,1,99,9,99,9,99999,9,99,9,99,9","999,M,+0184,1","00,1","SYN017333   10184 92437",
"07104099999","1990-08-19T12:00:00","4","48.2833333","-4.6333333","36.0","POINTE DE TOULINGUET, FR","FM-12","99999","V020","999,9,9,9999,9","99999,9,9,N","010000,1,N,9","+0174,1","+9999,9","99999,9","06,0005,9,1",,"0,000","5,1,06,1","0,1,06,1",,"08,99,1,99,9,99,9,99999,9,99,9,99,9",,"00,1","SYN011333   92437",
"07104099999","1990-08-19T18:00:00","4","48.2833333","-4.6333333","36.0","POINTE DE TOULINGUET, FR","FM-12","99999","V020","999,9,9,9999,9","99999,9,9,N","020000,1,N,9","+0178,1","+9999,9","99999,9","99,0005,9,1",,"0,000","0,1,06,1","0,1,06,1",,"05,99,1,99,9,99,9,99999,9,99,9,99,9","999,M,+0186,1","00,1","SYN017333   10186 92438",
"07104099999","1990-08-20T06:00:00","4","48.2833333","-4.6333333","36.0","POINTE DE TOULINGUET, FR","FM-12","99999","V020","999,9,9,9999,9","22000,1,C,N","020000,1,N,9","+0152,1","+9999,9","99999,9","24,0010,9,1","99,0005,9,1","0,002","6,1,06,1",,,"04,99,1,99,9,99,9,99999,9,99,9,99,9","999,N,+0150,1","00,1","SYN023333   20150 70010 92438",
"07104099999","1990-08-20T12:00:00","4","48.2833333","-4.6333333","36.0","POINTE DE TOULINGUET, FR","FM-12","99999","V020","999,9,9,9999,9","99999,9,9,N","020000,1,N,9","+0188,1","+9999,9","99999,9","06,0000,9,1",,"4,000","0,1,06,1","0,1,06,1",,"06,99,1,99,9,99,9,99999,9,99,9,99,9",,"00,1","SYN011333   92438",
"07104099999","1990-08-20T18:00:00","4","48.2833333","-4.6333333","36.0","POINTE DE TOULINGUET, FR","FM-12","99999","V020","999,9,9,9999,9","99999,9,9,N","020000,1,N,9","+0170,1","+9999,9","99999,9","06,0000,9,1",,"4,000","0,1,06,1","0,1,06,1",,"05,99,1,99,9,99,9,99999,9,99,9,99,9","999,M,+0194,1","00,1","SYN017333   10194 92438",
"07104099999","1990-08-21T06:00:00","4","48.2833333","-4.6333333","36.0","POINTE DE TOULINGUET, FR","FM-12","99999","V020","999,9,9,9999,9","99999,9,9,N","010000,1,N,9","+0160,1","+9999,9","99999,9","06,0000,9,1",,"0,000",,,,"08,99,1,99,9,99,9,99999,9,99,9,99,9","999,N,+0148,1","00,1","SYN017333   20148 92437",
"07104099999","1990-08-21T12:00:00","4","48.2833333","-4.6333333","36.0","POINTE DE TOULINGUET, FR","FM-12","99999","V020","999,9,9,9999,9","99999,9,9,N","020000,1,N,9","+0190,1","+9999,9","99999,9","06,0000,9,1",,"4,000","0,1,06,1","0,1,06,1",,"08,99,1,99,9,99,9,99999,9,99,9,99,9",,"00,1","SYN011333   92428",
"07104099999","1990-08-21T18:00:00","4","48.2833333","-4.6333333","36.0","POINTE DE TOULINGUET, FR","FM-12","99999","V020","999,9,9,9999,9","99999,9,9,N","020000,1,N,9","+0180,1","+9999,9","99999,9","06,0000,9,1",,"4,000","0,1,06,1","0,1,06,1",,"08,99,1,99,9,99,9,99999,9,99,9,99,9","999,M,+0194,1","00,1","SYN017333   10194 92438",
"07104099999","1990-08-22T06:00:00","4","48.2833333","-4.6333333","36.0","POINTE DE TOULINGUET, FR","FM-12","99999","V020","999,9,9,9999,9","99999,9,9,N","010000,1,N,9","+0164,1","+9999,9","99999,9","06,0000,9,1",,"4,000",,,,"08,99,1,99,9,99,9,99999,9,99,9,99,9","999,N,+0152,1","00,1","SYN017333   20152 92427",
"07104099999","1990-08-22T12:00:00","4","48.2833333","-4.6333333","36.0","POINTE DE TOULINGUET, FR","FM-12","99999","V020","999,9,9,9999,9","22000,1,C,N","010000,1,N,9","+0204,1","+9999,9","99999,9","06,0000,9,1",,"4,000","0,1,06,1","0,1,06,1",,"02,99,1,99,9,99,9,99999,9,99,9,99,9",,"00,1","SYN011333   92427",
"07104099999","1990-08-22T18:00:00","4","48.2833333","-4.6333333","36.0","POINTE DE TOULINGUET, FR","FM-12","99999","V020","999,9,9,9999,9","22000,1,C,N","020000,1,N,9","+0194,1","+9999,9","99999,9","06,0000,9,1",,"4,000","0,1,06,1","0,1,06,1",,"02,99,1,99,9,99,9,99999,9,99,9,99,9","999,M,+0210,1","00,1","SYN017333   10210 92438",
"07104099999","1990-08-23T06:00:00","4","48.2833333","-4.6333333","36.0","POINTE DE TOULINGUET, FR","FM-12","99999","V020","999,9,9,9999,9","99999,9,9,N","004000,1,N,9","+0150,1","+9999,9","99999,9","06,0000,9,1",,"4,000",,,,"07,99,1,99,9,99,9,99999,9,99,9,99,9","999,N,+0148,1","00,1","SYN017333   20148 92426",
"07104099999","1990-08-24T06:00:00","4","48.2833333","-4.6333333","36.0","POINTE DE TOULINGUET, FR","FM-12","99999","V020","999,9,9,9999,9","99999,9,9,N","004000,1,N,9","+0180,1","+9999,9","99999,9","06,0000,9,1",,"4,000",,,,"05,99,1,99,9,99,9,99999,9,99,9,99,9","999,N,+0172,1","00,1","SYN017333   20172 92416",
"07104099999","1990-08-24T12:00:00","4","48.2833333","-4.6333333","36.0","POINTE DE TOULINGUET, FR","FM-12","99999","V020","999,9,9,9999,9","99999,9,9,N","004000,1,N,9","+0214,1","+9999,9","99999,9","06,0000,9,1",,"4,000","0,1,06,1","0,1,06,1",,"07,99,1,99,9,99,9,99999,9,99,9,99,9",,"00,1","SYN011333   92416",
"07104099999","1990-08-24T18:00:00","4","48.2833333","-4.6333333","36.0","POINTE DE TOULINGUET, FR","FM-12","99999","V020","999,9,9,9999,9","99999,9,9,N","004000,1,N,9","+0190,1","+9999,9","99999,9","99,0005,9,1",,"0,002","8,1,06,1","0,1,06,1",,"07,99,1,99,9,99,9,99999,9,99,9,99,9","999,M,+0232,1","00,1","SYN017333   10232 92426",
"07104099999","1990-08-25T06:00:00","4","48.2833333","-4.6333333","36.0","POINTE DE TOULINGUET, FR","FM-12","99999","V020","999,9,9,9999,9","99999,9,9,N","004000,1,N,9","+0156,1","+9999,9","99999,9","06,0000,9,1","24,0004,9,1","4,000",,,,"06,99,1,99,9,99,9,99999,9,99,9,99,9","999,N,+0154,1","00,1","SYN023333   20154 70004 92426",
"07104099999","1990-08-25T12:00:00","4","48.2833333","-4.6333333","36.0","POINTE DE TOULINGUET, FR","FM-12","99999","V020","999,9,9,9999,9","99999,9,9,N","020000,1,N,9","+0190,1","+9999,9","99999,9","06,0000,9,1",,"4,000","0,1,06,1","0,1,06,1",,"07,99,1,99,9,99,9,99999,9,99,9,99,9",,"00,1","SYN011333   92428",
"07104099999","1990-08-26T12:00:00","4","48.2833333","-4.6333333","36.0","POINTE DE TOULINGUET, FR","FM-12","99999","V020","999,9,9,9999,9","99999,9,9,N","020000,1,N,9","+0214,1","+9999,9","99999,9","06,0000,9,1",,"4,000","0,1,06,1","0,1,06,1",,"05,99,1,99,9,99,9,99999,9,99,9,99,9",,"00,1","SYN011333   92418",
"07104099999","1990-08-26T18:00:00","4","48.2833333","-4.6333333","36.0","POINTE DE TOULINGUET, FR","FM-12","99999","V020","999,9,9,9999,9","99999,9,9,N","020000,1,N,9","+0194,1","+9999,9","99999,9","06,0000,9,1",,"4,000","0,1,06,1","0,1,06,1",,"07,99,1,99,9,99,9,99999,9,99,9,99,9","999,M,+0222,1","00,1","SYN017333   10222 92428",
"07104099999","1990-08-27T06:00:00","4","48.2833333","-4.6333333","36.0","POINTE DE TOULINGUET, FR","FM-12","99999","V020","999,9,9,9999,9","99999,9,9,N","004000,1,N,9","+0170,1","+9999,9","99999,9","06,0000,9,1",,"4,000",,,,"06,99,1,99,9,99,9,99999,9,99,9,99,9","999,N,+0156,1","00,1","SYN017333   20156 92426",
"07104099999","1990-08-27T12:00:00","4","48.2833333","-4.6333333","36.0","POINTE DE TOULINGUET, FR","FM-12","99999","V020","999,9,9,9999,9","99999,9,9,N","020000,1,N,9","+0188,1","+9999,9","99999,9","06,0000,9,1",,"4,000","0,1,06,1","0,1,06,1",,"06,99,1,99,9,99,9,99999,9,99,9,99,9",,"00,1","SYN011333   92428",
"07104099999","1990-08-27T18:00:00","4","48.2833333","-4.6333333","36.0","POINTE DE TOULINGUET, FR","FM-12","99999","V020","999,9,9,9999,9","99999,9,9,N","020000,1,N,9","+0190,1","+9999,9","99999,9","06,0000,9,1",,"4,000","0,1,06,1","0,1,06,1",,"05,99,1,99,9,99,9,99999,9,99,9,99,9","999,M,+0224,1","00,1","SYN017333   10224 92428",
"07104099999","1990-08-28T06:00:00","4","48.2833333","-4.6333333","36.0","POINTE DE TOULINGUET, FR","FM-12","99999","V020","999,9,9,9999,9","00015,1,C,N","000100,1,N,9","+0166,1","+9999,9","99999,9","06,0000,9,1",,"4,000",,,"09,1,+99999,9,99,9","09,99,1,09,1,99,9,99999,9,99,9,99,9","999,N,+0160,1","45,1","SYN017333   20160 92421",
"07104099999","1990-08-28T12:00:00","4","48.2833333","-4.6333333","36.0","POINTE DE TOULINGUET, FR","FM-12","99999","V020","999,9,9,9999,9","22000,1,C,N","010000,1,N,9","+0220,1","+9999,9","99999,9","06,0000,9,1",,"4,000","4,1,06,1","0,1,06,1",,"03,99,1,99,9,99,9,99999,9,99,9,99,9",,"00,1","SYN011333   92427",
"07104099999","1990-08-28T18:00:00","4","48.2833333","-4.6333333","36.0","POINTE DE TOULINGUET, FR","FM-12","99999","V020","999,9,9,9999,9","99999,9,9,N","010000,1,N,9","+0194,1","+9999,9","99999,9","06,0000,9,1",,"4,000","0,1,06,1","0,1,06,1",,"05,99,1,99,9,99,9,99999,9,99,9,99,9","999,M,+0222,1","00,1","SYN017333   10222 92427",
"07104099999","1990-08-29T06:00:00","4","48.2833333","-4.6333333","36.0","POINTE DE TOULINGUET, FR","FM-12","99999","V020","999,9,9,9999,9","99999,9,9,N","004000,1,N,9","+0172,1","+9999,9","99999,9","06,0000,9,1",,"4,000",,,,"08,99,1,99,9,99,9,99999,9,99,9,99,9","999,N,+0156,1","00,1","SYN017333   20156 92426",
"07104099999","1990-08-29T12:00:00","4","48.2833333","-4.6333333","36.0","POINTE DE TOULINGUET, FR","FM-12","99999","V020","999,9,9,9999,9","99999,9,9,N","004000,1,N,9","+0196,1","+9999,9","99999,9","06,0000,9,1",,"4,000","0,1,06,1","0,1,06,1",,"08,99,1,99,9,99,9,99999,9,99,9,99,9",,"00,1","SYN011333   92436",
"07104099999","1990-08-29T18:00:00","4","48.2833333","-4.6333333","36.0","POINTE DE TOULINGUET, FR","FM-12","99999","V020","999,9,9,9999,9","22000,1,C,N","020000,1,N,9","+0168,1","+9999,9","99999,9","99,0050,9,1",,"0,002","8,1,06,1","0,1,06,1",,"04,99,1,99,9,99,9,99999,9,99,9,99,9","999,M,+0202,1","00,1","SYN017333   10202 92438",
"07104099999","1990-08-30T06:00:00","4","48.2833333","-4.6333333","36.0","POINTE DE TOULINGUET, FR","FM-12","99999","V020","999,9,9,9999,9","99999,9,9,N","010000,1,N,9","+0150,1","+9999,9","99999,9","24,0052,9,1","99,0005,9,1","0,002","6,1,06,1",,,"06,99,1,99,9,99,9,99999,9,99,9,99,9","999,N,+0140,1","00,1","SYN023333   20140 70052 92438",
"07104099999","1990-08-30T12:00:00","4","48.2833333","-4.6333333","36.0","POINTE DE TOULINGUET, FR","FM-12","99999","V020","999,9,9,9999,9","22000,1,C,N","020000,1,N,9","+0180,1","+9999,9","99999,9","06,0000,9,1",,"4,000","0,1,06,1","0,1,06,1",,"04,99,1,99,9,99,9,99999,9,99,9,99,9",,"00,1","SYN011333   92438",
"07104099999","1990-08-30T18:00:00","4","48.2833333","-4.6333333","36.0","POINTE DE TOULINGUET, FR","FM-12","99999","V020","999,9,9,9999,9","22000,1,C,N","020000,1,N,9","+0168,1","+9999,9","99999,9","06,0000,9,1",,"4,000","0,1,06,1","0,1,06,1",,"03,99,1,99,9,99,9,99999,9,99,9,99,9","999,M,+0194,1","00,1","SYN017333   10194 92438",
"07104099999","1990-08-31T06:00:00","4","48.2833333","-4.6333333","36.0","POINTE DE TOULINGUET, FR","FM-12","99999","V020","999,9,9,9999,9","99999,9,9,N","020000,1,N,9","+0150,1","+9999,9","99999,9","24,0010,9,1",,"0,002","6,1,06,1",,,"07,99,1,99,9,99,9,99999,9,99,9,99,9","999,N,+0136,1","00,1","SYN023333   20136 70010 92438",
"07104099999","1990-08-31T12:00:00","4","48.2833333","-4.6333333","36.0","POINTE DE TOULINGUET, FR","FM-12","99999","V020","999,9,9,9999,9","99999,9,9,N","020000,1,N,9","+0176,1","+9999,9","99999,9","06,0010,9,1",,"0,002","8,1,06,1","0,1,06,1",,"06,99,1,99,9,99,9,99999,9,99,9,99,9",,"00,1","SYN011333   92438",
"07104099999","1990-08-31T18:00:00","4","48.2833333","-4.6333333","36.0","POINTE DE TOULINGUET, FR","FM-12","99999","V020","999,9,9,9999,9","99999,9,9,N","020000,1,N,9","+0164,1","+9999,9","99999,9","99,0010,9,1",,"0,000","0,1,06,1","0,1,06,1",,"07,99,1,99,9,99,9,99999,9,99,9,99,9","999,M,+0188,1","00,1","SYN017333   10188 92438",
"07104099999","1990-09-01T06:00:00","4","48.2833333","-4.6333333","36.0","POINTE DE TOULINGUET, FR","FM-12","99999","V020","999,9,9,9999,9","99999,9,9,N","020000,1,N,9","+0160,1","+9999,9","99999,9","24,0009,9,1","99,0001,9,1","0,000",,,,"06,99,1,99,9,99,9,99999,9,99,9,99,9","999,N,+0146,1","00,1","SYN023333   20146 70009 92428",
"07104099999","1990-09-01T12:00:00","4","48.2833333","-4.6333333","36.0","POINTE DE TOULINGUET, FR","FM-12","99999","V020","999,9,9,9999,9","99999,9,9,N","020000,1,N,9","+0188,1","+9999,9","99999,9","06,0000,9,1",,"4,000","0,1,06,1","0,1,06,1",,"06,99,1,99,9,99,9,99999,9,99,9,99,9",,"00,1","SYN011333   92438",
"07104099999","1990-09-01T18:00:00","4","48.2833333","-4.6333333","36.0","POINTE DE TOULINGUET, FR","FM-12","99999","V020","999,9,9,9999,9","22000,1,C,N","020000,1,N,9","+0204,1","+9999,9","99999,9","06,0000,9,1",,"4,000","0,1,06,1","0,1,06,1",,"03,99,1,99,9,99,9,99999,9,99,9,99,9","999,M,+0224,1","00,1","SYN017333   10224 92428",
"07104099999","1990-09-02T06:00:00","4","48.2833333","-4.6333333","36.0","POINTE DE TOULINGUET, FR","FM-12","99999","V020","999,9,9,9999,9","22000,1,C,N","020000,1,N,9","+0158,1","+9999,9","99999,9","06,0000,9,1",,"4,000",,,,"03,99,1,99,9,99,9,99999,9,99,9,99,9","999,N,+0136,1","00,1","SYN017333   20136 92428",
"07104099999","1990-09-02T12:00:00","4","48.2833333","-4.6333333","36.0","POINTE DE TOULINGUET, FR","FM-12","99999","V020","999,9,9,9999,9","22000,1,C,N","020000,1,N,9","+0220,1","+9999,9","99999,9","06,0000,9,1",,"4,000","0,1,06,1","0,1,06,1",,"02,99,1,99,9,99,9,99999,9,99,9,99,9",,"00,1","SYN011333   92428",
"07104099999","1990-09-02T18:00:00","4","48.2833333","-4.6333333","36.0","POINTE DE TOULINGUET, FR","FM-12","99999","V020","999,9,9,9999,9","22000,1,C,N","020000,1,N,9","+0188,1","+9999,9","99999,9","06,0000,9,1",,"4,000","0,1,06,1","0,1,06,1",,"00,99,1,00,1,00,1,99999,9,00,1,00,1","999,M,+0244,1","00,1","SYN017333   10244 92428",
"07104099999","1990-09-03T06:00:00","4","48.2833333","-4.6333333","36.0","POINTE DE TOULINGUET, FR","FM-12","99999","V020","999,9,9,9999,9","22000,1,C,N","020000,1,N,9","+0168,1","+9999,9","99999,9","06,0000,9,1",,"4,000",,,,"03,99,1,99,9,99,9,99999,9,99,9,99,9","999,N,+0156,1","00,1","SYN017333   20156 92418",
"07104099999","1990-09-03T12:00:00","4","48.2833333","-4.6333333","36.0","POINTE DE TOULINGUET, FR","FM-12","99999","V020","999,9,9,9999,9","99999,9,9,N","020000,1,N,9","+0214,1","+9999,9","99999,9","06,0000,9,1",,"4,000","0,1,06,1","0,1,06,1",,"07,99,1,99,9,99,9,99999,9,99,9,99,9",,"00,1","SYN011333   92418",
"07104099999","1990-09-03T18:00:00","4","48.2833333","-4.6333333","36.0","POINTE DE TOULINGUET, FR","FM-12","99999","V020","999,9,9,9999,9","99999,9,9,N","010000,1,N,9","+0174,1","+9999,9","99999,9","06,0000,9,1",,"4,000","0,1,06,1","0,1,06,1",,"08,99,1,99,9,99,9,99999,9,99,9,99,9","999,M,+0210,1","00,1","SYN017333   10210 92427",
"07104099999","1990-09-04T06:00:00","4","48.2833333","-4.6333333","36.0","POINTE DE TOULINGUET, FR","FM-12","99999","V020","999,9,9,9999,9","22000,1,C,N","020000,1,N,9","+0146,1","+9999,9","99999,9","06,0000,9,1",,"4,000",,,,"04,99,1,99,9,99,9,99999,9,99,9,99,9","999,N,+0124,1","00,1","SYN017333   20124 92428",
"07104099999","1990-09-04T12:00:00","4","48.2833333","-4.6333333","36.0","POINTE DE TOULINGUET, FR","FM-12","99999","V020","999,9,9,9999,9","22000,1,C,N","020000,1,N,9","+0184,1","+9999,9","99999,9","06,0000,9,1",,"4,000","0,1,06,1","0,1,06,1",,"04,99,1,99,9,99,9,99999,9,99,9,99,9",,"00,1","SYN011333   92428",
"07104099999","1990-09-04T18:00:00","4","48.2833333","-4.6333333","36.0","POINTE DE TOULINGUET, FR","FM-12","99999","V020","999,9,9,9999,9","99999,9,9,N","020000,1,N,9","+0162,1","+9999,9","99999,9","06,0000,9,1",,"4,000","0,1,06,1","0,1,06,1",,"05,99,1,99,9,99,9,99999,9,99,9,99,9","999,M,+0188,1","00,1","SYN017333   10188 92428",
"07104099999","1990-09-05T12:00:00","4","48.2833333","-4.6333333","36.0","POINTE DE TOULINGUET, FR","FM-12","99999","V020","999,9,9,9999,9","99999,9,9,N","020000,1,N,9","+0166,1","+9999,9","99999,9","06,0000,9,1",,"4,000","0,1,06,1","0,1,06,1",,"08,99,1,99,9,99,9,99999,9,99,9,99,9",,"00,1","SYN011333   92438",
"07104099999","1990-09-05T18:00:00","4","48.2833333","-4.6333333","36.0","POINTE DE TOULINGUET, FR","FM-12","99999","V020","999,9,9,9999,9","99999,9,9,N","004000,1,N,9","+0158,1","+9999,9","99999,9","99,0003,9,1",,"0,001","6,1,06,1","0,1,06,1",,"08,99,1,99,9,99,9,99999,9,99,9,99,9","999,M,+0186,1","61,1","SYN017333   10186 92446",
"07104099999","1990-09-06T12:00:00","4","48.2833333","-4.6333333","36.0","POINTE DE TOULINGUET, FR","FM-12","99999","V020","999,9,9,9999,9","99999,9,9,N","020000,1,N,9","+0164,1","+9999,9","99999,9","06,0000,9,1",,"4,000","0,1,06,1","0,1,06,1",,"08,99,1,99,9,99,9,99999,9,99,9,99,9",,"00,1","SYN011333   92438",
"07104099999","1990-09-06T18:00:00","4","48.2833333","-4.6333333","36.0","POINTE DE TOULINGUET, FR","FM-12","99999","V020","999,9,9,9999,9","99999,9,9,N","020000,1,N,9","+0140,1","+9999,9","99999,9","06,0000,9,1",,"4,000","0,1,06,1","0,1,06,1",,"07,99,1,99,9,99,9,99999,9,99,9,99,9","999,M,+0170,1","00,1","SYN017333   10170 92438",
"07104099999","1990-09-07T06:00:00","4","48.2833333","-4.6333333","36.0","POINTE DE TOULINGUET, FR","FM-12","99999","V020","999,9,9,9999,9","99999,9,9,N","020000,1,N,9","+0140,1","+9999,9","99999,9","06,0000,9,1",,"4,000",,,,"07,99,1,99,9,99,9,99999,9,99,9,99,9","999,N,+0122,1","00,1","SYN017333   20122 92438",
"07104099999","1990-09-07T12:00:00","4","48.2833333","-4.6333333","36.0","POINTE DE TOULINGUET, FR","FM-12","99999","V020","999,9,9,9999,9","99999,9,9,N","020000,1,N,9","+0168,1","+9999,9","99999,9","06,0003,9,1",,"0,002","8,1,06,1","0,1,06,1",,"05,99,1,99,9,99,9,99999,9,99,9,99,9",,"00,1","SYN011333   92438",
"07104099999","1990-09-07T18:00:00","4","48.2833333","-4.6333333","36.0","POINTE DE TOULINGUET, FR","FM-12","99999","V020","999,9,9,9999,9","99999,9,9,N","020000,1,N,9","+0152,1","+9999,9","99999,9","99,0003,9,1",,"0,000","0,1,06,1","0,1,06,1",,"06,99,1,99,9,99,9,99999,9,99,9,99,9","999,M,+0170,1","00,1","SYN017333   10170 92438",
"07104099999","1990-09-08T06:00:00","4","48.2833333","-4.6333333","36.0","POINTE DE TOULINGUET, FR","FM-12","99999","V020","999,9,9,9999,9","99999,9,9,N","020000,1,N,9","+0136,1","+9999,9","99999,9","06,0000,9,1",,"4,000",,,,"05,99,1,99,9,99,9,99999,9,99,9,99,9","999,N,+0128,1","00,1","SYN023333   20128 7000/ 92438",
"07104099999","1990-09-08T12:00:00","4","48.2833333","-4.6333333","36.0","POINTE DE TOULINGUET, FR","FM-12","99999","V020","999,9,9,9999,9","99999,9,9,N","020000,1,N,9","+0180,1","+9999,9","99999,9","06,0000,9,1",,"4,000","0,1,06,1","0,1,06,1",,"05,99,1,99,9,99,9,99999,9,99,9,99,9",,"00,1","SYN011333   92428",
"07104099999","1990-09-08T18:00:00","4","48.2833333","-4.6333333","36.0","POINTE DE TOULINGUET, FR","FM-12","99999","V020","999,9,9,9999,9","22000,1,C,N","020000,1,N,9","+0168,1","+9999,9","99999,9","06,0000,9,1",,"4,000","0,1,06,1","0,1,06,1",,"03,99,1,99,9,99,9,99999,9,99,9,99,9","999,M,+0194,1","00,1","SYN017333   10194 92438",
"07104099999","1990-09-09T06:00:00","4","48.2833333","-4.6333333","36.0","POINTE DE TOULINGUET, FR","FM-12","99999","V020","999,9,9,9999,9","22000,1,C,N","010000,1,N,9","+0130,1","+9999,9","99999,9","06,0000,9,1",,"4,000",,,,"04,99,1,99,9,99,9,99999,9,99,9,99,9","999,N,+0124,1","00,1","SYN017333   20124 92437",
"07104099999","1990-09-09T12:00:00","4","48.2833333","-4.6333333","36.0","POINTE DE TOULINGUET, FR","FM-12","99999","V020","999,9,9,9999,9","99999,9,9,N","010000,1,N,9","+0198,1","+9999,9","99999,9","06,0000,9,1",,"4,000","0,1,06,1","0,1,06,1",,"05,99,1,99,9,99,9,99999,9,99,9,99,9",,"00,1","SYN011333   92427",
"07104099999","1990-09-09T18:00:00","4","48.2833333","-4.6333333","36.0","POINTE DE TOULINGUET, FR","FM-12","99999","V020","999,9,9,9999,9","22000,1,C,N","020000,1,N,9","+0174,1","+9999,9","99999,9","06,0000,9,1",,"4,000","0,1,06,1","0,1,06,1",,"03,99,1,99,9,99,9,99999,9,99,9,99,9","999,M,+0204,1","00,1","SYN017333   10204 92438",
"07104099999","1990-09-10T06:00:00","4","48.2833333","-4.6333333","36.0","POINTE DE TOULINGUET, FR","FM-12","99999","V020","999,9,9,9999,9","22000,1,C,N","020000,1,N,9","+0138,1","+9999,9","99999,9","06,0000,9,1",,"4,000",,,,"00,99,1,00,1,00,1,99999,9,00,1,00,1","999,N,+0122,1","00,1","SYN017333   20122 92428",
"07104099999","1990-09-10T12:00:00","4","48.2833333","-4.6333333","36.0","POINTE DE TOULINGUET, FR","FM-12","99999","V020","999,9,9,9999,9","22000,1,C,N","020000,1,N,9","+0208,1","+9999,9","99999,9","06,0000,9,1",,"4,000","0,1,06,1","0,1,06,1",,"00,99,1,00,1,00,1,99999,9,00,1,00,1",,"00,1","SYN011333   92438",
"07104099999","1990-09-10T18:00:00","4","48.2833333","-4.6333333","36.0","POINTE DE TOULINGUET, FR","FM-12","99999","V020","999,9,9,9999,9","22000,1,C,N","020000,1,N,9","+0188,1","+9999,9","99999,9","06,0000,9,1",,"4,000","0,1,06,1","0,1,06,1",,"02,99,1,99,9,99,9,99999,9,99,9,99,9","999,M,+0218,1","00,1","SYN017333   10218 92428",
"07104099999","1990-09-11T06:00:00","4","48.2833333","-4.6333333","36.0","POINTE DE TOULINGUET, FR","FM-12","99999","V020","999,9,9,9999,9","22000,1,C,N","010000,1,N,9","+0140,1","+9999,9","99999,9","06,0000,9,1",,"4,000",,,,"03,99,1,99,9,99,9,99999,9,99,9,99,9","999,N,+0124,1","00,1","SYN017333   20124 92427",
"07104099999","1990-09-11T18:00:00","4","48.2833333","-4.6333333","36.0","POINTE DE TOULINGUET, FR","FM-12","99999","V020","999,9,9,9999,9","22000,1,C,N","010000,1,N,9","+0188,1","+9999,9","99999,9","06,0000,9,1",,"4,000","0,1,06,1","0,1,06,1",,"02,99,1,99,9,99,9,99999,9,99,9,99,9","999,M,+0224,1","00,1","SYN017333   10224 92427",
"07104099999","1990-09-12T06:00:00","4","48.2833333","-4.6333333","36.0","POINTE DE TOULINGUET, FR","FM-12","99999","V020","999,9,9,9999,9","22000,1,C,N","004000,1,N,9","+0136,1","+9999,9","99999,9","06,0000,9,1",,"4,000",,,,"00,99,1,00,1,00,1,99999,9,00,1,00,1","999,N,+0120,1","00,1","SYN017333   20120 92426",
"07104099999","1990-09-13T06:00:00","4","48.2833333","-4.6333333","36.0","POINTE DE TOULINGUET, FR","FM-12","99999","V020","999,9,9,9999,9","22000,1,C,N","004000,1,N,9","+0140,1","+9999,9","99999,9","06,0000,9,1",,"4,000",,,,"03,99,1,99,9,99,9,99999,9,99,9,99,9","999,N,+0130,1","00,1","SYN017333   20130 92426",
"07104099999","1990-09-13T12:00:00","4","48.2833333","-4.6333333","36.0","POINTE DE TOULINGUET, FR","FM-12","99999","V020","999,9,9,9999,9","22000,1,C,N","010000,1,N,9","+0200,1","+9999,9","99999,9","06,0000,9,1",,"4,000","0,1,06,1","0,1,06,1",,"00,99,1,00,1,00,1,99999,9,00,1,00,1",,"00,1","SYN011333   92427",
"07104099999","1990-09-13T18:00:00","4","48.2833333","-4.6333333","36.0","POINTE DE TOULINGUET, FR","FM-12","99999","V020","999,9,9,9999,9","22000,1,C,N","004000,1,N,9","+0178,1","+9999,9","99999,9","06,0000,9,1",,"4,000","0,1,06,1","0,1,06,1",,"00,99,1,00,1,00,1,99999,9,00,1,00,1","999,M,+0220,1","00,1","SYN017333   10220 92426",
"07104099999","1990-09-14T06:00:00","4","48.2833333","-4.6333333","36.0","POINTE DE TOULINGUET, FR","FM-12","99999","V020","999,9,9,9999,9","99999,9,9,N","002000,1,N,9","+0150,1","+9999,9","99999,9","06,0000,9,1",,"4,000",,,,"07,99,1,99,9,99,9,99999,9,99,9,99,9","999,N,+0148,1","00,1","SYN017333   20148 92425",
"07104099999","1990-09-14T12:00:00","4","48.2833333","-4.6333333","36.0","POINTE DE TOULINGUET, FR","FM-12","99999","V020","999,9,9,9999,9","99999,9,9,N","004000,1,N,9","+0206,1","+9999,9","99999,9","06,0000,9,1",,"4,000","0,1,06,1","0,1,06,1",,"05,99,1,99,9,99,9,99999,9,99,9,99,9",,"00,1","SYN011333   92426",
"07104099999","1990-09-14T18:00:00","4","48.2833333","-4.6333333","36.0","POINTE DE TOULINGUET, FR","FM-12","99999","V020","999,9,9,9999,9","22000,1,C,N","010000,1,N,9","+0204,1","+9999,9","99999,9","06,0000,9,1",,"4,000","0,1,06,1","0,1,06,1",,"04,99,1,99,9,99,9,99999,9,99,9,99,9","999,M,+0220,1","00,1","SYN017333   10220 92427",
"07104099999","1990-09-15T12:00:00","4","48.2833333","-4.6333333","36.0","POINTE DE TOULINGUET, FR","FM-12","99999","V020","999,9,9,9999,9","22000,1,C,N","010000,1,N,9","+0214,1","+9999,9","99999,9","06,0000,9,1",,"4,000",,,,"04,99,1,99,9,99,9,99999,9,99,9,99,9",,,"SYN011333   92427",
"07104099999","1990-09-15T18:00:00","4","48.2833333","-4.6333333","36.0","POINTE DE TOULINGUET, FR","FM-12","99999","V020","999,9,9,9999,9","99999,9,9,N","004000,1,N,9","+0180,1","+9999,9","99999,9","06,0000,9,1",,"4,000","0,1,06,1","0,1,06,1",,"05,99,1,99,9,99,9,99999,9,99,9,99,9","999,M,+0242,1","00,1","SYN017333   10242 92426",
"07104099999","1990-09-16T06:00:00","4","48.2833333","-4.6333333","36.0","POINTE DE TOULINGUET, FR","FM-12","99999","V020","999,9,9,9999,9","99999,9,9,N","004000,1,N,9","+0166,1","+9999,9","99999,9","06,0000,9,1",,"4,000",,,,"08,99,1,99,9,99,9,99999,9,99,9,99,9","999,N,+0138,1","00,1","SYN017333   20138 92426",
"07104099999","1990-09-16T12:00:00","4","48.2833333","-4.6333333","36.0","POINTE DE TOULINGUET, FR","FM-12","99999","V020","999,9,9,9999,9","22000,1,C,N","010000,1,N,9","+0206,1","+9999,9","99999,9","06,0000,9,1",,"4,000","0,1,06,1","0,1,06,1",,"03,99,1,99,9,99,9,99999,9,99,9,99,9",,"00,1","SYN011333   92427",
"07104099999","1990-09-17T12:00:00","4","48.2833333","-4.6333333","36.0","POINTE DE TOULINGUET, FR","FM-12","99999","V020","999,9,9,9999,9","99999,9,9,N","010000,1,N,9","+0180,1","+9999,9","99999,9","06,0000,9,1",,"4,000","0,1,06,1","0,1,06,1",,"06,99,1,99,9,99,9,99999,9,99,9,99,9",,"00,1","SYN011333   92427",
"07104099999","1990-09-17T18:00:00","4","48.2833333","-4.6333333","36.0","POINTE DE TOULINGUET, FR","FM-12","99999","V020","999,9,9,9999,9","99999,9,9,N","010000,1,N,9","+0158,1","+9999,9","99999,9","06,0000,9,1",,"4,000","0,1,06,1","0,1,06,1",,"05,99,1,99,9,99,9,99999,9,99,9,99,9","999,M,+0180,1","00,1","SYN017333   10180 92427",
"07104099999","1990-09-18T06:00:00","4","48.2833333","-4.6333333","36.0","POINTE DE TOULINGUET, FR","FM-12","99999","V020","999,9,9,9999,9","22000,1,C,N","020000,1,N,9","+0130,1","+9999,9","99999,9","06,0000,9,1",,"4,000",,,,"04,99,1,99,9,99,9,99999,9,99,9,99,9","999,N,+0110,1","00,1","SYN017333   20110 92428",
"07104099999","1990-09-18T12:00:00","4","48.2833333","-4.6333333","36.0","POINTE DE TOULINGUET, FR","FM-12","99999","V020","999,9,9,9999,9","22000,1,C,N","020000,1,N,9","+0178,1","+9999,9","99999,9","06,0000,9,1",,"4,000","0,1,06,1","0,1,06,1",,"04,99,1,99,9,99,9,99999,9,99,9,99,9",,"00,1","SYN011333   92428",
"07104099999","1990-09-18T18:00:00","4","48.2833333","-4.6333333","36.0","POINTE DE TOULINGUET, FR","FM-12","99999","V020","999,9,9,9999,9","22000,1,C,N","020000,1,N,9","+0154,1","+9999,9","99999,9","06,0000,9,1",,"4,000","0,1,06,1","0,1,06,1",,"03,99,1,99,9,99,9,99999,9,99,9,99,9","999,M,+0180,1","00,1","SYN017333   10180 92428",
"07104099999","1990-09-19T06:00:00","4","48.2833333","-4.6333333","36.0","POINTE DE TOULINGUET, FR","FM-12","99999","V020","999,9,9,9999,9","99999,9,9,N","010000,1,N,9","+0150,1","+9999,9","99999,9","06,0000,9,1",,"4,000",,,,"08,99,1,99,9,99,9,99999,9,99,9,99,9","999,N,+0138,1","00,1","SYN017333   20138 92437",
"07104099999","1990-09-19T12:00:00","4","48.2833333","-4.6333333","36.0","POINTE DE TOULINGUET, FR","FM-12","99999","V020","999,9,9,9999,9","99999,9,9,N","004000,1,N,9","+0160,1","+9999,9","99999,9","06,0020,9,1",,"0,002","6,1,06,1","5,1,06,1",,"08,99,1,99,9,99,9,99999,9,99,9,99,9",,"00,1","SYN011333   92436",
"07104099999","1990-09-19T18:00:00","4","48.2833333","-4.6333333","36.0","POINTE DE TOULINGUET, FR","FM-12","99999","V020","999,9,9,9999,9","99999,9,9,N","020000,1,N,9","+0138,1","+9999,9","99999,9","99,0020,9,1",,"0,000","0,1,06,1","0,1,06,1",,"07,99,1,99,9,99,9,99999,9,99,9,99,9","999,M,+0162,1","00,1","SYN017333   10162 92438",
"07104099999","1990-09-20T06:00:00","4","48.2833333","-4.6333333","36.0","POINTE DE TOULINGUET, FR","FM-12","99999","V020","999,9,9,9999,9","99999,9,9,N","020000,1,N,9","+0138,1","+9999,9","99999,9","06,0000,9,1","24,0022,9,1","4,000",,,,"05,99,1,99,9,99,9,99999,9,99,9,99,9","999,N,+0116,1","00,1","SYN023333   20116 70022 92438",
"07104099999","1990-09-20T12:00:00","4","48.2833333","-4.6333333","36.0","POINTE DE TOULINGUET, FR","FM-12","99999","V020","999,9,9,9999,9","99999,9,9,N","020000,1,N,9","+0160,1","+9999,9","99999,9","06,0000,9,1",,"4,000","0,1,06,1","0,1,06,1",,"06,99,1,99,9,99,9,99999,9,99,9,99,9",,"00,1","SYN011333   92428",
"07104099999","1990-09-20T18:00:00","4","48.2833333","-4.6333333","36.0","POINTE DE TOULINGUET, FR","FM-12","99999","V020","999,9,9,9999,9","99999,9,9,N","020000,1,N,9","+0150,1","+9999,9","99999,9","06,0000,9,1",,"4,000","0,1,06,1","0,1,06,1",,"08,99,1,99,9,99,9,99999,9,99,9,99,9","999,M,+0170,1","00,1","SYN017333   10170 92438",
"07104099999","1990-09-21T06:00:00","4","48.2833333","-4.6333333","36.0","POINTE DE TOULINGUET, FR","FM-12","99999","V020","999,9,9,9999,9","99999,9,9,N","004000,1,N,9","+0150,1","+9999,9","99999,9","24,0020,9,1",,"0,002","6,1,06,1","0,1,06,1",,"08,99,1,99,9,99,9,99999,9,99,9,99,9","999,N,+0134,1","00,1","SYN023333   20134 70020 92446",
"07104099999","1990-09-21T18:00:00","4","48.2833333","-4.6333333","36.0","POINTE DE TOULINGUET, FR","FM-12","99999","V020","999,9,9,9999,9","99999,9,9,N","020000,1,N,9","+0160,1","+9999,9","99999,9","99,0001,9,1",,"0,000","0,1,06,1","0,1,06,1",,"08,99,1,99,9,99,9,99999,9,99,9,99,9","999,M,+0176,1","00,1","SYN017333   10176 92438",
"07104099999","1990-09-22T06:00:00","4","48.2833333","-4.6333333","36.0","POINTE DE TOULINGUET, FR","FM-12","99999","V020","999,9,9,9999,9","99999,9,9,N","002000,1,N,9","+0160,1","+9999,9","99999,9","24,0011,9,1",,"0,002","6,1,06,1",,,"08,99,1,99,9,99,9,99999,9,99,9,99,9","999,N,+0144,1","00,1","SYN023333   20144 70011 92435",
"07104099999","1990-09-22T12:00:00","4","48.2833333","-4.6333333","36.0","POINTE DE TOULINGUET, FR","FM-12","99999","V020","999,9,9,9999,9","99999,9,9,N","020000,1,N,9","+0166,1","+9999,9","99999,9","06,0003,9,1",,"0,000","5,1,06,1","0,1,06,1",,"07,99,1,99,9,99,9,99999,9,99,9,99,9",,"00,1","SYN011333   92438",
"07104099999","1990-09-22T18:00:00","4","48.2833333","-4.6333333","36.0","POINTE DE TOULINGUET, FR","FM-12","99999","V020","999,9,9,9999,9","99999,9,9,N","020000,1,N,9","+0146,1","+9999,9","99999,9","99,0005,9,1",,"0,002","8,1,06,1","0,1,06,1",,"07,99,1,99,9,99,9,99999,9,99,9,99,9","999,M,+0172,1","00,1","SYN017333   10172 92438",
"07104099999","1990-09-23T06:00:00","4","48.2833333","-4.6333333","36.0","POINTE DE TOULINGUET, FR","FM-12","99999","V020","999,9,9,9999,9","22000,1,C,N","020000,1,N,9","+0144,1","+9999,9","99999,9","24,0020,9,1",,"0,002","6,1,06,1",,,"03,99,1,99,9,99,9,99999,9,99,9,99,9","999,N,+0140,1","00,1","SYN023333   20140 70020 92448",
"07104099999","1990-09-23T12:00:00","4","48.2833333","-4.6333333","36.0","POINTE DE TOULINGUET, FR","FM-12","99999","V020","999,9,9,9999,9","99999,9,9,N","020000,1,N,9","+0140,1","+9999,9","99999,9","06,0003,9,1",,"0,002","8,1,06,1","0,1,06,1",,"06,99,1,99,9,99,9,99999,9,99,9,99,9",,"00,1","SYN011333   92438",
"07104099999","1990-09-23T18:00:00","4","48.2833333","-4.6333333","36.0","POINTE DE TOULINGUET, FR","FM-12","99999","V020","999,9,9,9999,9","22000,1,C,N","020000,1,N,9","+0136,1","+9999,9","99999,9","99,0003,9,1",,"0,002","8,1,06,1","0,1,06,1",,"02,99,1,99,9,99,9,99999,9,99,9,99,9","999,M,+0160,1","00,1","SYN017333   10160 92438",
"07104099999","1990-09-24T06:00:00","4","48.2833333","-4.6333333","36.0","POINTE DE TOULINGUET, FR","FM-12","99999","V020","999,9,9,9999,9","99999,9,9,N","020000,1,N,9","+0136,1","+9999,9","99999,9","24,0005,9,1","99,0003,9,1","0,000",,,,"06,99,1,99,9,99,9,99999,9,99,9,99,9","999,N,+0126,1","02,1","SYN023333   20126 70005 92438",
"07104099999","1990-09-24T12:00:00","4","48.2833333","-4.6333333","36.0","POINTE DE TOULINGUET, FR","FM-12","99999","V020","999,9,9,9999,9","99999,9,9,N","020000,1,N,9","+0152,1","+9999,9","99999,9","06,0010,9,1",,"0,002","8,1,06,1","0,1,06,1",,"05,99,1,99,9,99,9,99999,9,99,9,99,9",,"00,1","SYN011333   92438",
"07104099999","1990-09-24T18:00:00","4","48.2833333","-4.6333333","36.0","POINTE DE TOULINGUET, FR","FM-12","99999","V020","999,9,9,9999,9","99999,9,9,N","020000,1,N,9","+0138,1","+9999,9","99999,9","99,0010,9,1",,"0,002","8,1,06,1","0,1,06,1",,"06,99,1,99,9,99,9,99999,9,99,9,99,9","999,M,+0158,1","00,1","SYN017333   10158 92438",
"07104099999","1990-09-25T06:00:00","4","48.2833333","-4.6333333","36.0","POINTE DE TOULINGUET, FR","FM-12","99999","V020","999,9,9,9999,9","99999,9,9,N","020000,1,N,9","+0116,1","+9999,9","99999,9","24,0017,9,1","99,0005,9,1","0,002","6,1,06,1",,,"05,99,1,99,9,99,9,99999,9,99,9,99,9","999,N,+0112,1","00,1","SYN023333   20112 70017 92438",
"07104099999","1990-10-01T06:00:00","4","48.2833333","-4.6333333","36.0","POINTE DE TOULINGUET, FR","FM-12","99999","V020","999,9,9,9999,9","99999,9,9,N","020000,1,N,9","+0140,1","+9999,9","99999,9","06,0000,9,1","24,0077,9,1","4,000",,,,"07,99,1,99,9,99,9,99999,9,99,9,99,9","999,N,+0128,1","00,1","SYN023333   20128 70077 92428",
"07104099999","1990-10-01T12:00:00","4","48.2833333","-4.6333333","36.0","POINTE DE TOULINGUET, FR","FM-12","99999","V020","999,9,9,9999,9","99999,9,9,N","020000,1,N,9","+0164,1","+9999,9","99999,9","06,0000,9,1",,"4,000","0,1,06,1","0,1,06,1",,"07,99,1,99,9,99,9,99999,9,99,9,99,9",,"00,1","SYN011333   92428",
"07104099999","1990-10-02T12:00:00","4","48.2833333","-4.6333333","36.0","POINTE DE TOULINGUET, FR","FM-12","99999","V020","999,9,9,9999,9","22000,1,C,N","020000,1,N,9","+0176,1","+9999,9","99999,9","06,0000,9,1",,"4,000","0,1,06,1","0,1,06,1",,"04,99,1,99,9,99,9,99999,9,99,9,99,9",,"00,1","SYN011333   92438",
"07104099999","1990-10-02T18:00:00","4","48.2833333","-4.6333333","36.0","POINTE DE TOULINGUET, FR","FM-12","99999","V020","999,9,9,9999,9","99999,9,9,N","020000,1,N,9","+0170,1","+9999,9","99999,9","06,0000,9,1",,"4,000","0,1,06,1","0,1,06,1",,"06,99,1,99,9,99,9,99999,9,99,9,99,9","999,M,+0176,1","00,1","SYN017333   10176 92438",
"07104099999","1990-10-23T12:00:00","4","48.2833333","-4.6333333","36.0","POINTE DE TOULINGUET, FR","FM-12","99999","V020","999,9,9,9999,9","99999,9,9,N","020000,1,N,9","+0162,1","+9999,9","99999,9","06,0003,9,1",,"0,002","8,1,06,1","0,1,06,1",,"08,99,1,99,9,99,9,99999,9,99,9,99,9",,"00,1","SYN011333   92438",
"07104099999","1990-10-23T18:00:00","4","48.2833333","-4.6333333","36.0","POINTE DE TOULINGUET, FR","FM-12","99999","V020","999,9,9,9999,9","99999,9,9,N","020000,1,N,9","+0146,1","+9999,9","99999,9","99,0003,9,1",,"0,000","0,1,06,1","0,1,06,1",,"07,99,1,99,9,99,9,99999,9,99,9,99,9","999,M,+0162,1","00,1","SYN017333   10162 92448",
"07104099999","1990-10-24T18:00:00","4","48.2833333","-4.6333333","36.0","POINTE DE TOULINGUET, FR","FM-12","99999","V020","999,9,9,9999,9","99999,9,9,N","020000,1,N,9","+0130,1","+9999,9","99999,9","99,0003,9,1",,"0,000","0,1,06,1","0,1,06,1",,"05,99,1,99,9,99,9,99999,9,99,9,99,9","999,M,+0150,1","00,1","SYN017333   10150 92438",
"07104099999","1990-10-25T06:00:00","4","48.2833333","-4.6333333","36.0","POINTE DE TOULINGUET, FR","FM-12","99999","V020","999,9,9,9999,9","99999,9,9,N","020000,1,N,9","+0130,1","+9999,9","99999,9","24,0043,9,1",,"0,002","6,1,06,1",,,"08,99,1,99,9,99,9,99999,9,99,9,99,9","999,N,+0124,1","00,1","SYN023333   20124 70043 92448",
"07104099999","1990-10-25T12:00:00","4","48.2833333","-4.6333333","36.0","POINTE DE TOULINGUET, FR","FM-12","99999","V020","999,9,9,9999,9","99999,9,9,N","020000,1,N,9","+0158,1","+9999,9","99999,9","06,0005,9,1",,"0,002","8,1,06,1","0,1,06,1",,"05,99,1,99,9,99,9,99999,9,99,9,99,9",,"00,1","SYN011333   92448",
"07104099999","1990-10-25T18:00:00","4","48.2833333","-4.6333333","36.0","POINTE DE TOULINGUET, FR","FM-12","99999","V020","999,9,9,9999,9","99999,9,9,N","020000,1,N,9","+0122,1","+9999,9","99999,9","99,0120,9,1",,"0,002","8,1,06,1","0,1,06,1",,"06,99,1,99,9,99,9,99999,9,99,9,99,9","999,M,+0158,1","00,1","SYN017333   10158 92448",
"07104099999","1990-10-26T06:00:00","4","48.2833333","-4.6333333","36.0","POINTE DE TOULINGUET, FR","FM-12","99999","V020","999,9,9,9999,9","99999,9,9,N","020000,1,N,9","+0110,1","+9999,9","99999,9","24,0144,9,1","99,0020,9,1","0,002","6,1,06,1",,,"05,99,1,99,9,99,9,99999,9,99,9,99,9","999,N,+0104,1","00,1","SYN023333   20104 70144 92448",
"07104099999","1990-10-26T12:00:00","4","48.2833333","-4.6333333","36.0","POINTE DE TOULINGUET, FR","FM-12","99999","V020","999,9,9,9999,9","22000,1,C,N","020000,1,N,9","+0128,1","+9999,9","99999,9","06,0020,9,1",,"0,002","8,1,06,1","0,1,06,1",,"04,99,1,99,9,99,9,99999,9,99,9,99,9",,"00,1","SYN011333   92458",
"07104099999","1990-10-26T18:00:00","4","48.2833333","-4.6333333","36.0","POINTE DE TOULINGUET, FR","FM-12","99999","V020","999,9,9,9999,9","99999,9,9,N","020000,1,N,9","+0136,1","+9999,9","99999,9","99,0020,9,1",,"0,002","8,1,06,1","0,1,06,1",,"07,99,1,99,9,99,9,99999,9,99,9,99,9","999,M,+0136,1","00,1","SYN017333   10136 92458",
"07104099999","1990-10-27T12:00:00","4","48.2833333","-4.6333333","36.0","POINTE DE TOULINGUET, FR","FM-12","99999","V020","999,9,9,9999,9","99999,9,9,N","010000,1,N,9","+0132,1","+9999,9","99999,9","06,0003,9,1",,"0,002","8,1,06,1","0,1,06,1",,"08,99,1,99,9,99,9,99999,9,99,9,99,9",,"00,1","SYN011333   92457",
"07104099999","1990-10-27T18:00:00","4","48.2833333","-4.6333333","36.0","POINTE DE TOULINGUET, FR","FM-12","99999","V020","999,9,9,9999,9","99999,9,9,N","004000,1,N,9","+0130,1","+9999,9","99999,9","99,0080,9,1",,"0,001","8,1,06,1","0,1,06,1",,"08,99,1,99,9,99,9,99999,9,99,9,99,9","999,M,+0134,1","81,1","SYN017333   10134 92466",
"07104099999","1990-10-28T06:00:00","4","48.2833333","-4.6333333","36.0","POINTE DE TOULINGUET, FR","FM-12","99999","V020","999,9,9,9999,9","99999,9,9,N","010000,1,N,9","+0132,1","+9999,9","99999,9","24,0193,9,1","99,0110,9,1","0,000",,,,"08,99,1,99,9,99,9,99999,9,99,9,99,9","999,N,+0132,1","61,1","SYN023333   20132 70193 92457",
"07104099999","1990-10-28T12:00:00","4","48.2833333","-4.6333333","36.0","POINTE DE TOULINGUET, FR","FM-12","99999","V020","999,9,9,9999,9","99999,9,9,N","020000,1,N,9","+0140,1","+9999,9","99999,9","06,0020,9,1",,"0,002","8,1,06,1","0,1,06,1",,"07,99,1,99,9,99,9,99999,9,99,9,99,9",,"00,1","SYN011333   92448",
"07104099999","1990-10-28T18:00:00","4","48.2833333","-4.6333333","36.0","POINTE DE TOULINGUET, FR","FM-12","99999","V020","999,9,9,9999,9","99999,9,9,N","020000,1,N,9","+0120,1","+9999,9","99999,9","99,0060,9,1",,"0,002","8,1,06,1","0,1,06,1",,"07,99,1,99,9,99,9,99999,9,99,9,99,9","999,M,+0144,1","00,1","SYN017333   10144 92448",
"07104099999","1990-10-29T12:00:00","4","48.2833333","-4.6333333","36.0","POINTE DE TOULINGUET, FR","FM-12","99999","V020","999,9,9,9999,9","99999,9,9,N","002000,1,N,9","+0118,1","+9999,9","99999,9","06,0120,9,1",,"0,001","6,1,06,1","6,1,06,1",,"08,99,1,99,9,99,9,99999,9,99,9,99,9",,"61,1","SYN011333   92445",
"07104099999","1990-10-29T18:00:00","4","48.2833333","-4.6333333","36.0","POINTE DE TOULINGUET, FR","FM-12","99999","V020","999,9,9,9999,9","99999,9,9,N","020000,1,N,9","+0120,1","+9999,9","99999,9","99,0170,9,1",,"0,002","8,1,06,1","0,1,06,1",,"06,99,1,99,9,99,9,99999,9,99,9,99,9","999,M,+0130,1","00,1","SYN017333   10130 92448",
"07104099999","1990-10-30T06:00:00","4","48.2833333","-4.6333333","36.0","POINTE DE TOULINGUET, FR","FM-12","99999","V020","999,9,9,9999,9","99999,9,9,N","020000,1,N,9","+0120,1","+9999,9","99999,9","24,0173,9,1","99,0003,9,1","0,000",,,,"05,99,1,99,9,99,9,99999,9,99,9,99,9","999,N,+0112,1","00,1","SYN023333   20112 70173 92448",
"07104099999","1990-10-30T12:00:00","4","48.2833333","-4.6333333","36.0","POINTE DE TOULINGUET, FR","FM-12","99999","V020","999,9,9,9999,9","99999,9,9,N","020000,1,N,9","+0134,1","+9999,9","99999,9","06,0000,9,1",,"4,000","0,1,06,1","0,1,06,1",,"06,99,1,99,9,99,9,99999,9,99,9,99,9",,"00,1","SYN011333   92448",
"07104099999","1990-10-30T18:00:00","4","48.2833333","-4.6333333","36.0","POINTE DE TOULINGUET, FR","FM-12","99999","V020","999,9,9,9999,9","99999,9,9,N","020000,1,N,9","+0128,1","+9999,9","99999,9","06,0000,9,1",,"4,000","0,1,06,1","0,1,06,1",,"07,99,1,99,9,99,9,99999,9,99,9,99,9","999,M,+0136,1","00,1","SYN017333   10136 92458",
"07104099999","1990-10-31T06:00:00","4","48.2833333","-4.6333333","36.0","POINTE DE TOULINGUET, FR","FM-12","99999","V020","999,9,9,9999,9","22000,1,C,N","020000,1,N,9","+0124,1","+9999,9","99999,9","24,0010,9,1",,"0,002","6,1,06,1",,,"01,99,1,99,9,99,9,99999,9,99,9,99,9","999,N,+0110,1","00,1","SYN023333   20110 70010 92448",
"07104099999","1990-10-31T12:00:00","4","48.2833333","-4.6333333","36.0","POINTE DE TOULINGUET, FR","FM-12","99999","V020","999,9,9,9999,9","22000,1,C,N","020000,1,N,9","+0138,1","+9999,9","99999,9","06,0005,9,1",,"0,002","8,1,06,1","0,1,06,1",,"04,99,1,99,9,99,9,99999,9,99,9,99,9",,"00,1","SYN011333   92448",
"07104099999","1990-10-31T18:00:00","4","48.2833333","-4.6333333","36.0","POINTE DE TOULINGUET, FR","FM-12","99999","V020","999,9,9,9999,9","22000,1,C,N","020000,1,N,9","+0128,1","+9999,9","99999,9","99,0010,9,1",,"0,002","8,1,06,1","0,1,06,1",,"04,99,1,99,9,99,9,99999,9,99,9,99,9","999,M,+0138,1","00,1","SYN017333   10138 92448",
"07104099999","1990-11-01T18:00:00","4","48.2833333","-4.6333333","36.0","POINTE DE TOULINGUET, FR","FM-12","99999","V020","999,9,9,9999,9","99999,9,9,N","020000,1,N,9","+0104,1","+9999,9","99999,9","99,0070,9,1",,"0,002","8,1,06,1","0,1,06,1",,"05,99,1,99,9,99,9,99999,9,99,9,99,9","999,M,+0120,1","00,1","SYN017333   10120 92448",
"07104099999","1990-11-02T06:00:00","4","48.2833333","-4.6333333","36.0","POINTE DE TOULINGUET, FR","FM-12","99999","V020","999,9,9,9999,9","99999,9,9,N","020000,1,N,9","+0110,1","+9999,9","99999,9","24,0076,9,1","99,0010,9,1","0,002","8,1,06,1",,,"05,99,1,99,9,99,9,99999,9,99,9,99,9","999,N,+0100,1","00,1","SYN023333   20100 70076 92448",
"07104099999","1990-11-02T12:00:00","4","48.2833333","-4.6333333","36.0","POINTE DE TOULINGUET, FR","FM-12","99999","V020","999,9,9,9999,9","99999,9,9,N","020000,1,N,9","+0110,1","+9999,9","99999,9","06,0000,9,1",,"4,000","0,1,06,1","0,1,06,1",,"05,99,1,99,9,99,9,99999,9,99,9,99,9",,"00,1","SYN011333   92448",
"07104099999","1990-11-02T18:00:00","4","48.2833333","-4.6333333","36.0","POINTE DE TOULINGUET, FR","FM-12","99999","V020","999,9,9,9999,9","99999,9,9,N","020000,1,N,9","+0102,1","+9999,9","99999,9","99,0010,9,1",,"0,002","8,1,06,1","0,1,06,1",,"05,99,1,99,9,99,9,99999,9,99,9,99,9","999,M,+0114,1","00,1","SYN017333   10114 92448",
"07104099999","1990-11-03T12:00:00","4","48.2833333","-4.6333333","36.0","POINTE DE TOULINGUET, FR","FM-12","99999","V020","999,9,9,9999,9","22000,1,C,N","020000,1,N,9","+0104,1","+9999,9","99999,9","06,0000,9,1",,"4,000","0,1,06,1","0,1,06,1",,"03,99,1,99,9,99,9,99999,9,99,9,99,9",,"00,1","SYN011333   92428",
"07104099999","1990-11-03T18:00:00","4","48.2833333","-4.6333333","36.0","POINTE DE TOULINGUET, FR","FM-12","99999","V020","999,9,9,9999,9","22000,1,C,N","020000,1,N,9","+0090,1","+9999,9","99999,9","06,0000,9,1",,"4,000","0,1,06,1","0,1,06,1",,"02,99,1,99,9,99,9,99999,9,99,9,99,9","999,M,+0104,1","00,1","SYN017333   10104 92428",
"07104099999","1990-11-04T06:00:00","4","48.2833333","-4.6333333","36.0","POINTE DE TOULINGUET, FR","FM-12","99999","V020","999,9,9,9999,9","22000,1,C,N","020000,1,N,9","+0100,1","+9999,9","99999,9","99,0020,9,1",,"0,000",,,,"00,99,1,00,1,00,1,99999,9,00,1,00,1","999,N,+0076,1","00,1","SYN017333   20076 92428",
"07104099999","1990-11-04T12:00:00","4","48.2833333","-4.6333333","36.0","POINTE DE TOULINGUET, FR","FM-12","99999","V020","999,9,9,9999,9","22000,1,C,N","020000,1,N,9","+0110,1","+9999,9","99999,9","06,0020,9,1",,"0,000","0,1,06,1","0,1,06,1",,"03,99,1,99,9,99,9,99999,9,99,9,99,9",,"00,1","SYN011333   92428",
"07104099999","1990-11-05T06:00:00","4","48.2833333","-4.6333333","36.0","POINTE DE TOULINGUET, FR","FM-12","99999","V020","999,9,9,9999,9","99999,9,9,N","020000,1,N,9","+0084,1","+9999,9","99999,9","24,0018,9,1",,"0,000",,,,"07,99,1,99,9,99,9,99999,9,99,9,99,9","999,N,+0080,1","00,1","SYN023333   20080 70018 92428",
"07104099999","1990-11-05T12:00:00","4","48.2833333","-4.6333333","36.0","POINTE DE TOULINGUET, FR","FM-12","99999","V020","999,9,9,9999,9","22000,1,C,N","020000,1,N,9","+0110,1","+9999,9","99999,9","06,0000,9,1",,"4,000","0,1,06,1","0,1,06,1",,"04,99,1,99,9,99,9,99999,9,99,9,99,9",,"00,1","SYN011333   92428",
"07104099999","1990-11-05T18:00:00","4","48.2833333","-4.6333333","36.0","POINTE DE TOULINGUET, FR","FM-12","99999","V020","999,9,9,9999,9","99999,9,9,N","020000,1,N,9","+0102,1","+9999,9","99999,9","06,0000,9,1",,"4,000","0,1,06,1","0,1,06,1",,"05,99,1,99,9,99,9,99999,9,99,9,99,9","999,M,+0116,1","00,1","SYN017333   10116 92428",
"07104099999","1990-11-06T06:00:00","4","48.2833333","-4.6333333","36.0","POINTE DE TOULINGUET, FR","FM-12","99999","V020","999,9,9,9999,9","22000,1,C,N","010000,1,N,9","+0064,1","+9999,9","99999,9","06,0000,9,1",,"4,000",,,,"00,99,1,00,1,00,1,99999,9,00,1,00,1","999,N,+0048,1","00,1","SYN017333   20048 92427",
"07104099999","1990-11-06T12:00:00","4","48.2833333","-4.6333333","36.0","POINTE DE TOULINGUET, FR","FM-12","99999","V020","999,9,9,9999,9","22000,1,C,N","010000,1,N,9","+0090,1","+9999,9","99999,9","06,0000,9,1",,"4,000","0,1,06,1","0,1,06,1",,"01,99,1,99,9,99,9,99999,9,99,9,99,9",,"00,1","SYN011333   92427",
"07104099999","1990-11-06T18:00:00","4","48.2833333","-4.6333333","36.0","POINTE DE TOULINGUET, FR","FM-12","99999","V020","999,9,9,9999,9","22000,1,C,N","010000,1,N,9","+0086,1","+9999,9","99999,9","06,0000,9,1",,"4,000","0,1,06,1","0,1,06,1",,"00,99,1,00,1,00,1,99999,9,00,1,00,1","999,M,+0102,1","00,1","SYN017333   10102 92427",
"07104099999","1990-11-07T06:00:00","4","48.2833333","-4.6333333","36.0","POINTE DE TOULINGUET, FR","FM-12","99999","V020","999,9,9,9999,9","22000,1,C,N","010000,1,N,9","+0036,1","+9999,9","99999,9","06,0000,9,1",,"4,000",,,,"00,99,1,00,1,00,1,99999,9,00,1,00,1","999,N,+0026,1","00,1","SYN017333   20026 92427",
"07104099999","1990-11-07T12:00:00","4","48.2833333","-4.6333333","36.0","POINTE DE TOULINGUET, FR","FM-12","99999","V020","999,9,9,9999,9","22000,1,C,N","010000,1,N,9","+0098,1","+9999,9","99999,9","06,0000,9,1",,"4,000","0,1,06,1","0,1,06,1",,"00,99,1,00,1,00,1,99999,9,00,1,00,1",,"00,1","SYN011333   92438",
"07104099999","1990-11-07T18:00:00","4","48.2833333","-4.6333333","36.0","POINTE DE TOULINGUET, FR","FM-12","99999","V020","999,9,9,9999,9","22000,1,C,N","020000,1,N,9","+0096,1","+9999,9","99999,9","06,0000,9,1",,"4,000","0,1,06,1","0,1,06,1",,"04,99,1,99,9,99,9,99999,9,99,9,99,9","999,M,+0116,1","00,1","SYN017333   10116 92438",
"07104099999","1990-11-08T06:00:00","4","48.2833333","-4.6333333","36.0","POINTE DE TOULINGUET, FR","FM-12","99999","V020","999,9,9,9999,9","99999,9,9,N","010000,1,N,9","+0074,1","+9999,9","99999,9","06,0000,9,1",,"4,000",,,,"05,99,1,99,9,99,9,99999,9,99,9,99,9","999,N,+0058,1","00,1","SYN017333   20058 92437",
"07104099999","1990-11-08T12:00:00","4","48.2833333","-4.6333333","36.0","POINTE DE TOULINGUET, FR","FM-12","99999","V020","999,9,9,9999,9","99999,9,9,N","010000,1,N,9","+0100,1","+9999,9","99999,9","06,0003,9,1",,"0,002","8,1,06,1","0,1,06,1",,"08,99,1,99,9,99,9,99999,9,99,9,99,9",,"00,1","SYN011333   92437",
"07104099999","1990-11-08T18:00:00","4","48.2833333","-4.6333333","36.0","POINTE DE TOULINGUET, FR","FM-12","99999","V020","999,9,9,9999,9","99999,9,9,N","001000,1,N,9","+0086,1","+9999,9","99999,9","99,0030,9,1",,"0,001","6,1,06,1","0,1,06,1",,"08,99,1,99,9,99,9,99999,9,99,9,99,9","999,M,+0100,1","63,1","SYN017333   10100 92434",
"07104099999","1990-11-09T06:00:00","4","48.2833333","-4.6333333","36.0","POINTE DE TOULINGUET, FR","FM-12","99999","V020","999,9,9,9999,9","99999,9,9,N","004000,1,N,9","+0104,1","+9999,9","99999,9","24,0048,9,1","99,0020,9,1","0,002","6,1,06,1",,,"07,99,1,99,9,99,9,99999,9,99,9,99,9","999,N,+0080,1","00,1","SYN023333   20080 70048 92426",
"07104099999","1990-11-09T12:00:00","4","48.2833333","-4.6333333","36.0","POINTE DE TOULINGUET, FR","FM-12","99999","V020","999,9,9,9999,9","99999,9,9,N","002000,1,N,9","+0130,1","+9999,9","99999,9","06,0000,9,1",,"4,000","0,1,06,1","0,1,06,1",,"08,99,1,99,9,99,9,99999,9,99,9,99,9",,"00,1","SYN011333   92425",
"07104099999","1990-11-09T18:00:00","4","48.2833333","-4.6333333","36.0","POINTE DE TOULINGUET, FR","FM-12","99999","V020","999,9,9,9999,9","99999,9,9,N","020000,1,N,9","+0130,1","+9999,9","99999,9","06,0000,9,1",,"4,000","0,1,06,1","0,1,06,1",,"06,99,1,99,9,99,9,99999,9,99,9,99,9","999,M,+0136,1","00,1","SYN017333   10136 92428",
"07104099999","1990-11-10T06:00:00","4","48.2833333","-4.6333333","36.0","POINTE DE TOULINGUET, FR","FM-12","99999","V020","999,9,9,9999,9","99999,9,9,N","010000,1,N,9","+0130,1","+9999,9","99999,9","24,0014,9,1","99,0010,9,1","0,000",,,,"07,99,1,99,9,99,9,99999,9,99,9,99,9","999,N,+0122,1","00,1","SYN023333   20122 70014 92437",
"07104099999","1990-11-10T12:00:00","4","48.2833333","-4.6333333","36.0","POINTE DE TOULINGUET, FR","FM-12","99999","V020","999,9,9,9999,9","22000,1,C,N","010000,1,N,9","+0140,1","+9999,9","99999,9","06,0010,9,1",,"0,002","6,1,06,1","0,1,06,1",,"04,99,1,99,9,99,9,99999,9,99,9,99,9",,"00,1","SYN011333   92437",
"07104099999","1990-11-10T18:00:00","4","48.2833333","-4.6333333","36.0","POINTE DE TOULINGUET, FR","FM-12","99999","V020","999,9,9,9999,9","22000,1,C,N","010000,1,N,9","+0132,1","+9999,9","99999,9","99,0010,9,1",,"0,000","0,1,06,1","0,1,06,1",,"03,99,1,99,9,99,9,99999,9,99,9,99,9","999,M,+0146,1","00,1","SYN017333   10146 92437",
"07104099999","1990-11-11T12:00:00","4","48.2833333","-4.6333333","36.0","POINTE DE TOULINGUET, FR","FM-12","99999","V020","999,9,9,9999,9","99999,9,9,N","010000,1,N,9","+0136,1","+9999,9","99999,9","06,0000,9,1",,"4,000",,,,"08,99,1,99,9,99,9,99999,9,99,9,99,9",,"00,1","SYN011333   92437",
"07104099999","1990-11-11T18:00:00","4","48.2833333","-4.6333333","36.0","POINTE DE TOULINGUET, FR","FM-12","99999","V020","999,9,9,9999,9","99999,9,9,N","004000,1,N,9","+0128,1","+9999,9","99999,9","99,0010,9,1",,"0,001","6,1,06,1","0,1,06,1",,"08,99,1,99,9,99,9,99999,9,99,9,99,9","999,M,+0138,1","61,1","SYN017333   10138 92446",
"07104099999","1990-11-12T06:00:00","4","48.2833333","-4.6333333","36.0","POINTE DE TOULINGUET, FR","FM-12","99999","V020","999,9,9,9999,9","99999,9,9,N","002000,1,N,9","+0134,1","+9999,9","99999,9","24,0120,9,1","99,0110,9,1","0,002","6,1,06,1",,,"08,99,1,99,9,99,9,99999,9,99,9,99,9","999,N,+0124,1","00,1","SYN023333   20124 70120 92435",
"07104099999","1990-11-12T12:00:00","4","48.2833333","-4.6333333","36.0","POINTE DE TOULINGUET, FR","FM-12","99999","V020","999,9,9,9999,9","99999,9,9,N","002000,1,N,9","+0140,1","+9999,9","99999,9","06,0000,9,1",,"4,000","4,1,06,1","0,1,06,1",,"08,99,1,99,9,99,9,99999,9,99,9,99,9",,"00,1","SYN011333   92435",
"07104099999","1990-11-12T18:00:00","4","48.2833333","-4.6333333","36.0","POINTE DE TOULINGUET, FR","FM-12","99999","V020","999,9,9,9999,9","99999,9,9,N","010000,1,N,9","+0132,1","+9999,9","99999,9","06,0000,9,1",,"4,000","4,1,06,1","0,1,06,1",,"08,99,1,99,9,99,9,99999,9,99,9,99,9","999,M,+0144,1","00,1","SYN017333   10144 92437",
"07104099999","1990-11-13T06:00:00","4","48.2833333","-4.6333333","36.0","POINTE DE TOULINGUET, FR","FM-12","99999","V020","999,9,9,9999,9","99999,9,9,N","010000,1,N,9","+0134,1","+9999,9","99999,9","24,0028,9,1",,"0,000",,,,"07,99,1,99,9,99,9,99999,9,99,9,99,9","999,N,+0126,1","61,1","SYN023333   20126 70028 92437",
"07104099999","1990-11-13T18:00:00","4","48.2833333","-4.6333333","36.0","POINTE DE TOULINGUET, FR","FM-12","99999","V020","999,9,9,9999,9","99999,9,9,N","010000,1,N,9","+0136,1","+9999,9","99999,9","06,0000,9,1",,"4,000",,,,"08,99,1,99,9,99,9,99999,9,99,9,99,9","999,M,+0146,1","00,1","SYN017333   10146 92447",
"07104099999","1990-11-14T06:00:00","4","48.2833333","-4.6333333","36.0","POINTE DE TOULINGUET, FR","FM-12","99999","V020","999,9,9,9999,9","99999,9,9,N","020000,1,N,9","+0130,1","+9999,9","99999,9","24,0042,9,1",,"0,002","6,1,06,1",,,"08,99,1,99,9,99,9,99999,9,99,9,99,9","999,N,+0116,1","00,1","SYN023333   20116 70042 92448",
"07104099999","1990-11-15T12:00:00","4","48.2833333","-4.6333333","36.0","POINTE DE TOULINGUET, FR","FM-12","99999","V020","999,9,9,9999,9","99999,9,9,N","020000,1,N,9","+0130,1","+9999,9","99999,9","06,0000,9,1",,"4,000","0,1,06,1","0,1,06,1",,"08,99,1,99,9,99,9,99999,9,99,9,99,9",,"00,1","SYN011333   92438",
"07104099999","1990-11-15T18:00:00","4","48.2833333","-4.6333333","36.0","POINTE DE TOULINGUET, FR","FM-12","99999","V020","999,9,9,9999,9","99999,9,9,N","000200,1,N,9","+0130,1","+9999,9","99999,9","99,0003,9,1",,"0,000","5,1,06,1","4,1,06,1",,"08,99,1,99,9,99,9,99999,9,99,9,99,9","999,M,+0134,1","45,1","SYN017333   10134 92432",
"07104099999","1990-11-16T06:00:00","4","48.2833333","-4.6333333","36.0","POINTE DE TOULINGUET, FR","FM-12","99999","V020","999,9,9,9999,9","99999,9,9,N","000200,1,N,9","+0128,1","+9999,9","99999,9","24,0018,9,1",,"0,000",,,,"08,99,1,99,9,99,9,99999,9,99,9,99,9","999,N,+0124,1","45,1","SYN023333   20124 70018 92432",
"07104099999","1990-11-16T12:00:00","4","48.2833333","-4.6333333","36.0","POINTE DE TOULINGUET, FR","FM-12","99999","V020","999,9,9,9999,9","99999,9,9,N","002000,1,N,9","+0130,1","+9999,9","99999,9","06,0003,9,1",,"0,001","6,1,06,1","6,1,06,1",,"08,99,1,99,9,99,9,99999,9,99,9,99,9",,"61,1","SYN011333   92435",
"07104099999","1990-11-16T18:00:00","4","48.2833333","-4.6333333","36.0","POINTE DE TOULINGUET, FR","FM-12","99999","V020","999,9,9,9999,9","22000,1,C,N","020000,1,N,9","+0134,1","+9999,9","99999,9","99,0003,9,1",,"0,002","6,1,06,1","0,1,06,1",,"04,99,1,99,9,99,9,99999,9,99,9,99,9","999,M,+0136,1","00,1","SYN017333   10136 92438",
"07104099999","1990-11-17T06:00:00","4","48.2833333","-4.6333333","36.0","POINTE DE TOULINGUET, FR","FM-12","99999","V020","999,9,9,9999,9","99999,9,9,N","020000,1,N,9","+0134,1","+9999,9","99999,9","06,0000,9,1","24,0003,9,1","4,000",,,,"08,99,1,99,9,99,9,99999,9,99,9,99,9","999,N,+0128,1","00,1","SYN023333   20128 70003 92438",
"07104099999","1990-11-17T12:00:00","4","48.2833333","-4.6333333","36.0","POINTE DE TOULINGUET, FR","FM-12","99999","V020","999,9,9,9999,9","99999,9,9,N","020000,1,N,9","+0140,1","+9999,9","99999,9","06,0000,9,1",,"4,000","0,1,06,1","0,1,06,1",,"07,99,1,99,9,99,9,99999,9,99,9,99,9",,"00,1","SYN011333   92448",
"07104099999","1990-11-17T18:00:00","4","48.2833333","-4.6333333","36.0","POINTE DE TOULINGUET, FR","FM-12","99999","V020","999,9,9,9999,9","99999,9,9,N","004000,1,N,9","+0134,1","+9999,9","99999,9","99,0003,9,1",,"0,000","5,1,06,1","0,1,06,1",,"08,99,1,99,9,99,9,99999,9,99,9,99,9","999,M,+0140,1","00,1","SYN017333   10140 92456",
"07104099999","1990-11-18T06:00:00","4","48.2833333","-4.6333333","36.0","POINTE DE TOULINGUET, FR","FM-12","99999","V020","999,9,9,9999,9","99999,9,9,N","020000,1,N,9","+0128,1","+9999,9","99999,9","24,0006,9,1","99,0003,9,1","0,002","6,1,06,1",,,"08,99,1,99,9,99,9,99999,9,99,9,99,9","999,N,+0114,1","00,1","SYN023333   20114 70006 92448",
"07104099999","1990-11-18T12:00:00","4","48.2833333","-4.6333333","36.0","POINTE DE TOULINGUET, FR","FM-12","99999","V020","999,9,9,9999,9","99999,9,9,N","020000,1,N,9","+0128,1","+9999,9","99999,9","06,0003,9,1",,"0,000","5,1,06,1","0,1,06,1",,"08,99,1,99,9,99,9,99999,9,99,9,99,9",,"00,1","SYN011333   92438",
"07104099999","1990-11-18T18:00:00","4","48.2833333","-4.6333333","36.0","POINTE DE TOULINGUET, FR","FM-12","99999","V020","999,9,9,9999,9","99999,9,9,N","020000,1,N,9","+0113,1","+9999,9","99999,9","99,0005,9,1",,"0,000","5,1,06,1","0,1,06,1",,"08,99,1,99,9,99,9,99999,9,99,9,99,9","999,M,+0130,1","00,1","SYN017333   10130 92438",
"07104099999","1990-11-19T06:00:00","4","48.2833333","-4.6333333","36.0","POINTE DE TOULINGUET, FR","FM-12","99999","V020","999,9,9,9999,9","99999,9,9,N","020000,1,N,9","+0110,1","+9999,9","99999,9","24,0020,9,1","99,0010,9,1","0,000",,,,"08,99,1,99,9,99,9,99999,9,99,9,99,9","999,N,+0106,1","61,1","SYN023333   20106 70020 92438",
"07104099999","1990-11-19T12:00:00","4","48.2833333","-4.6333333","36.0","POINTE DE TOULINGUET, FR","FM-12","99999","V020","999,9,9,9999,9","99999,9,9,N","004000,1,N,9","+0118,1","+9999,9","99999,9","06,0020,9,1",,"0,001","8,1,06,1","6,1,06,1",,"08,99,1,99,9,99,9,99999,9,99,9,99,9",,"81,1","SYN011333   92436",
"07104099999","1990-11-19T18:00:00","4","48.2833333","-4.6333333","36.0","POINTE DE TOULINGUET, FR","FM-12","99999","V020","999,9,9,9999,9","99999,9,9,N","004000,1,N,9","+0112,1","+9999,9","99999,9","99,0040,9,1",,"0,002","8,1,06,1","6,1,06,1",,"08,99,1,99,9,99,9,99999,9,99,9,99,9","999,M,+0130,1","00,1","SYN017333   10130 92436",
"07104099999","1990-11-20T18:00:00","4","48.2833333","-4.6333333","36.0","POINTE DE TOULINGUET, FR","FM-12","99999","V020","999,9,9,9999,9","99999,9,9,N","020000,1,N,9","+0094,1","+9999,9","99999,9","99,0010,9,1",,"0,000","8,1,06,1",,,"05,99,1,99,9,99,9,99999,9,99,9,99,9","999,M,+0116,1","18,1","SYN017333   10116 92438",
"07104099999","1990-11-21T12:00:00","4","48.2833333","-4.6333333","36.0","POINTE DE TOULINGUET, FR","FM-12","99999","V020","999,9,9,9999,9","99999,9,9,N","020000,1,N,9","+0076,1","+9999,9","99999,9","06,0005,9,1",,"0,005","9,1,06,1","8,1,06,1",,"06,99,1,99,9,99,9,99999,9,99,9,99,9",,"00,1","SYN011333   92438",
"07104099999","1990-11-21T18:00:00","4","48.2833333","-4.6333333","36.0","POINTE DE TOULINGUET, FR","FM-12","99999","V020","999,9,9,9999,9","99999,9,9,N","020000,1,N,9","+0088,1","+9999,9","99999,9","99,0005,9,1",,"0,000","0,1,06,1","0,1,06,1",,"06,99,1,99,9,99,9,99999,9,99,9,99,9","999,M,+0104,1","00,1","SYN017333   10104 92438",
"07104099999","1990-11-22T12:00:00","4","48.2833333","-4.6333333","36.0","POINTE DE TOULINGUET, FR","FM-12","99999","V020","999,9,9,9999,9","22000,1,C,N","010000,1,N,9","+0088,1","+9999,9","99999,9","06,0003,9,1",,"0,002","8,1,06,1","0,1,06,1",,"03,99,1,99,9,99,9,99999,9,99,9,99,9",,"00,1","SYN011333   92427",
"07104099999","1990-11-22T18:00:00","4","48.2833333","-4.6333333","36.0","POINTE DE TOULINGUET, FR","FM-12","99999","V020","999,9,9,9999,9","22000,1,C,N","020000,1,N,9","+0080,1","+9999,9","99999,9","99,0003,9,1",,"0,000","0,1,06,1","0,1,06,1",,"03,99,1,99,9,99,9,99999,9,99,9,99,9","999,M,+0094,1","00,1","SYN017333   10094 92428",
"07104099999","1990-11-23T06:00:00","4","48.2833333","-4.6333333","36.0","POINTE DE TOULINGUET, FR","FM-12","99999","V020","999,9,9,9999,9","22000,1,C,N","020000,1,N,9","+0090,1","+9999,9","99999,9","06,0000,9,1","24,0002,9,1","4,000",,,,"03,99,1,99,9,99,9,99999,9,99,9,99,9","999,N,+0076,1","00,1","SYN023333   20076 70002 92428",
"07104099999","1990-11-23T12:00:00","4","48.2833333","-4.6333333","36.0","POINTE DE TOULINGUET, FR","FM-12","99999","V020","999,9,9,9999,9","99999,9,9,N","010000,1,N,9","+0098,1","+9999,9","99999,9","06,0001,9,1",,"0,001","6,1,06,1","0,1,06,1",,"08,99,1,99,9,99,9,99999,9,99,9,99,9",,"61,1","SYN011333   92447",
"07104099999","1990-11-24T12:00:00","4","48.2833333","-4.6333333","36.0","POINTE DE TOULINGUET, FR","FM-12","99999","V020","999,9,9,9999,9","99999,9,9,N","020000,1,N,9","+0078,1","+9999,9","99999,9","06,0020,9,1",,"0,002","8,1,06,1","0,1,06,1",,"07,99,1,99,9,99,9,99999,9,99,9,99,9",,"00,1","SYN011333   92458",
"07104099999","1990-11-24T18:00:00","4","48.2833333","-4.6333333","36.0","POINTE DE TOULINGUET, FR","FM-12","99999","V020","999,9,9,9999,9","99999,9,9,N","020000,1,N,9","+0072,1","+9999,9","99999,9","99,0020,9,1",,"0,002","8,1,06,1","0,1,06,1",,"06,99,1,99,9,99,9,99999,9,99,9,99,9","999,M,+0096,1","00,1","SYN017333   10096 92448",
"07104099999","1990-11-25T06:00:00","4","48.2833333","-4.6333333","36.0","POINTE DE TOULINGUET, FR","FM-12","99999","V020","999,9,9,9999,9","99999,9,9,N","020000,1,N,9","+0078,1","+9999,9","99999,9","24,0037,9,1","99,0010,9,1","0,000",,,,"07,99,1,99,9,99,9,99999,9,99,9,99,9","999,N,+0074,1","00,1","SYN023333   20074 70037 92438",
"07104099999","1990-11-25T12:00:00","4","48.2833333","-4.6333333","36.0","POINTE DE TOULINGUET, FR","FM-12","99999","V020","999,9,9,9999,9","22000,1,C,N","020000,1,N,9","+0068,1","+9999,9","99999,9","06,0040,9,1",,"0,002","8,1,06,1","0,1,06,1",,"04,99,1,99,9,99,9,99999,9,99,9,99,9",,"00,1","SYN011333   92438",
"07104099999","1990-11-25T18:00:00","4","48.2833333","-4.6333333","36.0","POINTE DE TOULINGUET, FR","FM-12","99999","V020","999,9,9,9999,9","99999,9,9,N","020000,1,N,9","+0074,1","+9999,9","99999,9","99,0040,9,1",,"0,002","8,1,06,1","0,1,06,1",,"06,99,1,99,9,99,9,99999,9,99,9,99,9","999,M,+0080,1","00,1","SYN017333   10080 92428",
"07104099999","1990-11-26T06:00:00","4","48.2833333","-4.6333333","36.0","POINTE DE TOULINGUET, FR","FM-12","99999","V020","999,9,9,9999,9","22000,1,C,N","020000,1,N,9","+0064,1","+9999,9","99999,9","06,0000,9,1","24,0041,9,1","4,000",,,,"03,99,1,99,9,99,9,99999,9,99,9,99,9","999,N,+0062,1","00,1","SYN023333   20062 70041 92428",
"07104099999","1990-11-26T12:00:00","4","48.2833333","-4.6333333","36.0","POINTE DE TOULINGUET, FR","FM-12","99999","V020","999,9,9,9999,9","99999,9,9,N","010000,1,N,9","+0078,1","+9999,9","99999,9","06,0003,9,1",,"0,001","6,1,06,1","0,1,06,1",,"08,99,1,99,9,99,9,99999,9,99,9,99,9",,"61,1","SYN011333   92437",
"07104099999","1990-11-26T18:00:00","4","48.2833333","-4.6333333","36.0","POINTE DE TOULINGUET, FR","FM-12","99999","V020","999,9,9,9999,9","99999,9,9,N","020000,1,N,9","+0094,1","+9999,9","99999,9","99,0005,9,1",,"0,002","6,1,06,1","0,1,06,1",,"08,99,1,99,9,99,9,99999,9,99,9,99,9","999,M,+0094,1","00,1","SYN017333   10094 92438",
"07104099999","1990-11-27T06:00:00","4","48.2833333","-4.6333333","36.0","POINTE DE TOULINGUET, FR","FM-12","99999","V020","999,9,9,9999,9","99999,9,9,N","010000,1,N,9","+0078,1","+9999,9","99999,9","24,0006,9,1","99,0001,9,1","0,000",,,,"08,99,1,99,9,99,9,99999,9,99,9,99,9","999,N,+0072,1","00,1","SYN023333   20072 70006 92438",
"07104099999","1990-11-28T06:00:00","4","48.2833333","-4.6333333","36.0","POINTE DE TOULINGUET, FR","FM-12","99999","V020","999,9,9,9999,9","99999,9,9,N","020000,1,N,9","+0082,1","+9999,9","99999,9","06,0000,9,1","24,0002,9,1","4,000",,,,"06,99,1,99,9,99,9,99999,9,99,9,99,9","999,N,+0076,1","00,1","SYN023333   20076 70002 92428",
"07104099999","1990-11-28T12:00:00","4","48.2833333","-4.6333333","36.0","POINTE DE TOULINGUET, FR","FM-12","99999","V020","999,9,9,9999,9","99999,9,9,N","020000,1,N,9","+0088,1","+9999,9","99999,9","06,0003,9,1",,"0,002","8,1,06,1","0,1,06,1",,"05,99,1,99,9,99,9,99999,9,99,9,99,9",,"00,1","SYN011333   92428",
"07104099999","1990-11-28T18:00:00","4","48.2833333","-4.6333333","36.0","POINTE DE TOULINGUET, FR","FM-12","99999","V020","999,9,9,9999,9","99999,9,9,N","020000,1,N,9","+0086,1","+9999,9","99999,9","99,0003,9,1",,"0,000",,,,"06,99,1,99,9,99,9,99999,9,99,9,99,9","999,M,+0098,1","00,1","SYN017333   10098 92428",
"07104099999","1990-11-29T06:00:00","4","48.2833333","-4.6333333","36.0","POINTE DE TOULINGUET, FR","FM-12","99999","V020","999,9,9,9999,9","99999,9,9,N","020000,1,N,9","+0054,1","+9999,9","99999,9","06,0000,9,1","24,0002,9,1","4,000",,,,"08,99,1,99,9,99,9,99999,9,99,9,99,9","999,N,+0052,1","00,1","SYN023333   20052 70002 92428",
"07104099999","1990-11-29T12:00:00","4","48.2833333","-4.6333333","36.0","POINTE DE TOULINGUET, FR","FM-12","99999","V020","999,9,9,9999,9","99999,9,9,N","020000,1,N,9","+0066,1","+9999,9","99999,9","06,0000,9,1",,"4,000","0,1,06,1","0,1,06,1",,"07,99,1,99,9,99,9,99999,9,99,9,99,9",,"00,1","SYN011333   92428",
"07104099999","1990-11-29T18:00:00","4","48.2833333","-4.6333333","36.0","POINTE DE TOULINGUET, FR","FM-12","99999","V020","999,9,9,9999,9","99999,9,9,N","010000,1,N,9","+0078,1","+9999,9","99999,9","06,0000,9,1",,"4,000","0,1,06,1","0,1,06,1",,"07,99,1,99,9,99,9,99999,9,99,9,99,9","999,M,+0088,1","00,1","SYN017333   10088 92427",
"07104099999","1990-11-30T12:00:00","4","48.2833333","-4.6333333","36.0","POINTE DE TOULINGUET, FR","FM-12","99999","V020","999,9,9,9999,9","99999,9,9,N","010000,1,N,9","+0090,1","+9999,9","99999,9","06,0001,9,1",,"0,000","5,1,06,1","0,1,06,1",,"06,99,1,99,9,99,9,99999,9,99,9,99,9",,"00,1","SYN011333   92427",
"07104099999","1990-12-01T06:00:00","4","48.2833333","-4.6333333","36.0","POINTE DE TOULINGUET, FR","FM-12","99999","V020","999,9,9,9999,9","99999,9,9,N","020000,1,N,9","+0090,1","+9999,9","99999,9","06,0000,9,1","24,0021,9,1","4,000",,,,"07,99,1,99,9,99,9,99999,9,99,9,99,9","999,N,+0070,1","00,1","SYN023333   20070 70021 92428",
"07104099999","1990-12-02T06:00:00","4","48.2833333","-4.6333333","36.0","POINTE DE TOULINGUET, FR","FM-12","99999","V020","999,9,9,9999,9","22000,1,C,N","020000,1,N,9","+0030,1","+9999,9","99999,9","06,0000,9,1",,"4,000",,,,"00,99,1,00,1,00,1,99999,9,00,1,00,1","999,N,+0024,1","00,1","SYN017333   20024 92428",
"07104099999","1990-12-02T12:00:00","4","48.2833333","-4.6333333","36.0","POINTE DE TOULINGUET, FR","FM-12","99999","V020","999,9,9,9999,9","22000,1,C,N","010000,1,N,9","+0064,1","+9999,9","99999,9","06,0000,9,1",,"4,000",,,,"02,99,1,99,9,99,9,99999,9,99,9,99,9",,"00,1","SYN011333   92427",
"07104099999","1990-12-02T18:00:00","4","48.2833333","-4.6333333","36.0","POINTE DE TOULINGUET, FR","FM-12","99999","V020","999,9,9,9999,9","22000,1,C,N","020000,1,N,9","+0072,1","+9999,9","99999,9","06,0000,9,1",,"4,000",,,,"01,99,1,99,9,99,9,99999,9,99,9,99,9","999,M,+0078,1","00,1","SYN017333   10078 92428",
"07104099999","1990-12-03T06:00:00","4","48.2833333","-4.6333333","36.0","POINTE DE TOULINGUET, FR","FM-12","99999","V020","999,9,9,9999,9","99999,9,9,N","010000,1,N,9","+0070,1","+9999,9","99999,9","06,0000,9,1",,"4,000",,,,"07,99,1,99,9,99,9,99999,9,99,9,99,9","999,N,+0036,1","00,1","SYN017333   20036 92427",
"07104099999","1990-12-03T12:00:00","4","48.2833333","-4.6333333","36.0","POINTE DE TOULINGUET, FR","FM-12","99999","V020","999,9,9,9999,9","99999,9,9,N","010000,1,N,9","+0084,1","+9999,9","99999,9","06,0000,9,1",,"4,000","0,1,06,1","0,1,06,1",,"08,99,1,99,9,99,9,99999,9,99,9,99,9",,"00,1","SYN011333   92427",
"07104099999","1990-12-03T18:00:00","4","48.2833333","-4.6333333","36.0","POINTE DE TOULINGUET, FR","FM-12","99999","V020","999,9,9,9999,9","99999,9,9,N","010000,1,N,9","+0078,1","+9999,9","99999,9","06,0000,9,1",,"4,000","0,1,06,1","0,1,06,1",,"08,99,1,99,9,99,9,99999,9,99,9,99,9","999,M,+0088,1","00,1","SYN017333   10088 92427",
"07104099999","1990-12-04T06:00:00","4","48.2833333","-4.6333333","36.0","POINTE DE TOULINGUET, FR","FM-12","99999","V020","999,9,9,9999,9","99999,9,9,N","010000,1,N,9","+0088,1","+9999,9","99999,9","06,0000,9,1",,"4,000",,,,"06,99,1,99,9,99,9,99999,9,99,9,99,9","999,N,+0076,1","00,1","SYN017333   20076 92417",
"07104099999","1990-12-05T06:00:00","4","48.2833333","-4.6333333","36.0","POINTE DE TOULINGUET, FR","FM-12","99999","V020","999,9,9,9999,9","99999,9,9,N","010000,1,N,9","+0086,1","+9999,9","99999,9","06,0000,9,1",,"4,000",,,,"07,99,1,99,9,99,9,99999,9,99,9,99,9","999,N,+0078,1","00,1","SYN017333   20078 92427",
"07104099999","1990-12-05T12:00:00","4","48.2833333","-4.6333333","36.0","POINTE DE TOULINGUET, FR","FM-12","99999","V020","999,9,9,9999,9","22000,1,C,N","020000,1,N,9","+0090,1","+9999,9","99999,9","06,0000,9,1",,"4,000","0,1,06,1","0,1,06,1",,"03,99,1,99,9,99,9,99999,9,99,9,99,9",,"00,1","SYN011333   92428",
"07104099999","1990-12-05T18:00:00","4","48.2833333","-4.6333333","36.0","POINTE DE TOULINGUET, FR","FM-12","99999","V020","999,9,9,9999,9","99999,9,9,N","020000,1,N,9","+0086,1","+9999,9","99999,9","06,0000,9,1",,"4,000",,,,"06,99,1,99,9,99,9,99999,9,99,9,99,9","999,M,+0094,1","00,1","SYN017333   10094 92428",
"07104099999","1990-12-06T06:00:00","4","48.2833333","-4.6333333","36.0","POINTE DE TOULINGUET, FR","FM-12","99999","V020","999,9,9,9999,9","22000,1,C,N","020000,1,N,9","+0036,1","+9999,9","99999,9","06,0000,9,1",,"4,000","0,1,06,1","0,1,06,1",,"00,99,1,00,1,00,1,99999,9,00,1,00,1","999,N,+0032,1","00,1","SYN017333   20032 92428",
"07104099999","1990-12-06T12:00:00","4","48.2833333","-4.6333333","36.0","POINTE DE TOULINGUET, FR","FM-12","99999","V020","999,9,9,9999,9","22000,1,C,N","010000,1,N,9","+0054,1","+9999,9","99999,9","06,0000,9,1",,"4,000","0,1,06,1","0,1,06,1",,"02,99,1,99,9,99,9,99999,9,99,9,99,9",,"00,1","SYN011333   92427",
"07104099999","1990-12-06T18:00:00","4","48.2833333","-4.6333333","36.0","POINTE DE TOULINGUET, FR","FM-12","99999","V020","999,9,9,9999,9","22000,1,C,N","020000,1,N,9","+0054,1","+9999,9","99999,9","06,0000,9,1",,"4,000",,,,"01,99,1,99,9,99,9,99999,9,99,9,99,9","999,M,+0064,1","00,1","SYN017333   10064 92428",
"07104099999","1990-12-07T06:00:00","4","48.2833333","-4.6333333","36.0","POINTE DE TOULINGUET, FR","FM-12","99999","V020","999,9,9,9999,9","22000,1,C,N","010000,1,N,9","+0024,1","+9999,9","99999,9","06,0000,9,1",,"4,000",,,,"00,99,1,00,1,00,1,99999,9,00,1,00,1","999,N,+0020,1","00,1","SYN017333   20020 92427",
"07104099999","1990-12-07T12:00:00","4","48.2833333","-4.6333333","36.0","POINTE DE TOULINGUET, FR","FM-12","99999","V020","999,9,9,9999,9","99999,9,9,N","020000,1,N,9","+0088,1","+9999,9","99999,9","06,0000,9,1",,"0,000","0,1,06,1","0,1,06,1",,"07,99,1,99,9,99,9,99999,9,99,9,99,9",,"00,1","SYN011333   92428",
"07104099999","1990-12-08T12:00:00","4","48.2833333","-4.6333333","36.0","POINTE DE TOULINGUET, FR","FM-12","99999","V020","999,9,9,9999,9","99999,9,9,N","020000,1,N,9","+0038,1","+9999,9","99999,9","06,0010,9,1",,"0,002","8,1,06,1","0,1,06,1",,"07,99,1,99,9,99,9,99999,9,99,9,99,9",,"00,1","SYN011333   92438",
"07104099999","1990-12-08T18:00:00","4","48.2833333","-4.6333333","36.0","POINTE DE TOULINGUET, FR","FM-12","99999","V020","999,9,9,9999,9","99999,9,9,N","020000,1,N,9","+0046,1","+9999,9","99999,9","99,0010,9,1",,"0,002","8,1,06,1","0,1,06,1",,"06,99,1,99,9,99,9,99999,9,99,9,99,9","999,M,+0062,1","00,1","SYN017333   10062 92448",
"07104099999","1990-12-10T12:00:00","4","48.2833333","-4.6333333","36.0","POINTE DE TOULINGUET, FR","FM-12","99999","V020","999,9,9,9999,9","99999,9,9,N","010000,1,N,9","+0074,1","+9999,9","99999,9","99,0005,9,1",,"0,002","6,1,06,1","0,1,06,1",,"08,99,1,99,9,99,9,99999,9,99,9,99,9",,"00,1","SYN011333   92447",
"07104099999","1990-12-10T18:00:00","4","48.2833333","-4.6333333","36.0","POINTE DE TOULINGUET, FR","FM-12","99999","V020","999,9,9,9999,9","99999,9,9,N","010000,1,N,9","+0088,1","+9999,9","99999,9","99,0005,9,1",,"0,000","0,1,06,1","0,1,06,1",,"08,99,1,99,9,99,9,99999,9,99,9,99,9","999,M,+0088,1","00,1","SYN017333   10088 92447",
"07104099999","1990-12-11T18:00:00","4","48.2833333","-4.6333333","36.0","POINTE DE TOULINGUET, FR","FM-12","99999","V020","999,9,9,9999,9","99999,9,9,N","020000,1,N,9","+0086,1","+9999,9","99999,9","06,0000,9,1",,"4,000","0,1,06,1","0,1,06,1",,"07,99,1,99,9,99,9,99999,9,99,9,99,9","999,M,+0094,1","00,1","SYN017333   10094 92448",
"07104099999","1990-12-12T06:00:00","4","48.2833333","-4.6333333","36.0","POINTE DE TOULINGUET, FR","FM-12","99999","V020","999,9,9,9999,9","99999,9,9,N","020000,1,N,9","+0110,1","+9999,9","99999,9","24,0003,9,1",,"0,002","6,1,06,1",,,"08,99,1,99,9,99,9,99999,9,99,9,99,9","999,N,+0086,1","00,1","SYN023333   20086 70003 92448",
"07104099999","1990-12-12T18:00:00","4","48.2833333","-4.6333333","36.0","POINTE DE TOULINGUET, FR","FM-12","99999","V020","999,9,9,9999,9","99999,9,9,N","020000,1,N,9","+0100,1","+9999,9","99999,9","06,0000,9,1",,"4,000",,,,"05,99,1,99,9,99,9,99999,9,99,9,99,9","999,M,+0110,1","00,1","SYN017333   10110 92448",
"07104099999","1990-12-13T06:00:00","4","48.2833333","-4.6333333","36.0","POINTE DE TOULINGUET, FR","FM-12","99999","V020","999,9,9,9999,9","99999,9,9,N","020000,1,N,9","+0074,1","+9999,9","99999,9","06,0000,9,1",,"4,000",,,,"08,99,1,99,9,99,9,99999,9,99,9,99,9","999,N,+0068,1","00,1","SYN017333   20068 92438",
"07104099999","1990-12-13T12:00:00","4","48.2833333","-4.6333333","36.0","POINTE DE TOULINGUET, FR","FM-12","99999","V020","999,9,9,9999,9","99999,9,9,N","020000,1,N,9","+0068,1","+9999,9","99999,9","06,0000,9,1",,"4,000","0,1,06,1","0,1,06,1",,"05,99,1,99,9,99,9,99999,9,99,9,99,9",,"00,1","SYN011333   92428",
"07104099999","1990-12-13T18:00:00","4","48.2833333","-4.6333333","36.0","POINTE DE TOULINGUET, FR","FM-12","99999","V020","999,9,9,9999,9","99999,9,9,N","020000,1,N,9","+0072,1","+9999,9","99999,9","06,0000,9,1",,"4,000",,,,"06,99,1,99,9,99,9,99999,9,99,9,99,9","999,M,+0092,1","00,1","SYN017333   10092 92428",
"07104099999","1990-12-14T12:00:00","4","48.2833333","-4.6333333","36.0","POINTE DE TOULINGUET, FR","FM-12","99999","V020","999,9,9,9999,9","99999,9,9,N","020000,1,N,9","+0062,1","+9999,9","99999,9","06,0000,9,1",,"4,000","0,1,06,1","0,1,06,1",,"05,99,1,99,9,99,9,99999,9,99,9,99,9",,"00,1","SYN011333   92428",
"07104099999","1990-12-14T18:00:00","4","48.2833333","-4.6333333","36.0","POINTE DE TOULINGUET, FR","FM-12","99999","V020","999,9,9,9999,9","22000,1,C,N","020000,1,N,9","+0050,1","+9999,9","99999,9","06,0000,9,1",,"4,000","0,1,06,1","0,1,06,1",,"00,99,1,00,1,00,1,99999,9,00,1,00,1","999,M,+0076,1","00,1","SYN017333   10076 92428",
"07104099999","1990-12-15T06:00:00","4","48.2833333","-4.6333333","36.0","POINTE DE TOULINGUET, FR","FM-12","99999","V020","999,9,9,9999,9","22000,1,C,N","004000,1,N,9","+0010,1","+9999,9","99999,9","06,0000,9,1",,"4,000",,,,"00,99,1,00,1,00,1,99999,9,00,1,00,1","999,N,+0010,1","00,1","SYN017333   20010 92426",
"07104099999","1990-12-15T12:00:00","4","48.2833333","-4.6333333","36.0","POINTE DE TOULINGUET, FR","FM-12","99999","V020","999,9,9,9999,9","22000,1,C,N","004000,1,N,9","+0032,1","+9999,9","99999,9","06,0000,9,1",,"4,000","0,1,06,1","0,1,06,1",,"00,99,1,00,1,00,1,99999,9,00,1,00,1",,"00,1","SYN011333   92426",
"07104099999","1990-12-15T18:00:00","4","48.2833333","-4.6333333","36.0","POINTE DE TOULINGUET, FR","FM-12","99999","V020","999,9,9,9999,9","22000,1,C,N","010000,1,N,9","+0060,1","+9999,9","99999,9","06,0000,9,1",,"4,000","0,1,06,1","0,1,06,1",,"00,99,1,00,1,00,1,99999,9,00,1,00,1","999,M,+0062,1","00,1","SYN017333   10062 92427",
"07104099999","1990-12-16T12:00:00","4","48.2833333","-4.6333333","36.0","POINTE DE TOULINGUET, FR","FM-12","99999","V020","999,9,9,9999,9","99999,9,9,N","010000,1,N,9","+0070,1","+9999,9","99999,9","06,0003,9,1",,"0,002","6,1,06,1","0,1,06,1",,"06,99,1,99,9,99,9,99999,9,99,9,99,9",,"00,1","SYN011333   92427",
"07104099999","1990-12-16T18:00:00","4","48.2833333","-4.6333333","36.0","POINTE DE TOULINGUET, FR","FM-12","99999","V020","999,9,9,9999,9","99999,9,9,N","010000,1,N,9","+0046,1","+9999,9","99999,9","99,0003,9,1",,"0,000","0,1,06,1","0,1,06,1",,"05,99,1,99,9,99,9,99999,9,99,9,99,9","999,M,+0074,1","00,1","SYN017333   10074 92427",
"07104099999","1990-12-17T06:00:00","4","48.2833333","-4.6333333","36.0","POINTE DE TOULINGUET, FR","FM-12","99999","V020","999,9,9,9999,9","22000,1,C,N","010000,1,N,9","-0006,1","+9999,9","99999,9","06,0000,9,1","24,0003,9,1","4,000",,,,"04,99,1,99,9,99,9,99999,9,99,9,99,9","999,N,-0012,1","00,1","SYN023333   21012 70003 92427",
"07104099999","1990-12-17T18:00:00","4","48.2833333","-4.6333333","36.0","POINTE DE TOULINGUET, FR","FM-12","99999","V020","999,9,9,9999,9","22000,1,C,N","010000,1,N,9","+0018,1","+9999,9","99999,9","06,0000,9,1",,"4,000","0,1,06,1","0,1,06,1",,"04,99,1,99,9,99,9,99999,9,99,9,99,9","999,M,+0020,1","00,1","SYN017333   10020 92428",
"07104099999","1990-12-18T12:00:00","4","48.2833333","-4.6333333","36.0","POINTE DE TOULINGUET, FR","FM-12","99999","V020","999,9,9,9999,9","22000,1,C,N","010000,1,N,9","+0028,1","+9999,9","99999,9","06,0000,9,1",,"4,000","0,1,06,1","0,1,06,1",,"04,99,1,99,9,99,9,99999,9,99,9,99,9",,"00,1","SYN011333   92427",
"07104099999","1990-12-18T18:00:00","4","48.2833333","-4.6333333","36.0","POINTE DE TOULINGUET, FR","FM-12","99999","V020","999,9,9,9999,9","99999,9,9,N","010000,1,N,9","+0032,1","+9999,9","99999,9","06,0000,9,1",,"4,000","0,1,06,1","0,1,06,1",,"08,99,1,99,9,99,9,99999,9,99,9,99,9","999,M,+0040,1","00,1","SYN017333   10040 92427",
"07104099999","1990-12-19T06:00:00","4","48.2833333","-4.6333333","36.0","POINTE DE TOULINGUET, FR","FM-12","99999","V020","999,9,9,9999,9","99999,9,9,N","020000,1,N,9","+0054,1","+9999,9","99999,9","06,0000,9,1",,"4,000",,,,"07,99,1,99,9,99,9,99999,9,99,9,99,9","999,N,+0030,1","00,1","SYN017333   20030 92428",
"07104099999","1990-12-19T12:00:00","4","48.2833333","-4.6333333","36.0","POINTE DE TOULINGUET, FR","FM-12","99999","V020","999,9,9,9999,9","22000,1,C,N","010000,1,N,9","+0060,1","+9999,9","99999,9","06,0000,9,1",,"4,000","0,1,06,1","0,1,06,1",,"02,99,1,99,9,99,9,99999,9,99,9,99,9",,"00,1","SYN011333   92437",
"07104099999","1990-12-19T18:00:00","4","48.2833333","-4.6333333","36.0","POINTE DE TOULINGUET, FR","FM-12","99999","V020","999,9,9,9999,9","22000,1,C,N","020000,1,N,9","+0060,1","+9999,9","99999,9","06,0000,9,1",,"4,000","0,1,06,1","0,1,06,1",,"03,99,1,99,9,99,9,99999,9,99,9,99,9","999,M,+0066,1","00,1","SYN017333   10066 92428",
"07104099999","1990-12-20T06:00:00","4","48.2833333","-4.6333333","36.0","POINTE DE TOULINGUET, FR","FM-12","99999","V020","999,9,9,9999,9","22000,1,C,N","020000,1,N,9","+0070,1","+9999,9","99999,9","24,0001,9,1",,"0,000",,,,"00,99,1,00,1,00,1,99999,9,00,1,00,1","999,N,+0056,1","00,1","SYN023333   20056 70001 92428",
"07104099999","1990-12-20T12:00:00","4","48.2833333","-4.6333333","36.0","POINTE DE TOULINGUET, FR","FM-12","99999","V020","999,9,9,9999,9","99999,9,9,N","020000,1,N,9","+0094,1","+9999,9","99999,9","06,0000,9,1",,"4,000",,,,"08,99,1,99,9,99,9,99999,9,99,9,99,9",,"00,1","SYN011333   92438",
"07104099999","1990-12-20T18:00:00","4","48.2833333","-4.6333333","36.0","POINTE DE TOULINGUET, FR","FM-12","99999","V020","999,9,9,9999,9","99999,9,9,N","020000,1,N,9","+0096,1","+9999,9","99999,9","99,0001,9,1",,"0,002","8,1,06,1","0,1,06,1",,"07,99,1,99,9,99,9,99999,9,99,9,99,9","999,M,+0100,1","00,1","SYN017333   10100 92458",
"07104099999","1990-12-21T06:00:00","4","48.2833333","-4.6333333","36.0","POINTE DE TOULINGUET, FR","FM-12","99999","V020","999,9,9,9999,9","99999,9,9,N","020000,1,N,9","+0108,1","+9999,9","99999,9","06,0000,9,1","24,0001,9,1","0,000",,,,"08,99,1,99,9,99,9,99999,9,99,9,99,9","999,N,+0092,1","00,1","SYN023333   20092 70001 92458",
"07104099999","1990-12-21T12:00:00","4","48.2833333","-4.6333333","36.0","POINTE DE TOULINGUET, FR","FM-12","99999","V020","999,9,9,9999,9","99999,9,9,N","020000,1,N,9","+0112,1","+9999,9","99999,9","06,0000,9,1",,"4,000",,,,"08,99,1,99,9,99,9,99999,9,99,9,99,9",,"00,1","SYN011333   92458",
"07104099999","1990-12-21T18:00:00","4","48.2833333","-4.6333333","36.0","POINTE DE TOULINGUET, FR","FM-12","99999","V020","999,9,9,9999,9","99999,9,9,N","004000,1,N,9","+0106,1","+9999,9","99999,9","99,0010,9,1",,"0,001","6,1,06,1","2,1,06,1",,"08,99,1,99,9,99,9,99999,9,99,9,99,9","999,M,+0110,1","61,1","SYN017333   10110 92456",
"07104099999","1990-12-22T06:00:00","4","48.2833333","-4.6333333","36.0","POINTE DE TOULINGUET, FR","FM-12","99999","V020","999,9,9,9999,9","99999,9,9,N","020000,1,N,9","+0106,1","+9999,9","99999,9","24,0013,9,1","99,0003,9,1","0,000",,,,"07,99,1,99,9,99,9,99999,9,99,9,99,9","999,N,+0100,1","00,1","SYN023333   20100 70013 92448",
"07104099999","1990-12-22T12:00:00","4","48.2833333","-4.6333333","36.0","POINTE DE TOULINGUET, FR","FM-12","99999","V020","999,9,9,9999,9","99999,9,9,N","020000,1,N,9","+0106,1","+9999,9","99999,9","06,0000,9,1",,"4,000","0,1,06,1","0,1,06,1",,"08,99,1,99,9,99,9,99999,9,99,9,99,9",,"00,1","SYN011333   92448",
"07104099999","1990-12-22T18:00:00","4","48.2833333","-4.6333333","36.0","POINTE DE TOULINGUET, FR","FM-12","99999","V020","999,9,9,9999,9","99999,9,9,N","020000,1,N,9","+0102,1","+9999,9","99999,9","06,0000,9,1",,"4,000","0,1,06,1","0,1,06,1",,"08,99,1,99,9,99,9,99999,9,99,9,99,9","999,M,+0108,1","00,1","SYN017333   10108 92458",
"07104099999","1990-12-23T06:00:00","4","48.2833333","-4.6333333","36.0","POINTE DE TOULINGUET, FR","FM-12","99999","V020","999,9,9,9999,9","99999,9,9,N","020000,1,N,9","+0102,1","+9999,9","99999,9","06,0000,9,1",,"4,000",,,,"05,99,1,99,9,99,9,99999,9,99,9,99,9","999,N,+0096,1","00,1","SYN017333   20096 92458",
"07104099999","1990-12-23T12:00:00","4","48.2833333","-4.6333333","36.0","POINTE DE TOULINGUET, FR","FM-12","99999","V020","999,9,9,9999,9","99999,9,9,N","004000,1,N,9","+0106,1","+9999,9","99999,9","06,0003,9,1",,"0,001","6,1,06,1","0,1,06,1",,"08,99,1,99,9,99,9,99999,9,99,9,99,9",,"61,1","SYN011333   92456",
"07104099999","1990-12-23T18:00:00","4","48.2833333","-4.6333333","36.0","POINTE DE TOULINGUET, FR","FM-12","99999","V020","999,9,9,9999,9","99999,9,9,N","020000,1,N,9","+0104,1","+9999,9","99999,9","99,0003,9,1",,"0,002","6,1,06,1","0,1,06,1",,"06,99,1,99,9,99,9,99999,9,99,9,99,9","999,M,+0108,1","00,1","SYN017333   10108 92448",
"07104099999","1990-12-24T06:00:00","4","48.2833333","-4.6333333","36.0","POINTE DE TOULINGUET, FR","FM-12","99999","V020","999,9,9,9999,9","99999,9,9,N","020000,1,N,9","+0100,1","+9999,9","99999,9","24,0089,9,1",,"0,000",,,,"08,99,1,99,9,99,9,99999,9,99,9,99,9","999,N,+0094,1","00,1","SYN023333   20094 70089 92448",
"07104099999","1990-12-24T12:00:00","4","48.2833333","-4.6333333","36.0","POINTE DE TOULINGUET, FR","FM-12","99999","V020","999,9,9,9999,9","99999,9,9,N","020000,1,N,9","+0104,1","+9999,9","99999,9","06,0001,9,1",,"0,002","8,1,06,1","0,1,06,1","02,1,+01440,9,04,9","05,99,1,99,9,99,9,99999,9,99,9,99,9",,"00,1","SYN011333   82448",
"07104099999","1990-12-24T18:00:00","4","48.2833333","-4.6333333","36.0","POINTE DE TOULINGUET, FR","FM-12","99999","V020","999,9,9,9999,9","99999,9,9,N","020000,1,N,9","+0092,1","+9999,9","99999,9","99,0003,9,1",,"0,002","8,1,06,1","0,1,06,1",,"05,99,1,99,9,99,9,99999,9,99,9,99,9","999,M,+0110,1","00,1","SYN017333   10110 92448",
"07104099999","1990-12-25T12:00:00","4","48.2833333","-4.6333333","36.0","POINTE DE TOULINGUET, FR","FM-12","99999","V020","999,9,9,9999,9","99999,9,9,N","002000,1,N,9","+0098,1","+9999,9","99999,9","06,0080,9,1",,"0,001","8,1,06,1","6,1,06,1",,"08,99,1,99,9,99,9,99999,9,99,9,99,9",,"81,1","SYN011333   92465",
"07104099999","1990-12-25T18:00:00","4","48.2833333","-4.6333333","36.0","POINTE DE TOULINGUET, FR","FM-12","99999","V020","999,9,9,9999,9","22000,1,C,N","020000,1,N,9","+0082,1","+9999,9","99999,9","99,0090,9,1",,"0,002","8,1,06,1","6,1,06,1",,"04,99,1,99,9,99,9,99999,9,99,9,99,9","999,M,+0108,1","00,1","SYN017333   10108 92468",
"07104099999","1990-12-26T18:00:00","4","48.2833333","-4.6333333","36.0","POINTE DE TOULINGUET, FR","FM-12","99999","V020","999,9,9,9999,9","99999,9,9,N","004000,1,N,9","+0120,1","+9999,9","99999,9","99,0170,9,1",,"0,002","8,1,06,1","6,1,06,1",,"08,99,1,99,9,99,9,99999,9,99,9,99,9","999,M,+0128,1","00,1","SYN017333   10128 92466",
"07104099999","1990-12-27T06:00:00","4","48.2833333","-4.6333333","36.0","POINTE DE TOULINGUET, FR","FM-12","99999","V020","999,9,9,9999,9","99999,9,9,N","020000,1,N,9","+0100,1","+9999,9","99999,9","24,0177,9,1","99,0003,9,1","0,000","0,1,06,1","0,1,06,1",,"05,99,1,99,9,99,9,99999,9,99,9,99,9","999,N,+0096,1","00,1","SYN023333   20096 70177 92468",
"07104099999","1990-12-27T12:00:00","4","48.2833333","-4.6333333","36.0","POINTE DE TOULINGUET, FR","FM-12","99999","V020","999,9,9,9999,9","99999,9,9,N","020000,1,N,9","+0090,1","+9999,9","99999,9","06,9999,2,9",,"0,002","8,1,06,1","0,1,06,1",,"05,99,1,99,9,99,9,99999,9,99,9,99,9",,"00,1","SYN011333   92456",
"07104099999","1990-12-28T12:00:00","4","48.2833333","-4.6333333","36.0","POINTE DE TOULINGUET, FR","FM-12","99999","V020","999,9,9,9999,9","99999,9,9,N","002000,1,N,9","+0100,1","+9999,9","99999,9","06,0040,9,1",,"0,002","6,1,06,1","5,1,06,1",,"08,99,1,99,9,99,9,99999,9,99,9,99,9",,"00,1","SYN011333   92455",
"07104099999","1990-12-28T18:00:00","4","48.2833333","-4.6333333","36.0","POINTE DE TOULINGUET, FR","FM-12","99999","V020","999,9,9,9999,9","99999,9,9,N","010000,1,N,9","+0120,1","+9999,9","99999,9","99,0060,9,1",,"0,000","5,1,06,1","0,1,06,1",,"08,99,1,99,9,99,9,99999,9,99,9,99,9","999,M,+0120,1","00,1","SYN017333   10120 92457",
"07104099999","1990-12-29T06:00:00","4","48.2833333","-4.6333333","36.0","POINTE DE TOULINGUET, FR","FM-12","99999","V020","999,9,9,9999,9","99999,9,9,N","004000,1,N,9","+0096,1","+9999,9","99999,9","24,0011,9,1","99,0050,9,1","0,001","6,1,06,1",,,"08,99,1,99,9,99,9,99999,9,99,9,99,9","999,N,+0092,1","63,1","SYN023333   20092 70011 92466",
"07104099999","1990-12-29T12:00:00","4","48.2833333","-4.6333333","36.0","POINTE DE TOULINGUET, FR","FM-12","99999","V020","999,9,9,9999,9","99999,9,9,N","004000,1,N,9","+0084,1","+9999,9","99999,9","06,0090,9,1",,"0,001","6,1,06,1","6,1,06,1",,"08,99,1,99,9,99,9,99999,9,99,9,99,9",,"63,1","SYN011333   92446",
"07104099999","1990-12-29T18:00:00","4","48.2833333","-4.6333333","36.0","POINTE DE TOULINGUET, FR","FM-12","99999","V020","999,9,9,9999,9","99999,9,9,N","020000,1,N,9","+0104,1","+9999,9","99999,9","99,0110,9,1",,"0,002","8,1,06,1","6,1,06,1",,"05,99,1,99,9,99,9,99999,9,99,9,99,9","999,M,+0110,1","00,1","SYN017333   10110 92458",
"07104099999","1990-12-30T06:00:00","4","48.2833333","-4.6333333","36.0","POINTE DE TOULINGUET, FR","FM-12","99999","V020","999,9,9,9999,9","99999,9,9,N","020000,1,N,9","+0098,1","+9999,9","99999,9","24,0113,9,1","99,0003,9,1","0,002","6,1,06,1",,,"05,99,1,99,9,99,9,99999,9,99,9,99,9","999,N,+0096,1","00,1","SYN023333   20096 70113 92458",
"07104099999","1990-12-30T12:00:00","4","48.2833333","-4.6333333","36.0","POINTE DE TOULINGUET, FR","FM-12","99999","V020","999,9,9,9999,9","99999,9,9,N","020000,1,N,9","+0104,1","+9999,9","99999,9","06,0001,9,1",,"0,002","8,1,06,1","0,1,06,1",,"05,99,1,99,9,99,9,99999,9,99,9,99,9",,"00,1","SYN011333   92458",
"07104099999","1990-12-30T18:00:00","4","48.2833333","-4.6333333","36.0","POINTE DE TOULINGUET, FR","FM-12","99999","V020","999,9,9,9999,9","22000,1,C,N","020000,1,N,9","+0100,1","+9999,9","99999,9","99,0003,9,1",,"0,002","8,1,06,1","0,1,06,1",,"02,99,1,99,9,99,9,99999,9,99,9,99,9","999,M,+0104,1","00,1","SYN017333   10104 92458",
"07104099999","1990-12-31T06:00:00","4","48.2833333","-4.6333333","36.0","POINTE DE TOULINGUET, FR","FM-12","99999","V020","999,9,9,9999,9","99999,9,9,N","020000,1,N,9","+0094,1","+9999,9","99999,9","24,0008,9,1","99,0005,9,1","0,002","6,1,06,1",,,"05,99,1,99,9,99,9,99999,9,99,9,99,9","999,N,+0090,1","00,1","SYN023333   20090 70008 92458",
"07104099999","1990-12-31T12:00:00","4","48.2833333","-4.6333333","36.0","POINTE DE TOULINGUET, FR","FM-12","99999","V020","999,9,9,9999,9","99999,9,9,N","020000,1,N,9","+0108,1","+9999,9","99999,9","06,0003,9,1",,"0,002","8,1,06,1","0,1,06,1",,"06,99,1,99,9,99,9,99999,9,99,9,99,9",,"00,1","SYN011333   92458",
"07104099999","1990-12-31T18:00:00","4","48.2833333","-4.6333333","36.0","POINTE DE TOULINGUET, FR","FM-12","99999","V020","999,9,9,9999,9","99999,9,9,N","020000,1,N,9","+0080,1","+9999,9","99999,9","99,0020,9,1",,"0,002","8,1,06,1","0,1,06,1",,"08,99,1,99,9,99,9,99999,9,99,9,99,9","999,M,+0108,1","00,1","SYN017333   10108 92458",
