"STATION","DATE","SOURCE","LATITUDE","LONGITUDE","ELEVATION","NAME","REPORT_TYPE","CALL_SIGN","QUALITY_CONTROL","WND","CIG","VIS","TMP","DEW","SLP","AA1","AA2","AA3","AG1","AY1","GJ1","IA2","KA1","KA2","MA1","MD1","MW1","OA1","REM","EQD"
"07173099999","1990-01-01T00:00:00","4","48.2","6.4333333","320.0","EPINAL DOGNEVILLE, FR","FM-12","99999","V020","999,1,C,0000,1","99999,9,9,N","999999,9,N,9","-0056,1","-0067,1","10221,1","06,0000,9,1",,,"4,000",,"0000,9",,,,,"4,1,000,1,+999,9",,"4,99,0010,1","SYN017333   91102 94000",
"07173099999","1990-01-01T03:00:00","4","48.2","6.4333333","320.0","EPINAL DOGNEVILLE, FR","FM-12","99999","V020","999,1,C,0000,1","99999,9,9,N","999999,9,N,9","-0068,1","-0082,1","10218,1","06,0000,9,1",,,"4,000",,"0000,9",,,,,"7,1,005,1,+999,9",,"4,99,0000,1","SYN017333   91100 94000",
"07173099999","1990-01-01T06:00:00","4","48.2","6.4333333","320.0","EPINAL DOGNEVILLE, FR","FM-12","99999","V020","999,1,C,0000,1","99999,9,9,N","999999,9,N,9","-0083,1","-0101,1","10216,1","06,0000,9,1",,,"4,000",,"0276,9","999,-0120,9","999,N,-0083,1",,,"7,1,004,1,+999,9",,"4,99,0010,1","SYN029333   21083 3/112 91102 94046",
"07173099999","1990-01-01T09:00:00","4","48.2","6.4333333","320.0","EPINAL DOGNEVILLE, FR","FM-12","99999","V020","999,1,C,0000,1","99999,9,9,N","999999,9,N,9","-0062,1","-0076,1","10219,1","06,0000,9,1",,,"4,000",,"0054,9",,,,,"2,1,006,1,+999,9",,"4,99,0000,1","SYN017333   91100 94009",
"07173099999","1990-01-01T12:00:00","4","48.2","6.4333333","320.0","EPINAL DOGNEVILLE, FR","FM-12","99999","V020","999,1,C,0000,1","99999,9,9,N","999999,9,N,9","-0001,1","-0014,1","10200,1","06,0000,9,1",,,"4,000",,"0060,9",,,,,"7,1,009,1,+999,9",,"4,99,0010,1","SYN017333   91102 94010",
"07173099999","1990-01-01T15:00:00","4","48.2","6.4333333","320.0","EPINAL DOGNEVILLE, FR","FM-12","99999","V020","070,1,N,0010,1","99999,9,9,N","999999,9,N,9","+0032,1","+0009,1","10192,1","06,0000,9,1",,,"4,000",,"0060,9",,,,,"7,1,003,1,+999,9",,"4,99,0021,1","SYN017333   91104 94010",
"07173099999","1990-01-01T18:00:00","4","48.2","6.4333333","320.0","EPINAL DOGNEVILLE, FR","FM-12","99999","V020","999,1,C,0000,1","99999,9,9,N","999999,9,N,9","-0025,1","-0038,1","10206,1","99,0003,9,1",,,"0,000",,"0000,9",,"999,M,+0040,1",,,"2,1,006,1,+999,9",,"4,99,0010,1","SYN023333   10040 91102 94000",
"07173099999","1990-01-01T21:00:00","4","48.2","6.4333333","320.0","EPINAL DOGNEVILLE, FR","FM-12","99999","V020","999,1,C,0000,1","99999,9,9,N","999999,9,N,9","-0045,1","-0057,1","10217,1","06,0000,9,1",,,"4,000",,"0000,9",,,,,"2,1,007,1,+999,9",,"4,99,0010,1","SYN017333   91102 94000",
"07173099999","1990-01-02T00:00:00","4","48.2","6.4333333","320.0","EPINAL DOGNEVILLE, FR","FM-12","99999","V020","110,1,N,0010,1","99999,9,9,N","999999,9,N,9","-0056,1","-0070,1","10223,1","06,0000,9,1",,,"4,000",,"0000,9",,,,,"2,1,004,1,+999,9",,"4,99,0021,1","SYN017333   91104 94000",
"07173099999","1990-01-02T03:00:00","4","48.2","6.4333333","320.0","EPINAL DOGNEVILLE, FR","FM-12","99999","V020","999,1,C,0000,1","99999,9,9,N","999999,9,N,9","-0028,1","-0039,1","10219,1","06,0000,9,1",,,"4,000",,"0000,9",,,,,"4,1,000,1,+999,9",,"4,99,0010,1","SYN017333   91102 94000",
"07173099999","1990-01-02T06:00:00","4","48.2","6.4333333","320.0","EPINAL DOGNEVILLE, FR","FM-12","99999","V020","999,1,C,0000,1","99999,9,9,N","999999,9,N,9","-0012,1","-0022,1","10220,1","06,0000,9,1",,,"4,000",,"0444,9","999,-0110,9","999,N,-0057,1",,,"2,1,004,1,+999,9",,"4,99,0021,1","SYN029333   21057 3/111 91104 94074",
"07173099999","1990-01-02T09:00:00","4","48.2","6.4333333","320.0","EPINAL DOGNEVILLE, FR","FM-12","99999","V020","999,1,C,0000,1","99999,9,9,N","999999,9,N,9","-0004,1","-0014,1","10236,1","06,0000,9,1",,,"4,000",,"0000,9",,,,,"2,1,016,1,+999,9",,"4,99,0010,1","SYN017333   91102 94000",
"07173099999","1990-01-02T12:00:00","4","48.2","6.4333333","320.0","EPINAL DOGNEVILLE, FR","FM-12","99999","V020","330,1,N,0021,1","99999,9,9,N","999999,9,N,9","+0007,1","-0011,1","10233,1","06,0000,9,1",,,"4,000",,"0000,9",,,,,"7,1,001,1,+999,9",,"4,99,0031,1","SYN017333   91106 94000",
"07173099999","1990-01-02T15:00:00","4","48.2","6.4333333","320.0","EPINAL DOGNEVILLE, FR","FM-12","99999","V020","999,1,C,0000,1","99999,9,9,N","999999,9,N,9","+0010,1","-0009,1","10225,1","06,0000,9,1",,,"4,000",,"0054,9",,,,,"7,1,007,1,+999,9",,"4,99,0021,1","SYN017333   91104 94009",
"07173099999","1990-01-02T18:00:00","4","48.2","6.4333333","320.0","EPINAL DOGNEVILLE, FR","FM-12","99999","V020","010,1,N,0010,1","99999,9,9,N","999999,9,N,9","-0011,1","-0021,1","10243,1","06,0000,9,1",,,"4,000",,"0000,9",,"999,M,+0017,1",,,"2,1,014,1,+999,9",,"4,99,0031,1","SYN023333   10017 91106 94000",
"07173099999","1990-01-02T21:00:00","4","48.2","6.4333333","320.0","EPINAL DOGNEVILLE, FR","FM-12","99999","V020","330,1,N,0031,1","99999,9,9,N","999999,9,N,9","-0013,1","-0021,1","10238,1","06,0000,9,1",,,"4,000",,"0000,9",,,,,"7,1,005,1,+999,9",,"4,99,0041,1","SYN017333   91108 94000",
"07173099999","1990-01-03T00:00:00","4","48.2","6.4333333","320.0","EPINAL DOGNEVILLE, FR","FM-12","99999","V020","020,1,N,0010,1","99999,9,9,N","999999,9,N,9","-0018,1","-0025,1","10231,1","06,0000,9,1",,,"4,000",,"0000,9",,,,,"7,1,007,1,+999,9",,"4,99,0031,1","SYN017333   91106 94000",
"07173099999","1990-01-03T03:00:00","4","48.2","6.4333333","320.0","EPINAL DOGNEVILLE, FR","FM-12","99999","V020","999,1,C,0000,1","99999,9,9,N","999999,9,N,9","-0023,1","-0031,1","10215,1","06,0000,9,1",,,"4,000",,"0000,9",,,,,"7,1,016,1,+999,9",,"4,99,0021,1","SYN017333   91104 94000",
"07173099999","1990-01-03T06:00:00","4","48.2","6.4333333","320.0","EPINAL DOGNEVILLE, FR","FM-12","99999","V020","350,1,N,0031,1","99999,9,9,N","999999,9,N,9","-0029,1","-0037,1","10207,1","06,0000,9,1",,,"4,000",,"0090,9","999,-0030,9","999,N,-0029,1",,,"7,1,009,1,+999,9",,"4,99,0041,1","SYN029333   21029 3/103 91108 94015",
"07173099999","1990-01-03T09:00:00","4","48.2","6.4333333","320.0","EPINAL DOGNEVILLE, FR","FM-12","99999","V020","999,1,C,0000,1","99999,9,9,N","999999,9,N,9","-0034,1","-0042,1","10218,1","06,0000,9,1",,,"4,000",,"0000,9",,,,,"2,1,009,1,+999,9",,"4,99,0021,1","SYN017333   91104 94000",
"07173099999","1990-01-03T12:00:00","4","48.2","6.4333333","320.0","EPINAL DOGNEVILLE, FR","FM-12","99999","V020","999,1,C,0000,1","99999,9,9,N","999999,9,N,9","-0020,1","-0028,1","10213,1","06,0000,9,1",,,"4,000",,"0000,9",,,,,"7,1,002,1,+999,9",,"4,99,0000,1","SYN017333   91100 94000",
"07173099999","1990-01-03T15:00:00","4","48.2","6.4333333","320.0","EPINAL DOGNEVILLE, FR","FM-12","99999","V020","030,1,N,0010,1","99999,9,9,N","999999,9,N,9","-0007,1","-0014,1","10203,1","06,0000,9,1",,,"4,000",,"0000,9",,,,,"7,1,007,1,+999,9",,"4,99,0031,1","SYN017333   91106 94000",
"07173099999","1990-01-03T18:00:00","4","48.2","6.4333333","320.0","EPINAL DOGNEVILLE, FR","FM-12","99999","V020","320,1,N,0021,1","99999,9,9,N","999999,9,N,9","-0009,1","-0016,1","10216,1","06,0000,9,1",,,"4,000",,"0000,9",,"999,M,-0006,1",,,"2,1,011,1,+999,9",,"4,99,0031,1","SYN023333   11006 91106 94000",
"07173099999","1990-01-03T21:00:00","4","48.2","6.4333333","320.0","EPINAL DOGNEVILLE, FR","FM-12","99999","V020","030,1,N,0010,1","99999,9,9,N","999999,9,N,9","-0013,1","-0020,1","10227,1","06,0000,9,1",,,"4,000",,"0000,9",,,,,"2,1,010,1,+999,9",,"4,99,0031,1","SYN017333   91106 94000",
"07173099999","1990-01-04T00:00:00","4","48.2","6.4333333","320.0","EPINAL DOGNEVILLE, FR","FM-12","99999","V020","100,1,N,0010,1","99999,9,9,N","999999,9,N,9","-0024,1","-0032,1","10237,1","06,0000,9,1",,,"4,000",,"0000,9",,,,,"2,1,008,1,+999,9",,"4,99,0021,1","SYN017333   91104 94000",
"07173099999","1990-01-04T03:00:00","4","48.2","6.4333333","320.0","EPINAL DOGNEVILLE, FR","FM-12","99999","V020","999,1,C,0000,1","99999,9,9,N","999999,9,N,9","-0029,1","-0037,1","10247,1","06,0000,9,1",,,"4,000",,"0000,9",,,,,"2,1,009,1,+999,9",,"4,99,0000,1","SYN017333   91100 94000",
"07173099999","1990-01-04T06:00:00","4","48.2","6.4333333","320.0","EPINAL DOGNEVILLE, FR","FM-12","99999","V020","160,1,N,0010,1","99999,9,9,N","999999,9,N,9","-0034,1","-0044,1","10249,1","06,0000,9,1",,,"4,000",,"0000,9","999,-0030,9","999,N,-0036,1",,,"2,1,001,1,+999,9",,"4,99,0031,1","SYN029333   21036 3/103 91106 94000",
"07173099999","1990-01-04T09:00:00","4","48.2","6.4333333","320.0","EPINAL DOGNEVILLE, FR","FM-12","99999","V020","100,1,N,0010,1","99999,9,9,N","999999,9,N,9","-0037,1","-0047,1","10260,1","06,0000,9,1",,,"4,000",,"0000,9",,,,,"2,1,010,1,+999,9",,"4,99,0031,1","SYN017333   91106 94000",
"07173099999","1990-01-04T12:00:00","4","48.2","6.4333333","320.0","EPINAL DOGNEVILLE, FR","FM-12","99999","V020","999,1,C,0000,1","99999,9,9,N","999999,9,N,9","-0024,1","-0034,1","10260,1","06,0000,9,1",,,"4,000",,"0000,9",,,,,"2,1,002,1,+999,9",,"4,99,0021,1","SYN017333   91104 94000",
"07173099999","1990-01-04T15:00:00","4","48.2","6.4333333","320.0","EPINAL DOGNEVILLE, FR","FM-12","99999","V020","999,1,C,0000,1","99999,9,9,N","999999,9,N,9","-0003,1","-0014,1","10255,1","06,0000,9,1",,,"4,000",,"0012,9",,,,,"7,1,001,1,+999,9",,"4,99,0010,1","SYN017333   91102 94002",
"07173099999","1990-01-04T18:00:00","4","48.2","6.4333333","320.0","EPINAL DOGNEVILLE, FR","FM-12","99999","V020","050,1,N,0010,1","99999,9,9,N","999999,9,N,9","-0030,1","-0040,1","10267,1","06,0000,9,1",,,"4,000",,"0000,9",,"999,M,-0003,1",,,"2,1,008,1,+999,9",,"4,99,0021,1","SYN023333   11003 91104 94000",
"07173099999","1990-01-04T21:00:00","4","48.2","6.4333333","320.0","EPINAL DOGNEVILLE, FR","FM-12","99999","V020","999,1,C,0000,1","99999,9,9,N","999999,9,N,9","-0045,1","-0055,1","10273,1","06,0000,9,1",,,"4,000",,"0000,9",,,,,"2,1,002,1,+999,9",,"4,99,0021,1","SYN017333   91104 94000",
"07173099999","1990-01-05T00:00:00","4","48.2","6.4333333","320.0","EPINAL DOGNEVILLE, FR","FM-12","99999","V020","999,1,C,0000,1","99999,9,9,N","999999,9,N,9","-0055,1","-0067,1","10272,1","06,0000,9,1",,,"4,000",,"0000,9",,,,,"7,1,002,1,+999,9",,"4,99,0010,1","SYN017333   91102 94000",
"07173099999","1990-01-05T03:00:00","4","48.2","6.4333333","320.0","EPINAL DOGNEVILLE, FR","FM-12","99999","V020","120,1,N,0010,1","99999,9,9,N","999999,9,N,9","-0024,1","-0034,1","10269,1","06,0000,9,1",,,"4,000",,"0000,9",,,,,"2,1,002,1,+999,9",,"4,99,0021,1","SYN017333   91104 94000",
"07173099999","1990-01-05T09:00:00","4","48.2","6.4333333","320.0","EPINAL DOGNEVILLE, FR","FM-12","99999","V020","170,1,N,0031,1","99999,9,9,N","999999,9,N,9","+0011,1","-0001,1","10279,1","06,0000,9,1",,,"4,000",,"0000,9",,,,,"2,1,007,1,+999,9",,"4,99,0051,1","SYN017333   91110 94000",
"07173099999","1990-01-05T12:00:00","4","48.2","6.4333333","320.0","EPINAL DOGNEVILLE, FR","FM-12","99999","V020","160,1,N,0031,1","99999,9,9,N","999999,9,N,9","+0032,1","+0016,1","10274,1","06,0000,9,1",,,"4,000",,"0000,9",,,,,"7,1,002,1,+999,9",,"4,99,0041,1","SYN017333   91108 94000",
"07173099999","1990-01-05T15:00:00","4","48.2","6.4333333","320.0","EPINAL DOGNEVILLE, FR","FM-12","99999","V020","180,1,N,0031,1","99999,9,9,N","999999,9,N,9","+0026,1","+0008,1","10272,1","06,0000,9,1",,,"4,000",,"0000,9",,,,,"7,1,003,1,+999,9",,"4,99,0051,1","SYN017333   91110 94000",
"07173099999","1990-01-05T18:00:00","4","48.2","6.4333333","320.0","EPINAL DOGNEVILLE, FR","FM-12","99999","V020","160,1,N,0010,1","99999,9,9,N","999999,9,N,9","+0017,1","+0004,1","10278,1","06,0000,9,1",,,"4,000",,"0000,9",,"999,M,+0034,1",,,"2,1,005,1,+999,9",,"4,99,0021,1","SYN023333   10034 91104 94000",
"07173099999","1990-01-05T21:00:00","4","48.2","6.4333333","320.0","EPINAL DOGNEVILLE, FR","FM-12","99999","V020","170,1,N,0021,1","99999,9,9,N","999999,9,N,9","+0021,1","+0011,1","10276,1","06,0000,9,1",,,"4,000",,"0000,9",,,,,"7,1,002,1,+999,9",,"4,99,0031,1","SYN017333   91106 94000",
"07173099999","1990-01-06T00:00:00","4","48.2","6.4333333","320.0","EPINAL DOGNEVILLE, FR","FM-12","99999","V020","130,1,N,0010,1","99999,9,9,N","999999,9,N,9","+0029,1","+0019,1","10273,1","06,0000,9,1",,,"4,000",,"0000,9",,,,,"7,1,002,1,+999,9",,"4,99,0021,1","SYN017333   91104 94000",
"07173099999","1990-01-06T03:00:00","4","48.2","6.4333333","320.0","EPINAL DOGNEVILLE, FR","FM-12","99999","V020","999,1,C,0000,1","99999,9,9,N","999999,9,N,9","+0017,1","+0008,1","10274,1","06,0000,9,1",,,"4,000",,"0000,9",,,,,"4,1,000,1,+999,9",,"4,99,0010,1","SYN017333   91102 94000",
"07173099999","1990-01-06T06:00:00","4","48.2","6.4333333","320.0","EPINAL DOGNEVILLE, FR","FM-12","99999","V020","310,1,N,0010,1","99999,9,9,N","999999,9,N,9","+0016,1","+0009,1","10274,1","06,0000,9,1",,,"4,000",,"0000,9","999,+0020,9","999,N,+0015,1",,,"4,1,000,1,+999,9",,"4,99,0021,1","SYN029333   20015 3/002 91104 94000",
"07173099999","1990-01-06T09:00:00","4","48.2","6.4333333","320.0","EPINAL DOGNEVILLE, FR","FM-12","99999","V020","999,1,C,0000,1","99999,9,9,N","999999,9,N,9","+0020,1","+0013,1","10282,1","06,0000,9,1",,,"4,000",,"0000,9",,,,,"2,1,008,1,+999,9",,"4,99,0010,1","SYN017333   91102 94000",
"07173099999","1990-01-06T12:00:00","4","48.2","6.4333333","320.0","EPINAL DOGNEVILLE, FR","FM-12","99999","V020","360,1,N,0010,1","99999,9,9,N","999999,9,N,9","+0041,1","+0029,1","10271,1","06,0000,9,1",,,"4,000",,"0000,9",,,,,"7,1,008,1,+999,9",,"4,99,0021,1","SYN017333   91104 94000",
"07173099999","1990-01-06T15:00:00","4","48.2","6.4333333","320.0","EPINAL DOGNEVILLE, FR","FM-12","99999","V020","330,1,N,0010,1","99999,9,9,N","999999,9,N,9","+0044,1","+0027,1","10266,1","06,0000,9,1",,,"4,000",,"0000,9",,,,,"7,1,004,1,+999,9",,"4,99,0021,1","SYN017333   91104 94000",
"07173099999","1990-01-06T18:00:00","4","48.2","6.4333333","320.0","EPINAL DOGNEVILLE, FR","FM-12","99999","V020","999,1,C,0000,1","99999,9,9,N","999999,9,N,9","+0037,1","+0027,1","10273,1","06,0000,9,1",,,"4,000",,"0000,9",,"999,M,+0047,1",,,"2,1,006,1,+999,9",,"4,99,0010,1","SYN023333   10047 91102 94000",
"07173099999","1990-01-06T21:00:00","4","48.2","6.4333333","320.0","EPINAL DOGNEVILLE, FR","FM-12","99999","V020","150,1,N,0010,1","99999,9,9,N","999999,9,N,9","+0022,1","+0015,1","10277,1","06,0000,9,1",,,"4,000",,"0000,9",,,,,"2,1,002,1,+999,9",,"4,99,0021,1","SYN017333   91104 94000",
"07173099999","1990-01-07T00:00:00","4","48.2","6.4333333","320.0","EPINAL DOGNEVILLE, FR","FM-12","99999","V020","080,1,N,0010,1","99999,9,9,N","999999,9,N,9","+0012,1","+0005,1","10285,1","06,0000,9,1",,,"4,000",,"0000,9",,,,,"2,1,006,1,+999,9",,"4,99,0021,1","SYN017333   91104 94000",
"07173099999","1990-01-07T03:00:00","4","48.2","6.4333333","320.0","EPINAL DOGNEVILLE, FR","FM-12","99999","V020","180,1,N,0010,1","99999,9,9,N","999999,9,N,9","-0011,1","-0018,1","10294,1","06,0000,9,1",,,"4,000",,"0000,9",,,,,"2,1,005,1,+999,9",,"4,99,0021,1","SYN017333   91104 94000",
"07173099999","1990-01-07T06:00:00","4","48.2","6.4333333","320.0","EPINAL DOGNEVILLE, FR","FM-12","99999","V020","210,1,N,0010,1","99999,9,9,N","999999,9,N,9","-0020,1","-0028,1","10303,1","06,0000,9,1",,,"4,000",,"0000,9","999,-0030,9","999,N,-0024,1",,,"2,1,007,1,+999,9",,"4,99,0031,1","SYN029333   21024 3/103 91106 94000",
"07173099999","1990-01-07T09:00:00","4","48.2","6.4333333","320.0","EPINAL DOGNEVILLE, FR","FM-12","99999","V020","200,1,N,0010,1","99999,9,9,N","999999,9,N,9","-0027,1","-0035,1","10322,1","06,0000,9,1",,,"4,000",,"0000,9",,,,,"2,1,018,1,+999,9",,"4,99,0021,1","SYN017333   91104 94000",
"07173099999","1990-01-07T12:00:00","4","48.2","6.4333333","320.0","EPINAL DOGNEVILLE, FR","FM-12","99999","V020","300,1,N,0010,1","99999,9,9,N","999999,9,N,9","+0001,1","-0006,1","10317,1","06,0000,9,1",,,"4,000",,"0006,9",,,,,"7,1,001,1,+999,9",,"4,99,0031,1","SYN017333   91106 94001",
"07173099999","1990-01-07T15:00:00","4","48.2","6.4333333","320.0","EPINAL DOGNEVILLE, FR","FM-12","99999","V020","040,1,N,0010,1","99999,9,9,N","999999,9,N,9","+0013,1","+0006,1","10321,1","06,0000,9,1",,,"4,000",,"0000,9",,,,,"2,1,005,1,+999,9",,"4,99,0031,1","SYN017333   91106 94000",
"07173099999","1990-01-07T18:00:00","4","48.2","6.4333333","320.0","EPINAL DOGNEVILLE, FR","FM-12","99999","V020","110,1,N,0010,1","99999,9,9,N","999999,9,N,9","-0010,1","-0017,1","10334,1","06,0000,9,1",,,"4,000",,"0000,9",,"999,M,+0014,1",,,"2,1,010,1,+999,9",,"4,99,0021,1","SYN023333   10014 91104 94000",
"07173099999","1990-01-07T21:00:00","4","48.2","6.4333333","320.0","EPINAL DOGNEVILLE, FR","FM-12","99999","V020","999,1,C,0000,1","99999,9,9,N","999999,9,N,9","-0025,1","-0032,1","10344,1","06,0000,9,1",,,"4,000",,"0000,9",,,,,"2,1,007,1,+999,9",,"4,99,0010,1","SYN017333   91102 94000",
"07173099999","1990-01-08T00:00:00","4","48.2","6.4333333","320.0","EPINAL DOGNEVILLE, FR","FM-12","99999","V020","999,1,C,0000,1","99999,9,9,N","999999,9,N,9","-0029,1","-0037,1","10356,1","06,0000,9,1",,,"4,000",,"0000,9",,,,,"2,1,011,1,+999,9",,"4,99,0010,1","SYN017333   91102 94000",
"07173099999","1990-01-08T03:00:00","4","48.2","6.4333333","320.0","EPINAL DOGNEVILLE, FR","FM-12","99999","V020","080,1,N,0010,1","99999,9,9,N","999999,9,N,9","-0020,1","-0028,1","10350,1","06,0000,9,1",,,"4,000",,"0000,9",,,,,"7,1,004,1,+999,9",,"4,99,0021,1","SYN017333   91104 94000",
"07173099999","1990-01-08T06:00:00","4","48.2","6.4333333","320.0","EPINAL DOGNEVILLE, FR","FM-12","99999","V020","999,1,C,0000,1","99999,9,9,N","999999,9,N,9","-0004,1","-0011,1","10355,1","06,0000,9,1",,,"4,000",,"0006,9","999,-0040,9","999,N,-0032,1",,,"2,1,007,1,+999,9",,"4,99,0021,1","SYN029333   21032 3/104 91104 94001",
"07173099999","1990-01-08T09:00:00","4","48.2","6.4333333","320.0","EPINAL DOGNEVILLE, FR","FM-12","99999","V020","120,1,N,0010,1","99999,9,9,N","999999,9,N,9","+0007,1","+0000,1","10363,1","06,0000,9,1",,,"4,000",,"0000,9",,,,,"2,1,009,1,+999,9",,"4,99,0021,1","SYN017333   91104 94000",
"07173099999","1990-01-08T12:00:00","4","48.2","6.4333333","320.0","EPINAL DOGNEVILLE, FR","FM-12","99999","V020","360,1,N,0010,1","99999,9,9,N","999999,9,N,9","+0047,1","+0029,1","10354,1","06,0000,9,1",,,"4,000",,"0000,9",,,,,"7,1,003,1,+999,9",,"4,99,0021,1","SYN017333   91104 94000",
"07173099999","1990-01-08T15:00:00","4","48.2","6.4333333","320.0","EPINAL DOGNEVILLE, FR","FM-12","99999","V020","310,1,N,0010,1","99999,9,9,N","999999,9,N,9","+0056,1","+0024,1","10356,1","06,0000,9,1",,,"4,000",,"0000,9",,,,,"2,1,003,1,+999,9",,"4,99,0021,1","SYN017333   91104 94000",
"07173099999","1990-01-08T18:00:00","4","48.2","6.4333333","320.0","EPINAL DOGNEVILLE, FR","FM-12","99999","V020","999,1,C,0000,1","99999,9,9,N","999999,9,N,9","+0038,1","+0022,1","10370,1","06,0000,9,1",,,"4,000",,"0000,9",,"999,M,+0060,1",,,"2,1,011,1,+999,9",,"4,99,0010,1","SYN023333   10060 91102 94000",
"07173099999","1990-01-08T21:00:00","4","48.2","6.4333333","320.0","EPINAL DOGNEVILLE, FR","FM-12","99999","V020","120,1,N,0010,1","99999,9,9,N","999999,9,N,9","+0023,1","+0011,1","10372,1","06,0000,9,1",,,"4,000",,"0000,9",,,,,"4,1,000,1,+999,9",,"4,99,0021,1","SYN017333   91104 94000",
"07173099999","1990-01-09T00:00:00","4","48.2","6.4333333","320.0","EPINAL DOGNEVILLE, FR","FM-12","99999","V020","999,1,C,0000,1","99999,9,9,N","999999,9,N,9","+0005,1","-0002,1","10379,1","06,0000,9,1",,,"4,000",,"0000,9",,,,,"2,1,004,1,+999,9",,"4,99,0010,1","SYN017333   91102 94000",
"07173099999","1990-01-09T03:00:00","4","48.2","6.4333333","320.0","EPINAL DOGNEVILLE, FR","FM-12","99999","V020","130,1,N,0010,1","99999,9,9,N","999999,9,N,9","+0011,1","+0005,1","10380,1","06,0000,9,1",,,"4,000",,"0000,9",,,,,"2,1,002,1,+999,9",,"4,99,0021,1","SYN017333   91104 94000",
"07173099999","1990-01-09T06:00:00","4","48.2","6.4333333","320.0","EPINAL DOGNEVILLE, FR","FM-12","99999","V020","999,1,C,0000,1","99999,9,9,N","999999,9,N,9","+0017,1","+0011,1","10381,1","06,0000,9,1",,,"4,000",,"0000,9","999,-0030,9","999,N,+0004,1",,,"2,1,002,1,+999,9",,"4,99,0010,1","SYN029333   20004 3/103 91102 94000",
"07173099999","1990-01-09T09:00:00","4","48.2","6.4333333","320.0","EPINAL DOGNEVILLE, FR","FM-12","99999","V020","030,1,N,0010,1","99999,9,9,N","999999,9,N,9","+0023,1","+0017,1","10389,1","06,0000,9,1",,,"4,000",,"0000,9",,,,,"2,1,008,1,+999,9",,"4,99,0021,1","SYN017333   91104 94000",
"07173099999","1990-01-09T12:00:00","4","48.2","6.4333333","320.0","EPINAL DOGNEVILLE, FR","FM-12","99999","V020","180,1,N,0021,1","99999,9,9,N","999999,9,N,9","+0026,1","+0016,1","10381,1","06,0000,9,1",,,"4,000",,"0000,9",,,,,"7,1,007,1,+999,9",,"4,99,0031,1","SYN017333   91106 94000",
"07173099999","1990-01-09T15:00:00","4","48.2","6.4333333","320.0","EPINAL DOGNEVILLE, FR","FM-12","99999","V020","360,1,N,0010,1","99999,9,9,N","999999,9,N,9","+0024,1","+0014,1","10378,1","06,0000,9,1",,,"4,000",,"0000,9",,,,,"7,1,003,1,+999,9",,"4,99,0041,1","SYN017333   91108 94000",
"07173099999","1990-01-09T18:00:00","4","48.2","6.4333333","320.0","EPINAL DOGNEVILLE, FR","FM-12","99999","V020","010,1,N,0021,1","99999,9,9,N","999999,9,N,9","+0016,1","+0004,1","10377,1","06,0000,9,1",,,"4,000",,"0000,9",,"999,M,+0030,1",,,"7,1,002,1,+999,9",,"4,99,0031,1","SYN023333   10030 91106 94000",
"07173099999","1990-01-09T21:00:00","4","48.2","6.4333333","320.0","EPINAL DOGNEVILLE, FR","FM-12","99999","V020","090,1,N,0010,1","99999,9,9,N","999999,9,N,9","+0006,1","-0003,1","10382,1","06,0000,9,1",,,"4,000",,"0000,9",,,,,"2,1,003,1,+999,9",,"4,99,0031,1","SYN017333   91106 94000",
"07173099999","1990-01-10T00:00:00","4","48.2","6.4333333","320.0","EPINAL DOGNEVILLE, FR","FM-12","99999","V020","100,1,N,0010,1","99999,9,9,N","999999,9,N,9","+0003,1","-0004,1","10380,1","06,0000,9,1",,,"4,000",,"0000,9",,,,,"7,1,002,1,+999,9",,"4,99,0021,1","SYN017333   91104 94000",
"07173099999","1990-01-10T03:00:00","4","48.2","6.4333333","320.0","EPINAL DOGNEVILLE, FR","FM-12","99999","V020","160,1,N,0010,1","99999,9,9,N","999999,9,N,9","-0002,1","-0009,1","10374,1","06,0000,9,1",,,"4,000",,"0000,9",,,,,"7,1,006,1,+999,9",,"4,99,0031,1","SYN017333   91106 94000",
"07173099999","1990-01-10T06:00:00","4","48.2","6.4333333","320.0","EPINAL DOGNEVILLE, FR","FM-12","99999","V020","190,1,N,0010,1","99999,9,9,N","999999,9,N,9","-0006,1","-0016,1","10370,1","06,0000,9,1",,,"4,000",,"0000,9","999,-0010,9","999,N,-0006,1",,,"7,1,005,1,+999,9",,"4,99,0031,1","SYN029333   21006 3/101 91106 94000",
"07173099999","1990-01-10T09:00:00","4","48.2","6.4333333","320.0","EPINAL DOGNEVILLE, FR","FM-12","99999","V020","230,1,N,0021,1","99999,9,9,N","999999,9,N,9","-0010,1","-0020,1","10371,1","06,0000,9,1",,,"4,000",,"0000,9",,,,,"4,1,000,1,+999,9",,"4,99,0031,1","SYN017333   91106 94000",
"07173099999","1990-01-10T12:00:00","4","48.2","6.4333333","320.0","EPINAL DOGNEVILLE, FR","FM-12","99999","V020","200,1,N,0021,1","99999,9,9,N","999999,9,N,9","-0011,1","-0022,1","10364,1","06,0000,9,1",,,"4,000",,"0000,9",,,,,"7,1,007,1,+999,9",,"4,99,0041,1","SYN017333   91108 94000",
"07173099999","1990-01-10T15:00:00","4","48.2","6.4333333","320.0","EPINAL DOGNEVILLE, FR","FM-12","99999","V020","999,1,C,0000,1","99999,9,9,N","999999,9,N,9","-0004,1","-0020,1","10348,1","06,0000,9,1",,,"4,000",,"0000,9",,,,,"7,1,014,1,+999,9",,"4,99,0010,1","SYN017333   91102 94000",
"07173099999","1990-01-10T18:00:00","4","48.2","6.4333333","320.0","EPINAL DOGNEVILLE, FR","FM-12","99999","V020","160,1,N,0021,1","99999,9,9,N","999999,9,N,9","-0012,1","-0022,1","10357,1","06,0000,9,1",,,"4,000",,"0000,9",,"999,M,-0002,1",,,"2,1,007,1,+999,9",,"4,99,0041,1","SYN023333   11002 91108 94000",
"07173099999","1990-01-10T21:00:00","4","48.2","6.4333333","320.0","EPINAL DOGNEVILLE, FR","FM-12","99999","V020","190,1,N,0010,1","99999,9,9,N","999999,9,N,9","-0017,1","-0025,1","10356,1","06,0000,9,1",,,"4,000",,"0000,9",,,,,"7,1,001,1,+999,9",,"4,99,0021,1","SYN017333   91104 94000",
"07173099999","1990-01-11T00:00:00","4","48.2","6.4333333","320.0","EPINAL DOGNEVILLE, FR","FM-12","99999","V020","999,1,C,0000,1","99999,9,9,N","999999,9,N,9","-0023,1","-0031,1","10355,1","06,0000,9,1",,,"4,000",,"0000,9",,,,,"7,1,002,1,+999,9",,"4,99,0021,1","SYN017333   91104 94000",
"07173099999","1990-01-11T03:00:00","4","48.2","6.4333333","320.0","EPINAL DOGNEVILLE, FR","FM-12","99999","V020","240,1,N,0010,1","99999,9,9,N","999999,9,N,9","-0023,1","-0031,1","10354,1","06,0000,9,1",,,"4,000",,"0000,9",,,,,"7,1,001,1,+999,9",,"4,99,0021,1","SYN017333   91104 94000",
"07173099999","1990-01-11T06:00:00","4","48.2","6.4333333","320.0","EPINAL DOGNEVILLE, FR","FM-12","99999","V020","340,1,N,0010,1","99999,9,9,N","999999,9,N,9","-0024,1","-0032,1","10353,1",,,,"2,000",,"0000,9","999,-0020,9",,,,"7,1,001,1,+999,9",,"4,99,0021,1","SYN023333   3/102 91104 94000",
"07173099999","1990-01-11T09:00:00","4","48.2","6.4333333","320.0","EPINAL DOGNEVILLE, FR","FM-12","99999","V020","120,1,N,0010,1","99999,9,9,N","999999,9,N,9","-0020,1","-0031,1","10358,1","06,0000,9,1",,,"4,000",,"0000,9",,,,,"2,1,005,1,+999,9",,"4,99,0031,1","SYN017333   91106 94000",
"07173099999","1990-01-11T12:00:00","4","48.2","6.4333333","320.0","EPINAL DOGNEVILLE, FR","FM-12","99999","V020","220,1,N,0010,1","99999,9,9,N","999999,9,N,9","-0011,1","-0030,1","10351,1","06,0000,9,1",,,"4,000",,"0000,9",,,,,"7,1,005,1,+999,9",,"4,99,0021,1","SYN017333   91104 94000",
"07173099999","1990-01-11T15:00:00","4","48.2","6.4333333","320.0","EPINAL DOGNEVILLE, FR","FM-12","99999","V020","080,1,N,0010,1","99999,9,9,N","999999,9,N,9","-0009,1","-0029,1","10338,1","06,0000,9,1",,,"4,000",,"0000,9",,,,,"7,1,012,1,+999,9",,"4,99,0021,1","SYN017333   91104 94000",
"07173099999","1990-01-11T21:00:00","4","48.2","6.4333333","320.0","EPINAL DOGNEVILLE, FR","FM-12","99999","V020","080,1,N,0010,1","99999,9,9,N","999999,9,N,9","-0026,1","-0034,1","10337,1","06,0000,9,1",,,"4,000",,"0000,9",,,,,"7,1,004,1,+999,9",,"4,99,0031,1","SYN017333   91106 94000",
"07173099999","1990-01-12T00:00:00","4","48.2","6.4333333","320.0","EPINAL DOGNEVILLE, FR","FM-12","99999","V020","110,1,N,0010,1","99999,9,9,N","999999,9,N,9","-0031,1","-0039,1","10330,1","06,0000,9,1",,,"4,000",,"0000,9",,,,,"7,1,007,1,+999,9",,"4,99,0021,1","SYN017333   91104 94000",
"07173099999","1990-01-12T06:00:00","4","48.2","6.4333333","320.0","EPINAL DOGNEVILLE, FR","FM-12","99999","V020","999,1,C,0000,1","99999,9,9,N","999999,9,N,9","-0058,1","-0072,1","10329,1","06,0000,9,1",,,"4,000",,"0000,9","999,-0100,9","999,N,-0058,1",,,"7,1,006,1,+999,9",,"4,99,0010,1","SYN029333   21058 3/110 91102 94000",
"07173099999","1990-01-12T09:00:00","4","48.2","6.4333333","320.0","EPINAL DOGNEVILLE, FR","FM-12","99999","V020","999,1,C,0000,1","99999,9,9,N","999999,9,N,9","-0038,1","-0053,1","10333,1","06,0000,9,1",,,"4,000",,"0060,9",,,,,"2,1,006,1,+999,9",,"4,99,0010,1","SYN017333   91102 94010",
"07173099999","1990-01-12T12:00:00","4","48.2","6.4333333","320.0","EPINAL DOGNEVILLE, FR","FM-12","99999","V020","280,1,N,0010,1","99999,9,9,N","999999,9,N,9","+0014,1","-0020,1","10320,1","06,0000,9,1",,,"4,000",,"0060,9",,,,,"7,1,005,1,+999,9",,"4,99,0021,1","SYN017333   91104 94010",
"07173099999","1990-01-12T15:00:00","4","48.2","6.4333333","320.0","EPINAL DOGNEVILLE, FR","FM-12","99999","V020","320,1,N,0010,1","99999,9,9,N","999999,9,N,9","+0037,1","-0007,1","10307,1","06,0000,9,1",,,"4,000",,"0060,9",,,,,"7,1,009,1,+999,9",,"4,99,0021,1","SYN017333   91104 94010",
"07173099999","1990-01-12T18:00:00","4","48.2","6.4333333","320.0","EPINAL DOGNEVILLE, FR","FM-12","99999","V020","999,1,C,0000,1","99999,9,9,N","999999,9,N,9","-0023,1","-0037,1","10318,1","06,0000,9,1",,,"4,000",,"0000,9",,"999,M,+0037,1",,,"2,1,002,1,+999,9",,"4,99,0010,1","SYN023333   10037 91102 94000",
"07173099999","1990-01-12T21:00:00","4","48.2","6.4333333","320.0","EPINAL DOGNEVILLE, FR","FM-12","99999","V020","999,1,C,0000,1","99999,9,9,N","999999,9,N,9","-0047,1","-0061,1","10326,1","06,0000,9,1",,,"4,000",,"0000,9",,,,,"2,1,004,1,+999,9",,"4,99,0010,1","SYN017333   91102 94000",
"07173099999","1990-01-13T00:00:00","4","48.2","6.4333333","320.0","EPINAL DOGNEVILLE, FR","FM-12","99999","V020","999,1,C,0000,1","99999,9,9,N","999999,9,N,9","-0056,1","-0070,1","10327,1","06,0000,9,1",,,"4,000",,"0000,9",,,,,"4,1,000,1,+999,9",,"4,99,0010,1","SYN017333   91102 94000",
"07173099999","1990-01-13T03:00:00","4","48.2","6.4333333","320.0","EPINAL DOGNEVILLE, FR","FM-12","99999","V020","999,1,C,0000,1","99999,9,9,N","999999,9,N,9","-0041,1","-0053,1","10324,1","06,0000,9,1",,,"4,000",,"0000,9",,,,,"7,1,001,1,+999,9",,"4,99,0021,1","SYN017333   91104 94000",
"07173099999","1990-01-13T06:00:00","4","48.2","6.4333333","320.0","EPINAL DOGNEVILLE, FR","FM-12","99999","V020","999,1,C,0000,1","99999,9,9,N","999999,9,N,9","-0020,1","-0031,1","10317,1","06,0000,9,1",,,"4,000",,"0462,9","999,-0110,9","999,N,-0058,1",,,"7,1,003,1,+999,9",,"4,99,0021,1","SYN029333   21058 3/111 91104 94077",
"07173099999","1990-01-13T09:00:00","4","48.2","6.4333333","320.0","EPINAL DOGNEVILLE, FR","FM-12","99999","V020","340,1,N,0010,1","99999,9,9,N","999999,9,N,9","-0018,1","-0029,1","10324,1","06,0000,9,1",,,"4,000",,"0048,9",,,,,"2,1,007,1,+999,9",,"4,99,0010,1","SYN017333   91102 94008",
"07173099999","1990-01-13T12:00:00","4","48.2","6.4333333","320.0","EPINAL DOGNEVILLE, FR","FM-12","99999","V020","240,1,N,0021,1","99999,9,9,N","999999,9,N,9","+0053,1","+0003,1","10303,1","06,0000,9,1",,,"4,000",,"0060,9",,,,,"7,1,010,1,+999,9",,"4,99,0041,1","SYN017333   91108 94010",
"07173099999","1990-01-13T15:00:00","4","48.2","6.4333333","320.0","EPINAL DOGNEVILLE, FR","FM-12","99999","V020","230,1,N,0010,1","99999,9,9,N","999999,9,N,9","+0053,1","+0005,1","10297,1","06,0000,9,1",,,"4,000",,"0060,9",,,,,"7,1,006,1,+999,9",,"4,99,0031,1","SYN017333   91106 94010",
"07173099999","1990-01-13T18:00:00","4","48.2","6.4333333","320.0","EPINAL DOGNEVILLE, FR","FM-12","99999","V020","999,1,C,0000,1","99999,9,9,N","999999,9,N,9","-0014,1","-0027,1","10301,1","06,0000,9,1",,,"4,000",,"0000,9",,"999,M,+0065,1",,,"7,1,005,1,+999,9",,"4,99,0021,1","SYN023333   10065 91104 94000",
"07173099999","1990-01-13T21:00:00","4","48.2","6.4333333","320.0","EPINAL DOGNEVILLE, FR","FM-12","99999","V020","270,1,N,0010,1","99999,9,9,N","999999,9,N,9","-0040,1","-0054,1","10301,1","06,0000,9,1",,,"4,000",,"0000,9",,,,,"7,1,005,1,+999,9",,"4,99,0021,1","SYN017333   91104 94000",
"07173099999","1990-01-14T00:00:00","4","48.2","6.4333333","320.0","EPINAL DOGNEVILLE, FR","FM-12","99999","V020","999,1,C,0000,1","99999,9,9,N","999999,9,N,9","-0053,1","-0067,1","10293,1","06,0000,9,1",,,"4,000",,"0000,9",,,,,"7,1,009,1,+999,9",,"4,99,0010,1","SYN017333   91102 94000",
"07173099999","1990-01-14T03:00:00","4","48.2","6.4333333","320.0","EPINAL DOGNEVILLE, FR","FM-12","99999","V020","999,1,C,0000,1","99999,9,9,N","999999,9,N,9","-0050,1","-0062,1","10285,1","06,0000,9,1",,,"4,000",,"0000,9",,,,,"7,1,008,1,+999,9",,"4,99,0010,1","SYN017333   91102 94000",
"07173099999","1990-01-14T06:00:00","4","48.2","6.4333333","320.0","EPINAL DOGNEVILLE, FR","FM-12","99999","V020","999,1,C,0000,1","99999,9,9,N","999999,9,N,9","-0029,1","-0040,1","10277,1","06,0000,9,1",,,"4,000",,"0414,9","999,-0110,9","999,N,-0059,1",,,"7,1,004,1,+999,9",,"4,99,0021,1","SYN029333   21059 3/111 91104 94069",
"07173099999","1990-01-14T09:00:00","4","48.2","6.4333333","320.0","EPINAL DOGNEVILLE, FR","FM-12","99999","V020","999,1,C,0000,1","99999,9,9,N","999999,9,N,9","-0009,1","-0019,1","10272,1","06,0000,9,1",,,"4,000",,"0000,9",,,,,"7,1,002,1,+999,9",,"4,99,0021,1","SYN017333   91104 94000",
"07173099999","1990-01-14T12:00:00","4","48.2","6.4333333","320.0","EPINAL DOGNEVILLE, FR","FM-12","99999","V020","160,1,N,0041,1","99999,9,9,N","999999,9,N,9","+0030,1","+0002,1","10260,1",,,,"2,000",,"0000,9",,,,,"7,1,006,1,+999,9",,"4,99,0062,1","SYN017333   91112 94000",
"07173099999","1990-01-14T15:00:00","4","48.2","6.4333333","320.0","EPINAL DOGNEVILLE, FR","FM-12","99999","V020","170,1,N,0031,1","99999,9,9,N","999999,9,N,9","+0017,1","+0002,1","10266,1","06,0000,9,1",,,"4,000",,"0000,9",,,,,"2,1,004,1,+999,9",,"4,99,0062,1","SYN017333   91112 94000",
"07173099999","1990-01-14T18:00:00","4","48.2","6.4333333","320.0","EPINAL DOGNEVILLE, FR","FM-12","99999","V020","170,1,N,0041,1","99999,9,9,N","999999,9,N,9","+0012,1","-0001,1","10278,1",,,,"2,000",,"0000,9",,,,,"2,1,011,1,+999,9",,"4,99,0062,1","SYN017333   91112 94000",
"07173099999","1990-01-14T21:00:00","4","48.2","6.4333333","320.0","EPINAL DOGNEVILLE, FR","FM-12","99999","V020","150,1,N,0021,1","99999,9,9,N","999999,9,N,9","+0015,1","+0000,1","10287,1","06,0000,9,1",,,"4,000",,"0000,9",,,,,"2,1,009,1,+999,9",,"4,99,0041,1","SYN017333   91108 94000",
"07173099999","1990-01-15T00:00:00","4","48.2","6.4333333","320.0","EPINAL DOGNEVILLE, FR","FM-12","99999","V020","160,1,N,0010,1","99999,9,9,N","999999,9,N,9","+0012,1","-0003,1","10294,1","06,0000,9,1",,,"4,000",,"0000,9",,,,,"2,1,006,1,+999,9",,"4,99,0031,1","SYN017333   91106 94000",
"07173099999","1990-01-15T03:00:00","4","48.2","6.4333333","320.0","EPINAL DOGNEVILLE, FR","FM-12","99999","V020","170,1,N,0010,1","99999,9,9,N","999999,9,N,9","-0009,1","-0019,1","10298,1","06,0000,9,1",,,"4,000",,"0000,9",,,,,"2,1,001,1,+999,9",,"4,99,0021,1","SYN017333   91104 94000",
"07173099999","1990-01-15T06:00:00","4","48.2","6.4333333","320.0","EPINAL DOGNEVILLE, FR","FM-12","99999","V020","200,1,N,0031,1","99999,9,9,N","999999,9,N,9","+0003,1","-0004,1","10306,1","06,0000,9,1",,,"4,000",,"0000,9","999,-0040,9","999,N,-0009,1",,,"2,1,010,1,+999,9",,"4,99,0041,1","SYN029333   21009 3/104 91108 94000",
"07173099999","1990-01-15T09:00:00","4","48.2","6.4333333","320.0","EPINAL DOGNEVILLE, FR","FM-12","99999","V020","140,1,N,0021,1","99999,9,9,N","999999,9,N,9","+0014,1","+0002,1","10314,1","06,0000,9,1",,,"4,000",,"0000,9",,,,,"2,1,009,1,+999,9",,"4,99,0041,1","SYN017333   91108 94000",
"07173099999","1990-01-15T12:00:00","4","48.2","6.4333333","320.0","EPINAL DOGNEVILLE, FR","FM-12","99999","V020","180,1,N,0041,1","99999,9,9,N","999999,9,N,9","+0041,1","+0016,1","10306,1","06,0000,9,1",,,"4,000",,"0000,9",,,,,"7,1,004,1,+999,9",,"4,99,0082,1","SYN017333   91116 94000",
"07173099999","1990-01-15T15:00:00","4","48.2","6.4333333","320.0","EPINAL DOGNEVILLE, FR","FM-12","99999","V020","170,1,N,0041,1","99999,9,9,N","999999,9,N,9","+0032,1","+0014,1","10310,1","06,0000,9,1",,,"4,000",,"0000,9",,,,,"2,1,003,1,+999,9",,"4,99,0072,1","SYN017333   91114 94000",
"07173099999","1990-01-15T18:00:00","4","48.2","6.4333333","320.0","EPINAL DOGNEVILLE, FR","FM-12","99999","V020","160,1,N,0041,1","99999,9,9,N","999999,9,N,9","+0030,1","+0017,1","10314,1","99,0005,9,1",,,"0,000","4,1,06,1","0000,9",,"999,M,+0042,1",,,"2,1,003,1,+999,9","21,1","4,99,0072,1","SYN023333   10042 91114 94000",
"07173099999","1990-01-15T21:00:00","4","48.2","6.4333333","320.0","EPINAL DOGNEVILLE, FR","FM-12","99999","V020","160,1,N,0041,1","99999,9,9,N","999999,9,N,9","+0037,1","+0025,1","10315,1","06,0000,9,1",,,"4,000",,"0000,9",,,,,"2,1,002,1,+999,9",,"4,99,0072,1","SYN017333   91114 94000",
"07173099999","1990-01-16T00:00:00","4","48.2","6.4333333","320.0","EPINAL DOGNEVILLE, FR","FM-12","99999","V020","170,1,N,0051,1","99999,9,9,N","999999,9,N,9","+0041,1","+0029,1","10315,1","06,0005,9,1",,,"0,000",,"0000,9",,,,,"2,1,001,1,+999,9",,"4,99,0082,1","SYN017333   91116 94000",
"07173099999","1990-01-16T03:00:00","4","48.2","6.4333333","320.0","EPINAL DOGNEVILLE, FR","FM-12","99999","V020","170,1,N,0051,1","99999,9,9,N","999999,9,N,9","+0046,1","+0034,1","10312,1","06,0000,9,1",,,"4,000",,"0000,9",,,,,"7,1,003,1,+999,9",,"4,99,0082,1","SYN017333   91116 94000",
"07173099999","1990-01-16T06:00:00","4","48.2","6.4333333","320.0","EPINAL DOGNEVILLE, FR","FM-12","99999","V020","180,1,N,0041,1","99999,9,9,N","999999,9,N,9","+0047,1","+0037,1","10318,1","99,0005,9,1",,,"0,000",,"0000,9","999,+0030,9","999,N,+0030,1",,,"2,1,007,1,+999,9",,"4,99,0062,1","SYN029333   20030 3/003 91112 94000",
"07173099999","1990-01-16T09:00:00","4","48.2","6.4333333","320.0","EPINAL DOGNEVILLE, FR","FM-12","99999","V020","160,1,N,0062,1","99999,9,9,N","999999,9,N,9","+0053,1","+0041,1","10321,1","06,0000,9,1",,,"4,000",,"0000,9",,,,,"2,1,003,1,+999,9",,"4,99,0082,1","SYN017333   91116 94000",
"07173099999","1990-01-16T12:00:00","4","48.2","6.4333333","320.0","EPINAL DOGNEVILLE, FR","FM-12","99999","V020","180,1,N,0031,1","99999,9,9,N","999999,9,N,9","+0060,1","+0048,1","10317,1","06,0000,9,1",,,"4,000",,"0000,9",,,,,"7,1,003,1,+999,9",,"4,99,0051,1","SYN017333   91110 94000",
"07173099999","1990-01-16T15:00:00","4","48.2","6.4333333","320.0","EPINAL DOGNEVILLE, FR","FM-12","99999","V020","150,1,N,0041,1","99999,9,9,N","999999,9,N,9","+0064,1","+0050,1","10301,1","06,0000,9,1",,,"4,000",,"0000,9",,,,,"7,1,014,1,+999,9",,"4,99,0062,1","SYN017333   91112 94000",
"07173099999","1990-01-16T18:00:00","4","48.2","6.4333333","320.0","EPINAL DOGNEVILLE, FR","FM-12","99999","V020","160,1,N,0031,1","99999,9,9,N","999999,9,N,9","+0066,1","+0056,1","10302,1","06,0000,9,1",,,"4,000",,"0000,9",,"999,M,+0066,1",,,"2,1,001,1,+999,9",,"4,99,0051,1","SYN023333   10066 91110 94000",
"07173099999","1990-01-16T21:00:00","4","48.2","6.4333333","320.0","EPINAL DOGNEVILLE, FR","FM-12","99999","V020","170,1,N,0051,1","99999,9,9,N","999999,9,N,9","+0069,1","+0055,1","10290,1","06,0000,9,1",,,"4,000",,"0000,9",,,,,"7,1,011,1,+999,9",,"4,99,0088,1","SYN017333   91117 94000",
"07173099999","1990-01-17T00:00:00","4","48.2","6.4333333","320.0","EPINAL DOGNEVILLE, FR","FM-12","99999","V020","180,1,N,0041,1","99999,9,9,N","999999,9,N,9","+0068,1","+0057,1","10285,1","06,0000,9,1",,,"4,000",,"0000,9",,,,,"7,1,005,1,+999,9",,"4,99,0072,1","SYN017333   91114 94000",
"07173099999","1990-01-17T03:00:00","4","48.2","6.4333333","320.0","EPINAL DOGNEVILLE, FR","FM-12","99999","V020","170,1,N,0031,1","99999,9,9,N","999999,9,N,9","+0069,1","+0058,1","10277,1","06,0000,9,1",,,"4,000",,"0000,9",,,,,"7,1,008,1,+999,9",,"4,99,0062,1","SYN017333   91112 94000",
"07173099999","1990-01-17T06:00:00","4","48.2","6.4333333","320.0","EPINAL DOGNEVILLE, FR","FM-12","99999","V020","180,1,N,0041,1","99999,9,9,N","999999,9,N,9","+0069,1","+0057,1","10270,1","99,9999,2,9",,,"0,000",,"0000,9","999,+0060,9","999,N,+0066,1",,,"7,1,007,1,+999,9",,"4,99,0082,1","SYN029333   20066 3/006 91116 94000",
"07173099999","1990-01-17T09:00:00","4","48.2","6.4333333","320.0","EPINAL DOGNEVILLE, FR","FM-12","99999","V020","180,1,N,0051,1","99999,9,9,N","999999,9,N,9","+0069,1","+0057,1","10271,1","06,0000,9,1",,,"4,000",,"0000,9",,,,,"2,1,001,1,+999,9",,"4,99,0098,1","SYN017333   91119 94000",
"07173099999","1990-01-17T12:00:00","4","48.2","6.4333333","320.0","EPINAL DOGNEVILLE, FR","FM-12","99999","V020","190,1,N,0041,1","99999,9,9,N","999999,9,N,9","+0073,1","+0061,1","10264,1","06,0000,9,1",,,"4,000",,"0000,9",,,,,"7,1,006,1,+999,9",,"4,99,0072,1","SYN017333   91114 94000",
"07173099999","1990-01-17T15:00:00","4","48.2","6.4333333","320.0","EPINAL DOGNEVILLE, FR","FM-12","99999","V020","180,1,N,0051,1","99999,9,9,N","999999,9,N,9","+0066,1","+0056,1","10259,1","99,0003,9,1",,,"0,000","4,1,03,1","0000,9",,,,,"7,1,006,1,+999,9","21,1","4,99,0088,1","SYN017333   91117 94000",
"07173099999","1990-01-17T18:00:00","4","48.2","6.4333333","320.0","EPINAL DOGNEVILLE, FR","FM-12","99999","V020","180,1,N,0021,1","99999,9,9,N","999999,9,N,9","+0067,1","+0056,1","10265,1","99,0010,9,1",,,"3,000","4,1,06,1","0000,9",,"999,M,+0075,1",,,"2,1,006,1,+999,9","41,1","4,99,0041,1","SYN023333   10075 91108 94000",
"07173099999","1990-01-17T21:00:00","4","48.2","6.4333333","320.0","EPINAL DOGNEVILLE, FR","FM-12","99999","V020","120,1,N,0010,1","99999,9,9,N","999999,9,N,9","+0053,1","+0044,1","10277,1","99,0005,9,1",,,"0,000","4,1,03,1","0000,9",,,,,"2,1,010,1,+999,9","21,1","4,99,0021,1","SYN017333   91104 94000",
"07173099999","1990-01-18T00:00:00","4","48.2","6.4333333","320.0","EPINAL DOGNEVILLE, FR","FM-12","99999","V020","330,1,N,0010,1","99999,9,9,N","999999,9,N,9","+0046,1","+0039,1","10275,1","06,0020,9,1",,,"0,000",,"0000,9",,,,,"7,1,003,1,+999,9",,"4,99,0021,1","SYN017333   91104 94000",
"07173099999","1990-01-18T03:00:00","4","48.2","6.4333333","320.0","EPINAL DOGNEVILLE, FR","FM-12","99999","V020","999,1,C,0000,1","99999,9,9,N","999999,9,N,9","+0034,1","+0027,1","10275,1","06,0000,9,1",,,"4,000",,"0000,9",,,,,"7,1,001,1,+999,9",,"4,99,0021,1","SYN017333   91104 94000",
"07173099999","1990-01-18T06:00:00","4","48.2","6.4333333","320.0","EPINAL DOGNEVILLE, FR","FM-12","99999","V020","999,1,C,0000,1","99999,9,9,N","999999,9,N,9","+0014,1","+0007,1","10281,1","99,0020,9,1",,,"0,000",,"0000,9","999,-0010,9","999,N,+0011,1",,,"2,1,002,1,+999,9",,"4,99,0010,1","SYN029333   20011 3/101 91102 94000",
"07173099999","1990-01-18T09:00:00","4","48.2","6.4333333","320.0","EPINAL DOGNEVILLE, FR","FM-12","99999","V020","320,1,N,0010,1","99999,9,9,N","999999,9,N,9","+0015,1","+0008,1","10296,1","06,0000,9,1",,,"4,000",,"0000,9",,,,,"2,1,015,1,+999,9",,"4,99,0031,1","SYN017333   91106 94000",
"07173099999","1990-01-18T12:00:00","4","48.2","6.4333333","320.0","EPINAL DOGNEVILLE, FR","FM-12","99999","V020","060,1,N,0010,1","99999,9,9,N","999999,9,N,9","+0022,1","+0015,1","10297,1","06,0000,9,1",,,"4,000",,"0000,9",,,,,"2,1,002,1,+999,9",,"4,99,0021,1","SYN017333   91104 94000",
"07173099999","1990-01-18T15:00:00","4","48.2","6.4333333","320.0","EPINAL DOGNEVILLE, FR","FM-12","99999","V020","010,1,N,0010,1","99999,9,9,N","999999,9,N,9","+0031,1","+0003,1","10304,1","06,0000,9,1",,,"4,000",,"0018,9",,,,,"2,1,008,1,+999,9",,"4,99,0031,1","SYN017333   91106 94003",
"07173099999","1990-01-18T18:00:00","4","48.2","6.4333333","320.0","EPINAL DOGNEVILLE, FR","FM-12","99999","V020","999,1,C,0000,1","99999,9,9,N","999999,9,N,9","-0012,1","-0023,1","10322,1","06,0000,9,1",,,"4,000",,"0000,9",,"999,M,+0037,1",,,"2,1,011,1,+999,9",,"4,99,0010,1","SYN023333   10037 91102 94000",
"07173099999","1990-01-18T21:00:00","4","48.2","6.4333333","320.0","EPINAL DOGNEVILLE, FR","FM-12","99999","V020","999,1,C,0000,1","99999,9,9,N","999999,9,N,9","-0042,1","-0053,1","10336,1","06,0000,9,1",,,"4,000",,"0000,9",,,,,"2,1,009,1,+999,9",,"4,99,0000,1","SYN017333   91100 94000",
"07173099999","1990-01-19T00:00:00","4","48.2","6.4333333","320.0","EPINAL DOGNEVILLE, FR","FM-12","99999","V020","999,1,C,0000,1","99999,9,9,N","999999,9,N,9","-0052,1","-0063,1","10339,1","06,0000,9,1",,,"4,000",,"0000,9",,,,,"2,1,001,1,+999,9",,"4,99,0010,1","SYN017333   91102 94000",
"07173099999","1990-01-19T03:00:00","4","48.2","6.4333333","320.0","EPINAL DOGNEVILLE, FR","FM-12","99999","V020","999,1,C,0000,1","99999,9,9,N","999999,9,N,9","-0058,1","-0070,1","10329,1","06,0000,9,1",,,"4,000",,"0000,9",,,,,"7,1,010,1,+999,9",,"4,99,0010,1","SYN017333   91102 94000",
"07173099999","1990-01-19T06:00:00","4","48.2","6.4333333","320.0","EPINAL DOGNEVILLE, FR","FM-12","99999","V020","999,1,C,0000,1","99999,9,9,N","999999,9,N,9","-0064,1","-0078,1","10335,1","06,0000,9,1",,,"4,000",,"0090,9","999,-0120,9","999,N,-0064,1",,,"2,1,004,1,+999,9",,"4,99,0010,1","SYN029333   21064 3/112 91102 94015",
"07173099999","1990-01-19T09:00:00","4","48.2","6.4333333","320.0","EPINAL DOGNEVILLE, FR","FM-12","99999","V020","999,1,C,0000,1","99999,9,9,N","999999,9,N,9","-0035,1","-0046,1","10333,1","06,0000,9,1",,,"4,000",,"0060,9",,,,,"2,1,003,1,+999,9",,"4,99,0010,1","SYN017333   91102 94010",
"07173099999","1990-01-19T12:00:00","4","48.2","6.4333333","320.0","EPINAL DOGNEVILLE, FR","FM-12","99999","V020","220,1,N,0010,1","99999,9,9,N","999999,9,N,9","+0027,1","-0004,1","10317,1","06,0000,9,1",,,"4,000",,"0060,9",,,,,"7,1,006,1,+999,9",,"4,99,0021,1","SYN017333   91104 94010",
"07173099999","1990-01-19T15:00:00","4","48.2","6.4333333","320.0","EPINAL DOGNEVILLE, FR","FM-12","99999","V020","210,1,N,0021,1","99999,9,9,N","999999,9,N,9","+0037,1","-0016,1","10313,1","06,0000,9,1",,,"4,000",,"0024,9",,,,,"7,1,003,1,+999,9",,"4,99,0031,1","SYN017333   91106 94004",
"07173099999","1990-01-19T18:00:00","4","48.2","6.4333333","320.0","EPINAL DOGNEVILLE, FR","FM-12","99999","V020","160,1,N,0021,1","99999,9,9,N","999999,9,N,9","+0002,1","-0017,1","10321,1","06,0000,9,1",,,"4,000",,"0000,9",,"999,M,+0048,1",,,"2,1,003,1,+999,9",,"4,99,0031,1","SYN023333   10048 91106 94000",
"07173099999","1990-01-19T21:00:00","4","48.2","6.4333333","320.0","EPINAL DOGNEVILLE, FR","FM-12","99999","V020","200,1,N,0021,1","99999,9,9,N","999999,9,N,9","-0001,1","-0026,1","10327,1","06,0000,9,1",,,"4,000",,"0000,9",,,,,"2,1,005,1,+999,9",,"4,99,0031,1","SYN017333   91106 94000",
"07173099999","1990-01-20T00:00:00","4","48.2","6.4333333","320.0","EPINAL DOGNEVILLE, FR","FM-12","99999","V020","180,1,N,0021,1","99999,9,9,N","999999,9,N,9","+0000,1","-0032,1","10329,1","06,0000,9,1",,,"4,000",,"0000,9",,,,,"2,1,002,1,+999,9",,"4,99,0031,1","SYN017333   91106 94000",
"07173099999","1990-01-20T06:00:00","4","48.2","6.4333333","320.0","EPINAL DOGNEVILLE, FR","FM-12","99999","V020","160,1,N,0051,1","99999,9,9,N","999999,9,N,9","+0010,1","-0029,1","10339,1","06,0000,9,1",,,"4,000",,"0402,9","999,-0040,9","999,N,-0008,1",,,"2,1,005,1,+999,9",,"4,99,0082,1","SYN029333   21008 3/104 91116 94067",
"07173099999","1990-01-20T09:00:00","4","48.2","6.4333333","320.0","EPINAL DOGNEVILLE, FR","FM-12","99999","V020","150,1,N,0041,1","99999,9,9,N","999999,9,N,9","+0014,1","-0005,1","10345,1","06,0000,9,1",,,"4,000",,"0000,9",,,,,"2,1,007,1,+999,9",,"4,99,0072,1","SYN017333   91114 94000",
"07173099999","1990-01-20T12:00:00","4","48.2","6.4333333","320.0","EPINAL DOGNEVILLE, FR","FM-12","99999","V020","180,1,N,0041,1","99999,9,9,N","999999,9,N,9","+0021,1","+0006,1","10349,1","06,0010,9,1",,,"0,000","4,1,06,1","0000,9",,,,,"2,1,004,1,+999,9","21,1","4,99,0082,1","SYN017333   91116 94000",
"07173099999","1990-01-20T15:00:00","4","48.2","6.4333333","320.0","EPINAL DOGNEVILLE, FR","FM-12","99999","V020","170,1,N,0051,1","99999,9,9,N","999999,9,N,9","+0024,1","+0006,1","10343,1","06,0000,9,1",,,"4,000",,"0000,9",,,,,"7,1,005,1,+999,9",,"4,99,0082,1","SYN017333   91116 94000",
"07173099999","1990-01-20T18:00:00","4","48.2","6.4333333","320.0","EPINAL DOGNEVILLE, FR","FM-12","99999","V020","150,1,N,0031,1","99999,9,9,N","999999,9,N,9","+0027,1","+0008,1","10364,1","99,0010,9,1",,,"0,000",,"0000,9",,"999,M,+0027,1",,,"2,1,021,1,+999,9",,"4,99,0051,1","SYN023333   10027 91110 94000",
"07173099999","1990-01-20T21:00:00","4","48.2","6.4333333","320.0","EPINAL DOGNEVILLE, FR","FM-12","99999","V020","170,1,N,0031,1","99999,9,9,N","999999,9,N,9","+0029,1","+0017,1","10372,1","99,0003,9,1",,,"0,000","4,1,03,1","0000,9",,,,,"2,1,008,1,+999,9","21,1","4,99,0051,1","SYN017333   91110 94000",
"07173099999","1990-01-21T00:00:00","4","48.2","6.4333333","320.0","EPINAL DOGNEVILLE, FR","FM-12","99999","V020","170,1,N,0021,1","99999,9,9,N","999999,9,N,9","+0034,1","+0021,1","10370,1","06,0005,9,1",,,"0,000",,"0000,9",,,,,"7,1,002,1,+999,9",,"4,99,0041,1","SYN017333   91108 94000",
"07173099999","1990-01-21T03:00:00","4","48.2","6.4333333","320.0","EPINAL DOGNEVILLE, FR","FM-12","99999","V020","170,1,N,0031,1","99999,9,9,N","999999,9,N,9","+0041,1","+0028,1","10369,1","06,0000,9,1",,,"4,000",,"0000,9",,,,,"2,1,001,1,+999,9",,"4,99,0051,1","SYN017333   91110 94000",
"07173099999","1990-01-21T06:00:00","4","48.2","6.4333333","320.0","EPINAL DOGNEVILLE, FR","FM-12","99999","V020","160,1,N,0010,1","99999,9,9,N","999999,9,N,9","+0042,1","+0029,1","10370,1","99,0005,9,1",,,"0,000",,"0000,9","999,+0020,9","999,N,+0027,1",,,"2,1,001,1,+999,9",,"4,99,0021,1","SYN029333   20027 3/002 91104 94000",
"07173099999","1990-01-21T09:00:00","4","48.2","6.4333333","320.0","EPINAL DOGNEVILLE, FR","FM-12","99999","V020","160,1,N,0021,1","99999,9,9,N","999999,9,N,9","+0047,1","+0029,1","10373,1","06,0000,9,1",,,"4,000",,"0000,9",,,,,"2,1,003,1,+999,9",,"4,99,0031,1","SYN017333   91106 94000",
"07173099999","1990-01-21T12:00:00","4","48.2","6.4333333","320.0","EPINAL DOGNEVILLE, FR","FM-12","99999","V020","130,1,N,0010,1","99999,9,9,N","999999,9,N,9","+0090,1","+0019,1","10359,1","06,0000,9,1",,,"4,000",,"0060,9",,,,,"7,1,007,1,+999,9",,"4,99,0031,1","SYN017333   91106 94010",
"07173099999","1990-01-21T15:00:00","4","48.2","6.4333333","320.0","EPINAL DOGNEVILLE, FR","FM-12","99999","V020","999,1,C,0000,1","99999,9,9,N","999999,9,N,9","+0088,1","+0012,1","10349,1","06,0000,9,1",,,"4,000",,"0054,9",,,,,"7,1,010,1,+999,9",,"4,99,0010,1","SYN017333   91102 94009",
"07173099999","1990-01-21T18:00:00","4","48.2","6.4333333","320.0","EPINAL DOGNEVILLE, FR","FM-12","99999","V020","999,1,C,0000,1","99999,9,9,N","999999,9,N,9","+0011,1","-0005,1","10363,1","06,0000,9,1",,,"4,000",,"0000,9",,"999,M,+0099,1",,,"2,1,003,1,+999,9",,"4,99,0000,1","SYN023333   10099 91100 94000",
"07173099999","1990-01-21T21:00:00","4","48.2","6.4333333","320.0","EPINAL DOGNEVILLE, FR","FM-12","99999","V020","999,1,C,0000,1","99999,9,9,N","999999,9,N,9","-0016,1","-0026,1","10363,1","06,0000,9,1",,,"4,000",,"0000,9",,,,,"7,1,004,1,+999,9",,"4,99,0010,1","SYN017333   91102 94000",
"07173099999","1990-01-22T00:00:00","4","48.2","6.4333333","320.0","EPINAL DOGNEVILLE, FR","FM-12","99999","V020","080,1,N,0010,1","99999,9,9,N","999999,9,N,9","-0017,1","-0025,1","10359,1","06,0000,9,1",,,"4,000",,"0000,9",,,,,"7,1,004,1,+999,9",,"4,99,0021,1","SYN017333   91104 94000",
"07173099999","1990-01-22T03:00:00","4","48.2","6.4333333","320.0","EPINAL DOGNEVILLE, FR","FM-12","99999","V020","999,1,C,0000,1","99999,9,9,N","999999,9,N,9","+0003,1","-0004,1","10351,1","06,0000,9,1",,,"4,000",,"0000,9",,,,,"7,1,005,1,+999,9",,"4,99,0010,1","SYN017333   91102 94000",
"07173099999","1990-01-22T06:00:00","4","48.2","6.4333333","320.0","EPINAL DOGNEVILLE, FR","FM-12","99999","V020","170,1,N,0021,1","99999,9,9,N","999999,9,N,9","+0020,1","+0010,1","10352,1","06,0000,9,1",,,"4,000",,"0360,9","999,-0070,9","999,N,-0022,1",,,"2,1,003,1,+999,9",,"4,99,0041,1","SYN029333   21022 3/107 91108 94060",
"07173099999","1990-01-22T09:00:00","4","48.2","6.4333333","320.0","EPINAL DOGNEVILLE, FR","FM-12","99999","V020","170,1,N,0031,1","99999,9,9,N","999999,9,N,9","+0027,1","+0004,1","10357,1","06,0000,9,1",,,"4,000",,"0000,9",,,,,"2,1,006,1,+999,9",,"4,99,0051,1","SYN017333   91110 94000",
"07173099999","1990-01-22T12:00:00","4","48.2","6.4333333","320.0","EPINAL DOGNEVILLE, FR","FM-12","99999","V020","190,1,N,0031,1","99999,9,9,N","999999,9,N,9","+0063,1","+0002,1","10346,1","06,0000,9,1",,,"4,000",,"0060,9",,,,,"7,1,006,1,+999,9",,"4,99,0051,1","SYN017333   91110 94010",
"07173099999","1990-01-22T15:00:00","4","48.2","6.4333333","320.0","EPINAL DOGNEVILLE, FR","FM-12","99999","V020","190,1,N,0031,1","99999,9,9,N","999999,9,N,9","+0067,1","-0027,1","10340,1","06,0000,9,1",,,"4,000",,"0060,9",,,,,"7,1,005,1,+999,9",,"4,99,0051,1","SYN017333   91110 94010",
"07173099999","1990-01-22T18:00:00","4","48.2","6.4333333","320.0","EPINAL DOGNEVILLE, FR","FM-12","99999","V020","999,1,C,0000,1","99999,9,9,N","999999,9,N,9","+0022,1","-0014,1","10344,1","06,0000,9,1",,,"4,000",,"0000,9",,"999,M,+0075,1",,,"7,1,002,1,+999,9",,"4,99,0021,1","SYN023333   10075 91104 94000",
"07173099999","1990-01-22T21:00:00","4","48.2","6.4333333","320.0","EPINAL DOGNEVILLE, FR","FM-12","99999","V020","130,1,N,0010,1","99999,9,9,N","999999,9,N,9","+0010,1","-0022,1","10339,1","06,0000,9,1",,,"4,000",,"0000,9",,,,,"7,1,007,1,+999,9",,"4,99,0021,1","SYN017333   91104 94000",
"07173099999","1990-01-23T00:00:00","4","48.2","6.4333333","320.0","EPINAL DOGNEVILLE, FR","FM-12","99999","V020","150,1,N,0010,1","99999,9,9,N","999999,9,N,9","-0015,1","-0031,1","10331,1","06,0000,9,1",,,"4,000",,"0000,9",,,,,"7,1,011,1,+999,9",,"4,99,0021,1","SYN017333   91104 94000",
"07173099999","1990-01-23T03:00:00","4","48.2","6.4333333","320.0","EPINAL DOGNEVILLE, FR","FM-12","99999","V020","999,1,C,0000,1","99999,9,9,N","999999,9,N,9","-0019,1","-0033,1","10311,1","06,0000,9,1",,,"4,000",,"0000,9",,,,,"7,1,020,1,+999,9",,"4,99,0000,1","SYN017333   91100 94000",
"07173099999","1990-01-23T06:00:00","4","48.2","6.4333333","320.0","EPINAL DOGNEVILLE, FR","FM-12","99999","V020","140,1,N,0010,1","99999,9,9,N","999999,9,N,9","-0024,1","-0038,1","10295,1","06,0000,9,1",,,"4,000",,"0336,9","999,-0080,9","999,N,-0028,1",,,"7,1,016,1,+999,9",,"4,99,0031,1","SYN029333   21028 3/108 91106 94056",
"07173099999","1990-01-23T09:00:00","4","48.2","6.4333333","320.0","EPINAL DOGNEVILLE, FR","FM-12","99999","V020","170,1,N,0041,1","99999,9,9,N","999999,9,N,9","+0030,1","-0042,1","10267,1","06,0000,9,1",,,"4,000",,"0060,9",,,,,"7,1,019,1,+999,9",,"4,99,0062,1","SYN017333   91112 94010",
"07173099999","1990-01-23T12:00:00","4","48.2","6.4333333","320.0","EPINAL DOGNEVILLE, FR","FM-12","99999","V020","170,1,N,0051,1","99999,9,9,N","999999,9,N,9","+0052,1","-0024,1","10248,1","06,0000,9,1",,,"4,000",,"0012,9",,,,,"7,1,016,1,+999,9",,"4,99,0088,1","SYN017333   91117 94002",
"07173099999","1990-01-23T15:00:00","4","48.2","6.4333333","320.0","EPINAL DOGNEVILLE, FR","FM-12","99999","V020","180,1,N,0072,1","99999,9,9,N","999999,9,N,9","+0049,1","-0034,1","10224,1","06,0000,9,1",,,"4,000",,"0000,9",,,,,"7,1,023,1,+999,9",,"4,99,0118,1","SYN017333   91123 94000",
"07173099999","1990-01-23T18:00:00","4","48.2","6.4333333","320.0","EPINAL DOGNEVILLE, FR","FM-12","99999","V020","170,1,N,0062,1","99999,9,9,N","999999,9,N,9","+0068,1","-0049,1","10200,1","06,0000,9,1",,,"4,000",,"0000,9",,"999,M,+0068,1",,,"7,1,021,1,+999,9",,"4,99,0098,1","SYN023333   10068 91119 94000",
"07173099999","1990-01-23T21:00:00","4","48.2","6.4333333","320.0","EPINAL DOGNEVILLE, FR","FM-12","99999","V020","170,1,N,0072,1","99999,9,9,N","999999,9,N,9","+0052,1","+0008,1","10165,1","99,0010,9,1",,,"0,000","4,1,03,1","0000,9",,,,,"7,1,036,1,+999,9","41,1","4,99,0118,1","SYN017333   91123 94000",
"07173099999","1990-01-24T00:00:00","4","48.2","6.4333333","320.0","EPINAL DOGNEVILLE, FR","FM-12","99999","V020","170,1,N,0108,1","99999,9,9,N","999999,9,N,9","+0049,1","+0024,1","10127,1","06,0070,9,1",,,"0,000","4,1,06,1","0000,9",,,,,"7,1,036,1,+999,9","41,1","4,99,0180,1","SYN017333   91135 94000",
"07173099999","1990-01-24T03:00:00","4","48.2","6.4333333","320.0","EPINAL DOGNEVILLE, FR","FM-12","99999","V020","170,1,N,0118,1","99999,9,9,N","999999,9,N,9","+0067,1","+0045,1","10094,1","99,0020,9,1",,,"0,000","4,1,03,1","0000,9",,,,,"7,1,030,1,+999,9","41,1","4,99,0201,1","SYN017333   91139 94000",
"07173099999","1990-01-24T06:00:00","4","48.2","6.4333333","320.0","EPINAL DOGNEVILLE, FR","FM-12","99999","V020","200,1,N,0072,1","99999,9,9,N","999999,9,N,9","+0053,1","+0038,1","10146,1","99,0200,9,1",,,"0,000","4,1,06,1","0192,9","999,+0030,9","999,N,+0045,1",,,"2,1,049,1,+999,9","41,1","4,99,0129,1","SYN029333   20045 3/003 91125 94032",
"07173099999","1990-01-24T09:00:00","4","48.2","6.4333333","320.0","EPINAL DOGNEVILLE, FR","FM-12","99999","V020","180,1,N,0051,1","99999,9,9,N","999999,9,N,9","+0052,1","+0039,1","10158,1","06,0000,9,1",,,"4,000",,"0000,9",,,,,"2,1,011,1,+999,9",,"4,99,0072,1","SYN017333   91114 94000",
"07173099999","1990-01-24T12:00:00","4","48.2","6.4333333","320.0","EPINAL DOGNEVILLE, FR","FM-12","99999","V020","190,1,N,0082,1","99999,9,9,N","999999,9,N,9","+0071,1","+0039,1","10151,1","06,0003,9,1",,,"0,000",,"0012,9",,,,,"7,1,004,1,+999,9",,"4,99,0108,1","SYN017333   91121 94002",
"07173099999","1990-01-24T18:00:00","4","48.2","6.4333333","320.0","EPINAL DOGNEVILLE, FR","FM-12","99999","V020","210,1,N,0062,1","99999,9,9,N","999999,9,N,9","+0055,1","+0035,1","10178,1","99,0030,9,1",,,"0,000","4,1,06,1","0000,9",,"999,M,+0080,1",,,"2,1,027,1,+999,9","41,1","4,99,0108,1","SYN023333   10080 91121 94000",
"07173099999","1990-01-24T21:00:00","4","48.2","6.4333333","320.0","EPINAL DOGNEVILLE, FR","FM-12","99999","V020","170,1,N,0051,1","99999,9,9,N","999999,9,N,9","+0056,1","+0036,1","10180,1","06,0000,9,1",,,"4,000",,"0000,9",,,,,"2,1,002,1,+999,9",,"4,99,0088,1","SYN017333   91117 94000",
"07173099999","1990-01-25T00:00:00","4","48.2","6.4333333","320.0","EPINAL DOGNEVILLE, FR","FM-12","99999","V020","180,1,N,0062,1","99999,9,9,N","999999,9,N,9","+0061,1","+0038,1","10165,1","06,0000,9,1",,,"4,000",,"0000,9",,,,,"7,1,014,1,+999,9",,"4,99,0098,1","SYN017333   91119 94000",
"07173099999","1990-01-25T03:00:00","4","48.2","6.4333333","320.0","EPINAL DOGNEVILLE, FR","FM-12","99999","V020","180,1,N,0062,1","99999,9,9,N","999999,9,N,9","+0064,1","+0042,1","10139,1","06,0000,9,1",,,"4,000",,"0000,9",,,,,"7,1,024,1,+999,9",,"4,99,0098,1","SYN017333   91119 94000",
"07173099999","1990-01-25T06:00:00","4","48.2","6.4333333","320.0","EPINAL DOGNEVILLE, FR","FM-12","99999","V020","180,1,N,0072,1","99999,9,9,N","999999,9,N,9","+0067,1","+0047,1","10105,1","99,0010,9,1",,,"0,000","4,1,06,1","0048,9","999,+0030,9","999,N,+0050,1",,,"7,1,033,1,+999,9","21,1","4,99,0139,1","SYN029333   20050 3/003 91127 94008",
"07173099999","1990-01-25T09:00:00","4","48.2","6.4333333","320.0","EPINAL DOGNEVILLE, FR","FM-12","99999","V020","170,1,N,0118,1","99999,9,9,N","999999,9,N,9","+0074,1","+0057,1","10067,1","99,0020,9,1",,,"0,000","4,1,03,1","0000,9",,,,,"7,1,035,1,+999,9","41,1","4,99,0180,1","SYN017333   91135 94000",
"07173099999","1990-01-25T12:00:00","4","48.2","6.4333333","320.0","EPINAL DOGNEVILLE, FR","FM-12","99999","V020","170,1,N,0108,1","99999,9,9,N","999999,9,N,9","+0091,1","+0067,1","10041,1","06,0090,9,1",,,"0,000","4,1,06,1","0000,9",,,,,"7,1,023,1,+999,9","21,1","4,99,0170,1","SYN017333   91133 94000",
"07173099999","1990-01-25T15:00:00","4","48.2","6.4333333","320.0","EPINAL DOGNEVILLE, FR","FM-12","99999","V020","180,1,N,0108,1","99999,9,9,N","999999,9,N,9","+0105,1","+0077,1","10011,1","99,0005,9,1",,,"0,000","4,1,03,1","0000,9",,,,,"7,1,027,1,+999,9","21,1","4,99,0201,1","SYN017333   91139 94000",
"07173099999","1990-01-25T18:00:00","4","48.2","6.4333333","320.0","EPINAL DOGNEVILLE, FR","FM-12","99999","V020","310,1,N,0118,1","99999,9,9,N","999999,9,N,9","+0100,1","+0078,1","09994,1","99,0130,9,1",,,"0,000","4,1,06,1","0000,9",,"999,M,+0106,1",,,"7,1,017,1,+999,9","41,1","4,99,0211,1","SYN023333   10106 91141 94000",
"07173099999","1990-01-25T21:00:00","4","48.2","6.4333333","320.0","EPINAL DOGNEVILLE, FR","FM-12","99999","V020","310,1,N,0082,1","99999,9,9,N","999999,9,N,9","+0089,1","+0037,1","10025,1","06,0000,9,1",,,"4,000",,"0000,9",,,,,"2,1,028,1,+999,9",,"4,99,0139,1","SYN017333   91127 94000",
"07173099999","1990-01-26T00:00:00","4","48.2","6.4333333","320.0","EPINAL DOGNEVILLE, FR","FM-12","99999","V020","310,1,N,0082,1","99999,9,9,N","999999,9,N,9","+0070,1","+0017,1","10037,1","06,0090,9,1",,,"0,000",,"0000,9",,,,,"2,1,009,1,+999,9",,"4,99,0129,1","SYN017333   91125 94000",
"07173099999","1990-01-26T03:00:00","4","48.2","6.4333333","320.0","EPINAL DOGNEVILLE, FR","FM-12","99999","V020","310,1,N,0087,1","99999,9,9,N","999999,9,N,9","+0062,1","+0009,1","10053,1","06,0000,9,1",,,"4,000",,"0000,9",,,,,"2,1,014,1,+999,9",,"4,99,0149,1","SYN017333   91129 94000",
"07173099999","1990-01-26T06:00:00","4","48.2","6.4333333","320.0","EPINAL DOGNEVILLE, FR","FM-12","99999","V020","310,1,N,0072,1","99999,9,9,N","999999,9,N,9","+0055,1","+0001,1","10067,1","99,0090,9,1",,,"0,000",,"0000,9","999,+0050,9","999,N,+0055,1",,,"2,1,013,1,+999,9",,"4,99,0129,1","SYN029333   20055 3/005 91125 94000",
"07173099999","1990-01-26T12:00:00","4","48.2","6.4333333","320.0","EPINAL DOGNEVILLE, FR","FM-12","99999","V020","310,1,N,0072,1","99999,9,9,N","999999,9,N,9","+0053,1","-0001,1","10078,1","06,0000,9,1",,,"4,000",,"0000,9",,,,,"7,1,001,1,+999,9",,"4,99,0118,1","SYN017333   91123 94000",
"07173099999","1990-01-26T15:00:00","4","48.2","6.4333333","320.0","EPINAL DOGNEVILLE, FR","FM-12","99999","V020","310,1,N,0087,1","99999,9,9,N","999999,9,N,9","+0058,1","-0028,1","10083,1","06,0000,9,1",,,"4,000",,"0006,9",,,,,"2,1,005,1,+999,9",,"4,99,0129,1","SYN017333   91125 94001",
"07173099999","1990-01-26T18:00:00","4","48.2","6.4333333","320.0","EPINAL DOGNEVILLE, FR","FM-12","99999","V020","310,1,N,0051,1","99999,9,9,N","999999,9,N,9","+0035,1","-0003,1","10098,1","99,0010,9,1",,,"0,000",,"0000,9",,"999,M,+0062,1",,,"2,1,012,1,+999,9",,"4,99,0082,1","SYN023333   10062 91116 94000",
"07173099999","1990-01-26T21:00:00","4","48.2","6.4333333","320.0","EPINAL DOGNEVILLE, FR","FM-12","99999","V020","310,1,N,0072,1","99999,9,9,N","999999,9,N,9","+0039,1","-0005,1","10104,1","06,0000,9,1",,,"4,000",,"0000,9",,,,,"2,1,006,1,+999,9",,"4,99,0118,1","SYN017333   91123 94000",
"07173099999","1990-01-27T00:00:00","4","48.2","6.4333333","320.0","EPINAL DOGNEVILLE, FR","FM-12","99999","V020","310,1,N,0082,1","99999,9,9,N","999999,9,N,9","+0042,1","-0002,1","10104,1","06,0000,9,1",,,"4,000",,"0000,9",,,,,"2,1,001,1,+999,9",,"4,99,0129,1","SYN017333   91125 94000",
"07173099999","1990-01-27T03:00:00","4","48.2","6.4333333","320.0","EPINAL DOGNEVILLE, FR","FM-12","99999","V020","310,1,N,0072,1","99999,9,9,N","999999,9,N,9","+0049,1","-0003,1","10107,1","06,0000,9,1",,,"4,000",,"0000,9",,,,,"2,1,004,1,+999,9",,"4,99,0118,1","SYN017333   91123 94000",
"07173099999","1990-01-27T06:00:00","4","48.2","6.4333333","320.0","EPINAL DOGNEVILLE, FR","FM-12","99999","V020","310,1,N,0082,1","99999,9,9,N","999999,9,N,9","+0055,1","+0005,1","10120,1","06,0000,9,1",,,"4,000",,"0066,9","999,+0020,9","999,N,+0034,1",,,"2,1,013,1,+999,9",,"4,99,0129,1","SYN029333   20034 3/002 91125 94011",
"07173099999","1990-01-27T09:00:00","4","48.2","6.4333333","320.0","EPINAL DOGNEVILLE, FR","FM-12","99999","V020","310,1,N,0062,1","99999,9,9,N","999999,9,N,9","+0060,1","+0001,1","10128,1","06,0000,9,1",,,"4,000",,"0000,9",,,,,"2,1,008,1,+999,9",,"4,99,0098,1","SYN017333   91119 94000",
"07173099999","1990-01-27T12:00:00","4","48.2","6.4333333","320.0","EPINAL DOGNEVILLE, FR","FM-12","99999","V020","310,1,N,0072,1","99999,9,9,N","999999,9,N,9","+0089,1","-0004,1","10107,1","06,0003,9,1",,,"0,000",,"0060,9",,,,,"7,1,016,1,+999,9",,"4,99,0118,1","SYN017333   91123 94010",
"07173099999","1990-01-27T15:00:00","4","48.2","6.4333333","320.0","EPINAL DOGNEVILLE, FR","FM-12","99999","V020","310,1,N,0041,1","99999,9,9,N","999999,9,N,9","+0098,1","-0015,1","10081,1","06,0000,9,1",,,"4,000",,"0060,9",,,,,"7,1,024,1,+999,9",,"4,99,0072,1","SYN017333   91114 94010",
"07173099999","1990-01-27T18:00:00","4","48.2","6.4333333","320.0","EPINAL DOGNEVILLE, FR","FM-12","99999","V020","310,1,N,0010,1","99999,9,9,N","999999,9,N,9","+0045,1","-0017,1","10068,1","99,0003,9,1",,,"0,000",,"0000,9",,"999,M,+0103,1",,,"7,1,019,1,+999,9",,"4,99,0031,1","SYN023333   10103 91106 94000",
"07173099999","1990-01-27T21:00:00","4","48.2","6.4333333","320.0","EPINAL DOGNEVILLE, FR","FM-12","99999","V020","310,1,N,0031,1","99999,9,9,N","999999,9,N,9","+0080,1","-0048,1","10041,1","06,0000,9,1",,,"4,000",,"0000,9",,,,,"7,1,022,1,+999,9",,"4,99,0062,1","SYN017333   91112 94000",
"07173099999","1990-01-28T00:00:00","4","48.2","6.4333333","320.0","EPINAL DOGNEVILLE, FR","FM-12","99999","V020","310,1,N,0051,1","99999,9,9,N","999999,9,N,9","+0103,1","-0024,1","10011,1","06,0000,9,1",,,"4,000",,"0000,9",,,,,"7,1,026,1,+999,9",,"4,99,0088,1","SYN017333   91117 94000",
"07173099999","1990-01-28T03:00:00","4","48.2","6.4333333","320.0","EPINAL DOGNEVILLE, FR","FM-12","99999","V020","310,1,N,0072,1","99999,9,9,N","999999,9,N,9","+0115,1","+0003,1","09982,1","06,0000,9,1",,,"4,000",,"0000,9",,,,,"7,1,026,1,+999,9",,"4,99,0108,1","SYN017333   91121 94000",
"07173099999","1990-01-28T06:00:00","4","48.2","6.4333333","320.0","EPINAL DOGNEVILLE, FR","FM-12","99999","V020","310,1,N,0108,1","99999,9,9,N","999999,9,N,9","+0114,1","+0053,1","09984,1","99,0003,9,1",,,"0,000","4,1,06,1","0372,9","999,-0020,9","999,N,+0023,1",,,"2,1,002,1,+999,9","41,1","4,99,0180,1","SYN029333   20023 3/102 91135 94062",
"07173099999","1990-01-28T09:00:00","4","48.2","6.4333333","320.0","EPINAL DOGNEVILLE, FR","FM-12","99999","V020","310,1,N,0041,1","99999,9,9,N","999999,9,N,9","+0053,1","+0028,1","10043,1","99,0020,9,1",,,"0,000","4,1,03,1","0000,9",,,,,"2,1,049,1,+999,9","41,1","4,99,0072,1","SYN017333   91114 94000",
"07173099999","1990-01-28T12:00:00","4","48.2","6.4333333","320.0","EPINAL DOGNEVILLE, FR","FM-12","99999","V020","310,1,N,0051,1","99999,9,9,N","999999,9,N,9","+0046,1","+0028,1","10067,1","06,0100,9,1",,,"0,000","4,1,06,1","0000,9",,,,,"2,1,022,1,+999,9","41,1","4,99,0072,1","SYN017333   91114 94000",
"07173099999","1990-01-28T15:00:00","4","48.2","6.4333333","320.0","EPINAL DOGNEVILLE, FR","FM-12","99999","V020","310,1,N,0051,1","99999,9,9,N","999999,9,N,9","+0029,1","+0010,1","10076,1","99,0003,9,1",,,"0,000","4,1,03,1","0000,9",,,,,"2,1,006,1,+999,9","21,1","4,99,0088,1","SYN017333   91117 94000",
"07173099999","1990-01-28T18:00:00","4","48.2","6.4333333","320.0","EPINAL DOGNEVILLE, FR","FM-12","99999","V020","310,1,N,0051,1","99999,9,9,N","999999,9,N,9","+0034,1","+0016,1","10099,1","99,0130,9,1",,,"0,000",,"0000,9",,"999,M,+0116,1",,,"2,1,023,1,+999,9",,"4,99,0082,1","SYN023333   10116 91116 94000",
"07173099999","1990-01-28T21:00:00","4","48.2","6.4333333","320.0","EPINAL DOGNEVILLE, FR","FM-12","99999","V020","310,1,N,0051,1","99999,9,9,N","999999,9,N,9","+0035,1","+0014,1","10118,1","06,0000,9,1",,,"4,000",,"0000,9",,,,,"2,1,019,1,+999,9",,"4,99,0098,1","SYN017333   91119 94000",
"07173099999","1990-01-29T00:00:00","4","48.2","6.4333333","320.0","EPINAL DOGNEVILLE, FR","FM-12","99999","V020","310,1,N,0051,1","99999,9,9,N","999999,9,N,9","+0032,1","+0013,1","10120,1","06,0000,9,1",,,"4,000",,"0000,9",,,,,"2,1,001,1,+999,9",,"4,99,0072,1","SYN017333   91114 94000",
"07173099999","1990-01-29T03:00:00","4","48.2","6.4333333","320.0","EPINAL DOGNEVILLE, FR","FM-12","99999","V020","310,1,N,0041,1","99999,9,9,N","999999,9,N,9","+0030,1","+0012,1","10124,1","06,0000,9,1",,,"4,000",,"0000,9",,,,,"2,1,003,1,+999,9",,"4,99,0062,1","SYN017333   91112 94000",
"07173099999","1990-01-29T06:00:00","4","48.2","6.4333333","320.0","EPINAL DOGNEVILLE, FR","FM-12","99999","V020","310,1,N,0041,1","99999,9,9,N","999999,9,N,9","+0030,1","+0011,1","10130,1","06,0000,9,1",,,"4,000",,"0000,9","999,+0010,9","999,N,+0027,1",,,"2,1,006,1,+999,9",,"4,99,0062,1","SYN029333   20027 3/001 91112 94000",
"07173099999","1990-01-29T09:00:00","4","48.2","6.4333333","320.0","EPINAL DOGNEVILLE, FR","FM-12","99999","V020","310,1,N,0031,1","99999,9,9,N","999999,9,N,9","+0034,1","+0011,1","10131,1","06,0000,9,1",,,"4,000",,"0000,9",,,,,"2,1,001,1,+999,9",,"4,99,0062,1","SYN017333   91112 94000",
"07173099999","1990-01-29T12:00:00","4","48.2","6.4333333","320.0","EPINAL DOGNEVILLE, FR","FM-12","99999","V020","310,1,N,0041,1","99999,9,9,N","999999,9,N,9","+0061,1","+0016,1","10109,1","06,0000,9,1",,,"4,000",,"0054,9",,,,,"7,1,017,1,+999,9",,"4,99,0062,1","SYN017333   91112 94009",
"07173099999","1990-01-29T15:00:00","4","48.2","6.4333333","320.0","EPINAL DOGNEVILLE, FR","FM-12","99999","V020","310,1,N,0031,1","99999,9,9,N","999999,9,N,9","+0082,1","+0007,1","10083,1","06,0000,9,1",,,"4,000",,"0060,9",,,,,"7,1,022,1,+999,9",,"4,99,0051,1","SYN017333   91110 94010",
"07173099999","1990-01-29T18:00:00","4","48.2","6.4333333","320.0","EPINAL DOGNEVILLE, FR","FM-12","99999","V020","310,1,N,0010,1","99999,9,9,N","999999,9,N,9","+0018,1","-0008,1","10076,1","06,0000,9,1",,,"4,000",,"0000,9",,"999,M,+0083,1",,,"7,1,016,1,+999,9",,"4,99,0021,1","SYN023333   10083 91104 94000",
"07173099999","1990-01-29T21:00:00","4","48.2","6.4333333","320.0","EPINAL DOGNEVILLE, FR","FM-12","99999","V020","310,1,N,0010,1","99999,9,9,N","999999,9,N,9","-0012,1","-0026,1","10063,1","06,0000,9,1",,,"4,000",,"0000,9",,,,,"7,1,016,1,+999,9",,"4,99,0021,1","SYN017333   91104 94000",
"07173099999","1990-01-30T00:00:00","4","48.2","6.4333333","320.0","EPINAL DOGNEVILLE, FR","FM-12","99999","V020","310,1,N,0062,1","99999,9,9,N","999999,9,N,9","+0056,1","+0017,1","10048,1","06,0000,9,1",,,"4,000",,"0000,9",,,,,"7,1,006,1,+999,9",,"4,99,0098,1","SYN017333   91119 94000",
"07173099999","1990-01-30T03:00:00","4","48.2","6.4333333","320.0","EPINAL DOGNEVILLE, FR","FM-12","99999","V020","310,1,N,0072,1","99999,9,9,N","999999,9,N,9","+0063,1","+0026,1","10045,1","06,0000,9,1",,,"4,000",,"0000,9",,,,,"7,1,001,1,+999,9",,"4,99,0118,1","SYN017333   91123 94000",
"07173099999","1990-01-30T06:00:00","4","48.2","6.4333333","320.0","EPINAL DOGNEVILLE, FR","FM-12","99999","V020","310,1,N,0062,1","99999,9,9,N","999999,9,N,9","+0042,1","+0022,1","10071,1","99,0005,9,1",,,"0,000","4,1,06,1","0330,9","999,-0070,9","999,N,-0016,1",,,"2,1,022,1,+999,9","21,1","4,99,0088,1","SYN029333   21016 3/107 91117 94055",
"07173099999","1990-01-30T09:00:00","4","48.2","6.4333333","320.0","EPINAL DOGNEVILLE, FR","FM-12","99999","V020","310,1,N,0072,1","99999,9,9,N","999999,9,N,9","+0057,1","+0032,1","10086,1","06,0000,9,1",,,"4,000",,"0000,9",,,,,"2,1,017,1,+999,9",,"4,99,0129,1","SYN017333   91125 94000",
"07173099999","1990-01-30T12:00:00","4","48.2","6.4333333","320.0","EPINAL DOGNEVILLE, FR","FM-12","99999","V020","310,1,N,0072,1","99999,9,9,N","999999,9,N,9","+0073,1","+0039,1","10100,1","06,0005,9,1",,,"0,000",,"0000,9",,,,,"2,1,015,1,+999,9",,"4,99,0108,1","SYN017333   91121 94000",
"07173099999","1990-01-30T15:00:00","4","48.2","6.4333333","320.0","EPINAL DOGNEVILLE, FR","FM-12","99999","V020","310,1,N,0062,1","99999,9,9,N","999999,9,N,9","+0089,1","+0043,1","10109,1","06,0000,9,1",,,"4,000",,"0018,9",,,,,"2,1,011,1,+999,9",,"4,99,0098,1","SYN017333   91119 94003",
"07173099999","1990-01-30T18:00:00","4","48.2","6.4333333","320.0","EPINAL DOGNEVILLE, FR","FM-12","99999","V020","310,1,N,0051,1","99999,9,9,N","999999,9,N,9","+0076,1","+0033,1","10122,1","99,0005,9,1",,,"0,000",,"0000,9",,"999,M,+0090,1",,,"2,1,011,1,+999,9",,"4,99,0098,1","SYN023333   10090 91119 94000",
"07173099999","1990-01-30T21:00:00","4","48.2","6.4333333","320.0","EPINAL DOGNEVILLE, FR","FM-12","99999","V020","310,1,N,0041,1","99999,9,9,N","999999,9,N,9","+0075,1","+0020,1","10131,1","06,0000,9,1",,,"4,000",,"0000,9",,,,,"2,1,008,1,+999,9",,"4,99,0088,1","SYN017333   91117 94000",
"07173099999","1990-01-31T03:00:00","4","48.2","6.4333333","320.0","EPINAL DOGNEVILLE, FR","FM-12","99999","V020","310,1,N,0062,1","99999,9,9,N","999999,9,N,9","+0077,1","+0007,1","10106,1","06,0000,9,1",,,"4,000",,"0000,9",,,,,"7,1,019,1,+999,9",,"4,99,0098,1","SYN017333   91119 94000",
"07173099999","1990-01-31T06:00:00","4","48.2","6.4333333","320.0","EPINAL DOGNEVILLE, FR","FM-12","99999","V020","310,1,N,0041,1","99999,9,9,N","999999,9,N,9","+0075,1","+0003,1","10093,1","06,0000,9,1",,,"4,000",,"0108,9","999,+0050,9","999,N,+0067,1",,,"7,1,012,1,+999,9",,"4,99,0082,1","SYN029333   20067 3/005 91116 94018",
"07173099999","1990-01-31T09:00:00","4","48.2","6.4333333","320.0","EPINAL DOGNEVILLE, FR","FM-12","99999","V020","150,1,N,0062,1","99999,9,9,N","999999,9,N,9","+0083,1","+0005,1","10077,1","06,0000,9,1",,,"4,000",,"0000,9",,,,,"7,1,015,1,+999,9",,"4,99,0108,1","SYN017333   91121 94000",
"07173099999","1990-01-31T12:00:00","4","48.2","6.4333333","320.0","EPINAL DOGNEVILLE, FR","FM-12","99999","V020","160,1,N,0072,1","99999,9,9,N","999999,9,N,9","+0110,1","-0008,1","10054,1","06,0000,9,1",,,"4,000",,"0054,9",,,,,"7,1,018,1,+999,9",,"4,99,0108,1","SYN017333   91121 94009",
"07173099999","1990-01-31T15:00:00","4","48.2","6.4333333","320.0","EPINAL DOGNEVILLE, FR","FM-12","99999","V020","170,1,N,0072,1","99999,9,9,N","999999,9,N,9","+0122,1","-0010,1","10034,1","06,0000,9,1",,,"4,000",,"0030,9",,,,,"7,1,018,1,+999,9",,"4,99,0108,1","SYN017333   91121 94005",
"07173099999","1990-01-31T18:00:00","4","48.2","6.4333333","320.0","EPINAL DOGNEVILLE, FR","FM-12","99999","V020","150,1,N,0082,1","99999,9,9,N","999999,9,N,9","+0112,1","-0003,1","10045,1","06,0000,9,1",,,"4,000",,"0000,9",,"999,M,+0136,1",,,"2,1,010,1,+999,9",,"4,99,0118,1","SYN023333   10136 91123 94000",
"07173099999","1990-01-31T21:00:00","4","48.2","6.4333333","320.0","EPINAL DOGNEVILLE, FR","FM-12","99999","V020","170,1,N,0082,1","99999,9,9,N","999999,9,N,9","+0114,1","+0008,1","10061,1","06,0000,9,1",,,"4,000",,"0000,9",,,,,"2,1,015,1,+999,9",,"4,99,0129,1","SYN017333   91125 94000",
"07173099999","1990-02-01T00:00:00","4","48.2","6.4333333","320.0","EPINAL DOGNEVILLE, FR","FM-12","99999","V020","160,1,N,0082,1","99999,9,9,N","999999,9,N,9","+0113,1","+0010,1","10071,1","06,0000,9,1",,,"4,000",,"0000,9",,,,,"2,1,010,1,+999,9",,"4,99,0129,1","SYN017333   91125 94000",
"07173099999","1990-02-01T03:00:00","4","48.2","6.4333333","320.0","EPINAL DOGNEVILLE, FR","FM-12","99999","V020","210,1,N,0021,1","99999,9,9,N","999999,9,N,9","+0085,1","+0043,1","10086,1","06,0000,9,1",,,"4,000",,"0000,9",,,,,"2,1,011,1,+999,9",,"4,99,0041,1","SYN017333   91108 94000",
"07173099999","1990-02-01T06:00:00","4","48.2","6.4333333","320.0","EPINAL DOGNEVILLE, FR","FM-12","99999","V020","200,1,N,0021,1","99999,9,9,N","999999,9,N,9","+0070,1","+0056,1","10113,1","99,0030,9,1",,,"0,000","4,1,06,1","0240,9","999,+0060,9","999,N,+0070,1",,,"2,1,023,1,+999,9","21,1","4,99,0031,1","SYN029333   20070 3/006 91106 94040",
"07173099999","1990-02-01T09:00:00","4","48.2","6.4333333","320.0","EPINAL DOGNEVILLE, FR","FM-12","99999","V020","210,1,N,0031,1","99999,9,9,N","999999,9,N,9","+0063,1","+0046,1","10141,1","06,0000,9,1",,,"4,000",,"0000,9",,,,,"2,1,026,1,+999,9",,"4,99,0062,1","SYN017333   91112 94000",
"07173099999","1990-02-01T12:00:00","4","48.2","6.4333333","320.0","EPINAL DOGNEVILLE, FR","FM-12","99999","V020","160,1,N,0051,1","99999,9,9,N","999999,9,N,9","+0081,1","+0043,1","10138,1","06,0010,9,1",,,"0,000",,"0000,9",,,,,"4,1,000,1,+999,9",,"4,99,0082,1","SYN017333   91116 94000",
"07173099999","1990-02-01T15:00:00","4","48.2","6.4333333","320.0","EPINAL DOGNEVILLE, FR","FM-12","99999","V020","160,1,N,0041,1","99999,9,9,N","999999,9,N,9","+0083,1","+0041,1","10129,1","06,0000,9,1",,,"4,000",,"0000,9",,,,,"7,1,008,1,+999,9",,"4,99,0062,1","SYN017333   91112 94000",
"07173099999","1990-02-01T18:00:00","4","48.2","6.4333333","320.0","EPINAL DOGNEVILLE, FR","FM-12","99999","V020","130,1,N,0031,1","99999,9,9,N","999999,9,N,9","+0071,1","+0032,1","10131,1","99,0010,9,1",,,"0,000",,"0000,9",,"999,M,+0087,1",,,"4,1,000,1,+999,9",,"4,99,0051,1","SYN023333   10087 91110 94000",
"07173099999","1990-02-01T21:00:00","4","48.2","6.4333333","320.0","EPINAL DOGNEVILLE, FR","FM-12","99999","V020","140,1,N,0010,1","99999,9,9,N","999999,9,N,9","+0049,1","+0023,1","10116,1","06,0000,9,1",,,"4,000",,"0000,9",,,,,"7,1,018,1,+999,9",,"4,99,0031,1","SYN017333   91106 94000",
"07173099999","1990-02-02T00:00:00","4","48.2","6.4333333","320.0","EPINAL DOGNEVILLE, FR","FM-12","99999","V020","140,1,N,0082,1","99999,9,9,N","999999,9,N,9","+0083,1","+0032,1","10092,1","06,0000,9,1",,,"4,000",,"0000,9",,,,,"7,1,018,1,+999,9",,"4,99,0129,1","SYN017333   91125 94000",
"07173099999","1990-02-02T03:00:00","4","48.2","6.4333333","320.0","EPINAL DOGNEVILLE, FR","FM-12","99999","V020","150,1,N,0082,1","99999,9,9,N","999999,9,N,9","+0088,1","+0036,1","10083,1","06,0000,9,1",,,"4,000",,"0000,9",,,,,"7,1,008,1,+999,9",,"4,99,0129,1","SYN017333   91125 94000",
"07173099999","1990-02-02T06:00:00","4","48.2","6.4333333","320.0","EPINAL DOGNEVILLE, FR","FM-12","99999","V020","160,1,N,0062,1","99999,9,9,N","999999,9,N,9","+0072,1","+0052,1","10094,1","99,0040,9,1",,,"0,000","4,1,06,1","0042,9","999,+0010,9","999,N,+0047,1",,,"2,1,009,1,+999,9","41,1","4,99,0098,1","SYN029333   20047 3/001 91119 94007",
"07173099999","1990-02-02T09:00:00","4","48.2","6.4333333","320.0","EPINAL DOGNEVILLE, FR","FM-12","99999","V020","190,1,N,0082,1","99999,9,9,N","999999,9,N,9","+0073,1","+0049,1","10130,1","99,0005,9,1",,,"0,000","4,1,03,1","0000,9",,,,,"2,1,034,1,+999,9","21,1","4,99,0118,1","SYN017333   91123 94000",
"07173099999","1990-02-02T12:00:00","4","48.2","6.4333333","320.0","EPINAL DOGNEVILLE, FR","FM-12","99999","V020","190,1,N,0041,1","99999,9,9,N","999999,9,N,9","+0067,1","+0024,1","10156,1","06,0050,9,1",,,"0,000","4,1,06,1","0000,9",,,,,"2,1,024,1,+999,9","21,1","4,99,0072,1","SYN017333   91114 94000",
"07173099999","1990-02-02T15:00:00","4","48.2","6.4333333","320.0","EPINAL DOGNEVILLE, FR","FM-12","99999","V020","170,1,N,0051,1","99999,9,9,N","999999,9,N,9","+0090,1","+0019,1","10169,1","06,0000,9,1",,,"4,000",,"0042,9",,,,,"2,1,016,1,+999,9",,"4,99,0072,1","SYN017333   91114 94007",
"07173099999","1990-02-02T21:00:00","4","48.2","6.4333333","320.0","EPINAL DOGNEVILLE, FR","FM-12","99999","V020","160,1,N,0051,1","99999,9,9,N","999999,9,N,9","+0061,1","+0004,1","10207,1","06,0000,9,1",,,"4,000",,"0000,9",,,,,"2,1,018,1,+999,9",,"4,99,0082,1","SYN017333   91116 94000",
"07173099999","1990-02-03T00:00:00","4","48.2","6.4333333","320.0","EPINAL DOGNEVILLE, FR","FM-12","99999","V020","130,1,N,0021,1","99999,9,9,N","999999,9,N,9","+0036,1","-0002,1","10204,1","06,0000,9,1",,,"4,000",,"0000,9",,,,,"7,1,006,1,+999,9",,"4,99,0041,1","SYN017333   91108 94000",
"07173099999","1990-02-03T03:00:00","4","48.2","6.4333333","320.0","EPINAL DOGNEVILLE, FR","FM-12","99999","V020","999,1,C,0000,1","99999,9,9,N","999999,9,N,9","+0017,1","-0005,1","10197,1","06,0000,9,1",,,"4,000",,"0000,9",,,,,"7,1,009,1,+999,9",,"4,99,0010,1","SYN017333   91102 94000",
"07173099999","1990-02-03T06:00:00","4","48.2","6.4333333","320.0","EPINAL DOGNEVILLE, FR","FM-12","99999","V020","200,1,N,0010,1","99999,9,9,N","999999,9,N,9","+0011,1","-0013,1","10184,1","06,0000,9,1",,,"4,000",,"0174,9","999,-0040,9","999,N,+0011,1",,,"7,1,013,1,+999,9",,"4,99,0031,1","SYN029333   20011 3/104 91106 94029",
"07173099999","1990-02-03T09:00:00","4","48.2","6.4333333","320.0","EPINAL DOGNEVILLE, FR","FM-12","99999","V020","150,1,N,0051,1","99999,9,9,N","999999,9,N,9","+0094,1","+0018,1","10140,1","06,0000,9,1",,,"4,000",,"0060,9",,,,,"7,1,031,1,+999,9",,"4,99,0082,1","SYN017333   91116 94010",
"07173099999","1990-02-03T12:00:00","4","48.2","6.4333333","320.0","EPINAL DOGNEVILLE, FR","FM-12","99999","V020","180,1,N,0082,1","99999,9,9,N","999999,9,N,9","+0119,1","+0015,1","10105,1","06,0000,9,1",,,"4,000",,"0018,9",,,,,"7,1,031,1,+999,9",,"4,99,0118,1","SYN017333   91123 94003",
"07173099999","1990-02-03T15:00:00","4","48.2","6.4333333","320.0","EPINAL DOGNEVILLE, FR","FM-12","99999","V020","180,1,N,0118,1","99999,9,9,N","999999,9,N,9","+0122,1","+0047,1","10108,1","06,0000,9,1",,,"4,000",,"0000,9",,,,,"2,1,003,1,+999,9",,"4,99,0170,1","SYN017333   91133 94000",
"07173099999","1990-02-03T18:00:00","4","48.2","6.4333333","320.0","EPINAL DOGNEVILLE, FR","FM-12","99999","V020","190,1,N,0108,1","99999,9,9,N","999999,9,N,9","+0106,1","-0002,1","10170,1","06,0000,9,1",,,"4,000",,"0000,9",,"999,M,+0132,1",,,"2,1,058,1,+999,9",,"4,99,0170,1","SYN023333   10132 91133 94000",
"07173099999","1990-02-03T21:00:00","4","48.2","6.4333333","320.0","EPINAL DOGNEVILLE, FR","FM-12","99999","V020","210,1,N,0072,1","99999,9,9,N","999999,9,N,9","+0073,1","-0027,1","10260,1","06,0000,9,1",,,"4,000",,"0000,9",,,,,"2,1,082,1,+999,9",,"4,99,0118,1","SYN017333   91123 94000",
"07173099999","1990-02-04T00:00:00","4","48.2","6.4333333","320.0","EPINAL DOGNEVILLE, FR","FM-12","99999","V020","180,1,N,0041,1","99999,9,9,N","999999,9,N,9","+0070,1","-0002,1","10295,1","06,0000,9,1",,,"4,000",,"0000,9",,,,,"2,1,033,1,+999,9",,"4,99,0072,1","SYN017333   91114 94000",
"07173099999","1990-02-04T03:00:00","4","48.2","6.4333333","320.0","EPINAL DOGNEVILLE, FR","FM-12","99999","V020","160,1,N,0021,1","99999,9,9,N","999999,9,N,9","+0040,1","+0005,1","10306,1","06,0000,9,1",,,"4,000",,"0000,9",,,,,"2,1,007,1,+999,9",,"4,99,0041,1","SYN017333   91108 94000",
"07173099999","1990-02-04T06:00:00","4","48.2","6.4333333","320.0","EPINAL DOGNEVILLE, FR","FM-12","99999","V020","100,1,N,0010,1","99999,9,9,N","999999,9,N,9","+0023,1","+0002,1","10324,1","06,0000,9,1",,,"4,000",,"0270,9","999,-0020,9","999,N,+0023,1",,,"2,1,015,1,+999,9",,"4,99,0021,1","SYN029333   20023 3/102 91104 94045",
"07173099999","1990-02-04T09:00:00","4","48.2","6.4333333","320.0","EPINAL DOGNEVILLE, FR","FM-12","99999","V020","350,1,N,0010,1","99999,9,9,N","999999,9,N,9","+0045,1","+0022,1","10324,1","06,0000,9,1",,,"4,000",,"0060,9",,,,,"2,1,003,1,+999,9",,"4,99,0021,1","SYN017333   91104 94010",
"07173099999","1990-02-04T12:00:00","4","48.2","6.4333333","320.0","EPINAL DOGNEVILLE, FR","FM-12","99999","V020","170,1,N,0010,1","99999,9,9,N","999999,9,N,9","+0098,1","+0004,1","10319,1","06,0000,9,1",,,"4,000",,"0060,9",,,,,"2,1,003,1,+999,9",,"4,99,0031,1","SYN017333   91106 94010",
"07173099999","1990-02-04T15:00:00","4","48.2","6.4333333","320.0","EPINAL DOGNEVILLE, FR","FM-12","99999","V020","180,1,N,0031,1","99999,9,9,N","999999,9,N,9","+0108,1","-0016,1","10296,1","06,0000,9,1",,,"4,000",,"0060,9",,,,,"7,1,021,1,+999,9",,"4,99,0051,1","SYN017333   91110 94010",
"07173099999","1990-02-04T18:00:00","4","48.2","6.4333333","320.0","EPINAL DOGNEVILLE, FR","FM-12","99999","V020","999,1,C,0000,1","99999,9,9,N","999999,9,N,9","+0028,1","-0010,1","10308,1","06,0000,9,1",,,"4,000",,"0000,9",,"999,M,+0112,1",,,"4,1,000,1,+999,9",,"4,99,0021,1","SYN023333   10112 91104 94000",
"07173099999","1990-02-04T21:00:00","4","48.2","6.4333333","320.0","EPINAL DOGNEVILLE, FR","FM-12","99999","V020","999,1,C,0000,1","99999,9,9,N","999999,9,N,9","-0009,1","-0028,1","10322,1","06,0000,9,1",,,"4,000",,"0000,9",,,,,"2,1,008,1,+999,9",,"4,99,0010,1","SYN017333   91102 94000",
"07173099999","1990-02-05T00:00:00","4","48.2","6.4333333","320.0","EPINAL DOGNEVILLE, FR","FM-12","99999","V020","999,1,C,0000,1","99999,9,9,N","999999,9,N,9","-0010,1","-0030,1","10319,1","06,0000,9,1",,,"4,000",,"0000,9",,,,,"7,1,003,1,+999,9",,"4,99,0021,1","SYN017333   91104 94000",
"07173099999","1990-02-05T03:00:00","4","48.2","6.4333333","320.0","EPINAL DOGNEVILLE, FR","FM-12","99999","V020","999,1,C,0000,1","99999,9,9,N","999999,9,N,9","-0024,1","-0038,1","10316,1","06,0000,9,1",,,"4,000",,"0000,9",,,,,"7,1,005,1,+999,9",,"4,99,0021,1","SYN017333   91104 94000",
"07173099999","1990-02-05T06:00:00","4","48.2","6.4333333","320.0","EPINAL DOGNEVILLE, FR","FM-12","99999","V020","110,1,N,0010,1","99999,9,9,N","999999,9,N,9","-0009,1","-0023,1","10306,1","06,0000,9,1",,,"4,000",,"0456,9","999,-0090,9","999,N,-0028,1",,,"7,1,007,1,+999,9",,"4,99,0031,1","SYN029333   21028 3/109 91106 94076",
"07173099999","1990-02-05T09:00:00","4","48.2","6.4333333","320.0","EPINAL DOGNEVILLE, FR","FM-12","99999","V020","140,1,N,0021,1","99999,9,9,N","999999,9,N,9","+0096,1","+0008,1","10298,1","06,0000,9,1",,,"4,000",,"0060,9",,,,,"2,1,007,1,+999,9",,"4,99,0051,1","SYN017333   91110 94010",
"07173099999","1990-02-05T12:00:00","4","48.2","6.4333333","320.0","EPINAL DOGNEVILLE, FR","FM-12","99999","V020","160,1,N,0062,1","99999,9,9,N","999999,9,N,9","+0136,1","-0032,1","10278,1","06,0000,9,1",,,"4,000",,"0060,9",,,,,"7,1,014,1,+999,9",,"4,99,0098,1","SYN017333   91119 94010",
"07173099999","1990-02-05T15:00:00","4","48.2","6.4333333","320.0","EPINAL DOGNEVILLE, FR","FM-12","99999","V020","160,1,N,0031,1","99999,9,9,N","999999,9,N,9","+0142,1","-0040,1","10261,1","06,0000,9,1",,,"4,000",,"0060,9",,,,,"7,1,016,1,+999,9",,"4,99,0051,1","SYN017333   91110 94010",
"07173099999","1990-02-05T18:00:00","4","48.2","6.4333333","320.0","EPINAL DOGNEVILLE, FR","FM-12","99999","V020","140,1,N,0021,1","99999,9,9,N","999999,9,N,9","+0060,1","-0012,1","10259,1","06,0000,9,1",,,"4,000",,"0000,9",,"999,M,+0144,1",,,"7,1,013,1,+999,9",,"4,99,0031,1","SYN023333   10144 91106 94000",
"07173099999","1990-02-05T21:00:00","4","48.2","6.4333333","320.0","EPINAL DOGNEVILLE, FR","FM-12","99999","V020","150,1,N,0010,1","99999,9,9,N","999999,9,N,9","+0006,1","-0024,1","10269,1","06,0000,9,1",,,"4,000",,"0000,9",,,,,"2,1,003,1,+999,9",,"4,99,0021,1","SYN017333   91104 94000",
"07173099999","1990-02-06T00:00:00","4","48.2","6.4333333","320.0","EPINAL DOGNEVILLE, FR","FM-12","99999","V020","999,1,C,0000,1","99999,9,9,N","999999,9,N,9","-0013,1","-0033,1","10257,1","06,0000,9,1",,,"4,000",,"0000,9",,,,,"7,1,015,1,+999,9",,"4,99,0021,1","SYN017333   91104 94000",
"07173099999","1990-02-06T03:00:00","4","48.2","6.4333333","320.0","EPINAL DOGNEVILLE, FR","FM-12","99999","V020","999,1,C,0000,1","99999,9,9,N","999999,9,N,9","-0025,1","-0045,1","10243,1","06,0000,9,1",,,"4,000",,"0000,9",,,,,"7,1,015,1,+999,9",,"4,99,0010,1","SYN017333   91102 94000",
"07173099999","1990-02-06T06:00:00","4","48.2","6.4333333","320.0","EPINAL DOGNEVILLE, FR","FM-12","99999","V020","160,1,N,0010,1","99999,9,9,N","999999,9,N,9","-0030,1","-0053,1","10230,1","06,0000,9,1",,,"4,000",,"0534,9","999,-0090,9","999,N,-0031,1",,,"7,1,014,1,+999,9",,"4,99,0021,1","SYN029333   21031 3/109 91104 94089",
"07173099999","1990-02-06T09:00:00","4","48.2","6.4333333","320.0","EPINAL DOGNEVILLE, FR","FM-12","99999","V020","120,1,N,0010,1","99999,9,9,N","999999,9,N,9","+0047,1","-0015,1","10210,1","06,0000,9,1",,,"4,000",,"0060,9",,,,,"7,1,008,1,+999,9",,"4,99,0031,1","SYN017333   91106 94010",
"07173099999","1990-02-06T12:00:00","4","48.2","6.4333333","320.0","EPINAL DOGNEVILLE, FR","FM-12","99999","V020","160,1,N,0082,1","99999,9,9,N","999999,9,N,9","+0131,1","-0050,1","10181,1","06,0000,9,1",,,"4,000",,"0060,9",,,,,"7,1,017,1,+999,9",,"4,99,0118,1","SYN017333   91123 94010",
"07173099999","1990-02-06T15:00:00","4","48.2","6.4333333","320.0","EPINAL DOGNEVILLE, FR","FM-12","99999","V020","170,1,N,0051,1","99999,9,9,N","999999,9,N,9","+0135,1","-0009,1","10163,1","06,0000,9,1",,,"4,000",,"0054,9",,,,,"7,1,016,1,+999,9",,"4,99,0088,1","SYN017333   91117 94009",
"07173099999","1990-02-06T18:00:00","4","48.2","6.4333333","320.0","EPINAL DOGNEVILLE, FR","FM-12","99999","V020","160,1,N,0041,1","99999,9,9,N","999999,9,N,9","+0105,1","+0008,1","10176,1","06,0000,9,1",,,"4,000",,"0000,9",,"999,M,+0139,1",,,"2,1,009,1,+999,9",,"4,99,0072,1","SYN023333   10139 91114 94000",
"07173099999","1990-02-06T21:00:00","4","48.2","6.4333333","320.0","EPINAL DOGNEVILLE, FR","FM-12","99999","V020","170,1,N,0051,1","99999,9,9,N","999999,9,N,9","+0103,1","+0024,1","10190,1","06,0000,9,1",,,"4,000",,"0000,9",,,,,"2,1,013,1,+999,9",,"4,99,0082,1","SYN017333   91116 94000",
"07173099999","1990-02-07T00:00:00","4","48.2","6.4333333","320.0","EPINAL DOGNEVILLE, FR","FM-12","99999","V020","150,1,N,0041,1","99999,9,9,N","999999,9,N,9","+0092,1","+0050,1","10211,1","06,0000,9,1",,,"4,000",,"0000,9",,,,,"2,1,019,1,+999,9",,"4,99,0088,1","SYN017333   91117 94000",
"07173099999","1990-02-07T03:00:00","4","48.2","6.4333333","320.0","EPINAL DOGNEVILLE, FR","FM-12","99999","V020","170,1,N,0041,1","99999,9,9,N","999999,9,N,9","+0075,1","+0046,1","10208,1","06,0000,9,1",,,"4,000",,"0000,9",,,,,"7,1,006,1,+999,9",,"4,99,0062,1","SYN017333   91112 94000",
"07173099999","1990-02-07T06:00:00","4","48.2","6.4333333","320.0","EPINAL DOGNEVILLE, FR","FM-12","99999","V020","160,1,N,0051,1","99999,9,9,N","999999,9,N,9","+0078,1","+0051,1","10203,1","06,0000,9,1",,,"4,000",,"0450,9","999,+0050,9","999,N,+0073,1",,,"7,1,003,1,+999,9",,"4,99,0082,1","SYN029333   20073 3/005 91116 94075",
"07173099999","1990-02-07T09:00:00","4","48.2","6.4333333","320.0","EPINAL DOGNEVILLE, FR","FM-12","99999","V020","170,1,N,0062,1","99999,9,9,N","999999,9,N,9","+0093,1","+0057,1","10210,1","06,0000,9,1",,,"4,000",,"0006,9",,,,,"2,1,008,1,+999,9",,"4,99,0098,1","SYN017333   91119 94001",
"07173099999","1990-02-07T12:00:00","4","48.2","6.4333333","320.0","EPINAL DOGNEVILLE, FR","FM-12","99999","V020","160,1,N,0062,1","99999,9,9,N","999999,9,N,9","+0106,1","+0043,1","10194,1","06,0000,9,1",,,"4,000",,"0000,9",,,,,"7,1,014,1,+999,9",,"4,99,0108,1","SYN017333   91121 94000",
"07173099999","1990-02-07T18:00:00","4","48.2","6.4333333","320.0","EPINAL DOGNEVILLE, FR","FM-12","99999","V020","170,1,N,0072,1","99999,9,9,N","999999,9,N,9","+0124,1","+0028,1","10194,1","06,0000,9,1",,,"4,000",,"0000,9",,"999,M,+0134,1",,,"2,1,004,1,+999,9",,"4,99,0108,1","SYN023333   10134 91121 94000",
"07173099999","1990-02-07T21:00:00","4","48.2","6.4333333","320.0","EPINAL DOGNEVILLE, FR","FM-12","99999","V020","170,1,N,0072,1","99999,9,9,N","999999,9,N,9","+0126,1","+0043,1","10193,1","06,0000,9,1",,,"4,000",,"0000,9",,,,,"7,1,001,1,+999,9",,"4,99,0118,1","SYN017333   91123 94000",
"07173099999","1990-02-08T00:00:00","4","48.2","6.4333333","320.0","EPINAL DOGNEVILLE, FR","FM-12","99999","V020","160,1,N,0082,1","99999,9,9,N","999999,9,N,9","+0127,1","+0047,1","10190,1","06,0000,9,1",,,"4,000",,"0000,9",,,,,"7,1,003,1,+999,9",,"4,99,0129,1","SYN017333   91125 94000",
"07173099999","1990-02-08T03:00:00","4","48.2","6.4333333","320.0","EPINAL DOGNEVILLE, FR","FM-12","99999","V020","170,1,N,0072,1","99999,9,9,N","999999,9,N,9","+0121,1","+0051,1","10171,1","06,0000,9,1",,,"4,000",,"0000,9",,,,,"7,1,019,1,+999,9",,"4,99,0108,1","SYN017333   91121 94000",
"07173099999","1990-02-08T06:00:00","4","48.2","6.4333333","320.0","EPINAL DOGNEVILLE, FR","FM-12","99999","V020","160,1,N,0108,1","99999,9,9,N","999999,9,N,9","+0118,1","+0048,1","10157,1","06,0000,9,1",,,"4,000",,"0036,9","999,+0110,9","999,N,+0115,1",,,"7,1,013,1,+999,9",,"4,99,0190,1","SYN029333   20115 3/011 91137 94006",
"07173099999","1990-02-08T09:00:00","4","48.2","6.4333333","320.0","EPINAL DOGNEVILLE, FR","FM-12","99999","V020","180,1,N,0108,1","99999,9,9,N","999999,9,N,9","+0125,1","+0059,1","10182,1","06,0000,9,1",,,"4,000",,"0006,9",,,,,"2,1,024,1,+999,9",,"4,99,0190,1","SYN017333   91137 94001",
"07173099999","1990-02-08T12:00:00","4","48.2","6.4333333","320.0","EPINAL DOGNEVILLE, FR","FM-12","99999","V020","210,1,N,0062,1","99999,9,9,N","999999,9,N,9","+0127,1","+0026,1","10219,1","06,9999,2,9",,,"0,000","4,1,06,1","0000,9",,,,,"2,1,036,1,+999,9","21,1","4,99,0118,1","SYN017333   91123 94000",
"07173099999","1990-02-08T15:00:00","4","48.2","6.4333333","320.0","EPINAL DOGNEVILLE, FR","FM-12","99999","V020","220,1,N,0087,1","99999,9,9,N","999999,9,N,9","+0119,1","-0012,1","10239,1","06,0000,9,1",,,"4,000",,"0042,9",,,,,"2,1,018,1,+999,9",,"4,99,0149,1","SYN017333   91129 94007",
"07173099999","1990-02-08T18:00:00","4","48.2","6.4333333","320.0","EPINAL DOGNEVILLE, FR","FM-12","99999","V020","200,1,N,0031,1","99999,9,9,N","999999,9,N,9","+0070,1","+0013,1","10275,1","99,9999,2,9",,,"0,000",,"0000,9",,"999,M,+0140,1",,,"2,1,028,1,+999,9",,"4,99,0051,1","SYN023333   10140 91110 94000",
"07173099999","1990-02-08T21:00:00","4","48.2","6.4333333","320.0","EPINAL DOGNEVILLE, FR","FM-12","99999","V020","180,1,N,0031,1","99999,9,9,N","999999,9,N,9","+0044,1","+0021,1","10306,1","06,0000,9,1",,,"4,000",,"0000,9",,,,,"2,1,027,1,+999,9",,"4,99,0041,1","SYN017333   91108 94000",
"07173099999","1990-02-09T00:00:00","4","48.2","6.4333333","320.0","EPINAL DOGNEVILLE, FR","FM-12","99999","V020","160,1,N,0021,1","99999,9,9,N","999999,9,N,9","+0029,1","+0011,1","10321,1","06,0020,9,1",,,"0,000",,"0000,9",,,,,"2,1,012,1,+999,9",,"4,99,0041,1","SYN017333   91108 94000",
"07173099999","1990-02-09T03:00:00","4","48.2","6.4333333","320.0","EPINAL DOGNEVILLE, FR","FM-12","99999","V020","170,1,N,0010,1","99999,9,9,N","999999,9,N,9","+0001,1","-0010,1","10335,1","06,0000,9,1",,,"4,000",,"0000,9",,,,,"2,1,009,1,+999,9",,"4,99,0021,1","SYN017333   91104 94000",
"07173099999","1990-02-09T06:00:00","4","48.2","6.4333333","320.0","EPINAL DOGNEVILLE, FR","FM-12","99999","V020","999,1,C,0000,1","99999,9,9,N","999999,9,N,9","-0019,1","-0030,1","10336,1","99,0020,9,1",,,"0,000",,"0168,9","999,-0080,9","999,N,-0019,1",,,"7,1,001,1,+999,9",,"4,99,0010,1","SYN029333   21019 3/108 91102 94028",
"07173099999","1990-02-09T09:00:00","4","48.2","6.4333333","320.0","EPINAL DOGNEVILLE, FR","FM-12","99999","V020","999,1,C,0000,1","99999,9,9,N","999999,9,N,9","+0011,1","+0001,1","10343,1","06,0000,9,1",,,"4,000",,"0018,9",,,,,"2,1,010,1,+999,9",,"4,99,0010,1","SYN017333   91102 94003",
"07173099999","1990-02-09T12:00:00","4","48.2","6.4333333","320.0","EPINAL DOGNEVILLE, FR","FM-12","99999","V020","180,1,N,0021,1","99999,9,9,N","999999,9,N,9","+0071,1","+0014,1","10328,1","06,0000,9,1",,,"4,000",,"0030,9",,,,,"7,1,006,1,+999,9",,"4,99,0041,1","SYN017333   91108 94005",
"07173099999","1990-02-09T15:00:00","4","48.2","6.4333333","320.0","EPINAL DOGNEVILLE, FR","FM-12","99999","V020","170,1,N,0010,1","99999,9,9,N","999999,9,N,9","+0084,1","-0011,1","10309,1","06,0000,9,1",,,"4,000",,"0042,9",,,,,"7,1,016,1,+999,9",,"4,99,0021,1","SYN017333   91104 94007",
"07173099999","1990-02-09T18:00:00","4","48.2","6.4333333","320.0","EPINAL DOGNEVILLE, FR","FM-12","99999","V020","100,1,N,0010,1","99999,9,9,N","999999,9,N,9","+0013,1","-0019,1","10315,1","06,0000,9,1",,,"4,000",,"0000,9",,"999,M,+0086,1",,,"7,1,004,1,+999,9",,"4,99,0021,1","SYN023333   10086 91104 94000",
"07173099999","1990-02-09T21:00:00","4","48.2","6.4333333","320.0","EPINAL DOGNEVILLE, FR","FM-12","99999","V020","070,1,N,0010,1","99999,9,9,N","999999,9,N,9","-0017,1","-0034,1","10309,1","06,0000,9,1",,,"4,000",,"0000,9",,,,,"7,1,010,1,+999,9",,"4,99,0021,1","SYN017333   91104 94000",
"07173099999","1990-02-10T00:00:00","4","48.2","6.4333333","320.0","EPINAL DOGNEVILLE, FR","FM-12","99999","V020","999,1,C,0000,1","99999,9,9,N","999999,9,N,9","-0030,1","-0046,1","10295,1","06,0000,9,1",,,"4,000",,"0000,9",,,,,"7,1,016,1,+999,9",,"4,99,0010,1","SYN017333   91102 94000",
"07173099999","1990-02-10T03:00:00","4","48.2","6.4333333","320.0","EPINAL DOGNEVILLE, FR","FM-12","99999","V020","999,1,C,0000,1","99999,9,9,N","999999,9,N,9","-0035,1","-0049,1","10264,1","06,0000,9,1",,,"4,000",,"0000,9",,,,,"7,1,031,1,+999,9",,"4,99,0010,1","SYN017333   91102 94000",
"07173099999","1990-02-10T06:00:00","4","48.2","6.4333333","320.0","EPINAL DOGNEVILLE, FR","FM-12","99999","V020","999,1,C,0000,1","99999,9,9,N","999999,9,N,9","-0029,1","-0048,1","10219,1","06,0000,9,1",,,"4,000",,"0348,9","999,-0090,9","999,N,-0038,1",,,"7,1,042,1,+999,9",,"4,99,0021,1","SYN029333   21038 3/109 91104 94058",
"07173099999","1990-02-10T09:00:00","4","48.2","6.4333333","320.0","EPINAL DOGNEVILLE, FR","FM-12","99999","V020","040,1,N,0010,1","99999,9,9,N","999999,9,N,9","+0007,1","-0025,1","10193,1","06,0000,9,1",,,"4,000",,"0000,9",,,,,"7,1,019,1,+999,9",,"4,99,0021,1","SYN017333   91104 94000",
"07173099999","1990-02-10T12:00:00","4","48.2","6.4333333","320.0","EPINAL DOGNEVILLE, FR","FM-12","99999","V020","170,1,N,0082,1","99999,9,9,N","999999,9,N,9","+0055,1","-0023,1","10165,1","06,0000,9,1",,,"4,000",,"0000,9",,,,,"7,1,021,1,+999,9",,"4,99,0139,1","SYN017333   91127 94000",
"07173099999","1990-02-10T15:00:00","4","48.2","6.4333333","320.0","EPINAL DOGNEVILLE, FR","FM-12","99999","V020","160,1,N,0108,1","99999,9,9,N","999999,9,N,9","+0057,1","+0027,1","10120,1","99,0010,9,1",,,"0,000","4,1,03,1","0000,9",,,,,"7,1,043,1,+999,9","21,1","4,99,0180,1","SYN017333   91135 94000",
"07173099999","1990-02-10T18:00:00","4","48.2","6.4333333","320.0","EPINAL DOGNEVILLE, FR","FM-12","99999","V020","170,1,N,0098,1","99999,9,9,N","999999,9,N,9","+0058,1","+0030,1","10100,1","99,0050,9,1",,,"0,000",,"0000,9",,"999,M,+0087,1",,,"7,1,019,1,+999,9",,"4,99,0149,1","SYN023333   10087 91129 94000",
"07173099999","1990-02-10T21:00:00","4","48.2","6.4333333","320.0","EPINAL DOGNEVILLE, FR","FM-12","99999","V020","170,1,N,0087,1","99999,9,9,N","999999,9,N,9","+0060,1","+0037,1","10080,1","99,0010,9,1",,,"0,000","4,1,03,1","0000,9",,,,,"7,1,019,1,+999,9","21,1","4,99,0160,1","SYN017333   91131 94000",
"07173099999","1990-02-11T00:00:00","4","48.2","6.4333333","320.0","EPINAL DOGNEVILLE, FR","FM-12","99999","V020","160,1,N,0087,1","99999,9,9,N","999999,9,N,9","+0068,1","+0039,1","10059,1","06,0020,9,1",,,"0,000",,"0000,9",,,,,"7,1,019,1,+999,9",,"4,99,0139,1","SYN017333   91127 94000",
"07173099999","1990-02-11T03:00:00","4","48.2","6.4333333","320.0","EPINAL DOGNEVILLE, FR","FM-12","99999","V020","180,1,N,0031,1","99999,9,9,N","999999,9,N,9","+0035,1","+0014,1","10063,1","99,0010,9,1",,,"0,000","4,1,03,1","0000,9",,,,,"4,1,000,1,+999,9","21,1","4,99,0062,1","SYN017333   91112 94000",
"07173099999","1990-02-11T06:00:00","4","48.2","6.4333333","320.0","EPINAL DOGNEVILLE, FR","FM-12","99999","V020","200,1,N,0051,1","99999,9,9,N","999999,9,N,9","+0037,1","+0006,1","10100,1","99,0060,9,1",,,"0,000",,"0000,9","999,+0020,9","999,N,+0034,1",,,"2,1,035,1,+999,9",,"4,99,0098,1","SYN029333   20034 3/002 91119 94000",
"07173099999","1990-02-11T09:00:00","4","48.2","6.4333333","320.0","EPINAL DOGNEVILLE, FR","FM-12","99999","V020","180,1,N,0062,1","99999,9,9,N","999999,9,N,9","+0038,1","+0007,1","10127,1","06,0000,9,1",,,"4,000",,"0000,9",,,,,"2,1,026,1,+999,9",,"4,99,0098,1","SYN017333   91119 94000",
"07173099999","1990-02-11T12:00:00","4","48.2","6.4333333","320.0","EPINAL DOGNEVILLE, FR","FM-12","99999","V020","170,1,N,0041,1","99999,9,9,N","999999,9,N,9","+0040,1","+0000,1","10123,1","06,0000,9,1",,,"4,000",,"0000,9",,,,,"7,1,003,1,+999,9",,"4,99,0062,1","SYN017333   91112 94000",
"07173099999","1990-02-11T15:00:00","4","48.2","6.4333333","320.0","EPINAL DOGNEVILLE, FR","FM-12","99999","V020","190,1,N,0072,1","99999,9,9,N","999999,9,N,9","+0054,1","-0022,1","10106,1","06,0000,9,1",,,"4,000",,"0030,9",,,,,"7,1,015,1,+999,9",,"4,99,0108,1","SYN017333   91121 94005",
"07173099999","1990-02-11T18:00:00","4","48.2","6.4333333","320.0","EPINAL DOGNEVILLE, FR","FM-12","99999","V020","150,1,N,0072,1","99999,9,9,N","999999,9,N,9","+0037,1","-0027,1","10062,1","06,0000,9,1",,,"4,000",,"0000,9",,"999,M,+0056,1",,,"7,1,044,1,+999,9",,"4,99,0108,1","SYN023333   10056 91121 94000",
"07173099999","1990-02-11T21:00:00","4","48.2","6.4333333","320.0","EPINAL DOGNEVILLE, FR","FM-12","99999","V020","150,1,N,0098,1","99999,9,9,N","999999,9,N,9","+0044,1","-0046,1","09992,1","06,0000,9,1",,,"4,000",,"0000,9",,,,,"7,1,067,1,+999,9",,"4,99,0170,1","SYN017333   91133 94000",
"07173099999","1990-02-12T00:00:00","4","48.2","6.4333333","320.0","EPINAL DOGNEVILLE, FR","FM-12","99999","V020","160,1,N,0082,1","99999,9,9,N","999999,9,N,9","+0026,1","+0003,1","09928,1","06,0020,9,1",,,"0,000","4,1,06,1","0000,9",,,,,"7,1,064,1,+999,9","41,1","4,99,0139,1","SYN017333   91127 94000",
"07173099999","1990-02-12T03:00:00","4","48.2","6.4333333","320.0","EPINAL DOGNEVILLE, FR","FM-12","99999","V020","180,1,N,0082,1","99999,9,9,N","999999,9,N,9","+0030,1","+0009,1","09915,1","06,0000,9,1",,,"4,000",,"0000,9",,,,,"7,1,012,1,+999,9",,"4,99,0149,1","SYN017333   91129 94000",
"07173099999","1990-02-12T06:00:00","4","48.2","6.4333333","320.0","EPINAL DOGNEVILLE, FR","FM-12","99999","V020","190,1,N,0072,1","99999,9,9,N","999999,9,N,9","+0030,1","+0009,1","09931,1","99,0060,9,1",,,"0,000","4,1,06,1","0054,9","999,+0010,9","999,N,+0020,1",,,"2,1,016,1,+999,9","41,1","4,99,0118,1","SYN029333   20020 3/001 91123 94009",
"07173099999","1990-02-12T09:00:00","4","48.2","6.4333333","320.0","EPINAL DOGNEVILLE, FR","FM-12","99999","V020","210,1,N,0062,1","99999,9,9,N","999999,9,N,9","+0030,1","+0007,1","09956,1","99,0005,9,1",,,"0,000","4,1,03,1","0000,9",,,,,"2,1,024,1,+999,9","21,1","4,99,0098,1","SYN017333   91119 94000",
"07173099999","1990-02-12T12:00:00","4","48.2","6.4333333","320.0","EPINAL DOGNEVILLE, FR","FM-12","99999","V020","200,1,N,0072,1","99999,9,9,N","999999,9,N,9","+0042,1","-0012,1","09964,1","06,0010,9,1",,,"0,000",,"0000,9",,,,,"2,1,009,1,+999,9",,"4,99,0118,1","SYN017333   91123 94000",
"07173099999","1990-02-12T15:00:00","4","48.2","6.4333333","320.0","EPINAL DOGNEVILLE, FR","FM-12","99999","V020","210,1,N,0082,1","99999,9,9,N","999999,9,N,9","+0049,1","-0018,1","09948,1","06,0000,9,1",,,"4,000",,"0000,9",,,,,"7,1,015,1,+999,9",,"4,99,0129,1","SYN017333   91125 94000",
"07173099999","1990-02-12T18:00:00","4","48.2","6.4333333","320.0","EPINAL DOGNEVILLE, FR","FM-12","99999","V020","200,1,N,0051,1","99999,9,9,N","999999,9,N,9","+0035,1","-0012,1","09966,1","99,0010,9,1",,,"0,000",,"0000,9",,"999,M,+0058,1",,,"2,1,016,1,+999,9",,"4,99,0072,1","SYN023333   10058 91114 94000",
"07173099999","1990-02-12T21:00:00","4","48.2","6.4333333","320.0","EPINAL DOGNEVILLE, FR","FM-12","99999","V020","190,1,N,0051,1","99999,9,9,N","999999,9,N,9","+0018,1","-0001,1","09977,1","99,0010,9,1",,,"0,000","4,1,03,1","0000,9",,,,,"2,1,009,1,+999,9","21,1","4,99,0072,1","SYN017333   91114 94000",
"07173099999","1990-02-13T00:00:00","4","48.2","6.4333333","320.0","EPINAL DOGNEVILLE, FR","FM-12","99999","V020","190,1,N,0062,1","99999,9,9,N","999999,9,N,9","+0029,1","+0005,1","09978,1","06,0030,9,1",,,"0,000","4,1,06,1","0000,9",,,,,"2,1,002,1,+999,9","21,1","4,99,0098,1","SYN017333   91119 94000",
"07173099999","1990-02-13T03:00:00","4","48.2","6.4333333","320.0","EPINAL DOGNEVILLE, FR","FM-12","99999","V020","200,1,N,0062,1","99999,9,9,N","999999,9,N,9","+0022,1","+0003,1","09994,1","99,0003,9,1",,,"0,000","4,1,03,1","0000,9",,,,,"2,1,015,1,+999,9","21,1","4,99,0098,1","SYN017333   91119 94000",
"07173099999","1990-02-13T06:00:00","4","48.2","6.4333333","320.0","EPINAL DOGNEVILLE, FR","FM-12","99999","V020","200,1,N,0051,1","99999,9,9,N","999999,9,N,9","+0020,1","+0001,1","10015,1","99,0050,9,1",,,"0,000",,"0018,9","999,+0000,9","999,N,+0015,1",,,"2,1,019,1,+999,9",,"4,99,0088,1","SYN029333   20015 3/000 91117 94003",
"07173099999","1990-02-13T09:00:00","4","48.2","6.4333333","320.0","EPINAL DOGNEVILLE, FR","FM-12","99999","V020","200,1,N,0062,1","99999,9,9,N","999999,9,N,9","+0025,1","+0004,1","10036,1","99,0003,9,1",,,"0,000","4,1,03,1","0000,9",,,,,"2,1,021,1,+999,9","21,1","4,99,0098,1","SYN017333   91119 94000",
"07173099999","1990-02-13T12:00:00","4","48.2","6.4333333","320.0","EPINAL DOGNEVILLE, FR","FM-12","99999","V020","190,1,N,0051,1","99999,9,9,N","999999,9,N,9","+0046,1","+0015,1","10026,1","06,0020,9,1",,,"0,000",,"0000,9",,,,,"7,1,007,1,+999,9",,"4,99,0082,1","SYN017333   91116 94000",
"07173099999","1990-02-13T15:00:00","4","48.2","6.4333333","320.0","EPINAL DOGNEVILLE, FR","FM-12","99999","V020","180,1,N,0072,1","99999,9,9,N","999999,9,N,9","+0039,1","+0019,1","10011,1","99,0005,9,1",,,"0,000","4,1,03,1","0000,9",,,,,"7,1,015,1,+999,9","21,1","4,99,0108,1","SYN017333   91121 94000",
"07173099999","1990-02-13T18:00:00","4","48.2","6.4333333","320.0","EPINAL DOGNEVILLE, FR","FM-12","99999","V020","160,1,N,0082,1","99999,9,9,N","999999,9,N,9","+0039,1","+0023,1","09986,1","99,0050,9,1",,,"9,000","4,1,06,1","0000,9",,"999,M,+0047,1",,,"7,1,024,1,+999,9","41,1","4,99,0129,1","SYN023333   10047 91125 94000",
"07173099999","1990-02-13T21:00:00","4","48.2","6.4333333","320.0","EPINAL DOGNEVILLE, FR","FM-12","99999","V020","180,1,N,0072,1","99999,9,9,N","999999,9,N,9","+0068,1","+0054,1","09962,1","99,0030,9,1",,,"0,000","4,1,03,1","0000,9",,,,,"7,1,019,1,+999,9","41,1","4,99,0118,1","SYN017333   91123 94000",
"07173099999","1990-02-14T00:00:00","4","48.2","6.4333333","320.0","EPINAL DOGNEVILLE, FR","FM-12","99999","V020","200,1,N,0082,1","99999,9,9,N","999999,9,N,9","+0101,1","+0084,1","09948,1","06,0110,9,1",,,"0,000","4,1,06,1","0000,9",,,,,"7,1,008,1,+999,9","41,1","4,99,0149,1","SYN017333   91129 94000",
"07173099999","1990-02-14T03:00:00","4","48.2","6.4333333","320.0","EPINAL DOGNEVILLE, FR","FM-12","99999","V020","210,1,N,0098,1","99999,9,9,N","999999,9,N,9","+0102,1","+0083,1","09946,1","99,0003,9,1",,,"0,000","4,1,03,1","0000,9",,,,,"7,1,002,1,+999,9","21,1","4,99,0139,1","SYN017333   91127 94000",
"07173099999","1990-02-14T06:00:00","4","48.2","6.4333333","320.0","EPINAL DOGNEVILLE, FR","FM-12","99999","V020","250,1,N,0062,1","99999,9,9,N","999999,9,N,9","+0094,1","+0077,1","09971,1","99,0190,9,1",,,"0,000","4,1,06,1","0000,9","999,+0030,9","999,N,+0039,1",,,"2,1,023,1,+999,9","42,1","4,99,0088,1","SYN029333   20039 3/003 91117 94000",
"07173099999","1990-02-14T09:00:00","4","48.2","6.4333333","320.0","EPINAL DOGNEVILLE, FR","FM-12","99999","V020","240,1,N,0082,1","99999,9,9,N","999999,9,N,9","+0069,1","+0044,1","10009,1","99,0010,9,1",,,"0,000","4,1,03,1","0000,9",,,,,"2,1,032,1,+999,9","41,1","4,99,0118,1","SYN017333   91123 94000",
"07173099999","1990-02-14T12:00:00","4","48.2","6.4333333","320.0","EPINAL DOGNEVILLE, FR","FM-12","99999","V020","190,1,N,0031,1","99999,9,9,N","999999,9,N,9","+0050,1","+0029,1","10010,1","06,0050,9,1",,,"0,000","4,1,06,1","0000,9",,,,,"7,1,002,1,+999,9","21,1","4,99,0051,1","SYN017333   91110 94000",
"07173099999","1990-02-14T15:00:00","4","48.2","6.4333333","320.0","EPINAL DOGNEVILLE, FR","FM-12","99999","V020","190,1,N,0041,1","99999,9,9,N","999999,9,N,9","+0073,1","+0061,1","09984,1","99,0010,9,1",,,"0,000","4,1,03,1","0000,9",,,,,"7,1,021,1,+999,9","41,1","4,99,0072,1","SYN017333   91114 94000",
"07173099999","1990-02-14T18:00:00","4","48.2","6.4333333","320.0","EPINAL DOGNEVILLE, FR","FM-12","99999","V020","200,1,N,0072,1","99999,9,9,N","999999,9,N,9","+0099,1","+0080,1","09980,1","99,0100,9,1",,,"0,000","4,1,06,1","0000,9",,"999,M,+0100,1",,,"4,1,000,1,+999,9","21,1","4,99,0129,1","SYN023333   10100 91125 94000",
"07173099999","1990-02-14T21:00:00","4","48.2","6.4333333","320.0","EPINAL DOGNEVILLE, FR","FM-12","99999","V020","200,1,N,0072,1","99999,9,9,N","999999,9,N,9","+0102,1","+0088,1","09984,1","99,0005,9,1",,,"0,000","4,1,03,1","0000,9",,,,,"2,1,004,1,+999,9","21,1","4,99,0129,1","SYN017333   91125 94000",
"07173099999","1990-02-15T00:00:00","4","48.2","6.4333333","320.0","EPINAL DOGNEVILLE, FR","FM-12","99999","V020","200,1,N,0087,1","99999,9,9,N","999999,9,N,9","+0104,1","+0088,1","09973,1","06,0040,9,1",,,"0,000","4,1,06,1","0000,9",,,,,"7,1,010,1,+999,9","21,1","4,99,0149,1","SYN017333   91129 94000",
"07173099999","1990-02-15T03:00:00","4","48.2","6.4333333","320.0","EPINAL DOGNEVILLE, FR","FM-12","99999","V020","180,1,N,0098,1","99999,9,9,N","999999,9,N,9","+0105,1","+0088,1","09944,1","99,0010,9,1",,,"0,000","4,1,03,1","0000,9",,,,,"7,1,028,1,+999,9","41,1","4,99,0149,1","SYN017333   91129 94000",
"07173099999","1990-02-15T06:00:00","4","48.2","6.4333333","320.0","EPINAL DOGNEVILLE, FR","FM-12","99999","V020","190,1,N,0108,1","99999,9,9,N","999999,9,N,9","+0111,1","+0092,1","09925,1","99,0110,9,1",,,"0,000","4,1,06,1","0000,9","999,+0090,9","999,N,+0099,1",,,"7,1,017,1,+999,9","41,1","4,99,0180,1","SYN029333   20099 3/009 91135 94000",
"07173099999","1990-02-15T09:00:00","4","48.2","6.4333333","320.0","EPINAL DOGNEVILLE, FR","FM-12","99999","V020","210,1,N,0118,1","99999,9,9,N","999999,9,N,9","+0112,1","+0091,1","09936,1","99,0003,9,1",,,"0,000","4,1,03,1","0000,9",,,,,"2,1,010,1,+999,9","21,1","4,99,0221,1","SYN017333   91143 94000",
"07173099999","1990-02-15T12:00:00","4","48.2","6.4333333","320.0","EPINAL DOGNEVILLE, FR","FM-12","99999","V020","240,1,N,0098,1","99999,9,9,N","999999,9,N,9","+0067,1","+0020,1","10031,1","06,0030,9,1",,,"0,000",,"0000,9",,,,,"2,1,085,1,+999,9",,"4,99,0160,1","SYN017333   91131 94000",
"07173099999","1990-02-15T15:00:00","4","48.2","6.4333333","320.0","EPINAL DOGNEVILLE, FR","FM-12","99999","V020","280,1,N,0072,1","99999,9,9,N","999999,9,N,9","+0032,1","+0011,1","10085,1","99,0010,9,1",,,"0,000","4,1,03,1","0018,9",,,,,"2,1,047,1,+999,9","21,1","4,99,0118,1","SYN017333   91123 94003",
"07173099999","1990-02-15T18:00:00","4","48.2","6.4333333","320.0","EPINAL DOGNEVILLE, FR","FM-12","99999","V020","220,1,N,0041,1","99999,9,9,N","999999,9,N,9","+0042,1","-0029,1","10114,1","99,0040,9,1",,,"0,000",,"0000,9",,"999,M,+0113,1",,,"2,1,029,1,+999,9",,"4,99,0062,1","SYN023333   10113 91112 94000",
"07173099999","1990-02-15T21:00:00","4","48.2","6.4333333","320.0","EPINAL DOGNEVILLE, FR","FM-12","99999","V020","160,1,N,0031,1","99999,9,9,N","999999,9,N,9","+0024,1","-0027,1","10137,1","06,0000,9,1",,,"4,000",,"0000,9",,,,,"2,1,020,1,+999,9",,"4,99,0051,1","SYN017333   91110 94000",
"07173099999","1990-02-16T00:00:00","4","48.2","6.4333333","320.0","EPINAL DOGNEVILLE, FR","FM-12","99999","V020","160,1,N,0021,1","99999,9,9,N","999999,9,N,9","+0004,1","-0018,1","10141,1","06,0000,9,1",,,"4,000",,"0000,9",,,,,"2,1,001,1,+999,9",,"4,99,0031,1","SYN017333   91106 94000",
"07173099999","1990-02-16T03:00:00","4","48.2","6.4333333","320.0","EPINAL DOGNEVILLE, FR","FM-12","99999","V020","999,1,C,0000,1","99999,9,9,N","999999,9,N,9","-0003,1","-0020,1","10133,1","06,0000,9,1",,,"4,000",,"0000,9",,,,,"7,1,009,1,+999,9",,"4,99,0021,1","SYN017333   91104 94000",
"07173099999","1990-02-16T06:00:00","4","48.2","6.4333333","320.0","EPINAL DOGNEVILLE, FR","FM-12","99999","V020","110,1,N,0010,1","99999,9,9,N","999999,9,N,9","+0004,1","-0015,1","10117,1","06,0000,9,1",,,"4,000",,"0108,9","999,-0040,9","999,N,-0010,1",,,"7,1,014,1,+999,9",,"4,99,0021,1","SYN029333   21010 3/104 91104 94018",
"07173099999","1990-02-16T09:00:00","4","48.2","6.4333333","320.0","EPINAL DOGNEVILLE, FR","FM-12","99999","V020","170,1,N,0010,1","99999,9,9,N","999999,9,N,9","+0014,1","-0002,1","10116,1","99,0003,9,1",,,"0,000","4,1,03,1","0000,9",,,,,"2,1,001,1,+999,9","21,1","4,99,0021,1","SYN017333   91104 94000",
"07173099999","1990-02-16T12:00:00","4","48.2","6.4333333","320.0","EPINAL DOGNEVILLE, FR","FM-12","99999","V020","010,1,N,0010,1","99999,9,9,N","999999,9,N,9","+0027,1","+0008,1","10111,1","06,0010,9,1",,,"0,000",,"0000,9",,,,,"7,1,003,1,+999,9",,"4,99,0031,1","SYN017333   91106 94000",
"07173099999","1990-02-16T15:00:00","4","48.2","6.4333333","320.0","EPINAL DOGNEVILLE, FR","FM-12","99999","V020","180,1,N,0021,1","99999,9,9,N","999999,9,N,9","+0042,1","+0011,1","10117,1","06,0000,9,1",,,"4,000",,"0000,9",,,,,"2,1,007,1,+999,9",,"4,99,0041,1","SYN017333   91108 94000",
"07173099999","1990-02-16T18:00:00","4","48.2","6.4333333","320.0","EPINAL DOGNEVILLE, FR","FM-12","99999","V020","290,1,N,0010,1","99999,9,9,N","999999,9,N,9","+0033,1","+0013,1","10143,1","99,0010,9,1",,,"0,000",,"0000,9",,"999,M,+0044,1",,,"2,1,024,1,+999,9",,"4,99,0031,1","SYN023333   10044 91106 94000",
"07173099999","1990-02-16T21:00:00","4","48.2","6.4333333","320.0","EPINAL DOGNEVILLE, FR","FM-12","99999","V020","999,1,C,0000,1","99999,9,9,N","999999,9,N,9","+0021,1","+0006,1","10158,1","06,0000,9,1",,,"4,000",,"0000,9",,,,,"2,1,013,1,+999,9",,"4,99,0010,1","SYN017333   91102 94000",
"07173099999","1990-02-17T00:00:00","4","48.2","6.4333333","320.0","EPINAL DOGNEVILLE, FR","FM-12","99999","V020","999,1,C,0000,1","99999,9,9,N","999999,9,N,9","-0005,1","-0015,1","10164,1","06,0000,9,1",,,"4,000",,"0000,9",,,,,"2,1,002,1,+999,9",,"4,99,0021,1","SYN017333   91104 94000",
"07173099999","1990-02-17T03:00:00","4","48.2","6.4333333","320.0","EPINAL DOGNEVILLE, FR","FM-12","99999","V020","999,1,C,0000,1","99999,9,9,N","999999,9,N,9","+0013,1","+0004,1","10164,1","06,0000,9,1",,,"4,000",,"0000,9",,,,,"2,1,002,1,+999,9",,"4,99,0010,1","SYN017333   91102 94000",
"07173099999","1990-02-17T06:00:00","4","48.2","6.4333333","320.0","EPINAL DOGNEVILLE, FR","FM-12","99999","V020","999,1,C,0000,1","99999,9,9,N","999999,9,N,9","+0023,1","+0014,1","10166,1","06,0000,9,1",,,"4,000",,"0000,9","999,-0030,9","999,N,-0005,1",,,"2,1,004,1,+999,9",,"4,99,0000,1","SYN029333   21005 3/103 91100 94000",
"07173099999","1990-02-17T09:00:00","4","48.2","6.4333333","320.0","EPINAL DOGNEVILLE, FR","FM-12","99999","V020","160,1,N,0031,1","99999,9,9,N","999999,9,N,9","+0061,1","+0047,1","10172,1","06,0000,9,1",,,"4,000",,"0000,9",,,,,"2,1,011,1,+999,9",,"4,99,0051,1","SYN017333   91110 94000",
"07173099999","1990-02-17T12:00:00","4","48.2","6.4333333","320.0","EPINAL DOGNEVILLE, FR","FM-12","99999","V020","140,1,N,0051,1","99999,9,9,N","999999,9,N,9","+0084,1","+0060,1","10167,1","06,0000,9,1",,,"4,000",,"0000,9",,,,,"7,1,001,1,+999,9",,"4,99,0082,1","SYN017333   91116 94000",
"07173099999","1990-02-17T15:00:00","4","48.2","6.4333333","320.0","EPINAL DOGNEVILLE, FR","FM-12","99999","V020","170,1,N,0051,1","99999,9,9,N","999999,9,N,9","+0102,1","+0078,1","10155,1","06,0000,9,1",,,"4,000",,"0000,9",,,,,"7,1,009,1,+999,9",,"4,99,0082,1","SYN017333   91116 94000",
"07173099999","1990-02-17T18:00:00","4","48.2","6.4333333","320.0","EPINAL DOGNEVILLE, FR","FM-12","99999","V020","160,1,N,0031,1","99999,9,9,N","999999,9,N,9","+0096,1","+0082,1","10163,1","06,0000,9,1",,,"4,000",,"0000,9",,"999,M,+0105,1",,,"2,1,006,1,+999,9",,"4,99,0051,1","SYN023333   10105 91110 94000",
"07173099999","1990-02-17T21:00:00","4","48.2","6.4333333","320.0","EPINAL DOGNEVILLE, FR","FM-12","99999","V020","160,1,N,0021,1","99999,9,9,N","999999,9,N,9","+0095,1","+0083,1","10167,1","06,0000,9,1",,,"4,000",,"0000,9",,,,,"2,1,004,1,+999,9",,"4,99,0031,1","SYN017333   91106 94000",
"07173099999","1990-02-18T00:00:00","4","48.2","6.4333333","320.0","EPINAL DOGNEVILLE, FR","FM-12","99999","V020","160,1,N,0021,1","99999,9,9,N","999999,9,N,9","+0090,1","+0076,1","10175,1","06,0030,9,1",,,"0,000",,"0000,9",,,,,"2,1,007,1,+999,9",,"4,99,0041,1","SYN017333   91108 94000",
"07173099999","1990-02-18T03:00:00","4","48.2","6.4333333","320.0","EPINAL DOGNEVILLE, FR","FM-12","99999","V020","160,1,N,0010,1","99999,9,9,N","999999,9,N,9","+0065,1","+0053,1","10179,1","06,0000,9,1",,,"4,000",,"0000,9",,,,,"4,1,000,1,+999,9",,"4,99,0021,1","SYN017333   91104 94000",
"07173099999","1990-02-18T06:00:00","4","48.2","6.4333333","320.0","EPINAL DOGNEVILLE, FR","FM-12","99999","V020","150,1,N,0010,1","99999,9,9,N","999999,9,N,9","+0034,1","+0025,1","10183,1","99,0030,9,1",,,"0,000",,"0000,9","999,-0010,9","999,N,+0032,1",,,"4,1,000,1,+999,9",,"4,99,0021,1","SYN029333   20032 3/101 91104 94000",
"07173099999","1990-02-18T09:00:00","4","48.2","6.4333333","320.0","EPINAL DOGNEVILLE, FR","FM-12","99999","V020","999,1,C,0000,1","99999,9,9,N","999999,9,N,9","+0083,1","+0075,1","10178,1","06,0000,9,1",,,"4,000",,"0060,9",,,,,"2,1,002,1,+999,9",,"4,99,0021,1","SYN017333   91104 94010",
"07173099999","1990-02-18T12:00:00","4","48.2","6.4333333","320.0","EPINAL DOGNEVILLE, FR","FM-12","99999","V020","190,1,N,0062,1","99999,9,9,N","999999,9,N,9","+0127,1","+0078,1","10171,1","06,0000,9,1",,,"4,000",,"0042,9",,,,,"7,1,001,1,+999,9",,"4,99,0082,1","SYN017333   91116 94007",
"07173099999","1990-02-18T15:00:00","4","48.2","6.4333333","320.0","EPINAL DOGNEVILLE, FR","FM-12","99999","V020","180,1,N,0031,1","99999,9,9,N","999999,9,N,9","+0130,1","+0070,1","10168,1","06,0000,9,1",,,"4,000",,"0042,9",,,,,"7,1,003,1,+999,9",,"4,99,0062,1","SYN017333   91112 94007",
"07173099999","1990-02-18T18:00:00","4","48.2","6.4333333","320.0","EPINAL DOGNEVILLE, FR","FM-12","99999","V020","140,1,N,0010,1","99999,9,9,N","999999,9,N,9","+0083,1","+0056,1","10173,1","06,0000,9,1",,,"4,000",,"0000,9",,"999,M,+0132,1",,,"7,1,001,1,+999,9",,"4,99,0021,1","SYN023333   10132 91104 94000",
"07173099999","1990-02-18T21:00:00","4","48.2","6.4333333","320.0","EPINAL DOGNEVILLE, FR","FM-12","99999","V020","110,1,N,0010,1","99999,9,9,N","999999,9,N,9","+0047,1","+0035,1","10184,1","06,0000,9,1",,,"4,000",,"0000,9",,,,,"2,1,006,1,+999,9",,"4,99,0021,1","SYN017333   91104 94000",
"07173099999","1990-02-19T00:00:00","4","48.2","6.4333333","320.0","EPINAL DOGNEVILLE, FR","FM-12","99999","V020","150,1,N,0031,1","99999,9,9,N","999999,9,N,9","+0094,1","+0063,1","10181,1","06,0000,9,1",,,"4,000",,"0000,9",,,,,"2,1,004,1,+999,9",,"4,99,0051,1","SYN017333   91110 94000",
"07173099999","1990-02-19T03:00:00","4","48.2","6.4333333","320.0","EPINAL DOGNEVILLE, FR","FM-12","99999","V020","170,1,N,0041,1","99999,9,9,N","999999,9,N,9","+0100,1","+0058,1","10180,1","06,0000,9,1",,,"4,000",,"0000,9",,,,,"7,1,001,1,+999,9",,"4,99,0072,1","SYN017333   91114 94000",
"07173099999","1990-02-19T06:00:00","4","48.2","6.4333333","320.0","EPINAL DOGNEVILLE, FR","FM-12","99999","V020","170,1,N,0041,1","99999,9,9,N","999999,9,N,9","+0098,1","+0052,1","10185,1","06,0000,9,1",,,"4,000",,"0360,9","999,+0000,9","999,N,+0036,1",,,"2,1,005,1,+999,9",,"4,99,0072,1","SYN029333   20036 3/000 91114 94060",
"07173099999","1990-02-19T09:00:00","4","48.2","6.4333333","320.0","EPINAL DOGNEVILLE, FR","FM-12","99999","V020","190,1,N,0041,1","99999,9,9,N","999999,9,N,9","+0104,1","+0060,1","10207,1","06,0000,9,1",,,"4,000",,"0000,9",,,,,"2,1,022,1,+999,9",,"4,99,0098,1","SYN017333   91119 94000",
"07173099999","1990-02-19T12:00:00","4","48.2","6.4333333","320.0","EPINAL DOGNEVILLE, FR","FM-12","99999","V020","180,1,N,0051,1","99999,9,9,N","999999,9,N,9","+0129,1","+0069,1","10208,1","06,0000,9,1",,,"4,000",,"0018,9",,,,,"2,1,004,1,+999,9",,"4,99,0082,1","SYN017333   91116 94003",
"07173099999","1990-02-19T15:00:00","4","48.2","6.4333333","320.0","EPINAL DOGNEVILLE, FR","FM-12","99999","V020","180,1,N,0041,1","99999,9,9,N","999999,9,N,9","+0137,1","+0068,1","10211,1","06,0000,9,1",,,"4,000",,"0000,9",,,,,"2,1,004,1,+999,9",,"4,99,0072,1","SYN017333   91114 94000",
"07173099999","1990-02-19T18:00:00","4","48.2","6.4333333","320.0","EPINAL DOGNEVILLE, FR","FM-12","99999","V020","230,1,N,0031,1","99999,9,9,N","999999,9,N,9","+0115,1","+0060,1","10227,1","06,0000,9,1",,,"4,000",,"0000,9",,"999,M,+0143,1",,,"2,1,012,1,+999,9",,"4,99,0062,1","SYN023333   10143 91112 94000",
"07173099999","1990-02-19T21:00:00","4","48.2","6.4333333","320.0","EPINAL DOGNEVILLE, FR","FM-12","99999","V020","180,1,N,0031,1","99999,9,9,N","999999,9,N,9","+0106,1","+0060,1","10250,1","06,0000,9,1",,,"4,000",,"0000,9",,,,,"2,1,021,1,+999,9",,"4,99,0062,1","SYN017333   91112 94000",
"07173099999","1990-02-20T00:00:00","4","48.2","6.4333333","320.0","EPINAL DOGNEVILLE, FR","FM-12","99999","V020","140,1,N,0021,1","99999,9,9,N","999999,9,N,9","+0100,1","+0062,1","10260,1","06,0000,9,1",,,"4,000",,"0000,9",,,,,"2,1,009,1,+999,9",,"4,99,0041,1","SYN017333   91108 94000",
"07173099999","1990-02-20T03:00:00","4","48.2","6.4333333","320.0","EPINAL DOGNEVILLE, FR","FM-12","99999","V020","150,1,N,0031,1","99999,9,9,N","999999,9,N,9","+0084,1","+0052,1","10266,1","06,0000,9,1",,,"4,000",,"0000,9",,,,,"2,1,004,1,+999,9",,"4,99,0051,1","SYN017333   91110 94000",
"07173099999","1990-02-20T06:00:00","4","48.2","6.4333333","320.0","EPINAL DOGNEVILLE, FR","FM-12","99999","V020","110,1,N,0010,1","99999,9,9,N","999999,9,N,9","+0040,1","+0028,1","10284,1","06,0000,9,1",,,"4,000",,"0144,9","999,+0000,9","999,N,+0040,1",,,"2,1,011,1,+999,9",,"4,99,0031,1","SYN029333   20040 3/000 91106 94024",
"07173099999","1990-02-20T09:00:00","4","48.2","6.4333333","320.0","EPINAL DOGNEVILLE, FR","FM-12","99999","V020","140,1,N,0031,1","99999,9,9,N","999999,9,N,9","+0113,1","+0060,1","10284,1","06,0000,9,1",,,"4,000",,"0060,9",,,,,"2,1,010,1,+999,9",,"4,99,0051,1","SYN017333   91110 94010",
"07173099999","1990-02-20T12:00:00","4","48.2","6.4333333","320.0","EPINAL DOGNEVILLE, FR","FM-12","99999","V020","180,1,N,0021,1","99999,9,9,N","999999,9,N,9","+0163,1","+0062,1","10274,1","06,0000,9,1",,,"4,000",,"0060,9",,,,,"7,1,004,1,+999,9",,"4,99,0051,1","SYN017333   91110 94010",
"07173099999","1990-02-20T15:00:00","4","48.2","6.4333333","320.0","EPINAL DOGNEVILLE, FR","FM-12","99999","V020","190,1,N,0010,1","99999,9,9,N","999999,9,N,9","+0178,1","+0054,1","10256,1","06,0000,9,1",,,"4,000",,"0060,9",,,,,"7,1,015,1,+999,9",,"4,99,0031,1","SYN017333   91106 94010",
"07173099999","1990-02-20T18:00:00","4","48.2","6.4333333","320.0","EPINAL DOGNEVILLE, FR","FM-12","99999","V020","170,1,N,0010,1","99999,9,9,N","999999,9,N,9","+0098,1","+0060,1","10268,1","06,0000,9,1",,,"4,000",,"0000,9",,"999,M,+0179,1",,,"2,1,002,1,+999,9",,"4,99,0021,1","SYN023333   10179 91104 94000",
"07173099999","1990-02-20T21:00:00","4","48.2","6.4333333","320.0","EPINAL DOGNEVILLE, FR","FM-12","99999","V020","999,1,C,0000,1","99999,9,9,N","999999,9,N,9","+0055,1","+0040,1","10287,1","06,0000,9,1",,,"4,000",,"0000,9",,,,,"2,1,011,1,+999,9",,"4,99,0021,1","SYN017333   91104 94000",
"07173099999","1990-02-21T00:00:00","4","48.2","6.4333333","320.0","EPINAL DOGNEVILLE, FR","FM-12","99999","V020","100,1,N,0010,1","99999,9,9,N","999999,9,N,9","+0057,1","+0042,1","10290,1","06,0000,9,1",,,"4,000",,"0000,9",,,,,"2,1,004,1,+999,9",,"4,99,0021,1","SYN017333   91104 94000",
"07173099999","1990-02-21T03:00:00","4","48.2","6.4333333","320.0","EPINAL DOGNEVILLE, FR","FM-12","99999","V020","150,1,N,0021,1","99999,9,9,N","999999,9,N,9","+0086,1","+0052,1","10283,1","06,0000,9,1",,,"4,000",,"0000,9",,,,,"7,1,002,1,+999,9",,"4,99,0041,1","SYN017333   91108 94000",
"07173099999","1990-02-21T06:00:00","4","48.2","6.4333333","320.0","EPINAL DOGNEVILLE, FR","FM-12","99999","V020","140,1,N,0031,1","99999,9,9,N","999999,9,N,9","+0084,1","+0052,1","10290,1","06,0000,9,1",,,"4,000",,"0576,9","999,+0000,9","999,N,+0048,1",,,"2,1,006,1,+999,9",,"4,99,0062,1","SYN029333   20048 3/000 91112 94096",
"07173099999","1990-02-21T09:00:00","4","48.2","6.4333333","320.0","EPINAL DOGNEVILLE, FR","FM-12","99999","V020","170,1,N,0072,1","99999,9,9,N","999999,9,N,9","+0109,1","+0066,1","10308,1","06,0000,9,1",,,"4,000",,"0060,9",,,,,"2,1,021,1,+999,9",,"4,99,0088,1","SYN017333   91117 94010",
"07173099999","1990-02-21T12:00:00","4","48.2","6.4333333","320.0","EPINAL DOGNEVILLE, FR","FM-12","99999","V020","190,1,N,0021,1","99999,9,9,N","999999,9,N,9","+0119,1","+0064,1","10327,1","06,0000,9,1",,,"4,000",,"0000,9",,,,,"2,1,019,1,+999,9",,"4,99,0051,1","SYN017333   91110 94000",
"07173099999","1990-02-21T15:00:00","4","48.2","6.4333333","320.0","EPINAL DOGNEVILLE, FR","FM-12","99999","V020","180,1,N,0031,1","99999,9,9,N","999999,9,N,9","+0142,1","+0070,1","10332,1","06,0000,9,1",,,"4,000",,"0036,9",,,,,"2,1,008,1,+999,9",,"4,99,0051,1","SYN017333   91110 94006",
"07173099999","1990-02-21T18:00:00","4","48.2","6.4333333","320.0","EPINAL DOGNEVILLE, FR","FM-12","99999","V020","160,1,N,0010,1","99999,9,9,N","999999,9,N,9","+0119,1","+0070,1","10357,1","06,0000,9,1",,,"4,000",,"0000,9",,"999,M,+0148,1",,,"2,1,021,1,+999,9",,"4,99,0031,1","SYN023333   10148 91106 94000",
"07173099999","1990-02-21T21:00:00","4","48.2","6.4333333","320.0","EPINAL DOGNEVILLE, FR","FM-12","99999","V020","999,1,C,0000,1","99999,9,9,N","999999,9,N,9","+0068,1","+0048,1","10385,1","06,0000,9,1",,,"4,000",,"0000,9",,,,,"2,1,020,1,+999,9",,"4,99,0010,1","SYN017333   91102 94000",
"07173099999","1990-02-22T00:00:00","4","48.2","6.4333333","320.0","EPINAL DOGNEVILLE, FR","FM-12","99999","V020","999,1,C,0000,1","99999,9,9,N","999999,9,N,9","+0041,1","+0029,1","10399,1","06,0000,9,1",,,"4,000",,"0000,9",,,,,"2,1,009,1,+999,9",,"4,99,0010,1","SYN017333   91102 94000",
"07173099999","1990-02-22T03:00:00","4","48.2","6.4333333","320.0","EPINAL DOGNEVILLE, FR","FM-12","99999","V020","999,1,C,0000,1","99999,9,9,N","999999,9,N,9","+0034,1","+0025,1","10400,1","06,0000,9,1",,,"4,000",,"0000,9",,,,,"4,1,000,1,+999,9",,"4,99,0010,1","SYN017333   91102 94000",
"07173099999","1990-02-22T06:00:00","4","48.2","6.4333333","320.0","EPINAL DOGNEVILLE, FR","FM-12","99999","V020","999,1,C,0000,1","99999,9,9,N","999999,9,N,9","+0027,1","+0018,1","10402,1","06,0000,9,1",,,"4,000",,"0216,9","999,-0020,9","999,N,+0024,1",,,"2,1,002,1,+999,9",,"4,99,0010,1","SYN029333   20024 3/102 91102 94036",
"07173099999","1990-02-22T09:00:00","4","48.2","6.4333333","320.0","EPINAL DOGNEVILLE, FR","FM-12","99999","V020","999,1,C,0000,1","99999,9,9,N","999999,9,N,9","+0042,1","+0035,1","10404,1","06,0000,9,1",,,"4,000",,"0000,9",,,,,"2,1,003,1,+999,9",,"4,99,0021,1","SYN017333   91104 94000",
"07173099999","1990-02-22T12:00:00","4","48.2","6.4333333","320.0","EPINAL DOGNEVILLE, FR","FM-12","99999","V020","360,1,N,0041,1","99999,9,9,N","999999,9,N,9","+0142,1","+0073,1","10375,1","06,0000,9,1",,,"4,000",,"0060,9",,,,,"7,1,014,1,+999,9",,"4,99,0072,1","SYN017333   91114 94010",
"07173099999","1990-02-22T18:00:00","4","48.2","6.4333333","320.0","EPINAL DOGNEVILLE, FR","FM-12","99999","V020","040,1,N,0021,1","99999,9,9,N","999999,9,N,9","+0117,1","+0058,1","10355,1","06,0000,9,1",,,"4,000",,"0000,9",,"999,M,+0167,1",,,"7,1,005,1,+999,9",,"4,99,0041,1","SYN023333   10167 91108 94000",
"07173099999","1990-02-22T21:00:00","4","48.2","6.4333333","320.0","EPINAL DOGNEVILLE, FR","FM-12","99999","V020","999,1,C,0000,1","99999,9,9,N","999999,9,N,9","+0049,1","+0034,1","10362,1","06,0000,9,1",,,"4,000",,"0000,9",,,,,"7,1,003,1,+999,9",,"4,99,0010,1","SYN017333   91102 94000",
"07173099999","1990-02-23T00:00:00","4","48.2","6.4333333","320.0","EPINAL DOGNEVILLE, FR","FM-12","99999","V020","110,1,N,0010,1","99999,9,9,N","999999,9,N,9","+0024,1","+0014,1","10364,1","06,0000,9,1",,,"4,000",,"0000,9",,,,,"7,1,002,1,+999,9",,"4,99,0021,1","SYN017333   91104 94000",
"07173099999","1990-02-23T03:00:00","4","48.2","6.4333333","320.0","EPINAL DOGNEVILLE, FR","FM-12","99999","V020","999,1,C,0000,1","99999,9,9,N","999999,9,N,9","+0006,1","-0003,1","10362,1","06,0000,9,1",,,"4,000",,"0000,9",,,,,"7,1,004,1,+999,9",,"4,99,0010,1","SYN017333   91102 94000",
"07173099999","1990-02-23T06:00:00","4","48.2","6.4333333","320.0","EPINAL DOGNEVILLE, FR","FM-12","99999","V020","999,1,C,0000,1","99999,9,9,N","999999,9,N,9","-0001,1","-0009,1","10362,1","06,0000,9,1",,,"4,000",,"0402,9","999,-0050,9","999,N,-0002,1",,,"7,1,001,1,+999,9",,"4,99,0010,1","SYN029333   21002 3/105 91102 94067",
"07173099999","1990-02-23T09:00:00","4","48.2","6.4333333","320.0","EPINAL DOGNEVILLE, FR","FM-12","99999","V020","999,1,C,0000,1","99999,9,9,N","999999,9,N,9","+0072,1","+0065,1","10357,1","06,0000,9,1",,,"4,000",,"0060,9",,,,,"2,1,006,1,+999,9",,"4,99,0021,1","SYN017333   91104 94010",
"07173099999","1990-02-23T12:00:00","4","48.2","6.4333333","320.0","EPINAL DOGNEVILLE, FR","FM-12","99999","V020","190,1,N,0041,1","99999,9,9,N","999999,9,N,9","+0165,1","+0058,1","10337,1","06,0000,9,1",,,"4,000",,"0060,9",,,,,"7,1,007,1,+999,9",,"4,99,0072,1","SYN017333   91114 94010",
"07173099999","1990-02-23T15:00:00","4","48.2","6.4333333","320.0","EPINAL DOGNEVILLE, FR","FM-12","99999","V020","170,1,N,0031,1","99999,9,9,N","999999,9,N,9","+0172,1","+0058,1","10325,1","06,0000,9,1",,,"4,000",,"0060,9",,,,,"7,1,011,1,+999,9",,"4,99,0051,1","SYN017333   91110 94010",
"07173099999","1990-02-23T18:00:00","4","48.2","6.4333333","320.0","EPINAL DOGNEVILLE, FR","FM-12","99999","V020","150,1,N,0010,1","99999,9,9,N","999999,9,N,9","+0110,1","+0055,1","10332,1","06,0000,9,1",,,"4,000",,"0000,9",,"999,M,+0175,1",,,"7,1,001,1,+999,9",,"4,99,0031,1","SYN023333   10175 91106 94000",
"07173099999","1990-02-23T21:00:00","4","48.2","6.4333333","320.0","EPINAL DOGNEVILLE, FR","FM-12","99999","V020","999,1,C,0000,1","99999,9,9,N","999999,9,N,9","+0055,1","+0037,1","10339,1","06,0000,9,1",,,"4,000",,"0000,9",,,,,"7,1,002,1,+999,9",,"4,99,0021,1","SYN017333   91104 94000",
"07173099999","1990-02-24T00:00:00","4","48.2","6.4333333","320.0","EPINAL DOGNEVILLE, FR","FM-12","99999","V020","140,1,N,0010,1","99999,9,9,N","999999,9,N,9","+0042,1","+0032,1","10332,1","06,0000,9,1",,,"4,000",,"0000,9",,,,,"7,1,008,1,+999,9",,"4,99,0021,1","SYN017333   91104 94000",
"07173099999","1990-02-24T03:00:00","4","48.2","6.4333333","320.0","EPINAL DOGNEVILLE, FR","FM-12","99999","V020","170,1,N,0010,1","99999,9,9,N","999999,9,N,9","+0037,1","+0027,1","10318,1","06,0000,9,1",,,"4,000",,"0000,9",,,,,"7,1,014,1,+999,9",,"4,99,0021,1","SYN017333   91104 94000",
"07173099999","1990-02-24T06:00:00","4","48.2","6.4333333","320.0","EPINAL DOGNEVILLE, FR","FM-12","99999","V020","120,1,N,0010,1","99999,9,9,N","999999,9,N,9","+0029,1","+0017,1","10314,1","06,0000,9,1",,,"4,000",,"0558,9","999,-0020,9","999,N,+0029,1",,,"7,1,005,1,+999,9",,"4,99,0021,1","SYN029333   20029 3/102 91104 94093",
"07173099999","1990-02-24T09:00:00","4","48.2","6.4333333","320.0","EPINAL DOGNEVILLE, FR","FM-12","99999","V020","140,1,N,0041,1","99999,9,9,N","999999,9,N,9","+0137,1","+0032,1","10299,1","06,0000,9,1",,,"4,000",,"0060,9",,,,,"4,1,000,1,+999,9",,"4,99,0072,1","SYN017333   91114 94010",
"07173099999","1990-02-24T12:00:00","4","48.2","6.4333333","320.0","EPINAL DOGNEVILLE, FR","FM-12","99999","V020","160,1,N,0051,1","99999,9,9,N","999999,9,N,9","+0172,1","+0024,1","10276,1","06,0000,9,1",,,"4,000",,"0060,9",,,,,"7,1,017,1,+999,9",,"4,99,0072,1","SYN017333   91114 94010",
"07173099999","1990-02-24T15:00:00","4","48.2","6.4333333","320.0","EPINAL DOGNEVILLE, FR","FM-12","99999","V020","170,1,N,0051,1","99999,9,9,N","999999,9,N,9","+0188,1","+0026,1","10249,1","06,0000,9,1",,,"4,000",,"0060,9",,,,,"7,1,025,1,+999,9",,"4,99,0082,1","SYN017333   91116 94010",
"07173099999","1990-02-24T18:00:00","4","48.2","6.4333333","320.0","EPINAL DOGNEVILLE, FR","FM-12","99999","V020","140,1,N,0021,1","99999,9,9,N","999999,9,N,9","+0131,1","+0040,1","10242,1","06,0000,9,1",,,"4,000",,"0000,9",,"999,M,+0189,1",,,"7,1,013,1,+999,9",,"4,99,0041,1","SYN023333   10189 91108 94000",
"07173099999","1990-02-24T21:00:00","4","48.2","6.4333333","320.0","EPINAL DOGNEVILLE, FR","FM-12","99999","V020","120,1,N,0021,1","99999,9,9,N","999999,9,N,9","+0096,1","+0038,1","10238,1","06,0000,9,1",,,"4,000",,"0000,9",,,,,"7,1,008,1,+999,9",,"4,99,0031,1","SYN017333   91106 94000",
"07173099999","1990-02-25T00:00:00","4","48.2","6.4333333","320.0","EPINAL DOGNEVILLE, FR","FM-12","99999","V020","140,1,N,0010,1","99999,9,9,N","999999,9,N,9","+0084,1","+0031,1","10231,1","06,0000,9,1",,,"4,000",,"0000,9",,,,,"7,1,009,1,+999,9",,"4,99,0021,1","SYN017333   91104 94000",
"07173099999","1990-02-25T03:00:00","4","48.2","6.4333333","320.0","EPINAL DOGNEVILLE, FR","FM-12","99999","V020","170,1,N,0021,1","99999,9,9,N","999999,9,N,9","+0060,1","+0025,1","10218,1","06,0000,9,1",,,"4,000",,"0000,9",,,,,"7,1,016,1,+999,9",,"4,99,0031,1","SYN017333   91106 94000",
"07173099999","1990-02-25T06:00:00","4","48.2","6.4333333","320.0","EPINAL DOGNEVILLE, FR","FM-12","99999","V020","160,1,N,0010,1","99999,9,9,N","999999,9,N,9","+0043,1","+0017,1","10212,1","06,0000,9,1",,,"4,000",,"0570,9","999,+0000,9","999,N,+0043,1",,,"7,1,008,1,+999,9",,"4,99,0021,1","SYN029333   20043 3/000 91104 94095",
"07173099999","1990-02-25T09:00:00","4","48.2","6.4333333","320.0","EPINAL DOGNEVILLE, FR","FM-12","99999","V020","140,1,N,0041,1","99999,9,9,N","999999,9,N,9","+0113,1","+0038,1","10190,1","06,0000,9,1",,,"4,000",,"0012,9",,,,,"7,1,012,1,+999,9",,"4,99,0062,1","SYN017333   91112 94002",
"07173099999","1990-02-25T12:00:00","4","48.2","6.4333333","320.0","EPINAL DOGNEVILLE, FR","FM-12","99999","V020","160,1,N,0082,1","99999,9,9,N","999999,9,N,9","+0163,1","+0000,1","10151,1","06,0000,9,1",,,"4,000",,"0060,9",,,,,"7,1,031,1,+999,9",,"4,99,0139,1","SYN017333   91127 94010",
"07173099999","1990-02-25T15:00:00","4","48.2","6.4333333","320.0","EPINAL DOGNEVILLE, FR","FM-12","99999","V020","190,1,N,0072,1","99999,9,9,N","999999,9,N,9","+0164,1","+0009,1","10130,1","06,0000,9,1",,,"4,000",,"0006,9",,,,,"7,1,020,1,+999,9",,"4,99,0098,1","SYN017333   91119 94001",
"07173099999","1990-02-25T18:00:00","4","48.2","6.4333333","320.0","EPINAL DOGNEVILLE, FR","FM-12","99999","V020","180,1,N,0072,1","99999,9,9,N","999999,9,N,9","+0142,1","+0042,1","10138,1","06,0000,9,1",,,"4,000",,"0000,9",,"999,M,+0177,1",,,"2,1,005,1,+999,9",,"4,99,0098,1","SYN023333   10177 91119 94000",
"07173099999","1990-02-25T21:00:00","4","48.2","6.4333333","320.0","EPINAL DOGNEVILLE, FR","FM-12","99999","V020","190,1,N,0072,1","99999,9,9,N","999999,9,N,9","+0119,1","+0029,1","10163,1","06,0000,9,1",,,"4,000",,"0000,9",,,,,"2,1,021,1,+999,9",,"4,99,0139,1","SYN017333   91127 94000",
"07173099999","1990-02-26T00:00:00","4","48.2","6.4333333","320.0","EPINAL DOGNEVILLE, FR","FM-12","99999","V020","180,1,N,0087,1","99999,9,9,N","999999,9,N,9","+0108,1","+0045,1","10150,1","06,0000,9,1",,,"4,000",,"0000,9",,,,,"7,1,014,1,+999,9",,"4,99,0139,1","SYN017333   91127 94000",
"07173099999","1990-02-26T03:00:00","4","48.2","6.4333333","320.0","EPINAL DOGNEVILLE, FR","FM-12","99999","V020","170,1,N,0098,1","99999,9,9,N","999999,9,N,9","+0093,1","+0041,1","10130,1","06,0000,9,1",,,"4,000",,"0000,9",,,,,"7,1,021,1,+999,9",,"4,99,0170,1","SYN017333   91133 94000",
"07173099999","1990-02-26T06:00:00","4","48.2","6.4333333","320.0","EPINAL DOGNEVILLE, FR","FM-12","99999","V020","170,1,N,0108,1","99999,9,9,N","999999,9,N,9","+0100,1","+0042,1","10095,1","99,0003,9,1",,,"0,000",,"0234,9","999,+0070,9","999,N,+0090,1",,,"7,1,032,1,+999,9",,"4,99,0190,1","SYN029333   20090 3/007 91137 94039",
"07173099999","1990-02-26T09:00:00","4","48.2","6.4333333","320.0","EPINAL DOGNEVILLE, FR","FM-12","99999","V020","160,1,N,0118,1","99999,9,9,N","999999,9,N,9","+0088,1","+0064,1","10070,1","99,0020,9,1",,,"0,000","4,1,03,1","0000,9",,,,,"7,1,026,1,+999,9","41,1","4,99,0201,1","SYN017333   91139 94000",
"07173099999","1990-02-26T12:00:00","4","48.2","6.4333333","320.0","EPINAL DOGNEVILLE, FR","FM-12","99999","V020","180,1,N,0139,1","99999,9,9,N","999999,9,N,9","+0093,1","+0069,1","10030,1","06,0050,9,1",,,"0,000","4,1,06,1","0000,9",,,,,"7,1,038,1,+999,9","41,1","4,99,0221,1","SYN017333   91143 94000",
"07173099999","1990-02-26T15:00:00","4","48.2","6.4333333","320.0","EPINAL DOGNEVILLE, FR","FM-12","99999","V020","180,1,N,0098,1","99999,9,9,N","999999,9,N,9","+0105,1","+0077,1","10010,1","06,0000,9,1",,,"4,000",,"0012,9",,,,,"7,1,018,1,+999,9",,"4,99,0160,1","SYN017333   91131 94002",
"07173099999","1990-02-26T18:00:00","4","48.2","6.4333333","320.0","EPINAL DOGNEVILLE, FR","FM-12","99999","V020","240,1,N,0072,1","99999,9,9,N","999999,9,N,9","+0075,1","+0026,1","10085,1","99,0110,9,1",,,"0,000",,"0000,9",,"999,M,+0114,1",,,"2,1,068,1,+999,9",,"4,99,0108,1","SYN023333   10114 91121 94000",
"07173099999","1990-02-26T21:00:00","4","48.2","6.4333333","320.0","EPINAL DOGNEVILLE, FR","FM-12","99999","V020","210,1,N,0062,1","99999,9,9,N","999999,9,N,9","+0074,1","-0003,1","10089,1","06,0000,9,1",,,"4,000",,"0000,9",,,,,"2,1,003,1,+999,9",,"4,99,0108,1","SYN017333   91121 94000",
"07173099999","1990-02-27T00:00:00","4","48.2","6.4333333","320.0","EPINAL DOGNEVILLE, FR","FM-12","99999","V020","190,1,N,0062,1","99999,9,9,N","999999,9,N,9","+0066,1","+0039,1","10076,1","06,0010,9,1",,,"0,000","4,1,06,1","0000,9",,,,,"7,1,013,1,+999,9","21,1","4,99,0118,1","SYN017333   91123 94000",
"07173099999","1990-02-27T03:00:00","4","48.2","6.4333333","320.0","EPINAL DOGNEVILLE, FR","FM-12","99999","V020","190,1,N,0108,1","99999,9,9,N","999999,9,N,9","+0078,1","+0037,1","10047,1","06,0000,9,1",,,"4,000",,"0000,9",,,,,"7,1,026,1,+999,9",,"4,99,0170,1","SYN017333   91133 94000",
"07173099999","1990-02-27T06:00:00","4","48.2","6.4333333","320.0","EPINAL DOGNEVILLE, FR","FM-12","99999","V020","190,1,N,0087,1","99999,9,9,N","999999,9,N,9","+0078,1","+0049,1","09995,1","99,0020,9,1",,,"0,000","4,1,06,1","0012,9","999,+0050,9","999,N,+0065,1",,,"7,1,050,1,+999,9","21,1","4,99,0190,1","SYN029333   20065 3/005 91137 94002",
"07173099999","1990-02-27T09:00:00","4","48.2","6.4333333","320.0","EPINAL DOGNEVILLE, FR","FM-12","99999","V020","190,1,N,0118,1","99999,9,9,N","999999,9,N,9","+0091,1","+0071,1","09944,1","99,0020,9,1",,,"0,000","4,1,03,1","0000,9",,,,,"7,1,047,1,+999,9","41,1","4,99,0201,1","SYN017333   91139 94000",
"07173099999","1990-02-27T12:00:00","4","48.2","6.4333333","320.0","EPINAL DOGNEVILLE, FR","FM-12","99999","V020","270,1,N,0149,1","99999,9,9,N","999999,9,N,9","+0067,1","+0024,1","09992,1","06,0130,9,1",,,"0,000","4,1,06,1","0006,9",,,,,"2,1,042,1,+999,9","41,1","4,99,0232,1","SYN017333   91145 94001",
"07173099999","1990-02-27T15:00:00","4","48.2","6.4333333","320.0","EPINAL DOGNEVILLE, FR","FM-12","99999","V020","310,1,N,0072,1","99999,9,9,N","999999,9,N,9","+0058,1","+0002,1","10021,1","99,0003,9,1",,,"0,000","4,1,03,1","0006,9",,,,,"2,1,027,1,+999,9","21,1","4,99,0149,1","SYN017333   91129 94001",
"07173099999","1990-02-27T18:00:00","4","48.2","6.4333333","320.0","EPINAL DOGNEVILLE, FR","FM-12","99999","V020","280,1,N,0072,1","99999,9,9,N","999999,9,N,9","+0040,1","-0002,1","10061,1","99,0150,9,1",,,"0,000",,"0000,9",,"999,M,+0101,1",,,"2,1,036,1,+999,9",,"4,99,0108,1","SYN023333   10101 91121 94000",
"07173099999","1990-02-27T21:00:00","4","48.2","6.4333333","320.0","EPINAL DOGNEVILLE, FR","FM-12","99999","V020","290,1,N,0051,1","99999,9,9,N","999999,9,N,9","+0033,1","-0007,1","10108,1","06,0000,9,1",,,"4,000",,"0000,9",,,,,"2,1,044,1,+999,9",,"4,99,0088,1","SYN017333   91117 94000",
"07173099999","1990-02-28T00:00:00","4","48.2","6.4333333","320.0","EPINAL DOGNEVILLE, FR","FM-12","99999","V020","290,1,N,0051,1","99999,9,9,N","999999,9,N,9","+0040,1","-0014,1","10118,1","06,0000,9,1",,,"4,000",,"0000,9",,,,,"2,1,011,1,+999,9",,"4,99,0098,1","SYN017333   91119 94000",
"07173099999","1990-02-28T03:00:00","4","48.2","6.4333333","320.0","EPINAL DOGNEVILLE, FR","FM-12","99999","V020","300,1,N,0072,1","99999,9,9,N","999999,9,N,9","+0044,1","+0004,1","10120,1","06,0000,9,1",,,"4,000",,"0000,9",,,,,"2,1,003,1,+999,9",,"4,99,0118,1","SYN017333   91123 94000",
"07173099999","1990-02-28T06:00:00","4","48.2","6.4333333","320.0","EPINAL DOGNEVILLE, FR","FM-12","99999","V020","260,1,N,0062,1","99999,9,9,N","999999,9,N,9","+0049,1","+0001,1","10121,1","99,0010,9,1",,,"0,000",,"0012,9","999,+0010,9","999,N,+0028,1",,,"2,1,001,1,+999,9",,"4,99,0088,1","SYN029333   20028 3/001 91117 94002",
"07173099999","1990-02-28T09:00:00","4","48.2","6.4333333","320.0","EPINAL DOGNEVILLE, FR","FM-12","99999","V020","230,1,N,0062,1","99999,9,9,N","999999,9,N,9","+0043,1","+0020,1","10112,1","99,0003,9,1",,,"0,000","4,1,03,1","0000,9",,,,,"7,1,009,1,+999,9","21,1","4,99,0108,1","SYN017333   91121 94000",
"07173099999","1990-02-28T12:00:00","4","48.2","6.4333333","320.0","EPINAL DOGNEVILLE, FR","FM-12","99999","V020","290,1,N,0062,1","99999,9,9,N","999999,9,N,9","+0045,1","+0025,1","10080,1","06,0030,9,1",,,"0,000","4,1,06,1","0000,9",,,,,"7,1,031,1,+999,9","41,1","4,99,0118,1","SYN017333   91123 94000",
"07173099999","1990-02-28T15:00:00","4","48.2","6.4333333","320.0","EPINAL DOGNEVILLE, FR","FM-12","99999","V020","300,1,N,0082,1","99999,9,9,N","999999,9,N,9","+0080,1","+0063,1","10035,1","99,0010,9,1",,,"0,000","4,1,03,1","0000,9",,,,,"7,1,038,1,+999,9","21,1","4,99,0118,1","SYN017333   91123 94000",
"07173099999","1990-02-28T18:00:00","4","48.2","6.4333333","320.0","EPINAL DOGNEVILLE, FR","FM-12","99999","V020","320,1,N,0098,1","99999,9,9,N","999999,9,N,9","+0097,1","+0071,1","10021,1","99,0080,9,1",,,"0,000",,"0000,9",,"999,M,+0101,1",,,"7,1,011,1,+999,9",,"4,99,0149,1","SYN023333   10101 91129 94000",
"07173099999","1990-02-28T21:00:00","4","48.2","6.4333333","320.0","EPINAL DOGNEVILLE, FR","FM-12","99999","V020","310,1,N,0118,1","99999,9,9,N","999999,9,N,9","+0090,1","+0070,1","10003,1","99,0010,9,1",,,"0,000","4,1,03,1","0000,9",,,,,"7,1,018,1,+999,9","41,1","4,99,0201,1","SYN017333   91139 94000",
"07173099999","1990-03-01T00:00:00","4","48.2","6.4333333","320.0","EPINAL DOGNEVILLE, FR","FM-12","99999","V020","310,1,N,0149,1","99999,9,9,N","999999,9,N,9","+0096,1","+0069,1","09977,1","06,0030,9,1",,,"0,000","4,1,06,1","0000,9",,,,,"7,1,025,1,+999,9","41,1","4,99,0221,1","SYN017333   91143 94000",
"07173099999","1990-03-01T03:00:00","4","48.2","6.4333333","320.0","EPINAL DOGNEVILLE, FR","FM-12","99999","V020","360,1,N,0082,1","99999,9,9,N","999999,9,N,9","+0052,1","-0024,1","10063,1","06,0000,9,1",,,"4,000",,"0000,9",,,,,"2,1,076,1,+999,9",,"4,99,0129,1","SYN017333   91125 94000",
"07173099999","1990-03-01T06:00:00","4","48.2","6.4333333","320.0","EPINAL DOGNEVILLE, FR","FM-12","99999","V020","350,1,N,0062,1","99999,9,9,N","999999,9,N,9","+0035,1","-0020,1","10095,1","99,0070,9,1",,,"0,000",,"0000,9","999,+0020,9","999,N,+0033,1",,,"2,1,029,1,+999,9",,"4,99,0098,1","SYN029333   20033 3/002 91119 94000",
"07173099999","1990-03-01T09:00:00","4","48.2","6.4333333","320.0","EPINAL DOGNEVILLE, FR","FM-12","99999","V020","320,1,N,0051,1","99999,9,9,N","999999,9,N,9","+0046,1","-0002,1","10114,1","06,0000,9,1",,,"4,000",,"0000,9",,,,,"2,1,020,1,+999,9",,"4,99,0082,1","SYN017333   91116 94000",
"07173099999","1990-03-01T12:00:00","4","48.2","6.4333333","320.0","EPINAL DOGNEVILLE, FR","FM-12","99999","V020","010,1,N,0021,1","99999,9,9,N","999999,9,N,9","+0037,1","+0002,1","10126,1","06,0010,9,1",,,"9,000","4,1,06,1","0012,9",,,,,"2,1,010,1,+999,9","21,1","4,99,0062,1","SYN017333   91112 94002",
"07173099999","1990-03-01T15:00:00","4","48.2","6.4333333","320.0","EPINAL DOGNEVILLE, FR","FM-12","99999","V020","360,1,N,0051,1","99999,9,9,N","999999,9,N,9","+0025,1","-0004,1","10137,1","99,0003,9,1",,,"0,000","4,1,03,1","0018,9",,,,,"2,1,009,1,+999,9","21,1","4,99,0082,1","SYN017333   91116 94003",
"07173099999","1990-03-01T18:00:00","4","48.2","6.4333333","320.0","EPINAL DOGNEVILLE, FR","FM-12","99999","V020","300,1,N,0031,1","99999,9,9,N","999999,9,N,9","+0001,1","-0016,1","10161,1","99,0020,9,1",,,"0,000","4,1,06,1","0000,9",,"999,M,+0057,1",,,"2,1,020,1,+999,9","21,1","4,99,0041,1","SYN023333   10057 91108 94000",
"07173099999","1990-03-01T21:00:00","4","48.2","6.4333333","320.0","EPINAL DOGNEVILLE, FR","FM-12","99999","V020","290,1,N,0031,1","99999,9,9,N","999999,9,N,9","+0003,1","-0024,1","10174,1","06,0000,9,1",,,"4,000",,"0000,9",,,,,"2,1,013,1,+999,9",,"4,99,0051,1","SYN017333   91110 94000",
"07173099999","1990-03-02T00:00:00","4","48.2","6.4333333","320.0","EPINAL DOGNEVILLE, FR","FM-12","99999","V020","300,1,N,0041,1","99999,9,9,N","999999,9,N,9","+0004,1","-0025,1","10184,1","06,0000,9,1",,,"4,000",,"0000,9",,,,,"2,1,009,1,+999,9",,"4,99,0062,1","SYN017333   91112 94000",
"07173099999","1990-03-02T03:00:00","4","48.2","6.4333333","320.0","EPINAL DOGNEVILLE, FR","FM-12","99999","V020","340,1,N,0051,1","99999,9,9,N","999999,9,N,9","+0009,1","-0018,1","10185,1","06,0000,9,1",,,"4,000",,"0000,9",,,,,"2,1,002,1,+999,9",,"4,99,0082,1","SYN017333   91116 94000",
"07173099999","1990-03-02T06:00:00","4","48.2","6.4333333","320.0","EPINAL DOGNEVILLE, FR","FM-12","99999","V020","350,1,N,0051,1","99999,9,9,N","999999,9,N,9","+0010,1","-0017,1","10197,1","06,0000,9,1",,,"4,000",,"0144,9","999,-0030,9","999,N,+0001,1",,,"2,1,012,1,+999,9",,"4,99,0082,1","SYN029333   20001 3/103 91116 94024",
"07173099999","1990-03-02T09:00:00","4","48.2","6.4333333","320.0","EPINAL DOGNEVILLE, FR","FM-12","99999","V020","100,1,N,0041,1","99999,9,9,N","999999,9,N,9","+0010,1","-0016,1","10248,1","06,0000,9,1",,,"4,000",,"0000,9",,,,,"2,1,049,1,+999,9",,"4,99,0088,1","SYN017333   91117 94000",
"07173099999","1990-03-02T12:00:00","4","48.2","6.4333333","320.0","EPINAL DOGNEVILLE, FR","FM-12","99999","V020","140,1,N,0062,1","99999,9,9,N","999999,9,N,9","+0024,1","-0025,1","10288,1","06,0005,9,1",,,"0,000",,"0006,9",,,,,"2,1,040,1,+999,9",,"4,99,0082,1","SYN017333   91116 94001",
"07173099999","1990-03-02T15:00:00","4","48.2","6.4333333","320.0","EPINAL DOGNEVILLE, FR","FM-12","99999","V020","120,1,N,0031,1","99999,9,9,N","999999,9,N,9","+0034,1","-0030,1","10310,1","06,0000,9,1",,,"4,000",,"0018,9",,,,,"2,1,023,1,+999,9",,"4,99,0051,1","SYN017333   91110 94003",
"07173099999","1990-03-02T18:00:00","4","48.2","6.4333333","320.0","EPINAL DOGNEVILLE, FR","FM-12","99999","V020","070,1,N,0031,1","99999,9,9,N","999999,9,N,9","+0011,1","-0026,1","10353,1","99,0010,9,1",,,"0,000",,"0000,9",,"999,M,+0035,1",,,"2,1,038,1,+999,9",,"4,99,0041,1","SYN023333   10035 91108 94000",
"07173099999","1990-03-02T21:00:00","4","48.2","6.4333333","320.0","EPINAL DOGNEVILLE, FR","FM-12","99999","V020","090,1,N,0031,1","99999,9,9,N","999999,9,N,9","+0001,1","-0038,1","10391,1","06,0000,9,1",,,"4,000",,"0000,9",,,,,"2,1,035,1,+999,9",,"4,99,0062,1","SYN017333   91112 94000",
"07173099999","1990-03-03T00:00:00","4","48.2","6.4333333","320.0","EPINAL DOGNEVILLE, FR","FM-12","99999","V020","320,1,N,0010,1","99999,9,9,N","999999,9,N,9","-0006,1","-0028,1","10413,1","06,0000,9,1",,,"4,000",,"0000,9",,,,,"2,1,020,1,+999,9",,"4,99,0021,1","SYN017333   91104 94000",
"07173099999","1990-03-03T03:00:00","4","48.2","6.4333333","320.0","EPINAL DOGNEVILLE, FR","FM-12","99999","V020","280,1,N,0010,1","99999,9,9,N","999999,9,N,9","-0018,1","-0038,1","10422,1","06,0000,9,1",,,"4,000",,"0000,9",,,,,"2,1,007,1,+999,9",,"4,99,0021,1","SYN017333   91104 94000",
"07173099999","1990-03-03T06:00:00","4","48.2","6.4333333","320.0","EPINAL DOGNEVILLE, FR","FM-12","99999","V020","999,1,C,0000,1","99999,9,9,N","999999,9,N,9","-0018,1","-0034,1","10437,1","06,0000,9,1",,,"4,000",,"0096,9","999,-0070,9","999,N,-0023,1",,,"2,1,015,1,+999,9",,"4,99,0021,1","SYN029333   21023 3/107 91104 94016",
"07173099999","1990-03-03T09:00:00","4","48.2","6.4333333","320.0","EPINAL DOGNEVILLE, FR","FM-12","99999","V020","010,1,N,0031,1","99999,9,9,N","999999,9,N,9","+0006,1","-0026,1","10456,1","06,0000,9,1",,,"4,000",,"0000,9",,,,,"2,1,021,1,+999,9",,"4,99,0051,1","SYN017333   91110 94000",
"07173099999","1990-03-03T12:00:00","4","48.2","6.4333333","320.0","EPINAL DOGNEVILLE, FR","FM-12","99999","V020","310,1,N,0021,1","99999,9,9,N","999999,9,N,9","+0015,1","-0023,1","10463,1","06,0000,9,1",,,"4,000",,"0000,9",,,,,"2,1,008,1,+999,9",,"4,99,0051,1","SYN017333   91110 94000",
"07173099999","1990-03-03T15:00:00","4","48.2","6.4333333","320.0","EPINAL DOGNEVILLE, FR","FM-12","99999","V020","999,1,C,0000,1","99999,9,9,N","999999,9,N,9","+0037,1","-0023,1","10451,1","06,0000,9,1",,,"4,000",,"0006,9",,,,,"7,1,008,1,+999,9",,"4,99,0021,1","SYN017333   91104 94001",
"07173099999","1990-03-03T18:00:00","4","48.2","6.4333333","320.0","EPINAL DOGNEVILLE, FR","FM-12","99999","V020","999,1,C,0000,1","99999,9,9,N","999999,9,N,9","+0026,1","-0019,1","10456,1","06,0000,9,1",,,"4,000",,"0000,9",,"999,M,+0040,1",,,"2,1,003,1,+999,9",,"4,99,0021,1","SYN023333   10040 91104 94000",
"07173099999","1990-03-03T21:00:00","4","48.2","6.4333333","320.0","EPINAL DOGNEVILLE, FR","FM-12","99999","V020","999,1,C,0000,1","99999,9,9,N","999999,9,N,9","-0011,1","-0031,1","10470,1","06,0000,9,1",,,"4,000",,"0000,9",,,,,"2,1,008,1,+999,9",,"4,99,0021,1","SYN017333   91104 94000",
"07173099999","1990-03-04T00:00:00","4","48.2","6.4333333","320.0","EPINAL DOGNEVILLE, FR","FM-12","99999","V020","999,1,C,0000,1","99999,9,9,N","999999,9,N,9","-0029,1","-0045,1","10471,1","06,0000,9,1",,,"4,000",,"0000,9",,,,,"7,1,001,1,+999,9",,"4,99,0010,1","SYN017333   91102 94000",
"07173099999","1990-03-04T03:00:00","4","48.2","6.4333333","320.0","EPINAL DOGNEVILLE, FR","FM-12","99999","V020","230,1,N,0010,1","99999,9,9,N","999999,9,N,9","-0038,1","-0052,1","10463,1","06,0000,9,1",,,"4,000",,"0000,9",,,,,"7,1,010,1,+999,9",,"4,99,0021,1","SYN017333   91104 94000",
"07173099999","1990-03-04T06:00:00","4","48.2","6.4333333","320.0","EPINAL DOGNEVILLE, FR","FM-12","99999","V020","999,1,C,0000,1","99999,9,9,N","999999,9,N,9","-0046,1","-0061,1","10461,1","06,0000,9,1",,,"4,000",,"0072,9","999,-0100,9","999,N,-0046,1",,,"7,1,003,1,+999,9",,"4,99,0010,1","SYN029333   21046 3/110 91102 94012",
"07173099999","1990-03-04T09:00:00","4","48.2","6.4333333","320.0","EPINAL DOGNEVILLE, FR","FM-12","99999","V020","320,1,N,0010,1","99999,9,9,N","999999,9,N,9","+0027,1","-0018,1","10456,1","06,0000,9,1",,,"4,000",,"0060,9",,,,,"2,1,006,1,+999,9",,"4,99,0021,1","SYN017333   91104 94010",
"07173099999","1990-03-04T12:00:00","4","48.2","6.4333333","320.0","EPINAL DOGNEVILLE, FR","FM-12","99999","V020","020,1,N,0041,1","99999,9,9,N","999999,9,N,9","+0072,1","-0022,1","10440,1","06,0000,9,1",,,"4,000",,"0054,9",,,,,"7,1,009,1,+999,9",,"4,99,0062,1","SYN017333   91112 94009",
"07173099999","1990-03-04T15:00:00","4","48.2","6.4333333","320.0","EPINAL DOGNEVILLE, FR","FM-12","99999","V020","130,1,N,0031,1","99999,9,9,N","999999,9,N,9","+0072,1","-0022,1","10420,1","06,0000,9,1",,,"4,000",,"0036,9",,,,,"7,1,019,1,+999,9",,"4,99,0051,1","SYN017333   91110 94006",
"07173099999","1990-03-04T18:00:00","4","48.2","6.4333333","320.0","EPINAL DOGNEVILLE, FR","FM-12","99999","V020","250,1,N,0010,1","99999,9,9,N","999999,9,N,9","+0030,1","-0021,1","10425,1","06,0000,9,1",,,"4,000",,"0000,9",,"999,M,+0080,1",,,"7,1,001,1,+999,9",,"4,99,0021,1","SYN023333   10080 91104 94000",
"07173099999","1990-03-04T21:00:00","4","48.2","6.4333333","320.0","EPINAL DOGNEVILLE, FR","FM-12","99999","V020","260,1,N,0010,1","99999,9,9,N","999999,9,N,9","-0016,1","-0035,1","10427,1","06,0000,9,1",,,"4,000",,"0000,9",,,,,"7,1,005,1,+999,9",,"4,99,0021,1","SYN017333   91104 94000",
"07173099999","1990-03-05T00:00:00","4","48.2","6.4333333","320.0","EPINAL DOGNEVILLE, FR","FM-12","99999","V020","250,1,N,0010,1","99999,9,9,N","999999,9,N,9","-0029,1","-0045,1","10419,1","06,0000,9,1",,,"4,000",,"0000,9",,,,,"7,1,009,1,+999,9",,"4,99,0021,1","SYN017333   91104 94000",
"07173099999","1990-03-05T03:00:00","4","48.2","6.4333333","320.0","EPINAL DOGNEVILLE, FR","FM-12","99999","V020","999,1,C,0000,1","99999,9,9,N","999999,9,N,9","-0042,1","-0057,1","10406,1","06,0000,9,1",,,"4,000",,"0000,9",,,,,"7,1,015,1,+999,9",,"4,99,0010,1","SYN017333   91102 94000",
"07173099999","1990-03-05T06:00:00","4","48.2","6.4333333","320.0","EPINAL DOGNEVILLE, FR","FM-12","99999","V020","999,1,C,0000,1","99999,9,9,N","999999,9,N,9","-0047,1","-0062,1","10394,1","06,0000,9,1",,,"4,000",,"0522,9","999,-0100,9","999,N,-0048,1",,,"7,1,013,1,+999,9",,"4,99,0010,1","SYN029333   21048 3/110 91102 94087",
"07173099999","1990-03-05T09:00:00","4","48.2","6.4333333","320.0","EPINAL DOGNEVILLE, FR","FM-12","99999","V020","999,1,C,0000,1","99999,9,9,N","999999,9,N,9","+0011,1","-0008,1","10383,1","06,0000,9,1",,,"4,000",,"0060,9",,,,,"7,1,001,1,+999,9",,"4,99,0021,1","SYN017333   91104 94010",
"07173099999","1990-03-05T12:00:00","4","48.2","6.4333333","320.0","EPINAL DOGNEVILLE, FR","FM-12","99999","V020","060,1,N,0021,1","99999,9,9,N","999999,9,N,9","+0068,1","-0023,1","10361,1","06,0000,9,1",,,"4,000",,"0060,9",,,,,"7,1,014,1,+999,9",,"4,99,0041,1","SYN017333   91108 94010",
"07173099999","1990-03-05T15:00:00","4","48.2","6.4333333","320.0","EPINAL DOGNEVILLE, FR","FM-12","99999","V020","020,1,N,0031,1","99999,9,9,N","999999,9,N,9","+0106,1","-0021,1","10321,1","06,0000,9,1",,,"4,000",,"0060,9",,,,,"7,1,033,1,+999,9",,"4,99,0051,1","SYN017333   91110 94010",
"07173099999","1990-03-05T18:00:00","4","48.2","6.4333333","320.0","EPINAL DOGNEVILLE, FR","FM-12","99999","V020","320,1,N,0031,1","99999,9,9,N","999999,9,N,9","+0072,1","-0028,1","10319,1","06,0000,9,1",,,"4,000",,"0006,9",,"999,M,+0107,1",,,"7,1,006,1,+999,9",,"4,99,0051,1","SYN023333   10107 91110 94001",
"07173099999","1990-03-05T21:00:00","4","48.2","6.4333333","320.0","EPINAL DOGNEVILLE, FR","FM-12","99999","V020","310,1,N,0021,1","99999,9,9,N","999999,9,N,9","+0044,1","-0031,1","10317,1","06,0000,9,1",,,"4,000",,"0000,9",,,,,"7,1,006,1,+999,9",,"4,99,0041,1","SYN017333   91108 94000",
"07173099999","1990-03-06T00:00:00","4","48.2","6.4333333","320.0","EPINAL DOGNEVILLE, FR","FM-12","99999","V020","320,1,N,0021,1","99999,9,9,N","999999,9,N,9","+0003,1","-0029,1","10317,1","06,0000,9,1",,,"4,000",,"0000,9",,,,,"7,1,006,1,+999,9",,"4,99,0031,1","SYN017333   91106 94000",
"07173099999","1990-03-06T03:00:00","4","48.2","6.4333333","320.0","EPINAL DOGNEVILLE, FR","FM-12","99999","V020","330,1,N,0021,1","99999,9,9,N","999999,9,N,9","+0016,1","-0031,1","10304,1","06,0000,9,1",,,"4,000",,"0000,9",,,,,"7,1,010,1,+999,9",,"4,99,0041,1","SYN017333   91108 94000",
"07173099999","1990-03-06T06:00:00","4","48.2","6.4333333","320.0","EPINAL DOGNEVILLE, FR","FM-12","99999","V020","340,1,N,0031,1","99999,9,9,N","999999,9,N,9","+0021,1","-0030,1","10298,1","06,0000,9,1",,,"4,000",,"0624,9","999,-0060,9","999,N,-0006,1",,,"7,1,006,1,+999,9",,"4,99,0062,1","SYN029333   21006 3/106 91112 94104",
"07173099999","1990-03-06T09:00:00","4","48.2","6.4333333","320.0","EPINAL DOGNEVILLE, FR","FM-12","99999","V020","360,1,N,0051,1","99999,9,9,N","999999,9,N,9","+0060,1","-0023,1","10294,1","06,0000,9,1",,,"4,000",,"0060,9",,,,,"2,1,002,1,+999,9",,"4,99,0082,1","SYN017333   91116 94010",
"07173099999","1990-03-06T12:00:00","4","48.2","6.4333333","320.0","EPINAL DOGNEVILLE, FR","FM-12","99999","V020","010,1,N,0062,1","99999,9,9,N","999999,9,N,9","+0095,1","-0024,1","10271,1","06,0000,9,1",,,"4,000",,"0060,9",,,,,"7,1,017,1,+999,9",,"4,99,0088,1","SYN017333   91117 94010",
"07173099999","1990-03-06T15:00:00","4","48.2","6.4333333","320.0","EPINAL DOGNEVILLE, FR","FM-12","99999","V020","030,1,N,0051,1","99999,9,9,N","999999,9,N,9","+0117,1","-0014,1","10248,1","06,0000,9,1",,,"4,000",,"0060,9",,,,,"7,1,019,1,+999,9",,"4,99,0072,1","SYN017333   91114 94010",
"07173099999","1990-03-06T18:00:00","4","48.2","6.4333333","320.0","EPINAL DOGNEVILLE, FR","FM-12","99999","V020","030,1,N,0051,1","99999,9,9,N","999999,9,N,9","+0094,1","-0016,1","10255,1","06,0000,9,1",,,"4,000",,"0000,9",,"999,M,+0119,1",,,"2,1,003,1,+999,9",,"4,99,0082,1","SYN023333   10119 91116 94000",
"07173099999","1990-03-06T21:00:00","4","48.2","6.4333333","320.0","EPINAL DOGNEVILLE, FR","FM-12","99999","V020","020,1,N,0031,1","99999,9,9,N","999999,9,N,9","+0076,1","-0013,1","10266,1","06,0000,9,1",,,"4,000",,"0000,9",,,,,"2,1,008,1,+999,9",,"4,99,0051,1","SYN017333   91110 94000",
"07173099999","1990-03-07T03:00:00","4","48.2","6.4333333","320.0","EPINAL DOGNEVILLE, FR","FM-12","99999","V020","350,1,N,0010,1","99999,9,9,N","999999,9,N,9","+0036,1","+0001,1","10269,1","06,0000,9,1",,,"4,000",,"0000,9",,,,,"7,1,007,1,+999,9",,"4,99,0031,1","SYN017333   91106 94000",
"07173099999","1990-03-07T06:00:00","4","48.2","6.4333333","320.0","EPINAL DOGNEVILLE, FR","FM-12","99999","V020","020,1,N,0021,1","99999,9,9,N","999999,9,N,9","+0046,1","-0004,1","10272,1","06,0000,9,1",,,"4,000",,"0462,9","999,-0010,9","999,N,+0027,1",,,"2,1,004,1,+999,9",,"4,99,0031,1","SYN029333   20027 3/101 91106 94077",
"07173099999","1990-03-07T09:00:00","4","48.2","6.4333333","320.0","EPINAL DOGNEVILLE, FR","FM-12","99999","V020","030,1,N,0031,1","99999,9,9,N","999999,9,N,9","+0076,1","+0006,1","10281,1","06,0000,9,1",,,"4,000",,"0000,9",,,,,"2,1,013,1,+999,9",,"4,99,0041,1","SYN017333   91108 94000",
"07173099999","1990-03-07T12:00:00","4","48.2","6.4333333","320.0","EPINAL DOGNEVILLE, FR","FM-12","99999","V020","060,1,N,0031,1","99999,9,9,N","999999,9,N,9","+0092,1","+0006,1","10274,1","06,0000,9,1",,,"4,000",,"0006,9",,,,,"7,1,005,1,+999,9",,"4,99,0041,1","SYN017333   91108 94001",
"07173099999","1990-03-07T15:00:00","4","48.2","6.4333333","320.0","EPINAL DOGNEVILLE, FR","FM-12","99999","V020","130,1,N,0021,1","99999,9,9,N","999999,9,N,9","+0103,1","+0009,1","10254,1","06,0000,9,1",,,"4,000",,"0048,9",,,,,"7,1,017,1,+999,9",,"4,99,0041,1","SYN017333   91108 94008",
"07173099999","1990-03-07T18:00:00","4","48.2","6.4333333","320.0","EPINAL DOGNEVILLE, FR","FM-12","99999","V020","250,1,N,0010,1","99999,9,9,N","999999,9,N,9","+0065,1","+0010,1","10245,1","06,0000,9,1",,,"4,000",,"0000,9",,"999,M,+0109,1",,,"7,1,015,1,+999,9",,"4,99,0021,1","SYN023333   10109 91104 94000",
"07173099999","1990-03-07T21:00:00","4","48.2","6.4333333","320.0","EPINAL DOGNEVILLE, FR","FM-12","99999","V020","999,1,C,0000,1","99999,9,9,N","999999,9,N,9","+0005,1","-0016,1","10249,1","06,0000,9,1",,,"4,000",,"0000,9",,,,,"7,1,004,1,+999,9",,"4,99,0021,1","SYN017333   91104 94000",
"07173099999","1990-03-08T00:00:00","4","48.2","6.4333333","320.0","EPINAL DOGNEVILLE, FR","FM-12","99999","V020","999,1,C,0000,1","99999,9,9,N","999999,9,N,9","-0011,1","-0025,1","10251,1","06,0000,9,1",,,"4,000",,"0000,9",,,,,"4,1,000,1,+999,9",,"4,99,0010,1","SYN017333   91102 94000",
"07173099999","1990-03-08T03:00:00","4","48.2","6.4333333","320.0","EPINAL DOGNEVILLE, FR","FM-12","99999","V020","280,1,N,0010,1","99999,9,9,N","999999,9,N,9","-0013,1","-0026,1","10240,1","06,0000,9,1",,,"4,000",,"0000,9",,,,,"7,1,011,1,+999,9",,"4,99,0021,1","SYN017333   91104 94000",
"07173099999","1990-03-08T06:00:00","4","48.2","6.4333333","320.0","EPINAL DOGNEVILLE, FR","FM-12","99999","V020","999,1,C,0000,1","99999,9,9,N","999999,9,N,9","-0014,1","-0027,1","10235,1","06,0000,9,1",,,"4,000",,"0246,9","999,-0070,9","999,N,-0021,1",,,"7,1,005,1,+999,9",,"4,99,0021,1","SYN029333   21021 3/107 91104 94041",
"07173099999","1990-03-08T09:00:00","4","48.2","6.4333333","320.0","EPINAL DOGNEVILLE, FR","FM-12","99999","V020","030,1,N,0072,1","99999,9,9,N","999999,9,N,9","+0100,1","-0008,1","10230,1","06,0000,9,1",,,"4,000",,"0060,9",,,,,"2,1,011,1,+999,9",,"4,99,0098,1","SYN017333   91119 94010",
"07173099999","1990-03-08T12:00:00","4","48.2","6.4333333","320.0","EPINAL DOGNEVILLE, FR","FM-12","99999","V020","030,1,N,0072,1","99999,9,9,N","999999,9,N,9","+0144,1","-0025,1","10222,1","06,0000,9,1",,,"4,000",,"0060,9",,,,,"7,1,003,1,+999,9",,"4,99,0118,1","SYN017333   91123 94010",
"07173099999","1990-03-08T15:00:00","4","48.2","6.4333333","320.0","EPINAL DOGNEVILLE, FR","FM-12","99999","V020","050,1,N,0082,1","99999,9,9,N","999999,9,N,9","+0154,1","-0045,1","10216,1","06,0000,9,1",,,"4,000",,"0060,9",,,,,"7,1,004,1,+999,9",,"4,99,0118,1","SYN017333   91123 94010",
"07173099999","1990-03-08T18:00:00","4","48.2","6.4333333","320.0","EPINAL DOGNEVILLE, FR","FM-12","99999","V020","050,1,N,0031,1","99999,9,9,N","999999,9,N,9","+0117,1","-0001,1","10220,1","06,0000,9,1",,,"4,000",,"0000,9",,"999,M,+0158,1",,,"4,1,000,1,+999,9",,"4,99,0051,1","SYN023333   10158 91110 94000",
"07173099999","1990-03-08T21:00:00","4","48.2","6.4333333","320.0","EPINAL DOGNEVILLE, FR","FM-12","99999","V020","020,1,N,0041,1","99999,9,9,N","999999,9,N,9","+0117,1","+0014,1","10222,1","06,0000,9,1",,,"4,000",,"0000,9",,,,,"2,1,002,1,+999,9",,"4,99,0062,1","SYN017333   91112 94000",
"07173099999","1990-03-09T00:00:00","4","48.2","6.4333333","320.0","EPINAL DOGNEVILLE, FR","FM-12","99999","V020","040,1,N,0062,1","99999,9,9,N","999999,9,N,9","+0115,1","+0015,1","10225,1","06,0000,9,1",,,"4,000",,"0000,9",,,,,"2,1,002,1,+999,9",,"4,99,0108,1","SYN017333   91121 94000",
"07173099999","1990-03-09T03:00:00","4","48.2","6.4333333","320.0","EPINAL DOGNEVILLE, FR","FM-12","99999","V020","040,1,N,0051,1","99999,9,9,N","999999,9,N,9","+0108,1","+0016,1","10220,1","06,0000,9,1",,,"4,000",,"0000,9",,,,,"7,1,006,1,+999,9",,"4,99,0098,1","SYN017333   91119 94000",
"07173099999","1990-03-09T06:00:00","4","48.2","6.4333333","320.0","EPINAL DOGNEVILLE, FR","FM-12","99999","V020","050,1,N,0062,1","99999,9,9,N","999999,9,N,9","+0090,1","+0026,1","10232,1","06,0000,9,1",,,"4,000",,"0510,9","999,+0070,9","999,N,+0090,1",,,"2,1,010,1,+999,9",,"4,99,0088,1","SYN029333   20090 3/007 91117 94085",
"07173099999","1990-03-09T09:00:00","4","48.2","6.4333333","320.0","EPINAL DOGNEVILLE, FR","FM-12","99999","V020","040,1,N,0062,1","99999,9,9,N","999999,9,N,9","+0095,1","+0047,1","10269,1","06,0000,9,1",,,"4,000",,"0006,9",,,,,"2,1,036,1,+999,9",,"4,99,0082,1","SYN017333   91116 94001",
"07173099999","1990-03-09T12:00:00","4","48.2","6.4333333","320.0","EPINAL DOGNEVILLE, FR","FM-12","99999","V020","310,1,N,0082,1","99999,9,9,N","999999,9,N,9","+0105,1","+0033,1","10286,1","06,0000,9,1",,,"4,000",,"0012,9",,,,,"2,1,018,1,+999,9",,"4,99,0108,1","SYN017333   91121 94002",
"07173099999","1990-03-09T15:00:00","4","48.2","6.4333333","320.0","EPINAL DOGNEVILLE, FR","FM-12","99999","V020","210,1,N,0082,1","99999,9,9,N","999999,9,N,9","+0127,1","+0020,1","10287,1","06,0000,9,1",,,"4,000",,"0012,9",,,,,"2,1,003,1,+999,9",,"4,99,0118,1","SYN017333   91123 94002",
"07173099999","1990-03-09T18:00:00","4","48.2","6.4333333","320.0","EPINAL DOGNEVILLE, FR","FM-12","99999","V020","210,1,N,0041,1","99999,9,9,N","999999,9,N,9","+0102,1","+0021,1","10316,1","06,0000,9,1",,,"4,000",,"0000,9",,"999,M,+0129,1",,,"2,1,025,1,+999,9",,"4,99,0072,1","SYN023333   10129 91114 94000",
"07173099999","1990-03-09T21:00:00","4","48.2","6.4333333","320.0","EPINAL DOGNEVILLE, FR","FM-12","99999","V020","220,1,N,0031,1","99999,9,9,N","999999,9,N,9","+0085,1","+0025,1","10339,1","06,0000,9,1",,,"4,000",,"0000,9",,,,,"2,1,020,1,+999,9",,"4,99,0062,1","SYN017333   91112 94000",
"07173099999","1990-03-10T00:00:00","4","48.2","6.4333333","320.0","EPINAL DOGNEVILLE, FR","FM-12","99999","V020","160,1,N,0021,1","99999,9,9,N","999999,9,N,9","+0056,1","+0019,1","10359,1","06,0000,9,1",,,"4,000",,"0000,9",,,,,"2,1,015,1,+999,9",,"4,99,0031,1","SYN017333   91106 94000",
"07173099999","1990-03-10T03:00:00","4","48.2","6.4333333","320.0","EPINAL DOGNEVILLE, FR","FM-12","99999","V020","170,1,N,0041,1","99999,9,9,N","999999,9,N,9","+0070,1","+0033,1","10355,1","06,0000,9,1",,,"4,000",,"0000,9",,,,,"7,1,002,1,+999,9",,"4,99,0082,1","SYN017333   91116 94000",
"07173099999","1990-03-10T06:00:00","4","48.2","6.4333333","320.0","EPINAL DOGNEVILLE, FR","FM-12","99999","V020","170,1,N,0072,1","99999,9,9,N","999999,9,N,9","+0077,1","+0039,1","10353,1","06,0000,9,1",,,"4,000",,"0120,9","999,+0000,9","999,N,+0049,1",,,"7,1,001,1,+999,9",,"4,99,0098,1","SYN029333   20049 3/000 91119 94020",
"07173099999","1990-03-10T09:00:00","4","48.2","6.4333333","320.0","EPINAL DOGNEVILLE, FR","FM-12","99999","V020","160,1,N,0062,1","99999,9,9,N","999999,9,N,9","+0073,1","+0053,1","10361,1","06,0000,9,1",,,"4,000",,"0000,9",,,,,"2,1,008,1,+999,9",,"4,99,0098,1","SYN017333   91119 94000",
"07173099999","1990-03-10T12:00:00","4","48.2","6.4333333","320.0","EPINAL DOGNEVILLE, FR","FM-12","99999","V020","170,1,N,0062,1","99999,9,9,N","999999,9,N,9","+0083,1","+0064,1","10364,1","06,0000,9,1",,,"4,000",,"0000,9",,,,,"2,1,004,1,+999,9",,"4,99,0098,1","SYN017333   91119 94000",
"07173099999","1990-03-10T15:00:00","4","48.2","6.4333333","320.0","EPINAL DOGNEVILLE, FR","FM-12","99999","V020","170,1,N,0062,1","99999,9,9,N","999999,9,N,9","+0093,1","+0071,1","10364,1","06,0000,9,1",,,"4,000",,"0000,9",,,,,"2,1,001,1,+999,9",,"4,99,0088,1","SYN017333   91117 94000",
"07173099999","1990-03-10T18:00:00","4","48.2","6.4333333","320.0","EPINAL DOGNEVILLE, FR","FM-12","99999","V020","160,1,N,0062,1","99999,9,9,N","999999,9,N,9","+0093,1","+0077,1","10367,1","06,0000,9,1",,,"4,000",,"0000,9",,"999,M,+0095,1",,,"2,1,004,1,+999,9",,"4,99,0082,1","SYN023333   10095 91116 94000",
"07173099999","1990-03-10T21:00:00","4","48.2","6.4333333","320.0","EPINAL DOGNEVILLE, FR","FM-12","99999","V020","170,1,N,0051,1","99999,9,9,N","999999,9,N,9","+0096,1","+0077,1","10369,1","06,0000,9,1",,,"4,000",,"0000,9",,,,,"2,1,002,1,+999,9",,"4,99,0072,1","SYN017333   91114 94000",
"07173099999","1990-03-11T00:00:00","4","48.2","6.4333333","320.0","EPINAL DOGNEVILLE, FR","FM-12","99999","V020","150,1,N,0062,1","99999,9,9,N","999999,9,N,9","+0093,1","+0069,1","10368,1","06,0000,9,1",,,"4,000",,"0000,9",,,,,"7,1,002,1,+999,9",,"4,99,0088,1","SYN017333   91117 94000",
"07173099999","1990-03-11T03:00:00","4","48.2","6.4333333","320.0","EPINAL DOGNEVILLE, FR","FM-12","99999","V020","140,1,N,0031,1","99999,9,9,N","999999,9,N,9","+0089,1","+0067,1","10359,1","06,0000,9,1",,,"4,000",,"0000,9",,,,,"7,1,009,1,+999,9",,"4,99,0051,1","SYN017333   91110 94000",
"07173099999","1990-03-11T06:00:00","4","48.2","6.4333333","320.0","EPINAL DOGNEVILLE, FR","FM-12","99999","V020","170,1,N,0031,1","99999,9,9,N","999999,9,N,9","+0080,1","+0065,1","10351,1","06,0000,9,1",,,"4,000",,"0000,9","999,+0040,9","999,N,+0072,1",,,"7,1,009,1,+999,9",,"4,99,0062,1","SYN029333   20072 3/004 91112 94000",
"07173099999","1990-03-11T09:00:00","4","48.2","6.4333333","320.0","EPINAL DOGNEVILLE, FR","FM-12","99999","V020","200,1,N,0010,1","99999,9,9,N","999999,9,N,9","+0123,1","+0074,1","10331,1","06,0000,9,1",,,"4,000",,"0060,9",,,,,"7,1,013,1,+999,9",,"4,99,0021,1","SYN017333   91104 94010",
"07173099999","1990-03-11T12:00:00","4","48.2","6.4333333","320.0","EPINAL DOGNEVILLE, FR","FM-12","99999","V020","310,1,N,0010,1","99999,9,9,N","999999,9,N,9","+0161,1","+0088,1","10308,1","06,0000,9,1",,,"4,000",,"0060,9",,,,,"7,1,018,1,+999,9",,"4,99,0031,1","SYN017333   91106 94010",
"07173099999","1990-03-11T15:00:00","4","48.2","6.4333333","320.0","EPINAL DOGNEVILLE, FR","FM-12","99999","V020","260,1,N,0021,1","99999,9,9,N","999999,9,N,9","+0195,1","+0044,1","10271,1","06,0000,9,1",,,"4,000",,"0060,9",,,,,"7,1,031,1,+999,9",,"4,99,0041,1","SYN017333   91108 94010",
"07173099999","1990-03-11T18:00:00","4","48.2","6.4333333","320.0","EPINAL DOGNEVILLE, FR","FM-12","99999","V020","050,1,N,0010,1","99999,9,9,N","999999,9,N,9","+0123,1","+0064,1","10267,1","99,0003,9,1",,,"0,000",,"0000,9",,"999,M,+0195,1",,,"7,1,013,1,+999,9",,"4,99,0021,1","SYN023333   10195 91104 94000",
"07173099999","1990-03-11T21:00:00","4","48.2","6.4333333","320.0","EPINAL DOGNEVILLE, FR","FM-12","99999","V020","999,1,C,0000,1","99999,9,9,N","999999,9,N,9","+0078,1","+0058,1","10263,1","06,0000,9,1",,,"4,000",,"0000,9",,,,,"7,1,010,1,+999,9",,"4,99,0021,1","SYN017333   91104 94000",
"07173099999","1990-03-12T00:00:00","4","48.2","6.4333333","320.0","EPINAL DOGNEVILLE, FR","FM-12","99999","V020","999,1,C,0000,1","99999,9,9,N","999999,9,N,9","+0060,1","+0048,1","10264,1","06,0000,9,1",,,"4,000",,"0000,9",,,,,"7,1,002,1,+999,9",,"4,99,0010,1","SYN017333   91102 94000",
"07173099999","1990-03-12T03:00:00","4","48.2","6.4333333","320.0","EPINAL DOGNEVILLE, FR","FM-12","99999","V020","160,1,N,0021,1","99999,9,9,N","999999,9,N,9","+0082,1","+0065,1","10247,1","06,0000,9,1",,,"4,000",,"0000,9",,,,,"7,1,012,1,+999,9",,"4,99,0041,1","SYN017333   91108 94000",
"07173099999","1990-03-12T06:00:00","4","48.2","6.4333333","320.0","EPINAL DOGNEVILLE, FR","FM-12","99999","V020","999,1,C,0000,1","99999,9,9,N","999999,9,N,9","+0089,1","+0065,1","10240,1","06,0000,9,1",,,"4,000",,"0588,9","999,+0010,9","999,N,+0057,1",,,"7,1,007,1,+999,9",,"4,99,0021,1","SYN029333   20057 3/001 91104 94098",
"07173099999","1990-03-12T09:00:00","4","48.2","6.4333333","320.0","EPINAL DOGNEVILLE, FR","FM-12","99999","V020","190,1,N,0021,1","99999,9,9,N","999999,9,N,9","+0119,1","+0072,1","10253,1","06,0000,9,1",,,"4,000",,"0000,9",,,,,"2,1,017,1,+999,9",,"4,99,0031,1","SYN017333   91106 94000",
"07173099999","1990-03-12T12:00:00","4","48.2","6.4333333","320.0","EPINAL DOGNEVILLE, FR","FM-12","99999","V020","320,1,N,0010,1","99999,9,9,N","999999,9,N,9","+0154,1","+0077,1","10245,1","06,0000,9,1",,,"4,000",,"0048,9",,,,,"7,1,003,1,+999,9",,"4,99,0031,1","SYN017333   91106 94008",
"07173099999","1990-03-12T15:00:00","4","48.2","6.4333333","320.0","EPINAL DOGNEVILLE, FR","FM-12","99999","V020","320,1,N,0041,1","99999,9,9,N","999999,9,N,9","+0163,1","+0067,1","10234,1","06,0000,9,1",,,"4,000",,"0012,9",,,,,"7,1,010,1,+999,9",,"4,99,0062,1","SYN017333   91112 94002",
"07173099999","1990-03-12T18:00:00","4","48.2","6.4333333","320.0","EPINAL DOGNEVILLE, FR","FM-12","99999","V020","040,1,N,0010,1","99999,9,9,N","999999,9,N,9","+0113,1","+0068,1","10248,1","06,0000,9,1",,,"4,000",,"0000,9",,"999,M,+0175,1",,,"2,1,008,1,+999,9",,"4,99,0021,1","SYN023333   10175 91104 94000",
"07173099999","1990-03-12T21:00:00","4","48.2","6.4333333","320.0","EPINAL DOGNEVILLE, FR","FM-12","99999","V020","999,1,C,0000,1","99999,9,9,N","999999,9,N,9","+0053,1","+0038,1","10269,1","06,0000,9,1",,,"4,000",,"0000,9",,,,,"2,1,011,1,+999,9",,"4,99,0021,1","SYN017333   91104 94000",
"07173099999","1990-03-13T00:00:00","4","48.2","6.4333333","320.0","EPINAL DOGNEVILLE, FR","FM-12","99999","V020","999,1,C,0000,1","99999,9,9,N","999999,9,N,9","+0018,1","+0008,1","10274,1","06,0000,9,1",,,"4,000",,"0000,9",,,,,"4,1,000,1,+999,9",,"4,99,0010,1","SYN017333   91102 94000",
"07173099999","1990-03-13T03:00:00","4","48.2","6.4333333","320.0","EPINAL DOGNEVILLE, FR","FM-12","99999","V020","999,1,C,0000,1","99999,9,9,N","999999,9,N,9","+0002,1","-0008,1","10269,1","06,0000,9,1",,,"4,000",,"0000,9",,,,,"7,1,007,1,+999,9",,"4,99,0010,1","SYN017333   91102 94000",
"07173099999","1990-03-13T06:00:00","4","48.2","6.4333333","320.0","EPINAL DOGNEVILLE, FR","FM-12","99999","V020","999,1,C,0000,1","99999,9,9,N","999999,9,N,9","-0006,1","-0014,1","10268,1","06,0000,9,1",,,"4,000",,"0222,9","999,-0050,9","999,N,-0006,1",,,"7,1,002,1,+999,9",,"4,99,0000,1","SYN029333   21006 3/105 91100 94037",
"07173099999","1990-03-13T09:00:00","4","48.2","6.4333333","320.0","EPINAL DOGNEVILLE, FR","FM-12","99999","V020","280,1,N,0010,1","99999,9,9,N","999999,9,N,9","+0052,1","+0045,1","10263,1","06,0000,9,1",,,"4,000",,"0060,9",,,,,"2,1,003,1,+999,9",,"4,99,0021,1","SYN017333   91104 94010",
"07173099999","1990-03-13T12:00:00","4","48.2","6.4333333","320.0","EPINAL DOGNEVILLE, FR","FM-12","99999","V020","290,1,N,0031,1","99999,9,9,N","999999,9,N,9","+0149,1","+0065,1","10234,1","06,0000,9,1",,,"4,000",,"0060,9",,,,,"7,1,015,1,+999,9",,"4,99,0041,1","SYN017333   91108 94010",
"07173099999","1990-03-13T15:00:00","4","48.2","6.4333333","320.0","EPINAL DOGNEVILLE, FR","FM-12","99999","V020","290,1,N,0021,1","99999,9,9,N","999999,9,N,9","+0165,1","+0052,1","10220,1","06,0000,9,1",,,"4,000",,"0042,9",,,,,"7,1,011,1,+999,9",,"4,99,0041,1","SYN017333   91108 94007",
"07173099999","1990-03-13T18:00:00","4","48.2","6.4333333","320.0","EPINAL DOGNEVILLE, FR","FM-12","99999","V020","060,1,N,0010,1","99999,9,9,N","999999,9,N,9","+0113,1","+0043,1","10233,1","06,0000,9,1",,,"4,000",,"0000,9",,"999,M,+0167,1",,,"2,1,006,1,+999,9",,"4,99,0021,1","SYN023333   10167 91104 94000",
"07173099999","1990-03-13T21:00:00","4","48.2","6.4333333","320.0","EPINAL DOGNEVILLE, FR","FM-12","99999","V020","100,1,N,0010,1","99999,9,9,N","999999,9,N,9","+0067,1","+0040,1","10251,1","06,0000,9,1",,,"4,000",,"0000,9",,,,,"2,1,011,1,+999,9",,"4,99,0021,1","SYN017333   91104 94000",
"07173099999","1990-03-14T00:00:00","4","48.2","6.4333333","320.0","EPINAL DOGNEVILLE, FR","FM-12","99999","V020","150,1,N,0010,1","99999,9,9,N","999999,9,N,9","+0083,1","+0058,1","10266,1","06,0000,9,1",,,"4,000",,"0000,9",,,,,"2,1,017,1,+999,9",,"4,99,0021,1","SYN017333   91104 94000",
"07173099999","1990-03-14T03:00:00","4","48.2","6.4333333","320.0","EPINAL DOGNEVILLE, FR","FM-12","99999","V020","100,1,N,0010,1","99999,9,9,N","999999,9,N,9","+0084,1","+0072,1","10272,1","99,0005,9,1",,,"0,000","4,1,03,1","0000,9",,,,,"2,1,006,1,+999,9","21,1","4,99,0021,1","SYN017333   91104 94000",
"07173099999","1990-03-14T06:00:00","4","48.2","6.4333333","320.0","EPINAL DOGNEVILLE, FR","FM-12","99999","V020","170,1,N,0010,1","99999,9,9,N","999999,9,N,9","+0088,1","+0079,1","10287,1","99,0020,9,1",,,"0,000","4,1,06,1","0444,9","999,+0030,9","999,N,+0065,1",,,"2,1,015,1,+999,9","41,1","4,99,0021,1","SYN029333   20065 3/003 91104 94074",
"07173099999","1990-03-14T09:00:00","4","48.2","6.4333333","320.0","EPINAL DOGNEVILLE, FR","FM-12","99999","V020","290,1,N,0021,1","99999,9,9,N","999999,9,N,9","+0090,1","+0071,1","10310,1","06,0000,9,1",,,"4,000",,"0000,9",,,,,"2,1,022,1,+999,9",,"4,99,0041,1","SYN017333   91108 94000",
"07173099999","1990-03-14T12:00:00","4","48.2","6.4333333","320.0","EPINAL DOGNEVILLE, FR","FM-12","99999","V020","320,1,N,0010,1","99999,9,9,N","999999,9,N,9","+0126,1","+0060,1","10312,1","06,0005,9,1",,,"0,000",,"0030,9",,,,,"2,1,006,1,+999,9",,"4,99,0041,1","SYN017333   91108 94005",
"07173099999","1990-03-14T15:00:00","4","48.2","6.4333333","320.0","EPINAL DOGNEVILLE, FR","FM-12","99999","V020","010,1,N,0021,1","99999,9,9,N","999999,9,N,9","+0127,1","+0047,1","10316,1","06,0000,9,1",,,"4,000",,"0054,9",,,,,"2,1,004,1,+999,9",,"4,99,0051,1","SYN017333   91110 94009",
"07173099999","1990-03-14T21:00:00","4","48.2","6.4333333","320.0","EPINAL DOGNEVILLE, FR","FM-12","99999","V020","100,1,N,0010,1","99999,9,9,N","999999,9,N,9","+0036,1","+0023,1","10352,1","06,0000,9,1",,,"4,000",,"0000,9",,,,,"2,1,011,1,+999,9",,"4,99,0021,1","SYN017333   91104 94000",
"07173099999","1990-03-15T00:00:00","4","48.2","6.4333333","320.0","EPINAL DOGNEVILLE, FR","FM-12","99999","V020","999,1,C,0000,1","99999,9,9,N","999999,9,N,9","+0011,1","+0001,1","10355,1","06,0000,9,1",,,"4,000",,"0000,9",,,,,"7,1,001,1,+999,9",,"4,99,0010,1","SYN017333   91102 94000",
"07173099999","1990-03-15T03:00:00","4","48.2","6.4333333","320.0","EPINAL DOGNEVILLE, FR","FM-12","99999","V020","999,1,C,0000,1","99999,9,9,N","999999,9,N,9","+0015,1","+0006,1","10354,1","06,0000,9,1",,,"4,000",,"0000,9",,,,,"4,1,000,1,+999,9",,"4,99,0010,1","SYN017333   91102 94000",
"07173099999","1990-03-15T06:00:00","4","48.2","6.4333333","320.0","EPINAL DOGNEVILLE, FR","FM-12","99999","V020","999,1,C,0000,1","99999,9,9,N","999999,9,N,9","+0008,1","-0001,1","10363,1","06,0000,9,1",,,"4,000",,"0168,9","999,-0040,9","999,N,+0006,1",,,"2,1,007,1,+999,9",,"4,99,0010,1","SYN029333   20006 3/104 91102 94028",
"07173099999","1990-03-15T09:00:00","4","48.2","6.4333333","320.0","EPINAL DOGNEVILLE, FR","FM-12","99999","V020","290,1,N,0021,1","99999,9,9,N","999999,9,N,9","+0029,1","+0022,1","10368,1","06,0000,9,1",,,"4,000",,"0000,9",,,,,"2,1,008,1,+999,9",,"4,99,0041,1","SYN017333   91108 94000",
"07173099999","1990-03-15T12:00:00","4","48.2","6.4333333","320.0","EPINAL DOGNEVILLE, FR","FM-12","99999","V020","310,1,N,0031,1","99999,9,9,N","999999,9,N,9","+0121,1","+0064,1","10345,1","06,0000,9,1",,,"4,000",,"0060,9",,,,,"7,1,009,1,+999,9",,"4,99,0051,1","SYN017333   91110 94010",
"07173099999","1990-03-15T15:00:00","4","48.2","6.4333333","320.0","EPINAL DOGNEVILLE, FR","FM-12","99999","V020","340,1,N,0031,1","99999,9,9,N","999999,9,N,9","+0153,1","+0068,1","10330,1","06,0000,9,1",,,"4,000",,"0060,9",,,,,"7,1,011,1,+999,9",,"4,99,0062,1","SYN017333   91112 94010",
"07173099999","1990-03-15T18:00:00","4","48.2","6.4333333","320.0","EPINAL DOGNEVILLE, FR","FM-12","99999","V020","350,1,N,0010,1","99999,9,9,N","999999,9,N,9","+0119,1","+0055,1","10338,1","06,0000,9,1",,,"4,000",,"0000,9",,"999,M,+0156,1",,,"2,1,004,1,+999,9",,"4,99,0021,1","SYN023333   10156 91104 94000",
"07173099999","1990-03-15T21:00:00","4","48.2","6.4333333","320.0","EPINAL DOGNEVILLE, FR","FM-12","99999","V020","120,1,N,0010,1","99999,9,9,N","999999,9,N,9","+0052,1","+0032,1","10354,1","06,0000,9,1",,,"4,000",,"0000,9",,,,,"2,1,006,1,+999,9",,"4,99,0021,1","SYN017333   91104 94000",
"07173099999","1990-03-16T00:00:00","4","48.2","6.4333333","320.0","EPINAL DOGNEVILLE, FR","FM-12","99999","V020","999,1,C,0000,1","99999,9,9,N","999999,9,N,9","+0020,1","+0010,1","10362,1","06,0000,9,1",,,"4,000",,"0000,9",,,,,"2,1,003,1,+999,9",,"4,99,0000,1","SYN017333   91100 94000",
"07173099999","1990-03-16T03:00:00","4","48.2","6.4333333","320.0","EPINAL DOGNEVILLE, FR","FM-12","99999","V020","999,1,C,0000,1","99999,9,9,N","999999,9,N,9","+0002,1","-0008,1","10366,1","06,0000,9,1",,,"4,000",,"0000,9",,,,,"2,1,001,1,+999,9",,"4,99,0010,1","SYN017333   91102 94000",
"07173099999","1990-03-16T06:00:00","4","48.2","6.4333333","320.0","EPINAL DOGNEVILLE, FR","FM-12","99999","V020","999,1,C,0000,1","99999,9,9,N","999999,9,N,9","-0003,1","-0011,1","10367,1","06,0000,9,1",,,"4,000",,"0378,9","999,-0060,9","999,N,-0006,1",,,"4,1,000,1,+999,9",,"4,99,0010,1","SYN029333   21006 3/106 91102 94063",
"07173099999","1990-03-16T09:00:00","4","48.2","6.4333333","320.0","EPINAL DOGNEVILLE, FR","FM-12","99999","V020","999,1,C,0000,1","99999,9,9,N","999999,9,N,9","+0073,1","+0062,1","10357,1","06,0000,9,1",,,"4,000",,"0060,9",,,,,"2,1,002,1,+999,9",,"4,99,0021,1","SYN017333   91104 94010",
"07173099999","1990-03-16T12:00:00","4","48.2","6.4333333","320.0","EPINAL DOGNEVILLE, FR","FM-12","99999","V020","310,1,N,0021,1","99999,9,9,N","999999,9,N,9","+0156,1","+0058,1","10336,1","06,0000,9,1",,,"4,000",,"0060,9",,,,,"7,1,009,1,+999,9",,"4,99,0041,1","SYN017333   91108 94010",
"07173099999","1990-03-16T15:00:00","4","48.2","6.4333333","320.0","EPINAL DOGNEVILLE, FR","FM-12","99999","V020","300,1,N,0031,1","99999,9,9,N","999999,9,N,9","+0185,1","+0054,1","10319,1","06,0000,9,1",,,"4,000",,"0060,9",,,,,"7,1,013,1,+999,9",,"4,99,0041,1","SYN017333   91108 94010",
"07173099999","1990-03-16T18:00:00","4","48.2","6.4333333","320.0","EPINAL DOGNEVILLE, FR","FM-12","99999","V020","999,1,C,0000,1","99999,9,9,N","999999,9,N,9","+0130,1","+0052,1","10328,1","06,0000,9,1",,,"4,000",,"0012,9",,"999,M,+0187,1",,,"2,1,001,1,+999,9",,"4,99,0021,1","SYN023333   10187 91104 94002",
"07173099999","1990-03-16T21:00:00","4","48.2","6.4333333","320.0","EPINAL DOGNEVILLE, FR","FM-12","99999","V020","060,1,N,0010,1","99999,9,9,N","999999,9,N,9","+0058,1","+0036,1","10342,1","06,0000,9,1",,,"4,000",,"0000,9",,,,,"2,1,004,1,+999,9",,"4,99,0010,1","SYN017333   91102 94000",
"07173099999","1990-03-17T00:00:00","4","48.2","6.4333333","320.0","EPINAL DOGNEVILLE, FR","FM-12","99999","V020","999,1,C,0000,1","99999,9,9,N","999999,9,N,9","+0033,1","+0021,1","10342,1","06,0000,9,1",,,"4,000",,"0000,9",,,,,"7,1,004,1,+999,9",,"4,99,0010,1","SYN017333   91102 94000",
"07173099999","1990-03-17T03:00:00","4","48.2","6.4333333","320.0","EPINAL DOGNEVILLE, FR","FM-12","99999","V020","999,1,C,0000,1","99999,9,9,N","999999,9,N,9","+0014,1","+0004,1","10337,1","06,0000,9,1",,,"4,000",,"0000,9",,,,,"7,1,007,1,+999,9",,"4,99,0021,1","SYN017333   91104 94000",
"07173099999","1990-03-17T06:00:00","4","48.2","6.4333333","320.0","EPINAL DOGNEVILLE, FR","FM-12","99999","V020","999,1,C,0000,1","99999,9,9,N","999999,9,N,9","-0003,1","-0013,1","10341,1","06,0000,9,1",,,"4,000",,"0624,9","999,-0060,9","999,N,-0003,1",,,"2,1,001,1,+999,9",,"4,99,0010,1","SYN029333   21003 3/106 91102 94104",
"07173099999","1990-03-17T09:00:00","4","48.2","6.4333333","320.0","EPINAL DOGNEVILLE, FR","FM-12","99999","V020","999,1,C,0000,1","99999,9,9,N","999999,9,N,9","+0087,1","+0043,1","10332,1","06,0000,9,1",,,"4,000",,"0060,9",,,,,"2,1,005,1,+999,9",,"4,99,0021,1","SYN017333   91104 94010",
"07173099999","1990-03-17T12:00:00","4","48.2","6.4333333","320.0","EPINAL DOGNEVILLE, FR","FM-12","99999","V020","290,1,N,0021,1","99999,9,9,N","999999,9,N,9","+0172,1","+0016,1","10309,1","06,0000,9,1",,,"4,000",,"0060,9",,,,,"7,1,012,1,+999,9",,"4,99,0031,1","SYN017333   91106 94010",
"07173099999","1990-03-17T15:00:00","4","48.2","6.4333333","320.0","EPINAL DOGNEVILLE, FR","FM-12","99999","V020","300,1,N,0021,1","99999,9,9,N","999999,9,N,9","+0189,1","+0039,1","10293,1","06,0000,9,1",,,"4,000",,"0060,9",,,,,"7,1,013,1,+999,9",,"4,99,0051,1","SYN017333   91110 94010",
"07173099999","1990-03-17T18:00:00","4","48.2","6.4333333","320.0","EPINAL DOGNEVILLE, FR","FM-12","99999","V020","999,1,C,0000,1","99999,9,9,N","999999,9,N,9","+0129,1","+0048,1","10305,1","06,0000,9,1",,,"4,000",,"0000,9",,"999,M,+0192,1",,,"2,1,004,1,+999,9",,"4,99,0021,1","SYN023333   10192 91104 94000",
"07173099999","1990-03-17T21:00:00","4","48.2","6.4333333","320.0","EPINAL DOGNEVILLE, FR","FM-12","99999","V020","999,1,C,0000,1","99999,9,9,N","999999,9,N,9","+0057,1","+0030,1","10324,1","06,0000,9,1",,,"4,000",,"0000,9",,,,,"2,1,009,1,+999,9",,"4,99,0021,1","SYN017333   91104 94000",
"07173099999","1990-03-18T00:00:00","4","48.2","6.4333333","320.0","EPINAL DOGNEVILLE, FR","FM-12","99999","V020","999,1,C,0000,1","99999,9,9,N","999999,9,N,9","+0036,1","+0023,1","10331,1","06,0000,9,1",,,"4,000",,"0000,9",,,,,"2,1,003,1,+999,9",,"4,99,0021,1","SYN017333   91104 94000",
"07173099999","1990-03-18T03:00:00","4","48.2","6.4333333","320.0","EPINAL DOGNEVILLE, FR","FM-12","99999","V020","110,1,N,0021,1","99999,9,9,N","999999,9,N,9","+0048,1","+0028,1","10337,1","06,0000,9,1",,,"4,000",,"0000,9",,,,,"2,1,008,1,+999,9",,"4,99,0031,1","SYN017333   91106 94000",
"07173099999","1990-03-18T06:00:00","4","48.2","6.4333333","320.0","EPINAL DOGNEVILLE, FR","FM-12","99999","V020","120,1,N,0010,1","99999,9,9,N","999999,9,N,9","+0038,1","+0015,1","10347,1","06,0000,9,1",,,"4,000",,"0648,9","999,-0020,9","999,N,+0024,1",,,"2,1,008,1,+999,9",,"4,99,0021,1","SYN029333   20024 3/102 91104 94108",
"07173099999","1990-03-18T09:00:00","4","48.2","6.4333333","320.0","EPINAL DOGNEVILLE, FR","FM-12","99999","V020","160,1,N,0072,1","99999,9,9,N","999999,9,N,9","+0128,1","+0032,1","10345,1","06,0000,9,1",,,"4,000",,"0060,9",,,,,"2,1,010,1,+999,9",,"4,99,0098,1","SYN017333   91119 94010",
"07173099999","1990-03-18T12:00:00","4","48.2","6.4333333","320.0","EPINAL DOGNEVILLE, FR","FM-12","99999","V020","180,1,N,0031,1","99999,9,9,N","999999,9,N,9","+0166,1","+0030,1","10330,1","06,0000,9,1",,,"4,000",,"0060,9",,,,,"7,1,009,1,+999,9",,"4,99,0062,1","SYN017333   91112 94010",
"07173099999","1990-03-18T15:00:00","4","48.2","6.4333333","320.0","EPINAL DOGNEVILLE, FR","FM-12","99999","V020","160,1,N,0021,1","99999,9,9,N","999999,9,N,9","+0179,1","-0018,1","10316,1","06,0000,9,1",,,"4,000",,"0060,9",,,,,"7,1,012,1,+999,9",,"4,99,0051,1","SYN017333   91110 94010",
"07173099999","1990-03-18T18:00:00","4","48.2","6.4333333","320.0","EPINAL DOGNEVILLE, FR","FM-12","99999","V020","130,1,N,0010,1","99999,9,9,N","999999,9,N,9","+0121,1","+0023,1","10327,1","06,0000,9,1",,,"4,000",,"0000,9",,"999,M,+0181,1",,,"2,1,003,1,+999,9",,"4,99,0021,1","SYN023333   10181 91104 94000",
"07173099999","1990-03-18T21:00:00","4","48.2","6.4333333","320.0","EPINAL DOGNEVILLE, FR","FM-12","99999","V020","999,1,C,0000,1","99999,9,9,N","999999,9,N,9","+0064,1","+0023,1","10344,1","06,0000,9,1",,,"4,000",,"0000,9",,,,,"2,1,008,1,+999,9",,"4,99,0010,1","SYN017333   91102 94000",
"07173099999","1990-03-19T03:00:00","4","48.2","6.4333333","320.0","EPINAL DOGNEVILLE, FR","FM-12","99999","V020","150,1,N,0021,1","99999,9,9,N","999999,9,N,9","+0046,1","+0015,1","10355,1","06,0000,9,1",,,"4,000",,"0000,9",,,,,"2,1,003,1,+999,9",,"4,99,0041,1","SYN017333   91108 94000",
"07173099999","1990-03-19T06:00:00","4","48.2","6.4333333","320.0","EPINAL DOGNEVILLE, FR","FM-12","99999","V020","160,1,N,0010,1","99999,9,9,N","999999,9,N,9","+0046,1","+0007,1","10366,1","06,0000,9,1",,,"4,000",,"0624,9","999,-0030,9","999,N,+0030,1",,,"2,1,010,1,+999,9",,"4,99,0021,1","SYN029333   20030 3/103 91104 94104",
"07173099999","1990-03-19T09:00:00","4","48.2","6.4333333","320.0","EPINAL DOGNEVILLE, FR","FM-12","99999","V020","140,1,N,0041,1","99999,9,9,N","999999,9,N,9","+0119,1","+0024,1","10367,1","99,0003,9,1",,,"0,000","4,1,03,1","0060,9",,,,,"2,1,011,1,+999,9","21,1","4,99,0062,1","SYN017333   91112 94010",
"07173099999","1990-03-19T12:00:00","4","48.2","6.4333333","320.0","EPINAL DOGNEVILLE, FR","FM-12","99999","V020","200,1,N,0031,1","99999,9,9,N","999999,9,N,9","+0159,1","-0012,1","10348,1","06,0000,9,1",,,"4,000",,"0060,9",,,,,"7,1,013,1,+999,9",,"4,99,0051,1","SYN017333   91110 94010",
"07173099999","1990-03-19T15:00:00","4","48.2","6.4333333","320.0","EPINAL DOGNEVILLE, FR","FM-12","99999","V020","230,1,N,0021,1","99999,9,9,N","999999,9,N,9","+0173,1","-0014,1","10323,1","06,0000,9,1",,,"4,000",,"0060,9",,,,,"7,1,023,1,+999,9",,"4,99,0051,1","SYN017333   91110 94010",
"07173099999","1990-03-19T18:00:00","4","48.2","6.4333333","320.0","EPINAL DOGNEVILLE, FR","FM-12","99999","V020","140,1,N,0021,1","99999,9,9,N","999999,9,N,9","+0132,1","+0027,1","10320,1","06,0000,9,1",,,"4,000",,"0000,9",,"999,M,+0176,1",,,"7,1,007,1,+999,9",,"4,99,0031,1","SYN023333   10176 91106 94000",
"07173099999","1990-03-19T21:00:00","4","48.2","6.4333333","320.0","EPINAL DOGNEVILLE, FR","FM-12","99999","V020","150,1,N,0021,1","99999,9,9,N","999999,9,N,9","+0070,1","+0029,1","10334,1","06,0000,9,1",,,"4,000",,"0000,9",,,,,"2,1,005,1,+999,9",,"4,99,0021,1","SYN017333   91104 94000",
"07173099999","1990-03-20T00:00:00","4","48.2","6.4333333","320.0","EPINAL DOGNEVILLE, FR","FM-12","99999","V020","160,1,N,0021,1","99999,9,9,N","999999,9,N,9","+0077,1","+0028,1","10318,1","06,0000,9,1",,,"4,000",,"0000,9",,,,,"7,1,015,1,+999,9",,"4,99,0041,1","SYN017333   91108 94000",
"07173099999","1990-03-20T03:00:00","4","48.2","6.4333333","320.0","EPINAL DOGNEVILLE, FR","FM-12","99999","V020","160,1,N,0041,1","99999,9,9,N","999999,9,N,9","+0109,1","+0027,1","10306,1","06,0000,9,1",,,"4,000",,"0000,9",,,,,"7,1,007,1,+999,9",,"4,99,0072,1","SYN017333   91114 94000",
"07173099999","1990-03-20T06:00:00","4","48.2","6.4333333","320.0","EPINAL DOGNEVILLE, FR","FM-12","99999","V020","140,1,N,0051,1","99999,9,9,N","999999,9,N,9","+0111,1","+0014,1","10294,1","99,9999,2,9",,,"0,000",,"0600,9","999,-0010,9","999,N,+0059,1",,,"7,1,011,1,+999,9",,"4,99,0098,1","SYN029333   20059 3/101 91119 94100",
"07173099999","1990-03-20T09:00:00","4","48.2","6.4333333","320.0","EPINAL DOGNEVILLE, FR","FM-12","99999","V020","150,1,N,0051,1","99999,9,9,N","999999,9,N,9","+0091,1","+0057,1","10308,1","99,0010,9,1",,,"0,000","4,1,03,1","0000,9",,,,,"2,1,011,1,+999,9","21,1","4,99,0088,1","SYN017333   91117 94000",
"07173099999","1990-03-20T12:00:00","4","48.2","6.4333333","320.0","EPINAL DOGNEVILLE, FR","FM-12","99999","V020","170,1,N,0072,1","99999,9,9,N","999999,9,N,9","+0119,1","+0066,1","10296,1","06,0010,9,1",,,"0,000",,"0000,9",,,,,"7,1,008,1,+999,9",,"4,99,0108,1","SYN017333   91121 94000",
"07173099999","1990-03-20T15:00:00","4","48.2","6.4333333","320.0","EPINAL DOGNEVILLE, FR","FM-12","99999","V020","140,1,N,0062,1","99999,9,9,N","999999,9,N,9","+0134,1","+0053,1","10268,1","06,0000,9,1",,,"4,000",,"0000,9",,,,,"7,1,025,1,+999,9",,"4,99,0108,1","SYN017333   91121 94000",
"07173099999","1990-03-20T18:00:00","4","48.2","6.4333333","320.0","EPINAL DOGNEVILLE, FR","FM-12","99999","V020","160,1,N,0062,1","99999,9,9,N","999999,9,N,9","+0138,1","+0036,1","10260,1","99,0010,9,1",,,"0,000",,"0000,9",,"999,M,+0138,1",,,"7,1,007,1,+999,9",,"4,99,0098,1","SYN023333   10138 91119 94000",
"07173099999","1990-03-20T21:00:00","4","48.2","6.4333333","320.0","EPINAL DOGNEVILLE, FR","FM-12","99999","V020","170,1,N,0041,1","99999,9,9,N","999999,9,N,9","+0131,1","+0024,1","10260,1","06,0000,9,1",,,"4,000",,"0000,9",,,,,"7,1,001,1,+999,9",,"4,99,0072,1","SYN017333   91114 94000",
"07173099999","1990-03-21T00:00:00","4","48.2","6.4333333","320.0","EPINAL DOGNEVILLE, FR","FM-12","99999","V020","150,1,N,0021,1","99999,9,9,N","999999,9,N,9","+0115,1","+0038,1","10249,1","06,0000,9,1",,,"4,000",,"0000,9",,,,,"7,1,012,1,+999,9",,"4,99,0041,1","SYN017333   91108 94000",
"07173099999","1990-03-21T03:00:00","4","48.2","6.4333333","320.0","EPINAL DOGNEVILLE, FR","FM-12","99999","V020","150,1,N,0041,1","99999,9,9,N","999999,9,N,9","+0119,1","+0039,1","10236,1","06,0000,9,1",,,"4,000",,"0000,9",,,,,"7,1,012,1,+999,9",,"4,99,0062,1","SYN017333   91112 94000",
"07173099999","1990-03-21T06:00:00","4","48.2","6.4333333","320.0","EPINAL DOGNEVILLE, FR","FM-12","99999","V020","160,1,N,0072,1","99999,9,9,N","999999,9,N,9","+0124,1","+0031,1","10237,1","06,0000,9,1",,,"4,000",,"0000,9","999,+0080,9","999,N,+0114,1",,,"2,1,001,1,+999,9",,"4,99,0098,1","SYN029333   20114 3/008 91119 94000",
"07173099999","1990-03-21T09:00:00","4","48.2","6.4333333","320.0","EPINAL DOGNEVILLE, FR","FM-12","99999","V020","160,1,N,0072,1","99999,9,9,N","999999,9,N,9","+0157,1","+0028,1","10237,1","06,0000,9,1",,,"4,000",,"0042,9",,,,,"2,1,004,1,+999,9",,"4,99,0118,1","SYN017333   91123 94007",
"07173099999","1990-03-21T12:00:00","4","48.2","6.4333333","320.0","EPINAL DOGNEVILLE, FR","FM-12","99999","V020","160,1,N,0082,1","99999,9,9,N","999999,9,N,9","+0191,1","+0029,1","10225,1","06,0000,9,1",,,"4,000",,"0060,9",,,,,"7,1,007,1,+999,9",,"4,99,0129,1","SYN017333   91125 94010",
"07173099999","1990-03-21T18:00:00","4","48.2","6.4333333","320.0","EPINAL DOGNEVILLE, FR","FM-12","99999","V020","150,1,N,0031,1","99999,9,9,N","999999,9,N,9","+0172,1","+0042,1","10218,1","06,0000,9,1",,,"4,000",,"0000,9",,"999,M,+0205,1",,,"4,1,000,1,+999,9",,"4,99,0041,1","SYN023333   10205 91108 94000",
"07173099999","1990-03-21T21:00:00","4","48.2","6.4333333","320.0","EPINAL DOGNEVILLE, FR","FM-12","99999","V020","130,1,N,0021,1","99999,9,9,N","999999,9,N,9","+0137,1","+0046,1","10228,1","06,0000,9,1",,,"4,000",,"0000,9",,,,,"2,1,005,1,+999,9",,"4,99,0031,1","SYN017333   91106 94000",
"07173099999","1990-03-22T00:00:00","4","48.2","6.4333333","320.0","EPINAL DOGNEVILLE, FR","FM-12","99999","V020","150,1,N,0031,1","99999,9,9,N","999999,9,N,9","+0137,1","+0048,1","10227,1","06,0000,9,1",,,"4,000",,"0000,9",,,,,"7,1,001,1,+999,9",,"4,99,0041,1","SYN017333   91108 94000",
"07173099999","1990-03-22T03:00:00","4","48.2","6.4333333","320.0","EPINAL DOGNEVILLE, FR","FM-12","99999","V020","160,1,N,0031,1","99999,9,9,N","999999,9,N,9","+0096,1","+0054,1","10221,1","06,0000,9,1",,,"4,000",,"0000,9",,,,,"7,1,011,1,+999,9",,"4,99,0041,1","SYN017333   91108 94000",
"07173099999","1990-03-22T06:00:00","4","48.2","6.4333333","320.0","EPINAL DOGNEVILLE, FR","FM-12","99999","V020","170,1,N,0031,1","99999,9,9,N","999999,9,N,9","+0084,1","+0053,1","10211,1","06,0000,9,1",,,"4,000",,"0420,9","999,+0060,9","999,N,+0084,1",,,"7,1,011,1,+999,9",,"4,99,0041,1","SYN029333   20084 3/006 91108 94070",
"07173099999","1990-03-22T09:00:00","4","48.2","6.4333333","320.0","EPINAL DOGNEVILLE, FR","FM-12","99999","V020","180,1,N,0041,1","99999,9,9,N","999999,9,N,9","+0172,1","+0035,1","10201,1","06,0000,9,1",,,"4,000",,"0060,9",,,,,"2,1,001,1,+999,9",,"4,99,0082,1","SYN017333   91116 94010",
"07173099999","1990-03-22T12:00:00","4","48.2","6.4333333","320.0","EPINAL DOGNEVILLE, FR","FM-12","99999","V020","170,1,N,0062,1","99999,9,9,N","999999,9,N,9","+0201,1","+0061,1","10179,1","06,0000,9,1",,,"4,000",,"0060,9",,,,,"7,1,017,1,+999,9",,"4,99,0088,1","SYN017333   91117 94010",
"07173099999","1990-03-22T15:00:00","4","48.2","6.4333333","320.0","EPINAL DOGNEVILLE, FR","FM-12","99999","V020","190,1,N,0062,1","99999,9,9,N","999999,9,N,9","+0208,1","+0031,1","10164,1","06,0000,9,1",,,"4,000",,"0042,9",,,,,"7,1,014,1,+999,9",,"4,99,0088,1","SYN017333   91117 94007",
"07173099999","1990-03-22T18:00:00","4","48.2","6.4333333","320.0","EPINAL DOGNEVILLE, FR","FM-12","99999","V020","260,1,N,0041,1","99999,9,9,N","999999,9,N,9","+0138,1","+0080,1","10206,1","06,0000,9,1",,,"4,000",,"0000,9",,"999,M,+0217,1",,,"2,1,032,1,+999,9",,"4,99,0088,1","SYN023333   10217 91117 94000",
"07173099999","1990-03-22T21:00:00","4","48.2","6.4333333","320.0","EPINAL DOGNEVILLE, FR","FM-12","99999","V020","220,1,N,0031,1","99999,9,9,N","999999,9,N,9","+0117,1","+0076,1","10230,1","06,0000,9,1",,,"4,000",,"0000,9",,,,,"2,1,021,1,+999,9",,"4,99,0041,1","SYN017333   91108 94000",
"07173099999","1990-03-23T00:00:00","4","48.2","6.4333333","320.0","EPINAL DOGNEVILLE, FR","FM-12","99999","V020","290,1,N,0010,1","99999,9,9,N","999999,9,N,9","+0077,1","+0062,1","10255,1","06,0040,9,1",,,"0,000","4,1,06,1","0000,9",,,,,"2,1,019,1,+999,9","41,1","4,99,0031,1","SYN017333   91106 94000",
"07173099999","1990-03-23T03:00:00","4","48.2","6.4333333","320.0","EPINAL DOGNEVILLE, FR","FM-12","99999","V020","250,1,N,0010,1","99999,9,9,N","999999,9,N,9","+0065,1","+0050,1","10264,1","06,0000,9,1",,,"4,000",,"0000,9",,,,,"2,1,006,1,+999,9",,"4,99,0021,1","SYN017333   91104 94000",
"07173099999","1990-03-23T06:00:00","4","48.2","6.4333333","320.0","EPINAL DOGNEVILLE, FR","FM-12","99999","V020","999,1,C,0000,1","99999,9,9,N","999999,9,N,9","+0060,1","+0050,1","10278,1","99,0040,9,1",,,"0,000",,"0462,9","999,+0020,9","999,N,+0056,1",,,"2,1,013,1,+999,9",,"4,99,0021,1","SYN029333   20056 3/002 91104 94077",
"07173099999","1990-03-23T09:00:00","4","48.2","6.4333333","320.0","EPINAL DOGNEVILLE, FR","FM-12","99999","V020","210,1,N,0010,1","99999,9,9,N","999999,9,N,9","+0086,1","+0034,1","10284,1","06,0000,9,1",,,"4,000",,"0048,9",,,,,"2,1,009,1,+999,9",,"4,99,0021,1","SYN017333   91104 94008",
"07173099999","1990-03-23T12:00:00","4","48.2","6.4333333","320.0","EPINAL DOGNEVILLE, FR","FM-12","99999","V020","320,1,N,0021,1","99999,9,9,N","999999,9,N,9","+0116,1","+0004,1","10269,1","06,0000,9,1",,,"4,000",,"0060,9",,,,,"7,1,010,1,+999,9",,"4,99,0041,1","SYN017333   91108 94010",
"07173099999","1990-03-23T15:00:00","4","48.2","6.4333333","320.0","EPINAL DOGNEVILLE, FR","FM-12","99999","V020","300,1,N,0041,1","99999,9,9,N","999999,9,N,9","+0117,1","-0029,1","10254,1","06,0000,9,1",,,"4,000",,"0060,9",,,,,"7,1,015,1,+999,9",,"4,99,0062,1","SYN017333   91112 94010",
"07173099999","1990-03-23T21:00:00","4","48.2","6.4333333","320.0","EPINAL DOGNEVILLE, FR","FM-12","99999","V020","999,1,C,0000,1","99999,9,9,N","999999,9,N,9","+0032,1","+0006,1","10266,1","06,0000,9,1",,,"4,000",,"0000,9",,,,,"2,1,007,1,+999,9",,"4,99,0010,1","SYN017333   91102 94000",
"07173099999","1990-03-24T00:00:00","4","48.2","6.4333333","320.0","EPINAL DOGNEVILLE, FR","FM-12","99999","V020","060,1,N,0010,1","99999,9,9,N","999999,9,N,9","+0005,1","-0009,1","10261,1","06,0000,9,1",,,"4,000",,"0000,9",,,,,"7,1,009,1,+999,9",,"4,99,0021,1","SYN017333   91104 94000",
"07173099999","1990-03-24T03:00:00","4","48.2","6.4333333","320.0","EPINAL DOGNEVILLE, FR","FM-12","99999","V020","080,1,N,0010,1","99999,9,9,N","999999,9,N,9","-0006,1","-0017,1","10247,1","06,0000,9,1",,,"4,000",,"0000,9",,,,,"7,1,014,1,+999,9",,"4,99,0021,1","SYN017333   91104 94000",
"07173099999","1990-03-24T06:00:00","4","48.2","6.4333333","320.0","EPINAL DOGNEVILLE, FR","FM-12","99999","V020","999,1,C,0000,1","99999,9,9,N","999999,9,N,9","-0012,1","-0023,1","10253,1","06,0000,9,1",,,"4,000",,"0564,9","999,-0070,9","999,N,-0015,1",,,"2,1,004,1,+999,9",,"4,99,0010,1","SYN029333   21015 3/107 91102 94094",
"07173099999","1990-03-24T09:00:00","4","48.2","6.4333333","320.0","EPINAL DOGNEVILLE, FR","FM-12","99999","V020","140,1,N,0010,1","99999,9,9,N","999999,9,N,9","+0094,1","+0023,1","10239,1","06,0000,9,1",,,"4,000",,"0060,9",,,,,"2,1,002,1,+999,9",,"4,99,0021,1","SYN017333   91104 94010",
"07173099999","1990-03-24T12:00:00","4","48.2","6.4333333","320.0","EPINAL DOGNEVILLE, FR","FM-12","99999","V020","190,1,N,0031,1","99999,9,9,N","999999,9,N,9","+0126,1","+0019,1","10221,1","06,0000,9,1",,,"4,000",,"0054,9",,,,,"7,1,013,1,+999,9",,"4,99,0062,1","SYN017333   91112 94009",
"07173099999","1990-03-24T15:00:00","4","48.2","6.4333333","320.0","EPINAL DOGNEVILLE, FR","FM-12","99999","V020","200,1,N,0031,1","99999,9,9,N","999999,9,N,9","+0142,1","+0012,1","10194,1","06,0000,9,1",,,"4,000",,"0060,9",,,,,"7,1,025,1,+999,9",,"4,99,0062,1","SYN017333   91112 94010",
"07173099999","1990-03-24T18:00:00","4","48.2","6.4333333","320.0","EPINAL DOGNEVILLE, FR","FM-12","99999","V020","240,1,N,0021,1","99999,9,9,N","999999,9,N,9","+0101,1","+0015,1","10197,1","06,0000,9,1",,,"4,000",,"0018,9",,"999,M,+0145,1",,,"7,1,002,1,+999,9",,"4,99,0031,1","SYN023333   10145 91106 94003",
"07173099999","1990-03-24T21:00:00","4","48.2","6.4333333","320.0","EPINAL DOGNEVILLE, FR","FM-12","99999","V020","260,1,N,0031,1","99999,9,9,N","999999,9,N,9","+0081,1","+0024,1","10215,1","06,0000,9,1",,,"4,000",,"0000,9",,,,,"2,1,015,1,+999,9",,"4,99,0062,1","SYN017333   91112 94000",
"07173099999","1990-03-25T00:00:00","4","48.2","6.4333333","320.0","EPINAL DOGNEVILLE, FR","FM-12","99999","V020","200,1,N,0062,1","99999,9,9,N","999999,9,N,9","+0071,1","+0024,1","10215,1","06,0000,9,1",,,"4,000",,"0000,9",,,,,"7,1,002,1,+999,9",,"4,99,0088,1","SYN017333   91117 94000",
"07173099999","1990-03-25T03:00:00","4","48.2","6.4333333","320.0","EPINAL DOGNEVILLE, FR","FM-12","99999","V020","280,1,N,0021,1","99999,9,9,N","999999,9,N,9","+0041,1","+0023,1","10230,1","99,0003,9,1",,,"0,000","4,1,03,1","0000,9",,,,,"2,1,011,1,+999,9","21,1","4,99,0051,1","SYN017333   91110 94000",
"07173099999","1990-03-25T06:00:00","4","48.2","6.4333333","320.0","EPINAL DOGNEVILLE, FR","FM-12","99999","V020","230,1,N,0041,1","99999,9,9,N","999999,9,N,9","+0036,1","+0003,1","10248,1","99,0020,9,1",,,"0,000",,"0666,9","999,+0010,9","999,N,+0032,1",,,"2,1,017,1,+999,9",,"4,99,0062,1","SYN029333   20032 3/001 91112 94111",
"07173099999","1990-03-25T12:00:00","4","48.2","6.4333333","320.0","EPINAL DOGNEVILLE, FR","FM-12","99999","V020","260,1,N,0082,1","99999,9,9,N","999999,9,N,9","+0052,1","-0010,1","10251,1","06,0000,9,1",,,"4,000",,"0024,9",,,,,"7,1,003,1,+999,9",,"4,99,0118,1","SYN017333   91123 94004",
"07173099999","1990-03-25T15:00:00","4","48.2","6.4333333","320.0","EPINAL DOGNEVILLE, FR","FM-12","99999","V020","220,1,N,0041,1","99999,9,9,N","999999,9,N,9","+0066,1","-0042,1","10235,1","06,0000,9,1",,,"4,000",,"0000,9",,,,,"7,1,013,1,+999,9",,"4,99,0062,1","SYN017333   91112 94000",
"07173099999","1990-03-25T18:00:00","4","48.2","6.4333333","320.0","EPINAL DOGNEVILLE, FR","FM-12","99999","V020","210,1,N,0021,1","99999,9,9,N","999999,9,N,9","+0040,1","+0000,1","10237,1","99,0003,9,1",,,"0,000",,"0018,9",,"999,M,+0076,1",,,"7,1,001,1,+999,9",,"4,99,0041,1","SYN023333   10076 91108 94003",
"07173099999","1990-03-25T21:00:00","4","48.2","6.4333333","320.0","EPINAL DOGNEVILLE, FR","FM-12","99999","V020","260,1,N,0010,1","99999,9,9,N","999999,9,N,9","+0027,1","+0001,1","10248,1","06,0000,9,1",,,"4,000",,"0000,9",,,,,"2,1,008,1,+999,9",,"4,99,0021,1","SYN017333   91104 94000",
"07173099999","1990-03-26T00:00:00","4","48.2","6.4333333","320.0","EPINAL DOGNEVILLE, FR","FM-12","99999","V020","300,1,N,0041,1","99999,9,9,N","999999,9,N,9","+0020,1","-0002,1","10243,1","06,0000,9,1",,,"4,000",,"0000,9",,,,,"7,1,006,1,+999,9",,"4,99,0062,1","SYN017333   91112 94000",
"07173099999","1990-03-26T03:00:00","4","48.2","6.4333333","320.0","EPINAL DOGNEVILLE, FR","FM-12","99999","V020","310,1,N,0031,1","99999,9,9,N","999999,9,N,9","+0015,1","-0004,1","10238,1","06,0000,9,1",,,"4,000",,"0000,9",,,,,"7,1,005,1,+999,9",,"4,99,0041,1","SYN017333   91108 94000",
"07173099999","1990-03-26T06:00:00","4","48.2","6.4333333","320.0","EPINAL DOGNEVILLE, FR","FM-12","99999","V020","310,1,N,0041,1","99999,9,9,N","999999,9,N,9","+0011,1","-0008,1","10244,1","06,0000,9,1",,,"4,000",,"0228,9","999,-0010,9","999,N,+0009,1",,,"2,1,005,1,+999,9",,"4,99,0062,1","SYN029333   20009 3/101 91112 94038",
"07173099999","1990-03-26T09:00:00","4","48.2","6.4333333","320.0","EPINAL DOGNEVILLE, FR","FM-12","99999","V020","330,1,N,0041,1","99999,9,9,N","999999,9,N,9","+0030,1","-0003,1","10238,1","06,0000,9,1",,,"4,000",,"0006,9",,,,,"7,1,003,1,+999,9",,"4,99,0072,1","SYN017333   91114 94001",
"07173099999","1990-03-26T12:00:00","4","48.2","6.4333333","320.0","EPINAL DOGNEVILLE, FR","FM-12","99999","V020","030,1,N,0031,1","99999,9,9,N","999999,9,N,9","+0037,1","-0001,1","10230,1","06,9999,2,9",,,"0,000",,"0018,9",,,,,"7,1,007,1,+999,9",,"4,99,0062,1","SYN017333   91112 94003",
"07173099999","1990-03-26T15:00:00","4","48.2","6.4333333","320.0","EPINAL DOGNEVILLE, FR","FM-12","99999","V020","340,1,N,0031,1","99999,9,9,N","999999,9,N,9","+0036,1","+0005,1","10220,1","99,0005,9,1",,,"0,000","4,1,03,1","0000,9",,,,,"7,1,009,1,+999,9","41,1","4,99,0072,1","SYN017333   91114 94000",
"07173099999","1990-03-26T18:00:00","4","48.2","6.4333333","320.0","EPINAL DOGNEVILLE, FR","FM-12","99999","V020","340,1,N,0021,1","99999,9,9,N","999999,9,N,9","+0033,1","+0009,1","10222,1","99,0005,9,1",,,"0,000",,"0000,9",,"999,M,+0062,1",,,"2,1,001,1,+999,9",,"4,99,0041,1","SYN023333   10062 91108 94000",
"07173099999","1990-03-26T21:00:00","4","48.2","6.4333333","320.0","EPINAL DOGNEVILLE, FR","FM-12","99999","V020","280,1,N,0010,1","99999,9,9,N","999999,9,N,9","+0029,1","+0013,1","10229,1","06,0000,9,1",,,"4,000",,"0000,9",,,,,"2,1,006,1,+999,9",,"4,99,0021,1","SYN017333   91104 94000",
"07173099999","1990-03-27T00:00:00","4","48.2","6.4333333","320.0","EPINAL DOGNEVILLE, FR","FM-12","99999","V020","330,1,N,0010,1","99999,9,9,N","999999,9,N,9","+0023,1","+0008,1","10225,1","06,0000,9,1",,,"4,000",,"0000,9",,,,,"7,1,004,1,+999,9",,"4,99,0021,1","SYN017333   91104 94000",
"07173099999","1990-03-27T03:00:00","4","48.2","6.4333333","320.0","EPINAL DOGNEVILLE, FR","FM-12","99999","V020","330,1,N,0010,1","99999,9,9,N","999999,9,N,9","+0021,1","+0005,1","10218,1","06,0000,9,1",,,"4,000",,"0000,9",,,,,"7,1,008,1,+999,9",,"4,99,0021,1","SYN017333   91104 94000",
"07173099999","1990-03-27T06:00:00","4","48.2","6.4333333","320.0","EPINAL DOGNEVILLE, FR","FM-12","99999","V020","010,1,N,0021,1","99999,9,9,N","999999,9,N,9","+0021,1","+0006,1","10219,1","06,0000,9,1",,,"4,000",,"0132,9","999,-0010,9","999,N,+0020,1",,,"2,1,001,1,+999,9",,"4,99,0051,1","SYN029333   20020 3/101 91110 94022",
"07173099999","1990-03-27T09:00:00","4","48.2","6.4333333","320.0","EPINAL DOGNEVILLE, FR","FM-12","99999","V020","050,1,N,0041,1","99999,9,9,N","999999,9,N,9","+0056,1","+0010,1","10214,1","06,0000,9,1",,,"4,000",,"0036,9",,,,,"4,1,000,1,+999,9",,"4,99,0062,1","SYN017333   91112 94006",
"07173099999","1990-03-27T12:00:00","4","48.2","6.4333333","320.0","EPINAL DOGNEVILLE, FR","FM-12","99999","V020","360,1,N,0041,1","99999,9,9,N","999999,9,N,9","+0069,1","-0023,1","10205,1","06,0000,9,1",,,"4,000",,"0006,9",,,,,"7,1,007,1,+999,9",,"4,99,0082,1","SYN017333   91116 94001",
"07173099999","1990-03-27T15:00:00","4","48.2","6.4333333","320.0","EPINAL DOGNEVILLE, FR","FM-12","99999","V020","340,1,N,0051,1","99999,9,9,N","999999,9,N,9","+0075,1","-0036,1","10189,1","06,0000,9,1",,,"4,000",,"0012,9",,,,,"7,1,015,1,+999,9",,"4,99,0088,1","SYN017333   91117 94002",
"07173099999","1990-03-27T21:00:00","4","48.2","6.4333333","320.0","EPINAL DOGNEVILLE, FR","FM-12","99999","V020","340,1,N,0010,1","99999,9,9,N","999999,9,N,9","+0029,1","-0022,1","10197,1","06,0000,9,1",,,"4,000",,"0000,9",,,,,"2,1,001,1,+999,9",,"4,99,0021,1","SYN017333   91104 94000",
"07173099999","1990-03-28T00:00:00","4","48.2","6.4333333","320.0","EPINAL DOGNEVILLE, FR","FM-12","99999","V020","350,1,N,0031,1","99999,9,9,N","999999,9,N,9","+0026,1","-0014,1","10189,1","06,0000,9,1",,,"4,000",,"0000,9",,,,,"7,1,008,1,+999,9",,"4,99,0051,1","SYN017333   91110 94000",
"07173099999","1990-03-28T03:00:00","4","48.2","6.4333333","320.0","EPINAL DOGNEVILLE, FR","FM-12","99999","V020","340,1,N,0031,1","99999,9,9,N","999999,9,N,9","+0024,1","-0007,1","10185,1","06,0000,9,1",,,"4,000",,"0000,9",,,,,"7,1,004,1,+999,9",,"4,99,0051,1","SYN017333   91110 94000",
"07173099999","1990-03-28T06:00:00","4","48.2","6.4333333","320.0","EPINAL DOGNEVILLE, FR","FM-12","99999","V020","310,1,N,0031,1","99999,9,9,N","999999,9,N,9","+0013,1","-0002,1","10191,1","99,0020,9,1",,,"0,000","4,1,06,1","0138,9","999,-0020,9","999,N,+0013,1",,,"2,1,004,1,+999,9","21,1","4,99,0051,1","SYN029333   20013 3/102 91110 94023",
"07173099999","1990-03-28T09:00:00","4","48.2","6.4333333","320.0","EPINAL DOGNEVILLE, FR","FM-12","99999","V020","310,1,N,0051,1","99999,9,9,N","999999,9,N,9","+0028,1","+0010,1","10190,1","99,0003,9,1",,,"0,000","4,1,03,1","0000,9",,,,,"2,1,002,1,+999,9","21,1","4,99,0072,1","SYN017333   91114 94000",
"07173099999","1990-03-28T12:00:00","4","48.2","6.4333333","320.0","EPINAL DOGNEVILLE, FR","FM-12","99999","V020","300,1,N,0051,1","99999,9,9,N","999999,9,N,9","+0030,1","+0012,1","10195,1","06,0030,9,1",,,"0,000","4,1,06,1","0000,9",,,,,"2,1,004,1,+999,9","41,1","4,99,0072,1","SYN017333   91114 94000",
"07173099999","1990-03-28T15:00:00","4","48.2","6.4333333","320.0","EPINAL DOGNEVILLE, FR","FM-12","99999","V020","300,1,N,0051,1","99999,9,9,N","999999,9,N,9","+0027,1","+0011,1","10197,1","99,0010,9,1",,,"0,000","4,1,03,1","0000,9",,,,,"2,1,002,1,+999,9","41,1","4,99,0072,1","SYN017333   91114 94000",
"07173099999","1990-03-28T18:00:00","4","48.2","6.4333333","320.0","EPINAL DOGNEVILLE, FR","FM-12","99999","V020","300,1,N,0021,1","99999,9,9,N","999999,9,N,9","+0022,1","+0007,1","10208,1","99,0090,9,1",,,"0,000","4,1,06,1","0000,9",,"999,M,+0034,1",,,"2,1,010,1,+999,9","21,1","4,99,0041,1","SYN023333   10034 91108 94000",
"07173099999","1990-03-28T21:00:00","4","48.2","6.4333333","320.0","EPINAL DOGNEVILLE, FR","FM-12","99999","V020","999,1,C,0000,1","99999,9,9,N","999999,9,N,9","+0021,1","+0006,1","10228,1","06,0000,9,1",,,"4,000",,"0000,9",,,,,"2,1,019,1,+999,9",,"4,99,0021,1","SYN017333   91104 94000",
"07173099999","1990-03-29T00:00:00","4","48.2","6.4333333","320.0","EPINAL DOGNEVILLE, FR","FM-12","99999","V020","999,1,C,0000,1","99999,9,9,N","999999,9,N,9","+0014,1","+0002,1","10243,1","06,0005,9,1",,,"0,000",,"0000,9",,,,,"2,1,014,1,+999,9",,"4,99,0021,1","SYN017333   91104 94000",
"07173099999","1990-03-29T03:00:00","4","48.2","6.4333333","320.0","EPINAL DOGNEVILLE, FR","FM-12","99999","V020","060,1,N,0010,1","99999,9,9,N","999999,9,N,9","+0018,1","+0006,1","10254,1","06,0000,9,1",,,"4,000",,"0000,9",,,,,"2,1,011,1,+999,9",,"4,99,0021,1","SYN017333   91104 94000",
"07173099999","1990-03-29T06:00:00","4","48.2","6.4333333","320.0","EPINAL DOGNEVILLE, FR","FM-12","99999","V020","999,1,C,0000,1","99999,9,9,N","999999,9,N,9","+0018,1","+0008,1","10276,1","99,0005,9,1",,,"0,000",,"0000,9","999,+0000,9","999,N,+0013,1",,,"2,1,021,1,+999,9",,"4,99,0010,1","SYN029333   20013 3/000 91102 94000",
"07173099999","1990-03-29T09:00:00","4","48.2","6.4333333","320.0","EPINAL DOGNEVILLE, FR","FM-12","99999","V020","360,1,N,0021,1","99999,9,9,N","999999,9,N,9","+0044,1","+0024,1","10290,1","06,0000,9,1",,,"4,000",,"0000,9",,,,,"2,1,017,1,+999,9",,"4,99,0041,1","SYN017333   91108 94000",
"07173099999","1990-03-29T12:00:00","4","48.2","6.4333333","320.0","EPINAL DOGNEVILLE, FR","FM-12","99999","V020","010,1,N,0031,1","99999,9,9,N","999999,9,N,9","+0067,1","+0030,1","10294,1","06,0000,9,1",,,"4,000",,"0000,9",,,,,"2,1,007,1,+999,9",,"4,99,0051,1","SYN017333   91110 94000",
"07173099999","1990-03-29T15:00:00","4","48.2","6.4333333","320.0","EPINAL DOGNEVILLE, FR","FM-12","99999","V020","330,1,N,0041,1","99999,9,9,N","999999,9,N,9","+0076,1","+0027,1","10296,1","06,0000,9,1",,,"4,000",,"0006,9",,,,,"2,1,003,1,+999,9",,"4,99,0072,1","SYN017333   91114 94001",
"07173099999","1990-03-29T18:00:00","4","48.2","6.4333333","320.0","EPINAL DOGNEVILLE, FR","FM-12","99999","V020","320,1,N,0021,1","99999,9,9,N","999999,9,N,9","+0067,1","+0037,1","10311,1","06,0000,9,1",,,"4,000",,"0000,9",,"999,M,+0079,1",,,"2,1,013,1,+999,9",,"4,99,0041,1","SYN023333   10079 91108 94000",
"07173099999","1990-03-29T21:00:00","4","48.2","6.4333333","320.0","EPINAL DOGNEVILLE, FR","FM-12","99999","V020","340,1,N,0010,1","99999,9,9,N","999999,9,N,9","+0064,1","+0046,1","10321,1","06,0000,9,1",,,"4,000",,"0000,9",,,,,"2,1,010,1,+999,9",,"4,99,0031,1","SYN017333   91106 94000",
"07173099999","1990-03-30T00:00:00","4","48.2","6.4333333","320.0","EPINAL DOGNEVILLE, FR","FM-12","99999","V020","320,1,N,0010,1","99999,9,9,N","999999,9,N,9","+0063,1","+0045,1","10321,1","06,0000,9,1",,,"4,000",,"0000,9",,,,,"7,1,001,1,+999,9",,"4,99,0031,1","SYN017333   91106 94000",
"07173099999","1990-03-30T03:00:00","4","48.2","6.4333333","320.0","EPINAL DOGNEVILLE, FR","FM-12","99999","V020","330,1,N,0021,1","99999,9,9,N","999999,9,N,9","+0065,1","+0043,1","10318,1","06,0000,9,1",,,"4,000",,"0000,9",,,,,"7,1,002,1,+999,9",,"4,99,0031,1","SYN017333   91106 94000",
"07173099999","1990-03-30T06:00:00","4","48.2","6.4333333","320.0","EPINAL DOGNEVILLE, FR","FM-12","99999","V020","350,1,N,0031,1","99999,9,9,N","999999,9,N,9","+0065,1","+0040,1","10320,1","06,0000,9,1",,,"4,000",,"0006,9","999,+0060,9","999,N,+0063,1",,,"2,1,002,1,+999,9",,"4,99,0051,1","SYN029333   20063 3/006 91110 94001",
"07173099999","1990-03-30T09:00:00","4","48.2","6.4333333","320.0","EPINAL DOGNEVILLE, FR","FM-12","99999","V020","350,1,N,0041,1","99999,9,9,N","999999,9,N,9","+0095,1","+0047,1","10319,1","06,0000,9,1",,,"4,000",,"0036,9",,,,,"2,1,003,1,+999,9",,"4,99,0082,1","SYN017333   91116 94006",
"07173099999","1990-03-30T12:00:00","4","48.2","6.4333333","320.0","EPINAL DOGNEVILLE, FR","FM-12","99999","V020","020,1,N,0051,1","99999,9,9,N","999999,9,N,9","+0128,1","+0045,1","10308,1","06,0000,9,1",,,"4,000",,"0054,9",,,,,"7,1,006,1,+999,9",,"4,99,0082,1","SYN017333   91116 94009",
"07173099999","1990-03-30T15:00:00","4","48.2","6.4333333","320.0","EPINAL DOGNEVILLE, FR","FM-12","99999","V020","010,1,N,0041,1","99999,9,9,N","999999,9,N,9","+0135,1","+0041,1","10302,1","06,0000,9,1",,,"4,000",,"0054,9",,,,,"7,1,005,1,+999,9",,"4,99,0072,1","SYN017333   91114 94009",
"07173099999","1990-03-30T18:00:00","4","48.2","6.4333333","320.0","EPINAL DOGNEVILLE, FR","FM-12","99999","V020","340,1,N,0010,1","99999,9,9,N","999999,9,N,9","+0109,1","+0039,1","10312,1","06,0000,9,1",,,"4,000",,"0000,9",,"999,M,+0139,1",,,"2,1,006,1,+999,9",,"4,99,0031,1","SYN023333   10139 91106 94000",
"07173099999","1990-03-30T21:00:00","4","48.2","6.4333333","320.0","EPINAL DOGNEVILLE, FR","FM-12","99999","V020","010,1,N,0010,1","99999,9,9,N","999999,9,N,9","+0069,1","+0035,1","10330,1","06,0000,9,1",,,"4,000",,"0000,9",,,,,"2,1,012,1,+999,9",,"4,99,0031,1","SYN017333   91106 94000",
"07173099999","1990-03-31T00:00:00","4","48.2","6.4333333","320.0","EPINAL DOGNEVILLE, FR","FM-12","99999","V020","999,1,C,0000,1","99999,9,9,N","999999,9,N,9","+0029,1","+0016,1","10336,1","06,0000,9,1",,,"4,000",,"0000,9",,,,,"4,1,000,1,+999,9",,"4,99,0021,1","SYN017333   91104 94000",
"07173099999","1990-03-31T03:00:00","4","48.2","6.4333333","320.0","EPINAL DOGNEVILLE, FR","FM-12","99999","V020","999,1,C,0000,1","99999,9,9,N","999999,9,N,9","+0007,1","-0004,1","10338,1","06,0000,9,1",,,"4,000",,"0000,9",,,,,"7,1,001,1,+999,9",,"4,99,0010,1","SYN017333   91102 94000",
"07173099999","1990-03-31T06:00:00","4","48.2","6.4333333","320.0","EPINAL DOGNEVILLE, FR","FM-12","99999","V020","100,1,N,0010,1","99999,9,9,N","999999,9,N,9","-0003,1","-0013,1","10349,1","06,0000,9,1",,,"4,000",,"0330,9","999,-0060,9","999,N,-0009,1",,,"2,1,009,1,+999,9",,"4,99,0010,1","SYN029333   21009 3/106 91102 94055",
"07173099999","1990-03-31T09:00:00","4","48.2","6.4333333","320.0","EPINAL DOGNEVILLE, FR","FM-12","99999","V020","340,1,N,0010,1","99999,9,9,N","999999,9,N,9","+0068,1","+0061,1","10339,1","06,0000,9,1",,,"4,000",,"0024,9",,,,,,,"4,99,0021,1","SYN017333   91104 94004",
"07173099999","1990-03-31T12:00:00","4","48.2","6.4333333","320.0","EPINAL DOGNEVILLE, FR","FM-12","99999","V020","010,1,N,0041,1","99999,9,9,N","999999,9,N,9","+0160,1","+0021,1","10304,1","06,0000,9,1",,,"4,000",,"0060,9",,,,,"7,1,022,1,+999,9",,"4,99,0072,1","SYN017333   91114 94010",
"07173099999","1990-03-31T15:00:00","4","48.2","6.4333333","320.0","EPINAL DOGNEVILLE, FR","FM-12","99999","V020","360,1,N,0051,1","99999,9,9,N","999999,9,N,9","+0181,1","+0016,1","10279,1","06,0000,9,1",,,"4,000",,"0060,9",,,,,"7,1,022,1,+999,9",,"4,99,0072,1","SYN017333   91114 94010",
"07173099999","1990-03-31T18:00:00","4","48.2","6.4333333","320.0","EPINAL DOGNEVILLE, FR","FM-12","99999","V020","040,1,N,0021,1","99999,9,9,N","999999,9,N,9","+0145,1","+0042,1","10280,1","06,0000,9,1",,,"4,000",,"0012,9",,"999,M,+0182,1",,,"7,1,003,1,+999,9",,"4,99,0041,1","SYN023333   10182 91108 94002",
"07173099999","1990-03-31T21:00:00","4","48.2","6.4333333","320.0","EPINAL DOGNEVILLE, FR","FM-12","99999","V020","050,1,N,0010,1","99999,9,9,N","999999,9,N,9","+0087,1","+0033,1","10285,1","06,0000,9,1",,,"4,000",,"0000,9",,,,,"7,1,002,1,+999,9",,"4,99,0031,1","SYN017333   91106 94000",
"07173099999","1990-04-01T00:00:00","4","48.2","6.4333333","320.0","EPINAL DOGNEVILLE, FR","FM-12","99999","V020","999,1,C,0000,1","99999,9,9,N","999999,9,N,9","+0030,1","+0012,1","10286,1","06,0000,9,1",,,"4,000",,"0000,9",,,,,"7,1,008,1,+999,9",,"4,99,0021,1","SYN017333   91104 94000",
"07173099999","1990-04-01T03:00:00","4","48.2","6.4333333","320.0","EPINAL DOGNEVILLE, FR","FM-12","99999","V020","090,1,N,0010,1","99999,9,9,N","999999,9,N,9","+0009,1","-0002,1","10282,1","06,0000,9,1",,,"4,000",,"0000,9",,,,,"7,1,007,1,+999,9",,"4,99,0021,1","SYN017333   91104 94000",
"07173099999","1990-04-01T06:00:00","4","48.2","6.4333333","320.0","EPINAL DOGNEVILLE, FR","FM-12","99999","V020","999,1,C,0000,1","99999,9,9,N","999999,9,N,9","+0008,1","-0002,1","10276,1","06,0000,9,1",,,"4,000",,"0516,9","999,-0050,9","999,N,+0004,1",,,"7,1,006,1,+999,9",,"4,99,0021,1","SYN029333   20004 3/105 91104 94086",
"07173099999","1990-04-01T09:00:00","4","48.2","6.4333333","320.0","EPINAL DOGNEVILLE, FR","FM-12","99999","V020","210,1,N,0010,1","99999,9,9,N","999999,9,N,9","+0129,1","+0058,1","10253,1","06,0000,9,1",,,"4,000",,"0060,9",,,,,"7,1,005,1,+999,9",,"4,99,0021,1","SYN017333   91104 94010",
"07173099999","1990-04-01T12:00:00","4","48.2","6.4333333","320.0","EPINAL DOGNEVILLE, FR","FM-12","99999","V020","220,1,N,0031,1","99999,9,9,N","999999,9,N,9","+0176,1","+0035,1","10228,1","06,0000,9,1",,,"4,000",,"0060,9",,,,,"7,1,018,1,+999,9",,"4,99,0051,1","SYN017333   91110 94010",
"07173099999","1990-04-01T15:00:00","4","48.2","6.4333333","320.0","EPINAL DOGNEVILLE, FR","FM-12","99999","V020","999,1,C,0000,1","99999,9,9,N","999999,9,N,9","+0194,1","-0001,1","10192,1","06,0000,9,1",,,"4,000",,"0060,9",,,,,"7,1,033,1,+999,9",,"4,99,0031,1","SYN017333   91106 94010",
"07173099999","1990-04-01T18:00:00","4","48.2","6.4333333","320.0","EPINAL DOGNEVILLE, FR","FM-12","99999","V020","050,1,N,0010,1","99999,9,9,N","999999,9,N,9","+0145,1","+0042,1","10180,1","06,0000,9,1",,,"4,000",,"0036,9",,"999,M,+0196,1",,,"7,1,017,1,+999,9",,"4,99,0021,1","SYN023333   10196 91104 94006",
"07173099999","1990-04-01T21:00:00","4","48.2","6.4333333","320.0","EPINAL DOGNEVILLE, FR","FM-12","99999","V020","080,1,N,0010,1","99999,9,9,N","999999,9,N,9","+0073,1","+0034,1","10190,1","06,0000,9,1",,,"4,000",,"0000,9",,,,,"7,1,001,1,+999,9",,"4,99,0021,1","SYN017333   91104 94000",
"07173099999","1990-04-02T00:00:00","4","48.2","6.4333333","320.0","EPINAL DOGNEVILLE, FR","FM-12","99999","V020","150,1,N,0021,1","99999,9,9,N","999999,9,N,9","+0056,1","+0034,1","10179,1","06,0000,9,1",,,"4,000",,"0000,9",,,,,"7,1,012,1,+999,9",,"4,99,0031,1","SYN017333   91106 94000",
"07173099999","1990-04-02T03:00:00","4","48.2","6.4333333","320.0","EPINAL DOGNEVILLE, FR","FM-12","99999","V020","160,1,N,0010,1","99999,9,9,N","999999,9,N,9","+0067,1","+0030,1","10158,1","06,0000,9,1",,,"4,000",,"0000,9",,,,,"7,1,019,1,+999,9",,"4,99,0021,1","SYN017333   91104 94000",
"07173099999","1990-04-02T06:00:00","4","48.2","6.4333333","320.0","EPINAL DOGNEVILLE, FR","FM-12","99999","V020","090,1,N,0021,1","99999,9,9,N","999999,9,N,9","+0083,1","+0025,1","10144,1","06,0000,9,1",,,"4,000",,"0696,9","999,-0010,9","999,N,+0053,1",,,"7,1,011,1,+999,9",,"4,99,0051,1","SYN029333   20053 3/101 91110 94116",
"07173099999","1990-04-02T09:00:00","4","48.2","6.4333333","320.0","EPINAL DOGNEVILLE, FR","FM-12","99999","V020","170,1,N,0062,1","99999,9,9,N","999999,9,N,9","+0132,1","+0012,1","10118,1","06,0000,9,1",,,"4,000",,"0018,9",,,,,"7,1,019,1,+999,9",,"4,99,0098,1","SYN017333   91119 94003",
"07173099999","1990-04-02T12:00:00","4","48.2","6.4333333","320.0","EPINAL DOGNEVILLE, FR","FM-12","99999","V020","160,1,N,0041,1","99999,9,9,N","999999,9,N,9","+0155,1","+0016,1","10088,1","06,0000,9,1",,,"4,000",,"0000,9",,,,,"7,1,026,1,+999,9",,"4,99,0082,1","SYN017333   91116 94000",
"07173099999","1990-04-02T15:00:00","4","48.2","6.4333333","320.0","EPINAL DOGNEVILLE, FR","FM-12","99999","V020","180,1,N,0051,1","99999,9,9,N","999999,9,N,9","+0171,1","+0003,1","10058,1","06,0000,9,1",,,"4,000",,"0024,9",,,,,"7,1,027,1,+999,9",,"4,99,0098,1","SYN017333   91119 94004",
"07173099999","1990-04-02T18:00:00","4","48.2","6.4333333","320.0","EPINAL DOGNEVILLE, FR","FM-12","99999","V020","150,1,N,0021,1","99999,9,9,N","999999,9,N,9","+0146,1","+0025,1","10047,1","06,0000,9,1",,,"4,000",,"0000,9",,"999,M,+0184,1",,,"7,1,014,1,+999,9",,"4,99,0031,1","SYN023333   10184 91106 94000",
"07173099999","1990-04-02T21:00:00","4","48.2","6.4333333","320.0","EPINAL DOGNEVILLE, FR","FM-12","99999","V020","130,1,N,0010,1","99999,9,9,N","999999,9,N,9","+0123,1","+0033,1","10041,1","06,0000,9,1",,,"4,000",,"0000,9",,,,,"7,1,008,1,+999,9",,"4,99,0021,1","SYN017333   91104 94000",
"07173099999","1990-04-03T00:00:00","4","48.2","6.4333333","320.0","EPINAL DOGNEVILLE, FR","FM-12","99999","V020","160,1,N,0051,1","99999,9,9,N","999999,9,N,9","+0138,1","+0008,1","10033,1","06,0000,9,1",,,"4,000",,"0000,9",,,,,"7,1,006,1,+999,9",,"4,99,0082,1","SYN017333   91116 94000",
"07173099999","1990-04-03T03:00:00","4","48.2","6.4333333","320.0","EPINAL DOGNEVILLE, FR","FM-12","99999","V020","150,1,N,0062,1","99999,9,9,N","999999,9,N,9","+0119,1","+0021,1","10025,1","06,0000,9,1",,,"4,000",,"0000,9",,,,,"7,1,010,1,+999,9",,"4,99,0088,1","SYN017333   91117 94000",
"07173099999","1990-04-03T06:00:00","4","48.2","6.4333333","320.0","EPINAL DOGNEVILLE, FR","FM-12","99999","V020","140,1,N,0041,1","99999,9,9,N","999999,9,N,9","+0106,1","+0043,1","10023,1","99,9999,2,9",,,"0,000",,"0180,9","999,+0060,9","999,N,+0099,1",,,"7,1,003,1,+999,9",,"4,99,0082,1","SYN029333   20099 3/006 91116 94030",
"07173099999","1990-04-03T09:00:00","4","48.2","6.4333333","320.0","EPINAL DOGNEVILLE, FR","FM-12","99999","V020","150,1,N,0062,1","99999,9,9,N","999999,9,N,9","+0102,1","+0064,1","10026,1","06,0000,9,1",,,"4,000",,"0000,9",,,,,"2,1,002,1,+999,9",,"4,99,0088,1","SYN017333   91117 94000",
"07173099999","1990-04-03T12:00:00","4","48.2","6.4333333","320.0","EPINAL DOGNEVILLE, FR","FM-12","99999","V020","250,1,N,0062,1","99999,9,9,N","999999,9,N,9","+0073,1","+0048,1","10051,1","06,0030,9,1",,,"0,000","4,1,06,1","0000,9",,,,,"2,1,020,1,+999,9","41,1","4,99,0088,1","SYN017333   91117 94000",
"07173099999","1990-04-03T15:00:00","4","48.2","6.4333333","320.0","EPINAL DOGNEVILLE, FR","FM-12","99999","V020","260,1,N,0031,1","99999,9,9,N","999999,9,N,9","+0057,1","+0018,1","10082,1","06,0000,9,1",,,"4,000",,"0000,9",,,,,"2,1,028,1,+999,9",,"4,99,0072,1","SYN017333   91114 94000",
"07173099999","1990-04-03T18:00:00","4","48.2","6.4333333","320.0","EPINAL DOGNEVILLE, FR","FM-12","99999","V020","230,1,N,0031,1","99999,9,9,N","999999,9,N,9","+0060,1","+0001,1","10108,1","99,0070,9,1",,,"0,000",,"0000,9",,"999,M,+0118,1",,,"2,1,025,1,+999,9",,"4,99,0062,1","SYN023333   10118 91112 94000",
"07173099999","1990-04-03T21:00:00","4","48.2","6.4333333","320.0","EPINAL DOGNEVILLE, FR","FM-12","99999","V020","190,1,N,0031,1","99999,9,9,N","999999,9,N,9","+0040,1","-0020,1","10138,1","06,0000,9,1",,,"4,000",,"0000,9",,,,,"2,1,026,1,+999,9",,"4,99,0041,1","SYN017333   91108 94000",
"07173099999","1990-04-04T00:00:00","4","48.2","6.4333333","320.0","EPINAL DOGNEVILLE, FR","FM-12","99999","V020","160,1,N,0021,1","99999,9,9,N","999999,9,N,9","+0021,1","-0026,1","10147,1","06,0000,9,1",,,"4,000",,"0000,9",,,,,"2,1,006,1,+999,9",,"4,99,0041,1","SYN017333   91108 94000",
"07173099999","1990-04-04T03:00:00","4","48.2","6.4333333","320.0","EPINAL DOGNEVILLE, FR","FM-12","99999","V020","180,1,N,0031,1","99999,9,9,N","999999,9,N,9","+0025,1","-0026,1","10150,1","06,0000,9,1",,,"4,000",,"0000,9",,,,,"2,1,004,1,+999,9",,"4,99,0051,1","SYN017333   91110 94000",
"07173099999","1990-04-04T06:00:00","4","48.2","6.4333333","320.0","EPINAL DOGNEVILLE, FR","FM-12","99999","V020","120,1,N,0010,1","99999,9,9,N","999999,9,N,9","+0005,1","-0025,1","10165,1","06,0000,9,1",,,"4,000",,"0000,9","999,-0030,9","999,N,+0001,1",,,"2,1,011,1,+999,9",,"4,99,0031,1","SYN029333   20001 3/103 91106 94000",
"07173099999","1990-04-04T09:00:00","4","48.2","6.4333333","320.0","EPINAL DOGNEVILLE, FR","FM-12","99999","V020","210,1,N,0041,1","99999,9,9,N","999999,9,N,9","+0061,1","-0022,1","10169,1","06,0000,9,1",,,"4,000",,"0054,9",,,,,"2,1,011,1,+999,9",,"4,99,0072,1","SYN017333   91114 94009",
"07173099999","1990-04-04T12:00:00","4","48.2","6.4333333","320.0","EPINAL DOGNEVILLE, FR","FM-12","99999","V020","200,1,N,0031,1","99999,9,9,N","999999,9,N,9","+0086,1","-0052,1","10163,1","06,0000,9,1",,,"4,000",,"0042,9",,,,,"7,1,002,1,+999,9",,"4,99,0062,1","SYN017333   91112 94007",
"07173099999","1990-04-04T15:00:00","4","48.2","6.4333333","320.0","EPINAL DOGNEVILLE, FR","FM-12","99999","V020","220,1,N,0031,1","99999,9,9,N","999999,9,N,9","+0089,1","-0073,1","10156,1","06,0000,9,1",,,"4,000",,"0042,9",,,,,"7,1,006,1,+999,9",,"4,99,0062,1","SYN017333   91112 94007",
"07173099999","1990-04-04T18:00:00","4","48.2","6.4333333","320.0","EPINAL DOGNEVILLE, FR","FM-12","99999","V020","300,1,N,0021,1","99999,9,9,N","999999,9,N,9","+0068,1","-0046,1","10164,1","06,0000,9,1",,,"4,000",,"0030,9",,"999,M,+0099,1",,,"2,1,005,1,+999,9",,"4,99,0041,1","SYN023333   10099 91108 94005",
"07173099999","1990-04-04T21:00:00","4","48.2","6.4333333","320.0","EPINAL DOGNEVILLE, FR","FM-12","99999","V020","999,1,C,0000,1","99999,9,9,N","999999,9,N,9","+0039,1","-0021,1","10184,1","06,0000,9,1",,,"4,000",,"0000,9",,,,,"2,1,015,1,+999,9",,"4,99,0021,1","SYN017333   91104 94000",
"07173099999","1990-04-05T00:00:00","4","48.2","6.4333333","320.0","EPINAL DOGNEVILLE, FR","FM-12","99999","V020","310,1,N,0021,1","99999,9,9,N","999999,9,N,9","+0024,1","-0014,1","10184,1","06,0000,9,1",,,"4,000",,"0000,9",,,,,"7,1,002,1,+999,9",,"4,99,0031,1","SYN017333   91106 94000",
"07173099999","1990-04-05T03:00:00","4","48.2","6.4333333","320.0","EPINAL DOGNEVILLE, FR","FM-12","99999","V020","999,1,C,0000,1","99999,9,9,N","999999,9,N,9","+0007,1","-0018,1","10181,1","06,0000,9,1",,,"4,000",,"0000,9",,,,,"7,1,005,1,+999,9",,"4,99,0021,1","SYN017333   91104 94000",
"07173099999","1990-04-05T06:00:00","4","48.2","6.4333333","320.0","EPINAL DOGNEVILLE, FR","FM-12","99999","V020","320,1,N,0010,1","99999,9,9,N","999999,9,N,9","-0004,1","-0021,1","10184,1","06,0000,9,1",,,"4,000",,"0576,9","999,-0040,9","999,N,-0007,1",,,"2,1,001,1,+999,9",,"4,99,0021,1","SYN029333   21007 3/104 91104 94096",
"07173099999","1990-04-05T09:00:00","4","48.2","6.4333333","320.0","EPINAL DOGNEVILLE, FR","FM-12","99999","V020","330,1,N,0031,1","99999,9,9,N","999999,9,N,9","+0048,1","-0002,1","10178,1","06,0000,9,1",,,"4,000",,"0060,9",,,,,"2,1,001,1,+999,9",,"4,99,0041,1","SYN017333   91108 94010",
"07173099999","1990-04-05T12:00:00","4","48.2","6.4333333","320.0","EPINAL DOGNEVILLE, FR","FM-12","99999","V020","340,1,N,0031,1","99999,9,9,N","999999,9,N,9","+0098,1","-0019,1","10154,1","06,0000,9,1",,,"4,000",,"0054,9",,,,,"7,1,016,1,+999,9",,"4,99,0062,1","SYN017333   91112 94009",
"07173099999","1990-04-05T15:00:00","4","48.2","6.4333333","320.0","EPINAL DOGNEVILLE, FR","FM-12","99999","V020","320,1,N,0051,1","99999,9,9,N","999999,9,N,9","+0093,1","-0020,1","10137,1","06,0000,9,1",,,"4,000",,"0000,9",,,,,"7,1,017,1,+999,9",,"4,99,0072,1","SYN017333   91114 94000",
"07173099999","1990-04-05T18:00:00","4","48.2","6.4333333","320.0","EPINAL DOGNEVILLE, FR","FM-12","99999","V020","340,1,N,0021,1","99999,9,9,N","999999,9,N,9","+0075,1","-0025,1","10139,1","06,0000,9,1",,,"4,000",,"0000,9",,"999,M,+0100,1",,,"7,1,001,1,+999,9",,"4,99,0041,1","SYN023333   10100 91108 94000",
"07173099999","1990-04-05T21:00:00","4","48.2","6.4333333","320.0","EPINAL DOGNEVILLE, FR","FM-12","99999","V020","020,1,N,0021,1","99999,9,9,N","999999,9,N,9","+0061,1","-0004,1","10139,1","06,0000,9,1",,,"4,000",,"0000,9",,,,,"7,1,001,1,+999,9",,"4,99,0031,1","SYN017333   91106 94000",
"07173099999","1990-04-06T00:00:00","4","48.2","6.4333333","320.0","EPINAL DOGNEVILLE, FR","FM-12","99999","V020","010,1,N,0021,1","99999,9,9,N","999999,9,N,9","+0050,1","+0011,1","10132,1","06,0000,9,1",,,"4,000",,"0000,9",,,,,"7,1,008,1,+999,9",,"4,99,0031,1","SYN017333   91106 94000",
"07173099999","1990-04-06T03:00:00","4","48.2","6.4333333","320.0","EPINAL DOGNEVILLE, FR","FM-12","99999","V020","020,1,N,0010,1","99999,9,9,N","999999,9,N,9","+0043,1","+0017,1","10115,1","06,0000,9,1",,,"4,000",,"0000,9",,,,,"7,1,018,1,+999,9",,"4,99,0041,1","SYN017333   91108 94000",
"07173099999","1990-04-06T06:00:00","4","48.2","6.4333333","320.0","EPINAL DOGNEVILLE, FR","FM-12","99999","V020","360,1,N,0021,1","99999,9,9,N","999999,9,N,9","+0041,1","+0011,1","10101,1","99,9999,2,9",,,"0,000",,"0312,9","999,+0020,9","999,N,+0038,1",,,"7,1,013,1,+999,9",,"4,99,0041,1","SYN029333   20038 3/002 91108 94052",
"07173099999","1990-04-06T09:00:00","4","48.2","6.4333333","320.0","EPINAL DOGNEVILLE, FR","FM-12","99999","V020","020,1,N,0031,1","99999,9,9,N","999999,9,N,9","+0063,1","+0016,1","10086,1","06,0000,9,1",,,"4,000",,"0000,9",,,,,"7,1,012,1,+999,9",,"4,99,0072,1","SYN017333   91114 94000",
"07173099999","1990-04-06T12:00:00","4","48.2","6.4333333","320.0","EPINAL DOGNEVILLE, FR","FM-12","99999","V020","350,1,N,0041,1","99999,9,9,N","999999,9,N,9","+0077,1","+0020,1","10071,1","06,0000,9,1",,,"4,000",,"0000,9",,,,,"7,1,013,1,+999,9",,"4,99,0072,1","SYN017333   91114 94000",
"07173099999","1990-04-06T15:00:00","4","48.2","6.4333333","320.0","EPINAL DOGNEVILLE, FR","FM-12","99999","V020","360,1,N,0041,1","99999,9,9,N","999999,9,N,9","+0074,1","+0040,1","10063,1","99,0003,9,1",,,"0,000","4,1,03,1","0000,9",,,,,"7,1,007,1,+999,9","21,1","4,99,0082,1","SYN017333   91116 94000",
"07173099999","1990-04-06T18:00:00","4","48.2","6.4333333","320.0","EPINAL DOGNEVILLE, FR","FM-12","99999","V020","020,1,N,0031,1","99999,9,9,N","999999,9,N,9","+0069,1","+0026,1","10056,1","99,0005,9,1",,,"0,000",,"0000,9",,"999,M,+0080,1",,,"7,1,008,1,+999,9",,"4,99,0072,1","SYN023333   10080 91114 94000",
"07173099999","1990-04-06T21:00:00","4","48.2","6.4333333","320.0","EPINAL DOGNEVILLE, FR","FM-12","99999","V020","010,1,N,0021,1","99999,9,9,N","999999,9,N,9","+0064,1","+0027,1","10062,1","06,0000,9,1",,,"4,000",,"0000,9",,,,,"2,1,005,1,+999,9",,"4,99,0051,1","SYN017333   91110 94000",
"07173099999","1990-04-07T00:00:00","4","48.2","6.4333333","320.0","EPINAL DOGNEVILLE, FR","FM-12","99999","V020","340,1,N,0031,1","99999,9,9,N","999999,9,N,9","+0059,1","+0024,1","10055,1","06,0000,9,1",,,"4,000",,"0000,9",,,,,"7,1,007,1,+999,9",,"4,99,0041,1","SYN017333   91108 94000",
"07173099999","1990-04-07T03:00:00","4","48.2","6.4333333","320.0","EPINAL DOGNEVILLE, FR","FM-12","99999","V020","330,1,N,0010,1","99999,9,9,N","999999,9,N,9","+0057,1","+0025,1","10047,1","06,0000,9,1",,,"4,000",,"0000,9",,,,,"7,1,008,1,+999,9",,"4,99,0021,1","SYN017333   91104 94000",
"07173099999","1990-04-07T06:00:00","4","48.2","6.4333333","320.0","EPINAL DOGNEVILLE, FR","FM-12","99999","V020","360,1,N,0010,1","99999,9,9,N","999999,9,N,9","+0057,1","+0027,1","10051,1","06,0000,9,1",,,"4,000",,"0000,9","999,+0050,9","999,N,+0056,1",,,"2,1,004,1,+999,9",,"4,99,0031,1","SYN029333   20056 3/005 91106 94000",
"07173099999","1990-04-07T09:00:00","4","48.2","6.4333333","320.0","EPINAL DOGNEVILLE, FR","FM-12","99999","V020","350,1,N,0041,1","99999,9,9,N","999999,9,N,9","+0084,1","+0037,1","10052,1","06,0000,9,1",,,"4,000",,"0000,9",,,,,"2,1,005,1,+999,9",,"4,99,0072,1","SYN017333   91114 94000",
"07173099999","1990-04-07T12:00:00","4","48.2","6.4333333","320.0","EPINAL DOGNEVILLE, FR","FM-12","99999","V020","340,1,N,0062,1","99999,9,9,N","999999,9,N,9","+0091,1","+0033,1","10062,1","06,0000,9,1",,,"4,000",,"0000,9",,,,,"2,1,010,1,+999,9",,"4,99,0098,1","SYN017333   91119 94000",
"07173099999","1990-04-07T15:00:00","4","48.2","6.4333333","320.0","EPINAL DOGNEVILLE, FR","FM-12","99999","V020","360,1,N,0031,1","99999,9,9,N","999999,9,N,9","+0093,1","+0029,1","10070,1","06,0000,9,1",,,"4,000",,"0000,9",,,,,"2,1,008,1,+999,9",,"4,99,0062,1","SYN017333   91112 94000",
"07173099999","1990-04-07T18:00:00","4","48.2","6.4333333","320.0","EPINAL DOGNEVILLE, FR","FM-12","99999","V020","330,1,N,0031,1","99999,9,9,N","999999,9,N,9","+0069,1","+0028,1","10093,1","99,0003,9,1",,,"0,000","4,1,06,1","0000,9",,"999,M,+0096,1",,,"2,1,019,1,+999,9","21,1","4,99,0051,1","SYN023333   10096 91110 94000",
"07173099999","1990-04-07T21:00:00","4","48.2","6.4333333","320.0","EPINAL DOGNEVILLE, FR","FM-12","99999","V020","360,1,N,0021,1","99999,9,9,N","999999,9,N,9","+0053,1","+0007,1","10116,1","06,0000,9,1",,,"4,000",,"0000,9",,,,,"2,1,020,1,+999,9",,"4,99,0051,1","SYN017333   91110 94000",
"07173099999","1990-04-08T00:00:00","4","48.2","6.4333333","320.0","EPINAL DOGNEVILLE, FR","FM-12","99999","V020","340,1,N,0031,1","99999,9,9,N","999999,9,N,9","+0050,1","+0004,1","10124,1","06,0000,9,1",,,"4,000",,"0000,9",,,,,"2,1,007,1,+999,9",,"4,99,0051,1","SYN017333   91110 94000",
"07173099999","1990-04-08T03:00:00","4","48.2","6.4333333","320.0","EPINAL DOGNEVILLE, FR","FM-12","99999","V020","350,1,N,0031,1","99999,9,9,N","999999,9,N,9","+0043,1","+0003,1","10129,1","06,0000,9,1",,,"4,000",,"0000,9",,,,,"2,1,004,1,+999,9",,"4,99,0072,1","SYN017333   91114 94000",
"07173099999","1990-04-08T06:00:00","4","48.2","6.4333333","320.0","EPINAL DOGNEVILLE, FR","FM-12","99999","V020","340,1,N,0031,1","99999,9,9,N","999999,9,N,9","+0041,1","+0001,1","10137,1","06,0000,9,1",,,"4,000",,"0000,9","999,+0030,9","999,N,+0040,1",,,"2,1,007,1,+999,9",,"4,99,0051,1","SYN029333   20040 3/003 91110 94000",
"07173099999","1990-04-08T09:00:00","4","48.2","6.4333333","320.0","EPINAL DOGNEVILLE, FR","FM-12","99999","V020","010,1,N,0051,1","99999,9,9,N","999999,9,N,9","+0060,1","-0007,1","10146,1","06,0000,9,1",,,"4,000",,"0000,9",,,,,"2,1,011,1,+999,9",,"4,99,0098,1","SYN017333   91119 94000",
"07173099999","1990-04-08T12:00:00","4","48.2","6.4333333","320.0","EPINAL DOGNEVILLE, FR","FM-12","99999","V020","030,1,N,0041,1","99999,9,9,N","999999,9,N,9","+0066,1","-0008,1","10149,1","06,0000,9,1",,,"4,000",,"0000,9",,,,,"2,1,004,1,+999,9",,"4,99,0082,1","SYN017333   91116 94000",
"07173099999","1990-04-08T15:00:00","4","48.2","6.4333333","320.0","EPINAL DOGNEVILLE, FR","FM-12","99999","V020","360,1,N,0041,1","99999,9,9,N","999999,9,N,9","+0062,1","-0010,1","10146,1","06,0000,9,1",,,"4,000",,"0000,9",,,,,"7,1,003,1,+999,9",,"4,99,0082,1","SYN017333   91116 94000",
"07173099999","1990-04-08T18:00:00","4","48.2","6.4333333","320.0","EPINAL DOGNEVILLE, FR","FM-12","99999","V020","350,1,N,0041,1","99999,9,9,N","999999,9,N,9","+0044,1","+0004,1","10152,1","06,0000,9,1",,,"4,000",,"0000,9",,"999,M,+0067,1",,,"2,1,003,1,+999,9",,"4,99,0072,1","SYN023333   10067 91114 94000",
"07173099999","1990-04-08T21:00:00","4","48.2","6.4333333","320.0","EPINAL DOGNEVILLE, FR","FM-12","99999","V020","340,1,N,0041,1","99999,9,9,N","999999,9,N,9","+0034,1","+0006,1","10149,1","06,0000,9,1",,,"4,000",,"0000,9",,,,,"7,1,004,1,+999,9",,"4,99,0072,1","SYN017333   91114 94000",
"07173099999","1990-04-09T00:00:00","4","48.2","6.4333333","320.0","EPINAL DOGNEVILLE, FR","FM-12","99999","V020","340,1,N,0051,1","99999,9,9,N","999999,9,N,9","+0033,1","+0004,1","10134,1","06,0000,9,1",,,"4,000",,"0000,9",,,,,"7,1,015,1,+999,9",,"4,99,0072,1","SYN017333   91114 94000",
"07173099999","1990-04-09T06:00:00","4","48.2","6.4333333","320.0","EPINAL DOGNEVILLE, FR","FM-12","99999","V020","350,1,N,0031,1","99999,9,9,N","999999,9,N,9","+0026,1","-0044,1","10116,1","06,0000,9,1",,,"4,000",,"0000,9","999,+0020,9","999,N,+0026,1",,,"7,1,006,1,+999,9",,"4,99,0062,1","SYN029333   20026 3/002 91112 94000",
"07173099999","1990-04-09T09:00:00","4","48.2","6.4333333","320.0","EPINAL DOGNEVILLE, FR","FM-12","99999","V020","360,1,N,0062,1","99999,9,9,N","999999,9,N,9","+0041,1","-0046,1","10111,1","06,0000,9,1",,,"4,000",,"0030,9",,,,,"7,1,003,1,+999,9",,"4,99,0108,1","SYN017333   91121 94005",
"07173099999","1990-04-09T12:00:00","4","48.2","6.4333333","320.0","EPINAL DOGNEVILLE, FR","FM-12","99999","V020","010,1,N,0031,1","99999,9,9,N","999999,9,N,9","+0061,1","-0041,1","10112,1","06,0000,9,1",,,"4,000",,"0000,9",,,,,"2,1,004,1,+999,9",,"4,99,0072,1","SYN017333   91114 94000",
"07173099999","1990-04-09T15:00:00","4","48.2","6.4333333","320.0","EPINAL DOGNEVILLE, FR","FM-12","99999","V020","020,1,N,0031,1","99999,9,9,N","999999,9,N,9","+0068,1","-0040,1","10105,1","06,0000,9,1",,,"4,000",,"0006,9",,,,,"7,1,006,1,+999,9",,"4,99,0072,1","SYN017333   91114 94001",
"07173099999","1990-04-09T18:00:00","4","48.2","6.4333333","320.0","EPINAL DOGNEVILLE, FR","FM-12","99999","V020","350,1,N,0031,1","99999,9,9,N","999999,9,N,9","+0046,1","-0054,1","10116,1","06,0000,9,1",,,"4,000",,"0000,9",,"999,M,+0072,1",,,"2,1,007,1,+999,9",,"4,99,0051,1","SYN023333   10072 91110 94000",
"07173099999","1990-04-09T21:00:00","4","48.2","6.4333333","320.0","EPINAL DOGNEVILLE, FR","FM-12","99999","V020","340,1,N,0010,1","99999,9,9,N","999999,9,N,9","+0039,1","-0043,1","10128,1","06,0000,9,1",,,"4,000",,"0000,9",,,,,"2,1,011,1,+999,9",,"4,99,0031,1","SYN017333   91106 94000",
"07173099999","1990-04-10T00:00:00","4","48.2","6.4333333","320.0","EPINAL DOGNEVILLE, FR","FM-12","99999","V020","080,1,N,0010,1","99999,9,9,N","999999,9,N,9","+0007,1","-0034,1","10129,1","06,0000,9,1",,,"4,000",,"0000,9",,,,,"7,1,003,1,+999,9",,"4,99,0021,1","SYN017333   91104 94000",
"07173099999","1990-04-10T03:00:00","4","48.2","6.4333333","320.0","EPINAL DOGNEVILLE, FR","FM-12","99999","V020","999,1,C,0000,1","99999,9,9,N","999999,9,N,9","+0004,1","-0025,1","10131,1","06,0000,9,1",,,"4,000",,"0000,9",,,,,"2,1,001,1,+999,9",,"4,99,0010,1","SYN017333   91102 94000",
"07173099999","1990-04-10T06:00:00","4","48.2","6.4333333","320.0","EPINAL DOGNEVILLE, FR","FM-12","99999","V020","999,1,C,0000,1","99999,9,9,N","999999,9,N,9","-0009,1","-0036,1","10144,1","06,0000,9,1",,,"4,000",,"0054,9","999,-0070,9","999,N,-0012,1",,,"2,1,011,1,+999,9",,"4,99,0010,1","SYN029333   21012 3/107 91102 94009",
"07173099999","1990-04-10T09:00:00","4","48.2","6.4333333","320.0","EPINAL DOGNEVILLE, FR","FM-12","99999","V020","350,1,N,0021,1","99999,9,9,N","999999,9,N,9","+0068,1","-0049,1","10145,1","06,0000,9,1",,,"4,000",,"0060,9",,,,,"2,1,011,1,+999,9",,"4,99,0051,1","SYN017333   91110 94010",
"07173099999","1990-04-10T12:00:00","4","48.2","6.4333333","320.0","EPINAL DOGNEVILLE, FR","FM-12","99999","V020","300,1,N,0031,1","99999,9,9,N","999999,9,N,9","+0103,1","-0088,1","10131,1","06,0000,9,1",,,"4,000",,"0060,9",,,,,"7,1,008,1,+999,9",,"4,99,0062,1","SYN017333   91112 94010",
"07173099999","1990-04-10T15:00:00","4","48.2","6.4333333","320.0","EPINAL DOGNEVILLE, FR","FM-12","99999","V020","290,1,N,0031,1","99999,9,9,N","999999,9,N,9","+0119,1","+9999,9","10118,1","06,0000,9,1",,,"4,000",,"0060,9",,,,,"7,1,011,1,+999,9",,"4,99,0062,1","SYN017333   91112 94010",
"07173099999","1990-04-10T18:00:00","4","48.2","6.4333333","320.0","EPINAL DOGNEVILLE, FR","FM-12","99999","V020","260,1,N,0031,1","99999,9,9,N","999999,9,N,9","+0092,1","-0114,1","10128,1","06,0000,9,1",,,"4,000",,"0036,9",,"999,M,+0122,1",,,"2,1,006,1,+999,9",,"4,99,0062,1","SYN023333   10122 91112 94006",
"07173099999","1990-04-10T21:00:00","4","48.2","6.4333333","320.0","EPINAL DOGNEVILLE, FR","FM-12","99999","V020","170,1,N,0021,1","99999,9,9,N","999999,9,N,9","+0049,1","-0089,1","10138,1","06,0000,9,1",,,"4,000",,"0000,9",,,,,"2,1,004,1,+999,9",,"4,99,0031,1","SYN017333   91106 94000",
"07173099999","1990-04-11T00:00:00","4","48.2","6.4333333","320.0","EPINAL DOGNEVILLE, FR","FM-12","99999","V020","160,1,N,0041,1","99999,9,9,N","999999,9,N,9","+0072,1","-0092,1","10120,1","06,0000,9,1",,,"4,000",,"0000,9",,,,,"7,1,015,1,+999,9",,"4,99,0062,1","SYN017333   91112 94000",
"07173099999","1990-04-11T03:00:00","4","48.2","6.4333333","320.0","EPINAL DOGNEVILLE, FR","FM-12","99999","V020","170,1,N,0041,1","99999,9,9,N","999999,9,N,9","+0066,1","-0031,1","10105,1","06,0000,9,1",,,"4,000",,"0000,9",,,,,"7,1,015,1,+999,9",,"4,99,0082,1","SYN017333   91116 94000",
"07173099999","1990-04-11T06:00:00","4","48.2","6.4333333","320.0","EPINAL DOGNEVILLE, FR","FM-12","99999","V020","160,1,N,0041,1","99999,9,9,N","999999,9,N,9","+0049,1","+0026,1","10107,1","99,0010,9,1",,,"0,000","4,1,06,1","0714,9","999,-0010,9","999,N,+0044,1",,,"2,1,001,1,+999,9","21,1","4,99,0072,1","SYN029333   20044 3/101 91114 94119",
"07173099999","1990-04-11T09:00:00","4","48.2","6.4333333","320.0","EPINAL DOGNEVILLE, FR","FM-12","99999","V020","290,1,N,0041,1","99999,9,9,N","999999,9,N,9","+0084,1","+0048,1","10119,1","06,0000,9,1",,,"4,000",,"0000,9",,,,,"2,1,016,1,+999,9",,"4,99,0062,1","SYN017333   91112 94000",
"07173099999","1990-04-11T12:00:00","4","48.2","6.4333333","320.0","EPINAL DOGNEVILLE, FR","FM-12","99999","V020","270,1,N,0072,1","99999,9,9,N","999999,9,N,9","+0100,1","+0003,1","10129,1","06,0010,9,1",,,"0,000",,"0018,9",,,,,"2,1,012,1,+999,9",,"4,99,0088,1","SYN017333   91117 94003",
"07173099999","1990-04-11T15:00:00","4","48.2","6.4333333","320.0","EPINAL DOGNEVILLE, FR","FM-12","99999","V020","290,1,N,0041,1","99999,9,9,N","999999,9,N,9","+0108,1","-0016,1","10134,1","06,0000,9,1",,,"4,000",,"0012,9",,,,,"2,1,006,1,+999,9",,"4,99,0088,1","SYN017333   91117 94002",
"07173099999","1990-04-11T18:00:00","4","48.2","6.4333333","320.0","EPINAL DOGNEVILLE, FR","FM-12","99999","V020","270,1,N,0031,1","99999,9,9,N","999999,9,N,9","+0094,1","-0005,1","10154,1","99,0010,9,1",,,"0,000",,"0000,9",,"999,M,+0113,1",,,"2,1,017,1,+999,9",,"4,99,0062,1","SYN023333   10113 91112 94000",
"07173099999","1990-04-11T21:00:00","4","48.2","6.4333333","320.0","EPINAL DOGNEVILLE, FR","FM-12","99999","V020","999,1,C,0000,1","99999,9,9,N","999999,9,N,9","+0072,1","+0006,1","10173,1","06,0000,9,1",,,"4,000",,"0000,9",,,,,"2,1,015,1,+999,9",,"4,99,0021,1","SYN017333   91104 94000",
"07173099999","1990-04-12T00:00:00","4","48.2","6.4333333","320.0","EPINAL DOGNEVILLE, FR","FM-12","99999","V020","290,1,N,0010,1","99999,9,9,N","999999,9,N,9","+0049,1","+0009,1","10183,1","06,0000,9,1",,,"4,000",,"0000,9",,,,,"2,1,007,1,+999,9",,"4,99,0031,1","SYN017333   91106 94000",
"07173099999","1990-04-12T03:00:00","4","48.2","6.4333333","320.0","EPINAL DOGNEVILLE, FR","FM-12","99999","V020","130,1,N,0010,1","99999,9,9,N","999999,9,N,9","+0031,1","+0005,1","10186,1","06,0000,9,1",,,"4,000",,"0000,9",,,,,"4,1,000,1,+999,9",,"4,99,0021,1","SYN017333   91104 94000",
"07173099999","1990-04-12T06:00:00","4","48.2","6.4333333","320.0","EPINAL DOGNEVILLE, FR","FM-12","99999","V020","999,1,C,0000,1","99999,9,9,N","999999,9,N,9","+0038,1","+0015,1","10192,1","06,0000,9,1",,,"4,000",,"0150,9","999,-0010,9","999,N,+0028,1",,,"2,1,007,1,+999,9",,"4,99,0010,1","SYN029333   20028 3/101 91102 94025",
"07173099999","1990-04-12T09:00:00","4","48.2","6.4333333","320.0","EPINAL DOGNEVILLE, FR","FM-12","99999","V020","150,1,N,0010,1","99999,9,9,N","999999,9,N,9","+0057,1","+0027,1","10200,1","99,0003,9,1",,,"0,000","4,1,03,1","0000,9",,,,,"2,1,010,1,+999,9","21,1","4,99,0021,1","SYN017333   91104 94000",
"07173099999","1990-04-12T12:00:00","4","48.2","6.4333333","320.0","EPINAL DOGNEVILLE, FR","FM-12","99999","V020","140,1,N,0031,1","99999,9,9,N","999999,9,N,9","+0064,1","+0034,1","10198,1","06,0003,9,1",,,"0,000",,"0000,9",,,,,"7,1,001,1,+999,9",,"4,99,0051,1","SYN017333   91110 94000",
"07173099999","1990-04-12T15:00:00","4","48.2","6.4333333","320.0","EPINAL DOGNEVILLE, FR","FM-12","99999","V020","150,1,N,0031,1","99999,9,9,N","999999,9,N,9","+0075,1","+0034,1","10189,1","06,0000,9,1",,,"4,000",,"0000,9",,,,,"7,1,007,1,+999,9",,"4,99,0062,1","SYN017333   91112 94000",
"07173099999","1990-04-12T18:00:00","4","48.2","6.4333333","320.0","EPINAL DOGNEVILLE, FR","FM-12","99999","V020","140,1,N,0021,1","99999,9,9,N","999999,9,N,9","+0067,1","+0040,1","10190,1","99,0010,9,1",,,"0,000","4,1,06,1","0000,9",,"999,M,+0076,1",,,"4,1,000,1,+999,9","21,1","4,99,0041,1","SYN023333   10076 91108 94000",
"07173099999","1990-04-12T21:00:00","4","48.2","6.4333333","320.0","EPINAL DOGNEVILLE, FR","FM-12","99999","V020","140,1,N,0010,1","99999,9,9,N","999999,9,N,9","+0062,1","+0044,1","10195,1","99,0005,9,1",,,"0,000","4,1,03,1","0000,9",,,,,"2,1,004,1,+999,9","21,1","4,99,0041,1","SYN017333   91108 94000",
"07173099999","1990-04-13T00:00:00","4","48.2","6.4333333","320.0","EPINAL DOGNEVILLE, FR","FM-12","99999","V020","140,1,N,0021,1","99999,9,9,N","999999,9,N,9","+0063,1","+0049,1","10187,1","06,0050,9,1",,,"0,000",,"0000,9",,,,,"7,1,008,1,+999,9",,"4,99,0041,1","SYN017333   91108 94000",
"07173099999","1990-04-13T03:00:00","4","48.2","6.4333333","320.0","EPINAL DOGNEVILLE, FR","FM-12","99999","V020","130,1,N,0021,1","99999,9,9,N","999999,9,N,9","+0066,1","+0052,1","10171,1","06,0000,9,1",,,"4,000",,"0000,9",,,,,"7,1,014,1,+999,9",,"4,99,0031,1","SYN017333   91106 94000",
"07173099999","1990-04-13T06:00:00","4","48.2","6.4333333","320.0","EPINAL DOGNEVILLE, FR","FM-12","99999","V020","180,1,N,0010,1","99999,9,9,N","999999,9,N,9","+0071,1","+0057,1","10169,1","99,0050,9,1",,,"0,000","4,1,06,1","0000,9","999,+0060,9","999,N,+0060,1",,,"7,1,002,1,+999,9","21,1","4,99,0031,1","SYN029333   20060 3/006 91106 94000",
"07173099999","1990-04-13T09:00:00","4","48.2","6.4333333","320.0","EPINAL DOGNEVILLE, FR","FM-12","99999","V020","160,1,N,0031,1","99999,9,9,N","999999,9,N,9","+0104,1","+0075,1","10154,1","06,0000,9,1",,,"4,000",,"0006,9",,,,,"7,1,009,1,+999,9",,"4,99,0062,1","SYN017333   91112 94001",
"07173099999","1990-04-13T15:00:00","4","48.2","6.4333333","320.0","EPINAL DOGNEVILLE, FR","FM-12","99999","V020","160,1,N,0062,1","99999,9,9,N","999999,9,N,9","+0132,1","+0059,1","10112,1","06,0000,9,1",,,"4,000",,"0012,9",,,,,"7,1,019,1,+999,9",,"4,99,0088,1","SYN017333   91117 94002",
"07173099999","1990-04-13T18:00:00","4","48.2","6.4333333","320.0","EPINAL DOGNEVILLE, FR","FM-12","99999","V020","150,1,N,0031,1","99999,9,9,N","999999,9,N,9","+0120,1","+0054,1","10106,1","06,0000,9,1",,,"4,000",,"0000,9",,"999,M,+0138,1",,,"7,1,008,1,+999,9",,"4,99,0051,1","SYN023333   10138 91110 94000",
"07173099999","1990-04-13T21:00:00","4","48.2","6.4333333","320.0","EPINAL DOGNEVILLE, FR","FM-12","99999","V020","120,1,N,0031,1","99999,9,9,N","999999,9,N,9","+0106,1","+0064,1","10103,1","99,0003,9,1",,,"0,000","4,1,03,1","0000,9",,,,,"7,1,004,1,+999,9","21,1","4,99,0051,1","SYN017333   91110 94000",
"07173099999","1990-04-14T00:00:00","4","48.2","6.4333333","320.0","EPINAL DOGNEVILLE, FR","FM-12","99999","V020","150,1,N,0051,1","99999,9,9,N","999999,9,N,9","+0107,1","+0059,1","10097,1","06,0005,9,1",,,"0,000",,"0000,9",,,,,"7,1,006,1,+999,9",,"4,99,0088,1","SYN017333   91117 94000",
"07173099999","1990-04-14T03:00:00","4","48.2","6.4333333","320.0","EPINAL DOGNEVILLE, FR","FM-12","99999","V020","130,1,N,0031,1","99999,9,9,N","999999,9,N,9","+0085,1","+0058,1","10095,1","99,0005,9,1",,,"0,000","4,1,03,1","0000,9",,,,,"7,1,005,1,+999,9","21,1","4,99,0051,1","SYN017333   91110 94000",
"07173099999","1990-04-14T06:00:00","4","48.2","6.4333333","320.0","EPINAL DOGNEVILLE, FR","FM-12","99999","V020","220,1,N,0041,1","99999,9,9,N","999999,9,N,9","+0053,1","+0027,1","10130,1","99,0020,9,1",,,"0,000","4,1,06,1","0042,9","999,+0050,9","999,N,+0053,1",,,"2,1,029,1,+999,9","41,1","4,99,0072,1","SYN029333   20053 3/005 91114 94007",
"07173099999","1990-04-14T09:00:00","4","48.2","6.4333333","320.0","EPINAL DOGNEVILLE, FR","FM-12","99999","V020","210,1,N,0041,1","99999,9,9,N","999999,9,N,9","+0056,1","+0013,1","10165,1","06,0000,9,1",,,"4,000",,"0000,9",,,,,"2,1,034,1,+999,9",,"4,99,0072,1","SYN017333   91114 94000",
"07173099999","1990-04-14T12:00:00","4","48.2","6.4333333","320.0","EPINAL DOGNEVILLE, FR","FM-12","99999","V020","180,1,N,0051,1","99999,9,9,N","999999,9,N,9","+0068,1","+0007,1","10167,1","06,0010,9,1",,,"0,000",,"0000,9",,,,,"2,1,004,1,+999,9",,"4,99,0082,1","SYN017333   91116 94000",
"07173099999","1990-04-14T15:00:00","4","48.2","6.4333333","320.0","EPINAL DOGNEVILLE, FR","FM-12","99999","V020","180,1,N,0041,1","99999,9,9,N","999999,9,N,9","+0085,1","-0005,1","10161,1","06,0000,9,1",,,"4,000",,"0024,9",,,,,"7,1,003,1,+999,9",,"4,99,0062,1","SYN017333   91112 94004",
"07173099999","1990-04-14T18:00:00","4","48.2","6.4333333","320.0","EPINAL DOGNEVILLE, FR","FM-12","99999","V020","140,1,N,0021,1","99999,9,9,N","999999,9,N,9","+0050,1","+0020,1","10166,1","99,0030,9,1",,,"0,000","4,1,06,1","0036,9",,"999,M,+0090,1",,,"7,1,001,1,+999,9","21,1","4,99,0031,1","SYN023333   10090 91106 94006",
"07173099999","1990-04-14T21:00:00","4","48.2","6.4333333","320.0","EPINAL DOGNEVILLE, FR","FM-12","99999","V020","130,1,N,0041,1","99999,9,9,N","999999,9,N,9","+0045,1","+0006,1","10154,1","06,0000,9,1",,,"4,000",,"0000,9",,,,,"7,1,012,1,+999,9",,"4,99,0062,1","SYN017333   91112 94000",
"07173099999","1990-04-15T00:00:00","4","48.2","6.4333333","320.0","EPINAL DOGNEVILLE, FR","FM-12","99999","V020","150,1,N,0062,1","99999,9,9,N","999999,9,N,9","+0054,1","+0006,1","10117,1","06,0000,9,1",,,"4,000",,"0000,9",,,,,"7,1,034,1,+999,9",,"4,99,0098,1","SYN017333   91119 94000",
"07173099999","1990-04-15T03:00:00","4","48.2","6.4333333","320.0","EPINAL DOGNEVILLE, FR","FM-12","99999","V020","150,1,N,0087,1","99999,9,9,N","999999,9,N,9","+0041,1","+0013,1","10074,1","99,0005,9,1",,,"0,000","4,1,03,1","0000,9",,,,,"7,1,043,1,+999,9","21,1","4,99,0160,1","SYN017333   91131 94000",
"07173099999","1990-04-15T06:00:00","4","48.2","6.4333333","320.0","EPINAL DOGNEVILLE, FR","FM-12","99999","V020","150,1,N,0072,1","99999,9,9,N","999999,9,N,9","+0043,1","+0023,1","10042,1","99,0090,9,1",,,"3,000","4,1,06,1","0096,9","999,+0020,9","999,N,+0034,1",,,"7,1,030,1,+999,9","41,1","4,99,0129,1","SYN029333   20034 3/002 91125 94016",
"07173099999","1990-04-15T09:00:00","4","48.2","6.4333333","320.0","EPINAL DOGNEVILLE, FR","FM-12","99999","V020","230,1,N,0062,1","99999,9,9,N","999999,9,N,9","+0060,1","+0037,1","10068,1","99,0030,9,1",,,"0,000","4,1,03,1","0000,9",,,,,"2,1,027,1,+999,9","41,1","4,99,0088,1","SYN017333   91117 94000",
"07173099999","1990-04-15T12:00:00","4","48.2","6.4333333","320.0","EPINAL DOGNEVILLE, FR","FM-12","99999","V020","250,1,N,0082,1","99999,9,9,N","999999,9,N,9","+0095,1","-0015,1","10103,1","06,0050,9,1",,,"0,000",,"0036,9",,,,,"2,1,038,1,+999,9",,"4,99,0118,1","SYN017333   91123 94006",
"07173099999","1990-04-15T15:00:00","4","48.2","6.4333333","320.0","EPINAL DOGNEVILLE, FR","FM-12","99999","V020","190,1,N,0051,1","99999,9,9,N","999999,9,N,9","+0084,1","+0016,1","10134,1","06,0000,9,1",,,"4,000",,"0036,9",,,,,"2,1,029,1,+999,9",,"4,99,0082,1","SYN017333   91116 94006",
"07173099999","1990-04-15T18:00:00","4","48.2","6.4333333","320.0","EPINAL DOGNEVILLE, FR","FM-12","99999","V020","230,1,N,0021,1","99999,9,9,N","999999,9,N,9","+0055,1","+0014,1","10166,1","99,0050,9,1",,,"0,000",,"0018,9",,"999,M,+0103,1",,,"2,1,026,1,+999,9",,"4,99,0041,1","SYN023333   10103 91108 94003",
"07173099999","1990-04-15T21:00:00","4","48.2","6.4333333","320.0","EPINAL DOGNEVILLE, FR","FM-12","99999","V020","190,1,N,0041,1","99999,9,9,N","999999,9,N,9","+0045,1","-0001,1","10187,1","06,0000,9,1",,,"4,000",,"0000,9",,,,,"2,1,019,1,+999,9",,"4,99,0062,1","SYN017333   91112 94000",
"07173099999","1990-04-16T00:00:00","4","48.2","6.4333333","320.0","EPINAL DOGNEVILLE, FR","FM-12","99999","V020","210,1,N,0031,1","99999,9,9,N","999999,9,N,9","+0039,1","+0011,1","10199,1","06,0005,9,1",,,"0,000","4,1,06,1","0000,9",,,,,"2,1,010,1,+999,9","41,1","4,99,0051,1","SYN017333   91110 94000",
"07173099999","1990-04-16T03:00:00","4","48.2","6.4333333","320.0","EPINAL DOGNEVILLE, FR","FM-12","99999","V020","170,1,N,0051,1","99999,9,9,N","999999,9,N,9","+0032,1","+0011,1","10198,1","06,0000,9,1",,,"4,000",,"0000,9",,,,,"7,1,001,1,+999,9",,"4,99,0072,1","SYN017333   91114 94000",
"07173099999","1990-04-16T06:00:00","4","48.2","6.4333333","320.0","EPINAL DOGNEVILLE, FR","FM-12","99999","V020","170,1,N,0041,1","99999,9,9,N","999999,9,N,9","+0037,1","+0016,1","10205,1","99,0010,9,1",,,"0,000",,"0240,9","999,+0010,9","999,N,+0027,1",,,"2,1,007,1,+999,9",,"4,99,0062,1","SYN029333   20027 3/001 91112 94040",
"07173099999","1990-04-16T09:00:00","4","48.2","6.4333333","320.0","EPINAL DOGNEVILLE, FR","FM-12","99999","V020","210,1,N,0041,1","99999,9,9,N","999999,9,N,9","+0062,1","+0023,1","10205,1","06,0000,9,1",,,"4,000",,"0006,9",,,,,"2,1,004,1,+999,9",,"4,99,0082,1","SYN017333   91116 94001",
"07173099999","1990-04-16T12:00:00","4","48.2","6.4333333","320.0","EPINAL DOGNEVILLE, FR","FM-12","99999","V020","210,1,N,0051,1","99999,9,9,N","999999,9,N,9","+0088,1","+0012,1","10194,1","06,0003,9,1",,,"0,000",,"0024,9",,,,,"7,1,007,1,+999,9",,"4,99,0088,1","SYN017333   91117 94004",
"07173099999","1990-04-16T15:00:00","4","48.2","6.4333333","320.0","EPINAL DOGNEVILLE, FR","FM-12","99999","V020","200,1,N,0031,1","99999,9,9,N","999999,9,N,9","+0097,1","+0011,1","10186,1","06,0000,9,1",,,"4,000",,"0012,9",,,,,"7,1,007,1,+999,9",,"4,99,0062,1","SYN017333   91112 94002",
"07173099999","1990-04-16T18:00:00","4","48.2","6.4333333","320.0","EPINAL DOGNEVILLE, FR","FM-12","99999","V020","160,1,N,0031,1","99999,9,9,N","999999,9,N,9","+0062,1","+0023,1","10198,1","99,0005,9,1",,,"0,000",,"0000,9",,"999,M,+0107,1",,,"2,1,007,1,+999,9",,"4,99,0051,1","SYN023333   10107 91110 94000",
"07173099999","1990-04-16T21:00:00","4","48.2","6.4333333","320.0","EPINAL DOGNEVILLE, FR","FM-12","99999","V020","130,1,N,0021,1","99999,9,9,N","999999,9,N,9","+0057,1","+0018,1","10205,1","06,0000,9,1",,,"4,000",,"0000,9",,,,,"2,1,006,1,+999,9",,"4,99,0051,1","SYN017333   91110 94000",
"07173099999","1990-04-17T00:00:00","4","48.2","6.4333333","320.0","EPINAL DOGNEVILLE, FR","FM-12","99999","V020","220,1,N,0021,1","99999,9,9,N","999999,9,N,9","+0056,1","+0023,1","10198,1","06,0003,9,1",,,"0,000","4,1,06,1","0000,9",,,,,"7,1,007,1,+999,9","41,1","4,99,0041,1","SYN017333   91108 94000",
"07173099999","1990-04-17T03:00:00","4","48.2","6.4333333","320.0","EPINAL DOGNEVILLE, FR","FM-12","99999","V020","210,1,N,0041,1","99999,9,9,N","999999,9,N,9","+0051,1","+0019,1","10193,1","99,0003,9,1",,,"0,000","4,1,03,1","0000,9",,,,,"7,1,006,1,+999,9","21,1","4,99,0082,1","SYN017333   91116 94000",
"07173099999","1990-04-17T06:00:00","4","48.2","6.4333333","320.0","EPINAL DOGNEVILLE, FR","FM-12","99999","V020","160,1,N,0021,1","99999,9,9,N","999999,9,N,9","+0047,1","+0026,1","10193,1","99,0010,9,1",,,"0,000",,"0174,9","999,+0020,9","999,N,+0041,1",,,"4,1,000,1,+999,9",,"4,99,0041,1","SYN029333   20041 3/002 91108 94029",
"07173099999","1990-04-17T09:00:00","4","48.2","6.4333333","320.0","EPINAL DOGNEVILLE, FR","FM-12","99999","V020","180,1,N,0031,1","99999,9,9,N","999999,9,N,9","+0069,1","+0030,1","10194,1","06,0000,9,1",,,"4,000",,"0000,9",,,,,"2,1,004,1,+999,9",,"4,99,0051,1","SYN017333   91110 94000",
"07173099999","1990-04-17T12:00:00","4","48.2","6.4333333","320.0","EPINAL DOGNEVILLE, FR","FM-12","99999","V020","230,1,N,0041,1","99999,9,9,N","999999,9,N,9","+0095,1","+0019,1","10181,1","06,9999,2,9",,,"0,000",,"0012,9",,,,,"7,1,009,1,+999,9",,"4,99,0072,1","SYN017333   91114 94002",
"07173099999","1990-04-17T15:00:00","4","48.2","6.4333333","320.0","EPINAL DOGNEVILLE, FR","FM-12","99999","V020","240,1,N,0041,1","99999,9,9,N","999999,9,N,9","+0046,1","+0021,1","10198,1","99,0010,9,1",,,"0,000","4,1,03,1","0000,9",,,,,"2,1,010,1,+999,9","21,1","4,99,0082,1","SYN017333   91116 94000",
"07173099999","1990-04-17T18:00:00","4","48.2","6.4333333","320.0","EPINAL DOGNEVILLE, FR","FM-12","99999","V020","240,1,N,0010,1","99999,9,9,N","999999,9,N,9","+0039,1","+0018,1","10207,1","99,0050,9,1",,,"0,000","4,1,06,1","0000,9",,"999,M,+0096,1",,,"2,1,008,1,+999,9","21,1","4,99,0031,1","SYN023333   10096 91106 94000",
"07173099999","1990-04-17T21:00:00","4","48.2","6.4333333","320.0","EPINAL DOGNEVILLE, FR","FM-12","99999","V020","999,1,C,0000,1","99999,9,9,N","999999,9,N,9","+0030,1","+0014,1","10218,1","06,0000,9,1",,,"4,000",,"0000,9",,,,,"2,1,009,1,+999,9",,"4,99,0021,1","SYN017333   91104 94000",
"07173099999","1990-04-18T00:00:00","4","48.2","6.4333333","320.0","EPINAL DOGNEVILLE, FR","FM-12","99999","V020","120,1,N,0010,1","99999,9,9,N","999999,9,N,9","+0016,1","+0000,1","10217,1","06,0030,9,1",,,"0,000",,"0000,9",,,,,"7,1,003,1,+999,9",,"4,99,0031,1","SYN017333   91106 94000",
"07173099999","1990-04-18T03:00:00","4","48.2","6.4333333","320.0","EPINAL DOGNEVILLE, FR","FM-12","99999","V020","130,1,N,0021,1","99999,9,9,N","999999,9,N,9","+0021,1","+0008,1","10213,1","06,0000,9,1",,,"4,000",,"0000,9",,,,,"7,1,003,1,+999,9",,"4,99,0041,1","SYN017333   91108 94000",
"07173099999","1990-04-18T06:00:00","4","48.2","6.4333333","320.0","EPINAL DOGNEVILLE, FR","FM-12","99999","V020","140,1,N,0021,1","99999,9,9,N","999999,9,N,9","+0027,1","+0008,1","10203,1","99,0030,9,1",,,"0,000",,"0018,9","999,-0030,9","999,N,+0006,1",,,"7,1,009,1,+999,9",,"4,99,0031,1","SYN029333   20006 3/103 91106 94003",
"07173099999","1990-04-18T09:00:00","4","48.2","6.4333333","320.0","EPINAL DOGNEVILLE, FR","FM-12","99999","V020","150,1,N,0041,1","99999,9,9,N","999999,9,N,9","+0058,1","+0017,1","10190,1","06,0000,9,1",,,"4,000",,"0012,9",,,,,"7,1,008,1,+999,9",,"4,99,0062,1","SYN017333   91112 94002",
"07173099999","1990-04-18T15:00:00","4","48.2","6.4333333","320.0","EPINAL DOGNEVILLE, FR","FM-12","99999","V020","240,1,N,0051,1","99999,9,9,N","999999,9,N,9","+0055,1","+0020,1","10180,1","06,0000,9,1",,,"4,000",,"0012,9",,,,,"2,1,004,1,+999,9",,"4,99,0082,1","SYN017333   91116 94002",
"07173099999","1990-04-18T18:00:00","4","48.2","6.4333333","320.0","EPINAL DOGNEVILLE, FR","FM-12","99999","V020","310,1,N,0010,1","99999,9,9,N","999999,9,N,9","+0051,1","+0019,1","10191,1","99,0005,9,1",,,"0,000",,"0006,9",,"999,M,+0089,1",,,"2,1,010,1,+999,9",,"4,99,0031,1","SYN023333   10089 91106 94001",
"07173099999","1990-04-18T21:00:00","4","48.2","6.4333333","320.0","EPINAL DOGNEVILLE, FR","FM-12","99999","V020","999,1,C,0000,1","99999,9,9,N","999999,9,N,9","+0034,1","+0013,1","10200,1","06,0000,9,1",,,"4,000",,"0000,9",,,,,"2,1,007,1,+999,9",,"4,99,0010,1","SYN017333   91102 94000",
"07173099999","1990-04-19T00:00:00","4","48.2","6.4333333","320.0","EPINAL DOGNEVILLE, FR","FM-12","99999","V020","160,1,N,0010,1","99999,9,9,N","999999,9,N,9","+0020,1","+0007,1","10200,1","06,0000,9,1",,,"4,000",,"0000,9",,,,,"7,1,002,1,+999,9",,"4,99,0021,1","SYN017333   91104 94000",
"07173099999","1990-04-19T03:00:00","4","48.2","6.4333333","320.0","EPINAL DOGNEVILLE, FR","FM-12","99999","V020","110,1,N,0010,1","99999,9,9,N","999999,9,N,9","+0005,1","-0011,1","10188,1","06,0000,9,1",,,"4,000",,"0000,9",,,,,"7,1,014,1,+999,9",,"4,99,0021,1","SYN017333   91104 94000",
"07173099999","1990-04-19T06:00:00","4","48.2","6.4333333","320.0","EPINAL DOGNEVILLE, FR","FM-12","99999","V020","999,1,C,0000,1","99999,9,9,N","999999,9,N,9","+0001,1","-0010,1","10185,1","06,0000,9,1",,,"4,000",,"0222,9","999,-0060,9","999,N,-0010,1",,,"7,1,003,1,+999,9",,"4,99,0010,1","SYN029333   21010 3/106 91102 94037",
"07173099999","1990-04-19T09:00:00","4","48.2","6.4333333","320.0","EPINAL DOGNEVILLE, FR","FM-12","99999","V020","160,1,N,0041,1","99999,9,9,N","999999,9,N,9","+0065,1","+0004,1","10149,1","06,0000,9,1",,,"4,000",,"0048,9",,,,,"7,1,026,1,+999,9",,"4,99,0072,1","SYN017333   91114 94008",
"07173099999","1990-04-19T12:00:00","4","48.2","6.4333333","320.0","EPINAL DOGNEVILLE, FR","FM-12","99999","V020","160,1,N,0051,1","99999,9,9,N","999999,9,N,9","+0087,1","-0020,1","10112,1","06,0000,9,1",,,"4,000",,"0060,9",,,,,"7,1,032,1,+999,9",,"4,99,0082,1","SYN017333   91116 94010",
"07173099999","1990-04-19T15:00:00","4","48.2","6.4333333","320.0","EPINAL DOGNEVILLE, FR","FM-12","99999","V020","180,1,N,0031,1","99999,9,9,N","999999,9,N,9","+0101,1","-0054,1","10082,1","06,0000,9,1",,,"4,000",,"0048,9",,,,,"7,1,028,1,+999,9",,"4,99,0072,1","SYN017333   91114 94008",
"07173099999","1990-04-19T18:00:00","4","48.2","6.4333333","320.0","EPINAL DOGNEVILLE, FR","FM-12","99999","V020","160,1,N,0031,1","99999,9,9,N","999999,9,N,9","+0084,1","-0041,1","10072,1","06,0000,9,1",,,"4,000",,"0000,9",,"999,M,+0109,1",,,"7,1,011,1,+999,9",,"4,99,0051,1","SYN023333   10109 91110 94000",
"07173099999","1990-04-19T21:00:00","4","48.2","6.4333333","320.0","EPINAL DOGNEVILLE, FR","FM-12","99999","V020","999,1,C,0000,1","99999,9,9,N","999999,9,N,9","+0061,1","+0000,1","10072,1","06,0000,9,1",,,"4,000",,"0000,9",,,,,"7,1,004,1,+999,9",,"4,99,0010,1","SYN017333   91102 94000",
"07173099999","1990-04-20T00:00:00","4","48.2","6.4333333","320.0","EPINAL DOGNEVILLE, FR","FM-12","99999","V020","150,1,N,0010,1","99999,9,9,N","999999,9,N,9","+0022,1","-0005,1","10072,1","06,0000,9,1",,,"4,000",,"0000,9",,,,,"7,1,005,1,+999,9",,"4,99,0021,1","SYN017333   91104 94000",
"07173099999","1990-04-20T03:00:00","4","48.2","6.4333333","320.0","EPINAL DOGNEVILLE, FR","FM-12","99999","V020","050,1,N,0010,1","99999,9,9,N","999999,9,N,9","-0005,1","-0019,1","10075,1","06,0000,9,1",,,"4,000",,"0000,9",,,,,"7,1,001,1,+999,9",,"4,99,0021,1","SYN017333   91104 94000",
"07173099999","1990-04-20T06:00:00","4","48.2","6.4333333","320.0","EPINAL DOGNEVILLE, FR","FM-12","99999","V020","999,1,C,0000,1","99999,9,9,N","999999,9,N,9","-0004,1","-0017,1","10077,1","06,0000,9,1",,,"4,000",,"0450,9","999,-0070,9","999,N,-0014,1",,,"2,1,002,1,+999,9",,"4,99,0010,1","SYN029333   21014 3/107 91102 94075",
"07173099999","1990-04-20T09:00:00","4","48.2","6.4333333","320.0","EPINAL DOGNEVILLE, FR","FM-12","99999","V020","280,1,N,0021,1","99999,9,9,N","999999,9,N,9","+0041,1","+0021,1","10066,1","06,0000,9,1",,,"4,000",,"0000,9",,,,,"7,1,004,1,+999,9",,"4,99,0031,1","SYN017333   91106 94000",
"07173099999","1990-04-20T12:00:00","4","48.2","6.4333333","320.0","EPINAL DOGNEVILLE, FR","FM-12","99999","V020","360,1,N,0031,1","99999,9,9,N","999999,9,N,9","+0100,1","+0024,1","10049,1","06,0000,9,1",,,"4,000",,"0012,9",,,,,"7,1,008,1,+999,9",,"4,99,0051,1","SYN017333   91110 94002",
"07173099999","1990-04-20T15:00:00","4","48.2","6.4333333","320.0","EPINAL DOGNEVILLE, FR","FM-12","99999","V020","330,1,N,0041,1","99999,9,9,N","999999,9,N,9","+0110,1","+0018,1","10050,1","06,0000,9,1",,,"4,000",,"0024,9",,,,,"2,1,002,1,+999,9",,"4,99,0062,1","SYN017333   91112 94004",
"07173099999","1990-04-20T18:00:00","4","48.2","6.4333333","320.0","EPINAL DOGNEVILLE, FR","FM-12","99999","V020","310,1,N,0031,1","99999,9,9,N","999999,9,N,9","+0083,1","+0032,1","10063,1","06,0000,9,1",,,"4,000",,"0000,9",,"999,M,+0114,1",,,"2,1,009,1,+999,9",,"4,99,0041,1","SYN023333   10114 91108 94000",
"07173099999","1990-04-20T21:00:00","4","48.2","6.4333333","320.0","EPINAL DOGNEVILLE, FR","FM-12","99999","V020","360,1,N,0010,1","99999,9,9,N","999999,9,N,9","+0037,1","+0021,1","10078,1","06,0000,9,1",,,"4,000",,"0000,9",,,,,"2,1,008,1,+999,9",,"4,99,0021,1","SYN017333   91104 94000",
"07173099999","1990-04-21T00:00:00","4","48.2","6.4333333","320.0","EPINAL DOGNEVILLE, FR","FM-12","99999","V020","999,1,C,0000,1","99999,9,9,N","999999,9,N,9","+0014,1","+0001,1","10075,1","06,0000,9,1",,,"4,000",,"0000,9",,,,,"7,1,006,1,+999,9",,"4,99,0021,1","SYN017333   91104 94000",
"07173099999","1990-04-21T03:00:00","4","48.2","6.4333333","320.0","EPINAL DOGNEVILLE, FR","FM-12","99999","V020","999,1,C,0000,1","99999,9,9,N","999999,9,N,9","+0010,1","+0000,1","10070,1","06,0000,9,1",,,"4,000",,"0000,9",,,,,"7,1,005,1,+999,9",,"4,99,0010,1","SYN017333   91102 94000",
"07173099999","1990-04-21T06:00:00","4","48.2","6.4333333","320.0","EPINAL DOGNEVILLE, FR","FM-12","99999","V020","999,1,C,0000,1","99999,9,9,N","999999,9,N,9","+0022,1","+0013,1","10070,1","06,0000,9,1",,,"4,000",,"0162,9","999,-0050,9","999,N,+0002,1",,,"2,1,002,1,+999,9",,"4,99,0021,1","SYN029333   20002 3/105 91104 94027",
"07173099999","1990-04-21T09:00:00","4","48.2","6.4333333","320.0","EPINAL DOGNEVILLE, FR","FM-12","99999","V020","290,1,N,0010,1","99999,9,9,N","999999,9,N,9","+0049,1","+0042,1","10071,1","06,0000,9,1",,,"4,000",,"0000,9",,,,,"2,1,004,1,+999,9",,"4,99,0031,1","SYN017333   91106 94000",
"07173099999","1990-04-21T12:00:00","4","48.2","6.4333333","320.0","EPINAL DOGNEVILLE, FR","FM-12","99999","V020","330,1,N,0010,1","99999,9,9,N","999999,9,N,9","+0105,1","+0049,1","10063,1","06,0000,9,1",,,"4,000",,"0000,9",,,,,"4,1,000,1,+999,9",,"4,99,0021,1","SYN017333   91104 94000",
"07173099999","1990-04-21T15:00:00","4","48.2","6.4333333","320.0","EPINAL DOGNEVILLE, FR","FM-12","99999","V020","180,1,N,0010,1","99999,9,9,N","999999,9,N,9","+0123,1","+0048,1","10056,1","06,0000,9,1",,,"4,000",,"0000,9",,,,,"7,1,004,1,+999,9",,"4,99,0021,1","SYN017333   91104 94000",
"07173099999","1990-04-21T18:00:00","4","48.2","6.4333333","320.0","EPINAL DOGNEVILLE, FR","FM-12","99999","V020","999,1,C,0000,1","99999,9,9,N","999999,9,N,9","+0093,1","+0059,1","10067,1","06,0000,9,1",,,"4,000",,"0000,9",,"999,M,+0124,1",,,"2,1,006,1,+999,9",,"4,99,0021,1","SYN023333   10124 91104 94000",
"07173099999","1990-04-21T21:00:00","4","48.2","6.4333333","320.0","EPINAL DOGNEVILLE, FR","FM-12","99999","V020","999,1,C,0000,1","99999,9,9,N","999999,9,N,9","+0074,1","+0057,1","10080,1","06,0000,9,1",,,"4,000",,"0000,9",,,,,"2,1,010,1,+999,9",,"4,99,0010,1","SYN017333   91102 94000",
"07173099999","1990-04-22T00:00:00","4","48.2","6.4333333","320.0","EPINAL DOGNEVILLE, FR","FM-12","99999","V020","150,1,N,0010,1","99999,9,9,N","999999,9,N,9","+0037,1","+0027,1","10090,1","06,0000,9,1",,,"4,000",,"0000,9",,,,,"2,1,005,1,+999,9",,"4,99,0021,1","SYN017333   91104 94000",
"07173099999","1990-04-22T03:00:00","4","48.2","6.4333333","320.0","EPINAL DOGNEVILLE, FR","FM-12","99999","V020","120,1,N,0010,1","99999,9,9,N","999999,9,N,9","+0015,1","+0006,1","10093,1","06,0000,9,1",,,"4,000",,"0000,9",,,,,"4,1,000,1,+999,9",,"4,99,0021,1","SYN017333   91104 94000",
"07173099999","1990-04-22T06:00:00","4","48.2","6.4333333","320.0","EPINAL DOGNEVILLE, FR","FM-12","99999","V020","320,1,N,0010,1","99999,9,9,N","999999,9,N,9","+0031,1","+0022,1","10095,1","06,0000,9,1",,,"4,000",,"0006,9","999,-0050,9","999,N,+0007,1",,,"2,1,004,1,+999,9",,"4,99,0021,1","SYN029333   20007 3/105 91104 94001",
"07173099999","1990-04-22T09:00:00","4","48.2","6.4333333","320.0","EPINAL DOGNEVILLE, FR","FM-12","99999","V020","160,1,N,0010,1","99999,9,9,N","999999,9,N,9","+0099,1","+0070,1","10088,1","06,0000,9,1",,,"4,000",,"0000,9",,,,,"2,1,003,1,+999,9",,"4,99,0021,1","SYN017333   91104 94000",
"07173099999","1990-04-22T12:00:00","4","48.2","6.4333333","320.0","EPINAL DOGNEVILLE, FR","FM-12","99999","V020","300,1,N,0021,1","99999,9,9,N","999999,9,N,9","+0126,1","+0043,1","10078,1","06,0000,9,1",,,"4,000",,"0000,9",,,,,"7,1,007,1,+999,9",,"4,99,0041,1","SYN017333   91108 94000",
"07173099999","1990-04-22T15:00:00","4","48.2","6.4333333","320.0","EPINAL DOGNEVILLE, FR","FM-12","99999","V020","360,1,N,0041,1","99999,9,9,N","999999,9,N,9","+0113,1","+0050,1","10071,1","06,0000,9,1",,,"4,000",,"0006,9",,,,,"7,1,008,1,+999,9",,"4,99,0062,1","SYN017333   91112 94001",
"07173099999","1990-04-22T18:00:00","4","48.2","6.4333333","320.0","EPINAL DOGNEVILLE, FR","FM-12","99999","V020","310,1,N,0031,1","99999,9,9,N","999999,9,N,9","+0102,1","+0060,1","10072,1","06,0000,9,1",,,"4,000",,"0036,9",,"999,M,+0130,1",,,"7,1,001,1,+999,9",,"4,99,0051,1","SYN023333   10130 91110 94006",
"07173099999","1990-04-22T21:00:00","4","48.2","6.4333333","320.0","EPINAL DOGNEVILLE, FR","FM-12","99999","V020","999,1,C,0000,1","99999,9,9,N","999999,9,N,9","+0050,1","+0035,1","10089,1","06,0000,9,1",,,"4,000",,"0000,9",,,,,"2,1,009,1,+999,9",,"4,99,0021,1","SYN017333   91104 94000",
"07173099999","1990-04-23T00:00:00","4","48.2","6.4333333","320.0","EPINAL DOGNEVILLE, FR","FM-12","99999","V020","999,1,C,0000,1","99999,9,9,N","999999,9,N,9","+0023,1","+0011,1","10089,1","06,0000,9,1",,,"4,000",,"0000,9",,,,,"7,1,003,1,+999,9",,"4,99,0010,1","SYN017333   91102 94000",
"07173099999","1990-04-23T03:00:00","4","48.2","6.4333333","320.0","EPINAL DOGNEVILLE, FR","FM-12","99999","V020","999,1,C,0000,1","99999,9,9,N","999999,9,N,9","+0031,1","+0022,1","10080,1","06,0000,9,1",,,"4,000",,"0000,9",,,,,"7,1,008,1,+999,9",,"4,99,0010,1","SYN017333   91102 94000",
"07173099999","1990-04-23T06:00:00","4","48.2","6.4333333","320.0","EPINAL DOGNEVILLE, FR","FM-12","99999","V020","999,1,C,0000,1","99999,9,9,N","999999,9,N,9","+0050,1","+0043,1","10079,1","06,0000,9,1",,,"4,000",,"0228,9","999,-0040,9","999,N,+0023,1",,,"2,1,002,1,+999,9",,"4,99,0021,1","SYN029333   20023 3/104 91104 94038",
"07173099999","1990-04-23T09:00:00","4","48.2","6.4333333","320.0","EPINAL DOGNEVILLE, FR","FM-12","99999","V020","170,1,N,0010,1","99999,9,9,N","999999,9,N,9","+0081,1","+0067,1","10080,1","06,0000,9,1",,,"4,000",,"0000,9",,,,,"2,1,006,1,+999,9",,"4,99,0021,1","SYN017333   91104 94000",
"07173099999","1990-04-23T12:00:00","4","48.2","6.4333333","320.0","EPINAL DOGNEVILLE, FR","FM-12","99999","V020","290,1,N,0021,1","99999,9,9,N","999999,9,N,9","+0097,1","+0068,1","10082,1","06,0000,9,1",,,"4,000",,"0000,9",,,,,"2,1,003,1,+999,9",,"4,99,0031,1","SYN017333   91106 94000",
"07173099999","1990-04-23T15:00:00","4","48.2","6.4333333","320.0","EPINAL DOGNEVILLE, FR","FM-12","99999","V020","320,1,N,0031,1","99999,9,9,N","999999,9,N,9","+0110,1","+0064,1","10084,1","06,0000,9,1",,,"4,000",,"0000,9",,,,,"2,1,004,1,+999,9",,"4,99,0051,1","SYN017333   91110 94000",
"07173099999","1990-04-23T18:00:00","4","48.2","6.4333333","320.0","EPINAL DOGNEVILLE, FR","FM-12","99999","V020","110,1,N,0010,1","99999,9,9,N","999999,9,N,9","+0095,1","+0074,1","10097,1","99,0005,9,1",,,"0,000","4,1,06,1","0000,9",,"999,M,+0112,1",,,"2,1,011,1,+999,9","21,1","4,99,0021,1","SYN023333   10112 91104 94000",
"07173099999","1990-04-23T21:00:00","4","48.2","6.4333333","320.0","EPINAL DOGNEVILLE, FR","FM-12","99999","V020","140,1,N,0010,1","99999,9,9,N","999999,9,N,9","+0083,1","+0069,1","10111,1","99,0003,9,1",,,"0,000","4,1,03,1","0000,9",,,,,"2,1,012,1,+999,9","21,1","4,99,0021,1","SYN017333   91104 94000",
"07173099999","1990-04-24T00:00:00","4","48.2","6.4333333","320.0","EPINAL DOGNEVILLE, FR","FM-12","99999","V020","170,1,N,0010,1","99999,9,9,N","999999,9,N,9","+0083,1","+0066,1","10113,1","06,0003,9,1",,,"0,000",,"0000,9",,,,,"2,1,002,1,+999,9",,"4,99,0031,1","SYN017333   91106 94000",
"07173099999","1990-04-24T03:00:00","4","48.2","6.4333333","320.0","EPINAL DOGNEVILLE, FR","FM-12","99999","V020","150,1,N,0010,1","99999,9,9,N","999999,9,N,9","+0080,1","+0065,1","10110,1","06,0000,9,1",,,"4,000",,"0000,9",,,,,"7,1,004,1,+999,9",,"4,99,0021,1","SYN017333   91104 94000",
"07173099999","1990-04-24T06:00:00","4","48.2","6.4333333","320.0","EPINAL DOGNEVILLE, FR","FM-12","99999","V020","140,1,N,0010,1","99999,9,9,N","999999,9,N,9","+0082,1","+0071,1","10117,1","99,0003,9,1",,,"0,000",,"0000,9","999,+0070,9","999,N,+0080,1",,,"2,1,007,1,+999,9",,"4,99,0031,1","SYN029333   20080 3/007 91106 94000",
"07173099999","1990-04-24T09:00:00","4","48.2","6.4333333","320.0","EPINAL DOGNEVILLE, FR","FM-12","99999","V020","150,1,N,0021,1","99999,9,9,N","999999,9,N,9","+0102,1","+0067,1","10121,1","06,0000,9,1",,,"4,000",,"0000,9",,,,,"2,1,007,1,+999,9",,"4,99,0041,1","SYN017333   91108 94000",
"07173099999","1990-04-24T12:00:00","4","48.2","6.4333333","320.0","EPINAL DOGNEVILLE, FR","FM-12","99999","V020","210,1,N,0041,1","99999,9,9,N","999999,9,N,9","+0129,1","+0051,1","10117,1","06,0000,9,1",,,"4,000",,"0042,9",,,,,"7,1,001,1,+999,9",,"4,99,0072,1","SYN017333   91114 94007",
"07173099999","1990-04-24T15:00:00","4","48.2","6.4333333","320.0","EPINAL DOGNEVILLE, FR","FM-12","99999","V020","070,1,N,0021,1","99999,9,9,N","999999,9,N,9","+0126,1","+0055,1","10121,1","99,0003,9,1",,,"0,000","4,1,03,1","0018,9",,,,,"2,1,003,1,+999,9","21,1","4,99,0041,1","SYN017333   91108 94003",
"07173099999","1990-04-24T18:00:00","4","48.2","6.4333333","320.0","EPINAL DOGNEVILLE, FR","FM-12","99999","V020","290,1,N,0010,1","99999,9,9,N","999999,9,N,9","+0108,1","+0058,1","10131,1","99,0005,9,1",,,"0,000",,"0000,9",,"999,M,+0139,1",,,"2,1,008,1,+999,9",,"4,99,0021,1","SYN023333   10139 91104 94000",
"07173099999","1990-04-24T21:00:00","4","48.2","6.4333333","320.0","EPINAL DOGNEVILLE, FR","FM-12","99999","V020","100,1,N,0010,1","99999,9,9,N","999999,9,N,9","+0072,1","+0052,1","10154,1","06,0000,9,1",,,"4,000",,"0000,9",,,,,"2,1,017,1,+999,9",,"4,99,0021,1","SYN017333   91104 94000",
"07173099999","1990-04-25T00:00:00","4","48.2","6.4333333","320.0","EPINAL DOGNEVILLE, FR","FM-12","99999","V020","999,1,C,0000,1","99999,9,9,N","999999,9,N,9","+0042,1","+0030,1","10165,1","06,0000,9,1",,,"4,000",,"0000,9",,,,,"2,1,006,1,+999,9",,"4,99,0010,1","SYN017333   91102 94000",
"07173099999","1990-04-25T03:00:00","4","48.2","6.4333333","320.0","EPINAL DOGNEVILLE, FR","FM-12","99999","V020","100,1,N,0021,1","99999,9,9,N","999999,9,N,9","+0054,1","+0045,1","10170,1","06,0000,9,1",,,"4,000",,"0000,9",,,,,"2,1,007,1,+999,9",,"4,99,0031,1","SYN017333   91106 94000",
"07173099999","1990-04-25T06:00:00","4","48.2","6.4333333","320.0","EPINAL DOGNEVILLE, FR","FM-12","99999","V020","180,1,N,0010,1","99999,9,9,N","999999,9,N,9","+0069,1","+0058,1","10176,1","06,0000,9,1",,,"4,000",,"0120,9","999,-0010,9","999,N,+0040,1",,,"2,1,008,1,+999,9",,"4,99,0021,1","SYN029333   20040 3/101 91104 94020",
"07173099999","1990-04-25T09:00:00","4","48.2","6.4333333","320.0","EPINAL DOGNEVILLE, FR","FM-12","99999","V020","190,1,N,0010,1","99999,9,9,N","999999,9,N,9","+0119,1","+0070,1","10173,1","06,0000,9,1",,,"4,000",,"0000,9",,,,,"2,1,004,1,+999,9",,"4,99,0041,1","SYN017333   91108 94000",
"07173099999","1990-04-25T12:00:00","4","48.2","6.4333333","320.0","EPINAL DOGNEVILLE, FR","FM-12","99999","V020","300,1,N,0031,1","99999,9,9,N","999999,9,N,9","+0145,1","+0030,1","10170,1","06,0000,9,1",,,"4,000",,"0042,9",,,,,"4,1,000,1,+999,9",,"4,99,0062,1","SYN017333   91112 94007",
"07173099999","1990-04-25T15:00:00","4","48.2","6.4333333","320.0","EPINAL DOGNEVILLE, FR","FM-12","99999","V020","320,1,N,0041,1","99999,9,9,N","999999,9,N,9","+0146,1","+0046,1","10167,1","06,0000,9,1",,,"4,000",,"0006,9",,,,,"7,1,002,1,+999,9",,"4,99,0062,1","SYN017333   91112 94001",
"07173099999","1990-04-25T18:00:00","4","48.2","6.4333333","320.0","EPINAL DOGNEVILLE, FR","FM-12","99999","V020","330,1,N,0021,1","99999,9,9,N","999999,9,N,9","+0124,1","+0046,1","10175,1","06,0000,9,1",,,"4,000",,"0024,9",,"999,M,+0160,1",,,"2,1,004,1,+999,9",,"4,99,0041,1","SYN023333   10160 91108 94004",
"07173099999","1990-04-25T21:00:00","4","48.2","6.4333333","320.0","EPINAL DOGNEVILLE, FR","FM-12","99999","V020","999,1,C,0000,1","99999,9,9,N","999999,9,N,9","+0078,1","+0047,1","10196,1","06,0000,9,1",,,"4,000",,"0000,9",,,,,"2,1,015,1,+999,9",,"4,99,0000,1","SYN017333   91100 94000",
"07173099999","1990-04-26T00:00:00","4","48.2","6.4333333","320.0","EPINAL DOGNEVILLE, FR","FM-12","99999","V020","999,1,C,0000,1","99999,9,9,N","999999,9,N,9","+0070,1","+0050,1","10202,1","06,0000,9,1",,,"4,000",,"0000,9",,,,,"2,1,004,1,+999,9",,"4,99,0010,1","SYN017333   91102 94000",
"07173099999","1990-04-26T03:00:00","4","48.2","6.4333333","320.0","EPINAL DOGNEVILLE, FR","FM-12","99999","V020","999,1,C,0000,1","99999,9,9,N","999999,9,N,9","+0045,1","+0033,1","10210,1","06,0000,9,1",,,"4,000",,"0000,9",,,,,"2,1,004,1,+999,9",,"4,99,0021,1","SYN017333   91104 94000",
"07173099999","1990-04-26T06:00:00","4","48.2","6.4333333","320.0","EPINAL DOGNEVILLE, FR","FM-12","99999","V020","999,1,C,0000,1","99999,9,9,N","999999,9,N,9","+0061,1","+0052,1","10216,1","06,0000,9,1",,,"4,000",,"0270,9","999,-0010,9","999,N,+0044,1",,,"2,1,008,1,+999,9",,"4,99,0010,1","SYN029333   20044 3/101 91102 94045",
"07173099999","1990-04-26T09:00:00","4","48.2","6.4333333","320.0","EPINAL DOGNEVILLE, FR","FM-12","99999","V020","300,1,N,0021,1","99999,9,9,N","999999,9,N,9","+0119,1","+0055,1","10214,1","06,0000,9,1",,,"4,000",,"0012,9",,,,,"2,1,006,1,+999,9",,"4,99,0031,1","SYN017333   91106 94002",
"07173099999","1990-04-26T12:00:00","4","48.2","6.4333333","320.0","EPINAL DOGNEVILLE, FR","FM-12","99999","V020","310,1,N,0021,1","99999,9,9,N","999999,9,N,9","+0140,1","+0040,1","10205,1","06,9999,2,9",,,"0,000",,"0006,9",,,,,"7,1,006,1,+999,9",,"4,99,0041,1","SYN017333   91108 94001",
"07173099999","1990-04-26T15:00:00","4","48.2","6.4333333","320.0","EPINAL DOGNEVILLE, FR","FM-12","99999","V020","250,1,N,0041,1","99999,9,9,N","999999,9,N,9","+0154,1","+0026,1","10196,1","06,0000,9,1",,,"4,000",,"0030,9",,,,,"7,1,007,1,+999,9",,"4,99,0082,1","SYN017333   91116 94005",
"07173099999","1990-04-26T18:00:00","4","48.2","6.4333333","320.0","EPINAL DOGNEVILLE, FR","FM-12","99999","V020","200,1,N,0010,1","99999,9,9,N","999999,9,N,9","+0142,1","+0034,1","10198,1","99,9999,2,9",,,"0,000",,"0024,9",,"999,M,+0158,1",,,"4,1,000,1,+999,9",,"4,99,0031,1","SYN023333   10158 91106 94004",
"07173099999","1990-04-26T21:00:00","4","48.2","6.4333333","320.0","EPINAL DOGNEVILLE, FR","FM-12","99999","V020","140,1,N,0010,1","99999,9,9,N","999999,9,N,9","+0088,1","+0046,1","10216,1","06,0000,9,1",,,"4,000",,"0000,9",,,,,"2,1,011,1,+999,9",,"4,99,0031,1","SYN017333   91106 94000",
"07173099999","1990-04-27T00:00:00","4","48.2","6.4333333","320.0","EPINAL DOGNEVILLE, FR","FM-12","99999","V020","999,1,C,0000,1","99999,9,9,N","999999,9,N,9","+0058,1","+0036,1","10218,1","06,0000,9,1",,,"4,000",,"0000,9",,,,,"7,1,002,1,+999,9",,"4,99,0010,1","SYN017333   91102 94000",
"07173099999","1990-04-27T03:00:00","4","48.2","6.4333333","320.0","EPINAL DOGNEVILLE, FR","FM-12","99999","V020","150,1,N,0031,1","99999,9,9,N","999999,9,N,9","+0092,1","+0042,1","10209,1","06,0000,9,1",,,"4,000",,"0000,9",,,,,"7,1,004,1,+999,9",,"4,99,0051,1","SYN017333   91110 94000",
"07173099999","1990-04-27T06:00:00","4","48.2","6.4333333","320.0","EPINAL DOGNEVILLE, FR","FM-12","99999","V020","170,1,N,0031,1","99999,9,9,N","999999,9,N,9","+0091,1","+0055,1","10219,1","06,0000,9,1",,,"4,000",,"0366,9","999,+0000,9","999,N,+0056,1",,,"2,1,010,1,+999,9",,"4,99,0051,1","SYN029333   20056 3/000 91110 94061",
"07173099999","1990-04-27T09:00:00","4","48.2","6.4333333","320.0","EPINAL DOGNEVILLE, FR","FM-12","99999","V020","170,1,N,0041,1","99999,9,9,N","999999,9,N,9","+0098,1","+0071,1","10228,1","99,0005,9,1",,,"0,000","4,1,03,1","0000,9",,,,,"2,1,010,1,+999,9","21,1","4,99,0062,1","SYN017333   91112 94000",
"07173099999","1990-04-27T12:00:00","4","48.2","6.4333333","320.0","EPINAL DOGNEVILLE, FR","FM-12","99999","V020","180,1,N,0031,1","99999,9,9,N","999999,9,N,9","+0115,1","+0080,1","10231,1","06,0010,9,1",,,"0,000",,"0000,9",,,,,"2,1,004,1,+999,9",,"4,99,0062,1","SYN017333   91112 94000",
"07173099999","1990-04-27T15:00:00","4","48.2","6.4333333","320.0","EPINAL DOGNEVILLE, FR","FM-12","99999","V020","240,1,N,0051,1","99999,9,9,N","999999,9,N,9","+0125,1","+0074,1","10235,1","06,0000,9,1",,,"4,000",,"0000,9",,,,,"2,1,005,1,+999,9",,"4,99,0082,1","SYN017333   91116 94000",
"07173099999","1990-04-27T18:00:00","4","48.2","6.4333333","320.0","EPINAL DOGNEVILLE, FR","FM-12","99999","V020","290,1,N,0041,1","99999,9,9,N","999999,9,N,9","+0104,1","+0078,1","10245,1","99,0020,9,1",,,"0,000","4,1,06,1","0000,9",,"999,M,+0131,1",,,"2,1,008,1,+999,9","21,1","4,99,0072,1","SYN023333   10131 91114 94000",
"07173099999","1990-04-27T21:00:00","4","48.2","6.4333333","320.0","EPINAL DOGNEVILLE, FR","FM-12","99999","V020","170,1,N,0010,1","99999,9,9,N","999999,9,N,9","+0094,1","+0075,1","10259,1","06,0000,9,1",,,"4,000",,"0000,9",,,,,"2,1,012,1,+999,9",,"4,99,0021,1","SYN017333   91104 94000",
"07173099999","1990-04-28T00:00:00","4","48.2","6.4333333","320.0","EPINAL DOGNEVILLE, FR","FM-12","99999","V020","280,1,N,0010,1","99999,9,9,N","999999,9,N,9","+0072,1","+0060,1","10267,1","06,0000,9,1",,,"4,000",,"0000,9",,,,,"2,1,004,1,+999,9",,"4,99,0021,1","SYN017333   91104 94000",
"07173099999","1990-04-28T03:00:00","4","48.2","6.4333333","320.0","EPINAL DOGNEVILLE, FR","FM-12","99999","V020","330,1,N,0010,1","99999,9,9,N","999999,9,N,9","+0047,1","+0037,1","10280,1","06,0000,9,1",,,"4,000",,"0000,9",,,,,"2,1,009,1,+999,9",,"4,99,0021,1","SYN017333   91104 94000",
"07173099999","1990-04-28T06:00:00","4","48.2","6.4333333","320.0","EPINAL DOGNEVILLE, FR","FM-12","99999","V020","999,1,C,0000,1","99999,9,9,N","999999,9,N,9","+0031,1","+0021,1","10284,1","06,0000,9,1",,,"4,000",,"0000,9","999,-0020,9","999,N,+0024,1",,,"2,1,002,1,+999,9",,"4,99,0010,1","SYN029333   20024 3/102 91102 94000",
"07173099999","1990-04-28T09:00:00","4","48.2","6.4333333","320.0","EPINAL DOGNEVILLE, FR","FM-12","99999","V020","020,1,N,0021,1","99999,9,9,N","999999,9,N,9","+0067,1","+0040,1","10287,1","06,0000,9,1",,,"4,000",,"0000,9",,,,,"2,1,007,1,+999,9",,"4,99,0051,1","SYN017333   91110 94000",
"07173099999","1990-04-28T12:00:00","4","48.2","6.4333333","320.0","EPINAL DOGNEVILLE, FR","FM-12","99999","V020","330,1,N,0031,1","99999,9,9,N","999999,9,N,9","+0119,1","+0024,1","10272,1","06,0000,9,1",,,"4,000",,"0048,9",,,,,"7,1,007,1,+999,9",,"4,99,0062,1","SYN017333   91112 94008",
"07173099999","1990-04-28T15:00:00","4","48.2","6.4333333","320.0","EPINAL DOGNEVILLE, FR","FM-12","99999","V020","320,1,N,0041,1","99999,9,9,N","999999,9,N,9","+0138,1","+0005,1","10257,1","06,0000,9,1",,,"4,000",,"0060,9",,,,,"7,1,012,1,+999,9",,"4,99,0072,1","SYN017333   91114 94010",
"07173099999","1990-04-28T18:00:00","4","48.2","6.4333333","320.0","EPINAL DOGNEVILLE, FR","FM-12","99999","V020","330,1,N,0041,1","99999,9,9,N","999999,9,N,9","+0120,1","-0002,1","10262,1","06,0000,9,1",,,"4,000",,"0060,9",,"999,M,+0138,1",,,"2,1,002,1,+999,9",,"4,99,0062,1","SYN023333   10138 91112 94010",
"07173099999","1990-04-28T21:00:00","4","48.2","6.4333333","320.0","EPINAL DOGNEVILLE, FR","FM-12","99999","V020","350,1,N,0021,1","99999,9,9,N","999999,9,N,9","+0068,1","+0003,1","10270,1","06,0000,9,1",,,"4,000",,"0000,9",,,,,"2,1,001,1,+999,9",,"4,99,0031,1","SYN017333   91106 94000",
"07173099999","1990-04-29T00:00:00","4","48.2","6.4333333","320.0","EPINAL DOGNEVILLE, FR","FM-12","99999","V020","999,1,C,0000,1","99999,9,9,N","999999,9,N,9","+0024,1","+0000,1","10279,1","06,0000,9,1",,,"4,000",,"0000,9",,,,,"2,1,003,1,+999,9",,"4,99,0010,1","SYN017333   91102 94000",
"07173099999","1990-04-29T03:00:00","4","48.2","6.4333333","320.0","EPINAL DOGNEVILLE, FR","FM-12","99999","V020","999,1,C,0000,1","99999,9,9,N","999999,9,N,9","+0006,1","-0015,1","10273,1","06,0000,9,1",,,"4,000",,"0000,9",,,,,"7,1,008,1,+999,9",,"4,99,0021,1","SYN017333   91104 94000",
"07173099999","1990-04-29T06:00:00","4","48.2","6.4333333","320.0","EPINAL DOGNEVILLE, FR","FM-12","99999","V020","300,1,N,0010,1","99999,9,9,N","999999,9,N,9","+0023,1","+0004,1","10273,1","06,0000,9,1",,,"4,000",,"0576,9","999,-0070,9","999,N,-0004,1",,,"2,1,002,1,+999,9",,"4,99,0021,1","SYN029333   21004 3/107 91104 94096",
"07173099999","1990-04-29T09:00:00","4","48.2","6.4333333","320.0","EPINAL DOGNEVILLE, FR","FM-12","99999","V020","330,1,N,0041,1","99999,9,9,N","999999,9,N,9","+0130,1","+0017,1","10255,1","06,0000,9,1",,,"4,000",,"0024,9",,,,,"7,1,003,1,+999,9",,"4,99,0082,1","SYN017333   91116 94004",
"07173099999","1990-04-29T12:00:00","4","48.2","6.4333333","320.0","EPINAL DOGNEVILLE, FR","FM-12","99999","V020","360,1,N,0051,1","99999,9,9,N","999999,9,N,9","+0174,1","-0071,1","10241,1","06,0000,9,1",,,"4,000",,"0060,9",,,,,"7,1,009,1,+999,9",,"4,99,0098,1","SYN017333   91119 94010",
"07173099999","1990-04-29T15:00:00","4","48.2","6.4333333","320.0","EPINAL DOGNEVILLE, FR","FM-12","99999","V020","340,1,N,0051,1","99999,9,9,N","999999,9,N,9","+0187,1","-0017,1","10228,1","06,0000,9,1",,,"4,000",,"0060,9",,,,,"7,1,011,1,+999,9",,"4,99,0088,1","SYN017333   91117 94010",
"07173099999","1990-04-29T18:00:00","4","48.2","6.4333333","320.0","EPINAL DOGNEVILLE, FR","FM-12","99999","V020","010,1,N,0051,1","99999,9,9,N","999999,9,N,9","+0167,1","+0016,1","10229,1","06,0000,9,1",,,"4,000",,"0060,9",,"999,M,+0193,1",,,"4,1,000,1,+999,9",,"4,99,0072,1","SYN023333   10193 91114 94010",
"07173099999","1990-04-29T21:00:00","4","48.2","6.4333333","320.0","EPINAL DOGNEVILLE, FR","FM-12","99999","V020","340,1,N,0021,1","99999,9,9,N","999999,9,N,9","+0111,1","+0019,1","10249,1","06,0000,9,1",,,"4,000",,"0000,9",,,,,"2,1,012,1,+999,9",,"4,99,0031,1","SYN017333   91106 94000",
"07173099999","1990-04-30T00:00:00","4","48.2","6.4333333","320.0","EPINAL DOGNEVILLE, FR","FM-12","99999","V020","330,1,N,0031,1","99999,9,9,N","999999,9,N,9","+0072,1","+0027,1","10258,1","06,0000,9,1",,,"4,000",,"0000,9",,,,,"2,1,003,1,+999,9",,"4,99,0041,1","SYN017333   91108 94000",
"07173099999","1990-04-30T03:00:00","4","48.2","6.4333333","320.0","EPINAL DOGNEVILLE, FR","FM-12","99999","V020","999,1,C,0000,1","99999,9,9,N","999999,9,N,9","+0045,1","+0017,1","10259,1","06,0000,9,1",,,"4,000",,"0000,9",,,,,"7,1,003,1,+999,9",,"4,99,0021,1","SYN017333   91104 94000",
"07173099999","1990-04-30T06:00:00","4","48.2","6.4333333","320.0","EPINAL DOGNEVILLE, FR","FM-12","99999","V020","999,1,C,0000,1","99999,9,9,N","999999,9,N,9","+0062,1","+0040,1","10266,1","06,0000,9,1",,,"4,000",,"0762,9","999,-0030,9","999,N,+0029,1",,,"2,1,009,1,+999,9",,"4,99,0021,1","SYN029333   20029 3/103 91104 94127",
"07173099999","1990-04-30T09:00:00","4","48.2","6.4333333","320.0","EPINAL DOGNEVILLE, FR","FM-12","99999","V020","360,1,N,0031,1","99999,9,9,N","999999,9,N,9","+0166,1","+0033,1","10253,1","06,0000,9,1",,,"4,000",,"0024,9",,,,,"2,1,002,1,+999,9",,"4,99,0062,1","SYN017333   91112 94004",
"07173099999","1990-04-30T12:00:00","4","48.2","6.4333333","320.0","EPINAL DOGNEVILLE, FR","FM-12","99999","V020","350,1,N,0062,1","99999,9,9,N","999999,9,N,9","+0205,1","-0007,1","10242,1","06,0000,9,1",,,"4,000",,"0060,9",,,,,"7,1,006,1,+999,9",,"4,99,0088,1","SYN017333   91117 94010",
"07173099999","1990-04-30T15:00:00","4","48.2","6.4333333","320.0","EPINAL DOGNEVILLE, FR","FM-12","99999","V020","360,1,N,0051,1","99999,9,9,N","999999,9,N,9","+0213,1","-0032,1","10233,1","06,0000,9,1",,,"4,000",,"0060,9",,,,,"7,1,008,1,+999,9",,"4,99,0082,1","SYN017333   91116 94010",
"07173099999","1990-04-30T18:00:00","4","48.2","6.4333333","320.0","EPINAL DOGNEVILLE, FR","FM-12","99999","V020","360,1,N,0041,1","99999,9,9,N","999999,9,N,9","+0197,1","+0038,1","10240,1","06,0000,9,1",,,"4,000",,"0060,9",,"999,M,+0219,1",,,"2,1,005,1,+999,9",,"4,99,0072,1","SYN023333   10219 91114 94010",
"07173099999","1990-04-30T21:00:00","4","48.2","6.4333333","320.0","EPINAL DOGNEVILLE, FR","FM-12","99999","V020","200,1,N,0010,1","99999,9,9,N","999999,9,N,9","+0126,1","+0060,1","10265,1","06,0000,9,1",,,"4,000",,"0000,9",,,,,"2,1,015,1,+999,9",,"4,99,0021,1","SYN017333   91104 94000",
"07173099999","1990-05-01T00:00:00","4","48.2","6.4333333","320.0","EPINAL DOGNEVILLE, FR","FM-12","99999","V020","999,1,C,0000,1","99999,9,9,N","999999,9,N,9","+0086,1","+0059,1","10272,1","06,0000,9,1",,,"4,000",,"0000,9",,,,,"2,1,002,1,+999,9",,"4,99,0021,1","SYN017333   91104 94000",
"07173099999","1990-05-01T03:00:00","4","48.2","6.4333333","320.0","EPINAL DOGNEVILLE, FR","FM-12","99999","V020","040,1,N,0010,1","99999,9,9,N","999999,9,N,9","+0070,1","+0055,1","10275,1","06,0000,9,1",,,"4,000",,"0000,9",,,,,"4,1,000,1,+999,9",,"4,99,0021,1","SYN017333   91104 94000",
"07173099999","1990-05-01T06:00:00","4","48.2","6.4333333","320.0","EPINAL DOGNEVILLE, FR","FM-12","99999","V020","160,1,N,0010,1","99999,9,9,N","999999,9,N,9","+0100,1","+0072,1","10277,1","06,0000,9,1",,,"4,000",,"0756,9","999,+0000,9","999,N,+0068,1",,,"2,1,007,1,+999,9",,"4,99,0021,1","SYN029333   20068 3/000 91104 94126",
"07173099999","1990-05-01T09:00:00","4","48.2","6.4333333","320.0","EPINAL DOGNEVILLE, FR","FM-12","99999","V020","360,1,N,0051,1","99999,9,9,N","999999,9,N,9","+0203,1","+0063,1","10263,1","06,0000,9,1",,,"4,000",,"0024,9",,,,,"4,1,000,1,+999,9",,"4,99,0098,1","SYN017333   91119 94004",
"07173099999","1990-05-01T12:00:00","4","48.2","6.4333333","320.0","EPINAL DOGNEVILLE, FR","FM-12","99999","V020","350,1,N,0051,1","99999,9,9,N","999999,9,N,9","+0237,1","-0044,1","10256,1","06,0000,9,1",,,"4,000",,"0060,9",,,,,"7,1,004,1,+999,9",,"4,99,0082,1","SYN017333   91116 94010",
"07173099999","1990-05-01T15:00:00","4","48.2","6.4333333","320.0","EPINAL DOGNEVILLE, FR","FM-12","99999","V020","020,1,N,0051,1","99999,9,9,N","999999,9,N,9","+0246,1","+9999,9","10246,1","06,0000,9,1",,,"4,000",,"0060,9",,,,,"7,1,009,1,+999,9",,"4,99,0088,1","SYN017333   91117 94010",
"07173099999","1990-05-01T18:00:00","4","48.2","6.4333333","320.0","EPINAL DOGNEVILLE, FR","FM-12","99999","V020","360,1,N,0041,1","99999,9,9,N","999999,9,N,9","+0217,1","+0003,1","10255,1","06,0000,9,1",,,"4,000",,"0060,9",,"999,M,+0248,1",,,"2,1,006,1,+999,9",,"4,99,0072,1","SYN023333   10248 91114 94010",
"07173099999","1990-05-01T21:00:00","4","48.2","6.4333333","320.0","EPINAL DOGNEVILLE, FR","FM-12","99999","V020","360,1,N,0010,1","99999,9,9,N","999999,9,N,9","+0149,1","+0031,1","10277,1","06,0000,9,1",,,"4,000",,"0000,9",,,,,"2,1,013,1,+999,9",,"4,99,0031,1","SYN017333   91106 94000",
"07173099999","1990-05-02T00:00:00","4","48.2","6.4333333","320.0","EPINAL DOGNEVILLE, FR","FM-12","99999","V020","150,1,N,0010,1","99999,9,9,N","999999,9,N,9","+0095,1","+0047,1","10285,1","06,0000,9,1",,,"4,000",,"0000,9",,,,,"4,1,000,1,+999,9",,"4,99,0031,1","SYN017333   91106 94000",
"07173099999","1990-05-02T03:00:00","4","48.2","6.4333333","320.0","EPINAL DOGNEVILLE, FR","FM-12","99999","V020","300,1,N,0010,1","99999,9,9,N","999999,9,N,9","+0061,1","+0038,1","10290,1","06,0000,9,1",,,"4,000",,"0000,9",,,,,"4,1,000,1,+999,9",,"4,99,0021,1","SYN017333   91104 94000",
"07173099999","1990-05-02T06:00:00","4","48.2","6.4333333","320.0","EPINAL DOGNEVILLE, FR","FM-12","99999","V020","999,1,C,0000,1","99999,9,9,N","999999,9,N,9","+0087,1","+0068,1","10292,1","06,0000,9,1",,,"4,000",,"0762,9","999,-0010,9","999,N,+0054,1",,,"2,1,006,1,+999,9",,"4,99,0010,1","SYN029333   20054 3/101 91102 94127",
"07173099999","1990-05-02T09:00:00","4","48.2","6.4333333","320.0","EPINAL DOGNEVILLE, FR","FM-12","99999","V020","360,1,N,0051,1","99999,9,9,N","999999,9,N,9","+0208,1","+0056,1","10272,1","06,0000,9,1",,,"4,000",,"0018,9",,,,,"7,1,004,1,+999,9",,"4,99,0088,1","SYN017333   91117 94003",
"07173099999","1990-05-02T12:00:00","4","48.2","6.4333333","320.0","EPINAL DOGNEVILLE, FR","FM-12","99999","V020","020,1,N,0041,1","99999,9,9,N","999999,9,N,9","+0240,1","+0054,1","10264,1","06,0000,9,1",,,"4,000",,"0060,9",,,,,"7,1,003,1,+999,9",,"4,99,0088,1","SYN017333   91117 94010",
"07173099999","1990-05-02T15:00:00","4","48.2","6.4333333","320.0","EPINAL DOGNEVILLE, FR","FM-12","99999","V020","030,1,N,0031,1","99999,9,9,N","999999,9,N,9","+0253,1","+0055,1","10257,1","06,0000,9,1",,,"4,000",,"0060,9",,,,,"7,1,006,1,+999,9",,"4,99,0072,1","SYN017333   91114 94010",
"07173099999","1990-05-02T18:00:00","4","48.2","6.4333333","320.0","EPINAL DOGNEVILLE, FR","FM-12","99999","V020","030,1,N,0031,1","99999,9,9,N","999999,9,N,9","+0232,1","+0015,1","10257,1","06,0000,9,1",,,"4,000",,"0060,9",,"999,M,+0253,1",,,"7,1,002,1,+999,9",,"4,99,0051,1","SYN023333   10253 91110 94010",
"07173099999","1990-05-02T21:00:00","4","48.2","6.4333333","320.0","EPINAL DOGNEVILLE, FR","FM-12","99999","V020","030,1,N,0010,1","99999,9,9,N","999999,9,N,9","+0178,1","+0047,1","10277,1","06,0000,9,1",,,"4,000",,"0000,9",,,,,"2,1,012,1,+999,9",,"4,99,0041,1","SYN017333   91108 94000",
"07173099999","1990-05-03T00:00:00","4","48.2","6.4333333","320.0","EPINAL DOGNEVILLE, FR","FM-12","99999","V020","100,1,N,0010,1","99999,9,9,N","999999,9,N,9","+0108,1","+0064,1","10282,1","06,0000,9,1",,,"4,000",,"0000,9",,,,,"7,1,003,1,+999,9",,"4,99,0021,1","SYN017333   91104 94000",
"07173099999","1990-05-03T03:00:00","4","48.2","6.4333333","320.0","EPINAL DOGNEVILLE, FR","FM-12","99999","V020","999,1,C,0000,1","99999,9,9,N","999999,9,N,9","+0074,1","+0054,1","10285,1","06,0000,9,1",,,"4,000",,"0000,9",,,,,"7,1,003,1,+999,9",,"4,99,0021,1","SYN017333   91104 94000",
"07173099999","1990-05-03T06:00:00","4","48.2","6.4333333","320.0","EPINAL DOGNEVILLE, FR","FM-12","99999","V020","180,1,N,0010,1","99999,9,9,N","999999,9,N,9","+0108,1","+0079,1","10282,1","06,0000,9,1",,,"4,000",,"0744,9","999,+0010,9","999,N,+0065,1",,,"2,1,003,1,+999,9",,"4,99,0021,1","SYN029333   20065 3/001 91104 94124",
"07173099999","1990-05-03T09:00:00","4","48.2","6.4333333","320.0","EPINAL DOGNEVILLE, FR","FM-12","99999","V020","330,1,N,0051,1","99999,9,9,N","999999,9,N,9","+0195,1","+0088,1","10259,1","06,0000,9,1",,,"4,000",,"0024,9",,,,,"7,1,012,1,+999,9",,"4,99,0072,1","SYN017333   91114 94004",
"07173099999","1990-05-03T12:00:00","4","48.2","6.4333333","320.0","EPINAL DOGNEVILLE, FR","FM-12","99999","V020","350,1,N,0051,1","99999,9,9,N","999999,9,N,9","+0233,1","+0010,1","10235,1","06,0000,9,1",,,"4,000",,"0060,9",,,,,"7,1,018,1,+999,9",,"4,99,0088,1","SYN017333   91117 94010",
"07173099999","1990-05-03T15:00:00","4","48.2","6.4333333","320.0","EPINAL DOGNEVILLE, FR","FM-12","99999","V020","020,1,N,0051,1","99999,9,9,N","999999,9,N,9","+0237,1","-0006,1","10220,1","06,0000,9,1",,,"4,000",,"0060,9",,,,,"7,1,014,1,+999,9",,"4,99,0088,1","SYN017333   91117 94010",
"07173099999","1990-05-03T18:00:00","4","48.2","6.4333333","320.0","EPINAL DOGNEVILLE, FR","FM-12","99999","V020","360,1,N,0041,1","99999,9,9,N","999999,9,N,9","+0209,1","+0002,1","10223,1","06,0000,9,1",,,"4,000",,"0060,9",,"999,M,+0242,1",,,"7,1,001,1,+999,9",,"4,99,0062,1","SYN023333   10242 91112 94010",
"07173099999","1990-05-03T21:00:00","4","48.2","6.4333333","320.0","EPINAL DOGNEVILLE, FR","FM-12","99999","V020","030,1,N,0010,1","99999,9,9,N","999999,9,N,9","+0123,1","+0045,1","10241,1","06,0000,9,1",,,"4,000",,"0000,9",,,,,"2,1,007,1,+999,9",,"4,99,0021,1","SYN017333   91104 94000",
"07173099999","1990-05-04T00:00:00","4","48.2","6.4333333","320.0","EPINAL DOGNEVILLE, FR","FM-12","99999","V020","040,1,N,0010,1","99999,9,9,N","999999,9,N,9","+0082,1","+0044,1","10243,1","06,0000,9,1",,,"4,000",,"0000,9",,,,,"7,1,003,1,+999,9",,"4,99,0021,1","SYN017333   91104 94000",
"07173099999","1990-05-04T03:00:00","4","48.2","6.4333333","320.0","EPINAL DOGNEVILLE, FR","FM-12","99999","V020","999,1,C,0000,1","99999,9,9,N","999999,9,N,9","+0056,1","+0024,1","10245,1","06,0000,9,1",,,"4,000",,"0000,9",,,,,"7,1,003,1,+999,9",,"4,99,0010,1","SYN017333   91102 94000",
"07173099999","1990-05-04T06:00:00","4","48.2","6.4333333","320.0","EPINAL DOGNEVILLE, FR","FM-12","99999","V020","999,1,C,0000,1","99999,9,9,N","999999,9,N,9","+0076,1","+0047,1","10248,1","06,0000,9,1",,,"4,000",,"0780,9","999,-0010,9","999,N,+0041,1",,,"2,1,006,1,+999,9",,"4,99,0010,1","SYN029333   20041 3/101 91102 94130",
"07173099999","1990-05-04T09:00:00","4","48.2","6.4333333","320.0","EPINAL DOGNEVILLE, FR","FM-12","99999","V020","350,1,N,0031,1","99999,9,9,N","999999,9,N,9","+0188,1","+0026,1","10225,1","06,0000,9,1",,,"4,000",,"0024,9",,,,,"7,1,008,1,+999,9",,"4,99,0062,1","SYN017333   91112 94004",
"07173099999","1990-05-04T12:00:00","4","48.2","6.4333333","320.0","EPINAL DOGNEVILLE, FR","FM-12","99999","V020","340,1,N,0051,1","99999,9,9,N","999999,9,N,9","+0228,1","+0023,1","10204,1","06,0000,9,1",,,"4,000",,"0060,9",,,,,"7,1,015,1,+999,9",,"4,99,0072,1","SYN017333   91114 94010",
"07173099999","1990-05-04T15:00:00","4","48.2","6.4333333","320.0","EPINAL DOGNEVILLE, FR","FM-12","99999","V020","010,1,N,0051,1","99999,9,9,N","999999,9,N,9","+0239,1","-0026,1","10186,1","06,0000,9,1",,,"4,000",,"0060,9",,,,,"7,1,016,1,+999,9",,"4,99,0088,1","SYN017333   91117 94010",
"07173099999","1990-05-04T18:00:00","4","48.2","6.4333333","320.0","EPINAL DOGNEVILLE, FR","FM-12","99999","V020","020,1,N,0021,1","99999,9,9,N","999999,9,N,9","+0221,1","-0041,1","10191,1","06,0000,9,1",,,"4,000",,"0060,9",,"999,M,+0243,1",,,"2,1,002,1,+999,9",,"4,99,0041,1","SYN023333   10243 91108 94010",
"07173099999","1990-05-04T21:00:00","4","48.2","6.4333333","320.0","EPINAL DOGNEVILLE, FR","FM-12","99999","V020","040,1,N,0021,1","99999,9,9,N","999999,9,N,9","+0129,1","+0038,1","10209,1","06,0000,9,1",,,"4,000",,"0000,9",,,,,"2,1,007,1,+999,9",,"4,99,0041,1","SYN017333   91108 94000",
"07173099999","1990-05-05T00:00:00","4","48.2","6.4333333","320.0","EPINAL DOGNEVILLE, FR","FM-12","99999","V020","999,1,C,0000,1","99999,9,9,N","999999,9,N,9","+0081,1","+0047,1","10217,1","06,0003,9,1",,,"0,000",,"0000,9",,,,,"2,1,001,1,+999,9",,"4,99,0010,1","SYN017333   91102 94000",
"07173099999","1990-05-05T03:00:00","4","48.2","6.4333333","320.0","EPINAL DOGNEVILLE, FR","FM-12","99999","V020","100,1,N,0010,1","99999,9,9,N","999999,9,N,9","+0059,1","+0041,1","10214,1","06,0000,9,1",,,"4,000",,"0000,9",,,,,"7,1,006,1,+999,9",,"4,99,0021,1","SYN017333   91104 94000",
"07173099999","1990-05-05T06:00:00","4","48.2","6.4333333","320.0","EPINAL DOGNEVILLE, FR","FM-12","99999","V020","999,1,C,0000,1","99999,9,9,N","999999,9,N,9","+0084,1","+0065,1","10210,1","99,0003,9,1",,,"0,000",,"0816,9","999,-0010,9","999,N,+0049,1",,,"4,1,000,1,+999,9",,"4,99,0010,1","SYN029333   20049 3/101 91102 94136",
"07173099999","1990-05-05T09:00:00","4","48.2","6.4333333","320.0","EPINAL DOGNEVILLE, FR","FM-12","99999","V020","350,1,N,0031,1","99999,9,9,N","999999,9,N,9","+0203,1","+0073,1","10191,1","06,0000,9,1",,,"4,000",,"0060,9",,,,,"7,1,003,1,+999,9",,"4,99,0051,1","SYN017333   91110 94010",
"07173099999","1990-05-05T12:00:00","4","48.2","6.4333333","320.0","EPINAL DOGNEVILLE, FR","FM-12","99999","V020","350,1,N,0041,1","99999,9,9,N","999999,9,N,9","+0240,1","-0042,2","10174,1","06,0000,9,1",,,"4,000",,"0060,9",,,,,"7,1,013,1,+999,9",,"4,99,0072,1","SYN017333   91114 94010",
"07173099999","1990-05-05T15:00:00","4","48.2","6.4333333","320.0","EPINAL DOGNEVILLE, FR","FM-12","99999","V020","330,1,N,0031,1","99999,9,9,N","999999,9,N,9","+0254,1","+0008,1","10156,1","06,0000,9,1",,,"4,000",,"0060,9",,,,,"7,1,015,1,+999,9",,"4,99,0051,1","SYN017333   91110 94010",
"07173099999","1990-05-05T18:00:00","4","48.2","6.4333333","320.0","EPINAL DOGNEVILLE, FR","FM-12","99999","V020","340,1,N,0041,1","99999,9,9,N","999999,9,N,9","+0228,1","+0034,1","10154,1","06,0000,9,1",,,"4,000",,"0060,9",,"999,M,+0254,1",,,"7,1,005,1,+999,9",,"4,99,0062,1","SYN023333   10254 91112 94010",
"07173099999","1990-05-05T21:00:00","4","48.2","6.4333333","320.0","EPINAL DOGNEVILLE, FR","FM-12","99999","V020","999,1,C,0000,1","99999,9,9,N","999999,9,N,9","+0138,1","+0073,1","10179,1","06,0000,9,1",,,"4,000",,"0000,9",,,,,"2,1,013,1,+999,9",,"4,99,0021,1","SYN017333   91104 94000",
"07173099999","1990-05-06T00:00:00","4","48.2","6.4333333","320.0","EPINAL DOGNEVILLE, FR","FM-12","99999","V020","090,1,N,0010,1","99999,9,9,N","999999,9,N,9","+0106,1","+0077,1","10181,1","06,0000,9,1",,,"4,000",,"0000,9",,,,,"7,1,002,1,+999,9",,"4,99,0021,1","SYN017333   91104 94000",
"07173099999","1990-05-06T03:00:00","4","48.2","6.4333333","320.0","EPINAL DOGNEVILLE, FR","FM-12","99999","V020","130,1,N,0010,1","99999,9,9,N","999999,9,N,9","+0130,1","+0081,1","10181,1","06,0000,9,1",,,"4,000",,"0000,9",,,,,"2,1,003,1,+999,9",,"4,99,0031,1","SYN017333   91106 94000",
"07173099999","1990-05-06T06:00:00","4","48.2","6.4333333","320.0","EPINAL DOGNEVILLE, FR","FM-12","99999","V020","140,1,N,0031,1","99999,9,9,N","999999,9,N,9","+0138,1","+0080,1","10184,1","06,0000,9,1",,,"4,000",,"0804,9","999,+0060,9","999,N,+0099,1",,,"2,1,004,1,+999,9",,"4,99,0051,1","SYN029333   20099 3/006 91110 94134",
"07173099999","1990-05-06T09:00:00","4","48.2","6.4333333","320.0","EPINAL DOGNEVILLE, FR","FM-12","99999","V020","180,1,N,0041,1","99999,9,9,N","999999,9,N,9","+0190,1","+0089,1","10175,1","06,0000,9,1",,,"4,000",,"0060,9",,,,,"7,1,002,1,+999,9",,"4,99,0062,1","SYN017333   91112 94010",
"07173099999","1990-05-06T12:00:00","4","48.2","6.4333333","320.0","EPINAL DOGNEVILLE, FR","FM-12","99999","V020","210,1,N,0031,1","99999,9,9,N","999999,9,N,9","+0227,1","+0088,1","10159,1","06,0000,9,1",,,"4,000",,"0060,9",,,,,"7,1,011,1,+999,9",,"4,99,0062,1","SYN017333   91112 94010",
"07173099999","1990-05-06T15:00:00","4","48.2","6.4333333","320.0","EPINAL DOGNEVILLE, FR","FM-12","99999","V020","350,1,N,0010,1","99999,9,9,N","999999,9,N,9","+0181,1","+0110,1","10162,1","06,0000,9,1",,,"4,000",,"0000,9",,,,,"7,1,003,1,+999,9",,"4,99,0051,1","SYN017333   91110 94000",
"07173099999","1990-05-06T18:00:00","4","48.2","6.4333333","320.0","EPINAL DOGNEVILLE, FR","FM-12","99999","V020","300,1,N,0010,1","99999,9,9,N","999999,9,N,9","+0153,1","+0090,1","10155,1","99,0003,9,1",,,"0,000",,"0000,9",,"999,M,+0231,1",,,"7,1,010,1,+999,9",,"4,99,0031,1","SYN023333   10231 91106 94000",
"07173099999","1990-05-06T21:00:00","4","48.2","6.4333333","320.0","EPINAL DOGNEVILLE, FR","FM-12","99999","V020","130,1,N,0010,1","99999,9,9,N","999999,9,N,9","+0120,1","+0073,1","10169,1","06,0000,9,1",,,"4,000",,"0000,9",,,,,"2,1,009,1,+999,9",,"4,99,0021,1","SYN017333   91104 94000",
"07173099999","1990-05-07T00:00:00","4","48.2","6.4333333","320.0","EPINAL DOGNEVILLE, FR","FM-12","99999","V020","230,1,N,0010,1","99999,9,9,N","999999,9,N,9","+0085,1","+0056,1","10170,1","06,0000,9,1",,,"4,000",,"0000,9",,,,,"7,1,004,1,+999,9",,"4,99,0021,1","SYN017333   91104 94000",
"07173099999","1990-05-07T06:00:00","4","48.2","6.4333333","320.0","EPINAL DOGNEVILLE, FR","FM-12","99999","V020","140,1,N,0031,1","99999,9,9,N","999999,9,N,9","+0125,1","+0091,1","10167,1","06,0000,9,1",,,"4,000",,"0414,9","999,+0020,9","999,N,+0065,1",,,"2,1,003,1,+999,9",,"4,99,0062,1","SYN029333   20065 3/002 91112 94069",
"07173099999","1990-05-07T09:00:00","4","48.2","6.4333333","320.0","EPINAL DOGNEVILLE, FR","FM-12","99999","V020","160,1,N,0051,1","99999,9,9,N","999999,9,N,9","+0179,1","+0098,1","10162,1","06,0000,9,1",,,"4,000",,"0060,9",,,,,"2,1,002,1,+999,9",,"4,99,0072,1","SYN017333   91114 94010",
"07173099999","1990-05-07T12:00:00","4","48.2","6.4333333","320.0","EPINAL DOGNEVILLE, FR","FM-12","99999","V020","210,1,N,0041,1","99999,9,9,N","999999,9,N,9","+0201,1","+0105,1","10149,1","06,0000,9,1",,,"4,000",,"0036,9",,,,,"7,1,009,1,+999,9",,"4,99,0072,1","SYN017333   91114 94006",
"07173099999","1990-05-07T15:00:00","4","48.2","6.4333333","320.0","EPINAL DOGNEVILLE, FR","FM-12","99999","V020","270,1,N,0031,1","99999,9,9,N","999999,9,N,9","+0202,1","+0097,1","10138,1","06,0000,9,1",,,"4,000",,"0030,9",,,,,"7,1,011,1,+999,9",,"4,99,0062,1","SYN017333   91112 94005",
"07173099999","1990-05-07T18:00:00","4","48.2","6.4333333","320.0","EPINAL DOGNEVILLE, FR","FM-12","99999","V020","050,1,N,0021,1","99999,9,9,N","999999,9,N,9","+0143,1","+0095,1","10153,1","99,0010,9,1",,,"0,001","4,1,06,1","0000,9",,"999,M,+0215,1",,,"2,1,007,1,+999,9","21,1","4,99,0051,1","SYN023333   10215 91110 94000",
"07173099999","1990-05-07T21:00:00","4","48.2","6.4333333","320.0","EPINAL DOGNEVILLE, FR","FM-12","99999","V020","130,1,N,0010,1","99999,9,9,N","999999,9,N,9","+0127,1","+0106,1","10163,1","99,0010,9,1",,,"0,001","4,1,03,1","0000,9",,,,,"2,1,007,1,+999,9","21,1","4,99,0031,1","SYN017333   91106 94000",
"07173099999","1990-05-08T00:00:00","4","48.2","6.4333333","320.0","EPINAL DOGNEVILLE, FR","FM-12","99999","V020","090,1,N,0010,1","99999,9,9,N","999999,9,N,9","+0096,1","+0088,1","10174,1","06,0090,9,1",,,"0,000",,"0000,9",,,,,"2,1,007,1,+999,9",,"4,99,0021,1","SYN017333   91104 94000",
"07173099999","1990-05-08T03:00:00","4","48.2","6.4333333","320.0","EPINAL DOGNEVILLE, FR","FM-12","99999","V020","090,1,N,0010,1","99999,9,9,N","999999,9,N,9","+0089,1","+0083,1","10175,1","06,0000,9,1",,,"4,000",,"0000,9",,,,,"4,1,000,1,+999,9",,"4,99,0021,1","SYN017333   91104 94000",
"07173099999","1990-05-08T06:00:00","4","48.2","6.4333333","320.0","EPINAL DOGNEVILLE, FR","FM-12","99999","V020","999,1,C,0000,1","99999,9,9,N","999999,9,N,9","+0099,1","+0094,1","10180,1","99,0090,9,1",,,"0,000",,"0486,9","999,+0050,9","999,N,+0084,1",,,"2,1,006,1,+999,9",,"4,99,0021,1","SYN029333   20084 3/005 91104 94081",
"07173099999","1990-05-08T09:00:00","4","48.2","6.4333333","320.0","EPINAL DOGNEVILLE, FR","FM-12","99999","V020","220,1,N,0010,1","99999,9,9,N","999999,9,N,9","+0165,1","+0121,1","10175,1","06,0000,9,1",,,"4,000",,"0036,9",,,,,"2,1,004,1,+999,9",,"4,99,0021,1","SYN017333   91104 94006",
"07173099999","1990-05-08T12:00:00","4","48.2","6.4333333","320.0","EPINAL DOGNEVILLE, FR","FM-12","99999","V020","300,1,N,0010,1","99999,9,9,N","999999,9,N,9","+0205,1","+0094,1","10158,1","06,0000,9,1",,,"4,000",,"0054,9",,,,,"7,1,011,1,+999,9",,"4,99,0041,1","SYN017333   91108 94009",
"07173099999","1990-05-08T15:00:00","4","48.2","6.4333333","320.0","EPINAL DOGNEVILLE, FR","FM-12","99999","V020","100,1,N,0041,1","99999,9,9,N","999999,9,N,9","+0202,1","+0092,1","10148,1","06,0000,9,1",,,"4,000",,"0036,9",,,,,"7,1,010,1,+999,9",,"4,99,0062,1","SYN017333   91112 94006",
"07173099999","1990-05-08T18:00:00","4","48.2","6.4333333","320.0","EPINAL DOGNEVILLE, FR","FM-12","99999","V020","140,1,N,0021,1","99999,9,9,N","999999,9,N,9","+0167,1","+0094,1","10154,1","06,0000,9,1",,,"4,000",,"0018,9",,"999,M,+0219,1",,,"2,1,001,1,+999,9",,"4,99,0051,1","SYN023333   10219 91110 94003",
"07173099999","1990-05-08T21:00:00","4","48.2","6.4333333","320.0","EPINAL DOGNEVILLE, FR","FM-12","99999","V020","120,1,N,0021,1","99999,9,9,N","999999,9,N,9","+0132,1","+0106,1","10164,1","06,0000,9,1",,,"4,000",,"0000,9",,,,,"2,1,006,1,+999,9",,"4,99,0031,1","SYN017333   91106 94000",
"07173099999","1990-05-09T00:00:00","4","48.2","6.4333333","320.0","EPINAL DOGNEVILLE, FR","FM-12","99999","V020","100,1,N,0010,1","99999,9,9,N","999999,9,N,9","+0105,1","+0093,1","10169,1","06,0000,9,1",,,"4,000",,"0000,9",,,,,"4,1,000,1,+999,9",,"4,99,0021,1","SYN017333   91104 94000",
"07173099999","1990-05-09T03:00:00","4","48.2","6.4333333","320.0","EPINAL DOGNEVILLE, FR","FM-12","99999","V020","110,1,N,0010,1","99999,9,9,N","999999,9,N,9","+0108,1","+0097,1","10159,1","06,0000,9,1",,,"4,000",,"0000,9",,,,,"7,1,009,1,+999,9",,"4,99,0021,1","SYN017333   91104 94000",
"07173099999","1990-05-09T06:00:00","4","48.2","6.4333333","320.0","EPINAL DOGNEVILLE, FR","FM-12","99999","V020","999,1,C,0000,1","99999,9,9,N","999999,9,N,9","+0121,1","+0100,1","10164,1","06,0000,9,1",,,"4,000",,"0474,9","999,+0040,9","999,N,+0095,1",,,"2,1,007,1,+999,9",,"4,99,0021,1","SYN029333   20095 3/004 91104 94079",
"07173099999","1990-05-09T09:00:00","4","48.2","6.4333333","320.0","EPINAL DOGNEVILLE, FR","FM-12","99999","V020","150,1,N,0041,1","99999,9,9,N","999999,9,N,9","+0182,1","+0115,1","10158,1","06,0000,9,1",,,"4,000",,"0054,9",,,,,"2,1,002,1,+999,9",,"4,99,0072,1","SYN017333   91114 94009",
"07173099999","1990-05-09T12:00:00","4","48.2","6.4333333","320.0","EPINAL DOGNEVILLE, FR","FM-12","99999","V020","250,1,N,0021,1","99999,9,9,N","999999,9,N,9","+0185,1","+0125,1","10151,1","06,0000,9,1",,,"4,000",,"0018,9",,,,,"7,1,007,1,+999,9",,"4,99,0051,1","SYN017333   91110 94003",
"07173099999","1990-05-09T15:00:00","4","48.2","6.4333333","320.0","EPINAL DOGNEVILLE, FR","FM-12","99999","V020","200,1,N,0021,1","99999,9,9,N","999999,9,N,9","+0198,1","+0088,1","10144,1","06,0000,9,1",,,"4,000",,"0030,9",,,,,"7,1,005,1,+999,9",,"4,99,0031,1","SYN017333   91106 94005",
"07173099999","1990-05-09T18:00:00","4","48.2","6.4333333","320.0","EPINAL DOGNEVILLE, FR","FM-12","99999","V020","130,1,N,0010,1","99999,9,9,N","999999,9,N,9","+0168,1","+0111,1","10150,1","99,0040,9,1",,,"0,001","4,1,06,1","0042,9",,"999,M,+0210,1",,,"2,1,002,1,+999,9","21,1","4,99,0051,1","SYN023333   10210 91110 94007",
"07173099999","1990-05-09T21:00:00","4","48.2","6.4333333","320.0","EPINAL DOGNEVILLE, FR","FM-12","99999","V020","090,1,N,0010,1","99999,9,9,N","999999,9,N,9","+0115,1","+0102,1","10168,1","06,0000,9,1",,,"4,000",,"0000,9",,,,,"2,1,011,1,+999,9",,"4,99,0021,1","SYN017333   91104 94000",
"07173099999","1990-05-10T00:00:00","4","48.2","6.4333333","320.0","EPINAL DOGNEVILLE, FR","FM-12","99999","V020","999,1,C,0000,1","99999,9,9,N","999999,9,N,9","+0093,1","+0085,1","10169,1","06,0000,9,1",,,"4,000",,"0000,9",,,,,"7,1,002,1,+999,9",,"4,99,0021,1","SYN017333   91104 94000",
"07173099999","1990-05-10T03:00:00","4","48.2","6.4333333","320.0","EPINAL DOGNEVILLE, FR","FM-12","99999","V020","999,1,C,0000,1","99999,9,9,N","999999,9,N,9","+0087,1","+0081,1","10163,1","06,0000,9,1",,,"4,000",,"0000,9",,,,,"7,1,007,1,+999,9",,"4,99,0010,1","SYN017333   91102 94000",
"07173099999","1990-05-10T06:00:00","4","48.2","6.4333333","320.0","EPINAL DOGNEVILLE, FR","FM-12","99999","V020","999,1,C,0000,1","99999,9,9,N","999999,9,N,9","+0114,1","+0109,1","10156,1","06,0000,9,1",,,"4,000",,"0426,9","999,+0030,9","999,N,+0081,1",,,"7,1,002,1,+999,9",,"4,99,0021,1","SYN029333   20081 3/003 91104 94071",
"07173099999","1990-05-10T09:00:00","4","48.2","6.4333333","320.0","EPINAL DOGNEVILLE, FR","FM-12","99999","V020","170,1,N,0041,1","99999,9,9,N","999999,9,N,9","+0173,1","+0102,1","10146,1","06,0000,9,1",,,"4,000",,"0024,9",,,,,"7,1,003,1,+999,9",,"4,99,0062,1","SYN017333   91112 94004",
"07173099999","1990-05-10T12:00:00","4","48.2","6.4333333","320.0","EPINAL DOGNEVILLE, FR","FM-12","99999","V020","190,1,N,0021,1","99999,9,9,N","999999,9,N,9","+0132,1","+0107,1","10153,1","06,0040,9,1",,,"0,001","4,1,06,1","0000,9",,,,,"2,1,002,1,+999,9","21,1","4,99,0041,1","SYN017333   91108 94000",
"07173099999","1990-05-10T15:00:00","4","48.2","6.4333333","320.0","EPINAL DOGNEVILLE, FR","FM-12","99999","V020","210,1,N,0041,1","99999,9,9,N","999999,9,N,9","+0149,1","+0115,1","10135,1","99,0005,9,1",,,"0,000","4,1,03,1","0006,9",,,,,"7,1,016,1,+999,9","41,1","4,99,0082,1","SYN017333   91116 94001",
"07173099999","1990-05-10T18:00:00","4","48.2","6.4333333","320.0","EPINAL DOGNEVILLE, FR","FM-12","99999","V020","160,1,N,0031,1","99999,9,9,N","999999,9,N,9","+0126,1","+0113,1","10145,1","99,0130,9,1",,,"0,000","4,1,06,1","0000,9",,"999,M,+0185,1",,,"2,1,007,1,+999,9","41,1","4,99,0051,1","SYN023333   10185 91110 94000",
"07173099999","1990-05-10T21:00:00","4","48.2","6.4333333","320.0","EPINAL DOGNEVILLE, FR","FM-12","99999","V020","150,1,N,0021,1","99999,9,9,N","999999,9,N,9","+0122,1","+0108,1","10145,1","06,0000,9,1",,,"4,000",,"0000,9",,,,,"4,1,000,1,+999,9",,"4,99,0041,1","SYN017333   91108 94000",
"07173099999","1990-05-11T00:00:00","4","48.2","6.4333333","320.0","EPINAL DOGNEVILLE, FR","FM-12","99999","V020","220,1,N,0021,1","99999,9,9,N","999999,9,N,9","+0118,1","+0107,1","10144,1","06,0030,9,1",,,"0,000","4,1,06,1","0000,9",,,,,"7,1,001,1,+999,9","41,1","4,99,0051,1","SYN017333   91110 94000",
"07173099999","1990-05-11T03:00:00","4","48.2","6.4333333","320.0","EPINAL DOGNEVILLE, FR","FM-12","99999","V020","180,1,N,0021,1","99999,9,9,N","999999,9,N,9","+0104,1","+0095,1","10144,1","99,0003,9,1",,,"0,001","4,1,03,1","0000,9",,,,,"7,1,003,1,+999,9","21,1","4,99,0021,1","SYN017333   91104 94000",
"07173099999","1990-05-11T06:00:00","4","48.2","6.4333333","320.0","EPINAL DOGNEVILLE, FR","FM-12","99999","V020","160,1,N,0010,1","99999,9,9,N","999999,9,N,9","+0105,1","+0089,1","10144,1","99,0040,9,1",,,"0,000",,"0150,9","999,+0080,9","999,N,+0095,1",,,"4,1,000,1,+999,9",,"4,99,0031,1","SYN029333   20095 3/008 91106 94025",
"07173099999","1990-05-11T12:00:00","4","48.2","6.4333333","320.0","EPINAL DOGNEVILLE, FR","FM-12","99999","V020","040,1,N,9999,9","99999,9,9,N","999999,9,N,9","+0142,1","+0082,1","10131,1",,,,"2,000",,,,,,,,,,,"Q01+003293WOSPD "
"07173099999","1990-05-11T15:00:00","4","48.2","6.4333333","320.0","EPINAL DOGNEVILLE, FR","FM-12","99999","V020","300,1,N,0031,1","99999,9,9,N","999999,9,N,9","+0126,1","+0100,1","10119,1","03,0010,9,1",,,"0,001","4,1,03,1",,,,,,"6,1,013,1,+999,9","21,1","4,99,0098,1","SYN017333   60017 91119",
"07173099999","1990-05-11T18:00:00","4","48.2","6.4333333","320.0","EPINAL DOGNEVILLE, FR","FM-12","99999","V020","070,1,N,0010,1","99999,9,9,N","999999,9,N,9","+0111,1","+0092,1","10126,1",,,,"2,000",,,,,,,"1,1,005,1,+999,9",,"4,99,0129,1","SYN011333   91125",
"07173099999","1990-05-11T21:00:00","4","48.2","6.4333333","320.0","EPINAL DOGNEVILLE, FR","FM-12","99999","V020","080,1,N,0010,1","99999,9,9,N","999999,9,N,9","+0096,1","+0082,1","10131,1","06,0000,9,1",,,"4,000",,,,,,,"3,1,003,1,+999,9",,"4,99,0031,1","SYN011333   91106",
"07173099999","1990-05-12T00:00:00","4","48.2","6.4333333","320.0","EPINAL DOGNEVILLE, FR","FM-12","99999","V020","090,1,N,0010,1","99999,9,9,N","999999,9,N,9","+0058,1","+0051,1","10138,1","06,0000,9,1",,,"4,000",,,,,,,"0,1,001,1,+999,9",,"4,99,0031,1","SYN011333   91106",
"07173099999","1990-05-12T03:00:00","4","48.2","6.4333333","320.0","EPINAL DOGNEVILLE, FR","FM-12","99999","V020","130,1,N,0021,1","99999,9,9,N","999999,9,N,9","+0083,1","+0077,1","10128,1","06,0000,9,1",,,"4,000",,,,,,,"6,1,006,1,+999,9",,"4,99,0051,1","SYN011333   91110",
"07173099999","1990-05-12T06:00:00","4","48.2","6.4333333","320.0","EPINAL DOGNEVILLE, FR","FM-12","99999","V020","130,1,N,0010,1","99999,9,9,N","999999,9,N,9","+0092,1","+0078,1","10127,1","06,0000,9,1",,,"4,000",,,"999,+0000,9","999,N,+0058,1",,,"5,1,000,1,+999,9",,"4,99,0051,1","SYN029333   20058 3/000 55/// 91110",
"07173099999","1990-05-12T09:00:00","4","48.2","6.4333333","320.0","EPINAL DOGNEVILLE, FR","FM-12","99999","V020","190,1,N,0021,1","99999,9,9,N","999999,9,N,9","+0137,1","+0068,1","10119,1","06,0000,9,1",,,"4,000",,,,,,,"5,1,002,1,+999,9",,"4,99,0051,1","SYN011333   91110",
"07173099999","1990-05-12T12:00:00","4","48.2","6.4333333","320.0","EPINAL DOGNEVILLE, FR","FM-12","99999","V020","250,1,N,0021,1","99999,9,9,N","999999,9,N,9","+0161,1","+0048,1","10109,1","06,0000,9,1",,,"4,000",,,,,,,"6,1,007,1,+999,9",,"4,99,0072,1","SYN011333   91114",
"07173099999","1990-05-12T15:00:00","4","48.2","6.4333333","320.0","EPINAL DOGNEVILLE, FR","FM-12","99999","V020","270,1,N,0041,1","99999,9,9,N","999999,9,N,9","+0176,1","+0042,1","10102,1","06,0000,9,1",,,"4,000",,,,,,,"8,1,005,1,+999,9",,"4,99,0088,1","SYN011333   91117",
"07173099999","1990-05-12T18:00:00","4","48.2","6.4333333","320.0","EPINAL DOGNEVILLE, FR","FM-12","99999","V020","290,1,N,0031,1","99999,9,9,N","999999,9,N,9","+0163,1","+0053,1","10110,1","06,0000,9,1",,,"4,000",,,,"999,M,+0178,1",,,"3,1,006,1,+999,9",,"4,99,0088,1","SYN017333   10178 91117",
"07173099999","1990-05-12T21:00:00","4","48.2","6.4333333","320.0","EPINAL DOGNEVILLE, FR","FM-12","99999","V020","350,1,N,0010,1","99999,9,9,N","999999,9,N,9","+0106,1","+0067,1","10133,1","06,0000,9,1",,,"4,000",,,,,,,"3,1,016,1,+999,9",,"4,99,0041,1","SYN011333   91108",
"07173099999","1990-05-13T00:00:00","4","48.2","6.4333333","320.0","EPINAL DOGNEVILLE, FR","FM-12","99999","V020","080,1,N,0010,1","99999,9,9,N","999999,9,N,9","+0065,1","+0056,1","10138,1","06,0000,9,1",,,"4,000",,,,,,,"8,1,001,1,+999,9",,"4,99,0041,1","SYN011333   91108",
"07173099999","1990-05-13T03:00:00","4","48.2","6.4333333","320.0","EPINAL DOGNEVILLE, FR","FM-12","99999","V020","070,1,N,0010,1","99999,9,9,N","999999,9,N,9","+0053,1","+0046,1","10138,1","06,0000,9,1",,,"4,000",,,,,,,"8,1,002,1,+999,9",,"4,99,0021,1","SYN011333   91104",
"07173099999","1990-05-13T06:00:00","4","48.2","6.4333333","320.0","EPINAL DOGNEVILLE, FR","FM-12","99999","V020","999,1,C,0000,1","99999,9,9,N","999999,9,N,9","+0067,1","+0060,1","10141,1","06,0000,9,1",,,"4,000",,"0528,9","999,-0010,9","999,N,+0044,1",,,"3,1,005,1,+999,9",,"4,99,0021,1","SYN029333   20044 3/101 55088 91104",
"07173099999","1990-05-13T09:00:00","4","48.2","6.4333333","320.0","EPINAL DOGNEVILLE, FR","FM-12","99999","V020","010,1,N,0010,1","99999,9,9,N","999999,9,N,9","+0139,1","+0079,1","10136,1","06,0000,9,1",,,"4,000",,,,,,,"2,1,005,1,+999,9",,"4,99,0041,1","SYN011333   91108",
"07173099999","1990-05-13T12:00:00","4","48.2","6.4333333","320.0","EPINAL DOGNEVILLE, FR","FM-12","99999","V020","180,1,N,0010,1","99999,9,9,N","999999,9,N,9","+0185,1","+0082,1","10126,1","06,0000,9,1",,,"4,000",,,,,,,"8,1,004,1,+999,9",,"4,99,0062,1","SYN011333   91112",
"07173099999","1990-05-13T15:00:00","4","48.2","6.4333333","320.0","EPINAL DOGNEVILLE, FR","FM-12","99999","V020","330,1,N,0031,1","99999,9,9,N","999999,9,N,9","+0185,1","+0079,1","10120,1","06,0000,9,1",,,"4,000",,,,,,,"8,1,006,1,+999,9",,"4,99,0072,1","SYN011333   91114",
"07173099999","1990-05-13T18:00:00","4","48.2","6.4333333","320.0","EPINAL DOGNEVILLE, FR","FM-12","99999","V020","350,1,N,0010,1","99999,9,9,N","999999,9,N,9","+0167,1","+0076,1","10131,1","06,0000,9,1",,,"4,000",,,,"999,M,+0192,1",,,"3,1,008,1,+999,9",,"4,99,0072,1","SYN017333   10192 91114",
"07173099999","1990-05-13T21:00:00","4","48.2","6.4333333","320.0","EPINAL DOGNEVILLE, FR","FM-12","99999","V020","999,1,C,0000,1","99999,9,9,N","999999,9,N,9","+0121,1","+0078,1","10157,1","06,0000,9,1",,,"4,000",,,,,,,"1,1,020,1,+999,9",,"4,99,0062,1","SYN011333   91112",
"07173099999","1990-05-14T00:00:00","4","48.2","6.4333333","320.0","EPINAL DOGNEVILLE, FR","FM-12","99999","V020","999,1,C,0000,1","99999,9,9,N","999999,9,N,9","+0079,1","+0062,1","10169,1","06,0000,9,1",,,"4,000",,,,,,,"2,1,006,1,+999,9",,"4,99,0062,1","SYN011333   91112",
"07173099999","1990-05-14T03:00:00","4","48.2","6.4333333","320.0","EPINAL DOGNEVILLE, FR","FM-12","99999","V020","999,1,C,0000,1","99999,9,9,N","999999,9,N,9","+0057,1","+0047,1","10171,1","06,0000,9,1",,,"4,000",,,,,,,"8,1,002,1,+999,9",,"4,99,0021,1","SYN011333   91104",
"07173099999","1990-05-14T06:00:00","4","48.2","6.4333333","320.0","EPINAL DOGNEVILLE, FR","FM-12","99999","V020","999,1,C,0000,1","99999,9,9,N","999999,9,N,9","+0073,1","+0066,1","10178,1","06,0000,9,1",,,"4,000",,"0450,9","999,-0010,9","999,N,+0050,1",,,"3,1,009,1,+999,9",,"4,99,0021,1","SYN029333   20050 3/101 55075 91104",
"07173099999","1990-05-14T09:00:00","4","48.2","6.4333333","320.0","EPINAL DOGNEVILLE, FR","FM-12","99999","V020","050,1,N,0010,1","99999,9,9,N","999999,9,N,9","+0155,1","+0068,1","10170,1","06,0000,9,1",,,"4,000",,,,,,,"1,1,004,1,+999,9",,"4,99,0041,1","SYN011333   91108",
"07173099999","1990-05-14T12:00:00","4","48.2","6.4333333","320.0","EPINAL DOGNEVILLE, FR","FM-12","99999","V020","280,1,N,0031,1","99999,9,9,N","999999,9,N,9","+0183,1","+0071,1","10158,1","06,0000,9,1",,,"4,000",,,,,,,"6,1,008,1,+999,9",,"4,99,0062,1","SYN011333   91112",
"07173099999","1990-05-14T15:00:00","4","48.2","6.4333333","320.0","EPINAL DOGNEVILLE, FR","FM-12","99999","V020","230,1,N,0041,1","99999,9,9,N","999999,9,N,9","+0199,1","+0036,1","10152,1","06,0000,9,1",,,"4,000",,,,,,,"6,1,005,1,+999,9",,"4,99,0072,1","SYN011333   91114",
"07173099999","1990-05-14T18:00:00","4","48.2","6.4333333","320.0","EPINAL DOGNEVILLE, FR","FM-12","99999","V020","340,1,N,0010,1","99999,9,9,N","999999,9,N,9","+0177,1","+0063,1","10154,1","06,0000,9,1",,,"4,000",,,,"999,M,+0202,1",,,"5,1,000,1,+999,9",,"4,99,0072,1","SYN017333   10202 91114",
"07173099999","1990-05-14T21:00:00","4","48.2","6.4333333","320.0","EPINAL DOGNEVILLE, FR","FM-12","99999","V020","070,1,N,0010,1","99999,9,9,N","999999,9,N,9","+0124,1","+0081,1","10175,1","06,0000,9,1",,,"4,000",,,,,,,"3,1,013,1,+999,9",,"4,99,0021,1","SYN011333   91104",
"07173099999","1990-05-15T00:00:00","4","48.2","6.4333333","320.0","EPINAL DOGNEVILLE, FR","FM-12","99999","V020","999,1,C,0000,1","99999,9,9,N","999999,9,N,9","+0092,1","+0078,1","10187,1","06,0000,9,1",,,"4,000",,,,,,,"1,1,008,1,+999,9",,"4,99,0021,1","SYN011333   91104",
"07173099999","1990-05-15T03:00:00","4","48.2","6.4333333","320.0","EPINAL DOGNEVILLE, FR","FM-12","99999","V020","999,1,C,0000,1","99999,9,9,N","999999,9,N,9","+0080,1","+0071,1","10182,1","06,0000,9,1",,,"4,000",,,,,,,"6,1,006,1,+999,9",,"4,99,0021,1","SYN011333   91104",
"07173099999","1990-05-15T06:00:00","4","48.2","6.4333333","320.0","EPINAL DOGNEVILLE, FR","FM-12","99999","V020","999,1,C,0000,1","99999,9,9,N","999999,9,N,9","+0106,1","+0097,1","10188,1","06,0000,9,1",,,"4,000",,"0642,9","999,+0030,9","999,N,+0078,1",,,"1,1,009,1,+999,9",,"4,99,0021,1","SYN029333   20078 3/003 55107 91104",
"07173099999","1990-05-15T09:00:00","4","48.2","6.4333333","320.0","EPINAL DOGNEVILLE, FR","FM-12","99999","V020","230,1,N,0031,1","99999,9,9,N","999999,9,N,9","+0199,1","+0100,1","10178,1","06,0000,9,1",,,"4,000",,,,,,,"1,1,002,1,+999,9",,"4,99,0051,1","SYN011333   91110",
"07173099999","1990-05-15T12:00:00","4","48.2","6.4333333","320.0","EPINAL DOGNEVILLE, FR","FM-12","99999","V020","170,1,N,0031,1","99999,9,9,N","999999,9,N,9","+0217,1","+0086,1","10170,1","06,0000,9,1",,,"4,000",,,,,,,"8,1,005,1,+999,9",,"4,99,0072,1","SYN011333   91114",
"07173099999","1990-05-15T15:00:00","4","48.2","6.4333333","320.0","EPINAL DOGNEVILLE, FR","FM-12","99999","V020","250,1,N,0072,1","99999,9,9,N","999999,9,N,9","+0165,1","+0121,1","10177,1","03,0002,9,1","99,0003,9,1",,"0,001","4,1,03,1",,,,,,"5,1,000,1,+999,9","21,1","4,99,0160,1","SYN017333   69927 91131",
"07173099999","1990-05-15T18:00:00","4","48.2","6.4333333","320.0","EPINAL DOGNEVILLE, FR","FM-12","99999","V020","140,1,N,0010,1","99999,9,9,N","999999,9,N,9","+0154,1","+0134,1","10185,1","03,0030,9,1",,,"0,000",,,,"999,M,+0235,1",,,"3,1,007,1,+999,9",,"4,99,0160,1","SYN023333   10235 60037 91131",
"07173099999","1990-05-15T21:00:00","4","48.2","6.4333333","320.0","EPINAL DOGNEVILLE, FR","FM-12","99999","V020","100,1,N,0010,1","99999,9,9,N","999999,9,N,9","+0123,1","+0115,1","10198,1","06,0000,9,1",,,"4,000",,,,,,,"2,1,008,1,+999,9",,"4,99,0031,1","SYN011333   91106",
"07173099999","1990-05-16T00:00:00","4","48.2","6.4333333","320.0","EPINAL DOGNEVILLE, FR","FM-12","99999","V020","999,1,C,0000,1","99999,9,9,N","999999,9,N,9","+0101,1","+0095,1","10198,1","06,0000,9,1",,,"4,000",,,,,,,"8,1,003,1,+999,9",,"4,99,0031,1","SYN011333   91106",
"07173099999","1990-05-16T03:00:00","4","48.2","6.4333333","320.0","EPINAL DOGNEVILLE, FR","FM-12","99999","V020","999,1,C,0000,1","99999,9,9,N","999999,9,N,9","+0093,1","+0088,1","10199,1","06,0000,9,1",,,"4,000",,,,,,,"5,1,000,1,+999,9",,"4,99,0021,1","SYN011333   91104",
"07173099999","1990-05-16T06:00:00","4","48.2","6.4333333","320.0","EPINAL DOGNEVILLE, FR","FM-12","99999","V020","999,1,C,0000,1","99999,9,9,N","999999,9,N,9","+0114,1","+0109,1","10199,1","06,0000,9,1","24,0032,9,1",,"4,000",,"0330,9","999,+0040,9","999,N,+0087,1",,,"2,1,003,1,+999,9",,"4,99,0021,1","SYN035333   20087 3/004 55055 70032 91104",
"07173099999","1990-05-16T09:00:00","4","48.2","6.4333333","320.0","EPINAL DOGNEVILLE, FR","FM-12","99999","V020","220,1,N,0021,1","99999,9,9,N","999999,9,N,9","+0192,1","+0122,1","10196,1","06,0000,9,1",,,"4,000",,,,,,,"2,1,006,1,+999,9",,"4,99,0062,1","SYN011333   91112",
"07173099999","1990-05-16T12:00:00","4","48.2","6.4333333","320.0","EPINAL DOGNEVILLE, FR","FM-12","99999","V020","220,1,N,0031,1","99999,9,9,N","999999,9,N,9","+0208,1","+0128,1","10186,1","06,0000,9,1",,,"4,000",,,,,,,"8,1,006,1,+999,9",,"4,99,0062,1","SYN011333   91112",
"07173099999","1990-05-16T15:00:00","4","48.2","6.4333333","320.0","EPINAL DOGNEVILLE, FR","FM-12","99999","V020","210,1,N,0041,1","99999,9,9,N","999999,9,N,9","+0222,1","+0119,1","10175,1","06,0000,9,1",,,"4,000",,,,,,,"7,1,010,1,+999,9",,"4,99,0082,1","SYN011333   91116",
"07173099999","1990-05-16T18:00:00","4","48.2","6.4333333","320.0","EPINAL DOGNEVILLE, FR","FM-12","99999","V020","260,1,N,0031,1","99999,9,9,N","999999,9,N,9","+0201,1","+0116,1","10179,1","06,0000,9,1",,,"4,000",,,,"999,M,+0227,1",,,"3,1,002,1,+999,9",,"4,99,0082,1","SYN017333   10227 91116",
"07173099999","1990-05-16T21:00:00","4","48.2","6.4333333","320.0","EPINAL DOGNEVILLE, FR","FM-12","99999","V020","999,1,C,0000,1","99999,9,9,N","999999,9,N,9","+0139,1","+0112,1","10198,1","06,0000,9,1",,,"4,000",,,,,,,"3,1,010,1,+999,9",,"4,99,0031,1","SYN011333   91106",
"07173099999","1990-05-17T00:00:00","4","48.2","6.4333333","320.0","EPINAL DOGNEVILLE, FR","FM-12","99999","V020","999,1,C,0000,1","99999,9,9,N","999999,9,N,9","+0127,1","+0111,1","10191,1","06,0000,9,1",,,"4,000",,,,,,,"8,1,008,1,+999,9",,"4,99,0031,1","SYN011333   91106",
"07173099999","1990-05-17T03:00:00","4","48.2","6.4333333","320.0","EPINAL DOGNEVILLE, FR","FM-12","99999","V020","060,1,N,0010,1","99999,9,9,N","999999,9,N,9","+0101,1","+0092,1","10194,1","06,0000,9,1",,,"4,000",,,,,,,"5,1,001,1,+999,9",,"4,99,0021,1","SYN011333   91104",
"07173099999","1990-05-17T06:00:00","4","48.2","6.4333333","320.0","EPINAL DOGNEVILLE, FR","FM-12","99999","V020","999,1,C,0000,1","99999,9,9,N","999999,9,N,9","+0126,1","+0118,1","10194,1","06,0000,9,1",,,"4,000",,"0612,9","999,+0050,9","999,N,+0094,1",,,"2,1,004,1,+999,9",,"4,99,0021,1","SYN029333   20094 3/005 55102 91104",
"07173099999","1990-05-17T09:00:00","4","48.2","6.4333333","320.0","EPINAL DOGNEVILLE, FR","FM-12","99999","V020","300,1,N,0010,1","99999,9,9,N","999999,9,N,9","+0192,1","+0105,1","10185,1","06,0000,9,1",,,"4,000",,,,,,,"8,1,001,1,+999,9",,"4,99,0041,1","SYN011333   91108",
"07173099999","1990-05-17T12:00:00","4","48.2","6.4333333","320.0","EPINAL DOGNEVILLE, FR","FM-12","99999","V020","330,1,N,0021,1","99999,9,9,N","999999,9,N,9","+0206,1","+0098,1","10178,1","06,0000,9,1",,,"4,000",,,,,,,"8,1,005,1,+999,9",,"4,99,0062,1","SYN011333   91112",
"07173099999","1990-05-17T15:00:00","4","48.2","6.4333333","320.0","EPINAL DOGNEVILLE, FR","FM-12","99999","V020","340,1,N,0021,1","99999,9,9,N","999999,9,N,9","+0218,1","+0076,1","10163,1","06,0000,9,1",,,"4,000",,,,,,,"7,1,013,1,+999,9",,"4,99,0062,1","SYN011333   91112",
"07173099999","1990-05-17T18:00:00","4","48.2","6.4333333","320.0","EPINAL DOGNEVILLE, FR","FM-12","99999","V020","330,1,N,0021,1","99999,9,9,N","999999,9,N,9","+0203,1","+0092,1","10157,1","06,0000,9,1",,,"4,000",,,,"999,M,+0222,1",,,"6,1,008,1,+999,9",,"4,99,0062,1","SYN017333   10222 91112",
"07173099999","1990-05-17T21:00:00","4","48.2","6.4333333","320.0","EPINAL DOGNEVILLE, FR","FM-12","99999","V020","070,1,N,0010,1","99999,9,9,N","999999,9,N,9","+0130,1","+0094,1","10176,1","06,0000,9,1",,,"4,000",,,,,,,"3,1,010,1,+999,9",,"4,99,0041,1","SYN011333   91108",
"07173099999","1990-05-18T00:00:00","4","48.2","6.4333333","320.0","EPINAL DOGNEVILLE, FR","FM-12","99999","V020","999,1,C,0000,1","99999,9,9,N","999999,9,N,9","+0105,1","+0091,1","10179,1","06,0000,9,1",,,"4,000",,,,,,,"8,1,001,1,+999,9",,"4,99,0041,1","SYN011333   91108",
"07173099999","1990-05-18T03:00:00","4","48.2","6.4333333","320.0","EPINAL DOGNEVILLE, FR","FM-12","99999","V020","050,1,N,0010,1","99999,9,9,N","999999,9,N,9","+0097,1","+0086,1","10175,1","06,0000,9,1",,,"4,000",,,,,,,"8,1,004,1,+999,9",,"4,99,0021,1","SYN011333   91104",
"07173099999","1990-05-18T06:00:00","4","48.2","6.4333333","320.0","EPINAL DOGNEVILLE, FR","FM-12","99999","V020","340,1,N,0010,1","99999,9,9,N","999999,9,N,9","+0112,1","+0091,1","10182,1","06,0000,9,1",,,"4,000",,"0744,9","999,+0050,9","999,N,+0094,1",,,"1,1,008,1,+999,9",,"4,99,0031,1","SYN029333   20094 3/005 55124 91106",
"07173099999","1990-05-18T09:00:00","4","48.2","6.4333333","320.0","EPINAL DOGNEVILLE, FR","FM-12","99999","V020","300,1,N,0021,1","99999,9,9,N","999999,9,N,9","+0154,1","+0104,1","10180,1","06,0000,9,1",,,"4,000",,,,,,,"1,1,003,1,+999,9",,"4,99,0041,1","SYN011333   91108",
"07173099999","1990-05-18T12:00:00","4","48.2","6.4333333","320.0","EPINAL DOGNEVILLE, FR","FM-12","99999","V020","290,1,N,0031,1","99999,9,9,N","999999,9,N,9","+0208,1","+0100,1","10169,1","06,0000,9,1",,,"4,000",,,,,,,"8,1,003,1,+999,9",,"4,99,0051,1","SYN011333   91110",
"07173099999","1990-05-18T15:00:00","4","48.2","6.4333333","320.0","EPINAL DOGNEVILLE, FR","FM-12","99999","V020","320,1,N,0041,1","99999,9,9,N","999999,9,N,9","+0216,1","+0078,1","10157,1","06,0000,9,1",,,"4,000",,,,,,,"6,1,011,1,+999,9",,"4,99,0072,1","SYN011333   91114",
"07173099999","1990-05-18T18:00:00","4","48.2","6.4333333","320.0","EPINAL DOGNEVILLE, FR","FM-12","99999","V020","340,1,N,0051,1","99999,9,9,N","999999,9,N,9","+0202,1","+0085,1","10160,1","06,0000,9,1",,,"4,000",,,,"999,M,+0218,1",,,"3,1,001,1,+999,9",,"4,99,0072,1","SYN017333   10218 91114",
"07173099999","1990-05-18T21:00:00","4","48.2","6.4333333","320.0","EPINAL DOGNEVILLE, FR","FM-12","99999","V020","360,1,N,0021,1","99999,9,9,N","999999,9,N,9","+0148,1","+0085,1","10181,1","06,0000,9,1",,,"4,000",,,,,,,"2,1,014,1,+999,9",,"4,99,0072,1","SYN011333   91114",
"07173099999","1990-05-19T00:00:00","4","48.2","6.4333333","320.0","EPINAL DOGNEVILLE, FR","FM-12","99999","V020","999,1,C,0000,1","99999,9,9,N","999999,9,N,9","+0103,1","+0075,1","10186,1","06,0000,9,1",,,"4,000",,,,,,,"8,1,001,1,+999,9",,"4,99,0072,1","SYN011333   91114",
"07173099999","1990-05-19T03:00:00","4","48.2","6.4333333","320.0","EPINAL DOGNEVILLE, FR","FM-12","99999","V020","999,1,C,0000,1","99999,9,9,N","999999,9,N,9","+0075,1","+0060,1","10188,1","06,0000,9,1",,,"4,000",,,,,,,"5,1,003,1,+999,9",,"4,99,0031,1","SYN011333   91106",
"07173099999","1990-05-19T06:00:00","4","48.2","6.4333333","320.0","EPINAL DOGNEVILLE, FR","FM-12","99999","V020","320,1,N,0010,1","99999,9,9,N","999999,9,N,9","+0094,1","+0059,1","10196,1","06,0000,9,1",,,"4,000",,"0522,9","999,+0030,9","999,N,+0074,1",,,"3,1,011,1,+999,9",,"4,99,0031,1","SYN029333   20074 3/003 55087 91106",
"07173099999","1990-05-19T09:00:00","4","48.2","6.4333333","320.0","EPINAL DOGNEVILLE, FR","FM-12","99999","V020","290,1,N,0031,1","99999,9,9,N","999999,9,N,9","+0162,1","+0087,1","10189,1","06,0000,9,1",,,"4,000",,,,,,,"1,1,002,1,+999,9",,"4,99,0051,1","SYN011333   91110",
"07173099999","1990-05-19T12:00:00","4","48.2","6.4333333","320.0","EPINAL DOGNEVILLE, FR","FM-12","99999","V020","330,1,N,0041,1","99999,9,9,N","999999,9,N,9","+0201,1","+0102,1","10178,1","06,0000,9,1",,,"4,000",,,,,,,"8,1,005,1,+999,9",,"4,99,0062,1","SYN011333   91112",
"07173099999","1990-05-19T15:00:00","4","48.2","6.4333333","320.0","EPINAL DOGNEVILLE, FR","FM-12","99999","V020","360,1,N,0021,1","99999,9,9,N","999999,9,N,9","+0218,1","+0009,1","10171,1","06,0000,9,1",,,"4,000",,,,,,,"6,1,006,1,+999,9",,"4,99,0082,1","SYN011333   91116",
"07173099999","1990-05-19T18:00:00","4","48.2","6.4333333","320.0","EPINAL DOGNEVILLE, FR","FM-12","99999","V020","330,1,N,0021,1","99999,9,9,N","999999,9,N,9","+0193,1","+0095,1","10174,1","06,0000,9,1",,,"4,000",,,,"999,M,+0220,1",,,"5,1,000,1,+999,9",,"4,99,0082,1","SYN017333   10220 91116",
"07173099999","1990-05-19T21:00:00","4","48.2","6.4333333","320.0","EPINAL DOGNEVILLE, FR","FM-12","99999","V020","999,1,C,0000,1","99999,9,9,N","999999,9,N,9","+0152,1","+0104,1","10182,1","06,0000,9,1",,,"4,000",,,,,,,"3,1,003,1,+999,9",,"4,99,0031,1","SYN011333   91106",
"07173099999","1990-05-20T00:00:00","4","48.2","6.4333333","320.0","EPINAL DOGNEVILLE, FR","FM-12","99999","V020","060,1,N,0010,1","99999,9,9,N","999999,9,N,9","+0121,1","+0098,1","10184,1","06,0000,9,1",,,"4,000",,,,,,,"8,1,002,1,+999,9",,"4,99,0031,1","SYN011333   91106",
"07173099999","1990-05-20T03:00:00","4","48.2","6.4333333","320.0","EPINAL DOGNEVILLE, FR","FM-12","99999","V020","999,1,C,0000,1","99999,9,9,N","999999,9,N,9","+0096,1","+0087,1","10182,1","06,0000,9,1",,,"4,000",,,,,,,"6,1,005,1,+999,9",,"4,99,0021,1","SYN011333   91104",
"07173099999","1990-05-20T06:00:00","4","48.2","6.4333333","320.0","EPINAL DOGNEVILLE, FR","FM-12","99999","V020","999,1,C,0000,1","99999,9,9,N","999999,9,N,9","+0110,1","+0101,1","10183,1","06,0000,9,1",,,"4,000",,"0624,9","999,+0030,9","999,N,+0086,1",,,"3,1,003,1,+999,9",,"4,99,0021,1","SYN029333   20086 3/003 55104 91104",
"07173099999","1990-05-20T09:00:00","4","48.2","6.4333333","320.0","EPINAL DOGNEVILLE, FR","FM-12","99999","V020","300,1,N,0021,1","99999,9,9,N","999999,9,N,9","+0189,1","+0112,1","10166,1","06,0000,9,1",,,"4,000",,,,,,,"8,1,007,1,+999,9",,"4,99,0041,1","SYN011333   91108",
"07173099999","1990-05-20T12:00:00","4","48.2","6.4333333","320.0","EPINAL DOGNEVILLE, FR","FM-12","99999","V020","340,1,N,0031,1","99999,9,9,N","999999,9,N,9","+0225,1","+0106,1","10143,1","06,0000,9,1",,,"4,000",,,,,,,"6,1,017,1,+999,9",,"4,99,0062,1","SYN011333   91112",
"07173099999","1990-05-20T15:00:00","4","48.2","6.4333333","320.0","EPINAL DOGNEVILLE, FR","FM-12","99999","V020","320,1,N,0041,1","99999,9,9,N","999999,9,N,9","+0235,1","+0109,1","10121,1","06,0000,9,1",,,"4,000",,,,,,,"8,1,020,1,+999,9",,"4,99,0082,1","SYN011333   91116",
"07173099999","1990-05-20T18:00:00","4","48.2","6.4333333","320.0","EPINAL DOGNEVILLE, FR","FM-12","99999","V020","320,1,N,0031,1","99999,9,9,N","999999,9,N,9","+0207,1","+0108,1","10121,1","06,0000,9,1",,,"4,000",,,,"999,M,+0238,1",,,"5,1,004,1,+999,9",,"4,99,0088,1","SYN017333   10238 91117",
"07173099999","1990-05-20T21:00:00","4","48.2","6.4333333","320.0","EPINAL DOGNEVILLE, FR","FM-12","99999","V020","070,1,N,0010,1","99999,9,9,N","999999,9,N,9","+0162,1","+0124,1","10127,1","06,0000,9,1",,,"4,000",,,,,,,"5,1,000,1,+999,9",,"4,99,0051,1","SYN011333   91110",
"07173099999","1990-05-21T00:00:00","4","48.2","6.4333333","320.0","EPINAL DOGNEVILLE, FR","FM-12","99999","V020","160,1,N,0041,1","99999,9,9,N","999999,9,N,9","+0153,1","+0117,1","10136,1","06,0000,9,1",,,"4,000",,,,,,,"3,1,008,1,+999,9",,"4,99,0082,1","SYN011333   91116",
"07173099999","1990-05-21T03:00:00","4","48.2","6.4333333","320.0","EPINAL DOGNEVILLE, FR","FM-12","99999","V020","150,1,N,0021,1","99999,9,9,N","999999,9,N,9","+0142,1","+0115,1","10134,1","06,0000,9,1",,,"4,000",,,,,,,"7,1,003,1,+999,9",,"4,99,0062,1","SYN011333   91112",
"07173099999","1990-05-21T06:00:00","4","48.2","6.4333333","320.0","EPINAL DOGNEVILLE, FR","FM-12","99999","V020","040,1,N,0010,1","99999,9,9,N","999999,9,N,9","+0138,1","+0129,1","10137,1","03,0020,9,1","24,0022,9,1",,"0,000","4,1,06,1","0666,9","999,+0120,9","999,N,+0137,1",,,"3,1,002,1,+999,9","41,1","4,99,0062,1","SYN041333   20137 3/012 55111 60027 70022 91112",
"07173099999","1990-05-21T09:00:00","4","48.2","6.4333333","320.0","EPINAL DOGNEVILLE, FR","FM-12","99999","V020","999,1,C,0000,1","99999,9,9,N","999999,9,N,9","+0139,1","+0126,1","10138,1","03,0090,9,1",,,"0,001","4,1,03,1",,,,,,"1,1,002,1,+999,9","21,1","4,99,0031,1","SYN017333   60097 91106",
"07173099999","1990-05-21T12:00:00","4","48.2","6.4333333","320.0","EPINAL DOGNEVILLE, FR","FM-12","99999","V020","310,1,N,0021,1","99999,9,9,N","999999,9,N,9","+0145,1","+0130,1","10140,1","03,0060,9,1","06,0060,9,1",,"0,001","4,1,06,1",,,,,,"0,1,002,1,+999,9","21,1","4,99,0041,1","SYN017333   60067 91108",
"07173099999","1990-05-21T15:00:00","4","48.2","6.4333333","320.0","EPINAL DOGNEVILLE, FR","FM-12","99999","V020","999,1,C,0000,1","99999,9,9,N","999999,9,N,9","+0164,1","+0129,1","10130,1","03,0004,9,1","99,0005,9,1",,"0,000",,,,,,,"6,1,007,1,+999,9",,"4,99,0051,1","SYN017333   69947 91110",
"07173099999","1990-05-21T18:00:00","4","48.2","6.4333333","320.0","EPINAL DOGNEVILLE, FR","FM-12","99999","V020","350,1,N,0010,1","99999,9,9,N","999999,9,N,9","+0165,1","+0138,1","10128,1","99,0150,9,1",,,"0,000",,,,"999,M,+0179,1",,,"5,1,002,1,+999,9",,"4,99,0051,1","SYN017333   10179 91110",
"07173099999","1990-05-21T21:00:00","4","48.2","6.4333333","320.0","EPINAL DOGNEVILLE, FR","FM-12","99999","V020","160,1,N,0010,1","99999,9,9,N","999999,9,N,9","+0135,1","+0126,1","10138,1","03,0002,9,1","99,0003,9,1",,"0,000",,,,,,,"1,1,006,1,+999,9",,"4,99,0031,1","SYN017333   69927 91106",
"07173099999","1990-05-22T00:00:00","4","48.2","6.4333333","320.0","EPINAL DOGNEVILLE, FR","FM-12","99999","V020","999,1,C,0000,1","99999,9,9,N","999999,9,N,9","+0106,1","+0098,1","10145,1","06,0003,9,1",,,"0,000",,,,,,,"1,1,003,1,+999,9",,"4,99,0031,1","SYN011333   91106",
"07173099999","1990-05-22T03:00:00","4","48.2","6.4333333","320.0","EPINAL DOGNEVILLE, FR","FM-12","99999","V020","080,1,N,0010,1","99999,9,9,N","999999,9,N,9","+0100,1","+0095,1","10147,1","06,0000,9,1",,,"4,000",,,,,,,"1,1,001,1,+999,9",,"4,99,0021,1","SYN011333   91104",
"07173099999","1990-05-22T06:00:00","4","48.2","6.4333333","320.0","EPINAL DOGNEVILLE, FR","FM-12","99999","V020","240,1,N,0010,1","99999,9,9,N","999999,9,N,9","+0106,1","+0103,1","10153,1","24,0154,9,1","99,0003,9,1",,"0,000",,"0114,9","999,+0040,9","999,N,+0089,1",,,"3,1,007,1,+999,9",,"4,99,0031,1","SYN035333   20089 3/004 55019 70154 91106",
"07173099999","1990-05-22T09:00:00","4","48.2","6.4333333","320.0","EPINAL DOGNEVILLE, FR","FM-12","99999","V020","310,1,N,0010,1","99999,9,9,N","999999,9,N,9","+0122,1","+0114,1","10153,1","06,0000,9,1",,,"4,000",,,,,,,"0,1,002,1,+999,9",,"4,99,0041,1","SYN011333   91108",
"07173099999","1990-05-22T12:00:00","4","48.2","6.4333333","320.0","EPINAL DOGNEVILLE, FR","FM-12","99999","V020","220,1,N,0010,1","99999,9,9,N","999999,9,N,9","+0186,1","+0121,1","10137,1","06,0000,9,1",,,"4,000",,,,,,,"8,1,008,1,+999,9",,"4,99,0041,1","SYN011333   91108",
"07173099999","1990-05-22T15:00:00","4","48.2","6.4333333","320.0","EPINAL DOGNEVILLE, FR","FM-12","99999","V020","320,1,N,0021,1","99999,9,9,N","999999,9,N,9","+0209,1","+0095,1","10120,1","06,0000,9,1",,,"4,000",,,,,,,"7,1,014,1,+999,9",,"4,99,0062,1","SYN011333   91112",
"07173099999","1990-05-22T18:00:00","4","48.2","6.4333333","320.0","EPINAL DOGNEVILLE, FR","FM-12","99999","V020","320,1,N,0021,1","99999,9,9,N","999999,9,N,9","+0196,1","+0111,1","10127,1","06,0000,9,1",,,"4,000",,,,"999,M,+0214,1",,,"3,1,005,1,+999,9",,"4,99,0062,1","SYN017333   10214 91112",
"07173099999","1990-05-22T21:00:00","4","48.2","6.4333333","320.0","EPINAL DOGNEVILLE, FR","FM-12","99999","V020","070,1,N,0010,1","99999,9,9,N","999999,9,N,9","+0130,1","+0111,1","10145,1","06,0000,9,1",,,"4,000",,,,,,,"2,1,010,1,+999,9",,"4,99,0031,1","SYN011333   91106",
"07173099999","1990-05-23T00:00:00","4","48.2","6.4333333","320.0","EPINAL DOGNEVILLE, FR","FM-12","99999","V020","280,1,N,0021,1","99999,9,9,N","999999,9,N,9","+0136,1","+0125,1","10143,1","06,0000,9,1",,,"4,000",,,,,,,"7,1,001,1,+999,9",,"4,99,0031,1","SYN011333   91106",
"07173099999","1990-05-23T03:00:00","4","48.2","6.4333333","320.0","EPINAL DOGNEVILLE, FR","FM-12","99999","V020","999,1,C,0000,1","99999,9,9,N","999999,9,N,9","+0129,1","+0120,1","10141,1","06,0000,9,1",,,"4,000",,,,,,,"8,1,003,1,+999,9",,"4,99,0021,1","SYN011333   91104",
"07173099999","1990-05-23T06:00:00","4","48.2","6.4333333","320.0","EPINAL DOGNEVILLE, FR","FM-12","99999","V020","300,1,N,0010,1","99999,9,9,N","999999,9,N,9","+0139,1","+0121,1","10147,1","06,0000,9,1",,,"4,000",,"0450,9","999,+0080,9","999,N,+0126,1",,,"3,1,007,1,+999,9",,"4,99,0021,1","SYN029333   20126 3/008 55075 91104",
"07173099999","1990-05-23T09:00:00","4","48.2","6.4333333","320.0","EPINAL DOGNEVILLE, FR","FM-12","99999","V020","190,1,N,0031,1","99999,9,9,N","999999,9,N,9","+0180,1","+0120,1","10149,1","06,0000,9,1",,,"4,000",,,,,,,"1,1,007,1,+999,9",,"4,99,0072,1","SYN011333   91114",
"07173099999","1990-05-23T12:00:00","4","48.2","6.4333333","320.0","EPINAL DOGNEVILLE, FR","FM-12","99999","V020","140,1,N,0010,1","99999,9,9,N","999999,9,N,9","+0206,1","+0115,1","10138,1","06,0000,9,1",,,"4,000",,,,,,,"8,1,007,1,+999,9",,"4,99,0072,1","SYN011333   91114",
"07173099999","1990-05-23T15:00:00","4","48.2","6.4333333","320.0","EPINAL DOGNEVILLE, FR","FM-12","99999","V020","220,1,N,0041,1","99999,9,9,N","999999,9,N,9","+0229,1","+0110,1","10123,1","06,0000,9,1",,,"4,000",,,,,,,"6,1,012,1,+999,9",,"4,99,0072,1","SYN011333   91114",
"07173099999","1990-05-23T18:00:00","4","48.2","6.4333333","320.0","EPINAL DOGNEVILLE, FR","FM-12","99999","V020","330,1,N,0031,1","99999,9,9,N","999999,9,N,9","+0189,1","+0131,1","10139,1","03,0002,9,1","99,0003,9,1",,"0,000",,,,"999,M,+0229,1",,,"3,1,010,1,+999,9",,"4,99,0098,1","SYN023333   10229 69927 91119",
"07173099999","1990-05-23T21:00:00","4","48.2","6.4333333","320.0","EPINAL DOGNEVILLE, FR","FM-12","99999","V020","060,1,N,0010,1","99999,9,9,N","999999,9,N,9","+0135,1","+0121,1","10147,1","06,0000,9,1",,,"4,000",,,,,,,"3,1,002,1,+999,9",,"4,99,0031,1","SYN011333   91106",
"07173099999","1990-05-24T00:00:00","4","48.2","6.4333333","320.0","EPINAL DOGNEVILLE, FR","FM-12","99999","V020","330,1,N,0010,1","99999,9,9,N","999999,9,N,9","+0120,1","+0111,1","10143,1","06,0000,9,1",,,"4,000",,,,,,,"6,1,006,1,+999,9",,"4,99,0031,1","SYN011333   91106",
"07173099999","1990-05-24T03:00:00","4","48.2","6.4333333","320.0","EPINAL DOGNEVILLE, FR","FM-12","99999","V020","999,1,C,0000,1","99999,9,9,N","999999,9,N,9","+0125,1","+0120,1","10136,1","06,0000,9,1",,,"4,000",,,,,,,"6,1,007,1,+999,9",,"4,99,0031,1","SYN011333   91106",
"07173099999","1990-05-24T06:00:00","4","48.2","6.4333333","320.0","EPINAL DOGNEVILLE, FR","FM-12","99999","V020","310,1,N,0021,1","99999,9,9,N","999999,9,N,9","+0123,1","+0120,1","10133,1","06,0000,9,1","24,0002,9,1",,"4,000",,"0396,9","999,+0080,9","999,N,+0116,1",,,"6,1,002,1,+999,9",,"4,99,0031,1","SYN035333   20116 3/008 55066 70002 91106",
"07173099999","1990-05-24T09:00:00","4","48.2","6.4333333","320.0","EPINAL DOGNEVILLE, FR","FM-12","99999","V020","360,1,N,0031,1","99999,9,9,N","999999,9,N,9","+0142,1","+0124,1","10131,1","06,0000,9,1",,,"4,000",,,,,,,"4,1,000,1,+999,9",,"4,99,0051,1","SYN011333   91110",
"07173099999","1990-05-24T12:00:00","4","48.2","6.4333333","320.0","EPINAL DOGNEVILLE, FR","FM-12","99999","V020","340,1,N,0051,1","99999,9,9,N","999999,9,N,9","+0182,1","+0141,1","10119,1","06,0000,9,1",,,"4,000",,,,,,,"8,1,006,1,+999,9",,"4,99,0088,1","SYN011333   91117",
"07173099999","1990-05-24T15:00:00","4","48.2","6.4333333","320.0","EPINAL DOGNEVILLE, FR","FM-12","99999","V020","350,1,N,0021,1","99999,9,9,N","999999,9,N,9","+0172,1","+0127,1","10121,1","03,0004,9,1","99,0005,9,1",,"0,001","4,1,03,1",,,,,,"5,1,000,1,+999,9","21,1","4,99,0088,1","SYN017333   69947 91117",
"07173099999","1990-05-24T18:00:00","4","48.2","6.4333333","320.0","EPINAL DOGNEVILLE, FR","FM-12","99999","V020","330,1,N,0051,1","99999,9,9,N","999999,9,N,9","+0180,1","+0111,1","10122,1","99,0005,9,1",,,"0,000",,,,"999,M,+0190,1",,,"3,1,002,1,+999,9",,"4,99,0088,1","SYN017333   10190 91117",
"07173099999","1990-05-24T21:00:00","4","48.2","6.4333333","320.0","EPINAL DOGNEVILLE, FR","FM-12","99999","V020","340,1,N,0041,1","99999,9,9,N","999999,9,N,9","+0165,1","+0085,1","10138,1","06,0000,9,1",,,"4,000",,,,,,,"3,1,013,1,+999,9",,"4,99,0072,1","SYN011333   91114",
"07173099999","1990-05-25T00:00:00","4","48.2","6.4333333","320.0","EPINAL DOGNEVILLE, FR","FM-12","99999","V020","330,1,N,0041,1","99999,9,9,N","999999,9,N,9","+0123,1","+0064,1","10150,1","06,0000,9,1",,,"4,000",,,,,,,"3,1,006,1,+999,9",,"4,99,0088,1","SYN011333   91117",
"07173099999","1990-05-25T03:00:00","4","48.2","6.4333333","320.0","EPINAL DOGNEVILLE, FR","FM-12","99999","V020","090,1,N,0010,1","99999,9,9,N","999999,9,N,9","+0088,1","+0050,1","10159,1","06,0000,9,1",,,"4,000",,,,,,,"1,1,004,1,+999,9",,"4,99,0082,1","SYN011333   91116",
"07173099999","1990-05-25T06:00:00","4","48.2","6.4333333","320.0","EPINAL DOGNEVILLE, FR","FM-12","99999","V020","340,1,N,0041,1","99999,9,9,N","999999,9,N,9","+0105,1","+0051,1","10175,1","06,0000,9,1","24,0004,9,1",,"4,000",,"0006,9","999,+0030,9","999,N,+0081,1",,,"1,1,018,1,+999,9",,"4,99,0082,1","SYN035333   20081 3/003 55001 70004 91116",
"07173099999","1990-05-25T09:00:00","4","48.2","6.4333333","320.0","EPINAL DOGNEVILLE, FR","FM-12","99999","V020","350,1,N,0041,1","99999,9,9,N","999999,9,N,9","+0144,1","+0065,1","10188,1","06,0000,9,1",,,"4,000",,,,,,,"1,1,017,1,+999,9",,"4,99,0082,1","SYN011333   91116",
"07173099999","1990-05-25T12:00:00","4","48.2","6.4333333","320.0","EPINAL DOGNEVILLE, FR","FM-12","99999","V020","310,1,N,0051,1","99999,9,9,N","999999,9,N,9","+0161,1","+0057,1","10191,1","06,0000,9,1",,,"4,000",,,,,,,"1,1,005,1,+999,9",,"4,99,0098,1","SYN011333   91119",
"07173099999","1990-05-25T15:00:00","4","48.2","6.4333333","320.0","EPINAL DOGNEVILLE, FR","FM-12","99999","V020","320,1,N,0062,1","99999,9,9,N","999999,9,N,9","+0166,1","+0056,1","10195,1","06,0000,9,1",,,"4,000",,,,,,,"3,1,005,1,+999,9",,"4,99,0098,1","SYN011333   91119",
"07173099999","1990-05-25T18:00:00","4","48.2","6.4333333","320.0","EPINAL DOGNEVILLE, FR","FM-12","99999","V020","340,1,N,0041,1","99999,9,9,N","999999,9,N,9","+0157,1","+0022,1","10201,1","06,0000,9,1",,,"4,000",,,,"999,M,+0173,1",,,"3,1,004,1,+999,9",,"4,99,0098,1","SYN017333   10173 91119",
"07173099999","1990-05-25T21:00:00","4","48.2","6.4333333","320.0","EPINAL DOGNEVILLE, FR","FM-12","99999","V020","340,1,N,0031,1","99999,9,9,N","999999,9,N,9","+0108,1","+0024,1","10222,1","06,0000,9,1",,,"4,000",,,,,,,"2,1,014,1,+999,9",,"4,99,0072,1","SYN011333   91114",
"07173099999","1990-05-26T00:00:00","4","48.2","6.4333333","320.0","EPINAL DOGNEVILLE, FR","FM-12","99999","V020","350,1,N,0021,1","99999,9,9,N","999999,9,N,9","+0073,1","+0026,1","10231,1","06,0000,9,1",,,"4,000",,,,,,,"0,1,004,1,+999,9",,"4,99,0072,1","SYN011333   91114",
"07173099999","1990-05-26T03:00:00","4","48.2","6.4333333","320.0","EPINAL DOGNEVILLE, FR","FM-12","99999","V020","040,1,N,0010,1","99999,9,9,N","999999,9,N,9","+0040,1","+0015,1","10235,1","06,0000,9,1",,,"4,000",,,,,,,"0,1,000,1,+999,9",,"4,99,0031,1","SYN011333   91106",
"07173099999","1990-05-26T06:00:00","4","48.2","6.4333333","320.0","EPINAL DOGNEVILLE, FR","FM-12","99999","V020","340,1,N,0010,1","99999,9,9,N","999999,9,N,9","+0073,1","+0028,1","10233,1","06,0000,9,1",,,"4,000",,"0708,9","999,-0020,9","999,N,+0031,1",,,"3,1,002,1,+999,9",,"4,99,0031,1","SYN029333   20031 3/102 55118 91106",
"07173099999","1990-05-26T09:00:00","4","48.2","6.4333333","320.0","EPINAL DOGNEVILLE, FR","FM-12","99999","V020","030,1,N,0031,1","99999,9,9,N","999999,9,N,9","+0144,1","+0020,1","10224,1","06,0000,9,1",,,"4,000",,,,,,,"0,1,001,1,+999,9",,"4,99,0082,1","SYN011333   91116",
"07173099999","1990-05-26T12:00:00","4","48.2","6.4333333","320.0","EPINAL DOGNEVILLE, FR","FM-12","99999","V020","360,1,N,0041,1","99999,9,9,N","999999,9,N,9","+0168,1","+0009,1","10218,1","06,0000,9,1",,,"4,000",,,,,,,"8,1,003,1,+999,9",,"4,99,0088,1","SYN011333   91117",
"07173099999","1990-05-26T15:00:00","4","48.2","6.4333333","320.0","EPINAL DOGNEVILLE, FR","FM-12","99999","V020","340,1,N,0062,1","99999,9,9,N","999999,9,N,9","+0174,1","+0014,1","10212,1","06,0000,9,1",,,"4,000",,,,,,,"8,1,005,1,+999,9",,"4,99,0108,1","SYN011333   91121",
"07173099999","1990-05-26T18:00:00","4","48.2","6.4333333","320.0","EPINAL DOGNEVILLE, FR","FM-12","99999","V020","340,1,N,0062,1","99999,9,9,N","999999,9,N,9","+0155,1","-0015,1","10211,1","06,0000,9,1",,,"4,000",,,,"999,M,+0175,1",,,"5,1,003,1,+999,9",,"4,99,0108,1","SYN017333   10175 91121",
"07173099999","1990-05-26T21:00:00","4","48.2","6.4333333","320.0","EPINAL DOGNEVILLE, FR","FM-12","99999","V020","020,1,N,0010,1","99999,9,9,N","999999,9,N,9","+0100,1","+0009,1","10234,1","06,0000,9,1",,,"4,000",,,,,,,"3,1,015,1,+999,9",,"4,99,0072,1","SYN011333   91114",
"07173099999","1990-05-27T00:00:00","4","48.2","6.4333333","320.0","EPINAL DOGNEVILLE, FR","FM-12","99999","V020","070,1,N,0010,1","99999,9,9,N","999999,9,N,9","+0049,1","+0016,1","10241,1","06,0000,9,1",,,"4,000",,,,,,,"4,1,000,1,+999,9",,"4,99,0072,1","SYN011333   91114",
"07173099999","1990-05-27T03:00:00","4","48.2","6.4333333","320.0","EPINAL DOGNEVILLE, FR","FM-12","99999","V020","070,1,N,0010,1","99999,9,9,N","999999,9,N,9","+0026,1","+0010,1","10244,1","06,0000,9,1",,,"4,000",,,,,,,"5,1,001,1,+999,9",,"4,99,0021,1","SYN011333   91104",
"07173099999","1990-05-27T06:00:00","4","48.2","6.4333333","320.0","EPINAL DOGNEVILLE, FR","FM-12","99999","V020","999,1,C,0000,1","99999,9,9,N","999999,9,N,9","+0058,1","+0024,1","10246,1","06,0000,9,1",,,"4,000",,"0822,9","999,-0040,9","999,N,+0018,1",,,"1,1,007,1,+999,9",,"4,99,0021,1","SYN029333   20018 3/104 55137 91104",
"07173099999","1990-05-27T09:00:00","4","48.2","6.4333333","320.0","EPINAL DOGNEVILLE, FR","FM-12","99999","V020","340,1,N,0041,1","99999,9,9,N","999999,9,N,9","+0151,1","+0020,1","10234,1","06,0000,9,1",,,"4,000",,,,,,,"0,1,000,1,+999,9",,"4,99,0082,1","SYN011333   91116",
"07173099999","1990-05-27T12:00:00","4","48.2","6.4333333","320.0","EPINAL DOGNEVILLE, FR","FM-12","99999","V020","340,1,N,0051,1","99999,9,9,N","999999,9,N,9","+0187,1","-0023,1","10224,1","06,0000,9,1",,,"4,000",,,,,,,"8,1,005,1,+999,9",,"4,99,0098,1","SYN011333   91119",
"07173099999","1990-05-27T15:00:00","4","48.2","6.4333333","320.0","EPINAL DOGNEVILLE, FR","FM-12","99999","V020","330,1,N,0072,1","99999,9,9,N","999999,9,N,9","+0190,1","-0073,1","10220,1","06,0000,9,1",,,"4,000",,,,,,,"6,1,004,1,+999,9",,"4,99,0129,1","SYN011333   91125",
"07173099999","1990-05-27T18:00:00","4","48.2","6.4333333","320.0","EPINAL DOGNEVILLE, FR","FM-12","99999","V020","320,1,N,0041,1","99999,9,9,N","999999,9,N,9","+0176,1","-0021,1","10223,1","06,0000,9,1",,,"4,000",,,,"999,M,+0195,1",,,"3,1,001,1,+999,9",,"4,99,0129,1","SYN017333   10195 91125",
"07173099999","1990-05-27T21:00:00","4","48.2","6.4333333","320.0","EPINAL DOGNEVILLE, FR","FM-12","99999","V020","020,1,N,0010,1","99999,9,9,N","999999,9,N,9","+0102,1","+0003,1","10247,1","06,0000,9,1",,,"4,000",,,,,,,"3,1,015,1,+999,9",,"4,99,0082,1","SYN011333   91116",
"07173099999","1990-05-28T00:00:00","4","48.2","6.4333333","320.0","EPINAL DOGNEVILLE, FR","FM-12","99999","V020","080,1,N,0010,1","99999,9,9,N","999999,9,N,9","+0050,1","+0018,1","10260,1","06,0000,9,1",,,"4,000",,,,,,,"1,1,005,1,+999,9",,"4,99,0082,1","SYN011333   91116",
"07173099999","1990-05-28T03:00:00","4","48.2","6.4333333","320.0","EPINAL DOGNEVILLE, FR","FM-12","99999","V020","070,1,N,0010,1","99999,9,9,N","999999,9,N,9","+0028,1","+0007,1","10268,1","06,0000,9,1",,,"4,000",,,,,,,"1,1,005,1,+999,9",,"4,99,0021,1","SYN011333   91104",
"07173099999","1990-05-28T06:00:00","4","48.2","6.4333333","320.0","EPINAL DOGNEVILLE, FR","FM-12","99999","V020","320,1,N,0010,1","99999,9,9,N","999999,9,N,9","+0068,1","+0023,1","10272,1","06,0000,9,1",,,"4,000",,"0876,9","999,-0030,9","999,N,+0024,1",,,"3,1,009,1,+999,9",,"4,99,0021,1","SYN029333   20024 3/103 55146 91104",
"07173099999","1990-05-28T09:00:00","4","48.2","6.4333333","320.0","EPINAL DOGNEVILLE, FR","FM-12","99999","V020","340,1,N,0051,1","99999,9,9,N","999999,9,N,9","+0150,1","+0012,1","10266,1","06,0000,9,1",,,"4,000",,,,,,,"3,1,005,1,+999,9",,"4,99,0082,1","SYN011333   91116",
"07173099999","1990-05-28T12:00:00","4","48.2","6.4333333","320.0","EPINAL DOGNEVILLE, FR","FM-12","99999","V020","310,1,N,0051,1","99999,9,9,N","999999,9,N,9","+0157,1","-0005,1","10264,1","06,0000,9,1",,,"4,000",,,,,,,"8,1,001,1,+999,9",,"4,99,0098,1","SYN011333   91119",
"07173099999","1990-05-28T15:00:00","4","48.2","6.4333333","320.0","EPINAL DOGNEVILLE, FR","FM-12","99999","V020","310,1,N,0021,1","99999,9,9,N","999999,9,N,9","+0165,1","-0020,1","10254,1","06,0000,9,1",,,"4,000",,,,,,,"7,1,009,1,+999,9",,"4,99,0098,1","SYN011333   91119",
"07173099999","1990-05-28T18:00:00","4","48.2","6.4333333","320.0","EPINAL DOGNEVILLE, FR","FM-12","99999","V020","320,1,N,0041,1","99999,9,9,N","999999,9,N,9","+0153,1","-0017,1","10251,1","06,0000,9,1",,,"4,000",,,,"999,M,+0172,1",,,"5,1,004,1,+999,9",,"4,99,0098,1","SYN017333   10172 91119",
"07173099999","1990-05-28T21:00:00","4","48.2","6.4333333","320.0","EPINAL DOGNEVILLE, FR","FM-12","99999","V020","350,1,N,0041,1","99999,9,9,N","999999,9,N,9","+0104,1","+0002,1","10272,1","06,0000,9,1",,,"4,000",,,,,,,"3,1,014,1,+999,9",,"4,99,0082,1","SYN011333   91116",
"07173099999","1990-05-29T03:00:00","4","48.2","6.4333333","320.0","EPINAL DOGNEVILLE, FR","FM-12","99999","V020","100,1,N,0010,1","99999,9,9,N","999999,9,N,9","+0015,1","-0001,1","10283,1","06,0000,9,1",,,"4,000",,,,,,,"6,1,003,1,+999,9",,"4,99,0021,1","SYN011333   91104",
"07173099999","1990-05-29T06:00:00","4","48.2","6.4333333","320.0","EPINAL DOGNEVILLE, FR","FM-12","99999","V020","999,1,C,0000,1","99999,9,9,N","999999,9,N,9","+0046,1","+0025,1","10279,1","06,0000,9,1",,,"4,000",,"0702,9","999,-0070,9","999,N,+0009,1",,,"0,1,001,1,+999,9",,"4,99,0021,1","SYN029333   20009 3/107 55117 91104",
"07173099999","1990-05-29T09:00:00","4","48.2","6.4333333","320.0","EPINAL DOGNEVILLE, FR","FM-12","99999","V020","360,1,N,0041,1","99999,9,9,N","999999,9,N,9","+0133,1","-0030,1","10264,1","06,0000,9,1",,,"4,000",,,,,,,"6,1,003,1,+999,9",,"4,99,0088,1","SYN011333   91117",
"07173099999","1990-05-29T15:00:00","4","48.2","6.4333333","320.0","EPINAL DOGNEVILLE, FR","FM-12","99999","V020","360,1,N,0031,1","99999,9,9,N","999999,9,N,9","+0178,1","-0075,1","10230,1","06,0000,9,1",,,"4,000",,,,,,,"6,1,017,1,+999,9",,"4,99,0082,1","SYN011333   91116",
"07173099999","1990-05-29T18:00:00","4","48.2","6.4333333","320.0","EPINAL DOGNEVILLE, FR","FM-12","99999","V020","330,1,N,0031,1","99999,9,9,N","999999,9,N,9","+0168,1","-0033,1","10225,1","06,0000,9,1",,,"4,000",,,,"999,M,+0182,1",,,"6,1,006,1,+999,9",,"4,99,0082,1","SYN017333   10182 91116",
"07173099999","1990-05-29T21:00:00","4","48.2","6.4333333","320.0","EPINAL DOGNEVILLE, FR","FM-12","99999","V020","999,1,C,0000,1","99999,9,9,N","999999,9,N,9","+0080,1","+0018,1","10238,1","06,0000,9,1",,,"4,000",,,,,,,"2,1,002,1,+999,9",,"4,99,0072,1","SYN011333   91114",
"07173099999","1990-05-30T00:00:00","4","48.2","6.4333333","320.0","EPINAL DOGNEVILLE, FR","FM-12","99999","V020","070,1,N,0010,1","99999,9,9,N","999999,9,N,9","+0040,1","+0010,1","10236,1","06,0000,9,1",,,"4,000",,,,,,,"8,1,007,1,+999,9",,"4,99,0072,1","SYN011333   91114",
"07173099999","1990-05-30T03:00:00","4","48.2","6.4333333","320.0","EPINAL DOGNEVILLE, FR","FM-12","99999","V020","999,1,C,0000,1","99999,9,9,N","999999,9,N,9","+0019,1","+0000,1","10230,1","06,0000,9,1",,,"4,000",,,,,,,"6,1,009,1,+999,9",,"4,99,0021,1","SYN011333   91104",
"07173099999","1990-05-30T06:00:00","4","48.2","6.4333333","320.0","EPINAL DOGNEVILLE, FR","FM-12","99999","V020","999,1,C,0000,1","99999,9,9,N","999999,9,N,9","+0062,1","+0030,1","10227,1","06,0000,9,1",,,"4,000",,"0876,9","999,-0050,9","999,N,+0012,1",,,"3,1,003,1,+999,9",,"4,99,0021,1","SYN029333   20012 3/105 55146 91104",
"07173099999","1990-05-30T09:00:00","4","48.2","6.4333333","320.0","EPINAL DOGNEVILLE, FR","FM-12","99999","V020","340,1,N,0021,1","99999,9,9,N","999999,9,N,9","+0161,1","-0050,1","10211,1","06,0000,9,1",,,"4,000",,,,,,,"8,1,003,1,+999,9",,"4,99,0041,1","SYN011333   91108",
"07173099999","1990-05-30T12:00:00","4","48.2","6.4333333","320.0","EPINAL DOGNEVILLE, FR","FM-12","99999","V020","080,1,N,0021,1","99999,9,9,N","999999,9,N,9","+0186,1","+9999,9","10199,1","06,0000,9,1",,,"4,000",,,,,,,"8,1,009,1,+999,9",,"4,99,0072,1","SYN011333   91114",
"07173099999","1990-05-30T15:00:00","4","48.2","6.4333333","320.0","EPINAL DOGNEVILLE, FR","FM-12","99999","V020","280,1,N,0021,1","99999,9,9,N","999999,9,N,9","+0199,1","+9999,9","10190,1","06,0000,9,1",,,"4,000",,,,,,,"6,1,007,1,+999,9",,"4,99,0088,1","SYN011333   91117",
"07173099999","1990-05-30T18:00:00","4","48.2","6.4333333","320.0","EPINAL DOGNEVILLE, FR","FM-12","99999","V020","280,1,N,0021,1","99999,9,9,N","999999,9,N,9","+0191,1","+9999,9","10195,1","06,0000,9,1",,,"4,000",,,,"999,M,+0203,1",,,"3,1,004,1,+999,9",,"4,99,0088,1","SYN017333   10203 91117",
"07173099999","1990-05-30T21:00:00","4","48.2","6.4333333","320.0","EPINAL DOGNEVILLE, FR","FM-12","99999","V020","999,1,C,0000,1","99999,9,9,N","999999,9,N,9","+0090,1","+0021,1","10219,1","06,0000,9,1",,,"4,000",,,,,,,"3,1,011,1,+999,9",,"4,99,0031,1","SYN011333   91106",
"07173099999","1990-05-31T00:00:00","4","48.2","6.4333333","320.0","EPINAL DOGNEVILLE, FR","FM-12","99999","V020","060,1,N,0010,1","99999,9,9,N","999999,9,N,9","+0054,1","+0015,1","10224,1","06,0000,9,1",,,"4,000",,,,,,,"4,1,000,1,+999,9",,"4,99,0031,1","SYN011333   91106",
"07173099999","1990-05-31T03:00:00","4","48.2","6.4333333","320.0","EPINAL DOGNEVILLE, FR","FM-12","99999","V020","999,1,C,0000,1","99999,9,9,N","999999,9,N,9","+0035,1","+0011,1","10227,1","06,0000,9,1",,,"4,000",,,,,,,"5,1,000,1,+999,9",,"4,99,0021,1","SYN011333   91104",
"07173099999","1990-05-31T06:00:00","4","48.2","6.4333333","320.0","EPINAL DOGNEVILLE, FR","FM-12","99999","V020","999,1,C,0000,1","99999,9,9,N","999999,9,N,9","+0085,1","+0034,1","10225,1","06,0000,9,1",,,"4,000",,"0870,9","999,-0020,9","999,N,+0030,1",,,"2,1,005,1,+999,9",,"4,99,0021,1","SYN029333   20030 3/102 55145 91104",
"07173099999","1990-05-31T09:00:00","4","48.2","6.4333333","320.0","EPINAL DOGNEVILLE, FR","FM-12","99999","V020","340,1,N,0010,1","99999,9,9,N","999999,9,N,9","+0192,1","-0049,1","10211,1","06,0000,9,1",,,"4,000",,,,,,,"0,1,000,1,+999,9",,"4,99,0051,1","SYN011333   91110",
"07173099999","1990-05-31T12:00:00","4","48.2","6.4333333","320.0","EPINAL DOGNEVILLE, FR","FM-12","99999","V020","320,1,N,0021,1","99999,9,9,N","999999,9,N,9","+0212,1","+9999,9","10199,1","06,0000,9,1",,,"4,000",,,,,,,"8,1,010,1,+999,9",,"4,99,0062,1","SYN011333   91112",
"07173099999","1990-05-31T18:00:00","4","48.2","6.4333333","320.0","EPINAL DOGNEVILLE, FR","FM-12","99999","V020","290,1,N,0031,1","99999,9,9,N","999999,9,N,9","+0215,1","-0045,1","10185,1","06,0000,9,1",,,"4,000",,,,"999,M,+0232,1",,,"5,1,000,1,+999,9",,"4,99,0062,1","SYN017333   10232 91112",
"07173099999","1990-05-31T21:00:00","4","48.2","6.4333333","320.0","EPINAL DOGNEVILLE, FR","FM-12","99999","V020","999,1,C,0000,1","99999,9,9,N","999999,9,N,9","+0119,1","+0046,1","10203,1","06,0000,9,1",,,"4,000",,,,,,,"3,1,006,1,+999,9",,"4,99,0041,1","SYN011333   91108",
"07173099999","1990-06-01T00:00:00","4","48.2","6.4333333","320.0","EPINAL DOGNEVILLE, FR","FM-12","99999","V020","070,1,N,0010,1","99999,9,9,N","999999,9,N,9","+0085,1","+0049,1","10206,1","06,0000,9,1",,,"4,000",,,,,,,"8,1,002,1,+999,9",,"4,99,0041,1","SYN011333   91108",
"07173099999","1990-06-01T03:00:00","4","48.2","6.4333333","320.0","EPINAL DOGNEVILLE, FR","FM-12","99999","V020","999,1,C,0000,1","99999,9,9,N","999999,9,N,9","+0064,1","+0042,1","10207,1","06,0000,9,1",,,"4,000",,,,,,,"7,1,002,1,+999,9",,"4,99,0021,1","SYN011333   91104",
"07173099999","1990-06-01T06:00:00","4","48.2","6.4333333","320.0","EPINAL DOGNEVILLE, FR","FM-12","99999","V020","999,1,C,0000,1","99999,9,9,N","999999,9,N,9","+0122,1","+0069,1","10203,1","06,0000,9,1",,,"4,000",,"0876,9","999,+0000,9","999,N,+0061,1",,,"2,1,004,1,+999,9",,"4,99,0021,1","SYN029333   20061 3/000 55146 91104",
"07173099999","1990-06-01T09:00:00","4","48.2","6.4333333","320.0","EPINAL DOGNEVILLE, FR","FM-12","99999","V020","180,1,N,0051,1","99999,9,9,N","999999,9,N,9","+0207,1","+0073,1","10185,1","06,0000,9,1",,,"4,000",,,,,,,"8,1,006,1,+999,9",,"4,99,0072,1","SYN011333   91114",
"07173099999","1990-06-01T12:00:00","4","48.2","6.4333333","320.0","EPINAL DOGNEVILLE, FR","FM-12","99999","V020","180,1,N,0051,1","99999,9,9,N","999999,9,N,9","+0235,1","+0084,1","10164,1","06,0000,9,1",,,"4,000",,,,,,,"7,1,017,1,+999,9",,"4,99,0098,1","SYN011333   91119",
"07173099999","1990-06-01T15:00:00","4","48.2","6.4333333","320.0","EPINAL DOGNEVILLE, FR","FM-12","99999","V020","190,1,N,0062,1","99999,9,9,N","999999,9,N,9","+0245,1","+0053,1","10140,1","06,0000,9,1",,,"4,000",,,,,,,"6,1,022,1,+999,9",,"4,99,0108,1","SYN011333   91121",
"07173099999","1990-06-01T18:00:00","4","48.2","6.4333333","320.0","EPINAL DOGNEVILLE, FR","FM-12","99999","V020","170,1,N,0041,1","99999,9,9,N","999999,9,N,9","+0235,1","+0045,1","10124,1","06,0000,9,1",,,"4,000",,,,"999,M,+0246,1",,,"6,1,017,1,+999,9",,"4,99,0108,1","SYN017333   10246 91121",
"07173099999","1990-06-01T21:00:00","4","48.2","6.4333333","320.0","EPINAL DOGNEVILLE, FR","FM-12","99999","V020","140,1,N,0021,1","99999,9,9,N","999999,9,N,9","+0183,1","+0086,1","10128,1","06,0000,9,1",,,"4,000",,,,,,,"8,1,002,1,+999,9",,"4,99,0072,1","SYN011333   91114",
"07173099999","1990-06-02T00:00:00","4","48.2","6.4333333","320.0","EPINAL DOGNEVILLE, FR","FM-12","99999","V020","170,1,N,0051,1","99999,9,9,N","999999,9,N,9","+0178,1","+0092,1","10112,1","06,0000,9,1",,,"4,000",,,,,,,"8,1,016,1,+999,9",,"4,99,0098,1","SYN011333   91119",
"07173099999","1990-06-02T03:00:00","4","48.2","6.4333333","320.0","EPINAL DOGNEVILLE, FR","FM-12","99999","V020","180,1,N,0072,1","99999,9,9,N","999999,9,N,9","+0144,1","+0116,1","10106,1","03,0030,9,1",,,"0,000","4,1,03,1",,,,,,"5,1,010,1,+999,9","41,1","4,99,0118,1","SYN017333   60037 91123",
"07173099999","1990-06-02T06:00:00","4","48.2","6.4333333","320.0","EPINAL DOGNEVILLE, FR","FM-12","99999","V020","170,1,N,0062,1","99999,9,9,N","999999,9,N,9","+0134,1","+0111,1","10106,1","03,0040,9,1","24,0070,9,1",,"0,000",,"0864,9","999,+0110,9","999,N,+0134,1",,,"5,1,001,1,+999,9",,"4,99,0139,1","SYN041333   20134 3/011 55144 60047 70070 91127",
"07173099999","1990-06-02T09:00:00","4","48.2","6.4333333","320.0","EPINAL DOGNEVILLE, FR","FM-12","99999","V020","220,1,N,0031,1","99999,9,9,N","999999,9,N,9","+0133,1","+0117,1","10122,1","03,0060,9,1",,,"0,001","4,1,03,1",,,,,,"1,1,015,1,+999,9","21,1","4,99,0108,1","SYN017333   60067 91121",
"07173099999","1990-06-02T12:00:00","4","48.2","6.4333333","320.0","EPINAL DOGNEVILLE, FR","FM-12","99999","V020","230,1,N,0051,1","99999,9,9,N","999999,9,N,9","+0168,1","+0085,1","10119,1","03,0002,9,1","06,0003,9,1",,"0,000",,,,,,,"3,1,001,1,+999,9",,"4,99,0118,1","SYN017333   69927 91123",
"07173099999","1990-06-02T15:00:00","4","48.2","6.4333333","320.0","EPINAL DOGNEVILLE, FR","FM-12","99999","V020","200,1,N,0062,1","99999,9,9,N","999999,9,N,9","+0168,1","+0038,1","10125,1","06,0000,9,1",,,"4,000",,,,,,,"0,1,005,1,+999,9",,"4,99,0129,1","SYN011333   91125",
"07173099999","1990-06-02T18:00:00","4","48.2","6.4333333","320.0","EPINAL DOGNEVILLE, FR","FM-12","99999","V020","200,1,N,0041,1","99999,9,9,N","999999,9,N,9","+0151,1","+0045,1","10129,1","99,0060,9,1",,,"0,000",,,,"999,M,+0173,1",,,"3,1,003,1,+999,9",,"4,99,0129,1","SYN017333   10173 91125",
"07173099999","1990-06-02T21:00:00","4","48.2","6.4333333","320.0","EPINAL DOGNEVILLE, FR","FM-12","99999","V020","170,1,N,0021,1","99999,9,9,N","999999,9,N,9","+0118,1","+0073,1","10141,1","06,0000,9,1",,,"4,000",,,,,,,"1,1,007,1,+999,9",,"4,99,0088,1","SYN011333   91117",
"07173099999","1990-06-03T00:00:00","4","48.2","6.4333333","320.0","EPINAL DOGNEVILLE, FR","FM-12","99999","V020","180,1,N,0021,1","99999,9,9,N","999999,9,N,9","+0125,1","+0061,1","10136,1","06,0000,9,1",,,"4,000",,,,,,,"6,1,004,1,+999,9",,"4,99,0088,1","SYN011333   91117",
"07173099999","1990-06-03T03:00:00","4","48.2","6.4333333","320.0","EPINAL DOGNEVILLE, FR","FM-12","99999","V020","200,1,N,0041,1","99999,9,9,N","999999,9,N,9","+0119,1","+0058,1","10132,1","06,0000,9,1",,,"4,000",,,,,,,"6,1,005,1,+999,9",,"4,99,0072,1","SYN011333   91114",
"07173099999","1990-06-03T06:00:00","4","48.2","6.4333333","320.0","EPINAL DOGNEVILLE, FR","FM-12","99999","V020","190,1,N,0041,1","99999,9,9,N","999999,9,N,9","+0124,1","+0062,1","10133,1","06,0000,9,1","24,0064,9,1",,"4,000",,"0156,9","999,+0090,9","999,N,+0112,1",,,"1,1,002,1,+999,9",,"4,99,0072,1","SYN035333   20112 3/009 55026 70064 91114",
"07173099999","1990-06-03T09:00:00","4","48.2","6.4333333","320.0","EPINAL DOGNEVILLE, FR","FM-12","99999","V020","170,1,N,0041,1","99999,9,9,N","999999,9,N,9","+0150,1","+0066,1","10127,1","06,0000,9,1",,,"4,000",,,,,,,"7,1,002,1,+999,9",,"4,99,0082,1","SYN011333   91116",
"07173099999","1990-06-03T12:00:00","4","48.2","6.4333333","320.0","EPINAL DOGNEVILLE, FR","FM-12","99999","V020","170,1,N,0062,1","99999,9,9,N","999999,9,N,9","+0162,1","+0069,1","10115,1","06,0000,9,1",,,"4,000",,,,,,,"7,1,011,1,+999,9",,"4,99,0088,1","SYN011333   91117",
"07173099999","1990-06-03T15:00:00","4","48.2","6.4333333","320.0","EPINAL DOGNEVILLE, FR","FM-12","99999","V020","170,1,N,0051,1","99999,9,9,N","999999,9,N,9","+0159,1","+0082,1","10102,1","06,0000,9,1",,,"4,000",,,,,,,"8,1,012,1,+999,9",,"4,99,0088,1","SYN011333   91117",
"07173099999","1990-06-03T18:00:00","4","48.2","6.4333333","320.0","EPINAL DOGNEVILLE, FR","FM-12","99999","V020","150,1,N,0031,1","99999,9,9,N","999999,9,N,9","+0135,1","+0110,1","10098,1","03,0010,9,1",,,"0,000","4,1,06,1",,,"999,M,+0169,1",,,"5,1,007,1,+999,9","41,1","4,99,0088,1","SYN023333   10169 60017 91117",
"07173099999","1990-06-03T21:00:00","4","48.2","6.4333333","320.0","EPINAL DOGNEVILLE, FR","FM-12","99999","V020","150,1,N,0051,1","99999,9,9,N","999999,9,N,9","+0127,1","+0113,1","10087,1","03,0030,9,1",,,"0,001","4,1,03,1",,,,,,"6,1,011,1,+999,9","21,1","4,99,0082,1","SYN017333   60037 91116",
"07173099999","1990-06-04T00:00:00","4","48.2","6.4333333","320.0","EPINAL DOGNEVILLE, FR","FM-12","99999","V020","170,1,N,0062,1","99999,9,9,N","999999,9,N,9","+0127,1","+0116,1","10073,1","03,0030,9,1","06,0030,9,1",,"0,001","4,1,06,1",,,,,,"6,1,014,1,+999,9","21,1","4,99,0129,1","SYN017333   60037 91125",
"07173099999","1990-06-04T03:00:00","4","48.2","6.4333333","320.0","EPINAL DOGNEVILLE, FR","FM-12","99999","V020","240,1,N,0051,1","99999,9,9,N","999999,9,N,9","+0113,1","+0096,1","10085,1","03,0020,9,1",,,"0,001","4,1,03,1",,,,,,"3,1,010,1,+999,9","21,1","4,99,0118,1","SYN017333   60027 91123",
"07173099999","1990-06-04T06:00:00","4","48.2","6.4333333","320.0","EPINAL DOGNEVILLE, FR","FM-12","99999","V020","260,1,N,0031,1","99999,9,9,N","999999,9,N,9","+0102,1","+0073,1","10104,1","03,0002,9,1","24,0086,9,1","99,0003,9,1","0,000",,"0036,9","999,+0090,9","999,N,+0098,1",,,"3,1,016,1,+999,9",,"4,99,0118,1","SYN041333   20098 3/009 55006 69927 70086 91123",
"07173099999","1990-06-04T09:00:00","4","48.2","6.4333333","320.0","EPINAL DOGNEVILLE, FR","FM-12","99999","V020","240,1,N,0041,1","99999,9,9,N","999999,9,N,9","+0132,1","+0054,1","10105,1","06,0000,9,1",,,"4,000",,,,,,,"3,1,005,1,+999,9",,"4,99,0088,1","SYN011333   91117",
"07173099999","1990-06-04T12:00:00","4","48.2","6.4333333","320.0","EPINAL DOGNEVILLE, FR","FM-12","99999","V020","200,1,N,0041,1","99999,9,9,N","999999,9,N,9","+0157,1","+0047,1","10104,1","06,0000,9,1",,,"4,000",,,,,,,"0,1,002,1,+999,9",,"4,99,0098,1","SYN011333   91119",
"07173099999","1990-06-04T15:00:00","4","48.2","6.4333333","320.0","EPINAL DOGNEVILLE, FR","FM-12","99999","V020","200,1,N,0051,1","99999,9,9,N","999999,9,N,9","+0154,1","+0039,1","10109,1","06,0000,9,1",,,"4,000",,,,,,,"1,1,004,1,+999,9",,"4,99,0098,1","SYN011333   91119",
"07173099999","1990-06-04T18:00:00","4","48.2","6.4333333","320.0","EPINAL DOGNEVILLE, FR","FM-12","99999","V020","210,1,N,0021,1","99999,9,9,N","999999,9,N,9","+0147,1","+0047,1","10113,1","06,0000,9,1",,,"4,000",,,,"999,M,+0166,1",,,"3,1,004,1,+999,9",,"4,99,0098,1","SYN017333   10166 91119",
"07173099999","1990-06-04T21:00:00","4","48.2","6.4333333","320.0","EPINAL DOGNEVILLE, FR","FM-12","99999","V020","090,1,N,0010,1","99999,9,9,N","999999,9,N,9","+0107,1","+0070,1","10134,1","06,0000,9,1",,,"4,000",,,,,,,"1,1,015,1,+999,9",,"4,99,0041,1","SYN011333   91108",
"07173099999","1990-06-05T00:00:00","4","48.2","6.4333333","320.0","EPINAL DOGNEVILLE, FR","FM-12","99999","V020","050,1,N,0010,1","99999,9,9,N","999999,9,N,9","+0076,1","+0062,1","10142,1","06,0000,9,1",,,"4,000",,,,,,,"1,1,004,1,+999,9",,"4,99,0041,1","SYN011333   91108",
"07173099999","1990-06-05T03:00:00","4","48.2","6.4333333","320.0","EPINAL DOGNEVILLE, FR","FM-12","99999","V020","080,1,N,0010,1","99999,9,9,N","999999,9,N,9","+0064,1","+0054,1","10140,1","06,0000,9,1",,,"4,000",,,,,,,"6,1,004,1,+999,9",,"4,99,0021,1","SYN011333   91104",
"07173099999","1990-06-05T06:00:00","4","48.2","6.4333333","320.0","EPINAL DOGNEVILLE, FR","FM-12","99999","V020","999,1,C,0000,1","99999,9,9,N","999999,9,N,9","+0094,1","+0075,1","10133,1","06,0000,9,1",,,"4,000",,"0330,9","999,+0010,9","999,N,+0054,1",,,"6,1,002,1,+999,9",,"4,99,0021,1","SYN029333   20054 3/001 55055 91104",
"07173099999","1990-06-05T09:00:00","4","48.2","6.4333333","320.0","EPINAL DOGNEVILLE, FR","FM-12","99999","V020","360,1,N,0021,1","99999,9,9,N","999999,9,N,9","+0162,1","+0049,1","10114,1","06,0000,9,1",,,"4,000",,,,,,,"7,1,011,1,+999,9",,"4,99,0062,1","SYN011333   91112",
"07173099999","1990-06-05T12:00:00","4","48.2","6.4333333","320.0","EPINAL DOGNEVILLE, FR","FM-12","99999","V020","310,1,N,0051,1","99999,9,9,N","999999,9,N,9","+0176,1","+0046,1","10095,1","06,0000,9,1",,,"4,000",,,,,,,"6,1,016,1,+999,9",,"4,99,0072,1","SYN011333   91114",
"07173099999","1990-06-05T15:00:00","4","48.2","6.4333333","320.0","EPINAL DOGNEVILLE, FR","FM-12","99999","V020","320,1,N,0031,1","99999,9,9,N","999999,9,N,9","+0162,1","+0052,1","10101,1","06,0000,9,1",,,"4,000",,,,,,,"3,1,004,1,+999,9",,"4,99,0072,1","SYN011333   91114",
"07173099999","1990-06-05T18:00:00","4","48.2","6.4333333","320.0","EPINAL DOGNEVILLE, FR","FM-12","99999","V020","320,1,N,0021,1","99999,9,9,N","999999,9,N,9","+0139,1","+0081,1","10109,1","03,0004,9,1","99,0005,9,1",,"0,001","4,1,06,1",,,"999,M,+0187,1",,,"3,1,005,1,+999,9","21,1","4,99,0072,1","SYN023333   10187 69947 91114",
"07173099999","1990-06-05T21:00:00","4","48.2","6.4333333","320.0","EPINAL DOGNEVILLE, FR","FM-12","99999","V020","270,1,N,0021,1","99999,9,9,N","999999,9,N,9","+0115,1","+0096,1","10135,1","03,0010,9,1",,,"0,001","4,1,03,1",,,,,,"1,1,022,1,+999,9","21,1","4,99,0041,1","SYN017333   60017 91108",
"07173099999","1990-06-06T00:00:00","4","48.2","6.4333333","320.0","EPINAL DOGNEVILLE, FR","FM-12","99999","V020","999,1,C,0000,1","99999,9,9,N","999999,9,N,9","+0110,1","+0098,1","10140,1","03,0004,9,1","06,0005,9,1",,"0,000",,,,,,,"1,1,005,1,+999,9",,"4,99,0041,1","SYN017333   69947 91108",
"07173099999","1990-06-06T03:00:00","4","48.2","6.4333333","320.0","EPINAL DOGNEVILLE, FR","FM-12","99999","V020","999,1,C,0000,1","99999,9,9,N","999999,9,N,9","+0104,1","+0090,1","10145,1","03,0002,9,1","99,0003,9,1",,"0,000",,,,,,,"3,1,003,1,+999,9",,"4,99,0031,1","SYN017333   69927 91106",
"07173099999","1990-06-06T06:00:00","4","48.2","6.4333333","320.0","EPINAL DOGNEVILLE, FR","FM-12","99999","V020","180,1,N,0010,1","99999,9,9,N","999999,9,N,9","+0113,1","+0092,1","10150,1","24,0020,9,1",,,"0,000",,"0450,9","999,+0100,9","999,N,+0104,1",,,"3,1,006,1,+999,9",,"4,99,0031,1","SYN035333   20104 3/010 55075 70020 91106",
"07173099999","1990-06-06T09:00:00","4","48.2","6.4333333","320.0","EPINAL DOGNEVILLE, FR","FM-12","99999","V020","200,1,N,0021,1","99999,9,9,N","999999,9,N,9","+0139,1","+0079,1","10144,1","06,0000,9,1",,,"4,000",,,,,,,"8,1,002,1,+999,9",,"4,99,0041,1","SYN011333   91108",
"07173099999","1990-06-06T12:00:00","4","48.2","6.4333333","320.0","EPINAL DOGNEVILLE, FR","FM-12","99999","V020","170,1,N,0031,1","99999,9,9,N","999999,9,N,9","+0147,1","+0082,1","10141,1","06,0000,9,1",,,"4,000",,,,,,,"8,1,002,1,+999,9",,"4,99,0062,1","SYN011333   91112",
"07173099999","1990-06-06T15:00:00","4","48.2","6.4333333","320.0","EPINAL DOGNEVILLE, FR","FM-12","99999","V020","190,1,N,0031,1","99999,9,9,N","999999,9,N,9","+0155,1","+0085,1","10131,1","06,0000,9,1",,,"4,000",,,,,,,"7,1,009,1,+999,9",,"4,99,0062,1","SYN011333   91112",
"07173099999","1990-06-06T18:00:00","4","48.2","6.4333333","320.0","EPINAL DOGNEVILLE, FR","FM-12","99999","V020","170,1,N,0051,1","99999,9,9,N","999999,9,N,9","+0159,1","+0084,1","10127,1","06,0000,9,1",,,"4,000",,,,"999,M,+0170,1",,,"6,1,003,1,+999,9",,"4,99,0088,1","SYN017333   10170 91117",
"07173099999","1990-06-07T18:00:00","4","48.2","6.4333333","320.0","EPINAL DOGNEVILLE, FR","FM-12","99999","V020","250,1,N,0062,1","99999,9,9,N","999999,9,N,9","+0139,1","+0123,1","10084,1",,,,"2,000","4,1,06,1",,,,,,"5,1,008,1,+999,9","42,1",,"SYN003333",
"07173099999","1990-06-07T21:00:00","4","48.2","6.4333333","320.0","EPINAL DOGNEVILLE, FR","FM-12","99999","V020","140,1,N,0031,1","99999,9,9,N","999999,9,N,9","+0134,1","+0120,1","10082,1","03,0006,9,1","99,0005,9,1",,"0,000",,,,,,,"8,1,002,1,+999,9",,"4,99,0062,1","SYN017333   69967 91112",
"07173099999","1990-06-08T00:00:00","4","48.2","6.4333333","320.0","EPINAL DOGNEVILLE, FR","FM-12","99999","V020","190,1,N,0010,1","99999,9,9,N","999999,9,N,9","+0112,1","+0101,1","10079,1","03,0040,9,1","06,0040,9,1",,"0,001","4,1,06,1",,,,,,"6,1,006,1,+999,9","21,1","4,99,0098,1","SYN017333   60047 91119",
"07173099999","1990-06-08T03:00:00","4","48.2","6.4333333","320.0","EPINAL DOGNEVILLE, FR","FM-12","99999","V020","190,1,N,0021,1","99999,9,9,N","999999,9,N,9","+0106,1","+0095,1","10064,1","03,0090,9,1",,,"0,000","4,1,03,1",,,,,,"6,1,015,1,+999,9","41,1","4,99,0051,1","SYN017333   60097 91110",
"07173099999","1990-06-08T06:00:00","4","48.2","6.4333333","320.0","EPINAL DOGNEVILLE, FR","FM-12","99999","V020","270,1,N,0031,1","99999,9,9,N","999999,9,N,9","+0102,1","+0090,1","10071,1",,,,"2,001",,,,,,,,"21,1",,"SYN011333   55///",
"07173099999","1990-06-08T09:00:00","4","48.2","6.4333333","320.0","EPINAL DOGNEVILLE, FR","FM-12","99999","V020","290,1,N,0010,1","99999,9,9,N","999999,9,N,9","+0106,1","+0078,1","10095,1","06,0000,9,1",,,"4,000",,,,,,,"3,1,023,1,+999,9",,"4,99,0062,1","SYN011333   91112",
"07173099999","1990-06-08T12:00:00","4","48.2","6.4333333","320.0","EPINAL DOGNEVILLE, FR","FM-12","99999","V020","240,1,N,0031,1","99999,9,9,N","999999,9,N,9","+0127,1","+0076,1","10103,1","06,0000,9,1",,,"4,000",,,,,,,"1,1,011,1,+999,9",,"4,99,0082,1","SYN011333   91116",
"07173099999","1990-06-08T21:00:00","4","48.2","6.4333333","320.0","EPINAL DOGNEVILLE, FR","FM-12","99999","V020","160,1,N,0010,1","99999,9,9,N","999999,9,N,9","+0103,1","+0082,1","10125,1","03,0030,9,1",,,"0,001","4,1,03,1",,,,,,"1,1,014,1,+999,9","21,1","4,99,0082,1","SYN017333   60037 91116",
"07173099999","1990-06-09T00:00:00","4","48.2","6.4333333","320.0","EPINAL DOGNEVILLE, FR","FM-12","99999","V020","190,1,N,0021,1","99999,9,9,N","999999,9,N,9","+0090,1","+0076,1","10127,1","03,0020,9,1","06,0020,9,1",,"0,000","4,1,06,1",,,,,,"0,1,000,1,+999,9","41,1","4,99,0082,1","SYN017333   60027 91116",
"07173099999","1990-06-09T03:00:00","4","48.2","6.4333333","320.0","EPINAL DOGNEVILLE, FR","FM-12","99999","V020","160,1,N,0031,1","99999,9,9,N","999999,9,N,9","+0087,1","+0072,1","10117,1","03,0004,9,1","99,0005,9,1",,"0,000",,,,,,,"7,1,010,1,+999,9",,"4,99,0051,1","SYN017333   69947 91110",
"07173099999","1990-06-09T06:00:00","4","48.2","6.4333333","320.0","EPINAL DOGNEVILLE, FR","FM-12","99999","V020","180,1,N,0021,1","99999,9,9,N","999999,9,N,9","+0096,1","+0075,1","10115,1","24,0054,9,1",,,"0,000",,"0156,9","999,+0060,9","999,N,+0075,1",,,"8,1,001,1,+999,9",,"4,99,0062,1","SYN035333   20075 3/006 55026 70054 91112",
"07173099999","1990-06-09T09:00:00","4","48.2","6.4333333","320.0","EPINAL DOGNEVILLE, FR","FM-12","99999","V020","180,1,N,0072,1","99999,9,9,N","999999,9,N,9","+0097,1","+0070,1","10118,1","03,0002,9,1","99,0003,9,1",,"0,001","4,1,03,1",,,,,,"3,1,003,1,+999,9","21,1","4,99,0118,1","SYN017333   69927 91123",
"07173099999","1990-06-09T12:00:00","4","48.2","6.4333333","320.0","EPINAL DOGNEVILLE, FR","FM-12","99999","V020","170,1,N,0051,1","99999,9,9,N","999999,9,N,9","+0108,1","+0069,1","10116,1","03,0030,9,1","06,0030,9,1",,"0,000","4,1,06,1",,,,,,"0,1,000,1,+999,9","41,1","4,99,0118,1","SYN017333   60037 91123",
"07173099999","1990-06-09T18:00:00","4","48.2","6.4333333","320.0","EPINAL DOGNEVILLE, FR","FM-12","99999","V020","140,1,N,0031,1","99999,9,9,N","999999,9,N,9","+0100,1","+0071,1","10120,1","03,0006,9,1","99,0005,9,1",,"0,001","4,1,06,1",,,"999,M,+0129,1",,,"3,1,003,1,+999,9","21,1","4,99,0098,1","SYN023333   10129 69967 91119",
"07173099999","1990-06-09T21:00:00","4","48.2","6.4333333","320.0","EPINAL DOGNEVILLE, FR","FM-12","99999","V020","170,1,N,0010,1","99999,9,9,N","999999,9,N,9","+0096,1","+0080,1","10132,1","03,0002,9,1","99,0003,9,1",,"0,000",,,,,,,"1,1,011,1,+999,9",,"4,99,0072,1","SYN017333   69927 91114",
"07173099999","1990-06-10T00:00:00","4","48.2","6.4333333","320.0","EPINAL DOGNEVILLE, FR","FM-12","99999","V020","140,1,N,0021,1","99999,9,9,N","999999,9,N,9","+0087,1","+0075,1","10139,1","03,0002,9,1","06,0003,9,1",,"0,000",,,,,,,"2,1,005,1,+999,9",,"4,99,0072,1","SYN017333   69927 91114",
"07173099999","1990-06-10T03:00:00","4","48.2","6.4333333","320.0","EPINAL DOGNEVILLE, FR","FM-12","99999","V020","220,1,N,0021,1","99999,9,9,N","999999,9,N,9","+0088,1","+0077,1","10142,1","03,0010,9,1",,,"9,001","4,1,03,1",,,,,,"3,1,003,1,+999,9","21,1","4,99,0041,1","SYN017333   60017 91108",
"07173099999","1990-06-10T06:00:00","4","48.2","6.4333333","320.0","EPINAL DOGNEVILLE, FR","FM-12","99999","V020","260,1,N,0021,1","99999,9,9,N","999999,9,N,9","+0090,1","+0071,1","10154,1","03,0008,9,1","24,0064,9,1","99,0010,9,1","0,001","4,1,06,1","0156,9","999,+0080,9","999,N,+0086,1",,,"3,1,012,1,+999,9","21,1","4,99,0041,1","SYN041333   20086 3/008 55026 69987 70064 91108",
"07173099999","1990-06-10T09:00:00","4","48.2","6.4333333","320.0","EPINAL DOGNEVILLE, FR","FM-12","99999","V020","210,1,N,0010,1","99999,9,9,N","999999,9,N,9","+0123,1","+0084,1","10165,1","03,0020,9,1",,,"0,001","4,1,03,1",,,,,,"1,1,015,1,+999,9","21,1","4,99,0041,1","SYN017333   60027 91108",
"07173099999","1990-06-10T12:00:00","4","48.2","6.4333333","320.0","EPINAL DOGNEVILLE, FR","FM-12","99999","V020","250,1,N,0031,1","99999,9,9,N","999999,9,N,9","+0135,1","+0081,1","10172,1","06,0020,9,1",,,"0,000",,,,,,,"2,1,008,1,+999,9",,"4,99,0062,1","SYN011333   91112",
"07173099999","1990-06-10T15:00:00","4","48.2","6.4333333","320.0","EPINAL DOGNEVILLE, FR","FM-12","99999","V020","250,1,N,0041,1","99999,9,9,N","999999,9,N,9","+0160,1","+0067,1","10166,1","06,0000,9,1",,,"4,000",,,,,,,"8,1,003,1,+999,9",,"4,99,0072,1","SYN011333   91114",
"07173099999","1990-06-10T18:00:00","4","48.2","6.4333333","320.0","EPINAL DOGNEVILLE, FR","FM-12","99999","V020","270,1,N,0010,1","99999,9,9,N","999999,9,N,9","+0143,1","+0080,1","10177,1","99,0020,9,1",,,"0,000",,,,"999,M,+0167,1",,,"3,1,009,1,+999,9",,"4,99,0072,1","SYN017333   10167 91114",
"07173099999","1990-06-10T21:00:00","4","48.2","6.4333333","320.0","EPINAL DOGNEVILLE, FR","FM-12","99999","V020","160,1,N,0021,1","99999,9,9,N","999999,9,N,9","+0125,1","+0091,1","10187,1","06,0000,9,1",,,"4,000",,,,,,,"2,1,008,1,+999,9",,"4,99,0041,1","SYN011333   91108",
"07173099999","1990-06-11T00:00:00","4","48.2","6.4333333","320.0","EPINAL DOGNEVILLE, FR","FM-12","99999","V020","999,1,C,0000,1","99999,9,9,N","999999,9,N,9","+0114,1","+0091,1","10187,1","06,0000,9,1",,,"4,000",,,,,,,"6,1,002,1,+999,9",,"4,99,0041,1","SYN011333   91108",
"07173099999","1990-06-11T03:00:00","4","48.2","6.4333333","320.0","EPINAL DOGNEVILLE, FR","FM-12","99999","V020","999,1,C,0000,1","99999,9,9,N","999999,9,N,9","+0117,1","+0094,1","10181,1","06,0000,9,1",,,"4,000",,,,,,,"6,1,005,1,+999,9",,"4,99,0021,1","SYN011333   91104",
"07173099999","1990-06-11T06:00:00","4","48.2","6.4333333","320.0","EPINAL DOGNEVILLE, FR","FM-12","99999","V020","999,1,C,0000,1","99999,9,9,N","999999,9,N,9","+0121,1","+0100,1","10184,1","06,0000,9,1","24,0024,9,1",,"4,000",,"0120,9","999,+0080,9","999,N,+0109,1",,,"3,1,003,1,+999,9",,"4,99,0021,1","SYN035333   20109 3/008 55020 70024 91104",
"07173099999","1990-06-11T09:00:00","4","48.2","6.4333333","320.0","EPINAL DOGNEVILLE, FR","FM-12","99999","V020","340,1,N,0021,1","99999,9,9,N","999999,9,N,9","+0163,1","+0097,1","10176,1","06,0000,9,1",,,"4,000",,,,,,,"8,1,002,1,+999,9",,"4,99,0041,1","SYN011333   91108",
"07173099999","1990-06-11T12:00:00","4","48.2","6.4333333","320.0","EPINAL DOGNEVILLE, FR","FM-12","99999","V020","310,1,N,0031,1","99999,9,9,N","999999,9,N,9","+0175,1","+0092,1","10162,1","06,0000,9,1",,,"4,000",,,,,,,"8,1,013,1,+999,9",,"4,99,0072,1","SYN011333   91114",
"07173099999","1990-06-11T15:00:00","4","48.2","6.4333333","320.0","EPINAL DOGNEVILLE, FR","FM-12","99999","V020","310,1,N,0051,1","99999,9,9,N","999999,9,N,9","+0186,1","+0102,1","10149,1","06,0000,9,1",,,"4,000",,,,,,,"6,1,011,1,+999,9",,"4,99,0088,1","SYN011333   91117",
"07173099999","1990-06-11T21:00:00","4","48.2","6.4333333","320.0","EPINAL DOGNEVILLE, FR","FM-12","99999","V020","340,1,N,0031,1","99999,9,9,N","999999,9,N,9","+0127,1","+0086,1","10157,1","06,0000,9,1",,,"4,000",,,,,,,"3,1,006,1,+999,9",,"4,99,0072,1","SYN011333   91114",
"07173099999","1990-06-12T00:00:00","4","48.2","6.4333333","320.0","EPINAL DOGNEVILLE, FR","FM-12","99999","V020","340,1,N,0010,1","99999,9,9,N","999999,9,N,9","+0092,1","+0075,1","10159,1","06,0000,9,1",,,"4,000",,,,,,,"8,1,003,1,+999,9",,"4,99,0072,1","SYN011333   91114",
"07173099999","1990-06-12T03:00:00","4","48.2","6.4333333","320.0","EPINAL DOGNEVILLE, FR","FM-12","99999","V020","330,1,N,0010,1","99999,9,9,N","999999,9,N,9","+0076,1","+0067,1","10154,1","06,0000,9,1",,,"4,000",,,,,,,"7,1,007,1,+999,9",,"4,99,0021,1","SYN011333   91104",
"07173099999","1990-06-12T06:00:00","4","48.2","6.4333333","320.0","EPINAL DOGNEVILLE, FR","FM-12","99999","V020","010,1,N,0010,1","99999,9,9,N","999999,9,N,9","+0086,1","+0078,1","10155,1","06,0000,9,1",,,"4,000",,"0474,9","999,+0020,9","999,N,+0072,1",,,"3,1,003,1,+999,9",,"4,99,0031,1","SYN029333   20072 3/002 55079 91106",
"07173099999","1990-06-12T09:00:00","4","48.2","6.4333333","320.0","EPINAL DOGNEVILLE, FR","FM-12","99999","V020","320,1,N,0010,1","99999,9,9,N","999999,9,N,9","+0136,1","+0102,1","10148,1","06,0000,9,1",,,"4,000",,,,,,,"8,1,001,1,+999,9",,"4,99,0072,1","SYN011333   91114",
"07173099999","1990-06-12T12:00:00","4","48.2","6.4333333","320.0","EPINAL DOGNEVILLE, FR","FM-12","99999","V020","300,1,N,0051,1","99999,9,9,N","999999,9,N,9","+0173,1","+0111,1","10139,1","06,0000,9,1",,,"4,000",,,,,,,"7,1,004,1,+999,9",,"4,99,0082,1","SYN011333   91116",
"07173099999","1990-06-12T15:00:00","4","48.2","6.4333333","320.0","EPINAL DOGNEVILLE, FR","FM-12","99999","V020","310,1,N,0031,1","99999,9,9,N","999999,9,N,9","+0182,1","+0093,1","10136,1","06,0000,9,1",,,"4,000",,,,,,,"5,1,002,1,+999,9",,"4,99,0082,1","SYN011333   91116",
"07173099999","1990-06-12T18:00:00","4","48.2","6.4333333","320.0","EPINAL DOGNEVILLE, FR","FM-12","99999","V020","310,1,N,0041,1","99999,9,9,N","999999,9,N,9","+0168,1","+0095,1","10146,1","06,0000,9,1",,,"4,000",,,,"999,M,+0191,1",,,"3,1,008,1,+999,9",,"4,99,0082,1","SYN017333   10191 91116",
"07173099999","1990-06-12T21:00:00","4","48.2","6.4333333","320.0","EPINAL DOGNEVILLE, FR","FM-12","99999","V020","330,1,N,0021,1","99999,9,9,N","999999,9,N,9","+0143,1","+0085,1","10166,1","06,0000,9,1",,,"4,000",,,,,,,"3,1,017,1,+999,9",,"4,99,0062,1","SYN011333   91112",
"07173099999","1990-06-13T00:00:00","4","48.2","6.4333333","320.0","EPINAL DOGNEVILLE, FR","FM-12","99999","V020","999,1,C,0000,1","99999,9,9,N","999999,9,N,9","+0115,1","+0089,1","10177,1","06,0000,9,1",,,"4,000",,,,,,,"2,1,007,1,+999,9",,"4,99,0062,1","SYN011333   91112",
"07173099999","1990-06-13T03:00:00","4","48.2","6.4333333","320.0","EPINAL DOGNEVILLE, FR","FM-12","99999","V020","999,1,C,0000,1","99999,9,9,N","999999,9,N,9","+0101,1","+0087,1","10183,1","06,0000,9,1",,,"4,000",,,,,,,"3,1,004,1,+999,9",,"4,99,0021,1","SYN011333   91104",
"07173099999","1990-06-13T06:00:00","4","48.2","6.4333333","320.0","EPINAL DOGNEVILLE, FR","FM-12","99999","V020","999,1,C,0000,1","99999,9,9,N","999999,9,N,9","+0113,1","+0090,1","10187,1","06,0000,9,1",,,"4,000",,"0150,9","999,+0080,9","999,N,+0101,1",,,"1,1,005,1,+999,9",,"4,99,0031,1","SYN029333   20101 3/008 55025 91106",
"07173099999","1990-06-13T09:00:00","4","48.2","6.4333333","320.0","EPINAL DOGNEVILLE, FR","FM-12","99999","V020","310,1,N,0010,1","99999,9,9,N","999999,9,N,9","+0136,1","+0093,1","10189,1","06,0000,9,1",,,"4,000",,,,,,,"1,1,005,1,+999,9",,"4,99,0041,1","SYN011333   91108",
"07173099999","1990-06-13T12:00:00","4","48.2","6.4333333","320.0","EPINAL DOGNEVILLE, FR","FM-12","99999","V020","300,1,N,0021,1","99999,9,9,N","999999,9,N,9","+0142,1","+0090,1","10189,1","06,0000,9,1",,,"4,000",,,,,,,"5,1,000,1,+999,9",,"4,99,0051,1","SYN011333   91110",
"07173099999","1990-06-13T15:00:00","4","48.2","6.4333333","320.0","EPINAL DOGNEVILLE, FR","FM-12","99999","V020","320,1,N,0031,1","99999,9,9,N","999999,9,N,9","+0136,1","+0091,1","10194,1","06,0000,9,1",,,"4,000",,,,,,,"2,1,004,1,+999,9",,"4,99,0062,1","SYN011333   91112",
"07173099999","1990-06-13T18:00:00","4","48.2","6.4333333","320.0","EPINAL DOGNEVILLE, FR","FM-12","99999","V020","340,1,N,0031,1","99999,9,9,N","999999,9,N,9","+0136,1","+0091,1","10192,1","06,0000,9,1",,,"4,000",,,,"999,M,+0151,1",,,"5,1,001,1,+999,9",,"4,99,0062,1","SYN017333   10151 91112",
"07173099999","1990-06-13T21:00:00","4","48.2","6.4333333","320.0","EPINAL DOGNEVILLE, FR","FM-12","99999","V020","999,1,C,0000,1","99999,9,9,N","999999,9,N,9","+0119,1","+0091,1","10202,1","06,0000,9,1",,,"4,000",,,,,,,"3,1,007,1,+999,9",,"4,99,0041,1","SYN011333   91108",
"07173099999","1990-06-14T00:00:00","4","48.2","6.4333333","320.0","EPINAL DOGNEVILLE, FR","FM-12","99999","V020","999,1,C,0000,1","99999,9,9,N","999999,9,N,9","+0095,1","+0083,1","10197,1","06,0000,9,1",,,"4,000",,,,,,,"8,1,008,1,+999,9",,"4,99,0041,1","SYN011333   91108",
"07173099999","1990-06-14T03:00:00","4","48.2","6.4333333","320.0","EPINAL DOGNEVILLE, FR","FM-12","99999","V020","110,1,N,0010,1","99999,9,9,N","999999,9,N,9","+0080,1","+0072,1","10193,1","06,0000,9,1",,,"4,000",,,,,,,"8,1,005,1,+999,9",,"4,99,0021,1","SYN011333   91104",
"07173099999","1990-06-14T06:00:00","4","48.2","6.4333333","320.0","EPINAL DOGNEVILLE, FR","FM-12","99999","V020","999,1,C,0000,1","99999,9,9,N","999999,9,N,9","+0089,1","+0081,1","10193,1","06,0000,9,1",,,"4,000",,"0000,9","999,+0030,9","999,N,+0076,1",,,"3,1,001,1,+999,9",,"4,99,0021,1","SYN029333   20076 3/003 55000 91104",
"07173099999","1990-06-14T09:00:00","4","48.2","6.4333333","320.0","EPINAL DOGNEVILLE, FR","FM-12","99999","V020","350,1,N,0031,1","99999,9,9,N","999999,9,N,9","+0146,1","+0092,1","10183,1","06,0000,9,1",,,"4,000",,,,,,,"7,1,003,1,+999,9",,"4,99,0062,1","SYN011333   91112",
"07173099999","1990-06-14T12:00:00","4","48.2","6.4333333","320.0","EPINAL DOGNEVILLE, FR","FM-12","99999","V020","360,1,N,0021,1","99999,9,9,N","999999,9,N,9","+0176,1","+0090,1","10173,1","06,0000,9,1",,,"4,000",,,,,,,"8,1,006,1,+999,9",,"4,99,0082,1","SYN011333   91116",
"07173099999","1990-06-14T15:00:00","4","48.2","6.4333333","320.0","EPINAL DOGNEVILLE, FR","FM-12","99999","V020","360,1,N,0031,1","99999,9,9,N","999999,9,N,9","+0176,1","+0079,1","10166,1","06,0000,9,1",,,"4,000",,,,,,,"6,1,007,1,+999,9",,"4,99,0082,1","SYN011333   91116",
"07173099999","1990-06-14T18:00:00","4","48.2","6.4333333","320.0","EPINAL DOGNEVILLE, FR","FM-12","99999","V020","010,1,N,0021,1","99999,9,9,N","999999,9,N,9","+0165,1","+0082,1","10164,1","06,0000,9,1",,,"4,000",,,,"999,M,+0182,1",,,"5,1,003,1,+999,9",,"4,99,0082,1","SYN017333   10182 91116",
"07173099999","1990-06-14T21:00:00","4","48.2","6.4333333","320.0","EPINAL DOGNEVILLE, FR","FM-12","99999","V020","010,1,N,0010,1","99999,9,9,N","999999,9,N,9","+0115,1","+0082,1","10178,1","06,0000,9,1",,,"4,000",,,,,,,"3,1,007,1,+999,9",,"4,99,0062,1","SYN011333   91112",
"07173099999","1990-06-15T00:00:00","4","48.2","6.4333333","320.0","EPINAL DOGNEVILLE, FR","FM-12","99999","V020","999,1,C,0000,1","99999,9,9,N","999999,9,N,9","+0077,1","+0066,1","10186,1","06,0000,9,1",,,"4,000",,,,,,,"2,1,003,1,+999,9",,"4,99,0062,1","SYN011333   91112",
"07173099999","1990-06-15T03:00:00","4","48.2","6.4333333","320.0","EPINAL DOGNEVILLE, FR","FM-12","99999","V020","999,1,C,0000,1","99999,9,9,N","999999,9,N,9","+0065,1","+0056,1","10187,1","06,0000,9,1",,,"4,000",,,,,,,"6,1,001,1,+999,9",,"4,99,0021,1","SYN011333   91104",
"07173099999","1990-06-15T06:00:00","4","48.2","6.4333333","320.0","EPINAL DOGNEVILLE, FR","FM-12","99999","V020","999,1,C,0000,1","99999,9,9,N","999999,9,N,9","+0097,1","+0089,1","10185,1","06,0000,9,1",,,"4,000",,"0300,9","999,+0010,9","999,N,+0064,1",,,"2,1,003,1,+999,9",,"4,99,0021,1","SYN029333   20064 3/001 55050 91104",
"07173099999","1990-06-15T09:00:00","4","48.2","6.4333333","320.0","EPINAL DOGNEVILLE, FR","FM-12","99999","V020","330,1,N,0031,1","99999,9,9,N","999999,9,N,9","+0160,1","+0099,1","10179,1","06,0000,9,1",,,"4,000",,,,,,,"1,1,002,1,+999,9",,"4,99,0051,1","SYN011333   91110",
"07173099999","1990-06-15T12:00:00","4","48.2","6.4333333","320.0","EPINAL DOGNEVILLE, FR","FM-12","99999","V020","350,1,N,0021,1","99999,9,9,N","999999,9,N,9","+0181,1","+0066,1","10177,1","06,0000,9,1",,,"4,000",,,,,,,"4,1,000,1,+999,9",,"4,99,0072,1","SYN011333   91114",
"07173099999","1990-06-15T15:00:00","4","48.2","6.4333333","320.0","EPINAL DOGNEVILLE, FR","FM-12","99999","V020","330,1,N,0041,1","99999,9,9,N","999999,9,N,9","+0186,1","+0061,1","10174,1","06,0000,9,1",,,"4,000",,,,,,,"6,1,002,1,+999,9",,"4,99,0082,1","SYN011333   91116",
"07173099999","1990-06-15T18:00:00","4","48.2","6.4333333","320.0","EPINAL DOGNEVILLE, FR","FM-12","99999","V020","320,1,N,0031,1","99999,9,9,N","999999,9,N,9","+0175,1","+0084,1","10176,1","06,0000,9,1",,,"4,000",,,,"999,M,+0193,1",,,"3,1,001,1,+999,9",,"4,99,0082,1","SYN017333   10193 91116",
"07173099999","1990-06-15T21:00:00","4","48.2","6.4333333","320.0","EPINAL DOGNEVILLE, FR","FM-12","99999","V020","100,1,N,0010,1","99999,9,9,N","999999,9,N,9","+0110,1","+0084,1","10195,1","06,0000,9,1",,,"4,000",,,,,,,"3,1,010,1,+999,9",,"4,99,0041,1","SYN011333   91108",
"07173099999","1990-06-16T00:00:00","4","48.2","6.4333333","320.0","EPINAL DOGNEVILLE, FR","FM-12","99999","V020","100,1,N,0010,1","99999,9,9,N","999999,9,N,9","+0095,1","+0084,1","10196,1","06,0000,9,1",,,"4,000",,,,,,,"8,1,001,1,+999,9",,"4,99,0041,1","SYN011333   91108",
"07173099999","1990-06-16T03:00:00","4","48.2","6.4333333","320.0","EPINAL DOGNEVILLE, FR","FM-12","99999","V020","080,1,N,0010,1","99999,9,9,N","999999,9,N,9","+0072,1","+0065,1","10195,1","06,0000,9,1",,,"4,000",,,,,,,"7,1,004,1,+999,9",,"4,99,0021,1","SYN011333   91104",
"07173099999","1990-06-16T06:00:00","4","48.2","6.4333333","320.0","EPINAL DOGNEVILLE, FR","FM-12","99999","V020","999,1,C,0000,1","99999,9,9,N","999999,9,N,9","+0096,1","+0090,1","10196,1","06,0000,9,1",,,"4,000",,"0360,9","999,+0010,9","999,N,+0067,1",,,"0,1,004,1,+999,9",,"4,99,0021,1","SYN029333   20067 3/001 55060 91104",
"07173099999","1990-06-16T09:00:00","4","48.2","6.4333333","320.0","EPINAL DOGNEVILLE, FR","FM-12","99999","V020","340,1,N,0021,1","99999,9,9,N","999999,9,N,9","+0180,1","+0096,1","10175,1","06,0000,9,1",,,"4,000",,,,,,,"8,1,010,1,+999,9",,"4,99,0041,1","SYN011333   91108",
"07173099999","1990-06-16T12:00:00","4","48.2","6.4333333","320.0","EPINAL DOGNEVILLE, FR","FM-12","99999","V020","310,1,N,0021,1","99999,9,9,N","999999,9,N,9","+0201,1","+0065,1","10161,1","06,0000,9,1",,,"4,000",,,,,,,"8,1,010,1,+999,9",,"4,99,0062,1","SYN011333   91112",
"07173099999","1990-06-16T15:00:00","4","48.2","6.4333333","320.0","EPINAL DOGNEVILLE, FR","FM-12","99999","V020","280,1,N,0041,1","99999,9,9,N","999999,9,N,9","+0210,1","+0069,1","10151,1","06,0000,9,1",,,"4,000",,,,,,,"8,1,009,1,+999,9",,"4,99,0062,1","SYN011333   91112",
"07173099999","1990-06-16T18:00:00","4","48.2","6.4333333","320.0","EPINAL DOGNEVILLE, FR","FM-12","99999","V020","040,1,N,0010,1","99999,9,9,N","999999,9,N,9","+0193,1","+0095,1","10148,1","06,0000,9,1",,,"4,000",,,,"999,M,+0217,1",,,"8,1,005,1,+999,9",,"4,99,0062,1","SYN017333   10217 91112",
"07173099999","1990-06-16T21:00:00","4","48.2","6.4333333","320.0","EPINAL DOGNEVILLE, FR","FM-12","99999","V020","110,1,N,0010,1","99999,9,9,N","999999,9,N,9","+0122,1","+0092,1","10163,1","06,0000,9,1",,,"4,000",,,,,,,"3,1,006,1,+999,9",,"4,99,0021,1","SYN011333   91104",
"07173099999","1990-06-17T00:00:00","4","48.2","6.4333333","320.0","EPINAL DOGNEVILLE, FR","FM-12","99999","V020","080,1,N,0010,1","99999,9,9,N","999999,9,N,9","+0092,1","+0081,1","10167,1","06,0000,9,1",,,"4,000",,,,,,,"0,1,000,1,+999,9",,"4,99,0021,1","SYN011333   91104",
"07173099999","1990-06-17T03:00:00","4","48.2","6.4333333","320.0","EPINAL DOGNEVILLE, FR","FM-12","99999","V020","999,1,C,0000,1","99999,9,9,N","999999,9,N,9","+0077,1","+0070,1","10163,1","06,0000,9,1",,,"4,000",,,,,,,"7,1,006,1,+999,9",,"4,99,0021,1","SYN011333   91104",
"07173099999","1990-06-17T06:00:00","4","48.2","6.4333333","320.0","EPINAL DOGNEVILLE, FR","FM-12","99999","V020","999,1,C,0000,1","99999,9,9,N","999999,9,N,9","+0108,1","+0102,1","10160,1","06,0000,9,1",,,"4,000",,"0558,9","999,+0020,9","999,N,+0072,1",,,"3,1,001,1,+999,9",,"4,99,0021,1","SYN029333   20072 3/002 55093 91104",
"07173099999","1990-06-17T09:00:00","4","48.2","6.4333333","320.0","EPINAL DOGNEVILLE, FR","FM-12","99999","V020","310,1,N,0010,1","99999,9,9,N","999999,9,N,9","+0197,1","+0093,1","10142,1","06,0000,9,1",,,"4,000",,,,,,,"8,1,006,1,+999,9",,"4,99,0031,1","SYN011333   91106",
"07173099999","1990-06-17T12:00:00","4","48.2","6.4333333","320.0","EPINAL DOGNEVILLE, FR","FM-12","99999","V020","200,1,N,0031,1","99999,9,9,N","999999,9,N,9","+0227,1","+0080,1","10126,1","06,0000,9,1",,,"4,000",,,,,,,"6,1,012,1,+999,9",,"4,99,0051,1","SYN011333   91110",
"07173099999","1990-06-17T18:00:00","4","48.2","6.4333333","320.0","EPINAL DOGNEVILLE, FR","FM-12","99999","V020","210,1,N,0021,1","99999,9,9,N","999999,9,N,9","+0216,1","+0088,1","10111,1","06,0000,9,1",,,"4,000",,,,"999,M,+0241,1",,,"6,1,005,1,+999,9",,"4,99,0082,1","SYN017333   10241 91116",
"07173099999","1990-06-17T21:00:00","4","48.2","6.4333333","320.0","EPINAL DOGNEVILLE, FR","FM-12","99999","V020","080,1,N,0010,1","99999,9,9,N","999999,9,N,9","+0145,1","+0107,1","10129,1","06,0000,9,1",,,"4,000",,,,,,,"3,1,008,1,+999,9",,"4,99,0031,1","SYN011333   91106",
"07173099999","1990-06-18T00:00:00","4","48.2","6.4333333","320.0","EPINAL DOGNEVILLE, FR","FM-12","99999","V020","160,1,N,0031,1","99999,9,9,N","999999,9,N,9","+0150,1","+0110,1","10130,1","06,0000,9,1",,,"4,000",,,,,,,"3,1,002,1,+999,9",,"4,99,0051,1","SYN011333   91110",
"07173099999","1990-06-18T03:00:00","4","48.2","6.4333333","320.0","EPINAL DOGNEVILLE, FR","FM-12","99999","V020","160,1,N,0051,1","99999,9,9,N","999999,9,N,9","+0149,1","+0131,1","10134,1","06,0000,9,1",,,"4,000",,,,,,,"3,1,004,1,+999,9",,"4,99,0098,1","SYN011333   91119",
"07173099999","1990-06-18T06:00:00","4","48.2","6.4333333","320.0","EPINAL DOGNEVILLE, FR","FM-12","99999","V020","150,1,N,0010,1","99999,9,9,N","999999,9,N,9","+0147,1","+0136,1","10143,1","03,0010,9,1","24,0012,9,1",,"0,001","4,1,06,1","0756,9","999,+0080,9","999,N,+0132,1",,,"3,1,008,1,+999,9","21,1","4,99,0098,1","SYN041333   20132 3/008 55126 60017 70012 91119",
"07173099999","1990-06-18T09:00:00","4","48.2","6.4333333","320.0","EPINAL DOGNEVILLE, FR","FM-12","99999","V020","190,1,N,0031,1","99999,9,9,N","999999,9,N,9","+0169,1","+0140,1","10143,1","03,0002,9,1","99,0003,9,1",,"0,000",,,,,,,"0,1,003,1,+999,9",,"4,99,0051,1","SYN017333   69927 91110",
"07173099999","1990-06-18T12:00:00","4","48.2","6.4333333","320.0","EPINAL DOGNEVILLE, FR","FM-12","99999","V020","170,1,N,0041,1","99999,9,9,N","999999,9,N,9","+0172,1","+0145,1","10140,1","03,0040,9,1","06,0040,9,1",,"0,000","4,1,06,1",,,,,,,"41,1","4,99,0082,1","SYN017333   60047 91116",
"07173099999","1990-06-18T15:00:00","4","48.2","6.4333333","320.0","EPINAL DOGNEVILLE, FR","FM-12","99999","V020","210,1,N,0051,1","99999,9,9,N","999999,9,N,9","+0214,1","+0109,1","10130,1","06,0000,9,1",,,"4,000",,,,,,,"6,1,005,1,+999,9",,"4,99,0088,1","SYN011333   91117",
"07173099999","1990-06-18T18:00:00","4","48.2","6.4333333","320.0","EPINAL DOGNEVILLE, FR","FM-12","99999","V020","220,1,N,0031,1","99999,9,9,N","999999,9,N,9","+0201,1","+0091,1","10133,1","99,0040,9,1",,,"0,000",,,,"999,M,+0216,1",,,"3,1,001,1,+999,9",,"4,99,0098,1","SYN017333   10216 91119",
"07173099999","1990-06-18T21:00:00","4","48.2","6.4333333","320.0","EPINAL DOGNEVILLE, FR","FM-12","99999","V020","999,1,C,0000,1","99999,9,9,N","999999,9,N,9","+0134,1","+0106,1","10151,1","06,0000,9,1",,,"4,000",,,,,,,"2,1,009,1,+999,9",,"4,99,0041,1","SYN011333   91108",
"07173099999","1990-06-19T00:00:00","4","48.2","6.4333333","320.0","EPINAL DOGNEVILLE, FR","FM-12","99999","V020","999,1,C,0000,1","99999,9,9,N","999999,9,N,9","+0113,1","+0102,1","10152,1","06,0000,9,1",,,"4,000",,,,,,,"8,1,002,1,+999,9",,"4,99,0041,1","SYN011333   91108",
"07173099999","1990-06-19T03:00:00","4","48.2","6.4333333","320.0","EPINAL DOGNEVILLE, FR","FM-12","99999","V020","110,1,N,0010,1","99999,9,9,N","999999,9,N,9","+0113,1","+0099,1","10149,1","03,0002,9,1","99,0003,9,1",,"0,000",,,,,,,"6,1,003,1,+999,9",,"4,99,0031,1","SYN017333   69927 91106",
"07173099999","1990-06-19T06:00:00","4","48.2","6.4333333","320.0","EPINAL DOGNEVILLE, FR","FM-12","99999","V020","100,1,N,0010,1","99999,9,9,N","999999,9,N,9","+0155,1","+0113,1","10143,1","24,0044,9,1","99,0003,9,1",,"0,000",,"0342,9","999,+0050,9","999,N,+0104,1",,,"4,1,000,1,+999,9",,"4,99,0031,1","SYN035333   20104 3/005 55057 70044 91106",
"07173099999","1990-06-19T09:00:00","4","48.2","6.4333333","320.0","EPINAL DOGNEVILLE, FR","FM-12","99999","V020","150,1,N,0051,1","99999,9,9,N","999999,9,N,9","+0219,1","+0110,1","10136,1","06,0000,9,1",,,"4,000",,,,,,,"1,1,002,1,+999,9",,"4,99,0082,1","SYN011333   91116",
"07173099999","1990-06-19T12:00:00","4","48.2","6.4333333","320.0","EPINAL DOGNEVILLE, FR","FM-12","99999","V020","170,1,N,0041,1","99999,9,9,N","999999,9,N,9","+0240,1","+0126,1","10123,1","06,0000,9,1",,,"4,000",,,,,,,"7,1,011,1,+999,9",,"4,99,0088,1","SYN011333   91117",
"07173099999","1990-06-19T15:00:00","4","48.2","6.4333333","320.0","EPINAL DOGNEVILLE, FR","FM-12","99999","V020","180,1,N,0041,1","99999,9,9,N","999999,9,N,9","+0251,1","+0133,1","10114,1","06,0000,9,1",,,"4,000",,,,,,,"6,1,007,1,+999,9",,"4,99,0098,1","SYN011333   91119",
"07173099999","1990-06-19T18:00:00","4","48.2","6.4333333","320.0","EPINAL DOGNEVILLE, FR","FM-12","99999","V020","320,1,N,0021,1","99999,9,9,N","999999,9,N,9","+0171,1","+0136,1","10134,1","03,0002,9,1","99,0003,9,1",,"0,000","4,1,06,1",,,"999,M,+0256,1",,,"0,1,009,1,+999,9","41,1","4,99,0139,1","SYN023333   10256 69927 91127",
"07173099999","1990-06-19T21:00:00","4","48.2","6.4333333","320.0","EPINAL DOGNEVILLE, FR","FM-12","99999","V020","120,1,N,0010,1","99999,9,9,N","999999,9,N,9","+0159,1","+0143,1","10152,1","03,0010,9,1",,,"0,000","4,1,03,1",,,,,,"1,1,016,1,+999,9","41,1","4,99,0041,1","SYN017333   60017 91108",
"07173099999","1990-06-20T00:00:00","4","48.2","6.4333333","320.0","EPINAL DOGNEVILLE, FR","FM-12","99999","V020","140,1,N,0021,1","99999,9,9,N","999999,9,N,9","+0153,1","+0142,1","10155,1","03,0040,9,1","06,0040,9,1",,"0,001","4,1,06,1",,,,,,"3,1,003,1,+999,9","21,1","4,99,0041,1","SYN017333   60047 91108",
"07173099999","1990-06-20T03:00:00","4","48.2","6.4333333","320.0","EPINAL DOGNEVILLE, FR","FM-12","99999","V020","999,1,C,0000,1","99999,9,9,N","999999,9,N,9","+0150,1","+0144,1","10144,1","03,0020,9,1",,,"0,000","4,1,03,1",,,,,,"6,1,011,1,+999,9","41,1","4,99,0041,1","SYN017333   60027 91108",
"07173099999","1990-06-20T06:00:00","4","48.2","6.4333333","320.0","EPINAL DOGNEVILLE, FR","FM-12","99999","V020","330,1,N,0010,1","99999,9,9,N","999999,9,N,9","+0150,1","+0145,1","10131,1","03,0090,9,1","24,0168,9,1",,"0,001","4,1,06,1","0486,9","999,+0140,9","999,N,+0148,1",,,"6,1,013,1,+999,9","21,1","4,99,0041,1","SYN041333   20148 3/014 55081 60097 70168 91108",
"07173099999","1990-06-20T09:00:00","4","48.2","6.4333333","320.0","EPINAL DOGNEVILLE, FR","FM-12","99999","V020","200,1,N,0021,1","99999,9,9,N","999999,9,N,9","+0145,1","+0132,1","10146,1","03,0050,9,1",,,"0,001","4,1,03,1",,,,,,"3,1,014,1,+999,9","21,1","4,99,0082,1","SYN017333   60057 91116",
"07173099999","1990-06-20T12:00:00","4","48.2","6.4333333","320.0","EPINAL DOGNEVILLE, FR","FM-12","99999","V020","220,1,N,0010,1","99999,9,9,N","999999,9,N,9","+0165,1","+0136,1","10138,1","03,0010,9,1","06,0010,9,1",,"0,001","4,1,06,1",,,,,,"8,1,005,1,+999,9","21,1","4,99,0082,1","SYN017333   60017 91116",
"07173099999","1990-06-20T15:00:00","4","48.2","6.4333333","320.0","EPINAL DOGNEVILLE, FR","FM-12","99999","V020","220,1,N,0031,1","99999,9,9,N","999999,9,N,9","+0177,1","+0124,1","10125,1","03,0004,9,1","99,0005,9,1",,"0,000",,,,,,,"8,1,012,1,+999,9",,"4,99,0062,1","SYN017333   69947 91112",
"07173099999","1990-06-20T18:00:00","4","48.2","6.4333333","320.0","EPINAL DOGNEVILLE, FR","FM-12","99999","V020","130,1,N,0021,1","99999,9,9,N","999999,9,N,9","+0145,1","+0129,1","10133,1","03,0040,9,1",,,"9,001","4,1,06,1",,,"999,M,+0178,1",,,"1,1,004,1,+999,9","21,1","4,99,0072,1","SYN023333   10178 60047 91114",
"07173099999","1990-06-20T21:00:00","4","48.2","6.4333333","320.0","EPINAL DOGNEVILLE, FR","FM-12","99999","V020","150,1,N,0031,1","99999,9,9,N","999999,9,N,9","+0141,1","+0128,1","10147,1","06,0000,9,1",,,"4,000",,,,,,,"1,1,013,1,+999,9",,"4,99,0062,1","SYN011333   91112",
"07173099999","1990-06-21T00:00:00","4","48.2","6.4333333","320.0","EPINAL DOGNEVILLE, FR","FM-12","99999","V020","260,1,N,0062,1","99999,9,9,N","999999,9,N,9","+0125,1","+0102,1","10158,1","03,0006,9,2","06,0005,9,2",,"9,001","4,1,06,1",,,,,,"3,1,009,1,+999,9","21,1","4,99,0108,1","SYN017333   69967 91121",
"07173099999","1990-06-21T03:00:00","4","48.2","6.4333333","320.0","EPINAL DOGNEVILLE, FR","FM-12","99999","V020","150,1,N,0010,1","99999,9,9,N","999999,9,N,9","+0113,1","+0102,1","10152,1","03,0020,9,1",,,"0,000",,,,,,,"6,1,008,1,+999,9",,"4,99,0062,1","SYN017333   60027 91112",
"07173099999","1990-06-21T06:00:00","4","48.2","6.4333333","320.0","EPINAL DOGNEVILLE, FR","FM-12","99999","V020","170,1,N,0021,1","99999,9,9,N","999999,9,N,9","+0132,1","+0114,1","10147,1","24,0126,9,1","99,0020,9,1",,"0,000",,"0006,9","999,+0080,9","999,N,+0110,1",,,"8,1,002,1,+999,9",,"4,99,0062,1","SYN035333   20110 3/008 55001 70126 91112",
"07173099999","1990-06-21T09:00:00","4","48.2","6.4333333","320.0","EPINAL DOGNEVILLE, FR","FM-12","99999","V020","190,1,N,0041,1","99999,9,9,N","999999,9,N,9","+0155,1","+0101,1","10138,1","06,0000,9,1",,,"4,000",,,,,,,"8,1,006,1,+999,9",,"4,99,0082,1","SYN011333   91116",
"07173099999","1990-06-21T12:00:00","4","48.2","6.4333333","320.0","EPINAL DOGNEVILLE, FR","FM-12","99999","V020","170,1,N,0051,1","99999,9,9,N","999999,9,N,9","+0187,1","+0078,1","10112,1","06,0000,9,1",,,"4,000",,,,,,,"6,1,021,1,+999,9",,"4,99,0129,1","SYN011333   91125",
"07173099999","1990-06-21T15:00:00","4","48.2","6.4333333","320.0","EPINAL DOGNEVILLE, FR","FM-12","99999","V020","180,1,N,0062,1","99999,9,9,N","999999,9,N,9","+0192,1","+0088,1","10095,1","06,0000,9,1",,,"4,000",,,,,,,"6,1,016,1,+999,9",,"4,99,0118,1","SYN011333   91123",
"07173099999","1990-06-21T18:00:00","4","48.2","6.4333333","320.0","EPINAL DOGNEVILLE, FR","FM-12","99999","V020","150,1,N,0031,1","99999,9,9,N","999999,9,N,9","+0168,1","+0117,1","10091,1","03,0004,9,1","99,0005,9,1",,"0,000","4,1,06,1",,,"999,M,+0199,1",,,"6,1,007,1,+999,9","41,1","4,99,0118,1","SYN023333   10199 69947 91123",
"07173099999","1990-06-21T21:00:00","4","48.2","6.4333333","320.0","EPINAL DOGNEVILLE, FR","FM-12","99999","V020","140,1,N,0062,1","99999,9,9,N","999999,9,N,9","+0154,1","+0120,1","10087,1","06,0000,9,1",,,"4,000",,,,,,,"5,1,005,1,+999,9",,"4,99,0118,1","SYN011333   91123",
"07173099999","1990-06-22T00:00:00","4","48.2","6.4333333","320.0","EPINAL DOGNEVILLE, FR","FM-12","99999","V020","150,1,N,0062,1","99999,9,9,N","999999,9,N,9","+0145,1","+0125,1","10075,1","03,0002,9,1","06,0003,9,1",,"0,000",,,,,,,"6,1,012,1,+999,9",,"4,99,0129,1","SYN017333   69927 91125",
"07173099999","1990-06-22T03:00:00","4","48.2","6.4333333","320.0","EPINAL DOGNEVILLE, FR","FM-12","99999","V020","170,1,N,0062,1","99999,9,9,N","999999,9,N,9","+0147,1","+0131,1","10064,1","03,0020,9,1",,,"9,000","4,1,03,1",,,,,,"6,1,011,1,+999,9","41,1","4,99,0129,1","SYN017333   60027 91125",
"07173099999","1990-06-22T06:00:00","4","48.2","6.4333333","320.0","EPINAL DOGNEVILLE, FR","FM-12","99999","V020","160,1,N,0031,1","99999,9,9,N","999999,9,N,9","+0120,1","+0096,1","10093,1","03,0080,9,1","24,0106,9,1",,"0,001","4,1,06,1","0288,9","999,+0110,9","999,N,+0119,1",,,"1,1,024,1,+999,9","21,1","4,99,0139,1","SYN041333   20119 3/011 55048 60087 70106 91127",
"07173099999","1990-06-22T09:00:00","4","48.2","6.4333333","320.0","EPINAL DOGNEVILLE, FR","FM-12","99999","V020","170,1,N,0082,1","99999,9,9,N","999999,9,N,9","+0147,1","+0097,1","10098,1","06,0000,9,1",,,"4,000",,,,,,,"1,1,009,1,+999,9",,"4,99,0149,1","SYN011333   91129",
"07173099999","1990-06-22T12:00:00","4","48.2","6.4333333","320.0","EPINAL DOGNEVILLE, FR","FM-12","99999","V020","180,1,N,0062,1","99999,9,9,N","999999,9,N,9","+0140,1","+0113,1","10109,1","03,0010,9,1","06,0010,9,1",,"0,001","4,1,06,1",,,,,,"1,1,009,1,+999,9","21,1","4,99,0170,1","SYN017333   60017 91133",
"07173099999","1990-06-22T15:00:00","4","48.2","6.4333333","320.0","EPINAL DOGNEVILLE, FR","FM-12","99999","V020","170,1,N,0082,1","99999,9,9,N","999999,9,N,9","+0171,1","+0069,1","10107,1","06,0000,9,1",,,"4,000",,,,,,,,,"4,99,0149,1","SYN011333   91129",
"07173099999","1990-06-22T18:00:00","4","48.2","6.4333333","320.0","EPINAL DOGNEVILLE, FR","FM-12","99999","V020","180,1,N,0051,1","99999,9,9,N","999999,9,N,9","+0155,1","+0075,1","10126,1","03,0002,9,1","99,0003,9,1",,"0,000",,,,"999,M,+0184,1",,,"1,1,016,1,+999,9",,"4,99,0170,1","SYN023333   10184 69927 91133",
"07173099999","1990-06-22T21:00:00","4","48.2","6.4333333","320.0","EPINAL DOGNEVILLE, FR","FM-12","99999","V020","170,1,N,0021,1","99999,9,9,N","999999,9,N,9","+0124,1","+0079,1","10143,1","03,0002,9,1","99,0003,9,1",,"0,000",,,,,,,"3,1,013,1,+999,9",,"4,99,0088,1","SYN017333   69927 91117",
"07173099999","1990-06-23T00:00:00","4","48.2","6.4333333","320.0","EPINAL DOGNEVILLE, FR","FM-12","99999","V020","170,1,N,0051,1","99999,9,9,N","999999,9,N,9","+0130,1","+0083,1","10146,1","06,0003,9,1",,,"0,000",,,,,,,"1,1,004,1,+999,9",,"4,99,0088,1","SYN011333   91117",
"07173099999","1990-06-23T03:00:00","4","48.2","6.4333333","320.0","EPINAL DOGNEVILLE, FR","FM-12","99999","V020","170,1,N,0041,1","99999,9,9,N","999999,9,N,9","+0123,1","+0086,1","10157,1","06,0000,9,1",,,"4,000",,,,,,,"2,1,009,1,+999,9",,"4,99,0088,1","SYN011333   91117",
"07173099999","1990-06-23T06:00:00","4","48.2","6.4333333","320.0","EPINAL DOGNEVILLE, FR","FM-12","99999","V020","200,1,N,0041,1","99999,9,9,N","999999,9,N,9","+0124,1","+0081,1","10176,1","06,0000,9,1","24,0014,9,1",,"4,000",,"0390,9","999,+0080,9","999,N,+0121,1",,,"2,1,018,1,+999,9",,"4,99,0088,1","SYN035333   20121 3/008 55065 70014 91117",
"07173099999","1990-06-23T09:00:00","4","48.2","6.4333333","320.0","EPINAL DOGNEVILLE, FR","FM-12","99999","V020","230,1,N,0051,1","99999,9,9,N","999999,9,N,9","+0140,1","+0066,1","10188,1","06,0000,9,1",,,"4,000",,,,,,,"1,1,014,1,+999,9",,"4,99,0088,1","SYN011333   91117",
"07173099999","1990-06-23T12:00:00","4","48.2","6.4333333","320.0","EPINAL DOGNEVILLE, FR","FM-12","99999","V020","190,1,N,0051,1","99999,9,9,N","999999,9,N,9","+0168,1","+0042,1","10189,1","06,0000,9,1",,,"4,000",,,,,,,"0,1,004,1,+999,9",,"4,99,0098,1","SYN011333   91119",
"07173099999","1990-06-23T15:00:00","4","48.2","6.4333333","320.0","EPINAL DOGNEVILLE, FR","FM-12","99999","V020","180,1,N,0051,1","99999,9,9,N","999999,9,N,9","+0182,1","+0054,1","10186,1","06,0000,9,1",,,"4,000",,,,,,,"8,1,001,1,+999,9",,"4,99,0098,1","SYN011333   91119",
"07173099999","1990-06-23T18:00:00","4","48.2","6.4333333","320.0","EPINAL DOGNEVILLE, FR","FM-12","99999","V020","200,1,N,0031,1","99999,9,9,N","999999,9,N,9","+0169,1","+0083,1","10188,1","06,0000,9,1",,,"4,000",,,,"999,M,+0187,1",,,"3,1,001,1,+999,9",,"4,99,0098,1","SYN017333   10187 91119",
"07173099999","1990-06-23T21:00:00","4","48.2","6.4333333","320.0","EPINAL DOGNEVILLE, FR","FM-12","99999","V020","150,1,N,0010,1","99999,9,9,N","999999,9,N,9","+0144,1","+0094,1","10203,1","06,0000,9,1",,,"4,000",,,,,,,"3,1,011,1,+999,9",,"4,99,0062,1","SYN011333   91112",
"07173099999","1990-06-24T00:00:00","4","48.2","6.4333333","320.0","EPINAL DOGNEVILLE, FR","FM-12","99999","V020","110,1,N,0010,1","99999,9,9,N","999999,9,N,9","+0137,1","+0105,1","10202,1","06,0000,9,1",,,"4,000",,,,,,,"8,1,001,1,+999,9",,"4,99,0062,1","SYN011333   91112",
"07173099999","1990-06-24T03:00:00","4","48.2","6.4333333","320.0","EPINAL DOGNEVILLE, FR","FM-12","99999","V020","999,1,C,0000,1","99999,9,9,N","999999,9,N,9","+0132,1","+0116,1","10203,1","03,0020,9,1",,,"0,000","4,1,03,1",,,,,,"5,1,000,1,+999,9","41,1","4,99,0041,1","SYN017333   60027 91108",
"07173099999","1990-06-24T06:00:00","4","48.2","6.4333333","320.0","EPINAL DOGNEVILLE, FR","FM-12","99999","V020","999,1,C,0000,1","99999,9,9,N","999999,9,N,9","+0140,1","+0126,1","10215,1","03,0008,9,1","24,0026,9,1","99,0010,9,1","0,000",,"0294,9","999,+0110,9","999,N,+0129,1",,,"3,1,013,1,+999,9",,"4,99,0041,1","SYN041333   20129 3/011 55049 69987 70026 91108",
"07173099999","1990-06-24T09:00:00","4","48.2","6.4333333","320.0","EPINAL DOGNEVILLE, FR","FM-12","99999","V020","190,1,N,0021,1","99999,9,9,N","999999,9,N,9","+0169,1","+0134,1","10223,1","06,0000,9,1",,,"4,000",,,,,,,"3,1,011,1,+999,9",,"4,99,0062,1","SYN011333   91112",
"07173099999","1990-06-24T12:00:00","4","48.2","6.4333333","320.0","EPINAL DOGNEVILLE, FR","FM-12","99999","V020","200,1,N,0041,1","99999,9,9,N","999999,9,N,9","+0203,1","+0123,1","10220,1","06,0000,9,1",,,"4,000",,,,,,,"1,1,002,1,+999,9",,"4,99,0082,1","SYN011333   91116",
"07173099999","1990-06-24T15:00:00","4","48.2","6.4333333","320.0","EPINAL DOGNEVILLE, FR","FM-12","99999","V020","230,1,N,0021,1","99999,9,9,N","999999,9,N,9","+0221,1","+0106,1","10217,1","06,0000,9,1",,,"4,000",,,,,,,"7,1,001,1,+999,9",,"4,99,0082,1","SYN011333   91116",
"07173099999","1990-06-24T18:00:00","4","48.2","6.4333333","320.0","EPINAL DOGNEVILLE, FR","FM-12","99999","V020","290,1,N,0021,1","99999,9,9,N","999999,9,N,9","+0215,1","+0126,1","10222,1","06,0000,9,1",,,"4,000",,,,"999,M,+0226,1",,,"3,1,004,1,+999,9",,"4,99,0082,1","SYN017333   10226 91116",
"07173099999","1990-06-24T21:00:00","4","48.2","6.4333333","320.0","EPINAL DOGNEVILLE, FR","FM-12","99999","V020","340,1,N,0010,1","99999,9,9,N","999999,9,N,9","+0151,1","+0130,1","10243,1","06,0000,9,1",,,"4,000",,,,,,,"2,1,012,1,+999,9",,"4,99,0041,1","SYN011333   91108",
"07173099999","1990-06-25T00:00:00","4","48.2","6.4333333","320.0","EPINAL DOGNEVILLE, FR","FM-12","99999","V020","999,1,C,0000,1","99999,9,9,N","999999,9,N,9","+0121,1","+0112,1","10249,1","06,0000,9,1",,,"4,000",,,,,,,"1,1,002,1,+999,9",,"4,99,0041,1","SYN011333   91108",
"07173099999","1990-06-25T03:00:00","4","48.2","6.4333333","320.0","EPINAL DOGNEVILLE, FR","FM-12","99999","V020","999,1,C,0000,1","99999,9,9,N","999999,9,N,9","+0105,1","+0099,1","10252,1","03,0002,9,1","99,0003,9,1",,"0,000",,,,,,,"3,1,001,1,+999,9",,"4,99,0021,1","SYN017333   69927 91104",
"07173099999","1990-06-25T06:00:00","4","48.2","6.4333333","320.0","EPINAL DOGNEVILLE, FR","FM-12","99999","V020","999,1,C,0000,1","99999,9,9,N","999999,9,N,9","+0136,1","+0130,1","10254,1","24,0002,9,1",,,"0,000",,"0372,9","999,+0040,9","999,N,+0100,1",,,"1,1,006,1,+999,9",,"4,99,0021,1","SYN035333   20100 3/004 55062 70002 91104",
"07173099999","1990-06-25T09:00:00","4","48.2","6.4333333","320.0","EPINAL DOGNEVILLE, FR","FM-12","99999","V020","310,1,N,0010,1","99999,9,9,N","999999,9,N,9","+0203,1","+0133,1","10241,1","06,0000,9,1",,,"4,000",,,,,,,"8,1,004,1,+999,9",,"4,99,0062,1","SYN011333   91112",
"07173099999","1990-06-25T12:00:00","4","48.2","6.4333333","320.0","EPINAL DOGNEVILLE, FR","FM-12","99999","V020","300,1,N,0021,1","99999,9,9,N","999999,9,N,9","+0233,1","+0097,1","10232,1","06,0000,9,1",,,"4,000",,,,,,,"8,1,006,1,+999,9",,"4,99,0062,1","SYN011333   91112",
"07173099999","1990-06-25T15:00:00","4","48.2","6.4333333","320.0","EPINAL DOGNEVILLE, FR","FM-12","99999","V020","330,1,N,0021,1","99999,9,9,N","999999,9,N,9","+0250,1","+0093,1","10218,1","06,0000,9,1",,,"4,000",,,,,,,"7,1,011,1,+999,9",,"4,99,0051,1","SYN011333   91110",
"07173099999","1990-06-25T18:00:00","4","48.2","6.4333333","320.0","EPINAL DOGNEVILLE, FR","FM-12","99999","V020","330,1,N,0031,1","99999,9,9,N","999999,9,N,9","+0243,1","+0087,1","10210,1","06,0000,9,1",,,"4,000",,,,"999,M,+0251,1",,,"6,1,009,1,+999,9",,"4,99,0062,1","SYN017333   10251 91112",
"07173099999","1990-06-25T21:00:00","4","48.2","6.4333333","320.0","EPINAL DOGNEVILLE, FR","FM-12","99999","V020","999,1,C,0000,1","99999,9,9,N","999999,9,N,9","+0166,1","+0129,1","10219,1","06,0000,9,1",,,"4,000",,,,,,,"0,1,000,1,+999,9",,"4,99,0041,1","SYN011333   91108",
"07173099999","1990-06-26T00:00:00","4","48.2","6.4333333","320.0","EPINAL DOGNEVILLE, FR","FM-12","99999","V020","999,1,C,0000,1","99999,9,9,N","999999,9,N,9","+0136,1","+0122,1","10217,1","06,0000,9,1",,,"4,000",,,,,,,"7,1,006,1,+999,9",,"4,99,0041,1","SYN011333   91108",
"07173099999","1990-06-26T03:00:00","4","48.2","6.4333333","320.0","EPINAL DOGNEVILLE, FR","FM-12","99999","V020","999,1,C,0000,1","99999,9,9,N","999999,9,N,9","+0118,1","+0110,1","10207,1","06,0000,9,1",,,"4,000",,,,,,,"6,1,012,1,+999,9",,"4,99,0021,1","SYN011333   91104",
"07173099999","1990-06-26T06:00:00","4","48.2","6.4333333","320.0","EPINAL DOGNEVILLE, FR","FM-12","99999","V020","300,1,N,0010,1","99999,9,9,N","999999,9,N,9","+0151,1","+0135,1","10200,1","06,0000,9,1",,,"4,000",,"0906,9","999,+0060,9","999,N,+0114,1",,,"5,1,002,1,+999,9",,"4,99,0021,1","SYN029333   20114 3/006 55151 91104",
"07173099999","1990-06-26T09:00:00","4","48.2","6.4333333","320.0","EPINAL DOGNEVILLE, FR","FM-12","99999","V020","350,1,N,0010,1","99999,9,9,N","999999,9,N,9","+0247,1","+0159,1","10177,1","06,0000,9,1",,,"4,000",,,,,,,"8,1,010,1,+999,9",,"4,99,0031,1","SYN011333   91106",
"07173099999","1990-06-26T12:00:00","4","48.2","6.4333333","320.0","EPINAL DOGNEVILLE, FR","FM-12","99999","V020","290,1,N,0021,1","99999,9,9,N","999999,9,N,9","+0282,1","+0151,1","10163,1","06,0000,9,1",,,"4,000",,,,,,,"6,1,010,1,+999,9",,"4,99,0051,1","SYN011333   91110",
"07173099999","1990-06-26T15:00:00","4","48.2","6.4333333","320.0","EPINAL DOGNEVILLE, FR","FM-12","99999","V020","180,1,N,0031,1","99999,9,9,N","999999,9,N,9","+0290,1","+0152,1","10152,1","06,0000,9,1",,,"4,000",,,,,,,"6,1,009,1,+999,9",,"4,99,0082,1","SYN011333   91116",
"07173099999","1990-06-26T18:00:00","4","48.2","6.4333333","320.0","EPINAL DOGNEVILLE, FR","FM-12","99999","V020","210,1,N,0021,1","99999,9,9,N","999999,9,N,9","+0281,1","+0167,1","10138,1","06,0000,9,1",,,"4,000",,,,"999,M,+0296,1",,,"6,1,015,1,+999,9",,"4,99,0082,1","SYN017333   10296 91116",
"07173099999","1990-06-26T21:00:00","4","48.2","6.4333333","320.0","EPINAL DOGNEVILLE, FR","FM-12","99999","V020","999,1,C,0000,1","99999,9,9,N","999999,9,N,9","+0198,1","+0170,1","10150,1","06,0000,9,1",,,"4,000",,,,,,,"3,1,002,1,+999,9",,"4,99,0031,1","SYN011333   91106",
"07173099999","1990-06-27T03:00:00","4","48.2","6.4333333","320.0","EPINAL DOGNEVILLE, FR","FM-12","99999","V020","160,1,N,0031,1","99999,9,9,N","999999,9,N,9","+0193,1","+0154,1","10152,1","06,0000,9,1",,,"4,000",,,,,,,"3,1,003,1,+999,9",,"4,99,0072,1","SYN011333   91114",
"07173099999","1990-06-27T06:00:00","4","48.2","6.4333333","320.0","EPINAL DOGNEVILLE, FR","FM-12","99999","V020","130,1,N,0031,1","99999,9,9,N","999999,9,N,9","+0202,1","+0146,1","10148,1","06,0000,9,1",,,"4,000",,"0882,9","999,+0130,9","999,N,+0171,1",,,"6,1,003,1,+999,9",,"4,99,0082,1","SYN029333   20171 3/013 55147 91116",
"07173099999","1990-06-27T09:00:00","4","48.2","6.4333333","320.0","EPINAL DOGNEVILLE, FR","FM-12","99999","V020","170,1,N,0041,1","99999,9,9,N","999999,9,N,9","+0215,1","+0151,1","10144,1","06,0000,9,1",,,"4,000",,,,,,,"5,1,002,1,+999,9",,"4,99,0082,1","SYN011333   91116",
"07173099999","1990-06-27T12:00:00","4","48.2","6.4333333","320.0","EPINAL DOGNEVILLE, FR","FM-12","99999","V020","170,1,N,0031,1","99999,9,9,N","999999,9,N,9","+0242,1","+0162,1","10128,1","06,0000,9,1",,,"4,000",,,,,,,"8,1,012,1,+999,9",,"4,99,0082,1","SYN011333   91116",
"07173099999","1990-06-27T15:00:00","4","48.2","6.4333333","320.0","EPINAL DOGNEVILLE, FR","FM-12","99999","V020","250,1,N,0072,1","99999,9,9,N","999999,9,N,9","+0221,1","+0164,1","10124,1","06,0000,9,1",,,"4,000",,,,,,,"5,1,006,1,+999,9",,"4,99,0118,1","SYN011333   91123",
"07173099999","1990-06-27T18:00:00","4","48.2","6.4333333","320.0","EPINAL DOGNEVILLE, FR","FM-12","99999","V020","170,1,N,0031,1","99999,9,9,N","999999,9,N,9","+0205,1","+0173,1","10120,1","03,0040,9,1",,,"0,000",,,,"999,M,+0266,1",,,"5,1,006,1,+999,9",,"4,99,0118,1","SYN023333   10266 60047 91123",
"07173099999","1990-06-27T21:00:00","4","48.2","6.4333333","320.0","EPINAL DOGNEVILLE, FR","FM-12","99999","V020","090,1,N,0010,1","99999,9,9,N","999999,9,N,9","+0176,1","+0166,1","10142,1","06,0000,9,1",,,"4,000",,,,,,,"1,1,017,1,+999,9",,"4,99,0041,1","SYN011333   91108",
"07173099999","1990-06-28T00:00:00","4","48.2","6.4333333","320.0","EPINAL DOGNEVILLE, FR","FM-12","99999","V020","180,1,N,0010,1","99999,9,9,N","999999,9,N,9","+0179,1","+0164,1","10143,1","06,0000,9,1",,,"4,000",,,,,,,"3,1,002,1,+999,9",,"4,99,0062,1","SYN011333   91112",
"07173099999","1990-06-28T03:00:00","4","48.2","6.4333333","320.0","EPINAL DOGNEVILLE, FR","FM-12","99999","V020","170,1,N,0021,1","99999,9,9,N","999999,9,N,9","+0173,1","+0155,1","10156,1","03,0002,9,1","99,0003,9,1",,"0,000",,,,,,,"1,1,011,1,+999,9",,"4,99,0062,1","SYN017333   69927 91112",
"07173099999","1990-06-28T06:00:00","4","48.2","6.4333333","320.0","EPINAL DOGNEVILLE, FR","FM-12","99999","V020","220,1,N,0031,1","99999,9,9,N","999999,9,N,9","+0175,1","+0158,1","10165,1","24,0040,9,1","99,0003,9,1",,"0,000",,"0360,9","999,+0140,9","999,N,+0171,1",,,"3,1,009,1,+999,9",,"4,99,0062,1","SYN035333   20171 3/014 55060 70040 91112",
"07173099999","1990-06-28T09:00:00","4","48.2","6.4333333","320.0","EPINAL DOGNEVILLE, FR","FM-12","99999","V020","150,1,N,0010,1","99999,9,9,N","999999,9,N,9","+0188,1","+0155,1","10172,1","06,0000,9,1",,,"4,000",,,,,,,"1,1,008,1,+999,9",,"4,99,0031,1","SYN011333   91106",
"07173099999","1990-06-28T12:00:00","4","48.2","6.4333333","320.0","EPINAL DOGNEVILLE, FR","FM-12","99999","V020","270,1,N,0010,1","99999,9,9,N","999999,9,N,9","+0207,1","+0159,1","10172,1","06,0000,9,1",,,"4,000",,,,,,,"1,1,003,1,+999,9",,"4,99,0051,1","SYN011333   91110",
"07173099999","1990-06-28T15:00:00","4","48.2","6.4333333","320.0","EPINAL DOGNEVILLE, FR","FM-12","99999","V020","320,1,N,0031,1","99999,9,9,N","999999,9,N,9","+0215,1","+0160,1","10168,1","06,0000,9,1",,,"4,000",,,,,,,"8,1,003,1,+999,9",,"4,99,0051,1","SYN011333   91110",
"07173099999","1990-06-28T18:00:00","4","48.2","6.4333333","320.0","EPINAL DOGNEVILLE, FR","FM-12","99999","V020","320,1,N,0031,1","99999,9,9,N","999999,9,N,9","+0213,1","+0163,1","10163,1","06,0000,9,1",,,"4,000",,,,"999,M,+0222,1",,,"6,1,004,1,+999,9",,"4,99,0051,1","SYN017333   10222 91110",
"07173099999","1990-06-28T21:00:00","4","48.2","6.4333333","320.0","EPINAL DOGNEVILLE, FR","FM-12","99999","V020","020,1,N,0010,1","99999,9,9,N","999999,9,N,9","+0179,1","+0155,1","10174,1","06,0000,9,1",,,"4,000",,,,,,,"1,1,006,1,+999,9",,"4,99,0051,1","SYN011333   91110",
"07173099999","1990-06-29T00:00:00","4","48.2","6.4333333","320.0","EPINAL DOGNEVILLE, FR","FM-12","99999","V020","999,1,C,0000,1","99999,9,9,N","999999,9,N,9","+0161,1","+0153,1","10176,1","06,0000,9,1",,,"4,000",,,,,,,"8,1,001,1,+999,9",,"4,99,0051,1","SYN011333   91110",
"07173099999","1990-06-29T03:00:00","4","48.2","6.4333333","320.0","EPINAL DOGNEVILLE, FR","FM-12","99999","V020","999,1,C,0000,1","99999,9,9,N","999999,9,N,9","+0139,1","+0133,1","10169,1","06,0000,9,1",,,"4,000",,,,,,,"8,1,009,1,+999,9",,"4,99,0021,1","SYN011333   91104",
"07173099999","1990-06-29T06:00:00","4","48.2","6.4333333","320.0","EPINAL DOGNEVILLE, FR","FM-12","99999","V020","300,1,N,0010,1","99999,9,9,N","999999,9,N,9","+0164,1","+0159,1","10163,1","06,0000,9,1",,,"4,000",,"0120,9","999,+0090,9","999,N,+0135,1",,,"7,1,003,1,+999,9",,"4,99,0031,1","SYN029333   20135 3/009 55020 91106",
"07173099999","1990-06-29T09:00:00","4","48.2","6.4333333","320.0","EPINAL DOGNEVILLE, FR","FM-12","99999","V020","020,1,N,0010,1","99999,9,9,N","999999,9,N,9","+0218,1","+0176,1","10151,1","03,0020,9,1",,,"0,000",,,,,,,"8,1,004,1,+999,9",,"4,99,0118,1","SYN017333   60027 91123",
"07173099999","1990-06-29T12:00:00","4","48.2","6.4333333","320.0","EPINAL DOGNEVILLE, FR","FM-12","99999","V020","140,1,N,0051,1","99999,9,9,N","999999,9,N,9","+0267,1","+0172,1","10130,1","06,0020,9,1",,,"0,000",,,,,,,"8,1,015,1,+999,9",,"4,99,0118,1","SYN011333   91123",
"07173099999","1990-06-29T15:00:00","4","48.2","6.4333333","320.0","EPINAL DOGNEVILLE, FR","FM-12","99999","V020","090,1,N,0021,1","99999,9,9,N","999999,9,N,9","+0201,1","+0179,1","10147,1","03,0150,9,1",,,"0,001","4,1,03,1",,,,,,"0,1,009,1,+999,9","21,1","4,99,0180,1","SYN017333   60157 91135",
"07173099999","1990-06-29T18:00:00","4","48.2","6.4333333","320.0","EPINAL DOGNEVILLE, FR","FM-12","99999","V020","110,1,N,0021,1","99999,9,9,N","999999,9,N,9","+0199,1","+0179,1","10142,1","03,0008,9,1","99,0010,9,1",,"0,001","4,1,06,1",,,"999,M,+0273,1",,,"8,1,005,1,+999,9","21,1","4,99,0180,1","SYN023333   10273 69987 91135",
"07173099999","1990-06-29T21:00:00","4","48.2","6.4333333","320.0","EPINAL DOGNEVILLE, FR","FM-12","99999","V020","150,1,N,0021,1","99999,9,9,N","999999,9,N,9","+0167,1","+0143,1","10164,1","06,0000,9,1",,,"4,000",,,,,,,"1,1,016,1,+999,9",,"4,99,0072,1","SYN011333   91114",
"07173099999","1990-06-30T00:00:00","4","48.2","6.4333333","320.0","EPINAL DOGNEVILLE, FR","FM-12","99999","V020","090,1,N,0010,1","99999,9,9,N","999999,9,N,9","+0138,1","+0132,1","10169,1","06,0000,9,1",,,"4,000",,,,,,,"1,1,001,1,+999,9",,"4,99,0072,1","SYN011333   91114",
"07173099999","1990-06-30T03:00:00","4","48.2","6.4333333","320.0","EPINAL DOGNEVILLE, FR","FM-12","99999","V020","070,1,N,0010,1","99999,9,9,N","999999,9,N,9","+0130,1","+0125,1","10159,1","06,0000,9,1",,,"4,000",,,,,,,"6,1,010,1,+999,9",,"4,99,0031,1","SYN011333   91106",
"07173099999","1990-06-30T12:00:00","4","48.2","6.4333333","320.0","EPINAL DOGNEVILLE, FR","FM-12","99999","V020","040,1,N,0082,1","99999,9,9,N","999999,9,N,9","+0244,1","+0169,1","10135,1",,,,"2,000",,,,,,,,,,,
"07173099999","1990-06-30T15:00:00","4","48.2","6.4333333","320.0","EPINAL DOGNEVILLE, FR","FM-12","99999","V020","250,1,N,0031,1","99999,9,9,N","999999,9,N,9","+0250,1","+0172,1","10117,1","06,0000,9,1",,,"4,000",,,,,,,"6,1,017,1,+999,9",,"4,99,0098,1","SYN011333   91119",
"07173099999","1990-06-30T18:00:00","4","48.2","6.4333333","320.0","EPINAL DOGNEVILLE, FR","FM-12","99999","V020","020,1,N,0021,1","99999,9,9,N","999999,9,N,9","+0202,1","+0181,1","10110,1",,,,"2,000","4,1,06,1",,,,,,"8,1,012,1,+999,9","41,1","4,99,0098,1","SYN011333   91119",
"07173099999","1990-06-30T21:00:00","4","48.2","6.4333333","320.0","EPINAL DOGNEVILLE, FR","FM-12","99999","V020","150,1,N,0031,1","99999,9,9,N","999999,9,N,9","+0181,1","+0168,1","10130,1","03,0008,9,1","99,0010,9,1",,"0,001","4,1,03,1",,,,,,"1,1,016,1,+999,9","21,1","4,99,0072,1","SYN017333   69987 91114",
"07173099999","1990-07-01T00:00:00","4","48.2","6.4333333","320.0","EPINAL DOGNEVILLE, FR","FM-12","99999","V020","150,1,N,0031,1","99999,9,9,N","999999,9,N,9","+0172,1","+0150,1","10142,1","06,0010,9,1",,,"0,000",,,,,,,"0,1,011,1,+999,9",,"4,99,0072,1","SYN011333   91114",
"07173099999","1990-07-01T03:00:00","4","48.2","6.4333333","320.0","EPINAL DOGNEVILLE, FR","FM-12","99999","V020","190,1,N,0041,1","99999,9,9,N","999999,9,N,9","+0134,1","+0091,1","10162,1","06,0000,9,1",,,"4,000",,,,,,,"1,1,014,1,+999,9",,"4,99,0098,1","SYN011333   91119",
"07173099999","1990-07-01T06:00:00","4","48.2","6.4333333","320.0","EPINAL DOGNEVILLE, FR","FM-12","99999","V020","180,1,N,0072,1","99999,9,9,N","999999,9,N,9","+0138,1","+0086,1","10174,1","99,0010,9,1",,,"0,000",,,"999,+0100,9","999,N,+0123,1",,,"3,1,011,1,+999,9",,"4,99,0118,1","SYN029333   20123 3/010 55/// 91123",
"07173099999","1990-07-01T09:00:00","4","48.2","6.4333333","320.0","EPINAL DOGNEVILLE, FR","FM-12","99999","V020","170,1,N,0072,1","99999,9,9,N","999999,9,N,9","+0148,1","+0085,1","10174,1","06,0000,9,1",,,"4,000",,,,,,,"0,1,002,1,+999,9",,"4,99,0129,1","SYN011333   91125",
"07173099999","1990-07-01T12:00:00","4","48.2","6.4333333","320.0","EPINAL DOGNEVILLE, FR","FM-12","99999","V020","190,1,N,0062,1","99999,9,9,N","999999,9,N,9","+0169,1","+0081,1","10169,1","06,0000,9,1",,,"4,000",,,,,,,"8,1,003,1,+999,9",,"4,99,0149,1","SYN011333   91129",
"07173099999","1990-07-01T15:00:00","4","48.2","6.4333333","320.0","EPINAL DOGNEVILLE, FR","FM-12","99999","V020","170,1,N,0062,1","99999,9,9,N","999999,9,N,9","+0174,1","+0091,1","10166,1","06,0000,9,1",,,"4,000",,,,,,,"8,1,002,1,+999,9",,"4,99,0149,1","SYN011333   91129",
"07173099999","1990-07-01T18:00:00","4","48.2","6.4333333","320.0","EPINAL DOGNEVILLE, FR","FM-12","99999","V020","160,1,N,0051,1","99999,9,9,N","999999,9,N,9","+0167,1","+0094,1","10168,1","06,0000,9,1",,,"4,000",,,,"999,M,+0181,1",,,"0,1,001,1,+999,9",,"4,99,0149,1","SYN017333   10181 91129",
"07173099999","1990-07-01T21:00:00","4","48.2","6.4333333","320.0","EPINAL DOGNEVILLE, FR","FM-12","99999","V020","150,1,N,0031,1","99999,9,9,N","999999,9,N,9","+0144,1","+0090,1","10176,1","06,0000,9,1",,,"4,000",,,,,,,"2,1,005,1,+999,9",,"4,99,0098,1","SYN011333   91119",
"07173099999","1990-07-02T00:00:00","4","48.2","6.4333333","320.0","EPINAL DOGNEVILLE, FR","FM-12","99999","V020","170,1,N,0041,1","99999,9,9,N","999999,9,N,9","+0139,1","+0089,1","10168,1","06,0000,9,1",,,"4,000",,,,,,,"8,1,008,1,+999,9",,"4,99,0098,1","SYN011333   91119",
"07173099999","1990-07-02T03:00:00","4","48.2","6.4333333","320.0","EPINAL DOGNEVILLE, FR","FM-12","99999","V020","160,1,N,0021,1","99999,9,9,N","999999,9,N,9","+0129,1","+0092,1","10164,1","06,0000,9,1",,,"4,000",,,,,,,"6,1,005,1,+999,9",,"4,99,0062,1","SYN011333   91112",
"07173099999","1990-07-02T06:00:00","4","48.2","6.4333333","320.0","EPINAL DOGNEVILLE, FR","FM-12","99999","V020","170,1,N,0010,1","99999,9,9,N","999999,9,N,9","+0133,1","+0088,1","10165,1","06,0000,9,1",,,"4,000",,"0366,9","999,+0100,9","999,N,+0123,1",,,"1,1,001,1,+999,9",,"4,99,0062,1","SYN029333   20123 3/010 55061 91112",
"07173099999","1990-07-02T09:00:00","4","48.2","6.4333333","320.0","EPINAL DOGNEVILLE, FR","FM-12","99999","V020","190,1,N,0041,1","99999,9,9,N","999999,9,N,9","+0157,1","+0084,1","10155,1","06,0000,9,1",,,"4,000",,,,,,,"8,1,007,1,+999,9",,"4,99,0072,1","SYN011333   91114",
"07173099999","1990-07-02T12:00:00","4","48.2","6.4333333","320.0","EPINAL DOGNEVILLE, FR","FM-12","99999","V020","230,1,N,0051,1","99999,9,9,N","999999,9,N,9","+0177,1","+0069,1","10143,1","06,0000,9,1",,,"4,000",,,,,,,"8,1,009,1,+999,9",,"4,99,0088,1","SYN011333   91117",
"07173099999","1990-07-02T15:00:00","4","48.2","6.4333333","320.0","EPINAL DOGNEVILLE, FR","FM-12","99999","V020","210,1,N,0041,1","99999,9,9,N","999999,9,N,9","+0191,1","+0048,1","10135,1","06,0000,9,1",,,"4,000",,,,,,,,,"4,99,0082,1","SYN011333   91116",
"07173099999","1990-07-02T18:00:00","4","48.2","6.4333333","320.0","EPINAL DOGNEVILLE, FR","FM-12","99999","V020","270,1,N,0031,1","99999,9,9,N","999999,9,N,9","+0173,1","+0071,1","10129,1",,,,"2,000",,,,,,,"5,1,008,1,+999,9",,"4,99,0088,1","SYN011333   91117",
"07173099999","1990-07-02T21:00:00","4","48.2","6.4333333","320.0","EPINAL DOGNEVILLE, FR","FM-12","99999","V020","110,1,N,0010,1","99999,9,9,N","999999,9,N,9","+0118,1","+0092,1","10137,1","06,0000,9,1",,,"4,000",,,,,,,"2,1,001,1,+999,9",,"4,99,0041,1","SYN011333   91108",
"07173099999","1990-07-03T00:00:00","4","48.2","6.4333333","320.0","EPINAL DOGNEVILLE, FR","FM-12","99999","V020","070,1,N,0010,1","99999,9,9,N","999999,9,N,9","+0106,1","+0087,1","10124,1","06,0000,9,1",,,"4,000",,,,,,,"8,1,013,1,+999,9",,"4,99,0041,1","SYN011333   91108",
"07173099999","1990-07-03T03:00:00","4","48.2","6.4333333","320.0","EPINAL DOGNEVILLE, FR","FM-12","99999","V020","080,1,N,0010,1","99999,9,9,N","999999,9,N,9","+0112,1","+0091,1","10109,1","03,0002,9,1","99,0003,9,1",,"0,000",,,,,,,"6,1,014,1,+999,9",,"4,99,0021,1","SYN017333   69927 91104",
"07173099999","1990-07-03T06:00:00","4","48.2","6.4333333","320.0","EPINAL DOGNEVILLE, FR","FM-12","99999","V020","320,1,N,0021,1","99999,9,9,N","999999,9,N,9","+0115,1","+0104,1","10113,1","03,0020,9,1","24,0026,9,1",,"0,001","4,1,06,1","0366,9","999,+0060,9","999,N,+0106,1",,,"0,1,004,1,+999,9","21,1","4,99,0031,1","SYN041333   20106 3/006 55061 60027 70026 91106",
"07173099999","1990-07-03T09:00:00","4","48.2","6.4333333","320.0","EPINAL DOGNEVILLE, FR","FM-12","99999","V020","010,1,N,0021,1","99999,9,9,N","999999,9,N,9","+0118,1","+0107,1","10114,1","03,0008,9,1","99,0010,9,1",,"0,000",,,,,,,"3,1,002,1,+999,9",,"4,99,0051,1","SYN017333   69987 91110",
"07173099999","1990-07-03T12:00:00","4","48.2","6.4333333","320.0","EPINAL DOGNEVILLE, FR","FM-12","99999","V020","320,1,N,0021,1","99999,9,9,N","999999,9,N,9","+0127,1","+0111,1","10117,1","03,0002,9,1","06,0003,9,1",,"0,000",,,,,,,"3,1,004,1,+999,9",,"4,99,0051,1","SYN017333   69927 91110",
"07173099999","1990-07-03T15:00:00","4","48.2","6.4333333","320.0","EPINAL DOGNEVILLE, FR","FM-12","99999","V020","280,1,N,0041,1","99999,9,9,N","999999,9,N,9","+0128,1","+0115,1","10137,1","03,0010,9,1",,,"0,000","4,1,03,1",,,,,,"3,1,019,1,+999,9","41,1","4,99,0082,1","SYN017333   60017 91116",
"07173099999","1990-07-03T18:00:00","4","48.2","6.4333333","320.0","EPINAL DOGNEVILLE, FR","FM-12","99999","V020","230,1,N,0010,1","99999,9,9,N","999999,9,N,9","+0126,1","+0110,1","10158,1","03,0040,9,1",,,"0,001","4,1,06,1",,,"999,M,+0131,1",,,"1,1,020,1,+999,9","21,1","4,99,0082,1","SYN023333   10131 60047 91116",
"07173099999","1990-07-03T21:00:00","4","48.2","6.4333333","320.0","EPINAL DOGNEVILLE, FR","FM-12","99999","V020","999,1,C,0000,1","99999,9,9,N","999999,9,N,9","+0112,1","+0103,1","10180,1","03,0002,9,1","99,0003,9,1",,"0,000",,,,,,,"1,1,019,1,+999,9",,"4,99,0031,1","SYN017333   69927 91106",
"07173099999","1990-07-04T03:00:00","4","48.2","6.4333333","320.0","EPINAL DOGNEVILLE, FR","FM-12","99999","V020","230,1,N,0010,1","99999,9,9,N","999999,9,N,9","+0106,1","+0100,1","10191,1","06,0000,9,1",,,"4,000",,,,,,,"3,1,004,1,+999,9",,"4,99,0041,1","SYN011333   91108",
"07173099999","1990-07-04T09:00:00","4","48.2","6.4333333","320.0","EPINAL DOGNEVILLE, FR","FM-12","99999","V020","220,1,N,0021,1","99999,9,9,N","999999,9,N,9","+0154,1","+0084,1","10182,1","06,0000,9,1",,,"4,000",,,,,,,"8,1,004,1,+999,9",,"4,99,0051,1","SYN011333   91110",
"07173099999","1990-07-04T12:00:00","4","48.2","6.4333333","320.0","EPINAL DOGNEVILLE, FR","FM-12","99999","V020","230,1,N,0041,1","99999,9,9,N","999999,9,N,9","+0178,1","+0086,1","10165,1","06,0000,9,1",,,"4,000",,,,,,,"8,1,013,1,+999,9",,"4,99,0062,1","SYN011333   91112",
"07173099999","1990-07-04T15:00:00","4","48.2","6.4333333","320.0","EPINAL DOGNEVILLE, FR","FM-12","99999","V020","150,1,N,0062,1","99999,9,9,N","999999,9,N,9","+0182,1","+0064,1","10149,1","06,0000,9,1",,,"4,000",,,,,,,"8,1,016,1,+999,9",,"4,99,0088,1","SYN011333   91117",
"07173099999","1990-07-04T18:00:00","4","48.2","6.4333333","320.0","EPINAL DOGNEVILLE, FR","FM-12","99999","V020","160,1,N,0051,1","99999,9,9,N","999999,9,N,9","+0172,1","+0075,1","10135,1","06,0000,9,1",,,"4,000",,,,"999,M,+0186,1",,,"6,1,014,1,+999,9",,"4,99,0088,1","SYN017333   10186 91117",
"07173099999","1990-07-04T21:00:00","4","48.2","6.4333333","320.0","EPINAL DOGNEVILLE, FR","FM-12","99999","V020","160,1,N,0041,1","99999,9,9,N","999999,9,N,9","+0159,1","+0089,1","10129,1","06,0000,9,1",,,"4,000",,,,,,,"6,1,007,1,+999,9",,"4,99,0088,1","SYN011333   91117",
"07173099999","1990-07-05T00:00:00","4","48.2","6.4333333","320.0","EPINAL DOGNEVILLE, FR","FM-12","99999","V020","140,1,N,0031,1","99999,9,9,N","999999,9,N,9","+0146,1","+0100,1","10111,1","06,0000,9,1",,,"4,000",,,,,,,"8,1,019,1,+999,9",,"4,99,0088,1","SYN011333   91117",
"07173099999","1990-07-05T03:00:00","4","48.2","6.4333333","320.0","EPINAL DOGNEVILLE, FR","FM-12","99999","V020","160,1,N,0051,1","99999,9,9,N","999999,9,N,9","+0126,1","+0107,1","10086,1","03,0030,9,1",,,"0,000","4,1,03,1",,,,,,"6,1,027,1,+999,9","41,1","4,99,0118,1","SYN017333   60037 91123",
"07173099999","1990-07-05T06:00:00","4","48.2","6.4333333","320.0","EPINAL DOGNEVILLE, FR","FM-12","99999","V020","150,1,N,0062,1","99999,9,9,N","999999,9,N,9","+0130,1","+0117,1","10061,1","03,0110,9,1","24,0146,9,1",,"3,000","4,1,06,1","0354,9","999,+0120,9","999,N,+0123,1",,,"6,1,023,1,+999,9","41,1","4,99,0118,1","SYN041333   20123 3/012 55059 60117 70146 91123",
"07173099999","1990-07-05T09:00:00","4","48.2","6.4333333","320.0","EPINAL DOGNEVILLE, FR","FM-12","99999","V020","160,1,N,0087,1","99999,9,9,N","999999,9,N,9","+0147,1","+0132,1","10043,1","03,0050,9,1",,,"3,000","4,1,03,1",,,,,,"7,1,015,1,+999,9","41,1","4,99,0170,1","SYN017333   60057 91133",
"07173099999","1990-07-05T15:00:00","4","48.2","6.4333333","320.0","EPINAL DOGNEVILLE, FR","FM-12","99999","V020","210,1,N,0051,1","99999,9,9,N","999999,9,N,9","+0169,1","+0101,1","10072,1","03,0008,9,1","99,0010,9,1",,"0,000",,,,,,,"3,1,018,1,+999,9",,"4,99,0149,1","SYN017333   69987 91129",
"07173099999","1990-07-05T18:00:00","4","48.2","6.4333333","320.0","EPINAL DOGNEVILLE, FR","FM-12","99999","V020","190,1,N,0051,1","99999,9,9,N","999999,9,N,9","+0165,1","+0080,1","10101,1","99,0110,9,1",,,"0,000",,,,"999,M,+0181,1",,,"3,1,027,1,+999,9",,"4,99,0149,1","SYN017333   10181 91129",
"07173099999","1990-07-05T21:00:00","4","48.2","6.4333333","320.0","EPINAL DOGNEVILLE, FR","FM-12","99999","V020","180,1,N,0041,1","99999,9,9,N","999999,9,N,9","+0136,1","+0102,1","10132,1","03,0002,9,1","99,0003,9,1",,"0,001","4,1,03,1",,,,,,"1,1,027,1,+999,9","21,1","4,99,0088,1","SYN017333   69927 91117",
"07173099999","1990-07-06T00:00:00","4","48.2","6.4333333","320.0","EPINAL DOGNEVILLE, FR","FM-12","99999","V020","190,1,N,0041,1","99999,9,9,N","999999,9,N,9","+0117,1","+0099,1","10150,1","03,0020,9,1","06,0020,9,1",,"0,001","4,1,06,1",,,,,,"1,1,015,1,+999,9","21,1","4,99,0088,1","SYN017333   60027 91117",
"07173099999","1990-07-06T03:00:00","4","48.2","6.4333333","320.0","EPINAL DOGNEVILLE, FR","FM-12","99999","V020","190,1,N,0051,1","99999,9,9,N","999999,9,N,9","+0117,1","+0098,1","10164,1","06,0000,9,1",,,"4,000",,,,,,,"1,1,013,1,+999,9",,"4,99,0098,1","SYN011333   91119",
"07173099999","1990-07-06T06:00:00","4","48.2","6.4333333","320.0","EPINAL DOGNEVILLE, FR","FM-12","99999","V020","200,1,N,0041,1","99999,9,9,N","999999,9,N,9","+0119,1","+0093,1","10181,1","24,0132,9,1","99,0020,9,1",,"0,000",,"0036,9","999,+0110,9","999,N,+0115,1",,,"1,1,017,1,+999,9",,"4,99,0098,1","SYN035333   20115 3/011 55006 70132 91119",
"07173099999","1990-07-06T09:00:00","4","48.2","6.4333333","320.0","EPINAL DOGNEVILLE, FR","FM-12","99999","V020","190,1,N,0051,1","99999,9,9,N","999999,9,N,9","+0130,1","+0094,1","10199,1","06,0000,9,1",,,"4,000",,,,,,,"2,1,019,1,+999,9",,"4,99,0098,1","SYN011333   91119",
"07173099999","1990-07-06T12:00:00","4","48.2","6.4333333","320.0","EPINAL DOGNEVILLE, FR","FM-12","99999","V020","190,1,N,0072,1","99999,9,9,N","999999,9,N,9","+0139,1","+0101,1","10210,1","03,0002,9,1","06,0003,9,1",,"0,001","4,1,06,1",,,,,,"1,1,011,1,+999,9","21,1","4,99,0118,1","SYN017333   69927 91123",
"07173099999","1990-07-06T15:00:00","4","48.2","6.4333333","320.0","EPINAL DOGNEVILLE, FR","FM-12","99999","V020","220,1,N,0062,1","99999,9,9,N","999999,9,N,9","+0148,1","+0092,1","10218,1","03,0020,9,1",,,"0,000",,,,,,,"1,1,009,1,+999,9",,"4,99,0129,1","SYN017333   60027 91125",
"07173099999","1990-07-06T18:00:00","4","48.2","6.4333333","320.0","EPINAL DOGNEVILLE, FR","FM-12","99999","V020","210,1,N,0031,1","99999,9,9,N","999999,9,N,9","+0148,1","+0078,1","10230,1","99,0020,9,1",,,"0,000",,,,"999,M,+0158,1",,,"3,1,011,1,+999,9",,"4,99,0129,1","SYN017333   10158 91125",
"07173099999","1990-07-06T21:00:00","4","48.2","6.4333333","320.0","EPINAL DOGNEVILLE, FR","FM-12","99999","V020","160,1,N,0021,1","99999,9,9,N","999999,9,N,9","+0118,1","+0075,1","10247,1","06,0000,9,1",,,"4,000",,,,,,,"3,1,013,1,+999,9",,"4,99,0072,1","SYN011333   91114",
"07173099999","1990-07-07T00:00:00","4","48.2","6.4333333","320.0","EPINAL DOGNEVILLE, FR","FM-12","99999","V020","999,1,C,0000,1","99999,9,9,N","999999,9,N,9","+0106,1","+0087,1","10247,1","06,0000,9,1",,,"4,000",,,,,,,"8,1,001,1,+999,9",,"4,99,0072,1","SYN011333   91114",
"07173099999","1990-07-07T03:00:00","4","48.2","6.4333333","320.0","EPINAL DOGNEVILLE, FR","FM-12","99999","V020","999,1,C,0000,1","99999,9,9,N","999999,9,N,9","+0078,1","+0067,1","10241,1","06,0000,9,1",,,"4,000",,,,,,,"7,1,010,1,+999,9",,"4,99,0021,1","SYN011333   91104",
"07173099999","1990-07-07T06:00:00","4","48.2","6.4333333","320.0","EPINAL DOGNEVILLE, FR","FM-12","99999","V020","150,1,N,0021,1","99999,9,9,N","999999,9,N,9","+0122,1","+0085,1","10237,1","06,0000,9,1","24,0018,9,1",,"4,000",,"0072,9","999,+0020,9","999,N,+0076,1",,,"3,1,002,1,+999,9",,"4,99,0031,1","SYN035333   20076 3/002 55012 70018 91106",
"07173099999","1990-07-07T09:00:00","4","48.2","6.4333333","320.0","EPINAL DOGNEVILLE, FR","FM-12","99999","V020","190,1,N,0041,1","99999,9,9,N","999999,9,N,9","+0129,1","+0092,1","10243,1","06,0000,9,1",,,"4,000",,,,,,,"1,1,007,1,+999,9",,"4,99,0072,1","SYN011333   91114",
"07173099999","1990-07-07T12:00:00","4","48.2","6.4333333","320.0","EPINAL DOGNEVILLE, FR","FM-12","99999","V020","170,1,N,0051,1","99999,9,9,N","999999,9,N,9","+0146,1","+0092,1","10231,1","06,0000,9,1",,,"4,000",,,,,,,"8,1,010,1,+999,9",,"4,99,0098,1","SYN011333   91119",
"07173099999","1990-07-07T15:00:00","4","48.2","6.4333333","320.0","EPINAL DOGNEVILLE, FR","FM-12","99999","V020","170,1,N,0041,1","99999,9,9,N","999999,9,N,9","+0131,1","+0112,1","10224,1","03,0010,9,1",,,"0,001","4,1,03,1",,,,,,"7,1,008,1,+999,9","21,1","4,99,0098,1","SYN017333   60017 91119",
"07173099999","1990-07-07T18:00:00","4","48.2","6.4333333","320.0","EPINAL DOGNEVILLE, FR","FM-12","99999","V020","170,1,N,0031,1","99999,9,9,N","999999,9,N,9","+0136,1","+0123,1","10219,1","03,0008,9,1","99,0010,9,1",,"0,000",,,,"999,M,+0148,1",,,"6,1,004,1,+999,9",,"4,99,0098,1","SYN023333   10148 69987 91119",
"07173099999","1990-07-07T21:00:00","4","48.2","6.4333333","320.0","EPINAL DOGNEVILLE, FR","FM-12","99999","V020","160,1,N,0041,1","99999,9,9,N","999999,9,N,9","+0142,1","+0129,1","10224,1","06,0000,9,1",,,"4,000",,,,,,,"2,1,006,1,+999,9",,"4,99,0082,1","SYN011333   91116",
"07173099999","1990-07-08T00:00:00","4","48.2","6.4333333","320.0","EPINAL DOGNEVILLE, FR","FM-12","99999","V020","170,1,N,0041,1","99999,9,9,N","999999,9,N,9","+0146,1","+0138,1","10218,1","03,0002,9,1","06,0003,9,1",,"0,000",,,,,,,"8,1,006,1,+999,9",,"4,99,0082,1","SYN017333   69927 91116",
"07173099999","1990-07-08T03:00:00","4","48.2","6.4333333","320.0","EPINAL DOGNEVILLE, FR","FM-12","99999","V020","170,1,N,0031,1","99999,9,9,N","999999,9,N,9","+0150,1","+0144,1","10209,1","03,0008,9,1","99,0010,9,1",,"0,001","4,1,03,1",,,,,,"6,1,008,1,+999,9","21,1","4,99,0082,1","SYN017333   69987 91116",
"07173099999","1990-07-08T06:00:00","4","48.2","6.4333333","320.0","EPINAL DOGNEVILLE, FR","FM-12","99999","V020","160,1,N,0031,1","99999,9,9,N","999999,9,N,9","+0156,1","+0146,1","10208,1","24,0032,9,1","99,0010,9,1",,"0,000",,"0006,9","999,+0140,9","999,N,+0136,1",,,"5,1,000,1,+999,9",,"4,99,0082,1","SYN035333   20136 3/014 55001 70032 91116",
"07173099999","1990-07-08T09:00:00","4","48.2","6.4333333","320.0","EPINAL DOGNEVILLE, FR","FM-12","99999","V020","170,1,N,0041,1","99999,9,9,N","999999,9,N,9","+0165,1","+0155,1","10209,1","03,0006,9,1","99,0005,9,1",,"0,001","4,1,03,1",,,,,,"0,1,003,1,+999,9","21,1","4,99,0088,1","SYN017333   69967 91117",
"07173099999","1990-07-08T12:00:00","4","48.2","6.4333333","320.0","EPINAL DOGNEVILLE, FR","FM-12","99999","V020","180,1,N,0041,1","99999,9,9,N","999999,9,N,9","+0177,1","+0159,1","10209,1","06,0005,9,1",,,"0,000",,,,,,,"3,1,001,1,+999,9",,"4,99,0098,1","SYN011333   91119",
"07173099999","1990-07-08T18:00:00","4","48.2","6.4333333","320.0","EPINAL DOGNEVILLE, FR","FM-12","99999","V020","170,1,N,0041,1","99999,9,9,N","999999,9,N,9","+0199,1","+0171,1","10192,1","99,0005,9,1",,,"0,000",,,,"999,M,+0216,1",,,"6,1,004,1,+999,9",,"4,99,0088,1","SYN017333   10216 91117",
"07173099999","1990-07-08T21:00:00","4","48.2","6.4333333","320.0","EPINAL DOGNEVILLE, FR","FM-12","99999","V020","160,1,N,0031,1","99999,9,9,N","999999,9,N,9","+0188,1","+0169,1","10195,1","06,0000,9,1",,,"4,000",,,,,,,"3,1,001,1,+999,9",,"4,99,0072,1","SYN011333   91114",
"07173099999","1990-07-09T00:00:00","4","48.2","6.4333333","320.0","EPINAL DOGNEVILLE, FR","FM-12","99999","V020","150,1,N,0031,1","99999,9,9,N","999999,9,N,9","+0185,1","+0167,1","10184,1","06,0000,9,1",,,"4,000",,,,,,,"8,1,011,1,+999,9",,"4,99,0072,1","SYN011333   91114",
"07173099999","1990-07-09T03:00:00","4","48.2","6.4333333","320.0","EPINAL DOGNEVILLE, FR","FM-12","99999","V020","160,1,N,0031,1","99999,9,9,N","999999,9,N,9","+0182,1","+0164,1","10173,1","06,0000,9,1",,,"4,000",,,,,,,"6,1,011,1,+999,9",,"4,99,0062,1","SYN011333   91112",
"07173099999","1990-07-09T06:00:00","4","48.2","6.4333333","320.0","EPINAL DOGNEVILLE, FR","FM-12","99999","V020","170,1,N,0041,1","99999,9,9,N","999999,9,N,9","+0183,1","+0159,1","10168,1","06,0000,9,1","24,0006,9,1",,"4,000",,"0084,9","999,+0170,9","999,N,+0180,1",,,"6,1,005,1,+999,9",,"4,99,0082,1","SYN035333   20180 3/017 55014 70006 91116",
"07173099999","1990-07-09T09:00:00","4","48.2","6.4333333","320.0","EPINAL DOGNEVILLE, FR","FM-12","99999","V020","190,1,N,0062,1","99999,9,9,N","999999,9,N,9","+0200,1","+0152,1","10162,1","06,0000,9,1",,,"4,000",,,,,,,"8,1,003,1,+999,9",,"4,99,0118,1","SYN011333   91123",
"07173099999","1990-07-09T12:00:00","4","48.2","6.4333333","320.0","EPINAL DOGNEVILLE, FR","FM-12","99999","V020","190,1,N,0072,1","99999,9,9,N","999999,9,N,9","+0190,1","+0153,1","10169,1","06,0000,9,1",,,"4,000",,,,,,,"2,1,005,1,+999,9",,"4,99,0118,1","SYN011333   91123",
"07173099999","1990-07-09T15:00:00","4","48.2","6.4333333","320.0","EPINAL DOGNEVILLE, FR","FM-12","99999","V020","220,1,N,0051,1","99999,9,9,N","999999,9,N,9","+0188,1","+0168,1","10171,1","06,0000,9,1",,,"4,000",,,,,,,"3,1,002,1,+999,9",,"4,99,0098,1","SYN011333   91119",
"07173099999","1990-07-09T18:00:00","4","48.2","6.4333333","320.0","EPINAL DOGNEVILLE, FR","FM-12","99999","V020","210,1,N,0021,1","99999,9,9,N","999999,9,N,9","+0177,1","+0140,1","10177,1","03,0030,9,1",,,"0,000",,,,"999,M,+0203,1",,,"1,1,004,1,+999,9",,"4,99,0098,1","SYN023333   10203 60037 91119",
"07173099999","1990-07-09T21:00:00","4","48.2","6.4333333","320.0","EPINAL DOGNEVILLE, FR","FM-12","99999","V020","999,1,C,0000,1","99999,9,9,N","999999,9,N,9","+0145,1","+0134,1","10192,1","06,0000,9,1",,,"4,000",,,,,,,"3,1,010,1,+999,9",,"4,99,0041,1","SYN011333   91108",
"07173099999","1990-07-10T00:00:00","4","48.2","6.4333333","320.0","EPINAL DOGNEVILLE, FR","FM-12","99999","V020","170,1,N,0010,1","99999,9,9,N","999999,9,N,9","+0119,1","+0100,1","10205,1","06,0000,9,1",,,"4,000",,,,,,,"0,1,009,1,+999,9",,"4,99,0041,1","SYN011333   91108",
"07173099999","1990-07-10T03:00:00","4","48.2","6.4333333","320.0","EPINAL DOGNEVILLE, FR","FM-12","99999","V020","180,1,N,0021,1","99999,9,9,N","999999,9,N,9","+0116,1","+0085,1","10208,1","06,0000,9,1",,,"4,000",,,,,,,"2,1,003,1,+999,9",,"4,99,0041,1","SYN011333   91108",
"07173099999","1990-07-10T06:00:00","4","48.2","6.4333333","320.0","EPINAL DOGNEVILLE, FR","FM-12","99999","V020","190,1,N,0041,1","99999,9,9,N","999999,9,N,9","+0118,1","+0079,1","10218,1","06,0000,9,1","24,0028,9,1",,"4,000",,"0054,9","999,+0070,9","999,N,+0108,1",,,"1,1,009,1,+999,9",,"4,99,0072,1","SYN035333   20108 3/007 55009 70028 91114",
"07173099999","1990-07-10T09:00:00","4","48.2","6.4333333","320.0","EPINAL DOGNEVILLE, FR","FM-12","99999","V020","210,1,N,0051,1","99999,9,9,N","999999,9,N,9","+0136,1","+0093,1","10227,1","06,0000,9,1",,,"4,000",,,,,,,"1,1,011,1,+999,9",,"4,99,0082,1","SYN011333   91116",
"07173099999","1990-07-10T12:00:00","4","48.2","6.4333333","320.0","EPINAL DOGNEVILLE, FR","FM-12","99999","V020","270,1,N,0031,1","99999,9,9,N","999999,9,N,9","+0148,1","+0081,1","10238,1","06,0000,9,1",,,"4,000",,,,,,,"3,1,012,1,+999,9",,"4,99,0082,1","SYN011333   91116",
"07173099999","1990-07-10T15:00:00","4","48.2","6.4333333","320.0","EPINAL DOGNEVILLE, FR","FM-12","99999","V020","250,1,N,0051,1","99999,9,9,N","999999,9,N,9","+0159,1","+0077,1","10244,1","06,0000,9,1",,,"4,000",,,,,,,"3,1,008,1,+999,9",,"4,99,0098,1","SYN011333   91119",
"07173099999","1990-07-10T18:00:00","4","48.2","6.4333333","320.0","EPINAL DOGNEVILLE, FR","FM-12","99999","V020","290,1,N,0021,1","99999,9,9,N","999999,9,N,9","+0163,1","+0083,1","10255,1","06,0000,9,1",,,"4,000",,,,"999,M,+0171,1",,,"3,1,011,1,+999,9",,"4,99,0098,1","SYN017333   10171 91119",
"07173099999","1990-07-10T21:00:00","4","48.2","6.4333333","320.0","EPINAL DOGNEVILLE, FR","FM-12","99999","V020","070,1,N,0010,1","99999,9,9,N","999999,9,N,9","+0121,1","+0089,1","10277,1","06,0000,9,1",,,"4,000",,,,,,,"3,1,016,1,+999,9",,"4,99,0082,1","SYN011333   91116",
"07173099999","1990-07-11T00:00:00","4","48.2","6.4333333","320.0","EPINAL DOGNEVILLE, FR","FM-12","99999","V020","050,1,N,0010,1","99999,9,9,N","999999,9,N,9","+0083,1","+0072,1","10286,1","06,0000,9,1",,,"4,000",,,,,,,"1,1,003,1,+999,9",,"4,99,0082,1","SYN011333   91116",
"07173099999","1990-07-11T03:00:00","4","48.2","6.4333333","320.0","EPINAL DOGNEVILLE, FR","FM-12","99999","V020","120,1,N,0010,1","99999,9,9,N","999999,9,N,9","+0063,1","+0056,1","10295,1","06,0000,9,1",,,"4,000",,,,,,,"3,1,006,1,+999,9",,"4,99,0021,1","SYN011333   91104",
"07173099999","1990-07-11T06:00:00","4","48.2","6.4333333","320.0","EPINAL DOGNEVILLE, FR","FM-12","99999","V020","330,1,N,0010,1","99999,9,9,N","999999,9,N,9","+0078,1","+0072,1","10302,1","06,0000,9,1",,,"4,000",,"0234,9","999,+0020,9","999,N,+0060,1",,,"3,1,009,1,+999,9",,"4,99,0021,1","SYN029333   20060 3/002 55039 91104",
"07173099999","1990-07-11T09:00:00","4","48.2","6.4333333","320.0","EPINAL DOGNEVILLE, FR","FM-12","99999","V020","330,1,N,0041,1","99999,9,9,N","999999,9,N,9","+0156,1","+0095,1","10290,1","06,0000,9,1",,,"4,000",,,,,,,"8,1,002,1,+999,9",,"4,99,0072,1","SYN011333   91114",
"07173099999","1990-07-11T12:00:00","4","48.2","6.4333333","320.0","EPINAL DOGNEVILLE, FR","FM-12","99999","V020","010,1,N,0021,1","99999,9,9,N","999999,9,N,9","+0190,1","+0068,1","10276,1","06,0000,9,1",,,"4,000",,,,,,,"8,1,009,1,+999,9",,"4,99,0082,1","SYN011333   91116",
"07173099999","1990-07-11T15:00:00","4","48.2","6.4333333","320.0","EPINAL DOGNEVILLE, FR","FM-12","99999","V020","340,1,N,0051,1","99999,9,9,N","999999,9,N,9","+0204,1","+0074,1","10260,1","06,0000,9,1",,,"4,000",,,,,,,"7,1,013,1,+999,9",,"4,99,0108,1","SYN011333   91121",
"07173099999","1990-07-11T18:00:00","4","48.2","6.4333333","320.0","EPINAL DOGNEVILLE, FR","FM-12","99999","V020","340,1,N,0051,1","99999,9,9,N","999999,9,N,9","+0191,1","+0069,1","10258,1","06,0000,9,1",,,"4,000",,,,"999,M,+0208,1",,,"6,1,004,1,+999,9",,"4,99,0108,1","SYN017333   10208 91121",
"07173099999","1990-07-11T21:00:00","4","48.2","6.4333333","320.0","EPINAL DOGNEVILLE, FR","FM-12","99999","V020","010,1,N,0010,1","99999,9,9,N","999999,9,N,9","+0140,1","+0080,1","10271,1","06,0000,9,1",,,"4,000",,,,,,,"2,1,006,1,+999,9",,"4,99,0082,1","SYN011333   91116",
"07173099999","1990-07-12T00:00:00","4","48.2","6.4333333","320.0","EPINAL DOGNEVILLE, FR","FM-12","99999","V020","350,1,N,0010,1","99999,9,9,N","999999,9,N,9","+0107,1","+0070,1","10265,1","06,0000,9,1",,,"4,000",,,,,,,"6,1,010,1,+999,9",,"4,99,0082,1","SYN011333   91116",
"07173099999","1990-07-12T06:00:00","4","48.2","6.4333333","320.0","EPINAL DOGNEVILLE, FR","FM-12","99999","V020","999,1,C,0000,1","99999,9,9,N","999999,9,N,9","+0105,1","+0086,1","10253,1","06,0000,9,1",,,"4,000",,"0696,9","999,+0010,9","999,N,+0064,1",,,"6,1,003,1,+999,9",,"4,99,0021,1","SYN029333   20064 3/001 55116 91104",
"07173099999","1990-07-12T09:00:00","4","48.2","6.4333333","320.0","EPINAL DOGNEVILLE, FR","FM-12","99999","V020","360,1,N,0051,1","99999,9,9,N","999999,9,N,9","+0203,1","+0066,1","10228,1","06,0000,9,1",,,"4,000",,,,,,,"8,1,011,1,+999,9",,"4,99,0088,1","SYN011333   91117",
"07173099999","1990-07-12T12:00:00","4","48.2","6.4333333","320.0","EPINAL DOGNEVILLE, FR","FM-12","99999","V020","360,1,N,0041,1","99999,9,9,N","999999,9,N,9","+0241,1","+0045,1","10212,1","06,0000,9,1",,,"4,000",,,,,,,"8,1,011,1,+999,9",,"4,99,0088,1","SYN011333   91117",
"07173099999","1990-07-12T15:00:00","4","48.2","6.4333333","320.0","EPINAL DOGNEVILLE, FR","FM-12","99999","V020","340,1,N,0062,1","99999,9,9,N","999999,9,N,9","+0246,1","+0101,1","10198,1","06,0000,9,1",,,"4,000",,,,,,,"6,1,013,1,+999,9",,"4,99,0108,1","SYN011333   91121",
"07173099999","1990-07-12T18:00:00","4","48.2","6.4333333","320.0","EPINAL DOGNEVILLE, FR","FM-12","99999","V020","340,1,N,0051,1","99999,9,9,N","999999,9,N,9","+0231,1","+0102,1","10193,1","06,0000,9,1",,,"4,000",,,,"999,M,+0247,1",,,"5,1,006,1,+999,9",,"4,99,0108,1","SYN017333   10247 91121",
"07173099999","1990-07-12T21:00:00","4","48.2","6.4333333","320.0","EPINAL DOGNEVILLE, FR","FM-12","99999","V020","020,1,N,0021,1","99999,9,9,N","999999,9,N,9","+0189,1","+0094,1","10202,1","06,0000,9,1",,,"4,000",,,,,,,"2,1,003,1,+999,9",,"4,99,0082,1","SYN011333   91116",
"07173099999","1990-07-13T00:00:00","4","48.2","6.4333333","320.0","EPINAL DOGNEVILLE, FR","FM-12","99999","V020","999,1,C,0000,1","99999,9,9,N","999999,9,N,9","+0117,1","+0099,1","10205,1","06,0000,9,1",,,"4,000",,,,,,,"8,1,006,1,+999,9",,"4,99,0082,1","SYN011333   91116",
"07173099999","1990-07-13T03:00:00","4","48.2","6.4333333","320.0","EPINAL DOGNEVILLE, FR","FM-12","99999","V020","310,1,N,0010,1","99999,9,9,N","999999,9,N,9","+0089,1","+0078,1","10198,1","06,0000,9,1",,,"4,000",,,,,,,"8,1,010,1,+999,9",,"4,99,0021,1","SYN011333   91104",
"07173099999","1990-07-13T06:00:00","4","48.2","6.4333333","320.0","EPINAL DOGNEVILLE, FR","FM-12","99999","V020","999,1,C,0000,1","99999,9,9,N","999999,9,N,9","+0128,1","+0120,1","10193,1","06,0000,9,1",,,"4,000",,"0882,9","999,+0040,9","999,N,+0088,1",,,"5,1,000,1,+999,9",,"4,99,0021,1","SYN029333   20088 3/004 55147 91104",
"07173099999","1990-07-13T09:00:00","4","48.2","6.4333333","320.0","EPINAL DOGNEVILLE, FR","FM-12","99999","V020","330,1,N,0031,1","99999,9,9,N","999999,9,N,9","+0226,1","+0134,1","10176,1","06,0000,9,1",,,"4,000",,,,,,,"8,1,004,1,+999,9",,"4,99,0051,1","SYN011333   91110",
"07173099999","1990-07-13T12:00:00","4","48.2","6.4333333","320.0","EPINAL DOGNEVILLE, FR","FM-12","99999","V020","340,1,N,0041,1","99999,9,9,N","999999,9,N,9","+0271,1","+0076,1","10157,1","06,0000,9,1",,,"4,000",,,,,,,"8,1,014,1,+999,9",,"4,99,0082,1","SYN011333   91116",
"07173099999","1990-07-13T15:00:00","4","48.2","6.4333333","320.0","EPINAL DOGNEVILLE, FR","FM-12","99999","V020","330,1,N,0062,1","99999,9,9,N","999999,9,N,9","+0276,1","+0124,1","10143,1","06,0000,9,1",,,"4,000",,,,,,,"6,1,012,1,+999,9",,"4,99,0098,1","SYN011333   91119",
"07173099999","1990-07-13T18:00:00","4","48.2","6.4333333","320.0","EPINAL DOGNEVILLE, FR","FM-12","99999","V020","340,1,N,0041,1","99999,9,9,N","999999,9,N,9","+0258,1","+0126,1","10142,1","06,0000,9,1",,,"4,000",,,,"999,M,+0280,1",,,"5,1,003,1,+999,9",,"4,99,0108,1","SYN017333   10280 91121",
"07173099999","1990-07-13T21:00:00","4","48.2","6.4333333","320.0","EPINAL DOGNEVILLE, FR","FM-12","99999","V020","999,1,C,0000,1","99999,9,9,N","999999,9,N,9","+0182,1","+0143,1","10159,1","06,0000,9,1",,,"4,000",,,,,,,"3,1,007,1,+999,9",,"4,99,0062,1","SYN011333   91112",
"07173099999","1990-07-14T00:00:00","4","48.2","6.4333333","320.0","EPINAL DOGNEVILLE, FR","FM-12","99999","V020","999,1,C,0000,1","99999,9,9,N","999999,9,N,9","+0149,1","+0134,1","10164,1","06,0000,9,1",,,"4,000",,,,,,,"0,1,001,1,+999,9",,"4,99,0062,1","SYN011333   91112",
"07173099999","1990-07-14T03:00:00","4","48.2","6.4333333","320.0","EPINAL DOGNEVILLE, FR","FM-12","99999","V020","070,1,N,0010,1","99999,9,9,N","999999,9,N,9","+0132,1","+0124,1","10165,1","06,0000,9,1",,,"4,000",,,,,,,"6,1,001,1,+999,9",,"4,99,0021,1","SYN011333   91104",
"07173099999","1990-07-14T06:00:00","4","48.2","6.4333333","320.0","EPINAL DOGNEVILLE, FR","FM-12","99999","V020","999,1,C,0000,1","99999,9,9,N","999999,9,N,9","+0151,1","+0131,1","10165,1","06,0000,9,1",,,"4,000",,"0876,9","999,+0080,9","999,N,+0124,1",,,"2,1,002,1,+999,9",,"4,99,0021,1","SYN029333   20124 3/008 55146 91104",
"07173099999","1990-07-14T09:00:00","4","48.2","6.4333333","320.0","EPINAL DOGNEVILLE, FR","FM-12","99999","V020","330,1,N,0031,1","99999,9,9,N","999999,9,N,9","+0213,1","+0145,1","10155,1","06,0000,9,1",,,"4,000",,,,,,,"7,1,002,1,+999,9",,"4,99,0062,1","SYN011333   91112",
"07173099999","1990-07-14T12:00:00","4","48.2","6.4333333","320.0","EPINAL DOGNEVILLE, FR","FM-12","99999","V020","350,1,N,0051,1","99999,9,9,N","999999,9,N,9","+0254,1","+0151,1","10141,1","06,0000,9,1",,,"4,000",,,,,,,"8,1,008,1,+999,9",,"4,99,0082,1","SYN011333   91116",
"07173099999","1990-07-14T15:00:00","4","48.2","6.4333333","320.0","EPINAL DOGNEVILLE, FR","FM-12","99999","V020","330,1,N,0051,1","99999,9,9,N","999999,9,N,9","+0257,1","+0148,1","10132,1","06,0000,9,1",,,"4,000",,,,,,,"8,1,009,1,+999,9",,"4,99,0098,1","SYN011333   91119",
"07173099999","1990-07-14T18:00:00","4","48.2","6.4333333","320.0","EPINAL DOGNEVILLE, FR","FM-12","99999","V020","340,1,N,0051,1","99999,9,9,N","999999,9,N,9","+0232,1","+0122,1","10137,1","06,0000,9,1",,,"4,000",,,,"999,M,+0263,1",,,"3,1,002,1,+999,9",,"4,99,0108,1","SYN017333   10263 91121",
"07173099999","1990-07-14T21:00:00","4","48.2","6.4333333","320.0","EPINAL DOGNEVILLE, FR","FM-12","99999","V020","360,1,N,0021,1","99999,9,9,N","999999,9,N,9","+0178,1","+0092,1","10153,1","06,0000,9,1",,,"4,000",,,,,,,"1,1,008,1,+999,9",,"4,99,0072,1","SYN011333   91114",
"07173099999","1990-07-15T00:00:00","4","48.2","6.4333333","320.0","EPINAL DOGNEVILLE, FR","FM-12","99999","V020","999,1,C,0000,1","99999,9,9,N","999999,9,N,9","+0128,1","+0098,1","10168,1","06,0000,9,1",,,"4,000",,,,,,,"3,1,009,1,+999,9",,"4,99,0072,1","SYN011333   91114",
"07173099999","1990-07-15T03:00:00","4","48.2","6.4333333","320.0","EPINAL DOGNEVILLE, FR","FM-12","99999","V020","999,1,C,0000,1","99999,9,9,N","999999,9,N,9","+0102,1","+0085,1","10170,1","06,0000,9,1",,,"4,000",,,,,,,"5,1,002,1,+999,9",,"4,99,0021,1","SYN011333   91104",
"07173099999","1990-07-15T06:00:00","4","48.2","6.4333333","320.0","EPINAL DOGNEVILLE, FR","FM-12","99999","V020","999,1,C,0000,1","99999,9,9,N","999999,9,N,9","+0127,1","+0097,1","10178,1","06,0000,9,1",,,"4,000",,"0852,9","999,+0040,9","999,N,+0098,1",,,"3,1,011,1,+999,9",,"4,99,0021,1","SYN029333   20098 3/004 55142 91104",
"07173099999","1990-07-15T09:00:00","4","48.2","6.4333333","320.0","EPINAL DOGNEVILLE, FR","FM-12","99999","V020","290,1,N,0010,1","99999,9,9,N","999999,9,N,9","+0212,1","+0136,1","10170,1","06,0000,9,1",,,"4,000",,,,,,,"1,1,004,1,+999,9",,"4,99,0031,1","SYN011333   91106",
"07173099999","1990-07-15T12:00:00","4","48.2","6.4333333","320.0","EPINAL DOGNEVILLE, FR","FM-12","99999","V020","320,1,N,0031,1","99999,9,9,N","999999,9,N,9","+0259,1","+0116,1","10172,1","06,0000,9,1",,,"4,000",,,,,,,"1,1,007,1,+999,9",,"4,99,0062,1","SYN011333   91112",
"07173099999","1990-07-15T15:00:00","4","48.2","6.4333333","320.0","EPINAL DOGNEVILLE, FR","FM-12","99999","V020","270,1,N,0021,1","99999,9,9,N","999999,9,N,9","+0271,1","+0103,1","10171,1","06,0000,9,1",,,"4,000",,,,,,,"4,1,000,1,+999,9",,"4,99,0062,1","SYN011333   91112",
"07173099999","1990-07-15T18:00:00","4","48.2","6.4333333","320.0","EPINAL DOGNEVILLE, FR","FM-12","99999","V020","040,1,N,0010,1","99999,9,9,N","999999,9,N,9","+0254,1","+0142,1","10175,1","06,0000,9,1",,,"4,000",,,,"999,M,+0276,1",,,"3,1,002,1,+999,9",,"4,99,0062,1","SYN017333   10276 91112",
"07173099999","1990-07-15T21:00:00","4","48.2","6.4333333","320.0","EPINAL DOGNEVILLE, FR","FM-12","99999","V020","080,1,N,0010,1","99999,9,9,N","999999,9,N,9","+0172,1","+0137,1","10198,1","06,0000,9,1",,,"4,000",,,,,,,"3,1,013,1,+999,9",,"4,99,0031,1","SYN011333   91106",
"07173099999","1990-07-16T00:00:00","4","48.2","6.4333333","320.0","EPINAL DOGNEVILLE, FR","FM-12","99999","V020","060,1,N,0010,1","99999,9,9,N","999999,9,N,9","+0142,1","+0126,1","10206,1","06,0000,9,1",,,"4,000",,,,,,,"0,1,003,1,+999,9",,"4,99,0031,1","SYN011333   91106",
"07173099999","1990-07-16T03:00:00","4","48.2","6.4333333","320.0","EPINAL DOGNEVILLE, FR","FM-12","99999","V020","050,1,N,0010,1","99999,9,9,N","999999,9,N,9","+0122,1","+0113,1","10212,1","06,0000,9,1",,,"4,000",,,,,,,"3,1,004,1,+999,9",,"4,99,0021,1","SYN011333   91104",
"07173099999","1990-07-16T06:00:00","4","48.2","6.4333333","320.0","EPINAL DOGNEVILLE, FR","FM-12","99999","V020","999,1,C,0000,1","99999,9,9,N","999999,9,N,9","+0153,1","+0137,1","10219,1","03,0002,9,1","24,0002,9,1","99,0003,9,1","0,000",,"0858,9","999,+0070,9","999,N,+0120,1",,,"3,1,010,1,+999,9",,"4,99,0021,1","SYN041333   20120 3/007 55143 69927 70002 91104",
"07173099999","1990-07-16T09:00:00","4","48.2","6.4333333","320.0","EPINAL DOGNEVILLE, FR","FM-12","99999","V020","200,1,N,0021,1","99999,9,9,N","999999,9,N,9","+0242,1","+0151,1","10210,1","06,0000,9,1",,,"4,000",,,,,,,"3,1,003,1,+999,9",,"4,99,0051,1","SYN011333   91110",
"07173099999","1990-07-16T12:00:00","4","48.2","6.4333333","320.0","EPINAL DOGNEVILLE, FR","FM-12","99999","V020","200,1,N,0031,1","99999,9,9,N","999999,9,N,9","+0260,1","+0125,1","10212,1","06,0000,9,1",,,"4,000",,,,,,,"1,1,003,1,+999,9",,"4,99,0072,1","SYN011333   91114",
"07173099999","1990-07-16T15:00:00","4","48.2","6.4333333","320.0","EPINAL DOGNEVILLE, FR","FM-12","99999","V020","190,1,N,0031,1","99999,9,9,N","999999,9,N,9","+0265,1","+0199,1","10206,1","06,0000,9,1",,,"4,000",,,,,,,"8,1,004,1,+999,9",,"4,99,0082,1","SYN011333   91116",
"07173099999","1990-07-16T18:00:00","4","48.2","6.4333333","320.0","EPINAL DOGNEVILLE, FR","FM-12","99999","V020","230,1,N,0021,1","99999,9,9,N","999999,9,N,9","+0259,1","+0188,1","10200,1","06,0000,9,1",,,"4,000",,,,"999,M,+0268,1",,,"6,1,006,1,+999,9",,"4,99,0082,1","SYN017333   10268 91116",
"07173099999","1990-07-16T21:00:00","4","48.2","6.4333333","320.0","EPINAL DOGNEVILLE, FR","FM-12","99999","V020","999,1,C,0000,1","99999,9,9,N","999999,9,N,9","+0198,1","+0170,1","10218,1","06,0000,9,1",,,"4,000",,,,,,,"3,1,010,1,+999,9",,"4,99,0051,1","SYN011333   91110",
"07173099999","1990-07-17T00:00:00","4","48.2","6.4333333","320.0","EPINAL DOGNEVILLE, FR","FM-12","99999","V020","999,1,C,0000,1","99999,9,9,N","999999,9,N,9","+0168,1","+0157,1","10219,1","06,0000,9,1",,,"4,000",,,,,,,"8,1,004,1,+999,9",,"4,99,0051,1","SYN011333   91110",
"07173099999","1990-07-17T03:00:00","4","48.2","6.4333333","320.0","EPINAL DOGNEVILLE, FR","FM-12","99999","V020","999,1,C,0000,1","99999,9,9,N","999999,9,N,9","+0155,1","+0149,1","10219,1","06,0000,9,1",,,"4,000",,,,,,,"5,1,002,1,+999,9",,"4,99,0021,1","SYN011333   91104",
"07173099999","1990-07-17T06:00:00","4","48.2","6.4333333","320.0","EPINAL DOGNEVILLE, FR","FM-12","99999","V020","999,1,C,0000,1","99999,9,9,N","999999,9,N,9","+0171,1","+0161,1","10219,1","06,0000,9,1",,,"4,000",,"0522,9","999,+0120,9","999,N,+0152,1",,,"3,1,003,1,+999,9",,"4,99,0021,1","SYN029333   20152 3/012 55087 91104",
"07173099999","1990-07-17T09:00:00","4","48.2","6.4333333","320.0","EPINAL DOGNEVILLE, FR","FM-12","99999","V020","280,1,N,0031,1","99999,9,9,N","999999,9,N,9","+0200,1","+0164,1","10218,1","06,0000,9,1",,,"4,000",,,,,,,"1,1,003,1,+999,9",,"4,99,0051,1","SYN011333   91110",
"07173099999","1990-07-17T12:00:00","4","48.2","6.4333333","320.0","EPINAL DOGNEVILLE, FR","FM-12","99999","V020","320,1,N,0051,1","99999,9,9,N","999999,9,N,9","+0217,1","+0158,1","10218,1","06,0000,9,1",,,"4,000",,,,,,,"2,1,002,1,+999,9",,"4,99,0082,1","SYN011333   91116",
"07173099999","1990-07-17T15:00:00","4","48.2","6.4333333","320.0","EPINAL DOGNEVILLE, FR","FM-12","99999","V020","300,1,N,0041,1","99999,9,9,N","999999,9,N,9","+0219,1","+0143,1","10218,1","06,0000,9,1",,,"4,000",,,,,,,"5,1,000,1,+999,9",,"4,99,0082,1","SYN011333   91116",
"07173099999","1990-07-17T18:00:00","4","48.2","6.4333333","320.0","EPINAL DOGNEVILLE, FR","FM-12","99999","V020","320,1,N,0031,1","99999,9,9,N","999999,9,N,9","+0222,1","+0122,1","10214,1","06,0000,9,1",,,"4,000",,,,"999,M,+0225,1",,,"7,1,004,1,+999,9",,"4,99,0082,1","SYN017333   10225 91116",
"07173099999","1990-07-17T21:00:00","4","48.2","6.4333333","320.0","EPINAL DOGNEVILLE, FR","FM-12","99999","V020","320,1,N,0031,1","99999,9,9,N","999999,9,N,9","+0158,1","+0090,1","10237,1","06,0000,9,1",,,"4,000",,,,,,,"3,1,014,1,+999,9",,"4,99,0072,1","SYN011333   91114",
"07173099999","1990-07-18T00:00:00","4","48.2","6.4333333","320.0","EPINAL DOGNEVILLE, FR","FM-12","99999","V020","999,1,C,0000,1","99999,9,9,N","999999,9,N,9","+0105,1","+0088,1","10250,1","06,0000,9,1",,,"4,000",,,,,,,"1,1,005,1,+999,9",,"4,99,0072,1","SYN011333   91114",
"07173099999","1990-07-18T03:00:00","4","48.2","6.4333333","320.0","EPINAL DOGNEVILLE, FR","FM-12","99999","V020","999,1,C,0000,1","99999,9,9,N","999999,9,N,9","+0085,1","+0073,1","10247,1","06,0000,9,1",,,"4,000",,,,,,,"6,1,005,1,+999,9",,"4,99,0021,1","SYN011333   91104",
"07173099999","1990-07-18T06:00:00","4","48.2","6.4333333","320.0","EPINAL DOGNEVILLE, FR","FM-12","99999","V020","999,1,C,0000,1","99999,9,9,N","999999,9,N,9","+0116,1","+0098,1","10247,1","06,0000,9,1",,,"4,000",,"0240,9","999,+0010,9","999,N,+0081,1",,,"2,1,004,1,+999,9",,"4,99,0021,1","SYN029333   20081 3/001 55040 91104",
"07173099999","1990-07-18T09:00:00","4","48.2","6.4333333","320.0","EPINAL DOGNEVILLE, FR","FM-12","99999","V020","360,1,N,0031,1","99999,9,9,N","999999,9,N,9","+0169,1","+0083,1","10239,1","06,0000,9,1",,,"4,000",,,,,,,"7,1,001,1,+999,9",,"4,99,0072,1","SYN011333   91114",
"07173099999","1990-07-18T12:00:00","4","48.2","6.4333333","320.0","EPINAL DOGNEVILLE, FR","FM-12","99999","V020","340,1,N,0051,1","99999,9,9,N","999999,9,N,9","+0195,1","+0105,1","10230,1","06,0000,9,1",,,"4,000",,,,,,,"8,1,005,1,+999,9",,"4,99,0098,1","SYN011333   91119",
"07173099999","1990-07-18T15:00:00","4","48.2","6.4333333","320.0","EPINAL DOGNEVILLE, FR","FM-12","99999","V020","340,1,N,0051,1","99999,9,9,N","999999,9,N,9","+0210,1","+0111,1","10221,1","06,0000,9,1",,,"4,000",,,,,,,"6,1,007,1,+999,9",,"4,99,0098,1","SYN011333   91119",
"07173099999","1990-07-18T18:00:00","4","48.2","6.4333333","320.0","EPINAL DOGNEVILLE, FR","FM-12","99999","V020","340,1,N,0051,1","99999,9,9,N","999999,9,N,9","+0191,1","+0099,1","10220,1","06,0000,9,1",,,"4,000",,,,"999,M,+0210,1",,,"5,1,004,1,+999,9",,"4,99,0098,1","SYN017333   10210 91119",
"07173099999","1990-07-18T21:00:00","4","48.2","6.4333333","320.0","EPINAL DOGNEVILLE, FR","FM-12","99999","V020","340,1,N,0010,1","99999,9,9,N","999999,9,N,9","+0136,1","+0095,1","10234,1","06,0000,9,1",,,"4,000",,,,,,,"1,1,007,1,+999,9",,"4,99,0082,1","SYN011333   91116",
"07173099999","1990-07-19T00:00:00","4","48.2","6.4333333","320.0","EPINAL DOGNEVILLE, FR","FM-12","99999","V020","360,1,N,0021,1","99999,9,9,N","999999,9,N,9","+0109,1","+0088,1","10227,1","06,0000,9,1",,,"4,000",,,,,,,"8,1,010,1,+999,9",,"4,99,0082,1","SYN011333   91116",
"07173099999","1990-07-19T03:00:00","4","48.2","6.4333333","320.0","EPINAL DOGNEVILLE, FR","FM-12","99999","V020","080,1,N,0010,1","99999,9,9,N","999999,9,N,9","+0079,1","+0070,1","10226,1","06,0000,9,1",,,"4,000",,,,,,,"8,1,005,1,+999,9",,"4,99,0041,1","SYN011333   91108",
"07173099999","1990-07-19T06:00:00","4","48.2","6.4333333","320.0","EPINAL DOGNEVILLE, FR","FM-12","99999","V020","999,1,C,0000,1","99999,9,9,N","999999,9,N,9","+0095,1","+0086,1","10229,1","06,0000,9,1",,,"4,000",,"0834,9","999,+0000,9","999,N,+0069,1",,,"3,1,005,1,+999,9",,"4,99,0041,1","SYN029333   20069 3/000 55139 91108",
"07173099999","1990-07-19T09:00:00","4","48.2","6.4333333","320.0","EPINAL DOGNEVILLE, FR","FM-12","99999","V020","340,1,N,0031,1","99999,9,9,N","999999,9,N,9","+0173,1","+0107,1","10217,1","06,0000,9,1",,,"4,000",,,,,,,"8,1,002,1,+999,9",,"4,99,0062,1","SYN011333   91112",
"07173099999","1990-07-19T12:00:00","4","48.2","6.4333333","320.0","EPINAL DOGNEVILLE, FR","FM-12","99999","V020","330,1,N,0031,1","99999,9,9,N","999999,9,N,9","+0215,1","+0094,1","10203,1","06,0000,9,1",,,"4,000",,,,,,,"8,1,007,1,+999,9",,"4,99,0082,1","SYN011333   91116",
"07173099999","1990-07-19T15:00:00","4","48.2","6.4333333","320.0","EPINAL DOGNEVILLE, FR","FM-12","99999","V020","340,1,N,0051,1","99999,9,9,N","999999,9,N,9","+0231,1","+0080,1","10193,1","06,0000,9,1",,,"4,000",,,,,,,"7,1,008,1,+999,9",,"4,99,0088,1","SYN011333   91117",
"07173099999","1990-07-19T18:00:00","4","48.2","6.4333333","320.0","EPINAL DOGNEVILLE, FR","FM-12","99999","V020","350,1,N,0021,1","99999,9,9,N","999999,9,N,9","+0223,1","+0065,1","10196,1","06,0000,9,1",,,"4,000",,,,"999,M,+0235,1",,,"3,1,001,1,+999,9",,"4,99,0088,1","SYN017333   10235 91117",
"07173099999","1990-07-19T21:00:00","4","48.2","6.4333333","320.0","EPINAL DOGNEVILLE, FR","FM-12","99999","V020","999,1,C,0000,1","99999,9,9,N","999999,9,N,9","+0135,1","+0097,1","10211,1","06,0000,9,1",,,"4,000",,,,,,,"3,1,004,1,+999,9",,"4,99,0041,1","SYN011333   91108",
"07173099999","1990-07-20T00:00:00","4","48.2","6.4333333","320.0","EPINAL DOGNEVILLE, FR","FM-12","99999","V020","999,1,C,0000,1","99999,9,9,N","999999,9,N,9","+0098,1","+0081,1","10218,1","06,0000,9,1",,,"4,000",,,,,,,"2,1,002,1,+999,9",,"4,99,0041,1","SYN011333   91108",
"07173099999","1990-07-20T03:00:00","4","48.2","6.4333333","320.0","EPINAL DOGNEVILLE, FR","FM-12","99999","V020","999,1,C,0000,1","99999,9,9,N","999999,9,N,9","+0079,1","+0070,1","10219,1","06,0000,9,1",,,"4,000",,,,,,,"5,1,002,1,+999,9",,"4,99,0021,1","SYN011333   91104",
"07173099999","1990-07-20T06:00:00","4","48.2","6.4333333","320.0","EPINAL DOGNEVILLE, FR","FM-12","99999","V020","999,1,C,0000,1","99999,9,9,N","999999,9,N,9","+0105,1","+0097,1","10220,1","06,0000,9,1",,,"4,000",,"0798,9","999,+0000,9","999,N,+0072,1",,,"3,1,005,1,+999,9",,"4,99,0021,1","SYN029333   20072 3/000 55133 91104",
"07173099999","1990-07-20T09:00:00","4","48.2","6.4333333","320.0","EPINAL DOGNEVILLE, FR","FM-12","99999","V020","350,1,N,0031,1","99999,9,9,N","999999,9,N,9","+0212,1","+0101,1","10211,1","06,0000,9,1",,,"4,000",,,,,,,"1,1,005,1,+999,9",,"4,99,0062,1","SYN011333   91112",
"07173099999","1990-07-20T12:00:00","4","48.2","6.4333333","320.0","EPINAL DOGNEVILLE, FR","FM-12","99999","V020","320,1,N,0051,1","99999,9,9,N","999999,9,N,9","+0252,1","+0103,1","10202,1","06,0000,9,1",,,"4,000",,,,,,,"8,1,004,1,+999,9",,"4,99,0072,1","SYN011333   91114",
"07173099999","1990-07-20T15:00:00","4","48.2","6.4333333","320.0","EPINAL DOGNEVILLE, FR","FM-12","99999","V020","330,1,N,0051,1","99999,9,9,N","999999,9,N,9","+0271,1","+0095,1","10193,1","06,0000,9,1",,,"4,000",,,,,,,"8,1,007,1,+999,9",,"4,99,0082,1","SYN011333   91116",
"07173099999","1990-07-20T18:00:00","4","48.2","6.4333333","320.0","EPINAL DOGNEVILLE, FR","FM-12","99999","V020","340,1,N,0041,1","99999,9,9,N","999999,9,N,9","+0255,1","+0089,1","10194,1","06,0000,9,1",,,"4,000",,,,"999,M,+0273,1",,,"5,1,001,1,+999,9",,"4,99,0082,1","SYN017333   10273 91116",
"07173099999","1990-07-20T21:00:00","4","48.2","6.4333333","320.0","EPINAL DOGNEVILLE, FR","FM-12","99999","V020","060,1,N,0010,1","99999,9,9,N","999999,9,N,9","+0167,1","+0108,1","10214,1","06,0000,9,1",,,"4,000",,,,,,,"2,1,009,1,+999,9",,"4,99,0062,1","SYN011333   91112",
"07173099999","1990-07-21T00:00:00","4","48.2","6.4333333","320.0","EPINAL DOGNEVILLE, FR","FM-12","99999","V020","999,1,C,0000,1","99999,9,9,N","999999,9,N,9","+0130,1","+0112,1","10218,1","06,0000,9,1",,,"4,000",,,,,,,"8,1,001,1,+999,9",,"4,99,0062,1","SYN011333   91112",
"07173099999","1990-07-21T03:00:00","4","48.2","6.4333333","320.0","EPINAL DOGNEVILLE, FR","FM-12","99999","V020","999,1,C,0000,1","99999,9,9,N","999999,9,N,9","+0111,1","+0102,1","10216,1","06,0000,9,1",,,"4,000",,,,,,,"7,1,004,1,+999,9",,"4,99,0021,1","SYN011333   91104",
"07173099999","1990-07-21T06:00:00","4","48.2","6.4333333","320.0","EPINAL DOGNEVILLE, FR","FM-12","99999","V020","999,1,C,0000,1","99999,9,9,N","999999,9,N,9","+0138,1","+0127,1","10214,1","06,0000,9,1",,,"4,000",,"0852,9","999,+0050,9","999,N,+0103,1",,,"3,1,001,1,+999,9",,"4,99,0021,1","SYN029333   20103 3/005 55142 91104",
"07173099999","1990-07-21T09:00:00","4","48.2","6.4333333","320.0","EPINAL DOGNEVILLE, FR","FM-12","99999","V020","340,1,N,0010,1","99999,9,9,N","999999,9,N,9","+0238,1","+0131,1","10204,1","06,0000,9,1",,,"4,000",,,,,,,"1,1,003,1,+999,9",,"4,99,0041,1","SYN011333   91108",
"07173099999","1990-07-21T12:00:00","4","48.2","6.4333333","320.0","EPINAL DOGNEVILLE, FR","FM-12","99999","V020","310,1,N,0021,1","99999,9,9,N","999999,9,N,9","+0288,1","+0127,1","10191,1","06,0000,9,1",,,"4,000",,,,,,,"8,1,006,1,+999,9",,"4,99,0062,1","SYN011333   91112",
"07173099999","1990-07-21T15:00:00","4","48.2","6.4333333","320.0","EPINAL DOGNEVILLE, FR","FM-12","99999","V020","320,1,N,0021,1","99999,9,9,N","999999,9,N,9","+0299,1","+0109,1","10182,1","06,0000,9,1",,,"4,000",,,,,,,"6,1,008,1,+999,9",,"4,99,0072,1","SYN011333   91114",
"07173099999","1990-07-21T18:00:00","4","48.2","6.4333333","320.0","EPINAL DOGNEVILLE, FR","FM-12","99999","V020","340,1,N,0021,1","99999,9,9,N","999999,9,N,9","+0282,1","+0090,1","10180,1","06,0000,9,1",,,"4,000",,,,"999,M,+0302,1",,,"6,1,004,1,+999,9",,"4,99,0072,1","SYN017333   10302 91114",
"07173099999","1990-07-21T21:00:00","4","48.2","6.4333333","320.0","EPINAL DOGNEVILLE, FR","FM-12","99999","V020","070,1,N,0010,1","99999,9,9,N","999999,9,N,9","+0183,1","+0132,1","10198,1","06,0000,9,1",,,"4,000",,,,,,,"3,1,006,1,+999,9",,"4,99,0041,1","SYN011333   91108",
"07173099999","1990-07-22T00:00:00","4","48.2","6.4333333","320.0","EPINAL DOGNEVILLE, FR","FM-12","99999","V020","999,1,C,0000,1","99999,9,9,N","999999,9,N,9","+0146,1","+0128,1","10204,1","06,0000,9,1",,,"4,000",,,,,,,"2,1,001,1,+999,9",,"4,99,0041,1","SYN011333   91108",
"07173099999","1990-07-22T03:00:00","4","48.2","6.4333333","320.0","EPINAL DOGNEVILLE, FR","FM-12","99999","V020","999,1,C,0000,1","99999,9,9,N","999999,9,N,9","+0126,1","+0117,1","10205,1","06,0000,9,1",,,"4,000",,,,,,,"8,1,002,1,+999,9",,"4,99,0021,1","SYN011333   91104",
"07173099999","1990-07-22T06:00:00","4","48.2","6.4333333","320.0","EPINAL DOGNEVILLE, FR","FM-12","99999","V020","999,1,C,0000,1","99999,9,9,N","999999,9,N,9","+0146,1","+0140,1","10203,1","03,0002,9,1","24,0002,9,1","99,0003,9,1","0,001","4,1,06,1","0858,9","999,+0060,9","999,N,+0119,1",,,"3,1,001,1,+999,9","21,1","4,99,0021,1","SYN041333   20119 3/006 55143 69927 70002 91104",
"07173099999","1990-07-22T09:00:00","4","48.2","6.4333333","320.0","EPINAL DOGNEVILLE, FR","FM-12","99999","V020","350,1,N,0021,1","99999,9,9,N","999999,9,N,9","+0243,1","+0150,1","10189,1","06,0000,9,1",,,"4,000",,,,,,,"8,1,001,1,+999,9",,"4,99,0051,1","SYN011333   91110",
"07173099999","1990-07-22T12:00:00","4","48.2","6.4333333","320.0","EPINAL DOGNEVILLE, FR","FM-12","99999","V020","360,1,N,0041,1","99999,9,9,N","999999,9,N,9","+0282,1","+0141,1","10177,1","06,0000,9,1",,,"4,000",,,,,,,"8,1,007,1,+999,9",,"4,99,0082,1","SYN011333   91116",
"07173099999","1990-07-22T15:00:00","4","48.2","6.4333333","320.0","EPINAL DOGNEVILLE, FR","FM-12","99999","V020","340,1,N,0051,1","99999,9,9,N","999999,9,N,9","+0286,1","+0121,1","10173,1","06,0000,9,1",,,"4,000",,,,,,,"6,1,004,1,+999,9",,"4,99,0098,1","SYN011333   91119",
"07173099999","1990-07-22T18:00:00","4","48.2","6.4333333","320.0","EPINAL DOGNEVILLE, FR","FM-12","99999","V020","340,1,N,0051,1","99999,9,9,N","999999,9,N,9","+0260,1","+0106,1","10176,1","06,0000,9,1",,,"4,000",,,,"999,M,+0293,1",,,"5,1,000,1,+999,9",,"4,99,0098,1","SYN017333   10293 91119",
"07173099999","1990-07-22T21:00:00","4","48.2","6.4333333","320.0","EPINAL DOGNEVILLE, FR","FM-12","99999","V020","030,1,N,0010,1","99999,9,9,N","999999,9,N,9","+0201,1","+0108,1","10198,1","06,0000,9,1",,,"4,000",,,,,,,"1,1,014,1,+999,9",,"4,99,0082,1","SYN011333   91116",
"07173099999","1990-07-23T00:00:00","4","48.2","6.4333333","320.0","EPINAL DOGNEVILLE, FR","FM-12","99999","V020","060,1,N,0010,1","99999,9,9,N","999999,9,N,9","+0169,1","+0103,1","10207,1","06,0000,9,1",,,"4,000",,,,,,,"0,1,004,1,+999,9",,"4,99,0082,1","SYN011333   91116",
"07173099999","1990-07-23T03:00:00","4","48.2","6.4333333","320.0","EPINAL DOGNEVILLE, FR","FM-12","99999","V020","020,1,N,0010,1","99999,9,9,N","999999,9,N,9","+0119,1","+0093,1","10209,1","06,0000,9,1",,,"4,000",,,,,,,"6,1,004,1,+999,9",,"4,99,0031,1","SYN011333   91106",
"07173099999","1990-07-23T06:00:00","4","48.2","6.4333333","320.0","EPINAL DOGNEVILLE, FR","FM-12","99999","V020","320,1,N,0010,1","99999,9,9,N","999999,9,N,9","+0133,1","+0094,1","10211,1","06,0000,9,1",,,"4,000",,"0828,9","999,+0050,9","999,N,+0105,1",,,"2,1,004,1,+999,9",,"4,99,0031,1","SYN029333   20105 3/005 55138 91106",
"07173099999","1990-07-23T09:00:00","4","48.2","6.4333333","320.0","EPINAL DOGNEVILLE, FR","FM-12","99999","V020","290,1,N,0041,1","99999,9,9,N","999999,9,N,9","+0193,1","+0108,1","10206,1","06,0000,9,1",,,"4,000",,,,,,,"1,1,002,1,+999,9",,"4,99,0062,1","SYN011333   91112",
"07173099999","1990-07-23T12:00:00","4","48.2","6.4333333","320.0","EPINAL DOGNEVILLE, FR","FM-12","99999","V020","310,1,N,0041,1","99999,9,9,N","999999,9,N,9","+0232,1","+0089,1","10198,1","06,0000,9,1",,,"4,000",,,,,,,"8,1,003,1,+999,9",,"4,99,0082,1","SYN011333   91116",
"07173099999","1990-07-23T15:00:00","4","48.2","6.4333333","320.0","EPINAL DOGNEVILLE, FR","FM-12","99999","V020","320,1,N,0031,1","99999,9,9,N","999999,9,N,9","+0243,1","+0025,1","10190,1","06,0000,9,1",,,"4,000",,,,,,,"7,1,007,1,+999,9",,"4,99,0108,1","SYN011333   91121",
"07173099999","1990-07-23T18:00:00","4","48.2","6.4333333","320.0","EPINAL DOGNEVILLE, FR","FM-12","99999","V020","330,1,N,0021,1","99999,9,9,N","999999,9,N,9","+0232,1","+0015,1","10189,1","06,0000,9,1",,,"4,000",,,,"999,M,+0247,1",,,"6,1,002,1,+999,9",,"4,99,0108,1","SYN017333   10247 91121",
"07173099999","1990-07-23T21:00:00","4","48.2","6.4333333","320.0","EPINAL DOGNEVILLE, FR","FM-12","99999","V020","999,1,C,0000,1","99999,9,9,N","999999,9,N,9","+0141,1","+0076,1","10206,1","06,0000,9,1",,,"4,000",,,,,,,"3,1,006,1,+999,9",,"4,99,0041,1","SYN011333   91108",
"07173099999","1990-07-24T00:00:00","4","48.2","6.4333333","320.0","EPINAL DOGNEVILLE, FR","FM-12","99999","V020","999,1,C,0000,1","99999,9,9,N","999999,9,N,9","+0107,1","+0079,1","10215,1","06,0000,9,1",,,"4,000",,,,,,,"0,1,004,1,+999,9",,"4,99,0041,1","SYN011333   91108",
"07173099999","1990-07-24T03:00:00","4","48.2","6.4333333","320.0","EPINAL DOGNEVILLE, FR","FM-12","99999","V020","040,1,N,0010,1","99999,9,9,N","999999,9,N,9","+0083,1","+0066,1","10214,1","06,0000,9,1",,,"4,000",,,,,,,"7,1,004,1,+999,9",,"4,99,0021,1","SYN011333   91104",
"07173099999","1990-07-24T06:00:00","4","48.2","6.4333333","320.0","EPINAL DOGNEVILLE, FR","FM-12","99999","V020","999,1,C,0000,1","99999,9,9,N","999999,9,N,9","+0110,1","+0071,1","10214,1","06,0000,9,1",,,"4,000",,"0816,9","999,+0010,9","999,N,+0074,1",,,"0,1,003,1,+999,9",,"4,99,0021,1","SYN029333   20074 3/001 55136 91104",
"07173099999","1990-07-24T09:00:00","4","48.2","6.4333333","320.0","EPINAL DOGNEVILLE, FR","FM-12","99999","V020","320,1,N,0031,1","99999,9,9,N","999999,9,N,9","+0183,1","+0080,1","10201,1","06,0000,9,1",,,"4,000",,,,,,,"8,1,003,1,+999,9",,"4,99,0062,1","SYN011333   91112",
"07173099999","1990-07-24T12:00:00","4","48.2","6.4333333","320.0","EPINAL DOGNEVILLE, FR","FM-12","99999","V020","330,1,N,0041,1","99999,9,9,N","999999,9,N,9","+0219,1","+0062,1","10190,1","06,0000,9,1",,,"4,000",,,,,,,"8,1,006,1,+999,9",,"4,99,0082,1","SYN011333   91116",
"07173099999","1990-07-24T15:00:00","4","48.2","6.4333333","320.0","EPINAL DOGNEVILLE, FR","FM-12","99999","V020","310,1,N,0051,1","99999,9,9,N","999999,9,N,9","+0228,1","+0028,1","10179,1","06,0000,9,1",,,"4,000",,,,,,,"6,1,010,1,+999,9",,"4,99,0088,1","SYN011333   91117",
"07173099999","1990-07-24T18:00:00","4","48.2","6.4333333","320.0","EPINAL DOGNEVILLE, FR","FM-12","99999","V020","340,1,N,0041,1","99999,9,9,N","999999,9,N,9","+0211,1","+0024,1","10178,1","06,0000,9,1",,,"4,000",,,,"999,M,+0233,1",,,"5,1,003,1,+999,9",,"4,99,0088,1","SYN017333   10233 91117",
"07173099999","1990-07-24T21:00:00","4","48.2","6.4333333","320.0","EPINAL DOGNEVILLE, FR","FM-12","99999","V020","070,1,N,0010,1","99999,9,9,N","999999,9,N,9","+0129,1","+0069,1","10196,1","06,0000,9,1",,,"4,000",,,,,,,"1,1,007,1,+999,9",,"4,99,0051,1","SYN011333   91110",
"07173099999","1990-07-25T00:00:00","4","48.2","6.4333333","320.0","EPINAL DOGNEVILLE, FR","FM-12","99999","V020","999,1,C,0000,1","99999,9,9,N","999999,9,N,9","+0091,1","+0067,1","10201,1","06,0000,9,1",,,"4,000",,,,,,,"0,1,000,1,+999,9",,"4,99,0051,1","SYN011333   91110",
"07173099999","1990-07-25T03:00:00","4","48.2","6.4333333","320.0","EPINAL DOGNEVILLE, FR","FM-12","99999","V020","070,1,N,0010,1","99999,9,9,N","999999,9,N,9","+0069,1","+0057,1","10204,1","06,0000,9,1",,,"4,000",,,,,,,"0,1,000,1,+999,9",,"4,99,0021,1","SYN011333   91104",
"07173099999","1990-07-25T06:00:00","4","48.2","6.4333333","320.0","EPINAL DOGNEVILLE, FR","FM-12","99999","V020","310,1,N,0010,1","99999,9,9,N","999999,9,N,9","+0092,1","+0080,1","10203,1","06,0000,9,1",,,"4,000",,"0852,9","999,+0000,9","999,N,+0063,1",,,"3,1,002,1,+999,9",,"4,99,0021,1","SYN029333   20063 3/000 55142 91104",
"07173099999","1990-07-25T09:00:00","4","48.2","6.4333333","320.0","EPINAL DOGNEVILLE, FR","FM-12","99999","V020","320,1,N,0021,1","99999,9,9,N","999999,9,N,9","+0178,1","+0092,1","10187,1","06,0000,9,1",,,"4,000",,,,,,,"8,1,004,1,+999,9",,"4,99,0062,1","SYN011333   91112",
"07173099999","1990-07-25T12:00:00","4","48.2","6.4333333","320.0","EPINAL DOGNEVILLE, FR","FM-12","99999","V020","320,1,N,0031,1","99999,9,9,N","999999,9,N,9","+0221,1","+0071,1","10171,1","06,0000,9,1",,,"4,000",,,,,,,"8,1,010,1,+999,9",,"4,99,0072,1","SYN011333   91114",
"07173099999","1990-07-25T15:00:00","4","48.2","6.4333333","320.0","EPINAL DOGNEVILLE, FR","FM-12","99999","V020","320,1,N,0041,1","99999,9,9,N","999999,9,N,9","+0240,1","+0058,1","10158,1","06,0000,9,1",,,"4,000",,,,,,,"8,1,011,1,+999,9",,"4,99,0108,1","SYN011333   91121",
"07173099999","1990-07-25T18:00:00","4","48.2","6.4333333","320.0","EPINAL DOGNEVILLE, FR","FM-12","99999","V020","340,1,N,0031,1","99999,9,9,N","999999,9,N,9","+0224,1","+0066,1","10151,1","06,0000,9,1",,,"4,000",,,,"999,M,+0242,1",,,"6,1,008,1,+999,9",,"4,99,0108,1","SYN017333   10242 91121",
"07173099999","1990-07-25T21:00:00","4","48.2","6.4333333","320.0","EPINAL DOGNEVILLE, FR","FM-12","99999","V020","050,1,N,0010,1","99999,9,9,N","999999,9,N,9","+0146,1","+0081,1","10161,1","06,0000,9,1",,,"4,000",,,,,,,"4,1,000,1,+999,9",,"4,99,0062,1","SYN011333   91112",
"07173099999","1990-07-26T00:00:00","4","48.2","6.4333333","320.0","EPINAL DOGNEVILLE, FR","FM-12","99999","V020","080,1,N,0010,1","99999,9,9,N","999999,9,N,9","+0105,1","+0084,1","10159,1","06,0000,9,1",,,"4,000",,,,,,,"8,1,007,1,+999,9",,"4,99,0062,1","SYN011333   91112",
"07173099999","1990-07-26T03:00:00","4","48.2","6.4333333","320.0","EPINAL DOGNEVILLE, FR","FM-12","99999","V020","999,1,C,0000,1","99999,9,9,N","999999,9,N,9","+0085,1","+0073,1","10155,1","06,0000,9,1",,,"4,000",,,,,,,"7,1,006,1,+999,9",,"4,99,0021,1","SYN011333   91104",
"07173099999","1990-07-26T06:00:00","4","48.2","6.4333333","320.0","EPINAL DOGNEVILLE, FR","FM-12","99999","V020","999,1,C,0000,1","99999,9,9,N","999999,9,N,9","+0104,1","+0093,1","10152,1","06,0000,9,1",,,"4,000",,"0840,9","999,+0020,9","999,N,+0076,1",,,"6,1,001,1,+999,9",,"4,99,0021,1","SYN029333   20076 3/002 55140 91104",
"07173099999","1990-07-26T09:00:00","4","48.2","6.4333333","320.0","EPINAL DOGNEVILLE, FR","FM-12","99999","V020","350,1,N,0031,1","99999,9,9,N","999999,9,N,9","+0210,1","+0105,1","10128,1","06,0000,9,1",,,"4,000",,,,,,,"8,1,009,1,+999,9",,"4,99,0051,1","SYN011333   91110",
"07173099999","1990-07-26T12:00:00","4","48.2","6.4333333","320.0","EPINAL DOGNEVILLE, FR","FM-12","99999","V020","030,1,N,0031,1","99999,9,9,N","999999,9,N,9","+0273,1","+0001,1","10109,1","06,0000,9,1",,,"4,000",,,,,,,"6,1,012,1,+999,9",,"4,99,0072,1","SYN011333   91114",
"07173099999","1990-07-26T15:00:00","4","48.2","6.4333333","320.0","EPINAL DOGNEVILLE, FR","FM-12","99999","V020","360,1,N,0031,1","99999,9,9,N","999999,9,N,9","+0280,1","+9999,9","10103,1","06,0000,9,1",,,"4,000",,,,,,,"6,1,006,1,+999,9",,"4,99,0088,1","SYN011333   91117",
"07173099999","1990-07-26T18:00:00","4","48.2","6.4333333","320.0","EPINAL DOGNEVILLE, FR","FM-12","99999","V020","350,1,N,0021,1","99999,9,9,N","999999,9,N,9","+0261,1","+0021,1","10102,1","06,0000,9,1",,,"4,000",,,,"999,M,+0281,1",,,"6,1,002,1,+999,9",,"4,99,0088,1","SYN017333   10281 91117",
"07173099999","1990-07-26T21:00:00","4","48.2","6.4333333","320.0","EPINAL DOGNEVILLE, FR","FM-12","99999","V020","999,1,C,0000,1","99999,9,9,N","999999,9,N,9","+0170,1","+0087,1","10128,1","06,0000,9,1",,,"4,000",,,,,,,"3,1,014,1,+999,9",,"4,99,0051,1","SYN011333   91110",
"07173099999","1990-07-27T00:00:00","4","48.2","6.4333333","320.0","EPINAL DOGNEVILLE, FR","FM-12","99999","V020","999,1,C,0000,1","99999,9,9,N","999999,9,N,9","+0119,1","+0089,1","10137,1","06,0000,9,1",,,"4,000",,,,,,,"1,1,002,1,+999,9",,"4,99,0051,1","SYN011333   91110",
"07173099999","1990-07-27T03:00:00","4","48.2","6.4333333","320.0","EPINAL DOGNEVILLE, FR","FM-12","99999","V020","999,1,C,0000,1","99999,9,9,N","999999,9,N,9","+0099,1","+0083,1","10141,1","06,0000,9,1",,,"4,000",,,,,,,"3,1,002,1,+999,9",,"4,99,0021,1","SYN011333   91104",
"07173099999","1990-07-27T06:00:00","4","48.2","6.4333333","320.0","EPINAL DOGNEVILLE, FR","FM-12","99999","V020","999,1,C,0000,1","99999,9,9,N","999999,9,N,9","+0130,1","+0102,1","10144,1","06,0000,9,1",,,"4,000",,"0846,9","999,+0040,9","999,N,+0094,1",,,"1,1,007,1,+999,9",,"4,99,0021,1","SYN029333   20094 3/004 55141 91104",
"07173099999","1990-07-27T09:00:00","4","48.2","6.4333333","320.0","EPINAL DOGNEVILLE, FR","FM-12","99999","V020","160,1,N,0031,1","99999,9,9,N","999999,9,N,9","+0249,1","+0125,1","10131,1","06,0000,9,1",,,"4,000",,,,,,,"1,1,002,1,+999,9",,"4,99,0072,1","SYN011333   91114",
"07173099999","1990-07-27T12:00:00","4","48.2","6.4333333","320.0","EPINAL DOGNEVILLE, FR","FM-12","99999","V020","190,1,N,0031,1","99999,9,9,N","999999,9,N,9","+0286,1","-0005,2","10126,1","06,0000,9,1",,,"4,000",,,,,,,"8,1,002,1,+999,9",,"4,99,0072,1","SYN011333   91114",
"07173099999","1990-07-27T15:00:00","4","48.2","6.4333333","320.0","EPINAL DOGNEVILLE, FR","FM-12","99999","V020","200,1,N,0021,1","99999,9,9,N","999999,9,N,9","+0297,1","+0012,1","10126,1","06,0000,9,1",,,"4,000",,,,,,,"1,1,002,1,+999,9",,"4,99,0062,1","SYN011333   91112",
"07173099999","1990-07-27T18:00:00","4","48.2","6.4333333","320.0","EPINAL DOGNEVILLE, FR","FM-12","99999","V020","070,1,N,0010,1","99999,9,9,N","999999,9,N,9","+0254,1","+0139,1","10128,1","06,0000,9,1",,,"4,000",,,,"999,M,+0299,1",,,"7,1,002,1,+999,9",,"4,99,0062,1","SYN017333   10299 91112",
"07173099999","1990-07-27T21:00:00","4","48.2","6.4333333","320.0","EPINAL DOGNEVILLE, FR","FM-12","99999","V020","999,1,C,0000,1","99999,9,9,N","999999,9,N,9","+0196,1","+0150,1","10147,1","06,0000,9,1",,,"4,000",,,,,,,"3,1,012,1,+999,9",,"4,99,0031,1","SYN011333   91106",
"07173099999","1990-07-28T00:00:00","4","48.2","6.4333333","320.0","EPINAL DOGNEVILLE, FR","FM-12","99999","V020","999,1,C,0000,1","99999,9,9,N","999999,9,N,9","+0170,1","+0137,1","10151,1","06,0000,9,1",,,"4,000",,,,,,,"0,1,000,1,+999,9",,"4,99,0031,1","SYN011333   91106",
"07173099999","1990-07-28T03:00:00","4","48.2","6.4333333","320.0","EPINAL DOGNEVILLE, FR","FM-12","99999","V020","100,1,N,0010,1","99999,9,9,N","999999,9,N,9","+0149,1","+0119,1","10154,1","06,0000,9,1",,,"4,000",,,,,,,"0,1,000,1,+999,9",,"4,99,0021,1","SYN011333   91104",
"07173099999","1990-07-28T06:00:00","4","48.2","6.4333333","320.0","EPINAL DOGNEVILLE, FR","FM-12","99999","V020","999,1,C,0000,1","99999,9,9,N","999999,9,N,9","+0174,1","+0125,1","10156,1","06,0000,9,1",,,"4,000",,"0588,9","999,+0110,9","999,N,+0140,1",,,"3,1,005,1,+999,9",,"4,99,0021,1","SYN029333   20140 3/011 55098 91104",
"07173099999","1990-07-28T09:00:00","4","48.2","6.4333333","320.0","EPINAL DOGNEVILLE, FR","FM-12","99999","V020","270,1,N,0010,1","99999,9,9,N","999999,9,N,9","+0282,1","+0137,1","10135,1","06,0000,9,1",,,"4,000",,,,,,,"6,1,007,1,+999,9",,"4,99,0031,1","SYN011333   91106",
"07173099999","1990-07-28T12:00:00","4","48.2","6.4333333","320.0","EPINAL DOGNEVILLE, FR","FM-12","99999","V020","200,1,N,0051,1","99999,9,9,N","999999,9,N,9","+0316,1","+0134,1","10128,1","06,0000,9,1",,,"4,000",,,,,,,"8,1,003,1,+999,9",,"4,99,0082,1","SYN011333   91116",
"07173099999","1990-07-28T15:00:00","4","48.2","6.4333333","320.0","EPINAL DOGNEVILLE, FR","FM-12","99999","V020","190,1,N,0041,1","99999,9,9,N","999999,9,N,9","+0312,1","+0105,1","10124,1","06,0000,9,1",,,"4,000",,,,,,,"8,1,005,1,+999,9",,"4,99,0082,1","SYN011333   91116",
"07173099999","1990-07-28T18:00:00","4","48.2","6.4333333","320.0","EPINAL DOGNEVILLE, FR","FM-12","99999","V020","210,1,N,0031,1","99999,9,9,N","999999,9,N,9","+0294,1","+0151,1","10125,1","06,0000,9,1",,,"4,000",,,,"999,M,+0325,1",,,"5,1,000,1,+999,9",,"4,99,0082,1","SYN017333   10325 91116",
"07173099999","1990-07-28T21:00:00","4","48.2","6.4333333","320.0","EPINAL DOGNEVILLE, FR","FM-12","99999","V020","999,1,C,0000,1","99999,9,9,N","999999,9,N,9","+0218,1","+0163,1","10150,1","06,0000,9,1",,,"4,000",,,,,,,"1,1,016,1,+999,9",,"4,99,0072,1","SYN011333   91114",
"07173099999","1990-07-29T00:00:00","4","48.2","6.4333333","320.0","EPINAL DOGNEVILLE, FR","FM-12","99999","V020","999,1,C,0000,1","99999,9,9,N","999999,9,N,9","+0192,1","+0161,1","10167,1","06,0000,9,1",,,"4,000",,,,,,,"0,1,013,1,+999,9",,"4,99,0072,1","SYN011333   91114",
"07173099999","1990-07-29T03:00:00","4","48.2","6.4333333","320.0","EPINAL DOGNEVILLE, FR","FM-12","99999","V020","070,1,N,0010,1","99999,9,9,N","999999,9,N,9","+0177,1","+0146,1","10184,1","06,0000,9,1",,,"4,000",,,,,,,"0,1,014,1,+999,9",,"4,99,0098,1","SYN011333   91119",
"07173099999","1990-07-29T06:00:00","4","48.2","6.4333333","320.0","EPINAL DOGNEVILLE, FR","FM-12","99999","V020","200,1,N,0021,1","99999,9,9,N","999999,9,N,9","+0195,1","+0158,1","10190,1","06,0000,9,1",,,"4,000",,"0000,9","999,+0140,9","999,N,+0174,1",,,"3,1,008,1,+999,9",,"4,99,0098,1","SYN029333   20174 3/014 55000 91119",
"07173099999","1990-07-29T09:00:00","4","48.2","6.4333333","320.0","EPINAL DOGNEVILLE, FR","FM-12","99999","V020","240,1,N,0041,1","99999,9,9,N","999999,9,N,9","+0218,1","+0170,1","10206,1","06,0000,9,1",,,"4,000",,,,,,,"1,1,019,1,+999,9",,"4,99,0062,1","SYN011333   91112",
"07173099999","1990-07-29T12:00:00","4","48.2","6.4333333","320.0","EPINAL DOGNEVILLE, FR","FM-12","99999","V020","280,1,N,0031,1","99999,9,9,N","999999,9,N,9","+0212,1","+0166,1","10212,1","06,0000,9,1",,,"4,000",,,,,,,"1,1,005,1,+999,9",,"4,99,0072,1","SYN011333   91114",
"07173099999","1990-07-29T15:00:00","4","48.2","6.4333333","320.0","EPINAL DOGNEVILLE, FR","FM-12","99999","V020","280,1,N,0021,1","99999,9,9,N","999999,9,N,9","+0237,1","+0165,1","10205,1","06,0000,9,1",,,"4,000",,,,,,,"8,1,004,1,+999,9",,"4,99,0062,1","SYN011333   91112",
"07173099999","1990-07-29T18:00:00","4","48.2","6.4333333","320.0","EPINAL DOGNEVILLE, FR","FM-12","99999","V020","300,1,N,0031,1","99999,9,9,N","999999,9,N,9","+0233,1","+0161,1","10199,1","06,0000,9,1",,,"4,000",,,,"999,M,+0246,1",,,"5,1,006,1,+999,9",,"4,99,0072,1","SYN017333   10246 91114",
"07173099999","1990-07-29T21:00:00","4","48.2","6.4333333","320.0","EPINAL DOGNEVILLE, FR","FM-12","99999","V020","100,1,N,0010,1","99999,9,9,N","999999,9,N,9","+0178,1","+0158,1","10221,1","06,0000,9,1",,,"4,000",,,,,,,"3,1,013,1,+999,9",,"4,99,0051,1","SYN011333   91110",
"07173099999","1990-07-30T00:00:00","4","48.2","6.4333333","320.0","EPINAL DOGNEVILLE, FR","FM-12","99999","V020","999,1,C,0000,1","99999,9,9,N","999999,9,N,9","+0164,1","+0154,1","10225,1","06,0000,9,1",,,"4,000",,,,,,,"1,1,002,1,+999,9",,"4,99,0051,1","SYN011333   91110",
"07173099999","1990-07-30T03:00:00","4","48.2","6.4333333","320.0","EPINAL DOGNEVILLE, FR","FM-12","99999","V020","999,1,C,0000,1","99999,9,9,N","999999,9,N,9","+0146,1","+0140,1","10223,1","06,0000,9,1",,,"4,000",,,,,,,"8,1,004,1,+999,9",,"4,99,0021,1","SYN011333   91104",
"07173099999","1990-07-30T06:00:00","4","48.2","6.4333333","320.0","EPINAL DOGNEVILLE, FR","FM-12","99999","V020","999,1,C,0000,1","99999,9,9,N","999999,9,N,9","+0159,1","+0156,1","10228,1","06,0000,9,1",,,"4,000",,"0000,9","999,+0100,9","999,N,+0144,1",,,"3,1,007,1,+999,9",,"4,99,0021,1","SYN029333   20144 3/010 55000 91104",
"07173099999","1990-07-30T09:00:00","4","48.2","6.4333333","320.0","EPINAL DOGNEVILLE, FR","FM-12","99999","V020","350,1,N,0031,1","99999,9,9,N","999999,9,N,9","+0223,1","+0147,1","10218,1","06,0000,9,1",,,"4,000",,,,,,,"8,1,002,1,+999,9",,"4,99,0062,1","SYN011333   91112",
"07173099999","1990-07-30T12:00:00","4","48.2","6.4333333","320.0","EPINAL DOGNEVILLE, FR","FM-12","99999","V020","360,1,N,0031,1","99999,9,9,N","999999,9,N,9","+0253,1","+0135,1","10209,1","06,0000,9,1",,,"4,000",,,,,,,"8,1,005,1,+999,9",,"4,99,0082,1","SYN011333   91116",
"07173099999","1990-07-30T15:00:00","4","48.2","6.4333333","320.0","EPINAL DOGNEVILLE, FR","FM-12","99999","V020","340,1,N,0031,1","99999,9,9,N","999999,9,N,9","+0271,1","+0103,1","10194,1","06,0000,9,1",,,"4,000",,,,,,,"8,1,013,1,+999,9",,"4,99,0072,1","SYN011333   91114",
"07173099999","1990-07-30T18:00:00","4","48.2","6.4333333","320.0","EPINAL DOGNEVILLE, FR","FM-12","99999","V020","340,1,N,0021,1","99999,9,9,N","999999,9,N,9","+0258,1","+0116,1","10197,1","06,0000,9,1",,,"4,000",,,,"999,M,+0273,1",,,"3,1,002,1,+999,9",,"4,99,0072,1","SYN017333   10273 91114",
"07173099999","1990-07-30T21:00:00","4","48.2","6.4333333","320.0","EPINAL DOGNEVILLE, FR","FM-12","99999","V020","070,1,N,0010,1","99999,9,9,N","999999,9,N,9","+0189,1","+0135,1","10214,1","06,0000,9,1",,,"4,000",,,,,,,"1,1,008,1,+999,9",,"4,99,0041,1","SYN011333   91108",
"07173099999","1990-07-31T00:00:00","4","48.2","6.4333333","320.0","EPINAL DOGNEVILLE, FR","FM-12","99999","V020","080,1,N,0010,1","99999,9,9,N","999999,9,N,9","+0154,1","+0131,1","10222,1","06,0000,9,1",,,"4,000",,,,,,,"0,1,003,1,+999,9",,"4,99,0041,1","SYN011333   91108",
"07173099999","1990-07-31T03:00:00","4","48.2","6.4333333","320.0","EPINAL DOGNEVILLE, FR","FM-12","99999","V020","999,1,C,0000,1","99999,9,9,N","999999,9,N,9","+0133,1","+0122,1","10225,1","06,0000,9,1",,,"4,000",,,,,,,"5,1,000,1,+999,9",,"4,99,0021,1","SYN011333   91104",
"07173099999","1990-07-31T12:00:00","4","48.2","6.4333333","320.0","EPINAL DOGNEVILLE, FR","FM-12","99999","V020","320,1,N,0041,1","99999,9,9,N","999999,9,N,9","+0271,1","+0108,1","10208,1","06,0000,9,1",,,"4,000",,,,,,,"8,1,008,1,+999,9",,"4,99,0088,1","SYN011333   91117",
"07173099999","1990-07-31T15:00:00","4","48.2","6.4333333","320.0","EPINAL DOGNEVILLE, FR","FM-12","99999","V020","350,1,N,0041,1","99999,9,9,N","999999,9,N,9","+0285,1","+0066,1","10203,1","06,0000,9,1",,,"4,000",,,,,,,"8,1,004,1,+999,9",,"4,99,0098,1","SYN011333   91119",
"07173099999","1990-07-31T18:00:00","4","48.2","6.4333333","320.0","EPINAL DOGNEVILLE, FR","FM-12","99999","V020","340,1,N,0031,1","99999,9,9,N","999999,9,N,9","+0269,1","+0079,1","10206,1","06,0000,9,1",,,"4,000",,,,"999,M,+0288,1",,,"3,1,001,1,+999,9",,"4,99,0098,1","SYN017333   10288 91119",
"07173099999","1990-07-31T21:00:00","4","48.2","6.4333333","320.0","EPINAL DOGNEVILLE, FR","FM-12","99999","V020","999,1,C,0000,1","99999,9,9,N","999999,9,N,9","+0179,1","+0126,1","10231,1","06,0000,9,1",,,"4,000",,,,,,,"3,1,014,1,+999,9",,"4,99,0051,1","SYN011333   91110",
"07173099999","1990-08-01T00:00:00","4","48.2","6.4333333","320.0","EPINAL DOGNEVILLE, FR","FM-12","99999","V020","999,1,C,0000,1","99999,9,9,N","999999,9,N,9","+0144,1","+0123,1","10238,1","06,0000,9,1",,,"4,000",,,,,,,"0,1,002,1,+999,9",,"4,99,0051,1","SYN011333   91110",
"07173099999","1990-08-01T03:00:00","4","48.2","6.4333333","320.0","EPINAL DOGNEVILLE, FR","FM-12","99999","V020","080,1,N,0010,1","99999,9,9,N","999999,9,N,9","+0132,1","+0119,1","10236,1","06,0000,9,1",,,"4,000",,,,,,,"8,1,003,1,+999,9",,"4,99,0021,1","SYN011333   91104",
"07173099999","1990-08-01T06:00:00","4","48.2","6.4333333","320.0","EPINAL DOGNEVILLE, FR","FM-12","99999","V020","999,1,C,0000,1","99999,9,9,N","999999,9,N,9","+0147,1","+0134,1","10243,1","06,0000,9,1",,,"4,000",,"0000,9","999,+0090,9","999,N,+0127,1",,,"3,1,008,1,+999,9",,"4,99,0021,1","SYN029333   20127 3/009 55000 91104",
"07173099999","1990-08-01T09:00:00","4","48.2","6.4333333","320.0","EPINAL DOGNEVILLE, FR","FM-12","99999","V020","340,1,N,0031,1","99999,9,9,N","999999,9,N,9","+0247,1","+0153,1","10228,1","06,0000,9,1",,,"4,000",,,,,,,"8,1,001,1,+999,9",,"4,99,0062,1","SYN011333   91112",
"07173099999","1990-08-01T12:00:00","4","48.2","6.4333333","320.0","EPINAL DOGNEVILLE, FR","FM-12","99999","V020","010,1,N,0031,1","99999,9,9,N","999999,9,N,9","+0292,1","+0113,1","10215,1","06,0000,9,1",,,"4,000",,,,,,,"8,1,008,1,+999,9",,"4,99,0098,1","SYN011333   91119",
"07173099999","1990-08-01T15:00:00","4","48.2","6.4333333","320.0","EPINAL DOGNEVILLE, FR","FM-12","99999","V020","360,1,N,0062,1","99999,9,9,N","999999,9,N,9","+0298,1","+0109,1","10205,1","06,0000,9,1",,,"4,000",,,,,,,"8,1,009,1,+999,9",,"4,99,0088,1","SYN011333   91117",
"07173099999","1990-08-01T18:00:00","4","48.2","6.4333333","320.0","EPINAL DOGNEVILLE, FR","FM-12","99999","V020","340,1,N,0031,1","99999,9,9,N","999999,9,N,9","+0276,1","+0112,1","10202,1","06,0000,9,1",,,"4,000",,,,"999,M,+0302,1",,,"6,1,005,1,+999,9",,"4,99,0088,1","SYN017333   10302 91117",
"07173099999","1990-08-01T21:00:00","4","48.2","6.4333333","320.0","EPINAL DOGNEVILLE, FR","FM-12","99999","V020","070,1,N,0010,1","99999,9,9,N","999999,9,N,9","+0200,1","+0130,1","10219,1","06,0000,9,1",,,"4,000",,,,,,,"2,1,007,1,+999,9",,"4,99,0041,1","SYN011333   91108",
"07173099999","1990-08-02T00:00:00","4","48.2","6.4333333","320.0","EPINAL DOGNEVILLE, FR","FM-12","99999","V020","999,1,C,0000,1","99999,9,9,N","999999,9,N,9","+0158,1","+0125,1","10222,1","06,0000,9,1",,,"4,000",,,,,,,"7,1,003,1,+999,9",,"4,99,0041,1","SYN011333   91108",
"07173099999","1990-08-02T03:00:00","4","48.2","6.4333333","320.0","EPINAL DOGNEVILLE, FR","FM-12","99999","V020","999,1,C,0000,1","99999,9,9,N","999999,9,N,9","+0133,1","+0115,1","10219,1","06,0000,9,1",,,"4,000",,,,,,,"6,1,005,1,+999,9",,"4,99,0021,1","SYN011333   91104",
"07173099999","1990-08-02T06:00:00","4","48.2","6.4333333","320.0","EPINAL DOGNEVILLE, FR","FM-12","99999","V020","999,1,C,0000,1","99999,9,9,N","999999,9,N,9","+0157,1","+0130,1","10224,1","06,0000,9,1",,,"4,000",,"0000,9","999,+0080,9","999,N,+0127,1",,,"3,1,007,1,+999,9",,"4,99,0021,1","SYN029333   20127 3/008 55000 91104",
"07173099999","1990-08-02T09:00:00","4","48.2","6.4333333","320.0","EPINAL DOGNEVILLE, FR","FM-12","99999","V020","010,1,N,0021,1","99999,9,9,N","999999,9,N,9","+0263,1","+0141,1","10212,1","06,0000,9,1",,,"4,000",,,,,,,"0,1,002,1,+999,9",,"4,99,0051,1","SYN011333   91110",
"07173099999","1990-08-02T12:00:00","4","48.2","6.4333333","320.0","EPINAL DOGNEVILLE, FR","FM-12","99999","V020","030,1,N,0031,1","99999,9,9,N","999999,9,N,9","+0313,1","+0077,1","10196,1","06,0000,9,1",,,"4,000",,,,,,,"6,1,011,1,+999,9",,"4,99,0088,1","SYN011333   91117",
"07173099999","1990-08-02T15:00:00","4","48.2","6.4333333","320.0","EPINAL DOGNEVILLE, FR","FM-12","99999","V020","010,1,N,0031,1","99999,9,9,N","999999,9,N,9","+0325,1","+0059,1","10186,1","06,0000,9,1",,,"4,000",,,,,,,"7,1,008,1,+999,9",,"4,99,0082,1","SYN011333   91116",
"07173099999","1990-08-02T18:00:00","4","48.2","6.4333333","320.0","EPINAL DOGNEVILLE, FR","FM-12","99999","V020","350,1,N,0010,1","99999,9,9,N","999999,9,N,9","+0297,1","+0113,1","10187,1","06,0000,9,1",,,"4,000",,,,"999,M,+0326,1",,,"6,1,002,1,+999,9",,"4,99,0082,1","SYN017333   10326 91116",
"07173099999","1990-08-02T21:00:00","4","48.2","6.4333333","320.0","EPINAL DOGNEVILLE, FR","FM-12","99999","V020","130,1,N,0010,1","99999,9,9,N","999999,9,N,9","+0205,1","+0127,1","10210,1","06,0000,9,1",,,"4,000",,,,,,,"2,1,012,1,+999,9",,"4,99,0041,1","SYN011333   91108",
"07173099999","1990-08-03T00:00:00","4","48.2","6.4333333","320.0","EPINAL DOGNEVILLE, FR","FM-12","99999","V020","130,1,N,0010,1","99999,9,9,N","999999,9,N,9","+0160,1","+0124,1","10219,1","06,0000,9,1",,,"4,000",,,,,,,"3,1,003,1,+999,9",,"4,99,0041,1","SYN011333   91108",
"07173099999","1990-08-03T03:00:00","4","48.2","6.4333333","320.0","EPINAL DOGNEVILLE, FR","FM-12","99999","V020","999,1,C,0000,1","99999,9,9,N","999999,9,N,9","+0136,1","+0120,1","10229,1","06,0000,9,1",,,"4,000",,,,,,,"3,1,007,1,+999,9",,"4,99,0021,1","SYN011333   91104",
"07173099999","1990-08-03T06:00:00","4","48.2","6.4333333","320.0","EPINAL DOGNEVILLE, FR","FM-12","99999","V020","999,1,C,0000,1","99999,9,9,N","999999,9,N,9","+0150,1","+0132,1","10233,1","06,0000,9,1",,,"4,000",,"0000,9","999,+0080,9","999,N,+0126,1",,,"3,1,005,1,+999,9",,"4,99,0021,1","SYN029333   20126 3/008 55000 91104",
"07173099999","1990-08-03T09:00:00","4","48.2","6.4333333","320.0","EPINAL DOGNEVILLE, FR","FM-12","99999","V020","360,1,N,0021,1","99999,9,9,N","999999,9,N,9","+0270,1","+0126,1","10216,1","06,0000,9,1",,,"4,000",,,,,,,"7,1,002,1,+999,9",,"4,99,0041,1","SYN011333   91108",
"07173099999","1990-08-03T12:00:00","4","48.2","6.4333333","320.0","EPINAL DOGNEVILLE, FR","FM-12","99999","V020","040,1,N,0031,1","99999,9,9,N","999999,9,N,9","+0313,1","+9999,9","10201,1","06,0000,9,1",,,"4,000",,,,,,,"8,1,011,1,+999,9",,"4,99,0082,1","SYN011333   91116",
"07173099999","1990-08-03T15:00:00","4","48.2","6.4333333","320.0","EPINAL DOGNEVILLE, FR","FM-12","99999","V020","350,1,N,0041,1","99999,9,9,N","999999,9,N,9","+0322,1","+9999,9","10192,1","06,0000,9,1",,,"4,000",,,,,,,"8,1,008,1,+999,9",,"4,99,0088,1","SYN011333   91117",
"07173099999","1990-08-03T18:00:00","4","48.2","6.4333333","320.0","EPINAL DOGNEVILLE, FR","FM-12","99999","V020","340,1,N,0041,1","99999,9,9,N","999999,9,N,9","+0294,1","+0067,1","10187,1","06,0000,9,1",,,"4,000",,,,"999,M,+0325,1",,,"6,1,006,1,+999,9",,"4,99,0088,1","SYN017333   10325 91117",
"07173099999","1990-08-03T21:00:00","4","48.2","6.4333333","320.0","EPINAL DOGNEVILLE, FR","FM-12","99999","V020","060,1,N,0010,1","99999,9,9,N","999999,9,N,9","+0194,1","+0112,1","10214,1","06,0000,9,1",,,"4,000",,,,,,,"3,1,014,1,+999,9",,"4,99,0072,1","SYN011333   91114",
"07173099999","1990-08-04T00:00:00","4","48.2","6.4333333","320.0","EPINAL DOGNEVILLE, FR","FM-12","99999","V020","070,1,N,0010,1","99999,9,9,N","999999,9,N,9","+0151,1","+0115,1","10219,1","06,0000,9,1",,,"4,000",,,,,,,"4,1,000,1,+999,9",,"4,99,0072,1","SYN011333   91114",
"07173099999","1990-08-04T03:00:00","4","48.2","6.4333333","320.0","EPINAL DOGNEVILLE, FR","FM-12","99999","V020","999,1,C,0000,1","99999,9,9,N","999999,9,N,9","+0128,1","+0105,1","10218,1","06,0000,9,1",,,"4,000",,,,,,,"6,1,004,1,+999,9",,"4,99,0021,1","SYN011333   91104",
"07173099999","1990-08-04T06:00:00","4","48.2","6.4333333","320.0","EPINAL DOGNEVILLE, FR","FM-12","99999","V020","999,1,C,0000,1","99999,9,9,N","999999,9,N,9","+0150,1","+0121,1","10221,1","06,0000,9,1",,,"4,000",,"0000,9","999,+0070,9","999,N,+0120,1",,,"3,1,006,1,+999,9",,"4,99,0021,1","SYN029333   20120 3/007 55000 91104",
"07173099999","1990-08-04T09:00:00","4","48.2","6.4333333","320.0","EPINAL DOGNEVILLE, FR","FM-12","99999","V020","320,1,N,0010,1","99999,9,9,N","999999,9,N,9","+0263,1","+0088,1","10207,1","06,0000,9,1",,,"4,000",,,,,,,"5,1,000,1,+999,9",,"4,99,0041,1","SYN011333   91108",
"07173099999","1990-08-04T12:00:00","4","48.2","6.4333333","320.0","EPINAL DOGNEVILLE, FR","FM-12","99999","V020","320,1,N,0031,1","99999,9,9,N","999999,9,N,9","+0309,1","+0022,1","10192,1","06,0000,9,1",,,"4,000",,,,,,,"7,1,010,1,+999,9",,"4,99,0062,1","SYN011333   91112",
"07173099999","1990-08-04T15:00:00","4","48.2","6.4333333","320.0","EPINAL DOGNEVILLE, FR","FM-12","99999","V020","310,1,N,0021,1","99999,9,9,N","999999,9,N,9","+0325,1","+9999,9","10180,1","06,0000,9,1",,,"4,000",,,,,,,"6,1,011,1,+999,9",,"4,99,0072,1","SYN011333   91114",
"07173099999","1990-08-04T18:00:00","4","48.2","6.4333333","320.0","EPINAL DOGNEVILLE, FR","FM-12","99999","V020","270,1,N,0021,1","99999,9,9,N","999999,9,N,9","+0313,1","+9999,9","10178,1","06,0000,9,1",,,"4,000",,,,"999,M,+0330,1",,,"6,1,003,1,+999,9",,"4,99,0072,1","SYN017333   10330 91114",
"07173099999","1990-08-04T21:00:00","4","48.2","6.4333333","320.0","EPINAL DOGNEVILLE, FR","FM-12","99999","V020","070,1,N,0010,1","99999,9,9,N","999999,9,N,9","+0192,1","+0115,1","10198,1","06,0000,9,1",,,"4,000",,,,,,,"1,1,006,1,+999,9",,"4,99,0031,1","SYN011333   91106",
"07173099999","1990-08-05T00:00:00","4","48.2","6.4333333","320.0","EPINAL DOGNEVILLE, FR","FM-12","99999","V020","070,1,N,0010,1","99999,9,9,N","999999,9,N,9","+0154,1","+0112,1","10198,1","06,0000,9,1",,,"4,000",,,,,,,"8,1,004,1,+999,9",,"4,99,0031,1","SYN011333   91106",
"07173099999","1990-08-05T03:00:00","4","48.2","6.4333333","320.0","EPINAL DOGNEVILLE, FR","FM-12","99999","V020","999,1,C,0000,1","99999,9,9,N","999999,9,N,9","+0149,1","+0111,1","10189,1","06,0000,9,1",,,"4,000",,,,,,,"8,1,010,1,+999,9",,"4,99,0021,1","SYN011333   91104",
"07173099999","1990-08-05T06:00:00","4","48.2","6.4333333","320.0","EPINAL DOGNEVILLE, FR","FM-12","99999","V020","999,1,C,0000,1","99999,9,9,N","999999,9,N,9","+0180,1","+0120,1","10180,1","06,0000,9,1",,,"4,000",,"0000,9","999,+0100,9","999,N,+0144,1",,,"7,1,004,1,+999,9",,"4,99,0021,1","SYN029333   20144 3/010 55000 91104",
"07173099999","1990-08-05T09:00:00","4","48.2","6.4333333","320.0","EPINAL DOGNEVILLE, FR","FM-12","99999","V020","160,1,N,0041,1","99999,9,9,N","999999,9,N,9","+0282,1","+0095,1","10166,1","06,0000,9,1",,,"4,000",,,,,,,"8,1,002,1,+999,9",,"4,99,0072,1","SYN011333   91114",
"07173099999","1990-08-05T12:00:00","4","48.2","6.4333333","320.0","EPINAL DOGNEVILLE, FR","FM-12","99999","V020","180,1,N,0041,1","99999,9,9,N","999999,9,N,9","+0308,1","+0079,1","10149,1","06,0000,9,1",,,"4,000",,,,,,,"8,1,013,1,+999,9",,"4,99,0072,1","SYN011333   91114",
"07173099999","1990-08-05T15:00:00","4","48.2","6.4333333","320.0","EPINAL DOGNEVILLE, FR","FM-12","99999","V020","220,1,N,0041,1","99999,9,9,N","999999,9,N,9","+0329,1","+0090,1","10123,1","06,0000,9,1",,,"4,000",,,,,,,"8,1,023,1,+999,9",,"4,99,0098,1","SYN011333   91119",
"07173099999","1990-08-09T09:00:00","4","48.2","6.4333333","320.0","EPINAL DOGNEVILLE, FR","FM-12","99999","V020","310,1,N,0010,1","99999,9,9,N","999999,9,N,9","+0192,1","+0070,1","10241,1",,,,"2,000",,,,,,,,,,,
"07173099999","1990-08-09T12:00:00","4","48.2","6.4333333","320.0","EPINAL DOGNEVILLE, FR","FM-12","99999","V020","340,1,N,0021,1","99999,9,9,N","999999,9,N,9","+0239,1","-0026,1","10227,1",,,,"2,000",,,,,,,"8,1,008,1,+999,9",,,,
"07173099999","1990-08-09T15:00:00","4","48.2","6.4333333","320.0","EPINAL DOGNEVILLE, FR","FM-12","99999","V020","320,1,N,0031,1","99999,9,9,N","999999,9,N,9","+0250,1","-0025,1","10216,1","06,0000,9,1",,,"4,000",,,,,,,"8,1,009,1,+999,9",,"4,99,0072,1","SYN011333   91114",
"07173099999","1990-08-09T18:00:00","4","48.2","6.4333333","320.0","EPINAL DOGNEVILLE, FR","FM-12","99999","V020","330,1,N,0031,1","99999,9,9,N","999999,9,N,9","+0238,1","+0002,1","10213,1",,,,"2,000",,,,,,,"5,1,004,1,+999,9",,"4,99,0072,1","SYN011333   91114",
"07173099999","1990-08-09T21:00:00","4","48.2","6.4333333","320.0","EPINAL DOGNEVILLE, FR","FM-12","99999","V020","999,1,C,0000,1","99999,9,9,N","999999,9,N,9","+0140,1","+0078,1","10235,1","06,0000,9,1",,,"4,000",,,,,,,"3,1,010,1,+999,9",,"4,99,0041,1","SYN011333   91108",
"07173099999","1990-08-10T00:00:00","4","48.2","6.4333333","320.0","EPINAL DOGNEVILLE, FR","FM-12","99999","V020","050,1,N,0010,1","99999,9,9,N","999999,9,N,9","+0106,1","+0078,1","10241,1","06,0000,9,1",,,"4,000",,,,,,,"0,1,001,1,+999,9",,"4,99,0041,1","SYN011333   91108",
"07173099999","1990-08-10T03:00:00","4","48.2","6.4333333","320.0","EPINAL DOGNEVILLE, FR","FM-12","99999","V020","090,1,N,0010,1","99999,9,9,N","999999,9,N,9","+0086,1","+0069,1","10243,1","06,0000,9,1",,,"4,000",,,,,,,"7,1,001,1,+999,9",,"4,99,0021,1","SYN011333   91104",
"07173099999","1990-08-10T06:00:00","4","48.2","6.4333333","320.0","EPINAL DOGNEVILLE, FR","FM-12","99999","V020","999,1,C,0000,1","99999,9,9,N","999999,9,N,9","+0111,1","+0078,1","10243,1","06,0000,9,1",,,"4,000",,,"999,+0030,9","999,N,+0080,1",,,"3,1,003,1,+999,9",,"4,99,0031,1","SYN029333   20080 3/003 55/// 91106",
"07173099999","1990-08-10T09:00:00","4","48.2","6.4333333","320.0","EPINAL DOGNEVILLE, FR","FM-12","99999","V020","999,1,C,0000,1","99999,9,9,N","999999,9,N,9","+0232,1","+0061,1","10228,1","06,0000,9,1",,,"4,000",,,,,,,"0,1,001,1,+999,9",,"4,99,0021,1","SYN011333   91104",
"07173099999","1990-08-10T12:00:00","4","48.2","6.4333333","320.0","EPINAL DOGNEVILLE, FR","FM-12","99999","V020","320,1,N,0010,1","99999,9,9,N","999999,9,N,9","+0265,1","+0031,1","10217,1","06,0000,9,1",,,"4,000",,,,,,,"8,1,007,1,+999,9",,"4,99,0062,1","SYN011333   91112",
"07173099999","1990-08-10T15:00:00","4","48.2","6.4333333","320.0","EPINAL DOGNEVILLE, FR","FM-12","99999","V020","310,1,N,0010,1","99999,9,9,N","999999,9,N,9","+0275,1","-0005,1","10203,1","06,0000,9,1",,,"4,000",,,,,,,"8,1,013,1,+999,9",,"4,99,0062,1","SYN011333   91112",
"07173099999","1990-08-10T18:00:00","4","48.2","6.4333333","320.0","EPINAL DOGNEVILLE, FR","FM-12","99999","V020","330,1,N,0021,1","99999,9,9,N","999999,9,N,9","+0260,1","+0050,1","10198,1","06,0000,9,1",,,"4,000",,,,"999,M,+0279,1",,,"6,1,006,1,+999,9",,"4,99,0062,1","SYN017333   10279 91112",
"07173099999","1990-08-10T21:00:00","4","48.2","6.4333333","320.0","EPINAL DOGNEVILLE, FR","FM-12","99999","V020","040,1,N,0010,1","99999,9,9,N","999999,9,N,9","+0160,1","+0108,1","10215,1","06,0000,9,1",,,"4,000",,,,,,,"3,1,005,1,+999,9",,"4,99,0021,1","SYN011333   91104",
"07173099999","1990-08-11T00:00:00","4","48.2","6.4333333","320.0","EPINAL DOGNEVILLE, FR","FM-12","99999","V020","070,1,N,0010,1","99999,9,9,N","999999,9,N,9","+0126,1","+0103,1","10219,1","06,0000,9,1",,,"4,000",,,,,,,"8,1,001,1,+999,9",,"4,99,0021,1","SYN011333   91104",
"07173099999","1990-08-11T03:00:00","4","48.2","6.4333333","320.0","EPINAL DOGNEVILLE, FR","FM-12","99999","V020","999,1,C,0000,1","99999,9,9,N","999999,9,N,9","+0108,1","+0092,1","10213,1","06,0000,9,1",,,"4,000",,,,,,,"8,1,008,1,+999,9",,"4,99,0021,1","SYN011333   91104",
"07173099999","1990-08-11T06:00:00","4","48.2","6.4333333","320.0","EPINAL DOGNEVILLE, FR","FM-12","99999","V020","999,1,C,0000,1","99999,9,9,N","999999,9,N,9","+0122,1","+0106,1","10209,1","06,0000,9,1",,,"4,000",,"0756,9","999,+0060,9","999,N,+0102,1",,,"5,1,002,1,+999,9",,"4,99,0021,1","SYN029333   20102 3/006 55126 91104",
"07173099999","1990-08-11T09:00:00","4","48.2","6.4333333","320.0","EPINAL DOGNEVILLE, FR","FM-12","99999","V020","290,1,N,0010,1","99999,9,9,N","999999,9,N,9","+0232,1","+0116,1","10192,1","06,0000,9,1",,,"4,000",,,,,,,"8,1,002,1,+999,9",,"4,99,0031,1","SYN011333   91106",
"07173099999","1990-08-11T12:00:00","4","48.2","6.4333333","320.0","EPINAL DOGNEVILLE, FR","FM-12","99999","V020","190,1,N,0021,1","99999,9,9,N","999999,9,N,9","+0288,1","+0036,1","10176,1","06,0000,9,1",,,"4,000",,,,,,,"8,1,010,1,+999,9",,"4,99,0051,1","SYN011333   91110",
"07173099999","1990-08-11T15:00:00","4","48.2","6.4333333","320.0","EPINAL DOGNEVILLE, FR","FM-12","99999","V020","240,1,N,0031,1","99999,9,9,N","999999,9,N,9","+0305,1","+0010,1","10159,1","06,0000,9,1",,,"4,000",,,,,,,"7,1,015,1,+999,9",,"4,99,0062,1","SYN011333   91112",
"07173099999","1990-08-11T18:00:00","4","48.2","6.4333333","320.0","EPINAL DOGNEVILLE, FR","FM-12","99999","V020","210,1,N,0010,1","99999,9,9,N","999999,9,N,9","+0282,1","+0095,1","10154,1","06,0000,9,1",,,"4,000",,,,"999,M,+0307,1",,,"5,1,006,1,+999,9",,"4,99,0062,1","SYN017333   10307 91112",
"07173099999","1990-08-11T21:00:00","4","48.2","6.4333333","320.0","EPINAL DOGNEVILLE, FR","FM-12","99999","V020","070,1,N,0010,1","99999,9,9,N","999999,9,N,9","+0180,1","+0118,1","10171,1","06,0000,9,1",,,"4,000",,,,,,,"2,1,004,1,+999,9",,"4,99,0021,1","SYN011333   91104",
"07173099999","1990-08-12T00:00:00","4","48.2","6.4333333","320.0","EPINAL DOGNEVILLE, FR","FM-12","99999","V020","050,1,N,0010,1","99999,9,9,N","999999,9,N,9","+0149,1","+0099,1","10175,1","06,0000,9,1",,,"4,000",,,,,,,"0,1,000,1,+999,9",,"4,99,0021,1","SYN011333   91104",
"07173099999","1990-08-12T03:00:00","4","48.2","6.4333333","320.0","EPINAL DOGNEVILLE, FR","FM-12","99999","V020","999,1,C,0000,1","99999,9,9,N","999999,9,N,9","+0131,1","+0097,1","10172,1","06,0000,9,1",,,"4,000",,,,,,,"7,1,005,1,+999,9",,"4,99,0021,1","SYN011333   91104",
"07173099999","1990-08-12T06:00:00","4","48.2","6.4333333","320.0","EPINAL DOGNEVILLE, FR","FM-12","99999","V020","999,1,C,0000,1","99999,9,9,N","999999,9,N,9","+0155,1","+0113,1","10173,1","06,0000,9,1",,,"4,000",,"0738,9","999,+0080,9","999,N,+0122,1",,,"3,1,004,1,+999,9",,"4,99,0041,1","SYN029333   20122 3/008 55123 91108",
"07173099999","1990-08-12T09:00:00","4","48.2","6.4333333","320.0","EPINAL DOGNEVILLE, FR","FM-12","99999","V020","170,1,N,0051,1","99999,9,9,N","999999,9,N,9","+0264,1","+0101,1","10163,1","06,0000,9,1",,,"4,000",,,,,,,"1,1,003,1,+999,9",,"4,99,0098,1","SYN011333   91119",
"07173099999","1990-08-12T12:00:00","4","48.2","6.4333333","320.0","EPINAL DOGNEVILLE, FR","FM-12","99999","V020","160,1,N,0041,1","99999,9,9,N","999999,9,N,9","+0306,1","+0019,1","10145,1","06,0000,9,1",,,"4,000",,,,,,,"7,1,013,1,+999,9",,"4,99,0098,1","SYN011333   91119",
"07173099999","1990-08-12T15:00:00","4","48.2","6.4333333","320.0","EPINAL DOGNEVILLE, FR","FM-12","99999","V020","160,1,N,0041,1","99999,9,9,N","999999,9,N,9","+0320,1","+9999,9","10125,1","06,0000,9,1",,,"4,000",,,,,,,"6,1,019,1,+999,9",,"4,99,0082,1","SYN011333   91116",
"07173099999","1990-08-12T18:00:00","4","48.2","6.4333333","320.0","EPINAL DOGNEVILLE, FR","FM-12","99999","V020","180,1,N,0021,1","99999,9,9,N","999999,9,N,9","+0292,1","+0025,1","10121,1","06,0000,9,1",,,"4,000",,,,"999,M,+0322,1",,,"5,1,005,1,+999,9",,"4,99,0088,1","SYN017333   10322 91117",
"07173099999","1990-08-12T21:00:00","4","48.2","6.4333333","320.0","EPINAL DOGNEVILLE, FR","FM-12","99999","V020","150,1,N,0010,1","99999,9,9,N","999999,9,N,9","+0231,1","+0098,1","10145,1","06,0000,9,1",,,"4,000",,,,,,,"3,1,016,1,+999,9",,"4,99,0041,1","SYN011333   91108",
"07173099999","1990-08-13T00:00:00","4","48.2","6.4333333","320.0","EPINAL DOGNEVILLE, FR","FM-12","99999","V020","130,1,N,0031,1","99999,9,9,N","999999,9,N,9","+0234,1","+0094,1","10149,1","06,0000,9,1",,,"4,000",,,,,,,"1,1,004,1,+999,9",,"4,99,0062,1","SYN011333   91112",
"07173099999","1990-08-13T03:00:00","4","48.2","6.4333333","320.0","EPINAL DOGNEVILLE, FR","FM-12","99999","V020","999,1,C,0000,1","99999,9,9,N","999999,9,N,9","+0172,1","+0112,1","10160,1","06,0000,9,1",,,"4,000",,,,,,,"3,1,003,1,+999,9",,"4,99,0062,1","SYN011333   91112",
"07173099999","1990-08-13T06:00:00","4","48.2","6.4333333","320.0","EPINAL DOGNEVILLE, FR","FM-12","99999","V020","140,1,N,0051,1","99999,9,9,N","999999,9,N,9","+0221,1","+0135,1","10151,1","06,0000,9,1",,,"4,000",,"0744,9","999,+0130,9","999,N,+0169,1",,,"5,1,001,1,+999,9",,"4,99,0108,1","SYN029333   20169 3/013 55124 91121",
"07173099999","1990-08-13T12:00:00","4","48.2","6.4333333","320.0","EPINAL DOGNEVILLE, FR","FM-12","99999","V020","300,1,N,0087,1","99999,9,9,N","999999,9,N,9","+0190,1","+0132,1","10174,1","03,0002,9,1","06,0003,9,1",,"0,001","4,1,06,1",,,,,,"3,1,017,1,+999,9","21,1","4,99,0129,1","SYN017333   69927 91125",
"07173099999","1990-08-13T15:00:00","4","48.2","6.4333333","320.0","EPINAL DOGNEVILLE, FR","FM-12","99999","V020","150,1,N,0021,1","99999,9,9,N","999999,9,N,9","+0179,1","+0162,1","10167,1","03,0120,9,1",,,"0,001","4,1,03,1",,,,,,"8,1,007,1,+999,9","21,1","4,99,0180,1","SYN017333   60127 91135",
"07173099999","1990-08-13T18:00:00","4","48.2","6.4333333","320.0","EPINAL DOGNEVILLE, FR","FM-12","99999","V020","080,1,N,0010,1","99999,9,9,N","999999,9,N,9","+0193,1","+0173,1","10152,1","99,0120,9,1",,,"0,000",,,,"999,M,+0271,1",,,"6,1,012,1,+999,9",,"4,99,0180,1","SYN017333   10271 91135",
"07173099999","1990-08-13T21:00:00","4","48.2","6.4333333","320.0","EPINAL DOGNEVILLE, FR","FM-12","99999","V020","160,1,N,0021,1","99999,9,9,N","999999,9,N,9","+0192,1","+0138,1","10157,1","06,0000,9,1",,,"4,000",,,,,,,"3,1,003,1,+999,9",,"4,99,0051,1","SYN011333   91110",
"07173099999","1990-08-14T00:00:00","4","48.2","6.4333333","320.0","EPINAL DOGNEVILLE, FR","FM-12","99999","V020","160,1,N,0010,1","99999,9,9,N","999999,9,N,9","+0174,1","+0135,1","10157,1","06,0000,9,1",,,"4,000",,,,,,,"6,1,002,1,+999,9",,"4,99,0051,1","SYN011333   91110",
"07173099999","1990-08-14T03:00:00","4","48.2","6.4333333","320.0","EPINAL DOGNEVILLE, FR","FM-12","99999","V020","160,1,N,0021,1","99999,9,9,N","999999,9,N,9","+0172,1","+0141,1","10142,1","06,0000,9,1",,,"4,000",,,,,,,"6,1,014,1,+999,9",,"4,99,0062,1","SYN011333   91112",
"07173099999","1990-08-14T06:00:00","4","48.2","6.4333333","320.0","EPINAL DOGNEVILLE, FR","FM-12","99999","V020","190,1,N,0021,1","99999,9,9,N","999999,9,N,9","+0194,1","+0142,1","10148,1","06,0000,9,1","24,0124,9,1",,"4,000",,"0174,9","999,+0130,9","999,N,+0167,1",,,"3,1,008,1,+999,9",,"4,99,0072,1","SYN035333   20167 3/013 55029 70124 91114",
"07173099999","1990-08-14T09:00:00","4","48.2","6.4333333","320.0","EPINAL DOGNEVILLE, FR","FM-12","99999","V020","170,1,N,0031,1","99999,9,9,N","999999,9,N,9","+0194,1","+0153,1","10154,1","06,0000,9,1",,,"4,000",,,,,,,"3,1,007,1,+999,9",,"4,99,0072,1","SYN011333   91114",
"07173099999","1990-08-14T12:00:00","4","48.2","6.4333333","320.0","EPINAL DOGNEVILLE, FR","FM-12","99999","V020","160,1,N,0051,1","99999,9,9,N","999999,9,N,9","+0210,1","+0162,1","10151,1","03,0010,9,1","06,0010,9,1",,"0,000",,,,,,,"8,1,002,1,+999,9",,"4,99,0082,1","SYN017333   60017 91116",
"07173099999","1990-08-14T15:00:00","4","48.2","6.4333333","320.0","EPINAL DOGNEVILLE, FR","FM-12","99999","V020","130,1,N,0031,1","99999,9,9,N","999999,9,N,9","+0209,1","+0159,1","10140,1","03,0010,9,1",,,"0,000",,,,,,,"8,1,010,1,+999,9",,"4,99,0088,1","SYN017333   60017 91117",
"07173099999","1990-08-14T18:00:00","4","48.2","6.4333333","320.0","EPINAL DOGNEVILLE, FR","FM-12","99999","V020","150,1,N,0031,1","99999,9,9,N","999999,9,N,9","+0201,1","+0147,1","10140,1","99,0020,9,1",,,"0,000",,,,"999,M,+0217,1",,,"5,1,001,1,+999,9",,"4,99,0088,1","SYN017333   10217 91117",
"07173099999","1990-08-14T21:00:00","4","48.2","6.4333333","320.0","EPINAL DOGNEVILLE, FR","FM-12","99999","V020","170,1,N,0031,1","99999,9,9,N","999999,9,N,9","+0174,1","+0159,1","10149,1","03,0020,9,1",,,"0,001","4,1,03,1",,,,,,"1,1,005,1,+999,9","21,1","4,99,0082,1","SYN017333   60027 91116",
"07173099999","1990-08-15T00:00:00","4","48.2","6.4333333","320.0","EPINAL DOGNEVILLE, FR","FM-12","99999","V020","150,1,N,0021,1","99999,9,9,N","999999,9,N,9","+0169,1","+0151,1","10156,1","06,0020,9,1",,,"0,000",,,,,,,"2,1,005,1,+999,9",,"4,99,0082,1","SYN011333   91116",
"07173099999","1990-08-15T03:00:00","4","48.2","6.4333333","320.0","EPINAL DOGNEVILLE, FR","FM-12","99999","V020","170,1,N,0010,1","99999,9,9,N","999999,9,N,9","+0150,1","+0140,1","10157,1","06,0000,9,1",,,"4,000",,,,,,,"5,1,001,1,+999,9",,"4,99,0051,1","SYN011333   91110",
"07173099999","1990-08-15T06:00:00","4","48.2","6.4333333","320.0","EPINAL DOGNEVILLE, FR","FM-12","99999","V020","150,1,N,0021,1","99999,9,9,N","999999,9,N,9","+0162,1","+0152,1","10164,1","24,0040,9,1","99,0020,9,1",,"0,000",,"0120,9","999,+0100,9","999,N,+0141,1",,,"3,1,009,1,+999,9",,"4,99,0051,1","SYN035333   20141 3/010 55020 70040 91110",
"07173099999","1990-08-15T09:00:00","4","48.2","6.4333333","320.0","EPINAL DOGNEVILLE, FR","FM-12","99999","V020","190,1,N,0031,1","99999,9,9,N","999999,9,N,9","+0200,1","+0141,1","10168,1","06,0000,9,1",,,"4,000",,,,,,,"3,1,008,1,+999,9",,"4,99,0062,1","SYN011333   91112",
"07173099999","1990-08-15T12:00:00","4","48.2","6.4333333","320.0","EPINAL DOGNEVILLE, FR","FM-12","99999","V020","170,1,N,0041,1","99999,9,9,N","999999,9,N,9","+0204,1","+0145,1","10161,1","06,0000,9,1",,,"4,000",,,,,,,"5,1,006,1,+999,9",,"4,99,0108,1","SYN011333   91121",
"07173099999","1990-08-15T15:00:00","4","48.2","6.4333333","320.0","EPINAL DOGNEVILLE, FR","FM-12","99999","V020","180,1,N,0062,1","99999,9,9,N","999999,9,N,9","+0232,1","+0116,1","10145,1","06,0000,9,1",,,"4,000",,,,,,,"7,1,013,1,+999,9",,"4,99,0108,1","SYN011333   91121",
"07173099999","1990-08-15T18:00:00","4","48.2","6.4333333","320.0","EPINAL DOGNEVILLE, FR","FM-12","99999","V020","210,1,N,0031,1","99999,9,9,N","999999,9,N,9","+0219,1","+0125,1","10145,1","06,0000,9,1",,,"4,000",,,,"999,M,+0240,1",,,"5,1,001,1,+999,9",,"4,99,0108,1","SYN017333   10240 91121",
"07173099999","1990-08-15T21:00:00","4","48.2","6.4333333","320.0","EPINAL DOGNEVILLE, FR","FM-12","99999","V020","160,1,N,0051,1","99999,9,9,N","999999,9,N,9","+0199,1","+0131,1","10154,1","06,0000,9,1",,,"4,000",,,,,,,"1,1,007,1,+999,9",,"4,99,0098,1","SYN011333   91119",
"07173099999","1990-08-16T00:00:00","4","48.2","6.4333333","320.0","EPINAL DOGNEVILLE, FR","FM-12","99999","V020","150,1,N,0041,1","99999,9,9,N","999999,9,N,9","+0194,1","+0136,1","10150,1","06,0000,9,1",,,"4,000",,,,,,,"8,1,005,1,+999,9",,"4,99,0098,1","SYN011333   91119",
"07173099999","1990-08-16T03:00:00","4","48.2","6.4333333","320.0","EPINAL DOGNEVILLE, FR","FM-12","99999","V020","160,1,N,0051,1","99999,9,9,N","999999,9,N,9","+0188,1","+0136,1","10140,1","06,0000,9,1",,,"4,000",,,,,,,"6,1,011,1,+999,9",,"4,99,0108,1","SYN011333   91121",
"07173099999","1990-08-16T06:00:00","4","48.2","6.4333333","320.0","EPINAL DOGNEVILLE, FR","FM-12","99999","V020","160,1,N,0062,1","99999,9,9,N","999999,9,N,9","+0183,1","+0140,1","10142,1","06,0000,9,1",,,"4,000",,"0270,9","999,+0170,9","999,N,+0183,1",,,"3,1,002,1,+999,9",,"4,99,0108,1","SYN029333   20183 3/017 55045 91121",
"07173099999","1990-08-16T09:00:00","4","48.2","6.4333333","320.0","EPINAL DOGNEVILLE, FR","FM-12","99999","V020","160,1,N,0051,1","99999,9,9,N","999999,9,N,9","+0191,1","+0146,1","10142,1","06,0000,9,1",,,"4,000",,,,,,,"3,1,001,1,+999,9",,"4,99,0118,1","SYN011333   91123",
"07173099999","1990-08-16T12:00:00","4","48.2","6.4333333","320.0","EPINAL DOGNEVILLE, FR","FM-12","99999","V020","190,1,N,0041,1","99999,9,9,N","999999,9,N,9","+0183,1","+0157,1","10152,1","03,0040,9,1","06,0040,9,1",,"0,001","4,1,06,1",,,,,,"3,1,008,1,+999,9","21,1","4,99,0118,1","SYN017333   60047 91123",
"07173099999","1990-08-16T15:00:00","4","48.2","6.4333333","320.0","EPINAL DOGNEVILLE, FR","FM-12","99999","V020","180,1,N,0031,1","99999,9,9,N","999999,9,N,9","+0164,1","+0139,1","10159,1","03,0020,9,1",,,"0,001","4,1,03,1",,,,,,"3,1,005,1,+999,9","21,1","4,99,0108,1","SYN017333   60027 91121",
"07173099999","1990-08-16T18:00:00","4","48.2","6.4333333","320.0","EPINAL DOGNEVILLE, FR","FM-12","99999","V020","160,1,N,0031,1","99999,9,9,N","999999,9,N,9","+0169,1","+0144,1","10158,1","03,0004,9,1","99,0005,9,1",,"0,000",,,,"999,M,+0200,1",,,"5,1,001,1,+999,9",,"4,99,0108,1","SYN023333   10200 69947 91121",
"07173099999","1990-08-16T21:00:00","4","48.2","6.4333333","320.0","EPINAL DOGNEVILLE, FR","FM-12","99999","V020","160,1,N,0021,1","99999,9,9,N","999999,9,N,9","+0158,1","+0142,1","10168,1","06,0000,9,1",,,"4,000",,,,,,,"1,1,009,1,+999,9",,"4,99,0051,1","SYN011333   91110",
"07173099999","1990-08-17T00:00:00","4","48.2","6.4333333","320.0","EPINAL DOGNEVILLE, FR","FM-12","99999","V020","160,1,N,0021,1","99999,9,9,N","999999,9,N,9","+0152,1","+0137,1","10170,1","06,0000,9,1",,,"4,000",,,,,,,"1,1,001,1,+999,9",,"4,99,0051,1","SYN011333   91110",
"07173099999","1990-08-17T03:00:00","4","48.2","6.4333333","320.0","EPINAL DOGNEVILLE, FR","FM-12","99999","V020","999,1,C,0000,1","99999,9,9,N","999999,9,N,9","+0118,1","+0090,1","10203,1","06,0000,9,1",,,"4,000",,,,,,,"1,1,027,1,+999,9",,"4,99,0098,1","SYN011333   91119",
"07173099999","1990-08-17T06:00:00","4","48.2","6.4333333","320.0","EPINAL DOGNEVILLE, FR","FM-12","99999","V020","200,1,N,0021,1","99999,9,9,N","999999,9,N,9","+0117,1","+0087,1","10230,1","06,0000,9,1","24,0066,9,1",,"4,000",,"0024,9","999,+0090,9","999,N,+0112,1",,,"3,1,026,1,+999,9",,"4,99,0098,1","SYN035333   20112 3/009 55004 70066 91119",
"07173099999","1990-08-17T09:00:00","4","48.2","6.4333333","320.0","EPINAL DOGNEVILLE, FR","FM-12","99999","V020","190,1,N,0041,1","99999,9,9,N","999999,9,N,9","+0144,1","+0079,1","10238,1","06,0000,9,1",,,"4,000",,,,,,,"1,1,011,1,+999,9",,"4,99,0082,1","SYN011333   91116",
"07173099999","1990-08-17T12:00:00","4","48.2","6.4333333","320.0","EPINAL DOGNEVILLE, FR","FM-12","99999","V020","240,1,N,0051,1","99999,9,9,N","999999,9,N,9","+0173,1","+0056,1","10236,1","06,0000,9,1",,,"4,000",,,,,,,"1,1,001,1,+999,9",,"4,99,0088,1","SYN011333   91117",
"07173099999","1990-08-17T15:00:00","4","48.2","6.4333333","320.0","EPINAL DOGNEVILLE, FR","FM-12","99999","V020","260,1,N,0041,1","99999,9,9,N","999999,9,N,9","+0182,1","+0044,1","10231,1","06,0000,9,1",,,"4,000",,,,,,,"6,1,004,1,+999,9",,"4,99,0088,1","SYN011333   91117",
"07173099999","1990-08-17T18:00:00","4","48.2","6.4333333","320.0","EPINAL DOGNEVILLE, FR","FM-12","99999","V020","240,1,N,0021,1","99999,9,9,N","999999,9,N,9","+0168,1","+0060,1","10232,1","06,0000,9,1",,,"4,000",,,,"999,M,+0193,1",,,"5,1,000,1,+999,9",,"4,99,0088,1","SYN017333   10193 91117",
"07173099999","1990-08-17T21:00:00","4","48.2","6.4333333","320.0","EPINAL DOGNEVILLE, FR","FM-12","99999","V020","080,1,N,0010,1","99999,9,9,N","999999,9,N,9","+0098,1","+0076,1","10249,1","06,0000,9,1",,,"4,000",,,,,,,"1,1,008,1,+999,9",,"4,99,0031,1","SYN011333   91106",
"07173099999","1990-08-18T00:00:00","4","48.2","6.4333333","320.0","EPINAL DOGNEVILLE, FR","FM-12","99999","V020","999,1,C,0000,1","99999,9,9,N","999999,9,N,9","+0085,1","+0070,1","10245,1","06,0000,9,1",,,"4,000",,,,,,,"7,1,006,1,+999,9",,"4,99,0031,1","SYN011333   91106",
"07173099999","1990-08-18T03:00:00","4","48.2","6.4333333","320.0","EPINAL DOGNEVILLE, FR","FM-12","99999","V020","999,1,C,0000,1","99999,9,9,N","999999,9,N,9","+0069,1","+0058,1","10242,1","06,0000,9,1",,,"4,000",,,,,,,"6,1,006,1,+999,9",,"4,99,0021,1","SYN011333   91104",
"07173099999","1990-08-18T06:00:00","4","48.2","6.4333333","320.0","EPINAL DOGNEVILLE, FR","FM-12","99999","V020","999,1,C,0000,1","99999,9,9,N","999999,9,N,9","+0089,1","+0077,1","10233,1","06,0000,9,1",,,"4,000",,"0444,9","999,+0010,9","999,N,+0064,1",,,"6,1,005,1,+999,9",,"4,99,0021,1","SYN029333   20064 3/001 55074 91104",
"07173099999","1990-08-18T09:00:00","4","48.2","6.4333333","320.0","EPINAL DOGNEVILLE, FR","FM-12","99999","V020","190,1,N,0051,1","99999,9,9,N","999999,9,N,9","+0178,1","+0060,1","99999,9","06,0000,9,1",,,"4,000",,,,,,,"8,1,101,2,+999,9",,"4,99,0082,1","SYN011333   91116","Q01+091693APOSLPQ02+001012APC3  "
"07173099999","1990-08-18T12:00:00","4","48.2","6.4333333","320.0","EPINAL DOGNEVILLE, FR","FM-12","99999","V020","210,1,N,0062,1","99999,9,9,N","999999,9,N,9","+0202,1","+0058,1","10205,1","06,0000,9,1",,,"4,000",,,,,,,"3,1,101,2,+999,9",,"4,99,0108,1","SYN011333   91121","Q01+001012APC3  "
"07173099999","1990-08-18T15:00:00","4","48.2","6.4333333","320.0","EPINAL DOGNEVILLE, FR","FM-12","99999","V020","250,1,N,0031,1","99999,9,9,N","999999,9,N,9","+0186,1","+0099,1","10205,1","03,0002,9,1","99,0003,9,1",,"0,001","4,1,03,1",,,,,,"5,1,002,1,+999,9","21,1","4,99,0118,1","SYN017333   69927 91123",
"07173099999","1990-08-18T18:00:00","4","48.2","6.4333333","320.0","EPINAL DOGNEVILLE, FR","FM-12","99999","V020","200,1,N,0021,1","99999,9,9,N","999999,9,N,9","+0187,1","+0105,1","99999,9","99,0003,9,1",,,"0,000",,,,"999,M,+0210,1",,,"6,1,125,2,+999,9",,"4,99,0118,1","SYN017333   10210 91123","Q01+001252APC3  "
"07173099999","1990-08-18T21:00:00","4","48.2","6.4333333","320.0","EPINAL DOGNEVILLE, FR","FM-12","99999","V020","120,1,N,0010,1","99999,9,9,N","999999,9,N,9","+0161,1","+0111,1","99999,9","06,0000,9,1",,,"4,000",,,,,,,"4,1,000,1,+999,9",,"4,99,0051,1","SYN011333   91110",
"07173099999","1990-08-19T00:00:00","4","48.2","6.4333333","320.0","EPINAL DOGNEVILLE, FR","FM-12","99999","V020","210,1,N,0021,1","99999,9,9,N","999999,9,N,9","+0168,1","+0121,1","99999,9","06,0000,9,1",,,"4,000",,,,,,,"4,1,000,1,+999,9",,"4,99,0051,1","SYN011333   91110",
"07173099999","1990-08-19T03:00:00","4","48.2","6.4333333","320.0","EPINAL DOGNEVILLE, FR","FM-12","99999","V020","160,1,N,0010,1","99999,9,9,N","999999,9,N,9","+0135,1","+0119,1","99999,9","06,0000,9,1",,,"4,000",,,,,,,"4,1,000,1,+999,9",,"4,99,0051,1","SYN011333   91110",
"07173099999","1990-08-19T06:00:00","4","48.2","6.4333333","320.0","EPINAL DOGNEVILLE, FR","FM-12","99999","V020","999,1,C,0000,1","99999,9,9,N","999999,9,N,9","+0133,1","+0125,1","99999,9","06,0000,9,1","24,0002,9,1",,"4,000",,"0228,9","999,+0080,9","999,N,+0120,1",,,"4,1,000,1,+999,9",,"4,99,0051,1","SYN035333   20120 3/008 55038 70002 91110",
"07173099999","1990-08-19T09:00:00","4","48.2","6.4333333","320.0","EPINAL DOGNEVILLE, FR","FM-12","99999","V020","230,1,N,0021,1","99999,9,9,N","999999,9,N,9","+0203,1","+0140,1","99999,9","06,0000,9,1",,,"4,000",,,,,,,"4,1,000,1,+999,9",,"4,99,0051,1","SYN011333   91110",
"07173099999","1990-08-19T12:00:00","4","48.2","6.4333333","320.0","EPINAL DOGNEVILLE, FR","FM-12","99999","V020","190,1,N,0041,1","99999,9,9,N","999999,9,N,9","+0229,1","+0122,1","99999,9","06,0000,9,1",,,"4,000",,,,,,,"4,1,000,1,+999,9",,"4,99,0082,1","SYN011333   91116",
"07173099999","1990-08-19T15:00:00","4","48.2","6.4333333","320.0","EPINAL DOGNEVILLE, FR","FM-12","99999","V020","200,1,N,0041,1","99999,9,9,N","999999,9,N,9","+0246,1","+0122,1","99999,9","06,0000,9,1",,,"4,000",,,,,,,"4,1,000,1,+999,9",,"4,99,0082,1","SYN011333   91116",
"07173099999","1990-08-19T18:00:00","4","48.2","6.4333333","320.0","EPINAL DOGNEVILLE, FR","FM-12","99999","V020","070,1,N,0010,1","99999,9,9,N","999999,9,N,9","+0221,1","+0147,1","99999,9","06,0000,9,1",,,"4,000",,,,"999,M,+0250,1",,,"4,1,000,1,+999,9",,"4,99,0082,1","SYN017333   10250 91116",
"07173099999","1990-08-19T21:00:00","4","48.2","6.4333333","320.0","EPINAL DOGNEVILLE, FR","FM-12","99999","V020","080,1,N,0010,1","99999,9,9,N","999999,9,N,9","+0167,1","+0140,1","99999,9","06,0000,9,1",,,"4,000",,,,,,"99999,9,10000,1",,,"4,99,0021,1","SYN011333   91104",
"07173099999","1990-08-20T00:00:00","4","48.2","6.4333333","320.0","EPINAL DOGNEVILLE, FR","FM-12","99999","V020","160,1,N,0010,1","99999,9,9,N","999999,9,N,9","+0144,1","+0123,1","10156,1","06,0000,9,1",,,"4,000",,,,,,,,,"4,99,0021,1","SYN011333   91104",
"07173099999","1990-08-20T06:00:00","4","48.2","6.4333333","320.0","EPINAL DOGNEVILLE, FR","FM-12","99999","V020","170,1,N,0031,1","99999,9,9,N","999999,9,N,9","+0177,1","+0122,1","10151,1","06,0000,9,1",,,"4,000",,"0480,9","999,+0090,9","999,N,+0141,1",,,"3,1,004,1,+999,9",,"4,99,0051,1","SYN029333   20141 3/009 55080 91110",
"07173099999","1990-08-20T09:00:00","4","48.2","6.4333333","320.0","EPINAL DOGNEVILLE, FR","FM-12","99999","V020","220,1,N,0051,1","99999,9,9,N","999999,9,N,9","+0218,1","+0139,1","10156,1","06,0000,9,1",,,"4,000",,,,,,,"3,1,011,1,+999,9",,"4,99,0088,1","SYN011333   91117",
"07173099999","1990-08-20T12:00:00","4","48.2","6.4333333","320.0","EPINAL DOGNEVILLE, FR","FM-12","99999","V020","200,1,N,0051,1","99999,9,9,N","999999,9,N,9","+0222,1","+0138,1","10164,1","06,0000,9,1",,,"4,000",,,,,,,"3,1,008,1,+999,9",,"4,99,0108,1","SYN011333   91121",
"07173099999","1990-08-20T15:00:00","4","48.2","6.4333333","320.0","EPINAL DOGNEVILLE, FR","FM-12","99999","V020","260,1,N,0072,1","99999,9,9,N","999999,9,N,9","+0222,1","+0143,1","99999,9","06,0000,9,1",,,"4,000",,,,,,"99999,9,10000,1",,,"4,99,0108,1","SYN011333   91121",
"07173099999","1990-08-20T18:00:00","4","48.2","6.4333333","320.0","EPINAL DOGNEVILLE, FR","FM-12","99999","V020","260,1,N,0021,1","99999,9,9,N","999999,9,N,9","+0194,1","+0122,1","99999,9","06,0000,9,1",,,"4,000",,,,"999,M,+0235,1",,"99999,9,10000,1",,,"4,99,0108,1","SYN017333   10235 91121",
"07173099999","1990-08-20T21:00:00","4","48.2","6.4333333","320.0","EPINAL DOGNEVILLE, FR","FM-12","99999","V020","120,1,N,0010,1","99999,9,9,N","999999,9,N,9","+0132,1","+0113,1","99999,9","06,0000,9,1",,,"4,000",,,,,,"99999,9,10000,1",,,"4,99,0051,1","SYN011333   91110",
"07173099999","1990-08-21T09:00:00","4","48.2","6.4333333","320.0","EPINAL DOGNEVILLE, FR","FM-12","99999","V020","230,1,N,0051,1","99999,9,9,N","999999,9,N,9","+0144,1","+0110,1","10222,1","03,9999,2,9",,,"0,000",,,,,,,,,"4,99,0088,1","SYN017333   69907 91117",
"07173099999","1990-08-21T12:00:00","4","48.2","6.4333333","320.0","EPINAL DOGNEVILLE, FR","FM-12","99999","V020","240,1,N,0062,1","99999,9,9,N","999999,9,N,9","+0185,1","+0054,1","10222,1","06,9999,2,9",,,"0,000",,,,,,,"3,1,004,1,+999,9",,"4,99,0098,1","SYN011333   91119",
"07173099999","1990-08-21T15:00:00","4","48.2","6.4333333","320.0","EPINAL DOGNEVILLE, FR","FM-12","99999","V020","230,1,N,0051,1","99999,9,9,N","999999,9,N,9","+0198,1","+0031,1","10223,1","06,0000,9,1",,,"4,000",,,,,,,"2,1,002,1,+999,9",,"4,99,0108,1","SYN011333   91121",
"07173099999","1990-08-21T18:00:00","4","48.2","6.4333333","320.0","EPINAL DOGNEVILLE, FR","FM-12","99999","V020","260,1,N,0021,1","99999,9,9,N","999999,9,N,9","+0174,1","+0047,1","10229,1","99,9999,2,9",,,"0,000",,,,"999,M,+0203,1",,,"3,1,003,1,+999,9",,"4,99,0108,1","SYN017333   10203 91121",
"07173099999","1990-08-21T21:00:00","4","48.2","6.4333333","320.0","EPINAL DOGNEVILLE, FR","FM-12","99999","V020","999,1,C,0000,1","99999,9,9,N","999999,9,N,9","+0103,1","+0070,1","10250,1","06,0000,9,1",,,"4,000",,,,,,,"1,1,012,1,+999,9",,"4,99,0041,1","SYN011333   91108",
"07173099999","1990-08-22T00:00:00","4","48.2","6.4333333","320.0","EPINAL DOGNEVILLE, FR","FM-12","99999","V020","060,1,N,0010,1","99999,9,9,N","999999,9,N,9","+0075,1","+0061,1","10258,1","06,0000,9,1",,,"4,000",,,,,,,"1,1,003,1,+999,9",,"4,99,0041,1","SYN011333   91108",
"07173099999","1990-08-22T03:00:00","4","48.2","6.4333333","320.0","EPINAL DOGNEVILLE, FR","FM-12","99999","V020","100,1,N,0010,1","99999,9,9,N","999999,9,N,9","+0059,1","+0049,1","10260,1","03,0002,9,1","99,0003,9,1",,"0,000",,,,,,,"3,1,001,1,+999,9",,"4,99,0021,1","SYN017333   69927 91104",
"07173099999","1990-08-22T06:00:00","4","48.2","6.4333333","320.0","EPINAL DOGNEVILLE, FR","FM-12","99999","V020","999,1,C,0000,1","99999,9,9,N","999999,9,N,9","+0065,1","+0058,1","10267,1","24,0002,9,1",,,"0,000",,"0402,9","999,+0010,9","999,N,+0052,1",,,"3,1,007,1,+999,9",,"4,99,0021,1","SYN035333   20052 3/001 55067 70002 91104",
"07173099999","1990-08-22T09:00:00","4","48.2","6.4333333","320.0","EPINAL DOGNEVILLE, FR","FM-12","99999","V020","300,1,N,0021,1","99999,9,9,N","999999,9,N,9","+0141,1","+0091,1","10265,1","06,0000,9,1",,,"4,000",,,,,,,"1,1,008,1,+999,9",,"4,99,0041,1","SYN011333   91108",
"07173099999","1990-08-22T12:00:00","4","48.2","6.4333333","320.0","EPINAL DOGNEVILLE, FR","FM-12","99999","V020","320,1,N,0031,1","99999,9,9,N","999999,9,N,9","+0186,1","+0058,1","10253,1","06,0000,9,1",,,"4,000",,,,,,,"7,1,006,1,+999,9",,"4,99,0072,1","SYN011333   91114",
"07173099999","1990-08-22T15:00:00","4","48.2","6.4333333","320.0","EPINAL DOGNEVILLE, FR","FM-12","99999","V020","320,1,N,0041,1","99999,9,9,N","999999,9,N,9","+0201,1","+0054,1","10243,1","06,0000,9,1",,,"4,000",,,,,,,"8,1,008,1,+999,9",,"4,99,0088,1","SYN011333   91117",
"07173099999","1990-08-22T18:00:00","4","48.2","6.4333333","320.0","EPINAL DOGNEVILLE, FR","FM-12","99999","V020","010,1,N,0021,1","99999,9,9,N","999999,9,N,9","+0190,1","+0065,1","10244,1","06,0000,9,1",,,"4,000",,,,"999,M,+0205,1",,,"5,1,000,1,+999,9",,"4,99,0088,1","SYN017333   10205 91117",
"07173099999","1990-08-22T21:00:00","4","48.2","6.4333333","320.0","EPINAL DOGNEVILLE, FR","FM-12","99999","V020","999,1,C,0000,1","99999,9,9,N","999999,9,N,9","+0114,1","+0077,1","10260,1","06,0000,9,1",,,"4,000",,,,,,,"2,1,006,1,+999,9",,"4,99,0031,1","SYN011333   91106",
"07173099999","1990-08-23T00:00:00","4","48.2","6.4333333","320.0","EPINAL DOGNEVILLE, FR","FM-12","99999","V020","999,1,C,0000,1","99999,9,9,N","999999,9,N,9","+0084,1","+0069,1","10268,1","06,0000,9,1",,,"4,000",,,,,,,"1,1,004,1,+999,9",,"4,99,0031,1","SYN011333   91106",
"07173099999","1990-08-23T03:00:00","4","48.2","6.4333333","320.0","EPINAL DOGNEVILLE, FR","FM-12","99999","V020","999,1,C,0000,1","99999,9,9,N","999999,9,N,9","+0071,1","+0062,1","10269,1","06,0000,9,1",,,"4,000",,,,,,,"5,1,002,1,+999,9",,"4,99,0021,1","SYN011333   91104",
"07173099999","1990-08-23T06:00:00","4","48.2","6.4333333","320.0","EPINAL DOGNEVILLE, FR","FM-12","99999","V020","999,1,C,0000,1","99999,9,9,N","999999,9,N,9","+0084,1","+0075,1","10268,1","03,0002,9,1","24,0002,9,1","99,0003,9,1","0,000",,"0744,9","999,+0020,9","999,N,+0063,1",,,"3,1,002,1,+999,9",,"4,99,0021,1","SYN041333   20063 3/002 55124 69927 70002 91104",
"07173099999","1990-08-23T09:00:00","4","48.2","6.4333333","320.0","EPINAL DOGNEVILLE, FR","FM-12","99999","V020","360,1,N,0031,1","99999,9,9,N","999999,9,N,9","+0201,1","+0078,1","10249,1","06,0000,9,1",,,"4,000",,,,,,,"8,1,003,1,+999,9",,"4,99,0082,1","SYN011333   91116",
"07173099999","1990-08-23T12:00:00","4","48.2","6.4333333","320.0","EPINAL DOGNEVILLE, FR","FM-12","99999","V020","360,1,N,0041,1","99999,9,9,N","999999,9,N,9","+0242,1","+0055,1","10232,1","06,0000,9,1",,,"4,000",,,,,,,"8,1,012,1,+999,9",,"4,99,0088,1","SYN011333   91117",
"07173099999","1990-08-23T15:00:00","4","48.2","6.4333333","320.0","EPINAL DOGNEVILLE, FR","FM-12","99999","V020","350,1,N,0041,1","99999,9,9,N","999999,9,N,9","+0268,1","+0033,1","10209,1","06,0000,9,1",,,"4,000",,,,,,,"6,1,019,1,+999,9",,"4,99,0098,1","SYN011333   91119",
"07173099999","1990-08-23T18:00:00","4","48.2","6.4333333","320.0","EPINAL DOGNEVILLE, FR","FM-12","99999","V020","360,1,N,0021,1","99999,9,9,N","999999,9,N,9","+0242,1","+0040,1","10204,1","06,0000,9,1",,,"4,000",,,,"999,M,+0270,1",,,"6,1,008,1,+999,9",,"4,99,0098,1","SYN017333   10270 91119",
"07173099999","1990-08-23T21:00:00","4","48.2","6.4333333","320.0","EPINAL DOGNEVILLE, FR","FM-12","99999","V020","999,1,C,0000,1","99999,9,9,N","999999,9,N,9","+0156,1","+0093,1","10221,1","06,0000,9,1",,,"4,000",,,,,,,"1,1,006,1,+999,9",,"4,99,0041,1","SYN011333   91108",
"07173099999","1990-08-24T00:00:00","4","48.2","6.4333333","320.0","EPINAL DOGNEVILLE, FR","FM-12","99999","V020","999,1,C,0000,1","99999,9,9,N","999999,9,N,9","+0111,1","+0087,1","10222,1","06,0000,9,1",,,"4,000",,,,,,,"7,1,004,1,+999,9",,"4,99,0041,1","SYN011333   91108",
"07173099999","1990-08-24T03:00:00","4","48.2","6.4333333","320.0","EPINAL DOGNEVILLE, FR","FM-12","99999","V020","999,1,C,0000,1","99999,9,9,N","999999,9,N,9","+0092,1","+0081,1","10219,1","06,0000,9,1",,,"4,000",,,,,,,"6,1,006,1,+999,9",,"4,99,0021,1","SYN011333   91104",
"07173099999","1990-08-24T06:00:00","4","48.2","6.4333333","320.0","EPINAL DOGNEVILLE, FR","FM-12","99999","V020","999,1,C,0000,1","99999,9,9,N","999999,9,N,9","+0103,1","+0095,1","10218,1","06,0000,9,1",,,"4,000",,"0768,9","999,+0030,9","999,N,+0085,1",,,"0,1,001,1,+999,9",,"4,99,0021,1","SYN029333   20085 3/003 55128 91104",
"07173099999","1990-08-24T09:00:00","4","48.2","6.4333333","320.0","EPINAL DOGNEVILLE, FR","FM-12","99999","V020","160,1,N,0051,1","99999,9,9,N","999999,9,N,9","+0251,1","+0068,1","10193,1","06,0000,9,1",,,"4,000",,,,,,,"7,1,007,1,+999,9",,"4,99,0082,1","SYN011333   91116",
"07173099999","1990-08-24T12:00:00","4","48.2","6.4333333","320.0","EPINAL DOGNEVILLE, FR","FM-12","99999","V020","170,1,N,0051,1","99999,9,9,N","999999,9,N,9","+0271,1","+0076,1","10178,1","06,0000,9,1",,,"4,000",,,,,,,"8,1,012,1,+999,9",,"4,99,0118,1","SYN011333   91123",
"07173099999","1990-08-24T15:00:00","4","48.2","6.4333333","320.0","EPINAL DOGNEVILLE, FR","FM-12","99999","V020","150,1,N,0051,1","99999,9,9,N","999999,9,N,9","+0295,1","+0056,1","10165,1","06,0000,9,1",,,"4,000",,,,,,,"6,1,009,1,+999,9",,"4,99,0082,1","SYN011333   91116",
"07173099999","1990-08-24T18:00:00","4","48.2","6.4333333","320.0","EPINAL DOGNEVILLE, FR","FM-12","99999","V020","110,1,N,0010,1","99999,9,9,N","999999,9,N,9","+0268,1","+0109,1","10154,1","06,0000,9,1",,,"4,000",,,,"999,M,+0300,1",,,"6,1,014,1,+999,9",,"4,99,0082,1","SYN017333   10300 91116",
"07173099999","1990-08-24T21:00:00","4","48.2","6.4333333","320.0","EPINAL DOGNEVILLE, FR","FM-12","99999","V020","999,1,C,0000,1","99999,9,9,N","999999,9,N,9","+0176,1","+0121,1","10174,1","06,0000,9,1",,,"4,000",,,,,,,"3,1,008,1,+999,9",,"4,99,0021,1","SYN011333   91104",
"07173099999","1990-08-25T00:00:00","4","48.2","6.4333333","320.0","EPINAL DOGNEVILLE, FR","FM-12","99999","V020","110,1,N,0010,1","99999,9,9,N","999999,9,N,9","+0156,1","+0118,1","10172,1","06,0000,9,1",,,"4,000",,,,,,,"8,1,004,1,+999,9",,"4,99,0021,1","SYN011333   91104",
"07173099999","1990-08-25T03:00:00","4","48.2","6.4333333","320.0","EPINAL DOGNEVILLE, FR","FM-12","99999","V020","190,1,N,0031,1","99999,9,9,N","999999,9,N,9","+0184,1","+0115,1","10170,1","06,0000,9,1",,,"4,000",,,,,,,"3,1,002,1,+999,9",,"4,99,0062,1","SYN011333   91112",
"07173099999","1990-08-25T06:00:00","4","48.2","6.4333333","320.0","EPINAL DOGNEVILLE, FR","FM-12","99999","V020","160,1,N,0021,1","99999,9,9,N","999999,9,N,9","+0175,1","+0124,1","10179,1","06,0000,9,1",,,"4,000",,"0606,9","999,+0100,9","999,N,+0149,1",,,"1,1,007,1,+999,9",,"4,99,0062,1","SYN029333   20149 3/010 55101 91112",
"07173099999","1990-08-25T09:00:00","4","48.2","6.4333333","320.0","EPINAL DOGNEVILLE, FR","FM-12","99999","V020","190,1,N,0031,1","99999,9,9,N","999999,9,N,9","+0208,1","+0137,1","10184,1","06,0000,9,1",,,"4,000",,,,,,,"1,1,010,1,+999,9",,"4,99,0051,1","SYN011333   91110",
"07173099999","1990-08-25T12:00:00","4","48.2","6.4333333","320.0","EPINAL DOGNEVILLE, FR","FM-12","99999","V020","180,1,N,0041,1","99999,9,9,N","999999,9,N,9","+0204,1","+0150,1","10182,1","06,0000,9,1",,,"4,000",,,,,,,"6,1,002,1,+999,9",,"4,99,0062,1","SYN011333   91112",
"07173099999","1990-08-25T15:00:00","4","48.2","6.4333333","320.0","EPINAL DOGNEVILLE, FR","FM-12","99999","V020","140,1,N,0031,1","99999,9,9,N","999999,9,N,9","+0206,1","+0145,1","10176,1","06,0000,9,1",,,"4,000",,,,,,,"8,1,006,1,+999,9",,"4,99,0082,1","SYN011333   91116",
"07173099999","1990-08-25T18:00:00","4","48.2","6.4333333","320.0","EPINAL DOGNEVILLE, FR","FM-12","99999","V020","190,1,N,0010,1","99999,9,9,N","999999,9,N,9","+0198,1","+0146,1","10179,1","06,0000,9,1",,,"4,000",,,,"999,M,+0216,1",,,"3,1,002,1,+999,9",,"4,99,0082,1","SYN017333   10216 91116",
"07173099999","1990-08-25T21:00:00","4","48.2","6.4333333","320.0","EPINAL DOGNEVILLE, FR","FM-12","99999","V020","120,1,N,0010,1","99999,9,9,N","999999,9,N,9","+0172,1","+0148,1","10185,1","06,0000,9,1",,,"4,000",,,,,,,"3,1,002,1,+999,9",,"4,99,0031,1","SYN011333   91106",
"07173099999","1990-08-26T00:00:00","4","48.2","6.4333333","320.0","EPINAL DOGNEVILLE, FR","FM-12","99999","V020","090,1,N,0010,1","99999,9,9,N","999999,9,N,9","+0167,1","+0149,1","10179,1","06,0000,9,1",,,"4,000",,,,,,,"7,1,006,1,+999,9",,"4,99,0031,1","SYN011333   91106",
"07173099999","1990-08-26T03:00:00","4","48.2","6.4333333","320.0","EPINAL DOGNEVILLE, FR","FM-12","99999","V020","110,1,N,0010,1","99999,9,9,N","999999,9,N,9","+0168,1","+0158,1","10175,1","03,0020,9,1",,,"0,000",,,,,,,"6,1,004,1,+999,9",,"4,99,0051,1","SYN017333   60027 91110",
"07173099999","1990-08-26T06:00:00","4","48.2","6.4333333","320.0","EPINAL DOGNEVILLE, FR","FM-12","99999","V020","999,1,C,0000,1","99999,9,9,N","999999,9,N,9","+0165,1","+0159,1","10174,1","24,0024,9,1",,,"0,000",,"0018,9","999,+0150,9","999,N,+0165,1",,,"5,1,001,1,+999,9",,"4,99,0051,1","SYN035333   20165 3/015 55003 70024 91110",
"07173099999","1990-08-26T09:00:00","4","48.2","6.4333333","320.0","EPINAL DOGNEVILLE, FR","FM-12","99999","V020","170,1,N,0010,1","99999,9,9,N","999999,9,N,9","+0185,1","+0168,1","10177,1","06,0000,9,1",,,"4,000",,,,,,,"3,1,005,1,+999,9",,"4,99,0021,1","SYN011333   91104",
"07173099999","1990-08-26T12:00:00","4","48.2","6.4333333","320.0","EPINAL DOGNEVILLE, FR","FM-12","99999","V020","320,1,N,0021,1","99999,9,9,N","999999,9,N,9","+0218,1","+0159,1","10167,1","06,0000,9,1",,,"4,000",,,,,,,"8,1,005,1,+999,9",,"4,99,0041,1","SYN011333   91108",
"07173099999","1990-08-26T15:00:00","4","48.2","6.4333333","320.0","EPINAL DOGNEVILLE, FR","FM-12","99999","V020","020,1,N,0021,1","99999,9,9,N","999999,9,N,9","+0227,1","+0165,1","10159,1","06,0000,9,1",,,"4,000",,,,,,,"7,1,007,1,+999,9",,"4,99,0051,1","SYN011333   91110",
"07173099999","1990-08-26T18:00:00","4","48.2","6.4333333","320.0","EPINAL DOGNEVILLE, FR","FM-12","99999","V020","070,1,N,0010,1","99999,9,9,N","999999,9,N,9","+0174,1","+0159,1","10169,1","06,0000,9,1",,,"4,000",,,,"999,M,+0229,1",,,"1,1,003,1,+999,9",,"4,99,0072,1","SYN017333   10229 91114",
"07173099999","1990-08-26T21:00:00","4","48.2","6.4333333","320.0","EPINAL DOGNEVILLE, FR","FM-12","99999","V020","100,1,N,0010,1","99999,9,9,N","999999,9,N,9","+0155,1","+0149,1","10177,1","06,0000,9,1",,,"4,000",,,,,,,"1,1,005,1,+999,9",,"4,99,0021,1","SYN011333   91104",
"07173099999","1990-08-27T00:00:00","4","48.2","6.4333333","320.0","EPINAL DOGNEVILLE, FR","FM-12","99999","V020","999,1,C,0000,1","99999,9,9,N","999999,9,N,9","+0147,1","+0145,1","10173,1","06,0000,9,1",,,"4,000",,,,,,,"8,1,004,1,+999,9",,"4,99,0021,1","SYN011333   91104",
"07173099999","1990-08-27T03:00:00","4","48.2","6.4333333","320.0","EPINAL DOGNEVILLE, FR","FM-12","99999","V020","999,1,C,0000,1","99999,9,9,N","999999,9,N,9","+0143,1","+0141,1","10177,1","03,0002,9,1","99,0003,9,1",,"0,000",,,,,,,"1,1,003,1,+999,9",,"4,99,0021,1","SYN017333   69927 91104",
"07173099999","1990-08-27T06:00:00","4","48.2","6.4333333","320.0","EPINAL DOGNEVILLE, FR","FM-12","99999","V020","080,1,N,0010,1","99999,9,9,N","999999,9,N,9","+0138,1","+0138,1","10179,1","06,0000,9,1",,,"4,000",,"0018,9","999,+0120,9","999,N,+0133,1",,,"3,1,001,1,+999,9",,"4,99,0031,1","SYN029333   20133 3/012 55003 91106",
"07173099999","1990-08-27T09:00:00","4","48.2","6.4333333","320.0","EPINAL DOGNEVILLE, FR","FM-12","99999","V020","999,1,C,0000,1","99999,9,9,N","999999,9,N,9","+0162,1","+0159,1","10179,1","06,0000,9,1",,,"4,000",,,,,,,"3,1,003,1,+999,9",,"4,99,0021,1","SYN011333   91104",
"07173099999","1990-08-27T12:00:00","4","48.2","6.4333333","320.0","EPINAL DOGNEVILLE, FR","FM-12","99999","V020","320,1,N,0021,1","99999,9,9,N","999999,9,N,9","+0233,1","+0166,1","10162,1","06,0000,9,1",,,"4,000",,,,,,,"8,1,007,1,+999,9",,"4,99,0062,1","SYN011333   91112",
"07173099999","1990-08-27T15:00:00","4","48.2","6.4333333","320.0","EPINAL DOGNEVILLE, FR","FM-12","99999","V020","360,1,N,0010,1","99999,9,9,N","999999,9,N,9","+0244,1","+0151,1","10156,1","06,0000,9,1",,,"4,000",,,,,,,"8,1,005,1,+999,9",,"4,99,0062,1","SYN011333   91112",
"07173099999","1990-08-27T18:00:00","4","48.2","6.4333333","320.0","EPINAL DOGNEVILLE, FR","FM-12","99999","V020","130,1,N,0010,1","99999,9,9,N","999999,9,N,9","+0219,1","+0160,1","10159,1","06,0000,9,1",,,"4,000",,,,"999,M,+0250,1",,,"5,1,000,1,+999,9",,"4,99,0062,1","SYN017333   10250 91112",
"07173099999","1990-08-27T21:00:00","4","48.2","6.4333333","320.0","EPINAL DOGNEVILLE, FR","FM-12","99999","V020","100,1,N,0010,1","99999,9,9,N","999999,9,N,9","+0172,1","+0154,1","10179,1","06,0000,9,1",,,"4,000",,,,,,,"1,1,013,1,+999,9",,"4,99,0021,1","SYN011333   91104",
"07173099999","1990-08-28T00:00:00","4","48.2","6.4333333","320.0","EPINAL DOGNEVILLE, FR","FM-12","99999","V020","999,1,C,0000,1","99999,9,9,N","999999,9,N,9","+0151,1","+0145,1","10181,1","06,0000,9,1",,,"4,000",,,,,,,"5,1,001,1,+999,9",,"4,99,0021,1","SYN011333   91104",
"07173099999","1990-08-28T03:00:00","4","48.2","6.4333333","320.0","EPINAL DOGNEVILLE, FR","FM-12","99999","V020","999,1,C,0000,1","99999,9,9,N","999999,9,N,9","+0134,1","+0129,1","10182,1","06,0000,9,1",,,"4,000",,,,,,,"8,1,001,1,+999,9",,"4,99,0021,1","SYN011333   91104",
"07173099999","1990-08-28T06:00:00","4","48.2","6.4333333","320.0","EPINAL DOGNEVILLE, FR","FM-12","99999","V020","999,1,C,0000,1","99999,9,9,N","999999,9,N,9","+0137,1","+0135,1","10188,1","03,0002,9,1","24,0002,9,1","99,0003,9,1","0,001","4,1,06,1","0216,9","999,+0090,9","999,N,+0128,1",,,"3,1,006,1,+999,9","21,1","4,99,0021,1","SYN041333   20128 3/009 55036 69927 70002 91104",
"07173099999","1990-08-28T09:00:00","4","48.2","6.4333333","320.0","EPINAL DOGNEVILLE, FR","FM-12","99999","V020","290,1,N,0010,1","99999,9,9,N","999999,9,N,9","+0217,1","+0169,1","10180,1","06,0000,9,1",,,"4,000",,,,,,,"0,1,004,1,+999,9",,"4,99,0031,1","SYN011333   91106",
"07173099999","1990-08-28T12:00:00","4","48.2","6.4333333","320.0","EPINAL DOGNEVILLE, FR","FM-12","99999","V020","340,1,N,0031,1","99999,9,9,N","999999,9,N,9","+0258,1","+0152,1","10172,1","06,0000,9,1",,,"4,000",,,,,,,"6,1,004,1,+999,9",,"4,99,0062,1","SYN011333   91112",
"07173099999","1990-08-28T15:00:00","4","48.2","6.4333333","320.0","EPINAL DOGNEVILLE, FR","FM-12","99999","V020","010,1,N,0021,1","99999,9,9,N","999999,9,N,9","+0266,1","+0147,1","10162,1","06,0000,9,1",,,"4,000",,,,,,,"6,1,009,1,+999,9",,"4,99,0082,1","SYN011333   91116",
"07173099999","1990-08-28T18:00:00","4","48.2","6.4333333","320.0","EPINAL DOGNEVILLE, FR","FM-12","99999","V020","140,1,N,0010,1","99999,9,9,N","999999,9,N,9","+0236,1","+0156,1","10161,1","06,0000,9,1",,,"4,000",,,,"999,M,+0271,1",,,"8,1,004,1,+999,9",,"4,99,0082,1","SYN017333   10271 91116",
"07173099999","1990-08-28T21:00:00","4","48.2","6.4333333","320.0","EPINAL DOGNEVILLE, FR","FM-12","99999","V020","999,1,C,0000,1","99999,9,9,N","999999,9,N,9","+0172,1","+0154,1","10183,1","06,0000,9,1",,,"4,000",,,,,,,"1,1,013,1,+999,9",,"4,99,0031,1","SYN011333   91106",
"07173099999","1990-08-29T00:00:00","4","48.2","6.4333333","320.0","EPINAL DOGNEVILLE, FR","FM-12","99999","V020","999,1,C,0000,1","99999,9,9,N","999999,9,N,9","+0151,1","+0145,1","10180,1","06,0000,9,1",,,"4,000",,,,,,,"8,1,006,1,+999,9",,"4,99,0031,1","SYN011333   91106",
"07173099999","1990-08-29T03:00:00","4","48.2","6.4333333","320.0","EPINAL DOGNEVILLE, FR","FM-12","99999","V020","999,1,C,0000,1","99999,9,9,N","999999,9,N,9","+0136,1","+0131,1","10173,1","06,0000,9,1",,,"4,000",,,,,,,"8,1,008,1,+999,9",,"4,99,0021,1","SYN011333   91104",
"07173099999","1990-08-29T06:00:00","4","48.2","6.4333333","320.0","EPINAL DOGNEVILLE, FR","FM-12","99999","V020","999,1,C,0000,1","99999,9,9,N","999999,9,N,9","+0143,1","+0140,1","10177,1","06,0000,9,1",,,"4,000",,"0546,9","999,+0090,9","999,N,+0131,1",,,"3,1,005,1,+999,9",,"4,99,0021,1","SYN029333   20131 3/009 55091 91104",
"07173099999","1990-08-29T09:00:00","4","48.2","6.4333333","320.0","EPINAL DOGNEVILLE, FR","FM-12","99999","V020","180,1,N,0021,1","99999,9,9,N","999999,9,N,9","+0235,1","+0158,1","10169,1","06,0000,9,1",,,"4,000",,,,,,,"3,1,004,1,+999,9",,"4,99,0072,1","SYN011333   91114",
"07173099999","1990-08-29T12:00:00","4","48.2","6.4333333","320.0","EPINAL DOGNEVILLE, FR","FM-12","99999","V020","160,1,N,0041,1","99999,9,9,N","999999,9,N,9","+0269,1","+0140,1","10150,1","06,0000,9,1",,,"4,000",,,,,,,"8,1,015,1,+999,9",,"4,99,0088,1","SYN011333   91117",
"07173099999","1990-08-29T15:00:00","4","48.2","6.4333333","320.0","EPINAL DOGNEVILLE, FR","FM-12","99999","V020","170,1,N,0051,1","99999,9,9,N","999999,9,N,9","+0283,1","+0122,1","10130,1","06,0000,9,1",,,"4,000",,,,,,,"6,1,018,1,+999,9",,"4,99,0088,1","SYN011333   91117",
"07173099999","1990-08-29T18:00:00","4","48.2","6.4333333","320.0","EPINAL DOGNEVILLE, FR","FM-12","99999","V020","080,1,N,0010,1","99999,9,9,N","999999,9,N,9","+0235,1","+0148,1","10128,1","06,0000,9,1",,,"4,000",,,,"999,M,+0286,1",,,"6,1,007,1,+999,9",,"4,99,0088,1","SYN017333   10286 91117",
"07173099999","1990-08-29T21:00:00","4","48.2","6.4333333","320.0","EPINAL DOGNEVILLE, FR","FM-12","99999","V020","999,1,C,0000,1","99999,9,9,N","999999,9,N,9","+0175,1","+0142,1","10147,1","06,0000,9,1",,,"4,000",,,,,,,"1,1,010,1,+999,9",,"4,99,0021,1","SYN011333   91104",
"07173099999","1990-08-30T00:00:00","4","48.2","6.4333333","320.0","EPINAL DOGNEVILLE, FR","FM-12","99999","V020","150,1,N,0010,1","99999,9,9,N","999999,9,N,9","+0171,1","+0134,1","10143,1","06,0000,9,1",,,"4,000",,,,,,,"7,1,004,1,+999,9",,"4,99,0031,1","SYN011333   91106",
"07173099999","1990-08-30T03:00:00","4","48.2","6.4333333","320.0","EPINAL DOGNEVILLE, FR","FM-12","99999","V020","150,1,N,0031,1","99999,9,9,N","999999,9,N,9","+0202,1","+0117,1","10133,1","06,0000,9,1",,,"4,000",,,,,,,"6,1,006,1,+999,9",,"4,99,0072,1","SYN011333   91114",
"07173099999","1990-08-30T06:00:00","4","48.2","6.4333333","320.0","EPINAL DOGNEVILLE, FR","FM-12","99999","V020","140,1,N,0031,1","99999,9,9,N","999999,9,N,9","+0205,1","+0122,1","10136,1","06,0000,9,1",,,"4,000",,"0594,9","999,+0110,9","999,N,+0165,1",,,"3,1,004,1,+999,9",,"4,99,0082,1","SYN029333   20165 3/011 55099 91116",
"07173099999","1990-08-30T09:00:00","4","48.2","6.4333333","320.0","EPINAL DOGNEVILLE, FR","FM-12","99999","V020","210,1,N,0031,1","99999,9,9,N","999999,9,N,9","+0193,1","+0154,1","10169,1","03,0010,9,1",,,"0,000","4,1,03,1",,,,,,"1,1,030,1,+999,9","41,1","4,99,0108,1","SYN017333   60017 91121",
"07173099999","1990-08-30T12:00:00","4","48.2","6.4333333","320.0","EPINAL DOGNEVILLE, FR","FM-12","99999","V020","170,1,N,0021,1","99999,9,9,N","999999,9,N,9","+0203,1","+0153,1","10155,1","03,0010,9,1","06,0010,9,1",,"0,001","4,1,06,1",,,,,,"6,1,012,1,+999,9","21,1","4,99,0108,1","SYN017333   60017 91121",
"07173099999","1990-08-30T15:00:00","4","48.2","6.4333333","320.0","EPINAL DOGNEVILLE, FR","FM-12","99999","V020","210,1,N,0031,1","99999,9,9,N","999999,9,N,9","+0204,1","+0168,1","10146,1","06,0000,9,1",,,"4,000",,,,,,,"5,1,008,1,+999,9",,"4,99,0072,1","SYN011333   91114",
"07173099999","1990-08-30T18:00:00","4","48.2","6.4333333","320.0","EPINAL DOGNEVILLE, FR","FM-12","99999","V020","999,1,C,0000,1","99999,9,9,N","999999,9,N,9","+0191,1","+0160,1","10147,1","99,0030,9,1",,,"0,000",,,,"999,M,+0218,1",,,"5,1,001,1,+999,9",,"4,99,0072,1","SYN017333   10218 91114",
"07173099999","1990-08-30T21:00:00","4","48.2","6.4333333","320.0","EPINAL DOGNEVILLE, FR","FM-12","99999","V020","330,1,N,0021,1","99999,9,9,N","999999,9,N,9","+0174,1","+0156,1","10149,1","06,0000,9,1",,,"4,000",,,,,,,"0,1,000,1,+999,9",,"4,99,0072,1","SYN011333   91114",
"07173099999","1990-08-31T00:00:00","4","48.2","6.4333333","320.0","EPINAL DOGNEVILLE, FR","FM-12","99999","V020","300,1,N,0031,1","99999,9,9,N","999999,9,N,9","+0159,1","+0153,1","10137,1","03,0040,9,1","06,0040,9,1",,"0,000","4,1,06,1",,,,,,"8,1,014,1,+999,9","41,1","4,99,0072,1","SYN017333   60047 91114",
"07173099999","1990-08-31T06:00:00","4","48.2","6.4333333","320.0","EPINAL DOGNEVILLE, FR","FM-12","99999","V020","220,1,N,0041,1","99999,9,9,N","999999,9,N,9","+0122,1","+0111,1","10145,1","03,0110,9,1","24,0248,9,1",,"0,000","4,1,06,1","0066,9","999,+0120,9","999,N,+0122,1",,,"3,1,017,1,+999,9","41,1","4,99,0098,1","SYN041333   20122 3/012 55011 60117 70248 91119",
"07173099999","1990-08-31T12:00:00","4","48.2","6.4333333","320.0","EPINAL DOGNEVILLE, FR","FM-12","99999","V020","200,1,N,0051,1","99999,9,9,N","999999,9,N,9","+0116,1","+0098,1","10184,1","03,0002,9,1","06,0003,9,1",,"0,000",,,,,,,"1,1,006,1,+999,9",,"4,99,0098,1","SYN017333   69927 91119",
"07173099999","1990-08-31T15:00:00","4","48.2","6.4333333","320.0","EPINAL DOGNEVILLE, FR","FM-12","99999","V020","200,1,N,0031,1","99999,9,9,N","999999,9,N,9","+0123,1","+0099,1","10187,1","06,0000,9,1",,,"4,000",,,,,,,"3,1,003,1,+999,9",,"4,99,0072,1","SYN011333   91114",
"07173099999","1990-08-31T18:00:00","4","48.2","6.4333333","320.0","EPINAL DOGNEVILLE, FR","FM-12","99999","V020","160,1,N,0021,1","99999,9,9,N","999999,9,N,9","+0113,1","+0096,1","10188,1","99,0010,9,1",,,"0,000",,,,"999,M,+0125,1",,,"0,1,000,1,+999,9",,"4,99,0072,1","SYN017333   10125 91114",
"07173099999","1990-08-31T21:00:00","4","48.2","6.4333333","320.0","EPINAL DOGNEVILLE, FR","FM-12","99999","V020","170,1,N,0021,1","99999,9,9,N","999999,9,N,9","+0111,1","+0098,1","10198,1","03,0002,9,1","99,0003,9,1",,"0,001","4,1,03,1",,,,,,"0,1,009,1,+999,9","21,1","4,99,0051,1","SYN017333   69927 91110",
"07173099999","1990-09-01T00:00:00","4","48.2","6.4333333","320.0","EPINAL DOGNEVILLE, FR","FM-12","99999","V020","180,1,N,0010,1","99999,9,9,N","999999,9,N,9","+0108,1","+0094,1","10192,1","06,0003,9,1",,,"0,000",,,,,,,"8,1,006,1,+999,9",,"4,99,0051,1","SYN011333   91110",
"07173099999","1990-09-01T03:00:00","4","48.2","6.4333333","320.0","EPINAL DOGNEVILLE, FR","FM-12","99999","V020","999,1,C,0000,1","99999,9,9,N","999999,9,N,9","+0097,1","+0088,1","10189,1","06,0000,9,1",,,"4,000",,,,,,,"6,1,004,1,+999,9",,"4,99,0041,1","SYN011333   91108",
"07173099999","1990-09-01T06:00:00","4","48.2","6.4333333","320.0","EPINAL DOGNEVILLE, FR","FM-12","99999","V020","999,1,C,0000,1","99999,9,9,N","999999,9,N,9","+0095,1","+0089,1","10196,1","24,0012,9,1","99,0003,9,1",,"0,000",,"0000,9","999,+0050,9","999,N,+0090,1",,,"3,1,006,1,+999,9",,"4,99,0041,1","SYN035333   20090 3/005 55000 70012 91108",
"07173099999","1990-09-01T09:00:00","4","48.2","6.4333333","320.0","EPINAL DOGNEVILLE, FR","FM-12","99999","V020","210,1,N,0010,1","99999,9,9,N","999999,9,N,9","+0141,1","+0087,1","10197,1","06,0000,9,1",,,"4,000",,,,,,,"1,1,007,1,+999,9",,"4,99,0041,1","SYN011333   91108",
"07173099999","1990-09-01T12:00:00","4","48.2","6.4333333","320.0","EPINAL DOGNEVILLE, FR","FM-12","99999","V020","260,1,N,0010,1","99999,9,9,N","999999,9,N,9","+0172,1","+0070,1","10192,1","06,0000,9,1",,,"4,000",,,,,,,"8,1,001,1,+999,9",,"4,99,0051,1","SYN011333   91110",
"07173099999","1990-09-01T15:00:00","4","48.2","6.4333333","320.0","EPINAL DOGNEVILLE, FR","FM-12","99999","V020","270,1,N,0031,1","99999,9,9,N","999999,9,N,9","+0169,1","+0081,1","10192,1","06,0000,9,1",,,"4,000",,,,,,,"5,1,000,1,+999,9",,"4,99,0062,1","SYN011333   91112",
"07173099999","1990-09-01T18:00:00","4","48.2","6.4333333","320.0","EPINAL DOGNEVILLE, FR","FM-12","99999","V020","999,1,C,0000,1","99999,9,9,N","999999,9,N,9","+0156,1","+0099,1","10205,1","06,0000,9,1",,,"4,000",,,,"999,M,+0179,1",,,"2,1,011,1,+999,9",,"4,99,0062,1","SYN017333   10179 91112",
"07173099999","1990-09-01T21:00:00","4","48.2","6.4333333","320.0","EPINAL DOGNEVILLE, FR","FM-12","99999","V020","070,1,N,0010,1","99999,9,9,N","999999,9,N,9","+0104,1","+0093,1","10223,1","06,0000,9,1",,,"4,000",,,,,,,"1,1,010,1,+999,9",,"4,99,0021,1","SYN011333   91104",
"07173099999","1990-09-02T00:00:00","4","48.2","6.4333333","320.0","EPINAL DOGNEVILLE, FR","FM-12","99999","V020","090,1,N,0010,1","99999,9,9,N","999999,9,N,9","+0083,1","+0077,1","10230,1","06,0000,9,1",,,"4,000",,,,,,,"1,1,004,1,+999,9",,"4,99,0021,1","SYN011333   91104",
"07173099999","1990-09-02T03:00:00","4","48.2","6.4333333","320.0","EPINAL DOGNEVILLE, FR","FM-12","99999","V020","090,1,N,0010,1","99999,9,9,N","999999,9,N,9","+0070,1","+0064,1","10233,1","03,0002,9,1","99,0003,9,1",,"0,000","4,1,03,1",,,,,,"2,1,001,1,+999,9","21,1","4,99,0021,1","SYN017333   69927 91104",
"07173099999","1990-09-02T06:00:00","4","48.2","6.4333333","320.0","EPINAL DOGNEVILLE, FR","FM-12","99999","V020","999,1,C,0000,1","99999,9,9,N","999999,9,N,9","+0071,1","+0067,1","10237,1","06,0000,9,1",,,"4,000",,"0312,9","999,+0010,9","999,N,+0061,1",,,"3,1,004,1,+999,9",,"4,99,0021,1","SYN029333   20061 3/001 55052 91104",
"07173099999","1990-09-02T09:00:00","4","48.2","6.4333333","320.0","EPINAL DOGNEVILLE, FR","FM-12","99999","V020","330,1,N,0010,1","99999,9,9,N","999999,9,N,9","+0157,1","+0121,1","10227,1","06,0000,9,1",,,"4,000",,,,,,,"0,1,002,1,+999,9",,"4,99,0031,1","SYN011333   91106",
"07173099999","1990-09-02T12:00:00","4","48.2","6.4333333","320.0","EPINAL DOGNEVILLE, FR","FM-12","99999","V020","320,1,N,0031,1","99999,9,9,N","999999,9,N,9","+0192,1","+0107,1","10216,1","06,0000,9,1",,,"4,000",,,,,,,"8,1,006,1,+999,9",,"4,99,0051,1","SYN011333   91110",
"07173099999","1990-09-02T15:00:00","4","48.2","6.4333333","320.0","EPINAL DOGNEVILLE, FR","FM-12","99999","V020","300,1,N,0031,1","99999,9,9,N","999999,9,N,9","+0212,1","+0104,1","10205,1","06,0000,9,1",,,"4,000",,,,,,,"8,1,008,1,+999,9",,"4,99,0072,1","SYN011333   91114",
"07173099999","1990-09-02T18:00:00","4","48.2","6.4333333","320.0","EPINAL DOGNEVILLE, FR","FM-12","99999","V020","030,1,N,0010,1","99999,9,9,N","999999,9,N,9","+0184,1","+0122,1","10205,1","06,0000,9,1",,,"4,000",,,,"999,M,+0213,1",,,"6,1,004,1,+999,9",,"4,99,0072,1","SYN017333   10213 91114",
"07173099999","1990-09-02T21:00:00","4","48.2","6.4333333","320.0","EPINAL DOGNEVILLE, FR","FM-12","99999","V020","999,1,C,0000,1","99999,9,9,N","999999,9,N,9","+0155,1","+0128,1","10211,1","06,0000,9,1",,,"4,000",,,,,,,"1,1,003,1,+999,9",,"4,99,0021,1","SYN011333   91104",
"07173099999","1990-09-03T00:00:00","4","48.2","6.4333333","320.0","EPINAL DOGNEVILLE, FR","FM-12","99999","V020","100,1,N,0010,1","99999,9,9,N","999999,9,N,9","+0138,1","+0127,1","10203,1","06,0000,9,1",,,"4,000",,,,,,,"6,1,010,1,+999,9",,"4,99,0021,1","SYN011333   91104",
"07173099999","1990-09-03T03:00:00","4","48.2","6.4333333","320.0","EPINAL DOGNEVILLE, FR","FM-12","99999","V020","999,1,C,0000,1","99999,9,9,N","999999,9,N,9","+0139,1","+0131,1","10194,1","06,0000,9,1",,,"4,000",,,,,,,"8,1,008,1,+999,9",,"4,99,0021,1","SYN011333   91104",
"07173099999","1990-09-03T06:00:00","4","48.2","6.4333333","320.0","EPINAL DOGNEVILLE, FR","FM-12","99999","V020","999,1,C,0000,1","99999,9,9,N","999999,9,N,9","+0126,1","+0120,1","10197,1","03,0002,9,1","24,0002,9,1","99,0003,9,1","0,000",,"0552,9","999,+0090,9","999,N,+0124,1",,,"3,1,001,1,+999,9",,"4,99,0021,1","SYN041333   20124 3/009 55092 69927 70002 91104",
"07173099999","1990-09-03T09:00:00","4","48.2","6.4333333","320.0","EPINAL DOGNEVILLE, FR","FM-12","99999","V020","220,1,N,0021,1","99999,9,9,N","999999,9,N,9","+0188,1","+0128,1","10190,1","06,0000,9,1",,,"4,000",,,,,,,"3,1,001,1,+999,9",,"4,99,0041,1","SYN011333   91108",
"07173099999","1990-09-03T12:00:00","4","48.2","6.4333333","320.0","EPINAL DOGNEVILLE, FR","FM-12","99999","V020","240,1,N,0021,1","99999,9,9,N","999999,9,N,9","+0214,1","+0128,1","10176,1","06,0000,9,1",,,"4,000",,,,,,,"7,1,010,1,+999,9",,"4,99,0051,1","SYN011333   91110",
"07173099999","1990-09-03T15:00:00","4","48.2","6.4333333","320.0","EPINAL DOGNEVILLE, FR","FM-12","99999","V020","300,1,N,0031,1","99999,9,9,N","999999,9,N,9","+0222,1","+0113,1","10169,1","06,0000,9,1",,,"4,000",,,,,,,"6,1,007,1,+999,9",,"4,99,0072,1","SYN011333   91114",
"07173099999","1990-09-03T18:00:00","4","48.2","6.4333333","320.0","EPINAL DOGNEVILLE, FR","FM-12","99999","V020","310,1,N,0010,1","99999,9,9,N","999999,9,N,9","+0203,1","+0123,1","10169,1","06,0000,9,1",,,"4,000",,,,"999,M,+0228,1",,,"7,1,001,1,+999,9",,"4,99,0072,1","SYN017333   10228 91114",
"07173099999","1990-09-03T21:00:00","4","48.2","6.4333333","320.0","EPINAL DOGNEVILLE, FR","FM-12","99999","V020","999,1,C,0000,1","99999,9,9,N","999999,9,N,9","+0136,1","+0120,1","10180,1","06,0000,9,1",,,"4,000",,,,,,,"1,1,002,1,+999,9",,"4,99,0031,1","SYN011333   91106",
"07173099999","1990-09-04T00:00:00","4","48.2","6.4333333","320.0","EPINAL DOGNEVILLE, FR","FM-12","99999","V020","070,1,N,0010,1","99999,9,9,N","999999,9,N,9","+0118,1","+0112,1","10171,1","06,0000,9,1",,,"4,000",,,,,,,"6,1,011,1,+999,9",,"4,99,0031,1","SYN011333   91106",
"07173099999","1990-09-04T03:00:00","4","48.2","6.4333333","320.0","EPINAL DOGNEVILLE, FR","FM-12","99999","V020","999,1,C,0000,1","99999,9,9,N","999999,9,N,9","+0104,1","+0098,1","10158,1","06,0000,9,1",,,"4,000",,,,,,,"6,1,015,1,+999,9",,"4,99,0021,1","SYN011333   91104",
"07173099999","1990-09-04T06:00:00","4","48.2","6.4333333","320.0","EPINAL DOGNEVILLE, FR","FM-12","99999","V020","999,1,C,0000,1","99999,9,9,N","999999,9,N,9","+0110,1","+0105,1","10152,1","03,0002,9,1","24,0002,9,1","99,0003,9,1","0,000","4,1,06,1","0216,9","999,+0050,9","999,N,+0103,1",,,"8,1,005,1,+999,9","21,1","4,99,0021,1","SYN041333   20103 3/005 55036 69927 70002 91104",
"07173099999","1990-09-04T09:00:00","4","48.2","6.4333333","320.0","EPINAL DOGNEVILLE, FR","FM-12","99999","V020","200,1,N,0031,1","99999,9,9,N","999999,9,N,9","+0198,1","+0140,1","10130,1","06,0000,9,1",,,"4,000",,,,,,,"6,1,010,1,+999,9",,"4,99,0062,1","SYN011333   91112",
"07173099999","1990-09-04T12:00:00","4","48.2","6.4333333","320.0","EPINAL DOGNEVILLE, FR","FM-12","99999","V020","190,1,N,0031,1","99999,9,9,N","999999,9,N,9","+0208,1","+0133,1","10115,1","06,0000,9,1",,,"4,000",,,,,,,"6,1,013,1,+999,9",,"4,99,0072,1","SYN011333   91114",
"07173099999","1990-09-04T15:00:00","4","48.2","6.4333333","320.0","EPINAL DOGNEVILLE, FR","FM-12","99999","V020","200,1,N,0021,1","99999,9,9,N","999999,9,N,9","+0187,1","+0131,1","10114,1","03,0060,9,1",,,"0,000",,,,,,,"6,1,004,1,+999,9",,"4,99,0118,1","SYN017333   60067 91123",
"07173099999","1990-09-04T18:00:00","4","48.2","6.4333333","320.0","EPINAL DOGNEVILLE, FR","FM-12","99999","V020","220,1,N,0031,1","99999,9,9,N","999999,9,N,9","+0158,1","+0136,1","10118,1","03,0020,9,1",,,"0,000","4,1,06,1",,,"999,M,+0222,1",,,"2,1,001,1,+999,9","41,1","4,99,0118,1","SYN023333   10222 60027 91123",
"07173099999","1990-09-04T21:00:00","4","48.2","6.4333333","320.0","EPINAL DOGNEVILLE, FR","FM-12","99999","V020","999,1,C,0000,1","99999,9,9,N","999999,9,N,9","+0135,1","+0124,1","10132,1","03,0002,9,1","99,0003,9,1",,"0,000",,,,,,,"1,1,010,1,+999,9",,"4,99,0031,1","SYN017333   69927 91106",
"07173099999","1990-09-05T00:00:00","4","48.2","6.4333333","320.0","EPINAL DOGNEVILLE, FR","FM-12","99999","V020","020,1,N,0010,1","99999,9,9,N","999999,9,N,9","+0117,1","+0112,1","10143,1","03,0002,9,1","06,0003,9,1",,"0,000",,,,,,,"1,1,008,1,+999,9",,"4,99,0031,1","SYN017333   69927 91106",
"07173099999","1990-09-05T03:00:00","4","48.2","6.4333333","320.0","EPINAL DOGNEVILLE, FR","FM-12","99999","V020","270,1,N,0010,1","99999,9,9,N","999999,9,N,9","+0114,1","+0111,1","10146,1","06,0000,9,1",,,"4,000",,,,,,,"3,1,003,1,+999,9",,"4,99,0021,1","SYN011333   91104",
"07173099999","1990-09-05T09:00:00","4","48.2","6.4333333","320.0","EPINAL DOGNEVILLE, FR","FM-12","99999","V020","340,1,N,0010,1","99999,9,9,N","999999,9,N,9","+0133,1","+0090,1","10160,1","06,0000,9,1",,,"4,000",,,,,,,,,,,
"07173099999","1990-09-05T12:00:00","4","48.2","6.4333333","320.0","EPINAL DOGNEVILLE, FR","FM-12","99999","V020","340,1,N,0021,1","99999,9,9,N","999999,9,N,9","+0165,1","+0061,1","10153,1","06,0000,9,1",,,"4,000",,,,,,,"7,1,003,1,+999,9",,,,
"07173099999","1990-09-05T15:00:00","4","48.2","6.4333333","320.0","EPINAL DOGNEVILLE, FR","FM-12","99999","V020","260,1,N,0021,1","99999,9,9,N","999999,9,N,9","+0176,1","-0002,1","10146,1","06,0000,9,1",,,"4,000",,,,,,,"8,1,006,1,+999,9",,"4,99,0051,1","SYN011333   91110",
"07173099999","1990-09-05T18:00:00","4","48.2","6.4333333","320.0","EPINAL DOGNEVILLE, FR","FM-12","99999","V020","999,1,C,0000,1","99999,9,9,N","999999,9,N,9","+0144,1","+0081,1","10151,1","06,0000,9,1",,,"4,000",,,,"999,M,+0180,1",,,"3,1,002,1,+999,9",,"4,99,0051,1","SYN017333   10180 91110",
"07173099999","1990-09-05T21:00:00","4","48.2","6.4333333","320.0","EPINAL DOGNEVILLE, FR","FM-12","99999","V020","999,1,C,0000,1","99999,9,9,N","999999,9,N,9","+0116,1","+0086,1","10164,1","06,0000,9,1",,,"4,000",,,,,,,"1,1,009,1,+999,9",,"4,99,0021,1","SYN011333   91104",
"07173099999","1990-09-06T00:00:00","4","48.2","6.4333333","320.0","EPINAL DOGNEVILLE, FR","FM-12","99999","V020","060,1,N,0010,1","99999,9,9,N","999999,9,N,9","+0080,1","+0069,1","10166,1","06,0000,9,1",,,"4,000",,,,,,,"8,1,002,1,+999,9",,"4,99,0021,1","SYN011333   91104",
"07173099999","1990-09-06T03:00:00","4","48.2","6.4333333","320.0","EPINAL DOGNEVILLE, FR","FM-12","99999","V020","070,1,N,0010,1","99999,9,9,N","999999,9,N,9","+0065,1","+0058,1","10162,1","06,0000,9,1",,,"4,000",,,,,,,"5,1,007,1,+999,9",,"4,99,0021,1","SYN011333   91104",
"07173099999","1990-09-06T06:00:00","4","48.2","6.4333333","320.0","EPINAL DOGNEVILLE, FR","FM-12","99999","V020","999,1,C,0000,1","99999,9,9,N","999999,9,N,9","+0067,1","+0060,1","10163,1","06,0000,9,1",,,"4,000",,"0354,9","999,+0010,9","999,N,+0056,1",,,"3,1,001,1,+999,9",,"4,99,0021,1","SYN029333   20056 3/001 55059 91104",
"07173099999","1990-09-06T09:00:00","4","48.2","6.4333333","320.0","EPINAL DOGNEVILLE, FR","FM-12","99999","V020","190,1,N,0031,1","99999,9,9,N","999999,9,N,9","+0167,1","+0071,1","10149,1","06,0000,9,1",,,"4,000",,,,,,,"5,1,000,1,+999,9",,"4,99,0062,1","SYN011333   91112",
"07173099999","1990-09-06T12:00:00","4","48.2","6.4333333","320.0","EPINAL DOGNEVILLE, FR","FM-12","99999","V020","190,1,N,0041,1","99999,9,9,N","999999,9,N,9","+0191,1","+0072,1","10136,1","06,0000,9,1",,,"4,000",,,,,,,"8,1,010,1,+999,9",,"4,99,0108,1","SYN011333   91121",
"07173099999","1990-09-06T15:00:00","4","48.2","6.4333333","320.0","EPINAL DOGNEVILLE, FR","FM-12","99999","V020","170,1,N,0041,1","99999,9,9,N","999999,9,N,9","+0193,1","+0089,1","10127,1","06,0000,9,1",,,"4,000",,,,,,,"8,1,008,1,+999,9",,"4,99,0088,1","SYN011333   91117",
"07173099999","1990-09-06T18:00:00","4","48.2","6.4333333","320.0","EPINAL DOGNEVILLE, FR","FM-12","99999","V020","180,1,N,0041,1","99999,9,9,N","999999,9,N,9","+0153,1","+0117,1","10131,1","03,0002,9,1","99,0003,9,1",,"0,000","4,1,06,1",,,"999,M,+0198,1",,,"8,1,001,1,+999,9","21,1","4,99,0108,1","SYN023333   10198 69927 91121",
"07173099999","1990-09-06T21:00:00","4","48.2","6.4333333","320.0","EPINAL DOGNEVILLE, FR","FM-12","99999","V020","210,1,N,0031,1","99999,9,9,N","999999,9,N,9","+0139,1","+0121,1","10146,1","03,0006,9,1","99,0005,9,1",,"0,000","4,1,03,1",,,,,,"1,1,013,1,+999,9","41,1","4,99,0072,1","SYN017333   69967 91114",
"07173099999","1990-09-07T00:00:00","4","48.2","6.4333333","320.0","EPINAL DOGNEVILLE, FR","FM-12","99999","V020","260,1,N,0021,1","99999,9,9,N","999999,9,N,9","+0130,1","+0105,1","10146,1","03,0020,9,1","06,0020,9,1",,"0,000",,,,,,,"8,1,001,1,+999,9",,"4,99,0072,1","SYN017333   60027 91114",
"07173099999","1990-09-07T03:00:00","4","48.2","6.4333333","320.0","EPINAL DOGNEVILLE, FR","FM-12","99999","V020","180,1,N,0021,1","99999,9,9,N","999999,9,N,9","+0110,1","+0091,1","10141,1","06,0000,9,1",,,"4,000",,,,,,,"8,1,007,1,+999,9",,"4,99,0041,1","SYN011333   91108",
"07173099999","1990-09-07T06:00:00","4","48.2","6.4333333","320.0","EPINAL DOGNEVILLE, FR","FM-12","99999","V020","170,1,N,0031,1","99999,9,9,N","999999,9,N,9","+0092,1","+0072,1","10144,1","24,0024,9,1",,,"0,000",,"0252,9","999,+0040,9","999,N,+0087,1",,,"5,1,000,1,+999,9",,"4,99,0041,1","SYN035333   20087 3/004 55042 70024 91108",
"07173099999","1990-09-07T09:00:00","4","48.2","6.4333333","320.0","EPINAL DOGNEVILLE, FR","FM-12","99999","V020","190,1,N,0062,1","99999,9,9,N","999999,9,N,9","+0135,1","+0071,1","10136,1","06,0000,9,1",,,"4,000",,,,,,,"5,1,002,1,+999,9",,"4,99,0098,1","SYN011333   91119",
"07173099999","1990-09-07T12:00:00","4","48.2","6.4333333","320.0","EPINAL DOGNEVILLE, FR","FM-12","99999","V020","200,1,N,0031,1","99999,9,9,N","999999,9,N,9","+0118,1","+0073,1","10143,1","03,0002,9,1","06,0003,9,1",,"0,000","4,1,06,1",,,,,,"3,1,004,1,+999,9","21,1","4,99,0118,1","SYN017333   69927 91123",
"07173099999","1990-09-07T15:00:00","4","48.2","6.4333333","320.0","EPINAL DOGNEVILLE, FR","FM-12","99999","V020","190,1,N,0072,1","99999,9,9,N","999999,9,N,9","+0149,1","+0075,1","10136,1","06,0000,9,1",,,"4,000",,,,,,,"8,1,003,1,+999,9",,"4,99,0108,1","SYN011333   91121",
"07173099999","1990-09-07T18:00:00","4","48.2","6.4333333","320.0","EPINAL DOGNEVILLE, FR","FM-12","99999","V020","190,1,N,0041,1","99999,9,9,N","999999,9,N,9","+0115,1","+0087,1","10151,1","03,0030,9,1",,,"9,000","4,1,06,1",,,"999,M,+0152,1",,,"3,1,011,1,+999,9","41,1","4,99,0129,1","SYN023333   10152 60037 91125",
"07173099999","1990-09-07T21:00:00","4","48.2","6.4333333","320.0","EPINAL DOGNEVILLE, FR","FM-12","99999","V020","200,1,N,0041,1","99999,9,9,N","999999,9,N,9","+0115,1","+0085,1","10169,1","06,0000,9,1",,,"4,000",,,,,,,"1,1,017,1,+999,9",,"4,99,0082,1","SYN011333   91116",
"07173099999","1990-09-08T00:00:00","4","48.2","6.4333333","320.0","EPINAL DOGNEVILLE, FR","FM-12","99999","V020","200,1,N,0021,1","99999,9,9,N","999999,9,N,9","+0113,1","+0089,1","10179,1","03,0002,9,1","06,0003,9,1",,"0,000",,,,,,,"3,1,009,1,+999,9",,"4,99,0082,1","SYN017333   69927 91116",
"07173099999","1990-09-08T03:00:00","4","48.2","6.4333333","320.0","EPINAL DOGNEVILLE, FR","FM-12","99999","V020","190,1,N,0031,1","99999,9,9,N","999999,9,N,9","+0113,1","+0090,1","10183,1","06,0000,9,1",,,"4,000",,,,,,,"1,1,004,1,+999,9",,"4,99,0051,1","SYN011333   91110",
"07173099999","1990-09-08T06:00:00","4","48.2","6.4333333","320.0","EPINAL DOGNEVILLE, FR","FM-12","99999","V020","200,1,N,0031,1","99999,9,9,N","999999,9,N,9","+0112,1","+0091,1","10199,1","24,0030,9,1","99,0003,9,1",,"0,000",,"0174,9","999,+0100,9","999,N,+0110,1",,,"3,1,015,1,+999,9",,"4,99,0051,1","SYN035333   20110 3/010 55029 70030 91110",
"07173099999","1990-09-08T09:00:00","4","48.2","6.4333333","320.0","EPINAL DOGNEVILLE, FR","FM-12","99999","V020","210,1,N,0041,1","99999,9,9,N","999999,9,N,9","+0133,1","+0094,1","10213,1","06,0000,9,1",,,"4,000",,,,,,,"3,1,017,1,+999,9",,"4,99,0062,1","SYN011333   91112",
"07173099999","1990-09-08T12:00:00","4","48.2","6.4333333","320.0","EPINAL DOGNEVILLE, FR","FM-12","99999","V020","210,1,N,0010,1","99999,9,9,N","999999,9,N,9","+0134,1","+0111,1","10228,1","03,0008,9,1","06,0010,9,1",,"0,000","4,1,06,1",,,,,,"3,1,014,1,+999,9","21,1","4,99,0088,1","SYN017333   69987 91117",
"07173099999","1990-09-08T15:00:00","4","48.2","6.4333333","320.0","EPINAL DOGNEVILLE, FR","FM-12","99999","V020","250,1,N,0021,1","99999,9,9,N","999999,9,N,9","+0159,1","+0098,1","10226,1","06,0000,9,1",,,"4,000",,,,,,,"3,1,001,1,+999,9",,"4,99,0062,1","SYN011333   91112",
"07173099999","1990-09-08T18:00:00","4","48.2","6.4333333","320.0","EPINAL DOGNEVILLE, FR","FM-12","99999","V020","999,1,C,0000,1","99999,9,9,N","999999,9,N,9","+0130,1","+0100,1","10231,1","99,0010,9,1",,,"0,000",,,,"999,M,+0161,1",,,"3,1,002,1,+999,9",,"4,99,0062,1","SYN017333   10161 91112",
"07173099999","1990-09-08T21:00:00","4","48.2","6.4333333","320.0","EPINAL DOGNEVILLE, FR","FM-12","99999","V020","110,1,N,0010,1","99999,9,9,N","999999,9,N,9","+0089,1","+0078,1","10250,1","06,0000,9,1",,,"4,000",,,,,,,"1,1,013,1,+999,9",,"4,99,0021,1","SYN011333   91104",
"07173099999","1990-09-09T00:00:00","4","48.2","6.4333333","320.0","EPINAL DOGNEVILLE, FR","FM-12","99999","V020","999,1,C,0000,1","99999,9,9,N","999999,9,N,9","+0077,1","+0070,1","10259,1","06,0000,9,1",,,"4,000",,,,,,,"3,1,007,1,+999,9",,"4,99,0021,1","SYN011333   91104",
"07173099999","1990-09-09T03:00:00","4","48.2","6.4333333","320.0","EPINAL DOGNEVILLE, FR","FM-12","99999","V020","999,1,C,0000,1","99999,9,9,N","999999,9,N,9","+0073,1","+0067,1","10259,1","03,0002,9,1","99,0003,9,1",,"0,000",,,,,,,"6,1,002,1,+999,9",,"4,99,0021,1","SYN017333   69927 91104",
"07173099999","1990-09-09T06:00:00","4","48.2","6.4333333","320.0","EPINAL DOGNEVILLE, FR","FM-12","99999","V020","010,1,N,0010,1","99999,9,9,N","999999,9,N,9","+0083,1","+0079,1","10267,1","03,0002,9,1","24,0012,9,1","99,0003,9,1","0,000","4,1,06,1","0060,9","999,+0020,9","999,N,+0072,1",,,"1,1,010,1,+999,9","21,1","4,99,0021,1","SYN041333   20072 3/002 55010 69927 70012 91104",
"07173099999","1990-09-09T09:00:00","4","48.2","6.4333333","320.0","EPINAL DOGNEVILLE, FR","FM-12","99999","V020","330,1,N,0031,1","99999,9,9,N","999999,9,N,9","+0111,1","+0100,1","10270,1","06,0000,9,1",,,"4,000",,,,,,,"1,1,007,1,+999,9",,"4,99,0062,1","SYN011333   91112",
"07173099999","1990-09-09T12:00:00","4","48.2","6.4333333","320.0","EPINAL DOGNEVILLE, FR","FM-12","99999","V020","320,1,N,0051,1","99999,9,9,N","999999,9,N,9","+0173,1","+0076,1","10257,1","06,0000,9,1",,,"4,000",,,,,,,"8,1,005,1,+999,9",,"4,99,0088,1","SYN011333   91117",
"07173099999","1990-09-09T15:00:00","4","48.2","6.4333333","320.0","EPINAL DOGNEVILLE, FR","FM-12","99999","V020","320,1,N,0051,1","99999,9,9,N","999999,9,N,9","+0179,1","+0055,1","10249,1","06,0000,9,1",,,"4,000",,,,,,,"6,1,007,1,+999,9",,"4,99,0088,1","SYN011333   91117",
"07173099999","1990-09-09T18:00:00","4","48.2","6.4333333","320.0","EPINAL DOGNEVILLE, FR","FM-12","99999","V020","350,1,N,0021,1","99999,9,9,N","999999,9,N,9","+0149,1","+0057,1","10255,1","06,0000,9,1",,,"4,000",,,,"999,M,+0182,1",,,"3,1,001,1,+999,9",,"4,99,0088,1","SYN017333   10182 91117",
"07173099999","1990-09-09T21:00:00","4","48.2","6.4333333","320.0","EPINAL DOGNEVILLE, FR","FM-12","99999","V020","080,1,N,0010,1","99999,9,9,N","999999,9,N,9","+0079,1","+0062,1","10272,1","06,0000,9,1",,,"4,000",,,,,,,"2,1,008,1,+999,9",,"4,99,0031,1","SYN011333   91106",
"07173099999","1990-09-10T00:00:00","4","48.2","6.4333333","320.0","EPINAL DOGNEVILLE, FR","FM-12","99999","V020","999,1,C,0000,1","99999,9,9,N","999999,9,N,9","+0054,1","+0045,1","10272,1","06,0000,9,1",,,"4,000",,,,,,,"8,1,004,1,+999,9",,"4,99,0031,1","SYN011333   91106",
"07173099999","1990-09-10T03:00:00","4","48.2","6.4333333","320.0","EPINAL DOGNEVILLE, FR","FM-12","99999","V020","999,1,C,0000,1","99999,9,9,N","999999,9,N,9","+0039,1","+0032,1","10266,1","06,0000,9,1",,,"4,000",,,,,,,"7,1,008,1,+999,9",,"4,99,0021,1","SYN011333   91104",
"07173099999","1990-09-10T06:00:00","4","48.2","6.4333333","320.0","EPINAL DOGNEVILLE, FR","FM-12","99999","V020","999,1,C,0000,1","99999,9,9,N","999999,9,N,9","+0036,1","+0030,1","10265,1","03,0002,9,1","24,0002,9,1","99,0003,9,1","0,000",,"0510,9","999,-0020,9","999,N,+0029,1",,,"6,1,001,1,+999,9",,"4,99,0021,1","SYN041333   20029 3/102 55085 69927 70002 91104",
"07173099999","1990-09-10T09:00:00","4","48.2","6.4333333","320.0","EPINAL DOGNEVILLE, FR","FM-12","99999","V020","300,1,N,0010,1","99999,9,9,N","999999,9,N,9","+0118,1","+0097,1","10248,1","06,0000,9,1",,,"4,000",,,,,,,"6,1,005,1,+999,9",,"4,99,0031,1","SYN011333   91106",
"07173099999","1990-09-10T12:00:00","4","48.2","6.4333333","320.0","EPINAL DOGNEVILLE, FR","FM-12","99999","V020","340,1,N,0031,1","99999,9,9,N","999999,9,N,9","+0168,1","+0066,1","10229,1","06,0000,9,1",,,"4,000",,,,,,,"8,1,012,1,+999,9",,"4,99,0088,1","SYN011333   91117",
"07173099999","1990-09-10T15:00:00","4","48.2","6.4333333","320.0","EPINAL DOGNEVILLE, FR","FM-12","99999","V020","320,1,N,0041,1","99999,9,9,N","999999,9,N,9","+0173,1","+0065,1","10217,1","06,0000,9,1",,,"4,000",,,,,,,"8,1,011,1,+999,9",,"4,99,0082,1","SYN011333   91116",
"07173099999","1990-09-10T18:00:00","4","48.2","6.4333333","320.0","EPINAL DOGNEVILLE, FR","FM-12","99999","V020","320,1,N,0031,1","99999,9,9,N","999999,9,N,9","+0150,1","+0080,1","10218,1","06,0000,9,1",,,"4,000",,,,"999,M,+0178,1",,,"5,1,002,1,+999,9",,"4,99,0082,1","SYN017333   10178 91116",
"07173099999","1990-09-10T21:00:00","4","48.2","6.4333333","320.0","EPINAL DOGNEVILLE, FR","FM-12","99999","V020","999,1,C,0000,1","99999,9,9,N","999999,9,N,9","+0119,1","+0089,1","10223,1","06,0000,9,1",,,"4,000",,,,,,,"0,1,001,1,+999,9",,"4,99,0041,1","SYN011333   91108",
"07173099999","1990-09-11T00:00:00","4","48.2","6.4333333","320.0","EPINAL DOGNEVILLE, FR","FM-12","99999","V020","340,1,N,0010,1","99999,9,9,N","999999,9,N,9","+0121,1","+0097,1","10223,1","06,0000,9,1",,,"4,000",,,,,,,"3,1,001,1,+999,9",,"4,99,0041,1","SYN011333   91108",
"07173099999","1990-09-11T03:00:00","4","48.2","6.4333333","320.0","EPINAL DOGNEVILLE, FR","FM-12","99999","V020","330,1,N,0021,1","99999,9,9,N","999999,9,N,9","+0116,1","+0097,1","10221,1","06,0000,9,1",,,"4,000",,,,,,,"5,1,003,1,+999,9",,"4,99,0051,1","SYN011333   91110",
"07173099999","1990-09-11T06:00:00","4","48.2","6.4333333","320.0","EPINAL DOGNEVILLE, FR","FM-12","99999","V020","320,1,N,0010,1","99999,9,9,N","999999,9,N,9","+0086,1","+0072,1","10230,1","06,0000,9,1",,,"4,000",,"0534,9","999,+0030,9","999,N,+0084,1",,,"3,1,005,1,+999,9",,"4,99,0062,1","SYN029333   20084 3/003 55089 91112",
"07173099999","1990-09-11T09:00:00","4","48.2","6.4333333","320.0","EPINAL DOGNEVILLE, FR","FM-12","99999","V020","350,1,N,0041,1","99999,9,9,N","999999,9,N,9","+0127,1","+0065,1","10231,1","03,0002,9,1","99,0003,9,1",,"0,000","4,1,03,1",,,,,,"1,1,006,1,+999,9","41,1","4,99,0072,1","SYN017333   69927 91114",
"07173099999","1990-09-11T12:00:00","4","48.2","6.4333333","320.0","EPINAL DOGNEVILLE, FR","FM-12","99999","V020","010,1,N,0021,1","99999,9,9,N","999999,9,N,9","+0167,1","+0053,1","10219,1","06,0003,9,1",,,"0,000",,,,,,,"8,1,007,1,+999,9",,"4,99,0082,1","SYN011333   91116",
"07173099999","1990-09-11T15:00:00","4","48.2","6.4333333","320.0","EPINAL DOGNEVILLE, FR","FM-12","99999","V020","360,1,N,0031,1","99999,9,9,N","999999,9,N,9","+0161,1","+0063,1","10221,1","06,0000,9,1",,,"4,000",,,,,,,"2,1,001,1,+999,9",,"4,99,0088,1","SYN011333   91117",
"07173099999","1990-09-11T18:00:00","4","48.2","6.4333333","320.0","EPINAL DOGNEVILLE, FR","FM-12","99999","V020","340,1,N,0041,1","99999,9,9,N","999999,9,N,9","+0136,1","+0074,1","10235,1","99,0003,9,1",,,"0,000",,,,"999,M,+0170,1",,,"2,1,011,1,+999,9",,"4,99,0088,1","SYN017333   10170 91117",
"07173099999","1990-09-11T21:00:00","4","48.2","6.4333333","320.0","EPINAL DOGNEVILLE, FR","FM-12","99999","V020","999,1,C,0000,1","99999,9,9,N","999999,9,N,9","+0090,1","+0071,1","10251,1","06,0000,9,1",,,"4,000",,,,,,,"2,1,010,1,+999,9",,"4,99,0051,1","SYN011333   91110",
"07173099999","1990-09-12T00:00:00","4","48.2","6.4333333","320.0","EPINAL DOGNEVILLE, FR","FM-12","99999","V020","040,1,N,0010,1","99999,9,9,N","999999,9,N,9","+0064,1","+0057,1","10256,1","06,0000,9,1",,,"4,000",,,,,,,"0,1,000,1,+999,9",,"4,99,0051,1","SYN011333   91110",
"07173099999","1990-09-12T03:00:00","4","48.2","6.4333333","320.0","EPINAL DOGNEVILLE, FR","FM-12","99999","V020","350,1,N,0010,1","99999,9,9,N","999999,9,N,9","+0062,1","+0056,1","10256,1","06,0000,9,1",,,"4,000",,,,,,,"0,1,000,1,+999,9",,"4,99,0021,1","SYN011333   91104",
"07173099999","1990-09-12T06:00:00","4","48.2","6.4333333","320.0","EPINAL DOGNEVILLE, FR","FM-12","99999","V020","999,1,C,0000,1","99999,9,9,N","999999,9,N,9","+0055,1","+0049,1","10257,1","03,0002,9,1","24,0002,9,1","99,0003,9,1","0,000","4,1,06,1","0258,9","999,+0000,9","999,N,+0055,1",,,"5,1,000,1,+999,9","21,1","4,99,0021,1","SYN041333   20055 3/000 55043 69927 70002 91104",
"07173099999","1990-09-12T09:00:00","4","48.2","6.4333333","320.0","EPINAL DOGNEVILLE, FR","FM-12","99999","V020","280,1,N,0010,1","99999,9,9,N","999999,9,N,9","+0119,1","+0105,1","10257,1","06,0000,9,1",,,"4,000",,,,,,,"1,1,009,1,+999,9",,"4,99,0031,1","SYN011333   91106",
"07173099999","1990-09-12T12:00:00","4","48.2","6.4333333","320.0","EPINAL DOGNEVILLE, FR","FM-12","99999","V020","340,1,N,0041,1","99999,9,9,N","999999,9,N,9","+0189,1","+0097,1","10239,1","06,0000,9,1",,,"4,000",,,,,,,"7,1,009,1,+999,9",,"4,99,0082,1","SYN011333   91116",
"07173099999","1990-09-12T15:00:00","4","48.2","6.4333333","320.0","EPINAL DOGNEVILLE, FR","FM-12","99999","V020","360,1,N,0041,1","99999,9,9,N","999999,9,N,9","+0206,1","+0038,1","10222,1","06,0000,9,1",,,"4,000",,,,,,,"6,1,014,1,+999,9",,"4,99,0088,1","SYN011333   91117",
"07173099999","1990-09-12T18:00:00","4","48.2","6.4333333","320.0","EPINAL DOGNEVILLE, FR","FM-12","99999","V020","020,1,N,0021,1","99999,9,9,N","999999,9,N,9","+0165,1","+0072,1","10222,1","06,0000,9,1",,,"4,000",,,,"999,M,+0213,1",,,"6,1,005,1,+999,9",,"4,99,0088,1","SYN017333   10213 91117",
"07173099999","1990-09-12T21:00:00","4","48.2","6.4333333","320.0","EPINAL DOGNEVILLE, FR","FM-12","99999","V020","360,1,N,0021,1","99999,9,9,N","999999,9,N,9","+0133,1","+0090,1","10234,1","06,0000,9,1",,,"4,000",,,,,,,"0,1,007,1,+999,9",,"4,99,0051,1","SYN011333   91110",
"07173099999","1990-09-13T00:00:00","4","48.2","6.4333333","320.0","EPINAL DOGNEVILLE, FR","FM-12","99999","V020","010,1,N,0010,1","99999,9,9,N","999999,9,N,9","+0089,1","+0077,1","10234,1","06,0000,9,1",,,"4,000",,,,,,,"8,1,005,1,+999,9",,"4,99,0051,1","SYN011333   91110",
"07173099999","1990-09-13T03:00:00","4","48.2","6.4333333","320.0","EPINAL DOGNEVILLE, FR","FM-12","99999","V020","040,1,N,0010,1","99999,9,9,N","999999,9,N,9","+0070,1","+0063,1","10233,1","06,0000,9,1",,,"4,000",,,,,,,"8,1,004,1,+999,9",,"4,99,0021,1","SYN011333   91104",
"07173099999","1990-09-13T06:00:00","4","48.2","6.4333333","320.0","EPINAL DOGNEVILLE, FR","FM-12","99999","V020","999,1,C,0000,1","99999,9,9,N","999999,9,N,9","+0047,1","+0040,1","10240,1","06,0000,9,1",,,"4,000",,"0528,9","999,+0010,9","999,N,+0044,1",,,"3,1,004,1,+999,9",,"4,99,0021,1","SYN029333   20044 3/001 55088 91104",
"07173099999","1990-09-13T09:00:00","4","48.2","6.4333333","320.0","EPINAL DOGNEVILLE, FR","FM-12","99999","V020","350,1,N,0021,1","99999,9,9,N","999999,9,N,9","+0150,1","+0080,1","10228,1","06,0000,9,1",,,"4,000",,,,,,,"1,1,002,1,+999,9",,"4,99,0041,1","SYN011333   91108",
"07173099999","1990-09-13T12:00:00","4","48.2","6.4333333","320.0","EPINAL DOGNEVILLE, FR","FM-12","99999","V020","360,1,N,0041,1","99999,9,9,N","999999,9,N,9","+0207,1","+0021,1","10208,1","06,0000,9,1",,,"4,000",,,,,,,"8,1,012,1,+999,9",,"4,99,0072,1","SYN011333   91114",
"07173099999","1990-09-13T15:00:00","4","48.2","6.4333333","320.0","EPINAL DOGNEVILLE, FR","FM-12","99999","V020","340,1,N,0041,1","99999,9,9,N","999999,9,N,9","+0215,1","+0017,1","10199,1","06,0000,9,1",,,"4,000",,,,,,,"6,1,008,1,+999,9",,"4,99,0082,1","SYN011333   91116",
"07173099999","1990-09-13T18:00:00","4","48.2","6.4333333","320.0","EPINAL DOGNEVILLE, FR","FM-12","99999","V020","360,1,N,0010,1","99999,9,9,N","999999,9,N,9","+0171,1","+0054,1","10205,1","06,0000,9,1",,,"4,000",,,,"999,M,+0219,1",,,"4,1,000,1,+999,9",,"4,99,0082,1","SYN017333   10219 91116",
"07173099999","1990-09-13T21:00:00","4","48.2","6.4333333","320.0","EPINAL DOGNEVILLE, FR","FM-12","99999","V020","070,1,N,0010,1","99999,9,9,N","999999,9,N,9","+0094,1","+0065,1","10224,1","06,0000,9,1",,,"4,000",,,,,,,"1,1,009,1,+999,9",,"4,99,0031,1","SYN011333   91106",
"07173099999","1990-09-14T00:00:00","4","48.2","6.4333333","320.0","EPINAL DOGNEVILLE, FR","FM-12","99999","V020","070,1,N,0010,1","99999,9,9,N","999999,9,N,9","+0072,1","+0060,1","10235,1","06,0000,9,1",,,"4,000",,,,,,,"1,1,007,1,+999,9",,"4,99,0031,1","SYN011333   91106",
"07173099999","1990-09-14T03:00:00","4","48.2","6.4333333","320.0","EPINAL DOGNEVILLE, FR","FM-12","99999","V020","999,1,C,0000,1","99999,9,9,N","999999,9,N,9","+0059,1","+0050,1","10237,1","03,0002,9,1","99,0003,9,1",,"0,000",,,,,,,"4,1,000,1,+999,9",,"4,99,0021,1","SYN017333   69927 91104",
"07173099999","1990-09-14T06:00:00","4","48.2","6.4333333","320.0","EPINAL DOGNEVILLE, FR","FM-12","99999","V020","999,1,C,0000,1","99999,9,9,N","999999,9,N,9","+0059,1","+0052,1","10244,1","24,0002,9,1",,,"0,000",,"0660,9","999,+0000,9","999,N,+0050,1",,,"3,1,007,1,+999,9",,"4,99,0021,1","SYN035333   20050 3/000 55110 70002 91104",
"07173099999","1990-09-14T09:00:00","4","48.2","6.4333333","320.0","EPINAL DOGNEVILLE, FR","FM-12","99999","V020","280,1,N,0021,1","99999,9,9,N","999999,9,N,9","+0154,1","+9999,9","10234,1","06,0000,9,1",,,"4,000",,,,,,,"1,1,002,1,+999,9",,"4,99,0031,1","SYN011333   91106",
"07173099999","1990-09-14T12:00:00","4","48.2","6.4333333","320.0","EPINAL DOGNEVILLE, FR","FM-12","99999","V020","350,1,N,0010,1","99999,9,9,N","999999,9,N,9","+0224,1","+9999,9","10212,1","06,0000,9,1",,,"4,000",,,,,,,"8,1,012,1,+999,9",,"4,99,0051,1","SYN011333   91110",
"07173099999","1990-09-14T15:00:00","4","48.2","6.4333333","320.0","EPINAL DOGNEVILLE, FR","FM-12","99999","V020","220,1,N,0021,1","99999,9,9,N","999999,9,N,9","+0226,1","+9999,9","10205,1","06,0000,9,1",,,"4,000",,,,,,,"6,1,007,1,+999,9",,"4,99,0062,1","SYN011333   91112",
"07173099999","1990-09-14T18:00:00","4","48.2","6.4333333","320.0","EPINAL DOGNEVILLE, FR","FM-12","99999","V020","999,1,C,0000,1","99999,9,9,N","999999,9,N,9","+0179,1","+9999,9","10213,1","06,0000,9,1",,,"4,000",,,,"999,M,+0246,1",,,"3,1,001,1,+999,9",,"4,99,0062,1","SYN017333   10246 91112",
"07173099999","1990-09-14T21:00:00","4","48.2","6.4333333","320.0","EPINAL DOGNEVILLE, FR","FM-12","99999","V020","999,1,C,0000,1","99999,9,9,N","999999,9,N,9","+0121,1","+9999,9","10225,1","06,0000,9,1",,,"4,000",,,,,,,"1,1,005,1,+999,9",,"4,99,0021,1","SYN011333   91104",
"07173099999","1990-09-15T00:00:00","4","48.2","6.4333333","320.0","EPINAL DOGNEVILLE, FR","FM-12","99999","V020","330,1,N,0021,1","99999,9,9,N","999999,9,N,9","+0112,1","+9999,9","10233,1","06,0000,9,1",,,"4,000",,,,,,,"3,1,006,1,+999,9",,"4,99,0041,1","SYN011333   91108",
"07173099999","1990-09-15T03:00:00","4","48.2","6.4333333","320.0","EPINAL DOGNEVILLE, FR","FM-12","99999","V020","120,1,N,0010,1","99999,9,9,N","999999,9,N,9","+0109,1","+9999,9","10240,1","06,0000,9,1",,,"4,000",,,,,,,"1,1,007,1,+999,9",,"4,99,0031,1","SYN011333   91106",
"07173099999","1990-09-15T06:00:00","4","48.2","6.4333333","320.0","EPINAL DOGNEVILLE, FR","FM-12","99999","V020","999,1,C,0000,1","99999,9,9,N","999999,9,N,9","+0093,1","+9999,9","10248,1","06,0000,9,1",,,"4,000",,"0564,9","999,+0050,9","999,N,+0093,1",,,"3,1,006,1,+999,9",,"4,99,0031,1","SYN029333   20093 3/005 55094 91106",
"07173099999","1990-09-15T09:00:00","4","48.2","6.4333333","320.0","EPINAL DOGNEVILLE, FR","FM-12","99999","V020","350,1,N,0021,1","99999,9,9,N","999999,9,N,9","+0155,1","+9999,9","10249,1","03,0002,9,1","99,0003,9,1",,"0,000",,,,,,,"1,1,008,1,+999,9",,"4,99,0051,1","SYN017333   69927 91110",
"07173099999","1990-09-15T12:00:00","4","48.2","6.4333333","320.0","EPINAL DOGNEVILLE, FR","FM-12","99999","V020","350,1,N,0041,1","99999,9,9,N","999999,9,N,9","+0202,1","+9999,9","10234,1","06,0003,9,1",,,"0,000",,,,,,,"8,1,009,1,+999,9",,"4,99,0082,1","SYN011333   91116",
"07173099999","1990-09-15T15:00:00","4","48.2","6.4333333","320.0","EPINAL DOGNEVILLE, FR","FM-12","99999","V020","320,1,N,0051,1","99999,9,9,N","999999,9,N,9","+0204,1","+0081,1","10222,1","06,0000,9,1",,,"4,000",,,,,,,"6,1,009,1,+999,9",,"4,99,0088,1","SYN011333   91117",
"07173099999","1990-09-15T18:00:00","4","48.2","6.4333333","320.0","EPINAL DOGNEVILLE, FR","FM-12","99999","V020","330,1,N,0031,1","99999,9,9,N","999999,9,N,9","+0165,1","+0082,1","10229,1","99,0003,9,1",,,"0,000",,,,"999,M,+0213,1",,,"3,1,002,1,+999,9",,"4,99,0088,1","SYN017333   10213 91117",
"07173099999","1990-09-15T21:00:00","4","48.2","6.4333333","320.0","EPINAL DOGNEVILLE, FR","FM-12","99999","V020","320,1,N,0021,1","99999,9,9,N","999999,9,N,9","+0119,1","+0076,1","10237,1","06,0000,9,1",,,"4,000",,,,,,,"1,1,002,1,+999,9",,"4,99,0062,1","SYN011333   91112",
"07173099999","1990-09-16T00:00:00","4","48.2","6.4333333","320.0","EPINAL DOGNEVILLE, FR","FM-12","99999","V020","320,1,N,0010,1","99999,9,9,N","999999,9,N,9","+0084,1","+0062,1","10240,1","06,0000,9,1",,,"4,000",,,,,,,"8,1,002,1,+999,9",,"4,99,0062,1","SYN011333   91112",
"07173099999","1990-09-16T03:00:00","4","48.2","6.4333333","320.0","EPINAL DOGNEVILLE, FR","FM-12","99999","V020","999,1,C,0000,1","99999,9,9,N","999999,9,N,9","+0056,1","+0042,1","10241,1","06,0000,9,1",,,"4,000",,,,,,,"7,1,003,1,+999,9",,"4,99,0031,1","SYN011333   91106",
"07173099999","1990-09-16T06:00:00","4","48.2","6.4333333","320.0","EPINAL DOGNEVILLE, FR","FM-12","99999","V020","999,1,C,0000,1","99999,9,9,N","999999,9,N,9","+0042,1","+0032,1","10247,1","06,0000,9,1","24,0002,9,1",,"4,000",,"0660,9","999,-0010,9","999,N,+0041,1",,,"3,1,003,1,+999,9",,"4,99,0031,1","SYN035333   20041 3/101 55110 70002 91106",
"07173099999","1990-09-16T09:00:00","4","48.2","6.4333333","320.0","EPINAL DOGNEVILLE, FR","FM-12","99999","V020","010,1,N,0021,1","99999,9,9,N","999999,9,N,9","+0123,1","+0070,1","10234,1","06,0000,9,1",,,"4,000",,,,,,,"8,1,001,1,+999,9",,"4,99,0041,1","SYN011333   91108",
"07173099999","1990-09-16T12:00:00","4","48.2","6.4333333","320.0","EPINAL DOGNEVILLE, FR","FM-12","99999","V020","320,1,N,0031,1","99999,9,9,N","999999,9,N,9","+0179,1","+0079,1","10212,1","06,0000,9,1",,,"4,000",,,,,,,"7,1,014,1,+999,9",,"4,99,0062,1","SYN011333   91112",
"07173099999","1990-09-16T15:00:00","4","48.2","6.4333333","320.0","EPINAL DOGNEVILLE, FR","FM-12","99999","V020","310,1,N,0031,1","99999,9,9,N","999999,9,N,9","+0192,1","+0079,1","10198,1","06,0000,9,1",,,"4,000",,,,,,,"7,1,012,1,+999,9",,"4,99,0072,1","SYN011333   91114",
"07173099999","1990-09-17T09:00:00","4","48.2","6.4333333","320.0","EPINAL DOGNEVILLE, FR","FM-12","99999","V020","270,1,N,0010,1","99999,9,9,N","999999,9,N,9","+0145,1","+0095,1","10187,1","06,0000,9,1",,,"4,000",,,,,,,"3,1,003,1,+999,9",,"4,99,0021,1","SYN011333   91104",
"07173099999","1990-09-17T12:00:00","4","48.2","6.4333333","320.0","EPINAL DOGNEVILLE, FR","FM-12","99999","V020","210,1,N,0051,1","99999,9,9,N","999999,9,N,9","+0190,1","+0089,1","10173,1","06,0000,9,1",,,"4,000",,,,,,,"6,1,008,1,+999,9",,"4,99,0098,1","SYN011333   91119",
"07173099999","1990-09-17T18:00:00","4","48.2","6.4333333","320.0","EPINAL DOGNEVILLE, FR","FM-12","99999","V020","270,1,N,0041,1","99999,9,9,N","999999,9,N,9","+0132,1","+0044,1","10198,1","06,0000,9,1",,,"4,000",,,,"999,M,+0200,1",,,"1,1,016,1,+999,9",,"4,99,0108,1","SYN017333   10200 91121",
"07173099999","1990-09-17T21:00:00","4","48.2","6.4333333","320.0","EPINAL DOGNEVILLE, FR","FM-12","99999","V020","120,1,N,0010,1","99999,9,9,N","999999,9,N,9","+0111,1","+0056,1","10217,1","06,0000,9,1",,,"4,000",,,,,,,"1,1,016,1,+999,9",,"4,99,0062,1","SYN011333   91112",
"07173099999","1990-09-18T00:00:00","4","48.2","6.4333333","320.0","EPINAL DOGNEVILLE, FR","FM-12","99999","V020","999,1,C,0000,1","99999,9,9,N","999999,9,N,9","+0109,1","+0063,1","10213,1","06,0000,9,1",,,"4,000",,,,,,,"8,1,004,1,+999,9",,"4,99,0062,1","SYN011333   91112",
"07173099999","1990-09-18T03:00:00","4","48.2","6.4333333","320.0","EPINAL DOGNEVILLE, FR","FM-12","99999","V020","140,1,N,0010,1","99999,9,9,N","999999,9,N,9","+0114,1","+0061,1","10217,1","06,0000,9,1",,,"4,000",,,,,,,"1,1,005,1,+999,9",,"4,99,0041,1","SYN011333   91108",
"07173099999","1990-09-18T06:00:00","4","48.2","6.4333333","320.0","EPINAL DOGNEVILLE, FR","FM-12","99999","V020","240,1,N,0010,1","99999,9,9,N","999999,9,N,9","+0114,1","+0061,1","10227,1","06,0000,9,1",,,"4,000",,"0426,9","999,+0090,9","999,N,+0109,1",,,"3,1,009,1,+999,9",,"4,99,0041,1","SYN029333   20109 3/009 55071 91108",
"07173099999","1990-09-18T09:00:00","4","48.2","6.4333333","320.0","EPINAL DOGNEVILLE, FR","FM-12","99999","V020","020,1,N,0021,1","99999,9,9,N","999999,9,N,9","+0133,1","+0073,1","10240,1","06,0000,9,1",,,"4,000",,,,,,,"1,1,015,1,+999,9",,"4,99,0041,1","SYN011333   91108",
"07173099999","1990-09-18T12:00:00","4","48.2","6.4333333","320.0","EPINAL DOGNEVILLE, FR","FM-12","99999","V020","030,1,N,0010,1","99999,9,9,N","999999,9,N,9","+0161,1","+0042,1","10234,1","06,0000,9,1",,,"4,000",,,,,,,"8,1,002,1,+999,9",,"4,99,0051,1","SYN011333   91110",
"07173099999","1990-09-18T15:00:00","4","48.2","6.4333333","320.0","EPINAL DOGNEVILLE, FR","FM-12","99999","V020","240,1,N,0031,1","99999,9,9,N","999999,9,N,9","+0176,1","+0024,1","10223,1","06,0000,9,1",,,"4,000",,,,,,,"7,1,009,1,+999,9",,"4,99,0072,1","SYN011333   91114",
"07173099999","1990-09-18T18:00:00","4","48.2","6.4333333","320.0","EPINAL DOGNEVILLE, FR","FM-12","99999","V020","999,1,C,0000,1","99999,9,9,N","999999,9,N,9","+0150,1","+0058,1","10228,1","06,0000,9,1",,,"4,000",,,,"999,M,+0179,1",,,"2,1,001,1,+999,9",,"4,99,0072,1","SYN017333   10179 91114",
"07173099999","1990-09-18T21:00:00","4","48.2","6.4333333","320.0","EPINAL DOGNEVILLE, FR","FM-12","99999","V020","999,1,C,0000,1","99999,9,9,N","999999,9,N,9","+0091,1","+0058,1","10234,1","06,0000,9,1",,,"4,000",,,,,,,"8,1,001,1,+999,9",,"4,99,0031,1","SYN011333   91106",
"07173099999","1990-09-19T00:00:00","4","48.2","6.4333333","320.0","EPINAL DOGNEVILLE, FR","FM-12","99999","V020","150,1,N,0010,1","99999,9,9,N","999999,9,N,9","+0105,1","+0057,1","10215,1","06,0000,9,1",,,"4,000",,,,,,,"8,1,016,1,+999,9",,"4,99,0031,1","SYN011333   91106",
"07173099999","1990-09-19T03:00:00","4","48.2","6.4333333","320.0","EPINAL DOGNEVILLE, FR","FM-12","99999","V020","999,1,C,0000,1","99999,9,9,N","999999,9,N,9","+0075,1","+0045,1","10196,1","06,0000,9,1",,,"4,000",,,,,,,"7,1,023,1,+999,9",,"4,99,0031,1","SYN011333   91106",
"07173099999","1990-09-19T06:00:00","4","48.2","6.4333333","320.0","EPINAL DOGNEVILLE, FR","FM-12","99999","V020","140,1,N,0010,1","99999,9,9,N","999999,9,N,9","+0081,1","+0043,1","10181,1","06,0000,9,1",,,"4,000",,"0426,9","999,+0020,9","999,N,+0071,1",,,"6,1,014,1,+999,9",,"4,99,0041,1","SYN029333   20071 3/002 55071 91108",
"07173099999","1990-09-19T09:00:00","4","48.2","6.4333333","320.0","EPINAL DOGNEVILLE, FR","FM-12","99999","V020","180,1,N,0041,1","99999,9,9,N","999999,9,N,9","+0169,1","+0055,1","10158,1","06,0000,9,1",,,"4,000",,,,,,,"6,1,011,1,+999,9",,"4,99,0088,1","SYN011333   91117",
"07173099999","1990-09-19T12:00:00","4","48.2","6.4333333","320.0","EPINAL DOGNEVILLE, FR","FM-12","99999","V020","180,1,N,0062,1","99999,9,9,N","999999,9,N,9","+0193,1","+0080,1","10133,1","06,0000,9,1",,,"4,000",,,,,,,"8,1,020,1,+999,9",,"4,99,0098,1","SYN011333   91119",
"07173099999","1990-09-19T15:00:00","4","48.2","6.4333333","320.0","EPINAL DOGNEVILLE, FR","FM-12","99999","V020","170,1,N,0062,1","99999,9,9,N","999999,9,N,9","+0201,1","+0088,1","10113,1","06,0000,9,1",,,"4,000",,,,,,,"6,1,018,1,+999,9",,"4,99,0118,1","SYN011333   91123",
"07173099999","1990-09-19T18:00:00","4","48.2","6.4333333","320.0","EPINAL DOGNEVILLE, FR","FM-12","99999","V020","180,1,N,0031,1","99999,9,9,N","999999,9,N,9","+0185,1","+0090,1","10115,1","06,0000,9,1",,,"4,000",,,,"999,M,+0205,1",,,"5,1,001,1,+999,9",,"4,99,0118,1","SYN017333   10205 91123",
"07173099999","1990-09-19T21:00:00","4","48.2","6.4333333","320.0","EPINAL DOGNEVILLE, FR","FM-12","99999","V020","210,1,N,0031,1","99999,9,9,N","999999,9,N,9","+0154,1","+0067,1","10136,1","06,0000,9,1",,,"4,000",,,,,,,"1,1,017,1,+999,9",,"4,99,0062,1","SYN011333   91112",
"07173099999","1990-09-20T00:00:00","4","48.2","6.4333333","320.0","EPINAL DOGNEVILLE, FR","FM-12","99999","V020","200,1,N,0021,1","99999,9,9,N","999999,9,N,9","+0130,1","+0079,1","10146,1","06,0000,9,1",,,"4,000",,,,,,,"3,1,007,1,+999,9",,"4,99,0062,1","SYN011333   91112",
"07173099999","1990-09-20T03:00:00","4","48.2","6.4333333","320.0","EPINAL DOGNEVILLE, FR","FM-12","99999","V020","210,1,N,0010,1","99999,9,9,N","999999,9,N,9","+0103,1","+0081,1","10142,1","06,0000,9,1",,,"4,000",,,,,,,"6,1,008,1,+999,9",,"4,99,0041,1","SYN011333   91108",
"07173099999","1990-09-20T06:00:00","4","48.2","6.4333333","320.0","EPINAL DOGNEVILLE, FR","FM-12","99999","V020","200,1,N,0031,1","99999,9,9,N","999999,9,N,9","+0115,1","+0084,1","10147,1","06,0000,9,1",,,"4,000",,"0492,9","999,+0050,9","999,N,+0099,1",,,"3,1,006,1,+999,9",,"4,99,0051,1","SYN029333   20099 3/005 55082 91110",
"07173099999","1990-09-20T09:00:00","4","48.2","6.4333333","320.0","EPINAL DOGNEVILLE, FR","FM-12","99999","V020","220,1,N,0031,1","99999,9,9,N","999999,9,N,9","+0139,1","+0068,1","10150,1","06,0000,9,1",,,"4,000",,,,,,,"2,1,006,1,+999,9",,"4,99,0072,1","SYN011333   91114",
"07173099999","1990-09-20T12:00:00","4","48.2","6.4333333","320.0","EPINAL DOGNEVILLE, FR","FM-12","99999","V020","250,1,N,0051,1","99999,9,9,N","999999,9,N,9","+0148,1","+0051,1","10139,1","06,0000,9,1",,,"4,000",,,,,,,"8,1,009,1,+999,9",,"4,99,0098,1","SYN011333   91119",
"07173099999","1990-09-20T15:00:00","4","48.2","6.4333333","320.0","EPINAL DOGNEVILLE, FR","FM-12","99999","V020","270,1,N,0051,1","99999,9,9,N","999999,9,N,9","+0143,1","+0043,1","10132,1","06,0000,9,1",,,"4,000",,,,,,,"6,1,008,1,+999,9",,"4,99,0098,1","SYN011333   91119",
"07173099999","1990-09-20T18:00:00","4","48.2","6.4333333","320.0","EPINAL DOGNEVILLE, FR","FM-12","99999","V020","200,1,N,0010,1","99999,9,9,N","999999,9,N,9","+0117,1","+0049,1","10131,1","06,0000,9,1",,,"4,000",,,,"999,M,+0170,1",,,"8,1,004,1,+999,9",,"4,99,0098,1","SYN017333   10170 91119",
"07173099999","1990-09-20T21:00:00","4","48.2","6.4333333","320.0","EPINAL DOGNEVILLE, FR","FM-12","99999","V020","150,1,N,0010,1","99999,9,9,N","999999,9,N,9","+0110,1","+0053,1","10129,1","06,0000,9,1",,,"4,000",,,,,,,"8,1,003,1,+999,9",,"4,99,0041,1","SYN011333   91108",
"07173099999","1990-09-21T00:00:00","4","48.2","6.4333333","320.0","EPINAL DOGNEVILLE, FR","FM-12","99999","V020","150,1,N,0041,1","99999,9,9,N","999999,9,N,9","+0114,1","+0051,1","10101,1","06,0000,9,1",,,"4,000",,,,,,,"8,1,026,1,+999,9",,"4,99,0072,1","SYN011333   91114",
"07173099999","1990-09-21T03:00:00","4","48.2","6.4333333","320.0","EPINAL DOGNEVILLE, FR","FM-12","99999","V020","160,1,N,0072,1","99999,9,9,N","999999,9,N,9","+0120,1","+0059,1","10067,1","06,0000,9,1",,,"4,000",,,,,,,"8,1,032,1,+999,9",,"4,99,0108,1","SYN011333   91121",
"07173099999","1990-09-21T06:00:00","4","48.2","6.4333333","320.0","EPINAL DOGNEVILLE, FR","FM-12","99999","V020","180,1,N,0098,1","99999,9,9,N","999999,9,N,9","+0116,1","+0065,1","10062,1","06,0000,9,1",,,"4,000",,"0162,9","999,+0080,9","999,N,+0104,1",,,"5,1,006,1,+999,9",,"4,99,0180,1","SYN029333   20104 3/008 55027 91135",
"07173099999","1990-09-21T15:00:00","4","48.2","6.4333333","320.0","EPINAL DOGNEVILLE, FR","FM-12","99999","V020","210,1,N,0062,1","99999,9,9,N","999999,9,N,9","+0172,1","+0103,1","10056,1","06,0000,9,1",,,"4,000",,,,,,,"5,1,000,1,+999,9",,"4,99,0129,1","SYN011333   91125",
"07173099999","1990-09-21T18:00:00","4","48.2","6.4333333","320.0","EPINAL DOGNEVILLE, FR","FM-12","99999","V020","230,1,N,0021,1","99999,9,9,N","999999,9,N,9","+0145,1","+0085,1","10080,1","99,0020,9,1",,,"0,000",,,,"999,M,+0174,1",,,"3,1,020,1,+999,9",,"4,99,0129,1","SYN017333   10174 91125",
"07173099999","1990-09-21T21:00:00","4","48.2","6.4333333","320.0","EPINAL DOGNEVILLE, FR","FM-12","99999","V020","190,1,N,0021,1","99999,9,9,N","999999,9,N,9","+0126,1","+0069,1","10099,1","06,0000,9,1",,,"4,000",,,,,,,"1,1,016,1,+999,9",,"4,99,0062,1","SYN011333   91112",
"07173099999","1990-09-22T00:00:00","4","48.2","6.4333333","320.0","EPINAL DOGNEVILLE, FR","FM-12","99999","V020","170,1,N,0010,1","99999,9,9,N","999999,9,N,9","+0111,1","+0068,1","10096,1","06,0000,9,1",,,"4,000",,,,,,,"8,1,005,1,+999,9",,"4,99,0062,1","SYN011333   91112",
"07173099999","1990-09-22T03:00:00","4","48.2","6.4333333","320.0","EPINAL DOGNEVILLE, FR","FM-12","99999","V020","210,1,N,0051,1","99999,9,9,N","999999,9,N,9","+0124,1","+0103,1","10076,1","03,0008,9,1","99,0010,9,1",,"0,000","4,1,03,1",,,,,,"8,1,017,1,+999,9","41,1","4,99,0108,1","SYN017333   69987 91121",
"07173099999","1990-09-22T06:00:00","4","48.2","6.4333333","320.0","EPINAL DOGNEVILLE, FR","FM-12","99999","V020","170,1,N,0072,1","99999,9,9,N","999999,9,N,9","+0145,1","+0127,1","10052,1","03,0010,9,1","24,0040,9,1",,"0,000",,"0120,9","999,+0090,9","999,N,+0109,1",,,"6,1,021,1,+999,9",,"4,99,0118,1","SYN041333   20109 3/009 55020 60017 70040 91123",
"07173099999","1990-09-22T09:00:00","4","48.2","6.4333333","320.0","EPINAL DOGNEVILLE, FR","FM-12","99999","V020","170,1,N,0072,1","99999,9,9,N","999999,9,N,9","+0161,1","+0143,1","10048,1","03,0010,9,1",,,"0,000",,,,,,,"5,1,001,1,+999,9",,"4,99,0129,1","SYN017333   60017 91125",
"07173099999","1990-09-22T12:00:00","4","48.2","6.4333333","320.0","EPINAL DOGNEVILLE, FR","FM-12","99999","V020","180,1,N,0082,1","99999,9,9,N","999999,9,N,9","+0173,1","+0153,1","10038,1","03,0002,9,1","06,0003,9,1",,"0,000",,,,,,,"7,1,009,1,+999,9",,"4,99,0139,1","SYN017333   69927 91127",
"07173099999","1990-09-22T15:00:00","4","48.2","6.4333333","320.0","EPINAL DOGNEVILLE, FR","FM-12","99999","V020","170,1,N,0082,1","99999,9,9,N","999999,9,N,9","+0185,1","+0156,1","10026,1","03,0004,9,1","99,0005,9,1",,"0,000",,,,,,,"8,1,010,1,+999,9",,"4,99,0129,1","SYN017333   69947 91125",
"07173099999","1990-09-22T18:00:00","4","48.2","6.4333333","320.0","EPINAL DOGNEVILLE, FR","FM-12","99999","V020","190,1,N,0051,1","99999,9,9,N","999999,9,N,9","+0153,1","+0138,1","10046,1","03,0130,9,1",,,"0,000","4,1,06,1",,,"999,M,+0185,1",,,"3,1,016,1,+999,9","41,1","4,99,0139,1","SYN023333   10185 60137 91127",
"07173099999","1990-09-22T21:00:00","4","48.2","6.4333333","320.0","EPINAL DOGNEVILLE, FR","FM-12","99999","V020","210,1,N,0041,1","99999,9,9,N","999999,9,N,9","+0150,1","+0125,1","10058,1","06,0000,9,1",,,"4,000",,,,,,,"3,1,011,1,+999,9",,"4,99,0072,1","SYN011333   91114",
"07173099999","1990-09-23T00:00:00","4","48.2","6.4333333","320.0","EPINAL DOGNEVILLE, FR","FM-12","99999","V020","180,1,N,0041,1","99999,9,9,N","999999,9,N,9","+0139,1","+0112,1","10067,1","06,0000,9,1",,,"4,000",,,,,,,"1,1,007,1,+999,9",,"4,99,0072,1","SYN011333   91114",
"07173099999","1990-09-23T03:00:00","4","48.2","6.4333333","320.0","EPINAL DOGNEVILLE, FR","FM-12","99999","V020","160,1,N,0031,1","99999,9,9,N","999999,9,N,9","+0129,1","+0101,1","10068,1","06,0000,9,1",,,"4,000",,,,,,,"5,1,000,1,+999,9",,"4,99,0051,1","SYN011333   91110",
"07173099999","1990-09-23T06:00:00","4","48.2","6.4333333","320.0","EPINAL DOGNEVILLE, FR","FM-12","99999","V020","210,1,N,0021,1","99999,9,9,N","999999,9,N,9","+0128,1","+0105,1","10074,1","06,0000,9,1","24,0146,9,1",,"4,000",,"0006,9","999,+0120,9","999,N,+0124,1",,,"3,1,005,1,+999,9",,"4,99,0051,1","SYN035333   20124 3/012 55001 70146 91110",
"07173099999","1990-09-23T09:00:00","4","48.2","6.4333333","320.0","EPINAL DOGNEVILLE, FR","FM-12","99999","V020","170,1,N,0051,1","99999,9,9,N","999999,9,N,9","+0140,1","+0104,1","10081,1","06,0000,9,1",,,"4,000",,,,,,,"1,1,008,1,+999,9",,"4,99,0082,1","SYN011333   91116",
"07173099999","1990-09-23T12:00:00","4","48.2","6.4333333","320.0","EPINAL DOGNEVILLE, FR","FM-12","99999","V020","200,1,N,0051,1","99999,9,9,N","999999,9,N,9","+0160,1","+0085,1","10067,1","06,0000,9,1",,,"4,000",,,,,,,"7,1,011,1,+999,9",,"4,99,0129,1","SYN011333   91125",
"07173099999","1990-09-23T15:00:00","4","48.2","6.4333333","320.0","EPINAL DOGNEVILLE, FR","FM-12","99999","V020","160,1,N,0051,1","99999,9,9,N","999999,9,N,9","+0170,1","+0094,1","10050,1","06,0000,9,1",,,"4,000",,,,,,,"8,1,015,1,+999,9",,"4,99,0098,1","SYN011333   91119",
"07173099999","1990-09-23T18:00:00","4","48.2","6.4333333","320.0","EPINAL DOGNEVILLE, FR","FM-12","99999","V020","130,1,N,0041,1","99999,9,9,N","999999,9,N,9","+0147,1","+0103,1","10044,1","06,0000,9,1",,,"4,000",,,,"999,M,+0178,1",,,"6,1,008,1,+999,9",,"4,99,0098,1","SYN017333   10178 91119",
"07173099999","1990-09-23T21:00:00","4","48.2","6.4333333","320.0","EPINAL DOGNEVILLE, FR","FM-12","99999","V020","170,1,N,0051,1","99999,9,9,N","999999,9,N,9","+0143,1","+0120,1","10041,1","03,0002,9,1","99,0003,9,1",,"0,000","4,1,03,1",,,,,,"6,1,004,1,+999,9","21,1","4,99,0098,1","SYN017333   69927 91119",
"07173099999","1990-09-24T00:00:00","4","48.2","6.4333333","320.0","EPINAL DOGNEVILLE, FR","FM-12","99999","V020","200,1,N,0041,1","99999,9,9,N","999999,9,N,9","+0112,1","+0095,1","10053,1","03,0040,9,1","06,0040,9,1",,"0,000","4,1,06,1",,,,,,"3,1,008,1,+999,9","21,1","4,99,0139,1","SYN017333   60047 91127",
"07173099999","1990-09-24T03:00:00","4","48.2","6.4333333","320.0","EPINAL DOGNEVILLE, FR","FM-12","99999","V020","220,1,N,0062,1","99999,9,9,N","999999,9,N,9","+0103,1","+0075,1","10079,1","03,0020,9,1",,,"0,000","4,1,03,1",,,,,,"3,1,024,1,+999,9","21,1","4,99,0108,1","SYN017333   60027 91121",
"07173099999","1990-09-24T06:00:00","4","48.2","6.4333333","320.0","EPINAL DOGNEVILLE, FR","FM-12","99999","V020","190,1,N,0051,1","99999,9,9,N","999999,9,N,9","+0086,1","+0064,1","10112,1","24,0060,9,1",,,"0,000",,"0192,9","999,+0070,9","999,N,+0086,1",,,"3,1,029,1,+999,9",,"4,99,0108,1","SYN035333   20086 3/007 55032 70060 91121",
"07173099999","1990-09-24T09:00:00","4","48.2","6.4333333","320.0","EPINAL DOGNEVILLE, FR","FM-12","99999","V020","180,1,N,0051,1","99999,9,9,N","999999,9,N,9","+0105,1","+0068,1","10133,1","06,0000,9,1",,,"4,000",,,,,,,"1,1,023,1,+999,9",,"4,99,0098,1","SYN011333   91119",
"07173099999","1990-09-24T12:00:00","4","48.2","6.4333333","320.0","EPINAL DOGNEVILLE, FR","FM-12","99999","V020","190,1,N,0062,1","99999,9,9,N","999999,9,N,9","+0129,1","+0058,1","10129,1","06,0000,9,1",,,"4,000",,,,,,,"8,1,001,1,+999,9",,"4,99,0118,1","SYN011333   91123",
"07173099999","1990-09-24T15:00:00","4","48.2","6.4333333","320.0","EPINAL DOGNEVILLE, FR","FM-12","99999","V020","180,1,N,0062,1","99999,9,9,N","999999,9,N,9","+0133,1","+0057,1","10124,1","06,0000,9,1",,,"4,000",,,,,,,"6,1,005,1,+999,9",,"4,99,0108,1","SYN011333   91121",
"07173099999","1990-09-24T18:00:00","4","48.2","6.4333333","320.0","EPINAL DOGNEVILLE, FR","FM-12","99999","V020","170,1,N,0031,1","99999,9,9,N","999999,9,N,9","+0100,1","+0062,1","10131,1","06,0000,9,1",,,"4,000",,,,"999,M,+0142,1",,,"3,1,003,1,+999,9",,"4,99,0108,1","SYN017333   10142 91121",
"07173099999","1990-09-24T21:00:00","4","48.2","6.4333333","320.0","EPINAL DOGNEVILLE, FR","FM-12","99999","V020","150,1,N,0041,1","99999,9,9,N","999999,9,N,9","+0096,1","+0058,1","10135,1","06,0000,9,1",,,"4,000",,,,,,,"0,1,003,1,+999,9",,"4,99,0082,1","SYN011333   91116",
"07173099999","1990-09-25T00:00:00","4","48.2","6.4333333","320.0","EPINAL DOGNEVILLE, FR","FM-12","99999","V020","170,1,N,0051,1","99999,9,9,N","999999,9,N,9","+0097,1","+0066,1","10133,1","03,0002,9,1","06,0003,9,1",,"0,000","4,1,06,1",,,,,,"8,1,001,1,+999,9","21,1","4,99,0108,1","SYN017333   69927 91121",
"07173099999","1990-09-25T03:00:00","4","48.2","6.4333333","320.0","EPINAL DOGNEVILLE, FR","FM-12","99999","V020","160,1,N,0051,1","99999,9,9,N","999999,9,N,9","+0094,1","+0061,1","10129,1","06,0000,9,1",,,"4,000",,,,,,,"6,1,004,1,+999,9",,"4,99,0082,1","SYN011333   91116",
"07173099999","1990-09-25T06:00:00","4","48.2","6.4333333","320.0","EPINAL DOGNEVILLE, FR","FM-12","99999","V020","170,1,N,0051,1","99999,9,9,N","999999,9,N,9","+0095,1","+0064,1","10142,1","24,0002,9,1",,,"0,000",,"0282,9","999,+0070,9","999,N,+0092,1",,,"3,1,012,1,+999,9",,"4,99,0088,1","SYN035333   20092 3/007 55047 70002 91117",
"07173099999","1990-09-25T12:00:00","4","48.2","6.4333333","320.0","EPINAL DOGNEVILLE, FR","FM-12","99999","V020","230,1,N,0051,1","99999,9,9,N","999999,9,N,9","+0148,1","+0048,1","10157,1","06,0000,9,1",,,"4,000",,,,,,,"3,1,006,1,+999,9",,"4,99,0129,1","SYN011333   91125",
"07173099999","1990-09-25T15:00:00","4","48.2","6.4333333","320.0","EPINAL DOGNEVILLE, FR","FM-12","99999","V020","220,1,N,0051,1","99999,9,9,N","999999,9,N,9","+0147,1","+0050,1","10164,1","06,0000,9,1",,,"4,000",,,,,,,"1,1,007,1,+999,9",,"4,99,0108,1","SYN011333   91121",
"07173099999","1990-09-25T18:00:00","4","48.2","6.4333333","320.0","EPINAL DOGNEVILLE, FR","FM-12","99999","V020","150,1,N,0010,1","99999,9,9,N","999999,9,N,9","+0114,1","+0067,1","10180,1","06,0000,9,1",,,"4,000",,,,"999,M,+0156,1",,,"1,1,011,1,+999,9",,"4,99,0108,1","SYN017333   10156 91121",
"07173099999","1990-09-25T21:00:00","4","48.2","6.4333333","320.0","EPINAL DOGNEVILLE, FR","FM-12","99999","V020","999,1,C,0000,1","99999,9,9,N","999999,9,N,9","+0070,1","+0056,1","10200,1","06,0000,9,1",,,"4,000",,,,,,,"1,1,013,1,+999,9",,"4,99,0021,1","SYN011333   91104",
"07173099999","1990-09-26T00:00:00","4","48.2","6.4333333","320.0","EPINAL DOGNEVILLE, FR","FM-12","99999","V020","999,1,C,0000,1","99999,9,9,N","999999,9,N,9","+0046,1","+0036,1","10210,1","06,0000,9,1",,,"4,000",,,,,,,"1,1,006,1,+999,9",,"4,99,0021,1","SYN011333   91104",
"07173099999","1990-09-26T03:00:00","4","48.2","6.4333333","320.0","EPINAL DOGNEVILLE, FR","FM-12","99999","V020","999,1,C,0000,1","99999,9,9,N","999999,9,N,9","+0029,1","+0020,1","10213,1","06,0000,9,1",,,"4,000",,,,,,,"0,1,001,1,+999,9",,"4,99,0021,1","SYN011333   91104",
"07173099999","1990-09-26T06:00:00","4","48.2","6.4333333","320.0","EPINAL DOGNEVILLE, FR","FM-12","99999","V020","999,1,C,0000,1","99999,9,9,N","999999,9,N,9","+0024,1","+0017,1","10215,1","03,0002,9,1","24,0002,9,1","99,0003,9,1","0,000",,"0294,9","999,-0020,9","999,N,+0023,1",,,"1,1,001,1,+999,9",,"4,99,0021,1","SYN041333   20023 3/102 55049 69927 70002 91104",
"07173099999","1990-09-26T09:00:00","4","48.2","6.4333333","320.0","EPINAL DOGNEVILLE, FR","FM-12","99999","V020","280,1,N,0010,1","99999,9,9,N","999999,9,N,9","+0089,1","+0074,1","10220,1","06,0000,9,1",,,"4,000",,,,,,,"1,1,015,1,+999,9",,"4,99,0021,1","SYN011333   91104",
"07173099999","1990-09-26T12:00:00","4","48.2","6.4333333","320.0","EPINAL DOGNEVILLE, FR","FM-12","99999","V020","310,1,N,0041,1","99999,9,9,N","999999,9,N,9","+0135,1","+0084,1","10217,1","06,0000,9,1",,,"4,000",,,,,,,"3,1,003,1,+999,9",,"4,99,0072,1","SYN011333   91114",
"07173099999","1990-09-26T15:00:00","4","48.2","6.4333333","320.0","EPINAL DOGNEVILLE, FR","FM-12","99999","V020","340,1,N,0051,1","99999,9,9,N","999999,9,N,9","+0137,1","+0077,1","10224,1","06,0000,9,1",,,"4,000",,,,,,,"0,1,006,1,+999,9",,"4,99,0082,1","SYN011333   91116",
"07173099999","1990-09-26T18:00:00","4","48.2","6.4333333","320.0","EPINAL DOGNEVILLE, FR","FM-12","99999","V020","999,1,C,0000,1","99999,9,9,N","999999,9,N,9","+0107,1","+0078,1","10238,1","06,0000,9,1",,,"4,000",,,,"999,M,+0146,1",,,"2,1,010,1,+999,9",,"4,99,0082,1","SYN017333   10146 91116",
"07173099999","1990-09-26T21:00:00","4","48.2","6.4333333","320.0","EPINAL DOGNEVILLE, FR","FM-12","99999","V020","999,1,C,0000,1","99999,9,9,N","999999,9,N,9","+0077,1","+0063,1","10257,1","06,0000,9,1",,,"4,000",,,,,,,"2,1,015,1,+999,9",,"4,99,0021,1","SYN011333   91104",
"07173099999","1990-09-27T00:00:00","4","48.2","6.4333333","320.0","EPINAL DOGNEVILLE, FR","FM-12","99999","V020","999,1,C,0000,1","99999,9,9,N","999999,9,N,9","+0054,1","+0045,1","10272,1","03,0002,9,1","06,0003,9,1",,"9,000","4,1,06,1",,,,,,"1,1,010,1,+999,9","21,1","4,99,0021,1","SYN017333   69927 91104",
"07173099999","1990-09-27T03:00:00","4","48.2","6.4333333","320.0","EPINAL DOGNEVILLE, FR","FM-12","99999","V020","999,1,C,0000,1","99999,9,9,N","999999,9,N,9","+0045,1","+0038,1","10280,1","06,0000,9,1",,,"4,000",,,,,,,"3,1,007,1,+999,9",,"4,99,0010,1","SYN011333   91102",
"07173099999","1990-09-27T06:00:00","4","48.2","6.4333333","320.0","EPINAL DOGNEVILLE, FR","FM-12","99999","V020","330,1,N,0010,1","99999,9,9,N","999999,9,N,9","+0056,1","+0050,1","10286,1","24,0002,9,1",,,"0,000",,"0180,9","999,+0000,9","999,N,+0040,1",,,"3,1,007,1,+999,9",,"4,99,0031,1","SYN035333   20040 3/000 55030 70002 91106",
"07173099999","1990-09-27T09:00:00","4","48.2","6.4333333","320.0","EPINAL DOGNEVILLE, FR","FM-12","99999","V020","340,1,N,0021,1","99999,9,9,N","999999,9,N,9","+0076,1","+0069,1","10298,1","06,0000,9,1",,,"4,000",,,,,,,"1,1,015,1,+999,9",,"4,99,0041,1","SYN011333   91108",
"07173099999","1990-09-27T12:00:00","4","48.2","6.4333333","320.0","EPINAL DOGNEVILLE, FR","FM-12","99999","V020","310,1,N,0021,1","99999,9,9,N","999999,9,N,9","+0121,1","+0055,1","10287,1","06,0000,9,1",,,"4,000",,,,,,,"8,1,005,1,+999,9",,"4,99,0051,1","SYN011333   91110",
"07173099999","1990-09-27T15:00:00","4","48.2","6.4333333","320.0","EPINAL DOGNEVILLE, FR","FM-12","99999","V020","290,1,N,0031,1","99999,9,9,N","999999,9,N,9","+0135,1","+0015,1","10281,1","06,0000,9,1",,,"4,000",,,,,,,"6,1,004,1,+999,9",,"4,99,0072,1","SYN011333   91114",
"07173099999","1990-09-27T18:00:00","4","48.2","6.4333333","320.0","EPINAL DOGNEVILLE, FR","FM-12","99999","V020","999,1,C,0000,1","99999,9,9,N","999999,9,N,9","+0087,1","+0031,1","10294,1","06,0000,9,1",,,"4,000",,,,"999,M,+0139,1",,,"3,1,006,1,+999,9",,"4,99,0072,1","SYN017333   10139 91114",
"07173099999","1990-09-27T21:00:00","4","48.2","6.4333333","320.0","EPINAL DOGNEVILLE, FR","FM-12","99999","V020","090,1,N,0010,1","99999,9,9,N","999999,9,N,9","+0044,1","+0029,1","10308,1","06,0000,9,1",,,"4,000",,,,,,,"1,1,007,1,+999,9",,"4,99,0021,1","SYN011333   91104",
"07173099999","1990-09-28T00:00:00","4","48.2","6.4333333","320.0","EPINAL DOGNEVILLE, FR","FM-12","99999","V020","070,1,N,0010,1","99999,9,9,N","999999,9,N,9","+0024,1","+0014,1","10315,1","06,0000,9,1",,,"4,000",,,,,,,"2,1,004,1,+999,9",,"4,99,0021,1","SYN011333   91104",
"07173099999","1990-09-28T03:00:00","4","48.2","6.4333333","320.0","EPINAL DOGNEVILLE, FR","FM-12","99999","V020","999,1,C,0000,1","99999,9,9,N","999999,9,N,9","+0014,1","+0005,1","10308,1","03,0002,9,1","99,0003,9,1",,"0,000",,,,,,,"8,1,008,1,+999,9",,"4,99,0021,1","SYN017333   69927 91104",
"07173099999","1990-09-28T06:00:00","4","48.2","6.4333333","320.0","EPINAL DOGNEVILLE, FR","FM-12","99999","V020","080,1,N,0010,1","99999,9,9,N","999999,9,N,9","+0009,1","+0002,1","10308,1","24,0002,9,1",,,"0,000",,"0330,9","999,-0050,9","999,N,+0004,1",,,"8,1,001,1,+999,9",,"4,99,0021,1","SYN035333   20004 3/105 55055 70002 91104",
"07173099999","1990-09-28T09:00:00","4","48.2","6.4333333","320.0","EPINAL DOGNEVILLE, FR","FM-12","99999","V020","270,1,N,0010,1","99999,9,9,N","999999,9,N,9","+0099,1","+0055,1","10298,1","06,0000,9,1",,,"4,000",,,,,,,"1,1,004,1,+999,9",,"4,99,0031,1","SYN011333   91106",
"07173099999","1990-09-28T12:00:00","4","48.2","6.4333333","320.0","EPINAL DOGNEVILLE, FR","FM-12","99999","V020","010,1,N,0021,1","99999,9,9,N","999999,9,N,9","+0162,1","+0026,1","10264,1","06,0000,9,1",,,"4,000",,,,,,,"8,1,025,1,+999,9",,"4,99,0051,1","SYN011333   91110",
"07173099999","1990-09-28T15:00:00","4","48.2","6.4333333","320.0","EPINAL DOGNEVILLE, FR","FM-12","99999","V020","310,1,N,0021,1","99999,9,9,N","999999,9,N,9","+0176,1","+0024,1","10243,1","06,0000,9,1",,,"4,000",,,,,,,"6,1,019,1,+999,9",,"4,99,0051,1","SYN011333   91110",
"07173099999","1990-09-28T21:00:00","4","48.2","6.4333333","320.0","EPINAL DOGNEVILLE, FR","FM-12","99999","V020","999,1,C,0000,1","99999,9,9,N","999999,9,N,9","+0059,1","+0044,1","10249,1","06,0000,9,1",,,"4,000",,,,,,,"8,1,005,1,+999,9",,"4,99,0021,1","SYN011333   91104",
"07173099999","1990-09-29T00:00:00","4","48.2","6.4333333","320.0","EPINAL DOGNEVILLE, FR","FM-12","99999","V020","070,1,N,0010,1","99999,9,9,N","999999,9,N,9","+0045,1","+0035,1","10241,1","06,0000,9,1",,,"4,000",,,,,,,"8,1,009,1,+999,9",,"4,99,0031,1","SYN011333   91106",
"07173099999","1990-09-29T03:00:00","4","48.2","6.4333333","320.0","EPINAL DOGNEVILLE, FR","FM-12","99999","V020","070,1,N,0010,1","99999,9,9,N","999999,9,N,9","+0033,1","+0024,1","10234,1","03,0002,9,1","99,0003,9,1",,"0,000",,,,,,,"8,1,008,1,+999,9",,"4,99,0021,1","SYN017333   69927 91104",
"07173099999","1990-09-29T06:00:00","4","48.2","6.4333333","320.0","EPINAL DOGNEVILLE, FR","FM-12","99999","V020","999,1,C,0000,1","99999,9,9,N","999999,9,N,9","+0029,1","+0022,1","10229,1","24,0002,9,1",,,"0,000",,"0660,9","999,-0030,9","999,N,+0023,1",,,"5,1,006,1,+999,9",,"4,99,0021,1","SYN035333   20023 3/103 55110 70002 91104",
"07173099999","1990-09-29T09:00:00","4","48.2","6.4333333","320.0","EPINAL DOGNEVILLE, FR","FM-12","99999","V020","170,1,N,0072,1","99999,9,9,N","999999,9,N,9","+0155,1","+0101,1","10211,1","06,0000,9,1",,,"4,000",,,,,,,"0,1,000,1,+999,9",,"4,99,0118,1","SYN011333   91123",
"07173099999","1990-09-29T12:00:00","4","48.2","6.4333333","320.0","EPINAL DOGNEVILLE, FR","FM-12","99999","V020","160,1,N,0062,1","99999,9,9,N","999999,9,N,9","+0195,1","+0082,1","10183,1","06,0000,9,1",,,"4,000",,,,,,,"8,1,022,1,+999,9",,"4,99,0118,1","SYN011333   91123",
"07173099999","1990-09-29T15:00:00","4","48.2","6.4333333","320.0","EPINAL DOGNEVILLE, FR","FM-12","99999","V020","160,1,N,0051,1","99999,9,9,N","999999,9,N,9","+0210,1","+0099,1","10163,1","06,0000,9,1",,,"4,000",,,,,,,"7,1,017,1,+999,9",,"4,99,0088,1","SYN011333   91117",
"07173099999","1990-09-29T18:00:00","4","48.2","6.4333333","320.0","EPINAL DOGNEVILLE, FR","FM-12","99999","V020","170,1,N,0021,1","99999,9,9,N","999999,9,N,9","+0181,1","+0107,1","10154,1","06,0000,9,1",,,"4,000",,,,"999,M,+0217,1",,,"6,1,012,1,+999,9",,"4,99,0088,1","SYN017333   10217 91117",
"07173099999","1990-09-29T21:00:00","4","48.2","6.4333333","320.0","EPINAL DOGNEVILLE, FR","FM-12","99999","V020","170,1,N,0041,1","99999,9,9,N","999999,9,N,9","+0185,1","+0125,1","10149,1","03,0002,9,1","99,0003,9,1",,"0,000",,,,,,,"6,1,005,1,+999,9",,"4,99,0108,1","SYN017333   69927 91121",
"07173099999","1990-09-30T00:00:00","4","48.2","6.4333333","320.0","EPINAL DOGNEVILLE, FR","FM-12","99999","V020","170,1,N,0051,1","99999,9,9,N","999999,9,N,9","+0173,1","+0126,1","10138,1","06,0003,9,1",,,"0,000",,,,,,,"8,1,011,1,+999,9",,"4,99,0108,1","SYN011333   91121",
"07173099999","1990-09-30T03:00:00","4","48.2","6.4333333","320.0","EPINAL DOGNEVILLE, FR","FM-12","99999","V020","160,1,N,0031,1","99999,9,9,N","999999,9,N,9","+0159,1","+0126,1","10129,1","06,0000,9,1",,,"4,000",,,,,,,"8,1,011,1,+999,9",,"4,99,0098,1","SYN011333   91119",
"07173099999","1990-09-30T06:00:00","4","48.2","6.4333333","320.0","EPINAL DOGNEVILLE, FR","FM-12","99999","V020","180,1,N,0051,1","99999,9,9,N","999999,9,N,9","+0159,1","+0141,1","10131,1","03,0008,9,1","24,0010,9,1",,"0,000","4,1,06,1","0522,9","999,+0130,9","999,N,+0152,1",,,"3,1,002,1,+999,9","21,1","4,99,0098,1","SYN041333   20152 3/013 55087 69987 70010 91119",
"07173099999","1990-09-30T09:00:00","4","48.2","6.4333333","320.0","EPINAL DOGNEVILLE, FR","FM-12","99999","V020","170,1,N,0041,1","99999,9,9,N","999999,9,N,9","+0183,1","+0157,1","10118,1","03,0006,9,1","99,0005,9,1",,"0,000",,,,,,,"5,1,009,1,+999,9",,"4,99,0118,1","SYN017333   69967 91123",
"07173099999","1990-09-30T12:00:00","4","48.2","6.4333333","320.0","EPINAL DOGNEVILLE, FR","FM-12","99999","V020","160,1,N,0082,1","99999,9,9,N","999999,9,N,9","+0223,1","+0168,1","10097,1","06,0005,9,1",,,"0,000",,,,,,,"8,1,015,1,+999,9",,"4,99,0129,1","SYN011333   91125",
"07173099999","1990-09-30T15:00:00","4","48.2","6.4333333","320.0","EPINAL DOGNEVILLE, FR","FM-12","99999","V020","200,1,N,0041,1","99999,9,9,N","999999,9,N,9","+0211,1","+0165,1","10092,1","06,0000,9,1",,,"4,000",,,,,,,"5,1,006,1,+999,9",,"4,99,0160,1","SYN011333   91131",
"07173099999","1990-09-30T18:00:00","4","48.2","6.4333333","320.0","EPINAL DOGNEVILLE, FR","FM-12","99999","V020","150,1,N,0051,1","99999,9,9,N","999999,9,N,9","+0175,1","+0144,1","10092,1","03,0100,9,1",,,"0,000",,,,"999,M,+0229,1",,,"5,1,006,1,+999,9",,"4,99,0160,1","SYN023333   10229 60107 91131",
"07173099999","1990-10-01T03:00:00","4","48.2","6.4333333","320.0","EPINAL DOGNEVILLE, FR","FM-12","99999","V020","160,1,N,0051,1","99999,9,9,N","999999,9,N,9","+0172,1","+0155,1","10106,1","03,0020,9,1",,,"0,000","4,1,03,1",,,,,,"8,1,008,1,+999,9","21,1","4,99,0098,1","SYN017333   60027 91119",
"07173099999","1990-10-01T06:00:00","4","48.2","6.4333333","320.0","EPINAL DOGNEVILLE, FR","FM-12","99999","V020","170,1,N,0062,1","99999,9,9,N","999999,9,N,9","+0167,1","+0149,1","10112,1","03,0002,9,1","24,0260,9,1","99,0003,9,1","0,000","4,1,06,1","0192,9","999,+0150,9","999,N,+0157,1",,,"3,1,005,1,+999,9","21,1","4,99,0118,1","SYN041333   20157 3/015 55032 69927 70260 91123",
"07173099999","1990-10-01T09:00:00","4","48.2","6.4333333","320.0","EPINAL DOGNEVILLE, FR","FM-12","99999","V020","170,1,N,0051,1","99999,9,9,N","999999,9,N,9","+0165,1","+0150,1","10122,1","03,0006,9,1","99,0005,9,1",,"0,000","4,1,03,1",,,,,,"3,1,010,1,+999,9","41,1","4,99,0108,1","SYN017333   69967 91121",
"07173099999","1990-10-01T12:00:00","4","48.2","6.4333333","320.0","EPINAL DOGNEVILLE, FR","FM-12","99999","V020","210,1,N,0041,1","99999,9,9,N","999999,9,N,9","+0169,1","+0159,1","10134,1","03,0050,9,1","06,0050,9,1",,"0,000","4,1,06,1",,,,,,"3,1,012,1,+999,9","41,1","4,99,0118,1","SYN017333   60057 91123",
"07173099999","1990-10-01T15:00:00","4","48.2","6.4333333","320.0","EPINAL DOGNEVILLE, FR","FM-12","99999","V020","280,1,N,0021,1","99999,9,9,N","999999,9,N,9","+0171,1","+0153,1","10158,1","03,0006,9,1","99,0005,9,1",,"0,000",,,,,,,"1,1,023,1,+999,9",,"4,99,0082,1","SYN017333   69967 91116",
"07173099999","1990-10-01T18:00:00","4","48.2","6.4333333","320.0","EPINAL DOGNEVILLE, FR","FM-12","99999","V020","300,1,N,0031,1","99999,9,9,N","999999,9,N,9","+0152,1","+0142,1","10191,1","03,0010,9,1",,,"0,000",,,,"999,M,+0172,1",,,"3,1,029,1,+999,9",,"4,99,0082,1","SYN023333   10172 60017 91116",
"07173099999","1990-10-01T21:00:00","4","48.2","6.4333333","320.0","EPINAL DOGNEVILLE, FR","FM-12","99999","V020","350,1,N,0021,1","99999,9,9,N","999999,9,N,9","+0137,1","+0126,1","10212,1","03,0002,9,1","99,0003,9,1",,"0,000",,,,,,,"3,1,018,1,+999,9",,"4,99,0072,1","SYN017333   69927 91114",
"07173099999","1990-10-02T00:00:00","4","48.2","6.4333333","320.0","EPINAL DOGNEVILLE, FR","FM-12","99999","V020","320,1,N,0010,1","99999,9,9,N","999999,9,N,9","+0132,1","+0123,1","10214,1","06,0003,9,1",,,"0,000",,,,,,,"0,1,002,1,+999,9",,"4,99,0072,1","SYN011333   91114",
"07173099999","1990-10-02T03:00:00","4","48.2","6.4333333","320.0","EPINAL DOGNEVILLE, FR","FM-12","99999","V020","330,1,N,0010,1","99999,9,9,N","999999,9,N,9","+0126,1","+0118,1","10214,1","06,0000,9,1",,,"4,000",,,,,,,"5,1,001,1,+999,9",,"4,99,0051,1","SYN011333   91110",
"07173099999","1990-10-02T06:00:00","4","48.2","6.4333333","320.0","EPINAL DOGNEVILLE, FR","FM-12","99999","V020","300,1,N,0010,1","99999,9,9,N","999999,9,N,9","+0123,1","+0117,1","10211,1","24,0076,9,1","99,0003,9,1",,"0,000",,"0000,9","999,+0110,9","999,N,+0123,1",,,"6,1,003,1,+999,9",,"4,99,0051,1","SYN035333   20123 3/011 55000 70076 91110",
"07173099999","1990-10-02T09:00:00","4","48.2","6.4333333","320.0","EPINAL DOGNEVILLE, FR","FM-12","99999","V020","300,1,N,0010,1","99999,9,9,N","999999,9,N,9","+0141,1","+0130,1","10210,1","06,0000,9,1",,,"4,000",,,,,,,"0,1,001,1,+999,9",,"4,99,0031,1","SYN011333   91106",
"07173099999","1990-10-02T12:00:00","4","48.2","6.4333333","320.0","EPINAL DOGNEVILLE, FR","FM-12","99999","V020","230,1,N,0010,1","99999,9,9,N","999999,9,N,9","+0184,1","+0133,1","10191,1","06,0000,9,1",,,"4,000",,,,,,,"8,1,013,1,+999,9",,"4,99,0031,1","SYN011333   91106",
"07173099999","1990-10-02T15:00:00","4","48.2","6.4333333","320.0","EPINAL DOGNEVILLE, FR","FM-12","99999","V020","290,1,N,0010,1","99999,9,9,N","999999,9,N,9","+0204,1","+0131,1","10170,1","06,0000,9,1",,,"4,000",,,,,,,"6,1,017,1,+999,9",,"4,99,0041,1","SYN011333   91108",
"07173099999","1990-10-02T18:00:00","4","48.2","6.4333333","320.0","EPINAL DOGNEVILLE, FR","FM-12","99999","V020","070,1,N,0010,1","99999,9,9,N","999999,9,N,9","+0146,1","+0131,1","10178,1","06,0000,9,1",,,"4,000",,,,"999,M,+0205,1",,,"5,1,000,1,+999,9",,"4,99,0041,1","SYN017333   10205 91108",
"07173099999","1990-10-02T21:00:00","4","48.2","6.4333333","320.0","EPINAL DOGNEVILLE, FR","FM-12","99999","V020","320,1,N,0010,1","99999,9,9,N","999999,9,N,9","+0112,1","+0104,1","10181,1","06,0000,9,1",,,"4,000",,,,,,,"8,1,002,1,+999,9",,"4,99,0021,1","SYN011333   91104",
"07173099999","1990-10-03T00:00:00","4","48.2","6.4333333","320.0","EPINAL DOGNEVILLE, FR","FM-12","99999","V020","040,1,N,0010,1","99999,9,9,N","999999,9,N,9","+0098,1","+0093,1","10170,1","03,0002,9,1","06,0003,9,1",,"0,000","4,1,06,1",,,,,,"6,1,012,1,+999,9","21,1","4,99,0021,1","SYN017333   69927 91104",
"07173099999","1990-10-03T03:00:00","4","48.2","6.4333333","320.0","EPINAL DOGNEVILLE, FR","FM-12","99999","V020","130,1,N,0010,1","99999,9,9,N","999999,9,N,9","+0120,1","+0115,1","10156,1","06,0000,9,1",,,"4,000",,,,,,,"8,1,011,1,+999,9",,"4,99,0021,1","SYN011333   91104",
"07173099999","1990-10-03T06:00:00","4","48.2","6.4333333","320.0","EPINAL DOGNEVILLE, FR","FM-12","99999","V020","120,1,N,0021,1","99999,9,9,N","999999,9,N,9","+0130,1","+0119,1","10149,1","06,0000,9,1",,,"4,000",,"0294,9","999,+0050,9","999,N,+0092,1",,,"6,1,005,1,+999,9",,"4,99,0051,1","SYN029333   20092 3/005 55049 91110",
"07173099999","1990-10-03T09:00:00","4","48.2","6.4333333","320.0","EPINAL DOGNEVILLE, FR","FM-12","99999","V020","160,1,N,0062,1","99999,9,9,N","999999,9,N,9","+0170,1","+0139,1","10141,1","06,0000,9,1",,,"4,000",,,,,,,"8,1,003,1,+999,9",,"4,99,0108,1","SYN011333   91121",
"07173099999","1990-10-03T12:00:00","4","48.2","6.4333333","320.0","EPINAL DOGNEVILLE, FR","FM-12","99999","V020","170,1,N,0051,1","99999,9,9,N","999999,9,N,9","+0215,1","+0149,1","10118,1","06,0000,9,1",,,"4,000",,,,,,,"8,1,016,1,+999,9",,"4,99,0129,1","SYN011333   91125",
"07173099999","1990-10-03T15:00:00","4","48.2","6.4333333","320.0","EPINAL DOGNEVILLE, FR","FM-12","99999","V020","160,1,N,0041,1","99999,9,9,N","999999,9,N,9","+0227,1","+0153,1","10099,1","06,0000,9,1",,,"4,000",,,,,,,"8,1,017,1,+999,9",,"4,99,0098,1","SYN011333   91119",
"07173099999","1990-10-03T18:00:00","4","48.2","6.4333333","320.0","EPINAL DOGNEVILLE, FR","FM-12","99999","V020","999,1,C,0000,1","99999,9,9,N","999999,9,N,9","+0178,1","+0137,1","10097,1","06,0000,9,1",,,"4,000",,,,"999,M,+0228,1",,,"6,1,008,1,+999,9",,"4,99,0098,1","SYN017333   10228 91119",
"07173099999","1990-10-03T21:00:00","4","48.2","6.4333333","320.0","EPINAL DOGNEVILLE, FR","FM-12","99999","V020","140,1,N,0041,1","99999,9,9,N","999999,9,N,9","+0188,1","+0130,1","10095,1","06,0000,9,1",,,"4,000",,,,,,,"5,1,001,1,+999,9",,"4,99,0072,1","SYN011333   91114",
"07173099999","1990-10-04T00:00:00","4","48.2","6.4333333","320.0","EPINAL DOGNEVILLE, FR","FM-12","99999","V020","160,1,N,0021,1","99999,9,9,N","999999,9,N,9","+0177,1","+0136,1","10101,1","06,0000,9,1",,,"4,000",,,,,,,"3,1,005,1,+999,9",,"4,99,0098,1","SYN011333   91119",
"07173099999","1990-10-04T03:00:00","4","48.2","6.4333333","320.0","EPINAL DOGNEVILLE, FR","FM-12","99999","V020","170,1,N,0021,1","99999,9,9,N","999999,9,N,9","+0151,1","+0138,1","10118,1","03,0040,9,1",,,"0,000","4,1,03,1",,,,,,"3,1,013,1,+999,9","21,1","4,99,0129,1","SYN017333   60047 91125",
"07173099999","1990-10-04T06:00:00","4","48.2","6.4333333","320.0","EPINAL DOGNEVILLE, FR","FM-12","99999","V020","200,1,N,0021,1","99999,9,9,N","999999,9,N,9","+0109,1","+0092,1","10165,1","03,0002,9,1","24,0040,9,1","99,0003,9,1","0,000","4,1,06,1","0492,9","999,+0090,9","999,N,+0109,1",,,"1,1,039,1,+999,9","21,1","4,99,0129,1","SYN041333   20109 3/009 55082 69927 70040 91125",
"07173099999","1990-10-04T09:00:00","4","48.2","6.4333333","320.0","EPINAL DOGNEVILLE, FR","FM-12","99999","V020","280,1,N,0041,1","99999,9,9,N","999999,9,N,9","+0114,1","+0088,1","10199,1","03,0004,9,1","99,0005,9,1",,"0,000",,,,,,,"3,1,033,1,+999,9",,"4,99,0082,1","SYN017333   69947 91116",
"07173099999","1990-10-04T12:00:00","4","48.2","6.4333333","320.0","EPINAL DOGNEVILLE, FR","FM-12","99999","V020","230,1,N,0021,1","99999,9,9,N","999999,9,N,9","+0135,1","+0061,1","10214,1","06,0005,9,1",,,"0,000",,,,,,,"1,1,017,1,+999,9",,"4,99,0082,1","SYN011333   91116",
"07173099999","1990-10-04T15:00:00","4","48.2","6.4333333","320.0","EPINAL DOGNEVILLE, FR","FM-12","99999","V020","260,1,N,0031,1","99999,9,9,N","999999,9,N,9","+0134,1","+0043,1","10225,1","06,0000,9,1",,,"4,000",,,,,,,"3,1,011,1,+999,9",,"4,99,0072,1","SYN011333   91114",
"07173099999","1990-10-04T18:00:00","4","48.2","6.4333333","320.0","EPINAL DOGNEVILLE, FR","FM-12","99999","V020","999,1,C,0000,1","99999,9,9,N","999999,9,N,9","+0082,1","+0048,1","10253,1","99,0005,9,1",,,"0,000",,,,"999,M,+0146,1",,,"3,1,020,1,+999,9",,"4,99,0072,1","SYN017333   10146 91114",
"07173099999","1990-10-04T21:00:00","4","48.2","6.4333333","320.0","EPINAL DOGNEVILLE, FR","FM-12","99999","V020","100,1,N,0010,1","99999,9,9,N","999999,9,N,9","+0052,1","+0035,1","10276,1","06,0000,9,1",,,"4,000",,,,,,,"1,1,018,1,+999,9",,"4,99,0021,1","SYN011333   91104",
"07173099999","1990-10-05T00:00:00","4","48.2","6.4333333","320.0","EPINAL DOGNEVILLE, FR","FM-12","99999","V020","070,1,N,0010,1","99999,9,9,N","999999,9,N,9","+0037,1","+0024,1","10287,1","06,0000,9,1",,,"4,000",,,,,,,"1,1,008,1,+999,9",,"4,99,0031,1","SYN011333   91106",
"07173099999","1990-10-05T03:00:00","4","48.2","6.4333333","320.0","EPINAL DOGNEVILLE, FR","FM-12","99999","V020","080,1,N,0010,1","99999,9,9,N","999999,9,N,9","+0026,1","+0013,1","10280,1","03,0002,9,1","99,0003,9,1",,"0,000",,,,,,,"8,1,008,1,+999,9",,"4,99,0021,1","SYN017333   69927 91104",
"07173099999","1990-10-05T06:00:00","4","48.2","6.4333333","320.0","EPINAL DOGNEVILLE, FR","FM-12","99999","V020","999,1,C,0000,1","99999,9,9,N","999999,9,N,9","+0020,1","+0008,1","10284,1","24,0006,9,1","99,0003,9,1",,"0,000",,"0300,9","999,-0030,9","999,M,+0146,1","999,N,+0020,1",,"3,1,003,1,+999,9",,"4,99,0021,1","SYN041333   10146 20020 3/103 55050 70006 91104",
"07173099999","1990-10-05T09:00:00","4","48.2","6.4333333","320.0","EPINAL DOGNEVILLE, FR","FM-12","99999","V020","140,1,N,0010,1","99999,9,9,N","999999,9,N,9","+0116,1","+0063,1","10283,1","06,0000,9,1",,,"4,000",,,,,,,"0,1,012,1,+999,9",,"4,99,0041,1","SYN011333   91108",
"07173099999","1990-10-05T12:00:00","4","48.2","6.4333333","320.0","EPINAL DOGNEVILLE, FR","FM-12","99999","V020","220,1,N,0021,1","99999,9,9,N","999999,9,N,9","+0150,1","+0035,1","10266,1","06,0000,9,1",,,"4,000",,,,,,,"8,1,012,1,+999,9",,"4,99,0051,1","SYN011333   91110",
"07173099999","1990-10-05T15:00:00","4","48.2","6.4333333","320.0","EPINAL DOGNEVILLE, FR","FM-12","99999","V020","220,1,N,0041,1","99999,9,9,N","999999,9,N,9","+0153,1","+0052,1","10257,1","06,0000,9,1",,,"4,000",,,,,,,"6,1,008,1,+999,9",,"4,99,0072,1","SYN011333   91114",
"07173099999","1990-10-05T18:00:00","4","48.2","6.4333333","320.0","EPINAL DOGNEVILLE, FR","FM-12","99999","V020","160,1,N,0021,1","99999,9,9,N","999999,9,N,9","+0112,1","+0067,1","10253,1","06,0000,9,1",,,"4,000",,,,"999,M,+0160,1",,,"6,1,009,1,+999,9",,"4,99,0072,1","SYN017333   10160 91114",
"07173099999","1990-10-05T21:00:00","4","48.2","6.4333333","320.0","EPINAL DOGNEVILLE, FR","FM-12","99999","V020","160,1,N,0031,1","99999,9,9,N","999999,9,N,9","+0118,1","+0065,1","10256,1","06,0000,9,1",,,"4,000",,,,,,,"1,1,004,1,+999,9",,"4,99,0051,1","SYN011333   91110",
"07173099999","1990-10-06T00:00:00","4","48.2","6.4333333","320.0","EPINAL DOGNEVILLE, FR","FM-12","99999","V020","150,1,N,0031,1","99999,9,9,N","999999,9,N,9","+0119,1","+0064,1","10250,1","06,0000,9,1",,,"4,000",,,,,,,"8,1,006,1,+999,9",,"4,99,0062,1","SYN011333   91112",
"07173099999","1990-10-06T03:00:00","4","48.2","6.4333333","320.0","EPINAL DOGNEVILLE, FR","FM-12","99999","V020","130,1,N,0031,1","99999,9,9,N","999999,9,N,9","+0113,1","+0060,1","10232,1","06,0000,9,1",,,"4,000",,,,,,,"8,1,018,1,+999,9",,"4,99,0051,1","SYN011333   91110",
"07173099999","1990-10-06T06:00:00","4","48.2","6.4333333","320.0","EPINAL DOGNEVILLE, FR","FM-12","99999","V020","170,1,N,0031,1","99999,9,9,N","999999,9,N,9","+0098,1","+0058,1","10221,1","06,0000,9,1",,,"4,000",,"0576,9","999,+0070,9","999,M,+0160,1","999,N,+0098,1",,"6,1,013,1,+999,9",,"4,99,0051,1","SYN035333   10160 20098 3/007 55096 91110",
"07173099999","1990-10-06T09:00:00","4","48.2","6.4333333","320.0","EPINAL DOGNEVILLE, FR","FM-12","99999","V020","170,1,N,0041,1","99999,9,9,N","999999,9,N,9","+0147,1","+0082,1","10197,1","06,0000,9,1",,,"4,000",,,,,,,"8,1,016,1,+999,9",,"4,99,0072,1","SYN011333   91114",
"07173099999","1990-10-06T12:00:00","4","48.2","6.4333333","320.0","EPINAL DOGNEVILLE, FR","FM-12","99999","V020","170,1,N,0051,1","99999,9,9,N","999999,9,N,9","+0172,1","+0084,1","10164,1","06,0000,9,1",,,"4,000",,,,,,,"8,1,029,1,+999,9",,"4,99,0088,1","SYN011333   91117",
"07173099999","1990-10-06T15:00:00","4","48.2","6.4333333","320.0","EPINAL DOGNEVILLE, FR","FM-12","99999","V020","190,1,N,0051,1","99999,9,9,N","999999,9,N,9","+0180,1","+0077,1","10130,1","06,0000,9,1",,,"4,000",,,,,,,"6,1,032,1,+999,9",,"4,99,0082,1","SYN011333   91116",
"07173099999","1990-10-06T18:00:00","4","48.2","6.4333333","320.0","EPINAL DOGNEVILLE, FR","FM-12","99999","V020","150,1,N,0021,1","99999,9,9,N","999999,9,N,9","+0137,1","+0085,1","10119,1","06,0000,9,1",,,"4,000",,,,"999,M,+0184,1",,,"6,1,016,1,+999,9",,"4,99,0082,1","SYN017333   10184 91116",
"07173099999","1990-10-06T21:00:00","4","48.2","6.4333333","320.0","EPINAL DOGNEVILLE, FR","FM-12","99999","V020","150,1,N,0021,1","99999,9,9,N","999999,9,N,9","+0134,1","+0078,1","10104,1","06,0000,9,1",,,"4,000",,,,,,,"8,1,015,1,+999,9",,"4,99,0062,1","SYN011333   91112",
"07173099999","1990-10-07T00:00:00","4","48.2","6.4333333","320.0","EPINAL DOGNEVILLE, FR","FM-12","99999","V020","140,1,N,0021,1","99999,9,9,N","999999,9,N,9","+0134,1","+0078,1","10087,1","06,0000,9,1",,,"4,000",,,,,,,"6,1,016,1,+999,9",,"4,99,0062,1","SYN011333   91112",
"07173099999","1990-10-07T03:00:00","4","48.2","6.4333333","320.0","EPINAL DOGNEVILLE, FR","FM-12","99999","V020","160,1,N,0031,1","99999,9,9,N","999999,9,N,9","+0137,1","+0092,1","10078,1","06,0000,9,1",,,"4,000",,,,,,,"6,1,008,1,+999,9",,"4,99,0088,1","SYN011333   91117",
"07173099999","1990-10-07T06:00:00","4","48.2","6.4333333","320.0","EPINAL DOGNEVILLE, FR","FM-12","99999","V020","240,1,N,0010,1","99999,9,9,N","999999,9,N,9","+0120,1","+0094,1","10081,1","06,0000,9,1",,,"4,000",,"0582,9","999,+0070,9","999,M,+0184,1","999,N,+0118,1",,"3,1,001,1,+999,9",,"4,99,0088,1","SYN035333   10184 20118 3/007 55097 91117",
"07173099999","1990-10-07T09:00:00","4","48.2","6.4333333","320.0","EPINAL DOGNEVILLE, FR","FM-12","99999","V020","170,1,N,0010,1","99999,9,9,N","999999,9,N,9","+0135,1","+0101,1","10095,1","06,0000,9,1",,,"4,000",,,,,,,"2,1,015,1,+999,9",,"4,99,0041,1","SYN011333   91108",
"07173099999","1990-10-07T12:00:00","4","48.2","6.4333333","320.0","EPINAL DOGNEVILLE, FR","FM-12","99999","V020","330,1,N,0041,1","99999,9,9,N","999999,9,N,9","+0142,1","+0096,1","10104,1","06,0000,9,1",,,"4,000",,,,,,,"1,1,010,1,+999,9",,"4,99,0072,1","SYN011333   91114",
"07173099999","1990-10-07T15:00:00","4","48.2","6.4333333","320.0","EPINAL DOGNEVILLE, FR","FM-12","99999","V020","340,1,N,0021,1","99999,9,9,N","999999,9,N,9","+0151,1","+0090,1","10110,1","06,0000,9,1",,,"4,000",,,,,,,"3,1,006,1,+999,9",,"4,99,0062,1","SYN011333   91112",
"07173099999","1990-10-07T18:00:00","4","48.2","6.4333333","320.0","EPINAL DOGNEVILLE, FR","FM-12","99999","V020","310,1,N,0031,1","99999,9,9,N","999999,9,N,9","+0127,1","+0070,1","10134,1","06,0000,9,1",,,"4,000",,,,"999,M,+0153,1",,,"3,1,021,1,+999,9",,"4,99,0082,1","SYN017333   10153 91116",
"07173099999","1990-10-07T21:00:00","4","48.2","6.4333333","320.0","EPINAL DOGNEVILLE, FR","FM-12","99999","V020","999,1,C,0000,1","99999,9,9,N","999999,9,N,9","+0100,1","+0076,1","10162,1","03,0004,9,1","99,0005,9,1",,"0,000",,,,,,,"1,1,023,1,+999,9",,"4,99,0088,1","SYN017333   69947 91117",
"07173099999","1990-10-08T00:00:00","4","48.2","6.4333333","320.0","EPINAL DOGNEVILLE, FR","FM-12","99999","V020","330,1,N,0031,1","99999,9,9,N","999999,9,N,9","+0083,1","+0051,1","10186,1","06,0005,9,1",,,"0,000",,,,,,,"1,1,021,1,+999,9",,"4,99,0088,1","SYN011333   91117",
"07173099999","1990-10-08T03:00:00","4","48.2","6.4333333","320.0","EPINAL DOGNEVILLE, FR","FM-12","99999","V020","350,1,N,0010,1","99999,9,9,N","999999,9,N,9","+0049,1","+0031,1","10204,1","06,0000,9,1",,,"4,000",,,,,,,"3,1,012,1,+999,9",,"4,99,0062,1","SYN011333   91112",
"07173099999","1990-10-08T06:00:00","4","48.2","6.4333333","320.0","EPINAL DOGNEVILLE, FR","FM-12","99999","V020","090,1,N,0010,1","99999,9,9,N","999999,9,N,9","+0025,1","+0012,1","10227,1","24,0004,9,1",,,"0,000",,"0030,9","999,-0030,9","999,M,+0153,1","999,N,+0025,1",,"1,1,019,1,+999,9",,"4,99,0062,1","SYN041333   10153 20025 3/103 55005 70004 91112",
"07173099999","1990-10-08T09:00:00","4","48.2","6.4333333","320.0","EPINAL DOGNEVILLE, FR","FM-12","99999","V020","350,1,N,0031,1","99999,9,9,N","999999,9,N,9","+0068,1","+0032,1","10242,1","03,0002,9,1","99,0003,9,1",,"0,000",,,,,,,"1,1,020,1,+999,9",,"4,99,0062,1","SYN017333   69927 91112",
"07173099999","1990-10-08T12:00:00","4","48.2","6.4333333","320.0","EPINAL DOGNEVILLE, FR","FM-12","99999","V020","330,1,N,0051,1","99999,9,9,N","999999,9,N,9","+0096,1","+0027,1","10241,1","06,0003,9,1",,,"0,000",,,,,,,"1,1,003,1,+999,9",,"4,99,0098,1","SYN011333   91119",
"07173099999","1990-10-08T15:00:00","4","48.2","6.4333333","320.0","EPINAL DOGNEVILLE, FR","FM-12","99999","V020","340,1,N,0051,1","99999,9,9,N","999999,9,N,9","+0103,1","+0019,1","10239,1","06,0000,9,1",,,"4,000",,,,,,,"5,1,001,1,+999,9",,"4,99,0082,1","SYN011333   91116",
"07173099999","1990-10-08T18:00:00","4","48.2","6.4333333","320.0","EPINAL DOGNEVILLE, FR","FM-12","99999","V020","340,1,N,0031,1","99999,9,9,N","999999,9,N,9","+0074,1","+0015,1","10263,1","99,0003,9,1",,,"0,000",,,,"999,M,+0113,1",,,"2,1,019,1,+999,9",,"4,99,0088,1","SYN017333   10113 91117",
"07173099999","1990-10-08T21:00:00","4","48.2","6.4333333","320.0","EPINAL DOGNEVILLE, FR","FM-12","99999","V020","040,1,N,0010,1","99999,9,9,N","999999,9,N,9","+0023,1","+0005,1","10279,1","06,0000,9,1",,,"4,000",,,,,,,"1,1,009,1,+999,9",,"4,99,0041,1","SYN011333   91108",
"07173099999","1990-10-09T00:00:00","4","48.2","6.4333333","320.0","EPINAL DOGNEVILLE, FR","FM-12","99999","V020","999,1,C,0000,1","99999,9,9,N","999999,9,N,9","+0005,1","-0009,1","10284,1","06,0000,9,1",,,"4,000",,,,,,,"2,1,002,1,+999,9",,"4,99,0041,1","SYN011333   91108",
"07173099999","1990-10-09T03:00:00","4","48.2","6.4333333","320.0","EPINAL DOGNEVILLE, FR","FM-12","99999","V020","999,1,C,0000,1","99999,9,9,N","999999,9,N,9","-0010,1","-0023,1","10277,1","06,0000,9,1",,,"4,000",,,,,,,"7,1,009,1,+999,9",,"4,99,0021,1","SYN011333   91104",
"07173099999","1990-10-09T09:00:00","4","48.2","6.4333333","320.0","EPINAL DOGNEVILLE, FR","FM-12","99999","V020","240,1,N,0010,1","99999,9,9,N","999999,9,N,9","+0051,1","+0023,1","10283,1","03,0002,9,1","99,0003,9,1",,"0,000",,,,,,,"0,1,007,1,+999,9",,"4,99,0031,1","SYN017333   69927 91106",
"07173099999","1990-10-09T12:00:00","4","48.2","6.4333333","320.0","EPINAL DOGNEVILLE, FR","FM-12","99999","V020","280,1,N,0010,1","99999,9,9,N","999999,9,N,9","+0123,1","+0035,1","10263,1","06,0003,9,1",,,"0,000",,,,,,,"8,1,009,1,+999,9",,"4,99,0041,1","SYN011333   91108",
"07173099999","1990-10-09T15:00:00","4","48.2","6.4333333","320.0","EPINAL DOGNEVILLE, FR","FM-12","99999","V020","999,1,C,0000,1","99999,9,9,N","999999,9,N,9","+0144,1","+0038,1","10249,1","06,0000,9,1",,,"4,000",,,,,,,"6,1,011,1,+999,9",,"4,99,0041,1","SYN011333   91108",
"07173099999","1990-10-09T18:00:00","4","48.2","6.4333333","320.0","EPINAL DOGNEVILLE, FR","FM-12","99999","V020","080,1,N,0010,1","99999,9,9,N","999999,9,N,9","+0074,1","+0042,1","10257,1","99,0003,9,1",,,"0,000",,,,"999,M,+0146,1",,,"5,1,002,1,+999,9",,"4,99,0041,1","SYN017333   10146 91108",
"07173099999","1990-10-09T21:00:00","4","48.2","6.4333333","320.0","EPINAL DOGNEVILLE, FR","FM-12","99999","V020","999,1,C,0000,1","99999,9,9,N","999999,9,N,9","+0040,1","+0024,1","10266,1","06,0000,9,1",,,"4,000",,,,,,,"1,1,004,1,+999,9",,"4,99,0021,1","SYN011333   91104",
"07173099999","1990-10-10T00:00:00","4","48.2","6.4333333","320.0","EPINAL DOGNEVILLE, FR","FM-12","99999","V020","999,1,C,0000,1","99999,9,9,N","999999,9,N,9","+0022,1","+0009,1","10274,1","06,0000,9,1",,,"4,000",,,,,,,"1,1,006,1,+999,9",,"4,99,0021,1","SYN011333   91104",
"07173099999","1990-10-10T03:00:00","4","48.2","6.4333333","320.0","EPINAL DOGNEVILLE, FR","FM-12","99999","V020","999,1,C,0000,1","99999,9,9,N","999999,9,N,9","+0010,1","-0002,1","10271,1",,,,"2,000",,,,,,,,,,,
"07173099999","1990-10-10T06:00:00","4","48.2","6.4333333","320.0","EPINAL DOGNEVILLE, FR","FM-12","99999","V020","999,1,C,0000,1","99999,9,9,N","999999,9,N,9","-0002,1","-0013,1","10276,1",,,,"2,000",,"0588,9",,"999,M,+0146,1",,,,,,"SYN017333   10146 55098",
"07173099999","1990-10-10T09:00:00","4","48.2","6.4333333","320.0","EPINAL DOGNEVILLE, FR","FM-12","99999","V020","999,1,C,0000,1","99999,9,9,N","999999,9,N,9","+0077,1","+0058,1","10267,1",,,,"2,000",,,,,,,,,,,
"07173099999","1990-10-10T12:00:00","4","48.2","6.4333333","320.0","EPINAL DOGNEVILLE, FR","FM-12","99999","V020","290,1,N,0010,1","99999,9,9,N","999999,9,N,9","+0142,1","+0058,1","10252,1","06,0000,9,1",,,"4,000",,,,,,,"8,1,006,1,+999,9",,"4,99,0041,1","SYN011333   91108",
"07173099999","1990-10-10T15:00:00","4","48.2","6.4333333","320.0","EPINAL DOGNEVILLE, FR","FM-12","99999","V020","999,1,C,0000,1","99999,9,9,N","999999,9,N,9","+0164,1","+0054,1","10234,1","06,0000,9,1",,,"4,000",,,,,,,"6,1,015,1,+999,9",,"4,99,0041,1","SYN011333   91108",
"07173099999","1990-10-10T18:00:00","4","48.2","6.4333333","320.0","EPINAL DOGNEVILLE, FR","FM-12","99999","V020","060,1,N,0010,1","99999,9,9,N","999999,9,N,9","+0086,1","+0057,1","10246,1","06,0000,9,1",,,"4,000",,,,"999,M,+0165,1",,,"3,1,002,1,+999,9",,"4,99,0041,1","SYN017333   10165 91108",
"07173099999","1990-10-10T21:00:00","4","48.2","6.4333333","320.0","EPINAL DOGNEVILLE, FR","FM-12","99999","V020","999,1,C,0000,1","99999,9,9,N","999999,9,N,9","+0046,1","+0031,1","10255,1","06,0000,9,1",,,"4,000",,,,,,,"3,1,002,1,+999,9",,"4,99,0021,1","SYN011333   91104",
"07173099999","1990-10-11T00:00:00","4","48.2","6.4333333","320.0","EPINAL DOGNEVILLE, FR","FM-12","99999","V020","999,1,C,0000,1","99999,9,9,N","999999,9,N,9","+0028,1","+0016,1","10247,1","06,0000,9,1",,,"4,000",,,,,,,"8,1,010,1,+999,9",,"4,99,0021,1","SYN011333   91104",
"07173099999","1990-10-11T03:00:00","4","48.2","6.4333333","320.0","EPINAL DOGNEVILLE, FR","FM-12","99999","V020","060,1,N,0010,1","99999,9,9,N","999999,9,N,9","+0019,1","+0007,1","10244,1","03,0002,9,1","99,0003,9,1",,"0,000",,,,,,,"8,1,004,1,+999,9",,"4,99,0021,1","SYN017333   69927 91104",
"07173099999","1990-10-11T06:00:00","4","48.2","6.4333333","320.0","EPINAL DOGNEVILLE, FR","FM-12","99999","V020","150,1,N,0010,1","99999,9,9,N","999999,9,N,9","+0003,1","-0007,1","10246,1","24,0002,9,1",,,"0,000",,"0588,9","999,-0040,9","999,M,+0165,1","999,N,+0001,1",,"0,1,000,1,+999,9",,"4,99,0021,1","SYN041333   10165 20001 3/104 55098 70002 91104",
"07173099999","1990-10-11T09:00:00","4","48.2","6.4333333","320.0","EPINAL DOGNEVILLE, FR","FM-12","99999","V020","999,1,C,0000,1","99999,9,9,N","999999,9,N,9","+0112,1","+0067,1","10229,1","06,0000,9,1",,,"4,000",,,,,,,"8,1,001,1,+999,9",,"4,99,0021,1","SYN011333   91104",
"07173099999","1990-10-11T12:00:00","4","48.2","6.4333333","320.0","EPINAL DOGNEVILLE, FR","FM-12","99999","V020","180,1,N,0031,1","99999,9,9,N","999999,9,N,9","+0211,1","+0055,1","10202,1","06,0000,9,1",,,"4,000",,,,,,,"8,1,014,1,+999,9",,"4,99,0062,1","SYN011333   91112",
"07173099999","1990-10-11T15:00:00","4","48.2","6.4333333","320.0","EPINAL DOGNEVILLE, FR","FM-12","99999","V020","230,1,N,0021,1","99999,9,9,N","999999,9,N,9","+0215,1","+0077,1","10191,1","06,0000,9,1",,,"4,000",,,,,,,"7,1,010,1,+999,9",,"4,99,0051,1","SYN011333   91110",
"07173099999","1990-10-11T18:00:00","4","48.2","6.4333333","320.0","EPINAL DOGNEVILLE, FR","FM-12","99999","V020","999,1,C,0000,1","99999,9,9,N","999999,9,N,9","+0120,1","+0087,1","10205,1","06,0000,9,1",,,"4,000",,,,"999,M,+0221,1",,,"3,1,002,1,+999,9",,"4,99,0051,1","SYN017333   10221 91110",
"07173099999","1990-10-11T21:00:00","4","48.2","6.4333333","320.0","EPINAL DOGNEVILLE, FR","FM-12","99999","V020","999,1,C,0000,1","99999,9,9,N","999999,9,N,9","+0084,1","+0070,1","10214,1","06,0000,9,1",,,"4,000",,,,,,,"1,1,004,1,+999,9",,"4,99,0021,1","SYN011333   91104",
"07173099999","1990-10-12T00:00:00","4","48.2","6.4333333","320.0","EPINAL DOGNEVILLE, FR","FM-12","99999","V020","070,1,N,0010,1","99999,9,9,N","999999,9,N,9","+0071,1","+0059,1","10208,1","03,0002,9,1","06,0003,9,1",,"0,000",,,,,,,"8,1,008,1,+999,9",,"4,99,0021,1","SYN017333   69927 91104",
"07173099999","1990-10-12T03:00:00","4","48.2","6.4333333","320.0","EPINAL DOGNEVILLE, FR","FM-12","99999","V020","999,1,C,0000,1","99999,9,9,N","999999,9,N,9","+0061,1","+0049,1","10197,1","06,0000,9,1",,,"4,000",,,,,,,"7,1,012,1,+999,9",,"4,99,0021,1","SYN011333   91104",
"07173099999","1990-10-12T06:00:00","4","48.2","6.4333333","320.0","EPINAL DOGNEVILLE, FR","FM-12","99999","V020","999,1,C,0000,1","99999,9,9,N","999999,9,N,9","+0052,1","+0042,1","10196,1","24,0002,9,1",,,"0,000",,"0612,9","999,+0010,9","999,M,+0221,1","999,N,+0050,1",,"8,1,002,1,+999,9",,"4,99,0021,1","SYN041333   10221 20050 3/001 55102 70002 91104",
"07173099999","1990-10-12T09:00:00","4","48.2","6.4333333","320.0","EPINAL DOGNEVILLE, FR","FM-12","99999","V020","270,1,N,0010,1","99999,9,9,N","999999,9,N,9","+0123,1","+0095,1","10191,1","03,0002,9,1","99,0003,9,1",,"0,000",,,,,,,"2,1,005,1,+999,9",,"4,99,0031,1","SYN017333   69927 91106",
"07173099999","1990-10-12T12:00:00","4","48.2","6.4333333","320.0","EPINAL DOGNEVILLE, FR","FM-12","99999","V020","170,1,N,0021,1","99999,9,9,N","999999,9,N,9","+0208,1","+0117,1","10177,1","06,0003,9,1",,,"0,000",,,,,,,"8,1,002,1,+999,9",,"4,99,0098,1","SYN011333   91119",
"07173099999","1990-10-12T15:00:00","4","48.2","6.4333333","320.0","EPINAL DOGNEVILLE, FR","FM-12","99999","V020","230,1,N,0021,1","99999,9,9,N","999999,9,N,9","+0227,1","+0111,1","10168,1","06,0000,9,1",,,"4,000",,,,,,,"7,1,007,1,+999,9",,"4,99,0062,1","SYN011333   91112",
"07173099999","1990-10-12T18:00:00","4","48.2","6.4333333","320.0","EPINAL DOGNEVILLE, FR","FM-12","99999","V020","040,1,N,0010,1","99999,9,9,N","999999,9,N,9","+0144,1","+0108,1","10188,1","99,0003,9,1",,,"0,000",,,,"999,M,+0232,1",,,"3,1,009,1,+999,9",,"4,99,0062,1","SYN017333   10232 91112",
"07173099999","1990-10-12T21:00:00","4","48.2","6.4333333","320.0","EPINAL DOGNEVILLE, FR","FM-12","99999","V020","040,1,N,0021,1","99999,9,9,N","999999,9,N,9","+0132,1","+0111,1","10184,1","06,0000,9,1",,,"4,000",,,,,,,"5,1,005,1,+999,9",,"4,99,0031,1","SYN011333   91106",
"07173099999","1990-10-13T00:00:00","4","48.2","6.4333333","320.0","EPINAL DOGNEVILLE, FR","FM-12","99999","V020","999,1,C,0000,1","99999,9,9,N","999999,9,N,9","+0113,1","+0102,1","10182,1","06,0000,9,1",,,"4,000",,,,,,,"6,1,005,1,+999,9",,"4,99,0031,1","SYN011333   91106",
"07173099999","1990-10-13T03:00:00","4","48.2","6.4333333","320.0","EPINAL DOGNEVILLE, FR","FM-12","99999","V020","999,1,C,0000,1","99999,9,9,N","999999,9,N,9","+0103,1","+0092,1","10183,1","06,0000,9,1",,,"4,000",,,,,,,"5,1,000,1,+999,9",,"4,99,0021,1","SYN011333   91104",
"07173099999","1990-10-13T06:00:00","4","48.2","6.4333333","320.0","EPINAL DOGNEVILLE, FR","FM-12","99999","V020","070,1,N,0010,1","99999,9,9,N","999999,9,N,9","+0112,1","+0101,1","10190,1","06,0000,9,1","24,0002,9,1",,"4,000",,"0504,9","999,+0060,9","999,M,+0232,1","999,N,+0096,1",,"3,1,008,1,+999,9",,"4,99,0021,1","SYN041333   10232 20096 3/006 55084 70002 91104",
"07173099999","1990-10-13T09:00:00","4","48.2","6.4333333","320.0","EPINAL DOGNEVILLE, FR","FM-12","99999","V020","230,1,N,0010,1","99999,9,9,N","999999,9,N,9","+0150,1","+0123,1","10189,1","06,0000,9,1",,,"4,000",,,,,,,"0,1,004,1,+999,9",,"4,99,0021,1","SYN011333   91104",
"07173099999","1990-10-13T12:00:00","4","48.2","6.4333333","320.0","EPINAL DOGNEVILLE, FR","FM-12","99999","V020","140,1,N,0031,1","99999,9,9,N","999999,9,N,9","+0239,1","+0095,1","10172,1","06,0000,9,1",,,"4,000",,,,,,,"8,1,006,1,+999,9",,"4,99,0072,1","SYN011333   91114",
"07173099999","1990-10-13T15:00:00","4","48.2","6.4333333","320.0","EPINAL DOGNEVILLE, FR","FM-12","99999","V020","150,1,N,0031,1","99999,9,9,N","999999,9,N,9","+0237,1","+0120,1","10167,1","06,0000,9,1",,,"4,000",,,,,,,"6,1,005,1,+999,9",,"4,99,0149,1","SYN011333   91129",
"07173099999","1990-10-13T18:00:00","4","48.2","6.4333333","320.0","EPINAL DOGNEVILLE, FR","FM-12","99999","V020","130,1,N,0010,1","99999,9,9,N","999999,9,N,9","+0165,1","+0119,1","10191,1","06,0000,9,1",,,"4,000",,,,"999,M,+0246,1",,,"3,1,015,1,+999,9",,"4,99,0149,1","SYN017333   10246 91129",
"07173099999","1990-10-13T21:00:00","4","48.2","6.4333333","320.0","EPINAL DOGNEVILLE, FR","FM-12","99999","V020","130,1,N,0010,1","99999,9,9,N","999999,9,N,9","+0129,1","+0106,1","10213,1","06,0000,9,1",,,"4,000",,,,,,,"3,1,016,1,+999,9",,"4,99,0031,1","SYN011333   91106",
"07173099999","1990-10-14T00:00:00","4","48.2","6.4333333","320.0","EPINAL DOGNEVILLE, FR","FM-12","99999","V020","110,1,N,0021,1","99999,9,9,N","999999,9,N,9","+0181,1","+0121,1","10213,1","06,0000,9,1",,,"4,000",,,,,,,"3,1,007,1,+999,9",,"4,99,0062,1","SYN011333   91112",
"07173099999","1990-10-14T03:00:00","4","48.2","6.4333333","320.0","EPINAL DOGNEVILLE, FR","FM-12","99999","V020","999,1,C,0000,1","99999,9,9,N","999999,9,N,9","+0130,1","+0102,1","10222,1","06,0000,9,1",,,"4,000",,,,,,,"1,1,002,1,+999,9",,"4,99,0051,1","SYN011333   91110",
"07173099999","1990-10-14T06:00:00","4","48.2","6.4333333","320.0","EPINAL DOGNEVILLE, FR","FM-12","99999","V020","999,1,C,0000,1","99999,9,9,N","999999,9,N,9","+0106,1","+0090,1","10228,1","06,0000,9,1",,,"4,000",,"0324,9","999,+0060,9","999,M,+0246,1","999,N,+0106,1",,"3,1,003,1,+999,9",,"4,99,0051,1","SYN035333   10246 20106 3/006 55054 91110",
"07173099999","1990-10-14T09:00:00","4","48.2","6.4333333","320.0","EPINAL DOGNEVILLE, FR","FM-12","99999","V020","999,1,C,0000,1","99999,9,9,N","999999,9,N,9","+0188,1","+0130,1","10221,1","06,0000,9,1",,,"4,000",,,,,,,"0,1,003,1,+999,9",,"4,99,0031,1","SYN011333   91106",
"07173099999","1990-10-14T12:00:00","4","48.2","6.4333333","320.0","EPINAL DOGNEVILLE, FR","FM-12","99999","V020","190,1,N,0041,1","99999,9,9,N","999999,9,N,9","+0257,1","+0107,1","10198,1","06,0000,9,1",,,"4,000",,,,,,,"8,1,014,1,+999,9",,"4,99,0072,1","SYN011333   91114",
"07173099999","1990-10-14T15:00:00","4","48.2","6.4333333","320.0","EPINAL DOGNEVILLE, FR","FM-12","99999","V020","230,1,N,0010,1","99999,9,9,N","999999,9,N,9","+0245,1","+0140,1","10184,1","06,0000,9,1",,,"4,000",,,,,,,"6,1,014,1,+999,9",,"4,99,0062,1","SYN011333   91112",
"07173099999","1990-10-14T18:00:00","4","48.2","6.4333333","320.0","EPINAL DOGNEVILLE, FR","FM-12","99999","V020","999,1,C,0000,1","99999,9,9,N","999999,9,N,9","+0165,1","+0134,1","10191,1","06,0000,9,1",,,"4,000",,,,"999,M,+0264,1",,,"6,1,003,1,+999,9",,"4,99,0062,1","SYN017333   10264 91112",
"07173099999","1990-10-14T21:00:00","4","48.2","6.4333333","320.0","EPINAL DOGNEVILLE, FR","FM-12","99999","V020","170,1,N,0010,1","99999,9,9,N","999999,9,N,9","+0126,1","+0113,1","10187,1","06,0000,9,1",,,"4,000",,,,,,,"7,1,009,1,+999,9",,"4,99,0031,1","SYN011333   91106",
"07173099999","1990-10-15T00:00:00","4","48.2","6.4333333","320.0","EPINAL DOGNEVILLE, FR","FM-12","99999","V020","999,1,C,0000,1","99999,9,9,N","999999,9,N,9","+0101,1","+0089,1","10167,1","06,0000,9,1",,,"4,000",,,,,,,"6,1,023,1,+999,9",,"4,99,0031,1","SYN011333   91106",
"07173099999","1990-10-15T03:00:00","4","48.2","6.4333333","320.0","EPINAL DOGNEVILLE, FR","FM-12","99999","V020","999,1,C,0000,1","99999,9,9,N","999999,9,N,9","+0088,1","+0079,1","10149,1","03,0002,9,1","99,0003,9,1",,"0,000",,,,,,,"8,1,019,1,+999,9",,"4,99,0021,1","SYN017333   69927 91104",
"07173099999","1990-10-15T06:00:00","4","48.2","6.4333333","320.0","EPINAL DOGNEVILLE, FR","FM-12","99999","V020","140,1,N,0010,1","99999,9,9,N","999999,9,N,9","+0094,1","+0085,1","10140,1","24,0002,9,1",,,"0,000",,"0492,9","999,+0030,9","999,M,+0264,1","999,N,+0086,1",,"5,1,008,1,+999,9",,"4,99,0021,1","SYN041333   10264 20086 3/003 55082 70002 91104",
"07173099999","1990-10-15T09:00:00","4","48.2","6.4333333","320.0","EPINAL DOGNEVILLE, FR","FM-12","99999","V020","140,1,N,0021,1","99999,9,9,N","999999,9,N,9","+0179,1","+0130,1","10131,1","06,0000,9,1",,,"4,000",,,,,,,"0,1,003,1,+999,9",,"4,99,0051,1","SYN011333   91110",
"07173099999","1990-10-15T12:00:00","4","48.2","6.4333333","320.0","EPINAL DOGNEVILLE, FR","FM-12","99999","V020","160,1,N,0021,1","99999,9,9,N","999999,9,N,9","+0197,1","+0134,1","10118,1","06,0000,9,1",,,"4,000",,,,,,,"8,1,010,1,+999,9",,"4,99,0082,1","SYN011333   91116",
"07173099999","1990-10-15T15:00:00","4","48.2","6.4333333","320.0","EPINAL DOGNEVILLE, FR","FM-12","99999","V020","080,1,N,0010,1","99999,9,9,N","999999,9,N,9","+0207,1","+0141,1","10108,1","06,0000,9,1",,,"4,000",,,,,,,"6,1,009,1,+999,9",,"4,99,0051,1","SYN011333   91110",
"07173099999","1990-10-15T18:00:00","4","48.2","6.4333333","320.0","EPINAL DOGNEVILLE, FR","FM-12","99999","V020","150,1,N,0062,1","99999,9,9,N","999999,9,N,9","+0209,1","+0128,1","10116,1","06,0000,9,1",,,"4,000",,,,"999,M,+0215,1",,,"3,1,008,1,+999,9",,"4,99,0108,1","SYN017333   10215 91121",
"07173099999","1990-10-15T21:00:00","4","48.2","6.4333333","320.0","EPINAL DOGNEVILLE, FR","FM-12","99999","V020","150,1,N,0051,1","99999,9,9,N","999999,9,N,9","+0200,1","+0137,1","10135,1","06,0000,9,1",,,"4,000",,,,,,,"3,1,017,1,+999,9",,"4,99,0098,1","SYN011333   91119",
"07173099999","1990-10-16T00:00:00","4","48.2","6.4333333","320.0","EPINAL DOGNEVILLE, FR","FM-12","99999","V020","140,1,N,0041,1","99999,9,9,N","999999,9,N,9","+0183,1","+0138,1","10142,1","06,0000,9,1",,,"4,000",,,,,,,"2,1,005,1,+999,9",,"4,99,0098,1","SYN011333   91119",
"07173099999","1990-10-16T03:00:00","4","48.2","6.4333333","320.0","EPINAL DOGNEVILLE, FR","FM-12","99999","V020","100,1,N,0021,1","99999,9,9,N","999999,9,N,9","+0172,1","+0129,1","10149,1","06,0000,9,1",,,"4,000",,,,,,,"1,1,005,1,+999,9",,"4,99,0072,1","SYN011333   91114",
"07173099999","1990-10-16T06:00:00","4","48.2","6.4333333","320.0","EPINAL DOGNEVILLE, FR","FM-12","99999","V020","999,1,C,0000,1","99999,9,9,N","999999,9,N,9","+0147,1","+0129,1","10160,1","06,0000,9,1",,,"4,000",,"0060,9","999,+0120,9","999,M,+0215,1","999,N,+0146,1",,"2,1,007,1,+999,9",,"4,99,0072,1","SYN035333   10215 20146 3/012 55010 91114",
"07173099999","1990-10-16T09:00:00","4","48.2","6.4333333","320.0","EPINAL DOGNEVILLE, FR","FM-12","99999","V020","230,1,N,0010,1","99999,9,9,N","999999,9,N,9","+0161,1","+0141,1","10173,1","03,9999,2,9",,,"0,000",,,,,,,"2,1,015,1,+999,9",,"4,99,0031,1","SYN017333   69907 91106",
"07173099999","1990-10-16T12:00:00","4","48.2","6.4333333","320.0","EPINAL DOGNEVILLE, FR","FM-12","99999","V020","999,1,C,0000,1","99999,9,9,N","999999,9,N,9","+0165,1","+0134,1","10164,1","03,0002,9,1","06,0003,9,1",,"0,000",,,,,,,"8,1,008,1,+999,9",,"4,99,0062,1","SYN017333   69927 91112",
"07173099999","1990-10-16T15:00:00","4","48.2","6.4333333","320.0","EPINAL DOGNEVILLE, FR","FM-12","99999","V020","999,1,C,0000,1","99999,9,9,N","999999,9,N,9","+0184,1","+0147,1","10153,1","06,0000,9,1",,,"4,000",,,,,,,"5,1,009,1,+999,9",,"4,99,0041,1","SYN011333   91108",
"07173099999","1990-10-16T18:00:00","4","48.2","6.4333333","320.0","EPINAL DOGNEVILLE, FR","FM-12","99999","V020","040,1,N,0010,1","99999,9,9,N","999999,9,N,9","+0161,1","+0143,1","10149,1","99,0003,9,1",,,"0,000",,,,"999,M,+0186,1",,,"8,1,006,1,+999,9",,"4,99,0041,1","SYN017333   10186 91108",
"07173099999","1990-10-16T21:00:00","4","48.2","6.4333333","320.0","EPINAL DOGNEVILLE, FR","FM-12","99999","V020","999,1,C,0000,1","99999,9,9,N","999999,9,N,9","+0132,1","+0123,1","10148,1","06,0000,9,1",,,"4,000",,,,,,,"6,1,005,1,+999,9",,"4,99,0031,1","SYN011333   91106",
"07173099999","1990-10-17T00:00:00","4","48.2","6.4333333","320.0","EPINAL DOGNEVILLE, FR","FM-12","99999","V020","999,1,C,0000,1","99999,9,9,N","999999,9,N,9","+0137,1","+0129,1","10136,1","03,0002,9,1","06,0003,9,1",,"0,000","4,1,06,1",,,,,,"6,1,011,1,+999,9","21,1","4,99,0031,1","SYN017333   69927 91106",
"07173099999","1990-10-17T03:00:00","4","48.2","6.4333333","320.0","EPINAL DOGNEVILLE, FR","FM-12","99999","V020","150,1,N,0010,1","99999,9,9,N","999999,9,N,9","+0134,1","+0126,1","10124,1","03,0006,9,1","99,0005,9,1",,"0,000","4,1,03,1",,,,,,"8,1,012,1,+999,9","21,1","4,99,0021,1","SYN017333   69967 91104",
"07173099999","1990-10-17T06:00:00","4","48.2","6.4333333","320.0","EPINAL DOGNEVILLE, FR","FM-12","99999","V020","310,1,N,0010,1","99999,9,9,N","999999,9,N,9","+0130,1","+0122,1","10114,1","03,0002,9,1","24,0012,9,1","99,0003,9,1","0,000",,"0000,9","999,+0090,9","999,M,+0186,1","999,N,+0129,1",,"6,1,010,1,+999,9",,"4,99,0021,1","SYN047333   10186 20129 3/009 55000 69927 70012 91104",
"07173099999","1990-10-17T09:00:00","4","48.2","6.4333333","320.0","EPINAL DOGNEVILLE, FR","FM-12","99999","V020","999,1,C,0000,1","99999,9,9,N","999999,9,N,9","+0148,1","+0138,1","10112,1","06,0000,9,1",,,"4,000",,,,,,,"0,1,001,1,+999,9",,"4,99,0021,1","SYN011333   91104",
"07173099999","1990-10-17T12:00:00","4","48.2","6.4333333","320.0","EPINAL DOGNEVILLE, FR","FM-12","99999","V020","110,1,N,0021,1","99999,9,9,N","999999,9,N,9","+0209,1","+0141,1","10087,1","06,0000,9,1",,,"4,000",,,,,,,"8,1,017,1,+999,9",,"4,99,0062,1","SYN011333   91112",
"07173099999","1990-10-17T15:00:00","4","48.2","6.4333333","320.0","EPINAL DOGNEVILLE, FR","FM-12","99999","V020","170,1,N,0021,1","99999,9,9,N","999999,9,N,9","+0202,1","+0124,1","10078,1","06,0000,9,1",,,"4,000",,,,,,,"6,1,009,1,+999,9",,"4,99,0088,1","SYN011333   91117",
"07173099999","1990-10-17T18:00:00","4","48.2","6.4333333","320.0","EPINAL DOGNEVILLE, FR","FM-12","99999","V020","090,1,N,0010,1","99999,9,9,N","999999,9,N,9","+0138,1","+0117,1","10087,1","06,0000,9,1",,,"4,000",,,,"999,M,+0219,1",,,"5,1,000,1,+999,9",,"4,99,0088,1","SYN017333   10219 91117",
"07173099999","1990-10-17T21:00:00","4","48.2","6.4333333","320.0","EPINAL DOGNEVILLE, FR","FM-12","99999","V020","150,1,N,0051,1","99999,9,9,N","999999,9,N,9","+0125,1","+0109,1","10116,1","03,0060,9,1",,,"0,000","4,1,03,1",,,,,,"3,1,026,1,+999,9","41,1","4,99,0201,1","SYN017333   60067 91139",
"07173099999","1990-10-18T00:00:00","4","48.2","6.4333333","320.0","EPINAL DOGNEVILLE, FR","FM-12","99999","V020","140,1,N,0072,1","99999,9,9,N","999999,9,N,9","+0131,1","+0110,1","10108,1","03,0030,9,1","06,0030,9,1",,"0,000",,,,,,,"5,1,007,1,+999,9",,"4,99,0201,1","SYN017333   60037 91139",
"07173099999","1990-10-18T03:00:00","4","48.2","6.4333333","320.0","EPINAL DOGNEVILLE, FR","FM-12","99999","V020","150,1,N,0041,1","99999,9,9,N","999999,9,N,9","+0125,1","+0104,1","10110,1","06,0000,9,1",,,"4,000",,,,,,,"1,1,001,1,+999,9",,"4,99,0098,1","SYN011333   91119",
"07173099999","1990-10-18T06:00:00","4","48.2","6.4333333","320.0","EPINAL DOGNEVILLE, FR","FM-12","99999","V020","130,1,N,0021,1","99999,9,9,N","999999,9,N,9","+0112,1","+0089,1","10112,1","24,0090,9,1",,,"0,000",,"0306,9","999,+0060,9","999,M,+0219,1","999,N,+0103,1",,"3,1,001,1,+999,9",,"4,99,0098,1","SYN041333   10219 20103 3/006 55051 70090 91119",
"07173099999","1990-10-18T09:00:00","4","48.2","6.4333333","320.0","EPINAL DOGNEVILLE, FR","FM-12","99999","V020","160,1,N,0041,1","99999,9,9,N","999999,9,N,9","+0139,1","+0093,1","10116,1","06,0000,9,1",,,"4,000",,,,,,,"1,1,007,1,+999,9",,"4,99,0088,1","SYN011333   91117",
"07173099999","1990-10-18T12:00:00","4","48.2","6.4333333","320.0","EPINAL DOGNEVILLE, FR","FM-12","99999","V020","170,1,N,0051,1","99999,9,9,N","999999,9,N,9","+0164,1","+0103,1","10115,1","06,0000,9,1",,,"4,000",,,,,,,"0,1,002,1,+999,9",,"4,99,0088,1","SYN011333   91117",
"07173099999","1990-10-18T15:00:00","4","48.2","6.4333333","320.0","EPINAL DOGNEVILLE, FR","FM-12","99999","V020","140,1,N,0021,1","99999,9,9,N","999999,9,N,9","+0161,1","+0104,1","10111,1","06,0000,9,1",,,"4,000",,,,,,,"7,1,004,1,+999,9",,"4,99,0082,1","SYN011333   91116",
"07173099999","1990-10-18T18:00:00","4","48.2","6.4333333","320.0","EPINAL DOGNEVILLE, FR","FM-12","99999","V020","100,1,N,0010,1","99999,9,9,N","999999,9,N,9","+0113,1","+0096,1","10121,1","06,0000,9,1",,,"4,000",,,,"999,M,+0171,1",,,"3,1,003,1,+999,9",,"4,99,0082,1","SYN017333   10171 91116",
"07173099999","1990-10-18T21:00:00","4","48.2","6.4333333","320.0","EPINAL DOGNEVILLE, FR","FM-12","99999","V020","090,1,N,0010,1","99999,9,9,N","999999,9,N,9","+0082,1","+0071,1","10128,1","06,0000,9,1",,,"4,000",,,,,,,"3,1,003,1,+999,9",,"4,99,0031,1","SYN011333   91106",
"07173099999","1990-10-19T00:00:00","4","48.2","6.4333333","320.0","EPINAL DOGNEVILLE, FR","FM-12","99999","V020","999,1,C,0000,1","99999,9,9,N","999999,9,N,9","+0090,1","+0081,1","10118,1","06,0000,9,1",,,"4,000",,,,,,,"7,1,008,1,+999,9",,"4,99,0031,1","SYN011333   91106",
"07173099999","1990-10-19T03:00:00","4","48.2","6.4333333","320.0","EPINAL DOGNEVILLE, FR","FM-12","99999","V020","999,1,C,0000,1","99999,9,9,N","999999,9,N,9","+0080,1","+0071,1","10117,1","03,0002,9,1","99,0003,9,1",,"9,000","4,1,03,1",,,,,,"6,1,003,1,+999,9","21,1","4,99,0021,1","SYN017333   69927 91104",
"07173099999","1990-10-19T06:00:00","4","48.2","6.4333333","320.0","EPINAL DOGNEVILLE, FR","FM-12","99999","V020","020,1,N,0010,1","99999,9,9,N","999999,9,N,9","+0105,1","+0096,1","10111,1","03,0002,9,1","24,0004,9,1","99,0003,9,1","0,000","4,1,06,1","0150,9","999,+0030,9","999,M,+0171,1","999,N,+0074,1",,"8,1,002,1,+999,9","21,1","4,99,0021,1","SYN047333   10171 20074 3/003 55025 69927 70004 91104",
"07173099999","1990-10-19T09:00:00","4","48.2","6.4333333","320.0","EPINAL DOGNEVILLE, FR","FM-12","99999","V020","999,1,C,0000,1","99999,9,9,N","999999,9,N,9","+0133,1","+0112,1","10104,1","06,0000,9,1",,,"4,000",,,,,,,"8,1,003,1,+999,9",,"4,99,0031,1","SYN011333   91106",
"07173099999","1990-10-19T12:00:00","4","48.2","6.4333333","320.0","EPINAL DOGNEVILLE, FR","FM-12","99999","V020","310,1,N,0010,1","99999,9,9,N","999999,9,N,9","+0189,1","+0107,1","10084,1","06,0000,9,1",,,"4,000",,,,,,,"8,1,013,1,+999,9",,"4,99,0031,1","SYN011333   91106",
"07173099999","1990-10-19T15:00:00","4","48.2","6.4333333","320.0","EPINAL DOGNEVILLE, FR","FM-12","99999","V020","340,1,N,0021,1","99999,9,9,N","999999,9,N,9","+0177,1","+0106,1","10080,1","06,0000,9,1",,,"4,000",,,,,,,"6,1,005,1,+999,9",,"4,99,0051,1","SYN011333   91110",
"07173099999","1990-10-19T18:00:00","4","48.2","6.4333333","320.0","EPINAL DOGNEVILLE, FR","FM-12","99999","V020","300,1,N,0010,1","99999,9,9,N","999999,9,N,9","+0139,1","+0109,1","10095,1","06,0000,9,1",,,"4,000",,,,"999,M,+0193,1",,,"3,1,010,1,+999,9",,"4,99,0051,1","SYN017333   10193 91110",
"07173099999","1990-10-19T21:00:00","4","48.2","6.4333333","320.0","EPINAL DOGNEVILLE, FR","FM-12","99999","V020","999,1,C,0000,1","99999,9,9,N","999999,9,N,9","+0117,1","+0103,1","10105,1","06,0000,9,1",,,"4,000",,,,,,,"3,1,006,1,+999,9",,"4,99,0031,1","SYN011333   91106",
"07173099999","1990-10-20T00:00:00","4","48.2","6.4333333","320.0","EPINAL DOGNEVILLE, FR","FM-12","99999","V020","999,1,C,0000,1","99999,9,9,N","999999,9,N,9","+0110,1","+0101,1","10106,1","06,0000,9,1",,,"4,000",,,,,,,"3,1,001,1,+999,9",,"4,99,0031,1","SYN011333   91106",
"07173099999","1990-10-20T03:00:00","4","48.2","6.4333333","320.0","EPINAL DOGNEVILLE, FR","FM-12","99999","V020","999,1,C,0000,1","99999,9,9,N","999999,9,N,9","+0116,1","+0107,1","10107,1","06,0000,9,1",,,"4,000",,,,,,,"1,1,001,1,+999,9",,"4,99,0010,1","SYN011333   91102",
"07173099999","1990-10-20T06:00:00","4","48.2","6.4333333","320.0","EPINAL DOGNEVILLE, FR","FM-12","99999","V020","310,1,N,0010,1","99999,9,9,N","999999,9,N,9","+0116,1","+0102,1","10115,1","06,0000,9,1",,,"4,000",,"0252,9","999,+0090,9","999,M,+0193,1","999,N,+0109,1",,"3,1,008,1,+999,9",,"4,99,0041,1","SYN035333   10193 20109 3/009 55042 91108",
"07173099999","1990-10-20T09:00:00","4","48.2","6.4333333","320.0","EPINAL DOGNEVILLE, FR","FM-12","99999","V020","340,1,N,0021,1","99999,9,9,N","999999,9,N,9","+0117,1","+0106,1","10128,1","06,0000,9,1",,,"4,000",,,,,,,"1,1,013,1,+999,9",,"4,99,0031,1","SYN011333   91106",
"07173099999","1990-10-20T12:00:00","4","48.2","6.4333333","320.0","EPINAL DOGNEVILLE, FR","FM-12","99999","V020","330,1,N,0021,1","99999,9,9,N","999999,9,N,9","+0139,1","+0114,1","10124,1","06,0000,9,1",,,"4,000",,,,,,,"8,1,001,1,+999,9",,"4,99,0051,1","SYN011333   91110",
"07173099999","1990-10-20T15:00:00","4","48.2","6.4333333","320.0","EPINAL DOGNEVILLE, FR","FM-12","99999","V020","340,1,N,0031,1","99999,9,9,N","999999,9,N,9","+0144,1","+0104,1","10125,1","06,0000,9,1",,,"4,000",,,,,,,"3,1,001,1,+999,9",,"4,99,0072,1","SYN011333   91114",
"07173099999","1990-10-20T18:00:00","4","48.2","6.4333333","320.0","EPINAL DOGNEVILLE, FR","FM-12","99999","V020","360,1,N,0010,1","99999,9,9,N","999999,9,N,9","+0125,1","+0097,1","10136,1","06,0000,9,1",,,"4,000",,,,"999,M,+0150,1",,,"3,1,008,1,+999,9",,"4,99,0072,1","SYN017333   10150 91114",
"07173099999","1990-10-20T21:00:00","4","48.2","6.4333333","320.0","EPINAL DOGNEVILLE, FR","FM-12","99999","V020","360,1,N,0010,1","99999,9,9,N","999999,9,N,9","+0099,1","+0080,1","10138,1","06,0000,9,1",,,"4,000",,,,,,,"8,1,001,1,+999,9",,"4,99,0041,1","SYN011333   91108",
"07173099999","1990-10-21T00:00:00","4","48.2","6.4333333","320.0","EPINAL DOGNEVILLE, FR","FM-12","99999","V020","999,1,C,0000,1","99999,9,9,N","999999,9,N,9","+0066,1","+0054,1","10147,1","06,0000,9,1",,,"4,000",,,,,,,"3,1,003,1,+999,9",,"4,99,0041,1","SYN011333   91108",
"07173099999","1990-10-21T03:00:00","4","48.2","6.4333333","320.0","EPINAL DOGNEVILLE, FR","FM-12","99999","V020","180,1,N,0021,1","99999,9,9,N","999999,9,N,9","+0060,1","+0053,1","10146,1","03,0002,9,1","99,0003,9,1",,"0,000",,,,,,,"7,1,001,1,+999,9",,"4,99,0031,1","SYN017333   69927 91106",
"07173099999","1990-10-21T06:00:00","4","48.2","6.4333333","320.0","EPINAL DOGNEVILLE, FR","FM-12","99999","V020","040,1,N,0010,1","99999,9,9,N","999999,9,N,9","+0078,1","+0066,1","10143,1","03,0002,9,1","24,0002,9,1","99,0003,9,1","0,000","4,1,06,1","0000,9","999,+0010,9","999,M,+0150,1","999,N,+0049,1",,"5,1,000,1,+999,9","21,1","4,99,0062,1","SYN047333   10150 20049 3/001 55000 69927 70002 91112",
"07173099999","1990-10-21T09:00:00","4","48.2","6.4333333","320.0","EPINAL DOGNEVILLE, FR","FM-12","99999","V020","340,1,N,0041,1","99999,9,9,N","999999,9,N,9","+0125,1","+0088,1","10142,1","06,0000,9,1",,,"4,000",,,,,,,"2,1,005,1,+999,9",,"4,99,0088,1","SYN011333   91117",
"07173099999","1990-10-21T12:00:00","4","48.2","6.4333333","320.0","EPINAL DOGNEVILLE, FR","FM-12","99999","V020","040,1,N,0031,1","99999,9,9,N","999999,9,N,9","+0140,1","+0075,1","10144,1","06,0000,9,1",,,"4,000",,,,,,,"0,1,004,1,+999,9",,"4,99,0098,1","SYN011333   91119",
"07173099999","1990-10-21T15:00:00","4","48.2","6.4333333","320.0","EPINAL DOGNEVILLE, FR","FM-12","99999","V020","010,1,N,0031,1","99999,9,9,N","999999,9,N,9","+0142,1","+0079,1","10145,1","06,0000,9,1",,,"4,000",,,,,,,"3,1,001,1,+999,9",,"4,99,0088,1","SYN011333   91117",
"07173099999","1990-10-21T18:00:00","4","48.2","6.4333333","320.0","EPINAL DOGNEVILLE, FR","FM-12","99999","V020","010,1,N,0021,1","99999,9,9,N","999999,9,N,9","+0104,1","+0060,1","10160,1","06,0000,9,1",,,"4,000",,,,"999,M,+0149,1",,,"3,1,010,1,+999,9",,"4,99,0088,1","SYN017333   10149 91117",
"07173099999","1990-10-21T21:00:00","4","48.2","6.4333333","320.0","EPINAL DOGNEVILLE, FR","FM-12","99999","V020","999,1,C,0000,1","99999,9,9,N","999999,9,N,9","+0063,1","+0048,1","10182,1","06,0000,9,1",,,"4,000",,,,,,,"3,1,015,1,+999,9",,"4,99,0051,1","SYN011333   91110",
"07173099999","1990-10-22T03:00:00","4","48.2","6.4333333","320.0","EPINAL DOGNEVILLE, FR","FM-12","99999","V020","999,1,C,0000,1","99999,9,9,N","999999,9,N,9","+0029,1","+0020,1","10198,1","06,0000,9,1",,,"4,000",,,,,,,"0,1,002,1,+999,9",,"4,99,0021,1","SYN011333   91104",
"07173099999","1990-10-22T06:00:00","4","48.2","6.4333333","320.0","EPINAL DOGNEVILLE, FR","FM-12","99999","V020","999,1,C,0000,1","99999,9,9,N","999999,9,N,9","+0009,1","-0001,1","10203,1","03,0002,9,1","24,0002,9,1","99,0003,9,1","0,000","4,1,06,1","0306,9","999,-0040,9","999,M,+0149,1","999,N,+0009,1",,"1,1,002,1,+999,9","21,1","4,99,0031,1","SYN047333   10149 20009 3/104 55051 69927 70002 91106",
"07173099999","1990-10-22T09:00:00","4","48.2","6.4333333","320.0","EPINAL DOGNEVILLE, FR","FM-12","99999","V020","330,1,N,0031,1","99999,9,9,N","999999,9,N,9","+0074,1","+0033,1","10190,1","06,0000,9,1",,,"4,000",,,,,,,"8,1,003,1,+999,9",,"4,99,0062,1","SYN011333   91112",
"07173099999","1990-10-22T12:00:00","4","48.2","6.4333333","320.0","EPINAL DOGNEVILLE, FR","FM-12","99999","V020","350,1,N,0051,1","99999,9,9,N","999999,9,N,9","+0123,1","+0025,1","10168,1","06,0000,9,1",,,"4,000",,,,,,,"8,1,015,1,+999,9",,"4,99,0082,1","SYN011333   91116",
"07173099999","1990-10-22T15:00:00","4","48.2","6.4333333","320.0","EPINAL DOGNEVILLE, FR","FM-12","99999","V020","020,1,N,0041,1","99999,9,9,N","999999,9,N,9","+0123,1","+0013,1","10162,1","06,0000,9,1",,,"4,000",,,,,,,"6,1,006,1,+999,9",,"4,99,0088,1","SYN011333   91117",
"07173099999","1990-10-22T18:00:00","4","48.2","6.4333333","320.0","EPINAL DOGNEVILLE, FR","FM-12","99999","V020","030,1,N,0031,1","99999,9,9,N","999999,9,N,9","+0077,1","-0003,1","10166,1","06,0000,9,1",,,"4,000",,,,"999,M,+0136,1",,,"7,1,002,1,+999,9",,"4,99,0088,1","SYN017333   10136 91117",
"07173099999","1990-10-22T21:00:00","4","48.2","6.4333333","320.0","EPINAL DOGNEVILLE, FR","FM-12","99999","V020","090,1,N,0010,1","99999,9,9,N","999999,9,N,9","+0023,1","-0003,1","10172,1","06,0000,9,1",,,"4,000",,,,,,,"6,1,001,1,+999,9",,"4,99,0041,1","SYN011333   91108",
"07173099999","1990-10-23T00:00:00","4","48.2","6.4333333","320.0","EPINAL DOGNEVILLE, FR","FM-12","99999","V020","090,1,N,0010,1","99999,9,9,N","999999,9,N,9","+0004,1","-0009,1","10178,1","06,0000,9,1",,,"4,000",,,,,,,"3,1,003,1,+999,9",,"4,99,0041,1","SYN011333   91108",
"07173099999","1990-10-23T03:00:00","4","48.2","6.4333333","320.0","EPINAL DOGNEVILLE, FR","FM-12","99999","V020","350,1,N,0010,1","99999,9,9,N","999999,9,N,9","-0004,1","-0015,1","10165,1","06,0000,9,1",,,"4,000",,,,,,,"7,1,014,1,+999,9",,"4,99,0021,1","SYN011333   91104",
"07173099999","1990-10-23T06:00:00","4","48.2","6.4333333","320.0","EPINAL DOGNEVILLE, FR","FM-12","99999","V020","130,1,N,0010,1","99999,9,9,N","999999,9,N,9","-0008,1","-0018,1","10168,1","06,0000,9,1",,,"4,000",,"0552,9","999,-0060,9","999,M,+0136,1","999,N,-0011,1",,"3,1,002,1,+999,9",,"4,99,0031,1","SYN035333   10136 21011 3/106 55092 91106",
"07173099999","1990-10-23T09:00:00","4","48.2","6.4333333","320.0","EPINAL DOGNEVILLE, FR","FM-12","99999","V020","360,1,N,0010,1","99999,9,9,N","999999,9,N,9","+0029,1","+0005,1","10175,1","03,0002,9,1","99,0003,9,1",,"0,000","4,1,03,1",,,,,,"0,1,012,1,+999,9","21,1","4,99,0031,1","SYN017333   69927 91106",
"07173099999","1990-10-23T12:00:00","4","48.2","6.4333333","320.0","EPINAL DOGNEVILLE, FR","FM-12","99999","V020","250,1,N,0010,1","99999,9,9,N","999999,9,N,9","+0091,1","+0027,1","10161,1","06,0003,9,1",,,"0,000",,,,,,,"6,1,005,1,+999,9",,"4,99,0031,1","SYN011333   91106",
"07173099999","1990-10-23T15:00:00","4","48.2","6.4333333","320.0","EPINAL DOGNEVILLE, FR","FM-12","99999","V020","040,1,N,0010,1","99999,9,9,N","999999,9,N,9","+0110,1","+0047,1","10149,1","06,0000,9,1",,,"4,000",,,,,,,"8,1,008,1,+999,9",,"4,99,0031,1","SYN011333   91106",
"07173099999","1990-10-23T18:00:00","4","48.2","6.4333333","320.0","EPINAL DOGNEVILLE, FR","FM-12","99999","V020","999,1,C,0000,1","99999,9,9,N","999999,9,N,9","+0076,1","+0047,1","10159,1","99,0003,9,1",,,"0,000",,,,"999,M,+0111,1",,,"3,1,004,1,+999,9",,"4,99,0031,1","SYN017333   10111 91106",
"07173099999","1990-10-23T21:00:00","4","48.2","6.4333333","320.0","EPINAL DOGNEVILLE, FR","FM-12","99999","V020","999,1,C,0000,1","99999,9,9,N","999999,9,N,9","+0050,1","+0035,1","10157,1","06,0000,9,1",,,"4,000",,,,,,,"6,1,005,1,+999,9",,"4,99,0021,1","SYN011333   91104",
"07173099999","1990-10-24T00:00:00","4","48.2","6.4333333","320.0","EPINAL DOGNEVILLE, FR","FM-12","99999","V020","999,1,C,0000,1","99999,9,9,N","999999,9,N,9","+0056,1","+0042,1","10154,1","06,0000,9,1",,,"4,000",,,,,,,"8,1,002,1,+999,9",,"4,99,0021,1","SYN011333   91104",
"07173099999","1990-10-24T03:00:00","4","48.2","6.4333333","320.0","EPINAL DOGNEVILLE, FR","FM-12","99999","V020","999,1,C,0000,1","99999,9,9,N","999999,9,N,9","+0067,1","+0055,1","10152,1","06,0000,9,1",,,"4,000",,,,,,,"8,1,001,1,+999,9",,"4,99,0010,1","SYN011333   91102",
"07173099999","1990-10-24T06:00:00","4","48.2","6.4333333","320.0","EPINAL DOGNEVILLE, FR","FM-12","99999","V020","300,1,N,0010,1","99999,9,9,N","999999,9,N,9","+0085,1","+0074,1","10148,1","03,9999,2,9","24,9999,2,9",,"0,000",,"0156,9","999,+0020,9","999,M,+0111,1","999,N,+0048,1",,"5,1,000,1,+999,9",,"4,99,0031,1","SYN047333   10111 20048 3/002 55026 69907 79999 91106",
"07173099999","1990-10-24T09:00:00","4","48.2","6.4333333","320.0","EPINAL DOGNEVILLE, FR","FM-12","99999","V020","160,1,N,0041,1","99999,9,9,N","999999,9,N,9","+0133,1","+0088,1","10147,1","06,0000,9,1",,,"4,000",,,,,,,"0,1,005,1,+999,9",,"4,99,0072,1","SYN011333   91114",
"07173099999","1990-10-24T12:00:00","4","48.2","6.4333333","320.0","EPINAL DOGNEVILLE, FR","FM-12","99999","V020","170,1,N,0041,1","99999,9,9,N","999999,9,N,9","+0170,1","+0097,1","10133,1","06,0000,9,1",,,"4,000",,,,,,,"8,1,009,1,+999,9",,"4,99,0088,1","SYN011333   91117",
"07173099999","1990-10-24T15:00:00","4","48.2","6.4333333","320.0","EPINAL DOGNEVILLE, FR","FM-12","99999","V020","160,1,N,0041,1","99999,9,9,N","999999,9,N,9","+0169,1","+0093,1","10123,1","06,0000,9,1",,,"4,000",,,,,,,"6,1,010,1,+999,9",,"4,99,0088,1","SYN011333   91117",
"07173099999","1990-10-24T21:00:00","4","48.2","6.4333333","320.0","EPINAL DOGNEVILLE, FR","FM-12","99999","V020","080,1,N,0010,1","99999,9,9,N","999999,9,N,9","+0082,1","+0070,1","10141,1","06,0000,9,1",,,"4,000",,,,,,,"3,1,003,1,+999,9",,"4,99,0041,1","SYN011333   91108",
"07173099999","1990-10-25T00:00:00","4","48.2","6.4333333","320.0","EPINAL DOGNEVILLE, FR","FM-12","99999","V020","999,1,C,0000,1","99999,9,9,N","999999,9,N,9","+0058,1","+0049,1","10138,1","06,0000,9,1",,,"4,000",,,,,,,"7,1,007,1,+999,9",,"4,99,0041,1","SYN011333   91108",
"07173099999","1990-10-25T03:00:00","4","48.2","6.4333333","320.0","EPINAL DOGNEVILLE, FR","FM-12","99999","V020","999,1,C,0000,1","99999,9,9,N","999999,9,N,9","+0071,1","+0062,1","10126,1","03,0002,9,1","99,0003,9,1",,"0,000",,,,,,,"8,1,010,1,+999,9",,"4,99,0021,1","SYN017333   69927 91104",
"07173099999","1990-10-25T06:00:00","4","48.2","6.4333333","320.0","EPINAL DOGNEVILLE, FR","FM-12","99999","V020","999,1,C,0000,1","99999,9,9,N","999999,9,N,9","+0078,1","+0069,1","10110,1","24,0002,9,1",,,"0,000",,"0360,9","999,+0010,9","999,M,+0178,1","999,N,+0053,1",,"6,1,014,1,+999,9",,"4,99,0021,1","SYN041333   10178 20053 3/001 55060 70002 91104",
"07173099999","1990-10-25T09:00:00","4","48.2","6.4333333","320.0","EPINAL DOGNEVILLE, FR","FM-12","99999","V020","160,1,N,0021,1","99999,9,9,N","999999,9,N,9","+0114,1","+0083,1","10112,1","06,0000,9,1",,,"4,000",,,,,,,"2,1,007,1,+999,9",,"4,99,0051,1","SYN011333   91110",
"07173099999","1990-10-25T12:00:00","4","48.2","6.4333333","320.0","EPINAL DOGNEVILLE, FR","FM-12","99999","V020","160,1,N,0031,1","99999,9,9,N","999999,9,N,9","+0114,1","+0091,1","10112,1","06,0000,9,1",,,"4,000",,,,,,,"0,1,000,1,+999,9",,"4,99,0088,1","SYN011333   91117",
"07173099999","1990-10-25T15:00:00","4","48.2","6.4333333","320.0","EPINAL DOGNEVILLE, FR","FM-12","99999","V020","140,1,N,0031,1","99999,9,9,N","999999,9,N,9","+0107,1","+0083,1","10113,1","03,0010,9,1",,,"0,000",,,,,,,"4,1,000,1,+999,9",,"4,99,0062,1","SYN017333   60017 91112",
"07173099999","1990-10-25T18:00:00","4","48.2","6.4333333","320.0","EPINAL DOGNEVILLE, FR","FM-12","99999","V020","130,1,N,0021,1","99999,9,9,N","999999,9,N,9","+0099,1","+0077,1","10116,1","99,0010,9,1",,,"0,000",,,,"999,M,+0122,1",,,"3,1,002,1,+999,9",,"4,99,0062,1","SYN017333   10122 91112",
"07173099999","1990-10-25T21:00:00","4","48.2","6.4333333","320.0","EPINAL DOGNEVILLE, FR","FM-12","99999","V020","090,1,N,0021,1","99999,9,9,N","999999,9,N,9","+0082,1","+0068,1","10112,1","06,0000,9,1",,,"4,000",,,,,,,"6,1,006,1,+999,9",,"4,99,0051,1","SYN011333   91110",
"07173099999","1990-10-26T00:00:00","4","48.2","6.4333333","320.0","EPINAL DOGNEVILLE, FR","FM-12","99999","V020","110,1,N,0010,1","99999,9,9,N","999999,9,N,9","+0084,1","+0067,1","10101,1","06,0000,9,1",,,"4,000",,,,,,,"6,1,011,1,+999,9",,"4,99,0051,1","SYN011333   91110",
"07173099999","1990-10-26T03:00:00","4","48.2","6.4333333","320.0","EPINAL DOGNEVILLE, FR","FM-12","99999","V020","130,1,N,0010,1","99999,9,9,N","999999,9,N,9","+0049,1","+0040,1","10081,1","03,0002,9,1","99,0003,9,1",,"0,000","4,1,03,1",,,,,,"6,1,024,1,+999,9","21,1","4,99,0041,1","SYN017333   69927 91108",
"07173099999","1990-10-26T06:00:00","4","48.2","6.4333333","320.0","EPINAL DOGNEVILLE, FR","FM-12","99999","V020","090,1,N,0021,1","99999,9,9,N","999999,9,N,9","+0060,1","+0046,1","10062,1","24,0012,9,1","99,0003,9,1",,"0,000",,"0000,9","999,-0010,9","999,M,+0122,1","999,N,+0035,1",,"8,1,017,1,+999,9",,"4,99,0051,1","SYN041333   10122 20035 3/101 55000 70012 91110",
"07173099999","1990-10-26T09:00:00","4","48.2","6.4333333","320.0","EPINAL DOGNEVILLE, FR","FM-12","99999","V020","090,1,N,0021,1","99999,9,9,N","999999,9,N,9","+0113,1","+0064,1","10041,1","06,0000,9,1",,,"4,000",,,,,,,"8,1,013,1,+999,9",,"4,99,0051,1","SYN011333   91110",
"07173099999","1990-10-26T12:00:00","4","48.2","6.4333333","320.0","EPINAL DOGNEVILLE, FR","FM-12","99999","V020","160,1,N,0062,1","99999,9,9,N","999999,9,N,9","+0105,1","+0076,1","10042,1","03,0010,9,1","06,0010,9,1",,"0,000","4,1,06,1",,,,,,"5,1,000,1,+999,9","41,1","4,99,0139,1","SYN017333   60017 91127",
"07173099999","1990-10-26T15:00:00","4","48.2","6.4333333","320.0","EPINAL DOGNEVILLE, FR","FM-12","99999","V020","150,1,N,0041,1","99999,9,9,N","999999,9,N,9","+0099,1","+0070,1","10046,1","03,0040,9,1",,,"0,000",,,,,,,"3,1,003,1,+999,9",,"4,99,0088,1","SYN017333   60047 91117",
"07173099999","1990-10-26T18:00:00","4","48.2","6.4333333","320.0","EPINAL DOGNEVILLE, FR","FM-12","99999","V020","140,1,N,0041,1","99999,9,9,N","999999,9,N,9","+0090,1","+0061,1","10069,1","99,0050,9,1",,,"0,000",,,,"999,M,+0139,1",,,"1,1,021,1,+999,9",,"4,99,0088,1","SYN017333   10139 91117",
"07173099999","1990-10-26T21:00:00","4","48.2","6.4333333","320.0","EPINAL DOGNEVILLE, FR","FM-12","99999","V020","160,1,N,0051,1","99999,9,9,N","999999,9,N,9","+0082,1","+0057,1","10082,1","06,0000,9,1",,,"4,000",,,,,,,"1,1,012,1,+999,9",,"4,99,0088,1","SYN011333   91117",
"07173099999","1990-10-27T00:00:00","4","48.2","6.4333333","320.0","EPINAL DOGNEVILLE, FR","FM-12","99999","V020","150,1,N,0031,1","99999,9,9,N","999999,9,N,9","+0074,1","+0050,1","10081,1","06,0000,9,1",,,"4,000",,,,,,,"8,1,003,1,+999,9",,"4,99,0108,1","SYN011333   91121",
"07173099999","1990-10-27T03:00:00","4","48.2","6.4333333","320.0","EPINAL DOGNEVILLE, FR","FM-12","99999","V020","160,1,N,0010,1","99999,9,9,N","999999,9,N,9","+0057,1","+0037,1","10082,1","06,0000,9,1",,,"4,000",,,,,,,"8,1,001,1,+999,9",,"4,99,0082,1","SYN011333   91116",
"07173099999","1990-10-27T06:00:00","4","48.2","6.4333333","320.0","EPINAL DOGNEVILLE, FR","FM-12","99999","V020","140,1,N,0041,1","99999,9,9,N","999999,9,N,9","+0072,1","+0045,1","10085,1","06,0000,9,1","24,0050,9,1",,"4,000",,"0024,9","999,+0030,9","999,M,+0139,1","999,N,+0056,1",,"1,1,004,1,+999,9",,"4,99,0082,1","SYN041333   10139 20056 3/003 55004 70050 91116",
"07173099999","1990-10-27T09:00:00","4","48.2","6.4333333","320.0","EPINAL DOGNEVILLE, FR","FM-12","99999","V020","160,1,N,0072,1","99999,9,9,N","999999,9,N,9","+0083,1","+0056,1","10092,1","06,0000,9,1",,,"4,000",,,,,,,"1,1,009,1,+999,9",,"4,99,0129,1","SYN011333   91125",
"07173099999","1990-10-27T12:00:00","4","48.2","6.4333333","320.0","EPINAL DOGNEVILLE, FR","FM-12","99999","V020","170,1,N,0072,1","99999,9,9,N","999999,9,N,9","+0105,1","+0063,1","10082,1","03,0002,9,1","06,0003,9,1",,"0,000",,,,,,,"7,1,006,1,+999,9",,"4,99,0139,1","SYN017333   69927 91127",
"07173099999","1990-10-27T15:00:00","4","48.2","6.4333333","320.0","EPINAL DOGNEVILLE, FR","FM-12","99999","V020","170,1,N,0072,1","99999,9,9,N","999999,9,N,9","+0109,1","+0059,1","10079,1","06,0000,9,1",,,"4,000",,,,,,,"8,1,003,1,+999,9",,"4,99,0170,1","SYN011333   91133",
"07173099999","1990-10-27T18:00:00","4","48.2","6.4333333","320.0","EPINAL DOGNEVILLE, FR","FM-12","99999","V020","150,1,N,0062,1","99999,9,9,N","999999,9,N,9","+0098,1","+0060,1","10083,1","99,0003,9,1",,,"0,000",,,,"999,M,+0114,1",,,"2,1,002,1,+999,9",,"4,99,0170,1","SYN017333   10114 91133",
"07173099999","1990-10-27T21:00:00","4","48.2","6.4333333","320.0","EPINAL DOGNEVILLE, FR","FM-12","99999","V020","140,1,N,0051,1","99999,9,9,N","999999,9,N,9","+0098,1","+0054,1","10075,1","06,0000,9,1",,,"4,000",,,,,,,"8,1,007,1,+999,9",,"4,99,0088,1","SYN011333   91117",
"07173099999","1990-10-28T00:00:00","4","48.2","6.4333333","320.0","EPINAL DOGNEVILLE, FR","FM-12","99999","V020","160,1,N,0051,1","99999,9,9,N","999999,9,N,9","+0098,1","+0046,1","10058,1","06,0000,9,1",,,"4,000",,,,,,,"8,1,017,1,+999,9",,"4,99,0108,1","SYN011333   91121",
"07173099999","1990-10-28T03:00:00","4","48.2","6.4333333","320.0","EPINAL DOGNEVILLE, FR","FM-12","99999","V020","150,1,N,0051,1","99999,9,9,N","999999,9,N,9","+0085,1","+0056,1","10037,1","06,0000,9,1",,,"4,000",,,,,,,"8,1,022,1,+999,9",,"4,99,0098,1","SYN011333   91119",
"07173099999","1990-10-28T06:00:00","4","48.2","6.4333333","320.0","EPINAL DOGNEVILLE, FR","FM-12","99999","V020","150,1,N,0062,1","99999,9,9,N","999999,9,N,9","+0084,1","+0062,1","10009,1","03,0006,9,1","24,0008,9,1","99,0005,9,1","0,000","4,1,06,1","0114,9","999,+0070,9","999,M,+0114,1","999,N,+0082,1",,"8,1,027,1,+999,9","21,1","4,99,0108,1","SYN047333   10114 20082 3/007 55019 69967 70008 91121",
"07173099999","1990-10-28T09:00:00","4","48.2","6.4333333","320.0","EPINAL DOGNEVILLE, FR","FM-12","99999","V020","160,1,N,0087,1","99999,9,9,N","999999,9,N,9","+0098,1","+0069,1","09985,1","03,0004,9,1","99,0005,9,1",,"0,000","4,1,03,1",,,,,,"7,1,020,1,+999,9","41,1","4,99,0139,1","SYN017333   69947 91127",
"07173099999","1990-10-28T12:00:00","4","48.2","6.4333333","320.0","EPINAL DOGNEVILLE, FR","FM-12","99999","V020","150,1,N,0082,1","99999,9,9,N","999999,9,N,9","+0105,1","+0077,1","09942,1","03,0020,9,1","06,0020,9,1",,"0,000","4,1,06,1",,,,,,"8,1,041,1,+999,9","21,1","4,99,0160,1","SYN017333   60027 91131",
"07173099999","1990-10-28T15:00:00","4","48.2","6.4333333","320.0","EPINAL DOGNEVILLE, FR","FM-12","99999","V020","160,1,N,0082,1","99999,9,9,N","999999,9,N,9","+0102,1","+0076,1","09908,1","03,0030,9,1",,,"0,000","4,1,03,1",,,,,,"6,1,033,1,+999,9","41,1","4,99,0160,1","SYN017333   60037 91131",
"07173099999","1990-10-28T18:00:00","4","48.2","6.4333333","320.0","EPINAL DOGNEVILLE, FR","FM-12","99999","V020","160,1,N,0108,1","99999,9,9,N","999999,9,N,9","+0097,1","+0075,1","09878,1","03,0040,9,1",,,"0,000","4,1,06,1",,,"999,M,+0119,1",,,"8,1,030,1,+999,9","21,1","4,99,0201,1","SYN023333   10119 60047 91139",
"07173099999","1990-10-28T21:00:00","4","48.2","6.4333333","320.0","EPINAL DOGNEVILLE, FR","FM-12","99999","V020","160,1,N,0098,1","99999,9,9,N","999999,9,N,9","+0098,1","+0079,1","09848,1","03,0070,9,1",,,"0,000","4,1,03,1",,,,,,"6,1,028,1,+999,9","41,1","4,99,0211,1","SYN017333   60077 91141",
"07173099999","1990-10-29T00:00:00","4","48.2","6.4333333","320.0","EPINAL DOGNEVILLE, FR","FM-12","99999","V020","180,1,N,0082,1","99999,9,9,N","999999,9,N,9","+0100,1","+0084,1","09843,1","03,0030,9,1","06,0030,9,1",,"0,000","4,1,06,1",,,,,,"5,1,005,1,+999,9","41,1","4,99,0221,1","SYN017333   60037 91143",
"07173099999","1990-10-29T03:00:00","4","48.2","6.4333333","320.0","EPINAL DOGNEVILLE, FR","FM-12","99999","V020","210,1,N,0041,1","99999,9,9,N","999999,9,N,9","+0078,1","+0059,1","09869,1","03,0080,9,1",,,"0,000","4,1,03,1",,,,,,"3,1,022,1,+999,9","41,1","4,99,0139,1","SYN017333   60087 91127",
"07173099999","1990-10-29T06:00:00","4","48.2","6.4333333","320.0","EPINAL DOGNEVILLE, FR","FM-12","99999","V020","260,1,N,0072,1","99999,9,9,N","999999,9,N,9","+0067,1","+0045,1","09904,1","03,0010,9,1","24,0296,9,1",,"0,000","4,1,06,1","0000,9","999,+0060,9","999,M,+0119,1","999,N,+0067,1",,"3,1,032,1,+999,9","21,1","4,99,0139,1","SYN047333   10119 20067 3/006 55000 60017 70296 91127",
"07173099999","1990-10-29T09:00:00","4","48.2","6.4333333","320.0","EPINAL DOGNEVILLE, FR","FM-12","99999","V020","210,1,N,0031,1","99999,9,9,N","999999,9,N,9","+0067,1","+0044,1","09931,1","03,0010,9,1",,,"0,000","4,1,03,1",,,,,,"1,1,026,1,+999,9","21,1","4,99,0098,1","SYN017333   60017 91119",
"07173099999","1990-10-29T12:00:00","4","48.2","6.4333333","320.0","EPINAL DOGNEVILLE, FR","FM-12","99999","V020","200,1,N,0051,1","99999,9,9,N","999999,9,N,9","+0093,1","+0045,1","09924,1","06,0010,9,1",,,"0,000",,,,,,,"8,1,003,1,+999,9",,"4,99,0108,1","SYN011333   91121",
"07173099999","1990-10-29T15:00:00","4","48.2","6.4333333","320.0","EPINAL DOGNEVILLE, FR","FM-12","99999","V020","150,1,N,0041,1","99999,9,9,N","999999,9,N,9","+0088,1","+0050,1","09897,1","06,0000,9,1",,,"4,000",,,,,,,"8,1,027,1,+999,9",,"4,99,0088,1","SYN011333   91117",
"07173099999","1990-10-29T18:00:00","4","48.2","6.4333333","320.0","EPINAL DOGNEVILLE, FR","FM-12","99999","V020","130,1,N,0021,1","99999,9,9,N","999999,9,N,9","+0080,1","+0061,1","09858,1","03,0020,9,1",,,"9,000","4,1,06,1",,,"999,M,+0096,1",,,"8,1,038,1,+999,9","21,1","4,99,0098,1","SYN023333   10096 60027 91119",
"07173099999","1990-10-29T21:00:00","4","48.2","6.4333333","320.0","EPINAL DOGNEVILLE, FR","FM-12","99999","V020","160,1,N,0108,1","99999,9,9,N","999999,9,N,9","+0120,1","+0102,1","99999,9","03,0060,9,1",,,"0,000","4,1,03,1",,,,,,"6,1,064,2,+999,9","21,1","4,99,0170,1","SYN017333   60067 91133","Q01+097863APOSLPQ02+000642APC3  "
"07173099999","1990-10-30T00:00:00","4","48.2","6.4333333","320.0","EPINAL DOGNEVILLE, FR","FM-12","99999","V020","220,1,N,0072,1","99999,9,9,N","999999,9,N,9","+0109,1","+0087,1","09858,1","03,0004,9,1","06,0005,9,1",,"3,000","4,1,06,1",,,,,,"3,1,067,2,+999,9","41,1","4,99,0201,1","SYN017333   69947 91139","Q01+000672APC3  "
"07173099999","1990-10-30T03:00:00","4","48.2","6.4333333","320.0","EPINAL DOGNEVILLE, FR","FM-12","99999","V020","210,1,N,0051,1","99999,9,9,N","999999,9,N,9","+0085,1","+0053,1","09921,1","03,0008,9,1","99,0010,9,1",,"0,000",,,,,,,"1,1,058,1,+999,9",,"4,99,0160,1","SYN017333   69987 91131",
"07173099999","1990-10-30T06:00:00","4","48.2","6.4333333","320.0","EPINAL DOGNEVILLE, FR","FM-12","99999","V020","190,1,N,0051,1","99999,9,9,N","999999,9,N,9","+0072,1","+0045,1","09967,1","03,0020,9,1","24,0128,9,1",,"0,000",,"0030,9","999,+0040,9","999,M,+0096,1","999,N,+0059,1",,"3,1,042,1,+999,9",,"4,99,0160,1","SYN047333   10096 20059 3/004 55005 60027 70128 91131",
"07173099999","1990-10-30T09:00:00","4","48.2","6.4333333","320.0","EPINAL DOGNEVILLE, FR","FM-12","99999","V020","190,1,N,0082,1","99999,9,9,N","999999,9,N,9","+0093,1","+0049,1","10000,1","06,0000,9,1",,,"4,000",,,,,,,"1,1,035,1,+999,9",,"4,99,0129,1","SYN011333   91125",
"07173099999","1990-10-30T12:00:00","4","48.2","6.4333333","320.0","EPINAL DOGNEVILLE, FR","FM-12","99999","V020","180,1,N,0072,1","99999,9,9,N","999999,9,N,9","+0107,1","+0042,1","10015,1","06,0000,9,1",,,"4,000",,,,,,,"1,1,016,1,+999,9",,"4,99,0149,1","SYN011333   91129",
"07173099999","1990-10-30T15:00:00","4","48.2","6.4333333","320.0","EPINAL DOGNEVILLE, FR","FM-12","99999","V020","180,1,N,0062,1","99999,9,9,N","999999,9,N,9","+0111,1","+0039,1","10020,1","03,0006,9,1","99,0005,9,1",,"0,000",,,,,,,"1,1,005,1,+999,9",,"4,99,0149,1","SYN017333   69967 91129",
"07173099999","1990-10-30T18:00:00","4","48.2","6.4333333","320.0","EPINAL DOGNEVILLE, FR","FM-12","99999","V020","150,1,N,0041,1","99999,9,9,N","999999,9,N,9","+0095,1","+0055,1","10024,1","99,0005,9,1",,,"0,000",,,,"999,M,+0119,1",,,"0,1,003,1,+999,9",,"4,99,0149,1","SYN017333   10119 91129",
"07173099999","1990-10-30T21:00:00","4","48.2","6.4333333","320.0","EPINAL DOGNEVILLE, FR","FM-12","99999","V020","160,1,N,0041,1","99999,9,9,N","999999,9,N,9","+0096,1","+0050,1","10024,1","06,0000,9,1",,,"4,000",,,,,,,"4,1,000,1,+999,9",,"4,99,0088,1","SYN011333   91117",
"07173099999","1990-10-31T00:00:00","4","48.2","6.4333333","320.0","EPINAL DOGNEVILLE, FR","FM-12","99999","V020","160,1,N,0031,1","99999,9,9,N","999999,9,N,9","+0093,1","+0055,1","10016,1","06,0000,9,1",,,"4,000",,,,,,,"6,1,009,1,+999,9",,"4,99,0088,1","SYN011333   91117",
"07173099999","1990-10-31T03:00:00","4","48.2","6.4333333","320.0","EPINAL DOGNEVILLE, FR","FM-12","99999","V020","170,1,N,0051,1","99999,9,9,N","999999,9,N,9","+0089,1","+0069,1","10008,1","03,0002,9,1","99,0003,9,1",,"0,000",,,,,,,"6,1,007,1,+999,9",,"4,99,0108,1","SYN017333   69927 91121",
"07173099999","1990-10-31T06:00:00","4","48.2","6.4333333","320.0","EPINAL DOGNEVILLE, FR","FM-12","99999","V020","180,1,N,0062,1","99999,9,9,N","999999,9,N,9","+0094,1","+0073,1","10011,1","03,0002,9,1","24,0010,9,1","99,0003,9,1","0,000","4,1,06,1","0306,9","999,+0070,9","999,M,+0119,1","999,N,+0087,1",,"0,1,003,1,+999,9","21,1","4,99,0108,1","SYN047333   10119 20087 3/007 55051 69927 70010 91121",
"07173099999","1990-10-31T09:00:00","4","48.2","6.4333333","320.0","EPINAL DOGNEVILLE, FR","FM-12","99999","V020","170,1,N,0072,1","99999,9,9,N","999999,9,N,9","+0100,1","+0072,1","10024,1","06,0000,9,1",,,"4,000",,,,,,,"1,1,013,1,+999,9",,"4,99,0108,1","SYN011333   91121",
"07173099999","1990-10-31T12:00:00","4","48.2","6.4333333","320.0","EPINAL DOGNEVILLE, FR","FM-12","99999","V020","170,1,N,0082,1","99999,9,9,N","999999,9,N,9","+0110,1","+0073,1","10028,1","06,0000,9,1",,,"4,000",,,,,,,"1,1,005,1,+999,9",,"4,99,0129,1","SYN011333   91125",
"07173099999","1990-10-31T15:00:00","4","48.2","6.4333333","320.0","EPINAL DOGNEVILLE, FR","FM-12","99999","V020","160,1,N,0072,1","99999,9,9,N","999999,9,N,9","+0110,1","+0073,1","10032,1","06,0000,9,1",,,"4,000",,,,,,,"3,1,004,1,+999,9",,"4,99,0129,1","SYN011333   91125",
"07173099999","1990-10-31T18:00:00","4","48.2","6.4333333","320.0","EPINAL DOGNEVILLE, FR","FM-12","99999","V020","170,1,N,0062,1","99999,9,9,N","999999,9,N,9","+0099,1","+0072,1","10046,1","03,0002,9,1","99,0003,9,1",,"0,000",,,,"999,M,+0113,1",,,"3,1,012,1,+999,9",,"4,99,0129,1","SYN023333   10113 69927 91125",
"07173099999","1990-10-31T21:00:00","4","48.2","6.4333333","320.0","EPINAL DOGNEVILLE, FR","FM-12","99999","V020","160,1,N,0041,1","99999,9,9,N","999999,9,N,9","+0087,1","+0065,1","10061,1","06,0000,9,1",,,"4,000",,,,,,,"1,1,013,1,+999,9",,"4,99,0108,1","SYN011333   91121",
"07173099999","1990-11-01T00:00:00","4","48.2","6.4333333","320.0","EPINAL DOGNEVILLE, FR","FM-12","99999","V020","170,1,N,0041,1","99999,9,9,N","999999,9,N,9","+0086,1","+0062,1","10065,1","06,0000,9,1",,,"4,000",,,,,,,"3,1,004,1,+999,9",,"4,99,0108,1","SYN011333   91121",
"07173099999","1990-11-01T03:00:00","4","48.2","6.4333333","320.0","EPINAL DOGNEVILLE, FR","FM-12","99999","V020","160,1,N,0051,1","99999,9,9,N","999999,9,N,9","+0084,1","+0059,1","10065,1","06,0000,9,1",,,"4,000",,,,,,,"8,1,001,1,+999,9",,"4,99,0098,1","SYN011333   91119",
"07173099999","1990-11-01T06:00:00","4","48.2","6.4333333","320.0","EPINAL DOGNEVILLE, FR","FM-12","99999","V020","170,1,N,0062,1","99999,9,9,N","999999,9,N,9","+0078,1","+0058,1","10070,1","03,0004,9,1","24,0006,9,1","99,0005,9,1","0,000",,"0000,9","999,+0060,9","999,M,+0113,1","999,N,+0077,1",,"1,1,005,1,+999,9",,"4,99,0098,1","SYN047333   10113 20077 3/006 55000 69947 70006 91119",
"07173099999","1990-11-01T09:00:00","4","48.2","6.4333333","320.0","EPINAL DOGNEVILLE, FR","FM-12","99999","V020","200,1,N,0041,1","99999,9,9,N","999999,9,N,9","+0088,1","+0061,1","10082,1","06,0000,9,1",,,"4,000",,,,,,,"3,1,012,1,+999,9",,"4,99,0098,1","SYN011333   91119",
"07173099999","1990-11-01T12:00:00","4","48.2","6.4333333","320.0","EPINAL DOGNEVILLE, FR","FM-12","99999","V020","180,1,N,0062,1","99999,9,9,N","999999,9,N,9","+0106,1","+0062,1","10076,1","06,0000,9,1",,,"4,000",,,,,,,"8,1,003,1,+999,9",,"4,99,0108,1","SYN011333   91121",
"07173099999","1990-11-01T15:00:00","4","48.2","6.4333333","320.0","EPINAL DOGNEVILLE, FR","FM-12","99999","V020","150,1,N,0031,1","99999,9,9,N","999999,9,N,9","+0103,1","+0065,1","10072,1","06,0000,9,1",,,"4,000",,,,,,,"6,1,004,1,+999,9",,"4,99,0088,1","SYN011333   91117",
"07173099999","1990-11-01T18:00:00","4","48.2","6.4333333","320.0","EPINAL DOGNEVILLE, FR","FM-12","99999","V020","130,1,N,0031,1","99999,9,9,N","999999,9,N,9","+0090,1","+0061,1","10073,1","06,0000,9,1",,,"4,000",,,,"999,M,+0113,1",,,"8,1,001,1,+999,9",,"4,99,0088,1","SYN017333   10113 91117",
"07173099999","1990-11-01T21:00:00","4","48.2","6.4333333","320.0","EPINAL DOGNEVILLE, FR","FM-12","99999","V020","150,1,N,0051,1","99999,9,9,N","999999,9,N,9","+0081,1","+0061,1","10063,1","03,0010,9,1",,,"0,000","4,1,03,1",,,,,,"8,1,011,1,+999,9","41,1","4,99,0098,1","SYN017333   60017 91119",
"07173099999","1990-11-02T00:00:00","4","48.2","6.4333333","320.0","EPINAL DOGNEVILLE, FR","FM-12","99999","V020","180,1,N,0062,1","99999,9,9,N","999999,9,N,9","+0070,1","+0047,1","10067,1","03,0020,9,1","06,0020,9,1",,"0,000",,,,,,,"0,1,002,1,+999,9",,"4,99,0108,1","SYN017333   60027 91121",
"07173099999","1990-11-02T03:00:00","4","48.2","6.4333333","320.0","EPINAL DOGNEVILLE, FR","FM-12","99999","V020","160,1,N,0041,1","99999,9,9,N","999999,9,N,9","+0066,1","+0044,1","10059,1","06,0000,9,1",,,"4,000",,,,,,,"6,1,008,1,+999,9",,"4,99,0088,1","SYN011333   91117",
"07173099999","1990-11-02T06:00:00","4","48.2","6.4333333","320.0","EPINAL DOGNEVILLE, FR","FM-12","99999","V020","180,1,N,0062,1","99999,9,9,N","999999,9,N,9","+0061,1","+0038,1","10043,1","03,0008,9,1","24,0036,9,1","99,0010,9,1","0,000","4,1,06,1","0096,9","999,+0050,9","999,M,+0113,1","999,N,+0061,1",,"6,1,016,1,+999,9","41,1","4,99,0108,1","SYN047333   10113 20061 3/005 55016 69987 70036 91121",
"07173099999","1990-11-02T09:00:00","4","48.2","6.4333333","320.0","EPINAL DOGNEVILLE, FR","FM-12","99999","V020","170,1,N,0041,1","99999,9,9,N","999999,9,N,9","+0052,1","+0032,1","10044,1","03,0008,9,1","99,0010,9,1",,"0,000","4,1,03,1",,,,,,"5,1,000,1,+999,9","21,1","4,99,0108,1","SYN017333   69987 91121",
"07173099999","1990-11-02T12:00:00","4","48.2","6.4333333","320.0","EPINAL DOGNEVILLE, FR","FM-12","99999","V020","180,1,N,0041,1","99999,9,9,N","999999,9,N,9","+0054,1","+0037,1","10058,1","03,0020,9,1","06,0020,9,1",,"0,000","4,1,06,1",,,,,,"3,1,013,1,+999,9","41,1","4,99,0108,1","SYN017333   60027 91121",
"07173099999","1990-11-02T15:00:00","4","48.2","6.4333333","320.0","EPINAL DOGNEVILLE, FR","FM-12","99999","V020","180,1,N,0031,1","99999,9,9,N","999999,9,N,9","+0067,1","+0039,1","10059,1","03,0002,9,1","99,0003,9,1",,"0,000",,,,,,,"2,1,003,1,+999,9",,"4,99,0118,1","SYN017333   69927 91123",
"07173099999","1990-11-02T18:00:00","4","48.2","6.4333333","320.0","EPINAL DOGNEVILLE, FR","FM-12","99999","V020","170,1,N,0021,1","99999,9,9,N","999999,9,N,9","+0060,1","+0038,1","10056,1","99,0030,9,1",,,"0,000",,,,"999,M,+0077,1",,,"7,1,004,1,+999,9",,"4,99,0118,1","SYN017333   10077 91123",
"07173099999","1990-11-02T21:00:00","4","48.2","6.4333333","320.0","EPINAL DOGNEVILLE, FR","FM-12","99999","V020","080,1,N,0010,1","99999,9,9,N","999999,9,N,9","+0056,1","+0041,1","10049,1","06,0000,9,1",,,"4,000",,,,,,,"6,1,007,1,+999,9",,"4,99,0051,1","SYN011333   91110",
"07173099999","1990-11-03T00:00:00","4","48.2","6.4333333","320.0","EPINAL DOGNEVILLE, FR","FM-12","99999","V020","140,1,N,0021,1","99999,9,9,N","999999,9,N,9","+0058,1","+0044,1","10048,1","03,0004,9,1","06,0005,9,1",,"0,000","4,1,06,1",,,,,,"5,1,001,1,+999,9","21,1","4,99,0051,1","SYN017333   69947 91110",
"07173099999","1990-11-03T03:00:00","4","48.2","6.4333333","320.0","EPINAL DOGNEVILLE, FR","FM-12","99999","V020","120,1,N,0021,1","99999,9,9,N","999999,9,N,9","+0046,1","+0029,1","10047,1","03,0020,9,1",,,"0,000","4,1,03,1",,,,,,"7,1,003,1,+999,9","21,1","4,99,0062,1","SYN017333   60027 91112",
"07173099999","1990-11-03T06:00:00","4","48.2","6.4333333","320.0","EPINAL DOGNEVILLE, FR","FM-12","99999","V020","060,1,N,0010,1","99999,9,9,N","999999,9,N,9","+0047,1","+0037,1","10050,1","03,0030,9,1","24,0082,9,1",,"0,000","4,1,06,1","0036,9","999,+0040,9","999,M,+0077,1","999,N,+0045,1",,"2,1,004,1,+999,9","21,1","4,99,0062,1","SYN047333   10077 20045 3/004 55006 60037 70082 91112",
"07173099999","1990-11-03T09:00:00","4","48.2","6.4333333","320.0","EPINAL DOGNEVILLE, FR","FM-12","99999","V020","190,1,N,0041,1","99999,9,9,N","999999,9,N,9","+0055,1","+0037,1","10067,1","03,0004,9,1","99,0005,9,1",,"0,000",,,,,,,"1,1,017,1,+999,9",,"4,99,0072,1","SYN017333   69947 91114",
"07173099999","1990-11-03T12:00:00","4","48.2","6.4333333","320.0","EPINAL DOGNEVILLE, FR","FM-12","99999","V020","200,1,N,0031,1","99999,9,9,N","999999,9,N,9","+0049,1","+0036,1","10078,1","03,0008,9,1","06,0010,9,1",,"0,000","4,1,06,1",,,,,,"1,1,010,1,+999,9","21,1","4,99,0072,1","SYN017333   69987 91114",
"07173099999","1990-11-03T15:00:00","4","48.2","6.4333333","320.0","EPINAL DOGNEVILLE, FR","FM-12","99999","V020","250,1,N,0021,1","99999,9,9,N","999999,9,N,9","+0054,1","+0037,1","10085,1","03,0010,9,1",,,"0,000","4,1,03,1",,,,,,"3,1,007,1,+999,9","21,1","4,99,0072,1","SYN017333   60017 91114",
"07173099999","1990-11-03T18:00:00","4","48.2","6.4333333","320.0","EPINAL DOGNEVILLE, FR","FM-12","99999","V020","140,1,N,0021,1","99999,9,9,N","999999,9,N,9","+0041,1","+0020,1","10102,1","99,0020,9,1",,,"0,000",,,,"999,M,+0056,1",,,"3,1,015,1,+999,9",,"4,99,0072,1","SYN017333   10056 91114",
"07173099999","1990-11-03T21:00:00","4","48.2","6.4333333","320.0","EPINAL DOGNEVILLE, FR","FM-12","99999","V020","200,1,N,0031,1","99999,9,9,N","999999,9,N,9","+0045,1","+0025,1","10111,1","06,0000,9,1",,,"4,000",,,,,,,"2,1,009,1,+999,9",,"4,99,0062,1","SYN011333   91112",
"07173099999","1990-11-04T00:00:00","4","48.2","6.4333333","320.0","EPINAL DOGNEVILLE, FR","FM-12","99999","V020","200,1,N,0031,1","99999,9,9,N","999999,9,N,9","+0042,1","+0026,1","10112,1","03,0002,9,1","06,0003,9,1",,"0,000",,,,,,,"0,1,000,1,+999,9",,"4,99,0072,1","SYN017333   69927 91114",
"07173099999","1990-11-04T03:00:00","4","48.2","6.4333333","320.0","EPINAL DOGNEVILLE, FR","FM-12","99999","V020","220,1,N,0021,1","99999,9,9,N","999999,9,N,9","+0042,1","+0027,1","10114,1","03,0008,9,1","99,0010,9,1",,"0,000",,,,,,,"0,1,002,1,+999,9",,"4,99,0062,1","SYN017333   69987 91112",
"07173099999","1990-11-04T06:00:00","4","48.2","6.4333333","320.0","EPINAL DOGNEVILLE, FR","FM-12","99999","V020","180,1,N,0010,1","99999,9,9,N","999999,9,N,9","+0035,1","+0022,1","10125,1","03,0004,9,1","24,0036,9,1","99,0005,9,1","0,000",,"0000,9","999,+0010,9","999,M,+0056,1","999,N,+0032,1",,"2,1,010,1,+999,9",,"4,99,0062,1","SYN047333   10056 20032 3/001 55000 69947 70036 91112",
"07173099999","1990-11-04T09:00:00","4","48.2","6.4333333","320.0","EPINAL DOGNEVILLE, FR","FM-12","99999","V020","190,1,N,0031,1","99999,9,9,N","999999,9,N,9","+0050,1","+0024,1","10136,1","03,0002,9,1","99,0003,9,1",,"0,000",,,,,,,"1,1,013,1,+999,9",,"4,99,0062,1","SYN017333   69927 91112",
"07173099999","1990-11-04T12:00:00","4","48.2","6.4333333","320.0","EPINAL DOGNEVILLE, FR","FM-12","99999","V020","180,1,N,0041,1","99999,9,9,N","999999,9,N,9","+0055,1","+0037,1","10133,1","03,0010,9,1","06,0010,9,1",,"9,000","4,1,06,1",,,,,,"8,1,003,1,+999,9","21,1","4,99,0082,1","SYN017333   60017 91116",
"07173099999","1990-11-04T15:00:00","4","48.2","6.4333333","320.0","EPINAL DOGNEVILLE, FR","FM-12","99999","V020","200,1,N,0021,1","99999,9,9,N","999999,9,N,9","+0053,1","+0036,1","10131,1","03,0020,9,1",,,"0,000",,,,,,,"8,1,002,1,+999,9",,"4,99,0082,1","SYN017333   60027 91116",
"07173099999","1990-11-04T18:00:00","4","48.2","6.4333333","320.0","EPINAL DOGNEVILLE, FR","FM-12","99999","V020","180,1,N,0021,1","99999,9,9,N","999999,9,N,9","+0049,1","+0034,1","10139,1","03,0010,9,1",,,"0,000",,,,"999,M,+0060,1",,,"3,1,007,1,+999,9",,"4,99,0082,1","SYN023333   10060 60017 91116",
"07173099999","1990-11-04T21:00:00","4","48.2","6.4333333","320.0","EPINAL DOGNEVILLE, FR","FM-12","99999","V020","220,1,N,0041,1","99999,9,9,N","999999,9,N,9","+0052,1","+0034,1","10144,1","03,0020,9,1",,,"0,000",,,,,,,"3,1,006,1,+999,9",,"4,99,0082,1","SYN017333   60027 91116",
"07173099999","1990-11-05T00:00:00","4","48.2","6.4333333","320.0","EPINAL DOGNEVILLE, FR","FM-12","99999","V020","200,1,N,0031,1","99999,9,9,N","999999,9,N,9","+0046,1","+0031,1","10157,1","06,0020,9,1",,,"0,000",,,,,,,"3,1,011,1,+999,9",,"4,99,0082,1","SYN011333   91116",
"07173099999","1990-11-05T03:00:00","4","48.2","6.4333333","320.0","EPINAL DOGNEVILLE, FR","FM-12","99999","V020","240,1,N,0010,1","99999,9,9,N","999999,9,N,9","+0043,1","+0025,1","10166,1","06,0000,9,1",,,"4,000",,,,,,,"3,1,009,1,+999,9",,"4,99,0051,1","SYN011333   91110",
"07173099999","1990-11-05T06:00:00","4","48.2","6.4333333","320.0","EPINAL DOGNEVILLE, FR","FM-12","99999","V020","120,1,N,0010,1","99999,9,9,N","999999,9,N,9","+0017,1","+0007,1","10186,1","24,0066,9,1","99,0020,9,1",,"0,000",,"0000,9","999,-0020,9","999,M,+0060,1","999,N,+0016,1",,"1,1,015,1,+999,9",,"4,99,0051,1","SYN041333   10060 20016 3/102 55000 70066 91110",
"07173099999","1990-11-05T09:00:00","4","48.2","6.4333333","320.0","EPINAL DOGNEVILLE, FR","FM-12","99999","V020","999,1,C,0000,1","99999,9,9,N","999999,9,N,9","+0043,1","+0028,1","10200,1","06,0000,9,1",,,"4,000",,,,,,,"1,1,018,1,+999,9",,"4,99,0031,1","SYN011333   91106",
"07173099999","1990-11-05T12:00:00","4","48.2","6.4333333","320.0","EPINAL DOGNEVILLE, FR","FM-12","99999","V020","350,1,N,0021,1","99999,9,9,N","999999,9,N,9","+0058,1","+0024,1","10210,1","06,0000,9,1",,,"4,000",,,,,,,"1,1,011,1,+999,9",,"4,99,0041,1","SYN011333   91108",
"07173099999","1990-11-05T15:00:00","4","48.2","6.4333333","320.0","EPINAL DOGNEVILLE, FR","FM-12","99999","V020","020,1,N,0021,1","99999,9,9,N","999999,9,N,9","+0057,1","+0012,1","10220,1","06,0000,9,1",,,"4,000",,,,,,,"3,1,010,1,+999,9",,"4,99,0051,1","SYN011333   91110",
"07173099999","1990-11-05T18:00:00","4","48.2","6.4333333","320.0","EPINAL DOGNEVILLE, FR","FM-12","99999","V020","060,1,N,0010,1","99999,9,9,N","999999,9,N,9","+0027,1","+0011,1","10238,1","06,0000,9,1",,,"4,000",,,,"999,M,+0068,1",,,"3,1,013,1,+999,9",,"4,99,0051,1","SYN017333   10068 91110",
"07173099999","1990-11-05T21:00:00","4","48.2","6.4333333","320.0","EPINAL DOGNEVILLE, FR","FM-12","99999","V020","100,1,N,0010,1","99999,9,9,N","999999,9,N,9","-0006,1","-0017,1","10262,1","06,0000,9,1",,,"4,000",,,,,,,"3,1,018,1,+999,9",,"4,99,0031,1","SYN011333   91106",
"07173099999","1990-11-06T00:00:00","4","48.2","6.4333333","320.0","EPINAL DOGNEVILLE, FR","FM-12","99999","V020","999,1,C,0000,1","99999,9,9,N","999999,9,N,9","-0010,1","-0018,1","10271,1","06,0000,9,1",,,"4,000",,,,,,,"2,1,008,1,+999,9",,"4,99,0031,1","SYN011333   91106",
"07173099999","1990-11-06T03:00:00","4","48.2","6.4333333","320.0","EPINAL DOGNEVILLE, FR","FM-12","99999","V020","999,1,C,0000,1","99999,9,9,N","999999,9,N,9","-0024,1","-0032,1","10278,1","06,0000,9,1",,,"4,000",,,,,,,"0,1,005,1,+999,9",,"4,99,0021,1","SYN011333   91104",
"07173099999","1990-11-06T06:00:00","4","48.2","6.4333333","320.0","EPINAL DOGNEVILLE, FR","FM-12","99999","V020","999,1,C,0000,1","99999,9,9,N","999999,9,N,9","-0036,1","-0046,1","10288,1","06,0000,9,1",,,"4,000",,"0018,9","999,-0060,9","999,M,+0068,1","999,N,-0037,1",,"3,1,007,1,+999,9",,"4,99,0021,1","SYN035333   10068 21037 3/106 55003 91104",
"07173099999","1990-11-06T09:00:00","4","48.2","6.4333333","320.0","EPINAL DOGNEVILLE, FR","FM-12","99999","V020","310,1,N,0010,1","99999,9,9,N","999999,9,N,9","-0018,1","-0026,1","10297,1","06,0000,9,1",,,"4,000",,,,,,,"1,1,012,1,+999,9",,"4,99,0021,1","SYN011333   91104",
"07173099999","1990-11-06T12:00:00","4","48.2","6.4333333","320.0","EPINAL DOGNEVILLE, FR","FM-12","99999","V020","340,1,N,0041,1","99999,9,9,N","999999,9,N,9","+0052,1","+0010,1","10286,1","06,0000,9,1",,,"4,000",,,,,,,"8,1,001,1,+999,9",,"4,99,0072,1","SYN011333   91114",
"07173099999","1990-11-06T15:00:00","4","48.2","6.4333333","320.0","EPINAL DOGNEVILLE, FR","FM-12","99999","V020","350,1,N,0031,1","99999,9,9,N","999999,9,N,9","+0054,1","+0000,1","10287,1","06,0000,9,1",,,"4,000",,,,,,,"3,1,001,1,+999,9",,"4,99,0082,1","SYN011333   91116",
"07173099999","1990-11-06T18:00:00","4","48.2","6.4333333","320.0","EPINAL DOGNEVILLE, FR","FM-12","99999","V020","010,1,N,0010,1","99999,9,9,N","999999,9,N,9","+0007,1","-0017,1","10299,1","06,0000,9,1",,,"4,000",,,,"999,M,+0059,1",,,"3,1,006,1,+999,9",,"4,99,0082,1","SYN017333   10059 91116",
"07173099999","1990-11-06T21:00:00","4","48.2","6.4333333","320.0","EPINAL DOGNEVILLE, FR","FM-12","99999","V020","010,1,N,0010,1","99999,9,9,N","999999,9,N,9","-0019,1","-0033,1","10310,1","06,0000,9,1",,,"4,000",,,,,,,"1,1,006,1,+999,9",,"4,99,0031,1","SYN011333   91106",
"07173099999","1990-11-07T00:00:00","4","48.2","6.4333333","320.0","EPINAL DOGNEVILLE, FR","FM-12","99999","V020","999,1,C,0000,1","99999,9,9,N","999999,9,N,9","-0035,1","-0046,1","10318,1","06,0000,9,1",,,"4,000",,,,,,,"3,1,005,1,+999,9",,"4,99,0031,1","SYN011333   91106",
"07173099999","1990-11-07T03:00:00","4","48.2","6.4333333","320.0","EPINAL DOGNEVILLE, FR","FM-12","99999","V020","999,1,C,0000,1","99999,9,9,N","999999,9,N,9","-0044,1","-0054,1","10317,1","06,0000,9,1",,,"4,000",,,,,,,"7,1,002,1,+999,9",,"4,99,0021,1","SYN011333   91104",
"07173099999","1990-11-07T06:00:00","4","48.2","6.4333333","320.0","EPINAL DOGNEVILLE, FR","FM-12","99999","V020","999,1,C,0000,1","99999,9,9,N","999999,9,N,9","-0053,1","-0065,1","10318,1","06,0000,9,1",,,"4,000",,"0342,9","999,-0110,9","999,M,+0059,1","999,N,-0054,1",,"0,1,000,1,+999,9",,"4,99,0021,1","SYN035333   10059 21054 3/111 55057 91104",
"07173099999","1990-11-07T09:00:00","4","48.2","6.4333333","320.0","EPINAL DOGNEVILLE, FR","FM-12","99999","V020","999,1,C,0000,1","99999,9,9,N","999999,9,N,9","-0011,1","-0021,1","10318,1","06,0000,9,1",,,"4,000",,,,,,,"0,1,006,1,+999,9",,"4,99,0021,1","SYN011333   91104",
"07173099999","1990-11-07T12:00:00","4","48.2","6.4333333","320.0","EPINAL DOGNEVILLE, FR","FM-12","99999","V020","350,1,N,0031,1","99999,9,9,N","999999,9,N,9","+0069,1","-0001,1","10296,1","03,0002,9,1","06,0003,9,1",,"0,000",,,,,,,"8,1,010,1,+999,9",,"4,99,0062,1","SYN017333   69927 91112",
"07173099999","1990-11-07T15:00:00","4","48.2","6.4333333","320.0","EPINAL DOGNEVILLE, FR","FM-12","99999","V020","360,1,N,0041,1","99999,9,9,N","999999,9,N,9","+0075,1","-0025,1","10290,1","06,0000,9,1",,,"4,000",,,,,,,"6,1,005,1,+999,9",,"4,99,0072,1","SYN011333   91114",
"07173099999","1990-11-07T18:00:00","4","48.2","6.4333333","320.0","EPINAL DOGNEVILLE, FR","FM-12","99999","V020","360,1,N,0010,1","99999,9,9,N","999999,9,N,9","+0017,1","-0032,1","10299,1","06,0000,9,1",,,"4,000",,,,"999,M,+0085,1",,,"0,1,001,1,+999,9",,"4,99,0072,1","SYN017333   10085 91114",
"07173099999","1990-11-07T21:00:00","4","48.2","6.4333333","320.0","EPINAL DOGNEVILLE, FR","FM-12","99999","V020","060,1,N,0010,1","99999,9,9,N","999999,9,N,9","-0024,1","-0040,1","10305,1","06,0000,9,1",,,"4,000",,,,,,,"5,1,000,1,+999,9",,"4,99,0031,1","SYN011333   91106",
"07173099999","1990-11-08T00:00:00","4","48.2","6.4333333","320.0","EPINAL DOGNEVILLE, FR","FM-12","99999","V020","999,1,C,0000,1","99999,9,9,N","999999,9,N,9","-0039,1","-0051,1","10298,1","06,0000,9,1",,,"4,000",,,,,,,"8,1,009,1,+999,9",,"4,99,0031,1","SYN011333   91106",
"07173099999","1990-11-08T03:00:00","4","48.2","6.4333333","320.0","EPINAL DOGNEVILLE, FR","FM-12","99999","V020","999,1,C,0000,1","99999,9,9,N","999999,9,N,9","-0052,1","-0066,1","10286,1","06,0000,9,1",,,"4,000",,,,,,,"7,1,014,1,+999,9",,"4,99,0021,1","SYN011333   91104",
"07173099999","1990-11-08T06:00:00","4","48.2","6.4333333","320.0","EPINAL DOGNEVILLE, FR","FM-12","99999","V020","020,1,N,0010,1","99999,9,9,N","999999,9,N,9","-0048,1","-0058,1","10285,1","06,0000,9,1",,,"4,000",,"0450,9","999,-0110,9","999,M,+0085,1","999,N,-0054,1",,"8,1,001,1,+999,9",,"4,99,0021,1","SYN035333   10085 21054 3/111 55075 91104",
"07173099999","1990-11-08T09:00:00","4","48.2","6.4333333","320.0","EPINAL DOGNEVILLE, FR","FM-12","99999","V020","999,1,C,0000,1","99999,9,9,N","999999,9,N,9","-0041,1","-0051,1","10290,1","06,0000,9,1",,,"4,000",,,,,,,"0,1,006,1,+999,9",,"4,99,0021,1","SYN011333   91104",
"07173099999","1990-11-08T12:00:00","4","48.2","6.4333333","320.0","EPINAL DOGNEVILLE, FR","FM-12","99999","V020","290,1,N,0021,1","99999,9,9,N","999999,9,N,9","+0005,1","-0005,1","10269,1","03,0002,9,1","06,0003,9,1",,"0,000","4,1,06,1",,,,,,"8,1,013,1,+999,9","21,1","4,99,0031,1","SYN017333   69927 91106",
"07173099999","1990-11-08T15:00:00","4","48.2","6.4333333","320.0","EPINAL DOGNEVILLE, FR","FM-12","99999","V020","340,1,N,0021,1","99999,9,9,N","999999,9,N,9","+0041,1","-0003,1","10255,1","06,0000,9,1",,,"4,000",,,,,,,"6,1,008,1,+999,9",,"4,99,0041,1","SYN011333   91108",
"07173099999","1990-11-08T18:00:00","4","48.2","6.4333333","320.0","EPINAL DOGNEVILLE, FR","FM-12","99999","V020","060,1,N,0010,1","99999,9,9,N","999999,9,N,9","-0013,1","-0026,1","10259,1","06,0000,9,1",,,"4,000",,,,"999,M,+0051,1",,,"6,1,004,1,+999,9",,"4,99,0041,1","SYN017333   10051 91108",
"07173099999","1990-11-08T21:00:00","4","48.2","6.4333333","320.0","EPINAL DOGNEVILLE, FR","FM-12","99999","V020","999,1,C,0000,1","99999,9,9,N","999999,9,N,9","-0026,1","-0036,1","10263,1","06,0000,9,1",,,"4,000",,,,,,,"2,1,002,1,+999,9",,"4,99,0021,1","SYN011333   91104",
"07173099999","1990-11-09T00:00:00","4","48.2","6.4333333","320.0","EPINAL DOGNEVILLE, FR","FM-12","99999","V020","999,1,C,0000,1","99999,9,9,N","999999,9,N,9","-0031,1","-0039,1","10262,1","06,0000,9,1",,,"4,000",,,,,,,"8,1,002,1,+999,9",,"4,99,0031,1","SYN011333   91106",
"07173099999","1990-11-09T03:00:00","4","48.2","6.4333333","320.0","EPINAL DOGNEVILLE, FR","FM-12","99999","V020","360,1,N,0010,1","99999,9,9,N","999999,9,N,9","-0037,1","-0047,1","10260,1","06,0000,9,1",,,"4,000",,,,,,,"8,1,003,1,+999,9",,"4,99,0021,1","SYN011333   91104",
"07173099999","1990-11-09T06:00:00","4","48.2","6.4333333","320.0","EPINAL DOGNEVILLE, FR","FM-12","99999","V020","350,1,N,0010,1","99999,9,9,N","999999,9,N,9","-0046,1","-0056,1","10261,1","06,0000,9,1",,,"4,000",,"0258,9","999,-0080,9","999,M,+0051,1","999,N,-0047,1",,"0,1,000,1,+999,9",,"4,99,0021,1","SYN035333   10051 21047 3/108 55043 91104",
"07173099999","1990-11-09T12:00:00","4","48.2","6.4333333","320.0","EPINAL DOGNEVILLE, FR","FM-12","99999","V020","350,1,N,0010,1","99999,9,9,N","999999,9,N,9","+0007,1","-0003,1","10248,1","06,0000,9,1",,,"4,000",,,,,,,"8,1,011,1,+999,9",,"4,99,0031,1","SYN011333   91106",
"07173099999","1990-11-09T15:00:00","4","48.2","6.4333333","320.0","EPINAL DOGNEVILLE, FR","FM-12","99999","V020","360,1,N,0010,1","99999,9,9,N","999999,9,N,9","+0036,1","+0007,1","10235,1","03,0002,9,1","99,0003,9,1",,"0,000",,,,,,,"6,1,009,1,+999,9",,"4,99,0031,1","SYN017333   69927 91106",
"07173099999","1990-11-09T21:00:00","4","48.2","6.4333333","320.0","EPINAL DOGNEVILLE, FR","FM-12","99999","V020","999,1,C,0000,1","99999,9,9,N","999999,9,N,9","+0026,1","+0014,1","10242,1","06,0000,9,1",,,"4,000",,,,,,,"0,1,001,1,+999,9",,"4,99,0021,1","SYN011333   91104",
"07173099999","1990-11-10T00:00:00","4","48.2","6.4333333","320.0","EPINAL DOGNEVILLE, FR","FM-12","99999","V020","150,1,N,0031,1","99999,9,9,N","999999,9,N,9","+0084,1","+0020,1","10228,1","06,0000,9,1",,,"4,000",,,,,,,"7,1,006,1,+999,9",,"4,99,0072,1","SYN011333   91114",
"07173099999","1990-11-10T03:00:00","4","48.2","6.4333333","320.0","EPINAL DOGNEVILLE, FR","FM-12","99999","V020","130,1,N,0010,1","99999,9,9,N","999999,9,N,9","+0080,1","+0023,1","10220,1","06,0000,9,1",,,"4,000",,,,,,,"7,1,008,1,+999,9",,"4,99,0072,1","SYN011333   91114",
"07173099999","1990-11-10T06:00:00","4","48.2","6.4333333","320.0","EPINAL DOGNEVILLE, FR","FM-12","99999","V020","160,1,N,0031,1","99999,9,9,N","999999,9,N,9","+0089,1","+0035,1","10218,1","06,0000,9,1","24,0002,9,1",,"4,000",,"0210,9","999,+0000,9","999,M,+9999,9","999,N,+0006,1",,"5,1,001,1,+999,9",,"4,99,0082,1","SYN041333   10041 20006 3/000 55035 70002 91116","Q01 +00412ATMX  "
"07173099999","1990-11-10T09:00:00","4","48.2","6.4333333","320.0","EPINAL DOGNEVILLE, FR","FM-12","99999","V020","160,1,N,0041,1","99999,9,9,N","999999,9,N,9","+0089,1","+0043,1","10224,1","06,0000,9,1",,,"4,000",,,,,,,"2,1,006,1,+999,9",,"4,99,0082,1","SYN011333   91116",
"07173099999","1990-11-10T12:00:00","4","48.2","6.4333333","320.0","EPINAL DOGNEVILLE, FR","FM-12","99999","V020","150,1,N,0041,1","99999,9,9,N","999999,9,N,9","+0085,1","+0053,1","10224,1","06,0000,9,1",,,"4,000",,,,,,,"8,1,001,1,+999,9",,"4,99,0098,1","SYN011333   91119",
"07173099999","1990-11-10T15:00:00","4","48.2","6.4333333","320.0","EPINAL DOGNEVILLE, FR","FM-12","99999","V020","150,1,N,0021,1","99999,9,9,N","999999,9,N,9","+0087,1","+0053,1","10220,1","06,0000,9,1",,,"4,000",,,,,,,"6,1,003,1,+999,9",,"4,99,0082,1","SYN011333   91116",
"07173099999","1990-11-10T18:00:00","4","48.2","6.4333333","320.0","EPINAL DOGNEVILLE, FR","FM-12","99999","V020","140,1,N,0021,1","99999,9,9,N","999999,9,N,9","+0087,1","+0056,1","10228,1","06,0000,9,1",,,"4,000",,,,"999,M,+0090,1",,,"3,1,008,1,+999,9",,"4,99,0082,1","SYN017333   10090 91116",
"07173099999","1990-11-10T21:00:00","4","48.2","6.4333333","320.0","EPINAL DOGNEVILLE, FR","FM-12","99999","V020","160,1,N,0031,1","99999,9,9,N","999999,9,N,9","+0086,1","+0061,1","10233,1","06,0000,9,1",,,"4,000",,,,,,,"3,1,005,1,+999,9",,"4,99,0072,1","SYN011333   91114",
"07173099999","1990-11-11T00:00:00","4","48.2","6.4333333","320.0","EPINAL DOGNEVILLE, FR","FM-12","99999","V020","160,1,N,0031,1","99999,9,9,N","999999,9,N,9","+0090,1","+0056,1","10234,1","06,0000,9,1",,,"4,000",,,,,,,"0,1,001,1,+999,9",,"4,99,0072,1","SYN011333   91114",
"07173099999","1990-11-11T03:00:00","4","48.2","6.4333333","320.0","EPINAL DOGNEVILLE, FR","FM-12","99999","V020","150,1,N,0041,1","99999,9,9,N","999999,9,N,9","+0085,1","+0061,1","10230,1","06,0000,9,1",,,"4,000",,,,,,,"7,1,004,1,+999,9",,"4,99,0088,1","SYN011333   91117",
"07173099999","1990-11-11T06:00:00","4","48.2","6.4333333","320.0","EPINAL DOGNEVILLE, FR","FM-12","99999","V020","150,1,N,0021,1","99999,9,9,N","999999,9,N,9","+0080,1","+0065,1","10231,1","03,0020,9,2","24,0018,9,2",,"0,000","4,1,06,1","0000,9","999,+0070,9","999,M,+0090,1","999,N,+0080,1",,"5,1,000,1,+999,9","41,1","4,99,0088,1","SYN047333   10090 20080 3/007 55000 60027 70018 91117",
"07173099999","1990-11-11T12:00:00","4","48.2","6.4333333","320.0","EPINAL DOGNEVILLE, FR","FM-12","99999","V020","190,1,N,0041,1","99999,9,9,N","999999,9,N,9","+0094,1","+0082,1","10231,1","03,0030,9,1","06,0030,9,1",,"0,000","4,1,06,1",,,,,,"2,1,002,1,+999,9","21,1","4,99,0088,1","SYN017333   60037 91117",
"07173099999","1990-11-11T15:00:00","4","48.2","6.4333333","320.0","EPINAL DOGNEVILLE, FR","FM-12","99999","V020","190,1,N,0031,1","99999,9,9,N","999999,9,N,9","+0102,1","+0085,1","10237,1","06,0000,9,1",,,"4,000",,,,,,,"2,1,007,1,+999,9",,"4,99,0072,1","SYN011333   91114",
"07173099999","1990-11-11T18:00:00","4","48.2","6.4333333","320.0","EPINAL DOGNEVILLE, FR","FM-12","99999","V020","170,1,N,0021,1","99999,9,9,N","999999,9,N,9","+0096,1","+0082,1","10249,1","03,0006,9,1","99,0005,9,1",,"0,000","4,1,06,1",,,"999,M,+0103,1",,,"1,1,010,1,+999,9","21,1","4,99,0072,1","SYN023333   10103 69967 91114",
"07173099999","1990-11-11T21:00:00","4","48.2","6.4333333","320.0","EPINAL DOGNEVILLE, FR","FM-12","99999","V020","200,1,N,0010,1","99999,9,9,N","999999,9,N,9","+0090,1","+0078,1","10259,1","03,0004,9,1","99,0005,9,1",,"0,000",,,,,,,"1,1,009,1,+999,9",,"4,99,0051,1","SYN017333   69947 91110",
"07173099999","1990-11-12T00:00:00","4","48.2","6.4333333","320.0","EPINAL DOGNEVILLE, FR","FM-12","99999","V020","999,1,C,0000,1","99999,9,9,N","999999,9,N,9","+0079,1","+0068,1","10265,1","06,0005,9,1",,,"0,000",,,,,,,"3,1,004,1,+999,9",,"4,99,0051,1","SYN011333   91110",
"07173099999","1990-11-12T03:00:00","4","48.2","6.4333333","320.0","EPINAL DOGNEVILLE, FR","FM-12","99999","V020","999,1,C,0000,1","99999,9,9,N","999999,9,N,9","+0076,1","+0067,1","10264,1","06,0000,9,1",,,"4,000",,,,,,,"8,1,001,1,+999,9",,"4,99,0021,1","SYN011333   91104",
"07173099999","1990-11-12T06:00:00","4","48.2","6.4333333","320.0","EPINAL DOGNEVILLE, FR","FM-12","99999","V020","060,1,N,0010,1","99999,9,9,N","999999,9,N,9","+0067,1","+0060,1","10270,1","24,0076,9,1","99,0005,9,1",,"0,000",,"0000,9","999,+0030,9","999,M,+0103,1","999,N,+0065,1",,"3,1,004,1,+999,9",,"4,99,0021,1","SYN041333   10103 20065 3/003 55000 70076 91104",
"07173099999","1990-11-12T09:00:00","4","48.2","6.4333333","320.0","EPINAL DOGNEVILLE, FR","FM-12","99999","V020","999,1,C,0000,1","99999,9,9,N","999999,9,N,9","+0089,1","+0080,1","10273,1","06,0000,9,1",,,"4,000",,,,,,,"1,1,007,1,+999,9",,"4,99,0021,1","SYN011333   91104",
"07173099999","1990-11-12T12:00:00","4","48.2","6.4333333","320.0","EPINAL DOGNEVILLE, FR","FM-12","99999","V020","290,1,N,0010,1","99999,9,9,N","999999,9,N,9","+0119,1","+0072,1","10267,1","06,0000,9,1",,,"4,000",,,,,,,"8,1,003,1,+999,9",,"4,99,0031,1","SYN011333   91106",
"07173099999","1990-11-12T15:00:00","4","48.2","6.4333333","320.0","EPINAL DOGNEVILLE, FR","FM-12","99999","V020","290,1,N,0010,1","99999,9,9,N","999999,9,N,9","+0125,1","+0070,1","10264,1","06,0000,9,1",,,"4,000",,,,,,,"5,1,002,1,+999,9",,"4,99,0041,1","SYN011333   91108",
"07173099999","1990-11-12T18:00:00","4","48.2","6.4333333","320.0","EPINAL DOGNEVILLE, FR","FM-12","99999","V020","999,1,C,0000,1","99999,9,9,N","999999,9,N,9","+0084,1","+0067,1","10274,1","06,0000,9,1",,,"4,000",,,,"999,M,+0127,1",,,"3,1,005,1,+999,9",,"4,99,0041,1","SYN017333   10127 91108",
"07173099999","1990-11-12T21:00:00","4","48.2","6.4333333","320.0","EPINAL DOGNEVILLE, FR","FM-12","99999","V020","210,1,N,0010,1","99999,9,9,N","999999,9,N,9","+0057,1","+0047,1","10284,1","06,0000,9,1",,,"4,000",,,,,,,"2,1,005,1,+999,9",,"4,99,0031,1","SYN011333   91106",
"07173099999","1990-11-13T00:00:00","4","48.2","6.4333333","320.0","EPINAL DOGNEVILLE, FR","FM-12","99999","V020","120,1,N,0021,1","99999,9,9,N","999999,9,N,9","+0047,1","+0040,1","10279,1","06,0000,9,1",,,"4,000",,,,,,,"6,1,006,1,+999,9",,"4,99,0031,1","SYN011333   91106",
"07173099999","1990-11-13T03:00:00","4","48.2","6.4333333","320.0","EPINAL DOGNEVILLE, FR","FM-12","99999","V020","050,1,N,0010,1","99999,9,9,N","999999,9,N,9","+0027,1","+0020,1","10274,1","03,0002,9,1","99,0003,9,1",,"0,000",,,,,,,"7,1,008,1,+999,9",,"4,99,0031,1","SYN017333   69927 91106",
"07173099999","1990-11-13T06:00:00","4","48.2","6.4333333","320.0","EPINAL DOGNEVILLE, FR","FM-12","99999","V020","999,1,C,0000,1","99999,9,9,N","999999,9,N,9","+0016,1","+0009,1","10273,1","24,0002,9,1",,,"0,000",,"0246,9","999,+0010,9","999,M,+0127,1","999,N,+0016,1",,"8,1,002,1,+999,9",,"4,99,0031,1","SYN041333   10127 20016 3/001 55041 70002 91106",
"07173099999","1990-11-13T09:00:00","4","48.2","6.4333333","320.0","EPINAL DOGNEVILLE, FR","FM-12","99999","V020","180,1,N,0010,1","99999,9,9,N","999999,9,N,9","+0052,1","+0042,1","10267,1","06,0000,9,1",,,"4,000",,,,,,,"8,1,001,1,+999,9",,"4,99,0031,1","SYN011333   91106",
"07173099999","1990-11-13T21:00:00","4","48.2","6.4333333","320.0","EPINAL DOGNEVILLE, FR","FM-12","99999","V020","150,1,N,0031,1","99999,9,9,N","999999,9,N,9","+0087,1","+0056,1","10228,1","06,0000,9,1",,,"4,000",,,,,,,"8,1,004,1,+999,9",,"4,99,0082,1","SYN011333   91116",
"07173099999","1990-11-14T00:00:00","4","48.2","6.4333333","320.0","EPINAL DOGNEVILLE, FR","FM-12","99999","V020","150,1,N,0031,1","99999,9,9,N","999999,9,N,9","+0083,1","+0054,1","10214,1","06,0000,9,1",,,"4,000",,,,,,,"6,1,014,1,+999,9",,"4,99,0082,1","SYN011333   91116",
"07173099999","1990-11-14T03:00:00","4","48.2","6.4333333","320.0","EPINAL DOGNEVILLE, FR","FM-12","99999","V020","150,1,N,0041,1","99999,9,9,N","999999,9,N,9","+0081,1","+0066,1","10192,1","03,0002,9,1","99,0003,9,1",,"0,000",,,,,,,"8,1,021,1,+999,9",,"4,99,0082,1","SYN017333   69927 91116",
"07173099999","1990-11-14T06:00:00","4","48.2","6.4333333","320.0","EPINAL DOGNEVILLE, FR","FM-12","99999","V020","150,1,N,0041,1","99999,9,9,N","999999,9,N,9","+0086,1","+0069,1","10178,1","03,0010,9,1","24,0022,9,1",,"0,000","4,1,06,1","0018,9","999,+0070,9","999,M,+0094,1","999,N,+0077,1",,"6,1,013,1,+999,9","21,1","4,99,0108,1","SYN047333   10094 20077 3/007 55003 60017 70022 91121",
"07173099999","1990-11-14T12:00:00","4","48.2","6.4333333","320.0","EPINAL DOGNEVILLE, FR","FM-12","99999","V020","170,1,N,0051,1","99999,9,9,N","999999,9,N,9","+0099,1","+0085,1","10159,1","03,0030,9,1","06,0030,9,1",,"0,000","4,1,06,1",,,,,,"8,1,011,1,+999,9","21,1","4,99,0118,1","SYN017333   60037 91123",
"07173099999","1990-11-14T15:00:00","4","48.2","6.4333333","320.0","EPINAL DOGNEVILLE, FR","FM-12","99999","V020","180,1,N,0031,1","99999,9,9,N","999999,9,N,9","+0104,1","+0088,1","10168,1","03,0006,9,1","99,0005,9,1",,"0,000","4,1,03,1",,,,,,"3,1,009,1,+999,9","21,1","4,99,0108,1","SYN017333   69967 91121",
"07173099999","1990-11-14T18:00:00","4","48.2","6.4333333","320.0","EPINAL DOGNEVILLE, FR","FM-12","99999","V020","200,1,N,0021,1","99999,9,9,N","999999,9,N,9","+0100,1","+0088,1","10187,1","99,0060,9,1",,,"0,000",,,,"999,M,+0106,1",,,"3,1,018,1,+999,9",,"4,99,0108,1","SYN017333   10106 91121",
"07173099999","1990-11-14T21:00:00","4","48.2","6.4333333","320.0","EPINAL DOGNEVILLE, FR","FM-12","99999","V020","190,1,N,0041,1","99999,9,9,N","999999,9,N,9","+0101,1","+0089,1","10199,1","03,0004,9,1","99,0005,9,1",,"0,000","4,1,03,1",,,,,,"1,1,012,1,+999,9","21,1","4,99,0072,1","SYN017333   69947 91114",
"07173099999","1990-11-15T00:00:00","4","48.2","6.4333333","320.0","EPINAL DOGNEVILLE, FR","FM-12","99999","V020","180,1,N,0041,1","99999,9,9,N","999999,9,N,9","+0103,1","+0086,1","10188,1","06,0005,9,1",,,"0,000",,,,,,,"8,1,010,1,+999,9",,"4,99,0082,1","SYN011333   91116",
"07173099999","1990-11-15T03:00:00","4","48.2","6.4333333","320.0","EPINAL DOGNEVILLE, FR","FM-12","99999","V020","180,1,N,0062,1","99999,9,9,N","999999,9,N,9","+0099,1","+0072,1","10181,1","06,0000,9,1",,,"4,000",,,,,,,"8,1,008,1,+999,9",,"4,99,0098,1","SYN011333   91119",
"07173099999","1990-11-15T06:00:00","4","48.2","6.4333333","320.0","EPINAL DOGNEVILLE, FR","FM-12","99999","V020","190,1,N,0051,1","99999,9,9,N","999999,9,N,9","+0088,1","+0068,1","10177,1","03,0020,9,1","24,0088,9,1",,"0,000",,"0006,9","999,+0080,9","999,M,+0106,1","999,N,+0086,1",,"7,1,005,1,+999,9",,"4,99,0108,1","SYN047333   10106 20086 3/008 55001 60027 70088 91121",
"07173099999","1990-11-15T12:00:00","4","48.2","6.4333333","320.0","EPINAL DOGNEVILLE, FR","FM-12","99999","V020","270,1,N,0041,1","99999,9,9,N","999999,9,N,9","+0085,1","+0051,1","10226,1","06,0040,9,1",,,"0,000",,,,,,,"3,1,013,1,+999,9",,"4,99,0108,1","SYN011333   91121",
"07173099999","1990-11-15T15:00:00","4","48.2","6.4333333","320.0","EPINAL DOGNEVILLE, FR","FM-12","99999","V020","230,1,N,0021,1","99999,9,9,N","999999,9,N,9","+0086,1","+0052,1","10240,1","06,0000,9,1",,,"4,000",,,,,,,"3,1,014,1,+999,9",,"4,99,0082,1","SYN011333   91116",
"07173099999","1990-11-15T18:00:00","4","48.2","6.4333333","320.0","EPINAL DOGNEVILLE, FR","FM-12","99999","V020","210,1,N,0021,1","99999,9,9,N","999999,9,N,9","+0077,1","+0052,1","10267,1","99,0040,9,1",,,"0,000",,,,"999,M,+0094,1",,,"1,1,025,1,+999,9",,"4,99,0082,1","SYN017333   10094 91116",
"07173099999","1990-11-15T21:00:00","4","48.2","6.4333333","320.0","EPINAL DOGNEVILLE, FR","FM-12","99999","V020","150,1,N,0021,1","99999,9,9,N","999999,9,N,9","+0072,1","+0053,1","10284,1","06,0000,9,1",,,"4,000",,,,,,,"1,1,015,1,+999,9",,"4,99,0041,1","SYN011333   91108",
"07173099999","1990-11-16T00:00:00","4","48.2","6.4333333","320.0","EPINAL DOGNEVILLE, FR","FM-12","99999","V020","090,1,N,0010,1","99999,9,9,N","999999,9,N,9","+0047,1","+0035,1","10298,1","06,0000,9,1",,,"4,000",,,,,,,"1,1,010,1,+999,9",,"4,99,0041,1","SYN011333   91108",
"07173099999","1990-11-16T03:00:00","4","48.2","6.4333333","320.0","EPINAL DOGNEVILLE, FR","FM-12","99999","V020","999,1,C,0000,1","99999,9,9,N","999999,9,N,9","+0021,1","+0012,1","10306,1","06,0000,9,1",,,"4,000",,,,,,,"3,1,004,1,+999,9",,"4,99,0031,1","SYN011333   91106",
"07173099999","1990-11-16T06:00:00","4","48.2","6.4333333","320.0","EPINAL DOGNEVILLE, FR","FM-12","99999","V020","090,1,N,0010,1","99999,9,9,N","999999,9,N,9","+0021,1","+0014,1","10306,1","06,0000,9,1","24,0042,9,1",,"4,000",,"0048,9","999,-0030,9","999,M,+0094,1","999,N,+0015,1",,"0,1,000,1,+999,9",,"4,99,0041,1","SYN041333   10094 20015 3/103 55008 70042 91108",
"07173099999","1990-11-16T09:00:00","4","48.2","6.4333333","320.0","EPINAL DOGNEVILLE, FR","FM-12","99999","V020","150,1,N,0031,1","99999,9,9,N","999999,9,N,9","+0063,1","+0048,1","10303,1","03,0002,9,1","99,0003,9,1",,"0,000",,,,,,,"0,1,003,1,+999,9",,"4,99,0062,1","SYN017333   69927 91112",
"07173099999","1990-11-16T12:00:00","4","48.2","6.4333333","320.0","EPINAL DOGNEVILLE, FR","FM-12","99999","V020","170,1,N,0051,1","99999,9,9,N","999999,9,N,9","+0101,1","+0055,1","10286,1","06,0003,9,1",,,"0,000",,,,,,,"8,1,011,1,+999,9",,"4,99,0088,1","SYN011333   91117",
"07173099999","1990-11-16T15:00:00","4","48.2","6.4333333","320.0","EPINAL DOGNEVILLE, FR","FM-12","99999","V020","150,1,N,0041,1","99999,9,9,N","999999,9,N,9","+0103,1","+0055,1","10268,1","06,0000,9,1",,,"4,000",,,,,,,"6,1,017,1,+999,9",,"4,99,0088,1","SYN011333   91117",
"07173099999","1990-11-16T21:00:00","4","48.2","6.4333333","320.0","EPINAL DOGNEVILLE, FR","FM-12","99999","V020","160,1,N,0051,1","99999,9,9,N","999999,9,N,9","+0088,1","+0068,1","10261,1","06,0000,9,1",,,"4,000",,,,,,,"6,1,004,1,+999,9",,"4,99,0118,1","SYN011333   91123",
"07173099999","1990-11-17T00:00:00","4","48.2","6.4333333","320.0","EPINAL DOGNEVILLE, FR","FM-12","99999","V020","150,1,N,0062,1","99999,9,9,N","999999,9,N,9","+0095,1","+0081,1","10252,1","06,0000,9,1",,,"4,000",,,,,,,"8,1,008,1,+999,9",,"4,99,0118,1","SYN011333   91123",
"07173099999","1990-11-17T03:00:00","4","48.2","6.4333333","320.0","EPINAL DOGNEVILLE, FR","FM-12","99999","V020","160,1,N,0062,1","99999,9,9,N","999999,9,N,9","+0100,1","+0086,1","10242,1","06,0000,9,1",,,"4,000",,,,,,,"8,1,009,1,+999,9",,"4,99,0108,1","SYN011333   91121",
"07173099999","1990-11-17T06:00:00","4","48.2","6.4333333","320.0","EPINAL DOGNEVILLE, FR","FM-12","99999","V020","170,1,N,0062,1","99999,9,9,N","999999,9,N,9","+0102,1","+0086,1","10232,1","03,0004,9,1","24,0006,9,1","99,0005,9,1","9,000","4,1,06,1","0216,9","999,+0090,9","999,M,+0105,1","999,N,+0087,1",,"8,1,009,1,+999,9","21,1","4,99,0108,1","SYN047333   10105 20087 3/009 55036 69947 70006 91121",
"07173099999","1990-11-17T09:00:00","4","48.2","6.4333333","320.0","EPINAL DOGNEVILLE, FR","FM-12","99999","V020","170,1,N,0062,1","99999,9,9,N","999999,9,N,9","+0104,1","+0088,1","10232,1","06,0000,9,1",,,"4,000",,,,,,,"0,1,000,1,+999,9",,"4,99,0108,1","SYN011333   91121",
"07173099999","1990-11-17T12:00:00","4","48.2","6.4333333","320.0","EPINAL DOGNEVILLE, FR","FM-12","99999","V020","170,1,N,0051,1","99999,9,9,N","999999,9,N,9","+0111,1","+0097,1","10220,1","03,0004,9,1","06,0005,9,1",,"0,000",,,,,,,"8,1,010,1,+999,9",,"4,99,0108,1","SYN017333   69947 91121",
"07173099999","1990-11-17T15:00:00","4","48.2","6.4333333","320.0","EPINAL DOGNEVILLE, FR","FM-12","99999","V020","180,1,N,0062,1","99999,9,9,N","999999,9,N,9","+0116,1","+0097,1","10203,1","03,0008,9,1","99,0010,9,1",,"0,000","4,1,03,1",,,,,,"8,1,016,1,+999,9","21,1","4,99,0118,1","SYN017333   69987 91123",
"07173099999","1990-11-17T18:00:00","4","48.2","6.4333333","320.0","EPINAL DOGNEVILLE, FR","FM-12","99999","V020","190,1,N,0072,1","99999,9,9,N","999999,9,N,9","+0113,1","+0087,1","10204,1","99,0010,9,1",,,"0,000",,,,"999,M,+0117,1",,,"0,1,000,1,+999,9",,"4,99,0149,1","SYN017333   10117 91129",
"07173099999","1990-11-17T21:00:00","4","48.2","6.4333333","320.0","EPINAL DOGNEVILLE, FR","FM-12","99999","V020","180,1,N,0051,1","99999,9,9,N","999999,9,N,9","+0101,1","+0087,1","10205,1","03,0010,9,1",,,"0,000","4,1,03,1",,,,,,"6,1,001,1,+999,9","41,1","4,99,0139,1","SYN017333   60017 91127",
"07173099999","1990-11-18T00:00:00","4","48.2","6.4333333","320.0","EPINAL DOGNEVILLE, FR","FM-12","99999","V020","180,1,N,0072,1","99999,9,9,N","999999,9,N,9","+0099,1","+0085,1","10196,1","03,0010,9,1","06,0010,9,1",,"0,000","4,1,06,1",,,,,,"6,1,008,1,+999,9","21,1","4,99,0139,1","SYN017333   60017 91127",
"07173099999","1990-11-18T03:00:00","4","48.2","6.4333333","320.0","EPINAL DOGNEVILLE, FR","FM-12","99999","V020","180,1,N,0062,1","99999,9,9,N","999999,9,N,9","+0100,1","+0088,1","10182,1","03,0006,9,1","99,0005,9,1",,"0,000","4,1,03,1",,,,,,"8,1,014,1,+999,9","41,1","4,99,0118,1","SYN017333   69967 91123",
"07173099999","1990-11-18T06:00:00","4","48.2","6.4333333","320.0","EPINAL DOGNEVILLE, FR","FM-12","99999","V020","190,1,N,0062,1","99999,9,9,N","999999,9,N,9","+0104,1","+0083,1","10176,1","03,0002,9,1","24,0044,9,1","99,0003,9,1","0,000",,"0000,9","999,+0090,9","999,M,+0117,1","999,N,+0098,1",,"6,1,005,1,+999,9",,"4,99,0118,1","SYN047333   10117 20098 3/009 55000 69927 70044 91123",
"07173099999","1990-11-18T09:00:00","4","48.2","6.4333333","320.0","EPINAL DOGNEVILLE, FR","FM-12","99999","V020","190,1,N,0051,1","99999,9,9,N","999999,9,N,9","+0100,1","+0072,1","10185,1","06,0000,9,1",,,"4,000",,,,,,,"1,1,008,1,+999,9",,"4,99,0108,1","SYN011333   91121",
"07173099999","1990-11-18T12:00:00","4","48.2","6.4333333","320.0","EPINAL DOGNEVILLE, FR","FM-12","99999","V020","180,1,N,0062,1","99999,9,9,N","999999,9,N,9","+0106,1","+0069,1","10179,1","06,0000,9,1",,,"4,000",,,,,,,"8,1,005,1,+999,9",,"4,99,0118,1","SYN011333   91123",
"07173099999","1990-11-18T15:00:00","4","48.2","6.4333333","320.0","EPINAL DOGNEVILLE, FR","FM-12","99999","V020","190,1,N,0072,1","99999,9,9,N","999999,9,N,9","+0106,1","+0064,1","10169,1","06,0000,9,1",,,"4,000",,,,,,,"6,1,010,1,+999,9",,"4,99,0108,1","SYN011333   91121",
"07173099999","1990-11-18T18:00:00","4","48.2","6.4333333","320.0","EPINAL DOGNEVILLE, FR","FM-12","99999","V020","210,1,N,0062,1","99999,9,9,N","999999,9,N,9","+0085,1","+0063,1","10186,1","03,0010,9,1",,,"0,000","4,1,06,1",,,"999,M,+0107,1",,,"3,1,014,1,+999,9","41,1","4,99,0139,1","SYN023333   10107 60017 91127",
"07173099999","1990-11-18T21:00:00","4","48.2","6.4333333","320.0","EPINAL DOGNEVILLE, FR","FM-12","99999","V020","210,1,N,0062,1","99999,9,9,N","999999,9,N,9","+0077,1","+0045,1","10176,1","03,0030,9,1",,,"0,000","4,1,03,1",,,,,,"8,1,010,1,+999,9","21,1","4,99,0108,1","SYN017333   60037 91121",
"07173099999","1990-11-19T00:00:00","4","48.2","6.4333333","320.0","EPINAL DOGNEVILLE, FR","FM-12","99999","V020","180,1,N,0041,1","99999,9,9,N","999999,9,N,9","+0078,1","+0046,1","10167,1","06,0030,9,1",,,"0,000",,,,,,,"8,1,009,1,+999,9",,"4,99,0108,1","SYN011333   91121",
"07173099999","1990-11-19T03:00:00","4","48.2","6.4333333","320.0","EPINAL DOGNEVILLE, FR","FM-12","99999","V020","170,1,N,0041,1","99999,9,9,N","999999,9,N,9","+0075,1","+0050,1","10151,1","06,0000,9,1",,,"4,000",,,,,,,"6,1,017,1,+999,9",,"4,99,0098,1","SYN011333   91119",
"07173099999","1990-11-19T06:00:00","4","48.2","6.4333333","320.0","EPINAL DOGNEVILLE, FR","FM-12","99999","V020","170,1,N,0072,1","99999,9,9,N","999999,9,N,9","+0077,1","+0047,1","10136,1","24,0040,9,1","99,0030,9,1",,"0,000",,"0000,9","999,+0050,9","999,M,+0107,1","999,N,+0071,1",,"8,1,013,1,+999,9",,"4,99,0118,1","SYN041333   10107 20071 3/005 55000 70040 91123",
"07173099999","1990-11-19T09:00:00","4","48.2","6.4333333","320.0","EPINAL DOGNEVILLE, FR","FM-12","99999","V020","180,1,N,0062,1","99999,9,9,N","999999,9,N,9","+0073,1","+0049,1","10144,1","03,0010,9,1",,,"0,000",,,,,,,"1,1,007,1,+999,9",,"4,99,0098,1","SYN017333   60017 91119",
"07173099999","1990-11-19T12:00:00","4","48.2","6.4333333","320.0","EPINAL DOGNEVILLE, FR","FM-12","99999","V020","190,1,N,0062,1","99999,9,9,N","999999,9,N,9","+0082,1","+0051,1","10133,1","06,0010,9,1",,,"0,000",,,,,,,"7,1,009,1,+999,9",,"4,99,0118,1","SYN011333   91123",
"07173099999","1990-11-19T15:00:00","4","48.2","6.4333333","320.0","EPINAL DOGNEVILLE, FR","FM-12","99999","V020","180,1,N,0051,1","99999,9,9,N","999999,9,N,9","+0083,1","+0056,1","10109,1","06,0000,9,1",,,"4,000",,,,,,,"7,1,023,1,+999,9",,"4,99,0108,1","SYN011333   91121",
"07173099999","1990-11-19T18:00:00","4","48.2","6.4333333","320.0","EPINAL DOGNEVILLE, FR","FM-12","99999","V020","150,1,N,0031,1","99999,9,9,N","999999,9,N,9","+0074,1","+0059,1","10087,1","03,0010,9,1",,,"0,000","4,1,06,1",,,"999,M,+0089,1",,,"8,1,023,1,+999,9","21,1","4,99,0108,1","SYN023333   10089 60017 91121",
"07173099999","1990-11-19T21:00:00","4","48.2","6.4333333","320.0","EPINAL DOGNEVILLE, FR","FM-12","99999","V020","220,1,N,0031,1","99999,9,9,N","999999,9,N,9","+0069,1","+0054,1","10078,1","03,0002,9,1","99,0003,9,1",,"0,000",,,,,,,"6,1,009,1,+999,9",,"4,99,0082,1","SYN017333   69927 91116",
"07173099999","1990-11-20T00:00:00","4","48.2","6.4333333","320.0","EPINAL DOGNEVILLE, FR","FM-12","99999","V020","180,1,N,0062,1","99999,9,9,N","999999,9,N,9","+0066,1","+0044,1","10075,1","06,0003,9,1",,,"0,000",,,,,,,"8,1,004,1,+999,9",,"4,99,0098,1","SYN011333   91119",
"07173099999","1990-11-20T03:00:00","4","48.2","6.4333333","320.0","EPINAL DOGNEVILLE, FR","FM-12","99999","V020","160,1,N,0072,1","99999,9,9,N","999999,9,N,9","+0070,1","+0048,1","10043,1","06,0000,9,1",,,"4,000",,,,,,,"8,1,030,1,+999,9",,"4,99,0129,1","SYN011333   91125",
"07173099999","1990-11-20T09:00:00","4","48.2","6.4333333","320.0","EPINAL DOGNEVILLE, FR","FM-12","99999","V020","170,1,N,0082,1","99999,9,9,N","999999,9,N,9","+0099,1","+0082,1","09983,1","03,0020,9,1",,,"0,000","4,1,03,1",,,,,,"6,1,014,1,+999,9","21,1","4,99,0180,1","SYN017333   60027 91135",
"07173099999","1990-11-20T12:00:00","4","48.2","6.4333333","320.0","EPINAL DOGNEVILLE, FR","FM-12","99999","V020","160,1,N,0098,1","99999,9,9,N","999999,9,N,9","+0107,1","+0086,1","09954,1","03,0020,9,1","06,0020,9,1",,"0,000","4,1,06,1",,,,,,"7,1,027,1,+999,9","21,1","4,99,0180,1","SYN017333   60027 91135",
"07173099999","1990-11-20T15:00:00","4","48.2","6.4333333","320.0","EPINAL DOGNEVILLE, FR","FM-12","99999","V020","180,1,N,0087,1","99999,9,9,N","999999,9,N,9","+0106,1","+0089,1","09944,1","03,0060,9,1",,,"0,000","4,1,03,1",,,,,,"8,1,010,1,+999,9","21,1","4,99,0190,1","SYN017333   60067 91137",
"07173099999","1990-11-20T18:00:00","4","48.2","6.4333333","320.0","EPINAL DOGNEVILLE, FR","FM-12","99999","V020","190,1,N,0072,1","99999,9,9,N","999999,9,N,9","+0103,1","+0081,1","09946,1","03,0160,9,1",,,"0,000","4,1,06,1",,,"999,M,+0108,1",,,"3,1,002,1,+999,9","21,1","4,99,0190,1","SYN023333   10108 60167 91137",
"07173099999","1990-11-21T00:00:00","4","48.2","6.4333333","320.0","EPINAL DOGNEVILLE, FR","FM-12","99999","V020","220,1,N,0051,1","99999,9,9,N","999999,9,N,9","+0065,1","+0040,1","10025,1","06,0030,9,1",,,"0,000",,,,,,,"3,1,034,1,+999,9",,"4,99,0118,1","SYN011333   91123",
"07173099999","1990-11-21T03:00:00","4","48.2","6.4333333","320.0","EPINAL DOGNEVILLE, FR","FM-12","99999","V020","190,1,N,0021,1","99999,9,9,N","999999,9,N,9","+0052,1","+0026,1","10037,1","06,0000,9,1",,,"4,000",,,,,,,"2,1,010,1,+999,9",,"4,99,0082,1","SYN011333   91116",
"07173099999","1990-11-21T06:00:00","4","48.2","6.4333333","320.0","EPINAL DOGNEVILLE, FR","FM-12","99999","V020","160,1,N,0021,1","99999,9,9,N","999999,9,N,9","+0050,1","+0030,1","10050,1","24,0286,9,1","99,0030,9,1",,"0,000",,"0000,9","999,+0030,9","999,M,+0108,1","999,N,+0050,1",,"3,1,012,1,+999,9",,"4,99,0082,1","SYN041333   10108 20050 3/003 55000 70286 91116",
"07173099999","1990-11-21T09:00:00","4","48.2","6.4333333","320.0","EPINAL DOGNEVILLE, FR","FM-12","99999","V020","170,1,N,0021,1","99999,9,9,N","999999,9,N,9","+0057,1","+0035,1","10067,1","06,0000,9,1",,,"4,000",,,,,,,"1,1,017,1,+999,9",,"4,99,0051,1","SYN011333   91110",
"07173099999","1990-11-21T12:00:00","4","48.2","6.4333333","320.0","EPINAL DOGNEVILLE, FR","FM-12","99999","V020","180,1,N,0021,1","99999,9,9,N","999999,9,N,9","+0068,1","+0036,1","10069,1","06,0000,9,1",,,"4,000",,,,,,,"1,1,003,1,+999,9",,"4,99,0062,1","SYN011333   91112",
"07173099999","1990-11-21T15:00:00","4","48.2","6.4333333","320.0","EPINAL DOGNEVILLE, FR","FM-12","99999","V020","110,1,N,0010,1","99999,9,9,N","999999,9,N,9","+0067,1","+0039,1","10076,1","06,0000,9,1",,,"4,000",,,,,,,"3,1,007,1,+999,9",,"4,99,0051,1","SYN011333   91110",
"07173099999","1990-11-21T18:00:00","4","48.2","6.4333333","320.0","EPINAL DOGNEVILLE, FR","FM-12","99999","V020","040,1,N,0010,1","99999,9,9,N","999999,9,N,9","+0051,1","+0036,1","10090,1","06,0000,9,1",,,"4,000",,,,"999,M,+0070,1",,,"1,1,012,1,+999,9",,"4,99,0051,1","SYN017333   10070 91110",
"07173099999","1990-11-21T21:00:00","4","48.2","6.4333333","320.0","EPINAL DOGNEVILLE, FR","FM-12","99999","V020","999,1,C,0000,1","99999,9,9,N","999999,9,N,9","+0043,1","+0033,1","10095,1","06,0000,9,1",,,"4,000",,,,,,,"3,1,004,1,+999,9",,"4,99,0021,1","SYN011333   91104",
"07173099999","1990-11-22T00:00:00","4","48.2","6.4333333","320.0","EPINAL DOGNEVILLE, FR","FM-12","99999","V020","020,1,N,0010,1","99999,9,9,N","999999,9,N,9","+0048,1","+0039,1","10102,1","03,0040,9,1","06,0040,9,1",,"3,000","4,1,06,1",,,,,,"1,1,007,1,+999,9","41,1","4,99,0021,1","SYN017333   60047 91104",
"07173099999","1990-11-22T03:00:00","4","48.2","6.4333333","320.0","EPINAL DOGNEVILLE, FR","FM-12","99999","V020","999,1,C,0000,1","99999,9,9,N","999999,9,N,9","+0043,1","+0034,1","10104,1","03,0006,9,1","99,0005,9,1",,"0,000",,,,,,,"1,1,001,1,+999,9",,"4,99,0021,1","SYN017333   69967 91104",
"07173099999","1990-11-22T06:00:00","4","48.2","6.4333333","320.0","EPINAL DOGNEVILLE, FR","FM-12","99999","V020","999,1,C,0000,1","99999,9,9,N","999999,9,N,9","+0041,1","+0032,1","10106,1","24,0046,9,1",,,"0,000",,"0000,9","999,+0020,9","999,M,+0070,1","999,N,+0039,1",,"3,1,002,1,+999,9",,"4,99,0021,1","SYN041333   10070 20039 3/002 55000 70046 91104",
"07173099999","1990-11-22T09:00:00","4","48.2","6.4333333","320.0","EPINAL DOGNEVILLE, FR","FM-12","99999","V020","020,1,N,0021,1","99999,9,9,N","999999,9,N,9","+0044,1","+0029,1","10118,1","03,0002,9,1","99,0003,9,1",,"0,000",,,,,,,"1,1,012,1,+999,9",,"4,99,0031,1","SYN017333   69927 91106",
"07173099999","1990-11-22T12:00:00","4","48.2","6.4333333","320.0","EPINAL DOGNEVILLE, FR","FM-12","99999","V020","360,1,N,0031,1","99999,9,9,N","999999,9,N,9","+0056,1","+0028,1","10113,1","06,0003,9,1",,,"0,000",,,,,,,"8,1,003,1,+999,9",,"4,99,0051,1","SYN011333   91110",
"07173099999","1990-11-22T15:00:00","4","48.2","6.4333333","320.0","EPINAL DOGNEVILLE, FR","FM-12","99999","V020","330,1,N,0031,1","99999,9,9,N","999999,9,N,9","+0052,1","+0034,1","10112,1","06,0000,9,1",,,"4,000",,,,,,,"5,1,002,1,+999,9",,"4,99,0062,1","SYN011333   91112",
"07173099999","1990-11-22T18:00:00","4","48.2","6.4333333","320.0","EPINAL DOGNEVILLE, FR","FM-12","99999","V020","340,1,N,0031,1","99999,9,9,N","999999,9,N,9","+0041,1","+0028,1","10114,1","99,0003,9,1",,,"0,000",,,,"999,M,+0057,1",,,"5,1,000,1,+999,9",,"4,99,0062,1","SYN017333   10057 91112",
"07173099999","1990-11-22T21:00:00","4","48.2","6.4333333","320.0","EPINAL DOGNEVILLE, FR","FM-12","99999","V020","320,1,N,0031,1","99999,9,9,N","999999,9,N,9","+0037,1","+0025,1","10112,1","03,0008,9,1","99,0010,9,1",,"0,000","4,1,03,1",,,,,,"5,1,002,1,+999,9","21,1","4,99,0062,1","SYN017333   69987 91112",
"07173099999","1990-11-23T00:00:00","4","48.2","6.4333333","320.0","EPINAL DOGNEVILLE, FR","FM-12","99999","V020","330,1,N,0031,1","99999,9,9,N","999999,9,N,9","+0036,1","+0023,1","10104,1","03,0010,9,1","06,0010,9,1",,"0,000",,,,,,,"8,1,008,1,+999,9",,"4,99,0072,1","SYN017333   60017 91114",
"07173099999","1990-11-23T03:00:00","4","48.2","6.4333333","320.0","EPINAL DOGNEVILLE, FR","FM-12","99999","V020","310,1,N,0031,1","99999,9,9,N","999999,9,N,9","+0032,1","+0020,1","10101,1","03,0030,9,1",,,"0,000","4,1,03,1",,,,,,"8,1,003,1,+999,9","21,1","4,99,0082,1","SYN017333   60037 91116",
"07173099999","1990-11-23T06:00:00","4","48.2","6.4333333","320.0","EPINAL DOGNEVILLE, FR","FM-12","99999","V020","310,1,N,0031,1","99999,9,9,N","999999,9,N,9","+0021,1","+0009,1","10107,1","03,0030,9,1","24,0076,9,1",,"0,000","4,1,06,1","0006,9","999,+0020,9","999,M,+0057,1","999,N,+0021,1",,"1,1,004,1,+999,9","41,1","4,99,0082,1","SYN047333   10057 20021 3/002 55001 60037 70076 91116",
"07173099999","1990-11-23T09:00:00","4","48.2","6.4333333","320.0","EPINAL DOGNEVILLE, FR","FM-12","99999","V020","170,1,N,0021,1","99999,9,9,N","999999,9,N,9","+0011,1","+0001,1","10114,1","03,0020,9,1",,,"0,000","4,1,03,1",,,,,,"1,1,005,1,+999,9","21,1","4,99,0041,1","SYN017333   60027 91108",
"07173099999","1990-11-23T12:00:00","4","48.2","6.4333333","320.0","EPINAL DOGNEVILLE, FR","FM-12","99999","V020","160,1,N,0031,1","99999,9,9,N","999999,9,N,9","+0029,1","+0014,1","10103,1","03,0010,9,1","06,0010,9,1",,"9,000","4,1,06,1",,,,,,"8,1,008,1,+999,9","21,1","4,99,0051,1","SYN017333   60017 91110",
"07173099999","1990-11-23T15:00:00","4","48.2","6.4333333","320.0","EPINAL DOGNEVILLE, FR","FM-12","99999","V020","170,1,N,0021,1","99999,9,9,N","999999,9,N,9","+0037,1","+0022,1","10090,1","03,0010,9,1",,,"0,000","4,1,03,1",,,,,,"7,1,011,1,+999,9","21,1","4,99,0072,1","SYN017333   60017 91114",
"07173099999","1990-11-23T18:00:00","4","48.2","6.4333333","320.0","EPINAL DOGNEVILLE, FR","FM-12","99999","V020","170,1,N,0031,1","99999,9,9,N","999999,9,N,9","+0029,1","+0014,1","10079,1","03,0002,9,1","99,0003,9,1",,"0,000",,,,"999,M,+0037,1",,,"8,1,012,1,+999,9",,"4,99,0072,1","SYN023333   10037 69927 91114",
"07173099999","1990-11-23T21:00:00","4","48.2","6.4333333","320.0","EPINAL DOGNEVILLE, FR","FM-12","99999","V020","120,1,N,0021,1","99999,9,9,N","999999,9,N,9","+0030,1","+0012,1","10062,1","06,0000,9,1",,,"4,000",,,,,,,"8,1,016,1,+999,9",,"4,99,0072,1","SYN011333   91114",
"07173099999","1990-11-24T00:00:00","4","48.2","6.4333333","320.0","EPINAL DOGNEVILLE, FR","FM-12","99999","V020","160,1,N,0021,1","99999,9,9,N","999999,9,N,9","+0025,1","+0001,1","10045,1","06,0000,9,1",,,"4,000",,,,,,,"6,1,017,1,+999,9",,"4,99,0072,1","SYN011333   91114",
"07173099999","1990-11-24T03:00:00","4","48.2","6.4333333","320.0","EPINAL DOGNEVILLE, FR","FM-12","99999","V020","110,1,N,0031,1","99999,9,9,N","999999,9,N,9","+0007,1","-0015,1","10020,1","06,0000,9,1",,,"4,000",,,,,,,"8,1,027,1,+999,9",,"4,99,0062,1","SYN011333   91112",
"07173099999","1990-11-24T06:00:00","4","48.2","6.4333333","320.0","EPINAL DOGNEVILLE, FR","FM-12","99999","V020","150,1,N,0062,1","99999,9,9,N","999999,9,N,9","+0033,1","-0020,1","09996,1","06,0000,9,1","24,0048,9,1",,"4,000",,"0000,9","999,-0040,9","999,M,+0037,1","999,N,-0004,1",,"6,1,019,1,+999,9",,"4,99,0108,1","SYN041333   10037 21004 3/104 55000 70048 91121",
"07173099999","1990-11-24T09:00:00","4","48.2","6.4333333","320.0","EPINAL DOGNEVILLE, FR","FM-12","99999","V020","140,1,N,0082,1","99999,9,9,N","999999,9,N,9","+0030,1","+0011,1","09993,1","03,0008,9,1","99,0010,9,1",,"0,000","4,1,03,1",,,,,,"5,1,004,1,+999,9","21,1","4,99,0118,1","SYN017333   69987 91123",
"07173099999","1990-11-24T12:00:00","4","48.2","6.4333333","320.0","EPINAL DOGNEVILLE, FR","FM-12","99999","V020","140,1,N,0072,1","99999,9,9,N","999999,9,N,9","+0071,1","+0030,1","09972,1","06,0010,9,1",,,"0,000",,,,,,,"8,1,014,1,+999,9",,"4,99,0139,1","SYN011333   91127",
"07173099999","1990-11-24T15:00:00","4","48.2","6.4333333","320.0","EPINAL DOGNEVILLE, FR","FM-12","99999","V020","130,1,N,0041,1","99999,9,9,N","999999,9,N,9","+0083,1","+0030,1","09958,1","06,0000,9,1",,,"4,000",,,,,,,"6,1,012,1,+999,9",,"4,99,0129,1","SYN011333   91125",
"07173099999","1990-11-24T18:00:00","4","48.2","6.4333333","320.0","EPINAL DOGNEVILLE, FR","FM-12","99999","V020","150,1,N,0051,1","99999,9,9,N","999999,9,N,9","+0074,1","+0019,1","09964,1","99,0010,9,1",,,"0,000",,,,"999,M,+0089,1",,,"3,1,004,1,+999,9",,"4,99,0129,1","SYN017333   10089 91125",
"07173099999","1990-11-24T21:00:00","4","48.2","6.4333333","320.0","EPINAL DOGNEVILLE, FR","FM-12","99999","V020","150,1,N,0051,1","99999,9,9,N","999999,9,N,9","+0071,1","+0018,1","09968,1","06,0000,9,1",,,"4,000",,,,,,,"3,1,004,1,+999,9",,"4,99,0118,1","SYN011333   91123",
"07173099999","1990-11-25T00:00:00","4","48.2","6.4333333","320.0","EPINAL DOGNEVILLE, FR","FM-12","99999","V020","130,1,N,0021,1","99999,9,9,N","999999,9,N,9","+0070,1","+0027,1","09968,1","06,0000,9,1",,,"4,000",,,,,,,"0,1,000,1,+999,9",,"4,99,0118,1","SYN011333   91123",
"07173099999","1990-11-25T03:00:00","4","48.2","6.4333333","320.0","EPINAL DOGNEVILLE, FR","FM-12","99999","V020","140,1,N,0010,1","99999,9,9,N","999999,9,N,9","+0046,1","+0031,1","09956,1","03,0006,9,1","99,0005,9,1",,"0,000",,,,,,,"7,1,015,1,+999,9",,"4,99,0041,1","SYN017333   69967 91108",
"07173099999","1990-11-25T06:00:00","4","48.2","6.4333333","320.0","EPINAL DOGNEVILLE, FR","FM-12","99999","V020","020,1,N,0010,1","99999,9,9,N","999999,9,N,9","+0035,1","+0022,1","09924,1","24,0014,9,1","99,0005,9,1",,"0,000",,"0252,9","999,+0010,9","999,M,+0089,1","999,N,+0033,1",,"6,1,032,1,+999,9",,"4,99,0041,1","SYN041333   10089 20033 3/001 55042 70014 91108",
"07173099999","1990-11-25T09:00:00","4","48.2","6.4333333","320.0","EPINAL DOGNEVILLE, FR","FM-12","99999","V020","120,1,N,0010,1","99999,9,9,N","999999,9,N,9","+0038,1","+0026,1","09913,1","03,0004,9,1","99,0005,9,1",,"0,000","4,1,03,1",,,,,,"5,1,011,1,+999,9","21,1","4,99,0031,1","SYN017333   69947 91106",
"07173099999","1990-11-25T12:00:00","4","48.2","6.4333333","320.0","EPINAL DOGNEVILLE, FR","FM-12","99999","V020","999,1,C,0000,1","99999,9,9,N","999999,9,N,9","+0055,1","+0032,1","09889,1","03,0020,9,1","06,0020,9,1",,"0,000",,,,,,,"6,1,021,1,+999,9",,"4,99,0041,1","SYN017333   60027 91108",
"07173099999","1990-11-25T15:00:00","4","48.2","6.4333333","320.0","EPINAL DOGNEVILLE, FR","FM-12","99999","V020","150,1,N,0041,1","99999,9,9,N","999999,9,N,9","+0047,1","+0021,1","09901,1","06,0000,9,1",,,"4,000",,,,,,,"1,1,011,1,+999,9",,"4,99,0062,1","SYN011333   91112",
"07173099999","1990-11-25T18:00:00","4","48.2","6.4333333","320.0","EPINAL DOGNEVILLE, FR","FM-12","99999","V020","160,1,N,0051,1","99999,9,9,N","999999,9,N,9","+0042,1","+0026,1","09917,1","99,0020,9,1",,,"0,000",,,,"999,M,+0056,1",,,"3,1,015,1,+999,9",,"4,99,0098,1","SYN017333   10056 91119",
"07173099999","1990-11-25T21:00:00","4","48.2","6.4333333","320.0","EPINAL DOGNEVILLE, FR","FM-12","99999","V020","170,1,N,0062,1","99999,9,9,N","999999,9,N,9","+0037,1","+0021,1","09942,1","06,0000,9,1",,,"4,000",,,,,,,"1,1,023,1,+999,9",,"4,99,0118,1","SYN011333   91123",
"07173099999","1990-11-26T00:00:00","4","48.2","6.4333333","320.0","EPINAL DOGNEVILLE, FR","FM-12","99999","V020","170,1,N,0051,1","99999,9,9,N","999999,9,N,9","+0033,1","+0020,1","09971,1","03,0010,9,1","06,0010,9,1",,"0,000",,,,,,,"1,1,028,1,+999,9",,"4,99,0118,1","SYN017333   60017 91123",
"07173099999","1990-11-26T03:00:00","4","48.2","6.4333333","320.0","EPINAL DOGNEVILLE, FR","FM-12","99999","V020","160,1,N,0031,1","99999,9,9,N","999999,9,N,9","+0035,1","+0015,1","09985,1","06,0000,9,1",,,"4,000",,,,,,,"1,1,014,1,+999,9",,"4,99,0098,1","SYN011333   91119",
"07173099999","1990-11-26T06:00:00","4","48.2","6.4333333","320.0","EPINAL DOGNEVILLE, FR","FM-12","99999","V020","170,1,N,0010,1","99999,9,9,N","999999,9,N,9","+0040,1","+0020,1","09996,1","24,0034,9,1","99,0010,9,1",,"0,000",,"0012,9","999,+0020,9","999,M,+0056,1","999,N,+0022,1",,"2,1,011,1,+999,9",,"4,99,0098,1","SYN041333   10056 20022 3/002 55002 70034 91119",
"07173099999","1990-11-26T09:00:00","4","48.2","6.4333333","320.0","EPINAL DOGNEVILLE, FR","FM-12","99999","V020","150,1,N,0021,1","99999,9,9,N","999999,9,N,9","+0046,1","+0025,1","10012,1","06,0000,9,1",,,"4,000",,,,,,,"1,1,016,1,+999,9",,"4,99,0098,1","SYN011333   91119",
"07173099999","1990-11-26T12:00:00","4","48.2","6.4333333","320.0","EPINAL DOGNEVILLE, FR","FM-12","99999","V020","160,1,N,0062,1","99999,9,9,N","999999,9,N,9","+0057,1","+0025,1","10017,1","03,0002,9,1","06,0003,9,1",,"0,000",,,,,,,"1,1,006,1,+999,9",,"4,99,0098,1","SYN017333   69927 91119",
"07173099999","1990-11-26T15:00:00","4","48.2","6.4333333","320.0","EPINAL DOGNEVILLE, FR","FM-12","99999","V020","140,1,N,0041,1","99999,9,9,N","999999,9,N,9","+0063,1","+0026,1","10020,1","06,0000,9,1",,,"4,000",,,,,,,"3,1,004,1,+999,9",,"4,99,0098,1","SYN011333   91119",
"07173099999","1990-11-26T18:00:00","4","48.2","6.4333333","320.0","EPINAL DOGNEVILLE, FR","FM-12","99999","V020","999,1,C,0000,1","99999,9,9,N","999999,9,N,9","+0027,1","+0009,1","10041,1","99,0003,9,1",,,"0,000",,,,"999,M,+0066,1",,,"3,1,015,1,+999,9",,"4,99,0098,1","SYN017333   10066 91119",
"07173099999","1990-11-26T21:00:00","4","48.2","6.4333333","320.0","EPINAL DOGNEVILLE, FR","FM-12","99999","V020","999,1,C,0000,1","99999,9,9,N","999999,9,N,9","+0000,1","-0010,1","10055,1","06,0000,9,1",,,"4,000",,,,,,,"3,1,010,1,+999,9",,"4,99,0021,1","SYN011333   91104",
"07173099999","1990-11-27T00:00:00","4","48.2","6.4333333","320.0","EPINAL DOGNEVILLE, FR","FM-12","99999","V020","999,1,C,0000,1","99999,9,9,N","999999,9,N,9","-0011,1","-0021,1","10058,1","06,0000,9,1",,,"4,000",,,,,,,"2,1,002,1,+999,9",,"4,99,0021,1","SYN011333   91104",
"07173099999","1990-11-27T03:00:00","4","48.2","6.4333333","320.0","EPINAL DOGNEVILLE, FR","FM-12","99999","V020","999,1,C,0000,1","99999,9,9,N","999999,9,N,9","-0025,1","-0035,1","10065,1","06,0000,9,1",,,"4,000",,,,,,,"1,1,004,1,+999,9",,"4,99,0021,1","SYN011333   91104",
"07173099999","1990-11-27T06:00:00","4","48.2","6.4333333","320.0","EPINAL DOGNEVILLE, FR","FM-12","99999","V020","999,1,C,0000,1","99999,9,9,N","999999,9,N,9","-0025,1","-0033,1","10075,1","06,0000,9,1","24,0002,9,1",,"4,000",,"0018,9","999,-0090,9","999,M,+0066,1","999,N,-0028,1",,"3,1,010,1,+999,9",,"4,99,0021,1","SYN041333   10066 21028 3/109 55003 70002 91104",
"07173099999","1990-11-27T09:00:00","4","48.2","6.4333333","320.0","EPINAL DOGNEVILLE, FR","FM-12","99999","V020","310,1,N,0010,1","99999,9,9,N","999999,9,N,9","-0017,1","-0025,1","10088,1","06,0000,9,1",,,"4,000",,,,,,,"3,1,013,1,+999,9",,"4,99,0021,1","SYN011333   91104",
"07173099999","1990-11-27T12:00:00","4","48.2","6.4333333","320.0","EPINAL DOGNEVILLE, FR","FM-12","99999","V020","360,1,N,0010,1","99999,9,9,N","999999,9,N,9","+0019,1","+0012,1","10084,1","03,0002,9,1","06,0003,9,1",,"9,000","4,1,06,1",,,,,,"1,1,002,1,+999,9","21,1","4,99,0031,1","SYN017333   69927 91106",
"07173099999","1990-11-27T15:00:00","4","48.2","6.4333333","320.0","EPINAL DOGNEVILLE, FR","FM-12","99999","V020","350,1,N,0010,1","99999,9,9,N","999999,9,N,9","+0060,1","+0023,1","10084,1","06,0000,9,1",,,"4,000",,,,,,,"3,1,005,1,+999,9",,"4,99,0041,1","SYN011333   91108",
"07173099999","1990-11-27T21:00:00","4","48.2","6.4333333","320.0","EPINAL DOGNEVILLE, FR","FM-12","99999","V020","999,1,C,0000,1","99999,9,9,N","999999,9,N,9","+0015,1","+0000,1","10121,1","06,0000,9,1",,,"4,000",,,,,,,"1,1,014,1,+999,9",,"4,99,0021,1","SYN011333   91104",
"07173099999","1990-11-28T00:00:00","4","48.2","6.4333333","320.0","EPINAL DOGNEVILLE, FR","FM-12","99999","V020","320,1,N,0021,1","99999,9,9,N","999999,9,N,9","+0013,1","+0001,1","10127,1","06,0000,9,1",,,"4,000",,,,,,,"1,1,005,1,+999,9",,"4,99,0041,1","SYN011333   91108",
"07173099999","1990-11-28T03:00:00","4","48.2","6.4333333","320.0","EPINAL DOGNEVILLE, FR","FM-12","99999","V020","340,1,N,0031,1","99999,9,9,N","999999,9,N,9","+0015,1","+0000,1","10130,1","06,0000,9,1",,,"4,000",,,,,,,"0,1,003,1,+999,9",,"4,99,0062,1","SYN011333   91112",
"07173099999","1990-11-28T06:00:00","4","48.2","6.4333333","320.0","EPINAL DOGNEVILLE, FR","FM-12","99999","V020","340,1,N,0021,1","99999,9,9,N","999999,9,N,9","+0014,1","-0002,1","10139,1","06,0000,9,1",,,"4,000",,"0198,9","999,-0030,9","999,M,+0062,1","999,N,+0013,1",,"3,1,009,1,+999,9",,"4,99,0072,1","SYN035333   10062 20013 3/103 55033 91114",
"07173099999","1990-11-28T09:00:00","4","48.2","6.4333333","320.0","EPINAL DOGNEVILLE, FR","FM-12","99999","V020","340,1,N,0031,1","99999,9,9,N","999999,9,N,9","+0016,1","-0003,1","10151,1","06,0000,9,1",,,"4,000",,,,,,,"3,1,011,1,+999,9",,"4,99,0062,1","SYN011333   91112",
"07173099999","1990-11-28T12:00:00","4","48.2","6.4333333","320.0","EPINAL DOGNEVILLE, FR","FM-12","99999","V020","340,1,N,0031,1","99999,9,9,N","999999,9,N,9","+0022,1","+0004,1","10156,1","06,0000,9,1",,,"4,000",,,,,,,"1,1,006,1,+999,9",,"4,99,0082,1","SYN011333   91116",
"07173099999","1990-11-28T15:00:00","4","48.2","6.4333333","320.0","EPINAL DOGNEVILLE, FR","FM-12","99999","V020","340,1,N,0041,1","99999,9,9,N","999999,9,N,9","+0026,1","-0002,1","10162,1","06,0000,9,1",,,"4,000",,,,,,,"3,1,006,1,+999,9",,"4,99,0072,1","SYN011333   91114",
"07173099999","1990-11-28T18:00:00","4","48.2","6.4333333","320.0","EPINAL DOGNEVILLE, FR","FM-12","99999","V020","340,1,N,0031,1","99999,9,9,N","999999,9,N,9","+0022,1","-0004,1","10174,1","06,0000,9,1",,,"4,000",,,,"999,M,+0028,1",,,"3,1,011,1,+999,9",,"4,99,0072,1","SYN017333   10028 91114",
"07173099999","1990-11-29T03:00:00","4","48.2","6.4333333","320.0","EPINAL DOGNEVILLE, FR","FM-12","99999","V020","360,1,N,0021,1","99999,9,9,N","999999,9,N,9","+0017,1","-0002,1","10188,1","06,0000,9,1",,,"4,000",,,,,,,"8,1,002,1,+999,9",,"4,99,0041,1","SYN011333   91108",
"07173099999","1990-11-29T06:00:00","4","48.2","6.4333333","320.0","EPINAL DOGNEVILLE, FR","FM-12","99999","V020","010,1,N,0010,1","99999,9,9,N","999999,9,N,9","+0018,1","+0000,1","10188,1","06,0000,9,1",,,"4,000",,"0000,9","999,+0000,9","999,M,+0028,1","999,N,+0015,1",,"3,1,001,1,+999,9",,"4,99,0041,1","SYN035333   10028 20015 3/000 55000 91108",
"07173099999","1990-11-29T09:00:00","4","48.2","6.4333333","320.0","EPINAL DOGNEVILLE, FR","FM-12","99999","V020","340,1,N,0021,1","99999,9,9,N","999999,9,N,9","+0022,1","+0001,1","10199,1","06,0000,9,1",,,"4,000",,,,,,,"2,1,010,1,+999,9",,"4,99,0051,1","SYN011333   91110",
"07173099999","1990-11-29T12:00:00","4","48.2","6.4333333","320.0","EPINAL DOGNEVILLE, FR","FM-12","99999","V020","320,1,N,0031,1","99999,9,9,N","999999,9,N,9","+0035,1","+0006,1","10189,1","06,0000,9,1",,,"4,000",,,,,,,"8,1,007,1,+999,9",,"4,99,0051,1","SYN011333   91110",
"07173099999","1990-11-29T15:00:00","4","48.2","6.4333333","320.0","EPINAL DOGNEVILLE, FR","FM-12","99999","V020","320,1,N,0021,1","99999,9,9,N","999999,9,N,9","+0033,1","+0005,1","10188,1","06,0000,9,1",,,"4,000",,,,,,,"5,1,002,1,+999,9",,"4,99,0062,1","SYN011333   91112",
"07173099999","1990-11-29T18:00:00","4","48.2","6.4333333","320.0","EPINAL DOGNEVILLE, FR","FM-12","99999","V020","330,1,N,0010,1","99999,9,9,N","999999,9,N,9","+0029,1","+0005,1","10186,1","06,0000,9,1",,,"4,000",,,,"999,M,+0038,1",,,"8,1,002,1,+999,9",,"4,99,0062,1","SYN017333   10038 91112",
"07173099999","1990-11-29T21:00:00","4","48.2","6.4333333","320.0","EPINAL DOGNEVILLE, FR","FM-12","99999","V020","320,1,N,0010,1","99999,9,9,N","999999,9,N,9","+0026,1","+0010,1","10187,1","06,0000,9,1",,,"4,000",,,,,,,"0,1,000,1,+999,9",,"4,99,0031,1","SYN011333   91106",
"07173099999","1990-11-30T00:00:00","4","48.2","6.4333333","320.0","EPINAL DOGNEVILLE, FR","FM-12","99999","V020","290,1,N,0021,1","99999,9,9,N","999999,9,N,9","+0008,1","-0003,1","10189,1","03,0006,9,2","06,0005,9,2",,"0,000","4,1,06,1",,,,,,"5,1,000,1,+999,9","21,1","4,99,0062,1","SYN017333   69967 91112",
"07173099999","1990-11-30T03:00:00","4","48.2","6.4333333","320.0","EPINAL DOGNEVILLE, FR","FM-12","99999","V020","999,1,C,0000,1","99999,9,9,N","999999,9,N,9","+0004,1","-0006,1","10188,1","03,0002,9,1","99,0003,9,1",,"0,000",,,,,,,"7,1,002,1,+999,9",,"4,99,0031,1","SYN017333   69927 91106",
"07173099999","1990-11-30T06:00:00","4","48.2","6.4333333","320.0","EPINAL DOGNEVILLE, FR","FM-12","99999","V020","320,1,N,0010,1","99999,9,9,N","999999,9,N,9","+0007,1","-0002,1","10189,1","03,0004,9,1","24,0012,9,1","99,0005,9,1","0,000","4,1,06,1","0000,9","999,+0000,9","999,M,+0038,1","999,N,+0003,1",,"3,1,002,1,+999,9","21,1","4,99,0041,1","SYN047333   10038 20003 3/000 55000 69947 70012 91108",
"07173099999","1990-11-30T09:00:00","4","48.2","6.4333333","320.0","EPINAL DOGNEVILLE, FR","FM-12","99999","V020","340,1,N,0041,1","99999,9,9,N","999999,9,N,9","+0011,1","+0004,1","10215,1","03,0008,9,1","99,0010,9,1",,"0,000",,,,,,,"1,1,025,1,+999,9",,"4,99,0062,1","SYN017333   69987 91112",
"07173099999","1990-11-30T12:00:00","4","48.2","6.4333333","320.0","EPINAL DOGNEVILLE, FR","FM-12","99999","V020","320,1,N,0041,1","99999,9,9,N","999999,9,N,9","+0022,1","+0004,1","10215,1","06,0010,9,1",,,"0,000",,,,,,,"1,1,002,1,+999,9",,"4,99,0072,1","SYN011333   91114",
"07173099999","1990-11-30T21:00:00","4","48.2","6.4333333","320.0","EPINAL DOGNEVILLE, FR","FM-12","99999","V020","330,1,N,0031,1","99999,9,9,N","999999,9,N,9","+0007,1","-0018,1","10252,1","03,0006,9,1","99,0005,9,1",,"0,000",,,,,,,"1,1,015,1,+999,9",,"4,99,0088,1","SYN017333   69967 91117",
"07173099999","1990-12-01T00:00:00","4","48.2","6.4333333","320.0","EPINAL DOGNEVILLE, FR","FM-12","99999","V020","340,1,N,0041,1","99999,9,9,N","999999,9,N,9","-0015,1","-0047,1","10268,1","06,0005,9,1",,,"0,000",,,,,,,"3,1,012,1,+999,9",,"4,99,0098,1","SYN011333   91119",
"07173099999","1990-12-01T03:00:00","4","48.2","6.4333333","320.0","EPINAL DOGNEVILLE, FR","FM-12","99999","V020","340,1,N,0031,1","99999,9,9,N","999999,9,N,9","-0033,1","-0073,1","10284,1","06,0000,9,1",,,"4,000",,,,,,,"3,1,013,1,+999,9",,"4,99,0088,1","SYN011333   91117",
"07173099999","1990-12-01T06:00:00","4","48.2","6.4333333","320.0","EPINAL DOGNEVILLE, FR","FM-12","99999","V020","340,1,N,0031,1","99999,9,9,N","999999,9,N,9","-0046,1","-0072,1","10302,1","24,0014,9,1","99,0005,9,1",,"0,000",,"0018,9","999,-0070,9","999,M,+0034,1","999,N,-0047,1",,"3,1,015,1,+999,9",,"4,99,0088,1","SYN041333   10034 21047 3/107 55003 70014 91117",
"07173099999","1990-12-01T09:00:00","4","48.2","6.4333333","320.0","EPINAL DOGNEVILLE, FR","FM-12","99999","V020","350,1,N,0021,1","99999,9,9,N","999999,9,N,9","-0035,1","-0064,1","10323,1","06,0000,9,1",,,"4,000",,,,,,,"2,1,022,1,+999,9",,"4,99,0051,1","SYN011333   91110",
"07173099999","1990-12-01T12:00:00","4","48.2","6.4333333","320.0","EPINAL DOGNEVILLE, FR","FM-12","99999","V020","330,1,N,0051,1","99999,9,9,N","999999,9,N,9","-0007,1","-0062,1","10324,1","06,0000,9,1",,,"4,000",,,,,,,"1,1,005,1,+999,9",,"4,99,0082,1","SYN011333   91116",
"07173099999","1990-12-01T15:00:00","4","48.2","6.4333333","320.0","EPINAL DOGNEVILLE, FR","FM-12","99999","V020","330,1,N,0031,1","99999,9,9,N","999999,9,N,9","-0005,1","-0067,1","10325,1","06,0000,9,1",,,"4,000",,,,,,,"3,1,002,1,+999,9",,"4,99,0082,1","SYN011333   91116",
"07173099999","1990-12-01T21:00:00","4","48.2","6.4333333","320.0","EPINAL DOGNEVILLE, FR","FM-12","99999","V020","350,1,N,0010,1","99999,9,9,N","999999,9,N,9","-0011,1","-0051,1","10344,1","06,0000,9,1",,,"4,000",,,,,,,"3,1,007,1,+999,9",,"4,99,0041,1","SYN011333   91108",
"07173099999","1990-12-02T00:00:00","4","48.2","6.4333333","320.0","EPINAL DOGNEVILLE, FR","FM-12","99999","V020","999,1,C,0000,1","99999,9,9,N","999999,9,N,9","-0012,1","-0045,1","10343,1","06,0000,9,1",,,"4,000",,,,,,,"5,1,001,1,+999,9",,"4,99,0041,1","SYN011333   91108",
"07173099999","1990-12-02T03:00:00","4","48.2","6.4333333","320.0","EPINAL DOGNEVILLE, FR","FM-12","99999","V020","340,1,N,0010,1","99999,9,9,N","999999,9,N,9","-0012,1","-0058,1","10338,1","06,0000,9,1",,,"4,000",,,,,,,"7,1,005,1,+999,9",,"4,99,0021,1","SYN011333   91104",
"07173099999","1990-12-02T06:00:00","4","48.2","6.4333333","320.0","EPINAL DOGNEVILLE, FR","FM-12","99999","V020","320,1,N,0010,1","99999,9,9,N","999999,9,N,9","-0010,1","-0045,1","10341,1","06,0000,9,1",,,"4,000",,"0414,9","999,-0020,9","999,M,+0001,1","999,N,-0013,1",,"3,1,004,1,+999,9",,"4,99,0021,1","SYN035333   10001 21013 3/102 55069 91104",
"07173099999","1990-12-02T09:00:00","4","48.2","6.4333333","320.0","EPINAL DOGNEVILLE, FR","FM-12","99999","V020","290,1,N,0010,1","99999,9,9,N","999999,9,N,9","-0004,1","-0038,1","10345,1","06,0000,9,1",,,"4,000",,,,,,,"3,1,004,1,+999,9",,"4,99,0031,1","SYN011333   91106",
"07173099999","1990-12-02T12:00:00","4","48.2","6.4333333","320.0","EPINAL DOGNEVILLE, FR","FM-12","99999","V020","300,1,N,0010,1","99999,9,9,N","999999,9,N,9","+0007,1","-0015,1","10334,1","06,0000,9,1",,,"4,000",,,,,,,"8,1,009,1,+999,9",,"4,99,0031,1","SYN011333   91106",
"07173099999","1990-12-02T15:00:00","4","48.2","6.4333333","320.0","EPINAL DOGNEVILLE, FR","FM-12","99999","V020","010,1,N,0010,1","99999,9,9,N","999999,9,N,9","+0007,1","-0007,1","10332,1","06,0000,9,1",,,"4,000",,,,,,,"7,1,002,1,+999,9",,"4,99,0031,1","SYN011333   91106",
"07173099999","1990-12-02T18:00:00","4","48.2","6.4333333","320.0","EPINAL DOGNEVILLE, FR","FM-12","99999","V020","320,1,N,0010,1","99999,9,9,N","999999,9,N,9","+0007,1","+0000,1","10330,1","06,0000,9,1",,,"4,000",,,,"999,M,+0010,1",,,"6,1,002,1,+999,9",,"4,99,0031,1","SYN017333   10010 91106",
"07173099999","1990-12-02T21:00:00","4","48.2","6.4333333","320.0","EPINAL DOGNEVILLE, FR","FM-12","99999","V020","999,1,C,0000,1","99999,9,9,N","999999,9,N,9","+0009,1","+0002,1","10326,1","06,0000,9,1",,,"4,000",,,,,,,"8,1,003,1,+999,9",,"4,99,0031,1","SYN011333   91106",
"07173099999","1990-12-03T00:00:00","4","48.2","6.4333333","320.0","EPINAL DOGNEVILLE, FR","FM-12","99999","V020","340,1,N,0010,1","99999,9,9,N","999999,9,N,9","+0011,1","+0004,1","10319,1","06,0000,9,1",,,"4,000",,,,,,,"8,1,007,1,+999,9",,"4,99,0031,1","SYN011333   91106",
"07173099999","1990-12-03T03:00:00","4","48.2","6.4333333","320.0","EPINAL DOGNEVILLE, FR","FM-12","99999","V020","020,1,N,0010,1","99999,9,9,N","999999,9,N,9","+0012,1","+0003,1","10303,1","06,0000,9,1",,,"4,000",,,,,,,"8,1,015,1,+999,9",,"4,99,0031,1","SYN011333   91106",
"07173099999","1990-12-03T09:00:00","4","48.2","6.4333333","320.0","EPINAL DOGNEVILLE, FR","FM-12","99999","V020","350,1,N,0021,1","99999,9,9,N","999999,9,N,9","+0011,1","+0004,1","10292,1","06,0000,9,1",,,"4,000",,,,,,,"8,1,003,1,+999,9",,"4,99,0051,1","SYN011333   91110",
"07173099999","1990-12-03T12:00:00","4","48.2","6.4333333","320.0","EPINAL DOGNEVILLE, FR","FM-12","99999","V020","340,1,N,0031,1","99999,9,9,N","999999,9,N,9","+0032,1","+0014,1","10278,1","06,0000,9,1",,,"4,000",,,,,,,"8,1,010,1,+999,9",,"4,99,0062,1","SYN011333   91112",
"07173099999","1990-12-03T15:00:00","4","48.2","6.4333333","320.0","EPINAL DOGNEVILLE, FR","FM-12","99999","V020","340,1,N,0031,1","99999,9,9,N","999999,9,N,9","+0042,1","+0014,1","10269,1","06,0000,9,1",,,"4,000",,,,,,,"5,1,008,1,+999,9",,"4,99,0072,1","SYN011333   91114",
"07173099999","1990-12-03T18:00:00","4","48.2","6.4333333","320.0","EPINAL DOGNEVILLE, FR","FM-12","99999","V020","360,1,N,0010,1","99999,9,9,N","999999,9,N,9","+0030,1","+0007,1","10273,1","06,0000,9,1",,,"4,000",,,,"999,M,+0044,1",,,"3,1,002,1,+999,9",,"4,99,0072,1","SYN017333   10044 91114",
"07173099999","1990-12-03T21:00:00","4","48.2","6.4333333","320.0","EPINAL DOGNEVILLE, FR","FM-12","99999","V020","999,1,C,0000,1","99999,9,9,N","999999,9,N,9","+0023,1","+0002,1","10273,1","06,0000,9,1",,,"4,000",,,,,,,"0,1,000,1,+999,9",,"4,99,0031,1","SYN011333   91106",
"07173099999","1990-12-04T03:00:00","4","48.2","6.4333333","320.0","EPINAL DOGNEVILLE, FR","FM-12","99999","V020","310,1,N,0021,1","99999,9,9,N","999999,9,N,9","+0021,1","+0011,1","10271,1","06,0000,9,1",,,"4,000",,,,,,,"6,1,003,1,+999,9",,"4,99,0031,1","SYN011333   91106",
"07173099999","1990-12-04T06:00:00","4","48.2","6.4333333","320.0","EPINAL DOGNEVILLE, FR","FM-12","99999","V020","130,1,N,0010,1","99999,9,9,N","999999,9,N,9","+0024,1","+0012,1","10271,1","06,0000,9,1",,,"4,000",,"0018,9","999,+0010,9","999,M,+0044,1","999,N,+0020,1",,"0,1,001,1,+999,9",,"4,99,0031,1","SYN035333   10044 20020 3/001 55003 91106",
"07173099999","1990-12-04T09:00:00","4","48.2","6.4333333","320.0","EPINAL DOGNEVILLE, FR","FM-12","99999","V020","210,1,N,0010,1","99999,9,9,N","999999,9,N,9","+0027,1","+0017,1","10282,1","03,0002,9,1","99,0003,9,1",,"0,000","4,1,03,1",,,,,,"1,1,011,1,+999,9","21,1","4,99,0031,1","SYN017333   69927 91106",
"07173099999","1990-12-04T12:00:00","4","48.2","6.4333333","320.0","EPINAL DOGNEVILLE, FR","FM-12","99999","V020","190,1,N,0010,1","99999,9,9,N","999999,9,N,9","+0035,1","+0020,1","10280,1","03,0004,9,1","06,0005,9,1",,"0,000",,,,,,,"8,1,001,1,+999,9",,"4,99,0041,1","SYN017333   69947 91108",
"07173099999","1990-12-04T15:00:00","4","48.2","6.4333333","320.0","EPINAL DOGNEVILLE, FR","FM-12","99999","V020","190,1,N,0010,1","99999,9,9,N","999999,9,N,9","+0041,1","+0026,1","10271,1","06,0000,9,1",,,"4,000",,,,,,,"6,1,008,1,+999,9",,"4,99,0031,1","SYN011333   91106",
"07173099999","1990-12-04T18:00:00","4","48.2","6.4333333","320.0","EPINAL DOGNEVILLE, FR","FM-12","99999","V020","170,1,N,0010,1","99999,9,9,N","999999,9,N,9","+0028,1","+0019,1","10278,1","99,0005,9,1",,,"0,000",,,,"999,M,+0042,1",,,"1,1,005,1,+999,9",,"4,99,0031,1","SYN017333   10042 91106",
"07173099999","1990-12-04T21:00:00","4","48.2","6.4333333","320.0","EPINAL DOGNEVILLE, FR","FM-12","99999","V020","190,1,N,0021,1","99999,9,9,N","999999,9,N,9","+0030,1","+0015,1","10276,1","06,0000,9,1",,,"4,000",,,,,,,"6,1,002,1,+999,9",,"4,99,0041,1","SYN011333   91108",
"07173099999","1990-12-05T00:00:00","4","48.2","6.4333333","320.0","EPINAL DOGNEVILLE, FR","FM-12","99999","V020","210,1,N,0021,1","99999,9,9,N","999999,9,N,9","+0032,1","+0020,1","10268,1","06,0000,9,1",,,"4,000",,,,,,,"6,1,007,1,+999,9",,"4,99,0041,1","SYN011333   91108",
"07173099999","1990-12-05T03:00:00","4","48.2","6.4333333","320.0","EPINAL DOGNEVILLE, FR","FM-12","99999","V020","260,1,N,0031,1","99999,9,9,N","999999,9,N,9","+0037,1","+0021,1","10259,1","03,0002,9,1","99,0003,9,1",,"0,000","4,1,03,1",,,,,,"6,1,008,1,+999,9","21,1","4,99,0051,1","SYN017333   69927 91110",
"07173099999","1990-12-05T06:00:00","4","48.2","6.4333333","320.0","EPINAL DOGNEVILLE, FR","FM-12","99999","V020","330,1,N,0010,1","99999,9,9,N","999999,9,N,9","+0015,1","+0000,1","10274,1","24,0008,9,1","99,0003,9,1",,"0,000",,"0000,9","999,-0020,9","999,M,+0042,1","999,N,+0015,1",,"3,1,012,1,+999,9",,"4,99,0088,1","SYN041333   10042 20015 3/102 55000 70008 91117",
"07173099999","1990-12-05T09:00:00","4","48.2","6.4333333","320.0","EPINAL DOGNEVILLE, FR","FM-12","99999","V020","350,1,N,0021,1","99999,9,9,N","999999,9,N,9","+0018,1","+0000,1","10296,1","06,0000,9,1",,,"4,000",,,,,,,"1,1,021,1,+999,9",,"4,99,0062,1","SYN011333   91112",
"07173099999","1990-12-05T12:00:00","4","48.2","6.4333333","320.0","EPINAL DOGNEVILLE, FR","FM-12","99999","V020","330,1,N,0041,1","99999,9,9,N","999999,9,N,9","+0040,1","-0022,1","10301,1","06,0000,9,1",,,"4,000",,,,,,,"0,1,008,1,+999,9",,"4,99,0082,1","SYN011333   91116",
"07173099999","1990-12-05T15:00:00","4","48.2","6.4333333","320.0","EPINAL DOGNEVILLE, FR","FM-12","99999","V020","360,1,N,0041,1","99999,9,9,N","999999,9,N,9","+0034,1","-0055,1","10303,1","06,0000,9,1",,,"4,000",,,,,,,"3,1,001,1,+999,9",,"4,99,0098,1","SYN011333   91119",
"07173099999","1990-12-05T18:00:00","4","48.2","6.4333333","320.0","EPINAL DOGNEVILLE, FR","FM-12","99999","V020","350,1,N,0021,1","99999,9,9,N","999999,9,N,9","+0002,1","-0048,1","10321,1","06,0000,9,1",,,"4,000",,,,"999,M,+0045,1",,,"1,1,013,1,+999,9",,"4,99,0098,1","SYN017333   10045 91119",
"07173099999","1990-12-05T21:00:00","4","48.2","6.4333333","320.0","EPINAL DOGNEVILLE, FR","FM-12","99999","V020","330,1,N,0010,1","99999,9,9,N","999999,9,N,9","-0039,1","-0059,1","10334,1","06,0000,9,1",,,"4,000",,,,,,,"1,1,006,1,+999,9",,"4,99,0031,1","SYN011333   91106",
"07173099999","1990-12-06T00:00:00","4","48.2","6.4333333","320.0","EPINAL DOGNEVILLE, FR","FM-12","99999","V020","999,1,C,0000,1","99999,9,9,N","999999,9,N,9","-0051,1","-0066,1","10338,1","06,0000,9,1",,,"4,000",,,,,,,"0,1,002,1,+999,9",,"4,99,0031,1","SYN011333   91106",
"07173099999","1990-12-06T06:00:00","4","48.2","6.4333333","320.0","EPINAL DOGNEVILLE, FR","FM-12","99999","V020","999,1,C,0000,1","99999,9,9,N","999999,9,N,9","-0071,1","-0086,1","10338,1","06,0000,9,1",,,"4,000",,"0432,9","999,-0140,9","999,M,+0045,1","999,N,-0071,1",,"5,1,001,1,+999,9",,"4,99,0031,1","SYN035333   10045 21071 3/114 55072 91106",
"07173099999","1990-12-06T09:00:00","4","48.2","6.4333333","320.0","EPINAL DOGNEVILLE, FR","FM-12","99999","V020","999,1,C,0000,1","99999,9,9,N","999999,9,N,9","-0041,1","-0053,1","10334,1","06,0000,9,1",,,"4,000",,,,,,,"0,1,001,1,+999,9",,"4,99,0021,1","SYN011333   91104",
"07173099999","1990-12-06T12:00:00","4","48.2","6.4333333","320.0","EPINAL DOGNEVILLE, FR","FM-12","99999","V020","360,1,N,0041,1","99999,9,9,N","999999,9,N,9","+0009,1","-0047,1","10313,1","06,0000,9,1",,,"4,000",,,,,,,"8,1,013,1,+999,9",,"4,99,0082,1","SYN011333   91116",
"07173099999","1990-12-06T15:00:00","4","48.2","6.4333333","320.0","EPINAL DOGNEVILLE, FR","FM-12","99999","V020","360,1,N,0031,1","99999,9,9,N","999999,9,N,9","+0012,1","-0066,1","10303,1","06,0000,9,1",,,"4,000",,,,,,,"6,1,009,1,+999,9",,"4,99,0072,1","SYN011333   91114",
"07173099999","1990-12-06T18:00:00","4","48.2","6.4333333","320.0","EPINAL DOGNEVILLE, FR","FM-12","99999","V020","020,1,N,0010,1","99999,9,9,N","999999,9,N,9","-0029,1","-0076,1","10297,1","06,0000,9,1",,,"4,000",,,,"999,M,+0016,1",,,"6,1,012,1,+999,9",,"4,99,0072,1","SYN017333   10016 91114",
"07173099999","1990-12-06T21:00:00","4","48.2","6.4333333","320.0","EPINAL DOGNEVILLE, FR","FM-12","99999","V020","999,1,C,0000,1","99999,9,9,N","999999,9,N,9","-0056,1","-0082,1","10292,1","06,0000,9,1",,,"4,000",,,,,,,"6,1,009,1,+999,9",,"4,99,0051,1","SYN011333   91110",
"07173099999","1990-12-07T00:00:00","4","48.2","6.4333333","320.0","EPINAL DOGNEVILLE, FR","FM-12","99999","V020","999,1,C,0000,1","99999,9,9,N","999999,9,N,9","-0069,1","-0087,1","10276,1","06,0000,9,1",,,"4,000",,,,,,,"6,1,017,1,+999,9",,"4,99,0051,1","SYN011333   91110",
"07173099999","1990-12-07T03:00:00","4","48.2","6.4333333","320.0","EPINAL DOGNEVILLE, FR","FM-12","99999","V020","999,1,C,0000,1","99999,9,9,N","999999,9,N,9","-0082,1","-0097,1","10250,1","06,0000,9,1",,,"4,000",,,,,,,"6,1,027,1,+999,9",,"4,99,0021,1","SYN011333   91104",
"07173099999","1990-12-07T06:00:00","4","48.2","6.4333333","320.0","EPINAL DOGNEVILLE, FR","FM-12","99999","V020","090,1,N,0010,1","99999,9,9,N","999999,9,N,9","-0086,1","-0102,1","10236,1","06,0000,9,1",,,"4,000",,"0468,9","999,-0140,9","999,M,+0016,1","999,N,-0089,1",,"6,1,014,1,+999,9",,"4,99,0021,1","SYN035333   10016 21089 3/114 55078 91104",
"07173099999","1990-12-07T09:00:00","4","48.2","6.4333333","320.0","EPINAL DOGNEVILLE, FR","FM-12","99999","V020","140,1,N,0010,1","99999,9,9,N","999999,9,N,9","-0052,1","-0072,1","10220,1","06,0000,9,1",,,"4,000",,,,,,,"7,1,011,1,+999,9",,"4,99,0021,1","SYN011333   91104",
"07173099999","1990-12-07T12:00:00","4","48.2","6.4333333","320.0","EPINAL DOGNEVILLE, FR","FM-12","99999","V020","290,1,N,0021,1","99999,9,9,N","999999,9,N,9","-0005,1","-0057,1","10181,1","06,0000,9,1",,,"4,000",,,,,,,"8,1,030,1,+999,9",,"4,99,0031,1","SYN011333   91106",
"07173099999","1990-12-07T15:00:00","4","48.2","6.4333333","320.0","EPINAL DOGNEVILLE, FR","FM-12","99999","V020","270,1,N,0010,1","99999,9,9,N","999999,9,N,9","+0002,1","-0056,1","10148,1","06,0000,9,1",,,"4,000",,,,,,,"6,1,031,1,+999,9",,"4,99,0041,1","SYN011333   91108",
"07173099999","1990-12-07T18:00:00","4","48.2","6.4333333","320.0","EPINAL DOGNEVILLE, FR","FM-12","99999","V020","060,1,N,0010,1","99999,9,9,N","999999,9,N,9","-0050,1","-0073,1","10139,1","06,0000,9,1",,,"4,000",,,,"999,M,+0019,1",,,"6,1,016,1,+999,9",,"4,99,0041,1","SYN017333   10019 91108",
"07173099999","1990-12-07T21:00:00","4","48.2","6.4333333","320.0","EPINAL DOGNEVILLE, FR","FM-12","99999","V020","999,1,C,0000,1","99999,9,9,N","999999,9,N,9","-0071,1","-0087,1","10117,1","06,0000,9,1",,,"4,000",,,,,,,"8,1,024,1,+999,9",,"4,99,0021,1","SYN011333   91104",
"07173099999","1990-12-08T00:00:00","4","48.2","6.4333333","320.0","EPINAL DOGNEVILLE, FR","FM-12","99999","V020","190,1,N,0010,1","99999,9,9,N","999999,9,N,9","-0045,1","-0062,1","10084,1","06,0000,9,1",,,"4,000",,,,,,,"6,1,028,1,+999,9",,"4,99,0072,1","SYN011333   91114",
"07173099999","1990-12-08T03:00:00","4","48.2","6.4333333","320.0","EPINAL DOGNEVILLE, FR","FM-12","99999","V020","150,1,N,0051,1","99999,9,9,N","999999,9,N,9","-0013,1","-0048,1","10067,1","06,0000,9,1",,,"4,000",,,,,,,"8,1,011,1,+999,9",,"4,99,0098,1","SYN011333   91119",
"07173099999","1990-12-08T06:00:00","4","48.2","6.4333333","320.0","EPINAL DOGNEVILLE, FR","FM-12","99999","V020","140,1,N,0041,1","99999,9,9,N","999999,9,N,9","-0007,1","-0039,1","10044,1","06,0000,9,1",,,"4,000",,"0450,9","999,-0130,9","999,M,+0019,1","999,N,-0075,1",,"7,1,022,1,+999,9",,"4,99,0098,1","SYN035333   10019 21075 3/113 55075 91119",
"07173099999","1990-12-08T09:00:00","4","48.2","6.4333333","320.0","EPINAL DOGNEVILLE, FR","FM-12","99999","V020","160,1,N,0062,1","99999,9,9,N","999999,9,N,9","+0006,1","-0035,1","10043,1","06,0000,9,1",,,"4,000",,,,,,,"3,1,001,1,+999,9",,"4,99,0118,1","SYN011333   91123",
"07173099999","1990-12-08T12:00:00","4","48.2","6.4333333","320.0","EPINAL DOGNEVILLE, FR","FM-12","99999","V020","160,1,N,0051,1","99999,9,9,N","999999,9,N,9","+0023,1","-0026,1","10035,1","06,0000,9,1",,,"4,000",,,,,,,"8,1,006,1,+999,9",,"4,99,0139,1","SYN011333   91127",
"07173099999","1990-12-08T15:00:00","4","48.2","6.4333333","320.0","EPINAL DOGNEVILLE, FR","FM-12","99999","V020","140,1,N,0051,1","99999,9,9,N","999999,9,N,9","+0021,1","-0019,1","10036,1","06,0000,9,1",,,"4,000",,,,,,,"3,1,001,1,+999,9",,"4,99,0118,1","SYN011333   91123",
"07173099999","1990-12-08T18:00:00","4","48.2","6.4333333","320.0","EPINAL DOGNEVILLE, FR","FM-12","99999","V020","140,1,N,0021,1","99999,9,9,N","999999,9,N,9","+0009,1","-0018,1","10048,1","06,0000,9,1",,,"4,000",,,,"999,M,+0027,1",,,"3,1,010,1,+999,9",,"4,99,0118,1","SYN017333   10027 91123",
"07173099999","1990-12-08T21:00:00","4","48.2","6.4333333","320.0","EPINAL DOGNEVILLE, FR","FM-12","99999","V020","999,1,C,0000,1","99999,9,9,N","999999,9,N,9","-0001,1","-0018,1","10047,1","06,0000,9,1",,,"4,000",,,,,,,"8,1,002,1,+999,9",,"4,99,0021,1","SYN011333   91104",
"07173099999","1990-12-09T00:00:00","4","48.2","6.4333333","320.0","EPINAL DOGNEVILLE, FR","FM-12","99999","V020","350,1,N,0010,1","99999,9,9,N","999999,9,N,9","+0003,1","-0008,1","10041,1","06,0000,9,1",,,"4,000",,,,,,,"8,1,005,1,+999,9",,"4,99,0041,1","SYN011333   91108",
"07173099999","1990-12-09T03:00:00","4","48.2","6.4333333","320.0","EPINAL DOGNEVILLE, FR","FM-12","99999","V020","350,1,N,0021,1","99999,9,9,N","999999,9,N,9","+0006,1","-0007,1","09996,1","06,0000,9,1",,,"4,000",,,,,,,"6,1,043,1,+999,9",,"4,99,0051,1","SYN011333   91110",
"07173099999","1990-12-09T06:00:00","4","48.2","6.4333333","320.0","EPINAL DOGNEVILLE, FR","FM-12","99999","V020","350,1,N,0010,1","99999,9,9,N","999999,9,N,9","+0001,1","-0013,1","09982,1","06,0000,9,1",,,"4,000",,"0024,9","999,-0020,9","999,M,+0027,1","999,N,-0002,1",,"8,1,014,1,+999,9",,"4,99,0051,1","SYN035333   10027 21002 3/102 55004 91110",
"07173099999","1990-12-09T09:00:00","4","48.2","6.4333333","320.0","EPINAL DOGNEVILLE, FR","FM-12","99999","V020","999,1,C,0000,1","99999,9,9,N","999999,9,N,9","+0000,1","-0016,1","09978,1","06,0000,9,1",,,"4,000",,,,,,,"7,1,004,1,+999,9",,"4,99,0021,1","SYN011333   91104",
"07173099999","1990-12-09T12:00:00","4","48.2","6.4333333","320.0","EPINAL DOGNEVILLE, FR","FM-12","99999","V020","020,1,N,0010,1","99999,9,9,N","999999,9,N,9","+0002,1","-0012,1","09973,1","03,0002,9,1","06,0003,9,1",,"0,000",,,,,,,"8,1,004,1,+999,9",,"4,99,0041,1","SYN017333   69927 91108",
"07173099999","1990-12-09T15:00:00","4","48.2","6.4333333","320.0","EPINAL DOGNEVILLE, FR","FM-12","99999","V020","999,1,C,0000,1","99999,9,9,N","999999,9,N,9","+0001,1","-0016,1","09969,1","03,0004,9,1","99,0005,9,1",,"0,000",,,,,,,"5,1,005,1,+999,9",,"4,99,0031,1","SYN017333   69947 91106",
"07173099999","1990-12-09T18:00:00","4","48.2","6.4333333","320.0","EPINAL DOGNEVILLE, FR","FM-12","99999","V020","290,1,N,0021,1","99999,9,9,N","999999,9,N,9","-0010,1","-0021,1","09968,1","99,0005,9,1",,,"0,000",,,,"999,M,+0003,1",,,"8,1,002,1,+999,9",,"4,99,0041,1","SYN017333   10003 91108",
"07173099999","1990-12-09T21:00:00","4","48.2","6.4333333","320.0","EPINAL DOGNEVILLE, FR","FM-12","99999","V020","280,1,N,0010,1","99999,9,9,N","999999,9,N,9","-0016,1","-0026,1","09964,1","06,0000,9,1",,,"4,000",,,,,,,"5,1,005,1,+999,9",,"4,99,0041,1","SYN011333   91108",
"07173099999","1990-12-10T00:00:00","4","48.2","6.4333333","320.0","EPINAL DOGNEVILLE, FR","FM-12","99999","V020","999,1,C,0000,1","99999,9,9,N","999999,9,N,9","-0020,1","-0031,1","09953,1","06,0000,9,1",,,"4,000",,,,,,,"5,1,011,1,+999,9",,"4,99,0041,1","SYN011333   91108",
"07173099999","1990-12-10T03:00:00","4","48.2","6.4333333","320.0","EPINAL DOGNEVILLE, FR","FM-12","99999","V020","999,1,C,0000,1","99999,9,9,N","999999,9,N,9","-0024,1","-0035,1","09938,1","06,0000,9,1",,,"4,000",,,,,,,"6,1,015,1,+999,9",,"4,99,0031,1","SYN011333   91106",
"07173099999","1990-12-10T06:00:00","4","48.2","6.4333333","320.0","EPINAL DOGNEVILLE, FR","FM-12","99999","V020","999,1,C,0000,1","99999,9,9,N","999999,9,N,9","-0024,1","-0035,1","09933,1","06,0000,9,1","24,0006,9,1",,"4,000",,"0000,9","999,-0020,9","999,M,+0003,1","999,N,-0025,1",,"5,1,005,1,+999,9",,"4,99,0031,1","SYN041333   10003 21025 3/102 55000 70006 91106",
"07173099999","1990-12-10T09:00:00","4","48.2","6.4333333","320.0","EPINAL DOGNEVILLE, FR","FM-12","99999","V020","180,1,N,0021,1","99999,9,9,N","999999,9,N,9","-0021,1","-0034,1","09929,1","06,0000,9,1",,,"4,000",,,,,,,"8,1,003,1,+999,9",,"4,99,0031,1","SYN011333   91106",
"07173099999","1990-12-10T18:00:00","4","48.2","6.4333333","320.0","EPINAL DOGNEVILLE, FR","FM-12","99999","V020","160,1,N,0021,1","99999,9,9,N","999999,9,N,9","-0016,1","-0027,1","09930,1","06,0000,9,1",,,"4,000",,,,"999,M,-0012,1",,,"3,1,005,1,+999,9",,"4,99,0062,1","SYN017333   11012 91112",
"07173099999","1990-12-10T21:00:00","4","48.2","6.4333333","320.0","EPINAL DOGNEVILLE, FR","FM-12","99999","V020","150,1,N,0031,1","99999,9,9,N","999999,9,N,9","-0016,1","-0032,1","09945,1","06,0000,9,1",,,"4,000",,,,,,,"2,1,015,1,+999,9",,"4,99,0051,1","SYN011333   91110",
"07173099999","1990-12-11T00:00:00","4","48.2","6.4333333","320.0","EPINAL DOGNEVILLE, FR","FM-12","99999","V020","999,1,C,0000,1","99999,9,9,N","999999,9,N,9","-0023,1","-0036,1","09971,1","06,0000,9,1",,,"4,000",,,,,,,"3,1,024,1,+999,9",,"4,99,0051,1","SYN011333   91110",
"07173099999","1990-12-11T03:00:00","4","48.2","6.4333333","320.0","EPINAL DOGNEVILLE, FR","FM-12","99999","V020","050,1,N,0021,1","99999,9,9,N","999999,9,N,9","-0037,1","-0048,1","10006,1","06,0000,9,1",,,"4,000",,,,,,,"1,1,031,1,+999,9",,"4,99,0041,1","SYN011333   91108",
"07173099999","1990-12-11T06:00:00","4","48.2","6.4333333","320.0","EPINAL DOGNEVILLE, FR","FM-12","99999","V020","999,1,C,0000,1","99999,9,9,N","999999,9,N,9","-0095,1","-0107,1","10047,1","06,0000,9,1",,,"4,000",,"0000,9","999,-0010,9","999,M,-0012,1","999,N,-0100,1",,"1,1,031,1,+999,9",,"4,99,0041,1","SYN035333   11012 21100 3/101 55000 91108",
"07173099999","1990-12-11T09:00:00","4","48.2","6.4333333","320.0","EPINAL DOGNEVILLE, FR","FM-12","99999","V020","999,1,C,0000,1","99999,9,9,N","999999,9,N,9","-0057,1","-0069,1","10092,1","06,0000,9,1",,,"4,000",,,,,,,"2,1,049,1,+999,9",,"4,99,0031,1","SYN011333   91106",
"07173099999","1990-12-11T15:00:00","4","48.2","6.4333333","320.0","EPINAL DOGNEVILLE, FR","FM-12","99999","V020","160,1,N,0010,1","99999,9,9,N","999999,9,N,9","-0024,1","-0040,1","99999,9","03,0540,9,1",,,"0,000","4,1,03,1",,,,,"99999,9,10000,1",,"21,1","4,99,0031,1","SYN017333   60547 91106",
"07173099999","1990-12-11T18:00:00","4","48.2","6.4333333","320.0","EPINAL DOGNEVILLE, FR","FM-12","99999","V020","160,1,N,0031,1","99999,9,9,N","999999,9,N,9","-0015,1","-0032,1","10136,1","06,0000,9,1",,,"4,000",,,,"999,M,-0015,1",,,,,"4,99,0051,1","SYN017333   11015 91110",
"07173099999","1990-12-12T00:00:00","4","48.2","6.4333333","320.0","EPINAL DOGNEVILLE, FR","FM-12","99999","V020","160,1,N,0041,1","99999,9,9,N","999999,9,N,9","-0013,1","-0023,1","10139,1","06,0000,9,1",,,"4,000",,,,,,,"8,1,009,1,+999,9",,"4,99,0082,1","SYN011333   91116",
"07173099999","1990-12-12T03:00:00","4","48.2","6.4333333","320.0","EPINAL DOGNEVILLE, FR","FM-12","99999","V020","150,1,N,0062,1","99999,9,9,N","999999,9,N,9","-0018,1","-0029,1","10126,1","06,0000,9,1",,,"4,000",,,,,,,"8,1,013,1,+999,9",,"4,99,0098,1","SYN011333   91119",
"07173099999","1990-12-12T06:00:00","4","48.2","6.4333333","320.0","EPINAL DOGNEVILLE, FR","FM-12","99999","V020","170,1,N,0087,1","99999,9,9,N","999999,9,N,9","-0011,1","-0024,1","10082,1","03,0006,9,1","24,0006,9,1","99,0005,9,1","0,000","4,1,06,1","0024,9","999,-0020,9","999,M,-0015,1","999,N,-0020,1",,"6,1,042,1,+999,9","21,1","4,99,0118,1","SYN047333   11015 21020 3/102 55004 69967 70006 91123",
"07173099999","1990-12-12T09:00:00","4","48.2","6.4333333","320.0","EPINAL DOGNEVILLE, FR","FM-12","99999","V020","180,1,N,0062,1","99999,9,9,N","999999,9,N,9","-0008,1","-0019,1","10071,1","03,0004,9,1","99,0005,9,1",,"0,000","4,1,03,1",,,,,,"6,1,010,1,+999,9","41,1","4,99,0139,1","SYN017333   69947 91127",
"07173099999","1990-12-12T12:00:00","4","48.2","6.4333333","320.0","EPINAL DOGNEVILLE, FR","FM-12","99999","V020","190,1,N,0041,1","99999,9,9,N","999999,9,N,9","+0003,1","+9999,9","10060,1","03,0006,9,2","06,0005,9,2",,"0,000","4,1,06,1",,,,,,"8,1,009,1,+999,9","21,1","4,99,0139,1","SYN017333   69967 91127",
"07173099999","1990-12-12T15:00:00","4","48.2","6.4333333","320.0","EPINAL DOGNEVILLE, FR","FM-12","99999","V020","260,1,N,0031,1","99999,9,9,N","999999,9,N,9","+0011,1","+9999,9","10065,1","03,0010,9,1",,,"0,000","4,1,03,1",,,,,,"3,1,005,1,+999,9","21,1","4,99,0098,1","SYN017333   60017 91119",
"07173099999","1990-12-12T18:00:00","4","48.2","6.4333333","320.0","EPINAL DOGNEVILLE, FR","FM-12","99999","V020","280,1,N,0051,1","99999,9,9,N","999999,9,N,9","+0010,1","+9999,9","10092,1","03,0002,9,1","99,0003,9,1",,"0,000",,,,"999,M,+0012,1",,,"2,1,026,1,+999,9",,"4,99,0098,1","SYN023333   10012 69927 91119",
"07173099999","1990-12-12T21:00:00","4","48.2","6.4333333","320.0","EPINAL DOGNEVILLE, FR","FM-12","99999","V020","230,1,N,0031,1","99999,9,9,N","999999,9,N,9","+0002,1","+9999,9","10096,1","03,0004,9,1","99,0005,9,1",,"0,000","4,1,03,1",,,,,,"0,1,003,1,+999,9","21,1","4,99,0088,1","SYN017333   69947 91117",
"07173099999","1990-12-13T00:00:00","4","48.2","6.4333333","320.0","EPINAL DOGNEVILLE, FR","FM-12","99999","V020","210,1,N,0062,1","99999,9,9,N","999999,9,N,9","+0001,1","+9999,9","10069,1","03,0008,9,1","06,0010,9,1",,"0,000","4,1,06,1",,,,,,"7,1,026,1,+999,9","21,1","4,99,0098,1","SYN017333   69987 91119",
"07173099999","1990-12-13T03:00:00","4","48.2","6.4333333","320.0","EPINAL DOGNEVILLE, FR","FM-12","99999","V020","230,1,N,0041,1","99999,9,9,N","999999,9,N,9","+0007,1","+9999,9","10062,1","03,0002,9,1","99,0003,9,1",,"0,000",,,,,,,"8,1,006,1,+999,9",,"4,99,0098,1","SYN017333   69927 91119",
"07173099999","1990-12-13T06:00:00","4","48.2","6.4333333","320.0","EPINAL DOGNEVILLE, FR","FM-12","99999","V020","280,1,N,0031,1","99999,9,9,N","999999,9,N,9","+0007,1","+0007,1","10064,1","03,0030,9,1","24,0064,9,1",,"0,000","4,1,06,1","0000,9","999,+0000,9","999,M,+0012,1","999,N,+0001,1",,"3,1,003,1,+999,9","21,1","4,99,0098,1","SYN047333   10012 20001 3/000 55000 60037 70064 91119",
"07173099999","1990-12-13T09:00:00","4","48.2","6.4333333","320.0","EPINAL DOGNEVILLE, FR","FM-12","99999","V020","300,1,N,0041,1","99999,9,9,N","999999,9,N,9","+0014,1","-0007,1","10095,1","03,0006,9,1","99,0005,9,1",,"0,000","4,1,03,1",,,,,,"3,1,031,1,+999,9","21,1","4,99,0088,1","SYN017333   69967 91117",
"07173099999","1990-12-13T12:00:00","4","48.2","6.4333333","320.0","EPINAL DOGNEVILLE, FR","FM-12","99999","V020","310,1,N,0062,1","99999,9,9,N","999999,9,N,9","+0014,1","-0004,1","10121,1","06,0005,9,1",,,"0,000",,,,,,,"1,1,025,1,+999,9",,"4,99,0098,1","SYN011333   91119",
"07173099999","1990-12-13T15:00:00","4","48.2","6.4333333","320.0","EPINAL DOGNEVILLE, FR","FM-12","99999","V020","320,1,N,0051,1","99999,9,9,N","999999,9,N,9","+0014,1","-0013,1","10154,1","06,0000,9,1",,,"4,000",,,,,,,"1,1,031,1,+999,9",,"4,99,0088,1","SYN011333   91117",
"07173099999","1990-12-13T18:00:00","4","48.2","6.4333333","320.0","EPINAL DOGNEVILLE, FR","FM-12","99999","V020","330,1,N,0051,1","99999,9,9,N","999999,9,N,9","+0012,1","-0017,1","10184,1","99,0005,9,1",,,"0,000",,,,"999,M,+0021,1",,,"1,1,029,1,+999,9",,"4,99,0098,1","SYN017333   10021 91119",
"07173099999","1990-12-13T21:00:00","4","48.2","6.4333333","320.0","EPINAL DOGNEVILLE, FR","FM-12","99999","V020","340,1,N,0031,1","99999,9,9,N","999999,9,N,9","+0008,1","-0021,1","10204,1","06,0000,9,1",,,"4,000",,,,,,,"3,1,018,1,+999,9",,"4,99,0082,1","SYN011333   91116",
"07173099999","1990-12-14T00:00:00","4","48.2","6.4333333","320.0","EPINAL DOGNEVILLE, FR","FM-12","99999","V020","330,1,N,0041,1","99999,9,9,N","999999,9,N,9","+0003,1","-0021,1","10220,1","06,0000,9,1",,,"4,000",,,,,,,"2,1,015,1,+999,9",,"4,99,0082,1","SYN011333   91116",
"07173099999","1990-12-14T03:00:00","4","48.2","6.4333333","320.0","EPINAL DOGNEVILLE, FR","FM-12","99999","V020","350,1,N,0021,1","99999,9,9,N","999999,9,N,9","+0004,1","-0017,1","10228,1","06,0000,9,1",,,"4,000",,,,,,,"2,1,008,1,+999,9",,"4,99,0072,1","SYN011333   91114",
"07173099999","1990-12-14T06:00:00","4","48.2","6.4333333","320.0","EPINAL DOGNEVILLE, FR","FM-12","99999","V020","350,1,N,0021,1","99999,9,9,N","999999,9,N,9","-0009,1","-0025,1","10234,1","06,0000,9,1","24,0006,9,1",,"4,000",,"0000,9","999,+0000,9","999,M,+0021,1","999,N,-0009,1",,"3,1,004,1,+999,9",,"4,99,0072,1","SYN041333   10021 21009 3/000 55000 70006 91114",
"07173099999","1990-12-14T09:00:00","4","48.2","6.4333333","320.0","EPINAL DOGNEVILLE, FR","FM-12","99999","V020","350,1,N,0021,1","99999,9,9,N","999999,9,N,9","+0000,1","-0017,1","10248,1","06,0000,9,1",,,"4,000",,,,,,,"1,1,014,1,+999,9",,"4,99,0051,1","SYN011333   91110",
"07173099999","1990-12-14T15:00:00","4","48.2","6.4333333","320.0","EPINAL DOGNEVILLE, FR","FM-12","99999","V020","350,1,N,0031,1","99999,9,9,N","999999,9,N,9","+0012,1","-0010,1","10245,1","06,0000,9,1",,,"4,000",,,,,,,"5,1,000,1,+999,9",,"4,99,0088,1","SYN011333   91117",
"07173099999","1990-12-14T18:00:00","4","48.2","6.4333333","320.0","EPINAL DOGNEVILLE, FR","FM-12","99999","V020","340,1,N,0031,1","99999,9,9,N","999999,9,N,9","+0007,1","-0015,1","10250,1","06,0000,9,1",,,"4,000",,,,"999,M,+0019,1",,,"2,1,004,1,+999,9",,"4,99,0088,1","SYN017333   10019 91117",
"07173099999","1990-12-14T21:00:00","4","48.2","6.4333333","320.0","EPINAL DOGNEVILLE, FR","FM-12","99999","V020","330,1,N,0031,1","99999,9,9,N","999999,9,N,9","+0006,1","-0013,1","10251,1","06,0000,9,1",,,"4,000",,,,,,,"1,1,001,1,+999,9",,"4,99,0072,1","SYN011333   91114",
"07173099999","1990-12-15T00:00:00","4","48.2","6.4333333","320.0","EPINAL DOGNEVILLE, FR","FM-12","99999","V020","350,1,N,0021,1","99999,9,9,N","999999,9,N,9","-0001,1","-0026,1","10244,1","06,0000,9,1",,,"4,000",,,,,,,"8,1,007,1,+999,9",,"4,99,0072,1","SYN011333   91114",
"07173099999","1990-12-15T03:00:00","4","48.2","6.4333333","320.0","EPINAL DOGNEVILLE, FR","FM-12","99999","V020","320,1,N,0010,1","99999,9,9,N","999999,9,N,9","-0013,1","-0032,1","10241,1","06,0000,9,1",,,"4,000",,,,,,,"7,1,005,1,+999,9",,"4,99,0041,1","SYN011333   91108",
"07173099999","1990-12-15T09:00:00","4","48.2","6.4333333","320.0","EPINAL DOGNEVILLE, FR","FM-12","99999","V020","310,1,N,0010,1","99999,9,9,N","999999,9,N,9","-0019,1","-0039,1","10234,1","06,0000,9,1",,,"4,000",,,,,,,"8,1,004,1,+999,9",,"4,99,0041,1","SYN011333   91108",
"07173099999","1990-12-15T12:00:00","4","48.2","6.4333333","320.0","EPINAL DOGNEVILLE, FR","FM-12","99999","V020","999,1,C,0000,1","99999,9,9,N","999999,9,N,9","-0017,1","-0037,1","10221,1","03,0002,9,1","06,0003,9,1",,"0,000","4,1,06,1",,,,,,"8,1,012,1,+999,9","21,1","4,99,0041,1","SYN017333   69927 91108",
"07173099999","1990-12-15T18:00:00","4","48.2","6.4333333","320.0","EPINAL DOGNEVILLE, FR","FM-12","99999","V020","340,1,N,0021,1","99999,9,9,N","999999,9,N,9","-0021,1","-0037,1","10240,1","99,0010,9,1",,,"0,000",,,,"999,M,-0012,1",,,"3,1,014,1,+999,9",,"4,99,0041,1","SYN017333   11012 91108",
"07173099999","1990-12-15T21:00:00","4","48.2","6.4333333","320.0","EPINAL DOGNEVILLE, FR","FM-12","99999","V020","340,1,N,0021,1","99999,9,9,N","999999,9,N,9","-0021,1","-0043,1","10254,1","06,0000,9,1",,,"4,000",,,,,,,"1,1,013,1,+999,9",,"4,99,0041,1","SYN011333   91108",
"07173099999","1990-12-16T00:00:00","4","48.2","6.4333333","320.0","EPINAL DOGNEVILLE, FR","FM-12","99999","V020","340,1,N,0021,1","99999,9,9,N","999999,9,N,9","-0018,1","-0051,1","10264,1","06,0000,9,1",,,"4,000",,,,,,,"2,1,010,1,+999,9",,"4,99,0051,1","SYN011333   91110",
"07173099999","1990-12-16T03:00:00","4","48.2","6.4333333","320.0","EPINAL DOGNEVILLE, FR","FM-12","99999","V020","350,1,N,0021,1","99999,9,9,N","999999,9,N,9","-0026,1","-0056,1","10274,1","06,0000,9,1",,,"4,000",,,,,,,"1,1,009,1,+999,9",,"4,99,0062,1","SYN011333   91112",
"07173099999","1990-12-16T18:00:00","4","48.2","6.4333333","320.0","EPINAL DOGNEVILLE, FR","FM-12","99999","V020","340,1,N,0041,1","99999,9,9,N","999999,9,N,9","-0019,1","-0046,1","10298,1","06,0000,9,1",,,"4,000",,,,"999,M,-0008,1",,,"3,1,004,1,+999,9",,"4,99,0098,1","SYN017333   11008 91119",
"07173099999","1990-12-16T21:00:00","4","48.2","6.4333333","320.0","EPINAL DOGNEVILLE, FR","FM-12","99999","V020","350,1,N,0041,1","99999,9,9,N","999999,9,N,9","-0012,1","-0045,1","10294,1","06,0000,9,1",,,"4,000",,,,,,,"7,1,003,1,+999,9",,"4,99,0082,1","SYN011333   91116",
"07173099999","1990-12-17T00:00:00","4","48.2","6.4333333","320.0","EPINAL DOGNEVILLE, FR","FM-12","99999","V020","330,1,N,0031,1","99999,9,9,N","999999,9,N,9","-0014,1","-0046,1","10287,1","06,0000,9,1",,,"4,000",,,,,,,"7,1,007,1,+999,9",,"4,99,0082,1","SYN011333   91116",
"07173099999","1990-12-17T03:00:00","4","48.2","6.4333333","320.0","EPINAL DOGNEVILLE, FR","FM-12","99999","V020","340,1,N,0031,1","99999,9,9,N","999999,9,N,9","-0012,1","-0044,1","10276,1","06,0000,9,1",,,"4,000",,,,,,,"8,1,010,1,+999,9",,"4,99,0051,1","SYN011333   91110",
"07173099999","1990-12-17T09:00:00","4","48.2","6.4333333","320.0","EPINAL DOGNEVILLE, FR","FM-12","99999","V020","360,1,N,0031,1","99999,9,9,N","999999,9,N,9","-0022,1","-0048,1","10266,1","06,0000,9,1",,,"4,000",,,,,,,"6,1,004,1,+999,9",,"4,99,0051,1","SYN011333   91110",
"07173099999","1990-12-17T12:00:00","4","48.2","6.4333333","320.0","EPINAL DOGNEVILLE, FR","FM-12","99999","V020","360,1,N,0031,1","99999,9,9,N","999999,9,N,9","-0006,1","-0041,1","10250,1","06,0000,9,1",,,"4,000",,,,,,,"8,1,013,1,+999,9",,"4,99,0062,1","SYN011333   91112",
"07173099999","1990-12-17T18:00:00","4","48.2","6.4333333","320.0","EPINAL DOGNEVILLE, FR","FM-12","99999","V020","360,1,N,0021,1","99999,9,9,N","999999,9,N,9","-0010,1","-0047,1","10230,1","06,0000,9,1",,,"4,000",,,,"999,M,+0000,1",,,"6,1,008,1,+999,9",,"4,99,0062,1","SYN017333   10000 91112",
"07173099999","1990-12-17T21:00:00","4","48.2","6.4333333","320.0","EPINAL DOGNEVILLE, FR","FM-12","99999","V020","030,1,N,0010,1","99999,9,9,N","999999,9,N,9","-0015,1","-0050,1","10222,1","06,0000,9,1",,,"4,000",,,,,,,"7,1,009,1,+999,9",,"4,99,0041,1","SYN011333   91108",
"07173099999","1990-12-18T00:00:00","4","48.2","6.4333333","320.0","EPINAL DOGNEVILLE, FR","FM-12","99999","V020","999,1,C,0000,1","99999,9,9,N","999999,9,N,9","-0069,1","-0087,1","10216,1","06,0000,9,1",,,"4,000",,,,,,,"8,1,014,1,+999,9",,"4,99,0041,1","SYN011333   91108",
"07173099999","1990-12-18T03:00:00","4","48.2","6.4333333","320.0","EPINAL DOGNEVILLE, FR","FM-12","99999","V020","999,1,C,0000,1","99999,9,9,N","999999,9,N,9","-0050,1","-0062,1","10205,1","06,0000,9,1",,,"4,000",,,,,,,"6,1,007,1,+999,9",,"4,99,0021,1","SYN011333   91104",
"07173099999","1990-12-18T06:00:00","4","48.2","6.4333333","320.0","EPINAL DOGNEVILLE, FR","FM-12","99999","V020","999,1,C,0000,1","99999,9,9,N","999999,9,N,9","-0039,1","-0053,1","10201,1","06,0000,9,1",,,"4,000",,"0000,9","999,-0050,9","999,M,+0000,1","999,N,-0079,1",,"5,1,003,1,+999,9",,"4,99,0021,1","SYN035333   10000 21079 3/105 55000 91104",
"07173099999","1990-12-18T09:00:00","4","48.2","6.4333333","320.0","EPINAL DOGNEVILLE, FR","FM-12","99999","V020","999,1,C,0000,1","99999,9,9,N","999999,9,N,9","-0024,1","-0046,1","10202,1","06,0000,9,1",,,"4,000",,,,,,,"3,1,004,1,+999,9",,"4,99,0021,1","SYN011333   91104",
"07173099999","1990-12-18T12:00:00","4","48.2","6.4333333","320.0","EPINAL DOGNEVILLE, FR","FM-12","99999","V020","999,1,C,0000,1","99999,9,9,N","999999,9,N,9","-0003,1","-0042,1","10202,1","06,0000,9,1",,,"4,000",,,,,,,"1,1,003,1,+999,9",,"4,99,0021,1","SYN011333   91104",
"07173099999","1990-12-18T18:00:00","4","48.2","6.4333333","320.0","EPINAL DOGNEVILLE, FR","FM-12","99999","V020","090,1,N,0010,1","99999,9,9,N","999999,9,N,9","-0005,1","-0030,1","10195,1","06,0000,9,1",,,"4,000",,,,"999,M,+0011,1",,,"8,1,002,1,+999,9",,"4,99,0062,1","SYN017333   10011 91112",
"07173099999","1990-12-18T21:00:00","4","48.2","6.4333333","320.0","EPINAL DOGNEVILLE, FR","FM-12","99999","V020","999,1,C,0000,1","99999,9,9,N","999999,9,N,9","-0012,1","-0035,1","10198,1","06,0000,9,1",,,"4,000",,,,,,,"1,1,002,1,+999,9",,"4,99,0041,1","SYN011333   91108",
"07173099999","1990-12-19T00:00:00","4","48.2","6.4333333","320.0","EPINAL DOGNEVILLE, FR","FM-12","99999","V020","999,1,C,0000,1","99999,9,9,N","999999,9,N,9","-0019,1","-0035,1","10200,1","06,0000,9,1",,,"4,000",,,,,,,"0,1,000,1,+999,9",,"4,99,0041,1","SYN011333   91108",
"07173099999","1990-12-19T03:00:00","4","48.2","6.4333333","320.0","EPINAL DOGNEVILLE, FR","FM-12","99999","V020","110,1,N,0010,1","99999,9,9,N","999999,9,N,9","-0018,1","-0032,1","10201,1","06,0000,9,1",,,"4,000",,,,,,,"0,1,002,1,+999,9",,"4,99,0031,1","SYN011333   91106",
"07173099999","1990-12-19T06:00:00","4","48.2","6.4333333","320.0","EPINAL DOGNEVILLE, FR","FM-12","99999","V020","190,1,N,0010,1","99999,9,9,N","999999,9,N,9","-0004,1","-0023,1","10206,1","06,0000,9,1",,,"4,000",,"0066,9","999,-0010,9","999,M,+0011,1","999,N,-0023,1",,"2,1,006,1,+999,9",,"4,99,0041,1","SYN035333   10011 21023 3/101 55011 91108",
"07173099999","1990-12-19T09:00:00","4","48.2","6.4333333","320.0","EPINAL DOGNEVILLE, FR","FM-12","99999","V020","220,1,N,0021,1","99999,9,9,N","999999,9,N,9","-0012,1","-0031,1","10224,1","06,0000,9,1",,,"4,000",,,,,,,"3,1,017,1,+999,9",,"4,99,0051,1","SYN011333   91110",
"07173099999","1990-12-19T12:00:00","4","48.2","6.4333333","320.0","EPINAL DOGNEVILLE, FR","FM-12","99999","V020","250,1,N,0010,1","99999,9,9,N","999999,9,N,9","-0011,1","-0039,1","10236,1","06,0000,9,1",,,"4,000",,,,,,,"1,1,011,1,+999,9",,"4,99,0051,1","SYN011333   91110",
"07173099999","1990-12-19T15:00:00","4","48.2","6.4333333","320.0","EPINAL DOGNEVILLE, FR","FM-12","99999","V020","240,1,N,0010,1","99999,9,9,N","999999,9,N,9","-0019,1","-0046,1","10244,1","06,0000,9,1",,,"4,000",,,,,,,"3,1,007,1,+999,9",,"4,99,0051,1","SYN011333   91110",
"07173099999","1990-12-19T18:00:00","4","48.2","6.4333333","320.0","EPINAL DOGNEVILLE, FR","FM-12","99999","V020","250,1,N,0021,1","99999,9,9,N","999999,9,N,9","-0026,1","-0052,1","10268,1","06,0000,9,1",,,"4,000",,,,"999,M,-0003,1",,,"3,1,022,1,+999,9",,"4,99,0062,1","SYN017333   11003 91112",
"07173099999","1990-12-19T21:00:00","4","48.2","6.4333333","320.0","EPINAL DOGNEVILLE, FR","FM-12","99999","V020","160,1,N,0031,1","99999,9,9,N","999999,9,N,9","-0027,1","-0055,1","10281,1","06,0000,9,1",,,"4,000",,,,,,,"1,1,012,1,+999,9",,"4,99,0051,1","SYN011333   91110",
"07173099999","1990-12-20T00:00:00","4","48.2","6.4333333","320.0","EPINAL DOGNEVILLE, FR","FM-12","99999","V020","160,1,N,0041,1","99999,9,9,N","999999,9,N,9","-0028,1","-0054,1","10289,1","06,0000,9,1",,,"4,000",,,,,,,"2,1,008,1,+999,9",,"4,99,0062,1","SYN011333   91112",
"07173099999","1990-12-20T03:00:00","4","48.2","6.4333333","320.0","EPINAL DOGNEVILLE, FR","FM-12","99999","V020","170,1,N,0041,1","99999,9,9,N","999999,9,N,9","-0027,1","-0050,1","10294,1","06,0000,9,1",,,"4,000",,,,,,,"1,1,005,1,+999,9",,"4,99,0072,1","SYN011333   91114",
"07173099999","1990-12-20T06:00:00","4","48.2","6.4333333","320.0","EPINAL DOGNEVILLE, FR","FM-12","99999","V020","150,1,N,0031,1","99999,9,9,N","999999,9,N,9","-0025,1","-0047,1","10305,1","06,0000,9,1",,,"4,000",,"0000,9","999,-0030,9","999,M,-0003,1","999,N,-0029,1",,"3,1,011,1,+999,9",,"4,99,0082,1","SYN035333   11003 21029 3/103 55000 91116",
"07173099999","1990-12-20T09:00:00","4","48.2","6.4333333","320.0","EPINAL DOGNEVILLE, FR","FM-12","99999","V020","180,1,N,0021,1","99999,9,9,N","999999,9,N,9","-0021,1","-0040,1","10305,1","06,0000,9,1",,,"4,000",,,,,,,"5,1,000,1,+999,9",,"4,99,0072,1","SYN011333   91114",
"07173099999","1990-12-20T12:00:00","4","48.2","6.4333333","320.0","EPINAL DOGNEVILLE, FR","FM-12","99999","V020","140,1,N,0041,1","99999,9,9,N","999999,9,N,9","-0008,1","-0030,1","10291,1","06,0000,9,1",,,"4,000",,,,,,,"8,1,011,1,+999,9",,"4,99,0072,1","SYN011333   91114",
"07173099999","1990-12-20T15:00:00","4","48.2","6.4333333","320.0","EPINAL DOGNEVILLE, FR","FM-12","99999","V020","150,1,N,0041,1","99999,9,9,N","999999,9,N,9","-0008,1","-0030,1","10280,1","06,0000,9,1",,,"4,000",,,,,,,"6,1,011,1,+999,9",,"4,99,0082,1","SYN011333   91116",
"07173099999","1990-12-20T18:00:00","4","48.2","6.4333333","320.0","EPINAL DOGNEVILLE, FR","FM-12","99999","V020","160,1,N,0051,1","99999,9,9,N","999999,9,N,9","-0006,1","-0026,1","10268,1","06,0000,9,1",,,"4,000",,,,"999,M,-0002,1",,,"8,1,011,1,+999,9",,"4,99,0088,1","SYN017333   11002 91117",
"07173099999","1990-12-20T21:00:00","4","48.2","6.4333333","320.0","EPINAL DOGNEVILLE, FR","FM-12","99999","V020","150,1,N,0082,1","99999,9,9,N","999999,9,N,9","-0009,1","-0028,1","10256,1","06,0000,9,1",,,"4,000",,,,,,,"8,1,012,1,+999,9",,"4,99,0108,1","SYN011333   91121",
"07173099999","1990-12-21T00:00:00","4","48.2","6.4333333","320.0","EPINAL DOGNEVILLE, FR","FM-12","99999","V020","160,1,N,0082,1","99999,9,9,N","999999,9,N,9","-0013,1","-0032,1","10239,1","06,0000,9,1",,,"4,000",,,,,,,"8,1,017,1,+999,9",,"4,99,0149,1","SYN011333   91129",
"07173099999","1990-12-21T03:00:00","4","48.2","6.4333333","320.0","EPINAL DOGNEVILLE, FR","FM-12","99999","V020","170,1,N,0082,1","99999,9,9,N","999999,9,N,9","-0009,1","-0025,1","10216,1","06,0000,9,1",,,"4,000",,,,,,,"6,1,022,1,+999,9",,"4,99,0149,1","SYN011333   91129",
"07173099999","1990-12-21T06:00:00","4","48.2","6.4333333","320.0","EPINAL DOGNEVILLE, FR","FM-12","99999","V020","160,1,N,0082,1","99999,9,9,N","999999,9,N,9","-0009,1","-0019,1","10212,1","03,0006,9,1","24,0006,9,1","99,0005,9,1","0,000","4,1,06,1","0000,9","999,-0010,9","999,M,-0002,1","999,N,-0014,1",,"6,1,003,1,+999,9","41,1","4,99,0170,1","SYN047333   11002 21014 3/101 55000 69967 70006 91133",
"07173099999","1990-12-21T12:00:00","4","48.2","6.4333333","320.0","EPINAL DOGNEVILLE, FR","FM-12","99999","V020","160,1,N,0051,1","99999,9,9,N","999999,9,N,9","+0001,1","-0003,1","10219,1","03,0010,9,1","06,0010,9,1",,"0,000","4,1,06,1",,,,,,"0,1,001,1,+999,9","41,1","4,99,0139,1","SYN017333   60017 91127",
"07173099999","1990-12-21T15:00:00","4","48.2","6.4333333","320.0","EPINAL DOGNEVILLE, FR","FM-12","99999","V020","150,1,N,0062,1","99999,9,9,N","999999,9,N,9","+0006,1","+0006,1","10222,1","03,0010,9,1",,,"0,000","4,1,03,1",,,,,,"3,1,004,1,+999,9","21,1","4,99,0088,1","SYN017333   60017 91117",
"07173099999","1990-12-21T18:00:00","4","48.2","6.4333333","320.0","EPINAL DOGNEVILLE, FR","FM-12","99999","V020","150,1,N,0041,1","99999,9,9,N","999999,9,N,9","+0012,1","+9999,9","10237,1","03,0010,9,1",,,"0,000","4,1,06,1",,,"999,M,+0012,1",,,"1,1,014,1,+999,9","21,1","4,99,0098,1","SYN023333   10012 60017 91119",
"07173099999","1990-12-21T21:00:00","4","48.2","6.4333333","320.0","EPINAL DOGNEVILLE, FR","FM-12","99999","V020","150,1,N,0041,1","99999,9,9,N","999999,9,N,9","+0015,1","+9999,9","10247,1","03,0004,9,1","99,0005,9,1",,"0,000","4,1,03,1",,,,,,"2,1,010,1,+999,9","21,1","4,99,0082,1","SYN017333   69947 91116",
"07173099999","1990-12-22T00:00:00","4","48.2","6.4333333","320.0","EPINAL DOGNEVILLE, FR","FM-12","99999","V020","140,1,N,0031,1","99999,9,9,N","999999,9,N,9","+0019,1","+9999,9","10251,1","03,0002,9,1","06,0003,9,1",,"0,000",,,,,,,"3,1,004,1,+999,9",,"4,99,0082,1","SYN017333   69927 91116",
"07173099999","1990-12-22T03:00:00","4","48.2","6.4333333","320.0","EPINAL DOGNEVILLE, FR","FM-12","99999","V020","150,1,N,0041,1","99999,9,9,N","999999,9,N,9","+0021,1","+9999,9","10251,1","03,0002,9,1","99,0003,9,1",,"0,000",,,,,,,"3,1,001,1,+999,9",,"4,99,0082,1","SYN017333   69927 91116",
"07173099999","1990-12-22T06:00:00","4","48.2","6.4333333","320.0","EPINAL DOGNEVILLE, FR","FM-12","99999","V020","140,1,N,0041,1","99999,9,9,N","999999,9,N,9","+0025,1","+9999,9","10252,1","03,0002,9,1","24,0054,9,1","99,0003,9,1","0,000",,"0000,9","999,+0000,9","999,M,+9999,9","999,N,+0012,1",,"3,1,001,1,+999,9",,"4,99,0082,1","SYN047333   10012 20012 3/000 55000 69927 70054 91116","Q01 +00122ATMX  "
"07173099999","1990-12-22T09:00:00","4","48.2","6.4333333","320.0","EPINAL DOGNEVILLE, FR","FM-12","99999","V020","150,1,N,0031,1","99999,9,9,N","999999,9,N,9","+0028,1","+9999,9","10265,1","06,0000,9,1",,,"4,000",,,,,,,"2,1,013,1,+999,9",,"4,99,0072,1","SYN011333   91114",
"07173099999","1990-12-22T12:00:00","4","48.2","6.4333333","320.0","EPINAL DOGNEVILLE, FR","FM-12","99999","V020","140,1,N,0031,1","99999,9,9,N","999999,9,N,9","+0032,1","+9999,9","10266,1","06,0000,9,1",,,"4,000",,,,,,,"0,1,001,1,+999,9",,"4,99,0072,1","SYN011333   91114",
"07173099999","1990-12-22T15:00:00","4","48.2","6.4333333","320.0","EPINAL DOGNEVILLE, FR","FM-12","99999","V020","150,1,N,0021,1","99999,9,9,N","999999,9,N,9","+0031,1","+9999,9","10269,1","06,0000,9,1",,,"4,000",,,,,,,"3,1,003,1,+999,9",,"4,99,0051,1","SYN011333   91110",
"07173099999","1990-12-22T18:00:00","4","48.2","6.4333333","320.0","EPINAL DOGNEVILLE, FR","FM-12","99999","V020","130,1,N,0021,1","99999,9,9,N","999999,9,N,9","+0032,1","+9999,9","10278,1","06,0000,9,1",,,"4,000",,,,"999,M,+0035,1",,,"1,1,009,1,+999,9",,"4,99,0051,1","SYN017333   10035 91110",
"07173099999","1990-12-22T21:00:00","4","48.2","6.4333333","320.0","EPINAL DOGNEVILLE, FR","FM-12","99999","V020","999,1,C,0000,1","99999,9,9,N","999999,9,N,9","+0024,1","+9999,9","10277,1","06,0000,9,1",,,"4,000",,,,,,,"8,1,002,1,+999,9",,"4,99,0041,1","SYN011333   91108",
"07173099999","1990-12-23T00:00:00","4","48.2","6.4333333","320.0","EPINAL DOGNEVILLE, FR","FM-12","99999","V020","160,1,N,0010,1","99999,9,9,N","999999,9,N,9","+0021,1","+9999,9","10270,1","06,0000,9,1",,,"4,000",,,,,,,"8,1,007,1,+999,9",,"4,99,0041,1","SYN011333   91108",
"07173099999","1990-12-23T03:00:00","4","48.2","6.4333333","320.0","EPINAL DOGNEVILLE, FR","FM-12","99999","V020","999,1,C,0000,1","99999,9,9,N","999999,9,N,9","+0016,1","+9999,9","10263,1","06,0000,9,1",,,"4,000",,,,,,,"8,1,007,1,+999,9",,"4,99,0021,1","SYN011333   91104",
"07173099999","1990-12-23T06:00:00","4","48.2","6.4333333","320.0","EPINAL DOGNEVILLE, FR","FM-12","99999","V020","999,1,C,0000,1","99999,9,9,N","999999,9,N,9","+0013,1","+9999,9","10261,1","06,0000,9,1",,,"4,000",,"0000,9","999,+0000,9","999,M,+0035,1","999,N,+0013,1",,"5,1,003,1,+999,9",,"4,99,0021,1","SYN035333   10035 20013 3/000 55000 91104",
"07173099999","1990-12-23T09:00:00","4","48.2","6.4333333","320.0","EPINAL DOGNEVILLE, FR","FM-12","99999","V020","330,1,N,0010,1","99999,9,9,N","999999,9,N,9","+0017,1","+9999,9","10257,1","06,0000,9,1",,,"4,000",,,,,,,"8,1,003,1,+999,9",,"4,99,0021,1","SYN011333   91104",
"07173099999","1990-12-23T12:00:00","4","48.2","6.4333333","320.0","EPINAL DOGNEVILLE, FR","FM-12","99999","V020","999,1,C,0000,1","99999,9,9,N","999999,9,N,9","+0030,1","+9999,9","10245,1","06,0000,9,1",,,"4,000",,,,,,,"8,1,010,1,+999,9",,"4,99,0021,1","SYN011333   91104",
"07173099999","1990-12-23T15:00:00","4","48.2","6.4333333","320.0","EPINAL DOGNEVILLE, FR","FM-12","99999","V020","999,1,C,0000,1","99999,9,9,N","999999,9,N,9","+0027,1","+0006,1","10238,1","06,0000,9,1",,,"4,000",,,,,,,"6,1,006,1,+999,9",,"4,99,0021,1","SYN011333   91104",
"07173099999","1990-12-23T18:00:00","4","48.2","6.4333333","320.0","EPINAL DOGNEVILLE, FR","FM-12","99999","V020","999,1,C,0000,1","99999,9,9,N","999999,9,N,9","+0018,1","+0000,1","10233,1","06,0000,9,1",,,"4,000",,,,"999,M,+0036,1",,,"7,1,006,1,+999,9",,"4,99,0021,1","SYN017333   10036 91104",
"07173099999","1990-12-23T21:00:00","4","48.2","6.4333333","320.0","EPINAL DOGNEVILLE, FR","FM-12","99999","V020","999,1,C,0000,1","99999,9,9,N","999999,9,N,9","+0015,1","-0001,1","10223,1","06,0000,9,1",,,"4,000",,,,,,,"6,1,010,1,+999,9",,"4,99,0021,1","SYN011333   91104",
"07173099999","1990-12-24T00:00:00","4","48.2","6.4333333","320.0","EPINAL DOGNEVILLE, FR","FM-12","99999","V020","999,1,C,0000,1","99999,9,9,N","999999,9,N,9","+0013,1","-0003,1","10219,1","06,0000,9,1",,,"4,000",,,,,,,"7,1,005,1,+999,9",,"4,99,0031,1","SYN011333   91106",
"07173099999","1990-12-24T03:00:00","4","48.2","6.4333333","320.0","EPINAL DOGNEVILLE, FR","FM-12","99999","V020","120,1,N,0010,1","99999,9,9,N","999999,9,N,9","+0007,1","-0007,1","10209,1","06,0000,9,1",,,"4,000",,,,,,,"8,1,010,1,+999,9",,"4,99,0031,1","SYN011333   91106",
"07173099999","1990-12-24T06:00:00","4","48.2","6.4333333","320.0","EPINAL DOGNEVILLE, FR","FM-12","99999","V020","999,1,C,0000,1","99999,9,9,N","999999,9,N,9","-0001,1","-0015,1","10201,1","06,0000,9,1",,,"4,000",,"0000,9","999,+0000,9","999,M,+0036,1","999,N,-0001,1",,"6,1,009,1,+999,9",,"4,99,0041,1","SYN035333   10036 21001 3/000 55000 91108",
"07173099999","1990-12-24T09:00:00","4","48.2","6.4333333","320.0","EPINAL DOGNEVILLE, FR","FM-12","99999","V020","120,1,N,0010,1","99999,9,9,N","999999,9,N,9","-0006,1","-0017,1","10197,1","06,0000,9,1",,,"4,000",,,,,,,"8,1,004,1,+999,9",,"4,99,0031,1","SYN011333   91106",
"07173099999","1990-12-24T12:00:00","4","48.2","6.4333333","320.0","EPINAL DOGNEVILLE, FR","FM-12","99999","V020","999,1,C,0000,1","99999,9,9,N","999999,9,N,9","+0002,1","-0008,1","10194,1","06,0000,9,1",,,"4,000",,,,,,,"8,1,002,1,+999,9",,"4,99,0031,1","SYN011333   91106",
"07173099999","1990-12-24T15:00:00","4","48.2","6.4333333","320.0","EPINAL DOGNEVILLE, FR","FM-12","99999","V020","220,1,N,0010,1","99999,9,9,N","999999,9,N,9","+0011,1","-0005,1","10193,1","06,0000,9,1",,,"4,000",,,,,,,"5,1,000,1,+999,9",,"4,99,0031,1","SYN011333   91106",
"07173099999","1990-12-24T18:00:00","4","48.2","6.4333333","320.0","EPINAL DOGNEVILLE, FR","FM-12","99999","V020","999,1,C,0000,1","99999,9,9,N","999999,9,N,9","-0005,1","-0015,1","10208,1","06,0000,9,1",,,"4,000",,,,"999,M,+0017,1",,,"1,1,012,1,+999,9",,"4,99,0062,1","SYN017333   10017 91112",
"07173099999","1990-12-24T21:00:00","4","48.2","6.4333333","320.0","EPINAL DOGNEVILLE, FR","FM-12","99999","V020","140,1,N,0010,1","99999,9,9,N","999999,9,N,9","-0010,1","-0018,1","10214,1","06,0000,9,1",,,"4,000",,,,,,,"0,1,006,1,+999,9",,"4,99,0041,1","SYN011333   91108",
"07173099999","1990-12-25T00:00:00","4","48.2","6.4333333","320.0","EPINAL DOGNEVILLE, FR","FM-12","99999","V020","210,1,N,0031,1","99999,9,9,N","999999,9,N,9","-0013,1","-0021,1","10220,1","06,0000,9,1",,,"4,000",,,,,,,"1,1,005,1,+999,9",,"4,99,0051,1","SYN011333   91110",
"07173099999","1990-12-25T03:00:00","4","48.2","6.4333333","320.0","EPINAL DOGNEVILLE, FR","FM-12","99999","V020","999,1,C,0000,1","99999,9,9,N","999999,9,N,9","-0006,1","-0016,1","10213,1","06,0000,9,1",,,"4,000",,,,,,,"8,1,006,1,+999,9",,"4,99,0041,1","SYN011333   91108",
"07173099999","1990-12-25T06:00:00","4","48.2","6.4333333","320.0","EPINAL DOGNEVILLE, FR","FM-12","99999","V020","180,1,N,0031,1","99999,9,9,N","999999,9,N,9","+0004,1","-0007,1","10198,1","06,0000,9,1",,,"4,000",,"0024,9","999,+0000,9","999,M,+0017,1","999,N,-0013,1",,"6,1,013,1,+999,9",,"4,99,0041,1","SYN035333   10017 21013 3/000 55004 91108",
"07173099999","1990-12-25T09:00:00","4","48.2","6.4333333","320.0","EPINAL DOGNEVILLE, FR","FM-12","99999","V020","130,1,N,0031,1","99999,9,9,N","999999,9,N,9","+0017,1","+0004,1","10191,1","06,0000,9,1",,,"4,000",,,,,,,"8,1,005,1,+999,9",,"4,99,0062,1","SYN011333   91112",
"07173099999","1990-12-25T12:00:00","4","48.2","6.4333333","320.0","EPINAL DOGNEVILLE, FR","FM-12","99999","V020","130,1,N,0051,1","99999,9,9,N","999999,9,N,9","+0028,1","+0009,1","10153,1","06,0000,9,1",,,"4,000",,,,,,,"8,1,035,1,+999,9",,"4,99,0088,1","SYN011333   91117",
"07173099999","1990-12-25T15:00:00","4","48.2","6.4333333","320.0","EPINAL DOGNEVILLE, FR","FM-12","99999","V020","150,1,N,0051,1","99999,9,9,N","999999,9,N,9","+0038,1","+0012,1","10114,1","06,0000,9,1",,,"4,000",,,,,,,"8,1,036,1,+999,9",,"4,99,0108,1","SYN011333   91121",
"07173099999","1990-12-25T18:00:00","4","48.2","6.4333333","320.0","EPINAL DOGNEVILLE, FR","FM-12","99999","V020","160,1,N,0062,1","99999,9,9,N","999999,9,N,9","+0053,1","+0007,1","10085,1","06,0000,9,1",,,"4,000",,,,"999,M,+0054,1",,,"7,1,026,1,+999,9",,"4,99,0118,1","SYN017333   10054 91123",
"07173099999","1990-12-25T21:00:00","4","48.2","6.4333333","320.0","EPINAL DOGNEVILLE, FR","FM-12","99999","V020","150,1,N,0087,1","99999,9,9,N","999999,9,N,9","+0036,1","+0013,1","10080,1","03,0020,9,1",,,"0,000","4,1,03,1",,,,,,"6,1,007,1,+999,9","41,1","4,99,0149,1","SYN017333   60027 91129",
"07173099999","1990-12-26T00:00:00","4","48.2","6.4333333","320.0","EPINAL DOGNEVILLE, FR","FM-12","99999","V020","160,1,N,0087,1","99999,9,9,N","999999,9,N,9","+0033,1","+0015,1","10087,1","03,0050,9,1","06,0050,9,1",,"0,000","4,1,06,1",,,,,,"1,1,006,1,+999,9","21,1","4,99,0149,1","SYN017333   60057 91129",
"07173099999","1990-12-26T03:00:00","4","48.2","6.4333333","320.0","EPINAL DOGNEVILLE, FR","FM-12","99999","V020","190,1,N,0051,1","99999,9,9,N","999999,9,N,9","+0032,1","+0014,1","10117,1","03,0010,9,1",,,"0,000",,,,,,,"3,1,029,1,+999,9",,"4,99,0129,1","SYN017333   60017 91125",
"07173099999","1990-12-26T06:00:00","4","48.2","6.4333333","320.0","EPINAL DOGNEVILLE, FR","FM-12","99999","V020","160,1,N,0031,1","99999,9,9,N","999999,9,N,9","+0027,1","+0008,1","10142,1","24,0076,9,1",,,"0,000",,"0000,9","999,+0000,9","999,M,+0054,1","999,N,+0027,1",,"1,1,023,1,+999,9",,"4,99,0129,1","SYN041333   10054 20027 3/000 55000 70076 91125",
"07173099999","1990-12-26T09:00:00","4","48.2","6.4333333","320.0","EPINAL DOGNEVILLE, FR","FM-12","99999","V020","160,1,N,0051,1","99999,9,9,N","999999,9,N,9","+0029,1","+0008,1","10159,1","06,0000,9,1",,,"4,000",,,,,,,"1,1,017,1,+999,9",,"4,99,0088,1","SYN011333   91117",
"07173099999","1990-12-26T12:00:00","4","48.2","6.4333333","320.0","EPINAL DOGNEVILLE, FR","FM-12","99999","V020","160,1,N,0062,1","99999,9,9,N","999999,9,N,9","+0037,1","+0006,1","10137,1","06,0000,9,1",,,"4,000",,,,,,,"8,1,020,1,+999,9",,"4,99,0118,1","SYN011333   91123",
"07173099999","1990-12-26T15:00:00","4","48.2","6.4333333","320.0","EPINAL DOGNEVILLE, FR","FM-12","99999","V020","150,1,N,0072,1","99999,9,9,N","999999,9,N,9","+0040,1","+0005,1","10096,1","06,0000,9,1",,,"4,000",,,,,,,"6,1,039,1,+999,9",,"4,99,0129,1","SYN011333   91125",
"07173099999","1990-12-26T18:00:00","4","48.2","6.4333333","320.0","EPINAL DOGNEVILLE, FR","FM-12","99999","V020","160,1,N,0108,1","99999,9,9,N","999999,9,N,9","+0039,1","+0001,1","10051,1","06,0000,9,1",,,"4,000",,,,"999,M,+0043,1",,,"6,1,044,1,+999,9",,"4,99,0190,1","SYN017333   10043 91137",
"07173099999","1990-12-26T21:00:00","4","48.2","6.4333333","320.0","EPINAL DOGNEVILLE, FR","FM-12","99999","V020","150,1,N,0118,1","99999,9,9,N","999999,9,N,9","+0033,1","+0015,1","10024,1","03,0040,9,1",,,"0,000","4,1,03,1",,,,,,"8,1,026,1,+999,9","21,1","4,99,0201,1","SYN017333   60047 91139",
"07173099999","1990-12-27T00:00:00","4","48.2","6.4333333","320.0","EPINAL DOGNEVILLE, FR","FM-12","99999","V020","170,1,N,0087,1","99999,9,9,N","999999,9,N,9","+0049,1","+0032,1","10029,1","03,0006,9,2","06,0005,9,2",,"0,000","4,1,06,1",,,,,,"3,1,007,1,+999,9","21,1","4,99,0221,1","SYN017333   69967 91143",
"07173099999","1990-12-27T03:00:00","4","48.2","6.4333333","320.0","EPINAL DOGNEVILLE, FR","FM-12","99999","V020","180,1,N,0051,1","99999,9,9,N","999999,9,N,9","+0044,1","+0029,1","10054,1","03,0030,9,1",,,"0,000","4,1,03,1",,,,,,"3,1,023,1,+999,9","41,1","4,99,0180,1","SYN017333   60037 91135",
"07173099999","1990-12-27T06:00:00","4","48.2","6.4333333","320.0","EPINAL DOGNEVILLE, FR","FM-12","99999","V020","160,1,N,0041,1","99999,9,9,N","999999,9,N,9","+0047,1","+0029,1","10074,1","03,0006,9,1","24,0086,9,1","99,0005,9,1","0,000",,"0084,9","999,+0010,9","999,M,+0043,1","999,N,+0023,1",,"3,1,020,1,+999,9",,"4,99,0180,1","SYN047333   10043 20023 3/001 55014 69967 70086 91135",
"07173099999","1990-12-27T09:00:00","4","48.2","6.4333333","320.0","EPINAL DOGNEVILLE, FR","FM-12","99999","V020","170,1,N,0051,1","99999,9,9,N","999999,9,N,9","+0048,1","+0027,1","10101,1","06,0000,9,1",,,"4,000",,,,,,,"3,1,026,1,+999,9",,"4,99,0088,1","SYN011333   91117",
"07173099999","1990-12-27T12:00:00","4","48.2","6.4333333","320.0","EPINAL DOGNEVILLE, FR","FM-12","99999","V020","160,1,N,0072,1","99999,9,9,N","999999,9,N,9","+0065,1","+0024,1","10103,1","06,0000,9,1",,,"4,000",,,,,,,"0,1,004,1,+999,9",,"4,99,0108,1","SYN011333   91121",
"07173099999","1990-12-27T15:00:00","4","48.2","6.4333333","320.0","EPINAL DOGNEVILLE, FR","FM-12","99999","V020","170,1,N,0072,1","99999,9,9,N","999999,9,N,9","+0053,1","+0020,1","10105,1","03,0002,9,1","99,0003,9,1",,"0,000","4,1,03,1",,,,,,"5,1,000,1,+999,9","21,1","4,99,0139,1","SYN017333   69927 91127",
"07173099999","1990-12-27T18:00:00","4","48.2","6.4333333","320.0","EPINAL DOGNEVILLE, FR","FM-12","99999","V020","220,1,N,0062,1","99999,9,9,N","999999,9,N,9","+0032,1","+0008,1","10147,1","03,0020,9,1",,,"0,000","4,1,06,1",,,"999,M,+0071,1",,,"1,1,038,1,+999,9","21,1","4,99,0180,1","SYN023333   10071 60027 91135",
"07173099999","1990-12-27T21:00:00","4","48.2","6.4333333","320.0","EPINAL DOGNEVILLE, FR","FM-12","99999","V020","170,1,N,0031,1","99999,9,9,N","999999,9,N,9","+0013,1","-0008,1","10185,1","06,0000,9,1",,,"4,000",,,,,,,"1,1,034,1,+999,9",,"4,99,0082,1","SYN011333   91116",
"07173099999","1990-12-28T00:00:00","4","48.2","6.4333333","320.0","EPINAL DOGNEVILLE, FR","FM-12","99999","V020","160,1,N,0031,1","99999,9,9,N","999999,9,N,9","+0011,1","-0008,1","10206,1","06,0000,9,1",,,"4,000",,,,,,,"2,1,020,1,+999,9",,"4,99,0082,1","SYN011333   91116",
"07173099999","1990-12-28T03:00:00","4","48.2","6.4333333","320.0","EPINAL DOGNEVILLE, FR","FM-12","99999","V020","170,1,N,0041,1","99999,9,9,N","999999,9,N,9","+0012,1","-0004,1","10216,1","06,0000,9,1",,,"4,000",,,,,,,"3,1,009,1,+999,9",,"4,99,0072,1","SYN011333   91114",
"07173099999","1990-12-28T06:00:00","4","48.2","6.4333333","320.0","EPINAL DOGNEVILLE, FR","FM-12","99999","V020","140,1,N,0021,1","99999,9,9,N","999999,9,N,9","+0013,1","-0002,1","10218,1","06,0000,9,1","24,0026,9,1",,"4,000",,"0126,9","999,-0020,9","999,M,+0071,1","999,N,+0007,1",,"3,1,002,1,+999,9",,"4,99,0072,1","SYN041333   10071 20007 3/102 55021 70026 91114",
"07173099999","1990-12-28T09:00:00","4","48.2","6.4333333","320.0","EPINAL DOGNEVILLE, FR","FM-12","99999","V020","160,1,N,0041,1","99999,9,9,N","999999,9,N,9","+0019,1","+0001,1","10223,1","06,0000,9,1",,,"4,000",,,,,,,"0,1,006,1,+999,9",,"4,99,0088,1","SYN011333   91117",
"07173099999","1990-12-28T12:00:00","4","48.2","6.4333333","320.0","EPINAL DOGNEVILLE, FR","FM-12","99999","V020","170,1,N,0051,1","99999,9,9,N","999999,9,N,9","+0033,1","+0009,1","10210,1","06,0000,9,1",,,"4,000",,,,,,,"8,1,011,1,+999,9",,"4,99,0118,1","SYN011333   91123",
"07173099999","1990-12-28T15:00:00","4","48.2","6.4333333","320.0","EPINAL DOGNEVILLE, FR","FM-12","99999","V020","150,1,N,0051,1","99999,9,9,N","999999,9,N,9","+0046,1","+0011,1","10186,1","06,0000,9,1",,,"4,000",,,,,,,"8,1,021,1,+999,9",,"4,99,0108,1","SYN011333   91121",
"07173099999","1990-12-28T18:00:00","4","48.2","6.4333333","320.0","EPINAL DOGNEVILLE, FR","FM-12","99999","V020","160,1,N,0062,1","99999,9,9,N","999999,9,N,9","+0043,1","+0001,1","10180,1","06,0000,9,1",,,"4,000",,,,"999,M,+0048,1",,,"5,1,006,1,+999,9",,"4,99,0108,1","SYN017333   10048 91121",
"07173099999","1990-12-28T21:00:00","4","48.2","6.4333333","320.0","EPINAL DOGNEVILLE, FR","FM-12","99999","V020","150,1,N,0072,1","99999,9,9,N","999999,9,N,9","+0046,1","-0010,1","10164,1","06,0000,9,1",,,"4,000",,,,,,,"6,1,015,1,+999,9",,"4,99,0118,1","SYN011333   91123",
"07173099999","1990-12-29T00:00:00","4","48.2","6.4333333","320.0","EPINAL DOGNEVILLE, FR","FM-12","99999","V020","150,1,N,0082,1","99999,9,9,N","999999,9,N,9","+0038,1","+0020,1","10154,1","03,0002,9,1","06,0003,9,1",,"0,000","4,1,06,1",,,,,,"6,1,011,1,+999,9","21,1","4,99,0160,1","SYN017333   69927 91131",
"07173099999","1990-12-29T03:00:00","4","48.2","6.4333333","320.0","EPINAL DOGNEVILLE, FR","FM-12","99999","V020","160,1,N,0082,1","99999,9,9,N","999999,9,N,9","+0057,1","+0040,1","10146,1","06,0000,9,1",,,"4,000",,,,,,,"6,1,005,1,+999,9",,"4,99,0160,1","SYN011333   91131",
"07173099999","1990-12-29T06:00:00","4","48.2","6.4333333","320.0","EPINAL DOGNEVILLE, FR","FM-12","99999","V020","150,1,N,0082,1","99999,9,9,N","999999,9,N,9","+0062,1","+0042,1","10147,1","03,0020,9,1","24,0020,9,1",,"0,000","4,1,06,1","0126,9","999,+0030,9","999,M,+9999,9","999,N,+0037,1",,"0,1,002,1,+999,9","21,1","4,99,0160,1","SYN047333   10048 20037 3/003 55021 60027 70020 91131","Q01 +00482ATMX  "
"07173099999","1990-12-29T09:00:00","4","48.2","6.4333333","320.0","EPINAL DOGNEVILLE, FR","FM-12","99999","V020","160,1,N,0072,1","99999,9,9,N","999999,9,N,9","+0071,1","+0056,1","10148,1","03,0040,9,1",,,"0,000","4,1,03,1",,,,,,"3,1,002,1,+999,9","21,1","4,99,0149,1","SYN017333   60047 91129",
"07173099999","1990-12-29T12:00:00","4","48.2","6.4333333","320.0","EPINAL DOGNEVILLE, FR","FM-12","99999","V020","160,1,N,0087,1","99999,9,9,N","999999,9,N,9","+0095,1","+0071,1","10136,1","03,0010,9,1","06,0010,9,1",,"0,000",,,,,,,"8,1,008,1,+999,9",,"4,99,0180,1","SYN017333   60017 91135",
"07173099999","1990-12-29T21:00:00","4","48.2","6.4333333","320.0","EPINAL DOGNEVILLE, FR","FM-12","99999","V020","170,1,N,0072,1","99999,9,9,N","999999,9,N,9","+0092,1","+0072,1","10158,1","03,0006,9,1","99,0005,9,1",,"0,000","4,1,03,1",,,,,,"3,1,013,1,+999,9","21,1","4,99,0180,1","SYN017333   69967 91135",
"07173099999","1990-12-30T00:00:00","4","48.2","6.4333333","320.0","EPINAL DOGNEVILLE, FR","FM-12","99999","V020","160,1,N,0082,1","99999,9,9,N","999999,9,N,9","+0112,1","+0071,1","10161,1","03,0002,9,1","06,0003,9,1",,"0,000",,,,,,,"3,1,006,1,+999,9",,"4,99,0190,1","SYN017333   69927 91137",
"07173099999","1990-12-30T03:00:00","4","48.2","6.4333333","320.0","EPINAL DOGNEVILLE, FR","FM-12","99999","V020","170,1,N,0072,1","99999,9,9,N","999999,9,N,9","+0095,1","+0076,1","10177,1","03,0010,9,1",,,"0,000","4,1,03,1",,,,,,"0,1,013,1,+999,9","21,1","4,99,0160,1","SYN017333   60017 91131",
"07173099999","1990-12-30T06:00:00","4","48.2","6.4333333","320.0","EPINAL DOGNEVILLE, FR","FM-12","99999","V020","170,1,N,0062,1","99999,9,9,N","999999,9,N,9","+0087,1","+0072,1","10203,1","03,0050,9,1","24,0130,9,1",,"0,000","4,1,06,1","0000,9","999,+0080,9","999,M,+0102,1","999,N,+0087,1",,"1,1,024,1,+999,9","41,1","4,99,0160,1","SYN047333   10102 20087 3/008 55000 60057 70130 91131",
"07173099999","1990-12-30T09:00:00","4","48.2","6.4333333","320.0","EPINAL DOGNEVILLE, FR","FM-12","99999","V020","190,1,N,0031,1","99999,9,9,N","999999,9,N,9","+0083,1","+0068,1","10229,1","03,0030,9,1",,,"0,000","4,1,03,1",,,,,,"2,1,024,1,+999,9","21,1","4,99,0088,1","SYN017333   60037 91117",
"07173099999","1990-12-30T12:00:00","4","48.2","6.4333333","320.0","EPINAL DOGNEVILLE, FR","FM-12","99999","V020","170,1,N,0021,1","99999,9,9,N","999999,9,N,9","+0071,1","+0060,1","10239,1","03,0030,9,1","06,0030,9,1",,"0,000","4,1,06,1",,,,,,"1,1,008,1,+999,9","41,1","4,99,0088,1","SYN017333   60037 91117",
"07173099999","1990-12-30T15:00:00","4","48.2","6.4333333","320.0","EPINAL DOGNEVILLE, FR","FM-12","99999","V020","999,1,C,0000,1","99999,9,9,N","999999,9,N,9","+0072,1","+0060,1","10237,1","03,0020,9,1",,,"0,000","4,1,03,1",,,,,,"5,1,002,1,+999,9","21,1","4,99,0051,1","SYN017333   60027 91110",
"07173099999","1990-12-30T18:00:00","4","48.2","6.4333333","320.0","EPINAL DOGNEVILLE, FR","FM-12","99999","V020","150,1,N,0021,1","99999,9,9,N","999999,9,N,9","+0069,1","+0058,1","10243,1","03,0030,9,1",,,"0,000","4,1,06,1",,,"999,M,+0088,1",,,"1,1,005,1,+999,9","21,1","4,99,0051,1","SYN023333   10088 60037 91110",
"07173099999","1990-12-30T21:00:00","4","48.2","6.4333333","320.0","EPINAL DOGNEVILLE, FR","FM-12","99999","V020","999,1,C,0000,1","99999,9,9,N","999999,9,N,9","+0064,1","+0057,1","10243,1","03,0010,9,1",,,"0,000","4,1,03,1",,,,,,"0,1,000,1,+999,9","41,1","4,99,0031,1","SYN017333   60017 91106",
"07173099999","1990-12-31T00:00:00","4","48.2","6.4333333","320.0","EPINAL DOGNEVILLE, FR","FM-12","99999","V020","130,1,N,0010,1","99999,9,9,N","999999,9,N,9","+0060,1","+0053,1","10247,1","03,0004,9,1","06,0005,9,1",,"0,000","4,1,06,1",,,,,,"0,1,003,1,+999,9","21,1","4,99,0031,1","SYN017333   69947 91106",
"07173099999","1990-12-31T03:00:00","4","48.2","6.4333333","320.0","EPINAL DOGNEVILLE, FR","FM-12","99999","V020","999,1,C,0000,1","99999,9,9,N","999999,9,N,9","+0053,1","+0046,1","10241,1","06,0000,9,1",,,"4,000",,,,,,,"6,1,007,1,+999,9",,"4,99,0031,1","SYN011333   91106",
"07173099999","1990-12-31T06:00:00","4","48.2","6.4333333","320.0","EPINAL DOGNEVILLE, FR","FM-12","99999","V020","999,1,C,0000,1","99999,9,9,N","999999,9,N,9","+0040,1","+0033,1","10229,1","24,0122,9,1","99,0020,9,1",,"0,000",,"0000,9","999,+0010,9","999,M,+0088,1","999,N,+0040,1",,"6,1,013,1,+999,9",,"4,99,0031,1","SYN041333   10088 20040 3/001 55000 70122 91106",
"07173099999","1990-12-31T09:00:00","4","48.2","6.4333333","320.0","EPINAL DOGNEVILLE, FR","FM-12","99999","V020","100,1,N,0010,1","99999,9,9,N","999999,9,N,9","+0056,1","+0050,1","10212,1","06,0000,9,1",,,"4,000",,,,,,,"6,1,014,1,+999,9",,"4,99,0031,1","SYN011333   91106",
"07173099999","1990-12-31T12:00:00","4","48.2","6.4333333","320.0","EPINAL DOGNEVILLE, FR","FM-12","99999","V020","170,1,N,0010,1","99999,9,9,N","999999,9,N,9","+0074,1","+0065,1","10189,1","03,0020,9,1","06,0020,9,1",,"0,000","4,1,06,1",,,,,,"8,1,020,1,+999,9","41,1","4,99,0041,1","SYN017333   60027 91108",
"07173099999","1990-12-31T15:00:00","4","48.2","6.4333333","320.0","EPINAL DOGNEVILLE, FR","FM-12","99999","V020","190,1,N,0031,1","99999,9,9,N","999999,9,N,9","+0079,1","+0068,1","10170,1","03,0040,9,1",,,"0,000","4,1,03,1",,,,,,"6,1,017,1,+999,9","21,1","4,99,0062,1","SYN017333   60047 91112",
"07173099999","1990-12-31T18:00:00","4","48.2","6.4333333","320.0","EPINAL DOGNEVILLE, FR","FM-12","99999","V020","170,1,N,0041,1","99999,9,9,N","999999,9,N,9","+0079,1","+0067,1","10171,1","99,0060,9,1",,,"0,000",,,,"999,M,+0081,1",,,"2,1,001,1,+999,9",,"4,99,0082,1","SYN017333   10081 91116",
"07173099999","1990-12-31T21:00:00","4","48.2","6.4333333","320.0","EPINAL DOGNEVILLE, FR","FM-12","99999","V020","210,1,N,0041,1","99999,9,9,N","999999,9,N,9","+0074,1","+0044,1","10181,1","06,0000,9,1",,,"4,000",,,,,,,"3,1,008,1,+999,9",,"4,99,0098,1","SYN011333   91119",
