"STATION","DATE","SOURCE","LATITUDE","LONGITUDE","ELEVATION","NAME","REPORT_TYPE","CALL_SIGN","QUALITY_CONTROL","WND","CIG","VIS","TMP","DEW","SLP","AA1","AA2","AA3","AG1","AJ1","AL1","AY1","AY2","GA1","GA2","GA3","GF1","GJ1","IA1","IA2","KA1","KA2","MA1","MD1","MW1","OA1","REM","EQD"
"07360099999","1990-01-01T00:00:00","4","46.1666666","1.8666666","551.0","GUERET, FR","FM-12","99999","V020","210,1,N,0031,1","99999,9,9,N","999999,9,N,9","+0047,1","+0012,1","10180,1","06,0000,9,1",,,"4,000",,,,,,,,,"0000,9",,,,,"99999,9,09519,1","7,1,003,1,+999,9",,"4,99,0062,1","SYN017333   91112 94000",
"07360099999","1990-01-01T03:00:00","4","46.1666666","1.8666666","551.0","GUERET, FR","FM-12","99999","V020","210,1,N,0010,1","99999,9,9,N","999999,9,N,9","+0053,1","+0028,1","10171,1","06,0000,9,1",,,"4,000",,,,,,,,,"0000,9",,,,,"99999,9,09513,1","7,1,006,1,+999,9",,"4,99,0041,1","SYN017333   91108 94000",
"07360099999","1990-01-01T06:00:00","4","46.1666666","1.8666666","551.0","GUERET, FR","FM-12","99999","V020","210,1,N,0031,1","01500,1,C,N","015000,1,N,9","+0054,1","+0039,1","10168,1","06,0000,9,1",,,"4,000",,,,,"06,1,+01500,9,05,9",,,"06,99,1,06,1,05,1,01750,1,99,9,00,1","0096,9","01,9","999,+0030,9","999,N,+0047,1",,"99999,9,09511,1","7,1,002,1,+999,9",,"4,99,0062,1","SYN035333   20047 30003 86650 91112 94016","Q01    003SCOMCG"
"07360099999","1990-01-01T09:00:00","4","46.1666666","1.8666666","551.0","GUERET, FR","FM-12","99999","V020","220,1,N,0021,1","01200,1,C,N","015000,1,N,9","+0065,1","+0047,1","10177,1","06,0000,9,1",,,"4,000",,,,,"07,1,+01200,9,05,9",,,"08,99,1,07,1,05,1,01250,1,99,9,99,9","0000,9",,,,,"99999,9,09521,1","2,1,010,1,+999,9",,"4,99,0062,1","SYN023333   87640 91112 94000",
"07360099999","1990-01-01T12:00:00","4","46.1666666","1.8666666","551.0","GUERET, FR","FM-12","99999","V020","210,1,N,0031,1","22000,1,C,N","020000,1,N,9","+0088,1","+0048,1","10168,1","06,0000,9,1",,,"4,000",,,,,"03,1,+03000,9,03,9",,,"03,99,1,03,1,00,1,99999,9,03,1,00,1","0042,9",,,,,"99999,9,09518,1","7,1,003,1,+999,9",,"4,99,0051,1","SYN023333   83360 91110 94007",
"07360099999","1990-01-01T15:00:00","4","46.1666666","1.8666666","551.0","GUERET, FR","FM-12","99999","V020","180,1,N,0021,1","99999,9,9,N","999999,9,N,9","+0093,1","+0049,1","10163,1","06,0000,9,1",,,"4,000",,,,,,,,,"0000,9",,,,,"99999,9,09515,1","7,1,003,1,+999,9",,"4,99,0031,1","SYN017333   91106 94000",
"07360099999","1990-01-01T18:00:00","4","46.1666666","1.8666666","551.0","GUERET, FR","FM-12","99999","V020","240,1,N,0021,1","99999,9,9,N","999999,9,N,9","+0069,1","+0042,1","10182,1","06,0000,9,1",,,"4,000",,,,,,,,,"0000,9",,,"999,M,+0112,1",,"99999,9,09527,1","2,1,012,1,+999,9",,"4,99,0082,1","SYN023333   10112 91116 94000",
"07360099999","1990-01-01T21:00:00","4","46.1666666","1.8666666","551.0","GUERET, FR","FM-12","99999","V020","220,1,N,0031,1","99999,9,9,N","999999,9,N,9","+0064,1","+0057,1","10190,1","06,0000,9,1",,,"4,000",,,,,,,,,"0000,9",,,,,"99999,9,09534,1","2,1,007,1,+999,9",,"4,99,0041,1","SYN017333   91108 94000",
"07360099999","1990-01-02T00:00:00","4","46.1666666","1.8666666","551.0","GUERET, FR","FM-12","99999","V020","240,1,N,0031,1","99999,9,9,N","999999,9,N,9","+0059,1","+0058,1","10201,1","06,0000,9,1",,,"4,000",,,,,,,,,"0000,9",,,,,"99999,9,09543,1","2,1,009,1,+999,9",,"4,99,0072,1","SYN017333   91114 94000",
"07360099999","1990-01-02T03:00:00","4","46.1666666","1.8666666","551.0","GUERET, FR","FM-12","99999","V020","240,1,N,0010,1","99999,9,9,N","999999,9,N,9","+0056,1","+0056,1","10205,1","06,0000,9,1",,,"4,000",,,,,,,,,"0000,9",,,,,"99999,9,09546,1","2,1,003,1,+999,9",,"4,99,0031,1","SYN017333   91106 94000",
"07360099999","1990-01-02T06:00:00","4","46.1666666","1.8666666","551.0","GUERET, FR","FM-12","99999","V020","260,1,N,0031,1","01200,1,C,N","005000,1,N,9","+0054,1","+0054,1","10211,1","06,0000,9,1",,,"4,000",,,,,"07,1,+01200,9,05,9",,,"08,99,1,07,1,05,1,01250,1,99,9,99,9","0126,9","01,9","999,+0040,9","999,N,+0054,1",,"99999,9,09551,1","2,1,005,1,+999,9",,"4,99,0051,1","SYN035333   20054 30004 87640 91110 94021",
"07360099999","1990-01-02T09:00:00","4","46.1666666","1.8666666","551.0","GUERET, FR","FM-12","99999","V020","020,1,N,0021,1","00060,1,C,N","000200,1,N,9","+0054,1","+0054,1","10221,1","99,0003,9,1",,,"0,000",,,"5,1,03,1","4,1,03,1","08,1,+00060,9,07,9",,,"08,99,1,08,1,07,1,00075,1,99,9,99,9","0000,9",,,,,"99999,9,09560,1","2,1,009,1,+999,9","46,1","4,99,0031,1","SYN023333   88702 91106 94000",
"07360099999","1990-01-02T12:00:00","4","46.1666666","1.8666666","551.0","GUERET, FR","FM-12","99999","V020","260,1,N,0010,1","00780,1,C,N","010000,1,N,9","+0058,1","+0058,1","10215,1","06,0003,9,1",,,"0,000",,,"5,1,06,1","4,1,06,1","02,1,+00090,9,07,9","08,1,+00780,9,05,9",,"08,99,1,08,1,05,1,00150,1,99,9,99,9","0000,9",,,,,"99999,9,09556,1","7,1,004,1,+999,9","01,1","4,99,0021,1","SYN029333   82703 88626 91104 94000",
"07360099999","1990-01-02T15:00:00","4","46.1666666","1.8666666","551.0","GUERET, FR","FM-12","99999","V020","090,1,N,0031,1","22000,1,C,N","020000,1,N,9","+0073,1","+0044,1","10195,1","06,0000,9,1",,,"4,000",,,,,"01,1,+03000,9,03,9","03,1,+06900,9,00,9",,"03,99,1,01,1,00,1,99999,9,03,1,01,1","0018,9",,,,,"99999,9,09540,1","7,1,016,1,+999,9",,"4,99,0051,1","SYN029333   81360 83073 91110 94003",
"07360099999","1990-01-02T18:00:00","4","46.1666666","1.8666666","551.0","GUERET, FR","FM-12","99999","V020","080,1,N,0015,1","99999,9,9,N","999999,9,N,9","+0050,1","+0050,1","10195,1","06,0003,9,1",,,"0,000",,,,,,,,,,,,"999,M,+9999,9",,"99999,9,09535,1","7,1,005,1,+999,9",,,"SYN011333   11084","Q01 -00842ATMX  "
"07360099999","1990-01-02T21:00:00","4","46.1666666","1.8666666","551.0","GUERET, FR","FM-12","99999","V020","100,1,N,0062,1","99999,9,9,N","999999,9,N,9","+0035,1","+0035,1","10183,1","06,0000,9,1",,,"4,000",,,,,,,,,"0000,9",,,,,"99999,9,09520,1","7,1,015,1,+999,9",,"4,99,0098,1","SYN017333   91119 94000",
"07360099999","1990-01-03T00:00:00","4","46.1666666","1.8666666","551.0","GUERET, FR","FM-12","99999","V020","100,1,N,0051,1","99999,9,9,N","999999,9,N,9","+0027,1","+0027,1","10167,1","06,0000,9,1",,,"4,000",,,,,,,,,"0000,9",,,,,"99999,9,09503,1","7,1,017,1,+999,9",,"4,99,0082,1","SYN017333   91116 94000",
"07360099999","1990-01-03T03:00:00","4","46.1666666","1.8666666","551.0","GUERET, FR","FM-12","99999","V020","110,1,N,0051,1","99999,9,9,N","999999,9,N,9","+0014,1","+0014,1","10152,1","99,0003,9,1",,,"0,000",,,"4,1,03,1",,,,,,"0000,9",,,,,"99999,9,09486,1","7,1,017,1,+999,9","41,1","4,99,0082,1","SYN017333   91116 94000",
"07360099999","1990-01-03T06:00:00","4","46.1666666","1.8666666","551.0","GUERET, FR","FM-12","99999","V020","130,1,N,0021,1","00390,1,C,N","000600,1,N,9","+0016,1","+0016,1","10146,1","99,0003,9,1",,,"0,000",,,,,"06,1,+00390,9,05,9",,,"06,99,1,06,1,05,1,00450,1,99,9,99,9","0048,9","09,9","999,-0010,9","999,N,+0013,1",,"99999,9,09481,1","7,1,005,1,+999,9","46,1","4,99,0051,1","SYN035333   20013 31101 86613 91110 94008",
"07360099999","1990-01-03T09:00:00","4","46.1666666","1.8666666","551.0","GUERET, FR","FM-12","99999","V020","100,1,N,0031,1","99999,9,9,N","999999,9,N,9","+0004,1","+0001,1","10148,1","06,0000,9,1",,,"4,000",,,,,,,,,"0000,9",,,,,"99999,9,09480,1","7,1,001,1,+999,9",,"4,99,0041,1","SYN017333   91108 94000",
"07360099999","1990-01-03T12:00:00","4","46.1666666","1.8666666","551.0","GUERET, FR","FM-12","99999","V020","250,1,N,0010,1","99999,9,9,N","999999,9,N,9","+0029,1","+0025,1","10140,1","06,0000,9,1",,,"4,000",,,,,,,,,"0024,9",,,,,"99999,9,09478,1","7,1,002,1,+999,9",,"4,99,0021,1","SYN017333   91104 94004",
"07360099999","1990-01-03T15:00:00","4","46.1666666","1.8666666","551.0","GUERET, FR","FM-12","99999","V020","200,1,N,0010,1","06900,1,C,N","015000,1,N,9","+0043,1","+0028,1","10143,1","06,0000,9,1",,,"4,000",,,,,"07,1,+06900,9,00,9",,,"07,99,1,00,1,00,1,99999,9,00,1,02,1","0000,9",,,,,"99999,9,09484,1","2,1,006,1,+999,9",,"4,99,0010,1","SYN023333   87073 91102 94000",
"07360099999","1990-01-03T18:00:00","4","46.1666666","1.8666666","551.0","GUERET, FR","FM-12","99999","V020","120,1,N,0041,1","99999,9,9,N","999999,9,N,9","+0049,1","-0027,1","10153,1","06,0000,9,1",,,"4,000",,,,,,,,,"0000,9",,,"999,M,+0049,1",,"99999,9,09494,1","2,1,010,1,+999,9",,"4,99,0051,1","SYN023333   10049 91110 94000",
"07360099999","1990-01-03T21:00:00","4","46.1666666","1.8666666","551.0","GUERET, FR","FM-12","99999","V020","130,1,N,0031,1","99999,9,9,N","999999,9,N,9","+0050,1","+0013,1","10169,1","06,0000,9,1",,,"4,000",,,,,,,,,"0000,9",,,,,"99999,9,09510,1","2,1,016,1,+999,9",,"4,99,0051,1","SYN017333   91110 94000",
"07360099999","1990-01-04T00:00:00","4","46.1666666","1.8666666","551.0","GUERET, FR","FM-12","99999","V020","160,1,N,0051,1","99999,9,9,N","999999,9,N,9","+0049,1","+0029,1","10181,1","06,0000,9,1",,,"4,000",,,,,,,,,"0000,9",,,,,"99999,9,09522,1","2,1,012,1,+999,9",,"4,99,0082,1","SYN017333   91116 94000",
"07360099999","1990-01-04T03:00:00","4","46.1666666","1.8666666","551.0","GUERET, FR","FM-12","99999","V020","160,1,N,0021,1","99999,9,9,N","999999,9,N,9","+0051,1","+0036,1","10195,1","06,0000,9,1",,,"4,000",,,,,,,,,"0000,9",,,,,"99999,9,09535,1","2,1,013,1,+999,9",,"4,99,0031,1","SYN017333   91106 94000",
"07360099999","1990-01-04T06:00:00","4","46.1666666","1.8666666","551.0","GUERET, FR","FM-12","99999","V020","230,1,N,0021,1","22000,1,C,N","010000,1,N,9","+0061,1","+0041,1","10202,1","06,0000,9,1",,,"4,000",,,,,,,,"00,99,1,00,1,00,1,99999,9,00,1,00,1","0036,9","01,9","999,+0030,9","999,N,+0043,1",,"99999,9,09544,1","2,1,009,1,+999,9",,"4,99,0031,1","SYN029333   20043 30003 91106 94006",
"07360099999","1990-01-04T09:00:00","4","46.1666666","1.8666666","551.0","GUERET, FR","FM-12","99999","V020","220,1,N,0041,1","01500,1,C,N","015000,1,N,9","+0076,1","+0029,1","10215,1","06,0000,9,1",,,"4,000",,,,,"05,1,+01500,9,05,9",,,"05,99,1,05,1,05,1,01750,1,99,9,00,1","0030,9",,,,,"99999,9,09559,1","2,1,015,1,+999,9",,"4,99,0082,1","SYN023333   85650 91116 94005","Q01    003SCOMCG"
"07360099999","1990-01-04T15:00:00","4","46.1666666","1.8666666","551.0","GUERET, FR","FM-12","99999","V020","230,1,N,0031,1","22000,1,C,N","030000,1,N,9","+0098,1","+0044,1","10223,1","06,0000,9,1",,,"4,000",,,,,,,,"00,99,1,00,1,00,1,99999,9,00,1,00,1","0024,9",,,,,"99999,9,09572,1","2,1,001,1,+999,9",,"4,99,0062,1","SYN017333   91112 94004",
"07360099999","1990-01-04T18:00:00","4","46.1666666","1.8666666","551.0","GUERET, FR","FM-12","99999","V020","240,1,N,0031,1","99999,9,9,N","999999,9,N,9","+0068,1","+0034,1","10243,1","06,0000,9,1",,,"4,000",,,,,,,,,"0000,9",,,"999,M,+0109,1",,"99999,9,09584,1","2,1,012,1,+999,9",,"4,99,0051,1","SYN023333   10109 91110 94000",
"07360099999","1990-01-04T21:00:00","4","46.1666666","1.8666666","551.0","GUERET, FR","FM-12","99999","V020","070,1,N,0010,1","99999,9,9,N","999999,9,N,9","+0054,1","+0031,1","10256,1","06,0000,9,1",,,"4,000",,,,,,,,,"0000,9",,,,,"99999,9,09593,1","2,1,009,1,+999,9",,"4,99,0031,1","SYN017333   91106 94000",
"07360099999","1990-01-05T00:00:00","4","46.1666666","1.8666666","551.0","GUERET, FR","FM-12","99999","V020","110,1,N,0010,1","99999,9,9,N","999999,9,N,9","+0051,1","+0030,1","10259,1","06,0000,9,1",,,"4,000",,,,,,,,,"0000,9",,,,,"99999,9,09595,1","2,1,002,1,+999,9",,"4,99,0021,1","SYN017333   91104 94000",
"07360099999","1990-01-05T03:00:00","4","46.1666666","1.8666666","551.0","GUERET, FR","FM-12","99999","V020","220,1,N,0010,1","99999,9,9,N","999999,9,N,9","+0042,1","+0032,1","10265,1","06,0000,9,1",,,"4,000",,,,,,,,,"0000,9",,,,,"99999,9,09598,1","2,1,003,1,+999,9",,"4,99,0031,1","SYN017333   91106 94000",
"07360099999","1990-01-05T09:00:00","4","46.1666666","1.8666666","551.0","GUERET, FR","FM-12","99999","V020","180,1,N,0010,1","00090,1,C,N","001200,1,N,9","+0037,1","+0037,1","10280,1","99,0003,9,1",,,"0,000",,,"1,1,03,1","1,1,03,1","08,1,+00090,9,07,9",,,"08,99,1,08,1,07,1,00150,1,99,9,99,9","0000,9",,,,,"99999,9,09611,1","2,1,010,1,+999,9","10,1","4,99,0041,1","SYN023333   88703 91108 94000",
"07360099999","1990-01-05T12:00:00","4","46.1666666","1.8666666","551.0","GUERET, FR","FM-12","99999","V020","240,1,N,0021,1","22000,1,C,N","007000,1,N,9","+0078,1","+0056,1","10266,1","06,0003,9,1",,,"0,000",,,,,,,,"00,99,1,00,1,00,1,99999,9,00,1,00,1","0048,9",,,,,"99999,9,09607,1","7,1,004,1,+999,9",,"4,99,0041,1","SYN017333   91108 94008",
"07360099999","1990-01-05T15:00:00","4","46.1666666","1.8666666","551.0","GUERET, FR","FM-12","99999","V020","230,1,N,0021,1","22000,1,C,N","009000,1,N,9","+0086,1","+0054,1","10255,1","06,0000,9,1",,,"4,000",,,,,,,,"00,99,1,00,1,00,1,99999,9,00,1,00,1","0024,9",,,,,"99999,9,09599,1","7,1,008,1,+999,9",,"4,99,0051,1","SYN017333   91110 94004",
"07360099999","1990-01-05T18:00:00","4","46.1666666","1.8666666","551.0","GUERET, FR","FM-12","99999","V020","200,1,N,0021,1","99999,9,9,N","999999,9,N,9","+0066,1","+0046,1","10262,1","99,0003,9,1",,,"0,000",,,,,,,,,"0000,9",,,"999,M,+0103,1",,"99999,9,09601,1","2,1,002,1,+999,9",,"4,99,0031,1","SYN023333   10103 91106 94000",
"07360099999","1990-01-05T21:00:00","4","46.1666666","1.8666666","551.0","GUERET, FR","FM-12","99999","V020","220,1,N,0010,1","99999,9,9,N","999999,9,N,9","+0053,1","+0044,1","10265,1","06,0000,9,1",,,"4,000",,,,,,,,,"0000,9",,,,,"99999,9,09601,1","4,1,000,1,+999,9",,"4,99,0041,1","SYN017333   91108 94000",
"07360099999","1990-01-06T00:00:00","4","46.1666666","1.8666666","551.0","GUERET, FR","FM-12","99999","V020","210,1,N,0021,1","99999,9,9,N","999999,9,N,9","+0050,1","+0037,1","10262,1","06,0000,9,1",,,"4,000",,,,,,,,,"0000,9",,,,,"99999,9,09598,1","7,1,003,1,+999,9",,"4,99,0051,1","SYN017333   91110 94000",
"07360099999","1990-01-06T03:00:00","4","46.1666666","1.8666666","551.0","GUERET, FR","FM-12","99999","V020","200,1,N,0021,1","99999,9,9,N","999999,9,N,9","+0045,1","+0035,1","10261,1","06,0000,9,1",,,"4,000",,,,,,,,,"0000,9",,,,,"99999,9,09595,1","7,1,003,1,+999,9",,"4,99,0051,1","SYN017333   91110 94000",
"07360099999","1990-01-06T06:00:00","4","46.1666666","1.8666666","551.0","GUERET, FR","FM-12","99999","V020","060,1,N,0010,1","22000,1,C,N","015000,1,N,9","+0047,1","+0037,1","10257,1","06,0000,9,1",,,"4,000",,,,,"03,1,+02700,9,03,9",,,"03,99,1,03,1,00,1,99999,9,03,1,00,1","0222,9","01,9","999,+0030,9","999,N,+0041,1",,"99999,9,09592,1","7,1,003,1,+999,9",,"4,99,0021,1","SYN035333   20041 30003 83359 91104 94037",
"07360099999","1990-01-06T09:00:00","4","46.1666666","1.8666666","551.0","GUERET, FR","FM-12","99999","V020","220,1,N,0031,1","01200,1,C,N","075000,1,N,9","+0063,1","+0040,1","10258,1","06,0000,9,1",,,"4,000",,,,,"03,1,+00900,9,05,9","05,1,+01200,9,05,9",,"07,99,1,07,1,05,1,00800,1,99,9,99,9","0000,9",,,,,"99999,9,09597,1","2,1,005,1,+999,9",,"4,99,0051,1","SYN029333   83630 85640 91110 94000",
"07360099999","1990-01-06T12:00:00","4","46.1666666","1.8666666","551.0","GUERET, FR","FM-12","99999","V020","250,1,N,0021,1","22000,1,C,N","020000,1,N,9","+0110,1","+0049,1","10239,1","06,0000,9,1",,,"4,000",,,,,"02,1,+02700,9,03,9",,,"03,99,1,02,1,00,1,99999,9,03,1,01,1","0060,9",,,,,"99999,9,09589,1","7,1,008,1,+999,9",,"4,99,0051,1","SYN023333   82359 91110 94010",
"07360099999","1990-01-06T15:00:00","4","46.1666666","1.8666666","551.0","GUERET, FR","FM-12","99999","V020","999,1,C,0000,1","99999,9,9,N","999999,9,N,9","+0100,1","+0044,1","10231,1","06,0000,9,1",,,"4,000",,,,,,,,,"0024,9",,,,,"99999,9,09580,1","7,1,009,1,+999,9",,"4,99,0021,1","SYN017333   91104 94004",
"07360099999","1990-01-06T18:00:00","4","46.1666666","1.8666666","551.0","GUERET, FR","FM-12","99999","V020","120,1,N,0021,1","99999,9,9,N","999999,9,N,9","+0071,1","+0044,1","10244,1","06,0000,9,1",,,"4,000",,,,,,,,,"0000,9",,,"999,M,+0116,1",,"99999,9,09585,1","2,1,005,1,+999,9",,"4,99,0031,1","SYN023333   10116 91106 94000",
"07360099999","1990-01-06T21:00:00","4","46.1666666","1.8666666","551.0","GUERET, FR","FM-12","99999","V020","120,1,N,0031,1","99999,9,9,N","999999,9,N,9","+0062,1","+0044,1","10247,1","06,0000,9,1",,,"4,000",,,,,,,,,"0000,9",,,,,"99999,9,09586,1","2,1,001,1,+999,9",,"4,99,0041,1","SYN017333   91108 94000",
"07360099999","1990-01-07T00:00:00","4","46.1666666","1.8666666","551.0","GUERET, FR","FM-12","99999","V020","220,1,N,0021,1","99999,9,9,N","999999,9,N,9","+0058,1","+0015,1","10250,1","06,0000,9,1",,,"4,000",,,,,,,,,"0000,9",,,,,"99999,9,09588,1","2,1,002,1,+999,9",,"4,99,0051,1","SYN017333   91110 94000",
"07360099999","1990-01-07T03:00:00","4","46.1666666","1.8666666","551.0","GUERET, FR","FM-12","99999","V020","220,1,N,0031,1","99999,9,9,N","999999,9,N,9","+0069,1","+0020,1","10249,1","06,0000,9,1",,,"4,000",,,,,,,,,"0000,9",,,,,"99999,9,09589,1","2,1,001,1,+999,9",,"4,99,0072,1","SYN017333   91114 94000",
"07360099999","1990-01-07T06:00:00","4","46.1666666","1.8666666","551.0","GUERET, FR","FM-12","99999","V020","210,1,N,0031,1","02700,1,C,N","015000,1,N,9","+0066,1","+0021,1","10255,1","06,0000,9,1",,,"4,000",,,,,"04,1,+00990,9,05,9","05,1,+02700,9,03,9",,"07,99,1,04,1,05,1,01250,1,07,1,99,9","0216,9","01,9","999,+0030,9","999,N,+0057,1",,"99999,9,09594,1","2,1,005,1,+999,9",,"4,99,0072,1","SYN041333   20057 30003 84633 85359 91114 94036",
"07360099999","1990-01-07T09:00:00","4","46.1666666","1.8666666","551.0","GUERET, FR","FM-12","99999","V020","210,1,N,0041,1","02700,1,C,N","030000,1,N,9","+0064,1","+0019,1","10277,1","06,0000,9,1",,,"4,000",,,,,"01,1,+00990,9,05,9","08,1,+02700,9,04,9",,"08,99,1,01,1,05,1,01250,1,01,1,99,9","0000,9",,,,,"99999,9,09614,1","2,1,020,1,+999,9",,"4,99,0098,1","SYN029333   81633 88459 91119 94000",
"07360099999","1990-01-07T12:00:00","4","46.1666666","1.8666666","551.0","GUERET, FR","FM-12","99999","V020","210,1,N,0041,1","02700,1,C,N","025000,1,N,9","+0080,1","+0035,1","10279,1","06,0000,9,1",,,"4,000",,,,,"02,1,+02400,9,03,9","06,1,+02700,9,03,9","05,1,+07500,9,00,9","08,99,1,06,1,00,1,99999,9,07,1,02,1","0000,9",,,,,"99999,9,09620,1","2,1,006,1,+999,9",,"4,99,0088,1","SYN035333   82358 86359 85075 91117 94000",
"07360099999","1990-01-07T15:00:00","4","46.1666666","1.8666666","551.0","GUERET, FR","FM-12","99999","V020","260,1,N,0010,1","99999,9,9,N","999999,9,N,9","+0083,1","+0045,1","10290,1","06,0000,9,1",,,"4,000",,,,,,,,,"0000,9",,,,,"99999,9,09631,1","2,1,011,1,+999,9",,"4,99,0041,1","SYN017333   91108 94000",
"07360099999","1990-01-07T18:00:00","4","46.1666666","1.8666666","551.0","GUERET, FR","FM-12","99999","V020","190,1,N,0021,1","99999,9,9,N","999999,9,N,9","+0070,1","+0052,1","10310,1","06,0000,9,1",,,"4,000",,,,,,,,,"0000,9",,,"999,M,+0088,1",,"99999,9,09647,1","2,1,016,1,+999,9",,"4,99,0051,1","SYN023333   10088 91110 94000",
"07360099999","1990-01-07T21:00:00","4","46.1666666","1.8666666","551.0","GUERET, FR","FM-12","99999","V020","999,1,C,0000,1","99999,9,9,N","999999,9,N,9","+0063,1","+0057,1","10325,1","06,0000,9,1",,,"4,000",,,,,,,,,"0000,9",,,,,"99999,9,09660,1","2,1,013,1,+999,9",,"4,99,0021,1","SYN017333   91104 94000",
"07360099999","1990-01-08T00:00:00","4","46.1666666","1.8666666","551.0","GUERET, FR","FM-12","99999","V020","210,1,N,0010,1","99999,9,9,N","999999,9,N,9","+0057,1","+0057,1","10339,1","06,0000,9,1",,,"4,000",,,,,,,,,"0000,9",,,,,"99999,9,09671,1","2,1,011,1,+999,9",,"4,99,0041,1","SYN017333   91108 94000",
"07360099999","1990-01-08T03:00:00","4","46.1666666","1.8666666","551.0","GUERET, FR","FM-12","99999","V020","200,1,N,0010,1","99999,9,9,N","999999,9,N,9","+0054,1","+0054,1","10339,1","06,0000,9,1",,,"4,000",,,,,,,,,"0000,9",,,,,"99999,9,09671,1","4,1,000,1,+999,9",,"4,99,0021,1","SYN017333   91104 94000",
"07360099999","1990-01-08T06:00:00","4","46.1666666","1.8666666","551.0","GUERET, FR","FM-12","99999","V020","260,1,N,0021,1","00780,1,C,N","003000,1,N,9","+0053,1","+0053,1","10342,1","06,0000,9,1",,,"4,000",,,,,"03,1,+00180,9,07,9","06,1,+00780,9,05,9",,"07,99,1,07,1,05,1,00250,1,99,9,99,9","0000,9","01,9","999,+0050,9","999,N,+0053,1",,"99999,9,09674,1","2,1,003,1,+999,9","10,1","4,99,0041,1","SYN041333   20053 30005 83706 86626 91108 94000",
"07360099999","1990-01-08T09:00:00","4","46.1666666","1.8666666","551.0","GUERET, FR","FM-12","99999","V020","999,1,C,0000,1","00780,1,C,N","000700,1,N,9","+0053,1","+0053,1","10357,1","06,0000,9,1",,,"4,000",,,"4,1,03,1","2,1,03,1","03,1,+00180,9,07,9","07,1,+00780,9,05,9",,"07,99,1,07,1,05,1,00250,1,99,9,99,9","0000,9",,,,,"99999,9,09688,1","2,1,014,1,+999,9","44,1","4,99,0010,1","SYN029333   83706 87626 91102 94000",
"07360099999","1990-01-08T12:00:00","4","46.1666666","1.8666666","551.0","GUERET, FR","FM-12","99999","V020","310,1,N,0021,1","00060,1,C,N","000100,1,N,9","+0056,1","+0056,1","10358,1","06,0000,9,1",,,"4,000",,,"4,1,06,1","2,1,06,1","09,1,+00060,9,01,9",,,"09,99,1,09,1,99,9,99999,9,99,9,99,9","0000,9",,,,,"99999,9,09689,1","2,1,001,1,+999,9","44,1","4,99,0031,1","SYN023333   89102 91106 94000",
"07360099999","1990-01-08T15:00:00","4","46.1666666","1.8666666","551.0","GUERET, FR","FM-12","99999","V020","350,1,N,0021,1","00300,1,C,N","000700,1,N,9","+0053,1","+0053,1","10364,1","06,0000,9,1",,,"4,000",,,"4,1,03,1","4,1,03,1","05,1,+00300,9,07,9","05,1,+00780,9,05,9",,"07,99,1,07,1,07,1,00450,1,99,9,99,9","0000,9",,,,,"99999,9,09691,1","2,1,002,1,+999,9","44,1","4,99,0041,1","SYN029333   85710 85626 91108 94000",
"07360099999","1990-01-08T18:00:00","4","46.1666666","1.8666666","551.0","GUERET, FR","FM-12","99999","V020","340,1,N,0021,1","99999,9,9,N","999999,9,N,9","+0047,1","+0047,1","10373,1","06,0000,9,1",,,"4,000",,,,,,,,,"0000,9",,,"999,M,+0058,1",,"99999,9,09701,1","2,1,010,1,+999,9",,"4,99,0031,1","SYN023333   10058 91106 94000",
"07360099999","1990-01-08T21:00:00","4","46.1666666","1.8666666","551.0","GUERET, FR","FM-12","99999","V020","999,1,C,0000,1","99999,9,9,N","999999,9,N,9","+0036,1","+0032,1","10378,1","06,0000,9,1",,,"4,000",,,,,,,,,"0000,9",,,,,"99999,9,09702,1","2,1,001,1,+999,9",,"4,99,0021,1","SYN017333   91104 94000",
"07360099999","1990-01-09T00:00:00","4","46.1666666","1.8666666","551.0","GUERET, FR","FM-12","99999","V020","290,1,N,0010,1","99999,9,9,N","999999,9,N,9","+0035,1","+0029,1","10380,1","06,0000,9,1",,,"4,000",,,,,,,,,"0000,9",,,,,"99999,9,09704,1","2,1,002,1,+999,9",,"4,99,0021,1","SYN017333   91104 94000",
"07360099999","1990-01-09T03:00:00","4","46.1666666","1.8666666","551.0","GUERET, FR","FM-12","99999","V020","280,1,N,0010,1","99999,9,9,N","999999,9,N,9","+0032,1","+0031,1","10375,1","06,0000,9,1",,,"4,000",,,,,,,,,"0000,9",,,,,"99999,9,09699,1","7,1,005,1,+999,9",,"4,99,0021,1","SYN017333   91104 94000",
"07360099999","1990-01-09T06:00:00","4","46.1666666","1.8666666","551.0","GUERET, FR","FM-12","99999","V020","170,1,N,0010,1","00690,1,C,N","003000,1,N,9","+0032,1","+0031,1","10373,1","06,0000,9,1",,,"4,000",,,,,"03,1,+00180,9,07,9","06,1,+00690,9,05,9",,"07,99,1,07,1,05,1,00250,1,99,9,99,9","0000,9","01,9","999,+0000,9","999,N,+0026,1",,"99999,9,09697,1","7,1,002,1,+999,9","10,1","4,99,0021,1","SYN041333   20026 30000 83706 86623 91104 94000",
"07360099999","1990-01-09T09:00:00","4","46.1666666","1.8666666","551.0","GUERET, FR","FM-12","99999","V020","110,1,N,0021,1","00690,1,C,N","007000,1,N,9","+0032,1","+0029,1","10380,1","06,0000,9,1",,,"4,000",,,,,"06,1,+00690,9,05,9",,,"06,99,1,06,1,05,1,00800,1,00,1,00,1","0000,9",,,,,"99999,9,09704,1","2,1,007,1,+999,9",,"4,99,0031,1","SYN023333   86623 91106 94000",
"07360099999","1990-01-09T12:00:00","4","46.1666666","1.8666666","551.0","GUERET, FR","FM-12","99999","V020","080,1,N,0010,1","22000,1,C,N","012000,1,N,9","+0062,1","+0035,1","10367,1","06,0000,9,1",,,"4,000",,,,,"01,1,+00390,9,08,9",,,"02,99,1,02,1,08,1,00450,1,00,1,00,1","0054,9",,,,,"99999,9,09699,1","7,1,005,1,+999,9",,"4,99,0031,1","SYN023333   81813 91106 94009",
"07360099999","1990-01-09T15:00:00","4","46.1666666","1.8666666","551.0","GUERET, FR","FM-12","99999","V020","090,1,N,0031,1","22000,1,C,N","015000,1,N,9","+0044,1","+0032,1","10366,1","06,0000,9,1",,,"4,000",,,,,"03,1,+00600,9,08,9",,,"03,99,1,03,1,02,1,00800,1,00,1,00,1","0030,9",,,,,"99999,9,09693,1","7,1,006,1,+999,9",,"4,99,0072,1","SYN023333   83820 91114 94005",
"07360099999","1990-01-09T18:00:00","4","46.1666666","1.8666666","551.0","GUERET, FR","FM-12","99999","V020","070,1,N,0031,1","99999,9,9,N","999999,9,N,9","+0037,1","+0028,1","10364,1","06,0000,9,1",,,"4,000",,,,,,,,,"0000,9",,,"999,M,+0077,1",,"99999,9,09690,1","7,1,003,1,+999,9",,"4,99,0051,1","SYN023333   10077 91110 94000",
"07360099999","1990-01-09T21:00:00","4","46.1666666","1.8666666","551.0","GUERET, FR","FM-12","99999","V020","100,1,N,0051,1","99999,9,9,N","999999,9,N,9","+0024,1","+0020,1","10366,1","06,0000,9,1",,,"4,000",,,,,,,,,"0000,9",,,,,"99999,9,09688,1","7,1,002,1,+999,9",,"4,99,0088,1","SYN017333   91117 94000",
"07360099999","1990-01-10T00:00:00","4","46.1666666","1.8666666","551.0","GUERET, FR","FM-12","99999","V020","110,1,N,0041,1","99999,9,9,N","999999,9,N,9","+0009,1","+0009,1","10365,1","06,0000,9,1",,,"4,000",,,,,,,,,"0000,9",,,,,"99999,9,09683,1","7,1,005,1,+999,9",,"4,99,0082,1","SYN017333   91116 94000",
"07360099999","1990-01-10T03:00:00","4","46.1666666","1.8666666","551.0","GUERET, FR","FM-12","99999","V020","120,1,N,0041,1","99999,9,9,N","999999,9,N,9","+0001,1","+0001,1","10357,1","06,0000,9,1",,,"4,000",,,,,,,,,"0000,9",,,,,"99999,9,09674,1","7,1,009,1,+999,9",,"4,99,0051,1","SYN017333   91110 94000",
"07360099999","1990-01-10T06:00:00","4","46.1666666","1.8666666","551.0","GUERET, FR","FM-12","99999","V020","270,1,N,0010,1","22000,1,C,N","006000,1,N,9","+0019,1","+0012,1","10344,1","06,0000,9,1",,,"4,000",,,,,,,,"00,99,1,00,1,00,1,99999,9,00,1,00,1","0234,9","01,9","999,-0020,9","999,N,-0004,1",,"99999,9,09667,1","7,1,007,1,+999,9",,"4,99,0041,1","SYN029333   21004 30102 91108 94039",
"07360099999","1990-01-10T09:00:00","4","46.1666666","1.8666666","551.0","GUERET, FR","FM-12","99999","V020","250,1,N,0021,1","22000,1,C,N","020000,1,N,9","+0035,1","+0015,1","10348,1","06,0000,9,1",,,"4,000",,,,,"02,1,+07800,9,00,9",,,"02,99,1,00,1,00,1,99999,9,00,1,02,1","0060,9",,,,,"99999,9,09674,1","2,1,007,1,+999,9",,"4,99,0031,1","SYN023333   82076 91106 94010",
"07360099999","1990-01-10T12:00:00","4","46.1666666","1.8666666","551.0","GUERET, FR","FM-12","99999","V020","040,1,N,0010,1","22000,1,C,N","025000,1,N,9","+0069,1","+0030,1","10331,1","06,0003,9,1",,,"0,000",,,,,"03,1,+07800,9,00,9",,,"03,99,1,00,1,00,1,99999,9,00,1,02,1","0060,9",,,,,"99999,9,09666,1","7,1,008,1,+999,9",,"4,99,0021,1","SYN023333   83076 91104 94010",
"07360099999","1990-01-10T15:00:00","4","46.1666666","1.8666666","551.0","GUERET, FR","FM-12","99999","V020","280,1,N,0021,1","22000,1,C,N","030000,1,N,9","+0083,1","+0019,1","10321,1","06,0000,9,1",,,"4,000",,,,,"02,1,+07800,9,00,9",,,"02,99,1,00,1,00,1,99999,9,00,1,02,1","0030,9",,,,,"99999,9,09659,1","7,1,007,1,+999,9",,"4,99,0031,1","SYN023333   82076 91106 94005",
"07360099999","1990-01-10T18:00:00","4","46.1666666","1.8666666","551.0","GUERET, FR","FM-12","99999","V020","330,1,N,0021,1","99999,9,9,N","999999,9,N,9","+0038,1","+0025,1","10335,1","99,0003,9,1",,,"0,000",,,,,,,,,"0000,9",,,"999,M,+0098,1",,"99999,9,09663,1","2,1,004,1,+999,9",,"4,99,0021,1","SYN023333   10098 91104 94000",
"07360099999","1990-01-10T21:00:00","4","46.1666666","1.8666666","551.0","GUERET, FR","FM-12","99999","V020","090,1,N,0021,1","99999,9,9,N","999999,9,N,9","+0033,1","+0023,1","10338,1","06,0000,9,1",,,"4,000",,,,,,,,,"0000,9",,,,,"99999,9,09664,1","2,1,001,1,+999,9",,"4,99,0041,1","SYN017333   91108 94000",
"07360099999","1990-01-11T00:00:00","4","46.1666666","1.8666666","551.0","GUERET, FR","FM-12","99999","V020","190,1,N,0010,1","99999,9,9,N","999999,9,N,9","+0048,1","+0016,1","10329,1","06,0000,9,1",,,"4,000",,,,,,,,,"0000,9",,,,,"99999,9,09660,1","7,1,004,1,+999,9",,"4,99,0010,1","SYN017333   91102 94000",
"07360099999","1990-01-11T03:00:00","4","46.1666666","1.8666666","551.0","GUERET, FR","FM-12","99999","V020","160,1,N,0010,1","99999,9,9,N","999999,9,N,9","+0050,1","+0009,1","10321,1","06,0000,9,1",,,"4,000",,,,,,,,,"0000,9",,,,,"99999,9,09652,1","7,1,008,1,+999,9",,"4,99,0010,1","SYN017333   91102 94000",
"07360099999","1990-01-11T06:00:00","4","46.1666666","1.8666666","551.0","GUERET, FR","FM-12","99999","V020","030,1,N,0010,1","22000,1,C,N","008000,1,N,9","+0051,1","+0005,1","10321,1","06,0000,9,1",,,"4,000",,,,,,,,"00,99,1,00,1,00,1,99999,9,00,1,00,1","0414,9","01,9","999,+0010,9","999,N,+0030,1",,"99999,9,09653,1","2,1,001,1,+999,9",,"4,99,0010,1","SYN029333   20030 30001 91102 94069",
"07360099999","1990-01-11T09:00:00","4","46.1666666","1.8666666","551.0","GUERET, FR","FM-12","99999","V020","120,1,N,0021,1","22000,1,C,N","060000,1,N,9","+0080,1","+0023,1","10319,1","06,0000,9,1",,,"4,000",,,,,,,,"00,99,1,00,1,00,1,99999,9,00,1,00,1","0060,9",,,,,"99999,9,09657,1","2,1,004,1,+999,9",,"4,99,0031,1","SYN017333   91106 94010",
"07360099999","1990-01-11T12:00:00","4","46.1666666","1.8666666","551.0","GUERET, FR","FM-12","99999","V020","110,1,N,0031,1","22000,1,C,N","060000,1,N,9","+0106,1","+0039,1","10306,1","06,0000,9,1",,,"4,000",,,,,,,,"00,99,1,00,1,00,1,99999,9,00,1,00,1","0060,9",,,,,"99999,9,09651,1","7,1,006,1,+999,9",,"4,99,0041,1","SYN017333   91108 94010",
"07360099999","1990-01-11T15:00:00","4","46.1666666","1.8666666","551.0","GUERET, FR","FM-12","99999","V020","060,1,N,0021,1","22000,1,C,N","060000,1,N,9","+0103,1","+0027,1","10294,1","06,0000,9,1",,,"4,000",,,,,,,,"00,99,1,00,1,00,1,99999,9,00,1,00,1","0036,9",,,,,"99999,9,09639,1","7,1,012,1,+999,9",,"4,99,0041,1","SYN017333   91108 94006",
"07360099999","1990-01-11T21:00:00","4","46.1666666","1.8666666","551.0","GUERET, FR","FM-12","99999","V020","140,1,N,0031,1","99999,9,9,N","999999,9,N,9","+0067,1","+0002,1","10298,1","06,0000,9,1",,,"4,000",,,,,,,,,"0000,9",,,,,"99999,9,09635,1","7,1,002,1,+999,9",,"4,99,0041,1","SYN017333   91108 94000",
"07360099999","1990-01-12T00:00:00","4","46.1666666","1.8666666","551.0","GUERET, FR","FM-12","99999","V020","200,1,N,0031,1","99999,9,9,N","999999,9,N,9","+0070,1","-0007,1","10290,1","06,0000,9,1",,,"4,000",,,,,,,,,"0000,9",,,,,"99999,9,09628,1","7,1,007,1,+999,9",,"4,99,0041,1","SYN017333   91108 94000",
"07360099999","1990-01-12T06:00:00","4","46.1666666","1.8666666","551.0","GUERET, FR","FM-12","99999","V020","200,1,N,0031,1","22000,1,C,N","010000,1,N,9","+0045,1","+0003,1","10295,1","06,0000,9,1",,,"4,000",,,,,,,,"00,99,1,00,1,00,1,99999,9,00,1,00,1","0426,9","01,9","999,+0030,9","999,N,+0044,1",,"99999,9,09626,1","7,1,001,1,+999,9",,"4,99,0062,1","SYN029333   20044 30003 91112 94071",
"07360099999","1990-01-12T09:00:00","4","46.1666666","1.8666666","551.0","GUERET, FR","FM-12","99999","V020","190,1,N,0031,1","22000,1,C,N","030000,1,N,9","+0058,1","+0026,1","10296,1","06,0000,9,1",,,"4,000",,,,,"03,1,+00900,9,05,9",,,"03,99,1,03,1,05,1,00800,1,00,1,00,1","0060,9",,,,,"99999,9,09631,1","2,1,005,1,+999,9",,"4,99,0082,1","SYN023333   83630 91116 94010",
"07360099999","1990-01-12T12:00:00","4","46.1666666","1.8666666","551.0","GUERET, FR","FM-12","99999","V020","230,1,N,0031,1","22000,1,C,N","030000,1,N,9","+0094,1","+0042,1","10287,1","06,0000,9,1",,,"4,000",,,,,"03,1,+00990,9,05,9",,,"03,99,1,03,1,05,1,01250,1,00,1,00,1","0060,9",,,,,"99999,9,09631,1","4,1,000,1,+999,9",,"4,99,0082,1","SYN023333   83633 91116 94010",
"07360099999","1990-01-12T15:00:00","4","46.1666666","1.8666666","551.0","GUERET, FR","FM-12","99999","V020","220,1,N,0031,1","22000,1,C,N","030000,1,N,9","+0088,1","+0038,1","10282,1","06,0000,9,1",,,"4,000",,,,,"01,1,+00990,9,08,9",,,"01,99,1,01,1,01,1,01250,1,03,1,00,1","0036,9",,,,,"99999,9,09625,1","7,1,006,1,+999,9",,"4,99,0072,1","SYN023333   81833 91114 94006",
"07360099999","1990-01-12T18:00:00","4","46.1666666","1.8666666","551.0","GUERET, FR","FM-12","99999","V020","240,1,N,0041,1","99999,9,9,N","999999,9,N,9","+0059,1","+0036,1","10300,1","06,0000,9,1",,,"4,000",,,,,,,,,"0000,9",,,"999,M,+0100,1",,"99999,9,09635,1","2,1,010,1,+999,9",,"4,99,0062,1","SYN023333   10100 91112 94000",
"07360099999","1990-01-12T21:00:00","4","46.1666666","1.8666666","551.0","GUERET, FR","FM-12","99999","V020","220,1,N,0031,1","99999,9,9,N","999999,9,N,9","+0045,1","+0033,1","10310,1","06,0000,9,1",,,"4,000",,,,,,,,,"0000,9",,,,,"99999,9,09641,1","2,1,006,1,+999,9",,"4,99,0051,1","SYN017333   91110 94000",
"07360099999","1990-01-13T00:00:00","4","46.1666666","1.8666666","551.0","GUERET, FR","FM-12","99999","V020","220,1,N,0021,1","99999,9,9,N","999999,9,N,9","+0040,1","+0034,1","10311,1","06,0000,9,1",,,"4,000",,,,,,,,,"0000,9",,,,,"99999,9,09641,1","4,1,000,1,+999,9",,"4,99,0062,1","SYN017333   91112 94000",
"07360099999","1990-01-13T03:00:00","4","46.1666666","1.8666666","551.0","GUERET, FR","FM-12","99999","V020","220,1,N,0021,1","99999,9,9,N","999999,9,N,9","+0038,1","+0029,1","10312,1","06,0000,9,1",,,"4,000",,,,,,,,,"0000,9",,,,,"99999,9,09641,1","4,1,000,1,+999,9",,"4,99,0041,1","SYN017333   91108 94000",
"07360099999","1990-01-13T06:00:00","4","46.1666666","1.8666666","551.0","GUERET, FR","FM-12","99999","V020","220,1,N,0021,1","22000,1,C,N","010000,1,N,9","+0037,1","+0028,1","10305,1","06,0000,9,1",,,"4,000",,,,,,,,"00,99,1,00,1,00,1,99999,9,00,1,00,1","0408,9","14,9","999,+0010,9","999,N,+0034,1",,"99999,9,09635,1","7,1,006,1,+999,9",,"4,99,0051,1","SYN029333   20034 34001 91110 94068",
"07360099999","1990-01-13T09:00:00","4","46.1666666","1.8666666","551.0","GUERET, FR","FM-12","99999","V020","230,1,N,0031,1","22000,1,C,N","007000,1,N,9","+0060,1","+0038,1","10304,1","06,0000,9,1",,,"4,000",,,,,"01,1,+07500,9,00,9",,,"01,99,1,00,1,00,1,99999,9,00,1,01,1","0060,9",,,,,"99999,9,09639,1","2,1,004,1,+999,9",,"4,99,0062,1","SYN023333   81075 91112 94010",
"07360099999","1990-01-13T12:00:00","4","46.1666666","1.8666666","551.0","GUERET, FR","FM-12","99999","V020","230,1,N,0021,1","22000,1,C,N","015000,1,N,9","+0086,1","+0030,1","10292,1","06,0000,9,1",,,"4,000",,,"4,1,06,1","1,1,06,1","03,1,+07500,9,00,9",,,"03,99,1,00,1,00,1,99999,9,00,1,01,1","0060,9",,,,,"99999,9,09634,1","7,1,005,1,+999,9","01,1","4,99,0051,1","SYN023333   83075 91110 94010",
"07360099999","1990-01-13T15:00:00","4","46.1666666","1.8666666","551.0","GUERET, FR","FM-12","99999","V020","240,1,N,0021,1","99999,9,9,N","999999,9,N,9","+0086,1","+0020,1","10281,1","06,0000,9,1",,,"4,000",,,,,,,,,"0042,9",,,,,"99999,9,09624,1","7,1,010,1,+999,9",,"4,99,0051,1","SYN017333   91110 94007",
"07360099999","1990-01-13T18:00:00","4","46.1666666","1.8666666","551.0","GUERET, FR","FM-12","99999","V020","210,1,N,0021,1","99999,9,9,N","999999,9,N,9","+0048,1","+0015,1","10285,1","06,0000,9,1",,,"4,000",,,,,,,,,"0000,9",,,"999,M,+0100,1",,"99999,9,09619,1","7,1,005,1,+999,9",,"4,99,0041,1","SYN023333   10100 91108 94000",
"07360099999","1990-01-13T21:00:00","4","46.1666666","1.8666666","551.0","GUERET, FR","FM-12","99999","V020","230,1,N,0041,1","99999,9,9,N","999999,9,N,9","+0045,1","+0033,1","10281,1","06,0000,9,1",,,"4,000",,,,,,,,,"0000,9",,,,,"99999,9,09614,1","7,1,005,1,+999,9",,"4,99,0088,1","SYN017333   91117 94000",
"07360099999","1990-01-14T00:00:00","4","46.1666666","1.8666666","551.0","GUERET, FR","FM-12","99999","V020","240,1,N,0041,1","99999,9,9,N","999999,9,N,9","+0044,1","+0038,1","10276,1","06,0000,9,1",,,"4,000",,,,,,,,,"0000,9",,,,,"99999,9,09609,1","7,1,005,1,+999,9",,"4,99,0088,1","SYN017333   91117 94000",
"07360099999","1990-01-14T03:00:00","4","46.1666666","1.8666666","551.0","GUERET, FR","FM-12","99999","V020","240,1,N,0062,1","99999,9,9,N","999999,9,N,9","+0049,1","+0043,1","10262,1","06,0000,9,1",,,"4,000",,,,,,,,,"0000,9",,,,,"99999,9,09598,1","7,1,011,1,+999,9",,"4,99,0118,1","SYN017333   91123 94000",
"07360099999","1990-01-14T06:00:00","4","46.1666666","1.8666666","551.0","GUERET, FR","FM-12","99999","V020","230,1,N,0062,1","00150,1,C,N","004000,1,N,9","+0040,1","+0040,1","10266,1","99,0005,9,1",,,"0,000",,,"6,1,06,1",,"05,1,+00150,9,07,9","05,1,+03000,9,03,9",,"07,99,1,05,1,07,1,00150,1,07,1,99,9","0426,9","09,9","999,+0020,9","999,N,+0039,1",,"99999,9,09599,1","2,1,001,1,+999,9","21,1","4,99,0098,1","SYN041333   20039 31002 85705 85360 91119 94071",
"07360099999","1990-01-14T09:00:00","4","46.1666666","1.8666666","551.0","GUERET, FR","FM-12","99999","V020","240,1,N,0051,1","00090,1,C,N","000900,1,N,9","+0035,1","+0035,1","10275,1","06,0000,9,1",,,"4,000",,,"4,1,03,1","2,1,03,1","06,1,+00090,9,07,9","04,1,+03000,9,03,9",,"07,99,1,06,1,06,1,00150,1,03,1,99,9","0000,9",,,,,"99999,9,09606,1","2,1,007,1,+999,9","42,1","4,99,0088,1","SYN029333   86703 84360 91117 94000",
"07360099999","1990-01-14T12:00:00","4","46.1666666","1.8666666","551.0","GUERET, FR","FM-12","99999","V020","250,1,N,0051,1","00120,1,C,N","001500,1,N,9","+0049,1","+0049,1","10272,1","06,0000,9,1",,,"4,000",,,"4,1,06,1","2,1,06,1","08,1,+00120,9,07,9",,,"08,99,1,08,1,06,1,00150,1,99,9,99,9","0000,9",,,,,"99999,9,09607,1","2,1,001,1,+999,9","10,1","4,99,0088,1","SYN023333   88704 91117 94000",
"07360099999","1990-01-14T15:00:00","4","46.1666666","1.8666666","551.0","GUERET, FR","FM-12","99999","V020","250,1,N,0031,1","99999,9,9,N","999999,9,N,9","+0053,1","+0046,1","10266,1","06,0000,9,1",,,"4,000",,,,,,,,,"0000,9",,,,,"99999,9,09602,1","7,1,005,1,+999,9",,"4,99,0062,1","SYN017333   91112 94000",
"07360099999","1990-01-14T18:00:00","4","46.1666666","1.8666666","551.0","GUERET, FR","FM-12","99999","V020","220,1,N,0010,1","99999,9,9,N","999999,9,N,9","+0047,1","+0044,1","10276,1","06,0000,9,1",,,"4,000",,,,,,,,,"0000,9",,,"999,M,+0057,1",,"99999,9,09610,1","2,1,008,1,+999,9",,"4,99,0041,1","SYN023333   10057 91108 94000",
"07360099999","1990-01-14T21:00:00","4","46.1666666","1.8666666","551.0","GUERET, FR","FM-12","99999","V020","240,1,N,0021,1","99999,9,9,N","999999,9,N,9","+0044,1","+0044,1","10283,1","06,0000,9,1",,,"4,000",,,,,,,,,"0000,9",,,,,"99999,9,09616,1","2,1,006,1,+999,9",,"4,99,0051,1","SYN017333   91110 94000",
"07360099999","1990-01-15T00:00:00","4","46.1666666","1.8666666","551.0","GUERET, FR","FM-12","99999","V020","230,1,N,0010,1","99999,9,9,N","999999,9,N,9","+0042,1","+0042,1","10288,1","06,0000,9,1",,,"4,000",,,,,,,,,"0000,9",,,,,"99999,9,09620,1","2,1,004,1,+999,9",,"4,99,0021,1","SYN017333   91104 94000",
"07360099999","1990-01-15T03:00:00","4","46.1666666","1.8666666","551.0","GUERET, FR","FM-12","99999","V020","250,1,N,0010,1","99999,9,9,N","999999,9,N,9","+0041,1","+0041,1","10297,1","06,0000,9,1",,,"4,000",,,,,,,,,"0000,9",,,,,"99999,9,09628,1","2,1,008,1,+999,9",,"4,99,0021,1","SYN017333   91104 94000",
"07360099999","1990-01-15T06:00:00","4","46.1666666","1.8666666","551.0","GUERET, FR","FM-12","99999","V020","240,1,N,0021,1","00030,1,C,N","000600,1,N,9","+0037,1","+0037,1","10307,1","99,0003,9,1",,,"0,000",,,"5,1,06,1","4,1,06,1","08,1,+00030,9,07,9",,,"08,99,1,08,1,06,1,00025,1,99,9,99,9","0000,9","09,9","999,+0040,9","999,N,+0037,1",,"99999,9,09636,1","2,1,008,1,+999,9","44,1","4,99,0051,1","SYN035333   20037 31004 88701 91110 94000",
"07360099999","1990-01-15T09:00:00","4","46.1666666","1.8666666","551.0","GUERET, FR","FM-12","99999","V020","250,1,N,0031,1","00030,1,C,N","000900,1,N,9","+0036,1","+0036,1","10323,1","06,0000,9,1",,,"4,000",,,"4,1,03,1","4,1,03,1","08,1,+00030,9,07,9",,,"08,99,1,08,1,06,1,00075,1,99,9,99,9","0000,9",,,,,"99999,9,09651,1","2,1,015,1,+999,9","42,1","4,99,0062,1","SYN023333   88701 91112 94000",
"07360099999","1990-01-15T12:00:00","4","46.1666666","1.8666666","551.0","GUERET, FR","FM-12","99999","V020","270,1,N,0021,1","00240,1,C,N","008000,1,N,9","+0047,1","+0047,1","10323,1","06,0000,9,1",,,"4,000",,,"4,1,06,1","2,1,06,1","05,1,+00240,9,07,9","05,1,+07800,9,00,9",,"06,99,1,05,1,06,1,00250,1,00,1,02,1","0000,9",,,,,"99999,9,09654,1","2,1,003,1,+999,9","01,1","4,99,0051,1","SYN029333   85708 85076 91110 94000",
"07360099999","1990-01-15T15:00:00","4","46.1666666","1.8666666","551.0","GUERET, FR","FM-12","99999","V020","230,1,N,0021,1","00390,1,C,N","008000,1,N,9","+0055,1","+0049,1","10321,1","06,0000,9,1",,,"4,000",,,,,"08,1,+00390,9,05,9",,,"08,99,1,08,1,05,1,00450,1,99,9,99,9","0000,9",,,,,"99999,9,09654,1","4,1,000,1,+999,9",,"4,99,0062,1","SYN023333   88613 91112 94000",
"07360099999","1990-01-15T18:00:00","4","46.1666666","1.8666666","551.0","GUERET, FR","FM-12","99999","V020","230,1,N,0031,1","99999,9,9,N","999999,9,N,9","+0044,1","+0043,1","10332,1","06,0000,9,1",,,"4,000",,,,,,,,,"0000,9",,,"999,M,+0066,1",,"99999,9,09661,1","2,1,007,1,+999,9",,"4,99,0062,1","SYN023333   10066 91112 94000",
"07360099999","1990-01-15T21:00:00","4","46.1666666","1.8666666","551.0","GUERET, FR","FM-12","99999","V020","240,1,N,0041,1","99999,9,9,N","999999,9,N,9","+0048,1","+0048,1","10334,1","06,0000,9,1",,,"4,000",,,,,,,,,"0000,9",,,,,"99999,9,09665,1","2,1,004,1,+999,9",,"4,99,0072,1","SYN017333   91114 94000",
"07360099999","1990-01-16T00:00:00","4","46.1666666","1.8666666","551.0","GUERET, FR","FM-12","99999","V020","230,1,N,0031,1","99999,9,9,N","999999,9,N,9","+0046,1","+0046,1","10334,1","06,0000,9,1",,,"4,000",,,,,,,,,"0000,9",,,,,"99999,9,09664,1","7,1,001,1,+999,9",,"4,99,0062,1","SYN017333   91112 94000",
"07360099999","1990-01-16T03:00:00","4","46.1666666","1.8666666","551.0","GUERET, FR","FM-12","99999","V020","200,1,N,0031,1","99999,9,9,N","999999,9,N,9","+0044,1","+0044,1","10334,1","06,0000,9,1",,,"4,000",,,,,,,,,"0000,9",,,,,"99999,9,09663,1","7,1,001,1,+999,9",,"4,99,0082,1","SYN017333   91116 94000",
"07360099999","1990-01-16T06:00:00","4","46.1666666","1.8666666","551.0","GUERET, FR","FM-12","99999","V020","190,1,N,0021,1","00150,1,C,N","005000,1,N,9","+0049,1","+0049,1","10332,1","99,9999,2,9",,,"0,000",,,"5,1,06,1",,"08,1,+00150,9,07,9",,,"08,99,1,08,1,07,1,00150,1,99,9,99,9","0036,9","09,9","999,+0040,9","999,N,+0043,1",,"99999,9,09663,1","4,1,000,1,+999,9","50,1","4,99,0062,1","SYN035333   20043 31004 88705 91112 94006",
"07360099999","1990-01-16T09:00:00","4","46.1666666","1.8666666","551.0","GUERET, FR","FM-12","99999","V020","240,1,N,0021,1","00090,1,C,N","001500,1,N,9","+0053,1","+0053,1","10341,1","06,0000,9,1",,,"4,000",,,"5,1,03,1","2,1,03,1","08,1,+00090,9,07,9",,,"08,99,1,08,1,06,1,00150,1,99,9,99,9","0000,9",,,,,"99999,9,09673,1","2,1,010,1,+999,9","10,1","4,99,0051,1","SYN023333   88703 91110 94000",
"07360099999","1990-01-16T12:00:00","4","46.1666666","1.8666666","551.0","GUERET, FR","FM-12","99999","V020","250,1,N,0010,1","00120,1,C,N","007000,1,N,9","+0072,1","+0072,1","10324,1","06,0003,9,1",,,"0,000",,,"5,1,06,1","4,1,06,1","08,1,+00120,9,07,9",,,"08,99,1,08,1,06,1,00150,1,99,9,99,9","0000,9",,,,,"99999,9,09661,1","7,1,012,1,+999,9","28,1","4,99,0031,1","SYN023333   88704 91106 94000",
"07360099999","1990-01-16T15:00:00","4","46.1666666","1.8666666","551.0","GUERET, FR","FM-12","99999","V020","170,1,N,0021,1","00180,1,C,N","015000,1,N,9","+0077,1","+0077,1","10307,1","06,0000,9,1",,,"4,000",,,,,"06,1,+00180,9,07,9",,,"06,99,1,06,1,06,1,00250,1,00,1,00,1","0000,9",,,,,"99999,9,09646,1","7,1,015,1,+999,9",,"4,99,0041,1","SYN023333   86706 91108 94000",
"07360099999","1990-01-16T18:00:00","4","46.1666666","1.8666666","551.0","GUERET, FR","FM-12","99999","V020","220,1,N,0010,1","99999,9,9,N","999999,9,N,9","+0066,1","+0066,1","10307,1","99,0003,9,1",,,"0,000",,,,,,,,,"0000,9",,,"999,M,+0080,1",,"99999,9,09644,1","7,1,002,1,+999,9",,"4,99,0031,1","SYN023333   10080 91106 94000",
"07360099999","1990-01-16T21:00:00","4","46.1666666","1.8666666","551.0","GUERET, FR","FM-12","99999","V020","270,1,N,0010,1","99999,9,9,N","999999,9,N,9","+0063,1","+9999,9","10306,1","06,0000,9,1",,,"4,000",,,,,,,,,"0000,9",,,,,"99999,9,09640,1","7,1,004,1,+999,9",,"4,99,0021,1","SYN017333   91104 94000",
"07360099999","1990-01-17T00:00:00","4","46.1666666","1.8666666","551.0","GUERET, FR","FM-12","99999","V020","999,1,C,0000,1","99999,9,9,N","999999,9,N,9","+0060,1","+9999,9","10298,1","06,0003,9,1",,,"0,000",,,,,,,,,"0000,9",,,,,"99999,9,09631,1","7,1,009,1,+999,9",,"4,99,0010,1","SYN017333   91102 94000",
"07360099999","1990-01-17T03:00:00","4","46.1666666","1.8666666","551.0","GUERET, FR","FM-12","99999","V020","250,1,N,0021,1","99999,9,9,N","999999,9,N,9","+0063,1","+0063,1","10288,1","06,0000,9,1",,,"4,000",,,,,,,,,"0000,9",,,,,"99999,9,09625,1","7,1,006,1,+999,9",,"4,99,0051,1","SYN017333   91110 94000",
"07360099999","1990-01-17T06:00:00","4","46.1666666","1.8666666","551.0","GUERET, FR","FM-12","99999","V020","220,1,N,0031,1","00150,1,C,N","004000,1,N,9","+0061,1","+0061,1","10281,1","99,0003,9,1",,,"0,000",,,,,"08,1,+00150,9,07,9",,,"08,99,1,08,1,06,1,00150,1,99,9,99,9","0000,9","09,9","999,+0050,9","999,N,+0057,1",,"99999,9,09618,1","7,1,007,1,+999,9","10,1","4,99,0062,1","SYN035333   20057 31005 88705 91112 94000",
"07360099999","1990-01-17T09:00:00","4","46.1666666","1.8666666","551.0","GUERET, FR","FM-12","99999","V020","220,1,N,0041,1","00180,1,C,N","004000,1,N,9","+0066,1","+0066,1","10282,1","06,0000,9,1",,,"4,000",,,"5,1,03,1","2,1,03,1","05,1,+00180,9,07,9","05,1,+00600,9,05,9",,"07,99,1,07,1,06,1,00150,1,99,9,99,9","0012,9",,,,,"99999,9,09620,1","2,1,002,1,+999,9","10,1","4,99,0098,1","SYN029333   85706 85620 91119 94002",
"07360099999","1990-01-17T12:00:00","4","46.1666666","1.8666666","551.0","GUERET, FR","FM-12","99999","V020","200,1,N,0031,1","00600,1,C,N","006000,1,N,9","+0062,1","+0058,1","10282,1","06,9999,2,9",,,"0,000",,,"5,1,06,1","2,1,06,1","03,1,+00150,9,07,9","08,1,+00600,9,05,9",,"08,99,1,08,1,05,1,00150,1,99,9,99,9","0000,9",,,,,"99999,9,09619,1","7,1,001,1,+999,9","02,1","4,99,0072,1","SYN029333   83705 88620 91114 94000",
"07360099999","1990-01-17T15:00:00","4","46.1666666","1.8666666","551.0","GUERET, FR","FM-12","99999","V020","220,1,N,0041,1","00780,1,C,N","006000,1,N,9","+0065,1","+0058,1","10267,1","06,0000,9,1",,,"4,000",,,,,"03,1,+00390,9,05,9","07,1,+00780,9,05,9",,"08,99,1,08,1,05,1,00450,1,99,9,99,9","0000,9",,,,,"99999,9,09606,1","7,1,013,1,+999,9",,"4,99,0088,1","SYN029333   83613 87626 91117 94000",
"07360099999","1990-01-17T18:00:00","4","46.1666666","1.8666666","551.0","GUERET, FR","FM-12","99999","V020","230,1,N,0021,1","99999,9,9,N","999999,9,N,9","+0060,1","+0060,1","10276,1","99,0005,9,1",,,"0,000",,,"4,1,06,1",,,,,,"0000,9",,,"999,M,+0067,1",,"99999,9,09613,1","2,1,007,1,+999,9","21,1","4,99,0041,1","SYN023333   10067 91108 94000",
"07360099999","1990-01-17T21:00:00","4","46.1666666","1.8666666","551.0","GUERET, FR","FM-12","99999","V020","240,1,N,0010,1","99999,9,9,N","999999,9,N,9","+0057,1","+0057,1","10277,1","99,0005,9,1",,,"0,000",,,"4,1,03,1",,,,,,"0000,9",,,,,"99999,9,09613,1","4,1,000,1,+999,9","21,1","4,99,0031,1","SYN017333   91106 94000",
"07360099999","1990-01-18T00:00:00","4","46.1666666","1.8666666","551.0","GUERET, FR","FM-12","99999","V020","360,1,N,0021,1","99999,9,9,N","999999,9,N,9","+0054,1","+0054,1","10270,1","06,0040,9,1",,,"0,000",,,"4,1,06,1",,,,,,"0000,9",,,,,"99999,9,09606,1","7,1,007,1,+999,9","41,1","4,99,0031,1","SYN017333   91106 94000",
"07360099999","1990-01-18T03:00:00","4","46.1666666","1.8666666","551.0","GUERET, FR","FM-12","99999","V020","040,1,N,0041,1","99999,9,9,N","999999,9,N,9","+0038,1","+0038,1","10274,1","99,0020,9,1",,,"0,000",,,"4,1,03,1",,,,,,"0000,9",,,,,"99999,9,09606,1","4,1,000,1,+999,9","41,1","4,99,0062,1","SYN017333   91112 94000",
"07360099999","1990-01-18T06:00:00","4","46.1666666","1.8666666","551.0","GUERET, FR","FM-12","99999","V020","040,1,N,0041,1","00780,1,C,N","007000,1,N,9","+0028,1","+0028,1","10281,1","99,0100,9,1",,,"0,000",,,"6,1,06,1",,"02,1,+00240,9,07,9","07,1,+00780,9,05,9",,"07,99,1,07,1,05,1,00250,1,99,9,99,9","0018,9","11,9","999,+0030,9","999,N,+0027,1",,"99999,9,09610,1","2,1,004,1,+999,9","21,1","4,99,0082,1","SYN041333   20027 32003 82708 87626 91116 94003",
"07360099999","1990-01-18T09:00:00","4","46.1666666","1.8666666","551.0","GUERET, FR","FM-12","99999","V020","060,1,N,0021,1","07500,1,C,N","008000,1,N,9","+0021,1","+0021,1","10301,1","06,0000,9,1",,,"4,000",,,,,"01,1,+00900,9,05,9","07,1,+07500,9,00,9",,"07,99,1,01,1,05,1,00800,1,00,1,02,1","0000,9",,,,,"99999,9,09627,1","2,1,017,1,+999,9",,"4,99,0051,1","SYN029333   81630 87075 91110 94000",
"07360099999","1990-01-18T12:00:00","4","46.1666666","1.8666666","551.0","GUERET, FR","FM-12","99999","V020","040,1,N,0051,1","22000,1,C,N","018000,1,N,9","+0056,1","+0015,1","10295,1","06,0000,9,1",,,"4,000",,,,,"02,1,+00480,9,08,9","04,1,+07500,9,00,9",,"04,99,1,02,1,01,1,00450,1,00,1,01,1","0060,9",,,,,"99999,9,09630,1","2,1,003,1,+999,9",,"4,99,0082,1","SYN029333   82816 84075 91116 94010",
"07360099999","1990-01-18T15:00:00","4","46.1666666","1.8666666","551.0","GUERET, FR","FM-12","99999","V020","030,1,N,0041,1","22000,1,C,N","040000,1,N,9","+0047,1","-0013,1","10298,1","06,0000,9,1",,,"4,000",,,,,"01,1,+00690,9,08,9",,,"01,99,1,01,1,01,1,00800,1,00,1,01,1","0054,9",,,,,"99999,9,09630,1","4,1,000,1,+999,9",,"4,99,0088,1","SYN023333   81823 91117 94009",
"07360099999","1990-01-18T18:00:00","4","46.1666666","1.8666666","551.0","GUERET, FR","FM-12","99999","V020","030,1,N,0051,1","99999,9,9,N","999999,9,N,9","+0011,1","-0005,1","10323,1","06,0000,9,1",,,"4,000",,,,,,,,,"0000,9",,,"999,M,+0067,1",,"99999,9,09645,1","2,1,015,1,+999,9",,"4,99,0082,1","SYN023333   10067 91116 94000",
"07360099999","1990-01-18T21:00:00","4","46.1666666","1.8666666","551.0","GUERET, FR","FM-12","99999","V020","050,1,N,0031,1","99999,9,9,N","999999,9,N,9","+0004,1","-0005,1","10330,1","06,0000,9,1",,,"4,000",,,,,,,,,"0000,9",,,,,"99999,9,09650,1","2,1,005,1,+999,9",,"4,99,0072,1","SYN017333   91114 94000",
"07360099999","1990-01-19T00:00:00","4","46.1666666","1.8666666","551.0","GUERET, FR","FM-12","99999","V020","070,1,N,0021,1","99999,9,9,N","999999,9,N,9","+0000,1","-0010,1","10329,1","06,0000,9,1",,,"4,000",,,,,,,,,"0000,9",,,,,"99999,9,09648,1","7,1,002,1,+999,9",,"4,99,0041,1","SYN017333   91108 94000",
"07360099999","1990-01-19T03:00:00","4","46.1666666","1.8666666","551.0","GUERET, FR","FM-12","99999","V020","100,1,N,0041,1","99999,9,9,N","999999,9,N,9","-0011,1","-0014,1","10324,1","06,0000,9,1",,,"4,000",,,,,,,,,"0000,9",,,,,"99999,9,09640,1","7,1,008,1,+999,9",,"4,99,0062,1","SYN017333   91112 94000",
"07360099999","1990-01-19T06:00:00","4","46.1666666","1.8666666","551.0","GUERET, FR","FM-12","99999","V020","090,1,N,0041,1","22000,1,C,N","007000,1,N,9","-0016,1","-0019,1","10330,1","06,0000,9,1",,,"4,000",,,,,,,,"00,99,1,00,1,00,1,99999,9,00,1,00,1","0294,9","14,9","999,-0030,9","999,N,-0017,1",,"99999,9,09645,1","2,1,005,1,+999,9",,"4,99,0062,1","SYN029333   21017 34103 91112 94049",
"07360099999","1990-01-19T09:00:00","4","46.1666666","1.8666666","551.0","GUERET, FR","FM-12","99999","V020","120,1,N,0051,1","22000,1,C,N","010000,1,N,9","+0011,1","-0016,1","10326,1","06,0000,9,1",,,"4,000",,,,,"03,1,+07800,9,00,9",,,"03,99,1,00,1,00,1,99999,9,00,1,01,1","0060,9",,,,,"99999,9,09647,1","2,1,002,1,+999,9",,"4,99,0088,1","SYN023333   83076 91117 94010",
"07360099999","1990-01-19T12:00:00","4","46.1666666","1.8666666","551.0","GUERET, FR","FM-12","99999","V020","120,1,N,0010,1","22000,1,C,N","015000,1,N,9","+0063,1","-0002,1","10310,1",,,,"2,000",,,,,"03,1,+07800,9,00,9",,,"03,99,1,00,1,00,1,99999,9,00,1,01,1","0060,9",,,,,"99999,9,09645,1","7,1,002,1,+999,9",,"4,99,0021,1","SYN023333   83076 91104 94010",
"07360099999","1990-01-19T15:00:00","4","46.1666666","1.8666666","551.0","GUERET, FR","FM-12","99999","V020","270,1,N,0010,1","22000,1,C,N","025000,1,N,9","+0074,1","-0029,1","10307,1","99,0003,9,1",,,"0,000",,,,,"04,1,+07800,9,00,9",,,"04,99,1,00,1,00,1,99999,9,00,1,01,1","0054,9",,,,,"99999,9,09644,1","7,1,001,1,+999,9",,"4,99,0031,1","SYN023333   84076 91106 94009",
"07360099999","1990-01-19T18:00:00","4","46.1666666","1.8666666","551.0","GUERET, FR","FM-12","99999","V020","260,1,N,0041,1","99999,9,9,N","999999,9,N,9","+0028,1","-0049,1","10331,1","06,0000,9,1",,,"4,000",,,,,,,,,"0000,9",,,"999,M,+0104,1",,"99999,9,09656,1","2,1,012,1,+999,9",,"4,99,0072,1","SYN023333   10104 91114 94000",
"07360099999","1990-01-19T21:00:00","4","46.1666666","1.8666666","551.0","GUERET, FR","FM-12","99999","V020","250,1,N,0031,1","99999,9,9,N","999999,9,N,9","+0019,1","-0042,1","10342,1","06,0000,9,1",,,"4,000",,,,,,,,,"0000,9",,,,,"99999,9,09664,1","2,1,008,1,+999,9",,"4,99,0062,1","SYN017333   91112 94000",
"07360099999","1990-01-20T00:00:00","4","46.1666666","1.8666666","551.0","GUERET, FR","FM-12","99999","V020","270,1,N,0021,1","99999,9,9,N","999999,9,N,9","+0008,1","-0042,1","10349,1","06,0000,9,1",,,"4,000",,,,,,,,,"0000,9",,,,,"99999,9,09668,1","2,1,004,1,+999,9",,"4,99,0041,1","SYN017333   91108 94000",
"07360099999","1990-01-20T06:00:00","4","46.1666666","1.8666666","551.0","GUERET, FR","FM-12","99999","V020","190,1,N,0021,1","07800,1,C,N","010000,1,N,9","+0009,1","-0071,1","10353,1","06,0000,9,1",,,"4,000",,,,,"02,1,+03000,9,03,9","07,1,+07800,9,00,9",,"07,99,1,02,1,00,1,99999,9,03,1,02,1","0444,9","01,9","999,-0020,9","999,N,+0000,1",,"99999,9,09672,1","2,1,007,1,+999,9",,"4,99,0041,1","SYN041333   20000 30102 82360 87076 91108 94074",
"07360099999","1990-01-20T09:00:00","4","46.1666666","1.8666666","551.0","GUERET, FR","FM-12","99999","V020","240,1,N,0031,1","07800,1,C,N","075000,1,N,9","+0027,1","-0077,1","10363,1","06,0000,9,1",,,"4,000",,,,,"02,1,+03000,9,03,9","06,1,+07800,9,00,9",,"06,99,1,02,1,00,1,99999,9,03,1,02,1","0042,9",,,,,"99999,9,09685,1","2,1,013,1,+999,9",,"4,99,0062,1","SYN029333   82360 86076 91112 94007",
"07360099999","1990-01-20T12:00:00","4","46.1666666","1.8666666","551.0","GUERET, FR","FM-12","99999","V020","230,1,N,0031,1","07800,1,C,N","060000,1,N,9","+0062,1","-0019,1","10354,1","06,0000,9,1",,,"4,000",,,,,"02,1,+03000,9,03,9","07,1,+07800,9,00,9",,"07,99,1,02,1,00,1,99999,9,03,1,02,1","0012,9",,,,,"99999,9,09686,1","2,1,001,1,+999,9",,"4,99,0051,1","SYN029333   82360 87076 91110 94002",
"07360099999","1990-01-20T15:00:00","4","46.1666666","1.8666666","551.0","GUERET, FR","FM-12","99999","V020","260,1,N,0031,1","99999,9,9,N","999999,9,N,9","+0075,1","+0000,1","10348,1","06,0000,9,1",,,"4,000",,,,,,,,,"0024,9",,,,,"99999,9,09683,1","7,1,003,1,+999,9",,"4,99,0051,1","SYN017333   91110 94004",
"07360099999","1990-01-20T18:00:00","4","46.1666666","1.8666666","551.0","GUERET, FR","FM-12","99999","V020","270,1,N,0031,1","99999,9,9,N","999999,9,N,9","+0040,1","-0006,1","10371,1","06,0000,9,1",,,"4,000",,,,,,,,,"0000,9",,,"999,M,+0092,1",,"99999,9,09696,1","2,1,013,1,+999,9",,"4,99,0031,1","SYN023333   10092 91106 94000",
"07360099999","1990-01-20T21:00:00","4","46.1666666","1.8666666","551.0","GUERET, FR","FM-12","99999","V020","060,1,N,0010,1","99999,9,9,N","999999,9,N,9","+0032,1","+0022,1","10377,1","06,0000,9,1",,,"4,000",,,,,,,,,"0000,9",,,,,"99999,9,09701,1","2,1,005,1,+999,9",,"4,99,0010,1","SYN017333   91102 94000",
"07360099999","1990-01-21T00:00:00","4","46.1666666","1.8666666","551.0","GUERET, FR","FM-12","99999","V020","120,1,N,0031,1","99999,9,9,N","999999,9,N,9","+0027,1","+0017,1","10376,1","06,0000,9,1",,,"4,000",,,,,,,,,"0000,9",,,,,"99999,9,09698,1","7,1,003,1,+999,9",,"4,99,0041,1","SYN017333   91108 94000",
"07360099999","1990-01-21T03:00:00","4","46.1666666","1.8666666","551.0","GUERET, FR","FM-12","99999","V020","130,1,N,0021,1","99999,9,9,N","999999,9,N,9","+0024,1","-0014,1","10370,1","06,0000,9,1",,,"4,000",,,,,,,,,"0000,9",,,,,"99999,9,09692,1","7,1,006,1,+999,9",,"4,99,0041,1","SYN017333   91108 94000",
"07360099999","1990-01-21T06:00:00","4","46.1666666","1.8666666","551.0","GUERET, FR","FM-12","99999","V020","120,1,N,0031,1","22000,1,C,N","010000,1,N,9","+0016,1","-0037,1","10369,1","06,0000,9,1",,,"4,000",,,,,,,,"00,99,1,00,1,00,1,99999,9,00,1,00,1","0300,9","14,9","999,-0020,9","999,N,+0011,1",,"99999,9,09689,1","7,1,003,1,+999,9",,"4,99,0041,1","SYN029333   20011 34102 91108 94050",
"07360099999","1990-01-21T09:00:00","4","46.1666666","1.8666666","551.0","GUERET, FR","FM-12","99999","V020","230,1,N,0010,1","22000,1,C,N","075000,1,N,9","+0061,1","-0071,1","10364,1","06,0000,9,1",,,"4,000",,,,,,,,"00,99,1,00,1,00,1,99999,9,00,1,00,1","0060,9",,,,,"99999,9,09694,1","2,1,005,1,+999,9",,"4,99,0010,1","SYN017333   91102 94010",
"07360099999","1990-01-21T12:00:00","4","46.1666666","1.8666666","551.0","GUERET, FR","FM-12","99999","V020","080,1,N,0010,1","22000,1,C,N","075000,1,N,9","+0096,1","-0084,1","10350,1","06,0000,9,1",,,"4,000",,,,,,,,"00,99,1,00,1,00,1,99999,9,00,1,00,1","0060,9",,,,,"99999,9,09689,1","7,1,005,1,+999,9",,"4,99,0031,1","SYN017333   91106 94010",
"07360099999","1990-01-21T15:00:00","4","46.1666666","1.8666666","551.0","GUERET, FR","FM-12","99999","V020","230,1,N,0021,1","99999,9,9,N","999999,9,N,9","+0097,1","+9999,9","10340,1","06,0000,9,1",,,"4,000",,,,,,,,,"0060,9",,,,,"99999,9,09679,1","7,1,010,1,+999,9",,"4,99,0051,1","SYN017333   91110 94010",
"07360099999","1990-01-21T18:00:00","4","46.1666666","1.8666666","551.0","GUERET, FR","FM-12","99999","V020","230,1,N,0031,1","99999,9,9,N","999999,9,N,9","+0058,1","-0148,1","10349,1","06,0000,9,1",,,"4,000",,,,,,,,,"0000,9",,,"999,M,+0116,1",,"99999,9,09680,1","2,1,001,1,+999,9",,"4,99,0041,1","SYN023333   10116 91108 94000",
"07360099999","1990-01-21T21:00:00","4","46.1666666","1.8666666","551.0","GUERET, FR","FM-12","99999","V020","200,1,N,0021,1","99999,9,9,N","999999,9,N,9","+0044,1","-0112,1","10353,1","06,0000,9,1",,,"4,000",,,,,,,,,"0000,9",,,,,"99999,9,09679,1","7,1,001,1,+999,9",,"4,99,0062,1","SYN017333   91112 94000",
"07360099999","1990-01-22T00:00:00","4","46.1666666","1.8666666","551.0","GUERET, FR","FM-12","99999","V020","230,1,N,0021,1","99999,9,9,N","999999,9,N,9","+0042,1","-0136,1","10352,1","06,0000,9,1",,,"4,000",,,,,,,,,"0000,9",,,,,"99999,9,09678,1","7,1,001,1,+999,9",,"4,99,0051,1","SYN017333   91110 94000",
"07360099999","1990-01-22T03:00:00","4","46.1666666","1.8666666","551.0","GUERET, FR","FM-12","99999","V020","200,1,N,0010,1","99999,9,9,N","999999,9,N,9","+0031,1","-0082,1","10347,1","06,0000,9,1",,,"4,000",,,,,,,,,"0000,9",,,,,"99999,9,09671,1","7,1,007,1,+999,9",,"4,99,0051,1","SYN017333   91110 94000",
"07360099999","1990-01-22T06:00:00","4","46.1666666","1.8666666","551.0","GUERET, FR","FM-12","99999","V020","220,1,N,0031,1","22000,1,C,N","030000,1,N,9","+0039,1","-0091,1","10348,1","06,0000,9,1",,,"4,000",,,,,,,,"00,99,1,00,1,00,1,99999,9,00,1,00,1","0486,9","01,9","999,+0000,9","999,N,+0027,1",,"99999,9,09674,1","2,1,003,1,+999,9",,"4,99,0051,1","SYN029333   20027 30000 91110 94081",
"07360099999","1990-01-22T09:00:00","4","46.1666666","1.8666666","551.0","GUERET, FR","FM-12","99999","V020","230,1,N,0031,1","22000,1,C,N","075000,1,N,9","+0064,1","-0107,1","10348,1","06,0000,9,1",,,"4,000",,,,,"02,1,+06900,9,00,9",,,"02,99,1,00,1,00,1,99999,9,00,1,01,1","0060,9",,,,,"99999,9,09680,1","2,1,006,1,+999,9",,"4,99,0062,1","SYN023333   82073 91112 94010",
"07360099999","1990-01-22T12:00:00","4","46.1666666","1.8666666","551.0","GUERET, FR","FM-12","99999","V020","240,1,N,0021,1","06900,1,C,N","075000,1,N,9","+0096,1","-0094,1","10340,1","06,0000,9,1",,,"4,000",,,,,"06,1,+06900,9,00,9",,,"06,99,1,00,1,00,1,99999,9,00,1,01,1","0060,9",,,,,"99999,9,09680,1","4,1,000,1,+999,9",,"4,99,0041,1","SYN023333   86073 91108 94010",
"07360099999","1990-01-22T15:00:00","4","46.1666666","1.8666666","551.0","GUERET, FR","FM-12","99999","V020","999,1,C,0000,1","06900,1,C,N","075000,1,N,9","+0094,1","-0005,1","10329,1","06,0000,9,1",,,"4,000",,,,,"07,1,+06900,9,00,9",,,"07,99,1,00,1,00,1,99999,9,00,1,01,1","0006,9",,,,,"99999,9,09670,1","7,1,010,1,+999,9",,"4,99,0021,1","SYN023333   87073 91104 94001",
"07360099999","1990-01-22T18:00:00","4","46.1666666","1.8666666","551.0","GUERET, FR","FM-12","99999","V020","180,1,N,0010,1","99999,9,9,N","999999,9,N,9","+0071,1","-0021,1","10335,1","06,0000,9,1",,,"4,000",,,,,,,,,"0000,9",,,"999,M,+0107,1",,"99999,9,09670,1","4,1,000,1,+999,9",,"4,99,0010,1","SYN023333   10107 91102 94000",
"07360099999","1990-01-22T21:00:00","4","46.1666666","1.8666666","551.0","GUERET, FR","FM-12","99999","V020","140,1,N,0010,1","99999,9,9,N","999999,9,N,9","+0063,1","+0016,1","10327,1","06,0000,9,1",,,"4,000",,,,,,,,,"0000,9",,,,,"99999,9,09661,1","7,1,009,1,+999,9",,"4,99,0031,1","SYN017333   91106 94000",
"07360099999","1990-01-23T00:00:00","4","46.1666666","1.8666666","551.0","GUERET, FR","FM-12","99999","V020","190,1,N,0021,1","99999,9,9,N","999999,9,N,9","+0058,1","+0006,1","10320,1","06,0000,9,1",,,"4,000",,,,,,,,,"0000,9",,,,,"99999,9,09653,1","7,1,008,1,+999,9",,"4,99,0041,1","SYN017333   91108 94000",
"07360099999","1990-01-23T03:00:00","4","46.1666666","1.8666666","551.0","GUERET, FR","FM-12","99999","V020","200,1,N,0021,1","99999,9,9,N","999999,9,N,9","+0054,1","+0000,1","10302,1","06,0000,9,1",,,"4,000",,,,,,,,,"0000,9",,,,,"99999,9,09636,1","7,1,017,1,+999,9",,"4,99,0041,1","SYN017333   91108 94000",
"07360099999","1990-01-23T06:00:00","4","46.1666666","1.8666666","551.0","GUERET, FR","FM-12","99999","V020","170,1,N,0031,1","22000,1,C,N","009000,1,N,9","+0037,1","-0029,1","10284,1","06,0000,9,1",,,"4,000",,,,,,,,"00,99,1,00,1,00,1,99999,9,00,1,00,1","0384,9","01,9","999,+0010,9","999,N,+0037,1",,"99999,9,09614,1","7,1,022,1,+999,9",,"4,99,0051,1","SYN029333   20037 30001 91110 94064",
"07360099999","1990-01-23T09:00:00","4","46.1666666","1.8666666","551.0","GUERET, FR","FM-12","99999","V020","220,1,N,0062,1","06900,1,C,N","055000,1,N,9","+0051,1","-0067,1","10274,1","06,0000,9,1",,,"4,000",,,,,"05,1,+06900,9,00,9",,,"05,99,1,00,1,00,1,99999,9,00,1,01,1","0000,9",,,,,"99999,9,09608,1","7,1,006,1,+999,9",,"4,99,0118,1","SYN023333   85073 91123 94000",
"07360099999","1990-01-23T12:00:00","4","46.1666666","1.8666666","551.0","GUERET, FR","FM-12","99999","V020","220,1,N,0072,1","07500,1,C,N","050000,1,N,9","+0077,1","-0064,1","10252,1","06,0000,9,1",,,"4,000",,,,,"04,1,+03300,9,03,9","05,1,+07500,9,00,9",,"06,99,1,04,1,00,1,99999,9,03,1,01,1","0000,9",,,,,"99999,9,09593,1","7,1,015,1,+999,9",,"4,99,0160,1","SYN029333   84361 85075 91131 94000",
"07360099999","1990-01-23T15:00:00","4","46.1666666","1.8666666","551.0","GUERET, FR","FM-12","99999","V020","210,1,N,0072,1","07500,1,C,N","040000,1,N,9","+0074,1","-0113,1","10228,1","06,0000,9,1",,,"4,000",,,,,"03,1,+01380,9,05,9","06,1,+07500,9,00,9",,"07,99,1,03,1,05,1,01250,1,03,1,01,1","0000,9",,,,,"99999,9,09570,1","7,1,023,1,+999,9",,"4,99,0180,1","SYN029333   83646 86075 91135 94000",
"07360099999","1990-01-23T18:00:00","4","46.1666666","1.8666666","551.0","GUERET, FR","FM-12","99999","V020","220,1,N,0072,1","99999,9,9,N","999999,9,N,9","+0063,1","-0056,1","10210,1","99,9999,2,9",,,"0,000",,,,,,,,,"0000,9",,,"999,M,+0079,1",,"99999,9,09551,1","7,1,019,1,+999,9",,"4,99,0149,1","SYN023333   10079 91129 94000",
"07360099999","1990-01-23T21:00:00","4","46.1666666","1.8666666","551.0","GUERET, FR","FM-12","99999","V020","220,1,N,0082,1","99999,9,9,N","999999,9,N,9","+0081,1","+0001,1","10177,1","06,0000,9,1",,,"4,000",,,,,,,,,"0000,9",,,,,"99999,9,09524,1","7,1,027,1,+999,9",,"4,99,0149,1","SYN017333   91129 94000",
"07360099999","1990-01-24T00:00:00","4","46.1666666","1.8666666","551.0","GUERET, FR","FM-12","99999","V020","220,1,N,0087,1","99999,9,9,N","999999,9,N,9","+0076,1","-0013,1","10165,1","06,0000,9,1",,,"4,000",,,,,,,,,"0000,9",,,,,"99999,9,09512,1","7,1,012,1,+999,9",,"4,99,0211,1","SYN017333   91141 94000",
"07360099999","1990-01-24T03:00:00","4","46.1666666","1.8666666","551.0","GUERET, FR","FM-12","99999","V020","230,1,N,0087,1","99999,9,9,N","999999,9,N,9","+0062,1","+0062,1","10157,1","99,0003,9,1",,,"0,000",,,"4,1,03,1",,,,,,"0000,9",,,,,"99999,9,09502,1","7,1,010,1,+999,9","21,1","4,99,0211,1","SYN017333   91141 94000",
"07360099999","1990-01-24T06:00:00","4","46.1666666","1.8666666","551.0","GUERET, FR","FM-12","99999","V020","240,1,N,0062,1","00120,1,C,N","004000,1,N,9","+0067,1","+0067,1","10175,1","99,0040,9,1",,,"0,000",,,"6,1,06,1",,"05,1,+00120,9,07,9","05,1,+00480,9,05,9",,"08,99,1,08,1,07,1,00150,1,99,9,99,9","0018,9","09,9","999,+0040,9","999,N,+0051,1",,"99999,9,09520,1","2,1,018,1,+999,9","60,1","4,99,0129,1","SYN041333   20051 31004 85704 85616 91125 94003",
"07360099999","1990-01-24T09:00:00","4","46.1666666","1.8666666","551.0","GUERET, FR","FM-12","99999","V020","250,1,N,0062,1","02700,1,C,N","030000,1,N,9","+0061,1","+0061,1","10202,1","06,0000,9,1",,,"4,000",,,,,"02,1,+00180,9,07,9","05,1,+02700,9,03,9",,"06,99,1,03,1,06,1,00250,1,03,1,00,1","0000,9",,,,,"99999,9,09544,1","2,1,024,1,+999,9",,"4,99,0108,1","SYN029333   82706 85359 91121 94000",
"07360099999","1990-01-24T12:00:00","4","46.1666666","1.8666666","551.0","GUERET, FR","FM-12","99999","V020","260,1,N,0072,1","00300,1,C,N","015000,1,N,9","+0070,1","+0070,1","10200,1","06,0010,9,1",,,"0,000",,,"6,1,06,1","1,1,06,1","02,1,+00090,9,07,9","04,1,+00300,9,08,9",,"07,99,1,07,1,08,1,00150,1,99,9,99,9","0060,9",,,,,"99999,9,09545,1","2,1,001,1,+999,9","21,1","4,99,0149,1","SYN029333   82703 84810 91129 94010",
"07360099999","1990-01-24T15:00:00","4","46.1666666","1.8666666","551.0","GUERET, FR","FM-12","99999","V020","240,1,N,0062,1","03000,1,C,N","025000,1,N,9","+0078,1","+0063,1","10196,1","99,0003,9,1",,,"0,000",,,"2,1,03,1","2,1,03,1","04,1,+00390,9,08,9","05,1,+03000,9,03,9",,"07,99,1,04,1,02,1,00450,1,03,1,99,9","0000,9",,,,,"99999,9,09542,1","7,1,003,1,+999,9","80,1","4,99,0108,1","SYN029333   84813 85360 91121 94000",
"07360099999","1990-01-24T18:00:00","4","46.1666666","1.8666666","551.0","GUERET, FR","FM-12","99999","V020","250,1,N,0062,1","99999,9,9,N","999999,9,N,9","+0061,1","+0061,1","10208,1","99,0030,9,1",,,"0,000",,,"4,1,06,1",,,,,,"0012,9",,,"999,M,+0081,1",,"99999,9,09550,1","2,1,008,1,+999,9","21,1","4,99,0139,1","SYN023333   10081 91127 94002",
"07360099999","1990-01-24T21:00:00","4","46.1666666","1.8666666","551.0","GUERET, FR","FM-12","99999","V020","230,1,N,0051,1","99999,9,9,N","999999,9,N,9","+0065,1","+0065,1","10205,1","06,0000,9,1",,,"4,000",,,,,,,,,"0000,9",,,,,"99999,9,09548,1","7,1,002,1,+999,9",,"4,99,0098,1","SYN017333   91119 94000",
"07360099999","1990-01-25T00:00:00","4","46.1666666","1.8666666","551.0","GUERET, FR","FM-12","99999","V020","230,1,N,0072,1","99999,9,9,N","999999,9,N,9","+0065,1","+0065,1","10178,1","06,0003,9,1",,,"0,000",,,"4,1,06,1",,,,,,"0000,9",,,,,"99999,9,09523,1","7,1,025,1,+999,9","21,1","4,99,0139,1","SYN017333   91127 94000",
"07360099999","1990-01-25T03:00:00","4","46.1666666","1.8666666","551.0","GUERET, FR","FM-12","99999","V020","220,1,N,0072,1","99999,9,9,N","999999,9,N,9","+0070,1","+0070,1","10146,1","99,0005,9,1",,,"0,000",,,"4,1,03,1",,,,,,"0000,9",,,,,"99999,9,09494,1","7,1,029,1,+999,9","21,1","4,99,0201,1","SYN017333   91139 94000",
"07360099999","1990-01-25T06:00:00","4","46.1666666","1.8666666","551.0","GUERET, FR","FM-12","99999","V020","230,1,N,0098,1","99999,9,9,N","999999,9,N,9","+0087,1","+0087,1","10120,1","99,0020,9,1",,,"0,000",,,"4,1,06,1",,,,,,"0390,9",,"999,+0060,9","999,N,+0061,1",,"99999,9,09474,1","7,1,020,1,+999,9","21,1","4,99,0201,1","SYN029333   20061 3/006 91139 94065",
"07360099999","1990-01-25T09:00:00","4","46.1666666","1.8666666","551.0","GUERET, FR","FM-12","99999","V020","230,1,N,0072,1","00120,1,C,N","005000,1,N,9","+0094,1","+0094,1","10104,1","99,0005,9,1",,,"0,000",,,"6,1,03,1","5,1,03,1","07,1,+00120,9,07,9",,,"08,99,1,07,1,07,1,00150,1,99,9,99,9","0000,9",,,,,"99999,9,09461,1","7,1,013,1,+999,9","58,1","4,99,0190,1","SYN023333   87704 91137 94000",
"07360099999","1990-01-25T12:00:00","4","46.1666666","1.8666666","551.0","GUERET, FR","FM-12","99999","V020","240,1,N,0118,1","00480,1,C,N","010000,1,N,9","+0099,1","+0094,1","10087,1","06,0020,9,1",,,"0,000",,,"6,1,06,1","5,1,06,1","04,1,+00150,9,07,9","08,1,+00480,9,05,9",,"08,99,1,08,1,05,1,00150,1,99,9,99,9","0000,9",,,,,"99999,9,09446,1","7,1,015,1,+999,9","21,1","4,99,0242,1","SYN029333   84705 88616 91147 94000",
"07360099999","1990-01-25T15:00:00","4","46.1666666","1.8666666","551.0","GUERET, FR","FM-12","99999","V020","230,1,N,0087,1","00600,1,C,N","007000,1,N,9","+0091,1","+0086,1","10070,1","99,0003,9,1",,,"0,001",,,"6,1,03,1","6,1,03,1","04,1,+00150,9,07,9","08,1,+00600,9,05,9",,"08,99,1,08,1,05,1,00150,1,99,9,99,9","0012,9",,,,,"99999,9,09428,1","7,1,018,1,+999,9","61,1","4,99,0221,1","SYN029333   84705 88620 91143 94002",
"07360099999","1990-01-25T18:00:00","4","46.1666666","1.8666666","551.0","GUERET, FR","FM-12","99999","V020","260,1,N,0118,1","99999,9,9,N","999999,9,N,9","+0065,1","+0065,1","10093,1","99,0110,9,1",,,"0,000",,,"4,1,06,1",,,,,,"0000,9",,,"999,M,+0105,1",,"99999,9,09443,1","2,1,015,1,+999,9","41,1","4,99,0221,1","SYN023333   10105 91143 94000",
"07360099999","1990-01-25T21:00:00","4","46.1666666","1.8666666","551.0","GUERET, FR","FM-12","99999","V020","250,1,N,0082,1","99999,9,9,N","999999,9,N,9","+0068,1","+0067,1","10091,1","99,0010,9,1",,,"0,000",,,"4,1,03,1",,,,,,"0000,9",,,,,"99999,9,09442,1","7,1,001,1,+999,9","41,1","4,99,0180,1","SYN017333   91135 94000",
"07360099999","1990-01-26T00:00:00","4","46.1666666","1.8666666","551.0","GUERET, FR","FM-12","99999","V020","260,1,N,0087,1","99999,9,9,N","999999,9,N,9","+0052,1","+0039,1","10108,1","06,0020,9,1",,,"0,000",,,,,,,,,"0000,9",,,,,"99999,9,09454,1","2,1,012,1,+999,9",,"4,99,0180,1","SYN017333   91135 94000",
"07360099999","1990-01-26T03:00:00","4","46.1666666","1.8666666","551.0","GUERET, FR","FM-12","99999","V020","250,1,N,0072,1","99999,9,9,N","999999,9,N,9","+0048,1","+0033,1","10104,1","06,0000,9,1",,,"4,000",,,,,,,,,"0000,9",,,,,"99999,9,09449,1","7,1,005,1,+999,9",,"4,99,0160,1","SYN017333   91131 94000",
"07360099999","1990-01-26T06:00:00","4","46.1666666","1.8666666","551.0","GUERET, FR","FM-12","99999","V020","260,1,N,0072,1","03000,1,C,N","010000,1,N,9","+0037,1","+0025,1","10120,1","99,0020,9,1",,,"0,000",,,,,"06,1,+03000,9,03,9",,,"06,99,1,06,1,00,1,99999,9,07,1,00,1","0084,9","09,9","999,+0030,9","999,N,+0037,1",,"99999,9,09462,1","2,1,013,1,+999,9",,"4,99,0139,1","SYN035333   20037 31003 86360 91127 94014",
"07360099999","1990-01-26T09:00:00","4","46.1666666","1.8666666","551.0","GUERET, FR","FM-12","99999","V020","240,1,N,0051,1","00180,1,C,N","010000,1,N,9","+0027,1","+0024,1","10130,1","99,0005,9,1",,,"0,000",,,"2,1,03,1","2,1,03,1","07,1,+00180,9,08,9",,,"08,99,1,07,1,02,1,00250,1,99,9,99,9","0054,9",,,,,"99999,9,09469,1","2,1,007,1,+999,9","25,1","4,99,0118,1","SYN023333   87806 91123 94009",
"07360099999","1990-01-26T12:00:00","4","46.1666666","1.8666666","551.0","GUERET, FR","FM-12","99999","V020","240,1,N,0082,1","00480,1,C,N","050000,1,N,9","+0047,1","+0017,1","10131,1","06,0020,9,1",,,"0,000",,,"8,1,06,1","7,1,06,1","05,1,+00480,9,08,9",,,"06,99,1,05,1,02,1,00450,1,00,1,01,1","0024,9",,,,,"99999,9,09474,1","2,1,005,1,+999,9","01,1","4,99,0160,1","SYN023333   85816 91131 94004",
"07360099999","1990-01-26T15:00:00","4","46.1666666","1.8666666","551.0","GUERET, FR","FM-12","99999","V020","240,1,N,0051,1","06900,1,C,N","040000,1,N,9","+0008,1","+0008,1","10137,1","99,0030,9,1",,,"0,001",,,"9,1,03,1","8,1,03,1","01,1,+00090,9,07,9","06,1,+06900,9,00,9",,"07,99,1,02,1,02,1,00150,1,00,1,01,1","0060,9",,,,,"99999,9,09470,1","7,1,004,1,+999,9","26,1","4,99,0088,1","SYN029333   81703 86073 91117 94010",
"07360099999","1990-01-26T18:00:00","4","46.1666666","1.8666666","551.0","GUERET, FR","FM-12","99999","V020","220,1,N,0062,1","99999,9,9,N","999999,9,N,9","+0029,1","+0025,1","10122,1","99,0060,9,1",,,"0,000",,,,,,,,,"0000,9",,,"999,M,+0047,1",,"99999,9,09461,1","7,1,009,1,+999,9",,"4,99,0139,1","SYN023333   10047 91127 94000",
"07360099999","1990-01-26T21:00:00","4","46.1666666","1.8666666","551.0","GUERET, FR","FM-12","99999","V020","240,1,N,0062,1","99999,9,9,N","999999,9,N,9","+0034,1","+0033,1","10124,1","99,0010,9,1",,,"0,000",,,"4,1,03,1",,,,,,"0024,9",,,,,"99999,9,09465,1","2,1,004,1,+999,9","41,1","4,99,0139,1","SYN017333   91127 94004",
"07360099999","1990-01-27T00:00:00","4","46.1666666","1.8666666","551.0","GUERET, FR","FM-12","99999","V020","230,1,N,0072,1","99999,9,9,N","999999,9,N,9","+0031,1","+0030,1","10131,1","06,0030,9,1",,,"0,000",,,,,,,,,"0018,9",,,,,"99999,9,09470,1","2,1,005,1,+999,9",,"4,99,0139,1","SYN017333   91127 94003",
"07360099999","1990-01-27T03:00:00","4","46.1666666","1.8666666","551.0","GUERET, FR","FM-12","99999","V020","230,1,N,0062,1","99999,9,9,N","999999,9,N,9","+0036,1","+0032,1","10121,1","06,0000,9,1",,,"4,000",,,,,,,,,"0000,9",,,,,"99999,9,09462,1","7,1,008,1,+999,9",,"4,99,0149,1","SYN017333   91129 94000",
"07360099999","1990-01-27T06:00:00","4","46.1666666","1.8666666","551.0","GUERET, FR","FM-12","99999","V020","210,1,N,0062,1","03000,1,C,N","009000,1,N,9","+0036,1","+0029,1","10111,1","99,0030,9,1",,,"0,000",,,,,"03,1,+00480,9,05,9","03,1,+03000,9,03,9",,"05,99,1,03,1,05,1,00450,1,03,1,00,1","0450,9","09,9","999,+0020,9","999,N,+0029,1",,"99999,9,09453,1","7,1,009,1,+999,9",,"4,99,0118,1","SYN041333   20029 31002 83616 83360 91123 94075",
"07360099999","1990-01-27T09:00:00","4","46.1666666","1.8666666","551.0","GUERET, FR","FM-12","99999","V020","180,1,N,0062,1","22000,1,C,N","010000,1,N,9","+0041,1","+0018,1","10102,1","06,0000,9,1",,,"4,000",,,,,"03,1,+00600,9,05,9",,,"04,99,1,03,1,05,1,00800,1,03,1,00,1","0012,9",,,,,"99999,9,09445,1","7,1,008,1,+999,9",,"4,99,0108,1","SYN023333   83620 91121 94002",
"07360099999","1990-01-27T12:00:00","4","46.1666666","1.8666666","551.0","GUERET, FR","FM-12","99999","V020","160,1,N,0062,1","00780,1,C,N","020000,1,N,9","+0083,1","+0021,1","10064,1","06,0000,9,1",,,"4,000",,,,,"05,1,+00780,9,05,9",,,"05,99,1,05,1,05,1,00800,1,00,1,01,1","0024,9",,,,,"99999,9,09419,1","7,1,026,1,+999,9",,"4,99,0129,1","SYN023333   85626 91125 94004",
"07360099999","1990-01-27T15:00:00","4","46.1666666","1.8666666","551.0","GUERET, FR","FM-12","99999","V020","160,1,N,0051,1","99999,9,9,N","999999,9,N,9","+0090,1","+0026,1","10023,1","06,0000,9,1",,,"4,000",,,,,,,,,"0012,9",,,,,"99999,9,09383,1","7,1,036,1,+999,9",,"4,99,0088,1","SYN017333   91117 94002",
"07360099999","1990-01-27T18:00:00","4","46.1666666","1.8666666","551.0","GUERET, FR","FM-12","99999","V020","170,1,N,0062,1","99999,9,9,N","999999,9,N,9","+0082,1","+0024,1","09995,1","06,0000,9,1",,,"4,000",,,,,,,,,"0000,9",,,"999,M,+0105,1",,"99999,9,09354,1","7,1,029,1,+999,9",,"4,99,0129,1","SYN023333   10105 91125 94000",
"07360099999","1990-01-27T21:00:00","4","46.1666666","1.8666666","551.0","GUERET, FR","FM-12","99999","V020","170,1,N,0062,1","99999,9,9,N","999999,9,N,9","+0094,1","+0029,1","09969,1","06,0000,9,1",,,"4,000",,,,,,,,,"0000,9",,,,,"99999,9,09333,1","7,1,021,1,+999,9",,"4,99,0129,1","SYN017333   91125 94000",
"07360099999","1990-01-28T00:00:00","4","46.1666666","1.8666666","551.0","GUERET, FR","FM-12","99999","V020","200,1,N,0072,1","99999,9,9,N","999999,9,N,9","+0109,1","+0039,1","09955,1","06,0000,9,1",,,"4,000",,,,,,,,,"0000,9",,,,,"99999,9,09323,1","7,1,010,1,+999,9",,"4,99,0139,1","SYN017333   91127 94000",
"07360099999","1990-01-28T03:00:00","4","46.1666666","1.8666666","551.0","GUERET, FR","FM-12","99999","V020","260,1,N,0087,1","99999,9,9,N","999999,9,N,9","+0048,1","+0048,1","10010,1","99,0040,9,1",,,"0,000",,,"4,1,03,1",,,,,,"0024,9",,,,,"99999,9,09362,1","2,1,039,1,+999,9","41,1","4,99,0160,1","SYN017333   91131 94004",
"07360099999","1990-01-28T06:00:00","4","46.1666666","1.8666666","551.0","GUERET, FR","FM-12","99999","V020","230,1,N,0062,1","00480,1,C,N","008000,1,N,9","+0039,1","+0035,1","10035,1","99,0100,9,1",,,"0,001",,,"6,1,06,1",,"02,1,+00300,9,07,9","07,1,+00480,9,05,9",,"07,99,1,07,1,05,1,00450,1,99,9,99,9","0204,9","11,9","999,+0030,9","999,N,+0038,1",,"99999,9,09383,1","2,1,021,1,+999,9","61,1","4,99,0139,1","SYN041333   20038 32003 82710 87616 91127 94034",
"07360099999","1990-01-28T09:00:00","4","46.1666666","1.8666666","551.0","GUERET, FR","FM-12","99999","V020","220,1,N,0062,1","00600,1,C,N","020000,1,N,9","+0039,1","+0033,1","10058,1","06,0000,9,1",,,"4,000",,,"6,1,03,1","2,1,03,1","07,1,+00600,9,05,9",,,"07,99,1,07,1,05,1,00800,1,99,9,99,9","0000,9",,,,,"99999,9,09404,1","2,1,021,1,+999,9","02,1","4,99,0108,1","SYN023333   87620 91121 94000",
"07360099999","1990-01-28T12:00:00","4","46.1666666","1.8666666","551.0","GUERET, FR","FM-12","99999","V020","240,1,N,0051,1","00600,1,C,N","015000,1,N,9","+0045,1","+0041,1","10076,1","06,0003,9,1",,,"0,000",,,"6,1,06,1","2,1,06,1","07,1,+00600,9,05,9",,,"07,99,1,07,1,05,1,00800,1,99,9,99,9","0000,9",,,,,"99999,9,09422,1","2,1,018,1,+999,9","02,1","4,99,0098,1","SYN023333   87620 91119 94000",
"07360099999","1990-01-28T15:00:00","4","46.1666666","1.8666666","551.0","GUERET, FR","FM-12","99999","V020","250,1,N,0041,1","99999,9,9,N","999999,9,N,9","+0056,1","+0041,1","10072,1","06,0000,9,1",,,"4,000",,,,,,,,,"0000,9",,,,,"99999,9,09422,1","4,1,000,1,+999,9",,"4,99,0082,1","SYN017333   91116 94000",
"07360099999","1990-01-28T18:00:00","4","46.1666666","1.8666666","551.0","GUERET, FR","FM-12","99999","V020","230,1,N,0041,1","99999,9,9,N","999999,9,N,9","+0041,1","+0038,1","10100,1","99,0003,9,1",,,"0,000",,,,,,,,,"0000,9",,,"999,M,+0059,1",,"99999,9,09444,1","2,1,022,1,+999,9",,"4,99,0072,1","SYN023333   10059 91114 94000",
"07360099999","1990-01-28T21:00:00","4","46.1666666","1.8666666","551.0","GUERET, FR","FM-12","99999","V020","230,1,N,0041,1","99999,9,9,N","999999,9,N,9","+0034,1","+0028,1","10115,1","06,0000,9,1",,,"4,000",,,,,,,,,"0000,9",,,,,"99999,9,09456,1","2,1,012,1,+999,9",,"4,99,0088,1","SYN017333   91117 94000",
"07360099999","1990-01-29T00:00:00","4","46.1666666","1.8666666","551.0","GUERET, FR","FM-12","99999","V020","210,1,N,0031,1","99999,9,9,N","999999,9,N,9","+0021,1","+0020,1","10124,1","06,0000,9,1",,,"4,000",,,,,,,,,"0000,9",,,,,"99999,9,09462,1","2,1,006,1,+999,9",,"4,99,0072,1","SYN017333   91114 94000",
"07360099999","1990-01-29T03:00:00","4","46.1666666","1.8666666","551.0","GUERET, FR","FM-12","99999","V020","210,1,N,0031,1","99999,9,9,N","999999,9,N,9","+0020,1","+0020,1","10121,1","06,0000,9,1",,,"4,000",,,,,,,,,"0000,9",,,,,"99999,9,09459,1","7,1,003,1,+999,9",,"4,99,0072,1","SYN017333   91114 94000",
"07360099999","1990-01-29T06:00:00","4","46.1666666","1.8666666","551.0","GUERET, FR","FM-12","99999","V020","220,1,N,0041,1","22000,1,C,N","015000,1,N,9","+0022,1","+0019,1","10116,1","06,0000,9,1",,,"4,000",,,,,,,,"00,99,1,00,1,00,1,99999,9,00,1,00,1","0288,9","09,9","999,+0010,9","999,N,+0019,1",,"99999,9,09455,1","7,1,004,1,+999,9",,"4,99,0088,1","SYN029333   20019 31001 91117 94048",
"07360099999","1990-01-29T09:00:00","4","46.1666666","1.8666666","551.0","GUERET, FR","FM-12","99999","V020","180,1,N,0021,1","22000,1,C,N","030000,1,N,9","+0047,1","+0026,1","10099,1","06,0000,9,1",,,"4,000",,,,,"01,1,+06900,9,00,9",,,"01,99,1,00,1,00,1,99999,9,00,1,01,1","0060,9",,,,,"99999,9,09445,1","7,1,010,1,+999,9",,"4,99,0051,1","SYN023333   81073 91110 94010",
"07360099999","1990-01-29T12:00:00","4","46.1666666","1.8666666","551.0","GUERET, FR","FM-12","99999","V020","190,1,N,0041,1","22000,1,C,N","075000,1,N,9","+0085,1","+0021,1","10070,1","06,0000,9,1",,,"4,000",,,,,"04,1,+06900,9,00,9",,,"04,99,1,00,1,00,1,99999,9,00,1,01,1","0060,9",,,,,"99999,9,09425,1","7,1,020,1,+999,9",,"4,99,0072,1","SYN023333   84073 91114 94010",
"07360099999","1990-01-29T15:00:00","4","46.1666666","1.8666666","551.0","GUERET, FR","FM-12","99999","V020","170,1,N,0041,1","22000,1,C,N","075000,1,N,9","+0099,1","+0008,1","10042,1","06,0000,9,1",,,"4,000",,,,,"01,1,+06900,9,00,9",,,"01,99,1,00,1,00,1,99999,9,00,1,01,1","0060,9",,,,,"99999,9,09402,1","7,1,023,1,+999,9",,"4,99,0088,1","SYN023333   81073 91117 94010",
"07360099999","1990-01-29T18:00:00","4","46.1666666","1.8666666","551.0","GUERET, FR","FM-12","99999","V020","180,1,N,0041,1","99999,9,9,N","999999,9,N,9","+0055,1","-0003,1","10037,1","06,0000,9,1",,,"4,000",,,,,,,,,"0000,9",,,"999,M,+0108,1",,"99999,9,09388,1","7,1,014,1,+999,9",,"4,99,0082,1","SYN023333   10108 91116 94000",
"07360099999","1990-01-29T21:00:00","4","46.1666666","1.8666666","551.0","GUERET, FR","FM-12","99999","V020","230,1,N,0082,1","99999,9,9,N","999999,9,N,9","+0069,1","+0012,1","10022,1","06,0000,9,1",,,"4,000",,,,,,,,,"0000,9",,,,,"99999,9,09377,1","7,1,011,1,+999,9",,"4,99,0149,1","SYN017333   91129 94000",
"07360099999","1990-01-30T00:00:00","4","46.1666666","1.8666666","551.0","GUERET, FR","FM-12","99999","V020","210,1,N,0072,1","99999,9,9,N","999999,9,N,9","+0047,1","+0038,1","10030,1","06,0000,9,1",,,"4,000",,,,,,,,,"0012,9",,,,,"99999,9,09380,1","2,1,003,1,+999,9",,"4,99,0139,1","SYN017333   91127 94002",
"07360099999","1990-01-30T03:00:00","4","46.1666666","1.8666666","551.0","GUERET, FR","FM-12","99999","V020","230,1,N,0051,1","99999,9,9,N","999999,9,N,9","+0045,1","+0045,1","10050,1","99,0010,9,1",,,"0,000",,,"4,1,03,1",,,,,,"0030,9",,,,,"99999,9,09398,1","2,1,018,1,+999,9","41,1","4,99,0129,1","SYN017333   91125 94005",
"07360099999","1990-01-30T06:00:00","4","46.1666666","1.8666666","551.0","GUERET, FR","FM-12","99999","V020","230,1,N,0062,1","00300,1,C,N","005000,1,N,9","+0051,1","+0051,1","10063,1","99,0030,9,1",,,"0,000",,,,,"04,1,+00150,9,07,9","05,1,+00300,9,08,9","07,1,+00480,9,05,9","08,99,1,08,1,08,1,00150,1,99,9,99,9","0504,9","09,9","999,+0040,9","999,N,+0045,1",,"99999,9,09412,1","2,1,014,1,+999,9","25,1","4,99,0149,1","SYN047333   20045 31004 84705 85810 87616 91129 94084",
"07360099999","1990-01-30T09:00:00","4","46.1666666","1.8666666","551.0","GUERET, FR","FM-12","99999","V020","250,1,N,0062,1","00300,1,C,N","005000,1,N,9","+0055,1","+0055,1","10095,1","99,0005,9,1",,,"0,001",,,"8,1,03,1","1,1,03,1","07,1,+00300,9,08,9",,,"08,99,1,07,1,02,1,00450,1,99,9,99,9","0018,9",,,,,"99999,9,09443,1","2,1,031,1,+999,9","80,1","4,99,0149,1","SYN023333   87810 91129 94003",
"07360099999","1990-01-30T12:00:00","4","46.1666666","1.8666666","551.0","GUERET, FR","FM-12","99999","V020","240,1,N,0062,1","00390,1,C,N","010000,1,N,9","+0076,1","+0065,1","10107,1","06,0005,9,1",,,"0,000",,,"8,1,06,1","1,1,06,1","06,1,+00390,9,08,9",,,"06,99,1,06,1,02,1,00450,1,00,1,00,1","0006,9",,,,,"99999,9,09459,1","2,1,016,1,+999,9","01,1","4,99,0129,1","SYN023333   86813 91125 94001",
"07360099999","1990-01-30T15:00:00","4","46.1666666","1.8666666","551.0","GUERET, FR","FM-12","99999","V020","240,1,N,0062,1","22000,1,C,N","006000,1,N,9","+0076,1","+0067,1","10115,1","99,9999,2,9",,,"0,001",,,"8,1,03,1","1,1,03,1","03,1,+00390,9,08,9",,,"04,99,1,03,1,02,1,00450,1,00,1,01,1","0006,9",,,,,"99999,9,09466,1","2,1,007,1,+999,9","80,1","4,99,0139,1","SYN023333   83813 91127 94001",
"07360099999","1990-01-30T18:00:00","4","46.1666666","1.8666666","551.0","GUERET, FR","FM-12","99999","V020","220,1,N,0062,1","99999,9,9,N","999999,9,N,9","+0071,1","+0064,1","10127,1","99,0005,9,1",,,"0,000",,,,,,,,,"0000,9",,,"999,M,+0082,1",,"99999,9,09476,1","2,1,010,1,+999,9",,"4,99,0108,1","SYN023333   10082 91121 94000",
"07360099999","1990-01-30T21:00:00","4","46.1666666","1.8666666","551.0","GUERET, FR","FM-12","99999","V020","170,1,N,0051,1","99999,9,9,N","999999,9,N,9","+0064,1","+0049,1","10119,1","06,0000,9,1",,,"4,000",,,,,,,,,"0000,9",,,,,"99999,9,09467,1","7,1,009,1,+999,9",,"4,99,0098,1","SYN017333   91119 94000",
"07360099999","1990-01-31T03:00:00","4","46.1666666","1.8666666","551.0","GUERET, FR","FM-12","99999","V020","170,1,N,0072,1","99999,9,9,N","999999,9,N,9","+0062,1","+0021,1","10077,1","06,0000,9,1",,,"4,000",,,,,,,,,"0000,9",,,,,"99999,9,09427,1","7,1,022,1,+999,9",,"4,99,0139,1","SYN017333   91127 94000",
"07360099999","1990-01-31T06:00:00","4","46.1666666","1.8666666","551.0","GUERET, FR","FM-12","99999","V020","170,1,N,0062,1","22000,1,C,N","010000,1,N,9","+0064,1","+0017,1","10051,1","06,0000,9,1",,,"4,000",,,,,"04,1,+00600,9,05,9",,,"04,99,1,04,1,05,1,00800,1,00,1,00,1","0270,9","01,9","999,+0040,9","999,N,+0057,1",,"99999,9,09403,1","7,1,024,1,+999,9",,"4,99,0108,1","SYN035333   20057 30004 84620 91121 94045",
"07360099999","1990-01-31T09:00:00","4","46.1666666","1.8666666","551.0","GUERET, FR","FM-12","99999","V020","190,1,N,0041,1","00900,1,C,N","030000,1,N,9","+0072,1","+0013,1","10033,1","06,0000,9,1",,,"4,000",,,,,"06,1,+00900,9,05,9",,,"06,99,1,06,1,05,1,00800,1,00,1,00,1","0000,9",,,,,"99999,9,09388,1","7,1,015,1,+999,9",,"4,99,0082,1","SYN023333   86630 91116 94000",
"07360099999","1990-01-31T12:00:00","4","46.1666666","1.8666666","551.0","GUERET, FR","FM-12","99999","V020","190,1,N,0021,1","00990,1,C,N","040000,1,N,9","+0111,1","+0032,1","10003,1","06,0000,9,1",,,"4,000",,,,,"05,1,+00990,9,05,9","03,1,+03300,9,03,9",,"06,99,1,05,1,05,1,01250,1,03,1,00,1","0006,9",,,,,"99999,9,09368,1","7,1,020,1,+999,9",,"4,99,0051,1","SYN029333   85633 83361 91110 94001",
"07360099999","1990-01-31T18:00:00","4","46.1666666","1.8666666","551.0","GUERET, FR","FM-12","99999","V020","240,1,N,0062,1","99999,9,9,N","999999,9,N,9","+0099,1","+0025,1","10027,1","06,0000,9,1",,,"4,000",,,,,,,,,"0000,9",,,"999,M,+0122,1",,"99999,9,09389,1","2,1,015,1,+999,9",,"4,99,0170,1","SYN023333   10122 91133 94000",
"07360099999","1990-01-31T21:00:00","4","46.1666666","1.8666666","551.0","GUERET, FR","FM-12","99999","V020","250,1,N,0062,1","99999,9,9,N","999999,9,N,9","+0058,1","+0057,1","10063,1","06,0000,9,1",,,"4,000",,,,,,,,,"0000,9",,,,,"99999,9,09414,1","2,1,025,1,+999,9",,"4,99,0118,1","SYN017333   91123 94000",
"07360099999","1990-02-01T00:00:00","4","46.1666666","1.8666666","551.0","GUERET, FR","FM-12","99999","V020","250,1,N,0051,1","99999,9,9,N","999999,9,N,9","+0044,1","+0043,1","10089,1","06,0020,9,1",,,"0,000",,,"4,1,06,1",,,,,,"0060,9",,,,,"99999,9,09434,1","2,1,020,1,+999,9","21,1","4,99,0118,1","SYN017333   91123 94010",
"07360099999","1990-02-01T03:00:00","4","46.1666666","1.8666666","551.0","GUERET, FR","FM-12","99999","V020","230,1,N,0051,1","99999,9,9,N","999999,9,N,9","+0042,1","+0036,1","10100,1","06,0000,9,1",,,"4,000",,,,,,,,,"0000,9",,,,,"99999,9,09444,1","2,1,010,1,+999,9",,"4,99,0108,1","SYN017333   91121 94000",
"07360099999","1990-02-01T06:00:00","4","46.1666666","1.8666666","551.0","GUERET, FR","FM-12","99999","V020","220,1,N,0062,1","00480,1,C,N","006000,1,N,9","+0044,1","+0044,1","10118,1","99,0020,9,1",,,"0,000",,,"6,1,06,1",,"03,1,+00180,9,07,9","07,1,+00480,9,05,9",,"07,99,1,07,1,05,1,00250,1,99,9,99,9","0192,9","09,9","999,+0040,9","999,N,+0040,1",,"99999,9,09461,1","2,1,017,1,+999,9","02,1","4,99,0129,1","SYN041333   20040 31004 83706 87616 91125 94032",
"07360099999","1990-02-01T09:00:00","4","46.1666666","1.8666666","551.0","GUERET, FR","FM-12","99999","V020","210,1,N,0031,1","00600,1,C,N","010000,1,N,9","+0048,1","+0047,1","10138,1","99,9999,2,9",,,"0,001",,,"8,1,03,1","2,1,03,1","03,1,+00180,9,07,9","05,1,+00600,9,05,9",,"07,99,1,07,1,08,1,00250,1,99,9,99,9","0006,9",,,,,"99999,9,09482,1","2,1,021,1,+999,9","80,1","4,99,0088,1","SYN029333   83706 85620 91117 94001",
"07360099999","1990-02-01T12:00:00","4","46.1666666","1.8666666","551.0","GUERET, FR","FM-12","99999","V020","220,1,N,0041,1","00600,1,C,N","030000,1,N,9","+0069,1","+0049,1","10136,1","06,9999,2,9",,,"0,000",,,"8,1,06,1","2,1,06,1","05,1,+00600,9,08,9",,,"06,99,1,05,1,02,1,00800,1,03,1,00,1","0018,9",,,,,"99999,9,09484,1","2,1,002,1,+999,9","25,1","4,99,0088,1","SYN023333   85820 91117 94003",
"07360099999","1990-02-01T15:00:00","4","46.1666666","1.8666666","551.0","GUERET, FR","FM-12","99999","V020","230,1,N,0041,1","22000,1,C,N","030000,1,N,9","+0081,1","+0039,1","10115,1","06,0000,9,1",,,"4,000",,,,,"03,1,+00690,9,08,9",,,"03,99,1,03,1,02,1,00800,1,00,1,00,1","0036,9",,,,,"99999,9,09467,1","7,1,017,1,+999,9",,"4,99,0108,1","SYN023333   83823 91121 94006",
"07360099999","1990-02-01T18:00:00","4","46.1666666","1.8666666","551.0","GUERET, FR","FM-12","99999","V020","180,1,N,0031,1","99999,9,9,N","999999,9,N,9","+0056,1","+0036,1","10102,1","99,9999,2,9",,,"0,000",,,,,,,,,"0000,9",,,"999,M,+0081,1",,"99999,9,09449,1","7,1,018,1,+999,9",,"4,99,0088,1","SYN023333   10081 91117 94000",
"07360099999","1990-02-01T21:00:00","4","46.1666666","1.8666666","551.0","GUERET, FR","FM-12","99999","V020","200,1,N,0072,1","99999,9,9,N","999999,9,N,9","+0054,1","+0022,1","10090,1","06,0000,9,1",,,"4,000",,,,,,,,,"0000,9",,,,,"99999,9,09437,1","7,1,012,1,+999,9",,"4,99,0170,1","SYN017333   91133 94000",
"07360099999","1990-02-02T03:00:00","4","46.1666666","1.8666666","551.0","GUERET, FR","FM-12","99999","V020","210,1,N,0082,1","99999,9,9,N","999999,9,N,9","+0058,1","+0046,1","10089,1","99,0003,9,1",,,"0,000",,,"4,1,03,1",,,,,,"0036,9",,,,,"99999,9,09437,1","2,1,009,1,+999,9","21,1","4,99,0160,1","SYN017333   91131 94006",
"07360099999","1990-02-02T06:00:00","4","46.1666666","1.8666666","551.0","GUERET, FR","FM-12","99999","V020","240,1,N,0082,1","00600,1,C,N","010000,1,N,9","+0056,1","+0053,1","10124,1","99,0010,9,1",,,"0,000",,,"5,1,06,1",,"02,1,+00150,9,07,9","08,1,+00600,9,05,9",,"08,99,1,08,1,05,1,00150,1,99,9,99,9","0276,9","09,9","999,+0040,9","999,N,+0048,1",,"99999,9,09470,1","2,1,033,1,+999,9","20,1","4,99,0160,1","SYN041333   20048 31004 82705 88620 91131 94046",
"07360099999","1990-02-02T09:00:00","4","46.1666666","1.8666666","551.0","GUERET, FR","FM-12","99999","V020","250,1,N,0072,1","00480,1,C,N","005000,1,N,9","+0049,1","+0042,1","10164,1","99,0010,9,1",,,"0,000",,,"8,1,03,1","2,1,03,1","07,1,+00480,9,08,9",,,"07,99,1,07,1,02,1,00450,1,99,9,99,9","0006,9",,,,,"99999,9,09506,1","2,1,036,1,+999,9","25,1","4,99,0129,1","SYN023333   87816 91125 94001",
"07360099999","1990-02-02T12:00:00","4","46.1666666","1.8666666","551.0","GUERET, FR","FM-12","99999","V020","240,1,N,0072,1","00690,1,C,N","025000,1,N,9","+0085,1","+0043,1","10175,1","06,0020,9,1",,,"0,000",,,"8,1,06,1","2,1,06,1","05,1,+00690,9,08,9",,,"05,99,1,05,1,02,1,00800,1,00,1,00,1","0054,9",,,,,"99999,9,09524,1","2,1,018,1,+999,9","01,1","4,99,0139,1","SYN023333   85823 91127 94009",
"07360099999","1990-02-02T15:00:00","4","46.1666666","1.8666666","551.0","GUERET, FR","FM-12","99999","V020","240,1,N,0051,1","22000,1,C,N","030000,1,N,9","+0083,1","+0034,1","10184,1","06,0000,9,1",,,"4,000",,,,,"03,1,+00750,9,08,9",,,"04,99,1,03,1,02,1,00800,1,00,1,01,1","0042,9",,,,,"99999,9,09532,1","2,1,008,1,+999,9",,"4,99,0118,1","SYN023333   83825 91123 94007",
"07360099999","1990-02-02T21:00:00","4","46.1666666","1.8666666","551.0","GUERET, FR","FM-12","99999","V020","200,1,N,0051,1","99999,9,9,N","999999,9,N,9","+0050,1","+0030,1","10196,1","06,0000,9,1",,,"4,000",,,,,,,,,"0000,9",,,,,"99999,9,09536,1","7,1,001,1,+999,9",,"4,99,0108,1","SYN017333   91121 94000",
"07360099999","1990-02-03T00:00:00","4","46.1666666","1.8666666","551.0","GUERET, FR","FM-12","99999","V020","180,1,N,0051,1","99999,9,9,N","999999,9,N,9","+0056,1","+0046,1","10180,1","06,0000,9,1",,,"4,000",,,,,,,,,"0000,9",,,,,"99999,9,09523,1","7,1,013,1,+999,9",,"4,99,0088,1","SYN017333   91117 94000",
"07360099999","1990-02-03T03:00:00","4","46.1666666","1.8666666","551.0","GUERET, FR","FM-12","99999","V020","170,1,N,0072,1","99999,9,9,N","999999,9,N,9","+0067,1","+0040,1","10150,1","06,0000,9,1",,,"4,000",,,,,,,,,"0000,9",,,,,"99999,9,09497,1","7,1,026,1,+999,9",,"4,99,0129,1","SYN017333   91125 94000",
"07360099999","1990-02-03T06:00:00","4","46.1666666","1.8666666","551.0","GUERET, FR","FM-12","99999","V020","170,1,N,0082,1","22000,1,C,N","025000,1,N,9","+0080,1","+0035,1","10123,1","06,0000,9,1",,,"4,000",,,,,"03,1,+07500,9,00,9",,,"03,99,1,00,1,00,1,99999,9,00,1,01,1","0414,9","01,9","999,+0040,9","999,N,+0049,1",,"99999,9,09474,1","7,1,023,1,+999,9",,"4,99,0139,1","SYN035333   20049 30004 83075 91127 94069",
"07360099999","1990-02-03T09:00:00","4","46.1666666","1.8666666","551.0","GUERET, FR","FM-12","99999","V020","180,1,N,0062,1","07500,1,C,N","030000,1,N,9","+0108,1","+0024,1","10092,1","06,0000,9,1",,,"4,000",,,,,"01,1,+03000,9,03,9","06,1,+07500,9,00,9",,"06,99,1,01,1,00,1,99999,9,03,1,02,1","0060,9",,,,,"99999,9,09451,1","7,1,023,1,+999,9",,"4,99,0129,1","SYN029333   81360 86075 91125 94010",
"07360099999","1990-02-03T12:00:00","4","46.1666666","1.8666666","551.0","GUERET, FR","FM-12","99999","V020","220,1,N,0087,1","02700,1,C,N","030000,1,N,9","+0088,1","+0055,1","10144,1","06,0003,9,1",,,"0,000",,,"6,1,06,1","2,1,06,1","04,1,+01080,9,05,9","07,1,+02700,9,04,9",,"08,99,1,04,1,05,1,01250,1,01,1,99,9","0018,9",,,,,"99999,9,09496,1","2,1,045,1,+999,9","21,1","4,99,0221,1","SYN029333   84636 87459 91143 94003",
"07360099999","1990-02-03T15:00:00","4","46.1666666","1.8666666","551.0","GUERET, FR","FM-12","99999","V020","250,1,N,0087,1","99999,9,9,N","999999,9,N,9","+0071,1","+0056,1","10207,1","99,0010,9,1",,,"0,000",,,"4,1,03,1",,,,,,"0054,9",,,,,"99999,9,09551,1","2,1,055,1,+999,9","21,1","4,99,0180,1","SYN017333   91135 94009",
"07360099999","1990-02-03T18:00:00","4","46.1666666","1.8666666","551.0","GUERET, FR","FM-12","99999","V020","250,1,N,0072,1","99999,9,9,N","999999,9,N,9","+0056,1","+0038,1","10261,1","99,0010,9,1",,,"0,000",,,,,,,,,"0000,9",,,"999,M,+0132,1",,"99999,9,09598,1","2,1,047,1,+999,9",,"4,99,0149,1","SYN023333   10132 91129 94000",
"07360099999","1990-02-03T21:00:00","4","46.1666666","1.8666666","551.0","GUERET, FR","FM-12","99999","V020","240,1,N,0051,1","99999,9,9,N","999999,9,N,9","+0037,1","+0031,1","10295,1","06,0000,9,1",,,"4,000",,,,,,,,,"0000,9",,,,,"99999,9,09625,1","2,1,027,1,+999,9",,"4,99,0088,1","SYN017333   91117 94000",
"07360099999","1990-02-04T00:00:00","4","46.1666666","1.8666666","551.0","GUERET, FR","FM-12","99999","V020","230,1,N,0031,1","99999,9,9,N","999999,9,N,9","+0040,1","+0034,1","10307,1","06,0000,9,1",,,"4,000",,,,,,,,,"0000,9",,,,,"99999,9,09637,1","2,1,012,1,+999,9",,"4,99,0072,1","SYN017333   91114 94000",
"07360099999","1990-02-04T03:00:00","4","46.1666666","1.8666666","551.0","GUERET, FR","FM-12","99999","V020","210,1,N,0031,1","99999,9,9,N","999999,9,N,9","+0030,1","+0027,1","10315,1","06,0000,9,1",,,"4,000",,,,,,,,,"0000,9",,,,,"99999,9,09642,1","2,1,005,1,+999,9",,"4,99,0062,1","SYN017333   91112 94000",
"07360099999","1990-02-04T06:00:00","4","46.1666666","1.8666666","551.0","GUERET, FR","FM-12","99999","V020","180,1,N,0031,1","22000,1,C,N","010000,1,N,9","+0026,1","+0014,1","10310,1","06,0000,9,1",,,"4,000",,,,,,,,"00,99,1,00,1,00,1,99999,9,00,1,00,1","0354,9","09,9","999,+0000,9","999,N,+0020,1",,"99999,9,09636,1","7,1,006,1,+999,9",,"4,99,0062,1","SYN029333   20020 31000 91112 94059",
"07360099999","1990-02-04T09:00:00","4","46.1666666","1.8666666","551.0","GUERET, FR","FM-12","99999","V020","170,1,N,0031,1","22000,1,C,N","020000,1,N,9","+0065,1","+0010,1","10308,1","06,0000,9,1",,,"4,000",,,,,,,,"00,99,1,00,1,00,1,99999,9,00,1,00,1","0060,9",,,,,"99999,9,09643,1","2,1,007,1,+999,9",,"4,99,0051,1","SYN017333   91110 94010",
"07360099999","1990-02-04T12:00:00","4","46.1666666","1.8666666","551.0","GUERET, FR","FM-12","99999","V020","190,1,N,0031,1","22000,1,C,N","040000,1,N,9","+0122,1","+0000,1","10289,1","06,0000,9,1",,,"4,000",,,,,"01,1,+08400,9,00,9",,,"01,99,1,00,1,00,1,99999,9,00,1,01,1","0060,9",,,,,"99999,9,09638,1","7,1,005,1,+999,9",,"4,99,0072,1","SYN023333   81078 91114 94010",
"07360099999","1990-02-04T15:00:00","4","46.1666666","1.8666666","551.0","GUERET, FR","FM-12","99999","V020","210,1,N,0021,1","99999,9,9,N","999999,9,N,9","+0139,1","-0058,1","10273,1","06,0000,9,1",,,"4,000",,,,,,,,,"0060,9",,,,,"99999,9,09627,1","7,1,011,1,+999,9",,"4,99,0062,1","SYN017333   91112 94010",
"07360099999","1990-02-04T18:00:00","4","46.1666666","1.8666666","551.0","GUERET, FR","FM-12","99999","V020","170,1,N,0031,1","99999,9,9,N","999999,9,N,9","+0089,1","-0069,1","10284,1","06,0000,9,1",,,"4,000",,,,,,,,,"0000,9",,,"999,M,+0144,1",,"99999,9,09625,1","7,1,002,1,+999,9",,"4,99,0041,1","SYN023333   10144 91108 94000",
"07360099999","1990-02-04T21:00:00","4","46.1666666","1.8666666","551.0","GUERET, FR","FM-12","99999","V020","170,1,N,0031,1","99999,9,9,N","999999,9,N,9","+0077,1","-0075,1","10288,1","06,0000,9,1",,,"4,000",,,,,,,,,"0000,9",,,,,"99999,9,09627,1","2,1,002,1,+999,9",,"4,99,0041,1","SYN017333   91108 94000",
"07360099999","1990-02-05T00:00:00","4","46.1666666","1.8666666","551.0","GUERET, FR","FM-12","99999","V020","200,1,N,0031,1","99999,9,9,N","999999,9,N,9","+0070,1","-0050,1","10283,1","06,0000,9,1",,,"4,000",,,,,,,,,"0000,9",,,,,"99999,9,09621,1","7,1,006,1,+999,9",,"4,99,0062,1","SYN017333   91112 94000",
"07360099999","1990-02-05T03:00:00","4","46.1666666","1.8666666","551.0","GUERET, FR","FM-12","99999","V020","150,1,N,0031,1","99999,9,9,N","999999,9,N,9","+0052,1","-0049,1","10273,1","06,0000,9,1",,,"4,000",,,,,,,,,"0000,9",,,,,"99999,9,09607,1","7,1,014,1,+999,9",,"4,99,0051,1","SYN017333   91110 94000",
"07360099999","1990-02-05T06:00:00","4","46.1666666","1.8666666","551.0","GUERET, FR","FM-12","99999","V020","170,1,N,0021,1","22000,1,C,N","015000,1,N,9","+0053,1","-0009,1","10265,1","06,0000,9,1",,,"4,000",,,,,,,,"00,99,1,00,1,00,1,99999,9,00,1,00,1","0516,9","01,9","999,+0020,9","999,N,+0047,1",,"99999,9,09600,1","7,1,007,1,+999,9",,"4,99,0051,1","SYN029333   20047 30002 91110 94086",
"07360099999","1990-02-05T09:00:00","4","46.1666666","1.8666666","551.0","GUERET, FR","FM-12","99999","V020","200,1,N,0031,1","22000,1,C,N","075000,1,N,9","+0097,1","+0016,1","10254,1","06,0000,9,1",,,"4,000",,,,,,,,"00,99,1,00,1,00,1,99999,9,00,1,00,1","0060,9",,,,,"99999,9,09601,1","2,1,001,1,+999,9",,"4,99,0082,1","SYN017333   91116 94010",
"07360099999","1990-02-05T12:00:00","4","46.1666666","1.8666666","551.0","GUERET, FR","FM-12","99999","V020","170,1,N,0041,1","22000,1,C,N","050000,1,N,9","+0156,1","+0024,1","10230,1","06,0000,9,1",,,"4,000",,,,,,,,"00,99,1,00,1,00,1,99999,9,00,1,00,1","0060,9",,,,,"99999,9,09591,1","7,1,010,1,+999,9",,"4,99,0088,1","SYN017333   91117 94010",
"07360099999","1990-02-05T15:00:00","4","46.1666666","1.8666666","551.0","GUERET, FR","FM-12","99999","V020","170,1,N,0031,1","22000,1,C,N","050000,1,N,9","+0167,1","+0050,1","10210,1","06,0000,9,1",,,"4,000",,,,,,,,"00,99,1,00,1,00,1,99999,9,00,1,00,1","0060,9",,,,,"99999,9,09575,1","7,1,016,1,+999,9",,"4,99,0062,1","SYN017333   91112 94010",
"07360099999","1990-02-05T18:00:00","4","46.1666666","1.8666666","551.0","GUERET, FR","FM-12","99999","V020","160,1,N,0021,1","99999,9,9,N","999999,9,N,9","+0102,1","+0039,1","10216,1","06,0000,9,1",,,"4,000",,,,,,,,,"0000,9",,,"999,M,+0175,1",,"99999,9,09566,1","7,1,009,1,+999,9",,"4,99,0051,1","SYN023333   10175 91110 94000",
"07360099999","1990-02-05T21:00:00","4","46.1666666","1.8666666","551.0","GUERET, FR","FM-12","99999","V020","160,1,N,0031,1","99999,9,9,N","999999,9,N,9","+0077,1","+0026,1","10207,1","06,0000,9,1",,,"4,000",,,,,,,,,"0000,9",,,,,"99999,9,09552,1","7,1,014,1,+999,9",,"4,99,0062,1","SYN017333   91112 94000",
"07360099999","1990-02-06T00:00:00","4","46.1666666","1.8666666","551.0","GUERET, FR","FM-12","99999","V020","160,1,N,0021,1","99999,9,9,N","999999,9,N,9","+0075,1","+0020,1","10190,1","06,0000,9,1",,,"4,000",,,,,,,,,"0000,9",,,,,"99999,9,09535,1","7,1,017,1,+999,9",,"4,99,0051,1","SYN017333   91110 94000",
"07360099999","1990-02-06T03:00:00","4","46.1666666","1.8666666","551.0","GUERET, FR","FM-12","99999","V020","190,1,N,0051,1","99999,9,9,N","999999,9,N,9","+0084,1","+0033,1","10160,1","06,0000,9,1",,,"4,000",,,,,,,,,"0000,9",,,,,"99999,9,09509,1","7,1,026,1,+999,9",,"4,99,0108,1","SYN017333   91121 94000",
"07360099999","1990-02-06T06:00:00","4","46.1666666","1.8666666","551.0","GUERET, FR","FM-12","99999","V020","200,1,N,0062,1","07800,1,C,N","025000,1,N,9","+0093,1","+0037,1","10141,1","06,0000,9,1",,,"4,000",,,,,"03,1,+03000,9,03,9","07,1,+07800,9,00,9",,"07,99,1,03,1,00,1,99999,9,03,1,02,1","0516,9","01,9","999,+0050,9","999,N,+0073,1",,"99999,9,09494,1","7,1,015,1,+999,9",,"4,99,0139,1","SYN041333   20073 30005 83360 87076 91127 94086",
"07360099999","1990-02-06T09:00:00","4","46.1666666","1.8666666","551.0","GUERET, FR","FM-12","99999","V020","210,1,N,0072,1","03000,1,C,N","040000,1,N,9","+0109,1","+0046,1","10140,1","06,0000,9,1",,,"4,000",,,,,"07,1,+03000,9,03,9",,,"07,99,1,07,1,00,1,99999,9,07,1,99,9","0000,9",,,,,"99999,9,09497,1","2,1,003,1,+999,9",,"4,99,0149,1","SYN023333   87360 91129 94000",
"07360099999","1990-02-06T12:00:00","4","46.1666666","1.8666666","551.0","GUERET, FR","FM-12","99999","V020","210,1,N,0082,1","03000,1,C,N","030000,1,N,9","+0123,1","+0055,1","10141,1","06,0000,9,1",,,"4,000",,,,,"07,1,+03000,9,03,9",,,"07,99,1,07,1,00,1,99999,9,07,1,99,9","0012,9",,,,,"99999,9,09500,1","2,1,003,1,+999,9",,"4,99,0160,1","SYN023333   87360 91131 94002",
"07360099999","1990-02-06T15:00:00","4","46.1666666","1.8666666","551.0","GUERET, FR","FM-12","99999","V020","200,1,N,0062,1","03000,1,C,N","025000,1,N,9","+0121,1","+0068,1","10143,1","99,9999,2,9",,,"0,000",,,"6,1,03,1","2,1,03,1","08,1,+03000,9,03,9",,,"08,99,1,08,1,00,1,99999,9,07,1,99,9","0000,9",,,,,"99999,9,09502,1","2,1,002,1,+999,9","60,1","4,99,0149,1","SYN023333   88360 91129 94000",
"07360099999","1990-02-06T18:00:00","4","46.1666666","1.8666666","551.0","GUERET, FR","FM-12","99999","V020","230,1,N,0051,1","99999,9,9,N","999999,9,N,9","+0081,1","+0073,1","10184,1","99,0010,9,1",,,"0,000",,,"4,1,06,1",,,,,,"0030,9",,,"999,M,+0131,1",,"99999,9,09532,1","2,1,030,1,+999,9","21,1","4,99,0108,1","SYN023333   10131 91121 94005",
"07360099999","1990-02-06T21:00:00","4","46.1666666","1.8666666","551.0","GUERET, FR","FM-12","99999","V020","220,1,N,0041,1","99999,9,9,N","999999,9,N,9","+0058,1","+0055,1","10212,1","06,0000,9,1",,,"4,000",,,,,,,,,"0006,9",,,,,"99999,9,09553,1","2,1,021,1,+999,9",,"4,99,0082,1","SYN017333   91116 94001",
"07360099999","1990-02-07T00:00:00","4","46.1666666","1.8666666","551.0","GUERET, FR","FM-12","99999","V020","210,1,N,0031,1","99999,9,9,N","999999,9,N,9","+0051,1","+0048,1","10212,1","06,0050,9,1",,,"0,000",,,,,,,,,"0000,9",,,,,"99999,9,09551,1","7,1,002,1,+999,9",,"4,99,0082,1","SYN017333   91116 94000",
"07360099999","1990-02-07T03:00:00","4","46.1666666","1.8666666","551.0","GUERET, FR","FM-12","99999","V020","210,1,N,0041,1","99999,9,9,N","999999,9,N,9","+0055,1","+0043,1","10200,1","06,0000,9,1",,,"4,000",,,,,,,,,"0000,9",,,,,"99999,9,09541,1","7,1,010,1,+999,9",,"4,99,0088,1","SYN017333   91117 94000",
"07360099999","1990-02-07T06:00:00","4","46.1666666","1.8666666","551.0","GUERET, FR","FM-12","99999","V020","210,1,N,0062,1","00690,1,C,N","008000,1,N,9","+0073,1","+0035,1","10189,1","99,0050,9,1",,,"0,000",,,,,"06,1,+00690,9,05,9",,,"06,99,1,06,1,05,1,00800,1,00,1,00,1","0138,9","09,9","999,+0040,9","999,N,+0050,1",,"99999,9,09534,1","7,1,007,1,+999,9",,"4,99,0129,1","SYN035333   20050 31004 86623 91125 94023",
"07360099999","1990-02-07T09:00:00","4","46.1666666","1.8666666","551.0","GUERET, FR","FM-12","99999","V020","220,1,N,0072,1","03300,1,C,N","040000,1,N,9","+0085,1","+0047,1","10195,1","06,0000,9,1",,,"4,000",,,,,"07,1,+03300,9,03,9",,,"07,99,1,07,1,00,1,99999,9,03,1,99,9","0000,9",,,,,"99999,9,09543,1","2,1,009,1,+999,9",,"4,99,0160,1","SYN023333   87361 91131 94000",
"07360099999","1990-02-07T12:00:00","4","46.1666666","1.8666666","551.0","GUERET, FR","FM-12","99999","V020","220,1,N,0082,1","00900,1,C,N","040000,1,N,9","+0106,1","+0056,1","10198,1","06,0000,9,1",,,"4,000",,,,,"05,1,+00900,9,05,9","06,1,+03300,9,03,9",,"07,99,1,05,1,05,1,00800,1,03,1,99,9","0000,9",,,,,"99999,9,09550,1","2,1,007,1,+999,9",,"4,99,0170,1","SYN029333   85630 86361 91133 94000",
"07360099999","1990-02-07T15:00:00","4","46.1666666","1.8666666","551.0","GUERET, FR","FM-12","99999","V020","220,1,N,0072,1","03300,1,C,N","050000,1,N,9","+0110,1","+0055,1","10199,1","06,0000,9,1",,,"4,000",,,,,"04,1,+01200,9,05,9","05,1,+03300,9,03,9",,"06,99,1,04,1,05,1,01250,1,07,1,00,1","0000,9",,,,,"99999,9,09552,1","2,1,002,1,+999,9",,"4,99,0149,1","SYN029333   84640 85361 91129 94000",
"07360099999","1990-02-07T18:00:00","4","46.1666666","1.8666666","551.0","GUERET, FR","FM-12","99999","V020","220,1,N,0062,1","99999,9,9,N","999999,9,N,9","+0109,1","+0059,1","10208,1","06,0000,9,1",,,"4,000",,,,,,,,,"0000,9",,,"999,M,+0117,1",,"99999,9,09560,1","2,1,008,1,+999,9",,"4,99,0118,1","SYN023333   10117 91123 94000",
"07360099999","1990-02-08T09:00:00","4","46.1666666","1.8666666","551.0","GUERET, FR","FM-12","99999","V020","260,1,N,0082,1","02400,1,C,N","010000,1,N,9","+0093,1","+0085,1","10256,1","06,0000,9,1",,,"4,000",,,"6,1,03,1","2,1,03,1","01,1,+00150,9,07,9","04,1,+00480,9,05,9","07,1,+02400,9,03,9","07,99,1,04,1,05,1,00150,1,07,1,99,9","0018,9",,,,,"99999,9,09602,1","2,1,037,1,+999,9","01,1","4,99,0149,1","SYN035333   81705 84616 87358 91129 94003",
"07360099999","1990-02-08T12:00:00","4","46.1666666","1.8666666","551.0","GUERET, FR","FM-12","99999","V020","260,1,N,0062,1","00480,1,C,N","009000,1,N,9","+0095,1","+0064,1","10282,1","06,0005,9,1",,,"0,000",,,,,"05,1,+00480,9,08,9","08,1,+02400,9,03,9",,"08,99,1,05,1,02,1,00450,1,07,1,99,9","0006,9",,,,,"99999,9,09627,1","2,1,025,1,+999,9",,"4,99,0108,1","SYN029333   85816 88358 91121 94001",
"07360099999","1990-02-08T15:00:00","4","46.1666666","1.8666666","551.0","GUERET, FR","FM-12","99999","V020","270,1,N,0062,1","22000,1,C,N","030000,1,N,9","+0095,1","+0033,1","10290,1","06,0000,9,1",,,"4,000",,,,,"03,1,+00690,9,08,9",,,"03,99,1,03,1,02,1,00800,1,03,1,00,1","0030,9",,,,,"99999,9,09634,1","2,1,007,1,+999,9",,"4,99,0118,1","SYN023333   83823 91123 94005",
"07360099999","1990-02-08T18:00:00","4","46.1666666","1.8666666","551.0","GUERET, FR","FM-12","99999","V020","250,1,N,0041,1","99999,9,9,N","999999,9,N,9","+0064,1","+0037,1","10313,1","99,0005,9,1",,,"0,000",,,,,,,,,"0000,9",,,"999,M,+0113,1",,"99999,9,09649,1","2,1,015,1,+999,9",,"4,99,0062,1","SYN023333   10113 91112 94000",
"07360099999","1990-02-08T21:00:00","4","46.1666666","1.8666666","551.0","GUERET, FR","FM-12","99999","V020","270,1,N,0031,1","99999,9,9,N","999999,9,N,9","+0051,1","+0030,1","10331,1","06,0000,9,1",,,"4,000",,,,,,,,,"0000,9",,,,,"99999,9,09662,1","2,1,013,1,+999,9",,"4,99,0062,1","SYN017333   91112 94000",
"07360099999","1990-02-09T00:00:00","4","46.1666666","1.8666666","551.0","GUERET, FR","FM-12","99999","V020","290,1,N,0031,1","99999,9,9,N","999999,9,N,9","+0034,1","+0018,1","10342,1","06,0000,9,1",,,"4,000",,,,,,,,,"0000,9",,,,,"99999,9,09668,1","2,1,006,1,+999,9",,"4,99,0041,1","SYN017333   91108 94000",
"07360099999","1990-02-09T03:00:00","4","46.1666666","1.8666666","551.0","GUERET, FR","FM-12","99999","V020","310,1,N,0021,1","99999,9,9,N","999999,9,N,9","+0031,1","+0019,1","10335,1","06,0000,9,1",,,"4,000",,,,,,,,,"0000,9",,,,,"99999,9,09661,1","7,1,007,1,+999,9",,"4,99,0021,1","SYN017333   91104 94000",
"07360099999","1990-02-09T06:00:00","4","46.1666666","1.8666666","551.0","GUERET, FR","FM-12","99999","V020","130,1,N,0021,1","22000,1,C,N","015000,1,N,9","+0024,1","+0018,1","10337,1","06,0000,9,1",,,"4,000",,,,,,,,"00,99,1,00,1,00,1,99999,9,00,1,00,1","0234,9","01,9","999,+0000,9","999,N,+0023,1",,"99999,9,09661,1","4,1,000,1,+999,9",,"4,99,0031,1","SYN029333   20023 30000 91106 94039",
"07360099999","1990-02-09T09:00:00","4","46.1666666","1.8666666","551.0","GUERET, FR","FM-12","99999","V020","120,1,N,0021,1","22000,1,C,N","020000,1,N,9","+0058,1","+0031,1","10333,1","06,0000,9,1",,,"4,000",,,,,"01,1,+06900,9,00,9",,,"01,99,1,00,1,00,1,99999,9,00,1,01,1","0060,9",,,,,"99999,9,09666,1","2,1,005,1,+999,9",,"4,99,0051,1","SYN023333   81073 91110 94010",
"07360099999","1990-02-09T12:00:00","4","46.1666666","1.8666666","551.0","GUERET, FR","FM-12","99999","V020","110,1,N,0021,1","22000,1,C,N","040000,1,N,9","+0085,1","+0017,1","10318,1","06,0000,9,1",,,"4,000",,,,,"03,1,+07500,9,00,9",,,"03,99,1,00,1,00,1,99999,9,00,1,01,1","0060,9",,,,,"99999,9,09657,1","7,1,009,1,+999,9",,"4,99,0082,1","SYN023333   83075 91116 94010",
"07360099999","1990-02-09T15:00:00","4","46.1666666","1.8666666","551.0","GUERET, FR","FM-12","99999","V020","130,1,N,0021,1","07800,1,C,N","040000,1,N,9","+0090,1","-0001,1","10288,1","06,0000,9,1",,,"4,000",,,,,"03,1,+03000,9,03,9","05,1,+07800,9,00,9",,"07,99,1,03,1,00,1,99999,9,03,1,01,1","0000,9",,,,,"99999,9,09631,1","7,1,026,1,+999,9",,"4,99,0031,1","SYN029333   83360 85076 91106 94000",
"07360099999","1990-02-09T18:00:00","4","46.1666666","1.8666666","551.0","GUERET, FR","FM-12","99999","V020","100,1,N,0021,1","99999,9,9,N","999999,9,N,9","+0072,1","+0004,1","10282,1","06,0000,9,1",,,"4,000",,,,,,,,,"0000,9",,,"999,M,+0101,1",,"99999,9,09621,1","7,1,010,1,+999,9",,"4,99,0031,1","SYN023333   10101 91106 94000",
"07360099999","1990-02-09T21:00:00","4","46.1666666","1.8666666","551.0","GUERET, FR","FM-12","99999","V020","160,1,N,0041,1","99999,9,9,N","999999,9,N,9","+0066,1","-0004,1","10267,1","06,0000,9,1",,,"4,000",,,,,,,,,"0000,9",,,,,"99999,9,09605,1","7,1,016,1,+999,9",,"4,99,0051,1","SYN017333   91110 94000",
"07360099999","1990-02-10T00:00:00","4","46.1666666","1.8666666","551.0","GUERET, FR","FM-12","99999","V020","160,1,N,0062,1","99999,9,9,N","999999,9,N,9","+0072,1","-0080,1","10240,1","06,0000,9,1",,,"4,000",,,,,,,,,"0000,9",,,,,"99999,9,09581,1","7,1,024,1,+999,9",,"4,99,0082,1","SYN017333   91116 94000",
"07360099999","1990-02-10T03:00:00","4","46.1666666","1.8666666","551.0","GUERET, FR","FM-12","99999","V020","190,1,N,0051,1","99999,9,9,N","999999,9,N,9","+0087,1","-0124,1","10198,1","06,0000,9,1",,,"4,000",,,,,,,,,"0000,9",,,,,"99999,9,09544,1","7,1,037,1,+999,9",,"4,99,0098,1","SYN017333   91119 94000",
"07360099999","1990-02-10T06:00:00","4","46.1666666","1.8666666","551.0","GUERET, FR","FM-12","99999","V020","190,1,N,0051,1","00990,1,C,N","008000,1,N,9","+0078,1","-0028,1","10173,1","99,0003,9,1",,,"0,000",,,"6,1,06,1","5,1,06,1","05,1,+00990,9,05,9","07,1,+03000,9,04,9",,"08,99,1,05,1,05,1,01250,1,02,1,99,9","0366,9","09,9","999,+0040,9","999,N,+0062,1",,"99999,9,09520,1","7,1,024,1,+999,9","60,1","4,99,0088,1","SYN041333   20062 31004 85633 87460 91117 94061",
"07360099999","1990-02-10T09:00:00","4","46.1666666","1.8666666","551.0","GUERET, FR","FM-12","99999","V020","210,1,N,0072,1","01200,1,C,N","008000,1,N,9","+0054,1","+0034,1","10166,1","99,0005,9,1",,,"0,000",,,"6,1,03,1","2,1,03,1","05,1,+01200,9,05,9","07,1,+03000,9,04,9",,"08,99,1,05,1,05,1,01250,1,02,1,99,9","0054,9",,,,,"99999,9,09509,1","7,1,011,1,+999,9","60,1","4,99,0160,1","SYN029333   85640 87460 91131 94009",
"07360099999","1990-02-10T12:00:00","4","46.1666666","1.8666666","551.0","GUERET, FR","FM-12","99999","V020","200,1,N,0051,1","00390,1,C,N","008000,1,N,9","+0064,1","+0063,1","10149,1","06,0010,9,1",,,"0,000",,,"6,1,06,1","2,1,06,1","04,1,+00180,9,07,9","04,1,+00390,9,05,9","07,1,+03000,9,04,9","08,99,1,06,1,07,1,00150,1,02,1,99,9","0012,9",,,,,"99999,9,09495,1","7,1,014,1,+999,9","60,1","4,99,0118,1","SYN035333   84706 84613 87460 91123 94002",
"07360099999","1990-02-10T15:00:00","4","46.1666666","1.8666666","551.0","GUERET, FR","FM-12","99999","V020","200,1,N,0072,1","99999,9,9,N","999999,9,N,9","+0070,1","+0070,1","10122,1","99,0003,9,1",,,"0,000",,,"4,1,03,1",,,,,,"0042,9",,,,,"99999,9,09472,1","7,1,023,1,+999,9","21,1","4,99,0149,1","SYN017333   91129 94007",
"07360099999","1990-02-10T18:00:00","4","46.1666666","1.8666666","551.0","GUERET, FR","FM-12","99999","V020","240,1,N,0087,1","99999,9,9,N","999999,9,N,9","+0074,1","+0074,1","10117,1","99,0040,9,1",,,"0,000",,,"4,1,06,1",,,,,,"0012,9",,,"999,M,+0080,1",,"99999,9,09467,1","7,1,005,1,+999,9","21,1","4,99,0201,1","SYN023333   10080 91139 94002",
"07360099999","1990-02-10T21:00:00","4","46.1666666","1.8666666","551.0","GUERET, FR","FM-12","99999","V020","230,1,N,0072,1","99999,9,9,N","999999,9,N,9","+0079,1","+0071,1","10097,1","06,0000,9,1",,,"4,000",,,,,,,,,"0000,9",,,,,"99999,9,09450,1","7,1,017,1,+999,9",,"4,99,0190,1","SYN017333   91137 94000",
"07360099999","1990-02-11T00:00:00","4","46.1666666","1.8666666","551.0","GUERET, FR","FM-12","99999","V020","260,1,N,0098,1","99999,9,9,N","999999,9,N,9","+0028,1","+0027,1","10129,1","06,0060,9,1",,,"0,000",,,"4,1,06,1",,,,,,"0054,9",,,,,"99999,9,09468,1","2,1,018,1,+999,9","41,1","4,99,0180,1","SYN017333   91135 94009",
"07360099999","1990-02-11T03:00:00","4","46.1666666","1.8666666","551.0","GUERET, FR","FM-12","99999","V020","260,1,N,0098,1","99999,9,9,N","999999,9,N,9","+0028,1","+0021,1","10140,1","06,0000,9,1",,,"4,000",,,,,,,,,"0000,9",,,,,"99999,9,09478,1","2,1,010,1,+999,9",,"4,99,0180,1","SYN017333   91135 94000",
"07360099999","1990-02-11T06:00:00","4","46.1666666","1.8666666","551.0","GUERET, FR","FM-12","99999","V020","250,1,N,0072,1","00990,1,C,N","010000,1,N,9","+0007,1","+0006,1","10175,1","99,0070,9,1",,,"0,000",,,"8,1,06,1",,"03,1,+00150,9,07,9","04,1,+00990,9,05,9",,"06,99,1,06,1,05,1,00150,1,00,1,00,1","0330,9","09,9","999,+0000,9","999,N,+0005,1",,"99999,9,09505,1","2,1,027,1,+999,9","01,1","4,99,0118,1","SYN041333   20005 31000 83705 84633 91123 94055",
"07360099999","1990-02-11T09:00:00","4","46.1666666","1.8666666","551.0","GUERET, FR","FM-12","99999","V020","240,1,N,0062,1","22000,1,C,N","020000,1,N,9","+0012,1","+0008,1","10184,1","06,0000,9,1",,,"4,000",,,,,"02,1,+00150,9,07,9",,,"03,99,1,03,1,06,1,00150,1,00,1,00,1","0054,9",,,,,"99999,9,09515,1","2,1,010,1,+999,9",,"4,99,0108,1","SYN023333   82705 91121 94009",
"07360099999","1990-02-11T12:00:00","4","46.1666666","1.8666666","551.0","GUERET, FR","FM-12","99999","V020","240,1,N,0051,1","22000,1,C,N","018000,1,N,9","+0060,1","+0028,1","10158,1","06,0000,9,1",,,"4,000",,,,,"04,1,+00450,9,08,9",,,"04,99,1,04,1,02,1,00450,1,00,1,00,1","0054,9",,,,,"99999,9,09503,1","7,1,012,1,+999,9",,"4,99,0108,1","SYN023333   84815 91121 94009",
"07360099999","1990-02-11T18:00:00","4","46.1666666","1.8666666","551.0","GUERET, FR","FM-12","99999","V020","210,1,N,0072,1","99999,9,9,N","999999,9,N,9","+0032,1","+0029,1","10046,1",,,,"2,000",,,,,,,,,"0060,9",,,,,"99999,9,09391,1",,"41,1","4,99,0170,1","SYN017333   91133 94010",
"07360099999","1990-02-11T21:00:00","4","46.1666666","1.8666666","551.0","GUERET, FR","FM-12","99999","V020","230,1,N,0082,1","99999,9,9,N","999999,9,N,9","+0031,1","+0030,1","09981,1","99,0030,9,1",,,"0,000",,,"4,1,03,1",,,,,,"0060,9",,,,,"99999,9,09330,1","7,1,061,1,+999,9","41,1","4,99,0232,1","SYN017333   91145 94010",
"07360099999","1990-02-12T00:00:00","4","46.1666666","1.8666666","551.0","GUERET, FR","FM-12","99999","V020","240,1,N,0062,1","99999,9,9,N","999999,9,N,9","+0015,1","+0015,1","09980,1","06,0190,9,1",,,"0,000",,,"4,1,06,1",,,,,,"0000,9",,,,,"99999,9,09326,1","7,1,004,1,+999,9","21,1","4,99,0139,1","SYN017333   91127 94000",
"07360099999","1990-02-12T03:00:00","4","46.1666666","1.8666666","551.0","GUERET, FR","FM-12","99999","V020","270,1,N,0098,1","99999,9,9,N","999999,9,N,9","+0006,1","+0005,1","09990,1","99,0010,9,1",,,"0,000",,,"4,1,03,1",,,,,,"0012,9",,,,,"99999,9,09333,1","2,1,007,1,+999,9","21,1","4,99,0211,1","SYN017333   91141 94002",
"07360099999","1990-02-12T06:00:00","4","46.1666666","1.8666666","551.0","GUERET, FR","FM-12","99999","V020","260,1,N,0087,1","00480,1,C,N","004000,1,N,9","+0009,1","+0005,1","10012,1","99,0240,9,1",,,"0,000","0003,9,1,999999,9,9",,"7,1,06,1","6,1,06,1","06,1,+00480,9,05,9",,,"06,99,1,06,1,05,1,00450,1,00,1,00,1","0726,9","27,9","999,+0000,9","999,N,+0004,1",,"99999,9,09354,1","2,1,021,1,+999,9","22,1","4,99,0160,1","SYN041333   20004 3/000 43003 86616 91131 94121",
"07360099999","1990-02-12T09:00:00","4","46.1666666","1.8666666","551.0","GUERET, FR","FM-12","99999","V020","250,1,N,0087,1","03000,1,C,N","010000,1,N,9","+0020,1","+0005,1","10030,1","06,0000,9,1",,,"4,000",,,,,"03,1,+00480,9,05,9","07,1,+03000,9,03,9",,"08,99,1,03,1,05,1,00450,1,03,1,99,9","0000,9",,,,,"99999,9,09373,1","2,1,019,1,+999,9",,"4,99,0149,1","SYN029333   83616 87360 91129 94000",
"07360099999","1990-02-12T12:00:00","4","46.1666666","1.8666666","551.0","GUERET, FR","FM-12","99999","V020","260,1,N,0072,1","03000,1,C,N","006000,1,N,9","+0019,1","+0010,1","10020,1","06,0010,9,1",,,"0,001",,,"7,1,06,1","2,1,06,1","03,1,+00180,9,07,9","06,1,+03000,9,03,9",,"08,99,1,04,1,07,1,00250,1,02,1,99,9","0030,9",,,,,"99999,9,09364,1","7,1,009,1,+999,9","68,1","4,99,0139,1","SYN029333   83706 86360 91127 94005",
"07360099999","1990-02-12T15:00:00","4","46.1666666","1.8666666","551.0","GUERET, FR","FM-12","99999","V020","220,1,N,0031,1","00060,1,C,N","000400,1,N,9","+0003,1","+0003,1","10007,1","99,0010,9,1",,,"0,001",,,"7,1,03,1","4,1,03,1","09,1,+00060,9,02,9",,,"09,99,1,09,1,99,9,99999,9,99,9,99,9","0060,9",,,,,"99999,9,09348,1","7,1,016,1,+999,9","73,1","4,99,0082,1","SYN023333   89202 91116 94010",
"07360099999","1990-02-12T18:00:00","4","46.1666666","1.8666666","551.0","GUERET, FR","FM-12","99999","V020","240,1,N,0041,1","99999,9,9,N","999999,9,N,9","+0002,1","+0002,1","10016,1","99,0060,9,1",,,"0,000",,,,,,,,,"0060,9",,,"999,M,+0030,1",,"99999,9,09356,1","2,1,008,1,+999,9",,"4,99,0088,1","SYN023333   10030 91117 94010",
"07360099999","1990-02-12T21:00:00","4","46.1666666","1.8666666","551.0","GUERET, FR","FM-12","99999","V020","240,1,N,0051,1","99999,9,9,N","999999,9,N,9","+0011,1","+0011,1","10032,1","99,0010,9,1",,,"0,000",,,"4,1,03,1",,,,,,"0042,9",,,,,"99999,9,09373,1","2,1,017,1,+999,9","41,1","4,99,0088,1","SYN017333   91117 94007",
"07360099999","1990-02-13T00:00:00","4","46.1666666","1.8666666","551.0","GUERET, FR","FM-12","99999","V020","260,1,N,0072,1","99999,9,9,N","999999,9,N,9","+0027,1","+0027,1","10044,1","06,0040,9,1",,,"0,000",,,"4,1,06,1",,,,,,"0000,9",,,,,"99999,9,09388,1","2,1,015,1,+999,9","21,1","4,99,0139,1","SYN017333   91127 94000",
"07360099999","1990-02-13T03:00:00","4","46.1666666","1.8666666","551.0","GUERET, FR","FM-12","99999","V020","260,1,N,0082,1","99999,9,9,N","999999,9,N,9","+0034,1","+0034,1","10062,1","06,0000,9,1",,,"4,000",,,,,,,,,"0000,9",,,,,"99999,9,09407,1","2,1,019,1,+999,9",,"4,99,0129,1","SYN017333   91125 94000",
"07360099999","1990-02-13T06:00:00","4","46.1666666","1.8666666","551.0","GUERET, FR","FM-12","99999","V020","260,1,N,0082,1","00180,1,C,N","009000,1,N,9","+0039,1","+0039,1","10069,1","99,0050,9,1",,,"0,000",,,"6,1,06,1",,"05,1,+00180,9,07,9","05,1,+00390,9,05,9",,"08,99,1,08,1,06,1,00150,1,99,9,99,9",,"11,9","999,+0000,9","999,N,+0002,1",,"99999,9,09414,1","2,1,007,1,+999,9","02,1","4,99,0129,1","SYN035333   20002 32000 85706 85613 91125",
"07360099999","1990-02-13T09:00:00","4","46.1666666","1.8666666","551.0","GUERET, FR","FM-12","99999","V020","240,1,N,0051,1","00180,1,C,N","006000,1,N,9","+0034,1","+0034,1","10066,1","99,0030,9,1",,,"0,001",,,"6,1,03,1","2,1,03,1","06,1,+00180,9,07,9","08,1,+00330,9,05,9",,"08,99,1,08,1,05,1,00150,1,99,9,99,9","0060,9",,,,,"99999,9,09411,1","7,1,003,1,+999,9","61,1","4,99,0088,1","SYN029333   86706 88611 91117 94010",
"07360099999","1990-02-13T12:00:00","4","46.1666666","1.8666666","551.0","GUERET, FR","FM-12","99999","V020","270,1,N,0098,1","00090,1,C,N","003500,1,N,9","+0086,1","+0086,1","10053,1","06,0140,9,1",,,"0,001",,,"6,1,06,1","2,1,06,1","08,1,+00090,9,07,9",,,"08,99,1,08,1,07,1,00075,1,99,9,99,9","0000,9",,,,,"99999,9,09411,1","4,1,000,1,+999,9","61,1","4,99,0232,1","SYN023333   88703 91145 94000",
"07360099999","1990-02-13T15:00:00","4","46.1666666","1.8666666","551.0","GUERET, FR","FM-12","99999","V020","260,1,N,0108,1","00120,1,C,N","004000,1,N,9","+0086,1","+0086,1","10058,1","99,0030,9,1",,,"0,001",,,"6,1,03,1","6,1,03,1","08,1,+00120,9,07,9",,,"08,99,1,08,1,07,1,00150,1,99,9,99,9","0000,9",,,,,"99999,9,09415,1","2,1,004,1,+999,9","63,1","4,99,0211,1","SYN023333   88704 91141 94000",
"07360099999","1990-02-13T18:00:00","4","46.1666666","1.8666666","551.0","GUERET, FR","FM-12","99999","V020","260,1,N,0098,1","99999,9,9,N","999999,9,N,9","+0090,1","+0090,1","10067,1","99,0310,9,1",,,"0,000",,,"4,1,06,1",,,,,,"0000,9",,,"999,M,+0090,1",,"99999,9,09425,1","2,1,010,1,+999,9","41,1","4,99,0190,1","SYN023333   10090 91137 94000",
"07360099999","1990-02-13T21:00:00","4","46.1666666","1.8666666","551.0","GUERET, FR","FM-12","99999","V020","260,1,N,0118,1","99999,9,9,N","999999,9,N,9","+0084,1","+0084,1","10074,1","99,0030,9,1",,,"0,000",,,"4,1,03,1",,,,,,"0000,9",,,,,"99999,9,09430,1","2,1,005,1,+999,9","41,1","4,99,0232,1","SYN017333   91145 94000",
"07360099999","1990-02-14T00:00:00","4","46.1666666","1.8666666","551.0","GUERET, FR","FM-12","99999","V020","260,1,N,0129,1","99999,9,9,N","999999,9,N,9","+0083,1","+0083,1","10077,1","06,0150,9,1",,,"0,000",,,"4,1,06,1",,,,,,"0000,9",,,,,"99999,9,09433,1","2,1,003,1,+999,9","41,1","4,99,0242,1","SYN017333   91147 94000",
"07360099999","1990-02-14T03:00:00","4","46.1666666","1.8666666","551.0","GUERET, FR","FM-12","99999","V020","250,1,N,0118,1","99999,9,9,N","999999,9,N,9","+0079,1","+0079,1","10075,1","99,0030,9,1",,,"0,000",,,"4,1,03,1",,,,,,"0000,9",,,,,"99999,9,09430,1","7,1,003,1,+999,9","41,1","4,99,0242,1","SYN017333   91147 94000",
"07360099999","1990-02-14T06:00:00","4","46.1666666","1.8666666","551.0","GUERET, FR","FM-12","99999","V020","260,1,N,0118,1","00090,1,C,N","003000,1,N,9","+0080,1","+0080,1","10078,1","99,0280,9,1",,,"0,001",,,"6,1,06,1","6,1,06,1","07,1,+00090,9,07,9",,,"08,99,1,08,1,07,1,00150,1,99,9,99,9","0240,9","11,9","999,+0080,9","999,N,+0079,1",,"99999,9,09433,1","2,1,003,1,+999,9","63,1","4,99,0252,1","SYN035333   20079 32008 87703 91149 94040",
"07360099999","1990-02-14T12:00:00","4","46.1666666","1.8666666","551.0","GUERET, FR","FM-12","99999","V020","250,1,N,0108,1","00090,1,C,N","002000,1,N,9","+0078,1","+0078,1","10078,1","06,0150,9,1",,,"0,001",,,"6,1,06,1","6,1,06,1","07,1,+00090,9,07,9",,,"08,99,1,08,1,07,1,00150,1,99,9,99,9","0000,9",,,,,"99999,9,09432,1","7,1,009,1,+999,9","63,1","4,99,0221,1","SYN023333   87703 91143 94000",
"07360099999","1990-02-14T15:00:00","4","46.1666666","1.8666666","551.0","GUERET, FR","FM-12","99999","V020","250,1,N,0129,1","00090,1,C,N","002000,1,N,9","+0083,1","+0083,1","10079,1","99,0020,9,1",,,"0,001",,,"6,1,03,1","6,1,03,1","07,1,+00090,9,07,9",,,"08,99,1,08,1,07,1,00150,1,99,9,99,9","0000,9",,,,,"99999,9,09435,1","2,1,003,1,+999,9","63,1","4,99,0232,1","SYN023333   87703 91145 94000",
"07360099999","1990-02-14T18:00:00","4","46.1666666","1.8666666","551.0","GUERET, FR","FM-12","99999","V020","250,1,N,0098,1","99999,9,9,N","999999,9,N,9","+0082,1","+0081,1","10087,1","99,0350,9,1",,,"0,000",,,"4,1,06,1",,,,,,"0000,9",,,"999,M,+0083,1",,"99999,9,09442,1","2,1,007,1,+999,9","41,1","4,99,0211,1","SYN023333   10083 91141 94000",
"07360099999","1990-02-14T21:00:00","4","46.1666666","1.8666666","551.0","GUERET, FR","FM-12","99999","V020","250,1,N,0108,1","99999,9,9,N","999999,9,N,9","+0086,1","+0086,1","10091,1","99,0020,9,1",,,"0,000",,,"4,1,03,1",,,,,,"0000,9",,,,,"99999,9,09446,1","2,1,004,1,+999,9","41,1","4,99,0201,1","SYN017333   91139 94000",
"07360099999","1990-02-15T00:00:00","4","46.1666666","1.8666666","551.0","GUERET, FR","FM-12","99999","V020","250,1,N,0098,1","99999,9,9,N","999999,9,N,9","+0087,1","+0087,1","10085,1","06,0110,9,1",,,"0,000",,,"4,1,06,1",,,,,,"0000,9",,,,,"99999,9,09441,1","7,1,005,1,+999,9","41,1","4,99,0190,1","SYN017333   91137 94000",
"07360099999","1990-02-15T03:00:00","4","46.1666666","1.8666666","551.0","GUERET, FR","FM-12","99999","V020","250,1,N,0087,1","99999,9,9,N","999999,9,N,9","+0090,1","+0090,1","10069,1","99,0005,9,1",,,"0,000",,,"4,1,03,1",,,,,,"0000,9",,,,,"99999,9,09427,1","7,1,014,1,+999,9","21,1","4,99,0201,1","SYN017333   91139 94000",
"07360099999","1990-02-15T06:00:00","4","46.1666666","1.8666666","551.0","GUERET, FR","FM-12","99999","V020","260,1,N,0129,1","00090,1,C,N","003000,1,N,9","+0094,1","+0093,1","10063,1","99,0160,9,1",,,"0,001",,,"6,1,06,1","6,1,06,1","08,1,+00090,9,07,9",,,"08,99,1,08,1,07,1,00150,1,99,9,99,9","0000,9","12,9","999,+0080,9","999,N,+0082,1",,"99999,9,09422,1","7,1,005,1,+999,9","61,1","4,99,0288,1","SYN035333   20082 33008 88703 91156 94000",
"07360099999","1990-02-15T09:00:00","4","46.1666666","1.8666666","551.0","GUERET, FR","FM-12","99999","V020","260,1,N,0129,1","00090,1,C,N","003000,1,N,9","+0092,1","+0091,1","10080,1","99,0010,9,1",,,"0,000",,,"6,1,03,1","6,1,03,1","06,1,+00090,9,07,9","08,1,+00390,9,05,9",,"08,99,1,08,1,05,1,00150,1,99,9,99,9","0000,9",,,,,"99999,9,09438,1","2,1,016,1,+999,9","60,1","4,99,0252,1","SYN029333   86703 88613 91149 94000",
"07360099999","1990-02-15T12:00:00","4","46.1666666","1.8666666","551.0","GUERET, FR","FM-12","99999","V020","280,1,N,0082,1","00120,1,C,N","004000,1,N,9","+0076,1","+0075,1","10114,1","06,0060,9,1",,,"0,000",,,"6,1,06,1","5,1,06,1","06,1,+00120,9,07,9","07,1,+00390,9,05,9",,"08,99,1,08,1,05,1,00150,1,99,9,99,9","0000,9",,,,,"99999,9,09465,1","2,1,027,1,+999,9","51,1","4,99,0180,1","SYN029333   86704 87613 91135 94000",
"07360099999","1990-02-15T15:00:00","4","46.1666666","1.8666666","551.0","GUERET, FR","FM-12","99999","V020","280,1,N,0041,1","00600,1,C,N","020000,1,N,9","+0074,1","+0065,1","10130,1","06,0000,9,1",,,"4,000",,,,,"04,1,+00330,9,08,9","06,1,+00600,9,05,9","06,1,+02400,9,03,9","07,99,1,06,1,08,1,00450,1,07,1,99,9","0000,9",,,,,"99999,9,09480,1","2,1,015,1,+999,9",,"4,99,0072,1","SYN035333   84811 86620 86358 91114 94000",
"07360099999","1990-02-15T18:00:00","4","46.1666666","1.8666666","551.0","GUERET, FR","FM-12","99999","V020","270,1,N,0031,1","99999,9,9,N","999999,9,N,9","+0055,1","+0045,1","10145,1","99,0060,9,1",,,"0,000",,,,,,,,,"0000,9",,,"999,M,+0096,1",,"99999,9,09489,1","2,1,009,1,+999,9",,"4,99,0062,1","SYN023333   10096 91112 94000",
"07360099999","1990-02-15T21:00:00","4","46.1666666","1.8666666","551.0","GUERET, FR","FM-12","99999","V020","260,1,N,0021,1","99999,9,9,N","999999,9,N,9","+0053,1","+0050,1","10153,1","06,0000,9,1",,,"4,000",,,,,,,,,"0000,9",,,,,"99999,9,09497,1","2,1,008,1,+999,9",,"4,99,0041,1","SYN017333   91108 94000",
"07360099999","1990-02-16T00:00:00","4","46.1666666","1.8666666","551.0","GUERET, FR","FM-12","99999","V020","240,1,N,0021,1","99999,9,9,N","999999,9,N,9","+0051,1","+0048,1","10138,1","06,0000,9,1",,,"4,000",,,,,,,,,"0000,9",,,,,"99999,9,09482,1","7,1,015,1,+999,9",,"4,99,0051,1","SYN017333   91110 94000",
"07360099999","1990-02-16T03:00:00","4","46.1666666","1.8666666","551.0","GUERET, FR","FM-12","99999","V020","250,1,N,0082,1","99999,9,9,N","999999,9,N,9","+0063,1","+0063,1","10103,1","99,0003,9,1",,,"0,000",,,"4,1,03,1",,,,,,"0000,9",,,,,"99999,9,09452,1","7,1,030,1,+999,9","21,1","4,99,0129,1","SYN017333   91125 94000",
"07360099999","1990-02-16T06:00:00","4","46.1666666","1.8666666","551.0","GUERET, FR","FM-12","99999","V020","250,1,N,0087,1","00090,1,C,N","006000,1,N,9","+0083,1","+0082,1","10092,1","99,0010,9,1",,,"0,000",,,"5,1,06,1",,"08,1,+00090,9,07,9",,,"08,99,1,08,1,07,1,00075,1,99,9,99,9","0000,9","09,9","999,+0040,9","999,N,+0046,1",,"99999,9,09447,1","7,1,005,1,+999,9","20,1","4,99,0211,1","SYN035333   20046 31004 88703 91141 94000",
"07360099999","1990-02-16T09:00:00","4","46.1666666","1.8666666","551.0","GUERET, FR","FM-12","99999","V020","250,1,N,0098,1","00090,1,C,N","004000,1,N,9","+0090,1","+0089,1","10103,1","99,0005,9,1",,,"0,000",,,"6,1,03,1","5,1,03,1","07,1,+00090,9,07,9",,,"08,99,1,08,1,07,1,00075,1,99,9,99,9","0000,9",,,,,"99999,9,09459,1","2,1,012,1,+999,9","58,1","4,99,0201,1","SYN023333   87703 91139 94000",
"07360099999","1990-02-16T12:00:00","4","46.1666666","1.8666666","551.0","GUERET, FR","FM-12","99999","V020","260,1,N,0072,1","00060,1,C,N","001000,1,N,9","+0090,1","+0090,1","10119,1","06,0050,9,1",,,"0,000",,,"6,1,06,1","5,1,06,1","08,1,+00060,9,07,9",,,"08,99,1,08,1,07,1,00075,1,99,9,99,9","0000,9",,,,,"99999,9,09474,1","2,1,015,1,+999,9","58,1","4,99,0160,1","SYN023333   88702 91131 94000",
"07360099999","1990-02-16T15:00:00","4","46.1666666","1.8666666","551.0","GUERET, FR","FM-12","99999","V020","260,1,N,0082,1","00090,1,C,N","004500,1,N,9","+0091,1","+0091,1","10120,1","99,0010,9,1",,,"0,000",,,"6,1,03,1","5,1,03,1","08,1,+00090,9,07,9",,,"08,99,1,08,1,07,1,00075,1,99,9,99,9","0000,9",,,,,"99999,9,09475,1","2,1,001,1,+999,9","58,1","4,99,0180,1","SYN023333   88703 91135 94000",
"07360099999","1990-02-16T18:00:00","4","46.1666666","1.8666666","551.0","GUERET, FR","FM-12","99999","V020","260,1,N,0072,1","99999,9,9,N","999999,9,N,9","+0088,1","+0088,1","10136,1","99,0110,9,1",,,"0,000",,,"4,1,06,1",,,,,,"0000,9",,,"999,M,+0094,1",,"99999,9,09489,1","2,1,014,1,+999,9","41,1","4,99,0139,1","SYN023333   10094 91127 94000",
"07360099999","1990-02-16T21:00:00","4","46.1666666","1.8666666","551.0","GUERET, FR","FM-12","99999","V020","260,1,N,0062,1","99999,9,9,N","999999,9,N,9","+0086,1","+0086,1","10147,1","99,0005,9,1",,,"0,000",,,"4,1,03,1",,,,,,"0000,9",,,,,"99999,9,09499,1","2,1,010,1,+999,9","21,1","4,99,0108,1","SYN017333   91121 94000",
"07360099999","1990-02-17T00:00:00","4","46.1666666","1.8666666","551.0","GUERET, FR","FM-12","99999","V020","250,1,N,0051,1","99999,9,9,N","999999,9,N,9","+0086,1","+0086,1","10155,1","06,0040,9,1",,,"0,000",,,"4,1,06,1",,,,,,"0000,9",,,,,"99999,9,09506,1","2,1,007,1,+999,9","21,1","4,99,0098,1","SYN017333   91119 94000",
"07360099999","1990-02-17T03:00:00","4","46.1666666","1.8666666","551.0","GUERET, FR","FM-12","99999","V020","250,1,N,0062,1","99999,9,9,N","999999,9,N,9","+0086,1","+0086,1","10154,1","99,0010,9,1",,,"0,000",,,"4,1,03,1",,,,,,"0000,9",,,,,"99999,9,09505,1","7,1,001,1,+999,9","41,1","4,99,0098,1","SYN017333   91119 94000",
"07360099999","1990-02-17T06:00:00","4","46.1666666","1.8666666","551.0","GUERET, FR","FM-12","99999","V020","240,1,N,0041,1","00090,1,C,N","010000,1,N,9","+0082,1","+0082,1","10156,1","99,0070,9,1",,,"0,000",,,,,"05,1,+00090,9,07,9","07,1,+00780,9,05,9",,"08,99,1,08,1,05,1,00150,1,99,9,99,9","0000,9","09,9","999,+0080,9","999,N,+0081,1",,"99999,9,09507,1","2,1,002,1,+999,9",,"4,99,0098,1","SYN041333   20081 31008 85703 87626 91119 94000",
"07360099999","1990-02-17T09:00:00","4","46.1666666","1.8666666","551.0","GUERET, FR","FM-12","99999","V020","240,1,N,0041,1","00480,1,C,N","020000,1,N,9","+0093,1","+0087,1","10165,1","06,0000,9,1",,,"4,000",,,"5,1,03,1","2,1,03,1","02,1,+00090,9,07,9","03,1,+00480,9,05,9",,"05,99,1,03,1,05,1,00075,1,00,1,01,1","0048,9",,,,,"99999,9,09517,1","2,1,010,1,+999,9","01,1","4,99,0082,1","SYN029333   82703 83616 91116 94008",
"07360099999","1990-02-17T12:00:00","4","46.1666666","1.8666666","551.0","GUERET, FR","FM-12","99999","V020","220,1,N,0041,1","00090,1,C,N","020000,1,N,9","+0090,1","+0087,1","10166,1","06,0005,9,1",,,"0,000",,,"5,1,06,1","2,1,06,1","05,1,+00090,9,07,9","08,1,+00480,9,05,9",,"08,99,1,08,1,05,1,00150,1,99,9,99,9","0000,9",,,,,"99999,9,09518,1","2,1,001,1,+999,9","20,1","4,99,0082,1","SYN029333   85703 88616 91116 94000",
"07360099999","1990-02-17T15:00:00","4","46.1666666","1.8666666","551.0","GUERET, FR","FM-12","99999","V020","220,1,N,0041,1","99999,9,9,N","999999,9,N,9","+0101,1","+0077,1","10157,1","06,0000,9,1",,,"4,000",,,,,,,,,"0006,9",,,,,"99999,9,09511,1","7,1,007,1,+999,9",,"4,99,0072,1","SYN017333   91114 94001",
"07360099999","1990-02-17T18:00:00","4","46.1666666","1.8666666","551.0","GUERET, FR","FM-12","99999","V020","200,1,N,0041,1","99999,9,9,N","999999,9,N,9","+0082,1","+0067,1","10167,1","99,0005,9,1",,,"0,000",,,,,,,,,"0000,9",,,"999,M,+0110,1",,"99999,9,09516,1","2,1,005,1,+999,9",,"4,99,0072,1","SYN023333   10110 91114 94000",
"07360099999","1990-02-17T21:00:00","4","46.1666666","1.8666666","551.0","GUERET, FR","FM-12","99999","V020","200,1,N,0041,1","99999,9,9,N","999999,9,N,9","+0073,1","+0056,1","10177,1","06,0000,9,1",,,"4,000",,,,,,,,,"0000,9",,,,,"99999,9,09524,1","2,1,008,1,+999,9",,"4,99,0072,1","SYN017333   91114 94000",
"07360099999","1990-02-18T00:00:00","4","46.1666666","1.8666666","551.0","GUERET, FR","FM-12","99999","V020","190,1,N,0031,1","99999,9,9,N","999999,9,N,9","+0068,1","+0054,1","10178,1","06,0000,9,1",,,"4,000",,,,,,,,,"0000,9",,,,,"99999,9,09523,1","7,1,001,1,+999,9",,"4,99,0051,1","SYN017333   91110 94000",
"07360099999","1990-02-18T03:00:00","4","46.1666666","1.8666666","551.0","GUERET, FR","FM-12","99999","V020","190,1,N,0021,1","99999,9,9,N","999999,9,N,9","+0060,1","+0053,1","10169,1","06,0000,9,1",,,"4,000",,,,,,,,,"0000,9",,,,,"99999,9,09513,1","7,1,010,1,+999,9",,"4,99,0051,1","SYN017333   91110 94000",
"07360099999","1990-02-18T06:00:00","4","46.1666666","1.8666666","551.0","GUERET, FR","FM-12","99999","V020","210,1,N,0031,1","22000,1,C,N","075000,1,N,9","+0073,1","+0041,1","10160,1","06,0000,9,1",,,"4,000",,,,,"01,1,+03000,9,03,9",,,"01,99,1,01,1,00,1,99999,9,03,1,00,1","0096,9","09,9","999,+0040,9","999,N,+0057,1",,"99999,9,09507,1","7,1,006,1,+999,9",,"4,99,0062,1","SYN035333   20057 31004 81360 91112 94016",
"07360099999","1990-02-18T09:00:00","4","46.1666666","1.8666666","551.0","GUERET, FR","FM-12","99999","V020","210,1,N,0031,1","06900,1,C,N","030000,1,N,9","+0119,1","+0049,1","10155,1","06,0000,9,1",,,"4,000",,,,,"05,1,+06900,9,00,9",,,"05,99,1,00,1,00,1,99999,9,00,1,01,1","0060,9",,,,,"99999,9,09513,1","2,1,006,1,+999,9",,"4,99,0062,1","SYN023333   85073 91112 94010",
"07360099999","1990-02-18T12:00:00","4","46.1666666","1.8666666","551.0","GUERET, FR","FM-12","99999","V020","240,1,N,0041,1","06900,1,C,N","075000,1,N,9","+0164,1","+0054,1","10144,1","06,0000,9,1",,,"4,000",,,,,"05,1,+06900,9,00,9",,,"05,99,1,00,1,00,1,99999,9,00,1,01,1","0060,9",,,,,"99999,9,09512,1","7,1,001,1,+999,9",,"4,99,0082,1","SYN023333   85073 91116 94010",
"07360099999","1990-02-18T15:00:00","4","46.1666666","1.8666666","551.0","GUERET, FR","FM-12","99999","V020","230,1,N,0041,1","99999,9,9,N","999999,9,N,9","+0157,1","+0062,1","10139,1","06,0000,9,1",,,"4,000",,,,,,,,,"0030,9",,,,,"99999,9,09506,1","7,1,006,1,+999,9",,"4,99,0088,1","SYN017333   91117 94005",
"07360099999","1990-02-18T18:00:00","4","46.1666666","1.8666666","551.0","GUERET, FR","FM-12","99999","V020","230,1,N,0031,1","99999,9,9,N","999999,9,N,9","+0126,1","+0071,1","10154,1","06,0000,9,1",,,"4,000",,,,,,,,,"0000,9",,,"999,M,+0176,1",,"99999,9,09514,1","2,1,008,1,+999,9",,"4,99,0062,1","SYN023333   10176 91112 94000",
"07360099999","1990-02-18T21:00:00","4","46.1666666","1.8666666","551.0","GUERET, FR","FM-12","99999","V020","200,1,N,0041,1","99999,9,9,N","999999,9,N,9","+0115,1","+0080,1","10160,1","06,0000,9,1",,,"4,000",,,,,,,,,"0000,9",,,,,"99999,9,09517,1","2,1,003,1,+999,9",,"4,99,0098,1","SYN017333   91119 94000",
"07360099999","1990-02-19T00:00:00","4","46.1666666","1.8666666","551.0","GUERET, FR","FM-12","99999","V020","190,1,N,0041,1","99999,9,9,N","999999,9,N,9","+0096,1","+0058,1","10169,1","06,0000,9,1",,,"4,000",,,,,,,,,"0000,9",,,,,"99999,9,09521,1","2,1,004,1,+999,9",,"4,99,0088,1","SYN017333   91117 94000",
"07360099999","1990-02-19T03:00:00","4","46.1666666","1.8666666","551.0","GUERET, FR","FM-12","99999","V020","220,1,N,0031,1","99999,9,9,N","999999,9,N,9","+0093,1","+0057,1","10171,1","06,0000,9,1",,,"4,000",,,,,,,,,"0000,9",,,,,"99999,9,09522,1","2,1,001,1,+999,9",,"4,99,0082,1","SYN017333   91116 94000",
"07360099999","1990-02-19T06:00:00","4","46.1666666","1.8666666","551.0","GUERET, FR","FM-12","99999","V020","220,1,N,0051,1","03000,1,C,N","008000,1,N,9","+0096,1","+0069,1","10182,1","06,9999,9,9",,,"4,000",,,"5,1,06,1",,"03,1,+00600,9,05,9","07,1,+03000,9,03,9",,"07,99,1,03,1,05,1,00800,1,03,1,99,9","0426,9","01,9","999,+0080,9","999,N,+0090,1",,"99999,9,09534,1","2,1,012,1,+999,9","50,1","4,99,0129,1","SYN041333   20090 30008 83620 87360 91125 94071","Q01  00002PRCP06"
"07360099999","1990-02-19T09:00:00","4","46.1666666","1.8666666","551.0","GUERET, FR","FM-12","99999","V020","230,1,N,0072,1","03300,1,C,N","030000,1,N,9","+0109,1","+0081,1","10195,1","06,0000,9,1",,,"4,000",,,"5,1,03,1","2,1,03,1","02,1,+00690,9,05,9","04,1,+03300,9,03,9",,"05,99,1,02,1,05,1,00800,1,03,1,00,1","0030,9",,,,,"99999,9,09549,1","2,1,015,1,+999,9","02,1","4,99,0129,1","SYN029333   82623 84361 91125 94005",
"07360099999","1990-02-19T12:00:00","4","46.1666666","1.8666666","551.0","GUERET, FR","FM-12","99999","V020","220,1,N,0031,1","03300,1,C,N","020000,1,N,9","+0126,1","+0092,1","10207,1","06,9999,2,9",,,"0,000",,,"5,1,06,1","2,1,06,1","03,1,+00600,9,08,9","05,1,+03300,9,03,9",,"07,99,1,03,1,08,1,00800,1,03,1,99,9","0018,9",,,,,"99999,9,09564,1","2,1,015,1,+999,9","03,1","4,99,0108,1","SYN029333   83820 85361 91121 94003",
"07360099999","1990-02-19T15:00:00","4","46.1666666","1.8666666","551.0","GUERET, FR","FM-12","99999","V020","230,1,N,0041,1","03300,1,C,N","025000,1,N,9","+0139,1","+0095,1","10210,1","06,0000,9,1",,,"4,000",,,,,"03,1,+00690,9,08,9","03,1,+03300,9,03,9","05,1,+06900,9,00,9","05,99,1,03,1,02,1,00800,1,03,1,01,1","0036,9",,,,,"99999,9,09570,1","2,1,006,1,+999,9",,"4,99,0098,1","SYN035333   83823 83361 85073 91119 94006",
"07360099999","1990-02-19T18:00:00","4","46.1666666","1.8666666","551.0","GUERET, FR","FM-12","99999","V020","210,1,N,0031,1","99999,9,9,N","999999,9,N,9","+0116,1","+0090,1","10231,1","99,9999,2,9",,,"0,000",,,,,,,,,"0000,9",,,"999,M,+0146,1",,"99999,9,09584,1","2,1,014,1,+999,9",,"4,99,0051,1","SYN023333   10146 91110 94000",
"07360099999","1990-02-19T21:00:00","4","46.1666666","1.8666666","551.0","GUERET, FR","FM-12","99999","V020","130,1,N,0031,1","99999,9,9,N","999999,9,N,9","+0107,1","+0086,1","10247,1","06,0000,9,1",,,"4,000",,,,,,,,,"0000,9",,,,,"99999,9,09597,1","2,1,013,1,+999,9",,"4,99,0051,1","SYN017333   91110 94000",
"07360099999","1990-02-20T00:00:00","4","46.1666666","1.8666666","551.0","GUERET, FR","FM-12","99999","V020","210,1,N,0031,1","99999,9,9,N","999999,9,N,9","+0100,1","+0081,1","10251,1","06,0000,9,1",,,"4,000",,,,,,,,,"0000,9",,,,,"99999,9,09599,1","2,1,002,1,+999,9",,"4,99,0082,1","SYN017333   91116 94000",
"07360099999","1990-02-20T03:00:00","4","46.1666666","1.8666666","551.0","GUERET, FR","FM-12","99999","V020","200,1,N,0041,1","99999,9,9,N","999999,9,N,9","+0091,1","+0069,1","10250,1","06,0000,9,1",,,"4,000",,,,,,,,,"0000,9",,,,,"99999,9,09596,1","7,1,003,1,+999,9",,"4,99,0098,1","SYN017333   91119 94000",
"07360099999","1990-02-20T06:00:00","4","46.1666666","1.8666666","551.0","GUERET, FR","FM-12","99999","V020","170,1,N,0041,1","22000,1,C,N","015000,1,N,9","+0071,1","+0056,1","10262,1","06,0000,9,1",,,"4,000",,,,,,,,"00,99,1,00,1,00,1,99999,9,00,1,00,1","0198,9","01,9","999,+0060,9","999,N,+0071,1",,"99999,9,09603,1","2,1,007,1,+999,9",,"4,99,0082,1","SYN029333   20071 30006 91116 94033",
"07360099999","1990-02-20T09:00:00","4","46.1666666","1.8666666","551.0","GUERET, FR","FM-12","99999","V020","200,1,N,0031,1","22000,1,C,N","004000,1,N,9","+0107,1","+0063,1","10257,1","06,0000,9,1",,,"4,000",,,"0,1,03,1","0,1,03,1",,,,"00,99,1,00,1,00,1,99999,9,00,1,00,1","0060,9",,,,,"99999,9,09606,1","2,1,003,1,+999,9","10,1","4,99,0082,1","SYN017333   91116 94010",
"07360099999","1990-02-20T12:00:00","4","46.1666666","1.8666666","551.0","GUERET, FR","FM-12","99999","V020","190,1,N,0031,1","22000,1,C,N","015000,1,N,9","+0159,1","+0082,1","10244,1","06,0000,9,1",,,"4,000",,,,,,,,"00,99,1,00,1,00,1,99999,9,00,1,00,1","0060,9",,,,,"99999,9,09605,1","7,1,001,1,+999,9",,"4,99,0062,1","SYN017333   91112 94010",
"07360099999","1990-02-20T15:00:00","4","46.1666666","1.8666666","551.0","GUERET, FR","FM-12","99999","V020","240,1,N,0021,1","22000,1,C,N","020000,1,N,9","+0172,1","+0073,1","10236,1","06,0000,9,1",,,"4,000",,,,,,,,"00,99,1,00,1,00,1,99999,9,00,1,00,1","0054,9",,,,,"99999,9,09601,1","7,1,004,1,+999,9",,"4,99,0082,1","SYN017333   91116 94009",
"07360099999","1990-02-20T18:00:00","4","46.1666666","1.8666666","551.0","GUERET, FR","FM-12","99999","V020","210,1,N,0031,1","99999,9,9,N","999999,9,N,9","+0123,1","+0074,1","10254,1","06,0000,9,1",,,"4,000",,,,,,,,,"0000,9",,,"999,M,+0185,1",,"99999,9,09607,1","2,1,006,1,+999,9",,"4,99,0062,1","SYN023333   10185 91112 94000",
"07360099999","1990-02-20T21:00:00","4","46.1666666","1.8666666","551.0","GUERET, FR","FM-12","99999","V020","210,1,N,0051,1","99999,9,9,N","999999,9,N,9","+0098,1","+0062,1","10267,1","06,0000,9,1",,,"4,000",,,,,,,,,"0000,9",,,,,"99999,9,09613,1","2,1,006,1,+999,9",,"4,99,0118,1","SYN017333   91123 94000",
"07360099999","1990-02-21T00:00:00","4","46.1666666","1.8666666","551.0","GUERET, FR","FM-12","99999","V020","190,1,N,0051,1","99999,9,9,N","999999,9,N,9","+0091,1","+0062,1","10265,1","06,0000,9,1",,,"4,000",,,,,,,,,"0000,9",,,,,"99999,9,09610,1","7,1,003,1,+999,9",,"4,99,0118,1","SYN017333   91123 94000",
"07360099999","1990-02-21T03:00:00","4","46.1666666","1.8666666","551.0","GUERET, FR","FM-12","99999","V020","210,1,N,0062,1","99999,9,9,N","999999,9,N,9","+0091,1","+0064,1","10265,1","06,0000,9,1",,,"4,000",,,,,,,,,"0000,9",,,,,"99999,9,09610,1","4,1,000,1,+999,9",,"4,99,0118,1","SYN017333   91123 94000",
"07360099999","1990-02-21T06:00:00","4","46.1666666","1.8666666","551.0","GUERET, FR","FM-12","99999","V020","220,1,N,0062,1","02700,1,C,N","008000,1,N,9","+0099,1","+0070,1","10275,1","06,0000,9,1",,,"4,000",,,,,"06,1,+02700,9,03,9",,,"06,99,1,06,1,00,1,99999,9,05,1,00,1","0570,9","01,9","999,+0070,9","999,N,+0086,1",,"99999,9,09621,1","2,1,011,1,+999,9",,"4,99,0139,1","SYN035333   20086 30007 86359 91127 94095",
"07360099999","1990-02-21T09:00:00","4","46.1666666","1.8666666","551.0","GUERET, FR","FM-12","99999","V020","230,1,N,0072,1","02700,1,C,N","011000,1,N,9","+0096,1","+0085,1","10307,1","06,0000,9,1",,,"4,000",,,"6,1,03,1","2,1,03,1","04,1,+00990,9,05,9","06,1,+02700,9,03,9",,"07,99,1,04,1,05,1,01250,1,08,1,99,9","0000,9",,,,,"99999,9,09651,1","2,1,030,1,+999,9","03,1","4,99,0139,1","SYN029333   84633 86359 91127 94000",
"07360099999","1990-02-21T12:00:00","4","46.1666666","1.8666666","551.0","GUERET, FR","FM-12","99999","V020","230,1,N,0031,1","02700,1,C,N","009000,1,N,9","+0110,1","+0094,1","10335,1","06,0010,9,1",,,"0,000",,,"6,1,06,1","2,1,06,1","02,1,+01290,9,05,9","05,1,+02700,9,03,9",,"05,99,1,02,1,05,1,01250,1,03,1,00,1","0018,9",,,,,"99999,9,09680,1","2,1,029,1,+999,9","02,1","4,99,0088,1","SYN029333   82643 85359 91117 94003",
"07360099999","1990-02-21T15:00:00","4","46.1666666","1.8666666","551.0","GUERET, FR","FM-12","99999","V020","260,1,N,0021,1","02700,1,C,N","009000,1,N,9","+0128,1","+0102,1","10340,1","06,0000,9,1",,,"4,000",,,,,"02,1,+00690,9,08,9","05,1,+02700,9,03,9",,"05,99,1,02,1,01,1,00800,1,03,1,00,1","0018,9",,,,,"99999,9,09689,1","2,1,009,1,+999,9",,"4,99,0041,1","SYN029333   82823 85359 91108 94003",
"07360099999","1990-02-21T18:00:00","4","46.1666666","1.8666666","551.0","GUERET, FR","FM-12","99999","V020","350,1,N,0010,1","99999,9,9,N","999999,9,N,9","+0110,1","+0089,1","10362,1","99,0010,9,1",,,"0,000",,,,,,,,,"0000,9",,,"999,M,+0139,1",,"99999,9,09705,1","2,1,016,1,+999,9",,"4,99,0021,1","SYN023333   10139 91104 94000",
"07360099999","1990-02-21T21:00:00","4","46.1666666","1.8666666","551.0","GUERET, FR","FM-12","99999","V020","080,1,N,0021,1","99999,9,9,N","999999,9,N,9","+0097,1","+0088,1","10376,1","06,0000,9,1",,,"4,000",,,,,,,,,"0000,9",,,,,"99999,9,09716,1","2,1,011,1,+999,9",,"4,99,0041,1","SYN017333   91108 94000",
"07360099999","1990-02-22T00:00:00","4","46.1666666","1.8666666","551.0","GUERET, FR","FM-12","99999","V020","090,1,N,0041,1","99999,9,9,N","999999,9,N,9","+0089,1","+0088,1","10376,1","06,0000,9,1",,,"4,000",,,,,,,,,"0000,9",,,,,"99999,9,09714,1","7,1,002,1,+999,9",,"4,99,0072,1","SYN017333   91114 94000",
"07360099999","1990-02-22T03:00:00","4","46.1666666","1.8666666","551.0","GUERET, FR","FM-12","99999","V020","100,1,N,0051,1","99999,9,9,N","999999,9,N,9","+0083,1","+0083,1","10365,1","06,0000,9,1",,,"4,000",,,,,,,,,"0000,9",,,,,"99999,9,09702,1","7,1,012,1,+999,9",,"4,99,0082,1","SYN017333   91116 94000",
"07360099999","1990-02-22T06:00:00","4","46.1666666","1.8666666","551.0","GUERET, FR","FM-12","99999","V020","100,1,N,0031,1","22000,1,C,N","004000,1,N,9","+0070,1","+0070,1","10370,1","99,0003,9,1",,,"0,000",,,,,"01,1,+00090,9,07,9",,,"01,99,1,01,1,06,1,00150,1,00,1,00,1","0138,9","01,9","999,+0050,9","999,N,+0070,1",,"99999,9,09704,1","2,1,002,1,+999,9","10,1","4,99,0051,1","SYN035333   20070 30005 81703 91110 94023",
"07360099999","1990-02-22T09:00:00","4","46.1666666","1.8666666","551.0","GUERET, FR","FM-12","99999","V020","100,1,N,0051,1","22000,1,C,N","000100,1,N,9","+0070,1","+0070,1","10375,1","06,0000,9,1",,,"4,000",,,"4,1,03,1","0,1,03,1",,,,"00,99,1,00,1,00,1,99999,9,00,1,00,1","0006,9",,,,,"99999,9,09708,1","2,1,004,1,+999,9","44,1","4,99,0082,1","SYN017333   91116 94001",
"07360099999","1990-02-22T12:00:00","4","46.1666666","1.8666666","551.0","GUERET, FR","FM-12","99999","V020","080,1,N,0021,1","22000,1,C,N","010000,1,N,9","+0131,1","+0103,1","10349,1","06,0000,9,1",,,"4,000",,,"4,1,06,1","0,1,06,1","01,1,+06900,9,00,9",,,"01,99,1,00,1,00,1,99999,9,00,1,01,1","0060,9",,,,,"99999,9,09698,1","7,1,010,1,+999,9","02,1","4,99,0082,1","SYN023333   81073 91116 94010",
"07360099999","1990-02-22T15:00:00","4","46.1666666","1.8666666","551.0","GUERET, FR","FM-12","99999","V020","070,1,N,0031,1","22000,1,C,N","020000,1,N,9","+0156,1","+0095,1","10326,1","06,0000,9,1",,,"4,000",,,,,"01,1,+06900,9,00,9",,,"01,99,1,00,1,00,1,99999,9,00,1,01,1","0060,9",,,,,"99999,9,09682,1","7,1,016,1,+999,9",,"4,99,0062,1","SYN023333   81073 91112 94010",
"07360099999","1990-02-22T18:00:00","4","46.1666666","1.8666666","551.0","GUERET, FR","FM-12","99999","V020","090,1,N,0021,1","99999,9,9,N","999999,9,N,9","+0124,1","+0085,1","10332,1","06,0000,9,1",,,"4,000",,,,,,,,,"0000,9",,,"999,M,+0158,1",,"99999,9,09681,1","7,1,001,1,+999,9",,"4,99,0041,1","SYN023333   10158 91108 94000",
"07360099999","1990-02-22T21:00:00","4","46.1666666","1.8666666","551.0","GUERET, FR","FM-12","99999","V020","180,1,N,0021,1","99999,9,9,N","999999,9,N,9","+0119,1","+0082,1","10333,1","06,0000,9,1",,,"4,000",,,,,,,,,"0000,9",,,,,"99999,9,09680,1","7,1,001,1,+999,9",,"4,99,0041,1","SYN017333   91108 94000",
"07360099999","1990-02-23T03:00:00","4","46.1666666","1.8666666","551.0","GUERET, FR","FM-12","99999","V020","230,1,N,0041,1","99999,9,9,N","999999,9,N,9","+0117,1","+0068,1","10329,1","06,0000,9,1",,,"4,000",,,,,,,,,"0000,9",,,,,"99999,9,09676,1","7,1,003,1,+999,9",,"4,99,0082,1","SYN017333   91116 94000",
"07360099999","1990-02-23T06:00:00","4","46.1666666","1.8666666","551.0","GUERET, FR","FM-12","99999","V020","220,1,N,0041,1","22000,1,C,N","030000,1,N,9","+0120,1","+0047,1","10331,1","06,0000,9,1",,,"4,000",,,,,"01,1,+06900,9,00,9",,,"01,99,1,00,1,00,1,99999,9,00,1,01,1","0486,9","01,9","999,+0080,9","999,N,+0108,1",,"99999,9,09678,1","2,1,002,1,+999,9",,"4,99,0082,1","SYN035333   20108 30008 81073 91116 94081",
"07360099999","1990-02-23T09:00:00","4","46.1666666","1.8666666","551.0","GUERET, FR","FM-12","99999","V020","200,1,N,0031,1","22000,1,C,N","050000,1,N,9","+0155,1","+0027,1","10334,1","06,0000,9,1",,,"4,000",,,,,,,,"00,99,1,00,1,00,1,99999,9,00,1,00,1","0060,9",,,,,"99999,9,09688,1","2,1,010,1,+999,9",,"4,99,0088,1","SYN017333   91117 94010",
"07360099999","1990-02-23T12:00:00","4","46.1666666","1.8666666","551.0","GUERET, FR","FM-12","99999","V020","250,1,N,0010,1","22000,1,C,N","050000,1,N,9","+0218,1","+0057,1","10315,1","06,0000,9,1",,,"4,000",,,,,"01,1,+06900,9,00,9",,,"01,99,1,00,1,00,1,99999,9,00,1,01,1","0060,9",,,,,"99999,9,09684,1","7,1,004,1,+999,9",,"4,99,0041,1","SYN023333   81073 91108 94010",
"07360099999","1990-02-23T15:00:00","4","46.1666666","1.8666666","551.0","GUERET, FR","FM-12","99999","V020","190,1,N,0021,1","22000,1,C,N","050000,1,N,9","+0219,1","+0036,1","10299,1","06,0000,9,1",,,"4,000",,,,,,,,"00,99,1,00,1,00,1,99999,9,00,1,00,1","0060,9",,,,,"99999,9,09669,1","7,1,015,1,+999,9",,"4,99,0072,1","SYN017333   91114 94010",
"07360099999","1990-02-23T18:00:00","4","46.1666666","1.8666666","551.0","GUERET, FR","FM-12","99999","V020","210,1,N,0021,1","99999,9,9,N","999999,9,N,9","+0171,1","+0031,1","10308,1","06,0000,9,1",,,"4,000",,,,,,,,,"0000,9",,,"999,M,+0224,1",,"99999,9,09667,1","7,1,002,1,+999,9",,"4,99,0041,1","SYN023333   10224 91108 94000",
"07360099999","1990-02-23T21:00:00","4","46.1666666","1.8666666","551.0","GUERET, FR","FM-12","99999","V020","210,1,N,0041,1","99999,9,9,N","999999,9,N,9","+0151,1","+0033,1","10313,1","06,0000,9,1",,,"4,000",,,,,,,,,"0000,9",,,,,"99999,9,09667,1","4,1,000,1,+999,9",,"4,99,0072,1","SYN017333   91114 94000",
"07360099999","1990-02-24T00:00:00","4","46.1666666","1.8666666","551.0","GUERET, FR","FM-12","99999","V020","220,1,N,0051,1","99999,9,9,N","999999,9,N,9","+0137,1","+0043,1","10306,1","06,0000,9,1",,,"4,000",,,,,,,,,"0000,9",,,,,"99999,9,09658,1","7,1,009,1,+999,9",,"4,99,0088,1","SYN017333   91117 94000",
"07360099999","1990-02-24T03:00:00","4","46.1666666","1.8666666","551.0","GUERET, FR","FM-12","99999","V020","220,1,N,0051,1","99999,9,9,N","999999,9,N,9","+0128,1","+0040,1","10297,1","06,0000,9,1",,,"4,000",,,,,,,,,"0000,9",,,,,"99999,9,09648,1","7,1,010,1,+999,9",,"4,99,0108,1","SYN017333   91121 94000",
"07360099999","1990-02-24T06:00:00","4","46.1666666","1.8666666","551.0","GUERET, FR","FM-12","99999","V020","220,1,N,0041,1","22000,1,C,N","020000,1,N,9","+0131,1","+0011,1","10292,1","06,0000,9,1",,,"4,000",,,,,,,,"00,99,1,00,1,00,1,99999,9,00,1,00,1","0594,9","01,9","999,+0110,9","999,N,+0126,1",,"99999,9,09643,1","7,1,005,1,+999,9",,"4,99,0082,1","SYN029333   20126 30011 91116 94099",
"07360099999","1990-02-24T09:00:00","4","46.1666666","1.8666666","551.0","GUERET, FR","FM-12","99999","V020","210,1,N,0031,1","22000,1,C,N","030000,1,N,9","+0156,1","+0006,1","10287,1","06,0000,9,1",,,"4,000",,,,,"02,1,+07800,9,00,9",,,"02,99,1,00,1,00,1,99999,9,00,1,01,1","0060,9",,,,,"99999,9,09644,1","2,1,001,1,+999,9",,"4,99,0072,1","SYN023333   82076 91114 94010",
"07360099999","1990-02-24T12:00:00","4","46.1666666","1.8666666","551.0","GUERET, FR","FM-12","99999","V020","240,1,N,0031,1","22000,1,C,N","030000,1,N,9","+0212,1","+0025,1","10258,1","06,0000,9,1",,,"4,000",,,,,"04,1,+08400,9,00,9",,,"04,99,1,00,1,00,1,99999,9,00,1,01,1","0060,9",,,,,"99999,9,09629,1","7,1,015,1,+999,9",,"4,99,0072,1","SYN023333   84078 91114 94010",
"07360099999","1990-02-24T15:00:00","4","46.1666666","1.8666666","551.0","GUERET, FR","FM-12","99999","V020","240,1,N,0051,1","99999,9,9,N","999999,9,N,9","+0211,1","+0019,1","10235,1","06,0000,9,1",,,"4,000",,,,,,,,,"0060,9",,,,,"99999,9,09606,1","7,1,023,1,+999,9",,"4,99,0098,1","SYN017333   91119 94010",
"07360099999","1990-02-24T18:00:00","4","46.1666666","1.8666666","551.0","GUERET, FR","FM-12","99999","V020","240,1,N,0051,1","99999,9,9,N","999999,9,N,9","+0162,1","+0039,1","10244,1","06,0000,9,1",,,"4,000",,,,,,,,,"0000,9",,,"999,M,+0226,1",,"99999,9,09605,1","7,1,001,1,+999,9",,"4,99,0098,1","SYN023333   10226 91119 94000",
"07360099999","1990-02-24T21:00:00","4","46.1666666","1.8666666","551.0","GUERET, FR","FM-12","99999","V020","240,1,N,0021,1","99999,9,9,N","999999,9,N,9","+0132,1","+0044,1","10246,1","06,0000,9,1",,,"4,000",,,,,,,,,"0000,9",,,,,"99999,9,09601,1","7,1,004,1,+999,9",,"4,99,0041,1","SYN017333   91108 94000",
"07360099999","1990-02-25T00:00:00","4","46.1666666","1.8666666","551.0","GUERET, FR","FM-12","99999","V020","180,1,N,0010,1","99999,9,9,N","999999,9,N,9","+0117,1","+0060,1","10233,1","06,0000,9,1",,,"4,000",,,,,,,,,"0000,9",,,,,"99999,9,09585,1","7,1,016,1,+999,9",,"4,99,0021,1","SYN017333   91104 94000",
"07360099999","1990-02-25T03:00:00","4","46.1666666","1.8666666","551.0","GUERET, FR","FM-12","99999","V020","999,1,C,0000,1","99999,9,9,N","999999,9,N,9","+0112,1","+0051,1","10211,1","06,0000,9,1",,,"4,000",,,,,,,,,"0000,9",,,,,"99999,9,09564,1","7,1,021,1,+999,9",,"4,99,0010,1","SYN017333   91102 94000",
"07360099999","1990-02-25T06:00:00","4","46.1666666","1.8666666","551.0","GUERET, FR","FM-12","99999","V020","220,1,N,0031,1","03000,1,C,N","010000,1,N,9","+0122,1","+0034,1","10189,1","06,0000,9,1",,,"4,000",,,,,"05,1,+03000,9,03,9",,,"05,99,1,05,1,00,1,99999,9,03,1,00,1","0576,9","01,9","999,+0090,9","999,N,+0112,1",,"99999,9,09545,1","7,1,019,1,+999,9",,"4,99,0062,1","SYN035333   20112 30009 85360 91112 94096",
"07360099999","1990-02-25T09:00:00","4","46.1666666","1.8666666","551.0","GUERET, FR","FM-12","99999","V020","220,1,N,0062,1","03000,1,C,N","020000,1,N,9","+0134,1","+0023,1","10178,1","06,0000,9,1",,,"4,000",,,,,"03,1,+00900,9,05,9","03,1,+03000,9,03,9","05,1,+06900,9,00,9","06,99,1,03,1,05,1,00800,1,03,1,01,1","0060,9",,,,,"99999,9,09538,1","7,1,007,1,+999,9",,"4,99,0118,1","SYN035333   83630 83360 85073 91123 94010",
"07360099999","1990-02-25T12:00:00","4","46.1666666","1.8666666","551.0","GUERET, FR","FM-12","99999","V020","230,1,N,0062,1","06900,1,C,N","020000,1,N,9","+0129,1","+0065,1","10187,1","06,0000,9,1",,,"4,000",,,,,"04,1,+03000,9,03,9","05,1,+06900,9,00,9",,"06,99,1,04,1,00,1,99999,9,03,1,01,1","0060,9",,,,,"99999,9,09545,1","2,1,007,1,+999,9",,"4,99,0118,1","SYN029333   84360 85073 91123 94010",
"07360099999","1990-02-25T15:00:00","4","46.1666666","1.8666666","551.0","GUERET, FR","FM-12","99999","V020","250,1,N,0082,1","99999,9,9,N","999999,9,N,9","+0102,1","+0071,1","10193,1","06,0000,9,1",,,"4,000",,,,,,,,,"0000,9",,,,,"99999,9,09545,1","4,1,000,1,+999,9",,"4,99,0160,1","SYN017333   91131 94000",
"07360099999","1990-02-25T18:00:00","4","46.1666666","1.8666666","551.0","GUERET, FR","FM-12","99999","V020","240,1,N,0082,1","99999,9,9,N","999999,9,N,9","+0088,1","+0046,1","10200,1","06,0000,9,1",,,"4,000",,,,,,,,,"0000,9",,,"999,M,+0140,1",,"99999,9,09548,1","2,1,003,1,+999,9",,"4,99,0170,1","SYN023333   10140 91133 94000",
"07360099999","1990-02-25T21:00:00","4","46.1666666","1.8666666","551.0","GUERET, FR","FM-12","99999","V020","230,1,N,0082,1","99999,9,9,N","999999,9,N,9","+0079,1","+0043,1","10207,1","06,0000,9,1",,,"4,000",,,,,,,,,"0000,9",,,,,"99999,9,09552,1","2,1,004,1,+999,9",,"4,99,0180,1","SYN017333   91135 94000",
"07360099999","1990-02-26T00:00:00","4","46.1666666","1.8666666","551.0","GUERET, FR","FM-12","99999","V020","230,1,N,0087,1","99999,9,9,N","999999,9,N,9","+0071,1","+0062,1","10196,1","06,0000,9,1",,,"4,000",,,,,,,,,"0000,9",,,,,"99999,9,09541,1","7,1,011,1,+999,9",,"4,99,0180,1","SYN017333   91135 94000",
"07360099999","1990-02-26T03:00:00","4","46.1666666","1.8666666","551.0","GUERET, FR","FM-12","99999","V020","230,1,N,0082,1","99999,9,9,N","999999,9,N,9","+0073,1","+0070,1","10181,1","06,0000,9,1",,,"4,000",,,,,,,,,"0000,9",,,,,"99999,9,09527,1","7,1,014,1,+999,9",,"4,99,0180,1","SYN017333   91135 94000",
"07360099999","1990-02-26T06:00:00","4","46.1666666","1.8666666","551.0","GUERET, FR","FM-12","99999","V020","240,1,N,0087,1","00480,1,C,N","010000,1,N,9","+0082,1","+0070,1","10154,1","06,0000,9,1",,,"4,000",,,,,"07,1,+00480,9,05,9",,,"08,99,1,07,1,05,1,00450,1,99,9,99,9","0324,9","01,9","999,+0070,9","999,N,+0067,1",,"99999,9,09504,1","7,1,023,1,+999,9",,"4,99,0211,1","SYN035333   20067 30007 87616 91141 94054",
"07360099999","1990-02-26T09:00:00","4","46.1666666","1.8666666","551.0","GUERET, FR","FM-12","99999","V020","240,1,N,0098,1","00090,1,C,N","004000,1,N,9","+0084,1","+0084,1","10150,1","99,9999,2,9",,,"0,000",,,"6,1,03,1","2,1,03,1","05,1,+00090,9,07,9","08,1,+00480,9,05,9",,"08,99,1,08,1,05,1,00150,1,99,9,99,9","0036,9",,,,,"99999,9,09502,1","7,1,002,1,+999,9","60,1","4,99,0190,1","SYN029333   85703 88616 91137 94006",
"07360099999","1990-02-26T12:00:00","4","46.1666666","1.8666666","551.0","GUERET, FR","FM-12","99999","V020","240,1,N,0087,1","00090,1,C,N","002000,1,N,9","+0091,1","+0091,1","10139,1","06,0030,9,1",,,"0,001",,,"6,1,06,1","2,1,06,1","07,1,+00090,9,07,9",,,"08,99,1,08,1,07,1,00150,1,99,9,99,9","0000,9",,,,,"99999,9,09493,1","7,1,009,1,+999,9","61,1","4,99,0232,1","SYN023333   87703 91145 94000",
"07360099999","1990-02-26T15:00:00","4","46.1666666","1.8666666","551.0","GUERET, FR","FM-12","99999","V020","260,1,N,0129,1","00390,1,C,N","010000,1,N,9","+0099,1","+0082,1","10139,1","06,0000,9,1",,,"4,000",,,"6,1,03,1","6,1,03,1","06,1,+00390,9,08,9",,,"06,99,1,06,1,02,1,00450,1,00,1,00,1","0000,9",,,,,"99999,9,09494,1","2,1,001,1,+999,9","01,1","4,99,0288,1","SYN023333   86813 91156 94000",
"07360099999","1990-02-26T18:00:00","4","46.1666666","1.8666666","551.0","GUERET, FR","FM-12","99999","V020","250,1,N,0118,1","99999,9,9,N","999999,9,N,9","+0090,1","+0068,1","10165,1","99,0040,9,1",,,"0,000",,,,,,,,,"0000,9",,,"999,M,+0103,1",,"99999,9,09516,1","2,1,022,1,+999,9",,"4,99,0263,1","SYN023333   10103 91151 94000",
"07360099999","1990-02-26T21:00:00","4","46.1666666","1.8666666","551.0","GUERET, FR","FM-12","99999","V020","250,1,N,0108,1","99999,9,9,N","999999,9,N,9","+0082,1","+0065,1","10176,1","06,0000,9,1",,,"4,000",,,,,,,,,"0000,9",,,,,"99999,9,09524,1","2,1,008,1,+999,9",,"4,99,0201,1","SYN017333   91139 94000",
"07360099999","1990-02-27T00:00:00","4","46.1666666","1.8666666","551.0","GUERET, FR","FM-12","99999","V020","250,1,N,0108,1","99999,9,9,N","999999,9,N,9","+0080,1","+0058,1","10169,1","06,0000,9,1",,,"4,000",,,,,,,,,"0000,9",,,,,"99999,9,09517,1","7,1,007,1,+999,9",,"4,99,0211,1","SYN017333   91141 94000",
"07360099999","1990-02-27T03:00:00","4","46.1666666","1.8666666","551.0","GUERET, FR","FM-12","99999","V020","250,1,N,0087,1","99999,9,9,N","999999,9,N,9","+0081,1","+0066,1","10148,1","06,0000,9,1",,,"4,000",,,,,,,,,"0000,9",,,,,"99999,9,09498,1","7,1,019,1,+999,9",,"4,99,0190,1","SYN017333   91137 94000",
"07360099999","1990-02-27T09:00:00","4","46.1666666","1.8666666","551.0","GUERET, FR","FM-12","99999","V020","260,1,N,0139,1","00090,1,C,N","004000,1,N,9","+0092,1","+0092,1","10104,1","99,0010,9,1",,,"0,001",,,"6,1,03,1","6,1,03,1","07,1,+00090,9,07,9",,,"08,99,1,08,1,07,1,00150,1,99,9,99,9","0000,9",,,,,"99999,9,09460,1","7,1,005,1,+999,9","61,1","4,99,0268,1","SYN023333   87703 91152 94000",
"07360099999","1990-02-27T12:00:00","4","46.1666666","1.8666666","551.0","GUERET, FR","FM-12","99999","V020","260,1,N,0139,1","00300,1,C,N","008000,1,N,9","+0090,1","+0087,1","10111,1","06,0080,9,1",,,"0,001",,,"6,1,06,1","6,1,06,1","05,1,+00300,9,08,9","07,1,+00480,9,05,9",,"08,99,1,08,1,08,1,00450,1,99,9,99,9","0000,9",,,,,"99999,9,09466,1","2,1,006,1,+999,9","61,1","4,99,0232,1","SYN029333   85810 87616 91145 94000",
"07360099999","1990-02-27T15:00:00","4","46.1666666","1.8666666","551.0","GUERET, FR","FM-12","99999","V020","270,1,N,0170,1","00480,1,C,N","015000,1,N,9","+0094,1","+0056,1","10126,1","06,0000,9,1",,,"4,000",,,,,"07,1,+00480,9,08,9",,,"07,99,1,07,1,02,1,00450,1,99,9,99,9","0018,9",,,,,"99999,9,09481,1","2,1,015,1,+999,9",,"4,99,0371,1","SYN023333   87816 91172 94003",
"07360099999","1990-02-27T18:00:00","4","46.1666666","1.8666666","551.0","GUERET, FR","FM-12","99999","V020","270,1,N,0129,1","99999,9,9,N","999999,9,N,9","+0074,1","+0033,1","10162,1","99,0100,9,1",,,"0,000",,,,,,,,,"0000,9",,,"999,M,+0101,1",,"99999,9,09509,1","2,1,028,1,+999,9",,"4,99,0221,1","SYN023333   10101 91143 94000",
"07360099999","1990-02-27T21:00:00","4","46.1666666","1.8666666","551.0","GUERET, FR","FM-12","99999","V020","260,1,N,0087,1","99999,9,9,N","999999,9,N,9","+0059,1","+0034,1","10191,1","06,0000,9,1",,,"4,000",,,,,,,,,"0000,9",,,,,"99999,9,09533,1","2,1,024,1,+999,9",,"4,99,0180,1","SYN017333   91135 94000",
"07360099999","1990-02-28T00:00:00","4","46.1666666","1.8666666","551.0","GUERET, FR","FM-12","99999","V020","260,1,N,0082,1","99999,9,9,N","999999,9,N,9","+0053,1","+0036,1","10205,1","06,0000,9,1",,,"4,000",,,,,,,,,"0000,9",,,,,"99999,9,09545,1","2,1,012,1,+999,9",,"4,99,0149,1","SYN017333   91129 94000",
"07360099999","1990-02-28T03:00:00","4","46.1666666","1.8666666","551.0","GUERET, FR","FM-12","99999","V020","260,1,N,0072,1","99999,9,9,N","999999,9,N,9","+0054,1","+0044,1","10194,1","06,0000,9,1",,,"4,000",,,,,,,,,"0000,9",,,,,"99999,9,09535,1","7,1,010,1,+999,9",,"4,99,0139,1","SYN017333   91127 94000",
"07360099999","1990-02-28T06:00:00","4","46.1666666","1.8666666","551.0","GUERET, FR","FM-12","99999","V020","250,1,N,0062,1","00150,1,C,N","006000,1,N,9","+0064,1","+0064,1","10174,1","99,0010,9,1",,,"0,000",,,"6,1,06,1","5,1,06,1","07,1,+00150,9,07,9",,,"08,99,1,07,1,07,1,00150,1,99,9,99,9","0066,9","09,9","999,+0050,9","999,N,+0050,1",,"99999,9,09519,1","7,1,016,1,+999,9","58,1","4,99,0118,1","SYN035333   20050 31005 87705 91123 94011",
"07360099999","1990-02-28T09:00:00","4","46.1666666","1.8666666","551.0","GUERET, FR","FM-12","99999","V020","240,1,N,0082,1","00150,1,C,N","006000,1,N,9","+0086,1","+0086,1","10146,1","99,0010,9,1",,,"0,001",,,"6,1,03,1","5,1,03,1","07,1,+00150,9,07,9",,,"08,99,1,07,1,07,1,00150,1,99,9,99,9","0060,9",,,,,"99999,9,09498,1","7,1,021,1,+999,9","61,1","4,99,0160,1","SYN023333   87705 91131 94010",
"07360099999","1990-02-28T12:00:00","4","46.1666666","1.8666666","551.0","GUERET, FR","FM-12","99999","V020","260,1,N,0118,1","00180,1,C,N","006000,1,N,9","+0093,1","+0093,1","10138,1","06,0040,9,1",,,"0,000",,,"6,1,06,1","5,1,06,1","07,1,+00180,9,07,9",,,"08,99,1,07,1,07,1,00250,1,99,9,99,9","0012,9",,,,,"99999,9,09492,1","7,1,006,1,+999,9","58,1","4,99,0211,1","SYN023333   87706 91141 94002",
"07360099999","1990-02-28T15:00:00","4","46.1666666","1.8666666","551.0","GUERET, FR","FM-12","99999","V020","250,1,N,0108,1","00180,1,C,N","006000,1,N,9","+0083,1","+0075,1","10123,1","99,0003,9,1",,,"0,000",,,"6,1,03,1","5,1,03,1","07,1,+00180,9,07,9",,,"08,99,1,07,1,07,1,00150,1,99,9,99,9","0018,9",,,,,"99999,9,09476,1","7,1,016,1,+999,9","51,1","4,99,0201,1","SYN023333   87706 91139 94003",
"07360099999","1990-02-28T18:00:00","4","46.1666666","1.8666666","551.0","GUERET, FR","FM-12","99999","V020","250,1,N,0108,1","99999,9,9,N","999999,9,N,9","+0074,1","+0071,1","10126,1","99,0060,9,1",,,"0,000",,,"4,1,06,1",,,,,,"0036,9",,,"999,M,+0098,1",,"99999,9,09476,1","4,1,000,1,+999,9","41,1","4,99,0221,1","SYN023333   10098 91143 94006",
"07360099999","1990-02-28T21:00:00","4","46.1666666","1.8666666","551.0","GUERET, FR","FM-12","99999","V020","240,1,N,0082,1","99999,9,9,N","999999,9,N,9","+0075,1","+0075,1","10123,1","99,0005,9,1",,,"0,000",,,"4,1,03,1",,,,,,"0000,9",,,,,"99999,9,09474,1","7,1,002,1,+999,9","21,1","4,99,0170,1","SYN017333   91133 94000",
"07360099999","1990-03-01T00:00:00","4","46.1666666","1.8666666","551.0","GUERET, FR","FM-12","99999","V020","250,1,N,0082,1","99999,9,9,N","999999,9,N,9","+0083,1","+0083,1","10106,1","06,0030,9,1",,,"0,000",,,"4,1,06,1",,,,,,"0000,9",,,,,"99999,9,09460,1","7,1,014,1,+999,9","21,1","4,99,0170,1","SYN017333   91133 94000",
"07360099999","1990-03-01T03:00:00","4","46.1666666","1.8666666","551.0","GUERET, FR","FM-12","99999","V020","270,1,N,0082,1","99999,9,9,N","999999,9,N,9","+0062,1","+0062,1","10127,1","99,0030,9,1",,,"0,000",,,"4,1,03,1",,,,,,"0000,9",,,,,"99999,9,09474,1","2,1,014,1,+999,9","41,1","4,99,0139,1","SYN017333   91127 94000",
"07360099999","1990-03-01T06:00:00","4","46.1666666","1.8666666","551.0","GUERET, FR","FM-12","99999","V020","260,1,N,0072,1","00090,1,C,N","005000,1,N,9","+0041,1","+0041,1","10147,1","99,0110,9,1",,,"0,000",,,"6,1,06,1",,"07,1,+00090,9,07,9",,,"08,99,1,08,1,07,1,00150,1,99,9,99,9","0372,9","09,9","999,+0040,9","999,N,+0041,1",,"99999,9,09488,1","2,1,014,1,+999,9","21,1","4,99,0118,1","SYN035333   20041 31004 87703 91123 94062",
"07360099999","1990-03-01T09:00:00","4","46.1666666","1.8666666","551.0","GUERET, FR","FM-12","99999","V020","280,1,N,0087,1","00780,1,C,N","010000,1,N,9","+0049,1","+0029,1","10164,1","06,0000,9,1",,,"4,000",,,,,"04,1,+00390,9,08,9","05,1,+00780,9,05,9",,"06,99,1,06,1,08,1,00450,1,00,1,00,1","0030,9",,,,,"99999,9,09506,1","2,1,018,1,+999,9",,"4,99,0170,1","SYN029333   84813 85626 91133 94005",
"07360099999","1990-03-01T12:00:00","4","46.1666666","1.8666666","551.0","GUERET, FR","FM-12","99999","V020","270,1,N,0082,1","22000,1,C,N","050000,1,N,9","+0076,1","+0021,1","10174,1","06,0003,9,1",,,"0,000",,,,,"04,1,+00480,9,08,9",,,"04,99,1,04,1,02,1,00450,1,00,1,01,1","0036,9",,,,,"99999,9,09521,1","2,1,015,1,+999,9",,"4,99,0170,1","SYN023333   84816 91133 94006",
"07360099999","1990-03-01T15:00:00","4","46.1666666","1.8666666","551.0","GUERET, FR","FM-12","99999","V020","270,1,N,0082,1","00780,1,C,N","050000,1,N,9","+0058,1","+0000,1","10185,1","06,0000,9,1",,,"4,000",,,"8,1,03,1","7,1,03,1","02,1,+00480,9,08,9","07,1,+00780,9,05,9",,"07,99,1,07,1,08,1,00450,1,99,9,99,9","0000,9",,,,,"99999,9,09527,1","2,1,006,1,+999,9","02,1","4,99,0139,1","SYN029333   82816 87626 91127 94000",
"07360099999","1990-03-01T18:00:00","4","46.1666666","1.8666666","551.0","GUERET, FR","FM-12","99999","V020","280,1,N,0051,1","99999,9,9,N","999999,9,N,9","+0042,1","-0008,1","10202,1",,,,"2,000",,,,,,,,,"0000,9",,,,,"99999,9,09539,1",,,"4,99,0088,1","SYN017333   91117 94000",
"07360099999","1990-03-01T21:00:00","4","46.1666666","1.8666666","551.0","GUERET, FR","FM-12","99999","V020","270,1,N,0062,1","99999,9,9,N","999999,9,N,9","+0030,1","-0006,1","10221,1","06,0000,9,1",,,"4,000",,,,,,,,,"0000,9",,,,,"99999,9,09554,1","2,1,015,1,+999,9",,"4,99,0118,1","SYN017333   91123 94000",
"07360099999","1990-03-02T00:00:00","4","46.1666666","1.8666666","551.0","GUERET, FR","FM-12","99999","V020","250,1,N,0062,1","99999,9,9,N","999999,9,N,9","+0014,1","+0001,1","10228,1","06,0000,9,1",,,"4,000",,,,,,,,,"0000,9",,,,,"99999,9,09557,1","2,1,003,1,+999,9",,"4,99,0118,1","SYN017333   91123 94000",
"07360099999","1990-03-02T03:00:00","4","46.1666666","1.8666666","551.0","GUERET, FR","FM-12","99999","V020","260,1,N,0041,1","99999,9,9,N","999999,9,N,9","+0009,1","+0000,1","10237,1","06,0000,9,1",,,"4,000",,,,,,,,,"0000,9",,,,,"99999,9,09564,1","2,1,007,1,+999,9",,"4,99,0098,1","SYN017333   91119 94000",
"07360099999","1990-03-02T06:00:00","4","46.1666666","1.8666666","551.0","GUERET, FR","FM-12","99999","V020","300,1,N,0041,1","00150,1,C,N","010000,1,N,9","+0005,1","+0002,1","10264,1","06,0000,9,1",,,"4,000",,,,,"07,1,+00150,9,07,9",,,"07,99,1,07,1,06,1,00150,1,99,9,99,9","0012,9","09,9","999,+0000,9","999,N,+0005,1",,"99999,9,09588,1","2,1,024,1,+999,9",,"4,99,0082,1","SYN035333   20005 31000 87705 91116 94002",
"07360099999","1990-03-02T09:00:00","4","46.1666666","1.8666666","551.0","GUERET, FR","FM-12","99999","V020","360,1,N,0041,1","00240,1,C,N","008000,1,N,9","+0000,1","-0001,1","10311,1","99,9999,2,9",,,"0,000",,,"7,1,03,1","2,1,03,1","07,1,+00240,9,07,9",,,"08,99,1,07,1,07,1,00250,1,99,9,99,9","0054,9",,,,,"99999,9,09631,1","2,1,043,1,+999,9","22,1","4,99,0098,1","SYN023333   87708 91119 94009",
"07360099999","1990-03-02T12:00:00","4","46.1666666","1.8666666","551.0","GUERET, FR","FM-12","99999","V020","350,1,N,0051,1","00600,1,C,N","025000,1,N,9","+0024,1","-0019,1","10338,1","06,0010,9,1",,,"0,000",,"99,001,9,1","8,1,06,1","7,1,06,1","06,1,+00600,9,08,9",,,"06,99,1,06,1,02,1,00800,1,00,1,00,1","0030,9",,,,,"99999,9,09662,1","2,1,031,1,+999,9","26,1","4,99,0118,1","SYN029333   86820 91123 93101 94005",
"07360099999","1990-03-02T15:00:00","4","46.1666666","1.8666666","551.0","GUERET, FR","FM-12","99999","V020","360,1,N,0051,1","01200,1,C,N","025000,1,N,9","+0015,1","-0073,1","10358,1","06,0000,9,1",,,"4,000",,,,,"04,1,+00690,9,08,9","03,1,+01200,9,05,9",,"06,99,1,06,1,08,1,00800,1,00,1,00,1","0030,9",,,,,"99999,9,09678,1","2,1,016,1,+999,9",,"4,99,0088,1","SYN029333   84823 83640 91117 94005",
"07360099999","1990-03-02T18:00:00","4","46.1666666","1.8666666","551.0","GUERET, FR","FM-12","99999","V020","010,1,N,0041,1","99999,9,9,N","999999,9,N,9","-0003,1","-0085,1","10393,1","99,0010,9,1",,,"0,000",,,,,,,,,"0006,9",,,"999,M,+0034,1",,"99999,9,09706,1","2,1,028,1,+999,9",,"4,99,0072,1","SYN023333   10034 91114 94001",
"07360099999","1990-03-02T21:00:00","4","46.1666666","1.8666666","551.0","GUERET, FR","FM-12","99999","V020","360,1,N,0041,1","99999,9,9,N","999999,9,N,9","-0018,1","-0062,1","10425,1","06,0000,9,1",,,"4,000",,,,,,,,,"0000,9",,,,,"99999,9,09733,1","2,1,027,1,+999,9",,"4,99,0062,1","SYN017333   91112 94000",
"07360099999","1990-03-03T00:00:00","4","46.1666666","1.8666666","551.0","GUERET, FR","FM-12","99999","V020","030,1,N,0031,1","99999,9,9,N","999999,9,N,9","-0030,1","-0060,1","10446,1","06,0000,9,1",,,"4,000",,,,,,,,,"0000,9",,,,,"99999,9,09749,1","2,1,016,1,+999,9",,"4,99,0041,1","SYN017333   91108 94000",
"07360099999","1990-03-03T03:00:00","4","46.1666666","1.8666666","551.0","GUERET, FR","FM-12","99999","V020","040,1,N,0021,1","99999,9,9,N","999999,9,N,9","-0029,1","-0064,1","10447,1","06,0000,9,1",,,"4,000",,,,,,,,,"0000,9",,,,,"99999,9,09750,1","2,1,001,1,+999,9",,"4,99,0031,1","SYN017333   91106 94000",
"07360099999","1990-03-03T06:00:00","4","46.1666666","1.8666666","551.0","GUERET, FR","FM-12","99999","V020","030,1,N,0010,1","00990,1,C,N","007000,1,N,9","-0017,1","-0061,1","10452,1","06,0000,9,1",,,"4,000",,,,,"07,1,+00990,9,05,9",,,"07,99,1,07,1,05,1,01250,1,99,9,99,9","0384,9","01,9","999,-0050,9","999,N,-0032,1",,"99999,9,09758,1","2,1,008,1,+999,9",,"4,99,0021,1","SYN035333   21032 30105 87633 91104 94064",
"07360099999","1990-03-03T09:00:00","4","46.1666666","1.8666666","551.0","GUERET, FR","FM-12","99999","V020","030,1,N,0021,1","00990,1,C,N","015000,1,N,9","+0005,1","-0032,1","10461,1","06,0000,9,1",,,"4,000",,,,,"07,1,+00990,9,05,9",,,"07,99,1,07,1,05,1,01250,1,99,9,99,9","0006,9",,,,,"99999,9,09772,1","2,1,014,1,+999,9",,"4,99,0041,1","SYN023333   87633 91108 94001",
"07360099999","1990-03-03T12:00:00","4","46.1666666","1.8666666","551.0","GUERET, FR","FM-12","99999","V020","050,1,N,0041,1","00690,1,C,N","020000,1,N,9","+0056,1","+0004,1","10447,1","06,0000,9,1",,,"4,000",,,,,"05,1,+00690,9,08,9",,,"05,99,1,05,1,02,1,00800,1,00,1,00,1","0024,9",,,,,"99999,9,09772,1","4,1,000,1,+999,9",,"4,99,0082,1","SYN023333   85823 91116 94004",
"07360099999","1990-03-03T15:00:00","4","46.1666666","1.8666666","551.0","GUERET, FR","FM-12","99999","V020","040,1,N,0051,1","99999,9,9,N","999999,9,N,9","+0057,1","-0014,1","10437,1","06,0000,9,1",,,"4,000",,,,,,,,,"0036,9",,,,,"99999,9,09762,1","7,1,010,1,+999,9",,"4,99,0088,1","SYN017333   91117 94006",
"07360099999","1990-03-03T18:00:00","4","46.1666666","1.8666666","551.0","GUERET, FR","FM-12","99999","V020","040,1,N,0021,1","99999,9,9,N","999999,9,N,9","+0034,1","-0019,1","10445,1","06,0000,9,1",,,"4,000",,,,,,,,,"0006,9",,,"999,M,+0063,1",,"99999,9,09764,1","2,1,002,1,+999,9",,"4,99,0062,1","SYN023333   10063 91112 94001",
"07360099999","1990-03-03T21:00:00","4","46.1666666","1.8666666","551.0","GUERET, FR","FM-12","99999","V020","060,1,N,0031,1","99999,9,9,N","999999,9,N,9","+0015,1","-0019,1","10456,1","06,0000,9,1",,,"4,000",,,,,,,,,"0000,9",,,,,"99999,9,09770,1","2,1,006,1,+999,9",,"4,99,0051,1","SYN017333   91110 94000",
"07360099999","1990-03-04T00:00:00","4","46.1666666","1.8666666","551.0","GUERET, FR","FM-12","99999","V020","080,1,N,0031,1","99999,9,9,N","999999,9,N,9","+0004,1","-0025,1","10461,1","06,0000,9,1",,,"4,000",,,,,,,,,"0000,9",,,,,"99999,9,09771,1","2,1,001,1,+999,9",,"4,99,0062,1","SYN017333   91112 94000",
"07360099999","1990-03-04T03:00:00","4","46.1666666","1.8666666","551.0","GUERET, FR","FM-12","99999","V020","110,1,N,0041,1","99999,9,9,N","999999,9,N,9","-0002,1","-0024,1","10450,1","06,0000,9,1",,,"4,000",,,,,,,,,"0000,9",,,,,"99999,9,09760,1","7,1,011,1,+999,9",,"4,99,0072,1","SYN017333   91114 94000",
"07360099999","1990-03-04T06:00:00","4","46.1666666","1.8666666","551.0","GUERET, FR","FM-12","99999","V020","090,1,N,0031,1","99999,9,9,N","999999,9,N,9","-0013,1","-0035,1","10456,1","06,0000,9,1",,,"4,000",,,,,,,,,"0270,9",,"999,-0030,9","999,N,-0013,1",,"99999,9,09763,1","2,1,003,1,+999,9",,"4,99,0041,1","SYN029333   21013 3/103 91108 94045",
"07360099999","1990-03-04T09:00:00","4","46.1666666","1.8666666","551.0","GUERET, FR","FM-12","99999","V020","090,1,N,0031,1","22000,1,C,N","010000,1,N,9","+0022,1","-0025,1","10447,1","06,0000,9,1",,,"4,000",,,,,,,,"00,99,1,00,1,00,1,99999,9,00,1,00,1","0060,9",,,,,"99999,9,09763,1","4,1,000,1,+999,9",,"4,99,0082,1","SYN017333   91116 94010",
"07360099999","1990-03-04T12:00:00","4","46.1666666","1.8666666","551.0","GUERET, FR","FM-12","99999","V020","090,1,N,0031,1","22000,1,C,N","020000,1,N,9","+0076,1","-0027,1","10426,1","06,0000,9,1",,,"4,000",,,,,,,,"00,99,1,00,1,00,1,99999,9,00,1,00,1","0060,9",,,,,"99999,9,09756,1","7,1,007,1,+999,9",,"4,99,0082,1","SYN017333   91116 94010",
"07360099999","1990-03-04T15:00:00","4","46.1666666","1.8666666","551.0","GUERET, FR","FM-12","99999","V020","060,1,N,0031,1","99999,9,9,N","999999,9,N,9","+0096,1","-0023,1","10401,1","06,0000,9,1",,,"4,000",,,,,,,,,"0060,9",,,,,"99999,9,09738,1","7,1,018,1,+999,9",,"4,99,0051,1","SYN017333   91110 94010",
"07360099999","1990-03-04T18:00:00","4","46.1666666","1.8666666","551.0","GUERET, FR","FM-12","99999","V020","060,1,N,0031,1","99999,9,9,N","999999,9,N,9","+0053,1","-0023,1","10407,1","06,0000,9,1",,,"4,000",,,,,,,,,"0006,9",,,"999,M,+0098,1",,"99999,9,09733,1","7,1,005,1,+999,9",,"4,99,0072,1","SYN023333   10098 91114 94001",
"07360099999","1990-03-04T21:00:00","4","46.1666666","1.8666666","551.0","GUERET, FR","FM-12","99999","V020","100,1,N,0041,1","99999,9,9,N","999999,9,N,9","+0027,1","-0022,1","10408,1","06,0000,9,1",,,"4,000",,,,,,,,,"0000,9",,,,,"99999,9,09728,1","7,1,005,1,+999,9",,"4,99,0082,1","SYN017333   91116 94000",
"07360099999","1990-03-05T00:00:00","4","46.1666666","1.8666666","551.0","GUERET, FR","FM-12","99999","V020","100,1,N,0041,1","99999,9,9,N","999999,9,N,9","+0010,1","-0029,1","10402,1","06,0000,9,1",,,"4,000",,,,,,,,,"0000,9",,,,,"99999,9,09718,1","7,1,010,1,+999,9",,"4,99,0072,1","SYN017333   91114 94000",
"07360099999","1990-03-05T03:00:00","4","46.1666666","1.8666666","551.0","GUERET, FR","FM-12","99999","V020","120,1,N,0031,1","99999,9,9,N","999999,9,N,9","+0007,1","-0032,1","10389,1","06,0000,9,1",,,"4,000",,,,,,,,,"0000,9",,,,,"99999,9,09705,1","7,1,013,1,+999,9",,"4,99,0051,1","SYN017333   91110 94000",
"07360099999","1990-03-05T06:00:00","4","46.1666666","1.8666666","551.0","GUERET, FR","FM-12","99999","V020","120,1,N,0031,1","22000,1,C,N","075000,1,N,9","+0016,1","-0038,1","10373,1","06,0000,9,1",,,"4,000",,,,,,,,"00,99,1,00,1,00,1,99999,9,00,1,00,1","0660,9","01,9","999,-0020,9","999,N,+0004,1",,"99999,9,09693,1","7,1,012,1,+999,9",,"4,99,0072,1","SYN029333   20004 30102 91114 94110",
"07360099999","1990-03-05T09:00:00","4","46.1666666","1.8666666","551.0","GUERET, FR","FM-12","99999","V020","110,1,N,0031,1","22000,1,C,N","075000,1,N,9","+0086,1","-0075,1","10358,1","06,0000,9,1",,,"4,000",,,,,,,,"00,99,1,00,1,00,1,99999,9,00,1,00,1","0060,9",,,,,"99999,9,09694,1","2,1,001,1,+999,9",,"4,99,0051,1","SYN017333   91110 94010",
"07360099999","1990-03-05T12:00:00","4","46.1666666","1.8666666","551.0","GUERET, FR","FM-12","99999","V020","040,1,N,0021,1","22000,1,C,N","050000,1,N,9","+0127,1","-0079,1","10341,1","06,0000,9,1",,,"4,000",,,,,,,,"00,99,1,00,1,00,1,99999,9,00,1,00,1","0060,9",,,,,"99999,9,09687,1","7,1,007,1,+999,9",,"4,99,0051,1","SYN017333   91110 94010",
"07360099999","1990-03-05T15:00:00","4","46.1666666","1.8666666","551.0","GUERET, FR","FM-12","99999","V020","060,1,N,0031,1","22000,1,C,N","050000,1,N,9","+0135,1","-0090,1","10315,1","06,0000,9,1",,,"4,000",,,,,,,,"00,99,1,00,1,00,1,99999,9,00,1,00,1","0060,9",,,,,"99999,9,09665,1","7,1,022,1,+999,9",,"4,99,0051,1","SYN017333   91110 94010",
"07360099999","1990-03-05T18:00:00","4","46.1666666","1.8666666","551.0","GUERET, FR","FM-12","99999","V020","070,1,N,0021,1","99999,9,9,N","999999,9,N,9","+0092,1","-0070,1","10317,1","06,0000,9,1",,,"4,000",,,,,,,,,"0006,9",,,"999,M,+0140,1",,"99999,9,09657,1","7,1,008,1,+999,9",,"4,99,0031,1","SYN023333   10140 91106 94001",
"07360099999","1990-03-05T21:00:00","4","46.1666666","1.8666666","551.0","GUERET, FR","FM-12","99999","V020","140,1,N,0021,1","99999,9,9,N","999999,9,N,9","+0067,1","-0059,1","10321,1","06,0000,9,1",,,"4,000",,,,,,,,,"0000,9",,,,,"99999,9,09656,1","7,1,001,1,+999,9",,"4,99,0031,1","SYN017333   91106 94000",
"07360099999","1990-03-06T00:00:00","4","46.1666666","1.8666666","551.0","GUERET, FR","FM-12","99999","V020","120,1,N,0031,1","99999,9,9,N","999999,9,N,9","+0067,1","-0077,1","10315,1","06,0000,9,1",,,"4,000",,,,,,,,,"0000,9",,,,,"99999,9,09650,1","7,1,006,1,+999,9",,"4,99,0031,1","SYN017333   91106 94000",
"07360099999","1990-03-06T03:00:00","4","46.1666666","1.8666666","551.0","GUERET, FR","FM-12","99999","V020","160,1,N,0010,1","99999,9,9,N","999999,9,N,9","+0064,1","-0117,1","10308,1","06,0000,9,1",,,"4,000",,,,,,,,,"0000,9",,,,,"99999,9,09642,1","7,1,008,1,+999,9",,"4,99,0010,1","SYN017333   91102 94000",
"07360099999","1990-03-06T06:00:00","4","46.1666666","1.8666666","551.0","GUERET, FR","FM-12","99999","V020","999,1,C,0000,1","22000,1,C,N","075000,1,N,9","+0063,1","-0156,1","10302,1","06,0000,9,1",,,"4,000",,,,,"01,1,+07500,9,00,9",,,"01,99,1,00,1,00,1,99999,9,00,1,01,1","0636,9","01,9","999,+0010,9","999,N,+0058,1",,"99999,9,09636,1","7,1,006,1,+999,9",,"4,99,0000,1","SYN035333   20058 30001 81075 91100 94106",
"07360099999","1990-03-06T09:00:00","4","46.1666666","1.8666666","551.0","GUERET, FR","FM-12","99999","V020","240,1,N,0010,1","07500,1,C,N","025000,1,N,9","+0100,1","-0067,1","10299,1","06,0000,9,1",,,"4,000",,,,,"05,1,+07500,9,00,9",,,"05,99,1,00,1,00,1,99999,9,00,1,02,1","0060,9",,,,,"99999,9,09643,1","2,1,007,1,+999,9",,"4,99,0021,1","SYN023333   85075 91104 94010",
"07360099999","1990-03-06T12:00:00","4","46.1666666","1.8666666","551.0","GUERET, FR","FM-12","99999","V020","330,1,N,0010,1","22000,1,C,N","040000,1,N,9","+0145,1","-0118,1","10286,1","06,0000,9,1",,,"4,000",,,,,"04,1,+07500,9,00,9",,,"04,99,1,00,1,00,1,99999,9,00,1,02,1","0060,9",,,,,"99999,9,09640,1","7,1,003,1,+999,9",,"4,99,0031,1","SYN023333   84075 91106 94010",
"07360099999","1990-03-06T15:00:00","4","46.1666666","1.8666666","551.0","GUERET, FR","FM-12","99999","V020","280,1,N,0031,1","22000,1,C,N","040000,1,N,9","+0157,1","-0108,1","10267,1","06,0000,9,1",,,"4,000",,,,,"03,1,+07500,9,00,9",,,"03,99,1,00,1,00,1,99999,9,00,1,02,1","0060,9",,,,,"99999,9,09624,1","7,1,016,1,+999,9",,"4,99,0051,1","SYN023333   83075 91110 94010",
"07360099999","1990-03-06T18:00:00","4","46.1666666","1.8666666","551.0","GUERET, FR","FM-12","99999","V020","290,1,N,0031,1","99999,9,9,N","999999,9,N,9","+0103,1","-0088,1","10284,1","06,0000,9,1",,,"4,000",,,,,,,,,"0006,9",,,"999,M,+0161,1",,"99999,9,09629,1","2,1,005,1,+999,9",,"4,99,0041,1","SYN023333   10161 91108 94001",
"07360099999","1990-03-06T21:00:00","4","46.1666666","1.8666666","551.0","GUERET, FR","FM-12","99999","V020","290,1,N,0021,1","99999,9,9,N","999999,9,N,9","+0075,1","-0077,1","10291,1","06,0000,9,1",,,"4,000",,,,,,,,,"0000,9",,,,,"99999,9,09629,1","4,1,000,1,+999,9",,"4,99,0031,1","SYN017333   91106 94000",
"07360099999","1990-03-07T03:00:00","4","46.1666666","1.8666666","551.0","GUERET, FR","FM-12","99999","V020","070,1,N,0021,1","99999,9,9,N","999999,9,N,9","+0065,1","-0078,1","10275,1","06,0000,9,1",,,"4,000",,,,,,,,,"0000,9",,,,,"99999,9,09612,1","7,1,010,1,+999,9",,"4,99,0021,1","SYN017333   91104 94000",
"07360099999","1990-03-07T06:00:00","4","46.1666666","1.8666666","551.0","GUERET, FR","FM-12","99999","V020","120,1,N,0031,1","22000,1,C,N","075000,1,N,9","+0062,1","-0070,1","10271,1","06,0000,9,1",,,"4,000",,,,,"01,1,+07500,9,00,9",,,"01,99,1,00,1,00,1,99999,9,00,1,01,1","0606,9","01,9","999,+0020,9","999,N,+0057,1",,"99999,9,09608,1","7,1,004,1,+999,9",,"4,99,0041,1","SYN035333   20057 30002 81075 91108 94101",
"07360099999","1990-03-07T09:00:00","4","46.1666666","1.8666666","551.0","GUERET, FR","FM-12","99999","V020","110,1,N,0031,1","22000,1,C,N","030000,1,N,9","+0095,1","-0044,1","10270,1","06,0000,9,1",,,"4,000",,,,,"01,1,+07500,9,00,9",,,"01,99,1,00,1,00,1,99999,9,00,1,01,1","0060,9",,,,,"99999,9,09614,1","2,1,006,1,+999,9",,"4,99,0062,1","SYN023333   81075 91112 94010",
"07360099999","1990-03-07T12:00:00","4","46.1666666","1.8666666","551.0","GUERET, FR","FM-12","99999","V020","060,1,N,0021,1","22000,1,C,N","030000,1,N,9","+0143,1","-0030,1","10248,1","06,0000,9,1",,,"4,000",,,,,"01,1,+07500,9,00,9",,,"01,99,1,00,1,00,1,99999,9,00,1,01,1","0060,9",,,,,"99999,9,09604,1","7,1,010,1,+999,9",,"4,99,0041,1","SYN023333   81075 91108 94010",
"07360099999","1990-03-07T15:00:00","4","46.1666666","1.8666666","551.0","GUERET, FR","FM-12","99999","V020","080,1,N,0021,1","22000,1,C,N","040000,1,N,9","+0158,1","-0077,1","10219,1","06,0000,9,1",,,"4,000",,,,,"01,1,+07500,9,00,9",,,"01,99,1,00,1,00,1,99999,9,00,1,01,1","0060,9",,,,,"99999,9,09580,1","7,1,024,1,+999,9",,"4,99,0041,1","SYN023333   81075 91108 94010",
"07360099999","1990-03-07T18:00:00","4","46.1666666","1.8666666","551.0","GUERET, FR","FM-12","99999","V020","060,1,N,0021,1","99999,9,9,N","999999,9,N,9","+0120,1","-0050,1","10211,1","06,0000,9,1",,,"4,000",,,,,,,,,"0000,9",,,"999,M,+0164,1",,"99999,9,09564,1","7,1,016,1,+999,9",,"4,99,0051,1","SYN023333   10164 91110 94000",
"07360099999","1990-03-07T21:00:00","4","46.1666666","1.8666666","551.0","GUERET, FR","FM-12","99999","V020","120,1,N,0041,1","99999,9,9,N","999999,9,N,9","+0090,1","-0035,1","10210,1","06,0000,9,1",,,"4,000",,,,,,,,,"0000,9",,,,,"99999,9,09557,1","7,1,007,1,+999,9",,"4,99,0062,1","SYN017333   91112 94000",
"07360099999","1990-03-08T00:00:00","4","46.1666666","1.8666666","551.0","GUERET, FR","FM-12","99999","V020","200,1,N,0062,1","99999,9,9,N","999999,9,N,9","+0108,1","-0125,1","10200,1","06,0000,9,1",,,"4,000",,,,,,,,,"0000,9",,,,,"99999,9,09551,1","7,1,006,1,+999,9",,"4,99,0118,1","SYN017333   91123 94000",
"07360099999","1990-03-08T03:00:00","4","46.1666666","1.8666666","551.0","GUERET, FR","FM-12","99999","V020","210,1,N,0072,1","99999,9,9,N","999999,9,N,9","+0093,1","-0069,1","10205,1","06,0000,9,1",,,"4,000",,,,,,,,,"0000,9",,,,,"99999,9,09553,1","2,1,002,1,+999,9",,"4,99,0129,1","SYN017333   91125 94000",
"07360099999","1990-03-08T06:00:00","4","46.1666666","1.8666666","551.0","GUERET, FR","FM-12","99999","V020","220,1,N,0062,1","22000,1,C,N","015000,1,N,9","+0094,1","-0028,1","10208,1","06,0000,9,1",,,"4,000",,,,,"04,1,+07800,9,00,9",,,"04,99,1,00,1,00,1,99999,9,00,1,02,1","0606,9","01,9","999,+0050,9","999,N,+0084,1",,"99999,9,09556,1","2,1,003,1,+999,9",,"4,99,0129,1","SYN035333   20084 30005 84076 91125 94101",
"07360099999","1990-03-08T09:00:00","4","46.1666666","1.8666666","551.0","GUERET, FR","FM-12","99999","V020","220,1,N,0062,1","07800,1,C,N","015000,1,N,9","+0122,1","-0010,1","10220,1","06,0000,9,1",,,"4,000",,,,,"04,1,+03000,9,03,9","07,1,+07800,9,00,9",,"08,99,1,04,1,00,1,99999,9,07,1,02,1","0000,9",,,,,"99999,9,09574,1","2,1,018,1,+999,9",,"4,99,0118,1","SYN029333   84360 87076 91123 94000",
"07360099999","1990-03-08T12:00:00","4","46.1666666","1.8666666","551.0","GUERET, FR","FM-12","99999","V020","240,1,N,0062,1","07800,1,C,N","020000,1,N,9","+0159,1","+0020,1","10214,1","06,0000,9,1",,,"4,000",,,,,"03,1,+03000,9,03,9","06,1,+07800,9,00,9",,"06,99,1,03,1,00,1,99999,9,03,1,02,1","0018,9",,,,,"99999,9,09576,1","2,1,002,1,+999,9",,"4,99,0118,1","SYN029333   83360 86076 91123 94003",
"07360099999","1990-03-08T15:00:00","4","46.1666666","1.8666666","551.0","GUERET, FR","FM-12","99999","V020","240,1,N,0031,1","07800,1,C,N","025000,1,N,9","+0138,1","+0044,1","10221,1","06,0000,9,1",,,"4,000",,,,,"04,1,+03000,9,03,9","07,1,+07800,9,00,9",,"07,99,1,04,1,00,1,99999,9,03,1,02,1","0000,9",,,,,"99999,9,09579,1","2,1,003,1,+999,9",,"4,99,0082,1","SYN029333   84360 87076 91116 94000",
"07360099999","1990-03-08T18:00:00","4","46.1666666","1.8666666","551.0","GUERET, FR","FM-12","99999","V020","230,1,N,0031,1","99999,9,9,N","999999,9,N,9","+0117,1","+0044,1","10230,1","06,0000,9,1",,,"4,000",,,,,,,,,"0000,9",,,"999,M,+0159,1",,"99999,9,09582,1","2,1,003,1,+999,9",,"4,99,0072,1","SYN023333   10159 91114 94000",
"07360099999","1990-03-08T21:00:00","4","46.1666666","1.8666666","551.0","GUERET, FR","FM-12","99999","V020","240,1,N,0051,1","99999,9,9,N","999999,9,N,9","+0112,1","+0053,1","10246,1","06,0000,9,1",,,"4,000",,,,,,,,,"0000,9",,,,,"99999,9,09596,1","2,1,014,1,+999,9",,"4,99,0088,1","SYN017333   91117 94000",
"07360099999","1990-03-09T00:00:00","4","46.1666666","1.8666666","551.0","GUERET, FR","FM-12","99999","V020","250,1,N,0051,1","99999,9,9,N","999999,9,N,9","+0093,1","+0059,1","10258,1","06,0000,9,1",,,"4,000",,,,,,,,,"0000,9",,,,,"99999,9,09604,1","2,1,008,1,+999,9",,"4,99,0082,1","SYN017333   91116 94000",
"07360099999","1990-03-09T03:00:00","4","46.1666666","1.8666666","551.0","GUERET, FR","FM-12","99999","V020","250,1,N,0051,1","99999,9,9,N","999999,9,N,9","+0076,1","+0054,1","10260,1","06,0000,9,1",,,"4,000",,,,,,,,,"0000,9",,,,,"99999,9,09602,1","7,1,002,1,+999,9",,"4,99,0088,1","SYN017333   91117 94000",
"07360099999","1990-03-09T06:00:00","4","46.1666666","1.8666666","551.0","GUERET, FR","FM-12","99999","V020","270,1,N,0072,1","00060,1,C,N","001500,1,N,9","+0074,1","+0073,1","10282,1","06,9999,9,9",,,"4,000",,,"5,1,06,1",,"08,1,+00060,9,07,9",,,"08,99,1,08,1,07,1,00075,1,99,9,99,9","0042,9","09,9","999,+0060,9","999,N,+0063,1",,"99999,9,09622,1","2,1,020,1,+999,9","50,1","4,99,0139,1","SYN035333   20063 31006 88702 91127 94007","Q01  00002PRCP06"
"07360099999","1990-03-09T09:00:00","4","46.1666666","1.8666666","551.0","GUERET, FR","FM-12","99999","V020","280,1,N,0051,1","00090,1,C,N","003000,1,N,9","+0069,1","+0066,1","99999,9","06,0000,9,1",,,"4,000",,,"5,1,03,1","2,1,03,1","07,1,+00090,9,07,9",,,"08,99,1,07,1,07,1,00150,1,99,9,99,9","0000,9",,,,,,,"10,1","4,99,0082,1","SYN023333   87703 91116 94000","Q01+100003APOSP "
"07360099999","1990-03-09T12:00:00","4","46.1666666","1.8666666","551.0","GUERET, FR","FM-12","99999","V020","280,1,N,0041,1","00480,1,C,N","006000,1,N,9","+0088,1","+0057,1","10342,1","06,0003,9,1",,,"0,000",,,"5,1,06,1","2,1,06,1","08,1,+00480,9,05,9",,,"08,99,1,08,1,05,1,00450,1,99,9,99,9","0000,9",,,,,"99999,9,09681,1","2,1,020,1,+999,9","02,1","4,99,0082,1","SYN023333   88616 91116 94000",
"07360099999","1990-03-09T15:00:00","4","46.1666666","1.8666666","551.0","GUERET, FR","FM-12","99999","V020","270,1,N,0051,1","22000,1,C,N","020000,1,N,9","+0105,1","+0059,1","10344,1","06,0000,9,1",,,"4,000",,,,,"04,1,+00480,9,08,9",,,"04,99,1,04,1,02,1,00450,1,00,1,00,1","0036,9",,,,,"99999,9,09687,1","2,1,006,1,+999,9",,"4,99,0088,1","SYN023333   84816 91117 94006",
"07360099999","1990-03-09T18:00:00","4","46.1666666","1.8666666","551.0","GUERET, FR","FM-12","99999","V020","270,1,N,0041,1","99999,9,9,N","999999,9,N,9","+0082,1","+0046,1","10365,1","99,0003,9,1",,,"0,000",,,,,,,,,"0000,9",,,"999,M,+0114,1",,"99999,9,09701,1","2,1,014,1,+999,9",,"4,99,0072,1","SYN023333   10114 91114 94000",
"07360099999","1990-03-09T21:00:00","4","46.1666666","1.8666666","551.0","GUERET, FR","FM-12","99999","V020","250,1,N,0051,1","99999,9,9,N","999999,9,N,9","+0071,1","+0046,1","10383,1","06,0000,9,1",,,"4,000",,,,,,,,,"0000,9",,,,,"99999,9,09715,1","2,1,014,1,+999,9",,"4,99,0088,1","SYN017333   91117 94000",
"07360099999","1990-03-10T00:00:00","4","46.1666666","1.8666666","551.0","GUERET, FR","FM-12","99999","V020","270,1,N,0021,1","99999,9,9,N","999999,9,N,9","+0070,1","+0055,1","10392,1","06,0000,9,1",,,"4,000",,,,,,,,,"0000,9",,,,,"99999,9,09724,1","2,1,009,1,+999,9",,"4,99,0041,1","SYN017333   91108 94000",
"07360099999","1990-03-10T03:00:00","4","46.1666666","1.8666666","551.0","GUERET, FR","FM-12","99999","V020","240,1,N,0041,1","99999,9,9,N","999999,9,N,9","+0062,1","+0050,1","10391,1","06,0000,9,1",,,"4,000",,,,,,,,,"0000,9",,,,,"99999,9,09721,1","7,1,003,1,+999,9",,"4,99,0098,1","SYN017333   91119 94000",
"07360099999","1990-03-10T06:00:00","4","46.1666666","1.8666666","551.0","GUERET, FR","FM-12","99999","V020","230,1,N,0072,1","00780,1,C,N","015000,1,N,9","+0064,1","+0044,1","10386,1","06,0000,9,1",,,"4,000",,,,,"06,1,+00780,9,05,9",,,"06,99,1,06,1,05,1,00800,1,00,1,01,1","0096,9","01,9","999,+0050,9","999,N,+0060,1",,"99999,9,09717,1","7,1,004,1,+999,9",,"4,99,0139,1","SYN035333   20060 30005 86626 91127 94016",
"07360099999","1990-03-10T09:00:00","4","46.1666666","1.8666666","551.0","GUERET, FR","FM-12","99999","V020","240,1,N,0051,1","00990,1,C,N","010000,1,N,9","+0082,1","+0067,1","10401,1","06,0000,9,1",,,"4,000",,,,,"03,1,+00240,9,07,9","03,1,+00990,9,05,9",,"05,99,1,05,1,08,1,00250,1,00,1,01,1","0024,9",,,,,"99999,9,09735,1","2,1,018,1,+999,9",,"4,99,0108,1","SYN029333   83708 83633 91121 94004",
"07360099999","1990-03-10T12:00:00","4","46.1666666","1.8666666","551.0","GUERET, FR","FM-12","99999","V020","270,1,N,0031,1","00990,1,C,N","020000,1,N,9","+0110,1","+0082,1","10394,1","06,0000,9,1",,,"4,000",,,,,"04,1,+00390,9,08,9","06,1,+00990,9,05,9",,"08,99,1,08,1,08,1,00450,1,99,9,99,9","0000,9",,,,,"99999,9,09735,1","4,1,000,1,+999,9",,"4,99,0088,1","SYN029333   84813 86633 91117 94000",
"07360099999","1990-03-10T15:00:00","4","46.1666666","1.8666666","551.0","GUERET, FR","FM-12","99999","V020","280,1,N,0041,1","99999,9,9,N","999999,9,N,9","+0123,1","+0090,1","10379,1","06,0000,9,1",,,"4,000",,,,,,,,,"0006,9",,,,,"99999,9,09724,1","7,1,011,1,+999,9",,"4,99,0072,1","SYN017333   91114 94001",
"07360099999","1990-03-10T18:00:00","4","46.1666666","1.8666666","551.0","GUERET, FR","FM-12","99999","V020","310,1,N,0010,1","99999,9,9,N","999999,9,N,9","+0112,1","+0088,1","10383,1","06,0000,9,1",,,"4,000",,,,,,,,,"0000,9",,,"999,M,+0130,1",,"99999,9,09725,1","2,1,001,1,+999,9",,"4,99,0021,1","SYN023333   10130 91104 94000",
"07360099999","1990-03-10T21:00:00","4","46.1666666","1.8666666","551.0","GUERET, FR","FM-12","99999","V020","110,1,N,0021,1","99999,9,9,N","999999,9,N,9","+0088,1","+0082,1","10384,1","06,0000,9,1",,,"4,000",,,,,,,,,"0000,9",,,,,"99999,9,09721,1","7,1,004,1,+999,9",,"4,99,0031,1","SYN017333   91106 94000",
"07360099999","1990-03-11T00:00:00","4","46.1666666","1.8666666","551.0","GUERET, FR","FM-12","99999","V020","120,1,N,0031,1","99999,9,9,N","999999,9,N,9","+0085,1","+0074,1","10365,1","06,0000,9,1",,,"4,000",,,,,,,,,"0000,9",,,,,"99999,9,09703,1","7,1,018,1,+999,9",,"4,99,0062,1","SYN017333   91112 94000",
"07360099999","1990-03-11T03:00:00","4","46.1666666","1.8666666","551.0","GUERET, FR","FM-12","99999","V020","110,1,N,0062,1","99999,9,9,N","999999,9,N,9","+0113,1","+0026,1","10335,1","06,0000,9,1",,,"4,000",,,,,,,,,"0000,9",,,,,"99999,9,09680,1","7,1,023,1,+999,9",,"4,99,0098,1","SYN017333   91119 94000",
"07360099999","1990-03-11T06:00:00","4","46.1666666","1.8666666","551.0","GUERET, FR","FM-12","99999","V020","140,1,N,0031,1","22000,1,C,N","075000,1,N,9","+0124,1","-0026,1","10320,1","06,0000,9,1",,,"4,000",,,,,,,,"00,99,1,00,1,00,1,99999,9,00,1,00,1","0060,9","01,9","999,+0050,9","999,N,+0080,1",,"99999,9,09667,1","7,1,013,1,+999,9",,"4,99,0062,1","SYN029333   20080 30005 91112 94010",
"07360099999","1990-03-11T09:00:00","4","46.1666666","1.8666666","551.0","GUERET, FR","FM-12","99999","V020","110,1,N,0021,1","22000,1,C,N","075000,1,N,9","+0160,1","+0017,1","10299,1","06,0000,9,1",,,"4,000",,,,,"01,1,+07800,9,00,9",,,"01,99,1,00,1,00,1,99999,9,00,1,01,1","0060,9",,,,,"99999,9,09656,1","7,1,011,1,+999,9",,"4,99,0031,1","SYN023333   81076 91106 94010",
"07360099999","1990-03-11T12:00:00","4","46.1666666","1.8666666","551.0","GUERET, FR","FM-12","99999","V020","220,1,N,0021,1","22000,1,C,N","075000,1,N,9","+0203,1","-0021,1","10282,1","06,0000,9,1",,,"4,000",,,,,"04,1,+07800,9,00,9",,,"04,99,1,00,1,00,1,99999,9,00,1,01,1","0060,9",,,,,"99999,9,09649,1","7,1,007,1,+999,9",,"4,99,0051,1","SYN023333   84076 91110 94010",
"07360099999","1990-03-11T15:00:00","4","46.1666666","1.8666666","551.0","GUERET, FR","FM-12","99999","V020","250,1,N,0010,1","99999,9,9,N","999999,9,N,9","+0205,1","-0053,1","10256,1","06,0000,9,1",,,"4,000",,,,,,,,,"0000,9",,,,,"99999,9,09624,1","7,1,025,1,+999,9",,"4,99,0031,1","SYN017333   91106 94000",
"07360099999","1990-03-11T18:00:00","4","46.1666666","1.8666666","551.0","GUERET, FR","FM-12","99999","V020","220,1,N,0021,1","99999,9,9,N","999999,9,N,9","+0170,1","+0010,1","10256,1","06,0000,9,1",,,"4,000",,,,,,,,,"0000,9",,,"999,M,+0226,1",,"99999,9,09618,1","7,1,006,1,+999,9",,"4,99,0041,1","SYN023333   10226 91108 94000",
"07360099999","1990-03-12T06:00:00","4","46.1666666","1.8666666","551.0","GUERET, FR","FM-12","99999","V020","250,1,N,0021,1","07800,1,C,N","015000,1,N,9","+0099,1","+0070,1","10261,1","06,0000,9,1",,,"4,000",,,,,"04,1,+03000,9,03,9","06,1,+07800,9,00,9",,"07,99,1,04,1,00,1,99999,9,03,1,02,1","0426,9","01,9","999,+0090,9","999,N,+0099,1",,"99999,9,09608,1","2,1,006,1,+999,9",,"4,99,0072,1","SYN041333   20099 30009 84360 86076 91114 94071",
"07360099999","1990-03-12T09:00:00","4","46.1666666","1.8666666","551.0","GUERET, FR","FM-12","99999","V020","250,1,N,0031,1","07800,1,C,N","015000,1,N,9","+0112,1","+0089,1","10265,1","06,0000,9,1",,,"4,000",,,,,"03,1,+03000,9,03,9","05,1,+07800,9,00,9",,"05,99,1,03,1,00,1,99999,9,03,1,02,1","0060,9",,,,,"99999,9,09615,1","2,1,007,1,+999,9",,"4,99,0072,1","SYN029333   83360 85076 91114 94010",
"07360099999","1990-03-12T15:00:00","4","46.1666666","1.8666666","551.0","GUERET, FR","FM-12","99999","V020","340,1,N,0021,1","07800,1,C,N","015000,1,N,9","+0152,1","+0093,1","10243,1","06,0000,9,1",,,"4,000",,,,,"01,1,+00900,9,08,9","05,1,+07800,9,00,9",,"05,99,1,01,1,01,1,00800,1,00,1,02,1","0060,9",,,,,"99999,9,09603,1","7,1,012,1,+999,9",,"4,99,0051,1","SYN029333   81830 85076 91110 94010",
"07360099999","1990-03-12T18:00:00","4","46.1666666","1.8666666","551.0","GUERET, FR","FM-12","99999","V020","020,1,N,0021,1","99999,9,9,N","999999,9,N,9","+0109,1","+0092,1","10258,1","06,0000,9,1",,,"4,000",,,,,,,,,"0000,9",,,"999,M,+0154,1",,"99999,9,09608,1","2,1,005,1,+999,9",,"4,99,0041,1","SYN023333   10154 91108 94000",
"07360099999","1990-03-12T21:00:00","4","46.1666666","1.8666666","551.0","GUERET, FR","FM-12","99999","V020","310,1,N,0021,1","99999,9,9,N","999999,9,N,9","+0091,1","+0091,1","10272,1","06,0000,9,1",,,"4,000",,,,,,,,,"0000,9",,,,,"99999,9,09617,1","2,1,009,1,+999,9",,"4,99,0041,1","SYN017333   91108 94000",
"07360099999","1990-03-13T00:00:00","4","46.1666666","1.8666666","551.0","GUERET, FR","FM-12","99999","V020","999,1,C,0000,1","99999,9,9,N","999999,9,N,9","+0091,1","+0091,1","10263,1","06,0000,9,1",,,"4,000",,,,,,,,,"0000,9",,,,,"99999,9,09608,1","7,1,009,1,+999,9",,"4,99,0000,1","SYN017333   91100 94000",
"07360099999","1990-03-13T03:00:00","4","46.1666666","1.8666666","551.0","GUERET, FR","FM-12","99999","V020","260,1,N,0010,1","99999,9,9,N","999999,9,N,9","+0083,1","+0083,1","10253,1","06,0000,9,1",,,"4,000",,,,,,,,,"0000,9",,,,,"99999,9,09597,1","7,1,011,1,+999,9",,"4,99,0021,1","SYN017333   91104 94000",
"07360099999","1990-03-13T06:00:00","4","46.1666666","1.8666666","551.0","GUERET, FR","FM-12","99999","V020","100,1,N,0021,1","00150,1,C,N","000100,1,N,9","+0061,1","+0061,1","10250,1","06,0000,9,1",,,"4,000",,,"4,1,06,1","4,1,06,1","05,1,+00150,9,05,9",,,"05,99,1,05,1,07,1,00150,1,00,1,00,1","0300,9","01,9","999,+0030,9","999,N,+0061,1",,"99999,9,09589,1","7,1,008,1,+999,9","46,1","4,99,0031,1","SYN035333   20061 30003 85605 91106 94050",
"07360099999","1990-03-13T09:00:00","4","46.1666666","1.8666666","551.0","GUERET, FR","FM-12","99999","V020","999,1,C,0000,1","07800,1,C,N","002000,1,N,9","+0091,1","+0091,1","10253,1","06,0000,9,1",,,"4,000",,,"4,1,03,1","4,1,03,1","05,1,+07800,9,00,9",,,"05,99,1,00,1,00,1,99999,9,00,1,05,1","0060,9",,,,,"99999,9,09599,1","2,1,010,1,+999,9","10,1","4,99,0031,1","SYN023333   85076 91106 94010",
"07360099999","1990-03-13T12:00:00","4","46.1666666","1.8666666","551.0","GUERET, FR","FM-12","99999","V020","320,1,N,0021,1","07800,1,C,N","008000,1,N,9","+0139,1","+0089,1","10245,1","06,0000,9,1",,,"4,000",,,"4,1,06,1","2,1,06,1","02,1,+00900,9,05,9","08,1,+07800,9,01,9",,"08,99,1,02,1,05,1,00800,1,00,1,08,1","0012,9",,,,,"99999,9,09602,1","2,1,003,1,+999,9","02,1","4,99,0031,1","SYN029333   82630 88176 91106 94002",
"07360099999","1990-03-13T15:00:00","4","46.1666666","1.8666666","551.0","GUERET, FR","FM-12","99999","V020","270,1,N,0041,1","03000,1,C,N","009000,1,N,9","+0125,1","+0088,1","10248,1","06,0000,9,1",,,"4,000",,,,,"02,1,+00990,9,05,9","07,1,+03000,9,04,9",,"07,99,1,05,1,05,1,01250,1,01,1,99,9","0000,9",,,,,"99999,9,09602,1","4,1,000,1,+999,9",,"4,99,0082,1","SYN029333   82633 87460 91116 94000",
"07360099999","1990-03-13T18:00:00","4","46.1666666","1.8666666","551.0","GUERET, FR","FM-12","99999","V020","240,1,N,0031,1","99999,9,9,N","999999,9,N,9","+0085,1","+0085,1","10269,1","99,0030,9,1",,,"0,000",,,"4,1,06,1",,,,,,"0024,9",,,"999,M,+0146,1",,"99999,9,09613,1","2,1,011,1,+999,9","21,1","4,99,0072,1","SYN023333   10146 91114 94004",
"07360099999","1990-03-13T21:00:00","4","46.1666666","1.8666666","551.0","GUERET, FR","FM-12","99999","V020","240,1,N,0041,1","99999,9,9,N","999999,9,N,9","+0080,1","+0080,1","10284,1","06,0000,9,1",,,"4,000",,,,,,,,,"0000,9",,,,,"99999,9,09625,1","2,1,012,1,+999,9",,"4,99,0072,1","SYN017333   91114 94000",
"07360099999","1990-03-14T00:00:00","4","46.1666666","1.8666666","551.0","GUERET, FR","FM-12","99999","V020","260,1,N,0021,1","99999,9,9,N","999999,9,N,9","+0081,1","+0081,1","10291,1","06,0005,9,1",,,"0,000",,,,,,,,,"0000,9",,,,,"99999,9,09632,1","2,1,007,1,+999,9",,"4,99,0051,1","SYN017333   91110 94000",
"07360099999","1990-03-14T03:00:00","4","46.1666666","1.8666666","551.0","GUERET, FR","FM-12","99999","V020","250,1,N,0021,1","99999,9,9,N","999999,9,N,9","+0082,1","+9999,9","10297,1","99,0005,9,1",,,"0,000",,,"4,1,03,1",,,,,,"0000,9",,,,,"99999,9,09635,1","2,1,003,1,+999,9","21,1","4,99,0051,1","SYN017333   91110 94000",
"07360099999","1990-03-14T06:00:00","4","46.1666666","1.8666666","551.0","GUERET, FR","FM-12","99999","V020","330,1,N,0021,1","00780,1,C,N","000900,1,N,9","+0079,1","+9999,9","10309,1","99,0010,9,1",,,"0,000",,,"5,1,06,1",,"07,1,+00780,9,05,9",,,"08,99,1,07,1,05,1,00800,1,99,9,99,9","0288,9","09,9","999,+0080,9","999,N,+0079,1",,"99999,9,09646,1","2,1,011,1,+999,9","51,1","4,99,0041,1","SYN035333   20079 31008 87626 91108 94048",
"07360099999","1990-03-14T09:00:00","4","46.1666666","1.8666666","551.0","GUERET, FR","FM-12","99999","V020","360,1,N,0021,1","00780,1,C,N","000200,1,N,9","+0079,1","+0079,1","10328,1","06,0000,9,1",,,"4,000",,,"4,1,03,1","2,1,03,1","04,1,+00150,9,07,9","07,1,+00780,9,05,9",,"08,99,1,07,1,05,1,00150,1,99,9,99,9","0000,9",,,,,"99999,9,09664,1","2,1,018,1,+999,9","46,1","4,99,0041,1","SYN029333   84705 87626 91108 94000",
"07360099999","1990-03-14T12:00:00","4","46.1666666","1.8666666","551.0","GUERET, FR","FM-12","99999","V020","360,1,N,0021,1","00990,1,C,N","006000,1,N,9","+0083,1","+0083,1","10333,1","06,0000,9,1",,,"4,000",,,"4,1,06,1","2,1,06,1","02,1,+00180,9,08,9","07,1,+00990,9,05,9",,"08,99,1,07,1,08,1,00250,1,99,9,99,9","0000,9",,,,,"99999,9,09672,1","2,1,008,1,+999,9","02,1","4,99,0041,1","SYN029333   82806 87633 91108 94000",
"07360099999","1990-03-14T15:00:00","4","46.1666666","1.8666666","551.0","GUERET, FR","FM-12","99999","V020","030,1,N,0021,1","01200,1,C,N","015000,1,N,9","+0100,1","+0071,1","10328,1","06,0000,9,1",,,"4,000",,,,,"03,1,+00180,9,08,9","05,1,+01200,9,05,9",,"05,99,1,05,1,08,1,00250,1,00,1,00,1","0018,9",,,,,"99999,9,09671,1","7,1,001,1,+999,9",,"4,99,0062,1","SYN029333   83806 85640 91112 94003",
"07360099999","1990-03-14T21:00:00","4","46.1666666","1.8666666","551.0","GUERET, FR","FM-12","99999","V020","060,1,N,0031,1","99999,9,9,N","999999,9,N,9","+0070,1","+0043,1","10342,1","06,0000,9,1",,,"4,000",,,,,,,,,"0000,9",,,,,"99999,9,09677,1","2,1,005,1,+999,9",,"4,99,0051,1","SYN017333   91110 94000",
"07360099999","1990-03-15T00:00:00","4","46.1666666","1.8666666","551.0","GUERET, FR","FM-12","99999","V020","080,1,N,0021,1","99999,9,9,N","999999,9,N,9","+0060,1","+0037,1","10341,1","06,0000,9,1",,,"4,000",,,,,,,,,"0000,9",,,,,"99999,9,09674,1","7,1,003,1,+999,9",,"4,99,0031,1","SYN017333   91106 94000",
"07360099999","1990-03-15T06:00:00","4","46.1666666","1.8666666","551.0","GUERET, FR","FM-12","99999","V020","090,1,N,0041,1","22000,1,C,N","004000,1,N,9","+0039,1","+0029,1","99999,9",,,,"2,000",,,,,,,,"00,99,1,00,1,00,1,99999,9,00,1,00,1",,"01,9",,,,,,"10,1","4,99,0082,1","SYN023333   30/// 91116 94///","Q01+100003APOSP "
"07360099999","1990-03-15T09:00:00","4","46.1666666","1.8666666","551.0","GUERET, FR","FM-12","99999","V020","090,1,N,0031,1","22000,1,C,N","004000,1,N,9","+0079,1","+0045,1","10347,1","06,0000,9,1",,,"4,000",,,,,,,,"00,99,1,00,1,00,1,99999,9,00,1,00,1","0060,9",,,,,"99999,9,09683,1",,,"4,99,0051,1","SYN017333   91110 94010",
"07360099999","1990-03-15T12:00:00","4","46.1666666","1.8666666","551.0","GUERET, FR","FM-12","99999","V020","060,1,N,0041,1","22000,1,C,N","007000,1,N,9","+0132,1","+0074,1","10327,1",,,,"2,000",,,,,,,,"00,99,1,00,1,00,1,99999,9,00,1,00,1","0060,9",,,,,"99999,9,09677,1","7,1,006,1,+999,9",,"4,99,0082,1","SYN017333   91116 94010",
"07360099999","1990-03-15T15:00:00","4","46.1666666","1.8666666","551.0","GUERET, FR","FM-12","99999","V020","070,1,N,0031,1","22000,1,C,N","008000,1,N,9","+0145,1","+0075,1","10312,1","06,0000,9,1",,,"4,000",,,,,,,,"00,99,1,00,1,00,1,99999,9,00,1,00,1","0060,9",,,,,"99999,9,09666,1","7,1,011,1,+999,9",,"4,99,0072,1","SYN017333   91114 94010",
"07360099999","1990-03-15T18:00:00","4","46.1666666","1.8666666","551.0","GUERET, FR","FM-12","99999","V020","060,1,N,0021,1","99999,9,9,N","999999,9,N,9","+0116,1","+0065,1","10325,1",,,,"2,000",,,,,,,,,"0030,9",,,,,"99999,9,09671,1","2,1,005,1,+999,9",,"4,99,0051,1","SYN017333   91110 94005",
"07360099999","1990-03-15T21:00:00","4","46.1666666","1.8666666","551.0","GUERET, FR","FM-12","99999","V020","100,1,N,0051,1","99999,9,9,N","999999,9,N,9","+0096,1","+0067,1","10334,1","06,0000,9,1",,,"4,000",,,,,,,,,"0000,9",,,,,"99999,9,09676,1","2,1,005,1,+999,9",,"4,99,0082,1","SYN017333   91116 94000",
"07360099999","1990-03-16T00:00:00","4","46.1666666","1.8666666","551.0","GUERET, FR","FM-12","99999","V020","120,1,N,0031,1","99999,9,9,N","999999,9,N,9","+0087,1","+0062,1","10330,1","06,0000,9,1",,,"4,000",,,,,,,,,"0000,9",,,,,"99999,9,09670,1","7,1,006,1,+999,9",,"4,99,0062,1","SYN017333   91112 94000",
"07360099999","1990-03-16T03:00:00","4","46.1666666","1.8666666","551.0","GUERET, FR","FM-12","99999","V020","220,1,N,0021,1","99999,9,9,N","999999,9,N,9","+0108,1","+0056,1","10320,1","06,0000,9,1",,,"4,000",,,,,,,,,"0000,9",,,,,"99999,9,09665,1","7,1,005,1,+999,9",,"4,99,0031,1","SYN017333   91106 94000",
"07360099999","1990-03-16T06:00:00","4","46.1666666","1.8666666","551.0","GUERET, FR","FM-12","99999","V020","240,1,N,0021,1","22000,1,C,N","020000,1,N,9","+0110,1","+0045,1","10323,1","06,0000,9,1",,,"4,000",,,,,,,,"00,99,1,00,1,00,1,99999,9,00,1,00,1","0594,9","01,9","999,+0060,9","999,N,+0087,1",,"99999,9,09668,1","2,1,003,1,+999,9",,"4,99,0041,1","SYN029333   20087 30006 91108 94099",
"07360099999","1990-03-16T09:00:00","4","46.1666666","1.8666666","551.0","GUERET, FR","FM-12","99999","V020","110,1,N,0010,1","22000,1,C,N","025000,1,N,9","+0159,1","+0071,1","10320,1","06,0000,9,1",,,"4,000",,,,,,,,"00,99,1,00,1,00,1,99999,9,00,1,00,1","0060,9",,,,,"99999,9,09676,1","2,1,008,1,+999,9",,"4,99,0021,1","SYN017333   91104 94010",
"07360099999","1990-03-16T12:00:00","4","46.1666666","1.8666666","551.0","GUERET, FR","FM-12","99999","V020","020,1,N,0021,1","22000,1,C,N","020000,1,N,9","+0199,1","+0073,1","10306,1","06,0000,9,1",,,"4,000",,,,,"01,1,+01500,9,08,9",,,"01,99,1,01,1,02,1,01750,1,00,1,00,1","0060,9",,,,,"99999,9,09671,1","7,1,005,1,+999,9",,"4,99,0041,1","SYN023333   81850 91108 94010",
"07360099999","1990-03-16T15:00:00","4","46.1666666","1.8666666","551.0","GUERET, FR","FM-12","99999","V020","010,1,N,0021,1","22000,1,C,N","020000,1,N,9","+0210,1","+0065,1","10291,1","06,0000,9,1",,,"4,000",,,,,"03,1,+01500,9,08,9",,,"03,99,1,03,1,01,1,01750,1,00,1,00,1","0048,9",,,,,"99999,9,09660,1","7,1,011,1,+999,9",,"4,99,0031,1","SYN023333   83850 91106 94008",
"07360099999","1990-03-16T18:00:00","4","46.1666666","1.8666666","551.0","GUERET, FR","FM-12","99999","V020","080,1,N,0021,1","99999,9,9,N","999999,9,N,9","+0165,1","+0077,1","10301,1","06,0000,9,1",,,"4,000",,,,,,,,,"0006,9",,,"999,M,+0212,1",,"99999,9,09660,1","4,1,000,1,+999,9",,"4,99,0041,1","SYN023333   10212 91108 94001",
"07360099999","1990-03-16T21:00:00","4","46.1666666","1.8666666","551.0","GUERET, FR","FM-12","99999","V020","110,1,N,0021,1","99999,9,9,N","999999,9,N,9","+0132,1","+0065,1","10314,1","06,0000,9,1",,,"4,000",,,,,,,,,"0000,9",,,,,"99999,9,09665,1","2,1,005,1,+999,9",,"4,99,0051,1","SYN017333   91110 94000",
"07360099999","1990-03-17T03:00:00","4","46.1666666","1.8666666","551.0","GUERET, FR","FM-12","99999","V020","200,1,N,0031,1","99999,9,9,N","999999,9,N,9","+0130,1","-0013,1","10298,1","06,0000,9,1",,,"4,000",,,,,,,,,"0000,9",,,,,"99999,9,09649,1","7,1,011,1,+999,9",,"4,99,0072,1","SYN017333   91114 94000",
"07360099999","1990-03-17T06:00:00","4","46.1666666","1.8666666","551.0","GUERET, FR","FM-12","99999","V020","170,1,N,0041,1","22000,1,C,N","025000,1,N,9","+0120,1","-0026,1","10304,1","06,0000,9,1",,,"4,000",,,,,,,,"00,99,1,00,1,00,1,99999,9,00,1,00,1","0528,9","01,9","999,+0090,9","999,N,+0118,1",,"99999,9,09652,1","2,1,003,1,+999,9",,"4,99,0072,1","SYN029333   20118 30009 91114 94088",
"07360099999","1990-03-17T09:00:00","4","46.1666666","1.8666666","551.0","GUERET, FR","FM-12","99999","V020","200,1,N,0031,1","22000,1,C,N","025000,1,N,9","+0169,1","+0001,1","10302,1","06,0000,9,1",,,"4,000",,,,,,,,"00,99,1,00,1,00,1,99999,9,00,1,00,1","0060,9",,,,,"99999,9,09661,1","2,1,009,1,+999,9",,"4,99,0082,1","SYN017333   91116 94010",
"07360099999","1990-03-17T12:00:00","4","46.1666666","1.8666666","551.0","GUERET, FR","FM-12","99999","V020","150,1,N,0021,1","22000,1,C,N","025000,1,N,9","+0213,1","-0006,1","10282,1","06,0000,9,1",,,"4,000",,,,,,,,"00,99,1,00,1,00,1,99999,9,00,1,00,1","0060,9",,,,,"99999,9,09652,1","7,1,009,1,+999,9",,"4,99,0062,1","SYN017333   91112 94010",
"07360099999","1990-03-17T15:00:00","4","46.1666666","1.8666666","551.0","GUERET, FR","FM-12","99999","V020","060,1,N,0021,1","99999,9,9,N","999999,9,N,9","+0213,1","-0032,1","10269,1","06,0000,9,1",,,"4,000",,,,,,,,,"0060,9",,,,,"99999,9,09638,1","7,1,014,1,+999,9",,"4,99,0041,1","SYN017333   91108 94010",
"07360099999","1990-03-17T21:00:00","4","46.1666666","1.8666666","551.0","GUERET, FR","FM-12","99999","V020","160,1,N,0021,1","99999,9,9,N","999999,9,N,9","+0145,1","+0036,1","10298,1","06,0000,9,1",,,"4,000",,,,,,,,,"0000,9",,,,,"99999,9,09652,1","2,1,010,1,+999,9",,"4,99,0051,1","SYN017333   91110 94000",
"07360099999","1990-03-18T00:00:00","4","46.1666666","1.8666666","551.0","GUERET, FR","FM-12","99999","V020","220,1,N,0051,1","99999,9,9,N","999999,9,N,9","+0114,1","+0016,1","10301,1","06,0000,9,1",,,"4,000",,,,,,,,,"0000,9",,,,,"99999,9,09648,1","7,1,004,1,+999,9",,"4,99,0108,1","SYN017333   91121 94000",
"07360099999","1990-03-18T03:00:00","4","46.1666666","1.8666666","551.0","GUERET, FR","FM-12","99999","V020","210,1,N,0062,1","99999,9,9,N","999999,9,N,9","+0100,1","-0002,1","10301,1","06,0000,9,1",,,"4,000",,,,,,,,,"0000,9",,,,,"99999,9,09645,1","7,1,003,1,+999,9",,"4,99,0149,1","SYN017333   91129 94000",
"07360099999","1990-03-18T06:00:00","4","46.1666666","1.8666666","551.0","GUERET, FR","FM-12","99999","V020","200,1,N,0051,1","22000,1,C,N","008000,1,N,9","+0099,1","-0006,1","10305,1","06,0000,9,1",,,"4,000",,,,,"01,1,+02400,9,03,9",,,"01,99,1,01,1,00,1,99999,9,03,1,00,1","0660,9","01,9","999,+0080,9","999,N,+0096,1",,"99999,9,09648,1","2,1,003,1,+999,9",,"4,99,0098,1","SYN035333   20096 30008 81358 91119 94110",
"07360099999","1990-03-18T09:00:00","4","46.1666666","1.8666666","551.0","GUERET, FR","FM-12","99999","V020","210,1,N,0041,1","22000,1,C,N","007000,1,N,9","+0139,1","+0015,1","10310,1","06,0000,9,1",,,"4,000",,,,,"01,1,+03000,9,03,9",,,"01,99,1,01,1,00,1,99999,9,03,1,00,1","0060,9",,,,,"99999,9,09662,1","2,1,014,1,+999,9",,"4,99,0098,1","SYN023333   81360 91119 94010",
"07360099999","1990-03-18T12:00:00","4","46.1666666","1.8666666","551.0","GUERET, FR","FM-12","99999","V020","190,1,N,0031,1","22000,1,C,N","016000,1,N,9","+0180,1","+0002,1","10296,1","06,0000,9,1",,,"4,000",,,,,,,,"00,99,1,00,1,00,1,99999,9,00,1,00,1","0060,9",,,,,"99999,9,09658,1","7,1,004,1,+999,9",,"4,99,0072,1","SYN017333   91114 94010",
"07360099999","1990-03-18T15:00:00","4","46.1666666","1.8666666","551.0","GUERET, FR","FM-12","99999","V020","210,1,N,0031,1","99999,9,9,N","999999,9,N,9","+0186,1","+0012,1","10287,1","06,0000,9,1",,,"4,000",,,,,,,,,"0054,9",,,,,"99999,9,09650,1","7,1,008,1,+999,9",,"4,99,0062,1","SYN017333   91112 94009",
"07360099999","1990-03-18T21:00:00","4","46.1666666","1.8666666","551.0","GUERET, FR","FM-12","99999","V020","200,1,N,0051,1","99999,9,9,N","999999,9,N,9","+0103,1","+0019,1","10328,1","06,0000,9,1",,,"4,000",,,,,,,,,"0000,9",,,,,"99999,9,09671,1","2,1,014,1,+999,9",,"4,99,0108,1","SYN017333   91121 94000",
"07360099999","1990-03-19T03:00:00","4","46.1666666","1.8666666","551.0","GUERET, FR","FM-12","99999","V020","190,1,N,0051,1","99999,9,9,N","999999,9,N,9","+0069,1","+0014,1","10332,1","06,0000,9,1",,,"4,000",,,,,,,,,"0000,9",,,,,"99999,9,09667,1","7,1,008,1,+999,9",,"4,99,0088,1","SYN017333   91117 94000",
"07360099999","1990-03-19T06:00:00","4","46.1666666","1.8666666","551.0","GUERET, FR","FM-12","99999","V020","190,1,N,0041,1","22000,1,C,N","008000,1,N,9","+0067,1","+0010,1","10340,1","06,0000,9,1",,,"4,000",,,,,"01,1,+07500,9,00,9",,,"01,99,1,00,1,00,1,99999,9,00,1,01,1","0624,9","01,9","999,+0050,9","999,N,+0067,1",,"99999,9,09674,1","2,1,007,1,+999,9",,"4,99,0088,1","SYN035333   20067 30005 81075 91117 94104",
"07360099999","1990-03-19T09:00:00","4","46.1666666","1.8666666","551.0","GUERET, FR","FM-12","99999","V020","190,1,N,0031,1","22000,1,C,N","010000,1,N,9","+0125,1","+0021,1","10341,1","06,0000,9,1",,,"4,000",,,,,"01,1,+07500,9,00,9",,,"01,99,1,00,1,00,1,99999,9,00,1,01,1","0060,9",,,,,"99999,9,09688,1","2,1,014,1,+999,9",,"4,99,0062,1","SYN023333   81075 91112 94010",
"07360099999","1990-03-19T12:00:00","4","46.1666666","1.8666666","551.0","GUERET, FR","FM-12","99999","V020","210,1,N,0021,1","22000,1,C,N","025000,1,N,9","+0171,1","+0015,1","10322,1","06,0000,9,1",,,"4,000",,,,,"03,1,+07500,9,00,9",,,"03,99,1,00,1,00,1,99999,9,00,1,01,1","0060,9",,,,,"99999,9,09680,1","7,1,008,1,+999,9",,"4,99,0051,1","SYN023333   83075 91110 94010",
"07360099999","1990-03-19T15:00:00","4","46.1666666","1.8666666","551.0","GUERET, FR","FM-12","99999","V020","200,1,N,0021,1","22000,1,C,N","020000,1,N,9","+0188,1","+0013,1","10301,1","06,0000,9,1",,,"4,000",,,,,"02,1,+07500,9,00,9",,,"02,99,1,00,1,00,1,99999,9,00,1,01,1","0060,9",,,,,"99999,9,09664,1","7,1,016,1,+999,9",,"4,99,0051,1","SYN023333   82075 91110 94010",
"07360099999","1990-03-20T00:00:00","4","46.1666666","1.8666666","551.0","GUERET, FR","FM-12","99999","V020","230,1,N,0041,1","99999,9,9,N","999999,9,N,9","+0118,1","+0031,1","10325,1","06,0000,9,1",,,"4,000",,,,,,,,,"0000,9",,,,,"99999,9,09671,1","7,1,007,1,+999,9",,"4,99,0098,1","SYN017333   91119 94000",
"07360099999","1990-03-20T03:00:00","4","46.1666666","1.8666666","551.0","GUERET, FR","FM-12","99999","V020","230,1,N,0062,1","99999,9,9,N","999999,9,N,9","+0110,1","+0042,1","10320,1","06,0000,9,1",,,"4,000",,,,,,,,,"0000,9",,,,,"99999,9,09665,1","7,1,006,1,+999,9",,"4,99,0129,1","SYN017333   91125 94000",
"07360099999","1990-03-20T06:00:00","4","46.1666666","1.8666666","551.0","GUERET, FR","FM-12","99999","V020","210,1,N,0021,1","02400,1,C,N","008000,1,N,9","+0122,1","+0034,1","10304,1","06,0000,9,1",,,"4,000",,,,,"08,1,+02400,9,03,9",,,"08,99,1,08,1,00,1,99999,9,07,1,99,9","0624,9","01,9","999,+0100,9","999,N,+0109,1",,"99999,9,09653,1","7,1,012,1,+999,9",,"4,99,0051,1","SYN035333   20109 30010 88358 91110 94104",
"07360099999","1990-03-20T09:00:00","4","46.1666666","1.8666666","551.0","GUERET, FR","FM-12","99999","V020","150,1,N,0010,1","02400,1,C,N","009000,1,N,9","+0138,1","+0049,1","10304,1","06,0000,9,1",,,"4,000",,,"6,1,03,1","2,1,03,1","08,1,+02400,9,03,9",,,"08,99,1,08,1,00,1,99999,9,07,1,99,9","0000,9",,,,,"99999,9,09657,1","2,1,004,1,+999,9","02,1","4,99,0041,1","SYN023333   88358 91108 94000",
"07360099999","1990-03-20T12:00:00","4","46.1666666","1.8666666","551.0","GUERET, FR","FM-12","99999","V020","210,1,N,0041,1","03000,1,C,N","010000,1,N,9","+0170,1","+0026,1","10293,1","06,9999,2,9",,,"0,000",,,"6,1,06,1","2,1,06,1","03,1,+02400,9,03,9","08,1,+03000,9,04,9",,"08,99,1,08,1,00,1,99999,9,07,1,99,9","0000,9",,,,,"99999,9,09653,1","7,1,004,1,+999,9","02,1","4,99,0098,1","SYN029333   83358 88460 91119 94000",
"07360099999","1990-03-20T18:00:00","4","46.1666666","1.8666666","551.0","GUERET, FR","FM-12","99999","V020","240,1,N,0072,1","99999,9,9,N","999999,9,N,9","+0166,1","+0022,1","10266,1","99,9999,2,9",,,"0,000",,,,,,,,,"0000,9",,,"999,M,+0177,1",,"99999,9,09626,1","7,1,006,1,+999,9",,"4,99,0118,1","SYN023333   10177 91123 94000",
"07360099999","1990-03-20T21:00:00","4","46.1666666","1.8666666","551.0","GUERET, FR","FM-12","99999","V020","240,1,N,0082,1","99999,9,9,N","999999,9,N,9","+0156,1","+0002,1","10267,1","06,0000,9,1",,,"4,000",,,,,,,,,"0000,9",,,,,"99999,9,09625,1","7,1,001,1,+999,9",,"4,99,0160,1","SYN017333   91131 94000",
"07360099999","1990-03-21T00:00:00","4","46.1666666","1.8666666","551.0","GUERET, FR","FM-12","99999","V020","240,1,N,0082,1","99999,9,9,N","999999,9,N,9","+0148,1","+0042,1","10262,1","06,0000,9,1",,,"4,000",,,,,,,,,"0000,9",,,,,"99999,9,09619,1","7,1,006,1,+999,9",,"4,99,0149,1","SYN017333   91129 94000",
"07360099999","1990-03-21T03:00:00","4","46.1666666","1.8666666","551.0","GUERET, FR","FM-12","99999","V020","230,1,N,0082,1","99999,9,9,N","999999,9,N,9","+0136,1","+0042,1","10254,1","06,0000,9,1",,,"4,000",,,,,,,,,"0000,9",,,,,"99999,9,09609,1","7,1,010,1,+999,9",,"4,99,0149,1","SYN017333   91129 94000",
"07360099999","1990-03-21T06:00:00","4","46.1666666","1.8666666","551.0","GUERET, FR","FM-12","99999","V020","240,1,N,0072,1","07500,1,C,N","010000,1,N,9","+0126,1","+0038,1","10261,1","06,0000,9,1",,,"4,000",,,,,"05,1,+07500,9,00,9",,,"05,99,1,00,1,00,1,99999,9,00,1,02,1","0000,9","01,9","999,+0120,9","999,N,+0125,1",,"99999,9,09614,1","2,1,005,1,+999,9",,"4,99,0149,1","SYN035333   20125 30012 85075 91129 94000",
"07360099999","1990-03-21T09:00:00","4","46.1666666","1.8666666","551.0","GUERET, FR","FM-12","99999","V020","230,1,N,0072,1","22000,1,C,N","010000,1,N,9","+0160,1","+0053,1","10259,1","06,0000,9,1",,,"4,000",,,,,"03,1,+07500,9,00,9",,,"03,99,1,00,1,00,1,99999,9,00,1,02,1","0060,9",,,,,"99999,9,09619,1","2,1,005,1,+999,9",,"4,99,0139,1","SYN023333   83075 91127 94010",
"07360099999","1990-03-21T12:00:00","4","46.1666666","1.8666666","551.0","GUERET, FR","FM-12","99999","V020","240,1,N,0062,1","22000,1,C,N","015000,1,N,9","+0199,1","+0073,1","10250,1","06,0000,9,1",,,"4,000",,,,,"03,1,+07500,9,00,9",,,"03,99,1,00,1,00,1,99999,9,00,1,02,1","0060,9",,,,,"99999,9,09619,1","4,1,000,1,+999,9",,"4,99,0108,1","SYN023333   83075 91121 94010",
"07360099999","1990-03-21T18:00:00","4","46.1666666","1.8666666","551.0","GUERET, FR","FM-12","99999","V020","220,1,N,0041,1","99999,9,9,N","999999,9,N,9","+0186,1","+0068,1","10228,1","06,0000,9,1",,,"4,000",,,,,,,,,"0000,9",,,"999,M,+0225,1",,"99999,9,09596,1","7,1,008,1,+999,9",,"4,99,0082,1","SYN023333   10225 91116 94000",
"07360099999","1990-03-21T21:00:00","4","46.1666666","1.8666666","551.0","GUERET, FR","FM-12","99999","V020","220,1,N,0031,1","99999,9,9,N","999999,9,N,9","+0169,1","+0058,1","10232,1","06,0000,9,1",,,"4,000",,,,,,,,,"0000,9",,,,,"99999,9,09596,1","4,1,000,1,+999,9",,"4,99,0062,1","SYN017333   91112 94000",
"07360099999","1990-03-22T00:00:00","4","46.1666666","1.8666666","551.0","GUERET, FR","FM-12","99999","V020","220,1,N,0041,1","99999,9,9,N","999999,9,N,9","+0158,1","+0054,1","10227,1","06,0000,9,1",,,"4,000",,,,,,,,,"0000,9",,,,,"99999,9,09588,1","7,1,008,1,+999,9",,"4,99,0082,1","SYN017333   91116 94000",
"07360099999","1990-03-22T03:00:00","4","46.1666666","1.8666666","551.0","GUERET, FR","FM-12","99999","V020","220,1,N,0051,1","99999,9,9,N","999999,9,N,9","+0159,1","+0049,1","10210,1","06,0000,9,1",,,"4,000",,,,,,,,,"0000,9",,,,,"99999,9,09573,1","7,1,015,1,+999,9",,"4,99,0088,1","SYN017333   91117 94000",
"07360099999","1990-03-22T06:00:00","4","46.1666666","1.8666666","551.0","GUERET, FR","FM-12","99999","V020","230,1,N,0062,1","22000,1,C,N","010000,1,N,9","+0143,1","+0046,1","10210,1","06,0000,9,1",,,"4,000",,,,,"02,1,+06900,9,00,9",,,"02,99,1,00,1,00,1,99999,9,00,1,02,1","0564,9","01,9","999,+0130,9","999,N,+0143,1",,"99999,9,09570,1","7,1,003,1,+999,9",,"4,99,0108,1","SYN035333   20143 30013 82073 91121 94094",
"07360099999","1990-03-22T09:00:00","4","46.1666666","1.8666666","551.0","GUERET, FR","FM-12","99999","V020","250,1,N,0041,1","22000,1,C,N","010000,1,N,9","+0148,1","+0069,1","10224,1","06,0000,9,1",,,"4,000",,,,,"01,1,+07800,9,00,9",,,"01,99,1,00,1,00,1,99999,9,00,1,01,1","0060,9",,,,,"99999,9,09584,1","2,1,014,1,+999,9",,"4,99,0082,1","SYN023333   81076 91116 94010",
"07360099999","1990-03-22T12:00:00","4","46.1666666","1.8666666","551.0","GUERET, FR","FM-12","99999","V020","250,1,N,0051,1","22000,1,C,N","008000,1,N,9","+0195,1","+0082,1","10206,1","06,0000,9,1",,,"4,000",,,,,"01,1,+06900,9,01,9",,,"01,99,1,00,1,00,1,99999,9,00,1,09,1","0060,9",,,,,"99999,9,09577,1","7,1,007,1,+999,9",,"4,99,0108,1","SYN023333   81173 91121 94010",
"07360099999","1990-03-22T21:00:00","4","46.1666666","1.8666666","551.0","GUERET, FR","FM-12","99999","V020","260,1,N,0031,1","99999,9,9,N","999999,9,N,9","+0106,1","+0103,1","10256,1","99,0010,9,1",,,"0,000",,,"4,1,03,1",,,,,,"0000,9",,,,,"99999,9,09605,1","2,1,011,1,+999,9","21,1","4,99,0051,1","SYN017333   91110 94000",
"07360099999","1990-03-23T00:00:00","4","46.1666666","1.8666666","551.0","GUERET, FR","FM-12","99999","V020","340,1,N,0031,1","99999,9,9,N","999999,9,N,9","+0072,1","+0072,1","10283,1","06,0040,9,1",,,"0,000",,,"4,1,06,1",,,,,,"0000,9",,,,,"99999,9,09623,1","2,1,018,1,+999,9","21,1","4,99,0072,1","SYN017333   91114 94000",
"07360099999","1990-03-23T03:00:00","4","46.1666666","1.8666666","551.0","GUERET, FR","FM-12","99999","V020","020,1,N,0031,1","99999,9,9,N","999999,9,N,9","+0067,1","+0067,1","10280,1","06,0000,9,1",,,"4,000",,,,,,,,,"0000,9",,,,,"99999,9,09618,1","7,1,005,1,+999,9",,"4,99,0062,1","SYN017333   91112 94000",
"07360099999","1990-03-23T12:00:00","4","46.1666666","1.8666666","551.0","GUERET, FR","FM-12","99999","V020","030,1,N,0041,1","00390,1,C,N","009000,1,N,9","+0090,1","+0059,1","10277,1","06,0000,9,1",,,"4,000",,,,,"06,1,+00390,9,08,9",,,"06,99,1,06,1,02,1,00450,1,00,1,00,1","0012,9",,,,,"99999,9,09621,1","7,1,005,1,+999,9",,"4,99,0072,1","SYN023333   86813 91114 94002",
"07360099999","1990-03-23T15:00:00","4","46.1666666","1.8666666","551.0","GUERET, FR","FM-12","99999","V020","060,1,N,0021,1","22000,1,C,N","015000,1,N,9","+0108,1","+0047,1","10254,1","06,0000,9,1",,,"4,000",,,,,,,,"00,99,1,00,1,00,1,99999,9,00,1,00,1","0060,9",,,,,"99999,9,09603,1","7,1,018,1,+999,9",,"4,99,0041,1","SYN017333   91108 94010",
"07360099999","1990-03-23T18:00:00","4","46.1666666","1.8666666","551.0","GUERET, FR","FM-12","99999","V020","050,1,N,0021,1","99999,9,9,N","999999,9,N,9","+0086,1","+0026,1","10253,1","06,0000,9,1",,,"4,000",,,,,,,,,"0048,9",,,"999,M,+0113,1",,"99999,9,09597,1","7,1,006,1,+999,9",,"4,99,0051,1","SYN023333   10113 91110 94008",
"07360099999","1990-03-23T21:00:00","4","46.1666666","1.8666666","551.0","GUERET, FR","FM-12","99999","V020","050,1,N,0021,1","99999,9,9,N","999999,9,N,9","+0061,1","+0016,1","10261,1","06,0000,9,1",,,"4,000",,,,,,,,,"0000,9",,,,,"99999,9,09599,1","2,1,002,1,+999,9",,"4,99,0041,1","SYN017333   91108 94000",
"07360099999","1990-03-24T00:00:00","4","46.1666666","1.8666666","551.0","GUERET, FR","FM-12","99999","V020","080,1,N,0021,1","99999,9,9,N","999999,9,N,9","+0050,1","+0006,1","10256,1","06,0000,9,1",,,"4,000",,,,,,,,,"0000,9",,,,,"99999,9,09591,1","7,1,008,1,+999,9",,"4,99,0031,1","SYN017333   91106 94000",
"07360099999","1990-03-24T03:00:00","4","46.1666666","1.8666666","551.0","GUERET, FR","FM-12","99999","V020","100,1,N,0031,1","99999,9,9,N","999999,9,N,9","+0047,1","+0005,1","10245,1","06,0000,9,1",,,"4,000",,,,,,,,,"0000,9",,,,,"99999,9,09580,1","7,1,011,1,+999,9",,"4,99,0062,1","SYN017333   91112 94000",
"07360099999","1990-03-24T06:00:00","4","46.1666666","1.8666666","551.0","GUERET, FR","FM-12","99999","V020","120,1,N,0021,1","22000,1,C,N","010000,1,N,9","+0044,1","+0007,1","10250,1","06,0000,9,1",,,"4,000",,,,,,,,"00,99,1,00,1,00,1,99999,9,00,1,00,1","0342,9","01,9","999,+0010,9","999,N,+0041,1",,"99999,9,09584,1","2,1,004,1,+999,9",,"4,99,0031,1","SYN029333   20041 30001 91106 94057",
"07360099999","1990-03-24T09:00:00","4","46.1666666","1.8666666","551.0","GUERET, FR","FM-12","99999","V020","060,1,N,0010,1","22000,1,C,N","012000,1,N,9","+0091,1","+0027,1","10244,1","06,0000,9,1",,,"4,000",,,,,,,,"00,99,1,00,1,00,1,99999,9,00,1,00,1","0060,9",,,,,"99999,9,09590,1","2,1,006,1,+999,9",,"4,99,0041,1","SYN017333   91108 94010",
"07360099999","1990-03-24T12:00:00","4","46.1666666","1.8666666","551.0","GUERET, FR","FM-12","99999","V020","320,1,N,0021,1","22000,1,C,N","015000,1,N,9","+0129,1","+0033,1","10232,1","06,0000,9,1",,,"4,000",,,,,,,,"00,99,1,00,1,00,1,99999,9,00,1,00,1","0060,9",,,,,"99999,9,09587,1","7,1,003,1,+999,9",,"4,99,0051,1","SYN017333   91110 94010",
"07360099999","1990-03-24T15:00:00","4","46.1666666","1.8666666","551.0","GUERET, FR","FM-12","99999","V020","290,1,N,0041,1","99999,9,9,N","999999,9,N,9","+0137,1","+0029,1","10222,1","06,0000,9,1",,,"4,000",,,,,,,,,"0060,9",,,,,"99999,9,09579,1","7,1,008,1,+999,9",,"4,99,0072,1","SYN017333   91114 94010",
"07360099999","1990-03-24T18:00:00","4","46.1666666","1.8666666","551.0","GUERET, FR","FM-12","99999","V020","280,1,N,0062,1","99999,9,9,N","999999,9,N,9","+0093,1","+0035,1","10239,1","06,0000,9,1",,,"4,000",,,,,,,,,"0018,9",,,"999,M,+0150,1",,"99999,9,09586,1","2,1,007,1,+999,9",,"4,99,0118,1","SYN023333   10150 91123 94003",
"07360099999","1990-03-24T21:00:00","4","46.1666666","1.8666666","551.0","GUERET, FR","FM-12","99999","V020","250,1,N,0031,1","99999,9,9,N","999999,9,N,9","+0060,1","+0023,1","10261,1","06,0000,9,1",,,"4,000",,,,,,,,,"0000,9",,,,,"99999,9,09599,1","2,1,013,1,+999,9",,"4,99,0062,1","SYN017333   91112 94000",
"07360099999","1990-03-25T00:00:00","4","46.1666666","1.8666666","551.0","GUERET, FR","FM-12","99999","V020","260,1,N,0041,1","99999,9,9,N","999999,9,N,9","+0056,1","+0047,1","10267,1","06,0003,9,1",,,"0,000",,,"4,1,06,1",,,,,,"0000,9",,,,,"99999,9,09604,1","2,1,005,1,+999,9","21,1","4,99,0088,1","SYN017333   91117 94000",
"07360099999","1990-03-25T03:00:00","4","46.1666666","1.8666666","551.0","GUERET, FR","FM-12","99999","V020","330,1,N,0021,1","99999,9,9,N","999999,9,N,9","+0033,1","+0033,1","10288,1","99,0003,9,1",,,"0,000",,,"4,1,03,1",,,,,,"0000,9",,,,,"99999,9,09618,1","2,1,014,1,+999,9","21,1","4,99,0051,1","SYN017333   91110 94000",
"07360099999","1990-03-25T06:00:00","4","46.1666666","1.8666666","551.0","GUERET, FR","FM-12","99999","V020","300,1,N,0041,1","22000,1,C,N","010000,1,N,9","+0011,1","+0008,1","10306,1","99,0020,9,1",,,"0,000",,,"6,1,06,1",,"04,1,+00600,9,05,9",,,"04,99,1,04,1,05,1,00800,1,00,1,00,1","0672,9","11,9","999,+0000,9","999,N,+0009,1",,"99999,9,09629,1","2,1,011,1,+999,9","01,1","4,99,0072,1","SYN035333   20009 32000 84620 91114 94112",
"07360099999","1990-03-25T09:00:00","4","46.1666666","1.8666666","551.0","GUERET, FR","FM-12","99999","V020","320,1,N,0041,1","00690,1,C,N","020000,1,N,9","+0048,1","+0025,1","10301,1","06,0000,9,1",,,"4,000",,,,,"06,1,+00690,9,08,9",,,"06,99,1,06,1,02,1,00800,1,00,1,00,1","0024,9",,,,,"99999,9,09634,1","2,1,005,1,+999,9",,"4,99,0082,1","SYN023333   86823 91116 94004",
"07360099999","1990-03-25T12:00:00","4","46.1666666","1.8666666","551.0","GUERET, FR","FM-12","99999","V020","300,1,N,0041,1","00990,1,C,N","025000,1,N,9","+0082,1","-0003,1","10284,1","06,0000,9,1",,,"4,000",,,,,"04,1,+00780,9,08,9","03,1,+00990,9,05,9",,"06,99,1,06,1,08,1,00800,1,00,1,00,1","0036,9",,,,,"99999,9,09625,1","7,1,009,1,+999,9",,"4,99,0082,1","SYN029333   84826 83633 91116 94006",
"07360099999","1990-03-25T15:00:00","4","46.1666666","1.8666666","551.0","GUERET, FR","FM-12","99999","V020","290,1,N,0072,1","99999,9,9,N","999999,9,N,9","+0064,1","-0020,1","10270,1","06,0000,9,1",,,"4,000",,,,,,,,,"0000,9",,,,,"99999,9,09607,1","7,1,018,1,+999,9",,"4,99,0108,1","SYN017333   91121 94000",
"07360099999","1990-03-25T18:00:00","4","46.1666666","1.8666666","551.0","GUERET, FR","FM-12","99999","V020","290,1,N,0072,1","99999,9,9,N","999999,9,N,9","+0044,1","-0004,1","10266,1","06,0000,9,1",,,"4,000",,,,,,,,,"0006,9",,,"999,M,+0085,1",,"99999,9,09599,1","7,1,008,1,+999,9",,"4,99,0139,1","SYN023333   10085 91127 94001",
"07360099999","1990-03-25T21:00:00","4","46.1666666","1.8666666","551.0","GUERET, FR","FM-12","99999","V020","330,1,N,0031,1","99999,9,9,N","999999,9,N,9","+0000,1","+0000,1","10283,1","06,0000,9,1",,,"4,000",,,,,,,,,"0060,9",,,,,"99999,9,09605,1","2,1,006,1,+999,9",,"4,99,0051,1","SYN017333   91110 94010",
"07360099999","1990-03-26T00:00:00","4","46.1666666","1.8666666","551.0","GUERET, FR","FM-12","99999","V020","360,1,N,0041,1","99999,9,9,N","999999,9,N,9","+0006,1","+0006,1","10277,1","06,0003,9,1",,,"0,000",,,,,,,,,"0000,9",,,,,"99999,9,09601,1","7,1,004,1,+999,9",,"4,99,0072,1","SYN017333   91114 94000",
"07360099999","1990-03-26T03:00:00","4","46.1666666","1.8666666","551.0","GUERET, FR","FM-12","99999","V020","020,1,N,0041,1","99999,9,9,N","999999,9,N,9","+0005,1","+0005,1","10270,1","99,0003,9,1",,,"0,000",,,"4,1,03,1",,,,,,"0000,9",,,,,"99999,9,09594,1","7,1,007,1,+999,9","41,1","4,99,0082,1","SYN017333   91116 94000",
"07360099999","1990-03-26T06:00:00","4","46.1666666","1.8666666","551.0","GUERET, FR","FM-12","99999","V020","010,1,N,0051,1","00060,1,C,N","001000,1,N,9","-0002,1","-0002,1","10278,1","99,0010,9,1",,,"0,000","9999,2,9,999999,9,9",,"7,1,06,1",,"08,1,+00060,9,07,9",,,"08,99,1,08,1,06,1,00075,1,99,9,99,9","0450,9","25,9","999,+0000,9","999,N,-0002,1",,"99999,9,09599,1","2,1,005,1,+999,9","10,1","4,99,0098,1","SYN041333   21002 3/000 41998 88702 91119 94075",
"07360099999","1990-03-26T09:00:00","4","46.1666666","1.8666666","551.0","GUERET, FR","FM-12","99999","V020","360,1,N,0041,1","00090,1,C,N","001100,1,N,9","+0001,1","+0001,1","10279,1","99,9999,2,9",,,"0,000",,,"7,1,03,1","4,1,03,1","08,1,+00090,9,07,9",,,"08,99,1,08,1,07,1,00075,1,99,9,99,9","0006,9",,,,,"99999,9,09601,1","2,1,002,1,+999,9","70,1","4,99,0072,1","SYN023333   88703 91114 94001",
"07360099999","1990-03-26T12:00:00","4","46.1666666","1.8666666","551.0","GUERET, FR","FM-12","99999","V020","010,1,N,0051,1","00480,1,C,N","015000,1,N,9","+0026,1","+0011,1","10262,1","06,0010,9,1",,,"0,000",,,"8,1,06,1","7,1,06,1","04,1,+00300,9,08,9","06,1,+00480,9,05,9",,"07,99,1,07,1,08,1,00450,1,99,9,99,9","0006,9",,,,,"99999,9,09592,1","7,1,009,1,+999,9","25,1","4,99,0088,1","SYN029333   84810 86616 91117 94001",
"07360099999","1990-03-26T15:00:00","4","46.1666666","1.8666666","551.0","GUERET, FR","FM-12","99999","V020","010,1,N,0041,1","00540,1,C,N","013000,1,N,9","+0026,1","+0013,1","10253,1","99,0003,9,1",,,"0,000",,,"8,1,03,1","7,1,03,1","04,1,+00330,9,08,9","06,1,+00540,9,05,9",,"07,99,1,07,1,08,1,00450,1,99,9,99,9","0036,9",,,,,"99999,9,09583,1","7,1,009,1,+999,9","26,1","4,99,0139,1","SYN029333   84811 86618 91127 94006",
"07360099999","1990-03-26T18:00:00","4","46.1666666","1.8666666","551.0","GUERET, FR","FM-12","99999","V020","360,1,N,0051,1","99999,9,9,N","999999,9,N,9","+0015,1","+0015,1","10258,1","99,0030,9,1",,,"0,000",,,"4,1,06,1",,,,,,"0042,9",,,"999,M,+0051,1",,"99999,9,09586,1","2,1,003,1,+999,9","21,1","4,99,0088,1","SYN023333   10051 91117 94007",
"07360099999","1990-03-26T21:00:00","4","46.1666666","1.8666666","551.0","GUERET, FR","FM-12","99999","V020","360,1,N,0021,1","99999,9,9,N","999999,9,N,9","+0016,1","+0016,1","10265,1","06,0000,9,1",,,"4,000",,,,,,,,,"0000,9",,,,,"99999,9,09592,1","2,1,006,1,+999,9",,"4,99,0062,1","SYN017333   91112 94000",
"07360099999","1990-03-27T00:00:00","4","46.1666666","1.8666666","551.0","GUERET, FR","FM-12","99999","V020","340,1,N,0041,1","99999,9,9,N","999999,9,N,9","+0013,1","+0012,1","10256,1","06,0003,9,1",,,"0,000",,,,,,,,,"0000,9",,,,,"99999,9,09583,1","7,1,009,1,+999,9",,"4,99,0082,1","SYN017333   91116 94000",
"07360099999","1990-03-27T03:00:00","4","46.1666666","1.8666666","551.0","GUERET, FR","FM-12","99999","V020","330,1,N,0031,1","99999,9,9,N","999999,9,N,9","+0003,1","+0003,1","10246,1","06,0000,9,1",,,"4,000",,,,,,,,,"0000,9",,,,,"99999,9,09571,1","7,1,012,1,+999,9",,"4,99,0062,1","SYN017333   91112 94000",
"07360099999","1990-03-27T06:00:00","4","46.1666666","1.8666666","551.0","GUERET, FR","FM-12","99999","V020","320,1,N,0031,1","00060,1,C,N","000300,1,N,9","+0001,1","+0001,1","10238,1","99,0003,9,1",,,"0,000",,,"8,1,06,1","7,1,06,1","08,1,+00060,9,07,9",,,"08,99,1,08,1,07,1,00075,1,99,9,99,9","0306,9","09,9","999,+0000,9","999,N,+0000,1",,"99999,9,09563,1","7,1,008,1,+999,9","46,1","4,99,0062,1","SYN035333   20000 31000 88702 91112 94051",
"07360099999","1990-03-27T09:00:00","4","46.1666666","1.8666666","551.0","GUERET, FR","FM-12","99999","V020","330,1,N,0041,1","00060,1,C,N","000100,1,N,9","+0005,1","+0005,1","10237,1","99,0003,9,1",,,"0,000",,,"7,1,03,1","4,1,03,1","09,1,+00060,9,99,9",,,"09,99,1,09,1,99,9,99999,9,99,9,99,9","0060,9",,,,,"99999,9,09563,1","4,1,000,1,+999,9","47,1","4,99,0082,1","SYN023333   89/02 91116 94010",
"07360099999","1990-03-27T12:00:00","4","46.1666666","1.8666666","551.0","GUERET, FR","FM-12","99999","V020","350,1,N,0041,1","00090,1,C,N","011000,1,N,9","+0021,1","+0021,1","10230,1",,,,"2,000",,,"7,1,06,1","6,1,06,1","07,1,+00090,9,07,9",,,"08,99,1,08,1,07,1,00075,1,99,9,99,9",,,,,,"99999,9,09561,1",,"22,1",,"SYN011333   87703",
"07360099999","1990-03-27T15:00:00","4","46.1666666","1.8666666","551.0","GUERET, FR","FM-12","99999","V020","360,1,N,0041,1","00480,1,C,N","004500,1,N,9","+0038,1","+0026,1","10215,1","03,0004,9,1","99,0005,9,1",,"0,000",,,"8,1,03,1","6,1,03,1","04,1,+00240,9,08,9","06,1,+00480,9,05,9",,"08,99,1,08,1,08,1,00250,1,99,9,99,9",,,,,,"99999,9,09550,1","7,1,011,1,+999,9","27,1","4,99,0118,1","SYN029333   69947 84808 86616 91123",
"07360099999","1990-03-27T21:00:00","4","46.1666666","1.8666666","551.0","GUERET, FR","FM-12","99999","V020","330,1,N,0041,1","99999,9,9,N","999999,9,N,9","+0017,1","+0014,1","10231,1","03,0004,9,1","99,0005,9,1",,"0,000",,,"4,1,03,1",,,,,,,,,,,"99999,9,09560,1","1,1,006,1,+999,9","21,1","4,99,0082,1","SYN017333   69947 91116",
"07360099999","1990-03-28T00:00:00","4","46.1666666","1.8666666","551.0","GUERET, FR","FM-12","99999","V020","340,1,N,0031,1","99999,9,9,N","999999,9,N,9","+0009,1","+0005,1","10231,1","06,0005,9,1",,,"0,000",,,,,,,,,,,,,,"99999,9,09558,1","8,1,002,1,+999,9",,"4,99,0088,1","SYN011333   91117",
"07360099999","1990-03-28T03:00:00","4","46.1666666","1.8666666","551.0","GUERET, FR","FM-12","99999","V020","310,1,N,0031,1","99999,9,9,N","999999,9,N,9","-0001,1","-0001,1","10231,1","06,0000,9,1",,,"4,000",,,,,,,,,,,,,,"99999,9,09556,1","6,1,002,1,+999,9",,"4,99,0072,1","SYN011333   91114",
"07360099999","1990-03-28T06:00:00","4","46.1666666","1.8666666","551.0","GUERET, FR","FM-12","99999","V020","310,1,N,0031,1","00030,1,C,N","000400,1,N,9","+0001,1","+0001,1","10240,1","99,0005,9,1",,,"0,000",,,"4,1,06,1",,"08,1,+00030,9,07,9",,,"08,99,1,08,1,06,1,00075,1,99,9,99,9",,"09,9","999,-0010,9","999,M,+0043,1","999,N,-0003,1","99999,9,09565,1","3,1,009,1,+999,9","44,1","4,99,0088,1","SYN041333   10043 21003 31101 55/// 88701 91117",
"07360099999","1990-03-28T09:00:00","4","46.1666666","1.8666666","551.0","GUERET, FR","FM-12","99999","V020","330,1,N,0031,1","00900,1,C,N","001200,1,N,9","+0014,1","+0014,1","10251,1","06,0000,9,1",,,"4,000",,,"4,1,03,1","2,1,03,1","04,1,+00120,9,07,9","07,1,+00900,9,05,9",,"07,99,1,07,1,05,1,00150,1,99,9,99,9",,,,,,"99999,9,09579,1","3,1,014,1,+999,9","28,1","4,99,0082,1","SYN023333   84704 87630 91116",
"07360099999","1990-03-28T12:00:00","4","46.1666666","1.8666666","551.0","GUERET, FR","FM-12","99999","V020","320,1,N,0051,1","01290,1,C,N","020000,1,N,9","+0047,1","-0009,1","10243,1","06,0000,9,1",,,"4,000",,,,,"01,1,+00780,9,08,9","07,1,+01290,9,05,9",,"07,99,1,07,1,08,1,00800,1,99,9,99,9",,,,,,"99999,9,09578,1","8,1,001,1,+999,9",,"4,99,0118,1","SYN023333   81826 87643 91123",
"07360099999","1990-03-28T15:00:00","4","46.1666666","1.8666666","551.0","GUERET, FR","FM-12","99999","V020","340,1,N,0041,1","01290,1,C,N","025000,1,N,9","+0050,1","-0012,1","10239,1","06,0000,9,1",,,"4,000",,,,,"07,1,+01290,9,05,9",,,"07,99,1,07,1,05,1,01250,1,99,9,99,9",,,,,,"99999,9,09576,1","6,1,002,1,+999,9",,"4,99,0118,1","SYN017333   87643 91123",
"07360099999","1990-03-28T18:00:00","4","46.1666666","1.8666666","551.0","GUERET, FR","FM-12","99999","V020","330,1,N,0031,1","99999,9,9,N","999999,9,N,9","+0045,1","-0009,1","10247,1","06,0000,9,1",,,"4,000",,,,,,,,,,,,"999,M,+0058,1",,"99999,9,09581,1","3,1,005,1,+999,9",,"4,99,0118,1","SYN017333   10058 91123",
"07360099999","1990-03-28T21:00:00","4","46.1666666","1.8666666","551.0","GUERET, FR","FM-12","99999","V020","330,1,N,0041,1","99999,9,9,N","999999,9,N,9","+0038,1","-0008,1","10260,1","06,0000,9,1",,,"4,000",,,,,,,,,,,,,,"99999,9,09592,1","1,1,011,1,+999,9",,"4,99,0082,1","SYN011333   91116",
"07360099999","1990-03-29T00:00:00","4","46.1666666","1.8666666","551.0","GUERET, FR","FM-12","99999","V020","350,1,N,0051,1","99999,9,9,N","999999,9,N,9","+0028,1","+0010,1","10265,1","03,0002,9,1","06,0003,9,1",,"0,000",,,"4,1,06,1",,,,,,,,,,,"99999,9,09595,1","3,1,003,1,+999,9","41,1","4,99,0088,1","SYN017333   69927 91117",
"07360099999","1990-03-29T03:00:00","4","46.1666666","1.8666666","551.0","GUERET, FR","FM-12","99999","V020","350,1,N,0041,1","99999,9,9,N","999999,9,N,9","+0021,1","+0018,1","10265,1","03,0004,9,1","99,0005,9,1",,"0,000",,,,,,,,,,,,,,"99999,9,09593,1","8,1,002,1,+999,9",,"4,99,0088,1","SYN017333   69947 91117",
"07360099999","1990-03-29T06:00:00","4","46.1666666","1.8666666","551.0","GUERET, FR","FM-12","99999","V020","010,1,N,0041,1","00090,1,C,N","002000,1,N,9","+0020,1","+0020,1","10275,1","03,9999,2,9","24,0006,9,1",,"0,000",,,,,"08,1,+00090,9,07,9",,,"08,99,1,08,1,06,1,00150,1,99,9,99,9","0180,9","09,9","999,+0020,9","999,N,+0020,1",,"99999,9,09603,1","3,1,010,1,+999,9","10,1","4,99,0088,1","SYN047333   20020 31002 55030 69907 70006 88703 91117",
"07360099999","1990-03-29T09:00:00","4","46.1666666","1.8666666","551.0","GUERET, FR","FM-12","99999","V020","030,1,N,0041,1","00060,1,C,N","000600,1,N,9","+0023,1","+0023,1","10294,1","03,0020,9,1",,,"0,000",,,"4,1,03,1","2,1,03,1","08,1,+00060,9,07,9",,,"08,99,1,08,1,06,1,00075,1,99,9,99,9",,,,,,"99999,9,09621,1","3,1,018,1,+999,9","44,1","4,99,0108,1","SYN023333   60027 88702 91121",
"07360099999","1990-03-29T12:00:00","4","46.1666666","1.8666666","551.0","GUERET, FR","FM-12","99999","V020","040,1,N,0051,1","00090,1,C,N","000900,1,N,9","+0034,1","+0034,1","10300,1","06,0000,9,1",,,"4,000",,,"4,1,06,1","2,1,06,1","08,1,+00090,9,07,9",,,"08,99,1,08,1,06,1,00150,1,99,9,99,9",,,,,,"99999,9,09629,1","1,1,008,1,+999,9","42,1","4,99,0108,1","SYN017333   88703 91121",
"07360099999","1990-03-29T15:00:00","4","46.1666666","1.8666666","551.0","GUERET, FR","FM-12","99999","V020","030,1,N,0041,1","00180,1,C,N","002500,1,N,9","+0043,1","+0030,1","10300,1","06,0000,9,1",,,"4,000",,,"2,1,03,1","2,1,03,1","08,1,+00180,9,07,9",,,"08,99,1,08,1,06,1,00250,1,99,9,99,9",,,,,,"99999,9,09631,1","3,1,002,1,+999,9","10,1","4,99,0098,1","SYN017333   88706 91119",
"07360099999","1990-03-29T18:00:00","4","46.1666666","1.8666666","551.0","GUERET, FR","FM-12","99999","V020","030,1,N,0041,1","99999,9,9,N","999999,9,N,9","+0045,1","+0036,1","10310,1","06,0000,9,1",,,"4,000",,,,,,,,,,,,"999,M,+0048,1",,"99999,9,09641,1","3,1,010,1,+999,9",,"4,99,0098,1","SYN017333   10048 91119",
"07360099999","1990-03-29T21:00:00","4","46.1666666","1.8666666","551.0","GUERET, FR","FM-12","99999","V020","040,1,N,0031,1","99999,9,9,N","999999,9,N,9","+0043,1","+0037,1","10322,1","06,0000,9,1",,,"4,000",,,,,,,,,,,,,,"99999,9,09652,1","1,1,011,1,+999,9",,"4,99,0088,1","SYN011333   91117",
"07360099999","1990-03-30T00:00:00","4","46.1666666","1.8666666","551.0","GUERET, FR","FM-12","99999","V020","050,1,N,0031,1","99999,9,9,N","999999,9,N,9","+0041,1","+0040,1","10318,1","06,0000,9,1",,,"4,000",,,,,,,,,,,,,,"99999,9,09648,1","8,1,004,1,+999,9",,"4,99,0088,1","SYN011333   91117",
"07360099999","1990-03-30T03:00:00","4","46.1666666","1.8666666","551.0","GUERET, FR","FM-12","99999","V020","050,1,N,0031,1","99999,9,9,N","999999,9,N,9","+0043,1","+0043,1","10311,1","06,0000,9,1",,,"4,000",,,,,,,,,,,,,,"99999,9,09641,1","7,1,007,1,+999,9",,"4,99,0082,1","SYN011333   91116",
"07360099999","1990-03-30T06:00:00","4","46.1666666","1.8666666","551.0","GUERET, FR","FM-12","99999","V020","040,1,N,0031,1","00060,1,C,N","000900,1,N,9","+0042,1","+0042,1","10308,1","06,0000,9,1",,,"4,000",,,"4,1,06,1",,"08,1,+00060,9,07,9",,,"08,99,1,08,1,07,1,00075,1,99,9,99,9","0000,9","01,9","999,+0040,9","999,N,+0040,1",,"99999,9,09638,1","7,1,003,1,+999,9","46,1","4,99,0082,1","SYN035333   20040 30004 55000 88702 91116",
"07360099999","1990-03-30T09:00:00","4","46.1666666","1.8666666","551.0","GUERET, FR","FM-12","99999","V020","050,1,N,0041,1","00090,1,C,N","001500,1,N,9","+0060,1","+0054,1","10304,1","06,0000,9,1",,,"4,000",,,"4,1,03,1","4,1,03,1","08,1,+00090,9,07,9",,,"08,99,1,08,1,07,1,00150,1,99,9,99,9",,,,,,"99999,9,09639,1","3,1,001,1,+999,9","28,1","4,99,0098,1","SYN017333   88703 91119",
"07360099999","1990-03-30T12:00:00","4","46.1666666","1.8666666","551.0","GUERET, FR","FM-12","99999","V020","060,1,N,0031,1","00480,1,C,N","003000,1,N,9","+0080,1","+0048,1","10294,1","06,0000,9,1",,,"4,000",,,"2,1,06,1","2,1,06,1","08,1,+00480,9,07,9",,,"08,99,1,08,1,05,1,00450,1,99,9,99,9",,,,,,"99999,9,09634,1","6,1,005,1,+999,9","10,1","4,99,0108,1","SYN017333   88716 91121",
"07360099999","1990-03-30T15:00:00","4","46.1666666","1.8666666","551.0","GUERET, FR","FM-12","99999","V020","060,1,N,0031,1","00780,1,C,N","002500,1,N,9","+0094,1","+0058,1","10281,1","06,0000,9,1",,,"4,000",,,"2,1,03,1","2,1,03,1","03,1,+00390,9,05,9","08,1,+00780,9,05,9",,"08,99,1,08,1,05,1,00450,1,99,9,99,9",,,,,,"99999,9,09626,1","7,1,008,1,+999,9","10,1","4,99,0108,1","SYN023333   83613 88626 91121",
"07360099999","1990-03-30T18:00:00","4","46.1666666","1.8666666","551.0","GUERET, FR","FM-12","99999","V020","070,1,N,0041,1","99999,9,9,N","999999,9,N,9","+0082,1","+0050,1","10285,1","06,0000,9,1",,,"4,000",,,,,,,,,,,,"999,M,+0096,1",,"99999,9,09626,1","5,1,000,1,+999,9",,"4,99,0108,1","SYN017333   10096 91121",
"07360099999","1990-03-30T21:00:00","4","46.1666666","1.8666666","551.0","GUERET, FR","FM-12","99999","V020","100,1,N,0041,1","99999,9,9,N","999999,9,N,9","+0065,1","+0037,1","10302,1","06,0000,9,1",,,"4,000",,,,,,,,,,,,,,"99999,9,09638,1","1,1,012,1,+999,9",,"4,99,0098,1","SYN011333   91119",
"07360099999","1990-03-31T00:00:00","4","46.1666666","1.8666666","551.0","GUERET, FR","FM-12","99999","V020","110,1,N,0031,1","99999,9,9,N","999999,9,N,9","+0048,1","+0025,1","10309,1","06,0000,9,1",,,"4,000",,,,,,,,,,,,,,"99999,9,09641,1","3,1,003,1,+999,9",,"4,99,0098,1","SYN011333   91119",
"07360099999","1990-03-31T03:00:00","4","46.1666666","1.8666666","551.0","GUERET, FR","FM-12","99999","V020","120,1,N,0031,1","99999,9,9,N","999999,9,N,9","+0055,1","+0011,1","10305,1","06,0000,9,1",,,"4,000",,,,,,,,,,,,,,"99999,9,09638,1","5,1,003,1,+999,9",,"4,99,0082,1","SYN011333   91116",
"07360099999","1990-03-31T06:00:00","4","46.1666666","1.8666666","551.0","GUERET, FR","FM-12","99999","V020","120,1,N,0021,1","22000,1,C,N","005000,1,N,9","+0080,1","+0003,1","10298,1","06,0000,9,1",,,"4,000",,,,,,,,"00,99,1,00,1,00,1,99999,9,00,1,00,1","0024,9","01,9","999,+0020,9","999,N,+0042,1",,"99999,9,09637,1","5,1,001,1,+999,9",,"4,99,0082,1","SYN029333   20042 30002 55004 91116",
"07360099999","1990-03-31T09:00:00","4","46.1666666","1.8666666","551.0","GUERET, FR","FM-12","99999","V020","110,1,N,0031,1","22000,1,C,N","005000,1,N,9","+0135,1","+0009,1","10287,1","06,0000,9,1",,,"4,000",,,,,,,,"00,99,1,00,1,00,1,99999,9,00,1,00,1",,,,,,"99999,9,09640,1","2,1,003,1,+999,9",,,,
"07360099999","1990-03-31T12:00:00","4","46.1666666","1.8666666","551.0","GUERET, FR","FM-12","99999","V020","090,1,N,0041,1","22000,1,C,N","020000,1,N,9","+0170,1","-0007,1","10263,1","06,0000,9,1",,,"4,000",,,,,,,,"00,99,1,00,1,00,1,99999,9,00,1,00,1",,,,,,"99999,9,09624,1","8,1,016,1,+999,9",,"4,99,0088,1","SYN011333   91117",
"07360099999","1990-03-31T15:00:00","4","46.1666666","1.8666666","551.0","GUERET, FR","FM-12","99999","V020","090,1,N,0051,1","99999,9,9,N","999999,9,N,9","+0177,1","-0031,1","10239,1","06,0000,9,1",,,"4,000",,,,,,,,,,,,,,"99999,9,09603,1","8,1,021,1,+999,9",,"4,99,0118,1","SYN011333   91123",
"07360099999","1990-03-31T18:00:00","4","46.1666666","1.8666666","551.0","GUERET, FR","FM-12","99999","V020","100,1,N,0051,1","99999,9,9,N","999999,9,N,9","+0150,1","+0019,1","10240,1","06,0000,9,1",,,"4,000",,,,,,,,,,,,"999,M,+0181,1",,"99999,9,09599,1","5,1,004,1,+999,9",,"4,99,0118,1","SYN017333   10181 91123",
"07360099999","1990-03-31T21:00:00","4","46.1666666","1.8666666","551.0","GUERET, FR","FM-12","99999","V020","150,1,N,0021,1","99999,9,9,N","999999,9,N,9","+0122,1","+0012,1","10251,1","06,0000,9,1",,,"4,000",,,,,,,,,,,,,,"99999,9,09603,1","1,1,004,1,+999,9",,"4,99,0098,1","SYN011333   91119",
"07360099999","1990-04-01T00:00:00","4","46.1666666","1.8666666","551.0","GUERET, FR","FM-12","99999","V020","120,1,N,0031,1","99999,9,9,N","999999,9,N,9","+0094,1","+0016,1","10250,1","06,0000,9,1",,,"4,000",,,,,,,,,,,,,,"99999,9,09596,1","7,1,007,1,+999,9",,"4,99,0098,1","SYN011333   91119",
"07360099999","1990-04-01T03:00:00","4","46.1666666","1.8666666","551.0","GUERET, FR","FM-12","99999","V020","120,1,N,0031,1","99999,9,9,N","999999,9,N,9","+0073,1","+0024,1","10234,1","06,0000,9,1",,,"4,000",,,,,,,,,,,,,,"99999,9,09576,1","8,1,020,1,+999,9",,"4,99,0072,1","SYN011333   91114",
"07360099999","1990-04-01T06:00:00","4","46.1666666","1.8666666","551.0","GUERET, FR","FM-12","99999","V020","120,1,N,0051,1","22000,1,C,N","008000,1,N,9","+0080,1","+0018,1","10221,1","06,0000,9,1",,,"4,000",,,,,"02,1,+03000,9,03,9",,,"02,99,1,02,1,00,1,99999,9,03,1,00,1","0708,9","01,9","999,+0040,9","999,N,+0068,1",,"99999,9,09565,1","6,1,011,1,+999,9",,"4,99,0088,1","SYN035333   20068 30004 55118 82360 91117",
"07360099999","1990-04-01T12:00:00","4","46.1666666","1.8666666","551.0","GUERET, FR","FM-12","99999","V020","170,1,N,0041,1","22000,1,C,N","020000,1,N,9","+0194,1","-0017,1","10173,1","06,0000,9,1",,,"4,000",,,,,"01,1,+07500,9,00,9",,,"01,99,1,00,1,00,1,99999,9,00,1,01,1",,,,,,"99999,9,09545,1","8,1,014,1,+999,9",,"4,99,0180,1","SYN017333   81075 91135",
"07360099999","1990-04-01T15:00:00","4","46.1666666","1.8666666","551.0","GUERET, FR","FM-12","99999","V020","180,1,N,0051,1","99999,9,9,N","999999,9,N,9","+0195,1","-0027,1","10153,1","06,0000,9,1",,,"4,000",,,,,,,,,,,,,,"99999,9,09526,1","7,1,019,1,+999,9",,"4,99,0139,1","SYN011333   91127",
"07360099999","1990-04-01T18:00:00","4","46.1666666","1.8666666","551.0","GUERET, FR","FM-12","99999","V020","170,1,N,0041,1","99999,9,9,N","999999,9,N,9","+0148,1","-0035,1","10156,1","06,0000,9,1",,,"4,000",,,,,,,,,,,,"999,M,+0205,1",,"99999,9,09519,1","6,1,007,1,+999,9",,"4,99,0139,1","SYN017333   10205 91127",
"07360099999","1990-04-01T21:00:00","4","46.1666666","1.8666666","551.0","GUERET, FR","FM-12","99999","V020","180,1,N,0031,1","99999,9,9,N","999999,9,N,9","+0116,1","-0022,1","10156,1","06,0000,9,1",,,"4,000",,,,,,,,,,,,,,"99999,9,09512,1","8,1,007,1,+999,9",,"4,99,0118,1","SYN011333   91123",
"07360099999","1990-04-02T00:00:00","4","46.1666666","1.8666666","551.0","GUERET, FR","FM-12","99999","V020","999,9,9,9999,9","22000,1,C,N","999999,9,N,9","+0093,1","-0014,1","10140,1","06,0000,9,1",,,"4,000",,,,,,,,"02,99,1,99,9,99,9,99999,9,99,9,99,9",,,,,,"99999,9,09493,1","7,1,019,1,+999,9",,,,
"07360099999","1990-04-02T06:00:00","4","46.1666666","1.8666666","551.0","GUERET, FR","FM-12","99999","V020","210,1,N,0072,1","02700,1,C,N","018000,1,N,9","+0098,1","+0017,1","10101,1","06,0000,9,1",,,"4,000",,,,,"04,1,+01800,9,05,9","06,1,+02700,9,03,9",,"08,99,1,04,1,05,1,01750,1,07,1,99,9","0684,9","01,9","999,+0070,9","999,N,+0091,1",,"99999,9,09457,1","8,1,010,1,+999,9",,"4,99,0149,1","SYN041333   20091 30007 55114 84656 86359 91129",
"07360099999","1990-04-02T09:00:00","4","46.1666666","1.8666666","551.0","GUERET, FR","FM-12","99999","V020","220,1,N,0072,1","02700,1,C,N","015000,1,N,9","+0121,1","+0043,1","10087,1","06,0000,9,1",,,"4,000",,,,,"07,1,+02700,9,03,9",,,"07,99,1,07,1,00,1,99999,9,03,1,99,9",,,,,,"99999,9,09449,1","6,1,008,1,+999,9",,"4,99,0160,1","SYN017333   87359 91131",
"07360099999","1990-04-02T12:00:00","4","46.1666666","1.8666666","551.0","GUERET, FR","FM-12","99999","V020","230,1,N,0051,1","09000,1,C,N","020000,1,N,9","+0175,1","+0067,1","10057,1","06,0000,9,1",,,"4,000",,,,,,,,"05,99,1,02,1,02,1,01250,1,03,1,02,1",,,,,,"99999,9,09433,1","8,1,016,1,+999,9",,,,
"07360099999","1990-04-02T15:00:00","4","46.1666666","1.8666666","551.0","GUERET, FR","FM-12","99999","V020","220,1,N,0041,1","03000,1,C,N","015000,1,N,9","+0160,1","+0059,1","10051,1","06,0000,9,1",,,"4,000",,,,,"02,1,+00990,9,08,9","04,1,+03000,9,03,9",,"07,99,1,02,1,02,1,01250,1,03,1,02,1",,,,,,"99999,9,09424,1","7,1,009,1,+999,9",,"4,99,0149,1","SYN023333   82833 84360 91129",
"07360099999","1990-04-02T21:00:00","4","46.1666666","1.8666666","551.0","GUERET, FR","FM-12","99999","V020","220,1,N,0051,1","99999,9,9,N","999999,9,N,9","+0109,1","+0070,1","10054,1","06,0000,9,1",,,"4,000",,,,,,,,,,,,,,"99999,9,09417,1","3,1,001,1,+999,9",,"4,99,0118,1","SYN011333   91123",
"07360099999","1990-04-03T00:00:00","4","46.1666666","1.8666666","551.0","GUERET, FR","FM-12","99999","V020","220,1,N,0041,1","99999,9,9,N","999999,9,N,9","+0086,1","+0078,1","10054,1","06,0000,9,1",,,"4,000",,,,,,,,,,,,,,"99999,9,09412,1","8,1,005,1,+999,9",,"4,99,0129,1","SYN011333   91125",
"07360099999","1990-04-03T03:00:00","4","46.1666666","1.8666666","551.0","GUERET, FR","FM-12","99999","V020","230,1,N,0041,1","99999,9,9,N","999999,9,N,9","+0082,1","+0068,1","10043,1","06,0000,9,1",,,"4,000",,,,,,,,,,,,,,"99999,9,09400,1","6,1,012,1,+999,9",,"4,99,0139,1","SYN011333   91127",
"07360099999","1990-04-03T06:00:00","4","46.1666666","1.8666666","551.0","GUERET, FR","FM-12","99999","V020","230,1,N,0051,1","00240,1,C,N","005000,1,N,9","+0076,1","+0076,1","10041,1","03,0004,9,1","24,0004,9,1","99,0005,9,1","0,001",,,"6,1,06,1",,"07,1,+00240,9,07,9",,,"08,99,1,07,1,07,1,00250,1,99,9,99,9","0318,9","09,9","999,+0070,9","999,N,+0076,1",,"99999,9,09397,1","5,1,003,1,+999,9","61,1","4,99,0139,1","SYN047333   20076 31007 55053 69947 70004 87708 91127",
"07360099999","1990-04-03T15:00:00","4","46.1666666","1.8666666","551.0","GUERET, FR","FM-12","99999","V020","290,1,N,0072,1","00150,1,C,N","015000,1,N,9","+0066,1","+0007,1","10126,1","06,0000,9,1",,,"4,000",,,,,"05,1,+00150,9,05,9","03,1,+00690,9,08,9",,"07,99,1,07,1,08,1,00150,1,00,1,00,1",,,,,,"99999,9,09474,1","1,1,018,1,+999,9",,"4,99,0149,1","SYN023333   85605 83823 91129",
"07360099999","1990-04-03T18:00:00","4","46.1666666","1.8666666","551.0","GUERET, FR","FM-12","99999","V020","280,1,N,0031,1","99999,9,9,N","999999,9,N,9","+0050,1","-0004,1","10145,1","99,0050,9,1",,,"0,000",,,,,,,,,,,,"999,M,+0090,1",,"99999,9,09488,1","3,1,014,1,+999,9",,"4,99,0149,1","SYN017333   10090 91129",
"07360099999","1990-04-03T21:00:00","4","46.1666666","1.8666666","551.0","GUERET, FR","FM-12","99999","V020","250,1,N,0041,1","99999,9,9,N","999999,9,N,9","+0024,1","-0010,1","10163,1","06,0000,9,1",,,"4,000",,,,,,,,,,,,,,"99999,9,09499,1","1,1,011,1,+999,9",,"4,99,0082,1","SYN011333   91116",
"07360099999","1990-04-04T00:00:00","4","46.1666666","1.8666666","551.0","GUERET, FR","FM-12","99999","V020","250,1,N,0041,1","99999,9,9,N","999999,9,N,9","+0016,1","-0018,1","10169,1","06,0000,9,1",,,"4,000",,,,,,,,,,,,,,"99999,9,09502,1","3,1,003,1,+999,9",,"4,99,0082,1","SYN011333   91116",
"07360099999","1990-04-04T03:00:00","4","46.1666666","1.8666666","551.0","GUERET, FR","FM-12","99999","V020","310,1,N,0031,1","99999,9,9,N","999999,9,N,9","+0010,1","-0011,1","10168,1","06,0000,9,1",,,"4,000",,,,,,,,,,,,,,"99999,9,09499,1","6,1,003,1,+999,9",,"4,99,0072,1","SYN011333   91114",
"07360099999","1990-04-04T06:00:00","4","46.1666666","1.8666666","551.0","GUERET, FR","FM-12","99999","V020","999,1,C,0000,1","22000,1,C,N","025000,1,N,9","+0011,1","-0010,1","10167,1","06,0000,9,1","24,0046,9,1",,"4,000",,,,,"04,1,+07800,9,00,9",,,"04,99,1,00,1,00,1,99999,9,00,1,01,1","0462,9","09,9","999,-0020,9","999,N,+0007,1",,"99999,9,09499,1","5,1,000,1,+999,9",,"4,99,0072,1","SYN041333   20007 31102 55077 70046 84076 91114",
"07360099999","1990-04-04T09:00:00","4","46.1666666","1.8666666","551.0","GUERET, FR","FM-12","99999","V020","030,1,N,0010,1","07800,1,C,N","020000,1,N,9","+0057,1","+0016,1","10166,1","06,0000,9,1",,,"4,000",,,,,"02,1,+00900,9,08,9","05,1,+07800,9,00,9",,"05,99,1,02,1,02,1,00800,1,00,1,02,1",,,,,,"99999,9,09509,1","1,1,010,1,+999,9",,"4,99,0031,1","SYN023333   82830 85076 91106",
"07360099999","1990-04-04T12:00:00","4","46.1666666","1.8666666","551.0","GUERET, FR","FM-12","99999","V020","320,1,N,0021,1","22000,1,C,N","025000,1,N,9","+0091,1","-0013,1","10152,1","06,0000,9,1",,,"4,000",,,,,"03,1,+00900,9,08,9",,,"04,99,1,03,1,01,1,00800,1,00,1,02,1",,,,,,"99999,9,09503,1","8,1,006,1,+999,9",,"4,99,0062,1","SYN017333   83830 91112",
"07360099999","1990-04-04T18:00:00","4","46.1666666","1.8666666","551.0","GUERET, FR","FM-12","99999","V020","040,1,N,0021,1","99999,9,9,N","999999,9,N,9","+0063,1","-0021,1","10154,1","06,0000,9,1",,,"4,000",,,,,,,,,,,,,,"99999,9,09499,1","3,1,003,1,+999,9",,,,
"07360099999","1990-04-05T00:00:00","4","46.1666666","1.8666666","551.0","GUERET, FR","FM-12","99999","V020","050,1,N,0021,1","99999,9,9,N","999999,9,N,9","+0033,1","-0014,1","10160,1","06,0000,9,1",,,"4,000",,,,,,,,,,,,,,"99999,9,09497,1","8,1,006,1,+999,9",,"4,99,0062,1","SYN011333   91112",
"07360099999","1990-04-05T03:00:00","4","46.1666666","1.8666666","551.0","GUERET, FR","FM-12","99999","V020","070,1,N,0021,1","99999,9,9,N","999999,9,N,9","+0025,1","-0017,1","10150,1","06,0000,9,1",,,"4,000",,,,,,,,,,,,,,"99999,9,09486,1","8,1,011,1,+999,9",,"4,99,0051,1","SYN011333   91110",
"07360099999","1990-04-05T06:00:00","4","46.1666666","1.8666666","551.0","GUERET, FR","FM-12","99999","V020","080,1,N,0031,1","06900,1,C,N","035000,1,N,9","+0019,1","-0017,1","10148,1","06,0000,9,1",,,"4,000",,,,,"03,1,+01800,9,03,9","05,1,+06900,9,00,9",,"05,99,1,03,1,00,1,02250,1,03,1,02,1","0432,9","01,9","999,+0000,9","999,N,+0019,1",,"99999,9,09483,1","6,1,003,1,+999,9",,"4,99,0072,1","SYN041333   20019 30000 55072 83356 85073 91114",
"07360099999","1990-04-05T09:00:00","4","46.1666666","1.8666666","551.0","GUERET, FR","FM-12","99999","V020","070,1,N,0021,1","01800,1,C,N","020000,1,N,9","+0046,1","-0006,1","10148,1","06,0000,9,1",,,"4,000",,,,,"07,1,+01800,9,04,9",,,"08,99,1,07,1,00,1,02250,1,03,1,99,9",,,,,,"99999,9,09489,1","1,1,006,1,+999,9",,"4,99,0072,1","SYN017333   87456 91114",
"07360099999","1990-04-05T12:00:00","4","46.1666666","1.8666666","551.0","GUERET, FR","FM-12","99999","V020","070,1,N,0041,1","01800,1,C,N","025000,1,N,9","+0082,1","-0003,1","10126,1","06,0000,9,1",,,"4,000",,,,,"04,1,+00990,9,05,9","07,1,+01800,9,03,9",,"08,99,1,04,1,05,1,01250,1,03,1,99,9",,,,,,"99999,9,09477,1","8,1,012,1,+999,9",,"4,99,0108,1","SYN023333   84633 87356 91121",
"07360099999","1990-04-05T18:00:00","4","46.1666666","1.8666666","551.0","GUERET, FR","FM-12","99999","V020","050,1,N,0041,1","99999,9,9,N","999999,9,N,9","+0048,1","+0013,1","10114,1","06,0000,9,1",,,"4,000",,,,,,,,,,,,,,"99999,9,09459,1","5,1,007,1,+999,9",,,,
"07360099999","1990-04-05T21:00:00","4","46.1666666","1.8666666","551.0","GUERET, FR","FM-12","99999","V020","060,1,N,0031,1","99999,9,9,N","999999,9,N,9","+0039,1","+0019,1","10108,1","06,0000,9,1",,,"4,000",,,,,,,,,,,,,,"99999,9,09450,1","8,1,009,1,+999,9",,"4,99,0129,1","SYN011333   91125",
"07360099999","1990-04-06T00:00:00","4","46.1666666","1.8666666","551.0","GUERET, FR","FM-12","99999","V020","070,1,N,0031,1","99999,9,9,N","999999,9,N,9","+0035,1","+0023,1","10085,1","06,0000,9,1",,,"4,000",,,,,,,,,,,,,,"99999,9,09428,1","7,1,022,1,+999,9",,"4,99,0129,1","SYN011333   91125",
"07360099999","1990-04-06T03:00:00","4","46.1666666","1.8666666","551.0","GUERET, FR","FM-12","99999","V020","060,1,N,0021,1","99999,9,9,N","999999,9,N,9","+0032,1","+0031,1","10055,1","06,0000,9,1",,,"4,000",,,,,,,,,,,,,,"99999,9,09400,1","8,1,028,1,+999,9",,"4,99,0098,1","SYN011333   91119",
"07360099999","1990-04-06T06:00:00","4","46.1666666","1.8666666","551.0","GUERET, FR","FM-12","99999","V020","080,1,N,0021,1","00090,1,C,N","002000,1,N,9","+0031,1","+0031,1","10040,1","03,0020,9,1","24,0022,9,1",,"0,000",,,,,"07,1,+00090,9,07,9",,,"08,99,1,07,1,07,1,00150,1,99,9,99,9","0126,9","11,9","999,+0030,9","999,N,+0031,1",,"99999,9,09385,1","6,1,015,1,+999,9","58,1","4,99,0098,1","SYN047333   20031 32003 55021 60027 70022 87703 91119",
"07360099999","1990-04-06T09:00:00","4","46.1666666","1.8666666","551.0","GUERET, FR","FM-12","99999","V020","100,1,N,0031,1","00090,1,C,N","002000,1,N,9","+0037,1","+0037,1","10027,1","03,0020,9,1",,,"0,000",,,"6,1,03,1","5,1,03,1","07,1,+00090,9,07,9",,,"08,99,1,07,1,07,1,00150,1,99,9,99,9",,,,,,"99999,9,09375,1","6,1,010,1,+999,9","58,1","4,99,0062,1","SYN023333   60027 87703 91112",
"07360099999","1990-04-06T12:00:00","4","46.1666666","1.8666666","551.0","GUERET, FR","FM-12","99999","V020","100,1,N,0031,1","00600,1,C,N","005000,1,N,9","+0080,1","+0080,1","10005,1","03,0002,9,1","06,0003,9,1",,"0,000",,,"6,1,06,1","5,1,06,1","03,1,+00150,9,07,9","05,1,+00600,9,05,9","07,1,+03000,9,03,9","07,99,1,06,1,05,1,00150,1,07,1,99,9",,,,,,"99999,9,09364,1","8,1,011,1,+999,9","01,1","4,99,0072,1","SYN035333   69927 83705 85620 87360 91114",
"07360099999","1990-04-06T15:00:00","4","46.1666666","1.8666666","551.0","GUERET, FR","FM-12","99999","V020","060,1,N,0021,1","03000,1,C,N","015000,1,N,9","+0103,1","+0084,1","09985,1","06,0000,9,1",,,"4,000",,,,,"04,1,+00600,9,05,9","06,1,+03000,9,03,9",,"06,99,1,04,1,05,1,00800,1,07,1,00,1",,,,,,"99999,9,09351,1","6,1,013,1,+999,9",,"4,99,0072,1","SYN023333   84620 86360 91114",
"07360099999","1990-04-06T18:00:00","4","46.1666666","1.8666666","551.0","GUERET, FR","FM-12","99999","V020","060,1,N,0021,1","99999,9,9,N","999999,9,N,9","+0086,1","+0074,1","09990,1","99,0020,9,1",,,"0,000",,,,,,,,,,,,"999,M,+0114,1",,"99999,9,09352,1","3,1,001,1,+999,9",,"4,99,0072,1","SYN017333   10114 91114",
"07360099999","1990-04-06T21:00:00","4","46.1666666","1.8666666","551.0","GUERET, FR","FM-12","99999","V020","080,1,N,0021,1","99999,9,9,N","999999,9,N,9","+0067,1","+0066,1","10004,1","06,0000,9,1",,,"4,000",,,,,,,,,,,,,,"99999,9,09361,1","0,1,009,1,+999,9",,"4,99,0072,1","SYN011333   91114",
"07360099999","1990-04-07T06:00:00","4","46.1666666","1.8666666","551.0","GUERET, FR","FM-12","99999","V020","070,1,N,0010,1","00090,1,C,N","000100,1,N,9","+0060,1","+0060,1","10024,1","06,0000,9,1","24,0018,9,1",,"4,000",,,"4,1,06,1","4,1,06,1","09,1,+00090,9,08,9",,,"09,99,1,09,1,99,9,99999,9,99,9,99,9","0162,9","09,9","999,+0080,9","999,N,+0055,1",,"99999,9,09375,1",,"43,1",,"SYN035333   20055 31008 55027 70018 89803",
"07360099999","1990-04-07T09:00:00","4","46.1666666","1.8666666","551.0","GUERET, FR","FM-12","99999","V020","999,1,C,0000,1","00030,1,C,N","000600,1,N,9","+0066,1","+0066,1","10040,1",,,,"2,000",,,"4,1,03,1","4,1,03,1","08,1,+00030,9,07,9",,,"08,99,1,08,1,07,1,00075,1,99,9,99,9",,,,,,"99999,9,09392,1",,"42,1",,"SYN011333   88701","Q01+000432PRSWM1"
"07360099999","1990-04-07T12:00:00","4","46.1666666","1.8666666","551.0","GUERET, FR","FM-12","99999","V020","020,1,N,0010,1","00150,1,C,N","000600,1,N,9","+0080,1","+0080,1","10050,1",,,,"2,000",,,"4,1,06,1","4,1,06,1","08,1,+00150,9,07,9",,,"08,99,1,08,1,06,1,00150,1,99,9,99,9",,,,,,"99999,9,09406,1","1,1,014,1,+999,9","44,1",,"SYN011333   88705",
"07360099999","1990-04-07T15:00:00","4","46.1666666","1.8666666","551.0","GUERET, FR","FM-12","99999","V020","010,1,N,0031,1","99999,9,9,N","999999,9,N,9","+0083,1","+0083,1","10065,1","06,0000,9,1",,,"4,000",,,,,,,,,,,,,,"99999,9,09421,1","1,1,015,1,+999,9",,"4,99,0062,1","SYN011333   91112",
"07360099999","1990-04-07T18:00:00","4","46.1666666","1.8666666","551.0","GUERET, FR","FM-12","99999","V020","040,1,N,0021,1","99999,9,9,N","999999,9,N,9","+0076,1","+0076,1","10081,1",,,,"2,000",,,,,,,,,,,,,,"99999,9,09434,1","3,1,013,1,+999,9",,"4,99,0062,1","SYN011333   91112",
"07360099999","1990-04-07T21:00:00","4","46.1666666","1.8666666","551.0","GUERET, FR","FM-12","99999","V020","030,1,N,0031,1","99999,9,9,N","999999,9,N,9","+0071,1","+0068,1","10099,1","06,0000,9,1",,,"4,000",,,,,,,,,,,,,,"99999,9,09450,1","1,1,016,1,+999,9",,"4,99,0062,1","SYN011333   91112",
"07360099999","1990-04-08T00:00:00","4","46.1666666","1.8666666","551.0","GUERET, FR","FM-12","99999","V020","060,1,N,0021,1","99999,9,9,N","999999,9,N,9","+0058,1","+0058,1","10110,1","03,0002,9,1","06,0003,9,1",,"0,000",,,"4,1,06,1",,,,,,,,,,,"99999,9,09458,1","2,1,008,1,+999,9","21,1","4,99,0062,1","SYN017333   69927 91112",
"07360099999","1990-04-08T03:00:00","4","46.1666666","1.8666666","551.0","GUERET, FR","FM-12","99999","V020","050,1,N,0031,1","99999,9,9,N","999999,9,N,9","+0050,1","+0050,1","10105,1","03,0002,9,1","99,0003,9,1",,"0,000",,,,,,,,,,,,,,"99999,9,09451,1","6,1,007,1,+999,9",,"4,99,0062,1","SYN017333   69927 91112",
"07360099999","1990-04-08T09:00:00","4","46.1666666","1.8666666","551.0","GUERET, FR","FM-12","99999","V020","050,1,N,0041,1","00300,1,C,N","003500,1,N,9","+0062,1","+0037,1","10121,1","06,0000,9,1",,,"4,000",,,"2,1,03,1","2,1,03,1","04,1,+00150,9,07,9","05,1,+00300,9,05,9",,"07,99,1,07,1,05,1,00150,1,00,1,00,1",,,,,,"99999,9,09468,1","1,1,009,1,+999,9","10,1","4,99,0098,1","SYN023333   84705 85610 91119",
"07360099999","1990-04-08T18:00:00","4","46.1666666","1.8666666","551.0","GUERET, FR","FM-12","99999","V020","050,1,N,0041,1","99999,9,9,N","999999,9,N,9","+0065,1","+0022,1","10110,1","06,0000,9,1",,,"4,000",,,,,,,,,,,,"999,M,+0102,1",,"99999,9,09459,1","6,1,004,1,+999,9",,"4,99,0108,1","SYN017333   10102 91121",
"07360099999","1990-04-09T03:00:00","4","46.1666666","1.8666666","551.0","GUERET, FR","FM-12","99999","V020","040,1,N,0031,1","99999,9,9,N","999999,9,N,9","+0024,1","+0011,1","10104,1","06,0000,9,1",,,"4,000",,,,,,,,,,,,,,"99999,9,09443,1","6,1,005,1,+999,9",,"4,99,0072,1","SYN011333   91114",
"07360099999","1990-04-09T06:00:00","4","46.1666666","1.8666666","551.0","GUERET, FR","FM-12","99999","V020","030,1,N,0041,1","00450,1,C,N","005000,1,N,9","+0018,1","+0005,1","10102,1","06,0000,9,1",,,"4,000",,,,,"07,1,+00450,9,05,9",,,"07,99,1,07,1,05,1,00450,1,99,9,99,9","0096,9","01,9","999,+0010,9","999,N,+0016,1",,"99999,9,09440,1","5,1,003,1,+999,9",,"4,99,0082,1","SYN035333   20016 30001 55016 87615 91116",
"07360099999","1990-04-09T09:00:00","4","46.1666666","1.8666666","551.0","GUERET, FR","FM-12","99999","V020","040,1,N,0031,1","00450,1,C,N","004500,1,N,9","+0037,1","+0017,1","10109,1","06,0000,9,1",,,"4,000",,,"2,1,03,1","2,1,03,1","07,1,+00450,9,05,9",,,"08,99,1,07,1,05,1,00450,1,99,9,99,9",,,,,,"99999,9,09451,1","3,1,005,1,+999,9","10,1","4,99,0082,1","SYN017333   87615 91116",
"07360099999","1990-04-09T12:00:00","4","46.1666666","1.8666666","551.0","GUERET, FR","FM-12","99999","V020","030,1,N,0041,1","00480,1,C,N","006000,1,N,9","+0046,1","+0018,1","10113,1","06,0000,9,1",,,"4,000",,,,,"01,1,+00450,9,08,9","07,1,+00480,9,05,9",,"08,99,1,07,1,08,1,00450,1,99,9,99,9",,,,,,"99999,9,09457,1","1,1,006,1,+999,9",,"4,99,0098,1","SYN023333   81815 87616 91119",
"07360099999","1990-04-09T15:00:00","4","46.1666666","1.8666666","551.0","GUERET, FR","FM-12","99999","V020","030,1,N,0031,1","00600,1,C,N","007000,1,N,9","+0054,1","+0000,1","10114,1","06,0000,9,1",,,"4,000",,,,,"03,1,+00450,9,08,9","04,1,+00600,9,05,9","08,1,+03000,9,04,9","08,99,1,07,1,08,1,00450,1,03,1,99,9",,,,,,"99999,9,09460,1","0,1,003,1,+999,9",,"4,99,0098,1","SYN029333   83815 84620 88460 91119",
"07360099999","1990-04-09T18:00:00","4","46.1666666","1.8666666","551.0","GUERET, FR","FM-12","99999","V020","040,1,N,0031,1","99999,9,9,N","999999,9,N,9","+0043,1","-0005,1","10128,1","06,0000,9,1",,,"4,000",,,,,,,,,,,,"999,M,+0058,1",,"99999,9,09470,1","3,1,010,1,+999,9",,"4,99,0118,1","SYN017333   10058 91123",
"07360099999","1990-04-09T21:00:00","4","46.1666666","1.8666666","551.0","GUERET, FR","FM-12","99999","V020","020,1,N,0041,1","99999,9,9,N","999999,9,N,9","+0040,1","-0020,1","10147,1","06,0000,9,1",,,"4,000",,,,,,,,,,,,,,"99999,9,09487,1","1,1,017,1,+999,9",,"4,99,0088,1","SYN011333   91117",
"07360099999","1990-04-10T00:00:00","4","46.1666666","1.8666666","551.0","GUERET, FR","FM-12","99999","V020","330,1,N,0031,1","99999,9,9,N","999999,9,N,9","+0027,1","-0034,1","10153,1","06,0000,9,1",,,"4,000",,,,,,,,,,,,,,"99999,9,09490,1","2,1,003,1,+999,9",,"4,99,0088,1","SYN011333   91117",
"07360099999","1990-04-10T03:00:00","4","46.1666666","1.8666666","551.0","GUERET, FR","FM-12","99999","V020","320,1,N,0031,1","99999,9,9,N","999999,9,N,9","-0001,1","-0026,1","10160,1","06,0000,9,1",,,"4,000",,,,,,,,,,,,,,"99999,9,09489,1","7,1,001,1,+999,9",,"4,99,0082,1","SYN011333   91116",
"07360099999","1990-04-10T06:00:00","4","46.1666666","1.8666666","551.0","GUERET, FR","FM-12","99999","V020","320,1,N,0031,1","22000,1,C,N","004000,1,N,9","-0014,1","-0025,1","10174,1","06,0000,9,1",,,"4,000",,,,,"01,1,+06900,9,00,9",,,"01,99,1,00,1,00,1,99999,9,00,1,01,1","0000,9","01,9","999,-0020,9","999,N,-0014,1",,"99999,9,09500,1","3,1,011,1,+999,9","10,1","4,99,0082,1","SYN035333   21014 30102 55000 81073 91116",
"07360099999","1990-04-10T21:00:00","4","46.1666666","1.8666666","551.0","GUERET, FR","FM-12","99999","V020","280,1,N,0062,1","99999,9,9,N","999999,9,N,9","+0070,1","+0017,1","10174,1","06,0000,9,1",,,"4,000",,,,,,,,,,,,,,"99999,9,09519,1","3,1,006,1,+999,9",,,,
"07360099999","1990-04-11T00:00:00","4","46.1666666","1.8666666","551.0","GUERET, FR","FM-12","99999","V020","260,1,N,0062,1","99999,9,9,N","999999,9,N,9","+0070,1","+0055,1","10170,1","06,0000,9,1",,,"4,000",,,,,,,,,,,,,,"99999,9,09516,1","6,1,003,1,+999,9",,"4,99,0118,1","SYN011333   91123",
"07360099999","1990-04-11T03:00:00","4","46.1666666","1.8666666","551.0","GUERET, FR","FM-12","99999","V020","260,1,N,0051,1","99999,9,9,N","999999,9,N,9","+0068,1","+0068,1","10156,1","06,0000,9,1",,,"4,000",,,,,,,,,,,,,,"99999,9,09503,1","8,1,013,1,+999,9",,"4,99,0139,1","SYN011333   91127",
"07360099999","1990-04-11T06:00:00","4","46.1666666","1.8666666","551.0","GUERET, FR","FM-12","99999","V020","270,1,N,0062,1","00060,1,C,N","000700,1,N,9","+0067,1","+0067,1","10165,1","03,0006,9,1","24,0006,9,1","99,0005,9,1","0,000",,,"5,1,06,1","4,1,06,1","08,1,+00060,9,07,9",,,"08,99,1,08,1,07,1,00075,1,99,9,99,9","0738,9","09,9","999,+0030,9","999,N,+0053,1",,"99999,9,09509,1","3,1,006,1,+999,9","50,1","4,99,0139,1","SYN047333   20053 31003 55123 69967 70006 88702 91127",
"07360099999","1990-04-11T09:00:00","4","46.1666666","1.8666666","551.0","GUERET, FR","FM-12","99999","V020","280,1,N,0051,1","00090,1,C,N","003000,1,N,9","+0077,1","+0077,1","10169,1","03,0010,9,1",,,"0,000",,,"5,1,03,1","5,1,03,1","06,1,+00090,9,07,9","08,1,+00480,9,05,9",,"08,99,1,08,1,05,1,00075,1,99,9,99,9",,,,,,"99999,9,09517,1","1,1,008,1,+999,9","51,1","4,99,0118,1","SYN029333   60017 86703 88616 91123",
"07360099999","1990-04-11T12:00:00","4","46.1666666","1.8666666","551.0","GUERET, FR","FM-12","99999","V020","300,1,N,0051,1","00990,1,C,N","020000,1,N,9","+0104,1","+0075,1","10169,1","03,0006,9,2","06,0005,9,2",,"0,000",,,"5,1,06,1","4,1,06,1","04,1,+00390,9,08,9","04,1,+00990,9,05,9",,"07,99,1,06,1,08,1,00450,1,00,1,01,1",,,,,,"99999,9,09523,1","0,1,006,1,+999,9","01,1","4,99,0118,1","SYN029333   69967 84813 84633 91123",
"07360099999","1990-04-12T06:00:00","4","46.1666666","1.8666666","551.0","GUERET, FR","FM-12","99999","V020","320,1,N,0021,1","00990,1,C,N","006000,1,N,9","+0059,1","+0041,1","10212,1","06,0000,9,1","24,0018,9,1",,"4,000",,,,,"07,1,+00990,9,05,9",,,"07,99,1,07,1,05,1,01250,1,99,9,99,9","0384,9","01,9","999,+0060,9","999,N,+0059,1",,"99999,9,09553,1","3,1,009,1,+999,9",,"4,99,0062,1","SYN041333   20059 30006 55064 70018 87633 91112",
"07360099999","1990-04-12T09:00:00","4","46.1666666","1.8666666","551.0","GUERET, FR","FM-12","99999","V020","290,1,N,0021,1","01500,1,C,N","010000,1,N,9","+0082,1","+0050,1","10216,1","06,0000,9,1",,,"4,000",,,,,"08,1,+01500,9,05,9",,,"08,99,1,08,1,05,1,01750,1,99,9,99,9",,,,,,"99999,9,09562,1","1,1,009,1,+999,9",,"4,99,0051,1","SYN017333   88650 91110",
"07360099999","1990-04-12T15:00:00","4","46.1666666","1.8666666","551.0","GUERET, FR","FM-12","99999","V020","290,1,N,0031,1","01800,1,C,N","020000,1,N,9","+0119,1","+0072,1","10195,1","06,0000,9,1",,,"4,000",,,,,"03,1,+00600,9,08,9","07,1,+01800,9,05,9",,"07,99,1,07,1,08,1,00800,1,99,9,99,9",,,,,,"99999,9,09550,1","6,1,007,1,+999,9",,"4,99,0082,1","SYN023333   83820 87656 91116",
"07360099999","1990-04-12T18:00:00","4","46.1666666","1.8666666","551.0","GUERET, FR","FM-12","99999","V020","270,1,N,0031,1","99999,9,9,N","999999,9,N,9","+0096,1","+0075,1","10195,1","06,0000,9,1",,,"4,000",,,,,,,,,,,,"999,M,+0124,1",,"99999,9,09546,1","6,1,004,1,+999,9",,"4,99,0082,1","SYN017333   10124 91116",
"07360099999","1990-04-13T12:00:00","4","46.1666666","1.8666666","551.0","GUERET, FR","FM-12","99999","V020","240,1,N,0041,1","00600,1,C,N","030000,1,N,9","+0122,1","+0083,1","10123,1","03,0002,9,1","06,0003,9,1",,"0,000",,,"8,1,06,1","6,1,06,1","06,1,+00600,9,08,9","03,1,+00990,9,05,9",,"07,99,1,07,1,08,1,00800,1,99,9,99,9",,,,,,"99999,9,09484,1","8,1,020,1,+999,9","03,1","4,99,0098,1","SYN029333   69927 86820 83633 91119",
"07360099999","1990-04-13T15:00:00","4","46.1666666","1.8666666","551.0","GUERET, FR","FM-12","99999","V020","230,1,N,0051,1","00900,1,C,N","015000,1,N,9","+0108,1","+0089,1","10109,1","03,0006,9,1","99,0005,9,1",,"0,000",,,"8,1,03,1","6,1,03,1","03,1,+00480,9,08,9","03,1,+00900,9,05,9",,"06,99,1,05,1,08,1,00450,1,03,1,99,9",,,,,,"99999,9,09468,1","7,1,016,1,+999,9","25,1","4,99,0139,1","SYN029333   69967 83816 83630 91127",
"07360099999","1990-04-13T18:00:00","4","46.1666666","1.8666666","551.0","GUERET, FR","FM-12","99999","V020","230,1,N,0051,1","99999,9,9,N","999999,9,N,9","+0086,1","+0077,1","10105,1","99,0010,9,1",,,"0,000",,,,,,,,,,,,"999,M,+0122,1",,"99999,9,09459,1","6,1,009,1,+999,9",,"4,99,0139,1","SYN017333   10122 91127",
"07360099999","1990-04-14T03:00:00","4","46.1666666","1.8666666","551.0","GUERET, FR","FM-12","99999","V020","240,1,N,0041,1","99999,9,9,N","999999,9,N,9","+0021,1","+0021,1","10157,1","06,0000,9,1",,,"4,000",,,,,,,,,,,,,,"99999,9,09492,1","1,1,007,1,+999,9",,"4,99,0108,1","SYN011333   91121",
"07360099999","1990-04-14T06:00:00","4","46.1666666","1.8666666","551.0","GUERET, FR","FM-12","99999","V020","260,1,N,0062,1","00480,1,C,N","008000,1,N,9","+0027,1","+0027,1","10170,1","03,0002,9,1","24,0062,9,1","99,0003,9,1","0,000",,,,,"03,1,+00180,9,07,9","05,1,+00480,9,08,9",,"06,99,1,06,1,02,1,00250,1,00,1,00,1","0354,9","09,9","999,+0010,9","999,N,+0021,1",,"99999,9,09506,1","3,1,014,1,+999,9",,"4,99,0129,1","SYN053333   20021 31001 55059 69927 70062 83706 85816 91125",
"07360099999","1990-04-14T21:00:00","4","46.1666666","1.8666666","551.0","GUERET, FR","FM-12","99999","V020","220,1,N,0082,1","99999,9,9,N","999999,9,N,9","+0064,1","+0017,1","10154,1","06,0000,9,1",,,"4,000",,,,,,,,,,,,,,"99999,9,09499,1","8,1,023,1,+999,9",,"4,99,0170,1","SYN011333   91133",
"07360099999","1990-04-15T06:00:00","4","46.1666666","1.8666666","551.0","GUERET, FR","FM-12","99999","V020","270,1,N,0072,1","00390,1,C,N","008000,1,N,9","+0050,1","+0050,1","10107,1","03,0100,9,1",,,"0,000",,,"4,1,06,1",,"02,1,+00150,9,07,9","05,1,+00390,9,05,9","08,1,+02400,9,04,9","08,99,1,06,1,05,1,00150,1,02,1,99,9",,"11,9","999,+0040,9","999,N,+0045,1",,"99999,9,09453,1","3,1,010,1,+999,9","21,1","4,99,0288,1","SYN053333   20045 32004 55/// 60107 82705 85613 88458 91156",
"07360099999","1990-04-15T09:00:00","4","46.1666666","1.8666666","551.0","GUERET, FR","FM-12","99999","V020","280,1,N,0082,1","00600,1,C,N","020000,1,N,9","+0061,1","+0034,1","10150,1","06,0000,9,1",,,"4,000",,,,,"06,1,+00600,9,08,9",,,"06,99,1,06,1,02,1,00800,1,00,1,00,1",,,,,,"99999,9,09495,1","1,1,042,1,+999,9",,"4,99,0160,1","SYN017333   86820 91131",
"07360099999","1990-04-16T12:00:00","4","46.1666666","1.8666666","551.0","GUERET, FR","FM-12","99999","V020","270,1,N,0051,1","01290,1,C,N","025000,1,N,9","+0087,1","+0035,1","10225,1","03,0002,9,1","06,0003,9,1",,"0,000",,,"8,1,06,1","2,1,06,1","04,1,+00780,9,08,9","05,1,+01290,9,05,9",,"06,99,1,06,1,08,1,00800,1,00,1,00,1",,,,,,"99999,9,09571,1","8,1,005,1,+999,9","01,1","4,99,0118,1","SYN029333   69927 84826 85643 91123",
"07360099999","1990-04-16T15:00:00","4","46.1666666","1.8666666","551.0","GUERET, FR","FM-12","99999","V020","250,1,N,0051,1","99999,9,9,N","999999,9,N,9","+0081,1","+0050,1","10218,1","03,0004,9,1","99,0005,9,1",,"0,000",,,,,,,,,,,,,,"99999,9,09563,1","6,1,008,1,+999,9",,"4,99,0129,1","SYN017333   69947 91125",
"07360099999","1990-04-17T09:00:00","4","46.1666666","1.8666666","551.0","GUERET, FR","FM-12","99999","V020","230,1,N,0031,1","03000,1,C,N","010000,1,N,9","+0058,1","+0038,1","10208,1","06,0000,9,1",,,"4,000",,,"8,1,03,1","2,1,03,1","04,1,+00180,9,08,9","08,1,+03000,9,04,9",,"08,99,1,04,1,02,1,00250,1,07,1,99,9",,,,,,"99999,9,09549,1","0,1,001,1,+999,9","02,1","4,99,0072,1","SYN023333   84806 88460 91114",
"07360099999","1990-04-17T12:00:00","4","46.1666666","1.8666666","551.0","GUERET, FR","FM-12","99999","V020","250,1,N,0041,1","02400,1,C,N","015000,1,N,9","+0066,1","+0052,1","10208,1","03,0010,9,1","06,0010,9,1",,"0,000",,,"8,1,06,1","2,1,06,1","03,1,+00390,9,08,9","08,1,+02400,9,04,9",,"08,99,1,03,1,02,1,00450,1,07,1,99,9",,,,,,"99999,9,09551,1","0,1,002,1,+999,9","02,1","4,99,0088,1","SYN029333   60017 83813 88458 91117",
"07360099999","1990-04-17T15:00:00","4","46.1666666","1.8666666","551.0","GUERET, FR","FM-12","99999","V020","290,1,N,0041,1","00390,1,C,N","010000,1,N,9","+0065,1","+0037,1","10209,1","03,0004,9,1","99,0005,9,1",,"0,000",,,"8,1,03,1","2,1,03,1","05,1,+00390,9,08,9","07,1,+00990,9,05,9",,"07,99,1,07,1,08,1,00450,1,99,9,99,9",,,,,,"99999,9,09551,1","5,1,000,1,+999,9","03,1","4,99,0129,1","SYN029333   69947 85813 87633 91125",
"07360099999","1990-04-17T18:00:00","4","46.1666666","1.8666666","551.0","GUERET, FR","FM-12","99999","V020","290,1,N,0031,1","99999,9,9,N","999999,9,N,9","+0038,1","+0017,1","10234,1","03,0002,9,1","99,0003,9,1",,"0,000",,,,,,,,,,,,"999,M,+0086,1",,"99999,9,09568,1","1,1,017,1,+999,9",,"4,99,0160,1","SYN023333   10086 69927 91131",
"07360099999","1990-04-18T00:00:00","4","46.1666666","1.8666666","551.0","GUERET, FR","FM-12","99999","V020","250,1,N,0062,1","99999,9,9,N","999999,9,N,9","+0019,1","+0018,1","10253,1","06,0000,9,1",,,"4,000",,,,,,,,,,,,,,"99999,9,09582,1","8,1,002,1,+999,9",,"4,99,0129,1","SYN011333   91125",
"07360099999","1990-04-18T03:00:00","4","46.1666666","1.8666666","551.0","GUERET, FR","FM-12","99999","V020","240,1,N,0051,1","99999,9,9,N","999999,9,N,9","+0023,1","+0023,1","10237,1","06,0000,9,1",,,"4,000",,,,,,,,,,,,,,"99999,9,09568,1","8,1,014,1,+999,9",,"4,99,0129,1","SYN011333   91125",
"07360099999","1990-04-18T06:00:00","4","46.1666666","1.8666666","551.0","GUERET, FR","FM-12","99999","V020","250,1,N,0051,1","00180,1,C,N","006000,1,N,9","+0024,1","+0024,1","10220,1","03,0002,9,1","24,0018,9,1","99,0003,9,1","0,000",,,,,"07,1,+00180,9,07,9",,,"07,99,1,07,1,07,1,00250,1,99,9,99,9","0258,9","09,9","999,+0010,9","999,N,+0017,1",,"99999,9,09552,1","6,1,016,1,+999,9","60,1","4,99,0129,1","SYN047333   20017 31001 55043 69927 70018 87706 91125",
"07360099999","1990-04-18T09:00:00","4","46.1666666","1.8666666","551.0","GUERET, FR","FM-12","99999","V020","270,1,N,0062,1","00090,1,C,N","004000,1,N,9","+0031,1","+0031,1","10211,1","03,0020,9,1",,,"0,001",,,"8,1,03,1","7,1,03,1","05,1,+00090,9,07,9","01,1,+00480,9,09,9","04,1,+00600,9,08,9","07,99,1,07,1,09,1,00150,1,99,9,99,9",,,,,,"99999,9,09545,1","6,1,007,1,+999,9","84,1","4,99,0139,1","SYN035333   60027 85703 81916 84820 91127",
"07360099999","1990-04-18T12:00:00","4","46.1666666","1.8666666","551.0","GUERET, FR","FM-12","99999","V020","350,1,N,0051,1","00690,1,C,N","020000,1,N,9","+0065,1","+0020,1","10203,1","03,0030,9,1","06,0030,9,1",,"0,000",,,"8,1,06,1","7,1,06,1","07,1,+00690,9,08,9",,,"07,99,1,07,1,02,1,00800,1,99,9,99,9",,,,,,"99999,9,09545,1","0,1,000,1,+999,9","25,1","4,99,0139,1","SYN023333   60037 87823 91127",
"07360099999","1990-04-18T15:00:00","4","46.1666666","1.8666666","551.0","GUERET, FR","FM-12","99999","V020","360,1,N,0041,1","00780,1,C,N","015000,1,N,9","+0059,1","+0014,1","10209,1","03,0002,9,1","99,0003,9,1",,"0,000",,,"8,1,03,1","7,1,03,1","07,1,+00780,9,08,9",,,"07,99,1,07,1,02,1,00800,1,99,9,99,9",,,,,,"99999,9,09550,1","3,1,005,1,+999,9","25,1","4,99,0160,1","SYN023333   69927 87826 91131",
"07360099999","1990-04-18T18:00:00","4","46.1666666","1.8666666","551.0","GUERET, FR","FM-12","99999","V020","260,1,N,0021,1","99999,9,9,N","999999,9,N,9","+0039,1","+0026,1","10223,1","03,0008,9,1","99,0010,9,1",,"0,000",,,"4,1,06,1",,,,,,,,,"999,M,+0091,1",,"99999,9,09558,1","0,1,008,1,+999,9","21,1","4,99,0160,1","SYN023333   10091 69987 91131",
"07360099999","1990-04-18T21:00:00","4","46.1666666","1.8666666","551.0","GUERET, FR","FM-12","99999","V020","260,1,N,0031,1","99999,9,9,N","999999,9,N,9","+0023,1","+0013,1","10233,1","06,0000,9,1",,,"4,000",,,,,,,,,,,,,,"99999,9,09564,1","0,1,006,1,+999,9",,"4,99,0062,1","SYN011333   91112",
"07360099999","1990-04-19T00:00:00","4","46.1666666","1.8666666","551.0","GUERET, FR","FM-12","99999","V020","260,1,N,0031,1","99999,9,9,N","999999,9,N,9","+0024,1","+0012,1","10228,1","06,0000,9,1",,,"4,000",,,,,,,,,,,,,,"99999,9,09559,1","8,1,005,1,+999,9",,"4,99,0062,1","SYN011333   91112",
"07360099999","1990-04-19T03:00:00","4","46.1666666","1.8666666","551.0","GUERET, FR","FM-12","99999","V020","230,1,N,0031,1","99999,9,9,N","999999,9,N,9","+0014,1","+0010,1","10200,1","06,0000,9,1",,,"4,000",,,,,,,,,,,,,,"99999,9,09531,1","7,1,028,1,+999,9",,"4,99,0072,1","SYN011333   91114",
"07360099999","1990-04-19T06:00:00","4","46.1666666","1.8666666","551.0","GUERET, FR","FM-12","99999","V020","230,1,N,0041,1","03000,1,C,N","009000,1,N,9","+0020,1","+0014,1","10187,1","06,0000,9,1","24,0056,9,1",,"4,000",,,,,"07,1,+03000,9,03,9",,,"07,99,1,07,1,00,1,99999,9,07,1,99,9","0630,9","09,9","999,-0010,9","999,N,+0007,1",,"99999,9,09520,1","8,1,011,1,+999,9",,"4,99,0098,1","SYN041333   20007 31101 55105 70056 87360 91119",
"07360099999","1990-04-19T09:00:00","4","46.1666666","1.8666666","551.0","GUERET, FR","FM-12","99999","V020","230,1,N,0062,1","00060,1,C,N","003000,1,N,9","+0041,1","+0041,1","10150,1","06,0000,9,1",,,"4,000",,,"2,1,03,1","2,1,03,1","07,1,+00060,9,07,9",,,"08,99,1,07,1,07,1,00075,1,99,9,99,9",,,,,,"99999,9,09491,1","7,1,029,1,+999,9","10,1","4,99,0160,1","SYN017333   87702 91131",
"07360099999","1990-04-19T12:00:00","4","46.1666666","1.8666666","551.0","GUERET, FR","FM-12","99999","V020","240,1,N,0062,1","00090,1,C,N","003000,1,N,9","+0054,1","+0054,1","10117,1","03,0004,9,1","06,0005,9,1",,"0,000",,,"8,1,06,1","5,1,06,1","06,1,+00090,9,07,9","08,1,+00480,9,05,9",,"08,99,1,08,1,05,1,00075,1,99,9,99,9",,,,,,"99999,9,09463,1","8,1,028,1,+999,9","25,1","4,99,0160,1","SYN029333   69947 86703 88616 91131",
"07360099999","1990-04-19T15:00:00","4","46.1666666","1.8666666","551.0","GUERET, FR","FM-12","99999","V020","260,1,N,0051,1","00480,1,C,N","006000,1,N,9","+0056,1","+0053,1","10094,1","03,0040,9,1",,,"0,000",,,"8,1,03,1","2,1,03,1","03,1,+00180,9,08,9","07,1,+00480,9,08,9",,"07,99,1,07,1,02,1,00250,1,99,9,99,9",,,,,,"99999,9,09442,1","6,1,021,1,+999,9","25,1","4,99,0149,1","SYN029333   60047 83806 87816 91129",
"07360099999","1990-04-19T18:00:00","4","46.1666666","1.8666666","551.0","GUERET, FR","FM-12","99999","V020","310,1,N,0051,1","99999,9,9,N","999999,9,N,9","+0028,1","+0028,1","10097,1","03,0010,9,1",,,"0,000",,,"4,1,06,1",,,,,,,,,"999,M,+0066,1",,"99999,9,09438,1","6,1,004,1,+999,9","41,1","4,99,0160,1","SYN023333   10066 60017 91131",
"07360099999","1990-04-19T21:00:00","4","46.1666666","1.8666666","551.0","GUERET, FR","FM-12","99999","V020","280,1,N,0051,1","99999,9,9,N","999999,9,N,9","+0019,1","+0019,1","10108,1","03,0010,9,1",,,"0,000",,,"4,1,03,1",,,,,,,,,,,"99999,9,09446,1","1,1,008,1,+999,9","21,1","4,99,0129,1","SYN017333   60017 91125",
"07360099999","1990-04-20T00:00:00","4","46.1666666","1.8666666","551.0","GUERET, FR","FM-12","99999","V020","250,1,N,0051,1","99999,9,9,N","999999,9,N,9","+0011,1","+0011,1","10098,1","06,0010,9,1",,,"0,000",,,,,,,,,,,,,,"99999,9,09435,1","8,1,011,1,+999,9",,"4,99,0129,1","SYN011333   91125",
"07360099999","1990-04-20T03:00:00","4","46.1666666","1.8666666","551.0","GUERET, FR","FM-12","99999","V020","240,1,N,0031,1","99999,9,9,N","999999,9,N,9","+0014,1","+0014,1","10078,1","06,0000,9,1",,,"4,000",,,,,,,,,,,,,,"99999,9,09417,1","6,1,018,1,+999,9",,"4,99,0088,1","SYN011333   91117",
"07360099999","1990-04-20T06:00:00","4","46.1666666","1.8666666","551.0","GUERET, FR","FM-12","99999","V020","240,1,N,0021,1","00090,1,C,N","001100,1,N,9","+0018,1","+0018,1","10070,1","03,0008,9,1","24,0076,9,1","99,0010,9,1","0,000",,,,,"08,1,+00090,9,07,9",,,"08,99,1,08,1,06,1,00150,1,99,9,99,9","0384,9","09,9","999,+0000,9","999,N,+0010,1",,"99999,9,09411,1","6,1,006,1,+999,9","28,1","4,99,0088,1","SYN047333   20010 31000 55064 69987 70076 88703 91117",
"07360099999","1990-04-20T12:00:00","4","46.1666666","1.8666666","551.0","GUERET, FR","FM-12","99999","V020","050,1,N,0021,1","00690,1,C,N","005000,1,N,9","+0054,1","+0034,1","10060,1","06,0000,9,1",,,"4,000",,,,,"07,1,+00690,9,08,9",,,"07,99,1,07,1,02,1,00800,1,99,9,99,9",,,,,,"99999,9,09410,1","3,1,003,1,+999,9",,"4,99,0082,1","SYN017333   87823 91116",
"07360099999","1990-04-20T15:00:00","4","46.1666666","1.8666666","551.0","GUERET, FR","FM-12","99999","V020","040,1,N,0031,1","01290,1,C,N","025000,1,N,9","+0088,1","+0034,1","10050,1","06,0000,9,1",,,"4,000",,,,,"04,1,+00900,9,08,9","04,1,+01290,9,05,9",,"06,99,1,06,1,08,1,00800,1,00,1,00,1",,,,,,"99999,9,09408,1","8,1,002,1,+999,9",,"4,99,0062,1","SYN023333   84830 84643 91112",
"07360099999","1990-04-20T18:00:00","4","46.1666666","1.8666666","551.0","GUERET, FR","FM-12","99999","V020","060,1,N,0031,1","99999,9,9,N","999999,9,N,9","+0063,1","+0022,1","10062,1","06,0000,9,1",,,"4,000",,,,,,,,,,,,"999,M,+0090,1",,"99999,9,09413,1","3,1,005,1,+999,9",,"4,99,0082,1","SYN017333   10090 91116",
"07360099999","1990-04-20T21:00:00","4","46.1666666","1.8666666","551.0","GUERET, FR","FM-12","99999","V020","070,1,N,0021,1","99999,9,9,N","999999,9,N,9","+0050,1","+0024,1","10077,1","06,0000,9,1",,,"4,000",,,,,,,,,,,,,,"99999,9,09425,1","1,1,012,1,+999,9",,"4,99,0062,1","SYN011333   91112",
"07360099999","1990-04-21T00:00:00","4","46.1666666","1.8666666","551.0","GUERET, FR","FM-12","99999","V020","060,1,N,0010,1","99999,9,9,N","999999,9,N,9","+0043,1","+0028,1","10080,1","06,0000,9,1",,,"4,000",,,,,,,,,,,,,,"99999,9,09425,1","5,1,000,1,+999,9",,"4,99,0062,1","SYN011333   91112",
"07360099999","1990-04-21T03:00:00","4","46.1666666","1.8666666","551.0","GUERET, FR","FM-12","99999","V020","070,1,N,0010,1","99999,9,9,N","999999,9,N,9","+0041,1","+0031,1","10077,1","06,0000,9,1",,,"4,000",,,,,,,,,,,,,,"99999,9,09422,1","6,1,003,1,+999,9",,"4,99,0031,1","SYN011333   91106",
"07360099999","1990-04-21T06:00:00","4","46.1666666","1.8666666","551.0","GUERET, FR","FM-12","99999","V020","999,1,C,0000,1","00090,1,C,N","004000,1,N,9","+0039,1","+0036,1","10082,1","06,0000,9,1",,,"4,000",,,,,"07,1,+00090,9,07,9",,,"08,99,1,08,1,07,1,00150,1,99,9,99,9","0378,9","09,9","999,+0030,9","999,N,+0037,1",,"99999,9,09427,1","2,1,005,1,+999,9","10,1","4,99,0031,1","SYN035333   20037 31003 55063 87703 91106",
"07360099999","1990-04-21T09:00:00","4","46.1666666","1.8666666","551.0","GUERET, FR","FM-12","99999","V020","030,1,N,0010,1","00600,1,C,N","003000,1,N,9","+0060,1","+0048,1","10080,1","06,0000,9,1",,,"4,000",,,"2,1,03,1","2,1,03,1","01,1,+00300,9,08,9","08,1,+00600,9,05,9",,"08,99,1,08,1,08,1,00450,1,99,9,99,9",,,,,,"99999,9,09430,1","2,1,003,1,+999,9","10,1","4,99,0031,1","SYN023333   81810 88620 91106",
"07360099999","1990-04-21T18:00:00","4","46.1666666","1.8666666","551.0","GUERET, FR","FM-12","99999","V020","320,1,N,0010,1","99999,9,9,N","999999,9,N,9","+0058,1","+0051,1","10083,1","03,0006,9,1","99,0005,9,1",,"0,000",,,,,,,,,,,,"999,M,+0076,1",,"99999,9,09432,1","5,1,004,1,+999,9",,"4,99,0062,1","SYN023333   10076 69967 91112",
"07360099999","1990-04-21T21:00:00","4","46.1666666","1.8666666","551.0","GUERET, FR","FM-12","99999","V020","210,1,N,0021,1","99999,9,9,N","999999,9,N,9","+0052,1","+0052,1","10090,1","06,0000,9,1",,,"4,000",,,,,,,,,,,,,,"99999,9,09437,1","0,1,005,1,+999,9",,"4,99,0051,1","SYN011333   91110",
"07360099999","1990-04-22T00:00:00","4","46.1666666","1.8666666","551.0","GUERET, FR","FM-12","99999","V020","250,1,N,0041,1","99999,9,9,N","999999,9,N,9","+0053,1","+0046,1","10085,1","06,0000,9,1",,,"4,000",,,,,,,,,,,,,,"99999,9,09433,1","7,1,004,1,+999,9",,"4,99,0072,1","SYN011333   91114",
"07360099999","1990-04-22T03:00:00","4","46.1666666","1.8666666","551.0","GUERET, FR","FM-12","99999","V020","230,1,N,0021,1","99999,9,9,N","999999,9,N,9","+0045,1","+0045,1","10080,1","06,0000,9,1",,,"4,000",,,,,,,,,,,,,,"99999,9,09426,1","6,1,007,1,+999,9",,"4,99,0072,1","SYN011333   91114",
"07360099999","1990-04-22T06:00:00","4","46.1666666","1.8666666","551.0","GUERET, FR","FM-12","99999","V020","230,1,N,0010,1","00780,1,C,N","001000,1,N,9","+0041,1","+0041,1","10084,1","06,0000,9,1","24,0034,9,1",,"4,000",,,"4,1,06,1",,"04,1,+00060,9,07,9","07,1,+00780,9,05,9",,"07,99,1,07,1,05,1,00075,1,99,9,99,9","0024,9","09,9","999,+0020,9","999,N,+0035,1",,"99999,9,09429,1","3,1,003,1,+999,9","10,1","4,99,0072,1","SYN047333   20035 31002 55004 70034 84702 87626 91114",
"07360099999","1990-04-22T09:00:00","4","46.1666666","1.8666666","551.0","GUERET, FR","FM-12","99999","V020","190,1,N,0010,1","00090,1,C,N","003000,1,N,9","+0073,1","+0066,1","10082,1","06,0000,9,1",,,"4,000",,,"2,1,03,1","2,1,03,1","06,1,+00090,9,08,9","07,1,+00990,9,05,9",,"08,99,1,08,1,08,1,00150,1,99,9,99,9",,,,,,"99999,9,09435,1","3,1,006,1,+999,9","10,1","4,99,0051,1","SYN023333   86803 87633 91110",
"07360099999","1990-04-22T18:00:00","4","46.1666666","1.8666666","551.0","GUERET, FR","FM-12","99999","V020","230,1,N,0021,1","99999,9,9,N","999999,9,N,9","+0058,1","+0055,1","10099,1","99,0050,9,1",,,"0,000",,,"4,1,06,1",,,,,,,,,,,"99999,9,09447,1","1,1,016,1,+999,9","21,1",,,
"07360099999","1990-04-22T21:00:00","4","46.1666666","1.8666666","551.0","GUERET, FR","FM-12","99999","V020","250,1,N,0031,1","99999,9,9,N","999999,9,N,9","+0057,1","+0054,1","10106,1","03,0030,9,1",,,"0,000",,,,,,,,,,,,,,"99999,9,09453,1","1,1,006,1,+999,9",,"4,99,0082,1","SYN017333   60037 91116",
"07360099999","1990-04-23T00:00:00","4","46.1666666","1.8666666","551.0","GUERET, FR","FM-12","99999","V020","260,1,N,0041,1","99999,9,9,N","999999,9,N,9","+0049,1","+0048,1","10102,1","06,0030,9,1",,,"0,000",,,,,,,,,,,,,,"99999,9,09448,1","6,1,005,1,+999,9",,"4,99,0082,1","SYN011333   91116",
"07360099999","1990-04-23T03:00:00","4","46.1666666","1.8666666","551.0","GUERET, FR","FM-12","99999","V020","260,1,N,0041,1","99999,9,9,N","999999,9,N,9","+0052,1","+0052,1","10093,1","06,0000,9,1",,,"4,000",,,,,,,,,,,,,,"99999,9,09440,1","6,1,008,1,+999,9",,"4,99,0088,1","SYN011333   91117",
"07360099999","1990-04-23T06:00:00","4","46.1666666","1.8666666","551.0","GUERET, FR","FM-12","99999","V020","250,1,N,0062,1","00150,1,C,N","005000,1,N,9","+0049,1","+0048,1","10095,1","24,0082,9,1","99,0030,9,1",,"0,000",,,,,"07,1,+00150,9,07,9",,,"08,99,1,07,1,06,1,00150,1,99,9,99,9","0156,9","09,9","999,+0030,9","999,N,+0045,1",,"99999,9,09441,1","3,1,001,1,+999,9",,"4,99,0118,1","SYN041333   20045 31003 55026 70082 87705 91123",
"07360099999","1990-04-23T09:00:00","4","46.1666666","1.8666666","551.0","GUERET, FR","FM-12","99999","V020","330,1,N,0010,1","00120,1,C,N","004000,1,N,9","+0055,1","+0055,1","10109,1","03,0050,9,1",,,"0,001",,,"9,1,03,1","4,1,03,1","07,1,+00120,9,07,9",,,"08,99,1,07,1,07,1,00150,1,99,9,99,9",,,,,,"99999,9,09456,1","2,1,015,1,+999,9","61,1","4,99,0129,1","SYN023333   60057 87704 91125",
"07360099999","1990-04-23T12:00:00","4","46.1666666","1.8666666","551.0","GUERET, FR","FM-12","99999","V020","250,1,N,0041,1","00780,1,C,N","006000,1,N,9","+0067,1","+0067,1","10111,1","03,0010,9,1","06,0010,9,1",,"0,000",,,"9,1,06,1","6,1,06,1","03,1,+00150,9,07,9","06,1,+00780,9,05,9","08,1,+03000,9,03,9","08,99,1,06,1,05,1,00150,1,07,1,99,9",,,,,,"99999,9,09461,1","3,1,005,1,+999,9","60,1","4,99,0129,1","SYN035333   60017 83705 86626 88360 91125",
"07360099999","1990-04-23T15:00:00","4","46.1666666","1.8666666","551.0","GUERET, FR","FM-12","99999","V020","240,1,N,0031,1","00480,1,C,N","006000,1,N,9","+0074,1","+0074,1","10110,1","03,0006,9,1","99,0005,9,1",,"0,001",,,"8,1,03,1","6,1,03,1","05,1,+00480,9,08,9","08,1,+03000,9,03,9",,"08,99,1,05,1,02,1,00450,1,07,1,99,9",,,,,,"99999,9,09461,1","0,1,000,1,+999,9","80,1","4,99,0082,1","SYN029333   69967 85816 88360 91116",
"07360099999","1990-04-23T18:00:00","4","46.1666666","1.8666666","551.0","GUERET, FR","FM-12","99999","V020","250,1,N,0021,1","99999,9,9,N","999999,9,N,9","+0077,1","+0076,1","10113,1","99,0070,9,1",,,"0,000",,,,,,,,,,,,"999,M,+0082,1",,"99999,9,09465,1","3,1,004,1,+999,9",,"4,99,0088,1","SYN017333   10082 91117",
"07360099999","1990-04-23T21:00:00","4","46.1666666","1.8666666","551.0","GUERET, FR","FM-12","99999","V020","230,1,N,0021,1","99999,9,9,N","999999,9,N,9","+0065,1","+0065,1","10128,1","06,0000,9,1",,,"4,000",,,,,,,,,,,,,,"99999,9,09476,1","3,1,011,1,+999,9",,"4,99,0062,1","SYN011333   91112",
"07360099999","1990-04-24T00:00:00","4","46.1666666","1.8666666","551.0","GUERET, FR","FM-12","99999","V020","240,1,N,0021,1","99999,9,9,N","999999,9,N,9","+0070,1","+0069,1","10125,1","06,0000,9,1",,,"4,000",,,,,,,,,,,,,,"99999,9,09474,1","7,1,002,1,+999,9",,"4,99,0062,1","SYN011333   91112",
"07360099999","1990-04-24T03:00:00","4","46.1666666","1.8666666","551.0","GUERET, FR","FM-12","99999","V020","220,1,N,0010,1","99999,9,9,N","999999,9,N,9","+0067,1","+0067,1","10117,1","06,0000,9,1",,,"4,000",,,,,,,,,,,,,,"99999,9,09466,1","6,1,008,1,+999,9",,"4,99,0072,1","SYN011333   91114",
"07360099999","1990-04-24T06:00:00","4","46.1666666","1.8666666","551.0","GUERET, FR","FM-12","99999","V020","340,1,N,0021,1","01200,1,C,N","006000,1,N,9","+0065,1","+0064,1","10123,1","06,0000,9,1","24,0068,9,1",,"4,000",,,,,"02,1,+00120,9,07,9","05,1,+01200,9,05,9","07,1,+03000,9,03,9","07,99,1,05,1,06,1,00150,1,99,9,99,9","0018,9","09,9","999,+0040,9","999,N,+0063,1",,"99999,9,09471,1","3,1,005,1,+999,9",,"4,99,0072,1","SYN053333   20063 31004 55003 70068 82704 85640 87360 91114",
"07360099999","1990-04-24T12:00:00","4","46.1666666","1.8666666","551.0","GUERET, FR","FM-12","99999","V020","300,1,N,0041,1","00690,1,C,N","015000,1,N,9","+0100,1","+0074,1","10133,1","06,0000,9,1",,,"4,000",,,,,"01,1,+00600,9,09,9","06,1,+00690,9,08,9",,"07,99,1,07,1,09,1,00800,1,99,9,99,9",,,,,,"99999,9,09488,1","3,1,005,1,+999,9",,"4,99,0082,1","SYN023333   81920 86823 91116",
"07360099999","1990-04-24T15:00:00","4","46.1666666","1.8666666","551.0","GUERET, FR","FM-12","99999","V020","350,1,N,0021,1","00690,1,C,N","015000,1,N,9","+0124,1","+0085,1","10126,1","03,0020,9,1",,,"0,000",,,"6,1,03,1","2,1,03,1","03,1,+00690,9,09,9","02,1,+00690,9,08,9","04,1,+02400,9,03,9","06,99,1,05,1,09,1,00800,1,07,1,00,1",,,,,,"99999,9,09488,1","0,1,000,1,+999,9","17,1","4,99,0082,1","SYN035333   60027 83923 82823 84358 91116",
"07360099999","1990-04-24T18:00:00","4","46.1666666","1.8666666","551.0","GUERET, FR","FM-12","99999","V020","270,1,N,0021,1","99999,9,9,N","999999,9,N,9","+0096,1","+0082,1","10143,1","03,0006,9,1","99,0005,9,1",,"0,000",,,,,,,,,,,,"999,M,+0126,1",,"99999,9,09497,1","3,1,009,1,+999,9",,"4,99,0082,1","SYN023333   10126 69967 91116",
"07360099999","1990-04-24T21:00:00","4","46.1666666","1.8666666","551.0","GUERET, FR","FM-12","99999","V020","240,1,N,0021,1","99999,9,9,N","999999,9,N,9","+0069,1","+0060,1","10169,1","03,0050,9,1",,,"0,000",,,"4,1,03,1",,,,,,,,,,,"99999,9,09515,1","0,1,018,1,+999,9","21,1","4,99,0088,1","SYN017333   60057 91117",
"07360099999","1990-04-25T03:00:00","4","46.1666666","1.8666666","551.0","GUERET, FR","FM-12","99999","V020","230,1,N,0031,1","99999,9,9,N","999999,9,N,9","+0053,1","+0053,1","10181,1","03,0002,9,1","99,0003,9,1",,"0,000",,,"4,1,03,1",,,,,,,,,,,"99999,9,09523,1","5,1,000,1,+999,9","21,1","4,99,0062,1","SYN017333   69927 91112",
"07360099999","1990-04-25T06:00:00","4","46.1666666","1.8666666","551.0","GUERET, FR","FM-12","99999","V020","270,1,N,0010,1","22000,1,C,N","002000,1,N,9","+0057,1","+0057,1","10186,1","24,0080,9,1","99,0050,9,1",,"0,000",,,,,"04,1,+03000,9,03,9",,,"04,99,1,04,1,00,1,99999,9,03,1,00,1","0198,9","09,9","999,+0020,9","999,N,+0049,1",,"99999,9,09528,1","3,1,005,1,+999,9","10,1","4,99,0062,1","SYN041333   20049 31002 55033 70080 84360 91112",
"07360099999","1990-04-25T09:00:00","4","46.1666666","1.8666666","551.0","GUERET, FR","FM-12","99999","V020","340,1,N,0010,1","00060,1,C,N","000200,1,N,9","+0062,1","+0062,1","10199,1","06,0000,9,1",,,"4,000",,,"4,1,03,1","1,1,03,1","09,1,+00060,9,03,9",,,"09,99,1,09,1,99,9,99999,9,99,9,99,9",,,,,,"99999,9,09541,1","3,1,013,1,+999,9","43,1","4,99,0031,1","SYN017333   89302 91106",
"07360099999","1990-04-25T12:00:00","4","46.1666666","1.8666666","551.0","GUERET, FR","FM-12","99999","V020","360,1,N,0031,1","06900,1,C,N","005000,1,N,9","+0109,1","+0085,1","10192,1","06,0000,9,1",,,"4,000",,,"4,1,06,1","1,1,06,1","04,1,+00390,9,08,9","06,1,+06900,9,00,9",,"07,99,1,04,1,02,1,00450,1,00,1,01,1",,,,,,"99999,9,09546,1","0,1,005,1,+999,9","02,1","4,99,0051,1","SYN023333   84813 86073 91110",
"07360099999","1990-04-25T15:00:00","4","46.1666666","1.8666666","551.0","GUERET, FR","FM-12","99999","V020","020,1,N,0031,1","00600,1,C,N","006000,1,N,9","+0119,1","+0078,1","10181,1","03,0002,9,1","99,0003,9,1",,"0,001",,,"8,1,03,1","2,1,03,1","03,1,+00390,9,08,9","06,1,+00600,9,09,9",,"07,99,1,07,1,03,1,00450,1,99,9,99,9",,,,,,"99999,9,09538,1","6,1,008,1,+999,9","80,1","4,99,0062,1","SYN029333   69927 83813 86920 91112",
"07360099999","1990-04-25T18:00:00","4","46.1666666","1.8666666","551.0","GUERET, FR","FM-12","99999","V020","180,1,N,0021,1","99999,9,9,N","999999,9,N,9","+0083,1","+0074,1","10197,1","03,0002,9,1","99,0003,9,1",,"0,000",,,,,,,,,,,,"999,M,+0139,1",,"99999,9,09545,1","3,1,007,1,+999,9",,"4,99,0190,1","SYN023333   10139 69927 91137",
"07360099999","1990-04-25T21:00:00","4","46.1666666","1.8666666","551.0","GUERET, FR","FM-12","99999","V020","290,1,N,0021,1","99999,9,9,N","999999,9,N,9","+0077,1","+0060,1","10215,1","03,0002,9,1","99,0003,9,1",,"0,000",,,,,,,,,,,,,,"99999,9,09560,1","1,1,015,1,+999,9",,"4,99,0041,1","SYN017333   69927 91108",
"07360099999","1990-04-26T00:00:00","4","46.1666666","1.8666666","551.0","GUERET, FR","FM-12","99999","V020","340,1,N,0010,1","99999,9,9,N","999999,9,N,9","+0070,1","+0070,1","10226,1","06,0003,9,1",,,"0,000",,,,,,,,,,,,,,"99999,9,09569,1","1,1,009,1,+999,9",,"4,99,0062,1","SYN011333   91112",
"07360099999","1990-04-26T03:00:00","4","46.1666666","1.8666666","551.0","GUERET, FR","FM-12","99999","V020","290,1,N,0021,1","99999,9,9,N","999999,9,N,9","+0069,1","+0055,1","10227,1","06,0000,9,1",,,"4,000",,,,,,,,,,,,,,"99999,9,09569,1","5,1,000,1,+999,9",,"4,99,0031,1","SYN011333   91106",
"07360099999","1990-04-26T06:00:00","4","46.1666666","1.8666666","551.0","GUERET, FR","FM-12","99999","V020","290,1,N,0021,1","99999,9,9,N","999999,9,N,9","+0073,1","+0062,1","10232,1","24,0006,9,1","99,0003,9,1",,"0,000",,,,,,,,,"0258,9",,"999,+0040,9","999,N,+0068,1",,"99999,9,09575,1","3,1,006,1,+999,9",,"4,99,0041,1","SYN035333   20068 3/004 55043 70006 91108",
"07360099999","1990-04-26T09:00:00","4","46.1666666","1.8666666","551.0","GUERET, FR","FM-12","99999","V020","010,1,N,0010,1","99999,9,9,N","999999,9,N,9","+0117,1","+0080,1","10234,1","06,0000,9,1",,,"4,000",,,,,,,,,,,,,,"99999,9,09587,1","3,1,012,1,+999,9",,"4,99,0041,1","SYN011333   91108",
"07360099999","1990-04-26T12:00:00","4","46.1666666","1.8666666","551.0","GUERET, FR","FM-12","99999","V020","350,1,N,0031,1","99999,9,9,N","999999,9,N,9","+0149,1","+0070,1","10226,1","06,0000,9,1",,,"4,000",,,,,,,,,,,,,,"99999,9,09586,1","8,1,001,1,+999,9",,"4,99,0082,1","SYN011333   91116",
"07360099999","1990-04-26T15:00:00","4","46.1666666","1.8666666","551.0","GUERET, FR","FM-12","99999","V020","320,1,N,0021,1","99999,9,9,N","999999,9,N,9","+0157,1","+0018,1","10218,1","06,0000,9,1",,,"4,000",,,,,,,,,,,,,,"99999,9,09579,1","8,1,007,1,+999,9",,"4,99,0082,1","SYN011333   91116",
"07360099999","1990-04-26T18:00:00","4","46.1666666","1.8666666","551.0","GUERET, FR","FM-12","99999","V020","310,1,N,0031,1","99999,9,9,N","999999,9,N,9","+0135,1","+0033,1","10221,1","06,0000,9,1",,,"4,000",,,,,,,,,,,,"999,M,+0169,1",,"99999,9,09578,1","6,1,001,1,+999,9",,"4,99,0082,1","SYN017333   10169 91116",
"07360099999","1990-04-26T21:00:00","4","46.1666666","1.8666666","551.0","GUERET, FR","FM-12","99999","V020","260,1,N,0031,1","99999,9,9,N","999999,9,N,9","+0095,1","+0026,1","10241,1","06,0000,9,1",,,"4,000",,,,,,,,,,,,,,"99999,9,09588,1","2,1,010,1,+999,9",,"4,99,0051,1","SYN011333   91110",
"07360099999","1990-04-27T00:00:00","4","46.1666666","1.8666666","551.0","GUERET, FR","FM-12","99999","V020","260,1,N,0041,1","99999,9,9,N","999999,9,N,9","+0090,1","+0048,1","10244,1","06,0000,9,1",,,"4,000",,,,,,,,,,,,,,"99999,9,09590,1","1,1,002,1,+999,9",,"4,99,0082,1","SYN011333   91116",
"07360099999","1990-04-27T06:00:00","4","46.1666666","1.8666666","551.0","GUERET, FR","FM-12","99999","V020","260,1,N,0031,1","02700,1,C,N","005000,1,N,9","+0076,1","+0049,1","10254,1","06,0000,9,1",,,"4,000",,,,,"06,1,+02700,9,03,9",,,"06,99,1,06,1,00,1,99999,9,03,1,00,1","0630,9","01,9","999,+0050,9","999,N,+0070,1",,"99999,9,09596,1","3,1,006,1,+999,9",,"4,99,0072,1","SYN035333   20070 30005 55105 86359 91114",
"07360099999","1990-04-27T12:00:00","4","46.1666666","1.8666666","551.0","GUERET, FR","FM-12","99999","V020","260,1,N,0031,1","22000,1,C,N","025000,1,N,9","+0156,1","+0014,1","10246,1","06,0000,9,1",,,"4,000",,,,,,,,"00,99,1,00,1,00,1,99999,9,00,1,00,1",,,,,,"99999,9,09606,1","1,1,002,1,+999,9",,"4,99,0098,1","SYN011333   91119",
"07360099999","1990-04-27T15:00:00","4","46.1666666","1.8666666","551.0","GUERET, FR","FM-12","99999","V020","290,1,N,0031,1","22000,1,C,N","020000,1,N,9","+0171,1","+0011,1","10237,1","06,0000,9,1",,,"4,000",,,,,"01,1,+01500,9,08,9",,,"01,99,1,01,1,01,1,01750,1,00,1,00,1",,,,,,"99999,9,09601,1","8,1,005,1,+999,9",,"4,99,0098,1","SYN017333   81850 91119",
"07360099999","1990-04-27T18:00:00","4","46.1666666","1.8666666","551.0","GUERET, FR","FM-12","99999","V020","340,1,N,0031,1","99999,9,9,N","999999,9,N,9","+0140,1","+0040,1","10247,1","06,0000,9,1",,,"4,000",,,,,,,,,,,,"999,M,+0173,1",,"99999,9,09603,1","1,1,002,1,+999,9",,"4,99,0098,1","SYN017333   10173 91119",
"07360099999","1990-04-27T21:00:00","4","46.1666666","1.8666666","551.0","GUERET, FR","FM-12","99999","V020","340,1,N,0021,1","99999,9,9,N","999999,9,N,9","+0102,1","+0060,1","10262,1","06,0000,9,1",,,"4,000",,,,,,,,,,,,,,"99999,9,09610,1","3,1,007,1,+999,9",,"4,99,0062,1","SYN011333   91112",
"07360099999","1990-04-28T00:00:00","4","46.1666666","1.8666666","551.0","GUERET, FR","FM-12","99999","V020","100,1,N,0021,1","99999,9,9,N","999999,9,N,9","+0090,1","+0081,1","10271,1","06,0000,9,1",,,"4,000",,,,,,,,,,,,,,"99999,9,09616,1","1,1,006,1,+999,9",,"4,99,0062,1","SYN011333   91112",
"07360099999","1990-04-28T03:00:00","4","46.1666666","1.8666666","551.0","GUERET, FR","FM-12","99999","V020","100,1,N,0031,1","99999,9,9,N","999999,9,N,9","+0083,1","+0075,1","10262,1","06,0000,9,1",,,"4,000",,,,,,,,,,,,,,"99999,9,09606,1","6,1,010,1,+999,9",,"4,99,0041,1","SYN011333   91108",
"07360099999","1990-04-28T06:00:00","4","46.1666666","1.8666666","551.0","GUERET, FR","FM-12","99999","V020","100,1,N,0031,1","22000,1,C,N","003000,1,N,9","+0085,1","+0082,1","10258,1","06,0000,9,1",,,"4,000",,,,,,,,"00,99,1,00,1,00,1,99999,9,00,1,00,1","0624,9","01,9","999,+0040,9","999,N,+0051,1",,"99999,9,09603,1","7,1,003,1,+999,9","10,1","4,99,0051,1","SYN029333   20051 30004 55104 91110",
"07360099999","1990-04-28T15:00:00","4","46.1666666","1.8666666","551.0","GUERET, FR","FM-12","99999","V020","050,1,N,0041,1","99999,9,9,N","999999,9,N,9","+0156,1","+0086,1","10230,1","03,0002,9,1","99,0003,9,1",,"0,000",,,,,,,,,,,,,,"99999,9,09592,1","8,1,015,1,+999,9",,"4,99,0098,1","SYN017333   69927 91119",
"07360099999","1990-04-28T18:00:00","4","46.1666666","1.8666666","551.0","GUERET, FR","FM-12","99999","V020","040,1,N,0041,1","99999,9,9,N","999999,9,N,9","+0139,1","+0074,1","10231,1","99,0003,9,1",,,"0,000",,,,,,,,,,,,,,"99999,9,09589,1","6,1,003,1,+999,9",,,,
"07360099999","1990-04-28T21:00:00","4","46.1666666","1.8666666","551.0","GUERET, FR","FM-12","99999","V020","050,1,N,0031,1","99999,9,9,N","999999,9,N,9","+0095,1","+0049,1","10243,1","06,0000,9,1",,,"4,000",,,,,,,,,,,,,,"99999,9,09590,1","0,1,001,1,+999,9",,"4,99,0088,1","SYN011333   91117",
"07360099999","1990-04-29T00:00:00","4","46.1666666","1.8666666","551.0","GUERET, FR","FM-12","99999","V020","090,1,N,0021,1","99999,9,9,N","999999,9,N,9","+0071,1","+0039,1","10246,1","06,0000,9,1",,,"4,000",,,,,,,,,,,,,,"99999,9,09587,1","8,1,003,1,+999,9",,"4,99,0088,1","SYN011333   91117",
"07360099999","1990-04-29T03:00:00","4","46.1666666","1.8666666","551.0","GUERET, FR","FM-12","99999","V020","100,1,N,0031,1","99999,9,9,N","999999,9,N,9","+0055,1","+0037,1","10242,1","06,0000,9,1",,,"4,000",,,,,,,,,,,,,,"99999,9,09580,1","8,1,007,1,+999,9",,"4,99,0062,1","SYN011333   91112",
"07360099999","1990-04-29T06:00:00","4","46.1666666","1.8666666","551.0","GUERET, FR","FM-12","99999","V020","070,1,N,0031,1","22000,1,C,N","005000,1,N,9","+0061,1","+0038,1","10238,1","06,0000,9,1","24,0002,9,1",,"4,000",,,,,,,,"00,99,1,00,1,00,1,99999,9,00,1,00,1","0426,9","01,9","999,+0030,9","999,N,+0052,1",,"99999,9,09577,1","5,1,003,1,+999,9",,"4,99,0098,1","SYN035333   20052 30003 55071 70002 91119",
"07360099999","1990-04-29T09:00:00","4","46.1666666","1.8666666","551.0","GUERET, FR","FM-12","99999","V020","070,1,N,0041,1","22000,1,C,N","006000,1,N,9","+0130,1","+0066,1","10226,1","06,0000,9,1",,,"4,000",,,,,,,,"00,99,1,00,1,00,1,99999,9,00,1,00,1",,,,,,"99999,9,09582,1","3,1,005,1,+999,9",,,,
"07360099999","1990-04-29T12:00:00","4","46.1666666","1.8666666","551.0","GUERET, FR","FM-12","99999","V020","060,1,N,0041,1","22000,1,C,N","015000,1,N,9","+0169,1","+0058,1","10209,1","06,0000,9,1",,,"4,000",,,,,,,,"00,99,1,00,1,00,1,99999,9,00,1,00,1",,,,,,"99999,9,09574,1","8,1,008,1,+999,9",,"4,99,0098,1","SYN011333   91119",
"07360099999","1990-04-29T15:00:00","4","46.1666666","1.8666666","551.0","GUERET, FR","FM-12","99999","V020","060,1,N,0041,1","99999,9,9,N","999999,9,N,9","+0187,1","+0065,1","10191,1","06,0000,9,1",,,"4,000",,,,,,,,,,,,,,"99999,9,09561,1","8,1,013,1,+999,9",,"4,99,0098,1","SYN011333   91119",
"07360099999","1990-04-29T18:00:00","4","46.1666666","1.8666666","551.0","GUERET, FR","FM-12","99999","V020","060,1,N,0041,1","99999,9,9,N","999999,9,N,9","+0162,1","+0061,1","10196,1","06,0000,9,1",,,"4,000",,,,,,,,,,,,"999,M,+0189,1",,"99999,9,09560,1","5,1,001,1,+999,9",,"4,99,0108,1","SYN017333   10189 91121",
"07360099999","1990-04-29T21:00:00","4","46.1666666","1.8666666","551.0","GUERET, FR","FM-12","99999","V020","060,1,N,0021,1","99999,9,9,N","999999,9,N,9","+0132,1","+0065,1","10210,1","06,0000,9,1",,,"4,000",,,,,,,,,,,,,,"99999,9,09568,1","2,1,008,1,+999,9",,"4,99,0082,1","SYN011333   91116",
"07360099999","1990-04-30T00:00:00","4","46.1666666","1.8666666","551.0","GUERET, FR","FM-12","99999","V020","100,1,N,0041,1","99999,9,9,N","999999,9,N,9","+0115,1","+0058,1","10217,1","06,0000,9,1",,,"4,000",,,,,,,,,,,,,,"99999,9,09570,1","1,1,002,1,+999,9",,"4,99,0082,1","SYN011333   91116",
"07360099999","1990-04-30T03:00:00","4","46.1666666","1.8666666","551.0","GUERET, FR","FM-12","99999","V020","120,1,N,0021,1","99999,9,9,N","999999,9,N,9","+0114,1","+0044,1","10218,1","06,0000,9,1",,,"4,000",,,,,,,,,,,,,,"99999,9,09571,1","2,1,001,1,+999,9",,"4,99,0082,1","SYN011333   91116",
"07360099999","1990-04-30T06:00:00","4","46.1666666","1.8666666","551.0","GUERET, FR","FM-12","99999","V020","110,1,N,0021,1","22000,1,C,N","020000,1,N,9","+0119,1","+0049,1","10224,1","06,0000,9,1",,,"4,000",,,,,,,,"00,99,1,00,1,00,1,99999,9,00,1,00,1","0786,9","01,9","999,+0070,9","999,N,+0104,1",,"99999,9,09577,1","3,1,006,1,+999,9",,"4,99,0082,1","SYN029333   20104 30007 55131 91116",
"07360099999","1990-04-30T09:00:00","4","46.1666666","1.8666666","551.0","GUERET, FR","FM-12","99999","V020","030,1,N,0021,1","22000,1,C,N","015000,1,N,9","+0177,1","+0091,1","10216,1","06,0000,9,1",,,"4,000",,,,,"01,1,+00600,9,08,9",,,"01,99,1,01,1,02,1,00800,1,00,1,00,1",,,,,,"99999,9,09583,1","2,1,006,1,+999,9",,"4,99,0041,1","SYN017333   81820 91108",
"07360099999","1990-04-30T12:00:00","4","46.1666666","1.8666666","551.0","GUERET, FR","FM-12","99999","V020","040,1,N,0031,1","22000,1,C,N","015000,1,N,9","+0219,1","+0081,1","10206,1","06,0000,9,1",,,"4,000",,,,,"04,1,+01200,9,08,9",,,"04,99,1,04,1,02,1,01250,1,00,1,00,1",,,,,,"99999,9,09582,1","8,1,001,1,+999,9",,"4,99,0072,1","SYN017333   84840 91114",
"07360099999","1990-04-30T15:00:00","4","46.1666666","1.8666666","551.0","GUERET, FR","FM-12","99999","V020","040,1,N,0031,1","22000,1,C,N","015000,1,N,9","+0217,1","+0089,1","10201,1","06,0000,9,1",,,"4,000",,,,,"01,1,+01200,9,08,9",,,"01,99,1,01,1,02,1,01250,1,00,1,00,1",,,,,,"99999,9,09577,1","8,1,005,1,+999,9",,"4,99,0088,1","SYN017333   81840 91117",
"07360099999","1990-04-30T18:00:00","4","46.1666666","1.8666666","551.0","GUERET, FR","FM-12","99999","V020","050,1,N,0031,1","99999,9,9,N","999999,9,N,9","+0188,1","+0085,1","10211,1","06,0000,9,1",,,"4,000",,,,,,,,,,,,"999,M,+0226,1",,"99999,9,09581,1","3,1,004,1,+999,9",,"4,99,0088,1","SYN017333   10226 91117",
"07360099999","1990-04-30T21:00:00","4","46.1666666","1.8666666","551.0","GUERET, FR","FM-12","99999","V020","080,1,N,0031,1","99999,9,9,N","999999,9,N,9","+0162,1","+0089,1","10230,1","06,0000,9,1",,,"4,000",,,,,,,,,,,,,,"99999,9,09593,1","1,1,012,1,+999,9",,"4,99,0062,1","SYN011333   91112",
"07360099999","1990-05-01T00:00:00","4","46.1666666","1.8666666","551.0","GUERET, FR","FM-12","99999","V020","110,1,N,0031,1","99999,9,9,N","999999,9,N,9","+0152,1","+0087,1","10237,1","06,0000,9,1",,,"4,000",,,,,,,,,,,,,,"99999,9,09597,1","0,1,004,1,+999,9",,"4,99,0062,1","SYN011333   91112",
"07360099999","1990-05-01T03:00:00","4","46.1666666","1.8666666","551.0","GUERET, FR","FM-12","99999","V020","120,1,N,0010,1","99999,9,9,N","999999,9,N,9","+0136,1","+0084,1","10238,1","06,0000,9,1",,,"4,000",,,,,,,,,,,,,,"99999,9,09595,1","6,1,002,1,+999,9",,"4,99,0051,1","SYN011333   91110",
"07360099999","1990-05-01T06:00:00","4","46.1666666","1.8666666","551.0","GUERET, FR","FM-12","99999","V020","999,1,C,0000,1","22000,1,C,N","008000,1,N,9","+0140,1","+0090,1","10243,1","06,0000,9,1",,,"4,000",,,,,,,,"00,99,1,00,1,00,1,99999,9,00,1,00,1","0732,9","01,9","999,+0070,9","999,N,+0125,1",,"99999,9,09601,1","3,1,006,1,+999,9",,"4,99,0051,1","SYN029333   20125 30007 55122 91110",
"07360099999","1990-05-01T12:00:00","4","46.1666666","1.8666666","551.0","GUERET, FR","FM-12","99999","V020","030,1,N,0021,1","22000,1,C,N","020000,1,N,9","+0229,1","+0090,1","10227,1","06,0000,9,1",,,"4,000",,,,,"01,1,+01200,9,08,9",,,"01,99,1,01,1,02,1,01250,1,00,1,00,1",,,,,,"99999,9,09604,1","4,1,000,1,+999,9",,"4,99,0062,1","SYN017333   81840 91112",
"07360099999","1990-05-01T15:00:00","4","46.1666666","1.8666666","551.0","GUERET, FR","FM-12","99999","V020","030,1,N,0031,1","99999,9,9,N","999999,9,N,9","+0234,1","+0105,1","10219,1","06,0000,9,1",,,"4,000",,,,,,,,,,,,,,"99999,9,09598,1","8,1,006,1,+999,9",,"4,99,0072,1","SYN011333   91114",
"07360099999","1990-05-01T18:00:00","4","46.1666666","1.8666666","551.0","GUERET, FR","FM-12","99999","V020","050,1,N,0021,1","99999,9,9,N","999999,9,N,9","+0192,1","+0110,1","10235,1","06,0000,9,1",,,"4,000",,,,,,,,,,,,"999,M,+0237,1",,"99999,9,09604,1","1,1,006,1,+999,9",,"4,99,0072,1","SYN017333   10237 91114",
"07360099999","1990-05-01T21:00:00","4","46.1666666","1.8666666","551.0","GUERET, FR","FM-12","99999","V020","080,1,N,0021,1","99999,9,9,N","999999,9,N,9","+0173,1","+0104,1","10254,1","06,0000,9,1",,,"4,000",,,,,,,,,,,,,,"99999,9,09618,1","1,1,014,1,+999,9",,"4,99,0051,1","SYN011333   91110",
"07360099999","1990-05-02T00:00:00","4","46.1666666","1.8666666","551.0","GUERET, FR","FM-12","99999","V020","110,1,N,0031,1","99999,9,9,N","999999,9,N,9","+0165,1","+0094,1","10257,1","06,0000,9,1",,,"4,000",,,,,,,,,,,,,,"99999,9,09619,1","0,1,001,1,+999,9",,"4,99,0062,1","SYN011333   91112",
"07360099999","1990-05-02T03:00:00","4","46.1666666","1.8666666","551.0","GUERET, FR","FM-12","99999","V020","140,1,N,0021,1","99999,9,9,N","999999,9,N,9","+0154,1","+0089,1","10253,1","06,0000,9,1",,,"4,000",,,,,,,,,,,,,,"99999,9,09613,1","8,1,006,1,+999,9",,"4,99,0031,1","SYN011333   91106",
"07360099999","1990-05-02T06:00:00","4","46.1666666","1.8666666","551.0","GUERET, FR","FM-12","99999","V020","999,1,C,0000,1","22000,1,C,N","025000,1,N,9","+0165,1","+0080,1","10258,1","06,0000,9,1",,,"4,000",,,,,,,,"00,99,1,00,1,00,1,99999,9,00,1,00,1","0624,9","01,9","999,+0090,9","999,N,+0148,1",,"99999,9,09620,1","2,1,007,1,+999,9",,"4,99,0031,1","SYN029333   20148 30009 55104 91106",
"07360099999","1990-05-02T09:00:00","4","46.1666666","1.8666666","551.0","GUERET, FR","FM-12","99999","V020","020,1,N,0010,1","22000,1,C,N","020000,1,N,9","+0212,1","+0098,1","10251,1","06,0000,9,1",,,"4,000",,,,,,,,"00,99,1,00,1,00,1,99999,9,00,1,00,1",,,,,,"99999,9,09624,1","3,1,004,1,+999,9",,"4,99,0031,1","SYN011333   91106",
"07360099999","1990-05-02T12:00:00","4","46.1666666","1.8666666","551.0","GUERET, FR","FM-12","99999","V020","060,1,N,0021,1","22000,1,C,N","030000,1,N,9","+0244,1","+0110,1","10244,1","06,0000,9,1",,,"4,000",,,,,"02,1,+01290,9,08,9",,,"02,99,1,02,1,02,1,01250,1,00,1,00,1",,,,,,"99999,9,09623,1","8,1,001,1,+999,9",,"4,99,0062,1","SYN017333   82843 91112",
"07360099999","1990-05-02T15:00:00","4","46.1666666","1.8666666","551.0","GUERET, FR","FM-12","99999","V020","010,1,N,0031,1","22000,1,C,N","030000,1,N,9","+0235,1","+0099,1","10241,1","06,0000,9,1",,,"4,000",,,,,"04,1,+01290,9,08,9",,,"04,99,1,04,1,02,1,01250,1,00,1,00,1",,,,,,"99999,9,09619,1","6,1,004,1,+999,9",,"4,99,0072,1","SYN017333   84843 91114",
"07360099999","1990-05-02T21:00:00","4","46.1666666","1.8666666","551.0","GUERET, FR","FM-12","99999","V020","020,1,N,0021,1","99999,9,9,N","999999,9,N,9","+0177,1","+0096,1","10262,1","06,0000,9,1",,,"4,000",,,,,,,,,,,,,,"99999,9,09626,1","1,1,007,1,+999,9",,"4,99,0051,1","SYN011333   91110",
"07360099999","1990-05-03T00:00:00","4","46.1666666","1.8666666","551.0","GUERET, FR","FM-12","99999","V020","120,1,N,0021,1","99999,9,9,N","999999,9,N,9","+0174,1","+0098,1","10257,1","06,0000,9,1",,,"4,000",,,,,,,,,,,,,,"99999,9,09621,1","6,1,005,1,+999,9",,"4,99,0051,1","SYN011333   91110",
"07360099999","1990-05-03T03:00:00","4","46.1666666","1.8666666","551.0","GUERET, FR","FM-12","99999","V020","210,1,N,0021,1","99999,9,9,N","999999,9,N,9","+0162,1","+0101,1","10255,1","06,0000,9,1",,,"4,000",,,,,,,,,,,,,,"99999,9,09617,1","5,1,004,1,+999,9",,"4,99,0031,1","SYN011333   91106",
"07360099999","1990-05-03T06:00:00","4","46.1666666","1.8666666","551.0","GUERET, FR","FM-12","99999","V020","250,1,N,0041,1","22000,1,C,N","020000,1,N,9","+0159,1","+0082,1","10256,1","06,0000,9,1",,,"4,000",,,,,,,,"00,99,1,00,1,00,1,99999,9,00,1,00,1","0570,9","01,9","999,+0100,9","999,N,+0149,1",,"99999,9,09616,1","5,1,001,1,+999,9",,"4,99,0072,1","SYN029333   20149 30010 55095 91114",
"07360099999","1990-05-03T09:00:00","4","46.1666666","1.8666666","551.0","GUERET, FR","FM-12","99999","V020","320,1,N,0021,1","22000,1,C,N","025000,1,N,9","+0214,1","+0114,1","10238,1","06,0000,9,1",,,"4,000",,,,,"02,1,+03900,9,03,9",,,"02,99,1,02,1,00,1,99999,9,08,1,00,1",,,,,,"99999,9,09612,1","8,1,004,1,+999,9",,"4,99,0072,1","SYN017333   82363 91114",
"07360099999","1990-05-03T12:00:00","4","46.1666666","1.8666666","551.0","GUERET, FR","FM-12","99999","V020","250,1,N,0010,1","22000,1,C,N","030000,1,N,9","+0240,1","+0126,1","10217,1","06,0000,9,1",,,"4,000",,,,,"03,1,+01500,9,08,9",,,"03,99,1,03,1,02,1,01750,1,00,1,00,1",,,,,,"99999,9,09598,1","8,1,014,1,+999,9",,"4,99,0072,1","SYN017333   83850 91114",
"07360099999","1990-05-03T15:00:00","4","46.1666666","1.8666666","551.0","GUERET, FR","FM-12","99999","V020","350,1,N,0031,1","22000,1,C,N","030000,1,N,9","+0252,1","+0124,1","10195,1","06,0000,9,1",,,"4,000",,,,,"03,1,+01500,9,08,9",,,"03,99,1,03,1,02,1,01750,1,00,1,00,1",,,,,,"99999,9,09580,1","8,1,018,1,+999,9",,"4,99,0082,1","SYN017333   83850 91116",
"07360099999","1990-05-03T18:00:00","4","46.1666666","1.8666666","551.0","GUERET, FR","FM-12","99999","V020","230,1,N,0041,1","99999,9,9,N","999999,9,N,9","+0184,1","+0126,1","10207,1","06,0000,9,1",,,"4,000",,,,,,,,,,,,"999,M,+0255,1",,"99999,9,09577,1","6,1,003,1,+999,9",,"4,99,0108,1","SYN017333   10255 91121",
"07360099999","1990-05-03T21:00:00","4","46.1666666","1.8666666","551.0","GUERET, FR","FM-12","99999","V020","220,1,N,0041,1","99999,9,9,N","999999,9,N,9","+0156,1","+0114,1","10220,1","03,0020,9,1",,,"0,000",,,,,,,,,,,,,,"99999,9,09582,1","0,1,005,1,+999,9",,"4,99,0108,1","SYN017333   60027 91121",
"07360099999","1990-05-04T00:00:00","4","46.1666666","1.8666666","551.0","GUERET, FR","FM-12","99999","V020","320,1,N,0021,1","99999,9,9,N","999999,9,N,9","+0150,1","+0098,1","10219,1","06,0020,9,1",,,"0,000",,,,,,,,,,,,,,"99999,9,09580,1","8,1,002,1,+999,9",,"4,99,0108,1","SYN011333   91121",
"07360099999","1990-05-04T03:00:00","4","46.1666666","1.8666666","551.0","GUERET, FR","FM-12","99999","V020","210,1,N,0031,1","99999,9,9,N","999999,9,N,9","+0142,1","+0094,1","10212,1","06,0000,9,1",,,"4,000",,,,,,,,,,,,,,"99999,9,09572,1","6,1,008,1,+999,9",,"4,99,0082,1","SYN011333   91116",
"07360099999","1990-05-04T06:00:00","4","46.1666666","1.8666666","551.0","GUERET, FR","FM-12","99999","V020","230,1,N,0010,1","22000,1,C,N","015000,1,N,9","+0153,1","+0090,1","10212,1","24,0018,9,1",,,"0,000",,,,,"02,1,+07800,9,00,9",,,"02,99,1,00,1,00,1,99999,9,00,1,02,1","0660,9","09,9","999,+0100,9","999,N,+0137,1",,"99999,9,09574,1","2,1,002,1,+999,9",,"4,99,0082,1","SYN041333   20137 31010 55110 70018 82076 91116",
"07360099999","1990-05-04T09:00:00","4","46.1666666","1.8666666","551.0","GUERET, FR","FM-12","99999","V020","320,1,N,0010,1","22000,1,C,N","025000,1,N,9","+0201,1","+0116,1","10204,1","06,0000,9,1",,,"4,000",,,,,,,,"00,99,1,00,1,00,1,99999,9,00,1,00,1",,,,,,"99999,9,09577,1","2,1,003,1,+999,9",,"4,99,0051,1","SYN011333   91110",
"07360099999","1990-05-04T15:00:00","4","46.1666666","1.8666666","551.0","GUERET, FR","FM-12","99999","V020","230,1,N,0031,1","01500,1,C,N","030000,1,N,9","+0216,1","+0104,1","10174,1","06,0000,9,1",,,"4,001",,,"9,1,03,1","1,1,03,1","02,1,+01380,9,09,9","04,1,+01500,9,08,9",,"06,99,1,06,1,09,1,01250,1,00,1,00,1",,,,,,"99999,9,09552,1","8,1,014,1,+999,9","29,1","4,99,0072,1","SYN023333   82946 84850 91114",
"07360099999","1990-05-04T18:00:00","4","46.1666666","1.8666666","551.0","GUERET, FR","FM-12","99999","V020","290,1,N,0041,1","99999,9,9,N","999999,9,N,9","+0158,1","+0129,1","10185,1","03,0040,9,1",,,"0,000",,,"4,1,06,1",,,,,,,,,"999,M,+0246,1",,"99999,9,09551,1","8,1,001,1,+999,9","21,1","4,99,0309,1","SYN023333   10246 60047 91160",
"07360099999","1990-05-07T15:00:00","4","46.1666666","1.8666666","551.0","GUERET, FR","FM-12","99999","V020","260,1,N,0010,1","22000,1,C,N","025000,1,N,9","+0201,1","+0126,1","10140,1",,,,"2,000",,,,,"01,1,+00990,9,09,9","02,1,+00990,9,08,9","04,1,+07800,9,00,9","04,99,1,03,1,03,1,01250,1,00,1,02,1",,,,,,"99999,9,09517,1","2,1,020,1,+999,9",,,"SYN023333   81933 82833 84076",
"07360099999","1990-05-07T18:00:00","4","46.1666666","1.8666666","551.0","GUERET, FR","FM-12","99999","V020","030,1,N,0031,1","99999,9,9,N","999999,9,N,9","+0178,1","+0107,1","10145,1","99,0020,9,1",,,"0,000",,,,,,,,,,,,"999,M,+0210,1",,"99999,9,09517,1","5,1,000,1,+999,9",,"4,99,0051,1","SYN017333   10210 91110",
"07360099999","1990-05-07T21:00:00","4","46.1666666","1.8666666","551.0","GUERET, FR","FM-12","99999","V020","240,1,N,0031,1","99999,9,9,N","999999,9,N,9","+0153,1","+0090,1","10164,1","03,0006,9,1","99,0005,9,1",,"0,000",,,"4,1,03,1",,,,,,,,,,,"99999,9,09529,1","1,1,012,1,+999,9","21,1","4,99,0062,1","SYN017333   69967 91112",
"07360099999","1990-05-08T00:00:00","4","46.1666666","1.8666666","551.0","GUERET, FR","FM-12","99999","V020","170,1,N,0021,1","99999,9,9,N","999999,9,N,9","+0126,1","+0094,1","10175,1","03,0002,9,1","06,0003,9,1",,"0,000",,,"4,1,06,1",,,,,,,,,,,"99999,9,09534,1","0,1,005,1,+999,9","21,1","4,99,0088,1","SYN017333   69927 91117",
"07360099999","1990-05-08T03:00:00","4","46.1666666","1.8666666","551.0","GUERET, FR","FM-12","99999","V020","060,1,N,0010,1","99999,9,9,N","999999,9,N,9","+0128,1","+0087,1","10162,1","06,0000,9,1",,,"4,000",,,,,,,,,,,,,,"99999,9,09522,1","6,1,012,1,+999,9",,"4,99,0051,1","SYN011333   91110",
"07360099999","1990-05-08T06:00:00","4","46.1666666","1.8666666","551.0","GUERET, FR","FM-12","99999","V020","200,1,N,0031,1","03000,1,C,N","015000,1,N,9","+0132,1","+0104,1","10170,1","24,0026,9,1","99,0010,9,1",,"0,000",,,,,"04,1,+01500,9,05,9","03,1,+03000,9,03,9",,"06,99,1,04,1,04,1,01750,1,03,1,00,1","0348,9","09,9","999,+0100,9","999,N,+0123,1",,"99999,9,09531,1","3,1,009,1,+999,9",,"4,99,0082,1","SYN047333   20123 31010 55058 70026 84650 83360 91116",
"07360099999","1990-05-08T09:00:00","4","46.1666666","1.8666666","551.0","GUERET, FR","FM-12","99999","V020","270,1,N,0021,1","22000,1,C,N","020000,1,N,9","+0179,1","+0103,1","10163,1","06,0000,9,1",,,"4,000",,,,,"01,1,+00900,9,08,9","04,1,+03000,9,03,9",,"04,99,1,01,1,01,1,00800,1,03,1,00,1",,,,,,"99999,9,09534,1","1,1,003,1,+999,9",,"4,99,0062,1","SYN023333   81830 84360 91112",
"07360099999","1990-05-08T12:00:00","4","46.1666666","1.8666666","551.0","GUERET, FR","FM-12","99999","V020","020,1,N,0021,1","00990,1,C,N","018000,1,N,9","+0194,1","+0109,1","10153,1","06,0000,9,1",,,"4,000",,,,,"03,1,+00990,9,09,9","04,1,+00990,9,08,9",,"06,99,1,06,1,03,1,01250,1,00,1,00,1",,,,,,"99999,9,09528,1","8,1,006,1,+999,9",,"4,99,0062,1","SYN023333   83933 84833 91112",
"07360099999","1990-05-08T15:00:00","4","46.1666666","1.8666666","551.0","GUERET, FR","FM-12","99999","V020","100,1,N,0010,1","99999,9,9,N","999999,9,N,9","+0155,1","+0113,1","10158,1","03,0002,9,1","99,0003,9,1",,"0,000",,,,,,,,,,,,,,"99999,9,09524,1","8,1,004,1,+999,9",,"4,99,9999,9","SYN017333   69927 91186","Q01  04433WGOSPD"
"07360099999","1990-05-08T18:00:00","4","46.1666666","1.8666666","551.0","GUERET, FR","FM-12","99999","V020","270,1,N,0021,1","99999,9,9,N","999999,9,N,9","+0138,1","+0096,1","10159,1","03,0006,9,1","99,0005,9,1",,"0,000",,,"4,1,06,1",,,,,,,,,"999,M,+0199,1",,"99999,9,09521,1","8,1,003,1,+999,9","21,1","4,99,9999,9","SYN023333   10199 69967 91186","Q01  04433WGOSPD"
"07360099999","1990-05-08T21:00:00","4","46.1666666","1.8666666","551.0","GUERET, FR","FM-12","99999","V020","140,1,N,0021,1","99999,9,9,N","999999,9,N,9","+0128,1","+0098,1","10168,1","03,0002,9,1","99,0003,9,1",,"0,000",,,,,,,,,,,,,,"99999,9,09528,1","2,1,007,1,+999,9",,"4,99,0051,1","SYN017333   69927 91110",
"07360099999","1990-05-09T00:00:00","4","46.1666666","1.8666666","551.0","GUERET, FR","FM-12","99999","V020","210,1,N,0010,1","99999,9,9,N","999999,9,N,9","+0127,1","+0082,1","10169,1","03,0002,9,1","06,0003,9,1",,"0,000",,,,,,,,,,,,,,"99999,9,09529,1","0,1,001,1,+999,9",,"4,99,0051,1","SYN017333   69927 91110",
"07360099999","1990-05-09T03:00:00","4","46.1666666","1.8666666","551.0","GUERET, FR","FM-12","99999","V020","220,1,N,0041,1","99999,9,9,N","999999,9,N,9","+0123,1","+0078,1","10158,1","03,0002,9,1","99,0003,9,1",,"0,000",,,"4,1,03,1",,,,,,,,,,,"99999,9,09517,1","6,1,012,1,+999,9","21,1","4,99,0072,1","SYN017333   69927 91114",
"07360099999","1990-05-09T06:00:00","4","46.1666666","1.8666666","551.0","GUERET, FR","FM-12","99999","V020","250,1,N,0021,1","22000,1,C,N","010000,1,N,9","+0129,1","+0099,1","10161,1","24,0014,9,1","99,0005,9,1",,"0,000",,,,,,,,"00,99,1,00,1,00,1,99999,9,00,1,00,1","0216,9","09,9","999,+0070,9","999,N,+0112,1",,"99999,9,09522,1","3,1,005,1,+999,9",,"4,99,0072,1","SYN035333   20112 31007 55036 70014 91114",
"07360099999","1990-05-09T12:00:00","4","46.1666666","1.8666666","551.0","GUERET, FR","FM-12","99999","V020","250,1,N,0031,1","00900,1,C,N","020000,1,N,9","+0188,1","+0121,1","10154,1","06,0000,9,1",,,"4,000",,,,,"01,1,+00780,9,09,9","04,1,+00900,9,08,9",,"05,99,1,05,1,09,1,00800,1,00,1,00,1",,,,,,"99999,9,09528,1","0,1,000,1,+999,9",,"4,99,0118,1","SYN023333   81926 84830 91123",
"07360099999","1990-05-09T15:00:00","4","46.1666666","1.8666666","551.0","GUERET, FR","FM-12","99999","V020","260,1,N,0041,1","01080,1,C,N","020000,1,N,9","+0151,1","+0117,1","10154,1","06,0000,9,1",,,"4,001",,,"9,1,03,1","2,1,03,1","03,1,+00990,9,09,9","03,1,+01080,9,08,9",,"06,99,1,06,1,09,1,01250,1,00,1,00,1",,,,,,"99999,9,09520,1","7,1,008,1,+999,9","29,1","4,99,0170,1","SYN023333   83933 83836 91133",
"07360099999","1990-05-09T18:00:00","4","46.1666666","1.8666666","551.0","GUERET, FR","FM-12","99999","V020","290,1,N,0021,1","99999,9,9,N","999999,9,N,9","+0132,1","+0123,1","10156,1","06,0000,9,1",,,"4,000",,,,,,,,,,,,"999,M,+0202,1",,"99999,9,09518,1","8,1,002,1,+999,9",,"4,99,0221,1","SYN017333   10202 91143",
"07360099999","1990-05-10T09:00:00","4","46.1666666","1.8666666","551.0","GUERET, FR","FM-12","99999","V020","230,1,N,0051,1","00120,1,C,N","004000,1,N,9","+0129,1","+0129,1","10161,1","06,0000,9,1",,,"4,000",,,"2,1,03,1","2,1,03,1","07,1,+00120,9,07,9",,,"08,99,1,08,1,06,1,00150,1,99,9,99,9",,,,,,"99999,9,09522,1","1,1,006,1,+999,9","10,1","4,99,0108,1","SYN017333   87704 91121",
"07360099999","1990-05-10T12:00:00","4","46.1666666","1.8666666","551.0","GUERET, FR","FM-12","99999","V020","230,1,N,0031,1","03600,1,C,N","010000,1,N,9","+0169,1","+0116,1","10152,1","06,0000,9,1",,,"4,000",,,,,"04,1,+00540,9,08,9",,,"05,99,1,04,1,02,1,00450,1,03,1,00,1",,,,,,"99999,9,09522,1","0,1,000,1,+999,9",,"4,99,0129,1","SYN017333   84818 91125",
"07360099999","1990-05-10T15:00:00","4","46.1666666","1.8666666","551.0","GUERET, FR","FM-12","99999","V020","280,1,N,0051,1","07500,1,C,N","010000,1,N,9","+0171,1","+0102,1","10144,1","06,0000,9,1",,,"4,000",,,,,"03,1,+00690,9,08,9","05,1,+07500,9,00,9",,"06,99,1,03,1,02,1,00800,1,00,1,02,1",,,,,,"99999,9,09514,1","6,1,008,1,+999,9",,"4,99,0118,1","SYN023333   83823 85075 91123",
"07360099999","1990-05-10T18:00:00","4","46.1666666","1.8666666","551.0","GUERET, FR","FM-12","99999","V020","280,1,N,0041,1","99999,9,9,N","999999,9,N,9","+0148,1","+0094,1","10153,1","03,0002,9,1","99,0003,9,1",,"0,000",,,,,,,,,,,,"999,M,+0180,1",,"99999,9,09518,1","1,1,004,1,+999,9",,"4,99,0118,1","SYN023333   10180 69927 91123",
"07360099999","1990-05-10T21:00:00","4","46.1666666","1.8666666","551.0","GUERET, FR","FM-12","99999","V020","290,1,N,0031,1","99999,9,9,N","999999,9,N,9","+0113,1","+0082,1","10171,1","06,0000,9,1",,,"4,000",,,,,,,,,,,,,,"99999,9,09527,1","2,1,009,1,+999,9",,"4,99,0072,1","SYN011333   91114",
"07360099999","1990-05-11T00:00:00","4","46.1666666","1.8666666","551.0","GUERET, FR","FM-12","99999","V020","270,1,N,0031,1","99999,9,9,N","999999,9,N,9","+0092,1","+0072,1","10172,1","06,0000,9,1",,,"4,000",,,,,,,,,,,,,,"99999,9,09523,1","8,1,004,1,+999,9",,"4,99,0072,1","SYN011333   91114",
"07360099999","1990-05-11T03:00:00","4","46.1666666","1.8666666","551.0","GUERET, FR","FM-12","99999","V020","270,1,N,0031,1","99999,9,9,N","999999,9,N,9","+0082,1","+0071,1","10162,1","06,0000,9,1",,,"4,000",,,,,,,,,,,,,,"99999,9,09512,1","8,1,011,1,+999,9",,"4,99,0051,1","SYN011333   91110",
"07360099999","1990-05-11T06:00:00","4","46.1666666","1.8666666","551.0","GUERET, FR","FM-12","99999","V020","260,1,N,0021,1","09000,1,C,N","010000,1,N,9","+0086,1","+0083,1","10163,1","06,0000,9,1",,,"4,000",,,,,"01,1,+00120,9,07,9","03,1,+03000,9,03,9",,"05,99,1,02,1,05,1,00150,1,03,1,02,1","0228,9","01,9","999,+0050,9","999,N,+0079,1",,"99999,9,09514,1","3,1,002,1,+999,9",,"4,99,0051,1","SYN041333   20079 30005 55038 81704 83360 91110",
"07360099999","1990-05-11T21:00:00","4","46.1666666","1.8666666","551.0","GUERET, FR","FM-12","99999","V020","310,1,N,0010,1","99999,9,9,N","999999,9,N,9","+0111,1","+0098,1","10133,1","06,0000,9,1",,,"4,000",,,,,,,,,,,,,,"99999,9,09491,1","3,1,006,1,+999,9",,"4,99,0051,1","SYN011333   91110",
"07360099999","1990-05-12T00:00:00","4","46.1666666","1.8666666","551.0","GUERET, FR","FM-12","99999","V020","100,1,N,0031,1","99999,9,9,N","999999,9,N,9","+0107,1","+0095,1","10126,1","06,0000,9,1",,,"4,000",,,,,,,,,,,,,,"99999,9,09484,1","8,1,007,1,+999,9",,"4,99,0051,1","SYN011333   91110",
"07360099999","1990-05-12T03:00:00","4","46.1666666","1.8666666","551.0","GUERET, FR","FM-12","99999","V020","110,1,N,0021,1","99999,9,9,N","999999,9,N,9","+0093,1","+0093,1","10118,1","06,0000,9,1",,,"4,000",,,,,,,,,,,,,,"99999,9,09473,1","6,1,011,1,+999,9",,"4,99,0051,1","SYN011333   91110",
"07360099999","1990-05-12T06:00:00","4","46.1666666","1.8666666","551.0","GUERET, FR","FM-12","99999","V020","090,1,N,0021,1","22000,1,C,N","012000,1,N,9","+0106,1","+0094,1","10110,1","06,0000,9,1",,,"4,000",,,,,"01,1,+03000,9,03,9",,,"02,99,1,01,1,00,1,99999,9,03,1,02,1","0252,9","01,9","999,+0050,9","999,N,+0087,1",,"99999,9,09468,1","6,1,005,1,+999,9",,"4,99,0051,1","SYN035333   20087 30005 55042 81360 91110",
"07360099999","1990-05-12T09:00:00","4","46.1666666","1.8666666","551.0","GUERET, FR","FM-12","99999","V020","070,1,N,0021,1","22000,1,C,N","020000,1,N,9","+0158,1","+0114,1","10098,1","06,0000,9,1",,,"4,000",,,,,"01,1,+00450,9,08,9","03,1,+07500,9,00,9",,"03,99,1,01,1,02,1,00450,1,00,1,02,1",,,,,,"99999,9,09469,1","1,1,001,1,+999,9",,"4,99,0051,1","SYN023333   81815 83075 91110",
"07360099999","1990-05-12T12:00:00","4","46.1666666","1.8666666","551.0","GUERET, FR","FM-12","99999","V020","050,1,N,0031,1","07500,1,C,N","030000,1,N,9","+0187,1","+0087,1","10089,1","06,0000,9,1",,,"4,000",,,,,"02,1,+00750,9,08,9","05,1,+07500,9,00,9",,"06,99,1,02,1,02,1,00800,1,00,1,02,1",,,,,,"99999,9,09466,1","8,1,003,1,+999,9",,"4,99,0062,1","SYN023333   82825 85075 91112",
"07360099999","1990-05-12T15:00:00","4","46.1666666","1.8666666","551.0","GUERET, FR","FM-12","99999","V020","010,1,N,0021,1","99999,9,9,N","999999,9,N,9","+0200,1","+0084,1","10079,1","06,0000,9,1",,,"4,000",,,,,,,,,,,,,,"99999,9,09459,1","8,1,007,1,+999,9",,"4,99,0051,1","SYN011333   91110",
"07360099999","1990-05-12T18:00:00","4","46.1666666","1.8666666","551.0","GUERET, FR","FM-12","99999","V020","020,1,N,0031,1","99999,9,9,N","999999,9,N,9","+0178,1","+0097,1","10087,1","06,0000,9,1",,,"4,000",,,,,,,,,,,,"999,M,+0203,1",,"99999,9,09463,1","3,1,004,1,+999,9",,"4,99,0062,1","SYN017333   10203 91112",
"07360099999","1990-05-12T21:00:00","4","46.1666666","1.8666666","551.0","GUERET, FR","FM-12","99999","V020","060,1,N,0021,1","99999,9,9,N","999999,9,N,9","+0144,1","+0088,1","10106,1","06,0000,9,1",,,"4,000",,,,,,,,,,,,,,"99999,9,09473,1","1,1,010,1,+999,9",,"4,99,0062,1","SYN011333   91112",
"07360099999","1990-05-13T00:00:00","4","46.1666666","1.8666666","551.0","GUERET, FR","FM-12","99999","V020","100,1,N,0031,1","99999,9,9,N","999999,9,N,9","+0131,1","+0092,1","10110,1","06,0000,9,1",,,"4,000",,,,,,,,,,,,,,"99999,9,09474,1","1,1,001,1,+999,9",,"4,99,0082,1","SYN011333   91116",
"07360099999","1990-05-13T03:00:00","4","46.1666666","1.8666666","551.0","GUERET, FR","FM-12","99999","V020","190,1,N,0021,1","99999,9,9,N","999999,9,N,9","+0127,1","+0101,1","10106,1","03,0002,9,1","99,0003,9,1",,"0,000",,,,,,,,,,,,,,"99999,9,09470,1","8,1,004,1,+999,9",,"4,99,0072,1","SYN017333   69927 91114",
"07360099999","1990-05-13T06:00:00","4","46.1666666","1.8666666","551.0","GUERET, FR","FM-12","99999","V020","230,1,N,0031,1","03000,1,C,N","010000,1,N,9","+0126,1","+0118,1","10115,1","24,0002,9,1",,,"0,000",,,,,"03,1,+01380,9,05,9","06,1,+03000,9,03,9",,"07,99,1,03,1,05,1,01250,1,04,1,99,9","0714,9","01,9","999,+0100,9","999,N,+0123,1",,"99999,9,09479,1","3,1,009,1,+999,9",,"4,99,0118,1","SYN047333   20123 30010 55119 70002 83646 86360 91123",
"07360099999","1990-05-13T09:00:00","4","46.1666666","1.8666666","551.0","GUERET, FR","FM-12","99999","V020","230,1,N,0021,1","01200,1,C,N","010000,1,N,9","+0144,1","+0128,1","10122,1","06,0000,9,1",,,"4,000",,,,,"02,1,+00450,9,08,9","04,1,+01200,9,05,9","07,1,+03000,9,03,9","08,99,1,05,1,08,1,00450,1,07,1,99,9",,,,,,"99999,9,09489,1","2,1,010,1,+999,9",,"4,99,0098,1","SYN029333   82815 84640 87360 91119",
"07360099999","1990-05-13T12:00:00","4","46.1666666","1.8666666","551.0","GUERET, FR","FM-12","99999","V020","230,1,N,0021,1","00780,1,C,N","007000,1,N,9","+0136,1","+0136,1","10131,1","03,0010,9,1","06,0010,9,1",,"0,001",,,"6,1,06,1","2,1,06,1","03,1,+00330,9,08,9","05,1,+00780,9,05,9","07,1,+02700,9,03,9","08,99,1,06,1,08,1,00450,1,07,1,99,9",,,,,,"99999,9,09496,1","1,1,007,1,+999,9","61,1","4,99,0098,1","SYN035333   60017 83811 85626 87359 91119",
"07360099999","1990-05-13T15:00:00","4","46.1666666","1.8666666","551.0","GUERET, FR","FM-12","99999","V020","270,1,N,0021,1","99999,9,9,N","999999,9,N,9","+0156,1","+0131,1","10127,1","03,0002,9,1","99,0003,9,1",,"0,000",,,,,,,,,,,,,,"99999,9,09496,1","4,1,000,1,+999,9",,"4,99,0072,1","SYN017333   69927 91114",
"07360099999","1990-05-13T18:00:00","4","46.1666666","1.8666666","551.0","GUERET, FR","FM-12","99999","V020","100,1,N,0021,1","99999,9,9,N","999999,9,N,9","+0135,1","+9999,9","10146,1","03,0008,9,1","99,0010,9,1",,"0,000",,,,,,,,,,,,"999,M,+0158,1",,"99999,9,09506,1","3,1,010,1,+999,9",,"4,99,0072,1","SYN023333   10158 69987 91114",
"07360099999","1990-05-13T21:00:00","4","46.1666666","1.8666666","551.0","GUERET, FR","FM-12","99999","V020","220,1,N,0031,1","99999,9,9,N","999999,9,N,9","+0127,1","+0125,1","10154,1","06,0000,9,1",,,"4,000",,,,,,,,,,,,,,"99999,9,09515,1","1,1,009,1,+999,9",,"4,99,0051,1","SYN011333   91110",
"07360099999","1990-05-14T00:00:00","4","46.1666666","1.8666666","551.0","GUERET, FR","FM-12","99999","V020","230,1,N,0051,1","99999,9,9,N","999999,9,N,9","+0124,1","+9999,9","10161,1","06,0000,9,1",,,"4,000",,,,,,,,,,,,,,"99999,9,09517,1","0,1,002,1,+999,9",,"4,99,0098,1","SYN011333   91119",
"07360099999","1990-05-14T03:00:00","4","46.1666666","1.8666666","551.0","GUERET, FR","FM-12","99999","V020","210,1,N,0031,1","99999,9,9,N","999999,9,N,9","+0115,1","+0115,1","10158,1","06,0000,9,1",,,"4,000",,,,,,,,,,,,,,"99999,9,09516,1","6,1,001,1,+999,9",,"4,99,0108,1","SYN011333   91121",
"07360099999","1990-05-14T06:00:00","4","46.1666666","1.8666666","551.0","GUERET, FR","FM-12","99999","V020","160,1,N,0021,1","22000,1,C,N","005000,1,N,9","+0112,1","+0112,1","10165,1","06,0000,9,1","24,0022,9,1",,"4,000",,,,,"01,1,+03000,9,03,9",,,"02,99,1,01,1,00,1,99999,9,03,1,01,1","0012,9","01,9","999,+0090,9","999,N,+0108,1",,"99999,9,09522,1","3,1,006,1,+999,9",,"4,99,0108,1","SYN041333   20108 30009 55002 70022 81360 91121",
"07360099999","1990-05-14T09:00:00","4","46.1666666","1.8666666","551.0","GUERET, FR","FM-12","99999","V020","250,1,N,0031,1","00990,1,C,N","030000,1,N,9","+0162,1","+0131,1","10158,1","06,0000,9,1",,,"4,000",,,,,"05,1,+00990,9,08,9","03,1,+06900,9,00,9",,"06,99,1,05,1,02,1,01250,1,00,1,01,1",,,,,,"99999,9,09526,1","1,1,004,1,+999,9",,"4,99,0051,1","SYN023333   85833 83073 91110",
"07360099999","1990-05-14T12:00:00","4","46.1666666","1.8666666","551.0","GUERET, FR","FM-12","99999","V020","220,1,N,0021,1","00990,1,C,N","050000,1,N,9","+0180,1","+0131,1","10149,1","06,0000,9,1",,,"4,000",,,,,"05,1,+00990,9,08,9","06,1,+06900,9,00,9",,"07,99,1,05,1,02,1,01250,1,00,1,02,1",,,,,,"99999,9,09522,1","8,1,004,1,+999,9",,"4,99,0082,1","SYN023333   85833 86073 91116",
"07360099999","1990-05-14T15:00:00","4","46.1666666","1.8666666","551.0","GUERET, FR","FM-12","99999","V020","250,1,N,0031,1","06900,1,C,N","030000,1,N,9","+0189,1","+0126,1","10143,1","06,0000,9,1",,,"4,000",,,,,"03,1,+00900,9,08,9","07,1,+06900,9,00,9",,"07,99,1,03,1,02,1,00800,1,00,1,02,1",,,,,,"99999,9,09518,1","7,1,004,1,+999,9",,"4,99,0088,1","SYN023333   83830 87073 91117",
"07360099999","1990-05-14T18:00:00","4","46.1666666","1.8666666","551.0","GUERET, FR","FM-12","99999","V020","240,1,N,0041,1","99999,9,9,N","999999,9,N,9","+0171,1","+0122,1","10147,1","06,0000,9,1",,,"4,000",,,,,,,,,,,,"999,M,+0198,1",,"99999,9,09518,1","5,1,000,1,+999,9",,"4,99,0098,1","SYN017333   10198 91119",
"07360099999","1990-05-14T21:00:00","4","46.1666666","1.8666666","551.0","GUERET, FR","FM-12","99999","V020","230,1,N,0031,1","99999,9,9,N","999999,9,N,9","+0152,1","+0118,1","10165,1","06,0000,9,1",,,"4,000",,,,,,,,,,,,,,"99999,9,09530,1","1,1,012,1,+999,9",,"4,99,0082,1","SYN011333   91116",
"07360099999","1990-05-15T00:00:00","4","46.1666666","1.8666666","551.0","GUERET, FR","FM-12","99999","V020","210,1,N,0041,1","99999,9,9,N","999999,9,N,9","+0149,1","+0117,1","10172,1","06,0000,9,1",,,"4,000",,,,,,,,,,,,,,"99999,9,09536,1","1,1,006,1,+999,9",,"4,99,0082,1","SYN011333   91116",
"07360099999","1990-05-15T03:00:00","4","46.1666666","1.8666666","551.0","GUERET, FR","FM-12","99999","V020","220,1,N,0031,1","99999,9,9,N","999999,9,N,9","+0126,1","+0126,1","10175,1","03,0008,9,1","99,0010,9,1",,"0,000",,,"4,1,03,1",,,,,,,,,,,"99999,9,09535,1","7,1,001,1,+999,9","21,1","4,99,0082,1","SYN017333   69987 91116",
"07360099999","1990-05-15T06:00:00","4","46.1666666","1.8666666","551.0","GUERET, FR","FM-12","99999","V020","190,1,N,0010,1","07500,1,C,N","010000,1,N,9","+0136,1","+0131,1","10181,1","24,0008,9,1",,,"0,000",,,"6,1,06,1",,"02,1,+03000,9,03,9","06,1,+07500,9,00,9",,"07,99,1,02,1,00,1,99999,9,04,1,02,1","0336,9","09,9","999,+0090,9","999,N,+0120,1",,"99999,9,09543,1","3,1,004,1,+999,9","03,1","4,99,0082,1","SYN047333   20120 31009 55056 70008 82360 86075 91116",
"07360099999","1990-05-15T09:00:00","4","46.1666666","1.8666666","551.0","GUERET, FR","FM-12","99999","V020","260,1,N,0010,1","22000,1,C,N","015000,1,N,9","+0188,1","+0136,1","10178,1","06,0000,9,1",,,"4,000",,,,,"02,1,+00600,9,08,9",,,"03,99,1,02,1,02,1,00800,1,00,1,02,1",,,,,,"99999,9,09551,1","3,1,008,1,+999,9",,"4,99,0031,1","SYN017333   82820 91106",
"07360099999","1990-05-15T12:00:00","4","46.1666666","1.8666666","551.0","GUERET, FR","FM-12","99999","V020","250,1,N,0031,1","00780,1,C,N","020000,1,N,9","+0204,1","+0126,1","10170,1","06,0000,9,1",,,"4,000",,,,,"05,1,+00780,9,08,9","05,1,+01500,9,05,9",,"07,99,1,07,1,08,1,00800,1,99,9,99,9",,,,,,"99999,9,09546,1","8,1,005,1,+999,9",,"4,99,0072,1","SYN023333   85826 85650 91114",
"07360099999","1990-05-15T15:00:00","4","46.1666666","1.8666666","551.0","GUERET, FR","FM-12","99999","V020","330,1,N,0021,1","03000,1,C,N","030000,1,N,9","+0195,1","+0139,1","10170,1","06,0000,9,1",,,"4,001",,,"9,1,03,1","2,1,03,1","02,1,+00780,9,08,9","01,1,+00900,9,09,9","03,1,+03000,9,03,9","06,99,1,03,1,09,1,00800,1,08,1,02,1",,,,,,"99999,9,09544,1","5,1,002,1,+999,9","02,1","4,99,0221,1","SYN029333   82826 81930 83360 91143",
"07360099999","1990-05-15T18:00:00","4","46.1666666","1.8666666","551.0","GUERET, FR","FM-12","99999","V020","200,1,N,0021,1","99999,9,9,N","999999,9,N,9","+0155,1","+0149,1","10191,1","03,0002,9,1","99,0003,9,1",,"0,000",,,"4,1,06,1",,,,,,,,,"999,M,+0222,1",,"99999,9,09556,1","3,1,012,1,+999,9","21,1","4,99,0221,1","SYN023333   10222 69927 91143",
"07360099999","1990-05-15T21:00:00","4","46.1666666","1.8666666","551.0","GUERET, FR","FM-12","99999","V020","180,1,N,0010,1","99999,9,9,N","999999,9,N,9","+0132,1","+0121,1","10195,1","03,0130,9,1",,,"0,000",,,,,,,,,,,,,,"99999,9,09555,1","5,1,001,1,+999,9",,"4,99,0170,1","SYN017333   60137 91133",
"07360099999","1990-05-16T00:00:00","4","46.1666666","1.8666666","551.0","GUERET, FR","FM-12","99999","V020","260,1,N,0031,1","99999,9,9,N","999999,9,N,9","+0128,1","+0128,1","10205,1","06,0130,9,1",,,"0,000",,,,,,,,,,,,,,"99999,9,09563,1","3,1,008,1,+999,9",,"4,99,0170,1","SYN011333   91133",
"07360099999","1990-05-16T03:00:00","4","46.1666666","1.8666666","551.0","GUERET, FR","FM-12","99999","V020","290,1,N,0031,1","99999,9,9,N","999999,9,N,9","+0117,1","+0117,1","10210,1","06,0000,9,1",,,"4,000",,,,,,,,,,,,,,"99999,9,09565,1","0,1,002,1,+999,9",,"4,99,0088,1","SYN011333   91117",
"07360099999","1990-05-16T06:00:00","4","46.1666666","1.8666666","551.0","GUERET, FR","FM-12","99999","V020","260,1,N,0021,1","22000,1,C,N","004000,1,N,9","+0118,1","+0118,1","10218,1","24,0130,9,1",,,"0,000",,,,,"02,1,+00900,9,05,9",,,"02,99,1,02,1,05,1,00800,1,04,1,00,1","0408,9","11,9","999,+0070,9","999,N,+0106,1",,"99999,9,09573,1","3,1,008,1,+999,9","10,1","4,99,0088,1","SYN041333   20106 32007 55068 70130 82630 91117",
"07360099999","1990-05-16T09:00:00","4","46.1666666","1.8666666","551.0","GUERET, FR","FM-12","99999","V020","320,1,N,0021,1","22000,1,C,N","010000,1,N,9","+0167,1","+0105,1","10211,1","06,0000,9,1",,,"4,000",,,,,"01,1,+00750,9,08,9","03,1,+07500,9,00,9",,"03,99,1,01,1,01,1,00800,1,00,1,02,1",,,,,,"99999,9,09577,1","1,1,004,1,+999,9",,"4,99,0041,1","SYN023333   81825 83075 91108",
"07360099999","1990-05-16T12:00:00","4","46.1666666","1.8666666","551.0","GUERET, FR","FM-12","99999","V020","320,1,N,0021,1","22000,1,C,N","030000,1,N,9","+0201,1","+0111,1","10200,1","06,0000,9,1",,,"4,000",,,,,"02,1,+00900,9,08,9",,,"03,99,1,02,1,02,1,00800,1,00,1,02,1",,,,,,"99999,9,09573,1","8,1,004,1,+999,9",,"4,99,0062,1","SYN017333   82830 91112",
"07360099999","1990-05-16T15:00:00","4","46.1666666","1.8666666","551.0","GUERET, FR","FM-12","99999","V020","010,1,N,0021,1","22000,1,C,N","040000,1,N,9","+0215,1","+0118,1","10184,1","06,0000,9,1",,,"4,000",,,,,"01,1,+00990,9,08,9","03,1,+07500,9,00,9",,"03,99,1,01,1,01,1,01250,1,00,1,02,1",,,,,,"99999,9,09562,1","6,1,011,1,+999,9",,"4,99,0072,1","SYN023333   81833 83075 91114",
"07360099999","1990-05-16T18:00:00","4","46.1666666","1.8666666","551.0","GUERET, FR","FM-12","99999","V020","010,1,N,0031,1","99999,9,9,N","999999,9,N,9","+0190,1","+0125,1","10183,1","06,0000,9,1",,,"4,000",,,,,,,,,,,,"999,M,+0221,1",,"99999,9,09555,1","6,1,007,1,+999,9",,"4,99,0072,1","SYN017333   10221 91114",
"07360099999","1990-05-16T21:00:00","4","46.1666666","1.8666666","551.0","GUERET, FR","FM-12","99999","V020","060,1,N,0021,1","99999,9,9,N","999999,9,N,9","+0156,1","+0120,1","10189,1","06,0000,9,1",,,"4,000",,,,,,,,,,,,,,"99999,9,09554,1","8,1,001,1,+999,9",,"4,99,0051,1","SYN011333   91110",
"07360099999","1990-05-17T00:00:00","4","46.1666666","1.8666666","551.0","GUERET, FR","FM-12","99999","V020","110,1,N,0041,1","99999,9,9,N","999999,9,N,9","+0143,1","+0120,1","10185,1","06,0000,9,1",,,"4,000",,,,,,,,,,,,,,"99999,9,09547,1","6,1,007,1,+999,9",,"4,99,0062,1","SYN011333   91112",
"07360099999","1990-05-17T03:00:00","4","46.1666666","1.8666666","551.0","GUERET, FR","FM-12","99999","V020","110,1,N,0041,1","99999,9,9,N","999999,9,N,9","+0141,1","+0116,1","10177,1","06,0000,9,1",,,"4,000",,,,,,,,,,,,,,"99999,9,09539,1","6,1,008,1,+999,9",,"4,99,0082,1","SYN011333   91116",
"07360099999","1990-05-17T06:00:00","4","46.1666666","1.8666666","551.0","GUERET, FR","FM-12","99999","V020","110,1,N,0031,1","07500,1,C,N","012000,1,N,9","+0132,1","+0119,1","10172,1","06,0000,9,1",,,"4,000",,,,,"03,1,+03000,9,03,9","05,1,+07500,9,00,9",,"05,99,1,03,1,00,1,99999,9,03,1,01,1","0726,9","01,9","999,+0120,9","999,N,+0132,1",,"99999,9,09533,1","6,1,006,1,+999,9",,"4,99,0082,1","SYN041333   20132 30012 55121 83360 85075 91116",
"07360099999","1990-05-17T09:00:00","4","46.1666666","1.8666666","551.0","GUERET, FR","FM-12","99999","V020","030,1,N,0010,1","07800,1,C,N","009000,1,N,9","+0204,1","+0160,1","10156,1","06,0000,9,1",,,"4,000",,,,,"02,1,+00600,9,08,9","03,1,+03000,9,03,9","05,1,+07800,9,00,9","06,99,1,02,1,01,1,00800,1,03,1,02,1",,,,,,"99999,9,09534,1","0,1,001,1,+999,9",,"4,99,0062,1","SYN029333   82820 83360 85076 91112",
"07360099999","1990-05-17T12:00:00","4","46.1666666","1.8666666","551.0","GUERET, FR","FM-12","99999","V020","020,1,N,0021,1","03000,1,C,N","015000,1,N,9","+0218,1","+0165,1","10152,1","06,0000,9,1",,,"4,000",,,,,"02,1,+00690,9,08,9","06,1,+03000,9,03,9","06,1,+07800,9,00,9","08,99,1,02,1,02,1,00800,1,07,1,02,1",,,,,,"99999,9,09533,1","8,1,001,1,+999,9",,"4,99,0062,1","SYN029333   82823 86360 86076 91112",
"07360099999","1990-05-17T15:00:00","4","46.1666666","1.8666666","551.0","GUERET, FR","FM-12","99999","V020","080,1,N,0041,1","00690,1,C,N","012000,1,N,9","+0149,1","+0149,1","10163,1","03,0120,9,1",,,"0,001",,,"9,1,03,1","8,1,03,1","02,1,+00480,9,09,9","04,1,+00690,9,08,9","07,1,+03000,9,03,9","08,99,1,05,1,03,1,00450,1,07,1,99,9",,,,,,"99999,9,09528,1","5,1,005,1,+999,9","91,1","4,99,0160,1","SYN035333   60127 82916 84823 87360 91131",
"07360099999","1990-05-17T18:00:00","4","46.1666666","1.8666666","551.0","GUERET, FR","FM-12","99999","V020","100,1,N,0031,1","99999,9,9,N","999999,9,N,9","+0159,1","+0159,1","10158,1","03,0040,9,1",,,"0,000",,,,,,,,,,,,"999,M,+0218,1",,"99999,9,09526,1","8,1,002,1,+999,9",,"4,99,0319,1","SYN023333   10218 60047 91162",
"07360099999","1990-05-17T21:00:00","4","46.1666666","1.8666666","551.0","GUERET, FR","FM-12","99999","V020","110,1,N,0041,1","99999,9,9,N","999999,9,N,9","+0148,1","+0133,1","10166,1","06,0000,9,1",,,"4,000",,,,,,,,,,,,,,"99999,9,09531,1","3,1,005,1,+999,9",,"4,99,0088,1","SYN011333   91117",
"07360099999","1990-05-18T00:00:00","4","46.1666666","1.8666666","551.0","GUERET, FR","FM-12","99999","V020","210,1,N,0041,1","99999,9,9,N","999999,9,N,9","+0161,1","+0141,1","10158,1","06,0000,9,1",,,"4,000",,,,,,,,,,,,,,"99999,9,09526,1","8,1,005,1,+999,9",,"4,99,0088,1","SYN011333   91117",
"07360099999","1990-05-18T03:00:00","4","46.1666666","1.8666666","551.0","GUERET, FR","FM-12","99999","V020","230,1,N,0051,1","99999,9,9,N","999999,9,N,9","+0146,1","+0141,1","10161,1","06,0000,9,1",,,"4,000",,,,,,,,,,,,,,"99999,9,09526,1","5,1,000,1,+999,9",,"4,99,0108,1","SYN011333   91121",
"07360099999","1990-05-18T06:00:00","4","46.1666666","1.8666666","551.0","GUERET, FR","FM-12","99999","V020","300,1,N,0021,1","00150,1,C,N","002000,1,N,9","+0138,1","+0138,1","10170,1","06,0000,9,1","24,0154,9,1",,"4,000",,,,,"07,1,+00150,9,07,9",,,"07,99,1,07,1,06,1,00150,1,99,9,99,9","0240,9","09,9","999,+0130,9","999,N,+0136,1",,"99999,9,09533,1","2,1,007,1,+999,9","10,1","4,99,0108,1","SYN041333   20136 31013 55040 70154 87705 91121",
"07360099999","1990-05-18T09:00:00","4","46.1666666","1.8666666","551.0","GUERET, FR","FM-12","99999","V020","050,1,N,0010,1","00180,1,C,N","003500,1,N,9","+0161,1","+0156,1","10172,1","06,0000,9,1",,,"4,000",,,"4,1,03,1","2,1,03,1","05,1,+00180,9,07,9",,,"06,99,1,06,1,02,1,00150,1,00,1,00,1",,,,,,"99999,9,09540,1","3,1,007,1,+999,9","10,1","4,99,0041,1","SYN017333   85706 91108",
"07360099999","1990-05-18T12:00:00","4","46.1666666","1.8666666","551.0","GUERET, FR","FM-12","99999","V020","030,1,N,0021,1","22000,1,C,N","012000,1,N,9","+0213,1","+0167,1","10154,1","06,0000,9,1",,,"4,000",,,"4,1,06,1","1,1,06,1","04,1,+00780,9,08,9",,,"04,99,1,04,1,02,1,00800,1,00,1,00,1",,,,,,"99999,9,09534,1","8,1,006,1,+999,9","02,1","4,99,0062,1","SYN017333   84826 91112",
"07360099999","1990-05-18T15:00:00","4","46.1666666","1.8666666","551.0","GUERET, FR","FM-12","99999","V020","170,1,N,0010,1","00690,1,C,N","015000,1,N,9","+0185,1","+0172,1","10157,1","03,0006,9,1","99,0005,9,1",,"0,001",,,"9,1,03,1","8,1,03,1","03,1,+00390,9,08,9","04,1,+00690,9,09,9","06,1,+03000,9,03,9","08,99,1,06,1,09,1,00450,1,07,1,99,9",,,,,,"99999,9,09531,1","5,1,003,1,+999,9","95,1","4,99,0201,1","SYN035333   69967 83813 84923 86360 91139",
"07360099999","1990-05-18T18:00:00","4","46.1666666","1.8666666","551.0","GUERET, FR","FM-12","99999","V020","190,1,N,0010,1","99999,9,9,N","999999,9,N,9","+0131,1","+0129,1","10178,1","03,0200,9,1",,,"0,000",,,"4,1,06,1",,,,,,,,,"999,M,+0220,1",,"99999,9,09539,1","0,1,008,1,+999,9","21,1","4,99,0391,1","SYN023333   10220 60207 91176",
"07360099999","1990-05-18T21:00:00","4","46.1666666","1.8666666","551.0","GUERET, FR","FM-12","99999","V020","260,1,N,0021,1","99999,9,9,N","999999,9,N,9","+0121,1","+0121,1","10181,1","03,0002,9,1","99,0003,9,1",,"0,000",,,,,,,,,,,,,,"99999,9,09539,1","5,1,000,1,+999,9",,"4,99,0051,1","SYN017333   69927 91110",
"07360099999","1990-05-19T00:00:00","4","46.1666666","1.8666666","551.0","GUERET, FR","FM-12","99999","V020","090,1,N,0010,1","99999,9,9,N","999999,9,N,9","+0131,1","+0128,1","10182,1","06,0003,9,1",,,"0,000",,,,,,,,,,,,,,"99999,9,09542,1","1,1,003,1,+999,9",,"4,99,0051,1","SYN011333   91110",
"07360099999","1990-05-19T03:00:00","4","46.1666666","1.8666666","551.0","GUERET, FR","FM-12","99999","V020","170,1,N,0010,1","99999,9,9,N","999999,9,N,9","+0127,1","+0118,1","10174,1","06,0000,9,1",,,"4,000",,,,,,,,,,,,,,"99999,9,09534,1","8,1,008,1,+999,9",,"4,99,0041,1","SYN011333   91108",
"07360099999","1990-05-19T06:00:00","4","46.1666666","1.8666666","551.0","GUERET, FR","FM-12","99999","V020","010,1,N,0021,1","22000,1,C,N","000500,1,N,9","+0111,1","+0111,1","10193,1","24,0204,9,1","99,0003,9,1",,"0,000",,,,,"02,1,+00060,9,07,9",,,"04,99,1,02,1,06,1,00075,1,00,1,02,1","0204,9","09,9","999,+0100,9","999,N,+0109,1",,"99999,9,09545,1","3,1,011,1,+999,9","46,1","4,99,0041,1","SYN041333   20109 31010 55034 70204 82702 91108",
"07360099999","1990-05-19T09:00:00","4","46.1666666","1.8666666","551.0","GUERET, FR","FM-12","99999","V020","080,1,N,0010,1","22000,1,C,N","015000,1,N,9","+0170,1","+0146,1","10185,1","06,0000,9,1",,,"4,000",,,,,"03,1,+00480,9,08,9",,,"03,99,1,03,1,01,1,00450,1,00,1,00,1",,,,,,"99999,9,09554,1","3,1,009,1,+999,9",,"4,99,0041,1","SYN017333   83816 91108",
"07360099999","1990-05-19T12:00:00","4","46.1666666","1.8666666","551.0","GUERET, FR","FM-12","99999","V020","050,1,N,0021,1","07800,1,C,N","025000,1,N,9","+0208,1","+0151,1","10172,1","06,0000,9,1",,,"4,000",,,"4,1,06,1","1,1,06,1","03,1,+00780,9,08,9","04,1,+07800,9,00,9",,"06,99,1,03,1,02,1,00800,1,00,1,02,1",,,,,,"99999,9,09550,1","8,1,004,1,+999,9","02,1","4,99,0051,1","SYN023333   83826 84076 91110",
"07360099999","1990-05-19T15:00:00","4","46.1666666","1.8666666","551.0","GUERET, FR","FM-12","99999","V020","010,1,N,0031,1","99999,9,9,N","999999,9,N,9","+0223,1","+0142,1","10158,1","06,0000,9,1",,,"4,000",,,,,,,,,,,,,,"99999,9,09539,1","7,1,011,1,+999,9",,"4,99,0051,1","SYN011333   91110",
"07360099999","1990-05-19T18:00:00","4","46.1666666","1.8666666","551.0","GUERET, FR","FM-12","99999","V020","030,1,N,0021,1","99999,9,9,N","999999,9,N,9","+0205,1","+0148,1","10158,1","06,0000,9,1",,,"4,000",,,,,,,,,,,,"999,M,+0226,1",,"99999,9,09536,1","6,1,003,1,+999,9",,"4,99,0062,1","SYN017333   10226 91112",
"07360099999","1990-05-19T21:00:00","4","46.1666666","1.8666666","551.0","GUERET, FR","FM-12","99999","V020","060,1,N,0021,1","99999,9,9,N","999999,9,N,9","+0166,1","+0146,1","10172,1","06,0000,9,1",,,"4,000",,,,,,,,,,,,,,"99999,9,09541,1","2,1,005,1,+999,9",,"4,99,0062,1","SYN011333   91112",
"07360099999","1990-05-20T00:00:00","4","46.1666666","1.8666666","551.0","GUERET, FR","FM-12","99999","V020","110,1,N,0031,1","99999,9,9,N","999999,9,N,9","+0149,1","+0146,1","10172,1","06,0000,9,1",,,"4,000",,,,,,,,,,,,,,"99999,9,09537,1","8,1,004,1,+999,9",,"4,99,0072,1","SYN011333   91114",
"07360099999","1990-05-20T03:00:00","4","46.1666666","1.8666666","551.0","GUERET, FR","FM-12","99999","V020","120,1,N,0021,1","99999,9,9,N","999999,9,N,9","+0145,1","+0140,1","10157,1","06,0000,9,1",,,"4,000",,,,,,,,,,,,,,"99999,9,09522,1","7,1,015,1,+999,9",,"4,99,0062,1","SYN011333   91112",
"07360099999","1990-05-20T06:00:00","4","46.1666666","1.8666666","551.0","GUERET, FR","FM-12","99999","V020","120,1,N,0021,1","07800,1,C,N","010000,1,N,9","+0143,1","+0140,1","10156,1","06,0000,9,1",,,"4,000",,,,,"06,1,+07800,9,00,9",,,"06,99,1,00,1,00,1,99999,9,00,1,02,1","0654,9","01,9","999,+0120,9","999,N,+0139,1",,"99999,9,09521,1","7,1,001,1,+999,9",,"4,99,0062,1","SYN035333   20139 30012 55109 86076 91112",
"07360099999","1990-05-20T09:00:00","4","46.1666666","1.8666666","551.0","GUERET, FR","FM-12","99999","V020","060,1,N,0021,1","07800,1,C,N","015000,1,N,9","+0179,1","+0157,1","10145,1","06,0000,9,1",,,"4,000",,,,,"03,1,+03300,9,03,9","06,1,+07800,9,00,9",,"07,99,1,03,1,00,1,99999,9,08,1,02,1",,,,,,"99999,9,09519,1","8,1,002,1,+999,9",,"4,99,0051,1","SYN023333   83361 86076 91110",
"07360099999","1990-05-20T12:00:00","4","46.1666666","1.8666666","551.0","GUERET, FR","FM-12","99999","V020","230,1,N,0087,1","00690,1,C,N","025000,1,N,9","+0151,1","+0141,1","10152,1","03,0140,9,1","06,0140,9,1",,"0,000",,,"8,1,06,1","2,1,06,1","01,1,+00690,9,09,9","06,1,+00690,9,08,9",,"07,99,1,07,1,09,1,00800,1,99,9,99,9",,,,,,"99999,9,09519,1","0,1,000,1,+999,9","29,1","4,99,0278,1","SYN029333   60147 81923 86823 91154",
"07360099999","1990-05-20T15:00:00","4","46.1666666","1.8666666","551.0","GUERET, FR","FM-12","99999","V020","250,1,N,0031,1","99999,9,9,N","999999,9,N,9","+0156,1","+0133,1","10150,1","06,0000,9,1",,,"4,000",,,,,,,,,,,,,,"99999,9,09517,1","8,1,002,1,+999,9",,"4,99,0180,1","SYN011333   91135",
"07360099999","1990-05-20T18:00:00","4","46.1666666","1.8666666","551.0","GUERET, FR","FM-12","99999","V020","240,1,N,0051,1","99999,9,9,N","999999,9,N,9","+0142,1","+0126,1","10147,1","03,0002,9,1","99,0003,9,1",,"0,000",,,"4,1,06,1",,,,,,,,,"999,M,+0185,1",,"99999,9,09512,1","5,1,005,1,+999,9","21,1","4,99,0180,1","SYN023333   10185 69927 91135",
"07360099999","1990-05-20T21:00:00","4","46.1666666","1.8666666","551.0","GUERET, FR","FM-12","99999","V020","240,1,N,0021,1","99999,9,9,N","999999,9,N,9","+0126,1","+0126,1","10156,1","06,0000,9,1",,,"4,000",,,,,,,,,,,,,,"99999,9,09517,1","3,1,005,1,+999,9",,"4,99,0051,1","SYN011333   91110",
"07360099999","1990-05-21T00:00:00","4","46.1666666","1.8666666","551.0","GUERET, FR","FM-12","99999","V020","220,1,N,0021,1","99999,9,9,N","999999,9,N,9","+0125,1","+0125,1","10149,1","06,0000,9,1",,,"4,000",,,,,,,,,,,,,,"99999,9,09510,1","6,1,007,1,+999,9",,"4,99,0051,1","SYN011333   91110",
"07360099999","1990-05-21T03:00:00","4","46.1666666","1.8666666","551.0","GUERET, FR","FM-12","99999","V020","230,1,N,0062,1","99999,9,9,N","999999,9,N,9","+0125,1","+0125,1","10139,1","06,0000,9,1",,,"4,000",,,,,,,,,,,,,,"99999,9,09501,1","8,1,009,1,+999,9",,"4,99,0118,1","SYN011333   91123",
"07360099999","1990-05-21T06:00:00","4","46.1666666","1.8666666","551.0","GUERET, FR","FM-12","99999","V020","250,1,N,0031,1","00090,1,C,N","001200,1,N,9","+0123,1","+0123,1","10150,1","06,0000,9,1","24,0144,9,1",,"4,000",,,,,"07,1,+00090,9,07,9",,,"08,99,1,07,1,06,1,00075,1,99,9,99,9","0120,9","01,9","999,+0110,9","999,N,+0117,1",,"99999,9,09511,1","3,1,010,1,+999,9","10,1","4,99,0118,1","SYN041333   20117 30011 55020 70144 87703 91123",
"07360099999","1990-05-21T09:00:00","4","46.1666666","1.8666666","551.0","GUERET, FR","FM-12","99999","V020","230,1,N,0031,1","00600,1,C,N","012000,1,N,9","+0139,1","+0128,1","10154,1","06,0000,9,1",,,"4,000",,,,,"04,1,+00390,9,08,9","06,1,+00600,9,05,9",,"07,99,1,07,1,08,1,00450,1,99,9,99,9",,,,,,"99999,9,09518,1","1,1,007,1,+999,9",,"4,99,0088,1","SYN023333   84813 86620 91117",
"07360099999","1990-05-21T12:00:00","4","46.1666666","1.8666666","551.0","GUERET, FR","FM-12","99999","V020","210,1,N,0021,1","22000,1,C,N","020000,1,N,9","+0171,1","+0134,1","10146,1","06,0000,9,1",,,"4,000",,,,,"04,1,+00600,9,08,9","03,1,+07800,9,00,9",,"04,99,1,04,1,02,1,00800,1,00,1,02,1",,,,,,"99999,9,09517,1","8,1,001,1,+999,9",,"4,99,0088,1","SYN023333   84820 83076 91117",
"07360099999","1990-05-21T15:00:00","4","46.1666666","1.8666666","551.0","GUERET, FR","FM-12","99999","V020","250,1,N,0051,1","00690,1,C,N","020000,1,N,9","+0130,1","+0117,1","10147,1","03,0010,9,1",,,"0,001",,,"9,1,03,1","8,1,03,1","03,1,+00690,9,09,9","04,1,+00690,9,08,9",,"06,99,1,06,1,09,1,00800,1,00,1,00,1",,,,,,"99999,9,09509,1","6,1,008,1,+999,9","29,1","4,99,0160,1","SYN029333   60017 83923 84823 91131",
"07360099999","1990-05-21T18:00:00","4","46.1666666","1.8666666","551.0","GUERET, FR","FM-12","99999","V020","230,1,N,0031,1","99999,9,9,N","999999,9,N,9","+0138,1","+0111,1","10138,1","03,0006,9,1","99,0005,9,1",,"0,000",,,,,,,,,,,,"999,M,+0198,1",,"99999,9,09502,1","6,1,007,1,+999,9",,"4,99,0160,1","SYN023333   10198 69967 91131",
"07360099999","1990-05-21T21:00:00","4","46.1666666","1.8666666","551.0","GUERET, FR","FM-12","99999","V020","340,1,N,0021,1","99999,9,9,N","999999,9,N,9","+0123,1","+0123,1","10152,1","06,0000,9,1",,,"4,000",,,,,,,,,,,,,,"99999,9,09513,1","1,1,011,1,+999,9",,"4,99,0051,1","SYN011333   91110",
"07360099999","1990-05-22T00:00:00","4","46.1666666","1.8666666","551.0","GUERET, FR","FM-12","99999","V020","130,1,N,0010,1","99999,9,9,N","999999,9,N,9","+0119,1","+0117,1","10145,1","06,0000,9,1",,,"4,000",,,,,,,,,,,,,,"99999,9,09505,1","7,1,008,1,+999,9",,"4,99,0051,1","SYN011333   91110",
"07360099999","1990-05-22T03:00:00","4","46.1666666","1.8666666","551.0","GUERET, FR","FM-12","99999","V020","130,1,N,0021,1","99999,9,9,N","999999,9,N,9","+0117,1","+0112,1","10138,1","06,0000,9,1",,,"4,000",,,,,,,,,,,,,,"99999,9,09497,1","8,1,008,1,+999,9",,"4,99,0031,1","SYN011333   91106",
"07360099999","1990-05-22T06:00:00","4","46.1666666","1.8666666","551.0","GUERET, FR","FM-12","99999","V020","060,1,N,0010,1","22000,1,C,N","004000,1,N,9","+0127,1","+0121,1","10137,1","06,0000,9,1","24,0016,9,1",,"4,000",,,,,"01,1,+03000,9,03,9","04,1,+07500,9,00,9",,"04,99,1,01,1,00,1,99999,9,03,1,02,1","0180,9","01,9","999,+0090,9","999,N,+0113,1",,"99999,9,09499,1","3,1,002,1,+999,9","10,1","4,99,0041,1","SYN047333   20113 30009 55030 70016 81360 84075 91108",
"07360099999","1990-05-22T09:00:00","4","46.1666666","1.8666666","551.0","GUERET, FR","FM-12","99999","V020","050,1,N,0021,1","22000,1,C,N","004500,1,N,9","+0169,1","+0149,1","10124,1","06,0000,9,1",,,"4,000",,,"1,1,03,1","1,1,03,1","02,1,+00390,9,08,9","03,1,+07800,9,00,9",,"04,99,1,02,1,02,1,00450,1,00,1,02,1",,,,,,"99999,9,09497,1","8,1,002,1,+999,9","10,1","4,99,0051,1","SYN023333   82813 83076 91110",
"07360099999","1990-05-22T12:00:00","4","46.1666666","1.8666666","551.0","GUERET, FR","FM-12","99999","V020","040,1,N,0031,1","00690,1,C,N","012000,1,N,9","+0179,1","+0142,1","10114,1","06,0000,9,1",,,"4,000",,,,,"06,1,+00690,9,08,9","04,1,+03000,9,03,9",,"07,99,1,06,1,02,1,00800,1,03,1,99,9",,,,,,"99999,9,09489,1","6,1,008,1,+999,9",,"4,99,0088,1","SYN023333   86823 84360 91117",
"07360099999","1990-05-22T15:00:00","4","46.1666666","1.8666666","551.0","GUERET, FR","FM-12","99999","V020","050,1,N,0031,1","00060,1,C,N","000300,1,N,9","+0129,1","+0129,1","10127,1","03,0060,9,1",,,"0,001",,,"9,1,03,1","9,1,03,1","08,1,+00060,9,07,9",,,"08,99,1,08,1,07,1,00075,1,99,9,99,9",,,,,,"99999,9,09490,1","3,1,001,1,+999,9","95,1","4,99,0221,1","SYN023333   60067 88702 91143",
"07360099999","1990-05-22T18:00:00","4","46.1666666","1.8666666","551.0","GUERET, FR","FM-12","99999","V020","050,1,N,0021,1","99999,9,9,N","999999,9,N,9","+0130,1","+0130,1","10126,1","03,0002,9,1","99,0003,9,1",,"0,000",,,,,,,,,,,,"999,M,+0191,1",,"99999,9,09490,1","5,1,000,1,+999,9",,"4,99,0221,1","SYN023333   10191 69927 91143",
"07360099999","1990-05-22T21:00:00","4","46.1666666","1.8666666","551.0","GUERET, FR","FM-12","99999","V020","080,1,N,0031,1","99999,9,9,N","999999,9,N,9","+0124,1","+9999,9","10141,1","03,0050,9,1",,,"0,000",,,"4,1,03,1",,,,,,,,,,,"99999,9,09499,1","3,1,009,1,+999,9","21,1","4,99,0062,1","SYN017333   60057 91112",
"07360099999","1990-05-23T00:00:00","4","46.1666666","1.8666666","551.0","GUERET, FR","FM-12","99999","V020","150,1,N,0010,1","99999,9,9,N","999999,9,N,9","+0119,1","+9999,9","10139,1","03,0008,9,1","06,0010,9,1",,"0,000",,,,,,,,,,,,,,"99999,9,09496,1","7,1,003,1,+999,9",,"4,99,0062,1","SYN017333   69987 91112",
"07360099999","1990-05-23T03:00:00","4","46.1666666","1.8666666","551.0","GUERET, FR","FM-12","99999","V020","200,1,N,0021,1","99999,9,9,N","999999,9,N,9","+0118,1","+9999,9","10135,1","06,0000,9,1",,,"4,000",,,,,,,,,,,,,,"99999,9,09492,1","8,1,004,1,+999,9",,"4,99,0041,1","SYN011333   91108",
"07360099999","1990-05-23T06:00:00","4","46.1666666","1.8666666","551.0","GUERET, FR","FM-12","99999","V020","200,1,N,0021,1","00480,1,C,N","005000,1,N,9","+0124,1","+0124,1","10144,1","24,0122,9,1","99,0060,9,1",,"0,000",,,,,"03,1,+00180,9,07,9","06,1,+00480,9,05,9",,"07,99,1,06,1,05,1,00250,1,03,1,99,9","0288,9","09,9","999,+0110,9","999,N,+0116,1",,"99999,9,09501,1","3,1,009,1,+999,9",,"4,99,0072,1","SYN047333   20116 31011 55048 70122 83706 86616 91114",
"07360099999","1990-05-23T09:00:00","4","46.1666666","1.8666666","551.0","GUERET, FR","FM-12","99999","V020","230,1,N,0021,1","00600,1,C,N","030000,1,N,9","+0142,1","+0134,1","10142,1","06,0000,9,1",,,"4,000",,,,,"04,1,+00390,9,08,9","07,1,+00600,9,05,9",,"07,99,1,07,1,08,1,00450,1,99,9,99,9",,,,,,"99999,9,09507,1","3,1,006,1,+999,9",,"4,99,0062,1","SYN023333   84813 87620 91112",
"07360099999","1990-05-23T12:00:00","4","46.1666666","1.8666666","551.0","GUERET, FR","FM-12","99999","V020","330,1,N,0021,1","00600,1,C,N","030000,1,N,9","+0172,1","+0143,1","10134,1","06,0000,9,1",,,"4,000",,,,,"04,1,+00480,9,08,9","07,1,+00600,9,05,9",,"08,99,1,08,1,08,1,00450,1,99,9,99,9",,,,,,"99999,9,09506,1","8,1,001,1,+999,9",,"4,99,0062,1","SYN023333   84816 87620 91112",
"07360099999","1990-05-23T15:00:00","4","46.1666666","1.8666666","551.0","GUERET, FR","FM-12","99999","V020","010,1,N,0031,1","00600,1,C,N","030000,1,N,9","+0184,1","+0143,1","10122,1","06,0000,9,1",,,"4,000",,,,,"02,1,+00480,9,09,9","04,1,+00600,9,08,9","05,1,+06900,9,00,9","06,99,1,05,1,09,1,00450,1,00,1,02,1",,,,,,"99999,9,09498,1","6,1,008,1,+999,9",,"4,99,0051,1","SYN029333   82916 84820 85073 91110",
"07360099999","1990-05-23T18:00:00","4","46.1666666","1.8666666","551.0","GUERET, FR","FM-12","99999","V020","060,1,N,0010,1","99999,9,9,N","999999,9,N,9","+0139,1","+9999,9","10140,1","03,0070,9,1",,,"0,000",,,"4,1,06,1",,,,,,,,,"999,M,+0196,1",,"99999,9,09501,1","3,1,003,1,+999,9","21,1","4,99,0088,1","SYN023333   10196 60077 91117",
"07360099999","1990-05-23T21:00:00","4","46.1666666","1.8666666","551.0","GUERET, FR","FM-12","99999","V020","360,1,N,0021,1","99999,9,9,N","999999,9,N,9","+0133,1","+9999,9","10144,1","03,0040,9,1",,,"0,000",,,"4,1,03,1",,,,,,,,,,,"99999,9,09503,1","2,1,002,1,+999,9","42,1","4,99,0051,1","SYN017333   60047 91110",
"07360099999","1990-05-24T09:00:00","4","46.1666666","1.8666666","551.0","GUERET, FR","FM-12","99999","V020","320,1,N,0010,1","00090,1,C,N","000600,1,N,9","+0106,1","+0106,1","10136,1",,,,"2,001",,,"6,1,03,1","6,1,03,1","07,1,+00090,9,07,9",,,"08,99,1,07,1,07,1,00150,1,99,9,99,9",,,,,,"99999,9,09493,1","3,1,008,1,+999,9","61,1",,"SYN011333   87703",
"07360099999","1990-05-24T12:00:00","4","46.1666666","1.8666666","551.0","GUERET, FR","FM-12","99999","V020","020,1,N,0021,1","00090,1,C,N","000600,1,N,9","+0122,1","+0122,1","10137,1","06,0100,9,1",,,"0,001",,,"6,1,06,1","4,1,06,1","07,1,+00090,9,07,9",,,"08,99,1,07,1,07,1,00150,1,99,9,99,9",,,,,,"99999,9,09497,1","2,1,004,1,+999,9","61,1",,"SYN011333   87703",
"07360099999","1990-05-24T15:00:00","4","46.1666666","1.8666666","551.0","GUERET, FR","FM-12","99999","V020","010,1,N,0041,1","99999,9,9,N","999999,9,N,9","+0127,1","+9999,9","10149,1","03,0060,9,1",,,"0,000",,,"4,1,03,1",,,,,,,,,,,"99999,9,09507,1",,"41,1","4,99,0082,1","SYN017333   60067 91116",
"07360099999","1990-05-24T18:00:00","4","46.1666666","1.8666666","551.0","GUERET, FR","FM-12","99999","V020","290,1,N,0021,1","99999,9,9,N","999999,9,N,9","+0124,1","+0124,1","10155,1","99,0170,9,1",,,"0,000",,,"4,1,06,1",,,,,,,,,"999,M,+0130,1",,"99999,9,09512,1","3,1,005,1,+999,9","21,1","4,99,0082,1","SYN017333   10130 91116",
"07360099999","1990-05-24T21:00:00","4","46.1666666","1.8666666","551.0","GUERET, FR","FM-12","99999","V020","010,1,N,0031,1","99999,9,9,N","999999,9,N,9","+0124,1","+0124,1","10167,1","06,0000,9,1",,,"4,000",,,,,,,,,,,,,,"99999,9,09527,1","2,1,015,1,+999,9",,"4,99,0072,1","SYN011333   91114",
"07360099999","1990-05-25T00:00:00","4","46.1666666","1.8666666","551.0","GUERET, FR","FM-12","99999","V020","010,1,N,0021,1","99999,9,9,N","999999,9,N,9","+0116,1","+0116,1","10178,1","06,0000,9,1",,,"4,000",,,,,,,,,,,,,,"99999,9,09535,1","1,1,008,1,+999,9",,"4,99,0082,1","SYN011333   91116",
"07360099999","1990-05-25T03:00:00","4","46.1666666","1.8666666","551.0","GUERET, FR","FM-12","99999","V020","010,1,N,0031,1","99999,9,9,N","999999,9,N,9","+0092,1","+0092,1","10189,1","06,0000,9,1",,,"4,000",,,,,,,,,,,,,,"99999,9,09540,1","1,1,005,1,+999,9",,"4,99,0072,1","SYN011333   91114",
"07360099999","1990-05-25T06:00:00","4","46.1666666","1.8666666","551.0","GUERET, FR","FM-12","99999","V020","060,1,N,0010,1","22000,1,C,N","005000,1,N,9","+0088,1","+0088,1","10204,1","06,0000,9,1",,,"4,000",,,,,"03,1,+00090,9,07,9",,,"03,99,1,03,1,06,1,00150,1,00,1,00,1",,"09,9","999,+0070,9","999,N,+0081,1",,"99999,9,09549,1","3,1,009,1,+999,9",,"4,99,0072,1","SYN035333   20081 31007 55/// 83703 91114",
"07360099999","1990-05-25T09:00:00","4","46.1666666","1.8666666","551.0","GUERET, FR","FM-12","99999","V020","040,1,N,0021,1","22000,1,C,N","006000,1,N,9","+0135,1","+0117,1","10196,1","06,0000,9,1",,,"4,000",,,,,"02,1,+00330,9,08,9",,,"02,99,1,02,1,01,1,00450,1,00,1,00,1",,,,,,"99999,9,09556,1","1,1,007,1,+999,9",,"4,99,0041,1","SYN017333   82811 91108",
"07360099999","1990-05-25T12:00:00","4","46.1666666","1.8666666","551.0","GUERET, FR","FM-12","99999","V020","020,1,N,0031,1","00780,1,C,N","010000,1,N,9","+0166,1","+0109,1","10192,1","06,0000,9,1",,,"4,000",,,,,"05,1,+00780,9,08,9",,,"05,99,1,05,1,02,1,00800,1,00,1,00,1",,,,,,"99999,9,09559,1","1,1,003,1,+999,9",,"4,99,0072,1","SYN017333   85826 91114",
"07360099999","1990-05-25T15:00:00","4","46.1666666","1.8666666","551.0","GUERET, FR","FM-12","99999","V020","050,1,N,0021,1","22000,1,C,N","015000,1,N,9","+0169,1","+0101,1","10189,1","06,0000,9,1",,,"4,000",,,,,"04,1,+00990,9,08,9",,,"04,99,1,04,1,02,1,01250,1,00,1,00,1",,,,,,"99999,9,09557,1","7,1,002,1,+999,9",,"4,99,0082,1","SYN017333   84833 91116",
"07360099999","1990-05-26T06:00:00","4","46.1666666","1.8666666","551.0","GUERET, FR","FM-12","99999","V020","090,1,N,0010,1","22000,1,C,N","015000,1,N,9","+0096,1","+0070,1","10213,1",,,,"2,000",,,,,"04,1,+07800,9,00,9",,,"04,99,1,00,1,00,1,99999,9,00,1,01,1","0636,9","01,9","999,+0070,9","999,M,+0182,1","999,N,+0078,1","99999,9,09563,1","2,1,001,1,+999,9",,,"SYN035333   10182 20078 30007 55106 84076",
"07360099999","1990-05-26T09:00:00","4","46.1666666","1.8666666","551.0","GUERET, FR","FM-12","99999","V020","050,1,N,0021,1","22000,1,C,N","025000,1,N,9","+0139,1","+0093,1","10210,1",,,,"2,000",,,,,"03,1,+07800,9,00,9",,,"03,99,1,00,1,00,1,99999,9,00,1,01,1",,,,,,"99999,9,09570,1",,,,"SYN011333   83076",
"07360099999","1990-05-26T12:00:00","4","46.1666666","1.8666666","551.0","GUERET, FR","FM-12","99999","V020","040,1,N,0031,1","22000,1,C,N","025000,1,N,9","+0168,1","+0090,1","10202,1",,,,"2,000",,,,,"04,1,+00990,9,08,9",,,"05,99,1,04,1,01,1,01250,1,00,1,01,1",,,,,,"99999,9,09568,1","8,1,002,1,+999,9",,,"SYN011333   84833",
"07360099999","1990-05-26T15:00:00","4","46.1666666","1.8666666","551.0","GUERET, FR","FM-12","99999","V020","040,1,N,0041,1","99999,9,9,N","999999,9,N,9","+0167,1","+0094,1","10199,1","06,0000,9,1",,,"4,000",,,,,,,,,,,,,,"99999,9,09565,1","8,1,003,1,+999,9",,"4,99,0082,1","SYN011333   91116",
"07360099999","1990-05-27T06:00:00","4","46.1666666","1.8666666","551.0","GUERET, FR","FM-12","99999","V020","070,1,N,0021,1","22000,1,C,N","015000,1,N,9","+0100,1","+0054,1","10217,1",,,,"2,000",,,,,,,,"00,99,1,00,1,00,1,99999,9,00,1,00,1","0660,9","01,9","999,+0070,9","999,M,+0179,1","999,N,+0082,1","99999,9,09567,1","3,1,004,1,+999,9",,,"SYN029333   10179 20082 30007 55110",
"07360099999","1990-05-27T09:00:00","4","46.1666666","1.8666666","551.0","GUERET, FR","FM-12","99999","V020","060,1,N,0031,1","22000,1,C,N","025000,1,N,9","+0157,1","+0082,1","10211,1","06,0000,9,1",,,"4,000",,,,,,,,"00,99,1,00,1,00,1,99999,9,00,1,00,1",,,,,,"99999,9,09574,1","1,1,007,1,+999,9",,"4,99,0072,1","SYN011333   91114",
"07360099999","1990-05-27T12:00:00","4","46.1666666","1.8666666","551.0","GUERET, FR","FM-12","99999","V020","060,1,N,0041,1","22000,1,C,N","025000,1,N,9","+0174,1","+0075,1","10209,1","06,0000,9,1",,,"4,000",,,,,"02,1,+00990,9,08,9",,,"02,99,1,02,1,01,1,01250,1,00,1,00,1",,,,,,"99999,9,09576,1","0,1,002,1,+999,9",,"4,99,0098,1","SYN017333   82833 91119",
"07360099999","1990-05-27T15:00:00","4","46.1666666","1.8666666","551.0","GUERET, FR","FM-12","99999","V020","030,1,N,0051,1","99999,9,9,N","999999,9,N,9","+0180,1","+0071,1","10212,1","06,0000,9,1",,,"4,000",,,,,,,,,,,,,,"99999,9,09580,1","1,1,004,1,+999,9",,"4,99,0108,1","SYN011333   91121",
"07360099999","1990-05-27T18:00:00","4","46.1666666","1.8666666","551.0","GUERET, FR","FM-12","99999","V020","030,1,N,0031,1","99999,9,9,N","999999,9,N,9","+0158,1","+0048,1","10219,1","06,0000,9,1",,,"4,000",,,,,,,,,,,,"999,M,+0186,1",,"99999,9,09581,1","3,1,001,1,+999,9",,"4,99,0108,1","SYN017333   10186 91121",
"07360099999","1990-05-27T21:00:00","4","46.1666666","1.8666666","551.0","GUERET, FR","FM-12","99999","V020","040,1,N,0031,1","99999,9,9,N","999999,9,N,9","+0120,1","+0052,1","10247,1","06,0000,9,1",,,"4,000",,,,,,,,,,,,,,"99999,9,09599,1","3,1,018,1,+999,9",,"4,99,0082,1","SYN011333   91116",
"07360099999","1990-05-28T00:00:00","4","46.1666666","1.8666666","551.0","GUERET, FR","FM-12","99999","V020","030,1,N,0021,1","99999,9,9,N","999999,9,N,9","+0099,1","+0034,1","10256,1","06,0000,9,1",,,"4,000",,,,,,,,,,,,,,"99999,9,09603,1","1,1,004,1,+999,9",,"4,99,0082,1","SYN011333   91116",
"07360099999","1990-05-28T03:00:00","4","46.1666666","1.8666666","551.0","GUERET, FR","FM-12","99999","V020","010,1,N,0010,1","99999,9,9,N","999999,9,N,9","+0090,1","+0032,1","10262,1","06,0000,9,1",,,"4,000",,,,,,,,,,,,,,"99999,9,09606,1","3,1,003,1,+999,9",,"4,99,0072,1","SYN011333   91114",
"07360099999","1990-05-28T06:00:00","4","46.1666666","1.8666666","551.0","GUERET, FR","FM-12","99999","V020","030,1,N,0021,1","22000,1,C,N","025000,1,N,9","+0105,1","+0042,1","10266,1","06,0000,9,1",,,"4,000",,,,,,,,"00,99,1,00,1,00,1,99999,9,00,1,00,1",,"01,9","999,+0060,9","999,N,+0083,1",,"99999,9,09613,1","3,1,007,1,+999,9",,"4,99,0072,1","SYN029333   20083 30006 55/// 91114",
"07360099999","1990-05-28T09:00:00","4","46.1666666","1.8666666","551.0","GUERET, FR","FM-12","99999","V020","020,1,N,0041,1","22000,1,C,N","020000,1,N,9","+0159,1","+0046,1","10267,1","06,0000,9,1",,,"4,000",,,,,,,,"00,99,1,00,1,00,1,99999,9,00,1,00,1",,,,,,"99999,9,09626,1","1,1,013,1,+999,9",,"4,99,0082,1","SYN011333   91116",
"07360099999","1990-05-28T12:00:00","4","46.1666666","1.8666666","551.0","GUERET, FR","FM-12","99999","V020","030,1,N,0041,1","22000,1,C,N","030000,1,N,9","+0182,1","+0054,1","10262,1","06,0000,9,1",,,"4,000",,,,,"01,1,+01380,9,08,9",,,"01,99,1,01,1,01,1,01250,1,00,1,00,1",,,,,,"99999,9,09627,1","1,1,001,1,+999,9",,"4,99,0088,1","SYN017333   81846 91117",
"07360099999","1990-05-28T15:00:00","4","46.1666666","1.8666666","551.0","GUERET, FR","FM-12","99999","V020","010,1,N,0051,1","22000,1,C,N","030000,1,N,9","+0185,1","+0047,1","10254,1","06,0000,9,1",,,"4,000",,,,,"02,1,+01380,9,08,9",,,"02,99,1,02,1,01,1,01250,1,00,1,00,1",,,,,,"99999,9,09620,1","8,1,007,1,+999,9",,"4,99,0098,1","SYN017333   82846 91119",
"07360099999","1990-05-28T18:00:00","4","46.1666666","1.8666666","551.0","GUERET, FR","FM-12","99999","V020","030,1,N,0031,1","99999,9,9,N","999999,9,N,9","+0157,1","+0028,1","10257,1","06,0000,9,1",,,"4,000",,,,,,,,,,,,"999,M,+0193,1",,"99999,9,09616,1","6,1,004,1,+999,9",,"4,99,0098,1","SYN017333   10193 91119",
"07360099999","1990-05-28T21:00:00","4","46.1666666","1.8666666","551.0","GUERET, FR","FM-12","99999","V020","040,1,N,0021,1","99999,9,9,N","999999,9,N,9","+0115,1","+0043,1","10277,1","06,0000,9,1",,,"4,000",,,,,,,,,,,,,,"99999,9,09626,1","2,1,010,1,+999,9",,"4,99,0082,1","SYN011333   91116",
"07360099999","1990-05-29T03:00:00","4","46.1666666","1.8666666","551.0","GUERET, FR","FM-12","99999","V020","070,1,N,0021,1","99999,9,9,N","999999,9,N,9","+0088,1","+0036,1","10265,1","06,0000,9,1",,,"4,000",,,,,,,,,,,,,,"99999,9,09609,1","6,1,010,1,+999,9",,"4,99,0041,1","SYN011333   91108",
"07360099999","1990-05-29T06:00:00","4","46.1666666","1.8666666","551.0","GUERET, FR","FM-12","99999","V020","080,1,N,0021,1","22000,1,C,N","006000,1,N,9","+0105,1","+0042,1","10260,1","06,0000,9,1",,,"4,000",,,,,"01,1,+03000,9,03,9",,,"01,99,1,01,1,00,1,99999,9,03,1,00,1","0744,9","01,9","999,+0050,9","999,N,+0088,1",,"99999,9,09608,1","5,1,001,1,+999,9",,"4,99,0051,1","SYN035333   20088 30005 55124 81360 91110",
"07360099999","1990-05-29T09:00:00","4","46.1666666","1.8666666","551.0","GUERET, FR","FM-12","99999","V020","040,1,N,0031,1","22000,1,C,N","009000,1,N,9","+0144,1","+0057,1","10251,1","06,0000,9,1",,,"4,000",,,,,,,,"00,99,1,00,1,00,1,99999,9,00,1,00,1",,,,,,"99999,9,09608,1","0,1,000,1,+999,9",,"4,99,0062,1","SYN011333   91112",
"07360099999","1990-05-29T15:00:00","4","46.1666666","1.8666666","551.0","GUERET, FR","FM-12","99999","V020","030,1,N,0021,1","07800,1,C,N","025000,1,N,9","+0175,1","+0051,1","10225,1","06,0000,9,1",,,"4,000",,,,,"06,1,+07800,9,00,9",,,"06,99,1,00,1,00,1,99999,9,00,1,01,1",,,,,,"99999,9,09590,1","6,1,012,1,+999,9",,"4,99,0062,1","SYN017333   86076 91112",
"07360099999","1990-05-29T18:00:00","4","46.1666666","1.8666666","551.0","GUERET, FR","FM-12","99999","V020","030,1,N,0031,1","99999,9,9,N","999999,9,N,9","+0153,1","+0047,1","10222,1","06,0000,9,1",,,"4,000",,,,,,,,,,,,"999,M,+0178,1",,"99999,9,09583,1","7,1,007,1,+999,9",,"4,99,0072,1","SYN017333   10178 91114",
"07360099999","1990-05-29T21:00:00","4","46.1666666","1.8666666","551.0","GUERET, FR","FM-12","99999","V020","090,1,N,0010,1","99999,9,9,N","999999,9,N,9","+0131,1","+0050,1","10226,1","06,0000,9,1",,,"4,000",,,,,,,,,,,,,,"99999,9,09582,1","8,1,001,1,+999,9",,"4,99,0051,1","SYN011333   91110",
"07360099999","1990-05-30T00:00:00","4","46.1666666","1.8666666","551.0","GUERET, FR","FM-12","99999","V020","140,1,N,0021,1","99999,9,9,N","999999,9,N,9","+0124,1","+0041,1","10219,1","06,0000,9,1",,,"4,000",,,,,,,,,,,,,,"99999,9,09573,1","8,1,009,1,+999,9",,"4,99,0051,1","SYN011333   91110",
"07360099999","1990-05-30T03:00:00","4","46.1666666","1.8666666","551.0","GUERET, FR","FM-12","99999","V020","160,1,N,0010,1","99999,9,9,N","999999,9,N,9","+0125,1","+0021,1","10207,1","06,0000,9,1",,,"4,000",,,,,,,,,,,,,,"99999,9,09562,1","8,1,011,1,+999,9",,"4,99,0031,1","SYN011333   91106",
"07360099999","1990-05-30T06:00:00","4","46.1666666","1.8666666","551.0","GUERET, FR","FM-12","99999","V020","210,1,N,0010,1","03000,1,C,N","015000,1,N,9","+0126,1","+0036,1","10206,1","06,0000,9,1",,,"4,000",,,,,"06,1,+03000,9,03,9","05,1,+07800,9,00,9",,"07,99,1,06,1,00,1,99999,9,03,1,02,1","0630,9","01,9","999,+0100,9","999,N,+0123,1",,"99999,9,09562,1","5,1,000,1,+999,9",,"4,99,0031,1","SYN041333   20123 30010 55105 86360 85076 91106",
"07360099999","1990-05-30T09:00:00","4","46.1666666","1.8666666","551.0","GUERET, FR","FM-12","99999","V020","100,1,N,0010,1","03000,1,C,N","015000,1,N,9","+0142,1","+0061,1","10206,1","06,0000,9,1",,,"4,000",,,,,"07,1,+03000,9,03,9",,,"07,99,1,07,1,00,1,99999,9,07,1,99,9",,,,,,"99999,9,09566,1","1,1,004,1,+999,9",,"4,99,0031,1","SYN017333   87360 91106",
"07360099999","1990-05-30T12:00:00","4","46.1666666","1.8666666","551.0","GUERET, FR","FM-12","99999","V020","020,1,N,0021,1","03300,1,C,N","025000,1,N,9","+0178,1","+0063,1","10196,1","06,0000,9,1",,,"4,000",,,,,"02,1,+01200,9,08,9","04,1,+03300,9,03,9",,"05,99,1,02,1,01,1,01250,1,03,1,00,1",,,,,,"99999,9,09564,1","8,1,002,1,+999,9",,"4,99,0051,1","SYN023333   82840 84361 91110",
"07360099999","1990-05-30T15:00:00","4","46.1666666","1.8666666","551.0","GUERET, FR","FM-12","99999","V020","360,1,N,0021,1","03300,1,C,N","025000,1,N,9","+0175,1","+0070,1","10193,1","06,0000,9,1",,,"4,000",,,,,"04,1,+01290,9,08,9","04,1,+03300,9,03,9",,"06,99,1,04,1,01,1,01250,1,03,1,00,1",,,,,,"99999,9,09561,1","5,1,003,1,+999,9",,"4,99,0062,1","SYN023333   84843 84361 91112",
"07360099999","1990-05-30T18:00:00","4","46.1666666","1.8666666","551.0","GUERET, FR","FM-12","99999","V020","030,1,N,0021,1","99999,9,9,N","999999,9,N,9","+0165,1","+0072,1","10194,1","06,0000,9,1",,,"4,000",,,,,,,,,,,,"999,M,+0185,1",,"99999,9,09560,1","5,1,001,1,+999,9",,"4,99,0062,1","SYN017333   10185 91112",
"07360099999","1990-05-30T21:00:00","4","46.1666666","1.8666666","551.0","GUERET, FR","FM-12","99999","V020","100,1,N,0031,1","99999,9,9,N","999999,9,N,9","+0132,1","+0072,1","10210,1","06,0000,9,1",,,"4,000",,,,,,,,,,,,,,"99999,9,09568,1","3,1,008,1,+999,9",,"4,99,0072,1","SYN011333   91114",
"07360099999","1990-05-31T00:00:00","4","46.1666666","1.8666666","551.0","GUERET, FR","FM-12","99999","V020","130,1,N,0031,1","99999,9,9,N","999999,9,N,9","+0120,1","+0054,1","10209,1","06,0000,9,1",,,"4,000",,,,,,,,,,,,,,"99999,9,09563,1","8,1,005,1,+999,9",,"4,99,0072,1","SYN011333   91114",
"07360099999","1990-05-31T03:00:00","4","46.1666666","1.8666666","551.0","GUERET, FR","FM-12","99999","V020","130,1,N,0031,1","99999,9,9,N","999999,9,N,9","+0102,1","+0054,1","10200,1","06,0000,9,1",,,"4,000",,,,,,,,,,,,,,"99999,9,09552,1","8,1,011,1,+999,9",,"4,99,0072,1","SYN011333   91114",
"07360099999","1990-05-31T06:00:00","4","46.1666666","1.8666666","551.0","GUERET, FR","FM-12","99999","V020","120,1,N,0031,1","22000,1,C,N","020000,1,N,9","+0130,1","+0068,1","10199,1","06,0000,9,1",,,"4,000",,,,,"03,1,+07800,9,00,9",,,"03,99,1,00,1,00,1,99999,9,00,1,01,1","0210,9","01,9","999,+0080,9","999,N,+0100,1",,"99999,9,09557,1","1,1,005,1,+999,9",,"4,99,0072,1","SYN035333   20100 30008 55035 83076 91114",
"07360099999","1990-05-31T09:00:00","4","46.1666666","1.8666666","551.0","GUERET, FR","FM-12","99999","V020","090,1,N,0021,1","22000,1,C,N","030000,1,N,9","+0172,1","+0084,1","10193,1","06,0000,9,1",,,"4,000",,,,,,,,"00,99,1,00,1,00,1,99999,9,00,1,00,1",,,,,,"99999,9,09560,1","0,1,003,1,+999,9",,"4,99,0062,1","SYN011333   91112",
"07360099999","1990-05-31T12:00:00","4","46.1666666","1.8666666","551.0","GUERET, FR","FM-12","99999","V020","040,1,N,0021,1","22000,1,C,N","030000,1,N,9","+0207,1","+0096,1","10174,1","06,0000,9,1",,,"4,000",,,,,"02,1,+01500,9,08,9",,,"02,99,1,02,1,01,1,01750,1,00,1,00,1",,,,,,"99999,9,09550,1","7,1,010,1,+999,9",,"4,99,0062,1","SYN017333   82850 91112",
"07360099999","1990-05-31T15:00:00","4","46.1666666","1.8666666","551.0","GUERET, FR","FM-12","99999","V020","050,1,N,0021,1","22000,1,C,N","030000,1,N,9","+0219,1","+0110,1","10159,1","06,0000,9,1",,,"4,000",,,,,"03,1,+01500,9,08,9",,,"03,99,1,03,1,01,1,01750,1,00,1,00,1",,,,,,"99999,9,09539,1","8,1,011,1,+999,9",,"4,99,0072,1","SYN017333   83850 91114",
"07360099999","1990-05-31T18:00:00","4","46.1666666","1.8666666","551.0","GUERET, FR","FM-12","99999","V020","050,1,N,0010,1","99999,9,9,N","999999,9,N,9","+0204,1","+0113,1","10157,1","06,0000,9,1",,,"4,000",,,,,,,,,,,,"999,M,+0224,1",,"99999,9,09534,1","6,1,005,1,+999,9",,"4,99,0072,1","SYN017333   10224 91114",
"07360099999","1990-05-31T21:00:00","4","46.1666666","1.8666666","551.0","GUERET, FR","FM-12","99999","V020","100,1,N,0021,1","99999,9,9,N","999999,9,N,9","+0176,1","+0102,1","10173,1","06,0000,9,1",,,"4,000",,,,,,,,,,,,,,"99999,9,09543,1","3,1,009,1,+999,9",,"4,99,0041,1","SYN011333   91108",
"07360099999","1990-06-01T00:00:00","4","46.1666666","1.8666666","551.0","GUERET, FR","FM-12","99999","V020","190,1,N,0041,1","99999,9,9,N","999999,9,N,9","+0152,1","+0102,1","10177,1","06,0000,9,1",,,"4,000",,,,,,,,,,,,,,"99999,9,09542,1","8,1,001,1,+999,9",,"4,99,0088,1","SYN011333   91117",
"07360099999","1990-06-01T03:00:00","4","46.1666666","1.8666666","551.0","GUERET, FR","FM-12","99999","V020","170,1,N,0051,1","99999,9,9,N","999999,9,N,9","+0140,1","+0064,1","10175,1","06,0000,9,1",,,"4,000",,,,,,,,,,,,,,"99999,9,09536,1","8,1,006,1,+999,9",,"4,99,0082,1","SYN011333   91116",
"07360099999","1990-06-01T06:00:00","4","46.1666666","1.8666666","551.0","GUERET, FR","FM-12","99999","V020","170,1,N,0031,1","22000,1,C,N","015000,1,N,9","+0157,1","+0075,1","10170,1","06,0000,9,1",,,"4,000",,,,,"04,1,+07800,9,00,9",,,"04,99,1,00,1,00,1,99999,9,00,1,02,1","0678,9","01,9","999,+0110,9","999,N,+0134,1",,"99999,9,09536,1","5,1,000,1,+999,9",,"4,99,0108,1","SYN035333   20134 30011 55113 84076 91121",
"07360099999","1990-06-01T09:00:00","4","46.1666666","1.8666666","551.0","GUERET, FR","FM-12","99999","V020","200,1,N,0031,1","22000,1,C,N","025000,1,N,9","+0206,1","+0118,1","10158,1","06,0000,9,1",,,"4,000",,,,,"04,1,+07800,9,00,9",,,"04,99,1,00,1,00,1,99999,9,00,1,02,1",,,,,,"99999,9,09535,1","8,1,001,1,+999,9",,"4,99,0088,1","SYN017333   84076 91117",
"07360099999","1990-06-01T12:00:00","4","46.1666666","1.8666666","551.0","GUERET, FR","FM-12","99999","V020","210,1,N,0031,1","07800,1,C,N","030000,1,N,9","+0232,1","+0131,1","10143,1","06,0000,9,1",,,"4,000",,,,,"05,1,+07800,9,00,9",,,"05,99,1,00,1,00,1,99999,9,00,1,02,1",,,,,,"99999,9,09527,1","8,1,008,1,+999,9",,"4,99,0108,1","SYN017333   85076 91121",
"07360099999","1990-06-01T15:00:00","4","46.1666666","1.8666666","551.0","GUERET, FR","FM-12","99999","V020","210,1,N,0051,1","07800,1,C,N","030000,1,N,9","+0249,1","+0155,1","10125,1","06,0000,9,1",,,"4,000",,,,,"05,1,+07800,9,00,9",,,"05,99,1,00,1,00,1,99999,9,00,1,02,1",,,,,,"99999,9,09514,1","8,1,013,1,+999,9",,"4,99,0129,1","SYN017333   85076 91125",
"07360099999","1990-06-01T18:00:00","4","46.1666666","1.8666666","551.0","GUERET, FR","FM-12","99999","V020","230,1,N,0041,1","99999,9,9,N","999999,9,N,9","+0231,1","+0162,1","10123,1","06,0000,9,1",,,"4,000",,,,,,,,,,,,"999,M,+0253,1",,"99999,9,09508,1","5,1,006,1,+999,9",,"4,99,0139,1","SYN017333   10253 91127",
"07360099999","1990-06-01T21:00:00","4","46.1666666","1.8666666","551.0","GUERET, FR","FM-12","99999","V020","240,1,N,0051,1","99999,9,9,N","999999,9,N,9","+0202,1","+0156,1","10133,1","06,0000,9,1",,,"4,000",,,,,,,,,,,,,,"99999,9,09512,1","3,1,004,1,+999,9",,"4,99,0139,1","SYN011333   91127",
"07360099999","1990-06-02T00:00:00","4","46.1666666","1.8666666","551.0","GUERET, FR","FM-12","99999","V020","230,1,N,0082,1","99999,9,9,N","999999,9,N,9","+0171,1","+0132,1","10137,1","06,0000,9,1",,,"4,000",,,,,,,,,,,,,,"99999,9,09509,1","5,1,003,1,+999,9",,"4,99,0190,1","SYN011333   91137",
"07360099999","1990-06-02T03:00:00","4","46.1666666","1.8666666","551.0","GUERET, FR","FM-12","99999","V020","230,1,N,0051,1","99999,9,9,N","999999,9,N,9","+0145,1","+0139,1","10144,1","06,0000,9,1",,,"4,000",,,,,,,,,,,,,,"99999,9,09510,1","3,1,001,1,+999,9",,"4,99,0190,1","SYN011333   91137",
"07360099999","1990-06-02T06:00:00","4","46.1666666","1.8666666","551.0","GUERET, FR","FM-12","99999","V020","280,1,N,0041,1","00090,1,C,N","003000,1,N,9","+0125,1","+0125,1","10157,1","03,9999,2,9","24,9999,2,9",,"0,000",,,"2,1,06,1","2,1,06,1","06,1,+00090,9,07,9","08,1,+00780,9,05,9",,"08,99,1,08,1,05,1,00150,1,99,9,99,9","0708,9","09,9","999,+0120,9","999,N,+0125,1",,"99999,9,09518,1","3,1,008,1,+999,9","50,1","4,99,0190,1","SYN053333   20125 31012 55118 69907 79999 86703 88626 91137",
"07360099999","1990-06-02T09:00:00","4","46.1666666","1.8666666","551.0","GUERET, FR","FM-12","99999","V020","270,1,N,0041,1","00990,1,C,N","010000,1,N,9","+0117,1","+0086,1","10174,1","03,0002,9,1","99,0003,9,1",,"0,000",,,"5,1,03,1","2,1,03,1","01,1,+00390,9,08,9","07,1,+00990,9,05,9",,"08,99,1,07,1,08,1,00450,1,99,9,99,9",,,,,,"99999,9,09531,1","1,1,013,1,+999,9","02,1","4,99,0098,1","SYN029333   69927 81813 87633 91119",
"07360099999","1990-06-02T12:00:00","4","46.1666666","1.8666666","551.0","GUERET, FR","FM-12","99999","V020","270,1,N,0051,1","00480,1,C,N","050000,1,N,9","+0145,1","+0082,1","10168,1","06,0003,9,1",,,"0,000",,,"5,1,06,1","2,1,06,1","05,1,+00480,9,08,9","07,1,+06900,9,00,9",,"07,99,1,05,1,02,1,00450,1,00,1,02,1",,,,,,"99999,9,09531,1","0,1,000,1,+999,9","02,1","4,99,0118,1","SYN023333   85816 87073 91123",
"07360099999","1990-06-02T15:00:00","4","46.1666666","1.8666666","551.0","GUERET, FR","FM-12","99999","V020","280,1,N,0051,1","99999,9,9,N","999999,9,N,9","+0159,1","+0082,1","10161,1","06,0000,9,1",,,"4,000",,,,,,,,,,,,,,"99999,9,09527,1","8,1,004,1,+999,9",,"4,99,0108,1","SYN011333   91121",
"07360099999","1990-06-02T18:00:00","4","46.1666666","1.8666666","551.0","GUERET, FR","FM-12","99999","V020","260,1,N,0041,1","99999,9,9,N","999999,9,N,9","+0145,1","+0085,1","10158,1","99,0003,9,1",,,"0,000",,,,,,,,,,,,"999,M,+0165,1",,"99999,9,09522,1","8,1,005,1,+999,9",,"4,99,0118,1","SYN017333   10165 91123",
"07360099999","1990-06-02T21:00:00","4","46.1666666","1.8666666","551.0","GUERET, FR","FM-12","99999","V020","250,1,N,0051,1","99999,9,9,N","999999,9,N,9","+0121,1","+0093,1","10163,1","06,0000,9,1",,,"4,000",,,,,,,,,,,,,,"99999,9,09522,1","0,1,000,1,+999,9",,"4,99,0098,1","SYN011333   91119",
"07360099999","1990-06-03T00:00:00","4","46.1666666","1.8666666","551.0","GUERET, FR","FM-12","99999","V020","250,1,N,0051,1","99999,9,9,N","999999,9,N,9","+0102,1","+0085,1","10167,1","06,0000,9,1",,,"4,000",,,,,,,,,,,,,,"99999,9,09521,1","8,1,001,1,+999,9",,"4,99,0098,1","SYN011333   91119",
"07360099999","1990-06-03T03:00:00","4","46.1666666","1.8666666","551.0","GUERET, FR","FM-12","99999","V020","260,1,N,0041,1","99999,9,9,N","999999,9,N,9","+0084,1","+0084,1","10165,1","06,0000,9,1",,,"4,000",,,,,,,,,,,,,,"99999,9,09516,1","6,1,005,1,+999,9",,"4,99,0088,1","SYN011333   91117",
"07360099999","1990-06-03T06:00:00","4","46.1666666","1.8666666","551.0","GUERET, FR","FM-12","99999","V020","240,1,N,0041,1","00300,1,C,N","010000,1,N,9","+0095,1","+0095,1","10158,1","06,0000,9,1","24,0002,9,1",,"4,000",,,,,"03,1,+00090,9,07,9","04,1,+00300,9,05,9","06,1,+06900,9,00,9","07,99,1,05,1,05,1,00150,1,00,1,01,1","0144,9","01,9","999,+0070,9","999,N,+0082,1",,"99999,9,09511,1","6,1,005,1,+999,9",,"4,99,0088,1","SYN053333   20082 30007 55024 70002 83703 84610 86073 91117",
"07360099999","1990-06-03T09:00:00","4","46.1666666","1.8666666","551.0","GUERET, FR","FM-12","99999","V020","240,1,N,0031,1","00600,1,C,N","030000,1,N,9","+0122,1","+0101,1","10149,1","06,0000,9,1",,,"4,000",,,,,"03,1,+00390,9,08,9","07,1,+00600,9,05,9",,"08,99,1,07,1,08,1,00450,1,99,9,99,9",,,,,,"99999,9,09509,1","8,1,002,1,+999,9",,"4,99,0088,1","SYN023333   83813 87620 91117",
"07360099999","1990-06-03T12:00:00","4","46.1666666","1.8666666","551.0","GUERET, FR","FM-12","99999","V020","200,1,N,0041,1","00600,1,C,N","050000,1,N,9","+0163,1","+0117,1","10131,1","06,0000,9,1",,,"4,000",,,,,"07,1,+00600,9,05,9",,,"08,99,1,07,1,05,1,00800,1,99,9,99,9",,,,,,"99999,9,09501,1","7,1,008,1,+999,9",,"4,99,0088,1","SYN017333   87620 91117",
"07360099999","1990-06-03T15:00:00","4","46.1666666","1.8666666","551.0","GUERET, FR","FM-12","99999","V020","240,1,N,0031,1","99999,9,9,N","999999,9,N,9","+0163,1","+0117,1","10118,1","06,0000,9,1",,,"4,000",,,,,,,,,,,,,,"99999,9,09489,1","8,1,012,1,+999,9",,"4,99,0098,1","SYN011333   91119",
"07360099999","1990-06-03T18:00:00","4","46.1666666","1.8666666","551.0","GUERET, FR","FM-12","99999","V020","240,1,N,0041,1","99999,9,9,N","999999,9,N,9","+0162,1","+0129,1","10106,1","06,0000,9,1",,,"4,000",,,,,,,,,,,,"999,M,+0178,1",,"99999,9,09478,1","8,1,011,1,+999,9",,"4,99,0108,1","SYN017333   10178 91121",
"07360099999","1990-06-03T21:00:00","4","46.1666666","1.8666666","551.0","GUERET, FR","FM-12","99999","V020","260,1,N,0051,1","99999,9,9,N","999999,9,N,9","+0137,1","+0137,1","10117,1","06,0000,9,1",,,"4,000",,,,,,,,,,,,,,"99999,9,09483,1","3,1,005,1,+999,9",,"4,99,0098,1","SYN011333   91119",
"07360099999","1990-06-04T00:00:00","4","46.1666666","1.8666666","551.0","GUERET, FR","FM-12","99999","V020","250,1,N,0051,1","99999,9,9,N","999999,9,N,9","+0127,1","+9999,9","10116,1","03,0030,9,1","06,0030,9,1",,"0,000",,,"4,1,06,1",,,,,,,,,,,"99999,9,09476,1","6,1,007,1,+999,9","41,1","4,99,0129,1","SYN017333   60037 91125",
"07360099999","1990-06-04T03:00:00","4","46.1666666","1.8666666","551.0","GUERET, FR","FM-12","99999","V020","280,1,N,0021,1","99999,9,9,N","999999,9,N,9","+0109,1","+9999,9","10119,1","03,0050,9,1",,,"0,000",,,"4,1,03,1",,,,,,,,,,,"99999,9,09475,1","8,1,001,1,+999,9","41,1","4,99,0108,1","SYN017333   60057 91121",
"07360099999","1990-06-04T06:00:00","4","46.1666666","1.8666666","551.0","GUERET, FR","FM-12","99999","V020","010,1,N,0031,1","00060,1,C,N","001000,1,N,9","+0086,1","+0086,1","10132,1","03,0020,9,1","24,0096,9,1",,"0,000",,,"6,1,06,1","5,1,06,1","08,1,+00060,9,07,9",,,"08,99,1,08,1,07,1,00075,1,99,9,99,9","0180,9","09,9","999,+0090,9","999,N,+0086,1",,"99999,9,09482,1","2,1,007,1,+999,9","50,1","4,99,0108,1","SYN047333   20086 31009 55030 60027 70096 88702 91121",
"07360099999","1990-06-04T09:00:00","4","46.1666666","1.8666666","551.0","GUERET, FR","FM-12","99999","V020","300,1,N,0021,1","00150,1,C,N","005000,1,N,9","+0102,1","+0102,1","10134,1","03,0002,9,1","99,0003,9,1",,"0,000",,,"5,1,03,1","2,1,03,1","05,1,+00150,9,07,9","08,1,+00480,9,05,9",,"08,99,1,08,1,05,1,00150,1,99,9,99,9",,,,,,"99999,9,09490,1","1,1,008,1,+999,9","20,1","4,99,0051,1","SYN029333   69927 85705 88616 91110",
"07360099999","1990-06-04T12:00:00","4","46.1666666","1.8666666","551.0","GUERET, FR","FM-12","99999","V020","290,1,N,0031,1","00480,1,C,N","030000,1,N,9","+0138,1","+0102,1","10124,1","06,0003,9,1",,,"0,000",,,"5,1,06,1","2,1,06,1","05,1,+00480,9,08,9","06,1,+06900,9,00,9",,"07,99,1,05,1,02,1,00450,1,00,1,01,1",,,,,,"99999,9,09489,1","8,1,001,1,+999,9","03,1","4,99,0062,1","SYN023333   85816 86073 91112",
"07360099999","1990-06-04T15:00:00","4","46.1666666","1.8666666","551.0","GUERET, FR","FM-12","99999","V020","280,1,N,0031,1","99999,9,9,N","999999,9,N,9","+0148,1","+0094,1","10123,1","06,0000,9,1",,,"4,000",,,,,,,,,,,,,,"99999,9,09490,1","3,1,001,1,+999,9",,"4,99,0082,1","SYN011333   91116",
"07360099999","1990-06-04T18:00:00","4","46.1666666","1.8666666","551.0","GUERET, FR","FM-12","99999","V020","340,1,N,0021,1","99999,9,9,N","999999,9,N,9","+0135,1","+0086,1","10125,1","99,0003,9,1",,,"0,000",,,,,,,,,,,,"999,M,+0158,1",,"99999,9,09489,1","5,1,001,1,+999,9",,"4,99,0082,1","SYN017333   10158 91116",
"07360099999","1990-06-04T21:00:00","4","46.1666666","1.8666666","551.0","GUERET, FR","FM-12","99999","V020","030,1,N,0010,1","99999,9,9,N","999999,9,N,9","+0113,1","+0070,1","10134,1","06,0000,9,1",,,"4,000",,,,,,,,,,,,,,"99999,9,09492,1","1,1,003,1,+999,9",,"4,99,0031,1","SYN011333   91106",
"07360099999","1990-06-05T00:00:00","4","46.1666666","1.8666666","551.0","GUERET, FR","FM-12","99999","V020","110,1,N,0021,1","99999,9,9,N","999999,9,N,9","+0108,1","+0060,1","10132,1","06,0000,9,1",,,"4,000",,,,,,,,,,,,,,"99999,9,09489,1","8,1,003,1,+999,9",,"4,99,0031,1","SYN011333   91106",
"07360099999","1990-06-05T03:00:00","4","46.1666666","1.8666666","551.0","GUERET, FR","FM-12","99999","V020","080,1,N,0010,1","99999,9,9,N","999999,9,N,9","+0100,1","+0074,1","10119,1","06,0000,9,1",,,"4,000",,,,,,,,,,,,,,"99999,9,09475,1","8,1,014,1,+999,9",,"4,99,0031,1","SYN011333   91106",
"07360099999","1990-06-05T06:00:00","4","46.1666666","1.8666666","551.0","GUERET, FR","FM-12","99999","V020","070,1,N,0021,1","02700,1,C,N","015000,1,N,9","+0104,1","+0078,1","10111,1","06,0000,9,1","24,0002,9,1",,"4,000",,,,,"04,1,+01200,9,05,9","07,1,+02700,9,03,9",,"08,99,1,04,1,05,1,01250,1,07,1,99,9","0144,9","01,9","999,+0070,9","999,N,+0096,1",,"99999,9,09469,1","6,1,006,1,+999,9",,"4,99,0041,1","SYN047333   20096 30007 55024 70002 84640 87359 91108",
"07360099999","1990-06-05T09:00:00","4","46.1666666","1.8666666","551.0","GUERET, FR","FM-12","99999","V020","040,1,N,0010,1","02700,1,C,N","015000,1,N,9","+0120,1","+0088,1","10114,1","06,0000,9,1",,,"4,000",,,,,"01,1,+00600,9,08,9","03,1,+01200,9,05,9","08,1,+02700,9,03,9","08,99,1,03,1,08,1,00800,1,07,1,99,9",,,,,,"99999,9,09475,1","2,1,006,1,+999,9",,"4,99,0051,1","SYN029333   81820 83640 88359 91110",
"07360099999","1990-06-05T12:00:00","4","46.1666666","1.8666666","551.0","GUERET, FR","FM-12","99999","V020","120,1,N,0021,1","02700,1,C,N","010000,1,N,9","+0122,1","+0103,1","10118,1","03,9999,2,9","06,9999,2,9",,"0,000",,,"6,1,06,1","2,1,06,1","02,1,+00900,9,05,9","08,1,+02700,9,04,9",,"08,99,1,02,1,05,1,00800,1,02,1,99,9",,,,,,"99999,9,09480,1","2,1,005,1,+999,9","60,1","4,99,0051,1","SYN029333   69907 82630 88459 91110",
"07360099999","1990-06-05T15:00:00","4","46.1666666","1.8666666","551.0","GUERET, FR","FM-12","99999","V020","260,1,N,0021,1","02700,1,C,N","006000,1,N,9","+0109,1","+0109,1","10132,1","03,0030,9,1",,,"0,001",,,"6,1,03,1","2,1,03,1","01,1,+00090,9,07,9","03,1,+00990,9,05,9","08,1,+02700,9,04,9","08,99,1,03,1,05,1,00075,1,02,1,99,9",,,,,,"99999,9,09490,1","1,1,010,1,+999,9","61,1","4,99,0062,1","SYN035333   60037 81703 83633 88459 91112",
"07360099999","1990-06-05T21:00:00","4","46.1666666","1.8666666","551.0","GUERET, FR","FM-12","99999","V020","250,1,N,0031,1","99999,9,9,N","999999,9,N,9","+0093,1","+0093,1","10162,1","03,0002,9,1","99,0003,9,1",,"0,000",,,"4,1,03,1",,,,,,,,,,,"99999,9,09514,1","3,1,014,1,+999,9","21,1","4,99,0062,1","SYN017333   69927 91112",
"07360099999","1990-06-06T00:00:00","4","46.1666666","1.8666666","551.0","GUERET, FR","FM-12","99999","V020","240,1,N,0051,1","99999,9,9,N","999999,9,N,9","+0095,1","+0095,1","10162,1","06,0003,9,1",,,"0,000",,,,,,,,,,,,,,"99999,9,09515,1","2,1,001,1,+999,9",,"4,99,0088,1","SYN011333   91117",
"07360099999","1990-06-06T03:00:00","4","46.1666666","1.8666666","551.0","GUERET, FR","FM-12","99999","V020","250,1,N,0031,1","99999,9,9,N","999999,9,N,9","+0096,1","+9999,9","10163,1","06,0000,9,1",,,"4,000",,,,,,,,,,,,,,"99999,9,09513,1","8,1,002,1,+999,9",,"4,99,0088,1","SYN011333   91117",
"07360099999","1990-06-06T06:00:00","4","46.1666666","1.8666666","551.0","GUERET, FR","FM-12","99999","V020","220,1,N,0031,1","22000,1,C,N","010000,1,N,9","+0096,1","+0096,1","10163,1","24,0032,9,1","99,0003,9,1",,"0,000",,,,,"04,1,+00150,9,07,9",,,"04,99,1,04,1,06,1,00150,1,00,1,00,1","0012,9","09,9","999,+0070,9","999,N,+0088,1",,"99999,9,09516,1","3,1,003,1,+999,9",,"4,99,0088,1","SYN041333   20088 31007 55002 70032 84705 91117",
"07360099999","1990-06-06T09:00:00","4","46.1666666","1.8666666","551.0","GUERET, FR","FM-12","99999","V020","230,1,N,0051,1","00600,1,C,N","050000,1,N,9","+0125,1","+0109,1","10158,1","03,0002,9,1","99,0003,9,1",,"0,000",,,,,"05,1,+00600,9,08,9","07,1,+01500,9,05,9",,"07,99,1,07,1,08,1,00800,1,99,9,99,9",,,,,,"99999,9,09518,1","0,1,002,1,+999,9",,"4,99,0098,1","SYN029333   69927 85820 87650 91119",
"07360099999","1990-06-06T12:00:00","4","46.1666666","1.8666666","551.0","GUERET, FR","FM-12","99999","V020","240,1,N,0051,1","00480,1,C,N","020000,1,N,9","+0145,1","+0116,1","10150,1","03,9999,2,9","06,9999,2,9",,"0,000",,,"5,1,06,1","2,1,06,1","05,1,+00480,9,08,9","04,1,+01500,9,05,9",,"06,99,1,06,1,08,1,00450,1,99,9,00,1",,,,,,"99999,9,09515,1","8,1,003,1,+999,9","20,1","4,99,0118,1","SYN029333   69907 85816 84650 91123","Q01    003SCOMCG"
"07360099999","1990-06-06T15:00:00","4","46.1666666","1.8666666","551.0","GUERET, FR","FM-12","99999","V020","260,1,N,0041,1","01500,1,C,N","025000,1,N,9","+0142,1","+0106,1","10150,1","06,0000,9,1",,,"4,000",,,,,"04,1,+00600,9,08,9","08,1,+01500,9,05,9",,"08,99,1,08,1,08,1,00800,1,99,9,99,9",,,,,,"99999,9,09514,1","6,1,001,1,+999,9",,"4,99,0139,1","SYN023333   84820 88650 91127",
"07360099999","1990-06-06T18:00:00","4","46.1666666","1.8666666","551.0","GUERET, FR","FM-12","99999","V020","240,1,N,0062,1","99999,9,9,N","999999,9,N,9","+0136,1","+0106,1","10150,1","99,9999,2,9",,,"0,000",,,,,,,,,,,,"999,M,+0157,1",,"99999,9,09513,1","8,1,001,1,+999,9",,"4,99,0139,1","SYN017333   10157 91127",
"07360099999","1990-06-07T15:00:00","4","46.1666666","1.8666666","551.0","GUERET, FR","FM-12","99999","V020","250,1,N,0072,1","00390,1,C,N","025000,1,N,9","+0155,1","+0152,1","10109,1","03,0004,9,1","99,0005,9,1",,"0,000",,,"6,1,03,1","2,1,03,1","05,1,+00390,9,08,9","05,1,+03000,9,03,9",,"06,99,1,05,1,02,1,00450,1,07,1,00,1",,,,,,"99999,9,09479,1",,"01,1",,"SYN023333   69947 85813 85360",
"07360099999","1990-06-07T18:00:00","4","46.1666666","1.8666666","551.0","GUERET, FR","FM-12","99999","V020","240,1,N,0062,1","99999,9,9,N","999999,9,N,9","+0142,1","+0131,1","10113,1","99,0050,9,1",,,"0,000",,,,,,,,,,,,"999,M,+0161,1",,"99999,9,09480,1","1,1,001,1,+999,9",,"4,99,0180,1","SYN017333   10161 91135",
"07360099999","1990-06-07T21:00:00","4","46.1666666","1.8666666","551.0","GUERET, FR","FM-12","99999","V020","230,1,N,0072,1","99999,9,9,N","999999,9,N,9","+0120,1","+9999,9","10110,1","03,0002,9,1","99,0003,9,1",,"0,000",,,"4,1,03,1",,,,,,,,,,,"99999,9,09468,1","8,1,012,1,+999,9","21,1","4,99,0160,1","SYN017333   69927 91131",
"07360099999","1990-06-08T00:00:00","4","46.1666666","1.8666666","551.0","GUERET, FR","FM-12","99999","V020","260,1,N,0072,1","99999,9,9,N","999999,9,N,9","+0115,1","+9999,9","10098,1","03,0070,9,1","06,0070,9,1",,"0,000",,,"4,1,06,1",,,,,,,,,,,"99999,9,09457,1","6,1,011,1,+999,9","41,1","4,99,0160,1","SYN017333   60077 91131",
"07360099999","1990-06-08T03:00:00","4","46.1666666","1.8666666","551.0","GUERET, FR","FM-12","99999","V020","270,1,N,0072,1","99999,9,9,N","999999,9,N,9","+0112,1","+9999,9","10091,1","03,0050,9,1",,,"0,000",,,"4,1,03,1",,,,,,,,,,,"99999,9,09449,1","5,1,008,1,+999,9","21,1","4,99,0170,1","SYN017333   60057 91133",
"07360099999","1990-06-08T06:00:00","4","46.1666666","1.8666666","551.0","GUERET, FR","FM-12","99999","V020","280,1,N,0072,1","00120,1,C,N","020000,1,N,9","+0097,1","+0097,1","10116,1","24,0174,9,1","99,0120,9,1",,"0,000",,,"6,1,06,1","2,1,06,1","06,1,+00120,9,08,9",,,"06,99,1,06,1,02,1,00150,1,03,1,00,1","0096,9","11,9","999,+0100,9","999,N,+0097,1",,"99999,9,09472,1","2,1,023,1,+999,9","01,1","4,99,0170,1","SYN041333   20097 32010 55016 70174 86804 91133",
"07360099999","1990-06-08T09:00:00","4","46.1666666","1.8666666","551.0","GUERET, FR","FM-12","99999","V020","280,1,N,0031,1","22000,1,C,N","050000,1,N,9","+0121,1","+0097,1","10126,1","06,0000,9,1",,,"4,000",,,,,"03,1,+00480,9,08,9",,,"03,99,1,03,1,02,1,00450,1,00,1,00,1",,,,,,"99999,9,09487,1","1,1,015,1,+999,9",,"4,99,0108,1","SYN017333   83816 91121",
"07360099999","1990-06-08T12:00:00","4","46.1666666","1.8666666","551.0","GUERET, FR","FM-12","99999","V020","290,1,N,0051,1","00690,1,C,N","075000,1,N,9","+0136,1","+0078,1","10134,1","06,0000,9,1",,,"4,000",,,,,"05,1,+00690,9,08,9",,,"05,99,1,05,1,02,1,00800,1,00,1,00,1",,,,,,"99999,9,09497,1","2,1,010,1,+999,9",,"4,99,0108,1","SYN017333   85823 91121",
"07360099999","1990-06-08T21:00:00","4","46.1666666","1.8666666","551.0","GUERET, FR","FM-12","99999","V020","250,1,N,0072,1","99999,9,9,N","999999,9,N,9","+0108,1","+0089,1","10152,1","06,0000,9,1",,,"4,000",,,,,,,,,,,,,,"99999,9,09508,1","3,1,004,1,+999,9",,"4,99,0139,1","SYN011333   91127",
"07360099999","1990-06-09T00:00:00","4","46.1666666","1.8666666","551.0","GUERET, FR","FM-12","99999","V020","240,1,N,0072,1","99999,9,9,N","999999,9,N,9","+0087,1","+0079,1","10154,1","06,0000,9,1",,,"4,000",,,,,,,,,,,,,,"99999,9,09506,1","8,1,002,1,+999,9",,"4,99,0139,1","SYN011333   91127",
"07360099999","1990-06-09T03:00:00","4","46.1666666","1.8666666","551.0","GUERET, FR","FM-12","99999","V020","250,1,N,0062,1","99999,9,9,N","999999,9,N,9","+0079,1","+0079,1","10145,1","06,0000,9,1",,,"4,000",,,,,,,,,,,,,,"99999,9,09495,1","6,1,011,1,+999,9",,"4,99,0149,1","SYN011333   91129",
"07360099999","1990-06-09T06:00:00","4","46.1666666","1.8666666","551.0","GUERET, FR","FM-12","99999","V020","260,1,N,0062,1","00180,1,C,N","012000,1,N,9","+0078,1","+0077,1","10150,1","06,0000,9,1",,,"4,000",,,,,"07,1,+00180,9,05,9",,,"07,99,1,07,1,05,1,00150,1,99,9,99,9","0240,9","01,9","999,+0080,9","999,N,+0077,1",,"99999,9,09499,1","3,1,004,1,+999,9",,"4,99,0149,1","SYN035333   20077 30008 55040 87606 91129",
"07360099999","1990-06-09T09:00:00","4","46.1666666","1.8666666","551.0","GUERET, FR","FM-12","99999","V020","260,1,N,0041,1","00240,1,C,N","010000,1,N,9","+0093,1","+0087,1","10147,1","03,0010,9,1",,,"0,000",,,"6,1,03,1","2,1,03,1","06,1,+00240,9,08,9","07,1,+00990,9,05,9",,"08,99,1,07,1,08,1,00250,1,99,9,99,9",,,,,,"99999,9,09500,1","3,1,001,1,+999,9","01,1","4,99,0139,1","SYN029333   60017 86808 87633 91127",
"07360099999","1990-06-09T12:00:00","4","46.1666666","1.8666666","551.0","GUERET, FR","FM-12","99999","V020","270,1,N,0072,1","00390,1,C,N","006000,1,N,9","+0101,1","+0095,1","10148,1","03,0006,9,2","06,0005,9,2",,"0,001",,,"8,1,06,1","6,1,06,1","06,1,+00390,9,08,9","07,1,+01500,9,05,9",,"08,99,1,08,1,08,1,00450,1,99,9,99,9",,,,,,"99999,9,09503,1","1,1,003,1,+999,9","80,1","4,99,0139,1","SYN029333   69967 86813 87650 91127",
"07360099999","1990-06-09T18:00:00","4","46.1666666","1.8666666","551.0","GUERET, FR","FM-12","99999","V020","270,1,N,0031,1","99999,9,9,N","999999,9,N,9","+0106,1","+0095,1","10153,1","03,0004,9,1","99,0005,9,1",,"0,000",,,"4,1,06,1",,,,,,,,,"999,M,+0139,1",,"99999,9,09509,1","3,1,009,1,+999,9","21,1","4,99,0139,1","SYN023333   10139 69947 91127",
"07360099999","1990-06-09T21:00:00","4","46.1666666","1.8666666","551.0","GUERET, FR","FM-12","99999","V020","270,1,N,0031,1","99999,9,9,N","999999,9,N,9","+0090,1","+0089,1","10172,1","06,0000,9,1",,,"4,000",,,,,,,,,,,,,,"99999,9,09523,1","3,1,014,1,+999,9",,"4,99,0062,1","SYN011333   91112",
"07360099999","1990-06-10T00:00:00","4","46.1666666","1.8666666","551.0","GUERET, FR","FM-12","99999","V020","270,1,N,0031,1","99999,9,9,N","999999,9,N,9","+0091,1","+0088,1","10176,1","06,0000,9,1",,,"4,000",,,,,,,,,,,,,,"99999,9,09527,1","1,1,004,1,+999,9",,"4,99,0062,1","SYN011333   91112",
"07360099999","1990-06-10T03:00:00","4","46.1666666","1.8666666","551.0","GUERET, FR","FM-12","99999","V020","300,1,N,0031,1","99999,9,9,N","999999,9,N,9","+0076,1","+0076,1","10178,1","06,0000,9,1",,,"4,000",,,,,,,,,,,,,,"99999,9,09525,1","8,1,002,1,+999,9",,"4,99,0072,1","SYN011333   91114",
"07360099999","1990-06-10T06:00:00","4","46.1666666","1.8666666","551.0","GUERET, FR","FM-12","99999","V020","330,1,N,0021,1","00150,1,C,N","007000,1,N,9","+0085,1","+0085,1","10184,1","06,0000,9,1","24,0022,9,1",,"4,000",,,,,"05,1,+00150,9,07,9","07,1,+00600,9,05,9",,"08,99,1,08,1,05,1,00150,1,99,9,99,9","0138,9","09,9","999,+0070,9","999,N,+0076,1",,"99999,9,09533,1","3,1,008,1,+999,9",,"4,99,0072,1","SYN047333   20076 31007 55023 70022 85705 87620 91114",
"07360099999","1990-06-10T09:00:00","4","46.1666666","1.8666666","551.0","GUERET, FR","FM-12","99999","V020","360,1,N,0010,1","00480,1,C,N","010000,1,N,9","+0116,1","+0086,1","10190,1","06,0000,9,1",,,"4,000",,,,,"05,1,+00480,9,08,9",,,"05,99,1,05,1,02,1,00450,1,00,1,00,1",,,,,,"99999,9,09546,1","1,1,013,1,+999,9",,"4,99,0062,1","SYN017333   85816 91112",
"07360099999","1990-06-10T12:00:00","4","46.1666666","1.8666666","551.0","GUERET, FR","FM-12","99999","V020","010,1,N,0031,1","00780,1,C,N","012000,1,N,9","+0159,1","+0096,1","10187,1","06,0000,9,1",,,"4,000",,,,,"05,1,+00780,9,08,9","03,1,+01500,9,05,9",,"06,99,1,06,1,08,1,00800,1,99,9,00,1",,,,,,"99999,9,09552,1","1,1,006,1,+999,9",,"4,99,0062,1","SYN023333   85826 83650 91112","Q01    003SCOMCG"
"07360099999","1990-06-10T15:00:00","4","46.1666666","1.8666666","551.0","GUERET, FR","FM-12","99999","V020","020,1,N,0021,1","99999,9,9,N","999999,9,N,9","+0155,1","+0092,1","10185,1","06,0000,9,1",,,"4,000",,,,,,,,,,,,,,"99999,9,09549,1","8,1,003,1,+999,9",,"4,99,0072,1","SYN011333   91114",
"07360099999","1990-06-10T18:00:00","4","46.1666666","1.8666666","551.0","GUERET, FR","FM-12","99999","V020","050,1,N,0021,1","99999,9,9,N","999999,9,N,9","+0143,1","+0085,1","10183,1","06,0000,9,1",,,"4,000",,,,,,,,,,,,"999,M,+0165,1",,"99999,9,09545,1","6,1,004,1,+999,9",,"4,99,0072,1","SYN017333   10165 91114",
"07360099999","1990-06-10T21:00:00","4","46.1666666","1.8666666","551.0","GUERET, FR","FM-12","99999","V020","070,1,N,0021,1","99999,9,9,N","999999,9,N,9","+0112,1","+0079,1","10197,1","06,0000,9,1",,,"4,000",,,,,,,,,,,,,,"99999,9,09551,1","3,1,006,1,+999,9",,"4,99,0051,1","SYN011333   91110",
"07360099999","1990-06-11T00:00:00","4","46.1666666","1.8666666","551.0","GUERET, FR","FM-12","99999","V020","100,1,N,0031,1","99999,9,9,N","999999,9,N,9","+0105,1","+0083,1","10192,1","06,0000,9,1",,,"4,000",,,,,,,,,,,,,,"99999,9,09545,1","8,1,006,1,+999,9",,"4,99,0051,1","SYN011333   91110",
"07360099999","1990-06-11T03:00:00","4","46.1666666","1.8666666","551.0","GUERET, FR","FM-12","99999","V020","100,1,N,0021,1","99999,9,9,N","999999,9,N,9","+0099,1","+0080,1","10182,1","06,0000,9,1",,,"4,000",,,,,,,,,,,,,,"99999,9,09534,1","6,1,011,1,+999,9",,"4,99,0051,1","SYN011333   91110",
"07360099999","1990-06-11T06:00:00","4","46.1666666","1.8666666","551.0","GUERET, FR","FM-12","99999","V020","090,1,N,0021,1","22000,1,C,N","005000,1,N,9","+0107,1","+0085,1","10179,1","06,0000,9,1",,,"4,000",,,,,"03,1,+06900,9,00,9",,,"03,99,1,00,1,00,1,99999,9,00,1,01,1","0372,9","01,9","999,+0080,9","999,N,+0095,1",,"99999,9,09533,1","5,1,001,1,+999,9",,"4,99,0051,1","SYN035333   20095 30008 55062 83073 91110",
"07360099999","1990-06-11T12:00:00","4","46.1666666","1.8666666","551.0","GUERET, FR","FM-12","99999","V020","070,1,N,0041,1","22000,1,C,N","010000,1,N,9","+0180,1","+0109,1","10147,1","06,0000,9,1",,,"4,000",,,,,"04,1,+00690,9,08,9",,,"04,99,1,04,1,02,1,00800,1,00,1,00,1",,,,,,"99999,9,09519,1","7,1,011,1,+999,9",,,"SYN011333   84823",
"07360099999","1990-06-11T15:00:00","4","46.1666666","1.8666666","551.0","GUERET, FR","FM-12","99999","V020","050,1,N,0031,1","00780,1,C,N","010000,1,N,9","+0180,1","+0106,1","10136,1","06,0000,9,1",,,"4,000",,,,,"06,1,+00780,9,08,9","05,1,+06900,9,00,9",,"07,99,1,06,1,02,1,00800,1,00,1,02,1",,,,,,"99999,9,09509,1","6,1,010,1,+999,9",,"4,99,0098,1","SYN023333   86826 85073 91119",
"07360099999","1990-06-11T21:00:00","4","46.1666666","1.8666666","551.0","GUERET, FR","FM-12","99999","V020","030,1,N,0021,1","99999,9,9,N","999999,9,N,9","+0128,1","+0120,1","10154,1","06,0000,9,1",,,"4,000",,,,,,,,,,,,,,"99999,9,09515,1","3,1,009,1,+999,9",,"4,99,0082,1","SYN011333   91116",
"07360099999","1990-06-12T00:00:00","4","46.1666666","1.8666666","551.0","GUERET, FR","FM-12","99999","V020","040,1,N,0021,1","99999,9,9,N","999999,9,N,9","+0113,1","+0110,1","10158,1","06,0000,9,1",,,"4,000",,,,,,,,,,,,,,"99999,9,09515,1","0,1,000,1,+999,9",,"4,99,0082,1","SYN011333   91116",
"07360099999","1990-06-12T03:00:00","4","46.1666666","1.8666666","551.0","GUERET, FR","FM-12","99999","V020","020,1,N,0010,1","99999,9,9,N","999999,9,N,9","+0093,1","+9999,9","10159,1","06,0000,9,1",,,"4,000",,,,,,,,,,,,,,"99999,9,09508,1","7,1,007,1,+999,9",,"4,99,0041,1","SYN011333   91108",
"07360099999","1990-06-12T06:00:00","4","46.1666666","1.8666666","551.0","GUERET, FR","FM-12","99999","V020","999,1,C,0000,1","00030,1,C,N","000200,1,N,9","+0093,1","+0093,1","10168,1","06,0000,9,1",,,"4,000",,,"4,1,06,1",,"09,1,+00030,9,08,9",,,"09,99,1,09,1,99,9,99999,9,99,9,99,9","0396,9","01,9","999,+0080,9","999,N,+0088,1",,"99999,9,09517,1","3,1,009,1,+999,9","45,1","4,99,0041,1","SYN035333   20088 30008 55066 89801 91108",
"07360099999","1990-06-12T09:00:00","4","46.1666666","1.8666666","551.0","GUERET, FR","FM-12","99999","V020","330,1,N,0021,1","00180,1,C,N","003000,1,N,9","+0127,1","+0116,1","10162,1","06,0000,9,1",,,"4,000",,,"4,1,03,1","2,1,03,1","06,1,+00180,9,08,9","05,1,+03000,9,03,9",,"07,99,1,06,1,02,1,00250,1,03,1,99,9",,,,,,"99999,9,09523,1","1,1,006,1,+999,9","28,1","4,99,0031,1","SYN023333   86806 85360 91106",
"07360099999","1990-06-12T12:00:00","4","46.1666666","1.8666666","551.0","GUERET, FR","FM-12","99999","V020","350,1,N,0021,1","00390,1,C,N","007000,1,N,9","+0155,1","+0123,1","10159,1","06,0000,9,1",,,"4,000",,,,,"05,1,+00390,9,08,9","07,1,+00900,9,05,9",,"07,99,1,07,1,08,1,00450,1,99,9,99,9",,,,,,"99999,9,09525,1","1,1,002,1,+999,9",,"4,99,0062,1","SYN023333   85813 87630 91112",
"07360099999","1990-06-12T15:00:00","4","46.1666666","1.8666666","551.0","GUERET, FR","FM-12","99999","V020","340,1,N,0021,1","00690,1,C,N","010000,1,N,9","+0177,1","+0117,1","10152,1","06,0000,9,1",,,"4,000",,,,,"05,1,+00690,9,08,9",,,"05,99,1,05,1,02,1,00800,1,00,1,00,1",,,,,,"99999,9,09524,1","8,1,001,1,+999,9",,"4,99,0062,1","SYN017333   85823 91112",
"07360099999","1990-06-12T18:00:00","4","46.1666666","1.8666666","551.0","GUERET, FR","FM-12","99999","V020","010,1,N,0031,1","99999,9,9,N","999999,9,N,9","+0153,1","+0109,1","10167,1","06,0000,9,1",,,"4,000",,,,,,,,,,,,"999,M,+0178,1",,"99999,9,09532,1","3,1,008,1,+999,9",,"4,99,0072,1","SYN017333   10178 91114",
"07360099999","1990-06-12T21:00:00","4","46.1666666","1.8666666","551.0","GUERET, FR","FM-12","99999","V020","010,1,N,0021,1","99999,9,9,N","999999,9,N,9","+0125,1","+0104,1","10188,1","06,0000,9,1",,,"4,000",,,,,,,,,,,,,,"99999,9,09546,1","3,1,014,1,+999,9",,"4,99,0062,1","SYN011333   91112",
"07360099999","1990-06-13T00:00:00","4","46.1666666","1.8666666","551.0","GUERET, FR","FM-12","99999","V020","020,1,N,0021,1","99999,9,9,N","999999,9,N,9","+0103,1","+0098,1","10197,1","06,0000,9,1",,,"4,000",,,,,,,,,,,,,,"99999,9,09549,1","1,1,003,1,+999,9",,"4,99,0062,1","SYN011333   91112",
"07360099999","1990-06-13T03:00:00","4","46.1666666","1.8666666","551.0","GUERET, FR","FM-12","99999","V020","360,1,N,0010,1","99999,9,9,N","999999,9,N,9","+0103,1","+0103,1","10196,1","06,0000,9,1",,,"4,000",,,,,,,,,,,,,,"99999,9,09548,1","7,1,001,1,+999,9",,"4,99,0031,1","SYN011333   91106",
"07360099999","1990-06-13T06:00:00","4","46.1666666","1.8666666","551.0","GUERET, FR","FM-12","99999","V020","350,1,N,0010,1","00060,1,C,N","001100,1,N,9","+0100,1","+0100,1","10199,1","06,0000,9,1",,,"4,000",,,,,"08,1,+00060,9,07,9",,,"08,99,1,08,1,06,1,00075,1,99,9,99,9","0174,9","01,9","999,+0090,9","999,N,+0096,1",,"99999,9,09551,1","3,1,003,1,+999,9","10,1","4,99,0031,1","SYN035333   20096 30009 55029 88702 91106",
"07360099999","1990-06-13T09:00:00","4","46.1666666","1.8666666","551.0","GUERET, FR","FM-12","99999","V020","050,1,N,0021,1","00240,1,C,N","004500,1,N,9","+0132,1","+0111,1","10195,1","06,0000,9,1",,,"4,000",,,"2,1,03,1","2,1,03,1","07,1,+00240,9,07,9",,,"07,99,1,07,1,06,1,00250,1,99,9,99,9",,,,,,"99999,9,09555,1","1,1,004,1,+999,9","10,1","4,99,0041,1","SYN017333   87708 91108",
"07360099999","1990-06-13T12:00:00","4","46.1666666","1.8666666","551.0","GUERET, FR","FM-12","99999","V020","070,1,N,0010,1","00690,1,C,N","008000,1,N,9","+0142,1","+0108,1","10193,1","06,0000,9,1",,,"4,000",,,,,"05,1,+00690,9,08,9","06,1,+01500,9,05,9",,"07,99,1,07,1,08,1,00800,1,99,9,99,9",,,,,,"99999,9,09554,1","8,1,001,1,+999,9",,"4,99,0051,1","SYN023333   85823 86650 91110",
"07360099999","1990-06-13T15:00:00","4","46.1666666","1.8666666","551.0","GUERET, FR","FM-12","99999","V020","050,1,N,0021,1","01500,1,C,N","008000,1,N,9","+0143,1","+0105,1","10187,1","06,0000,9,1",,,"4,000",,,,,"03,1,+00690,9,08,9","07,1,+01500,9,05,9",,"07,99,1,07,1,08,1,00800,1,99,9,99,9",,,,,,"99999,9,09549,1","8,1,005,1,+999,9",,"4,99,0062,1","SYN023333   83823 87650 91112",
"07360099999","1990-06-13T21:00:00","4","46.1666666","1.8666666","551.0","GUERET, FR","FM-12","99999","V020","050,1,N,0031,1","99999,9,9,N","999999,9,N,9","+0118,1","+0092,1","10193,1","06,0000,9,1",,,"4,000",,,,,,,,,,,,,,"99999,9,09549,1","3,1,005,1,+999,9",,"4,99,0072,1","SYN011333   91114",
"07360099999","1990-06-14T00:00:00","4","46.1666666","1.8666666","551.0","GUERET, FR","FM-12","99999","V020","070,1,N,0021,1","99999,9,9,N","999999,9,N,9","+0093,1","+0082,1","10198,1","06,0000,9,1",,,"4,000",,,,,,,,,,,,,,"99999,9,09548,1","8,1,001,1,+999,9",,"4,99,0072,1","SYN011333   91114",
"07360099999","1990-06-14T03:00:00","4","46.1666666","1.8666666","551.0","GUERET, FR","FM-12","99999","V020","090,1,N,0031,1","99999,9,9,N","999999,9,N,9","+0080,1","+0077,1","10187,1","06,0000,9,1",,,"4,000",,,,,,,,,,,,,,"99999,9,09535,1","8,1,013,1,+999,9",,"4,99,0062,1","SYN011333   91112",
"07360099999","1990-06-14T06:00:00","4","46.1666666","1.8666666","551.0","GUERET, FR","FM-12","99999","V020","090,1,N,0031,1","22000,1,C,N","004500,1,N,9","+0089,1","+0083,1","10183,1","06,0000,9,1",,,"4,000",,,"0,1,06,1","0,1,06,1","01,1,+03900,9,03,9",,,"01,99,1,01,1,00,1,99999,9,03,1,00,1","0060,9","01,9","999,+0060,9","999,N,+0075,1",,"99999,9,09533,1","8,1,002,1,+999,9","10,1","4,99,0062,1","SYN035333   20075 30006 55010 81363 91112",
"07360099999","1990-06-14T09:00:00","4","46.1666666","1.8666666","551.0","GUERET, FR","FM-12","99999","V020","050,1,N,0021,1","22000,1,C,N","007000,1,N,9","+0147,1","+0113,1","10169,1","06,0000,9,1",,,"4,000",,,,,"04,1,+00480,9,08,9",,,"04,99,1,04,1,01,1,00450,1,00,1,00,1",,,,,,"99999,9,09533,1","0,1,000,1,+999,9",,"4,99,0072,1","SYN017333   84816 91114",
"07360099999","1990-06-14T12:00:00","4","46.1666666","1.8666666","551.0","GUERET, FR","FM-12","99999","V020","040,1,N,0041,1","22000,1,C,N","010000,1,N,9","+0179,1","+0117,1","10156,1","06,0000,9,1",,,"4,000",,,,,"03,1,+00780,9,08,9",,,"03,99,1,03,1,01,1,00800,1,00,1,00,1",,,,,,"99999,9,09528,1","8,1,005,1,+999,9",,"4,99,0082,1","SYN017333   83826 91116",
"07360099999","1990-06-14T15:00:00","4","46.1666666","1.8666666","551.0","GUERET, FR","FM-12","99999","V020","020,1,N,0031,1","01500,1,C,N","015000,1,N,9","+0182,1","+0110,1","10153,1","06,0000,9,1",,,"4,000",,,,,"03,1,+00990,9,08,9","03,1,+01500,9,05,9",,"05,99,1,05,1,08,1,01250,1,99,9,00,1",,,,,,"99999,9,09526,1","7,1,002,1,+999,9",,"4,99,0062,1","SYN023333   83833 83650 91112","Q01    003SCOMCG"
"07360099999","1990-06-14T18:00:00","4","46.1666666","1.8666666","551.0","GUERET, FR","FM-12","99999","V020","020,1,N,0031,1","99999,9,9,N","999999,9,N,9","+0165,1","+0110,1","10153,1","06,0000,9,1",,,"4,000",,,,,,,,,,,,"999,M,+0192,1",,"99999,9,09522,1","5,1,004,1,+999,9",,"4,99,0082,1","SYN017333   10192 91116",
"07360099999","1990-06-15T09:00:00","4","46.1666666","1.8666666","551.0","GUERET, FR","FM-12","99999","V020","030,1,N,0010,1","22000,1,C,N","005000,1,N,9","+0150,1","+0120,1","10180,1","06,0000,9,1",,,"4,000",,,,,"02,1,+00600,9,08,9",,,"03,99,1,03,1,08,1,00800,1,00,1,00,1",,,,,,"99999,9,09544,1","1,1,007,1,+999,9",,"4,99,0031,1","SYN017333   82820 91106",
"07360099999","1990-06-15T12:00:00","4","46.1666666","1.8666666","551.0","GUERET, FR","FM-12","99999","V020","020,1,N,0021,1","00900,1,C,N","007000,1,N,9","+0186,1","+0124,1","10173,1","06,0000,9,1",,,"4,000",,,,,"05,1,+00900,9,08,9",,,"05,99,1,05,1,02,1,00800,1,00,1,00,1",,,,,,"99999,9,09545,1","0,1,001,1,+999,9",,"4,99,0072,1","SYN017333   85830 91114",
"07360099999","1990-06-15T15:00:00","4","46.1666666","1.8666666","551.0","GUERET, FR","FM-12","99999","V020","010,1,N,0031,1","22000,1,C,N","010000,1,N,9","+0195,1","+0120,1","10171,1","06,0000,9,1",,,"4,000",,,,,"04,1,+00990,9,08,9",,,"04,99,1,04,1,02,1,01250,1,00,1,00,1",,,,,,"99999,9,09545,1","4,1,000,1,+999,9",,"4,99,0072,1","SYN017333   84833 91114",
"07360099999","1990-06-15T18:00:00","4","46.1666666","1.8666666","551.0","GUERET, FR","FM-12","99999","V020","350,1,N,0021,1","99999,9,9,N","999999,9,N,9","+0175,1","+0097,1","10174,1","06,0000,9,1",,,"4,000",,,,,,,,,,,,"999,M,+0200,1",,"99999,9,09544,1","5,1,001,1,+999,9",,"4,99,0072,1","SYN017333   10200 91114",
"07360099999","1990-06-15T21:00:00","4","46.1666666","1.8666666","551.0","GUERET, FR","FM-12","99999","V020","020,1,N,0021,1","99999,9,9,N","999999,9,N,9","+0139,1","+0089,1","10192,1","06,0000,9,1",,,"4,000",,,,,,,,,,,,,,"99999,9,09552,1","3,1,008,1,+999,9",,"4,99,0051,1","SYN011333   91110",
"07360099999","1990-06-16T00:00:00","4","46.1666666","1.8666666","551.0","GUERET, FR","FM-12","99999","V020","070,1,N,0021,1","99999,9,9,N","999999,9,N,9","+0120,1","+0083,1","10195,1","06,0000,9,1",,,"4,000",,,,,,,,,,,,,,"99999,9,09551,1","7,1,001,1,+999,9",,"4,99,0051,1","SYN011333   91110",
"07360099999","1990-06-16T03:00:00","4","46.1666666","1.8666666","551.0","GUERET, FR","FM-12","99999","V020","120,1,N,0021,1","99999,9,9,N","999999,9,N,9","+0111,1","+0085,1","10184,1","06,0000,9,1",,,"4,000",,,,,,,,,,,,,,"99999,9,09539,1","8,1,012,1,+999,9",,"4,99,0041,1","SYN011333   91108",
"07360099999","1990-06-16T06:00:00","4","46.1666666","1.8666666","551.0","GUERET, FR","FM-12","99999","V020","120,1,N,0021,1","22000,1,C,N","006000,1,N,9","+0131,1","+0099,1","10179,1","06,0000,9,1",,,"4,000",,,,,,,,"00,99,1,00,1,00,1,99999,9,00,1,00,1","0336,9","01,9","999,+0070,9","999,N,+0107,1",,"99999,9,09539,1","5,1,000,1,+999,9",,"4,99,0051,1","SYN029333   20107 30007 55056 91110",
"07360099999","1990-06-16T09:00:00","4","46.1666666","1.8666666","551.0","GUERET, FR","FM-12","99999","V020","070,1,N,0021,1","22000,1,C,N","007000,1,N,9","+0182,1","+0120,1","10161,1","06,0000,9,1",,,"4,000",,,,,"04,1,+07500,9,00,9",,,"05,99,1,00,1,00,1,99999,9,00,1,04,1",,,,,,"99999,9,09533,1","8,1,006,1,+999,9",,"4,99,0051,1","SYN017333   84075 91110",
"07360099999","1990-06-16T12:00:00","4","46.1666666","1.8666666","551.0","GUERET, FR","FM-12","99999","V020","060,1,N,0021,1","07800,1,C,N","012000,1,N,9","+0206,1","+0113,1","10150,1","06,0000,9,1",,,"4,000",,,,,"02,1,+01080,9,08,9","05,1,+07800,9,00,9",,"05,99,1,02,1,02,1,01250,1,00,1,02,1",,,,,,"99999,9,09528,1","7,1,005,1,+999,9",,"4,99,0062,1","SYN023333   82836 85076 91112",
"07360099999","1990-06-16T15:00:00","4","46.1666666","1.8666666","551.0","GUERET, FR","FM-12","99999","V020","020,1,N,0010,1","99999,9,9,N","999999,9,N,9","+0221,1","+0112,1","10137,1","06,0000,9,1",,,"4,000",,,,,,,,,,,,,,"99999,9,09519,1","7,1,009,1,+999,9",,"4,99,0062,1","SYN011333   91112",
"07360099999","1990-06-16T18:00:00","4","46.1666666","1.8666666","551.0","GUERET, FR","FM-12","99999","V020","020,1,N,0021,1","99999,9,9,N","999999,9,N,9","+0203,1","+0104,1","10138,1","06,0000,9,1",,,"4,000",,,,,,,,,,,,"999,M,+0226,1",,"99999,9,09515,1","6,1,004,1,+999,9",,"4,99,0062,1","SYN017333   10226 91112",
"07360099999","1990-06-16T21:00:00","4","46.1666666","1.8666666","551.0","GUERET, FR","FM-12","99999","V020","070,1,N,0021,1","99999,9,9,N","999999,9,N,9","+0164,1","+0105,1","10153,1","06,0000,9,1",,,"4,000",,,,,,,,,,,,,,"99999,9,09522,1","3,1,007,1,+999,9",,"4,99,0051,1","SYN011333   91110",
"07360099999","1990-06-17T00:00:00","4","46.1666666","1.8666666","551.0","GUERET, FR","FM-12","99999","V020","110,1,N,0041,1","99999,9,9,N","999999,9,N,9","+0152,1","+0104,1","10151,1","06,0000,9,1",,,"4,000",,,,,,,,,,,,,,"99999,9,09517,1","7,1,005,1,+999,9",,"4,99,0082,1","SYN011333   91116",
"07360099999","1990-06-17T03:00:00","4","46.1666666","1.8666666","551.0","GUERET, FR","FM-12","99999","V020","120,1,N,0031,1","99999,9,9,N","999999,9,N,9","+0151,1","+0095,1","10142,1","06,0000,9,1",,,"4,000",,,,,,,,,,,,,,"99999,9,09508,1","8,1,009,1,+999,9",,"4,99,0072,1","SYN011333   91114",
"07360099999","1990-06-17T06:00:00","4","46.1666666","1.8666666","551.0","GUERET, FR","FM-12","99999","V020","120,1,N,0021,1","22000,1,C,N","006000,1,N,9","+0154,1","+0106,1","10140,1","06,0000,9,1",,,"4,000",,,,,"04,1,+07800,9,00,9",,,"04,99,1,00,1,00,1,99999,9,00,1,01,1","0684,9","01,9","999,+0100,9","999,N,+0120,1",,"99999,9,09507,1","5,1,001,1,+999,9",,"4,99,0072,1","SYN035333   20120 30010 55114 84076 91114",
"07360099999","1990-06-17T09:00:00","4","46.1666666","1.8666666","551.0","GUERET, FR","FM-12","99999","V020","070,1,N,0021,1","07800,1,C,N","006000,1,N,9","+0195,1","+0125,1","10130,1","06,0000,9,1",,,"4,000",,,,,"03,1,+00780,9,08,9","05,1,+07800,9,00,9",,"06,99,1,03,1,02,1,00800,1,00,1,02,1",,,,,,"99999,9,09507,1","0,1,000,1,+999,9",,"4,99,0041,1","SYN023333   83826 85076 91108",
"07360099999","1990-06-17T12:00:00","4","46.1666666","1.8666666","551.0","GUERET, FR","FM-12","99999","V020","230,1,N,0031,1","02700,1,C,N","010000,1,N,9","+0199,1","+0140,1","10129,1","06,0000,9,1",,,"4,000",,,,,"03,1,+01200,9,05,9","08,1,+02700,9,03,9",,"08,99,1,03,1,05,1,01250,1,07,1,99,9",,,,,,"99999,9,09507,1","5,1,000,1,+999,9",,"4,99,0088,1","SYN023333   83640 88359 91117",
"07360099999","1990-06-17T18:00:00","4","46.1666666","1.8666666","551.0","GUERET, FR","FM-12","99999","V020","240,1,N,0041,1","99999,9,9,N","999999,9,N,9","+0165,1","+0128,1","10140,1","06,0000,9,1",,,"4,000",,,,,,,,,,,,"999,M,+0220,1",,"99999,9,09510,1","3,1,002,1,+999,9",,"4,99,0129,1","SYN017333   10220 91125",
"07360099999","1990-06-17T21:00:00","4","46.1666666","1.8666666","551.0","GUERET, FR","FM-12","99999","V020","250,1,N,0041,1","99999,9,9,N","999999,9,N,9","+0131,1","+9999,9","10165,1","03,0050,9,1",,,"0,000",,,,,,,,,,,,,,"99999,9,09523,1","3,1,013,1,+999,9",,"4,99,0098,1","SYN017333   60057 91119",
"07360099999","1990-06-18T00:00:00","4","46.1666666","1.8666666","551.0","GUERET, FR","FM-12","99999","V020","230,1,N,0021,1","99999,9,9,N","999999,9,N,9","+0106,1","+0106,1","10167,1","03,0002,9,1","06,0003,9,1",,"0,000",,,,,,,,,,,,,,"99999,9,09522,1","8,1,001,1,+999,9",,"4,99,0118,1","SYN017333   69927 91123",
"07360099999","1990-06-18T03:00:00","4","46.1666666","1.8666666","551.0","GUERET, FR","FM-12","99999","V020","240,1,N,0041,1","99999,9,9,N","999999,9,N,9","+0110,1","+9999,9","10167,1","06,0000,9,1",,,"4,000",,,,,,,,,,,,,,"99999,9,09520,1","5,1,002,1,+999,9",,"4,99,0088,1","SYN011333   91117",
"07360099999","1990-06-18T06:00:00","4","46.1666666","1.8666666","551.0","GUERET, FR","FM-12","99999","V020","220,1,N,0031,1","00090,1,C,N","003000,1,N,9","+0119,1","+0119,1","10167,1","24,0048,9,1",,,"0,000",,,,,"07,1,+00090,9,07,9",,,"08,99,1,08,1,07,1,00150,1,99,9,99,9","0270,9","09,9","999,+0090,9","999,N,+0103,1",,"99999,9,09522,1","3,1,002,1,+999,9","10,1","4,99,0088,1","SYN041333   20103 31009 55045 70048 87703 91117",
"07360099999","1990-06-18T09:00:00","4","46.1666666","1.8666666","551.0","GUERET, FR","FM-12","99999","V020","230,1,N,0031,1","00390,1,C,N","004000,1,N,9","+0153,1","+0137,1","10154,1","06,0000,9,1",,,"4,000",,,"2,1,03,1","2,1,03,1","06,1,+00390,9,08,9",,,"06,99,1,06,1,02,1,00450,1,00,1,00,1",,,,,,"99999,9,09521,1","8,1,001,1,+999,9","10,1","4,99,0088,1","SYN017333   86813 91117",
"07360099999","1990-06-18T12:00:00","4","46.1666666","1.8666666","551.0","GUERET, FR","FM-12","99999","V020","230,1,N,0031,1","22000,1,C,N","015000,1,N,9","+0192,1","+0140,1","10142,1","06,0000,9,1",,,"4,000",,,,,"04,1,+00690,9,08,9",,,"05,99,1,04,1,02,1,00800,1,00,1,01,1",,,,,,"99999,9,09517,1","8,1,004,1,+999,9",,"4,99,0108,1","SYN017333   84823 91121",
"07360099999","1990-06-18T15:00:00","4","46.1666666","1.8666666","551.0","GUERET, FR","FM-12","99999","V020","240,1,N,0051,1","06900,1,C,N","020000,1,N,9","+0190,1","+0113,1","10137,1","06,0000,9,1",,,"4,000",,,,,"02,1,+00780,9,08,9","07,1,+06900,9,00,9",,"07,99,1,02,1,02,1,00800,1,00,1,02,1",,,,,,"99999,9,09512,1","8,1,005,1,+999,9",,"4,99,0098,1","SYN023333   82826 87073 91119",
"07360099999","1990-06-18T18:00:00","4","46.1666666","1.8666666","551.0","GUERET, FR","FM-12","99999","V020","210,1,N,0041,1","99999,9,9,N","999999,9,N,9","+0187,1","+0110,1","10133,1","06,0000,9,1",,,"4,000",,,,,,,,,,,,"999,M,+0202,1",,"99999,9,09507,1","5,1,005,1,+999,9",,"4,99,0098,1","SYN017333   10202 91119",
"07360099999","1990-06-18T21:00:00","4","46.1666666","1.8666666","551.0","GUERET, FR","FM-12","99999","V020","210,1,N,0041,1","99999,9,9,N","999999,9,N,9","+0161,1","+0113,1","10142,1","06,0000,9,1",,,"4,000",,,,,,,,,,,,,,"99999,9,09511,1","3,1,004,1,+999,9",,"4,99,0072,1","SYN011333   91114",
"07360099999","1990-06-19T00:00:00","4","46.1666666","1.8666666","551.0","GUERET, FR","FM-12","99999","V020","190,1,N,0051,1","99999,9,9,N","999999,9,N,9","+0156,1","+0112,1","10130,1","06,0000,9,1",,,"4,000",,,,,,,,,,,,,,"99999,9,09498,1","6,1,013,1,+999,9",,"4,99,0098,1","SYN011333   91119",
"07360099999","1990-06-19T03:00:00","4","46.1666666","1.8666666","551.0","GUERET, FR","FM-12","99999","V020","210,1,N,0051,1","99999,9,9,N","999999,9,N,9","+0154,1","+0116,1","10127,1","06,0000,9,1",,,"4,000",,,,,,,,,,,,,,"99999,9,09495,1","6,1,003,1,+999,9",,"4,99,0098,1","SYN011333   91119",
"07360099999","1990-06-19T09:00:00","4","46.1666666","1.8666666","551.0","GUERET, FR","FM-12","99999","V020","270,1,N,0021,1","00090,1,C,N","003000,1,N,9","+0142,1","+0142,1","10144,1","03,0002,9,1","99,0003,9,1",,"0,001",,,"6,1,03,1","2,1,03,1","05,1,+00090,9,07,9","07,1,+00990,9,05,9",,"08,99,1,08,1,05,1,00150,1,99,9,99,9",,,,,,"99999,9,09509,1","2,1,010,1,+999,9","61,1","4,99,0062,1","SYN029333   69927 85703 87633 91112",
"07360099999","1990-06-19T12:00:00","4","46.1666666","1.8666666","551.0","GUERET, FR","FM-12","99999","V020","160,1,N,0021,1","00090,1,C,N","002000,1,N,9","+0145,1","+0145,1","10144,1","03,0040,9,1","06,0040,9,1",,"0,001",,,"9,1,06,1","6,1,06,1","05,1,+00090,9,07,9","07,1,+00780,9,09,9",,"08,99,1,08,1,09,1,00150,1,99,9,99,9",,,,,,"99999,9,09506,1","8,1,003,1,+999,9","95,1","4,99,0149,1","SYN029333   60047 85703 87926 91129",
"07360099999","1990-06-19T15:00:00","4","46.1666666","1.8666666","551.0","GUERET, FR","FM-12","99999","V020","260,1,N,0031,1","00990,1,C,N","005000,1,N,9","+0135,1","+0135,1","10152,1","03,0002,9,1","99,0003,9,1",,"0,001",,,"9,1,03,1","8,1,03,1","02,1,+00060,9,08,9","08,1,+00990,9,05,9",,"08,99,1,08,1,05,1,00075,1,99,9,99,9",,,,,,"99999,9,09512,1","2,1,006,1,+999,9","28,1","4,99,0263,1","SYN029333   69927 82802 88633 91151",
"07360099999","1990-06-19T18:00:00","4","46.1666666","1.8666666","551.0","GUERET, FR","FM-12","99999","V020","270,1,N,0031,1","99999,9,9,N","999999,9,N,9","+0131,1","+9999,9","10158,1","03,0010,9,1",,,"0,000",,,"4,1,06,1",,,,,,,,,"999,M,+0156,1",,"99999,9,09516,1","3,1,004,1,+999,9","41,1","4,99,0263,1","SYN023333   10156 60017 91151",
"07360099999","1990-06-19T21:00:00","4","46.1666666","1.8666666","551.0","GUERET, FR","FM-12","99999","V020","160,1,N,0010,1","99999,9,9,N","999999,9,N,9","+0126,1","+9999,9","10170,1","03,0008,9,1","99,0010,9,1",,"0,000",,,,,,,,,,,,,,"99999,9,09526,1","3,1,010,1,+999,9",,"4,99,0062,1","SYN017333   69987 91112",
"07360099999","1990-06-20T00:00:00","4","46.1666666","1.8666666","551.0","GUERET, FR","FM-12","99999","V020","230,1,N,0031,1","99999,9,9,N","999999,9,N,9","+0118,1","+9999,9","10168,1","06,0010,9,1",,,"0,000",,,,,,,,,,,,,,"99999,9,09523,1","5,1,003,1,+999,9",,"4,99,0062,1","SYN011333   91112",
"07360099999","1990-06-20T03:00:00","4","46.1666666","1.8666666","551.0","GUERET, FR","FM-12","99999","V020","230,1,N,0041,1","99999,9,9,N","999999,9,N,9","+0118,1","+9999,9","10159,1","06,0000,9,1",,,"4,000",,,,,,,,,,,,,,"99999,9,09514,1","5,1,009,1,+999,9",,"4,99,0082,1","SYN011333   91116",
"07360099999","1990-06-20T06:00:00","4","46.1666666","1.8666666","551.0","GUERET, FR","FM-12","99999","V020","230,1,N,0031,1","00090,1,C,N","015000,1,N,9","+0120,1","+0120,1","10154,1","03,0004,9,1","24,0072,9,1","99,0005,9,1","0,000",,,,,"05,1,+00090,9,07,9","08,1,+01290,9,05,9",,"08,99,1,08,1,05,1,00150,1,99,9,99,9","0006,9","11,9","999,+0110,9","999,N,+0117,1",,"99999,9,09510,1","6,1,004,1,+999,9",,"4,99,0082,1","SYN053333   20117 32011 55001 69947 70072 85703 88643 91116",
"07360099999","1990-06-20T09:00:00","4","46.1666666","1.8666666","551.0","GUERET, FR","FM-12","99999","V020","240,1,N,0051,1","00390,1,C,N","020000,1,N,9","+0139,1","+0131,1","10152,1","06,0000,9,1",,,"4,000",,,,,"05,1,+00390,9,08,9","06,1,+01500,9,05,9",,"07,99,1,07,1,08,1,00450,1,99,9,99,9",,,,,,"99999,9,09516,1","3,1,006,1,+999,9",,"4,99,0088,1","SYN023333   85813 86650 91117",
"07360099999","1990-06-20T12:00:00","4","46.1666666","1.8666666","551.0","GUERET, FR","FM-12","99999","V020","240,1,N,0062,1","00690,1,C,N","020000,1,N,9","+0158,1","+0106,1","10149,1","06,0000,9,1",,,"4,000",,,,,"05,1,+00690,9,08,9","06,1,+01500,9,05,9",,"07,99,1,07,1,08,1,00800,1,99,9,99,9",,,,,,"99999,9,09516,1","0,1,000,1,+999,9",,"4,99,0139,1","SYN023333   85823 86650 91127",
"07360099999","1990-06-20T15:00:00","4","46.1666666","1.8666666","551.0","GUERET, FR","FM-12","99999","V020","250,1,N,0072,1","00900,1,C,N","030000,1,N,9","+0175,1","+0101,1","10135,1","06,0000,9,1",,,"4,000",,,,,"05,1,+00900,9,08,9","03,1,+03000,9,03,9",,"06,99,1,06,1,02,1,00800,1,03,1,00,1",,,,,,"99999,9,09507,1","7,1,009,1,+999,9",,"4,99,0139,1","SYN023333   85830 83360 91127",
"07360099999","1990-06-20T18:00:00","4","46.1666666","1.8666666","551.0","GUERET, FR","FM-12","99999","V020","240,1,N,0051,1","99999,9,9,N","999999,9,N,9","+0159,1","+0104,1","10143,1","06,0000,9,1",,,"4,000",,,,,,,,,,,,"999,M,+0184,1",,"99999,9,09511,1","3,1,004,1,+999,9",,"4,99,0139,1","SYN017333   10184 91127",
"07360099999","1990-06-20T21:00:00","4","46.1666666","1.8666666","551.0","GUERET, FR","FM-12","99999","V020","220,1,N,0051,1","99999,9,9,N","999999,9,N,9","+0122,1","+0108,1","10170,1","03,0002,9,1","99,0003,9,1",,"0,000",,,"4,1,03,1",,,,,,,,,,,"99999,9,09529,1","2,1,018,1,+999,9","41,1","4,99,0139,1","SYN017333   69927 91127",
"07360099999","1990-06-21T00:00:00","4","46.1666666","1.8666666","551.0","GUERET, FR","FM-12","99999","V020","230,1,N,0062,1","99999,9,9,N","999999,9,N,9","+0105,1","+0105,1","10168,1","06,0003,9,1",,,"0,000",,,,,,,,,,,,,,"99999,9,09523,1","7,1,006,1,+999,9",,"4,99,0139,1","SYN011333   91127",
"07360099999","1990-06-21T03:00:00","4","46.1666666","1.8666666","551.0","GUERET, FR","FM-12","99999","V020","220,1,N,0062,1","99999,9,9,N","999999,9,N,9","+0106,1","+0106,1","10158,1","06,0000,9,1",,,"4,000",,,,,,,,,,,,,,"99999,9,09514,1","6,1,009,1,+999,9",,"4,99,0108,1","SYN011333   91121",
"07360099999","1990-06-21T06:00:00","4","46.1666666","1.8666666","551.0","GUERET, FR","FM-12","99999","V020","210,1,N,0051,1","02700,1,C,N","015000,1,N,9","+0114,1","+0114,1","10145,1","24,0002,9,1",,,"0,000",,,,,"04,1,+00150,9,07,9","06,1,+02700,9,03,9",,"07,99,1,04,1,06,1,00150,1,07,1,99,9","0240,9","01,9","999,+0100,9","999,N,+0103,1",,"99999,9,09503,1","8,1,011,1,+999,9",,"4,99,0129,1","SYN047333   20103 30010 55040 70002 84705 86359 91125",
"07360099999","1990-06-21T09:00:00","4","46.1666666","1.8666666","551.0","GUERET, FR","FM-12","99999","V020","210,1,N,0041,1","03000,1,C,N","030000,1,N,9","+0155,1","+0123,1","10118,1","06,0000,9,1",,,"4,000",,,,,"02,1,+00450,9,08,9","04,1,+03000,9,03,9",,"06,99,1,02,1,02,1,00450,1,03,1,01,1",,,,,,"99999,9,09487,1","8,1,016,1,+999,9",,"4,99,0118,1","SYN023333   82815 84360 91123",
"07360099999","1990-06-21T12:00:00","4","46.1666666","1.8666666","551.0","GUERET, FR","FM-12","99999","V020","210,1,N,0051,1","03000,1,C,N","035000,1,N,9","+0182,1","+0120,1","10092,1","06,0000,9,1",,,"4,000",,,,,"01,1,+00780,9,08,9","07,1,+03000,9,03,9",,"07,99,1,02,1,08,1,00800,1,05,1,99,9",,,,,,"99999,9,09468,1","7,1,019,1,+999,9",,"4,99,0139,1","SYN023333   81826 87360 91127",
"07360099999","1990-06-21T15:00:00","4","46.1666666","1.8666666","551.0","GUERET, FR","FM-12","99999","V020","210,1,N,0062,1","02700,1,C,N","015000,1,N,9","+0177,1","+0142,1","10079,1","03,0006,9,1","99,0005,9,1",,"0,000",,,"6,1,03,1","2,1,03,1","02,1,+00990,9,04,9","06,1,+02700,9,03,9",,"06,99,1,02,1,05,1,01250,1,07,1,00,1",,,,,,"99999,9,09456,1","8,1,012,1,+999,9","21,1","4,99,0149,1","SYN029333   69967 82533 86359 91129",
"07360099999","1990-06-21T18:00:00","4","46.1666666","1.8666666","551.0","GUERET, FR","FM-12","99999","V020","220,1,N,0072,1","99999,9,9,N","999999,9,N,9","+0129,1","+9999,9","10093,1","03,0030,9,1",,,"0,000",,,"4,1,06,1",,,,,,,,,"999,M,+0189,1",,"99999,9,09455,1","8,1,001,1,+999,9","21,1","4,99,0170,1","SYN023333   10189 60037 91133",
"07360099999","1990-06-21T21:00:00","4","46.1666666","1.8666666","551.0","GUERET, FR","FM-12","99999","V020","240,1,N,0082,1","99999,9,9,N","999999,9,N,9","+0135,1","+9999,9","10095,1","03,0004,9,1","99,0005,9,1",,"0,000",,,"4,1,03,1",,,,,,,,,,,"99999,9,09458,1","3,1,003,1,+999,9","41,1","4,99,0221,1","SYN017333   69947 91143",
"07360099999","1990-06-22T00:00:00","4","46.1666666","1.8666666","551.0","GUERET, FR","FM-12","99999","V020","250,1,N,0098,1","99999,9,9,N","999999,9,N,9","+0114,1","+9999,9","10109,1","03,0050,9,1","06,0050,9,1",,"0,000",,,"4,1,06,1",,,,,,,,,,,"99999,9,09466,1","2,1,008,1,+999,9","41,1","4,99,0221,1","SYN017333   60057 91143",
"07360099999","1990-06-22T03:00:00","4","46.1666666","1.8666666","551.0","GUERET, FR","FM-12","99999","V020","250,1,N,0072,1","99999,9,9,N","999999,9,N,9","+0104,1","+0104,1","10111,1","03,0002,9,1","99,0003,9,1",,"0,000",,,,,,,,,,,,,,"99999,9,09469,1","3,1,003,1,+999,9",,"4,99,0160,1","SYN017333   69927 91131",
"07360099999","1990-06-22T06:00:00","4","46.1666666","1.8666666","551.0","GUERET, FR","FM-12","99999","V020","230,1,N,0082,1","02700,1,C,N","008000,1,N,9","+0108,1","+0108,1","10118,1","24,0094,9,1","99,0060,9,1",,"0,000",,,"6,1,06,1",,"04,1,+00180,9,07,9","03,1,+02700,9,03,9",,"05,99,1,04,1,06,1,00150,1,03,1,00,1","0258,9","09,9","999,+0090,9","999,N,+0099,1",,"99999,9,09477,1","3,1,008,1,+999,9","03,1","4,99,0160,1","SYN047333   20099 31009 55043 70094 84706 83359 91131",
"07360099999","1990-06-22T09:00:00","4","46.1666666","1.8666666","551.0","GUERET, FR","FM-12","99999","V020","250,1,N,0087,1","01200,1,C,N","020000,1,N,9","+0132,1","+0098,1","10125,1","03,9999,2,9",,,"0,000",,,"6,1,03,1","2,1,03,1","03,1,+00540,9,08,9","04,1,+01200,9,05,9","05,1,+02700,9,03,9","07,99,1,06,1,08,1,00450,1,03,1,99,9",,,,,,"99999,9,09488,1","0,1,011,1,+999,9","03,1","4,99,0160,1","SYN035333   69907 83818 84640 85359 91131",
"07360099999","1990-06-22T12:00:00","4","46.1666666","1.8666666","551.0","GUERET, FR","FM-12","99999","V020","250,1,N,0041,1","00480,1,C,N","030000,1,N,9","+0134,1","+0109,1","10136,1","03,0002,9,1","06,0003,9,1",,"0,001",,,"6,1,06,1","2,1,06,1","05,1,+00480,9,08,9","03,1,+01080,9,05,9",,"07,99,1,07,1,08,1,00450,1,99,9,99,9",,,,,,"99999,9,09499,1","1,1,011,1,+999,9","80,1","4,99,0170,1","SYN029333   69927 85816 83636 91133",
"07360099999","1990-06-22T15:00:00","4","46.1666666","1.8666666","551.0","GUERET, FR","FM-12","99999","V020","250,1,N,0062,1","01080,1,C,N","009000,1,N,9","+0121,1","+0108,1","10150,1",,,,"2,001",,,"8,1,03,1","6,1,03,1","04,1,+00450,9,08,9","06,1,+01080,9,05,9",,"07,99,1,07,1,08,1,00450,1,99,9,99,9",,,,,,"99999,9,09510,1",,"80,1",,"SYN017333   84815 86636",
"07360099999","1990-06-22T18:00:00","4","46.1666666","1.8666666","551.0","GUERET, FR","FM-12","99999","V020","260,1,N,0062,1","99999,9,9,N","999999,9,N,9","+0126,1","+0098,1","10152,1","03,0002,9,1","99,0003,9,1",,"0,000",,,,,,,,,,,,"999,M,+0141,1",,"99999,9,09513,1","3,1,003,1,+999,9",,"4,99,0190,1","SYN023333   10141 69927 91137",
"07360099999","1990-06-22T21:00:00","4","46.1666666","1.8666666","551.0","GUERET, FR","FM-12","99999","V020","230,1,N,0051,1","99999,9,9,N","999999,9,N,9","+0107,1","+0090,1","10173,1","06,0000,9,1",,,"4,000",,,,,,,,,,,,,,"99999,9,09527,1","3,1,014,1,+999,9",,"4,99,0160,1","SYN011333   91131",
"07360099999","1990-06-23T00:00:00","4","46.1666666","1.8666666","551.0","GUERET, FR","FM-12","99999","V020","250,1,N,0051,1","99999,9,9,N","999999,9,N,9","+0099,1","+0099,1","10178,1","03,0002,9,1","06,0003,9,1",,"0,000",,,"4,1,06,1",,,,,,,,,,,"99999,9,09531,1","2,1,004,1,+999,9","21,1","4,99,0160,1","SYN017333   69927 91131",
"07360099999","1990-06-23T03:00:00","4","46.1666666","1.8666666","551.0","GUERET, FR","FM-12","99999","V020","240,1,N,0051,1","99999,9,9,N","999999,9,N,9","+0090,1","+0090,1","10186,1","03,0002,9,1","99,0003,9,1",,"0,000",,,,,,,,,,,,,,"99999,9,09536,1","3,1,005,1,+999,9",,"4,99,0108,1","SYN017333   69927 91121",
"07360099999","1990-06-23T06:00:00","4","46.1666666","1.8666666","551.0","GUERET, FR","FM-12","99999","V020","230,1,N,0031,1","00150,1,C,N","010000,1,N,9","+0103,1","+0103,1","10193,1","24,0022,9,1","99,0005,9,1",,"0,000",,,,,"05,1,+00150,9,07,9","07,1,+03000,9,03,9",,"07,99,1,05,1,06,1,00150,1,07,1,99,9","0168,9","09,9","999,+0080,9","999,N,+0090,1",,"99999,9,09546,1","2,1,010,1,+999,9",,"4,99,0108,1","SYN047333   20090 31008 55028 70022 85705 87360 91121",
"07360099999","1990-06-23T09:00:00","4","46.1666666","1.8666666","551.0","GUERET, FR","FM-12","99999","V020","220,1,N,0041,1","00480,1,C,N","010000,1,N,9","+0126,1","+0115,1","10198,1","03,9999,2,9",,,"0,000",,,"5,1,03,1","2,1,03,1","06,1,+00480,9,05,9","07,1,+03000,9,03,9",,"07,99,1,06,1,05,1,00450,1,07,1,99,9",,,,,,"99999,9,09556,1","1,1,010,1,+999,9","01,1","4,99,0098,1","SYN029333   69907 86616 87360 91119",
"07360099999","1990-06-23T12:00:00","4","46.1666666","1.8666666","551.0","GUERET, FR","FM-12","99999","V020","200,1,N,0041,1","00600,1,C,N","025000,1,N,9","+0146,1","+0126,1","10199,1","06,9999,2,9",,,"0,000",,,"5,1,06,1","2,1,06,1","05,1,+00600,9,08,9","07,1,+03000,9,03,9",,"07,99,1,05,1,02,1,00800,1,07,1,99,9",,,,,,"99999,9,09561,1","1,1,005,1,+999,9","01,1","4,99,0118,1","SYN023333   85820 87360 91123",
"07360099999","1990-06-23T15:00:00","4","46.1666666","1.8666666","551.0","GUERET, FR","FM-12","99999","V020","210,1,N,0041,1","99999,9,9,N","999999,9,N,9","+0175,1","+0146,1","10185,1","06,0000,9,1",,,"4,000",,,,,,,,,,,,,,"99999,9,09555,1","8,1,006,1,+999,9",,"4,99,0108,1","SYN011333   91121",
"07360099999","1990-06-23T18:00:00","4","46.1666666","1.8666666","551.0","GUERET, FR","FM-12","99999","V020","210,1,N,0041,1","99999,9,9,N","999999,9,N,9","+0169,1","+0140,1","10187,1","99,9999,2,9",,,"0,000",,,,,,,,,,,,"999,M,+0195,1",,"99999,9,09555,1","4,1,000,1,+999,9",,"4,99,0118,1","SYN017333   10195 91123",
"07360099999","1990-06-23T21:00:00","4","46.1666666","1.8666666","551.0","GUERET, FR","FM-12","99999","V020","210,1,N,0041,1","99999,9,9,N","999999,9,N,9","+0149,1","+0147,1","10202,1","03,0002,9,1","99,0003,9,1",,"0,000",,,,,,,,,,,,,,"99999,9,09565,1","3,1,010,1,+999,9",,"4,99,0088,1","SYN017333   69927 91117",
"07360099999","1990-06-24T00:00:00","4","46.1666666","1.8666666","551.0","GUERET, FR","FM-12","99999","V020","230,1,N,0041,1","99999,9,9,N","999999,9,N,9","+0149,1","+0147,1","10202,1","06,0003,9,1",,,"0,000",,,,,,,,,,,,,,"99999,9,09565,1","0,1,000,1,+999,9",,"4,99,0088,1","SYN011333   91117",
"07360099999","1990-06-24T03:00:00","4","46.1666666","1.8666666","551.0","GUERET, FR","FM-12","99999","V020","240,1,N,0031,1","99999,9,9,N","999999,9,N,9","+0139,1","+9999,9","10211,1","06,0000,9,1",,,"4,000",,,,,,,,,,,,,,"99999,9,09568,1","3,1,003,1,+999,9",,"4,99,0098,1","SYN011333   91119",
"07360099999","1990-06-24T06:00:00","4","46.1666666","1.8666666","551.0","GUERET, FR","FM-12","99999","V020","250,1,N,0041,1","01500,1,C,N","007000,1,N,9","+0140,1","+0140,1","10227,1","24,0002,9,1",,,"0,000",,,,,"04,1,+00150,9,07,9","05,1,+01500,9,05,9",,"06,99,1,06,1,05,1,00150,1,99,9,00,1","0144,9","01,9","999,+0140,9","999,N,+0137,1",,"99999,9,09583,1","1,1,015,1,+999,9",,"4,99,0098,1","SYN047333   20137 30014 55024 70002 84705 85650 91119","Q01    003SCOMCG"
"07360099999","1990-06-24T09:00:00","4","46.1666666","1.8666666","551.0","GUERET, FR","FM-12","99999","V020","270,1,N,0041,1","00600,1,C,N","020000,1,N,9","+0159,1","+0137,1","10235,1","06,0000,9,1",,,"4,000",,,,,"06,1,+00600,9,08,9",,,"06,99,1,06,1,02,1,00800,1,00,1,00,1",,,,,,"99999,9,09598,1","1,1,015,1,+999,9",,"4,99,0088,1","SYN017333   86820 91117",
"07360099999","1990-06-24T12:00:00","4","46.1666666","1.8666666","551.0","GUERET, FR","FM-12","99999","V020","280,1,N,0031,1","22000,1,C,N","040000,1,N,9","+0200,1","+0137,1","10229,1","06,0000,9,1",,,"4,000",,,,,"03,1,+01290,9,08,9",,,"03,99,1,03,1,01,1,01250,1,00,1,00,1",,,,,,"99999,9,09601,1","0,1,003,1,+999,9",,"4,99,0088,1","SYN017333   83843 91117",
"07360099999","1990-06-24T15:00:00","4","46.1666666","1.8666666","551.0","GUERET, FR","FM-12","99999","V020","280,1,N,0031,1","99999,9,9,N","999999,9,N,9","+0216,1","+0135,1","10224,1","06,0000,9,1",,,"4,000",,,,,,,,,,,,,,"99999,9,09600,1","8,1,001,1,+999,9",,"4,99,0082,1","SYN011333   91116",
"07360099999","1990-06-24T18:00:00","4","46.1666666","1.8666666","551.0","GUERET, FR","FM-12","99999","V020","350,1,N,0021,1","99999,9,9,N","999999,9,N,9","+0200,1","+0125,1","10231,1","06,0000,9,1",,,"4,000",,,,,,,,,,,,"999,M,+0222,1",,"99999,9,09603,1","3,1,003,1,+999,9",,"4,99,0082,1","SYN017333   10222 91116",
"07360099999","1990-06-24T21:00:00","4","46.1666666","1.8666666","551.0","GUERET, FR","FM-12","99999","V020","030,1,N,0021,1","99999,9,9,N","999999,9,N,9","+0164,1","+0122,1","10245,1","06,0000,9,1",,,"4,000",,,,,,,,,,,,,,"99999,9,09609,1","3,1,006,1,+999,9",,"4,99,0051,1","SYN011333   91110",
"07360099999","1990-06-25T00:00:00","4","46.1666666","1.8666666","551.0","GUERET, FR","FM-12","99999","V020","110,1,N,0031,1","99999,9,9,N","999999,9,N,9","+0157,1","+0111,1","10246,1","06,0000,9,1",,,"4,000",,,,,,,,,,,,,,"99999,9,09607,1","8,1,002,1,+999,9",,"4,99,0051,1","SYN011333   91110",
"07360099999","1990-06-25T03:00:00","4","46.1666666","1.8666666","551.0","GUERET, FR","FM-12","99999","V020","120,1,N,0031,1","99999,9,9,N","999999,9,N,9","+0147,1","+0109,1","10242,1","06,0000,9,1",,,"4,000",,,,,,,,,,,,,,"99999,9,09601,1","5,1,006,1,+999,9",,"4,99,0051,1","SYN011333   91110",
"07360099999","1990-06-25T06:00:00","4","46.1666666","1.8666666","551.0","GUERET, FR","FM-12","99999","V020","100,1,N,0021,1","22000,1,C,N","060000,1,N,9","+0163,1","+0119,1","10240,1","06,0000,9,1",,,"4,000",,,,,,,,"00,99,1,00,1,00,1,99999,9,00,1,00,1","0588,9","01,9","999,+0110,9","999,N,+0146,1",,"99999,9,09603,1","1,1,002,1,+999,9",,"4,99,0051,1","SYN029333   20146 30011 55098 91110",
"07360099999","1990-06-25T09:00:00","4","46.1666666","1.8666666","551.0","GUERET, FR","FM-12","99999","V020","060,1,N,0031,1","22000,1,C,N","060000,1,N,9","+0212,1","+0151,1","10228,1","06,0000,9,1",,,"4,000",,,,,"01,1,+07800,9,00,9",,,"01,99,1,00,1,00,1,99999,9,00,1,01,1",,,,,,"99999,9,09603,1","5,1,000,1,+999,9",,"4,99,0072,1","SYN017333   81076 91114",
"07360099999","1990-06-25T12:00:00","4","46.1666666","1.8666666","551.0","GUERET, FR","FM-12","99999","V020","090,1,N,0021,1","22000,1,C,N","050000,1,N,9","+0246,1","+0173,1","10209,1","06,0000,9,1",,,"4,000",,,,,"02,1,+07800,9,00,9",,,"02,99,1,00,1,00,1,99999,9,00,1,01,1",,,,,,"99999,9,09593,1","8,1,010,1,+999,9",,"4,99,0072,1","SYN017333   82076 91114",
"07360099999","1990-06-25T15:00:00","4","46.1666666","1.8666666","551.0","GUERET, FR","FM-12","99999","V020","070,1,N,0031,1","22000,1,C,N","050000,1,N,9","+0259,1","+0175,1","10196,1","06,0000,9,1",,,"4,000",,,,,"02,1,+07800,9,00,9",,,"02,99,1,00,1,00,1,99999,9,00,1,01,1",,,,,,"99999,9,09583,1","6,1,010,1,+999,9",,"4,99,0072,1","SYN017333   82076 91114",
"07360099999","1990-06-25T18:00:00","4","46.1666666","1.8666666","551.0","GUERET, FR","FM-12","99999","V020","050,1,N,0031,1","99999,9,9,N","999999,9,N,9","+0238,1","+0163,1","10185,1","06,0000,9,1",,,"4,000",,,,,,,,,,,,"999,M,+0262,1",,"99999,9,09568,1","7,1,015,1,+999,9",,"4,99,0072,1","SYN017333   10262 91114",
"07360099999","1990-06-25T21:00:00","4","46.1666666","1.8666666","551.0","GUERET, FR","FM-12","99999","V020","090,1,N,0031,1","99999,9,9,N","999999,9,N,9","+0206,1","+0154,1","10191,1","06,0000,9,1",,,"4,000",,,,,,,,,,,,,,"99999,9,09567,1","5,1,001,1,+999,9",,"4,99,0072,1","SYN011333   91114",
"07360099999","1990-06-26T00:00:00","4","46.1666666","1.8666666","551.0","GUERET, FR","FM-12","99999","V020","110,1,N,0021,1","99999,9,9,N","999999,9,N,9","+0181,1","+0154,1","10186,1","06,0000,9,1",,,"4,000",,,,,,,,,,,,,,"99999,9,09557,1","8,1,010,1,+999,9",,"4,99,0072,1","SYN011333   91114",
"07360099999","1990-06-26T03:00:00","4","46.1666666","1.8666666","551.0","GUERET, FR","FM-12","99999","V020","150,1,N,0021,1","99999,9,9,N","999999,9,N,9","+0182,1","+0155,1","10171,1","06,0000,9,1",,,"4,000",,,,,,,,,,,,,,"99999,9,09543,1","6,1,014,1,+999,9",,"4,99,0072,1","SYN011333   91114",
"07360099999","1990-06-26T06:00:00","4","46.1666666","1.8666666","551.0","GUERET, FR","FM-12","99999","V020","190,1,N,0031,1","22000,1,C,N","020000,1,N,9","+0220,1","+0167,1","10162,1","06,0000,9,1",,,"4,000",,,,,"01,1,+07800,9,00,9",,,"01,99,1,00,1,00,1,99999,9,00,1,01,1","0708,9","01,9","999,+0140,9","999,N,+0177,1",,"99999,9,09543,1","5,1,000,1,+999,9",,"4,99,0082,1","SYN035333   20177 30014 55118 81076 91116",
"07360099999","1990-06-26T09:00:00","4","46.1666666","1.8666666","551.0","GUERET, FR","FM-12","99999","V020","240,1,N,0062,1","22000,1,C,N","030000,1,N,9","+0241,1","+0181,1","10168,1","06,0000,9,1",,,"4,000",,,,,"02,1,+01500,9,09,9","03,1,+03900,9,03,9",,"04,99,1,02,1,08,1,01750,1,08,1,00,1",,,,,,"99999,9,09553,1","3,1,010,1,+999,9",,"4,99,0170,1","SYN023333   82950 83363 91133",
"07360099999","1990-06-26T12:00:00","4","46.1666666","1.8666666","551.0","GUERET, FR","FM-12","99999","V020","070,1,N,0031,1","03300,1,C,N","030000,1,N,9","+0241,1","+0192,1","10154,1","06,9999,2,9",,,"0,000",,,"8,1,06,1","1,1,06,1","07,1,+03300,9,03,9",,,"07,99,1,07,1,00,1,99999,9,07,1,99,9",,,,,,"99999,9,09541,1","8,1,012,1,+999,9","01,1","4,99,0170,1","SYN017333   87361 91133",
"07360099999","1990-06-26T15:00:00","4","46.1666666","1.8666666","551.0","GUERET, FR","FM-12","99999","V020","300,1,N,0031,1","22000,1,C,N","030000,1,N,9","+0274,1","+0221,1","10145,1","06,0000,9,1",,,"4,000",,,,,"02,1,+01500,9,08,9","03,1,+03300,9,03,9",,"04,99,1,02,1,02,1,01750,1,08,1,02,1",,,,,,"99999,9,09539,1","6,1,002,1,+999,9",,"4,99,0072,1","SYN023333   82850 83361 91114",
"07360099999","1990-06-26T18:00:00","4","46.1666666","1.8666666","551.0","GUERET, FR","FM-12","99999","V020","060,1,N,0041,1","99999,9,9,N","999999,9,N,9","+0227,1","+0172,1","10155,1","99,9999,2,9",,,"0,000",,,,,,,,,,,,"999,M,+0277,1",,"99999,9,09538,1","5,1,001,1,+999,9",,"4,99,0098,1","SYN017333   10277 91119",
"07360099999","1990-06-26T21:00:00","4","46.1666666","1.8666666","551.0","GUERET, FR","FM-12","99999","V020","110,1,N,0051,1","99999,9,9,N","999999,9,N,9","+0178,1","+0178,1","10175,1","03,0040,9,1",,,"0,000",,,"4,1,03,1",,,,,,,,,,,"99999,9,09547,1","3,1,009,1,+999,9","21,1","4,99,0149,1","SYN017333   60047 91129",
"07360099999","1990-06-27T03:00:00","4","46.1666666","1.8666666","551.0","GUERET, FR","FM-12","99999","V020","240,1,N,0051,1","99999,9,9,N","999999,9,N,9","+0182,1","+0180,1","10146,1","06,0000,9,1",,,"4,000",,,,,,,,,,,,,,"99999,9,09521,1","6,1,008,1,+999,9",,"4,99,0118,1","SYN011333   91123",
"07360099999","1990-06-27T06:00:00","4","46.1666666","1.8666666","551.0","GUERET, FR","FM-12","99999","V020","230,1,N,0031,1","03000,1,C,N","007000,1,N,9","+0182,1","+0182,1","10150,1","24,0044,9,1",,,"0,000",,,,,"03,1,+00480,9,08,9","06,1,+03000,9,03,9",,"07,99,1,03,1,02,1,00450,1,07,1,99,9","0348,9","09,9","999,+0150,9","999,N,+0169,1",,"99999,9,09524,1","2,1,003,1,+999,9",,"4,99,0118,1","SYN047333   20169 31015 55058 70044 83816 86360 91123",
"07360099999","1990-06-27T09:00:00","4","46.1666666","1.8666666","551.0","GUERET, FR","FM-12","99999","V020","230,1,N,0021,1","00090,1,C,N","006000,1,N,9","+0182,1","+0182,1","10162,1","03,0120,9,1",,,"0,001",,,"9,1,03,1","8,1,03,1","07,1,+00090,9,07,9",,,"07,99,1,07,1,07,1,00150,1,99,9,99,9",,,,,,"99999,9,09531,1","0,1,007,1,+999,9","21,1","4,99,0263,1","SYN023333   60127 87703 91151",
"07360099999","1990-06-27T12:00:00","4","46.1666666","1.8666666","551.0","GUERET, FR","FM-12","99999","V020","240,1,N,0031,1","03000,1,C,N","008000,1,N,9","+0221,1","+0202,1","10145,1","06,0120,9,1",,,"0,001",,,"9,1,06,1","8,1,06,1","03,1,+00600,9,08,9","03,1,+03000,9,03,9",,"05,99,1,03,1,02,1,00800,1,08,1,02,1",,,,,,"99999,9,09528,1","8,1,003,1,+999,9","01,1","4,99,0263,1","SYN023333   83820 83360 91151",
"07360099999","1990-06-27T15:00:00","4","46.1666666","1.8666666","551.0","GUERET, FR","FM-12","99999","V020","240,1,N,0041,1","00900,1,C,N","015000,1,N,9","+0222,1","+0197,1","10136,1","06,0000,9,1",,,"4,000",,,,,"01,1,+00780,9,09,9","05,1,+00900,9,08,9","03,1,+07800,9,00,9","07,99,1,06,1,09,1,00800,1,00,1,02,1",,,,,,"99999,9,09520,1","6,1,008,1,+999,9",,"4,99,0098,1","SYN029333   81926 85830 83076 91119",
"07360099999","1990-06-27T18:00:00","4","46.1666666","1.8666666","551.0","GUERET, FR","FM-12","99999","V020","240,1,N,0041,1","99999,9,9,N","999999,9,N,9","+0187,1","+0187,1","10142,1","03,0020,9,1",,,"0,000",,,,,,,,,,,,"999,M,+0235,1",,"99999,9,09518,1","8,1,002,1,+999,9",,"4,99,0170,1","SYN023333   10235 60027 91133",
"07360099999","1990-06-27T21:00:00","4","46.1666666","1.8666666","551.0","GUERET, FR","FM-12","99999","V020","260,1,N,0041,1","99999,9,9,N","999999,9,N,9","+0165,1","+0165,1","10171,1","06,0000,9,1",,,"4,000",,,,,,,,,,,,,,"99999,9,09540,1","1,1,022,1,+999,9",,"4,99,0108,1","SYN011333   91121",
"07360099999","1990-06-28T00:00:00","4","46.1666666","1.8666666","551.0","GUERET, FR","FM-12","99999","V020","240,1,N,0031,1","99999,9,9,N","999999,9,N,9","+0156,1","+0156,1","10173,1","06,0000,9,1",,,"4,000",,,,,,,,,,,,,,"99999,9,09540,1","5,1,000,1,+999,9",,"4,99,0108,1","SYN011333   91121",
"07360099999","1990-06-28T03:00:00","4","46.1666666","1.8666666","551.0","GUERET, FR","FM-12","99999","V020","999,1,C,0000,1","99999,9,9,N","999999,9,N,9","+0150,1","+9999,9","10172,1","06,0000,9,1",,,"4,000",,,,,,,,,,,,,,"99999,9,09534,1","8,1,006,1,+999,9",,"4,99,0072,1","SYN011333   91114",
"07360099999","1990-06-28T06:00:00","4","46.1666666","1.8666666","551.0","GUERET, FR","FM-12","99999","V020","260,1,N,0010,1","00060,1,C,N","005000,1,N,9","+0143,1","+0143,1","10181,1","06,0000,9,1","24,0142,9,1",,"4,000",,,,,"08,1,+00060,9,05,9",,,"08,99,1,08,1,06,1,00075,1,99,9,99,9","0126,9","09,9","999,+0150,9","999,N,+0143,1",,"99999,9,09540,1","1,1,006,1,+999,9",,"4,99,0072,1","SYN041333   20143 31015 55021 70142 88602 91114",
"07360099999","1990-06-28T09:00:00","4","46.1666666","1.8666666","551.0","GUERET, FR","FM-12","99999","V020","240,1,N,0021,1","00150,1,C,N","007000,1,N,9","+0151,1","+0151,1","10184,1","06,0000,9,1",,,"4,000",,,,,"07,1,+00150,9,07,9",,,"08,99,1,07,1,06,1,00150,1,99,9,99,9",,,,,,"99999,9,09549,1","1,1,009,1,+999,9",,"4,99,0051,1","SYN017333   87705 91110",
"07360099999","1990-06-28T12:00:00","4","46.1666666","1.8666666","551.0","GUERET, FR","FM-12","99999","V020","270,1,N,0031,1","00180,1,C,N","008000,1,N,9","+0155,1","+0155,1","10184,1","06,0000,9,1",,,"4,000",,,,,"08,1,+00180,9,07,9",,,"08,99,1,08,1,06,1,00250,1,99,9,99,9",,,,,,"99999,9,09550,1","2,1,001,1,+999,9",,"4,99,0062,1","SYN017333   88706 91112",
"07360099999","1990-06-28T15:00:00","4","46.1666666","1.8666666","551.0","GUERET, FR","FM-12","99999","V020","280,1,N,0031,1","01200,1,C,N","008000,1,N,9","+0179,1","+0169,1","10172,1","06,0000,9,1",,,"4,000",,,,,"03,1,+00390,9,08,9","04,1,+01200,9,05,9",,"06,99,1,06,1,08,1,00450,1,00,1,00,1",,,,,,"99999,9,09544,1","8,1,006,1,+999,9",,"4,99,0072,1","SYN023333   83813 84640 91114",
"07360099999","1990-06-28T18:00:00","4","46.1666666","1.8666666","551.0","GUERET, FR","FM-12","99999","V020","330,1,N,0010,1","99999,9,9,N","999999,9,N,9","+0180,1","+0162,1","10167,1","06,0000,9,1",,,"4,000",,,,,,,,,,,,"999,M,+0191,1",,"99999,9,09539,1","5,1,005,1,+999,9",,"4,99,0072,1","SYN017333   10191 91114",
"07360099999","1990-06-28T21:00:00","4","46.1666666","1.8666666","551.0","GUERET, FR","FM-12","99999","V020","080,1,N,0010,1","99999,9,9,N","999999,9,N,9","+0165,1","+0163,1","10170,1","06,0000,9,1",,,"4,000",,,,,,,,,,,,,,"99999,9,09539,1","0,1,000,1,+999,9",,"4,99,0041,1","SYN011333   91108",
"07360099999","1990-06-29T00:00:00","4","46.1666666","1.8666666","551.0","GUERET, FR","FM-12","99999","V020","080,1,N,0021,1","99999,9,9,N","999999,9,N,9","+0158,1","+0158,1","10160,1","06,0000,9,1",,,"4,000",,,,,,,,,,,,,,"99999,9,09528,1","8,1,011,1,+999,9",,"4,99,0041,1","SYN011333   91108",
"07360099999","1990-06-29T03:00:00","4","46.1666666","1.8666666","551.0","GUERET, FR","FM-12","99999","V020","100,1,N,0021,1","99999,9,9,N","999999,9,N,9","+0151,1","+9999,9","10154,1","06,0000,9,1",,,"4,000",,,,,,,,,,,,,,"99999,9,09517,1","8,1,011,1,+999,9",,"4,99,0051,1","SYN011333   91110",
"07360099999","1990-06-29T06:00:00","4","46.1666666","1.8666666","551.0","GUERET, FR","FM-12","99999","V020","240,1,N,0031,1","00990,1,C,N","004000,1,N,9","+0158,1","+0158,1","10149,1","03,0006,9,1","24,0006,9,1","99,0005,9,1","0,001",,,"8,1,06,1","6,1,06,1","02,1,+00480,9,09,9","03,1,+00990,9,05,9","05,1,+02700,9,03,9","07,99,1,04,1,03,1,00450,1,08,1,99,9","0090,9","09,9","999,+0140,9","999,N,+0150,1",,"99999,9,09514,1","8,1,003,1,+999,9","80,1","4,99,0051,1","SYN059333   20150 31014 55015 69967 70006 82916 83633 85359 91110",
"07360099999","1990-07-02T12:00:00","4","46.1666666","1.8666666","551.0","GUERET, FR","FM-12","99999","V020","250,1,N,0031,1","03900,1,C,N","020000,1,N,9","+0167,1","+0101,1","10149,1","06,0000,9,1",,,"4,000",,,,,"02,1,+00900,9,08,9","03,1,+03900,9,03,9",,"07,99,1,02,1,01,1,00800,1,04,1,02,1",,,,,,"99999,9,09519,1","8,1,012,1,+999,9",,"4,99,0072,1","SYN023333   82830 83363 91114",
"07360099999","1990-07-02T15:00:00","4","46.1666666","1.8666666","551.0","GUERET, FR","FM-12","99999","V020","240,1,N,0010,1","02400,1,C,N","010000,1,N,9","+0143,1","+0129,1","10143,1","03,0002,9,1","99,0003,9,1",,"0,000",,,"6,1,03,1","2,1,03,1","04,1,+01200,9,05,9","08,1,+02400,9,04,9",,"08,99,1,04,1,05,1,01250,1,02,1,99,9",,,,,,"99999,9,09508,1","7,1,011,1,+999,9","60,1","4,99,0072,1","SYN029333   69927 84640 88458 91114",
"07360099999","1990-07-02T18:00:00","4","46.1666666","1.8666666","551.0","GUERET, FR","FM-12","99999","V020","190,1,N,0041,1","99999,9,9,N","999999,9,N,9","+0122,1","+0122,1","10128,1","03,0020,9,1",,,"0,000",,,"4,1,06,1",,,,,,,,,"999,M,+0171,1",,"99999,9,09490,1","8,1,018,1,+999,9","21,1","4,99,0088,1","SYN023333   10171 60027 91117",
"07360099999","1990-07-02T21:00:00","4","46.1666666","1.8666666","551.0","GUERET, FR","FM-12","99999","V020","210,1,N,0051,1","99999,9,9,N","999999,9,N,9","+0124,1","+9999,9","10122,1","03,0010,9,1",,,"0,000",,,"4,1,03,1",,,,,,,,,,,"99999,9,09481,1","8,1,009,1,+999,9","21,1","4,99,0118,1","SYN017333   60017 91123",
"07360099999","1990-07-03T00:00:00","4","46.1666666","1.8666666","551.0","GUERET, FR","FM-12","99999","V020","240,1,N,0062,1","99999,9,9,N","999999,9,N,9","+0128,1","+9999,9","10114,1","03,0020,9,1","06,0020,9,1",,"0,000",,,"4,1,06,1",,,,,,,,,,,"99999,9,09474,1","6,1,007,1,+999,9","21,1","4,99,0139,1","SYN017333   60027 91127",
"07360099999","1990-07-03T03:00:00","4","46.1666666","1.8666666","551.0","GUERET, FR","FM-12","99999","V020","230,1,N,0072,1","99999,9,9,N","999999,9,N,9","+0125,1","+9999,9","10111,1","03,0010,9,1",,,"0,000",,,"4,1,03,1",,,,,,,,,,,"99999,9,09470,1","8,1,004,1,+999,9","21,1","4,99,0149,1","SYN017333   60017 91129",
"07360099999","1990-07-03T06:00:00","4","46.1666666","1.8666666","551.0","GUERET, FR","FM-12","99999","V020","260,1,N,0072,1","00090,1,C,N","005000,1,N,9","+0123,1","+0123,1","10115,1","03,0020,9,1","24,0088,9,1",,"0,000",,,,,"07,1,+00090,9,07,9",,,"08,99,1,07,1,07,1,00150,1,99,9,99,9","0210,9","11,9","999,+0120,9","999,N,+0121,1",,"99999,9,09474,1","3,1,004,1,+999,9","61,1","4,99,0149,1","SYN047333   20121 32012 55035 60027 70088 87703 91129",
"07360099999","1990-07-03T09:00:00","4","46.1666666","1.8666666","551.0","GUERET, FR","FM-12","99999","V020","310,1,N,0041,1","00180,1,C,N","010000,1,N,9","+0125,1","+0125,1","10144,1","03,0020,9,1",,,"0,000",,,"6,1,03,1","2,1,03,1","07,1,+00180,9,07,9",,,"08,99,1,07,1,07,1,00250,1,99,9,99,9",,,,,,"99999,9,09501,1","1,1,027,1,+999,9","01,1","4,99,0118,1","SYN023333   60027 87706 91123",
"07360099999","1990-07-03T12:00:00","4","46.1666666","1.8666666","551.0","GUERET, FR","FM-12","99999","V020","320,1,N,0031,1","00480,1,C,N","020000,1,N,9","+0143,1","+0135,1","10158,1","03,0002,9,1","06,0003,9,1",,"0,000",,,"8,1,06,1","6,1,06,1","05,1,+00480,9,08,9","05,1,+01290,9,05,9",,"07,99,1,07,1,08,1,00450,1,99,9,99,9",,,,,,"99999,9,09523,1","1,1,022,1,+999,9","01,1","4,99,0118,1","SYN029333   69927 85816 85643 91123",
"07360099999","1990-07-03T15:00:00","4","46.1666666","1.8666666","551.0","GUERET, FR","FM-12","99999","V020","280,1,N,0041,1","00750,1,C,N","025000,1,N,9","+0147,1","+0137,1","10170,1","03,0010,9,1",,,"0,000",,,"8,1,03,1","2,1,03,1","05,1,+00750,9,08,9","04,1,+01380,9,05,9",,"06,99,1,06,1,08,1,00800,1,00,1,00,1",,,,,,"99999,9,09534,1","1,1,011,1,+999,9","25,1","4,99,0098,1","SYN029333   60017 85825 84646 91119",
"07360099999","1990-07-03T18:00:00","4","46.1666666","1.8666666","551.0","GUERET, FR","FM-12","99999","V020","290,1,N,0041,1","99999,9,9,N","999999,9,N,9","+0155,1","+0109,1","10178,1","99,0030,9,1",,,"0,000",,,,,,,,,,,,"999,M,+0168,1",,"99999,9,09543,1","3,1,009,1,+999,9",,"4,99,0098,1","SYN017333   10168 91119",
"07360099999","1990-07-03T21:00:00","4","46.1666666","1.8666666","551.0","GUERET, FR","FM-12","99999","V020","280,1,N,0041,1","99999,9,9,N","999999,9,N,9","+0107,1","+0078,1","10206,1","06,0000,9,1",,,"4,000",,,,,,,,,,,,,,"99999,9,09558,1","1,1,015,1,+999,9",,"4,99,0072,1","SYN011333   91114",
"07360099999","1990-07-04T03:00:00","4","46.1666666","1.8666666","551.0","GUERET, FR","FM-12","99999","V020","220,1,N,0010,1","99999,9,9,N","999999,9,N,9","+0103,1","+0070,1","10200,1","06,0000,9,1",,,"4,000",,,,,,,,,,,,,,"99999,9,09552,1","8,1,008,1,+999,9",,"4,99,0041,1","SYN011333   91108",
"07360099999","1990-07-04T12:00:00","4","46.1666666","1.8666666","551.0","GUERET, FR","FM-12","99999","V020","210,1,N,0031,1","03000,1,C,N","020000,1,N,9","+0181,1","+0105,1","10168,1","06,0000,9,1",,,"4,000",,,,,"06,1,+03000,9,03,9",,,"06,99,1,06,1,00,1,99999,9,05,1,00,1",,,,,,"99999,9,09539,1","8,1,006,1,+999,9",,"4,99,0098,1","SYN017333   86360 91119",
"07360099999","1990-07-04T15:00:00","4","46.1666666","1.8666666","551.0","GUERET, FR","FM-12","99999","V020","230,1,N,0062,1","03000,1,C,N","020000,1,N,9","+0173,1","+0109,1","10153,1","06,0000,9,1",,,"4,000",,,,,"01,1,+00990,9,08,9","07,1,+03000,9,04,9",,"07,99,1,02,1,01,1,01250,1,01,1,99,9",,,,,,"99999,9,09523,1","6,1,016,1,+999,9",,"4,99,0129,1","SYN023333   81833 87460 91125",
"07360099999","1990-07-04T18:00:00","4","46.1666666","1.8666666","551.0","GUERET, FR","FM-12","99999","V020","230,1,N,0082,1","99999,9,9,N","999999,9,N,9","+0167,1","+0110,1","10136,1","06,0000,9,1",,,"4,000",,,,,,,,,,,,"999,M,+0186,1",,"99999,9,09506,1","7,1,017,1,+999,9",,"4,99,0149,1","SYN017333   10186 91129",
"07360099999","1990-07-04T21:00:00","4","46.1666666","1.8666666","551.0","GUERET, FR","FM-12","99999","V020","220,1,N,0082,1","99999,9,9,N","999999,9,N,9","+0163,1","+0115,1","10130,1","06,0000,9,1",,,"4,000",,,,,,,,,,,,,,"99999,9,09500,1","8,1,006,1,+999,9",,"4,99,0180,1","SYN011333   91135",
"07360099999","1990-07-05T00:00:00","4","46.1666666","1.8666666","551.0","GUERET, FR","FM-12","99999","V020","210,1,N,0082,1","99999,9,9,N","999999,9,N,9","+0145,1","+0115,1","10121,1","06,0000,9,1",,,"4,000",,,,,,,,,,,,,,"99999,9,09487,1","7,1,013,1,+999,9",,"4,99,0190,1","SYN011333   91137",
"07360099999","1990-07-05T09:00:00","4","46.1666666","1.8666666","551.0","GUERET, FR","FM-12","99999","V020","260,1,N,0098,1","00090,1,C,N","003000,1,N,9","+0157,1","+0157,1","10090,1","03,0050,9,1",,,"0,001",,,"6,1,03,1","5,1,03,1","07,1,+00090,9,07,9",,,"08,99,1,08,1,07,1,00150,1,99,9,99,9",,,,,,"99999,9,09458,1","3,1,006,1,+999,9","61,1","4,99,0190,1","SYN023333   60057 87703 91137",
"07360099999","1990-07-05T15:00:00","4","46.1666666","1.8666666","551.0","GUERET, FR","FM-12","99999","V020","260,1,N,0087,1","22000,1,C,N","030000,1,N,9","+0165,1","+0108,1","10128,1","06,0000,9,1",,,"4,000",,,,,"03,1,+00600,9,08,9",,,"03,99,1,03,1,02,1,00800,1,00,1,00,1",,,,,,"99999,9,09499,1","3,1,014,1,+999,9",,"4,99,0221,1","SYN017333   83820 91143",
"07360099999","1990-07-05T18:00:00","4","46.1666666","1.8666666","551.0","GUERET, FR","FM-12","99999","V020","260,1,N,0062,1","99999,9,9,N","999999,9,N,9","+0140,1","+0106,1","10160,1","99,0090,9,1",,,"0,000",,,,,,,,,,,,"999,M,+0167,1",,"99999,9,09523,1","1,1,024,1,+999,9",,"4,99,0221,1","SYN017333   10167 91143",
"07360099999","1990-07-05T21:00:00","4","46.1666666","1.8666666","551.0","GUERET, FR","FM-12","99999","V020","250,1,N,0072,1","99999,9,9,N","999999,9,N,9","+0123,1","+0114,1","10184,1","06,0000,9,1",,,"4,000",,,,,,,,,,,,,,"99999,9,09542,1","3,1,019,1,+999,9",,"4,99,0149,1","SYN011333   91129",
"07360099999","1990-07-06T00:00:00","4","46.1666666","1.8666666","551.0","GUERET, FR","FM-12","99999","V020","260,1,N,0062,1","99999,9,9,N","999999,9,N,9","+0109,1","+0109,1","10209,1","03,0004,9,1","06,0005,9,1",,"0,000",,,,,,,,,,,,,,"99999,9,09562,1","1,1,020,1,+999,9",,"4,99,0160,1","SYN017333   69947 91131",
"07360099999","1990-07-06T03:00:00","4","46.1666666","1.8666666","551.0","GUERET, FR","FM-12","99999","V020","260,1,N,0041,1","99999,9,9,N","999999,9,N,9","+0099,1","+0099,1","10217,1","06,0000,9,1",,,"4,000",,,,,,,,,,,,,,"99999,9,09568,1","0,1,006,1,+999,9",,"4,99,0108,1","SYN011333   91121",
"07360099999","1990-07-06T06:00:00","4","46.1666666","1.8666666","551.0","GUERET, FR","FM-12","99999","V020","260,1,N,0041,1","00780,1,C,N","008000,1,N,9","+0100,1","+0100,1","10232,1","24,0090,9,1","99,0005,9,1",,"0,000",,,,,"03,1,+00090,9,07,9","05,1,+00780,9,05,9",,"06,99,1,06,1,05,1,00150,1,00,1,00,1","0114,9","09,9","999,+0090,9","999,N,+0096,1",,"99999,9,09582,1","3,1,014,1,+999,9",,"4,99,0108,1","SYN047333   20096 31009 55019 70090 83703 85626 91121",
"07360099999","1990-07-06T09:00:00","4","46.1666666","1.8666666","551.0","GUERET, FR","FM-12","99999","V020","270,1,N,0041,1","01500,1,C,N","020000,1,N,9","+0128,1","+0094,1","10239,1","06,0000,9,1",,,"4,000",,,,,"04,1,+00600,9,08,9","03,1,+01500,9,05,9",,"05,99,1,05,1,08,1,00800,1,99,9,00,1",,,,,,"99999,9,09594,1","1,1,012,1,+999,9",,"4,99,0098,1","SYN023333   84820 83650 91119","Q01    003SCOMCG"
"07360099999","1990-07-06T12:00:00","4","46.1666666","1.8666666","551.0","GUERET, FR","FM-12","99999","V020","290,1,N,0051,1","00990,1,C,N","030000,1,N,9","+0148,1","+0092,1","10242,1","06,0000,9,1",,,"4,000",,,,,"05,1,+00990,9,08,9",,,"05,99,1,05,1,02,1,01250,1,00,1,00,1",,,,,,"99999,9,09601,1","1,1,007,1,+999,9",,"4,99,0098,1","SYN017333   85833 91119",
"07360099999","1990-07-06T15:00:00","4","46.1666666","1.8666666","551.0","GUERET, FR","FM-12","99999","V020","280,1,N,0041,1","01500,1,C,N","030000,1,N,9","+0153,1","+0099,1","10243,1","06,0000,9,1",,,"4,000",,,,,"03,1,+01200,9,08,9","04,1,+01500,9,05,9",,"06,99,1,06,1,08,1,01250,1,99,9,00,1",,,,,,"99999,9,09603,1","2,1,002,1,+999,9",,"4,99,0108,1","SYN023333   83840 84650 91121","Q01    003SCOMCG"
"07360099999","1990-07-06T18:00:00","4","46.1666666","1.8666666","551.0","GUERET, FR","FM-12","99999","V020","270,1,N,0031,1","99999,9,9,N","999999,9,N,9","+0149,1","+0095,1","10248,1","06,0000,9,1",,,"4,000",,,,,,,,,,,,"999,M,+0164,1",,"99999,9,09607,1","3,1,004,1,+999,9",,"4,99,0108,1","SYN017333   10164 91121",
"07360099999","1990-07-06T21:00:00","4","46.1666666","1.8666666","551.0","GUERET, FR","FM-12","99999","V020","260,1,N,0041,1","99999,9,9,N","999999,9,N,9","+0111,1","+0094,1","10265,1","06,0000,9,1",,,"4,000",,,,,,,,,,,,,,"99999,9,09615,1","2,1,008,1,+999,9",,"4,99,0062,1","SYN011333   91112",
"07360099999","1990-07-07T00:00:00","4","46.1666666","1.8666666","551.0","GUERET, FR","FM-12","99999","V020","250,1,N,0041,1","99999,9,9,N","999999,9,N,9","+0109,1","+0090,1","10266,1","06,0000,9,1",,,"4,000",,,,,,,,,,,,,,"99999,9,09615,1","0,1,000,1,+999,9",,"4,99,0072,1","SYN011333   91114",
"07360099999","1990-07-07T03:00:00","4","46.1666666","1.8666666","551.0","GUERET, FR","FM-12","99999","V020","250,1,N,0021,1","99999,9,9,N","999999,9,N,9","+0105,1","+0103,1","10261,1","06,0000,9,1",,,"4,000",,,,,,,,,,,,,,"99999,9,09610,1","8,1,005,1,+999,9",,"4,99,0088,1","SYN011333   91117",
"07360099999","1990-07-07T06:00:00","4","46.1666666","1.8666666","551.0","GUERET, FR","FM-12","99999","V020","200,1,N,0010,1","01500,1,C,N","010000,1,N,9","+0113,1","+0105,1","10258,1","06,0000,9,1",,,"4,000",,,,,"05,1,+01500,9,05,9","06,1,+03000,9,03,9",,"07,99,1,05,1,05,1,01750,1,07,1,99,9","0312,9","01,9","999,+0080,9","999,N,+0099,1",,"99999,9,09609,1","7,1,001,1,+999,9",,"4,99,0088,1","SYN041333   20099 30008 55052 85650 86360 91117",
"07360099999","1990-07-08T21:00:00","4","46.1666666","1.8666666","551.0","GUERET, FR","FM-12","99999","V020","240,1,N,0021,1","99999,9,9,N","999999,9,N,9","+0172,1","+0161,1","10214,1","06,0000,9,1",,,"4,000",,,,,,,,,,,,,,"99999,9,09582,1","7,1,005,1,+999,9",,"4,99,0062,1","SYN011333   91112",
"07360099999","1990-07-14T09:00:00","4","46.1666666","1.8666666","551.0","GUERET, FR","FM-12","99999","V020","210,1,N,0010,1","07500,1,C,N","009000,1,N,9","+0257,1","+0168,1","10110,1","06,0000,9,1",,,"4,000",,,,,"02,1,+03000,9,03,9","05,1,+07500,9,00,9",,"05,99,1,02,1,00,1,99999,9,03,1,02,1",,,,,,"99999,9,09502,1","2,1,003,1,+999,9",,"4,99,0098,1","SYN023333   82360 85075 91119",
"07360099999","1990-07-14T12:00:00","4","46.1666666","1.8666666","551.0","GUERET, FR","FM-12","99999","V020","270,1,N,0021,1","07800,1,C,N","015000,1,N,9","+0280,1","+0172,1","10110,1","06,0000,9,1",,,"4,000",,,,,"01,1,+01200,9,08,9","03,1,+03000,9,03,9","05,1,+07800,9,00,9","06,99,1,01,1,02,1,01250,1,05,1,02,1",,,,,,"99999,9,09506,1","1,1,004,1,+999,9",,"4,99,0098,1","SYN029333   81840 83360 85076 91119",
"07360099999","1990-07-14T15:00:00","4","46.1666666","1.8666666","551.0","GUERET, FR","FM-12","99999","V020","120,1,N,0021,1","99999,9,9,N","999999,9,N,9","+0273,1","+0175,1","10109,1","06,0000,9,1",,,"4,000",,,,,,,,,,,,,,"99999,9,09504,1","8,1,002,1,+999,9",,"4,99,0062,1","SYN011333   91112",
"07360099999","1990-07-14T18:00:00","4","46.1666666","1.8666666","551.0","GUERET, FR","FM-12","99999","V020","230,1,N,0021,1","99999,9,9,N","999999,9,N,9","+0249,1","+0176,1","10112,1","06,0000,9,1",,,"4,000",,,,,,,,,,,,"999,M,+0285,1",,"99999,9,09502,1","6,1,002,1,+999,9",,"4,99,0062,1","SYN017333   10285 91112",
"07360099999","1990-07-14T21:00:00","4","46.1666666","1.8666666","551.0","GUERET, FR","FM-12","99999","V020","310,1,N,0021,1","99999,9,9,N","999999,9,N,9","+0225,1","+0185,1","10131,1","06,0000,9,1",,,"4,000",,,,,,,,,,,,,,"99999,9,09515,1","3,1,013,1,+999,9",,"4,99,0041,1","SYN011333   91108",
"07360099999","1990-07-15T00:00:00","4","46.1666666","1.8666666","551.0","GUERET, FR","FM-12","99999","V020","290,1,N,0031,1","99999,9,9,N","999999,9,N,9","+0213,1","+0175,1","10140,1","06,0000,9,1",,,"4,000",,,,,,,,,,,,,,"99999,9,09522,1","1,1,007,1,+999,9",,"4,99,0041,1","SYN011333   91108",
"07360099999","1990-07-15T03:00:00","4","46.1666666","1.8666666","551.0","GUERET, FR","FM-12","99999","V020","260,1,N,0021,1","99999,9,9,N","999999,9,N,9","+0195,1","+0173,1","10149,1","06,0000,9,1",,,"4,000",,,,,,,,,,,,,,"99999,9,09526,1","3,1,004,1,+999,9",,"4,99,0062,1","SYN011333   91112",
"07360099999","1990-07-15T06:00:00","4","46.1666666","1.8666666","551.0","GUERET, FR","FM-12","99999","V020","230,1,N,0051,1","00030,1,C,N","000500,1,N,9","+0165,1","+0165,1","10180,1","03,0002,9,1","24,0002,9,1","99,0003,9,1","0,000",,,"6,1,06,1","4,1,06,1","07,1,+00030,9,07,9",,,"07,99,1,07,1,06,1,00075,1,99,9,99,9","0396,9","09,9","999,+0170,9","999,N,+0164,1",,"99999,9,09544,1","3,1,018,1,+999,9","46,1","4,99,0098,1","SYN047333   20164 31017 55066 69927 70002 87701 91119",
"07360099999","1990-07-15T09:00:00","4","46.1666666","1.8666666","551.0","GUERET, FR","FM-12","99999","V020","230,1,N,0021,1","22000,1,C,N","003500,1,N,9","+0212,1","+0204,1","10176,1","06,0000,9,1",,,"4,000",,,"4,1,03,1","1,1,03,1","01,1,+00060,9,07,9",,,"01,99,1,01,1,06,1,00075,1,00,1,00,1",,,,,,"99999,9,09556,1","3,1,012,1,+999,9","10,1","4,99,0088,1","SYN017333   81702 91117",
"07360099999","1990-07-15T12:00:00","4","46.1666666","1.8666666","551.0","GUERET, FR","FM-12","99999","V020","240,1,N,0041,1","22000,1,C,N","008000,1,N,9","+0243,1","+0210,1","10180,1","06,0000,9,1",,,"4,000",,,"4,1,06,1","1,1,06,1","02,1,+00600,9,08,9",,,"02,99,1,02,1,02,1,00800,1,00,1,00,1",,,,,,"99999,9,09566,1","3,1,010,1,+999,9","02,1","4,99,0088,1","SYN017333   82820 91117",
"07360099999","1990-07-15T15:00:00","4","46.1666666","1.8666666","551.0","GUERET, FR","FM-12","99999","V020","280,1,N,0041,1","99999,9,9,N","999999,9,N,9","+0254,1","+0217,1","10180,1","06,0000,9,1",,,"4,000",,,,,,,,,,,,,,"99999,9,09568,1","1,1,002,1,+999,9",,"4,99,0088,1","SYN011333   91117",
"07360099999","1990-07-15T18:00:00","4","46.1666666","1.8666666","551.0","GUERET, FR","FM-12","99999","V020","280,1,N,0041,1","99999,9,9,N","999999,9,N,9","+0223,1","+0202,1","10200,1","06,0000,9,1",,,"4,000",,,,,,,,,,,,"999,M,+0258,1",,"99999,9,09580,1","3,1,012,1,+999,9",,"4,99,0088,1","SYN017333   10258 91117",
"07360099999","1990-07-15T21:00:00","4","46.1666666","1.8666666","551.0","GUERET, FR","FM-12","99999","V020","230,1,N,0041,1","99999,9,9,N","999999,9,N,9","+0187,1","+0187,1","10226,1","06,0000,9,1",,,"4,000",,,,,,,,,,,,,,"99999,9,09597,1","3,1,017,1,+999,9",,"4,99,0088,1","SYN011333   91117",
"07360099999","1990-07-16T00:00:00","4","46.1666666","1.8666666","551.0","GUERET, FR","FM-12","99999","V020","250,1,N,0041,1","99999,9,9,N","999999,9,N,9","+0168,1","+9999,9","10237,1","06,0000,9,1",,,"4,000",,,,,,,,,,,,,,"99999,9,09598,1","0,1,001,1,+999,9",,"4,99,0088,1","SYN011333   91117",
"07360099999","1990-07-16T03:00:00","4","46.1666666","1.8666666","551.0","GUERET, FR","FM-12","99999","V020","240,1,N,0031,1","99999,9,9,N","999999,9,N,9","+0164,1","+0164,1","10237,1","06,0000,9,1",,,"4,000",,,,,,,,,,,,,,"99999,9,09602,1","3,1,004,1,+999,9",,"4,99,0098,1","SYN011333   91119",
"07360099999","1990-07-16T09:00:00","4","46.1666666","1.8666666","551.0","GUERET, FR","FM-12","99999","V020","230,1,N,0031,1","22000,1,C,N","005000,1,N,9","+0194,1","+0179,1","10238,1","06,0000,9,1",,,"4,000",,,,,"01,1,+00150,9,07,9",,,"01,99,1,01,1,06,1,00150,1,00,1,00,1",,,,,,"99999,9,09609,1","0,1,002,1,+999,9",,"4,99,0072,1","SYN017333   81705 91114",
"07360099999","1990-07-16T12:00:00","4","46.1666666","1.8666666","551.0","GUERET, FR","FM-12","99999","V020","250,1,N,0031,1","22000,1,C,N","006000,1,N,9","+0228,1","+0196,1","10234,1","06,0000,9,1",,,"4,000",,,,,"04,1,+00600,9,08,9",,,"04,99,1,04,1,02,1,00800,1,00,1,00,1",,,,,,"99999,9,09613,1","1,1,004,1,+999,9",,"4,99,0082,1","SYN017333   84820 91116",
"07360099999","1990-07-16T15:00:00","4","46.1666666","1.8666666","551.0","GUERET, FR","FM-12","99999","V020","270,1,N,0021,1","22000,1,C,N","010000,1,N,9","+0249,1","+0193,1","10224,1","06,0000,9,1",,,"4,000",,,,,"01,1,+01080,9,08,9",,,"01,99,1,01,1,01,1,01250,1,00,1,01,1",,,,,,"99999,9,09608,1","8,1,005,1,+999,9",,"4,99,0072,1","SYN017333   81836 91114",
"07360099999","1990-07-16T18:00:00","4","46.1666666","1.8666666","551.0","GUERET, FR","FM-12","99999","V020","280,1,N,0021,1","99999,9,9,N","999999,9,N,9","+0234,1","+0176,1","10224,1","06,0000,9,1",,,"4,000",,,,,,,,,,,,"999,M,+0254,1",,"99999,9,09604,1","5,1,004,1,+999,9",,"4,99,0072,1","SYN017333   10254 91114",
"07360099999","1990-07-16T21:00:00","4","46.1666666","1.8666666","551.0","GUERET, FR","FM-12","99999","V020","270,1,N,0031,1","99999,9,9,N","999999,9,N,9","+0196,1","+0155,1","10240,1","06,0000,9,1",,,"4,000",,,,,,,,,,,,,,"99999,9,09611,1","3,1,007,1,+999,9",,"4,99,0051,1","SYN011333   91110",
"07360099999","1990-07-17T00:00:00","4","46.1666666","1.8666666","551.0","GUERET, FR","FM-12","99999","V020","300,1,N,0021,1","99999,9,9,N","999999,9,N,9","+0180,1","+0156,1","10240,1","06,0000,9,1",,,"4,000",,,,,,,,,,,,,,"99999,9,09608,1","8,1,003,1,+999,9",,"4,99,0062,1","SYN011333   91112",
"07360099999","1990-07-17T03:00:00","4","46.1666666","1.8666666","551.0","GUERET, FR","FM-12","99999","V020","310,1,N,0021,1","99999,9,9,N","999999,9,N,9","+0165,1","+0154,1","10237,1","06,0000,9,1",,,"4,000",,,,,,,,,,,,,,"99999,9,09602,1","7,1,006,1,+999,9",,"4,99,0051,1","SYN011333   91110",
"07360099999","1990-07-17T06:00:00","4","46.1666666","1.8666666","551.0","GUERET, FR","FM-12","99999","V020","330,1,N,0010,1","22000,1,C,N","003000,1,N,9","+0166,1","+0160,1","10238,1","06,0000,9,1",,,"4,000",,,,,,,,"00,99,1,00,1,00,1,99999,9,00,1,00,1","0606,9","01,9","999,+0140,9","999,N,+0160,1",,"99999,9,09603,1","2,1,001,1,+999,9","10,1","4,99,0051,1","SYN029333   20160 30014 55101 91110",
"07360099999","1990-07-17T09:00:00","4","46.1666666","1.8666666","551.0","GUERET, FR","FM-12","99999","V020","010,1,N,0021,1","22000,1,C,N","004000,1,N,9","+0216,1","+0163,1","10231,1","06,0000,9,1",,,"4,000",,,"0,1,03,1","0,1,03,1","01,1,+01200,9,08,9",,,"01,99,1,01,1,01,1,01250,1,00,1,01,1",,,,,,"99999,9,09607,1","1,1,004,1,+999,9","10,1","4,99,0031,1","SYN017333   81840 91106",
"07360099999","1990-07-17T12:00:00","4","46.1666666","1.8666666","551.0","GUERET, FR","FM-12","99999","V020","040,1,N,0031,1","22000,1,C,N","010000,1,N,9","+0239,1","+0164,1","10223,1","06,0000,9,1",,,"4,000",,,,,"04,1,+01500,9,08,9",,,"04,99,1,04,1,02,1,01750,1,00,1,00,1",,,,,,"99999,9,09604,1","8,1,003,1,+999,9",,"4,99,0062,1","SYN017333   84850 91112",
"07360099999","1990-07-17T15:00:00","4","46.1666666","1.8666666","551.0","GUERET, FR","FM-12","99999","V020","020,1,N,0031,1","22000,1,C,N","010000,1,N,9","+0251,1","+0165,1","10215,1","06,0000,9,1",,,"4,000",,,,,"03,1,+01200,9,08,9",,,"03,99,1,03,1,02,1,01250,1,00,1,00,1",,,,,,"99999,9,09599,1","8,1,005,1,+999,9",,"4,99,0062,1","SYN017333   83840 91112",
"07360099999","1990-07-17T18:00:00","4","46.1666666","1.8666666","551.0","GUERET, FR","FM-12","99999","V020","030,1,N,0041,1","99999,9,9,N","999999,9,N,9","+0231,1","+0152,1","10211,1","06,0000,9,1",,,"4,000",,,,,,,,,,,,"999,M,+0253,1",,"99999,9,09591,1","6,1,008,1,+999,9",,"4,99,0088,1","SYN017333   10253 91117",
"07360099999","1990-07-17T21:00:00","4","46.1666666","1.8666666","551.0","GUERET, FR","FM-12","99999","V020","050,1,N,0021,1","99999,9,9,N","999999,9,N,9","+0182,1","+0135,1","10236,1","06,0000,9,1",,,"4,000",,,,,,,,,,,,,,"99999,9,09604,1","3,1,013,1,+999,9",,"4,99,0072,1","SYN011333   91114",
"07360099999","1990-07-18T00:00:00","4","46.1666666","1.8666666","551.0","GUERET, FR","FM-12","99999","V020","040,1,N,0031,1","99999,9,9,N","999999,9,N,9","+0159,1","+0123,1","10239,1","06,0000,9,1",,,"4,000",,,,,,,,,,,,,,"99999,9,09601,1","8,1,003,1,+999,9",,"4,99,0082,1","SYN011333   91116",
"07360099999","1990-07-18T03:00:00","4","46.1666666","1.8666666","551.0","GUERET, FR","FM-12","99999","V020","060,1,N,0021,1","99999,9,9,N","999999,9,N,9","+0137,1","+0097,1","10233,1","06,0000,9,1",,,"4,000",,,,,,,,,,,,,,"99999,9,09591,1","8,1,010,1,+999,9",,"4,99,0082,1","SYN011333   91116",
"07360099999","1990-07-18T06:00:00","4","46.1666666","1.8666666","551.0","GUERET, FR","FM-12","99999","V020","060,1,N,0031,1","22000,1,C,N","007000,1,N,9","+0136,1","+0104,1","10233,1","06,0000,9,1",,,"4,000",,,,,,,,"00,99,1,00,1,00,1,99999,9,00,1,00,1","0630,9","01,9","999,+0100,9","999,N,+0122,1",,"99999,9,09591,1","5,1,000,1,+999,9",,"4,99,0082,1","SYN029333   20122 30010 55105 91116",
"07360099999","1990-07-18T09:00:00","4","46.1666666","1.8666666","551.0","GUERET, FR","FM-12","99999","V020","050,1,N,0041,1","22000,1,C,N","015000,1,N,9","+0192,1","+0113,1","10220,1","06,0000,9,1",,,"4,000",,,,,,,,"00,99,1,00,1,00,1,99999,9,00,1,00,1",,,,,,"99999,9,09590,1","8,1,001,1,+999,9",,"4,99,0108,1","SYN011333   91121",
"07360099999","1990-07-18T12:00:00","4","46.1666666","1.8666666","551.0","GUERET, FR","FM-12","99999","V020","040,1,N,0051,1","22000,1,C,N","035000,1,N,9","+0229,1","+0119,1","10205,1","06,0000,9,1",,,"4,000",,,,,,,,"00,99,1,00,1,00,1,99999,9,00,1,00,1",,,,,,"99999,9,09584,1","8,1,006,1,+999,9",,"4,99,0108,1","SYN011333   91121",
"07360099999","1990-07-18T15:00:00","4","46.1666666","1.8666666","551.0","GUERET, FR","FM-12","99999","V020","040,1,N,0041,1","22000,1,C,N","040000,1,N,9","+0237,1","+0086,1","10195,1","06,0000,9,1",,,"4,000",,,,,,,,"00,99,1,00,1,00,1,99999,9,00,1,00,1",,,,,,"99999,9,09575,1","7,1,009,1,+999,9",,"4,99,0098,1","SYN011333   91119",
"07360099999","1990-07-18T18:00:00","4","46.1666666","1.8666666","551.0","GUERET, FR","FM-12","99999","V020","040,1,N,0041,1","99999,9,9,N","999999,9,N,9","+0213,1","+0092,1","10193,1","06,0000,9,1",,,"4,000",,,,,,,,,,,,"999,M,+0239,1",,"99999,9,09569,1","5,1,006,1,+999,9",,"4,99,0098,1","SYN017333   10239 91119",
"07360099999","1990-07-18T21:00:00","4","46.1666666","1.8666666","551.0","GUERET, FR","FM-12","99999","V020","050,1,N,0031,1","99999,9,9,N","999999,9,N,9","+0171,1","+0095,1","10203,1","06,0000,9,1",,,"4,000",,,,,,,,,,,,,,"99999,9,09570,1","2,1,001,1,+999,9",,"4,99,0088,1","SYN011333   91117",
"07360099999","1990-07-19T00:00:00","4","46.1666666","1.8666666","551.0","GUERET, FR","FM-12","99999","V020","060,1,N,0031,1","99999,9,9,N","999999,9,N,9","+0146,1","+0108,1","10204,1","06,0000,9,1",,,"4,000",,,,,,,,,,,,,,"99999,9,09566,1","6,1,004,1,+999,9",,"4,99,0098,1","SYN011333   91119",
"07360099999","1990-07-19T03:00:00","4","46.1666666","1.8666666","551.0","GUERET, FR","FM-12","99999","V020","080,1,N,0041,1","99999,9,9,N","999999,9,N,9","+0123,1","+0110,1","10199,1","06,0000,9,1",,,"4,000",,,,,,,,,,,,,,"99999,9,09556,1","6,1,010,1,+999,9",,"4,99,0098,1","SYN011333   91119",
"07360099999","1990-07-19T06:00:00","4","46.1666666","1.8666666","551.0","GUERET, FR","FM-12","99999","V020","080,1,N,0041,1","22000,1,C,N","010000,1,N,9","+0128,1","+0117,1","10197,1","06,0000,9,1",,,"4,000",,,,,,,,"00,99,1,00,1,00,1,99999,9,00,1,00,1","0756,9","01,9","999,+0110,9","999,N,+0118,1",,"99999,9,09555,1","5,1,001,1,+999,9",,"4,99,0098,1","SYN029333   20118 30011 55126 91119",
"07360099999","1990-07-19T09:00:00","4","46.1666666","1.8666666","551.0","GUERET, FR","FM-12","99999","V020","060,1,N,0041,1","22000,1,C,N","012000,1,N,9","+0202,1","+0141,1","10182,1","06,0000,9,1",,,"4,000",,,,,,,,"00,99,1,00,1,00,1,99999,9,00,1,00,1",,,,,,"99999,9,09558,1","3,1,003,1,+999,9",,"4,99,0098,1","SYN011333   91119",
"07360099999","1990-07-19T12:00:00","4","46.1666666","1.8666666","551.0","GUERET, FR","FM-12","99999","V020","060,1,N,0051,1","22000,1,C,N","020000,1,N,9","+0240,1","+0141,1","10173,1","06,0000,9,1",,,"4,000",,,,,,,,"00,99,1,00,1,00,1,99999,9,00,1,00,1",,,,,,"99999,9,09556,1","8,1,002,1,+999,9",,"4,99,0108,1","SYN011333   91121",
"07360099999","1990-07-19T15:00:00","4","46.1666666","1.8666666","551.0","GUERET, FR","FM-12","99999","V020","060,1,N,0031,1","22000,1,C,N","030000,1,N,9","+0252,1","+0137,1","10163,1","06,0000,9,1",,,"4,000",,,,,,,,"00,99,1,00,1,00,1,99999,9,00,1,00,1",,,,,,"99999,9,09550,1","8,1,006,1,+999,9",,"4,99,0098,1","SYN011333   91119",
"07360099999","1990-07-19T18:00:00","4","46.1666666","1.8666666","551.0","GUERET, FR","FM-12","99999","V020","060,1,N,0041,1","99999,9,9,N","999999,9,N,9","+0233,1","+0120,1","10169,1","06,0000,9,1",,,"4,000",,,,,,,,,,,,"999,M,+0256,1",,"99999,9,09551,1","3,1,001,1,+999,9",,"4,99,0098,1","SYN017333   10256 91119",
"07360099999","1990-07-19T21:00:00","4","46.1666666","1.8666666","551.0","GUERET, FR","FM-12","99999","V020","060,1,N,0031,1","99999,9,9,N","999999,9,N,9","+0201,1","+0124,1","10179,1","06,0000,9,1",,,"4,000",,,,,,,,,,,,,,"99999,9,09554,1","3,1,003,1,+999,9",,"4,99,0088,1","SYN011333   91117",
"07360099999","1990-07-20T00:00:00","4","46.1666666","1.8666666","551.0","GUERET, FR","FM-12","99999","V020","100,1,N,0051,1","99999,9,9,N","999999,9,N,9","+0174,1","+0112,1","10185,1","06,0000,9,1",,,"4,000",,,,,,,,,,,,,,"99999,9,09554,1","4,1,000,1,+999,9",,"4,99,0088,1","SYN011333   91117",
"07360099999","1990-07-20T03:00:00","4","46.1666666","1.8666666","551.0","GUERET, FR","FM-12","99999","V020","100,1,N,0051,1","99999,9,9,N","999999,9,N,9","+0164,1","+0103,1","10179,1","06,0000,9,1",,,"4,000",,,,,,,,,,,,,,"99999,9,09546,1","6,1,008,1,+999,9",,"4,99,0098,1","SYN011333   91119",
"07360099999","1990-07-20T06:00:00","4","46.1666666","1.8666666","551.0","GUERET, FR","FM-12","99999","V020","110,1,N,0031,1","22000,1,C,N","030000,1,N,9","+0171,1","+0112,1","10185,1","06,0000,9,1",,,"4,000",,,,,,,,"00,99,1,00,1,00,1,99999,9,00,1,00,1","0768,9","01,9","999,+0120,9","999,N,+0147,1",,"99999,9,09553,1","3,1,007,1,+999,9",,"4,99,0098,1","SYN029333   20147 30012 55128 91119",
"07360099999","1990-07-20T09:00:00","4","46.1666666","1.8666666","551.0","GUERET, FR","FM-12","99999","V020","100,1,N,0031,1","22000,1,C,N","020000,1,N,9","+0215,1","+0139,1","10182,1","06,0000,9,1",,,"4,000",,,,,,,,"00,99,1,00,1,00,1,99999,9,00,1,00,1",,,,,,"99999,9,09560,1","1,1,007,1,+999,9",,"4,99,0072,1","SYN011333   91114",
"07360099999","1990-07-20T12:00:00","4","46.1666666","1.8666666","551.0","GUERET, FR","FM-12","99999","V020","100,1,N,0021,1","22000,1,C,N","040000,1,N,9","+0274,1","+0126,1","10174,1","06,0000,9,1",,,"4,000",,,,,,,,"00,99,1,00,1,00,1,99999,9,00,1,00,1",,,,,,"99999,9,09564,1","2,1,004,1,+999,9",,"4,99,0082,1","SYN011333   91116",
"07360099999","1990-07-20T15:00:00","4","46.1666666","1.8666666","551.0","GUERET, FR","FM-12","99999","V020","070,1,N,0021,1","22000,1,C,N","050000,1,N,9","+0287,1","+0108,1","10168,1","06,0000,9,1",,,"4,000",,,,,,,,"00,99,1,00,1,00,1,99999,9,00,1,00,1",,,,,,"99999,9,09560,1","8,1,004,1,+999,9",,"4,99,0082,1","SYN011333   91116",
"07360099999","1990-07-20T18:00:00","4","46.1666666","1.8666666","551.0","GUERET, FR","FM-12","99999","V020","060,1,N,0031,1","99999,9,9,N","999999,9,N,9","+0258,1","+0126,1","10171,1","06,0000,9,1",,,"4,000",,,,,,,,,,,,"999,M,+0293,1",,"99999,9,09558,1","5,1,000,1,+999,9",,"4,99,0082,1","SYN017333   10293 91116",
"07360099999","1990-07-20T21:00:00","4","46.1666666","1.8666666","551.0","GUERET, FR","FM-12","99999","V020","090,1,N,0041,1","99999,9,9,N","999999,9,N,9","+0224,1","+0118,1","10186,1","06,0000,9,1",,,"4,000",,,,,,,,,,,,,,"99999,9,09565,1","3,1,007,1,+999,9",,"4,99,0072,1","SYN011333   91114",
"07360099999","1990-07-21T00:00:00","4","46.1666666","1.8666666","551.0","GUERET, FR","FM-12","99999","V020","100,1,N,0041,1","99999,9,9,N","999999,9,N,9","+0215,1","+0115,1","10182,1","06,0000,9,1",,,"4,000",,,,,,,,,,,,,,"99999,9,09560,1","8,1,005,1,+999,9",,"4,99,0088,1","SYN011333   91117",
"07360099999","1990-07-21T03:00:00","4","46.1666666","1.8666666","551.0","GUERET, FR","FM-12","99999","V020","120,1,N,0031,1","99999,9,9,N","999999,9,N,9","+0186,1","+0117,1","10182,1","06,0000,9,1",,,"4,000",,,,,,,,,,,,,,"99999,9,09553,1","6,1,007,1,+999,9",,"4,99,0082,1","SYN011333   91116",
"07360099999","1990-07-21T06:00:00","4","46.1666666","1.8666666","551.0","GUERET, FR","FM-12","99999","V020","220,1,N,0031,1","22000,1,C,N","050000,1,N,9","+0231,1","+0105,1","10174,1","06,0000,9,1",,,"4,000",,,,,,,,"00,99,1,00,1,00,1,99999,9,00,1,00,1","0774,9","01,9","999,+0150,9","999,N,+0185,1",,"99999,9,09555,1","3,1,002,1,+999,9",,"4,99,0082,1","SYN029333   20185 30015 55129 91116",
"07360099999","1990-07-21T12:00:00","4","46.1666666","1.8666666","551.0","GUERET, FR","FM-12","99999","V020","170,1,N,0021,1","22000,1,C,N","050000,1,N,9","+0319,1","+0136,1","10166,1","06,0000,9,1",,,"4,000",,,,,,,,"00,99,1,00,1,00,1,99999,9,00,1,00,1",,,,,,"99999,9,09565,1","0,1,001,1,+999,9",,"4,99,0062,1","SYN011333   91112",
"07360099999","1990-07-21T15:00:00","4","46.1666666","1.8666666","551.0","GUERET, FR","FM-12","99999","V020","190,1,N,0021,1","22000,1,C,N","050000,1,N,9","+0331,1","+0122,1","10158,1","06,0000,9,1",,,"4,000",,,,,,,,"00,99,1,00,1,00,1,99999,9,00,1,00,1",,,,,,"99999,9,09560,1","8,1,005,1,+999,9",,"4,99,0051,1","SYN011333   91110",
"07360099999","1990-07-21T18:00:00","4","46.1666666","1.8666666","551.0","GUERET, FR","FM-12","99999","V020","260,1,N,0010,1","99999,9,9,N","999999,9,N,9","+0305,1","+0154,1","10157,1","06,0000,9,1",,,"4,000",,,,,,,,,,,,"999,M,+0334,1",,"99999,9,09555,1","6,1,005,1,+999,9",,"4,99,0051,1","SYN017333   10334 91110",
"07360099999","1990-07-21T21:00:00","4","46.1666666","1.8666666","551.0","GUERET, FR","FM-12","99999","V020","210,1,N,0021,1","99999,9,9,N","999999,9,N,9","+0273,1","+0121,1","10170,1","06,0000,9,1",,,"4,000",,,,,,,,,,,,,,"99999,9,09560,1","3,1,005,1,+999,9",,"4,99,0031,1","SYN011333   91106",
"07360099999","1990-07-22T00:00:00","4","46.1666666","1.8666666","551.0","GUERET, FR","FM-12","99999","V020","120,1,N,0010,1","99999,9,9,N","999999,9,N,9","+0258,1","+0116,1","10172,1","06,0000,9,1",,,"4,000",,,,,,,,,,,,,,"99999,9,09559,1","8,1,001,1,+999,9",,"4,99,0031,1","SYN011333   91106",
"07360099999","1990-07-22T03:00:00","4","46.1666666","1.8666666","551.0","GUERET, FR","FM-12","99999","V020","190,1,N,0010,1","99999,9,9,N","999999,9,N,9","+0258,1","+0100,1","10167,1","06,0000,9,1",,,"4,000",,,,,,,,,,,,,,"99999,9,09554,1","7,1,005,1,+999,9",,"4,99,0021,1","SYN011333   91104",
"07360099999","1990-07-22T06:00:00","4","46.1666666","1.8666666","551.0","GUERET, FR","FM-12","99999","V020","230,1,N,0021,1","22000,1,C,N","030000,1,N,9","+0260,1","+0121,1","10168,1","06,0000,9,1",,,"4,000",,,,,,,,"00,99,1,00,1,00,1,99999,9,00,1,00,1","0768,9","01,9","999,+0180,9","999,N,+0244,1",,"99999,9,09556,1","3,1,002,1,+999,9",,"4,99,0041,1","SYN029333   20244 30018 55128 91108",
"07360099999","1990-07-22T09:00:00","4","46.1666666","1.8666666","551.0","GUERET, FR","FM-12","99999","V020","240,1,N,0010,1","22000,1,C,N","030000,1,N,9","+0293,1","+0151,1","10166,1","06,0000,9,1",,,"4,000",,,,,,,,"00,99,1,00,1,00,1,99999,9,00,1,00,1",,,,,,"99999,9,09560,1","1,1,004,1,+999,9",,"4,99,0051,1","SYN011333   91110",
"07360099999","1990-07-22T12:00:00","4","46.1666666","1.8666666","551.0","GUERET, FR","FM-12","99999","V020","330,1,N,0021,1","22000,1,C,N","030000,1,N,9","+0327,1","+0123,1","10158,1","06,0000,9,1",,,"4,000",,,,,"01,1,+01800,9,08,9",,,"01,99,1,01,1,01,1,01750,1,00,1,00,1",,,,,,"99999,9,09559,1","6,1,001,1,+999,9",,"4,99,0051,1","SYN017333   81856 91110",
"07360099999","1990-07-22T15:00:00","4","46.1666666","1.8666666","551.0","GUERET, FR","FM-12","99999","V020","290,1,N,0021,1","99999,9,9,N","999999,9,N,9","+0337,1","+0115,1","10149,1","06,0000,9,1",,,"4,000",,,,,,,,,,,,,,"99999,9,09552,1","6,1,007,1,+999,9",,"4,99,0051,1","SYN011333   91110",
"07360099999","1990-07-22T18:00:00","4","46.1666666","1.8666666","551.0","GUERET, FR","FM-12","99999","V020","270,1,N,0021,1","99999,9,9,N","999999,9,N,9","+0300,1","+0149,1","10150,1","06,0000,9,1",,,"4,000",,,,,,,,,,,,"999,M,+0340,1",,"99999,9,09547,1","5,1,005,1,+999,9",,"4,99,0062,1","SYN017333   10340 91112",
"07360099999","1990-07-22T21:00:00","4","46.1666666","1.8666666","551.0","GUERET, FR","FM-12","99999","V020","100,1,N,0041,1","99999,9,9,N","999999,9,N,9","+0271,1","+0141,1","10165,1","06,0000,9,1",,,"4,000",,,,,,,,,,,,,,"99999,9,09555,1","3,1,008,1,+999,9",,"4,99,0072,1","SYN011333   91114",
"07360099999","1990-07-23T00:00:00","4","46.1666666","1.8666666","551.0","GUERET, FR","FM-12","99999","V020","080,1,N,0041,1","99999,9,9,N","999999,9,N,9","+0234,1","+0144,1","10174,1","06,0000,9,1",,,"4,000",,,,,,,,,,,,,,"99999,9,09556,1","0,1,001,1,+999,9",,"4,99,0098,1","SYN011333   91119",
"07360099999","1990-07-23T03:00:00","4","46.1666666","1.8666666","551.0","GUERET, FR","FM-12","99999","V020","110,1,N,0031,1","99999,9,9,N","999999,9,N,9","+0201,1","+0149,1","10174,1","06,0000,9,1",,,"4,000",,,,,,,,,,,,,,"99999,9,09550,1","6,1,006,1,+999,9",,"4,99,0082,1","SYN011333   91116",
"07360099999","1990-07-23T06:00:00","4","46.1666666","1.8666666","551.0","GUERET, FR","FM-12","99999","V020","100,1,N,0031,1","22000,1,C,N","007000,1,N,9","+0208,1","+0162,1","10178,1","06,0000,9,1",,,"4,000",,,,,"04,1,+07500,9,00,9",,,"04,99,1,00,1,00,1,99999,9,00,1,02,1","0762,9","01,9","999,+0180,9","999,N,+0195,1",,"99999,9,09556,1","3,1,006,1,+999,9",,"4,99,0082,1","SYN035333   20195 30018 55127 84075 91116",
"07360099999","1990-07-23T09:00:00","4","46.1666666","1.8666666","551.0","GUERET, FR","FM-12","99999","V020","080,1,N,0031,1","22000,1,C,N","007000,1,N,9","+0251,1","+0181,1","10170,1","06,0000,9,1",,,"4,000",,,,,"03,1,+07500,9,00,9",,,"03,99,1,00,1,00,1,99999,9,00,1,02,1",,,,,,"99999,9,09557,1","0,1,001,1,+999,9",,"4,99,0072,1","SYN017333   83075 91114",
"07360099999","1990-07-23T12:00:00","4","46.1666666","1.8666666","551.0","GUERET, FR","FM-12","99999","V020","060,1,N,0031,1","07500,1,C,N","009000,1,N,9","+0271,1","+0181,1","10167,1","06,0000,9,1",,,"4,000",,,,,"01,1,+01200,9,08,9","05,1,+07500,9,00,9",,"06,99,1,01,1,02,1,01250,1,03,1,02,1",,,,,,"99999,9,09558,1","3,1,001,1,+999,9",,"4,99,0072,1","SYN023333   81840 85075 91114",
"07360099999","1990-07-23T15:00:00","4","46.1666666","1.8666666","551.0","GUERET, FR","FM-12","99999","V020","070,1,N,0031,1","07500,1,C,N","012000,1,N,9","+0278,1","+0167,1","10159,1","06,0000,9,1",,,"4,000",,,,,"01,1,+01500,9,09,9","03,1,+03000,9,03,9","06,1,+07500,9,00,9","06,99,1,01,1,09,1,01750,1,03,1,02,1",,,,,,"99999,9,09551,1","6,1,007,1,+999,9",,"4,99,0082,1","SYN029333   81950 83360 86075 91116",
"07360099999","1990-07-23T18:00:00","4","46.1666666","1.8666666","551.0","GUERET, FR","FM-12","99999","V020","060,1,N,0031,1","99999,9,9,N","999999,9,N,9","+0252,1","+0143,1","10163,1","06,0000,9,1",,,"4,000",,,,,,,,,,,,"999,M,+0301,1",,"99999,9,09550,1","6,1,001,1,+999,9",,"4,99,0082,1","SYN017333   10301 91116",
"07360099999","1990-07-23T21:00:00","4","46.1666666","1.8666666","551.0","GUERET, FR","FM-12","99999","V020","040,1,N,0031,1","99999,9,9,N","999999,9,N,9","+0209,1","+0169,1","10194,1","03,0004,9,1","99,0005,9,1",,"0,000",,,"4,1,03,1",,,,,,,,,,,"99999,9,09571,1","3,1,021,1,+999,9","41,1","4,99,0072,1","SYN017333   69947 91114",
"07360099999","1990-07-24T00:00:00","4","46.1666666","1.8666666","551.0","GUERET, FR","FM-12","99999","V020","120,1,N,0051,1","99999,9,9,N","999999,9,N,9","+0192,1","+0155,1","10184,1","03,0010,9,1","06,0010,9,1",,"0,000",,,"4,1,06,1",,,,,,,,,,,"99999,9,09557,1","8,1,014,1,+999,9","21,1","4,99,0098,1","SYN017333   60017 91119",
"07360099999","1990-07-24T03:00:00","4","46.1666666","1.8666666","551.0","GUERET, FR","FM-12","99999","V020","090,1,N,0031,1","99999,9,9,N","999999,9,N,9","+0175,1","+0153,1","10180,1","06,0000,9,1",,,"4,000",,,,,,,,,,,,,,"99999,9,09550,1","6,1,007,1,+999,9",,"4,99,0098,1","SYN011333   91119",
"07360099999","1990-07-24T06:00:00","4","46.1666666","1.8666666","551.0","GUERET, FR","FM-12","99999","V020","090,1,N,0041,1","02700,1,C,N","005000,1,N,9","+0176,1","+0137,1","10181,1","24,0018,9,1",,,"0,000",,,,,"06,1,+02700,9,03,9",,,"06,99,1,06,1,00,1,99999,9,03,1,00,1","0450,9","01,9","999,+0150,9","999,N,+0168,1",,"99999,9,09551,1","3,1,001,1,+999,9",,"4,99,0098,1","SYN041333   20168 30015 55075 70018 86359 91119",
"07360099999","1990-07-24T09:00:00","4","46.1666666","1.8666666","551.0","GUERET, FR","FM-12","99999","V020","040,1,N,0010,1","07800,1,C,N","007000,1,N,9","+0213,1","+0156,1","10182,1","06,0000,9,1",,,"4,000",,,,,"03,1,+03000,9,03,9","05,1,+07800,9,00,9",,"06,99,1,03,1,00,1,99999,9,03,1,02,1",,,,,,"99999,9,09560,1","2,1,009,1,+999,9",,"4,99,0072,1","SYN023333   83360 85076 91114",
"07360099999","1990-07-24T12:00:00","4","46.1666666","1.8666666","551.0","GUERET, FR","FM-12","99999","V020","070,1,N,0031,1","22000,1,C,N","009000,1,N,9","+0265,1","+0139,1","10168,1","06,0000,9,1",,,"4,000",,,,,"04,1,+07800,9,00,9",,,"04,99,1,00,1,00,1,99999,9,00,1,02,1",,,,,,"99999,9,09557,1","8,1,003,1,+999,9",,"4,99,0082,1","SYN017333   84076 91116",
"07360099999","1990-07-24T15:00:00","4","46.1666666","1.8666666","551.0","GUERET, FR","FM-12","99999","V020","030,1,N,0031,1","22000,1,C,N","014000,1,N,9","+0269,1","+0122,1","10164,1","06,0000,9,1",,,"4,000",,,,,,,,"00,99,1,00,1,00,1,99999,9,00,1,00,1",,,,,,"99999,9,09553,1","8,1,004,1,+999,9",,"4,99,0082,1","SYN011333   91116",
"07360099999","1990-07-24T18:00:00","4","46.1666666","1.8666666","551.0","GUERET, FR","FM-12","99999","V020","020,1,N,0031,1","99999,9,9,N","999999,9,N,9","+0242,1","+0098,1","10163,1","06,0000,9,1",,,"4,000",,,,,,,,,,,,"999,M,+0273,1",,"99999,9,09546,1","6,1,007,1,+999,9",,"4,99,0082,1","SYN017333   10273 91116",
"07360099999","1990-07-24T21:00:00","4","46.1666666","1.8666666","551.0","GUERET, FR","FM-12","99999","V020","070,1,N,0021,1","99999,9,9,N","999999,9,N,9","+0200,1","+0087,1","10185,1","06,0000,9,1",,,"4,000",,,,,,,,,,,,,,"99999,9,09558,1","1,1,012,1,+999,9",,"4,99,0062,1","SYN011333   91112",
"07360099999","1990-07-25T00:00:00","4","46.1666666","1.8666666","551.0","GUERET, FR","FM-12","99999","V020","060,1,N,0031,1","99999,9,9,N","999999,9,N,9","+0180,1","+0046,1","10187,1","06,0000,9,1",,,"4,000",,,,,,,,,,,,,,"99999,9,09556,1","8,1,002,1,+999,9",,"4,99,0062,1","SYN011333   91112",
"07360099999","1990-07-25T03:00:00","4","46.1666666","1.8666666","551.0","GUERET, FR","FM-12","99999","V020","080,1,N,0031,1","99999,9,9,N","999999,9,N,9","+0152,1","+0054,1","10186,1","06,0000,9,1",,,"4,000",,,,,,,,,,,,,,"99999,9,09549,1","6,1,007,1,+999,9",,"4,99,0072,1","SYN011333   91114",
"07360099999","1990-07-25T06:00:00","4","46.1666666","1.8666666","551.0","GUERET, FR","FM-12","99999","V020","100,1,N,0031,1","22000,1,C,N","020000,1,N,9","+0152,1","+0070,1","10182,1","06,0000,9,1",,,"4,000",,,,,,,,"00,99,1,00,1,00,1,99999,9,00,1,00,1","0654,9","01,9","999,+0110,9","999,N,+0139,1",,"99999,9,09546,1","5,1,003,1,+999,9",,"4,99,0072,1","SYN029333   20139 30011 55109 91114",
"07360099999","1990-07-25T09:00:00","4","46.1666666","1.8666666","551.0","GUERET, FR","FM-12","99999","V020","070,1,N,0031,1","22000,1,C,N","015000,1,N,9","+0212,1","+0107,1","10168,1","06,0000,9,1",,,"4,000",,,,,"01,1,+06900,9,00,9",,,"01,99,1,00,1,00,1,99999,9,00,1,01,1",,,,,,"99999,9,09546,1","0,1,000,1,+999,9",,"4,99,0082,1","SYN017333   81073 91116",
"07360099999","1990-07-25T12:00:00","4","46.1666666","1.8666666","551.0","GUERET, FR","FM-12","99999","V020","040,1,N,0021,1","22000,1,C,N","030000,1,N,9","+0253,1","+0100,1","10151,1","06,0000,9,1",,,"4,000",,,,,"01,1,+06900,9,00,9",,,"01,99,1,00,1,00,1,99999,9,00,1,03,1",,,,,,"99999,9,09538,1","8,1,008,1,+999,9",,"4,99,0082,1","SYN017333   81073 91116",
"07360099999","1990-07-25T15:00:00","4","46.1666666","1.8666666","551.0","GUERET, FR","FM-12","99999","V020","040,1,N,0021,1","22000,1,C,N","030000,1,N,9","+0270,1","+0075,1","10134,1","06,0000,9,1",,,"4,000",,,,,"01,1,+07800,9,00,9",,,"01,99,1,00,1,00,1,99999,9,00,1,01,1",,,,,,"99999,9,09525,1","8,1,013,1,+999,9",,"4,99,0072,1","SYN017333   81076 91114",
"07360099999","1990-07-25T18:00:00","4","46.1666666","1.8666666","551.0","GUERET, FR","FM-12","99999","V020","050,1,N,0031,1","99999,9,9,N","999999,9,N,9","+0239,1","+0053,1","10126,1","06,0000,9,1",,,"4,000",,,,,,,,,,,,"999,M,+0271,1",,"99999,9,09511,1","6,1,014,1,+999,9",,"4,99,0082,1","SYN017333   10271 91116",
"07360099999","1990-07-25T21:00:00","4","46.1666666","1.8666666","551.0","GUERET, FR","FM-12","99999","V020","080,1,N,0031,1","99999,9,9,N","999999,9,N,9","+0200,1","+0060,1","10136,1","06,0000,9,1",,,"4,000",,,,,,,,,,,,,,"99999,9,09512,1","3,1,001,1,+999,9",,"4,99,0072,1","SYN011333   91114",
"07360099999","1990-07-26T00:00:00","4","46.1666666","1.8666666","551.0","GUERET, FR","FM-12","99999","V020","100,1,N,0041,1","99999,9,9,N","999999,9,N,9","+0182,1","+0051,1","10130,1","06,0000,9,1",,,"4,000",,,,,,,,,,,,,,"99999,9,09503,1","8,1,009,1,+999,9",,"4,99,0082,1","SYN011333   91116",
"07360099999","1990-07-26T03:00:00","4","46.1666666","1.8666666","551.0","GUERET, FR","FM-12","99999","V020","100,1,N,0031,1","99999,9,9,N","999999,9,N,9","+0160,1","+0062,1","10121,1","06,0000,9,1",,,"4,000",,,,,,,,,,,,,,"99999,9,09490,1","8,1,013,1,+999,9",,"4,99,0072,1","SYN011333   91114",
"07360099999","1990-07-26T06:00:00","4","46.1666666","1.8666666","551.0","GUERET, FR","FM-12","99999","V020","120,1,N,0031,1","22000,1,C,N","020000,1,N,9","+0171,1","+0080,1","10110,1","06,0000,9,1",,,"4,000",,,,,,,,"00,99,1,00,1,00,1,99999,9,00,1,00,1","0780,9","01,9","999,+0120,9","999,N,+0144,1",,"99999,9,09483,1","6,1,007,1,+999,9",,"4,99,0072,1","SYN029333   20144 30012 55130 91114",
"07360099999","1990-07-26T09:00:00","4","46.1666666","1.8666666","551.0","GUERET, FR","FM-12","99999","V020","090,1,N,0021,1","22000,1,C,N","025000,1,N,9","+0219,1","+0119,1","10099,1","06,0000,9,1",,,"4,000",,,,,,,,"00,99,1,00,1,00,1,99999,9,00,1,00,1",,,,,,"99999,9,09483,1","5,1,000,1,+999,9",,"4,99,0051,1","SYN011333   91110",
"07360099999","1990-07-26T12:00:00","4","46.1666666","1.8666666","551.0","GUERET, FR","FM-12","99999","V020","020,1,N,0010,1","22000,1,C,N","030000,1,N,9","+0274,1","+0141,1","10087,1","06,0000,9,1",,,"4,000",,,,,,,,"00,99,1,00,1,00,1,99999,9,00,1,00,1",,,,,,"99999,9,09483,1","0,1,000,1,+999,9",,"4,99,0051,1","SYN011333   91110",
"07360099999","1990-07-26T15:00:00","4","46.1666666","1.8666666","551.0","GUERET, FR","FM-12","99999","V020","220,1,N,0051,1","22000,1,C,N","030000,1,N,9","+0303,1","+0113,1","10075,1","06,0000,9,1",,,"4,000",,,,,"01,1,+01800,9,08,9",,,"01,99,1,01,1,02,1,01750,1,00,1,00,1",,,,,,"99999,9,09476,1","6,1,007,1,+999,9",,"4,99,0088,1","SYN017333   81856 91117",
"07360099999","1990-07-26T18:00:00","4","46.1666666","1.8666666","551.0","GUERET, FR","FM-12","99999","V020","230,1,N,0031,1","99999,9,9,N","999999,9,N,9","+0270,1","+0126,1","10084,1","06,0000,9,1",,,"4,000",,,,,,,,,,,,"999,M,+0309,1",,"99999,9,09479,1","3,1,003,1,+999,9",,"4,99,0088,1","SYN017333   10309 91117",
"07360099999","1990-07-26T21:00:00","4","46.1666666","1.8666666","551.0","GUERET, FR","FM-12","99999","V020","230,1,N,0041,1","99999,9,9,N","999999,9,N,9","+0240,1","+0123,1","10100,1","06,0000,9,1",,,"4,000",,,,,,,,,,,,,,"99999,9,09488,1","3,1,009,1,+999,9",,"4,99,0072,1","SYN011333   91114",
"07360099999","1990-07-27T00:00:00","4","46.1666666","1.8666666","551.0","GUERET, FR","FM-12","99999","V020","230,1,N,0062,1","99999,9,9,N","999999,9,N,9","+0198,1","+0179,1","10107,1","06,0000,9,1",,,"4,000",,,,,,,,,,,,,,"99999,9,09488,1","0,1,000,1,+999,9",,"4,99,0129,1","SYN011333   91125",
"07360099999","1990-07-27T03:00:00","4","46.1666666","1.8666666","551.0","GUERET, FR","FM-12","99999","V020","220,1,N,0072,1","99999,9,9,N","999999,9,N,9","+0175,1","+0172,1","10116,1","06,0000,9,1",,,"4,000",,,,,,,,,,,,,,"99999,9,09491,1","0,1,003,1,+999,9",,"4,99,0149,1","SYN011333   91129",
"07360099999","1990-07-27T06:00:00","4","46.1666666","1.8666666","551.0","GUERET, FR","FM-12","99999","V020","220,1,N,0041,1","03000,1,C,N","007000,1,N,9","+0172,1","+0164,1","10131,1","06,0000,9,1",,,"4,000",,,,,"03,1,+00180,9,07,9","03,1,+03000,9,03,9",,"06,99,1,04,1,06,1,00250,1,03,1,00,1","0750,9","01,9","999,+0160,9","999,N,+0171,1",,"99999,9,09504,1","3,1,013,1,+999,9",,"4,99,0160,1","SYN041333   20171 30016 55125 83706 83360 91131",
"07360099999","1990-07-27T09:00:00","4","46.1666666","1.8666666","551.0","GUERET, FR","FM-12","99999","V020","230,1,N,0021,1","03000,1,C,N","008000,1,N,9","+0197,1","+0169,1","10136,1","06,0000,9,1",,,"4,000",,,,,"03,1,+00480,9,08,9","03,1,+03000,9,03,9",,"05,99,1,03,1,01,1,00450,1,03,1,00,1",,,,,,"99999,9,09515,1","1,1,011,1,+999,9",,"4,99,0088,1","SYN023333   83816 83360 91117",
"07360099999","1990-07-27T12:00:00","4","46.1666666","1.8666666","551.0","GUERET, FR","FM-12","99999","V020","240,1,N,0031,1","22000,1,C,N","010000,1,N,9","+0258,1","+0177,1","10123,1","06,0000,9,1",,,"4,000",,,,,"01,1,+00780,9,08,9",,,"01,99,1,01,1,01,1,00800,1,00,1,00,1",,,,,,"99999,9,09514,1","7,1,001,1,+999,9",,"4,99,0088,1","SYN017333   81826 91117",
"07360099999","1990-07-27T15:00:00","4","46.1666666","1.8666666","551.0","GUERET, FR","FM-12","99999","V020","220,1,N,0031,1","22000,1,C,N","015000,1,N,9","+0273,1","+0175,1","10120,1","06,0000,9,1",,,"4,000",,,,,"02,1,+01200,9,08,9",,,"02,99,1,02,1,02,1,01250,1,00,1,00,1",,,,,,"99999,9,09514,1","0,1,000,1,+999,9",,"4,99,0082,1","SYN017333   82840 91116",
"07360099999","1990-07-27T18:00:00","4","46.1666666","1.8666666","551.0","GUERET, FR","FM-12","99999","V020","240,1,N,0031,1","99999,9,9,N","999999,9,N,9","+0255,1","+0177,1","10122,1","06,0000,9,1",,,"4,000",,,,,,,,,,,,"999,M,+0279,1",,"99999,9,09513,1","5,1,001,1,+999,9",,"4,99,0082,1","SYN017333   10279 91116",
"07360099999","1990-07-28T09:00:00","4","46.1666666","1.8666666","551.0","GUERET, FR","FM-12","99999","V020","090,1,N,0021,1","00180,1,C,N","004000,1,N,9","+0177,1","+0174,1","10160,1","06,9999,9,9",,,"4,000",,,"2,1,03,1","2,1,03,1","05,1,+00180,9,08,9","08,1,+00780,9,05,9",,"08,99,1,08,1,08,1,00250,1,99,9,99,9",,,,,,"99999,9,09533,1","1,1,003,1,+999,9","25,1","4,99,0072,1","SYN023333   85806 88626 91114","Q01  00002PRCP06"
"07360099999","1990-07-28T12:00:00","4","46.1666666","1.8666666","551.0","GUERET, FR","FM-12","99999","V020","100,1,N,0010,1","00780,1,C,N","005000,1,N,9","+0204,1","+0183,1","10152,1","06,0000,9,1",,,"4,000",,,,,"08,1,+00780,9,05,9",,,"08,99,1,08,1,05,1,00800,1,99,9,99,9",,,,,,"99999,9,09531,1","7,1,002,1,+999,9",,"4,99,0072,1","SYN017333   88626 91114",
"07360099999","1990-07-28T15:00:00","4","46.1666666","1.8666666","551.0","GUERET, FR","FM-12","99999","V020","280,1,N,0031,1","99999,9,9,N","999999,9,N,9","+0222,1","+0196,1","10150,1","06,0000,9,1",,,"4,000",,,,,,,,,,,,,,"99999,9,09533,1","0,1,002,1,+999,9",,"4,99,0041,1","SYN011333   91108",
"07360099999","1990-07-28T18:00:00","4","46.1666666","1.8666666","551.0","GUERET, FR","FM-12","99999","V020","260,1,N,0041,1","99999,9,9,N","999999,9,N,9","+0181,1","+0181,1","10178,1","03,0004,9,1","99,0005,9,1",,"0,000",,,"4,1,06,1",,,,,,,,,"999,M,+0234,1",,"99999,9,09550,1","3,1,017,1,+999,9","21,1","4,99,0098,1","SYN023333   10234 69947 91119",
"07360099999","1990-07-28T21:00:00","4","46.1666666","1.8666666","551.0","GUERET, FR","FM-12","99999","V020","320,1,N,0010,1","99999,9,9,N","999999,9,N,9","+0165,1","+9999,9","10203,1","03,0070,9,1",,,"0,000",,,"4,1,03,1",,,,,,,,,,,"99999,9,09565,1","1,1,015,1,+999,9","21,1","4,99,0232,1","SYN017333   60077 91145",
"07360099999","1990-07-29T00:00:00","4","46.1666666","1.8666666","551.0","GUERET, FR","FM-12","99999","V020","290,1,N,0031,1","99999,9,9,N","999999,9,N,9","+0152,1","+9999,9","10214,1","03,0030,9,1","06,0030,9,1",,"0,000",,,"4,1,06,1",,,,,,,,,,,"99999,9,09573,1","3,1,008,1,+999,9","21,1","4,99,0232,1","SYN017333   60037 91145",
"07360099999","1990-07-29T03:00:00","4","46.1666666","1.8666666","551.0","GUERET, FR","FM-12","99999","V020","280,1,N,0021,1","99999,9,9,N","999999,9,N,9","+0147,1","+9999,9","10218,1","03,0004,9,1","99,0005,9,1",,"0,000",,,"4,1,03,1",,,,,,,,,,,"99999,9,09576,1","3,1,003,1,+999,9","21,1","4,99,0062,1","SYN017333   69947 91112",
"07360099999","1990-07-29T06:00:00","4","46.1666666","1.8666666","551.0","GUERET, FR","FM-12","99999","V020","350,1,N,0010,1","00090,1,C,N","003000,1,N,9","+0150,1","+0150,1","10229,1","03,9999,2,9","24,0108,9,1",,"0,000",,,"6,1,06,1","2,1,06,1","07,1,+00090,9,07,9",,,"08,99,1,07,1,07,1,00075,1,99,9,99,9","0018,9","09,9","999,+0150,9","999,N,+0146,1",,"99999,9,09587,1","3,1,011,1,+999,9","10,1","4,99,0062,1","SYN047333   20146 31015 55003 69907 70108 87703 91112",
"07360099999","1990-07-29T09:00:00","4","46.1666666","1.8666666","551.0","GUERET, FR","FM-12","99999","V020","330,1,N,0021,1","00090,1,C,N","003000,1,N,9","+0162,1","+0162,1","10236,1","03,0002,9,1","99,0003,9,1",,"0,000",,,"4,1,03,1","2,1,03,1","08,1,+00090,9,07,9",,,"08,99,1,08,1,07,1,00150,1,99,9,99,9",,,,,,"99999,9,09596,1","1,1,009,1,+999,9","20,1","4,99,0062,1","SYN023333   69927 88703 91112",
"07360099999","1990-07-29T12:00:00","4","46.1666666","1.8666666","551.0","GUERET, FR","FM-12","99999","V020","360,1,N,0021,1","00780,1,C,N","010000,1,N,9","+0185,1","+0182,1","10227,1","06,0003,9,1",,,"0,000",,,"5,1,06,1","4,1,06,1","04,1,+00480,9,08,9","08,1,+00780,9,05,9",,"08,99,1,08,1,08,1,00450,1,99,9,99,9",,,,,,"99999,9,09597,1","1,1,001,1,+999,9","02,1","4,99,0062,1","SYN023333   84816 88626 91112",
"07360099999","1990-07-29T15:00:00","4","46.1666666","1.8666666","551.0","GUERET, FR","FM-12","99999","V020","050,1,N,0021,1","99999,9,9,N","999999,9,N,9","+0201,1","+0180,1","10218,1","06,0000,9,1",,,"4,000",,,,,,,,,,,,,,"99999,9,09593,1","8,1,004,1,+999,9",,"4,99,0082,1","SYN011333   91116",
"07360099999","1990-07-29T18:00:00","4","46.1666666","1.8666666","551.0","GUERET, FR","FM-12","99999","V020","090,1,N,0010,1","99999,9,9,N","999999,9,N,9","+0194,1","+0179,1","10221,1","99,0003,9,1",,,"0,000",,,,,,,,,,,,"999,M,+0206,1",,"99999,9,09593,1","5,1,000,1,+999,9",,"4,99,0082,1","SYN017333   10206 91116",
"07360099999","1990-07-29T21:00:00","4","46.1666666","1.8666666","551.0","GUERET, FR","FM-12","99999","V020","100,1,N,0021,1","99999,9,9,N","999999,9,N,9","+0185,1","+0177,1","10229,1","06,0000,9,1",,,"4,000",,,,,,,,,,,,,,"99999,9,09599,1","0,1,006,1,+999,9",,"4,99,0031,1","SYN011333   91106",
"07360099999","1990-07-30T00:00:00","4","46.1666666","1.8666666","551.0","GUERET, FR","FM-12","99999","V020","320,1,N,0021,1","99999,9,9,N","999999,9,N,9","+0172,1","+0169,1","10227,1","06,0000,9,1",,,"4,000",,,,,,,,,,,,,,"99999,9,09594,1","8,1,005,1,+999,9",,"4,99,0031,1","SYN011333   91106",
"07360099999","1990-07-30T03:00:00","4","46.1666666","1.8666666","551.0","GUERET, FR","FM-12","99999","V020","010,1,N,0021,1","99999,9,9,N","999999,9,N,9","+0164,1","+0164,1","10228,1","06,0000,9,1",,,"4,000",,,,,,,,,,,,,,"99999,9,09593,1","6,1,001,1,+999,9",,"4,99,0031,1","SYN011333   91106",
"07360099999","1990-07-30T06:00:00","4","46.1666666","1.8666666","551.0","GUERET, FR","FM-12","99999","V020","020,1,N,0021,1","22000,1,C,N","006000,1,N,9","+0168,1","+0166,1","10229,1","06,0000,9,1","24,0002,9,1",,"4,000",,,,,,,,"00,99,1,00,1,00,1,99999,9,00,1,00,1","0036,9","01,9","999,+0130,9","999,N,+0154,1",,"99999,9,09595,1","3,1,002,1,+999,9",,"4,99,0041,1","SYN035333   20154 30013 55006 70002 91108",
"07360099999","1990-07-30T09:00:00","4","46.1666666","1.8666666","551.0","GUERET, FR","FM-12","99999","V020","060,1,N,0021,1","22000,1,C,N","010000,1,N,9","+0220,1","+0178,1","10220,1","06,0000,9,1",,,"4,000",,,,,,,,"00,99,1,00,1,00,1,99999,9,00,1,00,1",,,,,,"99999,9,09598,1","1,1,003,1,+999,9",,"4,99,0051,1","SYN011333   91110",
"07360099999","1990-07-30T12:00:00","4","46.1666666","1.8666666","551.0","GUERET, FR","FM-12","99999","V020","030,1,N,0031,1","01200,1,C,N","025000,1,N,9","+0243,1","+0171,1","10212,1","06,0000,9,1",,,"4,000",,,,,"05,1,+01200,9,08,9",,,"05,99,1,05,1,02,1,01250,1,00,1,00,1",,,,,,"99999,9,09595,1","7,1,003,1,+999,9",,"4,99,0062,1","SYN017333   85840 91112",
"07360099999","1990-07-30T15:00:00","4","46.1666666","1.8666666","551.0","GUERET, FR","FM-12","99999","V020","050,1,N,0021,1","22000,1,C,N","030000,1,N,9","+0245,1","+0162,1","10203,1","06,0000,9,1",,,"4,000",,,,,"04,1,+01380,9,08,9",,,"04,99,1,04,1,02,1,01250,1,00,1,00,1",,,,,,"99999,9,09587,1","7,1,008,1,+999,9",,"4,99,0062,1","SYN017333   84846 91112",
"07360099999","1990-07-30T18:00:00","4","46.1666666","1.8666666","551.0","GUERET, FR","FM-12","99999","V020","080,1,N,0021,1","99999,9,9,N","999999,9,N,9","+0229,1","+0160,1","10203,1","06,0000,9,1",,,"4,000",,,,,,,,,,,,"999,M,+0259,1",,"99999,9,09583,1","6,1,004,1,+999,9",,"4,99,0062,1","SYN017333   10259 91112",
"07360099999","1990-07-30T21:00:00","4","46.1666666","1.8666666","551.0","GUERET, FR","FM-12","99999","V020","110,1,N,0021,1","99999,9,9,N","999999,9,N,9","+0211,1","+0150,1","10214,1","06,0000,9,1",,,"4,000",,,,,,,,,,,,,,"99999,9,09590,1","2,1,007,1,+999,9",,"4,99,0041,1","SYN011333   91108",
"07360099999","1990-07-31T00:00:00","4","46.1666666","1.8666666","551.0","GUERET, FR","FM-12","99999","V020","100,1,N,0010,1","99999,9,9,N","999999,9,N,9","+0200,1","+0144,1","10219,1","06,0000,9,1",,,"4,000",,,,,,,,,,,,,,"99999,9,09591,1","0,1,001,1,+999,9",,"4,99,0041,1","SYN011333   91108",
"07360099999","1990-07-31T03:00:00","4","46.1666666","1.8666666","551.0","GUERET, FR","FM-12","99999","V020","080,1,N,0010,1","99999,9,9,N","999999,9,N,9","+0188,1","+0139,1","10215,1","06,0000,9,1",,,"4,000",,,,,,,,,,,,,,"99999,9,09585,1","6,1,006,1,+999,9",,"4,99,0031,1","SYN011333   91106",
"07360099999","1990-07-31T06:00:00","4","46.1666666","1.8666666","551.0","GUERET, FR","FM-12","99999","V020","130,1,N,0010,1","22000,1,C,N","020000,1,N,9","+0195,1","+0128,1","10219,1","06,0000,9,1",,,"4,000",,,,,"04,1,+07800,9,00,9",,,"04,99,1,00,1,00,1,99999,9,00,1,01,1","0546,9","01,9","999,+0140,9","999,N,+0184,1",,"99999,9,09590,1","2,1,005,1,+999,9",,"4,99,0031,1","SYN035333   20184 30014 55091 84076 91106",
"07360099999","1990-07-31T09:00:00","4","46.1666666","1.8666666","551.0","GUERET, FR","FM-12","99999","V020","040,1,N,0010,1","22000,1,C,N","030000,1,N,9","+0243,1","+0163,1","10215,1","06,0000,9,1",,,"4,000",,,,,"01,1,+03900,9,03,9",,,"02,99,1,02,1,00,1,99999,9,08,1,01,1",,,,,,"99999,9,09597,1","2,1,007,1,+999,9",,"4,99,0041,1","SYN017333   81363 91108",
"07360099999","1990-07-31T12:00:00","4","46.1666666","1.8666666","551.0","GUERET, FR","FM-12","99999","V020","070,1,N,0021,1","22000,1,C,N","030000,1,N,9","+0273,1","+0160,1","10209,1","06,0000,9,1",,,"4,000",,,,,"02,1,+01200,9,08,9",,,"02,99,1,02,1,01,1,01250,1,00,1,00,1",,,,,,"99999,9,09597,1","4,1,000,1,+999,9",,"4,99,0072,1","SYN017333   82840 91114",
"07360099999","1990-07-31T15:00:00","4","46.1666666","1.8666666","551.0","GUERET, FR","FM-12","99999","V020","350,1,N,0021,1","22000,1,C,N","030000,1,N,9","+0282,1","+0155,1","10202,1","06,0000,9,1",,,"4,000",,,,,"01,1,+01500,9,08,9",,,"01,99,1,01,1,01,1,01750,1,00,1,00,1",,,,,,"99999,9,09592,1","6,1,005,1,+999,9",,"4,99,0062,1","SYN017333   81850 91112",
"07360099999","1990-07-31T18:00:00","4","46.1666666","1.8666666","551.0","GUERET, FR","FM-12","99999","V020","060,1,N,0021,1","99999,9,9,N","999999,9,N,9","+0249,1","+0144,1","10207,1","06,0000,9,1",,,"4,000",,,,,,,,,,,,"999,M,+0286,1",,"99999,9,09591,1","5,1,001,1,+999,9",,"4,99,0062,1","SYN017333   10286 91112",
"07360099999","1990-07-31T21:00:00","4","46.1666666","1.8666666","551.0","GUERET, FR","FM-12","99999","V020","060,1,N,0021,1","99999,9,9,N","999999,9,N,9","+0220,1","+0120,1","10228,1","06,0000,9,1",,,"4,000",,,,,,,,,,,,,,"99999,9,09604,1","3,1,013,1,+999,9",,"4,99,0051,1","SYN011333   91110",
"07360099999","1990-08-01T00:00:00","4","46.1666666","1.8666666","551.0","GUERET, FR","FM-12","99999","V020","070,1,N,0021,1","99999,9,9,N","999999,9,N,9","+0202,1","+0124,1","10227,1","06,0000,9,1",,,"4,000",,,,,,,,,,,,,,"99999,9,09599,1","8,1,005,1,+999,9",,"4,99,0051,1","SYN011333   91110",
"07360099999","1990-08-01T03:00:00","4","46.1666666","1.8666666","551.0","GUERET, FR","FM-12","99999","V020","100,1,N,0021,1","99999,9,9,N","999999,9,N,9","+0196,1","+0131,1","10225,1","06,0000,9,1",,,"4,000",,,,,,,,,,,,,,"99999,9,09596,1","5,1,003,1,+999,9",,"4,99,0051,1","SYN011333   91110",
"07360099999","1990-08-01T06:00:00","4","46.1666666","1.8666666","551.0","GUERET, FR","FM-12","99999","V020","100,1,N,0021,1","22000,1,C,N","009000,1,N,9","+0200,1","+0139,1","10226,1","06,0000,9,1",,,"4,000",,,,,"02,1,+07500,9,00,9",,,"02,99,1,00,1,00,1,99999,9,00,1,01,1","0726,9","01,9","999,+0150,9","999,N,+0188,1",,"99999,9,09598,1","2,1,002,1,+999,9",,"4,99,0051,1","SYN035333   20188 30015 55121 82075 91110",
"07360099999","1990-08-01T09:00:00","4","46.1666666","1.8666666","551.0","GUERET, FR","FM-12","99999","V020","050,1,N,0021,1","22000,1,C,N","009000,1,N,9","+0247,1","+0162,1","10220,1","06,0000,9,1",,,"4,000",,,,,"01,1,+07800,9,00,9",,,"01,99,1,00,1,00,1,99999,9,00,1,01,1",,,,,,"99999,9,09603,1","1,1,005,1,+999,9",,"4,99,0051,1","SYN017333   81076 91110",
"07360099999","1990-08-01T12:00:00","4","46.1666666","1.8666666","551.0","GUERET, FR","FM-12","99999","V020","040,1,N,0051,1","22000,1,C,N","014000,1,N,9","+0288,1","+0139,1","10205,1","06,0000,9,1",,,"4,000",,,,,,,,"00,99,1,00,1,00,1,99999,9,00,1,00,1",,,,,,"99999,9,09596,1","8,1,007,1,+999,9",,"4,99,0098,1","SYN011333   91119",
"07360099999","1990-08-01T18:00:00","4","46.1666666","1.8666666","551.0","GUERET, FR","FM-12","99999","V020","050,1,N,0021,1","99999,9,9,N","999999,9,N,9","+0267,1","+0180,1","10186,1","06,0000,9,1",,,"4,000",,,,,,,,,,,,"999,M,+0292,1",,"99999,9,09575,1","6,1,010,1,+999,9",,"4,99,0108,1","SYN017333   10292 91121",
"07360099999","1990-08-01T21:00:00","4","46.1666666","1.8666666","551.0","GUERET, FR","FM-12","99999","V020","060,1,N,0021,1","99999,9,9,N","999999,9,N,9","+0239,1","+0169,1","10198,1","06,0000,9,1",,,"4,000",,,,,,,,,,,,,,"99999,9,09580,1","2,1,005,1,+999,9",,"4,99,0062,1","SYN011333   91112",
"07360099999","1990-08-02T00:00:00","4","46.1666666","1.8666666","551.0","GUERET, FR","FM-12","99999","V020","090,1,N,0021,1","99999,9,9,N","999999,9,N,9","+0220,1","+0156,1","10198,1","06,0000,9,1",,,"4,000",,,,,,,,,,,,,,"99999,9,09577,1","7,1,003,1,+999,9",,"4,99,0062,1","SYN011333   91112",
"07360099999","1990-08-02T03:00:00","4","46.1666666","1.8666666","551.0","GUERET, FR","FM-12","99999","V020","100,1,N,0041,1","99999,9,9,N","999999,9,N,9","+0201,1","+0157,1","10193,1","06,0000,9,1",,,"4,000",,,,,,,,,,,,,,"99999,9,09568,1","6,1,009,1,+999,9",,"4,99,0082,1","SYN011333   91116",
"07360099999","1990-08-02T06:00:00","4","46.1666666","1.8666666","551.0","GUERET, FR","FM-12","99999","V020","110,1,N,0041,1","22000,1,C,N","005000,1,N,9","+0205,1","+0159,1","10194,1","06,0000,9,1",,,"4,000",,,,,,,,"00,99,1,00,1,00,1,99999,9,00,1,00,1","0702,9","01,9","999,+0170,9","999,N,+0191,1",,"99999,9,09570,1","3,1,002,1,+999,9",,"4,99,0082,1","SYN029333   20191 30017 55117 91116",
"07360099999","1990-08-02T09:00:00","4","46.1666666","1.8666666","551.0","GUERET, FR","FM-12","99999","V020","080,1,N,0021,1","22000,1,C,N","004000,1,N,9","+0247,1","+0177,1","10189,1","06,0000,9,1",,,"4,000",,,"0,1,03,1","0,1,03,1",,,,"00,99,1,00,1,00,1,99999,9,00,1,00,1",,,,,,"99999,9,09574,1","1,1,004,1,+999,9","10,1","4,99,0082,1","SYN011333   91116",
"07360099999","1990-08-02T12:00:00","4","46.1666666","1.8666666","551.0","GUERET, FR","FM-12","99999","V020","120,1,N,0021,1","22000,1,C,N","012000,1,N,9","+0284,1","+0176,1","10176,1","06,0000,9,1",,,"4,000",,,,,,,,"00,99,1,00,1,00,1,99999,9,00,1,00,1",,,,,,"99999,9,09569,1","8,1,005,1,+999,9",,"4,99,0082,1","SYN011333   91116",
"07360099999","1990-08-02T15:00:00","4","46.1666666","1.8666666","551.0","GUERET, FR","FM-12","99999","V020","300,1,N,0010,1","22000,1,C,N","013000,1,N,9","+0307,1","+0188,1","10164,1","06,0000,9,1",,,"4,000",,,,,,,,"00,99,1,00,1,00,1,99999,9,00,1,00,1",,,,,,"99999,9,09563,1","7,1,006,1,+999,9",,"4,99,0051,1","SYN011333   91110",
"07360099999","1990-08-02T18:00:00","4","46.1666666","1.8666666","551.0","GUERET, FR","FM-12","99999","V020","090,1,N,0021,1","99999,9,9,N","999999,9,N,9","+0278,1","+0196,1","10168,1","06,0000,9,1",,,"4,000",,,,,,,,,,,,"999,M,+0313,1",,"99999,9,09561,1","6,1,002,1,+999,9",,"4,99,0051,1","SYN017333   10313 91110",
"07360099999","1990-08-02T21:00:00","4","46.1666666","1.8666666","551.0","GUERET, FR","FM-12","99999","V020","120,1,N,0031,1","99999,9,9,N","999999,9,N,9","+0258,1","+0190,1","10185,1","06,0000,9,1",,,"4,000",,,,,,,,,,,,,,"99999,9,09573,1","2,1,012,1,+999,9",,"4,99,0062,1","SYN011333   91112",
"07360099999","1990-08-03T00:00:00","4","46.1666666","1.8666666","551.0","GUERET, FR","FM-12","99999","V020","130,1,N,0031,1","99999,9,9,N","999999,9,N,9","+0246,1","+0192,1","10192,1","06,0000,9,1",,,"4,000",,,,,,,,,,,,,,"99999,9,09578,1","1,1,005,1,+999,9",,"4,99,0062,1","SYN011333   91112",
"07360099999","1990-08-03T03:00:00","4","46.1666666","1.8666666","551.0","GUERET, FR","FM-12","99999","V020","220,1,N,0021,1","99999,9,9,N","999999,9,N,9","+0244,1","+0153,1","10198,1","06,0000,9,1",,,"4,000",,,,,,,,,,,,,,"99999,9,09581,1","2,1,003,1,+999,9",,"4,99,0051,1","SYN011333   91110",
"07360099999","1990-08-03T06:00:00","4","46.1666666","1.8666666","551.0","GUERET, FR","FM-12","99999","V020","999,1,C,0000,1","22000,1,C,N","005000,1,N,9","+0240,1","+0158,1","10202,1","06,0000,9,1",,,"4,000",,,,,,,,"00,99,1,00,1,00,1,99999,9,00,1,00,1","0642,9","01,9","999,+0180,9","999,N,+0233,1",,"99999,9,09584,1","3,1,003,1,+999,9",,"4,99,0051,1","SYN029333   20233 30018 55107 91110",
"07360099999","1990-08-03T09:00:00","4","46.1666666","1.8666666","551.0","GUERET, FR","FM-12","99999","V020","050,1,N,0010,1","22000,1,C,N","004500,1,N,9","+0291,1","+0188,1","10195,1","06,0000,9,1",,,"4,000",,,"0,1,03,1","0,1,03,1",,,,"00,99,1,00,1,00,1,99999,9,00,1,00,1",,,,,,"99999,9,09589,1","3,1,005,1,+999,9","10,1","4,99,0031,1","SYN011333   91106",
"07360099999","1990-08-03T12:00:00","4","46.1666666","1.8666666","551.0","GUERET, FR","FM-12","99999","V020","070,1,N,0021,1","22000,1,C,N","008000,1,N,9","+0326,1","+0160,1","10187,1","06,0000,9,1",,,"4,000",,,,,,,,"00,99,1,00,1,00,1,99999,9,00,1,00,1",,,,,,"99999,9,09587,1","8,1,002,1,+999,9",,"4,99,0072,1","SYN011333   91114",
"07360099999","1990-08-03T15:00:00","4","46.1666666","1.8666666","551.0","GUERET, FR","FM-12","99999","V020","100,1,N,0021,1","22000,1,C,N","010000,1,N,9","+0326,1","+0151,1","10182,1","06,0000,9,1",,,"4,000",,,,,"01,1,+01500,9,08,9",,,"01,99,1,01,1,02,1,01750,1,00,1,00,1",,,,,,"99999,9,09582,1","8,1,005,1,+999,9",,"4,99,0072,1","SYN017333   81850 91114",
"07360099999","1990-08-03T18:00:00","4","46.1666666","1.8666666","551.0","GUERET, FR","FM-12","99999","V020","100,1,N,0021,1","99999,9,9,N","999999,9,N,9","+0297,1","+0175,1","10184,1","06,0000,9,1",,,"4,000",,,,,,,,,,,,"999,M,+0331,1",,"99999,9,09579,1","6,1,003,1,+999,9",,"4,99,0072,1","SYN017333   10331 91114",
"07360099999","1990-08-03T21:00:00","4","46.1666666","1.8666666","551.0","GUERET, FR","FM-12","99999","V020","130,1,N,0021,1","99999,9,9,N","999999,9,N,9","+0276,1","+0143,1","10198,1","06,0000,9,1",,,"4,000",,,,,,,,,,,,,,"99999,9,09587,1","3,1,008,1,+999,9",,"4,99,0051,1","SYN011333   91110",
"07360099999","1990-08-04T00:00:00","4","46.1666666","1.8666666","551.0","GUERET, FR","FM-12","99999","V020","120,1,N,0021,1","99999,9,9,N","999999,9,N,9","+0266,1","+0140,1","10198,1","06,0000,9,1",,,"4,000",,,,,,,,,,,,,,"99999,9,09585,1","8,1,002,1,+999,9",,"4,99,0051,1","SYN011333   91110",
"07360099999","1990-08-04T03:00:00","4","46.1666666","1.8666666","551.0","GUERET, FR","FM-12","99999","V020","120,1,N,0010,1","99999,9,9,N","999999,9,N,9","+0258,1","+0136,1","10197,1","06,0000,9,1",,,"4,000",,,,,,,,,,,,,,"99999,9,09583,1","7,1,002,1,+999,9",,"4,99,0021,1","SYN011333   91104",
"07360099999","1990-08-04T06:00:00","4","46.1666666","1.8666666","551.0","GUERET, FR","FM-12","99999","V020","310,1,N,0031,1","22000,1,C,N","009000,1,N,9","+0256,1","+0135,1","10201,1","06,0000,9,1",,,"4,000",,,,,,,,"00,99,1,00,1,00,1,99999,9,00,1,00,1","0666,9","01,9","999,+0210,9","999,N,+0247,1",,"99999,9,09586,1","3,1,003,1,+999,9",,"4,99,0041,1","SYN029333   20247 30021 55111 91108",
"07360099999","1990-08-04T09:00:00","4","46.1666666","1.8666666","551.0","GUERET, FR","FM-12","99999","V020","310,1,N,0010,1","22000,1,C,N","006000,1,N,9","+0297,1","+0165,1","10197,1","06,0000,9,1",,,"4,000",,,,,,,,"00,99,1,00,1,00,1,99999,9,00,1,00,1",,,,,,"99999,9,09591,1","3,1,005,1,+999,9",,"4,99,0031,1","SYN011333   91106",
"07360099999","1990-08-04T12:00:00","4","46.1666666","1.8666666","551.0","GUERET, FR","FM-12","99999","V020","060,1,N,0021,1","22000,1,C,N","014000,1,N,9","+0328,1","+0102,1","10191,1","06,0000,9,1",,,"4,000",,,,,"03,1,+01500,9,08,9",,,"03,99,1,03,1,02,1,01750,1,00,1,00,1",,,,,,"99999,9,09590,1","8,1,001,1,+999,9",,"4,99,0051,1","SYN017333   83850 91110",
"07360099999","1990-08-04T15:00:00","4","46.1666666","1.8666666","551.0","GUERET, FR","FM-12","99999","V020","070,1,N,0021,1","99999,9,9,N","999999,9,N,9","+0339,1","+0123,1","10180,1","06,0000,9,1",,,"4,000",,,,,,,,,,,,,,"99999,9,09582,1","6,1,008,1,+999,9",,"4,99,0051,1","SYN011333   91110",
"07360099999","1990-08-04T18:00:00","4","46.1666666","1.8666666","551.0","GUERET, FR","FM-12","99999","V020","200,1,N,0021,1","99999,9,9,N","999999,9,N,9","+0308,1","+0152,1","10182,1","06,0000,9,1",,,"4,000",,,,,,,,,,,,"999,M,+0346,1",,"99999,9,09579,1","7,1,003,1,+999,9",,"4,99,0051,1","SYN017333   10346 91110",
"07360099999","1990-08-04T21:00:00","4","46.1666666","1.8666666","551.0","GUERET, FR","FM-12","99999","V020","240,1,N,0031,1","99999,9,9,N","999999,9,N,9","+0292,1","+0117,1","10191,1","06,0000,9,1",,,"4,000",,,,,,,,,,,,,,"99999,9,09583,1","3,1,004,1,+999,9",,"4,99,0041,1","SYN011333   91108",
"07360099999","1990-08-05T00:00:00","4","46.1666666","1.8666666","551.0","GUERET, FR","FM-12","99999","V020","260,1,N,0051,1","99999,9,9,N","999999,9,N,9","+0264,1","+0142,1","10194,1","06,0000,9,1",,,"4,000",,,,,,,,,,,,,,"99999,9,09581,1","8,1,002,1,+999,9",,"4,99,0072,1","SYN011333   91114",
"07360099999","1990-08-05T03:00:00","4","46.1666666","1.8666666","551.0","GUERET, FR","FM-12","99999","V020","280,1,N,0041,1","99999,9,9,N","999999,9,N,9","+0257,1","+0148,1","10184,1","06,0000,9,1",,,"4,000",,,,,,,,,,,,,,"99999,9,09571,1","6,1,010,1,+999,9",,"4,99,0072,1","SYN011333   91114",
"07360099999","1990-08-05T06:00:00","4","46.1666666","1.8666666","551.0","GUERET, FR","FM-12","99999","V020","250,1,N,0041,1","22000,1,C,N","012000,1,N,9","+0252,1","+0152,1","10181,1","06,0000,9,1",,,"4,000",,,,,"03,1,+01200,9,08,9",,,"03,99,1,03,1,02,1,01250,1,00,1,00,1","0642,9","01,9","999,+0210,9","999,N,+0243,1",,"99999,9,09567,1","6,1,004,1,+999,9",,"4,99,0072,1","SYN035333   20243 30021 55107 83840 91114",
"07360099999","1990-08-05T09:00:00","4","46.1666666","1.8666666","551.0","GUERET, FR","FM-12","99999","V020","230,1,N,0062,1","22000,1,C,N","012000,1,N,9","+0274,1","+0170,1","10181,1","06,0000,9,1",,,"4,000",,,,,,,,"00,99,1,00,1,00,1,99999,9,00,1,00,1",,,,,,"99999,9,09572,1","3,1,005,1,+999,9",,"4,99,0108,1","SYN011333   91121",
"07360099999","1990-08-05T12:00:00","4","46.1666666","1.8666666","551.0","GUERET, FR","FM-12","99999","V020","240,1,N,0041,1","22000,1,C,N","018000,1,N,9","+0313,1","+0140,1","10169,1","06,0000,9,1",,,"4,000",,,,,"01,1,+01500,9,08,9",,,"02,99,1,01,1,02,1,01750,1,00,1,01,1",,,,,,"99999,9,09567,1","8,1,005,1,+999,9",,"4,99,0108,1","SYN017333   81850 91121",
"07360099999","1990-08-05T15:00:00","4","46.1666666","1.8666666","551.0","GUERET, FR","FM-12","99999","V020","250,1,N,0062,1","99999,9,9,N","999999,9,N,9","+0309,1","+0145,1","10156,1","06,0000,9,1",,,"4,000",,,,,,,,,,,,,,"99999,9,09555,1","6,1,012,1,+999,9",,"4,99,0149,1","SYN011333   91129",
"07360099999","1990-08-05T18:00:00","4","46.1666666","1.8666666","551.0","GUERET, FR","FM-12","99999","V020","280,1,N,0051,1","99999,9,9,N","999999,9,N,9","+0277,1","+0160,1","10156,1","06,0000,9,1",,,"4,000",,,,,,,,,,,,"999,M,+0319,1",,"99999,9,09549,1","6,1,006,1,+999,9",,"4,99,0149,1","SYN017333   10319 91129",
"07360099999","1990-08-05T21:00:00","4","46.1666666","1.8666666","551.0","GUERET, FR","FM-12","99999","V020","290,1,N,0031,1","99999,9,9,N","999999,9,N,9","+0230,1","+0132,1","10174,1","06,0000,9,1",,,"4,000",,,,,,,,,,,,,,"99999,9,09555,1","3,1,006,1,+999,9",,"4,99,0082,1","SYN011333   91116",
"07360099999","1990-08-06T00:00:00","4","46.1666666","1.8666666","551.0","GUERET, FR","FM-12","99999","V020","330,1,N,0021,1","99999,9,9,N","999999,9,N,9","+0191,1","+0109,1","10182,1","06,0000,9,1",,,"4,000",,,,,,,,,,,,,,"99999,9,09554,1","6,1,001,1,+999,9",,"4,99,0082,1","SYN011333   91116",
"07360099999","1990-08-06T03:00:00","4","46.1666666","1.8666666","551.0","GUERET, FR","FM-12","99999","V020","330,1,N,0021,1","99999,9,9,N","999999,9,N,9","+0158,1","+0116,1","10184,1","06,0000,9,1",,,"4,000",,,,,,,,,,,,,,"99999,9,09549,1","8,1,005,1,+999,9",,"4,99,0051,1","SYN011333   91110",
"07360099999","1990-08-06T06:00:00","4","46.1666666","1.8666666","551.0","GUERET, FR","FM-12","99999","V020","310,1,N,0021,1","03000,1,C,N","020000,1,N,9","+0146,1","+0119,1","10191,1","03,9999,2,9","24,9999,2,9",,"0,000",,,,,"06,1,+03000,9,03,9","05,1,+07800,9,00,9",,"07,99,1,06,1,00,1,99999,9,08,1,02,1","0582,9","09,9","999,+0130,9","999,N,+0144,1",,"99999,9,09554,1","3,1,005,1,+999,9","21,1","4,99,0051,1","SYN053333   20144 31013 55097 69907 79999 86360 85076 91110",
"07360099999","1990-08-06T09:00:00","4","46.1666666","1.8666666","551.0","GUERET, FR","FM-12","99999","V020","330,1,N,0021,1","22000,1,C,N","030000,1,N,9","+0185,1","+0127,1","10190,1","06,0000,9,1",,,"4,000",,,,,"01,1,+00900,9,08,9",,,"04,99,1,01,1,01,1,00800,1,08,1,02,1",,,,,,"99999,9,09561,1","3,1,007,1,+999,9",,"4,99,0051,1","SYN017333   81830 91110",
"07360099999","1990-08-06T12:00:00","4","46.1666666","1.8666666","551.0","GUERET, FR","FM-12","99999","V020","320,1,N,0031,1","01080,1,C,N","030000,1,N,9","+0207,1","+0113,1","10185,1","06,0000,9,1",,,"4,000",,,,,"05,1,+01080,9,08,9",,,"06,99,1,05,1,02,1,01250,1,00,1,02,1",,,,,,"99999,9,09561,1","0,1,000,1,+999,9",,"4,99,0072,1","SYN017333   85836 91114",
"07360099999","1990-08-06T15:00:00","4","46.1666666","1.8666666","551.0","GUERET, FR","FM-12","99999","V020","320,1,N,0021,1","22000,1,C,N","035000,1,N,9","+0232,1","+0099,1","10171,1","06,0000,9,1",,,"4,000",,,,,"03,1,+01380,9,08,9",,,"03,99,1,03,1,02,1,01250,1,00,1,00,1",,,,,,"99999,9,09552,1","7,1,009,1,+999,9",,"4,99,0072,1","SYN017333   83846 91114",
"07360099999","1990-08-06T18:00:00","4","46.1666666","1.8666666","551.0","GUERET, FR","FM-12","99999","V020","020,1,N,0031,1","99999,9,9,N","999999,9,N,9","+0211,1","+0090,1","10175,1","06,0000,9,1",,,"4,000",,,,,,,,,,,,"999,M,+0240,1",,"99999,9,09552,1","5,1,000,1,+999,9",,"4,99,0082,1","SYN017333   10240 91116",
"07360099999","1990-08-06T21:00:00","4","46.1666666","1.8666666","551.0","GUERET, FR","FM-12","99999","V020","010,1,N,0031,1","99999,9,9,N","999999,9,N,9","+0162,1","+0061,1","10203,1","06,0000,9,1",,,"4,000",,,,,,,,,,,,,,"99999,9,09567,1","3,1,015,1,+999,9",,"4,99,0098,1","SYN011333   91119",
"07360099999","1990-08-07T00:00:00","4","46.1666666","1.8666666","551.0","GUERET, FR","FM-12","99999","V020","020,1,N,0031,1","99999,9,9,N","999999,9,N,9","+0129,1","+0051,1","10221,1","06,0000,9,1",,,"4,000",,,,,,,,,,,,,,"99999,9,09577,1","1,1,010,1,+999,9",,"4,99,0098,1","SYN011333   91119",
"07360099999","1990-08-07T03:00:00","4","46.1666666","1.8666666","551.0","GUERET, FR","FM-12","99999","V020","030,1,N,0021,1","99999,9,9,N","999999,9,N,9","+0106,1","+0060,1","10224,1","06,0000,9,1",,,"4,000",,,,,,,,,,,,,,"99999,9,09575,1","8,1,002,1,+999,9",,"4,99,0072,1","SYN011333   91114",
"07360099999","1990-08-07T06:00:00","4","46.1666666","1.8666666","551.0","GUERET, FR","FM-12","99999","V020","040,1,N,0021,1","22000,1,C,N","020000,1,N,9","+0106,1","+0067,1","10232,1","06,0000,9,1",,,"4,000",,,,,,,,"00,99,1,00,1,00,1,99999,9,00,1,00,1","0534,9","01,9","999,+0080,9","999,N,+0093,1",,"99999,9,09582,1","3,1,007,1,+999,9",,"4,99,0072,1","SYN029333   20093 30008 55089 91114",
"07360099999","1990-08-07T09:00:00","4","46.1666666","1.8666666","551.0","GUERET, FR","FM-12","99999","V020","030,1,N,0041,1","22000,1,C,N","030000,1,N,9","+0162,1","+0077,1","10226,1","06,0000,9,1",,,"4,000",,,,,"03,1,+00750,9,08,9",,,"03,99,1,03,1,01,1,00800,1,00,1,00,1",,,,,,"99999,9,09589,1","1,1,007,1,+999,9",,"4,99,0118,1","SYN017333   83825 91123",
"07360099999","1990-08-07T12:00:00","4","46.1666666","1.8666666","551.0","GUERET, FR","FM-12","99999","V020","040,1,N,0051,1","22000,1,C,N","030000,1,N,9","+0191,1","+0037,1","10217,1","06,0000,9,1",,,"4,000",,,,,"02,1,+01200,9,08,9","03,1,+07800,9,00,9",,"04,99,1,02,1,01,1,01250,1,00,1,01,1",,,,,,"99999,9,09586,1","8,1,003,1,+999,9",,"4,99,0118,1","SYN023333   82840 83076 91123",
"07360099999","1990-08-07T15:00:00","4","46.1666666","1.8666666","551.0","GUERET, FR","FM-12","99999","V020","030,1,N,0041,1","07800,1,C,N","030000,1,N,9","+0202,1","+0039,1","10210,1","06,0000,9,1",,,"4,000",,,,,"02,1,+01500,9,08,9","06,1,+07800,9,00,9",,"06,99,1,02,1,01,1,01750,1,00,1,02,1",,,,,,"99999,9,09582,1","6,1,004,1,+999,9",,"4,99,0129,1","SYN023333   82850 86076 91125",
"07360099999","1990-08-07T18:00:00","4","46.1666666","1.8666666","551.0","GUERET, FR","FM-12","99999","V020","020,1,N,0041,1","99999,9,9,N","999999,9,N,9","+0183,1","+0045,1","10213,1","06,0000,9,1",,,"4,000",,,,,,,,,,,,"999,M,+0208,1",,"99999,9,09581,1","6,1,001,1,+999,9",,"4,99,0129,1","SYN017333   10208 91125",
"07360099999","1990-08-07T21:00:00","4","46.1666666","1.8666666","551.0","GUERET, FR","FM-12","99999","V020","030,1,N,0031,1","99999,9,9,N","999999,9,N,9","+0138,1","+0041,1","10236,1","06,0000,9,1",,,"4,000",,,,,,,,,,,,,,"99999,9,09593,1","2,1,012,1,+999,9",,"4,99,0098,1","SYN011333   91119",
"07360099999","1990-08-08T00:00:00","4","46.1666666","1.8666666","551.0","GUERET, FR","FM-12","99999","V020","030,1,N,0031,1","99999,9,9,N","999999,9,N,9","+0125,1","+0040,1","10242,1","06,0000,9,1",,,"4,000",,,,,,,,,,,,,,"99999,9,09596,1","1,1,003,1,+999,9",,"4,99,0098,1","SYN011333   91119",
"07360099999","1990-08-08T03:00:00","4","46.1666666","1.8666666","551.0","GUERET, FR","FM-12","99999","V020","050,1,N,0010,1","99999,9,9,N","999999,9,N,9","+0114,1","+0044,1","10244,1","06,0000,9,1",,,"4,000",,,,,,,,,,,,,,"99999,9,09595,1","7,1,001,1,+999,9",,"4,99,0051,1","SYN011333   91110",
"07360099999","1990-08-08T06:00:00","4","46.1666666","1.8666666","551.0","GUERET, FR","FM-12","99999","V020","060,1,N,0021,1","22000,1,C,N","030000,1,N,9","+0125,1","+0057,1","10246,1","06,0000,9,1",,,"4,000",,,,,,,,"00,99,1,00,1,00,1,99999,9,00,1,00,1","0642,9","01,9","999,+0080,9","999,N,+0107,1",,"99999,9,09600,1","3,1,005,1,+999,9",,"4,99,0051,1","SYN029333   20107 30008 55107 91110",
"07360099999","1990-08-08T09:00:00","4","46.1666666","1.8666666","551.0","GUERET, FR","FM-12","99999","V020","030,1,N,0021,1","22000,1,C,N","025000,1,N,9","+0176,1","+0076,1","10245,1","06,0000,9,1",,,"4,000",,,,,,,,"00,99,1,00,1,00,1,99999,9,00,1,00,1",,,,,,"99999,9,09610,1","1,1,010,1,+999,9",,"4,99,0062,1","SYN011333   91112",
"07360099999","1990-08-08T12:00:00","4","46.1666666","1.8666666","551.0","GUERET, FR","FM-12","99999","V020","030,1,N,0051,1","22000,1,C,N","030000,1,N,9","+0215,1","+0054,1","10235,1","06,0000,9,1",,,"4,000",,,,,"01,1,+01800,9,08,9",,,"01,99,1,01,1,01,1,01750,1,00,1,00,1",,,,,,"99999,9,09609,1","8,1,001,1,+999,9",,"4,99,0108,1","SYN017333   81856 91121",
"07360099999","1990-08-08T15:00:00","4","46.1666666","1.8666666","551.0","GUERET, FR","FM-12","99999","V020","030,1,N,0051,1","22000,1,C,N","030000,1,N,9","+0226,1","+0021,1","10223,1","06,0000,9,1",,,"4,000",,,,,,,,"00,99,1,00,1,00,1,99999,9,00,1,00,1",,,,,,"99999,9,09599,1","7,1,010,1,+999,9",,"4,99,0098,1","SYN011333   91119",
"07360099999","1990-08-08T18:00:00","4","46.1666666","1.8666666","551.0","GUERET, FR","FM-12","99999","V020","030,1,N,0031,1","99999,9,9,N","999999,9,N,9","+0203,1","+0044,1","10226,1","06,0000,9,1",,,"4,000",,,,,,,,,,,,"999,M,+0227,1",,"99999,9,09597,1","5,1,002,1,+999,9",,"4,99,0098,1","SYN017333   10227 91119",
"07360099999","1990-08-08T21:00:00","4","46.1666666","1.8666666","551.0","GUERET, FR","FM-12","99999","V020","040,1,N,0021,1","99999,9,9,N","999999,9,N,9","+0153,1","+0055,1","10244,1","06,0000,9,1",,,"4,000",,,,,,,,,,,,,,"99999,9,09604,1","1,1,007,1,+999,9",,"4,99,0062,1","SYN011333   91112",
"07360099999","1990-08-09T00:00:00","4","46.1666666","1.8666666","551.0","GUERET, FR","FM-12","99999","V020","060,1,N,0021,1","99999,9,9,N","999999,9,N,9","+0144,1","+0052,1","10249,1","06,0000,9,1",,,"4,000",,,,,,,,,,,,,,"99999,9,09606,1","1,1,002,1,+999,9",,"4,99,0062,1","SYN011333   91112",
"07360099999","1990-08-09T03:00:00","4","46.1666666","1.8666666","551.0","GUERET, FR","FM-12","99999","V020","100,1,N,0031,1","99999,9,9,N","999999,9,N,9","+0137,1","+0048,1","10245,1","06,0000,9,1",,,"4,000",,,,,,,,,,,,,,"99999,9,09601,1","8,1,005,1,+999,9",,"4,99,0051,1","SYN011333   91110",
"07360099999","1990-08-09T06:00:00","4","46.1666666","1.8666666","551.0","GUERET, FR","FM-12","99999","V020","120,1,N,0021,1","22000,1,C,N","018000,1,N,9","+0142,1","+0056,1","10244,1","06,0000,9,1",,,"4,000",,,,,,,,"00,99,1,00,1,00,1,99999,9,00,1,00,1","0720,9","01,9","999,+0090,9","999,N,+0133,1",,"99999,9,09601,1","5,1,000,1,+999,9",,"4,99,0051,1","SYN029333   20133 30009 55120 91110",
"07360099999","1990-08-09T15:00:00","4","46.1666666","1.8666666","551.0","GUERET, FR","FM-12","99999","V020","070,1,N,0010,1","22000,1,C,N","030000,1,N,9","+0243,1","+0051,1","10215,1","06,0000,9,1",,,"4,000",,,,,"02,1,+07800,9,00,9",,,"02,99,1,00,1,00,1,99999,9,00,1,01,1",,,,,,"99999,9,09595,1","6,1,008,1,+999,9",,"4,99,0082,1","SYN017333   82076 91116",
"07360099999","1990-08-09T18:00:00","4","46.1666666","1.8666666","551.0","GUERET, FR","FM-12","99999","V020","050,1,N,0021,1","99999,9,9,N","999999,9,N,9","+0223,1","+0057,1","10213,1","06,0000,9,1",,,"4,000",,,,,,,,,,,,"999,M,+0249,1",,"99999,9,09590,1","6,1,005,1,+999,9",,"4,99,0082,1","SYN017333   10249 91116",
"07360099999","1990-08-09T21:00:00","4","46.1666666","1.8666666","551.0","GUERET, FR","FM-12","99999","V020","080,1,N,0021,1","99999,9,9,N","999999,9,N,9","+0198,1","+0051,1","10228,1","06,0000,9,1",,,"4,000",,,,,,,,,,,,,,"99999,9,09598,1","2,1,008,1,+999,9",,"4,99,0051,1","SYN011333   91110",
"07360099999","1990-08-10T00:00:00","4","46.1666666","1.8666666","551.0","GUERET, FR","FM-12","99999","V020","090,1,N,0021,1","99999,9,9,N","999999,9,N,9","+0178,1","+0054,1","10231,1","06,0000,9,1",,,"4,000",,,,,,,,,,,,,,"99999,9,09597,1","8,1,001,1,+999,9",,"4,99,0051,1","SYN011333   91110",
"07360099999","1990-08-10T03:00:00","4","46.1666666","1.8666666","551.0","GUERET, FR","FM-12","99999","V020","110,1,N,0031,1","99999,9,9,N","999999,9,N,9","+0166,1","+0049,1","10226,1","06,0000,9,1",,,"4,000",,,,,,,,,,,,,,"99999,9,09590,1","8,1,007,1,+999,9",,"4,99,0062,1","SYN011333   91112",
"07360099999","1990-08-10T06:00:00","4","46.1666666","1.8666666","551.0","GUERET, FR","FM-12","99999","V020","120,1,N,0031,1","22000,1,C,N","016000,1,N,9","+0179,1","+0064,1","10226,1","06,0000,9,1",,,"4,000",,,,,,,,"00,99,1,00,1,00,1,99999,9,00,1,00,1","0738,9","01,9","999,+0120,9","999,N,+0165,1",,"99999,9,09592,1","0,1,002,1,+999,9",,"4,99,0062,1","SYN029333   20165 30012 55123 91112",
"07360099999","1990-08-10T09:00:00","4","46.1666666","1.8666666","551.0","GUERET, FR","FM-12","99999","V020","120,1,N,0021,1","22000,1,C,N","020000,1,N,9","+0229,1","+0097,1","10219,1","06,0000,9,1",,,"4,000",,,,,,,,"00,99,1,00,1,00,1,99999,9,00,1,00,1",,,,,,"99999,9,09597,1","3,1,005,1,+999,9",,"4,99,0062,1","SYN011333   91112",
"07360099999","1990-08-10T12:00:00","4","46.1666666","1.8666666","551.0","GUERET, FR","FM-12","99999","V020","120,1,N,0021,1","22000,1,C,N","030000,1,N,9","+0272,1","+0071,1","10203,1","06,0000,9,1",,,"4,000",,,,,"01,1,+07800,9,00,9",,,"01,99,1,00,1,00,1,99999,9,00,1,01,1",,,,,,"99999,9,09590,1","8,1,007,1,+999,9",,"4,99,0072,1","SYN017333   81076 91114",
"07360099999","1990-08-10T15:00:00","4","46.1666666","1.8666666","551.0","GUERET, FR","FM-12","99999","V020","060,1,N,0021,1","22000,1,C,N","030000,1,N,9","+0285,1","+0060,1","10189,1","06,0000,9,1",,,"4,000",,,,,"02,1,+07800,9,00,9",,,"02,99,1,00,1,00,1,99999,9,00,1,01,1",,,,,,"99999,9,09579,1","8,1,011,1,+999,9",,"4,99,0062,1","SYN017333   82076 91112",
"07360099999","1990-08-10T18:00:00","4","46.1666666","1.8666666","551.0","GUERET, FR","FM-12","99999","V020","070,1,N,0031,1","99999,9,9,N","999999,9,N,9","+0255,1","+0081,1","10187,1","06,0000,9,1",,,"4,000",,,,,,,,,,,,"999,M,+0290,1",,"99999,9,09572,1","6,1,007,1,+999,9",,"4,99,0062,1","SYN017333   10290 91112",
"07360099999","1990-08-10T21:00:00","4","46.1666666","1.8666666","551.0","GUERET, FR","FM-12","99999","V020","100,1,N,0041,1","99999,9,9,N","999999,9,N,9","+0225,1","+0079,1","10195,1","06,0000,9,1",,,"4,000",,,,,,,,,,,,,,"99999,9,09573,1","2,1,001,1,+999,9",,"4,99,0072,1","SYN011333   91114",
"07360099999","1990-08-11T00:00:00","4","46.1666666","1.8666666","551.0","GUERET, FR","FM-12","99999","V020","120,1,N,0041,1","99999,9,9,N","999999,9,N,9","+0213,1","+0079,1","10191,1","06,0000,9,1",,,"4,000",,,,,,,,,,,,,,"99999,9,09567,1","8,1,006,1,+999,9",,"4,99,0098,1","SYN011333   91119",
"07360099999","1990-08-11T03:00:00","4","46.1666666","1.8666666","551.0","GUERET, FR","FM-12","99999","V020","170,1,N,0021,1","99999,9,9,N","999999,9,N,9","+0216,1","+0067,1","10180,1","06,0000,9,1",,,"4,000",,,,,,,,,,,,,,"99999,9,09557,1","8,1,010,1,+999,9",,"4,99,0082,1","SYN011333   91116",
"07360099999","1990-08-11T06:00:00","4","46.1666666","1.8666666","551.0","GUERET, FR","FM-12","99999","V020","210,1,N,0051,1","22000,1,C,N","015000,1,N,9","+0208,1","+0094,1","10181,1","06,0000,9,1",,,"4,000",,,,,,,,"02,99,1,00,1,00,1,99999,9,00,1,01,1",,"01,9","999,+0170,9","999,M,+9999,9","999,N,+9999,9","99999,9,09555,1","7,1,002,1,+999,9",,,"SYN023333   10000 20200 30017","Q01 +00003ATMM  Q02 +02003ATMM  "
"07360099999","1990-08-11T09:00:00","4","46.1666666","1.8666666","551.0","GUERET, FR","FM-12","99999","V020","220,1,N,0031,1","99999,9,9,N","999999,9,N,9","+0257,1","+0115,1","10172,1","06,0000,9,1",,,"4,000",,,,,,,,,,,,,,"99999,9,09559,1","0,1,004,1,+999,9",,"4,99,0108,1","SYN011333   91121",
"07360099999","1990-08-11T12:00:00","4","46.1666666","1.8666666","551.0","GUERET, FR","FM-12","99999","V020","210,1,N,0021,1","99999,9,9,N","999999,9,N,9","+0307,1","+0059,1","10160,1","06,0000,9,1",,,"4,000",,,,,,,,,,,,,,"99999,9,09556,1","8,1,003,1,+999,9",,"4,99,0108,1","SYN011333   91121",
"07360099999","1990-08-11T15:00:00","4","46.1666666","1.8666666","551.0","GUERET, FR","FM-12","99999","V020","240,1,N,0031,1","99999,9,9,N","999999,9,N,9","+0311,1","+0062,1","10150,1","06,0000,9,1",,,"4,000",,,,,,,,,,,,,,"99999,9,09547,1","8,1,009,1,+999,9",,"4,99,0088,1","SYN011333   91117",
"07360099999","1990-08-11T18:00:00","4","46.1666666","1.8666666","551.0","GUERET, FR","FM-12","99999","V020","210,1,N,0021,1","99999,9,9,N","999999,9,N,9","+0271,1","+0103,1","10149,1","06,0000,9,1",,,"4,000",,,,,,,,,,,,"999,M,+0314,1",,"99999,9,09539,1","6,1,008,1,+999,9",,"4,99,0088,1","SYN017333   10314 91117",
"07360099999","1990-08-11T21:00:00","4","46.1666666","1.8666666","551.0","GUERET, FR","FM-12","99999","V020","999,1,C,0000,1","99999,9,9,N","999999,9,N,9","+0249,1","+0071,1","10162,1","06,0000,9,1",,,"4,000",,,,,,,,,,,,,,"99999,9,09547,1","1,1,008,1,+999,9",,"4,99,0031,1","SYN011333   91106",
"07360099999","1990-08-12T00:00:00","4","46.1666666","1.8666666","551.0","GUERET, FR","FM-12","99999","V020","140,1,N,0021,1","99999,9,9,N","999999,9,N,9","+0240,1","+0063,1","10160,1","06,0000,9,1",,,"4,000",,,,,,,,,,,,,,"99999,9,09543,1","8,1,004,1,+999,9",,"4,99,0031,1","SYN011333   91106",
"07360099999","1990-08-12T03:00:00","4","46.1666666","1.8666666","551.0","GUERET, FR","FM-12","99999","V020","210,1,N,0031,1","99999,9,9,N","999999,9,N,9","+0231,1","+0051,1","10152,1","06,0000,9,1",,,"4,000",,,,,,,,,,,,,,"99999,9,09533,1","7,1,010,1,+999,9",,"4,99,0072,1","SYN011333   91114",
"07360099999","1990-08-12T06:00:00","4","46.1666666","1.8666666","551.0","GUERET, FR","FM-12","99999","V020","200,1,N,0051,1","99999,9,9,N","999999,9,N,9","+0216,1","+0138,1","10157,1","06,0000,9,1",,,"4,000",,,,,,,,,"0594,9",,"999,+0190,9","999,N,+0211,1",,"99999,9,09537,1","3,1,004,1,+999,9",,"4,99,0129,1","SYN029333   20211 3/019 55099 91125",
"07360099999","1990-08-12T09:00:00","4","46.1666666","1.8666666","551.0","GUERET, FR","FM-12","99999","V020","190,1,N,0051,1","99999,9,9,N","999999,9,N,9","+0264,1","+0151,1","10145,1","06,0000,9,1",,,"4,000",,,,,,,,,,,,,,"99999,9,09536,1","8,1,001,1,+999,9",,"4,99,0108,1","SYN011333   91121",
"07360099999","1990-08-12T12:00:00","4","46.1666666","1.8666666","551.0","GUERET, FR","FM-12","99999","V020","230,1,N,0041,1","99999,9,9,N","999999,9,N,9","+0306,1","+0158,1","10129,1","06,0000,9,1",,,"4,000",,,,,,,,,,,,,,"99999,9,09529,1","8,1,007,1,+999,9",,"4,99,0118,1","SYN011333   91123",
"07360099999","1990-08-12T15:00:00","4","46.1666666","1.8666666","551.0","GUERET, FR","FM-12","99999","V020","230,1,N,0062,1","99999,9,9,N","999999,9,N,9","+0268,1","+0158,1","10136,1","06,0000,9,1",,,"4,000",,,,,,,,,,,,,,"99999,9,09528,1","8,1,001,1,+999,9",,"4,99,0129,1","SYN011333   91125",
"07360099999","1990-08-12T18:00:00","4","46.1666666","1.8666666","551.0","GUERET, FR","FM-12","99999","V020","170,1,N,0010,1","99999,9,9,N","999999,9,N,9","+0264,1","+0161,1","10122,1","06,0000,9,1",,,"4,000",,,,,,,,,,,,"999,M,+0311,1",,"99999,9,09514,1","6,1,014,1,+999,9",,"4,99,0129,1","SYN017333   10311 91125",
"07360099999","1990-08-12T21:00:00","4","46.1666666","1.8666666","551.0","GUERET, FR","FM-12","99999","V020","100,1,N,0021,1","99999,9,9,N","999999,9,N,9","+0242,1","+0162,1","10143,1","06,0000,9,1",,,"4,000",,,,,,,,,,,,,,"99999,9,09529,1","1,1,015,1,+999,9",,"4,99,0041,1","SYN011333   91108",
"07360099999","1990-08-13T00:00:00","4","46.1666666","1.8666666","551.0","GUERET, FR","FM-12","99999","V020","190,1,N,0062,1","99999,9,9,N","999999,9,N,9","+0232,1","+0155,1","10143,1","06,0000,9,1",,,"4,000",,,,,,,,,,,,,,"99999,9,09527,1","8,1,002,1,+999,9",,"4,99,0098,1","SYN011333   91119",
"07360099999","1990-08-13T03:00:00","4","46.1666666","1.8666666","551.0","GUERET, FR","FM-12","99999","V020","200,1,N,0062,1","99999,9,9,N","999999,9,N,9","+0216,1","+0157,1","10140,1","06,0000,9,1",,,"4,000",,,,,,,,,,,,,,"99999,9,09522,1","6,1,005,1,+999,9",,"4,99,0139,1","SYN011333   91127",
"07360099999","1990-08-13T06:00:00","4","46.1666666","1.8666666","551.0","GUERET, FR","FM-12","99999","V020","210,1,N,0062,1","99999,9,9,N","999999,9,N,9","+0205,1","+0169,1","10144,1","06,0000,9,1",,,"4,000",,,,,,,,,"0396,9",,"999,+0200,9","999,N,+0205,1",,"99999,9,09523,1","3,1,001,1,+999,9",,"4,99,0149,1","SYN029333   20205 3/020 55066 91129",
"07360099999","1990-08-13T12:00:00","4","46.1666666","1.8666666","551.0","GUERET, FR","FM-12","99999","V020","200,1,N,0021,1","00990,1,C,N","006000,1,N,9","+0230,1","+0192,1","10150,1","06,0000,9,1",,,"4,001",,,"9,1,06,1","8,1,06,1","02,1,+00780,9,09,9","05,1,+00990,9,05,9","07,1,+03000,9,03,9","08,99,1,05,1,09,1,00800,1,08,1,99,9",,,,,,"99999,9,09534,1","6,1,005,1,+999,9","02,1","4,99,0149,1","SYN029333   82926 85633 87360 91129",
"07360099999","1990-08-13T15:00:00","4","46.1666666","1.8666666","551.0","GUERET, FR","FM-12","99999","V020","230,1,N,0041,1","03300,1,C,N","010000,1,N,9","+0240,1","+0184,1","10146,1","06,0000,9,1",,,"4,000",,,"8,1,03,1","2,1,03,1","02,1,+00990,9,09,9","05,1,+03300,9,03,9","03,1,+07500,9,00,9","08,99,1,05,1,09,1,01250,1,08,1,01,1",,,,,,"99999,9,09532,1","5,1,002,1,+999,9","03,1","4,99,0118,1","SYN029333   82933 85361 83075 91123",
"07360099999","1990-08-13T18:00:00","4","46.1666666","1.8666666","551.0","GUERET, FR","FM-12","99999","V020","170,1,N,0021,1","99999,9,9,N","999999,9,N,9","+0233,1","+0171,1","10137,1","99,0003,9,1",,,"0,000",,,,,,,,,,,,"999,M,+0270,1",,"99999,9,09522,1","5,1,010,1,+999,9",,"4,99,0118,1","SYN017333   10270 91123",
"07360099999","1990-08-13T21:00:00","4","46.1666666","1.8666666","551.0","GUERET, FR","FM-12","99999","V020","210,1,N,0041,1","99999,9,9,N","999999,9,N,9","+0202,1","+0122,1","10142,1","03,0004,9,1","99,0005,9,1",,"0,000",,,,,,,,,,,,,,"99999,9,09519,1","5,1,003,1,+999,9",,"4,99,9999,9","SYN017333   69947 91178","Q01  04013WGOSPD"
"07360099999","1990-08-14T00:00:00","4","46.1666666","1.8666666","551.0","GUERET, FR","FM-12","99999","V020","220,1,N,0098,1","99999,9,9,N","999999,9,N,9","+0182,1","+0149,1","10152,1","06,0005,9,1",,,"0,000",,,,,,,,,,,,,,"99999,9,09525,1","0,1,006,1,+999,9",,"4,99,9999,9","SYN011333   91178","Q01  04013WGOSPD"
"07360099999","1990-08-14T03:00:00","4","46.1666666","1.8666666","551.0","GUERET, FR","FM-12","99999","V020","260,1,N,0041,1","99999,9,9,N","999999,9,N,9","+0162,1","+0142,1","10158,1","06,0000,9,1",,,"4,000",,,,,,,,,,,,,,"99999,9,09527,1","3,1,002,1,+999,9",,"4,99,0201,1","SYN011333   91139",
"07360099999","1990-08-14T06:00:00","4","46.1666666","1.8666666","551.0","GUERET, FR","FM-12","99999","V020","220,1,N,0041,1","00180,1,C,N","004000,1,N,9","+0155,1","+0152,1","10161,1","24,0006,9,1",,,"0,000",,,,,"05,1,+00180,9,07,9","06,1,+00780,9,05,9","07,1,+03000,9,03,9","08,99,1,07,1,05,1,00250,1,03,1,99,9","0150,9","01,9","999,+0150,9","999,N,+0150,1",,"99999,9,09528,1","3,1,001,1,+999,9","10,1","4,99,0201,1","SYN053333   20150 30015 55025 70006 85706 86626 87360 91139",
"07360099999","1990-08-14T09:00:00","4","46.1666666","1.8666666","551.0","GUERET, FR","FM-12","99999","V020","270,1,N,0021,1","00090,1,C,N","002500,1,N,9","+0149,1","+0149,1","10180,1","03,9999,2,9",,,"0,000",,,"5,1,03,1","2,1,03,1","07,1,+00090,9,07,9","05,1,+00780,9,05,9",,"08,99,1,08,1,07,1,00150,1,99,9,99,9",,,,,,"99999,9,09541,1","1,1,013,1,+999,9","50,1","4,99,0082,1","SYN029333   69907 87703 85626 91116",
"07360099999","1990-08-14T12:00:00","4","46.1666666","1.8666666","551.0","GUERET, FR","FM-12","99999","V020","230,1,N,0031,1","06900,1,C,N","006000,1,N,9","+0200,1","+0166,1","10164,1","03,9999,2,9","06,9999,2,9",,"0,000",,,"5,1,06,1","2,1,06,1","04,1,+00600,9,08,9","05,1,+06900,9,00,9",,"06,99,1,03,1,02,1,00800,1,00,1,01,1",,,,,,"99999,9,09541,1","0,1,000,1,+999,9","01,1","4,99,0082,1","SYN029333   69907 84820 85073 91116",
"07360099999","1990-08-14T15:00:00","4","46.1666666","1.8666666","551.0","GUERET, FR","FM-12","99999","V020","250,1,N,0031,1","22000,1,C,N","010000,1,N,9","+0215,1","+0156,1","10155,1","06,0000,9,1",,,"4,000",,,,,"04,1,+00900,9,08,9",,,"05,99,1,04,1,02,1,00800,1,00,1,01,1",,,,,,"99999,9,09535,1","6,1,006,1,+999,9",,"4,99,0088,1","SYN017333   84830 91117",
"07360099999","1990-08-14T18:00:00","4","46.1666666","1.8666666","551.0","GUERET, FR","FM-12","99999","V020","230,1,N,0041,1","99999,9,9,N","999999,9,N,9","+0202,1","+0148,1","10155,1","99,9999,2,9",,,"0,000",,,,,,,,,,,,"999,M,+0233,1",,"99999,9,09532,1","7,1,003,1,+999,9",,"4,99,0088,1","SYN017333   10233 91117",
"07360099999","1990-08-14T21:00:00","4","46.1666666","1.8666666","551.0","GUERET, FR","FM-12","99999","V020","270,1,N,0051,1","99999,9,9,N","999999,9,N,9","+0181,1","+0136,1","10176,1","06,0000,9,1",,,"4,000",,,,,,,,,,,,,,"99999,9,09547,1","3,1,015,1,+999,9",,"4,99,0088,1","SYN011333   91117",
"07360099999","1990-08-15T00:00:00","4","46.1666666","1.8666666","551.0","GUERET, FR","FM-12","99999","V020","250,1,N,0041,1","99999,9,9,N","999999,9,N,9","+0147,1","+0134,1","10188,1","06,0000,9,1",,,"4,000",,,,,,,,,,,,,,"99999,9,09551,1","0,1,004,1,+999,9",,"4,99,0088,1","SYN011333   91117",
"07360099999","1990-08-15T03:00:00","4","46.1666666","1.8666666","551.0","GUERET, FR","FM-12","99999","V020","250,1,N,0051,1","99999,9,9,N","999999,9,N,9","+0142,1","+0142,1","10185,1","06,0000,9,1",,,"4,000",,,,,,,,,,,,,,"99999,9,09547,1","5,1,004,1,+999,9",,"4,99,0108,1","SYN011333   91121",
"07360099999","1990-08-15T06:00:00","4","46.1666666","1.8666666","551.0","GUERET, FR","FM-12","99999","V020","230,1,N,0031,1","03000,1,C,N","015000,1,N,9","+0141,1","+0141,1","10189,1","06,0000,9,1","24,9999,2,9",,"4,000",,,,,"02,1,+00090,9,07,9","04,1,+00600,9,05,9","06,1,+03000,9,03,9","07,99,1,04,1,05,1,00150,1,03,1,99,9","0138,9","01,9","999,+0130,9","999,N,+0138,1",,"99999,9,09551,1","3,1,004,1,+999,9",,"4,99,0108,1","SYN053333   20138 30013 55023 79999 82703 84620 86360 91121",
"07360099999","1990-08-15T09:00:00","4","46.1666666","1.8666666","551.0","GUERET, FR","FM-12","99999","V020","240,1,N,0051,1","03000,1,C,N","020000,1,N,9","+0173,1","+0144,1","10188,1","06,0000,9,1",,,"4,000",,,,,"03,1,+00300,9,08,9","07,1,+03000,9,03,9",,"07,99,1,03,1,02,1,00450,1,03,1,99,9",,,,,,"99999,9,09557,1","1,1,006,1,+999,9",,"4,99,0108,1","SYN023333   83810 87360 91121",
"07360099999","1990-08-15T12:00:00","4","46.1666666","1.8666666","551.0","GUERET, FR","FM-12","99999","V020","220,1,N,0041,1","03000,1,C,N","030000,1,N,9","+0215,1","+0158,1","10175,1","06,0000,9,1",,,"4,000",,,,,"02,1,+00480,9,08,9","05,1,+03000,9,03,9",,"06,99,1,02,1,02,1,00450,1,04,1,00,1",,,,,,"99999,9,09554,1","8,1,003,1,+999,9",,"4,99,0108,1","SYN023333   82816 85360 91121",
"07360099999","1990-08-15T15:00:00","4","46.1666666","1.8666666","551.0","GUERET, FR","FM-12","99999","V020","240,1,N,0062,1","99999,9,9,N","999999,9,N,9","+0217,1","+0148,1","10165,1","06,0000,9,1",,,"4,000",,,,,,,,,,,,,,"99999,9,09545,1","6,1,009,1,+999,9",,"4,99,0139,1","SYN011333   91127",
"07360099999","1990-08-15T18:00:00","4","46.1666666","1.8666666","551.0","GUERET, FR","FM-12","99999","V020","230,1,N,0051,1","99999,9,9,N","999999,9,N,9","+0192,1","+0155,1","10171,1","06,0000,9,1",,,"4,000",,,,,,,,,,,,"999,M,+0238,1",,"99999,9,09545,1","5,1,000,1,+999,9",,"4,99,0139,1","SYN017333   10238 91127",
"07360099999","1990-08-15T21:00:00","4","46.1666666","1.8666666","551.0","GUERET, FR","FM-12","99999","V020","250,1,N,0041,1","99999,9,9,N","999999,9,N,9","+0181,1","+0159,1","10178,1","06,0000,9,1",,,"4,000",,,,,,,,,,,,,,"99999,9,09550,1","2,1,005,1,+999,9",,"4,99,0098,1","SYN011333   91119",
"07360099999","1990-08-16T00:00:00","4","46.1666666","1.8666666","551.0","GUERET, FR","FM-12","99999","V020","230,1,N,0051,1","99999,9,9,N","999999,9,N,9","+0168,1","+0163,1","10175,1","06,0000,9,1",,,"4,000",,,,,,,,,,,,,,"99999,9,09545,1","8,1,005,1,+999,9",,"4,99,0118,1","SYN011333   91123",
"07360099999","1990-08-16T03:00:00","4","46.1666666","1.8666666","551.0","GUERET, FR","FM-12","99999","V020","230,1,N,0072,1","99999,9,9,N","999999,9,N,9","+0162,1","+9999,9","10171,1","06,0000,9,1",,,"4,000",,,,,,,,,,,,,,"99999,9,09535,1","7,1,010,1,+999,9",,"4,99,0139,1","SYN011333   91127",
"07360099999","1990-08-16T06:00:00","4","46.1666666","1.8666666","551.0","GUERET, FR","FM-12","99999","V020","220,1,N,0062,1","00180,1,C,N","007000,1,N,9","+0157,1","+9999,9","10171,1","03,0004,9,1","24,0004,9,1","99,0005,9,1","0,000",,,"6,1,06,1","5,1,06,1","07,1,+00180,9,07,9",,,"08,99,1,07,1,07,1,00150,1,99,9,99,9","0240,9","11,9","999,+0150,9","999,N,+0157,1",,"99999,9,09534,1","5,1,001,1,+999,9","51,1","4,99,0170,1","SYN047333   20157 32015 55040 69947 70004 87706 91133",
"07360099999","1990-08-16T09:00:00","4","46.1666666","1.8666666","551.0","GUERET, FR","FM-12","99999","V020","230,1,N,0041,1","00990,1,C,N","008000,1,N,9","+0162,1","+0162,1","10183,1","03,0080,9,1",,,"0,000",,,"6,1,03,1","5,1,03,1","04,1,+00210,9,07,9","06,1,+00990,9,05,9",,"08,99,1,08,1,05,1,00250,1,99,9,99,9",,,,,,"99999,9,09546,1","1,1,012,1,+999,9","21,1","4,99,0129,1","SYN029333   60087 84707 86633 91125",
"07360099999","1990-08-16T12:00:00","4","46.1666666","1.8666666","551.0","GUERET, FR","FM-12","99999","V020","260,1,N,0072,1","01200,1,C,N","020000,1,N,9","+0177,1","+0171,1","10181,1","03,0004,9,1","06,0005,9,1",,"0,000",,,"6,1,06,1","5,1,06,1","03,1,+00390,9,08,9","05,1,+01200,9,05,9",,"07,99,1,07,1,08,1,00450,1,99,9,99,9",,,,,,"99999,9,09552,1","1,1,006,1,+999,9","01,1","4,99,0129,1","SYN029333   69947 83813 85640 91125",
"07360099999","1990-08-16T15:00:00","4","46.1666666","1.8666666","551.0","GUERET, FR","FM-12","99999","V020","260,1,N,0072,1","22000,1,C,N","030000,1,N,9","+0203,1","+0133,1","10171,1","06,0000,9,1",,,"4,000",,,,,"04,1,+00630,9,08,9",,,"04,99,1,04,1,02,1,00800,1,00,1,00,1",,,,,,"99999,9,09547,1","6,1,005,1,+999,9",,"4,99,0160,1","SYN017333   84821 91131",
"07360099999","1990-08-16T18:00:00","4","46.1666666","1.8666666","551.0","GUERET, FR","FM-12","99999","V020","260,1,N,0062,1","99999,9,9,N","999999,9,N,9","+0183,1","+0104,1","99999,9",,,,"2,000",,,,,,,,,,,,,,"99999,9,10000,2",,,,"SYN003333","Q01+100003APOSP "
"07360099999","1990-08-16T21:00:00","4","46.1666666","1.8666666","551.0","GUERET, FR","FM-12","99999","V020","260,1,N,0072,1","99999,9,9,N","999999,9,N,9","+0139,1","+0089,1","99999,9","06,0000,9,1",,,"4,000",,,,,,,,,,,,,,"99999,9,10000,1",,,"4,99,0160,1","SYN011333   91131",
"07360099999","1990-08-17T00:00:00","4","46.1666666","1.8666666","551.0","GUERET, FR","FM-12","99999","V020","250,1,N,0062,1","99999,9,9,N","999999,9,N,9","+0112,1","+0095,1","99999,9","06,0000,9,1",,,"4,000",,,,,,,,,,,,,,"99999,9,10000,1",,,"4,99,0160,1","SYN011333   91131",
"07360099999","1990-08-17T03:00:00","4","46.1666666","1.8666666","551.0","GUERET, FR","FM-12","99999","V020","250,1,N,0041,1","99999,9,9,N","999999,9,N,9","+0096,1","+0096,1","99999,9","06,0000,9,1",,,"4,000",,,,,,,,,,,,,,"99999,9,10000,1",,,"4,99,0129,1","SYN011333   91125",
"07360099999","1990-08-17T06:00:00","4","46.1666666","1.8666666","551.0","GUERET, FR","FM-12","99999","V020","270,1,N,0031,1","22000,1,C,N","010000,1,N,9","+0099,1","+0099,1","10237,1","06,0000,9,1",,,"4,000",,,,,"03,1,+00330,9,05,9",,,"03,99,1,03,1,05,1,00450,1,00,1,00,1",,"01,9","999,+0080,9","999,N,+0091,1",,"99999,9,09603,2",,,"4,99,0129,1","SYN035333   20091 30008 55/// 83611 91125","Q01+096033APOSP "
"07360099999","1990-08-17T09:00:00","4","46.1666666","1.8666666","551.0","GUERET, FR","FM-12","99999","V020","260,1,N,0010,1","22000,1,C,N","020000,1,N,9","+0142,1","+0094,1","10259,1","06,0000,9,1",,,"4,000",,,,,"03,1,+00480,9,08,9",,,"03,99,1,03,1,02,1,00450,1,00,1,02,1",,,,,,"99999,9,09616,1",,,"4,99,0072,1","SYN017333   83816 91114",
"07360099999","1990-08-17T12:00:00","4","46.1666666","1.8666666","551.0","GUERET, FR","FM-12","99999","V020","270,1,N,0041,1","22000,1,C,N","075000,1,N,9","+0176,1","+0085,1","10247,1","06,0000,9,1",,,"4,000",,,,,"03,1,+00690,9,08,9",,,"03,99,1,03,1,02,1,00800,1,00,1,00,1",,,,,,"99999,9,09612,1","8,1,004,1,+999,9",,"4,99,0088,1","SYN017333   83823 91117",
"07360099999","1990-08-17T15:00:00","4","46.1666666","1.8666666","551.0","GUERET, FR","FM-12","99999","V020","280,1,N,0041,1","22000,1,C,N","075000,1,N,9","+0180,1","+0071,1","10242,1","06,0000,9,1",,,"4,000",,,,,"03,1,+00900,9,08,9",,,"04,99,1,03,1,02,1,00800,1,00,1,01,1",,,,,,"99999,9,09608,1","8,1,004,1,+999,9",,"4,99,0098,1","SYN017333   83830 91119",
"07360099999","1990-08-17T21:00:00","4","46.1666666","1.8666666","551.0","GUERET, FR","FM-12","99999","V020","240,1,N,0021,1","99999,9,9,N","999999,9,N,9","+0142,1","+0061,1","10254,1","06,0000,9,1",,,"4,000",,,,,,,,,,,,,,"99999,9,09611,1","1,1,005,1,+999,9",,"4,99,0031,1","SYN011333   91106",
"07360099999","1990-08-18T00:00:00","4","46.1666666","1.8666666","551.0","GUERET, FR","FM-12","99999","V020","260,1,N,0031,1","99999,9,9,N","999999,9,N,9","+0124,1","+0071,1","10253,1","06,0000,9,1",,,"4,000",,,,,,,,,,,,,,"99999,9,09606,1","8,1,005,1,+999,9",,"4,99,0072,1","SYN011333   91114",
"07360099999","1990-08-18T03:00:00","4","46.1666666","1.8666666","551.0","GUERET, FR","FM-12","99999","V020","280,1,N,0031,1","99999,9,9,N","999999,9,N,9","+0109,1","+0076,1","10249,1","06,0000,9,1",,,"4,000",,,,,,,,,,,,,,"99999,9,09599,1","7,1,007,1,+999,9",,"4,99,0062,1","SYN011333   91112",
"07360099999","1990-08-18T06:00:00","4","46.1666666","1.8666666","551.0","GUERET, FR","FM-12","99999","V020","270,1,N,0021,1","22000,1,C,N","020000,1,N,9","+0108,1","+0084,1","10249,1","06,0000,9,1",,,"4,000",,,,,,,,"00,99,1,00,1,00,1,99999,9,00,1,00,1","0534,9","01,9","999,+0090,9","999,N,+0100,1",,"99999,9,09599,1","5,1,000,1,+999,9",,"4,99,0062,1","SYN029333   20100 30009 55089 91112",
"07360099999","1990-08-18T09:00:00","4","46.1666666","1.8666666","551.0","GUERET, FR","FM-12","99999","V020","270,1,N,0021,1","22000,1,C,N","040000,1,N,9","+0160,1","+0092,1","10244,1","06,0000,9,1",,,"4,000",,,,,"01,1,+00480,9,08,9",,,"01,99,1,01,1,01,1,00450,1,00,1,00,1",,,,,,"99999,9,09605,1","3,1,006,1,+999,9",,"4,99,0051,1","SYN017333   81816 91110",
"07360099999","1990-08-18T12:00:00","4","46.1666666","1.8666666","551.0","GUERET, FR","FM-12","99999","V020","280,1,N,0031,1","22000,1,C,N","060000,1,N,9","+0201,1","+0097,1","10229,1","06,0000,9,1",,,"4,000",,,,,,,,"00,99,1,00,1,00,1,99999,9,00,1,00,1",,,,,,"99999,9,09600,1","7,1,005,1,+999,9",,"4,99,0088,1","SYN011333   91117",
"07360099999","1990-08-18T15:00:00","4","46.1666666","1.8666666","551.0","GUERET, FR","FM-12","99999","V020","270,1,N,0031,1","99999,9,9,N","999999,9,N,9","+0225,1","+0125,1","10211,1","06,0000,9,1",,,"4,000",,,,,,,,,,,,,,"99999,9,09589,1","7,1,011,1,+999,9",,"4,99,0082,1","SYN011333   91116",
"07360099999","1990-08-18T18:00:00","4","46.1666666","1.8666666","551.0","GUERET, FR","FM-12","99999","V020","300,1,N,0021,1","99999,9,9,N","999999,9,N,9","+0209,1","+0131,1","10207,1","06,0000,9,1",,,"4,000",,,,,,,,,,,,"999,M,+0231,1",,"99999,9,09582,1","6,1,007,1,+999,9",,"4,99,0088,1","SYN017333   10231 91117",
"07360099999","1990-08-18T21:00:00","4","46.1666666","1.8666666","551.0","GUERET, FR","FM-12","99999","V020","290,1,N,0031,1","99999,9,9,N","999999,9,N,9","+0171,1","+0124,1","10223,1","06,0000,9,1",,,"4,000",,,,,,,,,,,,,,"99999,9,09589,1","0,1,007,1,+999,9",,"4,99,0062,1","SYN011333   91112",
"07360099999","1990-08-19T00:00:00","4","46.1666666","1.8666666","551.0","GUERET, FR","FM-12","99999","V020","270,1,N,0021,1","99999,9,9,N","999999,9,N,9","+0169,1","+0126,1","10215,1","06,0000,9,1",,,"4,000",,,,,,,,,,,,,,"99999,9,09582,1","8,1,007,1,+999,9",,"4,99,0062,1","SYN011333   91112",
"07360099999","1990-08-19T03:00:00","4","46.1666666","1.8666666","551.0","GUERET, FR","FM-12","99999","V020","020,1,N,0010,1","99999,9,9,N","999999,9,N,9","+0145,1","+0139,1","10214,1","06,0000,9,1",,,"4,000",,,,,,,,,,,,,,"99999,9,09575,1","8,1,007,1,+999,9",,"4,99,0041,1","SYN011333   91108",
"07360099999","1990-08-19T06:00:00","4","46.1666666","1.8666666","551.0","GUERET, FR","FM-12","99999","V020","120,1,N,0021,1","22000,1,C,N","020000,1,N,9","+0148,1","+0145,1","10206,1","06,0000,9,1",,,"4,000",,,,,"01,1,+03000,9,03,9",,,"02,99,1,01,1,00,1,99999,9,03,1,02,1","0738,9","01,9","999,+0110,9","999,N,+0140,1",,"99999,9,09569,1","6,1,006,1,+999,9",,"4,99,0041,1","SYN035333   20140 30011 55123 81360 91108",
"07360099999","1990-08-19T09:00:00","4","46.1666666","1.8666666","551.0","GUERET, FR","FM-12","99999","V020","110,1,N,0021,1","22000,1,C,N","040000,1,N,9","+0211,1","+0147,1","10194,1","06,0000,9,1",,,"4,000",,,,,"01,1,+07500,9,00,9",,,"01,99,1,00,1,00,1,99999,9,00,1,02,1",,,,,,"99999,9,09571,1","2,1,002,1,+999,9",,"4,99,0051,1","SYN017333   81075 91110",
"07360099999","1990-08-19T12:00:00","4","46.1666666","1.8666666","551.0","GUERET, FR","FM-12","99999","V020","020,1,N,0010,1","22000,1,C,N","060000,1,N,9","+0261,1","+0149,1","10171,1","06,0000,9,1",,,"4,000",,,,,,,,"00,99,1,00,1,00,1,99999,9,00,1,00,1",,,,,,"99999,9,09559,1","8,1,012,1,+999,9",,"4,99,0051,1","SYN011333   91110",
"07360099999","1990-08-19T15:00:00","4","46.1666666","1.8666666","551.0","GUERET, FR","FM-12","99999","V020","240,1,N,0041,1","99999,9,9,N","999999,9,N,9","+0279,1","+0119,1","10156,1","06,0000,9,1",,,"4,000",,,,,,,,,,,,,,"99999,9,09548,1","8,1,011,1,+999,9",,"4,99,0072,1","SYN011333   91114",
"07360099999","1990-08-19T18:00:00","4","46.1666666","1.8666666","551.0","GUERET, FR","FM-12","99999","V020","220,1,N,0021,1","99999,9,9,N","999999,9,N,9","+0262,1","+0119,1","10149,1","06,0000,9,1",,,"4,000",,,,,,,,,,,,"999,M,+0288,1",,"99999,9,09538,1","6,1,010,1,+999,9",,"4,99,0082,1","SYN017333   10288 91116",
"07360099999","1990-08-19T21:00:00","4","46.1666666","1.8666666","551.0","GUERET, FR","FM-12","99999","V020","290,1,N,0031,1","99999,9,9,N","999999,9,N,9","+0205,1","+0127,1","10170,1","06,0000,9,1",,,"4,000",,,,,,,,,,,,,,"99999,9,09547,1","3,1,009,1,+999,9",,"4,99,0051,1","SYN011333   91110",
"07360099999","1990-08-20T00:00:00","4","46.1666666","1.8666666","551.0","GUERET, FR","FM-12","99999","V020","230,1,N,0031,1","99999,9,9,N","999999,9,N,9","+0208,1","+0120,1","10167,1","06,0000,9,1",,,"4,000",,,,,,,,,,,,,,"99999,9,09544,1","7,1,003,1,+999,9",,"4,99,0051,1","SYN011333   91110",
"07360099999","1990-08-20T03:00:00","4","46.1666666","1.8666666","551.0","GUERET, FR","FM-12","99999","V020","230,1,N,0021,1","99999,9,9,N","999999,9,N,9","+0183,1","+0125,1","10167,1","06,0000,9,1",,,"4,000",,,,,,,,,,,,,,"99999,9,09539,1","8,1,005,1,+999,9",,"4,99,0051,1","SYN011333   91110",
"07360099999","1990-08-20T09:00:00","4","46.1666666","1.8666666","551.0","GUERET, FR","FM-12","99999","V020","340,1,N,0021,1","22000,1,C,N","050000,1,N,9","+0208,1","+0160,1","10192,1",,,,"2,000",,,,,"01,1,+06900,9,00,9",,,"01,99,1,00,1,00,1,99999,9,00,1,01,1",,,,,,"99999,9,09568,1",,,,"SYN011333   81073","Q01+999990APOSP "
"07360099999","1990-08-20T12:00:00","4","46.1666666","1.8666666","551.0","GUERET, FR","FM-12","99999","V020","300,1,N,0021,1","22000,1,C,N","075000,1,N,9","+0256,1","+0144,1","10178,1",,,,"2,000",,,,,"01,1,+06900,9,00,9",,,"01,99,1,00,1,00,1,99999,9,00,1,01,1",,,,,,"99999,9,09565,1","7,1,004,1,+999,9",,,"SYN011333   81073",
"07360099999","1990-08-20T15:00:00","4","46.1666666","1.8666666","551.0","GUERET, FR","FM-12","99999","V020","310,1,N,0031,1","22000,1,C,N","075000,1,N,9","+0266,1","+0162,1","10174,1","06,0000,9,1",,,"4,000",,,,,"01,1,+01200,9,08,9",,,"01,99,1,01,1,01,1,01250,1,00,1,00,1",,,,,,"99999,9,09563,1","7,1,002,1,+999,9",,"4,99,0088,1","SYN017333   81840 91117",
"07360099999","1990-08-20T18:00:00","4","46.1666666","1.8666666","551.0","GUERET, FR","FM-12","99999","V020","300,1,N,0041,1","99999,9,9,N","999999,9,N,9","+0236,1","+0143,1","10184,1",,,,"2,000",,,,,,,,,,,,,,"99999,9,09566,1","3,1,003,1,+999,9",,"4,99,0088,1","SYN011333   91117",
"07360099999","1990-08-20T21:00:00","4","46.1666666","1.8666666","551.0","GUERET, FR","FM-12","99999","V020","300,1,N,0041,1","99999,9,9,N","999999,9,N,9","+0186,1","+0124,1","10209,1","06,0000,9,1",,,"4,000",,,,,,,,,,,,,,"99999,9,09579,1","1,1,013,1,+999,9",,"4,99,0072,1","SYN011333   91114",
"07360099999","1990-08-21T09:00:00","4","46.1666666","1.8666666","551.0","GUERET, FR","FM-12","99999","V020","050,1,N,0010,1","22000,1,C,N","060000,1,N,9","+0172,1","+0112,1","10243,1","06,0000,9,1",,,"4,000",,,,,"01,1,+07500,9,00,9",,,"01,99,1,00,1,00,1,99999,9,00,1,01,1",,,,,,"99999,9,09608,1","1,1,009,1,+999,9",,"4,99,0041,1","SYN017333   81075 91108",
"07360099999","1990-08-21T12:00:00","4","46.1666666","1.8666666","551.0","GUERET, FR","FM-12","99999","V020","030,1,N,0021,1","22000,1,C,N","075000,1,N,9","+0212,1","+0118,1","10234,1","06,0000,9,1",,,"4,000",,,,,"01,1,+01200,9,08,9",,,"01,99,1,01,1,01,1,01250,1,00,1,01,1",,,,,,"99999,9,09608,1","0,1,000,1,+999,9",,"4,99,0072,1","SYN017333   81840 91114",
"07360099999","1990-08-21T15:00:00","4","46.1666666","1.8666666","551.0","GUERET, FR","FM-12","99999","V020","020,1,N,0021,1","22000,1,C,N","060000,1,N,9","+0231,1","+0118,1","10222,1","06,0000,9,1",,,"4,000",,,,,"01,1,+01200,9,08,9",,,"01,99,1,01,1,01,1,01250,1,00,1,01,1",,,,,,"99999,9,09600,1","8,1,008,1,+999,9",,"4,99,0082,1","SYN017333   81840 91116",
"07360099999","1990-08-21T18:00:00","4","46.1666666","1.8666666","551.0","GUERET, FR","FM-12","99999","V020","020,1,N,0031,1","99999,9,9,N","999999,9,N,9","+0199,1","+0111,1","10228,1","06,0000,9,1",,,"4,000",,,,,,,,,,,,"999,M,+0234,1",,"99999,9,09599,1","6,1,001,1,+999,9",,"4,99,0082,1","SYN017333   10234 91116",
"07360099999","1990-08-21T21:00:00","4","46.1666666","1.8666666","551.0","GUERET, FR","FM-12","99999","V020","030,1,N,0021,1","99999,9,9,N","999999,9,N,9","+0159,1","+0111,1","10247,1","06,0000,9,1",,,"4,000",,,,,,,,,,,,,,"99999,9,09608,1","3,1,009,1,+999,9",,"4,99,0072,1","SYN011333   91114",
"07360099999","1990-08-22T00:00:00","4","46.1666666","1.8666666","551.0","GUERET, FR","FM-12","99999","V020","040,1,N,0021,1","99999,9,9,N","999999,9,N,9","+0136,1","+0108,1","10246,1","06,0000,9,1",,,"4,000",,,,,,,,,,,,,,"99999,9,09603,1","8,1,005,1,+999,9",,"4,99,0072,1","SYN011333   91114",
"07360099999","1990-08-22T03:00:00","4","46.1666666","1.8666666","551.0","GUERET, FR","FM-12","99999","V020","060,1,N,0021,1","99999,9,9,N","999999,9,N,9","+0125,1","+0093,1","10247,1","06,0000,9,1",,,"4,000",,,,,,,,,,,,,,"99999,9,09601,1","8,1,002,1,+999,9",,"4,99,0062,1","SYN011333   91112",
"07360099999","1990-08-22T06:00:00","4","46.1666666","1.8666666","551.0","GUERET, FR","FM-12","99999","V020","070,1,N,0021,1","22000,1,C,N","012000,1,N,9","+0124,1","+0085,1","10249,1","06,0000,9,1",,,"4,000",,,,,"03,1,+07800,9,00,9",,,"03,99,1,00,1,00,1,99999,9,00,1,01,1","0738,9","01,9","999,+0090,9","999,N,+0111,1",,"99999,9,09603,1","3,1,002,1,+999,9",,"4,99,0062,1","SYN035333   20111 30009 55123 83076 91112",
"07360099999","1990-08-22T09:00:00","4","46.1666666","1.8666666","551.0","GUERET, FR","FM-12","99999","V020","070,1,N,0041,1","22000,1,C,N","015000,1,N,9","+0185,1","+0101,1","10243,1","06,0000,9,1",,,"4,000",,,,,"01,1,+07800,9,00,9",,,"01,99,1,00,1,00,1,99999,9,00,1,01,1",,,,,,"99999,9,09610,1","1,1,007,1,+999,9",,"4,99,0088,1","SYN017333   81076 91117",
"07360099999","1990-08-22T12:00:00","4","46.1666666","1.8666666","551.0","GUERET, FR","FM-12","99999","V020","050,1,N,0031,1","22000,1,C,N","030000,1,N,9","+0225,1","+0071,1","10231,1","06,0000,9,1",,,"4,000",,,,,"01,1,+07800,9,00,9",,,"01,99,1,00,1,00,1,99999,9,00,1,01,1",,,,,,"99999,9,09607,1","8,1,003,1,+999,9",,"4,99,0108,1","SYN017333   81076 91121",
"07360099999","1990-08-22T15:00:00","4","46.1666666","1.8666666","551.0","GUERET, FR","FM-12","99999","V020","040,1,N,0051,1","22000,1,C,N","050000,1,N,9","+0238,1","+0052,1","10220,1","06,0000,9,1",,,"4,000",,,,,"01,1,+07800,9,00,9",,,"01,99,1,00,1,00,1,99999,9,00,1,01,1",,,,,,"99999,9,09599,1","8,1,008,1,+999,9",,"4,99,0108,1","SYN017333   81076 91121",
"07360099999","1990-08-22T18:00:00","4","46.1666666","1.8666666","551.0","GUERET, FR","FM-12","99999","V020","040,1,N,0041,1","99999,9,9,N","999999,9,N,9","+0212,1","+0034,1","10216,1","06,0000,9,1",,,"4,000",,,,,,,,,,,,"999,M,+0243,1",,"99999,9,09590,1","6,1,009,1,+999,9",,"4,99,0108,1","SYN017333   10243 91121",
"07360099999","1990-08-22T21:00:00","4","46.1666666","1.8666666","551.0","GUERET, FR","FM-12","99999","V020","060,1,N,0031,1","99999,9,9,N","999999,9,N,9","+0175,1","+0030,1","10233,1","06,0000,9,1",,,"4,000",,,,,,,,,,,,,,"99999,9,09598,1","1,1,008,1,+999,9",,"4,99,0082,1","SYN011333   91116",
"07360099999","1990-08-23T00:00:00","4","46.1666666","1.8666666","551.0","GUERET, FR","FM-12","99999","V020","060,1,N,0031,1","99999,9,9,N","999999,9,N,9","+0153,1","+0097,1","10239,1","06,0000,9,1",,,"4,000",,,,,,,,,,,,,,"99999,9,09600,1","3,1,002,1,+999,9",,"4,99,0082,1","SYN011333   91116",
"07360099999","1990-08-23T03:00:00","4","46.1666666","1.8666666","551.0","GUERET, FR","FM-12","99999","V020","090,1,N,0041,1","99999,9,9,N","999999,9,N,9","+0132,1","+0074,1","10235,1","06,0000,9,1",,,"4,000",,,,,,,,,,,,,,"99999,9,09591,1","6,1,009,1,+999,9",,"4,99,0088,1","SYN011333   91117",
"07360099999","1990-08-23T06:00:00","4","46.1666666","1.8666666","551.0","GUERET, FR","FM-12","99999","V020","090,1,N,0051,1","22000,1,C,N","018000,1,N,9","+0121,1","+0066,1","10233,1","06,0000,9,1",,,"4,000",,,,,"01,1,+07800,9,00,9",,,"01,99,1,00,1,00,1,99999,9,00,1,01,1","0744,9","01,9","999,+0110,9","999,N,+0120,1",,"99999,9,09586,1","6,1,005,1,+999,9",,"4,99,0098,1","SYN035333   20120 30011 55124 81076 91119",
"07360099999","1990-08-23T21:00:00","4","46.1666666","1.8666666","551.0","GUERET, FR","FM-12","99999","V020","100,1,N,0041,1","99999,9,9,N","999999,9,N,9","+0221,1","+0106,1","10179,1","06,0000,9,1",,,"4,000",,,,,,,,,,,,,,"99999,9,09558,1","0,1,002,1,+999,9",,"4,99,0082,1","SYN011333   91116",
"07360099999","1990-08-24T00:00:00","4","46.1666666","1.8666666","551.0","GUERET, FR","FM-12","99999","V020","200,1,N,0051,1","99999,9,9,N","999999,9,N,9","+0217,1","+0099,1","10179,1","06,0000,9,1",,,"4,000",,,,,,,,,,,,,,"99999,9,09557,1","5,1,001,1,+999,9",,"4,99,0088,1","SYN011333   91117",
"07360099999","1990-08-24T03:00:00","4","46.1666666","1.8666666","551.0","GUERET, FR","FM-12","99999","V020","200,1,N,0051,1","99999,9,9,N","999999,9,N,9","+0211,1","+0094,1","10173,1","06,0000,9,1",,,"4,000",,,,,,,,,,,,,,"99999,9,09550,1","6,1,007,1,+999,9",,"4,99,0129,1","SYN011333   91125",
"07360099999","1990-08-24T06:00:00","4","46.1666666","1.8666666","551.0","GUERET, FR","FM-12","99999","V020","230,1,N,0082,1","22000,1,C,N","010000,1,N,9","+0200,1","+0093,1","10187,1","06,0000,9,1",,,"4,000",,,,,"01,1,+01200,9,08,9","03,1,+07800,9,00,9",,"03,99,1,01,1,01,1,01250,1,00,1,01,1","0744,9","01,9","999,+0180,9","999,N,+0200,1",,"99999,9,09560,1","3,1,010,1,+999,9",,"4,99,0149,1","SYN041333   20200 30018 55124 81840 83076 91129",
"07360099999","1990-08-24T09:00:00","4","46.1666666","1.8666666","551.0","GUERET, FR","FM-12","99999","V020","220,1,N,0031,1","03000,1,C,N","015000,1,N,9","+0252,1","+0131,1","10180,1","06,0000,9,1",,,"4,000",,,,,"02,1,+00690,9,09,9","07,1,+03000,9,03,9","07,1,+07800,9,00,9","08,99,1,02,1,09,1,00800,1,08,1,02,1",,,,,,"99999,9,09566,1","3,1,006,1,+999,9",,"4,99,0149,1","SYN029333   82923 87360 87076 91129",
"07360099999","1990-08-24T12:00:00","4","46.1666666","1.8666666","551.0","GUERET, FR","FM-12","99999","V020","160,1,N,0041,1","03000,1,C,N","015000,1,N,9","+0213,1","+0163,1","10184,1","03,0002,9,1","06,0003,9,1",,"0,001",,,"9,1,06,1","2,1,06,1","02,1,+00600,9,09,9","05,1,+03000,9,03,9",,"06,99,1,02,1,09,1,00800,1,08,1,00,1",,,,,,"99999,9,09562,1","6,1,004,1,+999,9","29,1","4,99,0149,1","SYN029333   69927 82920 85360 91129",
"07360099999","1990-08-24T15:00:00","4","46.1666666","1.8666666","551.0","GUERET, FR","FM-12","99999","V020","240,1,N,0041,1","22000,1,C,N","020000,1,N,9","+0291,1","+0156,1","10159,1","06,0000,9,1",,,"4,000",,,,,"01,1,+08400,9,00,9",,,"01,99,1,00,1,00,1,99999,9,00,1,01,1",,,,,,"99999,9,09554,1","8,1,008,1,+999,9",,"4,99,0082,1","SYN017333   81078 91116",
"07360099999","1990-08-24T18:00:00","4","46.1666666","1.8666666","551.0","GUERET, FR","FM-12","99999","V020","230,1,N,0041,1","99999,9,9,N","999999,9,N,9","+0258,1","+0155,1","10163,1","99,0003,9,1",,,"0,000",,,,,,,,,,,,"999,M,+0298,1",,"99999,9,09551,1","5,1,003,1,+999,9",,"4,99,0088,1","SYN017333   10298 91117",
"07360099999","1990-08-24T21:00:00","4","46.1666666","1.8666666","551.0","GUERET, FR","FM-12","99999","V020","230,1,N,0082,1","99999,9,9,N","999999,9,N,9","+0214,1","+0170,1","10180,1","06,0000,9,1",,,"4,000",,,,,,,,,,,,,,"99999,9,09559,1","1,1,008,1,+999,9",,"4,99,0160,1","SYN011333   91131",
"07360099999","1990-08-25T00:00:00","4","46.1666666","1.8666666","551.0","GUERET, FR","FM-12","99999","V020","220,1,N,0051,1","99999,9,9,N","999999,9,N,9","+0187,1","+0146,1","10193,1","06,0000,9,1",,,"4,000",,,,,,,,,,,,,,"99999,9,09565,1","0,1,006,1,+999,9",,"4,99,0160,1","SYN011333   91131",
"07360099999","1990-08-25T03:00:00","4","46.1666666","1.8666666","551.0","GUERET, FR","FM-12","99999","V020","230,1,N,0051,1","99999,9,9,N","999999,9,N,9","+0169,1","+0167,1","10195,1","06,0000,9,1",,,"4,000",,,,,,,,,,,,,,"99999,9,09563,1","6,1,002,1,+999,9",,"4,99,0129,1","SYN011333   91125",
"07360099999","1990-08-25T06:00:00","4","46.1666666","1.8666666","551.0","GUERET, FR","FM-12","99999","V020","230,1,N,0031,1","00780,1,C,N","007000,1,N,9","+0159,1","+0159,1","10198,1","06,0000,9,1","24,0002,9,1",,"4,000",,,,,"02,1,+00300,9,07,9","05,1,+00780,9,05,9",,"06,99,1,06,1,05,1,00450,1,00,1,00,1","0450,9","01,9","999,+0160,9","999,N,+0158,1",,"99999,9,09564,1","3,1,001,1,+999,9",,"4,99,0129,1","SYN047333   20158 30016 55075 70002 82710 85626 91125",
"07360099999","1990-08-25T09:00:00","4","46.1666666","1.8666666","551.0","GUERET, FR","FM-12","99999","V020","220,1,N,0041,1","00480,1,C,N","008000,1,N,9","+0188,1","+0159,1","10201,1","06,0000,9,1",,,"4,000",,,,,"05,1,+00480,9,08,9",,,"05,99,1,05,1,02,1,00450,1,00,1,01,1",,,,,,"99999,9,09573,1","3,1,009,1,+999,9",,"4,99,0108,1","SYN017333   85816 91121",
"07360099999","1990-08-25T12:00:00","4","46.1666666","1.8666666","551.0","GUERET, FR","FM-12","99999","V020","240,1,N,0051,1","03000,1,C,N","010000,1,N,9","+0204,1","+0158,1","10200,1","06,0000,9,1",,,"4,000",,,,,"04,1,+00690,9,08,9","07,1,+03000,9,03,9",,"07,99,1,04,1,02,1,00800,1,03,1,99,9",,,,,,"99999,9,09575,1","2,1,002,1,+999,9",,"4,99,0108,1","SYN023333   84823 87360 91121",
"07360099999","1990-08-25T15:00:00","4","46.1666666","1.8666666","551.0","GUERET, FR","FM-12","99999","V020","230,1,N,0041,1","99999,9,9,N","999999,9,N,9","+0217,1","+0153,1","10186,1","06,0000,9,1",,,"4,000",,,,,,,,,,,,,,"99999,9,09565,1","6,1,010,1,+999,9",,"4,99,0098,1","SYN011333   91119",
"07360099999","1990-08-25T18:00:00","4","46.1666666","1.8666666","551.0","GUERET, FR","FM-12","99999","V020","240,1,N,0031,1","99999,9,9,N","999999,9,N,9","+0204,1","+0156,1","10185,1","06,0000,9,1",,,"4,000",,,,,,,,,,,,"999,M,+0224,1",,"99999,9,09561,1","6,1,004,1,+999,9",,"4,99,0098,1","SYN017333   10224 91119",
"07360099999","1990-08-25T21:00:00","4","46.1666666","1.8666666","551.0","GUERET, FR","FM-12","99999","V020","250,1,N,0031,1","99999,9,9,N","999999,9,N,9","+0187,1","+0152,1","10192,1","06,0000,9,1",,,"4,000",,,,,,,,,,,,,,"99999,9,09564,1","0,1,003,1,+999,9",,"4,99,0062,1","SYN011333   91112",
"07360099999","1990-08-26T00:00:00","4","46.1666666","1.8666666","551.0","GUERET, FR","FM-12","99999","V020","250,1,N,0041,1","99999,9,9,N","999999,9,N,9","+0170,1","+0170,1","10196,1","06,0000,9,1",,,"4,000",,,,,,,,,,,,,,"99999,9,09565,1","0,1,001,1,+999,9",,"4,99,0072,1","SYN011333   91114",
"07360099999","1990-08-26T03:00:00","4","46.1666666","1.8666666","551.0","GUERET, FR","FM-12","99999","V020","290,1,N,0021,1","99999,9,9,N","999999,9,N,9","+0163,1","+9999,9","10195,1","06,0000,9,1",,,"4,000",,,,,,,,,,,,,,"99999,9,09557,1","8,1,008,1,+999,9",,"4,99,0082,1","SYN011333   91116",
"07360099999","1990-08-26T06:00:00","4","46.1666666","1.8666666","551.0","GUERET, FR","FM-12","99999","V020","280,1,N,0021,1","00390,1,C,N","004000,1,N,9","+0158,1","+0158,1","10192,1","06,0000,9,1",,,"4,000",,,,,"05,1,+00390,9,07,9","05,1,+06900,9,00,9",,"07,99,1,05,1,06,1,00450,1,00,1,01,1","0216,9","01,9","999,+0150,9","999,N,+0155,1",,"99999,9,09558,1","3,1,001,1,+999,9","10,1","4,99,0082,1","SYN041333   20155 30015 55036 85713 85073 91116",
"07360099999","1990-08-26T09:00:00","4","46.1666666","1.8666666","551.0","GUERET, FR","FM-12","99999","V020","300,1,N,0021,1","00180,1,C,N","004000,1,N,9","+0178,1","+0173,1","10193,1","06,0000,9,1",,,"4,000",,,"2,1,03,1","2,1,03,1","05,1,+00180,9,07,9","05,1,+03300,9,04,9",,"07,99,1,05,1,06,1,00250,1,02,1,99,9",,,,,,"99999,9,09564,1","1,1,006,1,+999,9","10,1","4,99,0051,1","SYN023333   85706 85461 91110",
"07360099999","1990-08-26T12:00:00","4","46.1666666","1.8666666","551.0","GUERET, FR","FM-12","99999","V020","290,1,N,0021,1","00390,1,C,N","004000,1,N,9","+0189,1","+0177,1","10194,1","06,0000,9,1",,,"4,000",,,"2,1,06,1","2,1,06,1","05,1,+00390,9,07,9","07,1,+00780,9,05,9",,"08,99,1,08,1,05,1,00450,1,99,9,99,9",,,,,,"99999,9,09567,1","1,1,003,1,+999,9","10,1","4,99,0072,1","SYN023333   85713 87626 91114",
"07360099999","1990-08-26T15:00:00","4","46.1666666","1.8666666","551.0","GUERET, FR","FM-12","99999","V020","260,1,N,0031,1","99999,9,9,N","999999,9,N,9","+0217,1","+0173,1","10174,1","06,0000,9,1",,,"4,000",,,,,,,,,,,,,,"99999,9,09554,1","8,1,013,1,+999,9",,"4,99,0072,1","SYN011333   91114",
"07360099999","1990-08-26T18:00:00","4","46.1666666","1.8666666","551.0","GUERET, FR","FM-12","99999","V020","190,1,N,0021,1","99999,9,9,N","999999,9,N,9","+0165,1","+0165,1","10188,1","03,0060,9,1",,,"0,000",,,,,,,,,,,,"999,M,+0226,1",,"99999,9,09556,1","1,1,002,1,+999,9",,"4,99,0221,1","SYN023333   10226 60067 91143",
"07360099999","1990-08-26T21:00:00","4","46.1666666","1.8666666","551.0","GUERET, FR","FM-12","99999","V020","290,1,N,0021,1","99999,9,9,N","999999,9,N,9","+0164,1","+0164,1","10197,1","06,0000,9,1",,,"4,000",,,,,,,,,,,,,,"99999,9,09564,1","3,1,008,1,+999,9",,"4,99,0041,1","SYN011333   91108",
"07360099999","1990-08-27T00:00:00","4","46.1666666","1.8666666","551.0","GUERET, FR","FM-12","99999","V020","280,1,N,0031,1","99999,9,9,N","999999,9,N,9","+0159,1","+0159,1","10195,1","03,0002,9,1","06,0003,9,1",,"0,000",,,,,,,,,,,,,,"99999,9,09561,1","8,1,003,1,+999,9",,"4,99,0062,1","SYN017333   69927 91112",
"07360099999","1990-08-27T03:00:00","4","46.1666666","1.8666666","551.0","GUERET, FR","FM-12","99999","V020","300,1,N,0031,1","99999,9,9,N","999999,9,N,9","+0162,1","+0162,1","10187,1","06,0000,9,1",,,"4,000",,,,,,,,,,,,,,"99999,9,09555,1","7,1,006,1,+999,9",,"4,99,0062,1","SYN011333   91112",
"07360099999","1990-08-27T06:00:00","4","46.1666666","1.8666666","551.0","GUERET, FR","FM-12","99999","V020","270,1,N,0010,1","22000,1,C,N","005000,1,N,9","+0156,1","+0156,1","10189,1","24,0064,9,1","99,0003,9,1",,"0,000",,,,,"01,1,+00780,9,05,9",,,"01,99,1,01,1,05,1,00800,1,00,1,00,1","0060,9","09,9","999,+0140,9","999,N,+0152,1",,"99999,9,09555,1","5,1,000,1,+999,9",,"4,99,0062,1","SYN041333   20152 31014 55010 70064 81626 91112",
"07360099999","1990-08-27T09:00:00","4","46.1666666","1.8666666","551.0","GUERET, FR","FM-12","99999","V020","360,1,N,0010,1","00780,1,C,N","005000,1,N,9","+0192,1","+0173,1","10184,1","06,0000,9,1",,,"4,000",,,,,"01,1,+00390,9,08,9","05,1,+00780,9,05,9",,"05,99,1,99,9,08,1,00450,1,00,1,00,1",,,,,,"99999,9,09558,1","3,1,003,1,+999,9",,"4,99,0031,1","SYN023333   81813 85626 91106","Q01+000012SCOTLC"
"07360099999","1990-08-27T12:00:00","4","46.1666666","1.8666666","551.0","GUERET, FR","FM-12","99999","V020","270,1,N,0021,1","00600,1,C,N","005000,1,N,9","+0235,1","+0182,1","10172,1","06,0000,9,1",,,"4,000",,,,,"05,1,+00600,9,08,9",,,"05,99,1,05,1,02,1,00800,1,00,1,00,1",,,,,,"99999,9,09555,1","8,1,003,1,+999,9",,"4,99,0062,1","SYN017333   85820 91112",
"07360099999","1990-08-27T15:00:00","4","46.1666666","1.8666666","551.0","GUERET, FR","FM-12","99999","V020","310,1,N,0021,1","22000,1,C,N","006000,1,N,9","+0249,1","+0166,1","10161,1","06,0000,9,1",,,"4,000",,,,,"04,1,+00690,9,08,9",,,"04,99,1,04,1,02,1,00800,1,00,1,00,1",,,,,,"99999,9,09548,1","8,1,007,1,+999,9",,"4,99,0062,1","SYN017333   84823 91112",
"07360099999","1990-08-27T18:00:00","4","46.1666666","1.8666666","551.0","GUERET, FR","FM-12","99999","V020","290,1,N,0021,1","99999,9,9,N","999999,9,N,9","+0223,1","+0161,1","10164,1","06,0000,9,1",,,"4,000",,,,,,,,,,,,"999,M,+0255,1",,"99999,9,09545,1","7,1,003,1,+999,9",,"4,99,0062,1","SYN017333   10255 91112",
"07360099999","1990-08-27T21:00:00","4","46.1666666","1.8666666","551.0","GUERET, FR","FM-12","99999","V020","030,1,N,0021,1","99999,9,9,N","999999,9,N,9","+0197,1","+0154,1","10182,1","06,0000,9,1",,,"4,000",,,,,,,,,,,,,,"99999,9,09557,1","1,1,012,1,+999,9",,"4,99,0041,1","SYN011333   91108",
"07360099999","1990-08-28T00:00:00","4","46.1666666","1.8666666","551.0","GUERET, FR","FM-12","99999","V020","110,1,N,0010,1","99999,9,9,N","999999,9,N,9","+0191,1","+0154,1","10182,1","06,0000,9,1",,,"4,000",,,,,,,,,,,,,,"99999,9,09556,1","6,1,001,1,+999,9",,"4,99,0041,1","SYN011333   91108",
"07360099999","1990-08-28T03:00:00","4","46.1666666","1.8666666","551.0","GUERET, FR","FM-12","99999","V020","150,1,N,0021,1","99999,9,9,N","999999,9,N,9","+0188,1","+0153,1","10177,1","06,0000,9,1",,,"4,000",,,,,,,,,,,,,,"99999,9,09550,1","6,1,006,1,+999,9",,"4,99,0031,1","SYN011333   91106",
"07360099999","1990-08-28T06:00:00","4","46.1666666","1.8666666","551.0","GUERET, FR","FM-12","99999","V020","190,1,N,0021,1","22000,1,C,N","005000,1,N,9","+0194,1","+0146,1","10178,1","06,0000,9,1",,,"4,000",,,,,"04,1,+06900,9,00,9",,,"04,99,1,00,1,00,1,99999,9,00,1,01,1","0480,9","01,9","999,+0160,9","999,N,+0186,1",,"99999,9,09552,1","3,1,002,1,+999,9",,"4,99,0031,1","SYN035333   20186 30016 55080 84073 91106",
"07360099999","1990-08-28T09:00:00","4","46.1666666","1.8666666","551.0","GUERET, FR","FM-12","99999","V020","060,1,N,0010,1","06900,1,C,N","003500,1,N,9","+0222,1","+0180,1","10177,1","06,0000,9,1",,,"4,000",,,"2,1,03,1","2,1,03,1","05,1,+06900,9,00,9",,,"05,99,1,00,1,00,1,99999,9,00,1,02,1",,,,,,"99999,9,09558,1","1,1,006,1,+999,9","10,1","4,99,0021,1","SYN017333   85073 91104",
"07360099999","1990-08-28T12:00:00","4","46.1666666","1.8666666","551.0","GUERET, FR","FM-12","99999","V020","130,1,N,0010,1","06900,1,C,N","005000,1,N,9","+0261,1","+0158,1","10166,1","06,0000,9,1",,,"4,000",,,,,"03,1,+00690,9,08,9","07,1,+06900,9,00,9",,"07,99,1,03,1,02,1,00800,1,00,1,02,1",,,,,,"99999,9,09555,1","8,1,003,1,+999,9",,"4,99,0051,1","SYN023333   83823 87073 91110",
"07360099999","1990-08-28T18:00:00","4","46.1666666","1.8666666","551.0","GUERET, FR","FM-12","99999","V020","240,1,N,0021,1","99999,9,9,N","999999,9,N,9","+0247,1","+0151,1","10151,1",,,,"2,000",,,,,,,,,,,,,,"99999,9,09538,1",,,,"SYN003333",
"07360099999","1990-08-28T21:00:00","4","46.1666666","1.8666666","551.0","GUERET, FR","FM-12","99999","V020","110,1,N,0021,1","99999,9,9,N","999999,9,N,9","+0221,1","+0142,1","10164,1","06,0000,9,1",,,"4,000",,,,,,,,,,,,,,"99999,9,09545,1","1,1,007,1,+999,9",,"4,99,0041,1","SYN011333   91108",
"07360099999","1990-08-29T00:00:00","4","46.1666666","1.8666666","551.0","GUERET, FR","FM-12","99999","V020","140,1,N,0031,1","99999,9,9,N","999999,9,N,9","+0205,1","+0148,1","10161,1","06,0000,9,1",,,"4,000",,,,,,,,,,,,,,"99999,9,09539,1","8,1,006,1,+999,9",,"4,99,0062,1","SYN011333   91112",
"07360099999","1990-08-29T03:00:00","4","46.1666666","1.8666666","551.0","GUERET, FR","FM-12","99999","V020","200,1,N,0041,1","99999,9,9,N","999999,9,N,9","+0204,1","+0143,1","10150,1","06,0000,9,1",,,"4,000",,,,,,,,,,,,,,"99999,9,09528,1","6,1,011,1,+999,9",,"4,99,0062,1","SYN011333   91112",
"07360099999","1990-08-29T06:00:00","4","46.1666666","1.8666666","551.0","GUERET, FR","FM-12","99999","V020","200,1,N,0041,1","22000,1,C,N","005000,1,N,9","+0207,1","+0146,1","10148,1","06,0000,9,1",,,"4,000",,,,,"03,1,+03000,9,03,9","03,1,+06900,9,00,9",,"03,99,1,03,1,00,1,99999,9,03,1,01,1",,"01,9","999,+0180,9","999,N,+0201,1",,"99999,9,09527,1",,,"4,99,0088,1","SYN041333   20201 30018 55/// 83360 83073 91117",
"07360099999","1990-08-29T09:00:00","4","46.1666666","1.8666666","551.0","GUERET, FR","FM-12","99999","V020","200,1,N,0041,1","22000,1,C,N","006000,1,N,9","+0251,1","+0168,1","10141,1","06,0000,9,1",,,"4,000",,,,,"02,1,+03300,9,03,9","03,1,+07500,9,00,9",,"04,99,1,02,1,00,1,99999,9,03,1,01,1",,,,,,"99999,9,09530,1","1,1,003,1,+999,9",,"4,99,0082,1","SYN023333   82361 83075 91116",
"07360099999","1990-08-29T12:00:00","4","46.1666666","1.8666666","551.0","GUERET, FR","FM-12","99999","V020","210,1,N,0041,1","07500,1,C,N","009000,1,N,9","+0284,1","+0157,1","10130,1","06,0000,9,1",,,"4,000",,,,,"02,1,+00990,9,08,9","03,1,+03300,9,03,9","06,1,+07500,9,00,9","06,99,1,02,1,99,9,01250,1,03,1,01,1",,,,,,"99999,9,09525,1","8,1,005,1,+999,9",,"4,99,0082,1","SYN029333   82833 83361 86075 91116","Q01+000002SCOLCG"
"07360099999","1990-08-29T15:00:00","4","46.1666666","1.8666666","551.0","GUERET, FR","FM-12","99999","V020","200,1,N,0041,1","22000,1,C,N","015000,1,N,9","+0297,1","+0126,1","10112,1","06,0000,9,1",,,"4,000",,,,,"03,1,+07500,9,00,9",,,"03,99,1,00,1,00,1,99999,9,00,1,01,1",,,,,,"99999,9,09511,1","8,1,014,1,+999,9",,"4,99,0088,1","SYN017333   83075 91117",
"07360099999","1990-08-29T18:00:00","4","46.1666666","1.8666666","551.0","GUERET, FR","FM-12","99999","V020","190,1,N,0041,1","99999,9,9,N","999999,9,N,9","+0255,1","+0161,1","10116,1","06,0000,9,1",,,"4,000",,,,,,,,,,,,"999,M,+0303,1",,"99999,9,09507,1","7,1,004,1,+999,9",,"4,99,0088,1","SYN017333   10303 91117",
"07360099999","1990-08-29T21:00:00","4","46.1666666","1.8666666","551.0","GUERET, FR","FM-12","99999","V020","230,1,N,0041,1","99999,9,9,N","999999,9,N,9","+0231,1","+0166,1","10136,1","06,0000,9,1",,,"4,000",,,,,,,,,,,,,,"99999,9,09521,1","1,1,014,1,+999,9",,"4,99,0088,1","SYN011333   91117",
"07360099999","1990-08-30T00:00:00","4","46.1666666","1.8666666","551.0","GUERET, FR","FM-12","99999","V020","250,1,N,0041,1","99999,9,9,N","999999,9,N,9","+0194,1","+0175,1","10148,1","06,0000,9,1",,,"4,000",,,,,,,,,,,,,,"99999,9,09525,1","3,1,004,1,+999,9",,"4,99,0098,1","SYN011333   91119",
"07360099999","1990-08-30T03:00:00","4","46.1666666","1.8666666","551.0","GUERET, FR","FM-12","99999","V020","240,1,N,0072,1","99999,9,9,N","999999,9,N,9","+0152,1","+9999,9","10163,1","03,0060,9,1",,,"0,000",,,"4,1,03,1",,,,,,,,,,,"99999,9,09525,1","0,1,000,1,+999,9","21,1","4,99,0201,1","SYN017333   60067 91139",
"07360099999","1990-08-30T06:00:00","4","46.1666666","1.8666666","551.0","GUERET, FR","FM-12","99999","V020","230,1,N,0021,1","00180,1,C,N","005000,1,N,9","+0152,1","+0152,1","10175,1","03,9999,2,9","24,0062,9,1",,"0,000",,,"6,1,06,1","2,1,06,1","07,1,+00180,9,07,9","07,1,+00780,9,05,9",,"08,99,1,08,1,07,1,00250,1,99,9,99,9","0660,9","09,9","999,+0150,9","999,N,+0150,1",,"99999,9,09536,1","3,1,011,1,+999,9","02,1","4,99,0201,1","SYN053333   20150 31015 55110 69907 70062 87706 87626 91139",
"07360099999","1990-08-30T09:00:00","4","46.1666666","1.8666666","551.0","GUERET, FR","FM-12","99999","V020","230,1,N,0031,1","00150,1,C,N","008000,1,N,9","+0161,1","+0161,1","10174,1","03,0006,9,1","99,0005,9,1",,"0,001",,,"6,1,03,1","2,1,03,1","07,1,+00150,9,07,9","07,1,+00780,9,05,9",,"08,99,1,08,1,07,1,00150,1,99,9,99,9",,,,,,"99999,9,09538,1","2,1,002,1,+999,9","61,1","4,99,0062,1","SYN029333   69967 87705 87626 91112",
"07360099999","1990-08-30T12:00:00","4","46.1666666","1.8666666","551.0","GUERET, FR","FM-12","99999","V020","310,1,N,0041,1","00090,1,C,N","000400,1,N,9","+0132,1","+0132,1","10186,1","03,0030,9,1","06,0030,9,1",,"0,001",,,"6,1,06,1","4,1,06,1","07,1,+00090,9,07,9","06,1,+00180,9,05,9",,"08,99,1,08,1,07,1,00150,1,99,9,99,9",,,,,,"99999,9,09542,1","3,1,004,1,+999,9","61,1","4,99,0072,1","SYN029333   60037 87703 86606 91114",
"07360099999","1990-08-30T15:00:00","4","46.1666666","1.8666666","551.0","GUERET, FR","FM-12","99999","V020","360,1,N,0031,1","00180,1,C,N","003000,1,N,9","+0113,1","+0113,1","10195,1","03,0080,9,1",,,"0,000",,,"6,1,03,1","4,1,03,1","05,1,+00180,9,07,9","03,1,+00300,9,08,9",,"07,99,1,06,1,07,1,00250,1,99,9,99,9",,,,,,"99999,9,09547,1","3,1,005,1,+999,9","21,1","4,99,0098,1","SYN029333   60087 85706 83810 91119",
"07360099999","1990-08-30T18:00:00","4","46.1666666","1.8666666","551.0","GUERET, FR","FM-12","99999","V020","320,1,N,0010,1","99999,9,9,N","999999,9,N,9","+0110,1","+9999,9","10205,1","03,0020,9,1",,,"0,000",,,"4,1,06,1",,,,,,,,,"999,M,+0163,1",,"99999,9,09556,1","3,1,009,1,+999,9","21,1","4,99,0098,1","SYN023333   10163 60027 91119",
"07360099999","1990-08-30T21:00:00","4","46.1666666","1.8666666","551.0","GUERET, FR","FM-12","99999","V020","280,1,N,0031,1","99999,9,9,N","999999,9,N,9","+0101,1","+9999,9","10216,1","03,0050,9,1",,,"0,000",,,"4,1,03,1",,,,,,,,,,,"99999,9,09564,1","0,1,008,1,+999,9","21,1","4,99,0082,1","SYN017333   60057 91116",
"07360099999","1990-08-31T00:00:00","4","46.1666666","1.8666666","551.0","GUERET, FR","FM-12","99999","V020","230,1,N,0021,1","99999,9,9,N","999999,9,N,9","+0100,1","+9999,9","10215,1","03,0020,9,1","06,0020,9,1",,"0,000",,,"4,1,06,1",,,,,,,,,,,"99999,9,09563,1","8,1,001,1,+999,9","41,1","4,99,0082,1","SYN017333   60027 91116",
"07360099999","1990-08-31T03:00:00","4","46.1666666","1.8666666","551.0","GUERET, FR","FM-12","99999","V020","220,1,N,0051,1","99999,9,9,N","999999,9,N,9","+0099,1","+9999,9","10209,1","03,0020,9,1",,,"0,000",,,"4,1,03,1",,,,,,,,,,,"99999,9,09557,1","7,1,006,1,+999,9","41,1","4,99,0088,1","SYN017333   60027 91117",
"07360099999","1990-08-31T06:00:00","4","46.1666666","1.8666666","551.0","GUERET, FR","FM-12","99999","V020","200,1,N,0031,1","00780,1,C,N","008000,1,N,9","+0101,1","+0101,1","10211,1","03,0030,9,1","24,0250,9,1",,"0,001",,,"6,1,06,1",,"02,1,+00150,9,07,9","05,1,+00780,9,05,9","06,1,+02700,9,03,9","08,99,1,06,1,05,1,00150,1,07,1,99,9","0318,9","11,9","999,+0100,9","999,N,+0097,1",,"99999,9,09559,1","3,1,002,1,+999,9","61,1","4,99,0088,1","SYN059333   20097 32010 55053 60037 70250 82705 85626 86359 91117",
"07360099999","1990-08-31T09:00:00","4","46.1666666","1.8666666","551.0","GUERET, FR","FM-12","99999","V020","230,1,N,0031,1","00900,1,C,N","009000,1,N,9","+0116,1","+0116,1","10212,1","06,0000,9,1",,,"4,000",,,,,"01,1,+00150,9,07,9","05,1,+00900,9,05,9","05,1,+03000,9,03,9","07,99,1,05,1,05,1,00150,1,07,1,99,9",,,,,,"99999,9,09563,1","2,1,004,1,+999,9",,"4,99,0098,1","SYN029333   81705 85630 85360 91119",
"07360099999","1990-08-31T12:00:00","4","46.1666666","1.8666666","551.0","GUERET, FR","FM-12","99999","V020","260,1,N,0031,1","00600,1,C,N","025000,1,N,9","+0147,1","+0115,1","10200,1","06,0000,9,1",,,"4,000",,,,,"05,1,+00600,9,08,9","04,1,+03000,9,03,9",,"07,99,1,05,1,02,1,00800,1,03,1,99,9",,,,,,"99999,9,09562,1","8,1,001,1,+999,9",,"4,99,0098,1","SYN023333   85820 84360 91119",
"07360099999","1990-08-31T15:00:00","4","46.1666666","1.8666666","551.0","GUERET, FR","FM-12","99999","V020","999,1,C,0000,1","22000,1,C,N","030000,1,N,9","+0152,1","+0104,1","10190,1","06,0000,9,1",,,"4,000",,,,,"03,1,+00780,9,08,9",,,"04,99,1,04,1,08,1,00800,1,00,1,00,1",,,,,,"99999,9,09554,1","6,1,008,1,+999,9",,"4,99,0062,1","SYN017333   83826 91112",
"07360099999","1990-08-31T18:00:00","4","46.1666666","1.8666666","551.0","GUERET, FR","FM-12","99999","V020","190,1,N,0010,1","99999,9,9,N","999999,9,N,9","+0152,1","+0106,1","10184,1","06,0000,9,1",,,"4,000",,,,,,,,,,,,"999,M,+0178,1",,"99999,9,09548,1","6,1,006,1,+999,9",,"4,99,0062,1","SYN017333   10178 91112",
"07360099999","1990-08-31T21:00:00","4","46.1666666","1.8666666","551.0","GUERET, FR","FM-12","99999","V020","140,1,N,0021,1","99999,9,9,N","999999,9,N,9","+0127,1","+0104,1","10195,1","06,0000,9,1",,,"4,000",,,,,,,,,,,,,,"99999,9,09553,1","0,1,005,1,+999,9",,"4,99,0051,1","SYN011333   91110",
"07360099999","1990-09-01T00:00:00","4","46.1666666","1.8666666","551.0","GUERET, FR","FM-12","99999","V020","190,1,N,0021,1","99999,9,9,N","999999,9,N,9","+0123,1","+0097,1","10185,1","06,0000,9,1",,,"4,000",,,,,,,,,,,,,,"99999,9,09543,1","6,1,010,1,+999,9",,"4,99,0062,1","SYN011333   91112",
"07360099999","1990-09-01T03:00:00","4","46.1666666","1.8666666","551.0","GUERET, FR","FM-12","99999","V020","250,1,N,0021,1","99999,9,9,N","999999,9,N,9","+0119,1","+0105,1","10181,1","06,0000,9,1",,,"4,000",,,,,,,,,,,,,,"99999,9,09539,1","6,1,004,1,+999,9",,"4,99,0041,1","SYN011333   91108",
"07360099999","1990-09-01T06:00:00","4","46.1666666","1.8666666","551.0","GUERET, FR","FM-12","99999","V020","140,1,N,0021,1","07800,1,C,N","060000,1,N,9","+0119,1","+0100,1","10185,1","06,0000,9,1",,,"4,000",,,,,"03,1,+00900,9,05,9","04,1,+07800,9,00,9",,"05,99,1,03,1,05,1,00800,1,00,1,01,1","0336,9","01,9","999,+0100,9","999,N,+0116,1",,"99999,9,09541,1","3,1,002,1,+999,9",,"4,99,0041,1","SYN041333   20116 30010 55056 83630 84076 91108",
"07360099999","1990-09-01T09:00:00","4","46.1666666","1.8666666","551.0","GUERET, FR","FM-12","99999","V020","050,1,N,0010,1","22000,1,C,N","025000,1,N,9","+0169,1","+0107,1","10182,1","06,0000,9,1",,,"4,000",,,,,"01,1,+00480,9,08,9","04,1,+07800,9,00,9",,"04,99,1,01,1,01,1,00450,1,00,1,02,1",,,,,,"99999,9,09550,1","1,1,009,1,+999,9",,"4,99,0031,1","SYN023333   81816 84076 91106",
"07360099999","1990-09-01T12:00:00","4","46.1666666","1.8666666","551.0","GUERET, FR","FM-12","99999","V020","020,1,N,0031,1","00900,1,C,N","050000,1,N,9","+0194,1","+0101,1","10177,1","06,0000,9,1",,,"4,000",,,,,"05,1,+00900,9,08,9","03,1,+07800,9,00,9",,"05,99,1,05,1,02,1,00800,1,00,1,02,1",,,,,,"99999,9,09550,1","0,1,000,1,+999,9",,"4,99,0051,1","SYN023333   85830 83076 91110",
"07360099999","1990-09-01T15:00:00","4","46.1666666","1.8666666","551.0","GUERET, FR","FM-12","99999","V020","100,1,N,0021,1","99999,9,9,N","999999,9,N,9","+0188,1","+0101,1","10179,1","06,0000,9,1",,,"4,000",,,,,,,,,,,,,,"99999,9,09551,1","3,1,001,1,+999,9",,"4,99,0072,1","SYN011333   91114",
"07360099999","1990-09-01T18:00:00","4","46.1666666","1.8666666","551.0","GUERET, FR","FM-12","99999","V020","050,1,N,0031,1","99999,9,9,N","999999,9,N,9","+0164,1","+0093,1","10192,1","06,0000,9,1",,,"4,000",,,,,,,,,,,,"999,M,+0204,1",,"99999,9,09558,1","2,1,007,1,+999,9",,"4,99,0072,1","SYN017333   10204 91114",
"07360099999","1990-09-01T21:00:00","4","46.1666666","1.8666666","551.0","GUERET, FR","FM-12","99999","V020","070,1,N,0021,1","99999,9,9,N","999999,9,N,9","+0138,1","+0088,1","10210,1","06,0000,9,1",,,"4,000",,,,,,,,,,,,,,"99999,9,09569,1","1,1,011,1,+999,9",,"4,99,0051,1","SYN011333   91110",
"07360099999","1990-09-02T00:00:00","4","46.1666666","1.8666666","551.0","GUERET, FR","FM-12","99999","V020","080,1,N,0021,1","99999,9,9,N","999999,9,N,9","+0131,1","+0084,1","10216,1","06,0000,9,1",,,"4,000",,,,,,,,,,,,,,"99999,9,09573,1","1,1,004,1,+999,9",,"4,99,0051,1","SYN011333   91110",
"07360099999","1990-09-02T03:00:00","4","46.1666666","1.8666666","551.0","GUERET, FR","FM-12","99999","V020","060,1,N,0021,1","99999,9,9,N","999999,9,N,9","+0114,1","+0088,1","10220,1","06,0000,9,1",,,"4,000",,,,,,,,,,,,,,"99999,9,09573,1","5,1,000,1,+999,9",,"4,99,0041,1","SYN011333   91108",
"07360099999","1990-09-02T06:00:00","4","46.1666666","1.8666666","551.0","GUERET, FR","FM-12","99999","V020","080,1,N,0031,1","22000,1,C,N","015000,1,N,9","+0114,1","+0093,1","10225,1","06,0000,9,1",,,"4,000",,,,,"01,1,+07800,9,00,9",,,"01,99,1,00,1,00,1,99999,9,00,1,01,1","0492,9","01,9","999,+0090,9","999,N,+0109,1",,"99999,9,09578,1","3,1,005,1,+999,9",,"4,99,0051,1","SYN035333   20109 30009 55082 81076 91110",
"07360099999","1990-09-02T09:00:00","4","46.1666666","1.8666666","551.0","GUERET, FR","FM-12","99999","V020","080,1,N,0031,1","22000,1,C,N","015000,1,N,9","+0167,1","+0122,1","10222,1","06,0000,9,1",,,"4,000",,,,,"02,1,+07800,9,00,9",,,"02,99,1,00,1,00,1,99999,9,00,1,01,1",,,,,,"99999,9,09588,1","1,1,010,1,+999,9",,"4,99,0072,1","SYN017333   82076 91114",
"07360099999","1990-09-02T12:00:00","4","46.1666666","1.8666666","551.0","GUERET, FR","FM-12","99999","V020","070,1,N,0041,1","22000,1,C,N","040000,1,N,9","+0207,1","+0116,1","10209,1","06,0000,9,1",,,"4,000",,,,,"03,1,+07800,9,00,9",,,"03,99,1,00,1,00,1,99999,9,00,1,01,1",,,,,,"99999,9,09584,1","7,1,004,1,+999,9",,"4,99,0088,1","SYN017333   83076 91117",
"07360099999","1990-09-02T15:00:00","4","46.1666666","1.8666666","551.0","GUERET, FR","FM-12","99999","V020","060,1,N,0031,1","99999,9,9,N","999999,9,N,9","+0215,1","+0100,1","10202,1","06,0000,9,1",,,"4,000",,,,,,,,,,,,,,"99999,9,09578,1","8,1,006,1,+999,9",,"4,99,0082,1","SYN011333   91116",
"07360099999","1990-09-02T18:00:00","4","46.1666666","1.8666666","551.0","GUERET, FR","FM-12","99999","V020","050,1,N,0021,1","99999,9,9,N","999999,9,N,9","+0184,1","+0117,1","10206,1","06,0000,9,1",,,"4,000",,,,,,,,,,,,"999,M,+0219,1",,"99999,9,09576,1","6,1,002,1,+999,9",,"4,99,0082,1","SYN017333   10219 91116",
"07360099999","1990-09-02T21:00:00","4","46.1666666","1.8666666","551.0","GUERET, FR","FM-12","99999","V020","070,1,N,0021,1","99999,9,9,N","999999,9,N,9","+0159,1","+0113,1","10216,1","06,0000,9,1",,,"4,000",,,,,,,,,,,,,,"99999,9,09579,1","0,1,003,1,+999,9",,"4,99,0072,1","SYN011333   91114",
"07360099999","1990-09-03T00:00:00","4","46.1666666","1.8666666","551.0","GUERET, FR","FM-12","99999","V020","090,1,N,0031,1","99999,9,9,N","999999,9,N,9","+0153,1","+0117,1","10208,1","06,0000,9,1",,,"4,000",,,,,,,,,,,,,,"99999,9,09571,1","6,1,008,1,+999,9",,"4,99,0072,1","SYN011333   91114",
"07360099999","1990-09-03T03:00:00","4","46.1666666","1.8666666","551.0","GUERET, FR","FM-12","99999","V020","110,1,N,0031,1","99999,9,9,N","999999,9,N,9","+0147,1","+0120,1","10201,1","06,0000,9,1",,,"4,000",,,,,,,,,,,,,,"99999,9,09563,1","6,1,008,1,+999,9",,"4,99,0062,1","SYN011333   91112",
"07360099999","1990-09-03T06:00:00","4","46.1666666","1.8666666","551.0","GUERET, FR","FM-12","99999","V020","100,1,N,0031,1","22000,1,C,N","015000,1,N,9","+0147,1","+0120,1","10203,1","06,0000,9,1",,,"4,000",,,,,"03,1,+07800,9,00,9",,,"03,99,1,00,1,00,1,99999,9,00,1,02,1","0612,9","01,9","999,+0120,9","999,N,+0140,1",,"99999,9,09565,1","3,1,002,1,+999,9",,"4,99,0072,1","SYN035333   20140 30012 55102 83076 91114",
"07360099999","1990-09-03T09:00:00","4","46.1666666","1.8666666","551.0","GUERET, FR","FM-12","99999","V020","090,1,N,0021,1","22000,1,C,N","020000,1,N,9","+0191,1","+0137,1","10199,1","06,0000,9,1",,,"4,000",,,,,"03,1,+07800,9,00,9",,,"03,99,1,00,1,00,1,99999,9,00,1,02,1",,,,,,"99999,9,09571,1","3,1,006,1,+999,9",,"4,99,0062,1","SYN017333   83076 91112",
"07360099999","1990-09-03T12:00:00","4","46.1666666","1.8666666","551.0","GUERET, FR","FM-12","99999","V020","010,1,N,0021,1","22000,1,C,N","030000,1,N,9","+0234,1","+0139,1","10181,1","06,0000,9,1",,,"4,000",,,,,"01,1,+00900,9,08,9","03,1,+07800,9,00,9",,"99,99,9,01,1,01,1,00800,1,00,1,02,1",,,,,,"99999,9,09563,1","8,1,008,1,+999,9",,"4,99,0072,1","SYN023333   81830 83076 91114","Q01+000012SCOTCV"
"07360099999","1990-09-03T15:00:00","4","46.1666666","1.8666666","551.0","GUERET, FR","FM-12","99999","V020","020,1,N,0021,1","22000,1,C,N","030000,1,N,9","+0245,1","+0131,1","10169,1","06,0000,9,1",,,"4,000",,,,,"03,1,+07800,9,00,9",,,"03,99,1,00,1,00,1,99999,9,00,1,02,1",,,,,,"99999,9,09554,1","6,1,009,1,+999,9",,"4,99,0062,1","SYN017333   83076 91112",
"07360099999","1990-09-03T18:00:00","4","46.1666666","1.8666666","551.0","GUERET, FR","FM-12","99999","V020","040,1,N,0021,1","99999,9,9,N","999999,9,N,9","+0206,1","+0121,1","10171,1","06,0000,9,1",,,"4,000",,,,,,,,,,,,"999,M,+0249,1",,"99999,9,09548,1","8,1,006,1,+999,9",,"4,99,0062,1","SYN017333   10249 91112",
"07360099999","1990-09-03T21:00:00","4","46.1666666","1.8666666","551.0","GUERET, FR","FM-12","99999","V020","040,1,N,0021,1","99999,9,9,N","999999,9,N,9","+0181,1","+0105,1","10180,1","06,0000,9,1",,,"4,000",,,,,,,,,,,,,,"99999,9,09550,1","2,1,002,1,+999,9",,"4,99,0041,1","SYN011333   91108",
"07360099999","1990-09-04T00:00:00","4","46.1666666","1.8666666","551.0","GUERET, FR","FM-12","99999","V020","170,1,N,0021,1","99999,9,9,N","999999,9,N,9","+0181,1","+0105,1","10168,1","06,0000,9,1",,,"4,000",,,,,,,,,,,,,,"99999,9,09539,1","8,1,011,1,+999,9",,"4,99,0041,1","SYN011333   91108",
"07360099999","1990-09-04T03:00:00","4","46.1666666","1.8666666","551.0","GUERET, FR","FM-12","99999","V020","230,1,N,0031,1","99999,9,9,N","999999,9,N,9","+0171,1","+0105,1","10156,1","06,0000,9,1",,,"4,000",,,,,,,,,,,,,,"99999,9,09526,1","6,1,013,1,+999,9",,"4,99,0051,1","SYN011333   91110",
"07360099999","1990-09-04T06:00:00","4","46.1666666","1.8666666","551.0","GUERET, FR","FM-12","99999","V020","240,1,N,0031,1","07800,1,C,N","015000,1,N,9","+0162,1","+0105,1","10154,1","06,0000,9,1",,,"4,000",,,,,"01,1,+03900,9,03,9","07,1,+07800,9,00,9",,"07,99,1,01,1,00,1,99999,9,03,1,02,1","0738,9","01,9","999,+0140,9","999,N,+0162,1",,"99999,9,09522,1","6,1,004,1,+999,9",,"4,99,0072,1","SYN041333   20162 30014 55123 81363 87076 91114",
"07360099999","1990-09-04T09:00:00","4","46.1666666","1.8666666","551.0","GUERET, FR","FM-12","99999","V020","240,1,N,0041,1","22000,1,C,N","020000,1,N,9","+0202,1","+0127,1","10142,1","06,0000,9,1",,,"4,000",,,,,"03,1,+07800,9,00,9",,,"03,99,1,00,1,00,1,99999,9,00,1,02,1",,,,,,"99999,9,09519,1","6,1,003,1,+999,9",,"4,99,0088,1","SYN017333   83076 91117",
"07360099999","1990-09-04T12:00:00","4","46.1666666","1.8666666","551.0","GUERET, FR","FM-12","99999","V020","270,1,N,0051,1","03900,1,C,N","025000,1,N,9","+0211,1","+0138,1","10142,1","06,0000,9,1",,,"4,000",,,,,"02,1,+00990,9,08,9","03,1,+03900,9,03,9",,"05,99,1,02,1,02,1,01250,1,03,1,02,1",,,,,,"99999,9,09522,1","1,1,003,1,+999,9",,"4,99,0118,1","SYN023333   82833 83363 91123",
"07360099999","1990-09-04T15:00:00","4","46.1666666","1.8666666","551.0","GUERET, FR","FM-12","99999","V020","250,1,N,0051,1","01200,1,C,N","025000,1,N,9","+0213,1","+0127,1","10135,1","06,0000,9,1",,,"4,000",,,,,"05,1,+01200,9,08,9",,,"05,99,1,05,1,02,1,01250,1,00,1,00,1",,,,,,"99999,9,09515,1","6,1,007,1,+999,9",,"4,99,0098,1","SYN017333   85840 91119",
"07360099999","1990-09-04T18:00:00","4","46.1666666","1.8666666","551.0","GUERET, FR","FM-12","99999","V020","290,1,N,0041,1","99999,9,9,N","999999,9,N,9","+0183,1","+0136,1","10140,1","06,0000,9,1",,,"4,000",,,,,,,,,,,,"999,M,+0225,1",,"99999,9,09514,1","5,1,001,1,+999,9",,"4,99,0108,1","SYN017333   10225 91121",
"07360099999","1990-09-04T21:00:00","4","46.1666666","1.8666666","551.0","GUERET, FR","FM-12","99999","V020","270,1,N,0031,1","99999,9,9,N","999999,9,N,9","+0156,1","+0124,1","10156,1","06,0000,9,1",,,"4,000",,,,,,,,,,,,,,"99999,9,09523,1","1,1,009,1,+999,9",,"4,99,0062,1","SYN011333   91112",
"07360099999","1990-09-05T00:00:00","4","46.1666666","1.8666666","551.0","GUERET, FR","FM-12","99999","V020","330,1,N,0021,1","99999,9,9,N","999999,9,N,9","+0131,1","+0095,1","10165,1","06,0000,9,1",,,"4,000",,,,,,,,,,,,,,"99999,9,09526,1","3,1,003,1,+999,9",,"4,99,0082,1","SYN011333   91116",
"07360099999","1990-09-05T03:00:00","4","46.1666666","1.8666666","551.0","GUERET, FR","FM-12","99999","V020","020,1,N,0010,1","99999,9,9,N","999999,9,N,9","+0111,1","+0074,1","10161,1","06,0000,9,1",,,"4,000",,,,,,,,,,,,,,"99999,9,09517,1","7,1,009,1,+999,9",,"4,99,0041,1","SYN011333   91108",
"07360099999","1990-09-05T06:00:00","4","46.1666666","1.8666666","551.0","GUERET, FR","FM-12","99999","V020","040,1,N,0010,1","22000,1,C,N","015000,1,N,9","+0104,1","+0067,1","10165,1","06,0000,9,1",,,"4,000",,,,,"01,1,+07500,9,00,9",,,"01,99,1,00,1,00,1,99999,9,00,1,01,1","0510,9","01,9","999,+0070,9","999,N,+0103,1",,"99999,9,09519,1","3,1,002,1,+999,9",,"4,99,0041,1","SYN035333   20103 30007 55085 81075 91108",
"07360099999","1990-09-05T09:00:00","4","46.1666666","1.8666666","551.0","GUERET, FR","FM-12","99999","V020","040,1,N,0010,1","22000,1,C,N","020000,1,N,9","+0162,1","+0096,1","10158,1","06,0000,9,1",,,"4,000",,,,,"01,1,+07500,9,00,9",,,"01,99,1,00,1,00,1,99999,9,00,1,01,1",,,,,,"99999,9,09526,1","3,1,007,1,+999,9",,"4,99,0031,1","SYN017333   81075 91106",
"07360099999","1990-09-05T15:00:00","4","46.1666666","1.8666666","551.0","GUERET, FR","FM-12","99999","V020","350,1,N,0021,1","22000,1,C,N","050000,1,N,9","+0202,1","+0076,1","10141,1","06,0000,9,1",,,"4,000",,,,,,,,"00,99,1,00,1,00,1,99999,9,00,1,00,1",,,,,,"99999,9,09518,1","7,1,007,1,+999,9",,"4,99,0062,1","SYN011333   91112",
"07360099999","1990-09-05T18:00:00","4","46.1666666","1.8666666","551.0","GUERET, FR","FM-12","99999","V020","290,1,N,0031,1","99999,9,9,N","999999,9,N,9","+0175,1","+0078,1","10148,1","06,0000,9,1",,,"4,000",,,,,,,,,,,,"999,M,+0206,1",,"99999,9,09519,1","3,1,001,1,+999,9",,"4,99,0062,1","SYN017333   10206 91112",
"07360099999","1990-09-06T12:00:00","4","46.1666666","1.8666666","551.0","GUERET, FR","FM-12","99999","V020","240,1,N,0041,1","00390,1,C,N","020000,1,N,9","+0155,1","+0137,1","10172,1","06,9999,9,9",,,"4,000",,,"1,1,06,1","1,1,06,1","06,1,+00390,9,07,9","07,1,+00780,9,05,9",,"08,99,1,08,1,05,1,00450,1,99,9,99,9",,,,,,"99999,9,09538,1","5,1,004,1,+999,9","50,1","4,99,0098,1","SYN023333   86713 87626 91119","Q01  00002PRCP06"
"07360099999","1990-09-06T15:00:00","4","46.1666666","1.8666666","551.0","GUERET, FR","FM-12","99999","V020","260,1,N,0062,1","00090,1,C,N","005000,1,N,9","+0145,1","+0145,1","10174,1","03,0004,9,1","99,0005,9,1",,"0,000",,,"5,1,03,1","2,1,03,1","06,1,+00090,9,07,9","08,1,+00600,9,05,9",,"08,99,1,08,1,05,1,00150,1,99,9,99,9",,,,,,"99999,9,09538,1","0,1,000,1,+999,9","58,1","4,99,0108,1","SYN029333   69947 86703 88620 91121",
"07360099999","1990-09-06T18:00:00","4","46.1666666","1.8666666","551.0","GUERET, FR","FM-12","99999","V020","250,1,N,0041,1","99999,9,9,N","999999,9,N,9","+0143,1","+9999,9","10173,1","03,0010,9,1",,,"0,000",,,,,,,,,,,,"999,M,+0175,1",,"99999,9,09533,1","8,1,005,1,+999,9",,"4,99,0118,1","SYN023333   10175 60017 91123",
"07360099999","1990-09-06T21:00:00","4","46.1666666","1.8666666","551.0","GUERET, FR","FM-12","99999","V020","240,1,N,0051,1","99999,9,9,N","999999,9,N,9","+0138,1","+0138,1","10177,1","06,0000,9,1",,,"4,000",,,,,,,,,,,,,,"99999,9,09539,1","3,1,006,1,+999,9",,"4,99,0098,1","SYN011333   91119",
"07360099999","1990-09-07T00:00:00","4","46.1666666","1.8666666","551.0","GUERET, FR","FM-12","99999","V020","260,1,N,0051,1","99999,9,9,N","999999,9,N,9","+0116,1","+0116,1","10181,1","06,0000,9,1",,,"4,000",,,,,,,,,,,,,,"99999,9,09538,1","5,1,001,1,+999,9",,"4,99,0118,1","SYN011333   91123",
"07360099999","1990-09-07T03:00:00","4","46.1666666","1.8666666","551.0","GUERET, FR","FM-12","99999","V020","290,1,N,0021,1","99999,9,9,N","999999,9,N,9","+0103,1","+0100,1","10180,1","06,0000,9,1",,,"4,000",,,,,,,,,,,,,,"99999,9,09533,1","8,1,005,1,+999,9",,"4,99,0082,1","SYN011333   91116",
"07360099999","1990-09-07T06:00:00","4","46.1666666","1.8666666","551.0","GUERET, FR","FM-12","99999","V020","280,1,N,0041,1","00990,1,C,N","010000,1,N,9","+0093,1","+0085,1","10187,1","06,0000,9,1","24,0014,9,1",,"4,000",,,,,"07,1,+00990,9,05,9",,,"07,99,1,07,1,05,1,01250,1,00,1,00,1","0216,9","01,9","999,+0090,9","999,N,+0093,1",,"99999,9,09538,1","3,1,005,1,+999,9",,"4,99,0082,1","SYN041333   20093 30009 55036 70014 87633 91116",
"07360099999","1990-09-07T09:00:00","4","46.1666666","1.8666666","551.0","GUERET, FR","FM-12","99999","V020","250,1,N,0041,1","22000,1,C,N","020000,1,N,9","+0124,1","+0094,1","10185,1","06,0000,9,1",,,"4,000",,,,,"03,1,+00690,9,08,9",,,"03,99,1,03,1,02,1,00800,1,00,1,01,1",,,,,,"99999,9,09543,1","3,1,005,1,+999,9",,"4,99,0098,1","SYN017333   83823 91119",
"07360099999","1990-09-07T12:00:00","4","46.1666666","1.8666666","551.0","GUERET, FR","FM-12","99999","V020","270,1,N,0041,1","00690,1,C,N","040000,1,N,9","+0146,1","+0085,1","10183,1","06,0000,9,1",,,"4,000",,,,,"05,1,+00690,9,08,9","04,1,+03000,9,04,9",,"08,99,1,05,1,02,1,00800,1,07,1,99,9",,,,,,"99999,9,09546,1","1,1,003,1,+999,9",,"4,99,0098,1","SYN023333   85823 84460 91119",
"07360099999","1990-09-07T15:00:00","4","46.1666666","1.8666666","551.0","GUERET, FR","FM-12","99999","V020","280,1,N,0051,1","00780,1,C,N","070000,1,N,9","+0146,1","+0085,1","10182,1","06,0000,9,1",,,"4,000",,,,,"02,1,+00480,9,08,9","07,1,+00780,9,05,9",,"07,99,1,07,1,08,1,00450,1,99,9,99,9",,,,,,"99999,9,09545,1","7,1,001,1,+999,9",,"4,99,0108,1","SYN023333   82816 87626 91121",
"07360099999","1990-09-07T18:00:00","4","46.1666666","1.8666666","551.0","GUERET, FR","FM-12","99999","V020","260,1,N,0031,1","99999,9,9,N","999999,9,N,9","+0133,1","+0090,1","10187,1","06,0000,9,1",,,"4,000",,,,,,,,,,,,"999,M,+0150,1",,"99999,9,09547,1","3,1,002,1,+999,9",,"4,99,0108,1","SYN017333   10150 91121",
"07360099999","1990-09-07T21:00:00","4","46.1666666","1.8666666","551.0","GUERET, FR","FM-12","99999","V020","300,1,N,0021,1","99999,9,9,N","999999,9,N,9","+0114,1","+0083,1","10205,1","06,0000,9,1",,,"4,000",,,,,,,,,,,,,,"99999,9,09559,1","3,1,012,1,+999,9",,"4,99,0062,1","SYN011333   91112",
"07360099999","1990-09-08T00:00:00","4","46.1666666","1.8666666","551.0","GUERET, FR","FM-12","99999","V020","320,1,N,0021,1","99999,9,9,N","999999,9,N,9","+0114,1","+0073,1","10208,1","06,0000,9,1",,,"4,000",,,,,,,,,,,,,,"99999,9,09562,1","1,1,003,1,+999,9",,"4,99,0062,1","SYN011333   91112",
"07360099999","1990-09-08T03:00:00","4","46.1666666","1.8666666","551.0","GUERET, FR","FM-12","99999","V020","310,1,N,0021,1","99999,9,9,N","999999,9,N,9","+0104,1","+0071,1","10210,1","06,0000,9,1",,,"4,000",,,,,,,,,,,,,,"99999,9,09562,1","5,1,000,1,+999,9",,"4,99,0041,1","SYN011333   91108",
"07360099999","1990-09-08T09:00:00","4","46.1666666","1.8666666","551.0","GUERET, FR","FM-12","99999","V020","100,1,N,0021,1","22000,1,C,N","025000,1,N,9","+0148,1","+0094,1","10217,1","06,0000,9,1",,,"4,000",,,,,"01,1,+00780,9,08,9","03,1,+07800,9,00,9",,"03,99,1,01,1,01,1,00800,1,00,1,02,1",,,,,,"99999,9,09578,1","3,1,011,1,+999,9",,"4,99,0062,1","SYN023333   81826 83076 91112",
"07360099999","1990-09-08T12:00:00","4","46.1666666","1.8666666","551.0","GUERET, FR","FM-12","99999","V020","050,1,N,0041,1","22000,1,C,N","030000,1,N,9","+0175,1","+0086,1","10213,1","06,0000,9,1",,,"4,000",,,,,"03,1,+01200,9,08,9",,,"03,99,1,03,1,01,1,01250,1,00,1,00,1",,,,,,"99999,9,09580,1","0,1,002,1,+999,9",,"4,99,0082,1","SYN017333   83840 91116",
"07360099999","1990-09-08T15:00:00","4","46.1666666","1.8666666","551.0","GUERET, FR","FM-12","99999","V020","070,1,N,0041,1","99999,9,9,N","999999,9,N,9","+0172,1","+0075,1","10208,1","06,0000,9,1",,,"4,000",,,,,,,,,,,,,,"99999,9,09574,1","5,1,006,1,+999,9",,"4,99,0098,1","SYN011333   91119",
"07360099999","1990-09-08T18:00:00","4","46.1666666","1.8666666","551.0","GUERET, FR","FM-12","99999","V020","050,1,N,0041,1","99999,9,9,N","999999,9,N,9","+0145,1","+0078,1","10211,1","06,0000,9,1",,,"4,000",,,,,,,,,,,,"999,M,+0188,1",,"99999,9,09571,1","8,1,003,1,+999,9",,"4,99,0108,1","SYN017333   10188 91121",
"07360099999","1990-09-08T21:00:00","4","46.1666666","1.8666666","551.0","GUERET, FR","FM-12","99999","V020","060,1,N,0021,1","99999,9,9,N","999999,9,N,9","+0116,1","+0069,1","10233,1","06,0000,9,1",,,"4,000",,,,,,,,,,,,,,"99999,9,09585,1","3,1,014,1,+999,9",,"4,99,0098,1","SYN011333   91119",
"07360099999","1990-09-09T00:00:00","4","46.1666666","1.8666666","551.0","GUERET, FR","FM-12","99999","V020","080,1,N,0031,1","99999,9,9,N","999999,9,N,9","+0100,1","+0071,1","10238,1","06,0000,9,1",,,"4,000",,,,,,,,,,,,,,"99999,9,09587,1","3,1,002,1,+999,9",,"4,99,0098,1","SYN011333   91119",
"07360099999","1990-09-09T03:00:00","4","46.1666666","1.8666666","551.0","GUERET, FR","FM-12","99999","V020","080,1,N,0041,1","99999,9,9,N","999999,9,N,9","+0088,1","+0074,1","10235,1","06,0000,9,1",,,"4,000",,,,,,,,,,,,,,"99999,9,09582,1","7,1,005,1,+999,9",,"4,99,0082,1","SYN011333   91116",
"07360099999","1990-09-09T06:00:00","4","46.1666666","1.8666666","551.0","GUERET, FR","FM-12","99999","V020","100,1,N,0041,1","22000,1,C,N","006000,1,N,9","+0078,1","+0078,1","10238,1","06,0000,9,1",,,"4,000",,,,,"02,1,+00090,9,07,9","03,1,+07800,9,00,9",,"04,99,1,02,1,06,1,00150,1,00,1,02,1","0672,9","01,9","999,+0070,9","999,N,+0078,1",,"99999,9,09582,1","5,1,000,1,+999,9",,"4,99,0098,1","SYN041333   20078 30007 55112 82703 83076 91119",
"07360099999","1990-09-09T09:00:00","4","46.1666666","1.8666666","551.0","GUERET, FR","FM-12","99999","V020","070,1,N,0031,1","07800,1,C,N","015000,1,N,9","+0141,1","+0107,1","10233,1","06,0000,9,1",,,"4,000",,,,,"05,1,+07800,9,00,9",,,"05,99,1,00,1,00,1,99999,9,00,1,02,1",,,,,,"99999,9,09592,1","2,1,010,1,+999,9",,"4,99,0082,1","SYN017333   85076 91116",
"07360099999","1990-09-09T12:00:00","4","46.1666666","1.8666666","551.0","GUERET, FR","FM-12","99999","V020","060,1,N,0041,1","07800,1,C,N","025000,1,N,9","+0193,1","+0111,1","10218,1","06,0000,9,1",,,"4,000",,,,,"05,1,+07800,9,00,9",,,"05,99,1,00,1,00,1,99999,9,00,1,02,1",,,,,,"99999,9,09589,1","8,1,003,1,+999,9",,"4,99,0088,1","SYN017333   85076 91117",
"07360099999","1990-09-09T15:00:00","4","46.1666666","1.8666666","551.0","GUERET, FR","FM-12","99999","V020","040,1,N,0041,1","99999,9,9,N","999999,9,N,9","+0197,1","+0096,1","10213,1","06,0000,9,1",,,"4,000",,,,,,,,,,,,,,"99999,9,09585,1","7,1,004,1,+999,9",,"4,99,0098,1","SYN011333   91119",
"07360099999","1990-09-09T18:00:00","4","46.1666666","1.8666666","551.0","GUERET, FR","FM-12","99999","V020","050,1,N,0031,1","99999,9,9,N","999999,9,N,9","+0170,1","+0104,1","10222,1","06,0000,9,1",,,"4,000",,,,,,,,,,,,"999,M,+0203,1",,"99999,9,09588,1","3,1,003,1,+999,9",,"4,99,0098,1","SYN017333   10203 91119",
"07360099999","1990-09-09T21:00:00","4","46.1666666","1.8666666","551.0","GUERET, FR","FM-12","99999","V020","070,1,N,0031,1","99999,9,9,N","999999,9,N,9","+0140,1","+0096,1","10237,1","06,0000,9,1",,,"4,000",,,,,,,,,,,,,,"99999,9,09595,1","1,1,007,1,+999,9",,"4,99,0082,1","SYN011333   91116",
"07360099999","1990-09-10T00:00:00","4","46.1666666","1.8666666","551.0","GUERET, FR","FM-12","99999","V020","060,1,N,0031,1","99999,9,9,N","999999,9,N,9","+0118,1","+0099,1","10237,1","06,0000,9,1",,,"4,000",,,,,,,,,,,,,,"99999,9,09590,1","8,1,005,1,+999,9",,"4,99,0082,1","SYN011333   91116",
"07360099999","1990-09-10T03:00:00","4","46.1666666","1.8666666","551.0","GUERET, FR","FM-12","99999","V020","080,1,N,0021,1","99999,9,9,N","999999,9,N,9","+0103,1","+0086,1","10236,1","06,0000,9,1",,,"4,000",,,,,,,,,,,,,,"99999,9,09586,1","6,1,004,1,+999,9",,"4,99,0088,1","SYN011333   91117",
"07360099999","1990-09-10T06:00:00","4","46.1666666","1.8666666","551.0","GUERET, FR","FM-12","99999","V020","100,1,N,0041,1","22000,1,C,N","008000,1,N,9","+0093,1","+0084,1","10234,1","06,0000,9,1",,,"4,000",,,,,"02,1,+07800,9,00,9",,,"02,99,1,00,1,00,1,99999,9,00,1,02,1","0720,9","01,9","999,+0080,9","999,N,+0090,1",,"99999,9,09582,1","6,1,004,1,+999,9",,"4,99,0088,1","SYN035333   20090 30008 55120 82076 91117",
"07360099999","1990-09-10T09:00:00","4","46.1666666","1.8666666","551.0","GUERET, FR","FM-12","99999","V020","050,1,N,0031,1","22000,1,C,N","010000,1,N,9","+0160,1","+0112,1","10221,1","06,0000,9,1",,,"4,000",,,,,,,,"00,99,1,00,1,00,1,99999,9,00,1,00,1",,,,,,"99999,9,09584,1","3,1,002,1,+999,9",,"4,99,0072,1","SYN011333   91114",
"07360099999","1990-09-10T12:00:00","4","46.1666666","1.8666666","551.0","GUERET, FR","FM-12","99999","V020","050,1,N,0031,1","22000,1,C,N","030000,1,N,9","+0204,1","+0105,1","10206,1","06,0000,9,1",,,"4,000",,,,,,,,"00,99,1,00,1,00,1,99999,9,00,1,00,1",,,,,,"99999,9,09579,1","8,1,005,1,+999,9",,"4,99,0098,1","SYN011333   91119",
"07360099999","1990-09-10T15:00:00","4","46.1666666","1.8666666","551.0","GUERET, FR","FM-12","99999","V020","030,1,N,0041,1","22000,1,C,N","030000,1,N,9","+0208,1","+0081,1","10195,1","06,0000,9,1",,,"4,000",,,,,,,,"00,99,1,00,1,00,1,99999,9,00,1,00,1",,,,,,"99999,9,09570,1","8,1,009,1,+999,9",,"4,99,0098,1","SYN011333   91119",
"07360099999","1990-09-10T18:00:00","4","46.1666666","1.8666666","551.0","GUERET, FR","FM-12","99999","V020","040,1,N,0031,1","99999,9,9,N","999999,9,N,9","+0167,1","+0079,1","10201,1","06,0000,9,1",,,"4,000",,,,,,,,,,,,"999,M,+0213,1",,"99999,9,09567,1","5,1,003,1,+999,9",,"4,99,0098,1","SYN017333   10213 91119",
"07360099999","1990-09-10T21:00:00","4","46.1666666","1.8666666","551.0","GUERET, FR","FM-12","99999","V020","060,1,N,0041,1","99999,9,9,N","999999,9,N,9","+0134,1","+0083,1","10216,1","06,0000,9,1",,,"4,000",,,,,,,,,,,,,,"99999,9,09574,1","2,1,007,1,+999,9",,"4,99,0082,1","SYN011333   91116",
"07360099999","1990-09-11T00:00:00","4","46.1666666","1.8666666","551.0","GUERET, FR","FM-12","99999","V020","060,1,N,0031,1","99999,9,9,N","999999,9,N,9","+0113,1","+0080,1","10225,1","06,0000,9,1",,,"4,000",,,,,,,,,,,,,,"99999,9,09577,1","0,1,003,1,+999,9",,"4,99,0082,1","SYN011333   91116",
"07360099999","1990-09-11T03:00:00","4","46.1666666","1.8666666","551.0","GUERET, FR","FM-12","99999","V020","080,1,N,0041,1","99999,9,9,N","999999,9,N,9","+0096,1","+0079,1","10219,1","06,0000,9,1",,,"4,000",,,,,,,,,,,,,,"99999,9,09568,1","7,1,009,1,+999,9",,"4,99,0098,1","SYN011333   91119",
"07360099999","1990-09-11T06:00:00","4","46.1666666","1.8666666","551.0","GUERET, FR","FM-12","99999","V020","070,1,N,0041,1","07800,1,C,N","010000,1,N,9","+0094,1","+0085,1","10223,1","06,0000,9,1",,,"4,000",,,,,"01,1,+03900,9,03,9","05,1,+07800,9,00,9",,"05,99,1,01,1,00,1,99999,9,03,1,02,1","0726,9","01,9","999,+0080,9","999,N,+0088,1",,"99999,9,09572,1","3,1,004,1,+999,9",,"4,99,0098,1","SYN041333   20088 30008 55121 81363 85076 91119",
"07360099999","1990-09-11T09:00:00","4","46.1666666","1.8666666","551.0","GUERET, FR","FM-12","99999","V020","060,1,N,0041,1","22000,1,C,N","015000,1,N,9","+0152,1","+0108,1","10215,1","06,0000,9,1",,,"4,000",,,,,"04,1,+07800,9,00,9",,,"04,99,1,00,1,00,1,99999,9,00,1,02,1",,,,,,"99999,9,09577,1","1,1,005,1,+999,9",,"4,99,0088,1","SYN017333   84076 91117",
"07360099999","1990-09-11T15:00:00","4","46.1666666","1.8666666","551.0","GUERET, FR","FM-12","99999","V020","030,1,N,0041,1","22000,1,C,N","030000,1,N,9","+0196,1","+0103,1","10199,1","06,0000,9,1",,,"4,000",,,,,"01,1,+01290,9,08,9",,,"02,99,1,01,1,01,1,01250,1,00,1,02,1",,,,,,"99999,9,09571,1","6,1,004,1,+999,9",,"4,99,0108,1","SYN017333   81843 91121",
"07360099999","1990-09-11T18:00:00","4","46.1666666","1.8666666","551.0","GUERET, FR","FM-12","99999","V020","050,1,N,0041,1","99999,9,9,N","999999,9,N,9","+0152,1","+0087,1","10212,1","06,0000,9,1",,,"4,000",,,,,,,,,,,,"999,M,+0210,1",,"99999,9,09574,1","1,1,003,1,+999,9",,"4,99,0108,1","SYN017333   10210 91121",
"07360099999","1990-09-11T21:00:00","4","46.1666666","1.8666666","551.0","GUERET, FR","FM-12","99999","V020","050,1,N,0031,1","99999,9,9,N","999999,9,N,9","+0122,1","+0065,1","10227,1","06,0000,9,1",,,"4,000",,,,,,,,,,,,,,"99999,9,09581,1","0,1,007,1,+999,9",,"4,99,0088,1","SYN011333   91117",
"07360099999","1990-09-12T00:00:00","4","46.1666666","1.8666666","551.0","GUERET, FR","FM-12","99999","V020","060,1,N,0021,1","99999,9,9,N","999999,9,N,9","+0104,1","+0062,1","10229,1","06,0000,9,1",,,"4,000",,,,,,,,,,,,,,"99999,9,09579,1","8,1,002,1,+999,9",,"4,99,0088,1","SYN011333   91117",
"07360099999","1990-09-12T03:00:00","4","46.1666666","1.8666666","551.0","GUERET, FR","FM-12","99999","V020","070,1,N,0031,1","99999,9,9,N","999999,9,N,9","+0087,1","+0062,1","10230,1","06,0000,9,1",,,"4,000",,,,,,,,,,,,,,"99999,9,09576,1","7,1,003,1,+999,9",,"4,99,0082,1","SYN011333   91116",
"07360099999","1990-09-12T06:00:00","4","46.1666666","1.8666666","551.0","GUERET, FR","FM-12","99999","V020","080,1,N,0031,1","22000,1,C,N","006000,1,N,9","+0079,1","+0068,1","10227,1","06,0000,9,1",,,"4,000",,,,,"01,1,+07800,9,00,9",,,"01,99,1,00,1,00,1,99999,9,00,1,01,1","0708,9","01,9","999,+0060,9","999,N,+0073,1",,"99999,9,09571,1","6,1,005,1,+999,9",,"4,99,0088,1","SYN035333   20073 30006 55118 81076 91117",
"07360099999","1990-09-12T21:00:00","4","46.1666666","1.8666666","551.0","GUERET, FR","FM-12","99999","V020","090,1,N,0051,1","99999,9,9,N","999999,9,N,9","+0150,1","+0100,1","10193,1","06,0000,9,1",,,"4,000",,,,,,,,,,,,,,"99999,9,09556,1","0,1,003,1,+999,9",,"4,99,0088,1","SYN011333   91117",
"07360099999","1990-09-13T00:00:00","4","46.1666666","1.8666666","551.0","GUERET, FR","FM-12","99999","V020","130,1,N,0021,1","99999,9,9,N","999999,9,N,9","+0129,1","+0099,1","10191,1","06,0000,9,1",,,"4,000",,,,,,,,,,,,,,"99999,9,09550,1","7,1,006,1,+999,9",,"4,99,0088,1","SYN011333   91117",
"07360099999","1990-09-13T03:00:00","4","46.1666666","1.8666666","551.0","GUERET, FR","FM-12","99999","V020","110,1,N,0031,1","99999,9,9,N","999999,9,N,9","+0125,1","+0104,1","10185,1","06,0000,9,1",,,"4,000",,,,,,,,,,,,,,"99999,9,09544,1","6,1,006,1,+999,9",,"4,99,0062,1","SYN011333   91112",
"07360099999","1990-09-13T06:00:00","4","46.1666666","1.8666666","551.0","GUERET, FR","FM-12","99999","V020","120,1,N,0031,1","22000,1,C,N","008000,1,N,9","+0127,1","+0086,1","10185,1","06,0000,9,1",,,"4,000",,,,,"01,1,+07800,9,00,9",,,"01,99,1,00,1,00,1,99999,9,00,1,01,1","0720,9","01,9","999,+0100,9","999,N,+0121,1",,"99999,9,09544,1","5,1,000,1,+999,9",,"4,99,0062,1","SYN035333   20121 30010 55120 81076 91112",
"07360099999","1990-09-13T09:00:00","4","46.1666666","1.8666666","551.0","GUERET, FR","FM-12","99999","V020","050,1,N,0010,1","22000,1,C,N","008000,1,N,9","+0202,1","+0122,1","10174,1","06,0000,9,1",,,"4,000",,,,,"01,1,+07800,9,00,9",,,"01,99,1,00,1,00,1,99999,9,00,1,01,1",,,,,,"99999,9,09549,1","2,1,005,1,+999,9",,"4,99,0062,1","SYN017333   81076 91112",
"07360099999","1990-09-13T12:00:00","4","46.1666666","1.8666666","551.0","GUERET, FR","FM-12","99999","V020","060,1,N,0010,1","22000,1,C,N","009000,1,N,9","+0233,1","+0093,1","10162,1","06,0000,9,1",,,"4,000",,,,,"02,1,+08400,9,00,9",,,"02,99,1,00,1,00,1,99999,9,00,1,01,1",,,,,,"99999,9,09544,1","8,1,005,1,+999,9",,"4,99,0062,1","SYN017333   82078 91112",
"07360099999","1990-09-13T15:00:00","4","46.1666666","1.8666666","551.0","GUERET, FR","FM-12","99999","V020","350,1,N,0010,1","22000,1,C,N","010000,1,N,9","+0245,1","+0100,1","10158,1","06,0000,9,1",,,"4,000",,,,,"02,1,+08400,9,00,9",,,"02,99,1,00,1,00,1,99999,9,00,1,01,1",,,,,,"99999,9,09542,1","6,1,002,1,+999,9",,"4,99,0051,1","SYN017333   82078 91110",
"07360099999","1990-09-13T18:00:00","4","46.1666666","1.8666666","551.0","GUERET, FR","FM-12","99999","V020","070,1,N,0021,1","99999,9,9,N","999999,9,N,9","+0205,1","+0109,1","10168,1","06,0000,9,1",,,"4,000",,,,,,,,,,,,"999,M,+0252,1",,"99999,9,09545,1","3,1,003,1,+999,9",,"4,99,0051,1","SYN017333   10252 91110",
"07360099999","1990-09-13T21:00:00","4","46.1666666","1.8666666","551.0","GUERET, FR","FM-12","99999","V020","110,1,N,0021,1","99999,9,9,N","999999,9,N,9","+0185,1","+0123,1","10187,1","06,0000,9,1",,,"4,000",,,,,,,,,,,,,,"99999,9,09558,1","1,1,013,1,+999,9",,"4,99,0051,1","SYN011333   91110",
"07360099999","1990-09-14T00:00:00","4","46.1666666","1.8666666","551.0","GUERET, FR","FM-12","99999","V020","200,1,N,0031,1","99999,9,9,N","999999,9,N,9","+0175,1","+0151,1","10192,1","06,0000,9,1",,,"4,000",,,,,,,,,,,,,,"99999,9,09562,1","1,1,004,1,+999,9",,"4,99,0072,1","SYN011333   91114",
"07360099999","1990-09-14T03:00:00","4","46.1666666","1.8666666","551.0","GUERET, FR","FM-12","99999","V020","230,1,N,0031,1","99999,9,9,N","999999,9,N,9","+0179,1","+0162,1","10193,1","06,0000,9,1",,,"4,000",,,,,,,,,,,,,,"99999,9,09564,1","3,1,002,1,+999,9",,"4,99,0108,1","SYN011333   91121",
"07360099999","1990-09-14T06:00:00","4","46.1666666","1.8666666","551.0","GUERET, FR","FM-12","99999","V020","200,1,N,0021,1","03000,1,C,N","006000,1,N,9","+0172,1","+0166,1","10202,1","06,0000,9,1",,,"4,000",,,,,"02,1,+00690,9,09,9","04,1,+00990,9,05,9","05,1,+03000,9,03,9","08,99,1,04,1,03,1,00800,1,03,1,99,9","0702,9","01,9","999,+0140,9","999,N,+0171,1",,"99999,9,09570,1","2,1,006,1,+999,9",,"4,99,0108,1","SYN047333   20171 30014 55117 82923 84633 85360 91121",
"07360099999","1990-09-14T09:00:00","4","46.1666666","1.8666666","551.0","GUERET, FR","FM-12","99999","V020","230,1,N,0031,1","00480,1,C,N","006000,1,N,9","+0155,1","+0155,1","10228,1","03,0590,9,1",,,"0,001",,,"9,1,03,1","8,1,03,1","05,1,+00480,9,09,9","07,1,+00780,9,05,9",,"08,99,1,07,1,09,1,00450,1,99,9,99,9",,,,,,"99999,9,09587,1","1,1,017,1,+999,9","29,1","4,99,9999,9","SYN029333   60597 85916 87626 91172","Q01  03713WGOSPD"
"07360099999","1990-09-14T12:00:00","4","46.1666666","1.8666666","551.0","GUERET, FR","FM-12","99999","V020","240,1,N,0041,1","00300,1,C,N","003000,1,N,9","+0156,1","+0156,1","10232,1","03,0050,9,1","06,0050,9,1",,"0,001",,,"6,1,06,1","4,1,06,1","05,1,+00300,9,07,9","05,1,+00480,9,05,9",,"08,99,1,08,1,07,1,00450,1,99,9,99,9",,,,,,"99999,9,09591,1","3,1,004,1,+999,9","61,1","4,99,0170,1","SYN029333   60057 85710 85616 91133",
"07360099999","1990-09-14T15:00:00","4","46.1666666","1.8666666","551.0","GUERET, FR","FM-12","99999","V020","020,1,N,0010,1","03000,1,C,N","006000,1,N,9","+0161,1","+0161,1","10220,1","03,0070,9,1",,,"0,001",,,"9,1,03,1","6,1,03,1","03,1,+00390,9,05,9","07,1,+03000,9,03,9",,"08,99,1,03,1,05,1,00450,1,03,1,99,9",,,,,,"99999,9,09581,1","6,1,010,1,+999,9","21,1","4,99,0082,1","SYN029333   60077 83613 87360 91116",
"07360099999","1990-09-14T18:00:00","4","46.1666666","1.8666666","551.0","GUERET, FR","FM-12","99999","V020","170,1,N,0021,1","99999,9,9,N","999999,9,N,9","+0160,1","+0160,1","10220,1","99,0710,9,1",,,"0,000",,,,,,,,,,,,"999,M,+0178,1",,"99999,9,09585,1","1,1,004,1,+999,9",,"4,99,0082,1","SYN017333   10178 91116",
"07360099999","1990-09-14T21:00:00","4","46.1666666","1.8666666","551.0","GUERET, FR","FM-12","99999","V020","140,1,N,0010,1","99999,9,9,N","999999,9,N,9","+0144,1","+9999,9","10236,1","03,0002,9,1","99,0003,9,1",,"0,000",,,"4,1,03,1",,,,,,,,,,,"99999,9,09592,1","0,1,007,1,+999,9","41,1","4,99,0031,1","SYN017333   69927 91106",
"07360099999","1990-09-15T00:00:00","4","46.1666666","1.8666666","551.0","GUERET, FR","FM-12","99999","V020","170,1,N,0021,1","99999,9,9,N","999999,9,N,9","+0154,1","+0154,1","10233,1","06,0003,9,1",,,"0,000",,,,,,,,,,,,,,"99999,9,09595,1","0,1,003,1,+999,9",,"4,99,0031,1","SYN011333   91106",
"07360099999","1990-09-15T03:00:00","4","46.1666666","1.8666666","551.0","GUERET, FR","FM-12","99999","V020","090,1,N,0010,1","99999,9,9,N","999999,9,N,9","+0151,1","+0151,1","10231,1","06,0000,9,1",,,"4,000",,,,,,,,,,,,,,"99999,9,09593,1","5,1,002,1,+999,9",,"4,99,0021,1","SYN011333   91104",
"07360099999","1990-09-15T06:00:00","4","46.1666666","1.8666666","551.0","GUERET, FR","FM-12","99999","V020","110,1,N,0021,1","02700,1,C,N","020000,1,N,9","+0151,1","+0151,1","10232,1","24,0710,9,1","99,0003,9,1",,"0,000",,,,,"03,1,+00900,9,05,9","06,1,+02700,9,03,9",,"08,99,1,03,1,05,1,00800,1,07,1,99,9","0024,9","09,9","999,+0120,9","999,N,+0142,1",,"99999,9,09594,1","3,1,001,1,+999,9",,"4,99,0051,1","SYN047333   20142 31012 55004 70710 83630 86359 91110",
"07360099999","1990-09-15T09:00:00","4","46.1666666","1.8666666","551.0","GUERET, FR","FM-12","99999","V020","100,1,N,0021,1","02700,1,C,N","005000,1,N,9","+0165,1","+0165,1","10230,1","06,0000,9,1",,,"4,000",,,,,"02,1,+00900,9,05,9","05,1,+02700,9,03,9",,"06,99,1,02,1,05,1,00800,1,03,1,00,1",,,,,,"99999,9,09596,1","3,1,002,1,+999,9",,"4,99,0062,1","SYN023333   82630 85359 91112",
"07360099999","1990-09-15T12:00:00","4","46.1666666","1.8666666","551.0","GUERET, FR","FM-12","99999","V020","060,1,N,0021,1","03000,1,C,N","018000,1,N,9","+0211,1","+0163,1","10214,1","06,0000,9,1",,,"4,000",,,,,"03,1,+00630,9,08,9","06,1,+03000,9,03,9",,"06,99,1,03,1,02,1,00800,1,03,1,00,1",,,,,,"99999,9,09590,1","6,1,006,1,+999,9",,"4,99,0062,1","SYN023333   83821 86360 91112",
"07360099999","1990-09-15T15:00:00","4","46.1666666","1.8666666","551.0","GUERET, FR","FM-12","99999","V020","040,1,N,0031,1","99999,9,9,N","999999,9,N,9","+0209,1","+0165,1","10201,1","06,0000,9,1",,,"4,000",,,,,,,,,,,,,,"99999,9,09578,1","8,1,012,1,+999,9",,"4,99,0072,1","SYN011333   91114",
"07360099999","1990-09-15T18:00:00","4","46.1666666","1.8666666","551.0","GUERET, FR","FM-12","99999","V020","060,1,N,0021,1","99999,9,9,N","999999,9,N,9","+0183,1","+0152,1","10203,1","06,0000,9,1",,,"4,000",,,,,,,,,,,,"999,M,+0229,1",,"99999,9,09574,1","7,1,004,1,+999,9",,"4,99,0072,1","SYN017333   10229 91114",
"07360099999","1990-09-15T21:00:00","4","46.1666666","1.8666666","551.0","GUERET, FR","FM-12","99999","V020","070,1,N,0021,1","99999,9,9,N","999999,9,N,9","+0162,1","+0118,1","10216,1","06,0000,9,1",,,"4,000",,,,,,,,,,,,,,"99999,9,09581,1","0,1,007,1,+999,9",,"4,99,0051,1","SYN011333   91110",
"07360099999","1990-09-16T00:00:00","4","46.1666666","1.8666666","551.0","GUERET, FR","FM-12","99999","V020","120,1,N,0021,1","99999,9,9,N","999999,9,N,9","+0145,1","+0116,1","10211,1","06,0000,9,1",,,"4,000",,,,,,,,,,,,,,"99999,9,09572,1","6,1,009,1,+999,9",,"4,99,0051,1","SYN011333   91110",
"07360099999","1990-09-16T03:00:00","4","46.1666666","1.8666666","551.0","GUERET, FR","FM-12","99999","V020","120,1,N,0021,1","99999,9,9,N","999999,9,N,9","+0133,1","+0117,1","10211,1","06,0000,9,1",,,"4,000",,,,,,,,,,,,,,"99999,9,09570,1","7,1,002,1,+999,9",,"4,99,0051,1","SYN011333   91110",
"07360099999","1990-09-16T06:00:00","4","46.1666666","1.8666666","551.0","GUERET, FR","FM-12","99999","V020","120,1,N,0031,1","22000,1,C,N","006000,1,N,9","+0127,1","+0116,1","10214,1","06,0000,9,1",,,"4,000",,,,,"01,1,+03000,9,03,9","04,1,+07800,9,00,9",,"04,99,1,01,1,00,1,99999,9,03,1,01,1","0336,9","01,9","999,+0100,9","999,N,+0121,1",,"99999,9,09571,1","3,1,001,1,+999,9",,"4,99,0051,1","SYN041333   20121 30010 55056 81360 84076 91110",
"07360099999","1990-09-16T09:00:00","4","46.1666666","1.8666666","551.0","GUERET, FR","FM-12","99999","V020","070,1,N,0021,1","22000,1,C,N","006000,1,N,9","+0174,1","+0137,1","10204,1","06,0000,9,1",,,"4,000",,,,,"01,1,+07800,9,00,9",,,"01,99,1,00,1,00,1,99999,9,00,1,01,1",,,,,,"99999,9,09572,1","3,1,001,1,+999,9",,"4,99,0062,1","SYN017333   81076 91112",
"07360099999","1990-09-16T12:00:00","4","46.1666666","1.8666666","551.0","GUERET, FR","FM-12","99999","V020","050,1,N,0021,1","22000,1,C,N","018000,1,N,9","+0218,1","+0147,1","10191,1","06,0000,9,1",,,"4,000",,,,,"01,1,+00600,9,08,9",,,"01,99,1,01,1,01,1,00800,1,00,1,00,1",,,,,,"99999,9,09569,1","8,1,003,1,+999,9",,"4,99,0062,1","SYN017333   81820 91112",
"07360099999","1990-09-16T15:00:00","4","46.1666666","1.8666666","551.0","GUERET, FR","FM-12","99999","V020","010,1,N,0021,1","99999,9,9,N","999999,9,N,9","+0226,1","+0131,1","10174,1","06,0000,9,1",,,"4,000",,,,,,,,,,,,,,"99999,9,09555,1","6,1,014,1,+999,9",,"4,99,0051,1","SYN011333   91110",
"07360099999","1990-09-17T06:00:00","4","46.1666666","1.8666666","551.0","GUERET, FR","FM-12","99999","V020","320,1,N,0021,1","22000,1,C,N","008000,1,N,9","+0132,1","+0113,1","10186,1","06,0000,9,1",,,"4,000",,,,,"04,1,+07800,9,00,9",,,"04,99,1,00,1,00,1,99999,9,00,1,01,1","0690,9","01,9","999,+0100,9","999,N,+0132,1",,"99999,9,09546,1","2,1,004,1,+999,9",,"4,99,0041,1","SYN035333   20132 30010 55115 84076 91108",
"07360099999","1990-09-17T09:00:00","4","46.1666666","1.8666666","551.0","GUERET, FR","FM-12","99999","V020","320,1,N,0031,1","22000,1,C,N","006000,1,N,9","+0169,1","+0126,1","10199,1","06,0000,9,1",,,"4,000",,,,,,,,"00,99,1,00,1,00,1,99999,9,00,1,00,1",,,,,,"99999,9,09567,1","3,1,021,1,+999,9",,"4,99,0062,1","SYN011333   91112",
"07360099999","1990-09-17T12:00:00","4","46.1666666","1.8666666","551.0","GUERET, FR","FM-12","99999","V020","350,1,N,0010,1","22000,1,C,N","010000,1,N,9","+0199,1","+0124,1","10195,1","06,0000,9,1",,,"4,000",,,,,"01,1,+00780,9,08,9",,,"01,99,1,01,1,01,1,00800,1,00,1,00,1",,,,,,"99999,9,09568,1","2,1,001,1,+999,9",,"4,99,0062,1","SYN017333   81826 91112",
"07360099999","1990-09-17T18:00:00","4","46.1666666","1.8666666","551.0","GUERET, FR","FM-12","99999","V020","260,1,N,0031,1","99999,9,9,N","999999,9,N,9","+0161,1","+0095,1","10209,1","06,0000,9,1",,,"4,000",,,,,,,,,,,,"999,M,+0216,1",,"99999,9,09573,1","3,1,004,1,+999,9",,"4,99,0062,1","SYN017333   10216 91112",
"07360099999","1990-09-17T21:00:00","4","46.1666666","1.8666666","551.0","GUERET, FR","FM-12","99999","V020","280,1,N,0031,1","99999,9,9,N","999999,9,N,9","+0149,1","+0084,1","10225,1","06,0000,9,1",,,"4,000",,,,,,,,,,,,,,"99999,9,09585,1","1,1,012,1,+999,9",,"4,99,0051,1","SYN011333   91110",
"07360099999","1990-09-18T00:00:00","4","46.1666666","1.8666666","551.0","GUERET, FR","FM-12","99999","V020","240,1,N,0021,1","99999,9,9,N","999999,9,N,9","+0152,1","+0084,1","10225,1","06,0000,9,1",,,"4,000",,,,,,,,,,,,,,"99999,9,09586,1","1,1,001,1,+999,9",,"4,99,0051,1","SYN011333   91110",
"07360099999","1990-09-18T03:00:00","4","46.1666666","1.8666666","551.0","GUERET, FR","FM-12","99999","V020","270,1,N,0021,1","99999,9,9,N","999999,9,N,9","+0134,1","+0087,1","10231,1","06,0000,9,1",,,"4,000",,,,,,,,,,,,,,"99999,9,09588,1","0,1,002,1,+999,9",,"4,99,0062,1","SYN011333   91112",
"07360099999","1990-09-18T06:00:00","4","46.1666666","1.8666666","551.0","GUERET, FR","FM-12","99999","V020","330,1,N,0021,1","22000,1,C,N","007000,1,N,9","+0110,1","+0082,1","10245,1","06,0000,9,1",,,"4,000",,,,,"03,1,+03000,9,03,9",,,"04,99,1,03,1,00,1,99999,9,03,1,01,1","0606,9","01,9","999,+0100,9","999,N,+0110,1",,"99999,9,09595,1","3,1,007,1,+999,9",,"4,99,0062,1","SYN035333   20110 30010 55101 83360 91112",
"07360099999","1990-09-18T09:00:00","4","46.1666666","1.8666666","551.0","GUERET, FR","FM-12","99999","V020","060,1,N,0021,1","22000,1,C,N","005000,1,N,9","+0148,1","+0106,1","10247,1","06,0000,9,1",,,"4,000",,,,,"01,1,+07800,9,00,9",,,"01,99,1,00,1,00,1,99999,9,00,1,01,1",,,,,,"99999,9,09606,1","3,1,011,1,+999,9",,"4,99,0031,1","SYN017333   81076 91106",
"07360099999","1990-09-18T12:00:00","4","46.1666666","1.8666666","551.0","GUERET, FR","FM-12","99999","V020","320,1,N,0010,1","22000,1,C,N","007000,1,N,9","+0182,1","+0113,1","10239,1","06,0000,9,1",,,"4,000",,,,,"03,1,+00900,9,08,9",,,"04,99,1,03,1,01,1,00800,1,00,1,01,1",,,,,,"99999,9,09606,1","4,1,000,1,+999,9",,"4,99,0041,1","SYN017333   83830 91108",
"07360099999","1990-09-18T15:00:00","4","46.1666666","1.8666666","551.0","GUERET, FR","FM-12","99999","V020","320,1,N,0021,1","22000,1,C,N","010000,1,N,9","+0192,1","+0115,1","10226,1","06,0000,9,1",,,"4,000",,,,,,,,"00,99,1,00,1,00,1,99999,9,00,1,00,1",,,,,,"99999,9,09596,1","6,1,010,1,+999,9",,"4,99,0051,1","SYN011333   91110",
"07360099999","1990-09-18T18:00:00","4","46.1666666","1.8666666","551.0","GUERET, FR","FM-12","99999","V020","360,1,N,0021,1","99999,9,9,N","999999,9,N,9","+0161,1","+0095,1","10227,1","06,0000,9,1",,,"4,000",,,,,,,,,,,,"999,M,+0196,1",,"99999,9,09590,1","8,1,006,1,+999,9",,"4,99,0051,1","SYN017333   10196 91110",
"07360099999","1990-09-18T21:00:00","4","46.1666666","1.8666666","551.0","GUERET, FR","FM-12","99999","V020","100,1,N,0021,1","99999,9,9,N","999999,9,N,9","+0139,1","+0077,1","10230,1","06,0000,9,1",,,"4,000",,,,,,,,,,,,,,"99999,9,09588,1","8,1,002,1,+999,9",,"4,99,0031,1","SYN011333   91106",
"07360099999","1990-09-19T00:00:00","4","46.1666666","1.8666666","551.0","GUERET, FR","FM-12","99999","V020","140,1,N,0031,1","99999,9,9,N","999999,9,N,9","+0141,1","+0085,1","10211,1","06,0000,9,1",,,"4,000",,,,,,,,,,,,,,"99999,9,09571,1","8,1,017,1,+999,9",,"4,99,0062,1","SYN011333   91112",
"07360099999","1990-09-19T03:00:00","4","46.1666666","1.8666666","551.0","GUERET, FR","FM-12","99999","V020","190,1,N,0031,1","99999,9,9,N","999999,9,N,9","+0146,1","+0069,1","10188,1","06,0000,9,1",,,"4,000",,,,,,,,,,,,,,"99999,9,09550,1","6,1,021,1,+999,9",,"4,99,0072,1","SYN011333   91114",
"07360099999","1990-09-19T06:00:00","4","46.1666666","1.8666666","551.0","GUERET, FR","FM-12","99999","V020","220,1,N,0051,1","22000,1,C,N","012000,1,N,9","+0147,1","+0084,1","10173,1","06,0000,9,1",,,"4,000",,,,,"02,1,+07800,9,00,9",,,"02,99,1,00,1,00,1,99999,9,00,1,01,1","0648,9","01,9","999,+0100,9","999,N,+0134,1",,"99999,9,09536,1","6,1,014,1,+999,9",,"4,99,0098,1","SYN035333   20134 30010 55108 82076 91119",
"07360099999","1990-09-19T09:00:00","4","46.1666666","1.8666666","551.0","GUERET, FR","FM-12","99999","V020","230,1,N,0051,1","22000,1,C,N","010000,1,N,9","+0172,1","+0112,1","10169,1","06,0000,9,1",,,"4,000",,,,,"03,1,+07800,9,00,9",,,"03,99,1,00,1,00,1,99999,9,00,1,01,1",,,,,,"99999,9,09538,1","3,1,002,1,+999,9",,"4,99,0108,1","SYN017333   83076 91121",
"07360099999","1990-09-19T12:00:00","4","46.1666666","1.8666666","551.0","GUERET, FR","FM-12","99999","V020","230,1,N,0041,1","22000,1,C,N","013000,1,N,9","+0211,1","+0112,1","10153,1","06,0000,9,1",,,"4,000",,,,,"04,1,+07800,9,00,9",,,"04,99,1,00,1,00,1,99999,9,00,1,01,1",,,,,,"99999,9,09532,1","8,1,006,1,+999,9",,"4,99,0129,1","SYN017333   84076 91125",
"07360099999","1990-09-19T15:00:00","4","46.1666666","1.8666666","551.0","GUERET, FR","FM-12","99999","V020","260,1,N,0062,1","07800,1,C,N","015000,1,N,9","+0222,1","+0113,1","10139,1","06,0000,9,1",,,"4,000",,,,,"05,1,+07800,9,00,9",,,"05,99,1,00,1,00,1,99999,9,00,1,01,1",,,,,,"99999,9,09521,1","7,1,011,1,+999,9",,"4,99,0118,1","SYN017333   85076 91123",
"07360099999","1990-09-19T18:00:00","4","46.1666666","1.8666666","551.0","GUERET, FR","FM-12","99999","V020","270,1,N,0031,1","99999,9,9,N","999999,9,N,9","+0171,1","+0118,1","10155,1","06,0000,9,1",,,"4,000",,,,,,,,,,,,"999,M,+0222,1",,"99999,9,09525,1","3,1,004,1,+999,9",,"4,99,0118,1","SYN017333   10222 91123",
"07360099999","1990-09-19T21:00:00","4","46.1666666","1.8666666","551.0","GUERET, FR","FM-12","99999","V020","240,1,N,0031,1","99999,9,9,N","999999,9,N,9","+0139,1","+0099,1","10167,1","06,0000,9,1",,,"4,000",,,,,,,,,,,,,,"99999,9,09529,1","0,1,004,1,+999,9",,"4,99,0082,1","SYN011333   91116",
"07360099999","1990-09-20T00:00:00","4","46.1666666","1.8666666","551.0","GUERET, FR","FM-12","99999","V020","340,1,N,0010,1","99999,9,9,N","999999,9,N,9","+0136,1","+0089,1","10170,1","06,0000,9,1",,,"4,000",,,,,,,,,,,,,,"99999,9,09531,1","0,1,002,1,+999,9",,"4,99,0082,1","SYN011333   91116",
"07360099999","1990-09-20T03:00:00","4","46.1666666","1.8666666","551.0","GUERET, FR","FM-12","99999","V020","290,1,N,0031,1","99999,9,9,N","999999,9,N,9","+0138,1","+0115,1","10157,1","06,0000,9,1",,,"4,000",,,,,,,,,,,,,,"99999,9,09520,1","5,1,011,1,+999,9",,"4,99,0041,1","SYN011333   91108",
"07360099999","1990-09-20T06:00:00","4","46.1666666","1.8666666","551.0","GUERET, FR","FM-12","99999","V020","310,1,N,0021,1","00990,1,C,N","010000,1,N,9","+0116,1","+0111,1","10165,1","06,0000,9,1",,,"4,000",,,,,"03,1,+00180,9,07,9","07,1,+00990,9,05,9",,"08,99,1,08,1,05,1,00250,1,99,9,99,9","0546,9","01,9","999,+0100,9","999,N,+0116,1",,"99999,9,09523,1","3,1,003,1,+999,9",,"4,99,0051,1","SYN041333   20116 30010 55091 83706 87633 91110",
"07360099999","1990-09-20T09:00:00","4","46.1666666","1.8666666","551.0","GUERET, FR","FM-12","99999","V020","310,1,N,0021,1","00480,1,C,N","015000,1,N,9","+0147,1","+0120,1","10163,1","06,0000,9,1",,,"4,000",,,,,"05,1,+00480,9,08,9",,,"05,99,1,05,1,02,1,00450,1,03,1,00,1",,,,,,"99999,9,09527,1","1,1,004,1,+999,9",,"4,99,0051,1","SYN017333   85816 91110",
"07360099999","1990-09-20T12:00:00","4","46.1666666","1.8666666","551.0","GUERET, FR","FM-12","99999","V020","280,1,N,0041,1","22000,1,C,N","030000,1,N,9","+0181,1","+0119,1","10153,1","06,0000,9,1",,,"4,000",,,,,"03,1,+00900,9,08,9",,,"03,99,1,03,1,02,1,00800,1,00,1,00,1",,,,,,"99999,9,09526,1","8,1,001,1,+999,9",,"4,99,0118,1","SYN017333   83830 91123",
"07360099999","1990-09-20T15:00:00","4","46.1666666","1.8666666","551.0","GUERET, FR","FM-12","99999","V020","280,1,N,0041,1","07800,1,C,N","050000,1,N,9","+0172,1","+0110,1","10142,1","06,0000,9,1",,,"4,000",,,,,"03,1,+01080,9,08,9","06,1,+07800,9,00,9",,"07,99,1,03,1,02,1,01250,1,00,1,02,1",,,,,,"99999,9,09513,1","6,1,013,1,+999,9",,"4,99,0108,1","SYN023333   83836 86076 91121",
"07360099999","1990-09-20T18:00:00","4","46.1666666","1.8666666","551.0","GUERET, FR","FM-12","99999","V020","270,1,N,0031,1","99999,9,9,N","999999,9,N,9","+0137,1","+0109,1","10147,1","06,0000,9,1",,,"4,000",,,,,,,,,,,,"999,M,+0187,1",,"99999,9,09510,1","6,1,003,1,+999,9",,"4,99,0108,1","SYN017333   10187 91121",
"07360099999","1990-09-20T21:00:00","4","46.1666666","1.8666666","551.0","GUERET, FR","FM-12","99999","V020","250,1,N,0062,1","99999,9,9,N","999999,9,N,9","+0128,1","+0091,1","10147,1","06,0000,9,1",,,"4,000",,,,,,,,,,,,,,"99999,9,09508,1","7,1,002,1,+999,9",,"4,99,0108,1","SYN011333   91121",
"07360099999","1990-09-21T00:00:00","4","46.1666666","1.8666666","551.0","GUERET, FR","FM-12","99999","V020","250,1,N,0062,1","99999,9,9,N","999999,9,N,9","+0103,1","+0081,1","10151,1","06,0000,9,1",,,"4,000",,,,,,,,,,,,,,"99999,9,09506,1","5,1,002,1,+999,9",,"4,99,0149,1","SYN011333   91129",
"07360099999","1990-09-21T03:00:00","4","46.1666666","1.8666666","551.0","GUERET, FR","FM-12","99999","V020","240,1,N,0082,1","99999,9,9,N","999999,9,N,9","+0095,1","+0095,1","10137,1","03,0002,9,1","99,0003,9,1",,"0,000",,,"4,1,03,1",,,,,,,,,,,"99999,9,09492,1","6,1,014,1,+999,9","41,1","4,99,0149,1","SYN017333   69927 91129",
"07360099999","1990-09-21T06:00:00","4","46.1666666","1.8666666","551.0","GUERET, FR","FM-12","99999","V020","240,1,N,0082,1","00150,1,C,N","001100,1,N,9","+0102,1","+0102,1","10134,1","03,0020,9,1","24,0024,9,1",,"0,000",,,"5,1,06,1",,"08,1,+00150,9,07,9",,,"08,99,1,08,1,07,1,00150,1,99,9,99,9","0390,9","09,9","999,+0090,9","999,N,+0095,1",,"99999,9,09488,1","5,1,004,1,+999,9","58,1","4,99,0201,1","SYN047333   20095 31009 55065 60027 70024 88705 91139",
"07360099999","1990-09-21T15:00:00","4","46.1666666","1.8666666","551.0","GUERET, FR","FM-12","99999","V020","250,1,N,0062,1","00690,1,C,N","020000,1,N,9","+0162,1","+0149,1","10121,1","06,0000,9,1",,,"4,000",,,,,"02,1,+00480,9,08,9","05,1,+00690,9,05,9",,"06,99,1,05,1,08,1,00450,1,03,1,00,1",,,,,,"99999,9,09492,1","5,1,001,1,+999,9",,"4,99,0170,1","SYN023333   82816 85623 91133",
"07360099999","1990-09-21T18:00:00","4","46.1666666","1.8666666","551.0","GUERET, FR","FM-12","99999","V020","250,1,N,0072,1","99999,9,9,N","999999,9,N,9","+0148,1","+0148,1","10129,1","03,0002,9,1","99,0003,9,1",,"0,000",,,"4,1,06,1",,,,,,,,,"999,M,+0175,1",,"99999,9,09497,1","3,1,005,1,+999,9","21,1","4,99,0170,1","SYN023333   10175 69927 91133",
"07360099999","1990-09-21T21:00:00","4","46.1666666","1.8666666","551.0","GUERET, FR","FM-12","99999","V020","240,1,N,0051,1","99999,9,9,N","999999,9,N,9","+0142,1","+9999,9","10142,1","03,0004,9,1","99,0005,9,1",,"0,000",,,"4,1,03,1",,,,,,,,,,,"99999,9,09504,1","0,1,007,1,+999,9","21,1","4,99,0149,1","SYN017333   69947 91129",
"07360099999","1990-09-22T00:00:00","4","46.1666666","1.8666666","551.0","GUERET, FR","FM-12","99999","V020","240,1,N,0072,1","99999,9,9,N","999999,9,N,9","+0147,1","+9999,9","10128,1","03,0004,9,1","06,0005,9,1",,"0,000",,,,,,,,,,,,,,"99999,9,09492,1","6,1,012,1,+999,9",,"4,99,0170,1","SYN017333   69947 91133",
"07360099999","1990-09-22T03:00:00","4","46.1666666","1.8666666","551.0","GUERET, FR","FM-12","99999","V020","250,1,N,0062,1","99999,9,9,N","999999,9,N,9","+0152,1","+9999,9","10117,1","03,0004,9,1","99,0005,9,1",,"0,000",,,"4,1,03,1",,,,,,,,,,,"99999,9,09482,1","6,1,010,1,+999,9","21,1","4,99,0149,1","SYN017333   69947 91129",
"07360099999","1990-09-22T06:00:00","4","46.1666666","1.8666666","551.0","GUERET, FR","FM-12","99999","V020","240,1,N,0072,1","00030,1,C,N","001500,1,N,9","+0154,1","+0154,1","10110,1","03,0040,9,1","24,0074,9,1",,"0,001",,,,,"07,1,+00030,9,07,9",,,"08,99,1,07,1,07,1,00075,1,99,9,99,9","0348,9","11,9","999,+0140,9","999,N,+0141,1",,"99999,9,09476,1","5,1,006,1,+999,9","59,1","4,99,0149,1","SYN047333   20141 32014 55058 60047 70074 87701 91129",
"07360099999","1990-09-22T12:00:00","4","46.1666666","1.8666666","551.0","GUERET, FR","FM-12","99999","V020","250,1,N,0072,1","00090,1,C,N","005000,1,N,9","+0171,1","+0171,1","10097,1","03,0006,9,2","06,0005,9,2",,"0,000",,,"8,1,06,1","5,1,06,1","07,1,+00090,9,07,9",,,"08,99,1,07,1,07,1,00150,1,99,9,99,9",,,,,,"99999,9,09472,1","6,1,009,1,+999,9","60,1","4,99,0190,1","SYN023333   69967 87703 91137",
"07360099999","1990-09-22T15:00:00","4","46.1666666","1.8666666","551.0","GUERET, FR","FM-12","99999","V020","240,1,N,0082,1","99999,9,9,N","999999,9,N,9","+0175,1","+0165,1","10080,1","03,0004,9,1","99,0005,9,1",,"0,000",,,,,,,,,,,,,,"99999,9,09457,1","6,1,015,1,+999,9",,"4,99,0160,1","SYN017333   69947 91131",
"07360099999","1990-09-22T18:00:00","4","46.1666666","1.8666666","551.0","GUERET, FR","FM-12","99999","V020","240,1,N,0072,1","99999,9,9,N","999999,9,N,9","+0163,1","+0163,1","10086,1","99,0040,9,1",,,"0,000",,,,,,,,,,,,"999,M,+0177,1",,"99999,9,09460,1","3,1,003,1,+999,9",,"4,99,0180,1","SYN017333   10177 91135",
"07360099999","1990-09-22T21:00:00","4","46.1666666","1.8666666","551.0","GUERET, FR","FM-12","99999","V020","250,1,N,0062,1","99999,9,9,N","999999,9,N,9","+0152,1","+0152,1","10093,1","03,0010,9,1",,,"0,000",,,,,,,,,,,,,,"99999,9,09464,1","1,1,004,1,+999,9",,"4,99,0180,1","SYN017333   60017 91135",
"07360099999","1990-09-23T00:00:00","4","46.1666666","1.8666666","551.0","GUERET, FR","FM-12","99999","V020","260,1,N,0062,1","99999,9,9,N","999999,9,N,9","+0142,1","+9999,9","10099,1","03,0040,9,1","06,0040,9,1",,"0,000",,,"4,1,06,1",,,,,,,,,,,"99999,9,09464,1","5,1,000,1,+999,9","41,1","4,99,0180,1","SYN017333   60047 91135",
"07360099999","1990-09-23T03:00:00","4","46.1666666","1.8666666","551.0","GUERET, FR","FM-12","99999","V020","250,1,N,0062,1","99999,9,9,N","999999,9,N,9","+0119,1","+0119,1","10100,1","03,0008,9,1","99,0010,9,1",,"0,000",,,,,,,,,,,,,,"99999,9,09463,1","8,1,001,1,+999,9",,"4,99,0149,1","SYN017333   69987 91129",
"07360099999","1990-09-23T06:00:00","4","46.1666666","1.8666666","551.0","GUERET, FR","FM-12","99999","V020","230,1,N,0041,1","00990,1,C,N","010000,1,N,9","+0119,1","+0119,1","10092,1","24,0094,9,1","99,0060,9,1",,"0,000",,,,,"01,1,+00090,9,07,9","06,1,+00990,9,05,9",,"07,99,1,06,1,05,1,00150,1,07,1,99,9","0072,9","11,9","999,+0110,9","999,N,+0116,1",,"99999,9,09455,1","5,1,008,1,+999,9",,"4,99,0149,1","SYN047333   20116 32011 55012 70094 81703 86633 91129",
"07360099999","1990-09-23T09:00:00","4","46.1666666","1.8666666","551.0","GUERET, FR","FM-12","99999","V020","230,1,N,0051,1","00990,1,C,N","015000,1,N,9","+0138,1","+0135,1","10086,1","06,0000,9,1",,,"4,000",,,,,"04,1,+00120,9,07,9","05,1,+00990,9,05,9","06,1,+03000,9,03,9","07,99,1,06,1,05,1,00150,1,07,1,99,9",,,,,,"99999,9,09454,1","5,1,001,1,+999,9",,"4,99,0108,1","SYN029333   84704 85633 86360 91121",
"07360099999","1990-09-23T12:00:00","4","46.1666666","1.8666666","551.0","GUERET, FR","FM-12","99999","V020","240,1,N,0051,1","03000,1,C,N","030000,1,N,9","+0170,1","+0123,1","10069,1","06,0000,9,1",,,"4,000",,,,,"03,1,+00600,9,08,9","05,1,+03000,9,03,9",,"06,99,1,03,1,02,1,00800,1,03,1,00,1",,,,,,"99999,9,09445,1","8,1,009,1,+999,9",,"4,99,0149,1","SYN023333   83820 85360 91129",
"07360099999","1990-09-23T15:00:00","4","46.1666666","1.8666666","551.0","GUERET, FR","FM-12","99999","V020","260,1,N,0072,1","99999,9,9,N","999999,9,N,9","+0130,1","+0130,1","10074,1","03,0020,9,1",,,"0,000",,,"4,1,03,1",,,,,,,,,,,"99999,9,09441,1","5,1,004,1,+999,9","21,1","4,99,0139,1","SYN017333   60027 91127",
"07360099999","1990-09-23T18:00:00","4","46.1666666","1.8666666","551.0","GUERET, FR","FM-12","99999","V020","250,1,N,0062,1","99999,9,9,N","999999,9,N,9","+0122,1","+0122,1","10074,1","03,0008,9,1","99,0010,9,1",,"0,000",,,"4,1,06,1",,,,,,,,,"999,M,+0176,1",,"99999,9,09439,1","6,1,002,1,+999,9","41,1","4,99,0139,1","SYN023333   10176 69987 91127",
"07360099999","1990-09-23T21:00:00","4","46.1666666","1.8666666","551.0","GUERET, FR","FM-12","99999","V020","250,1,N,0072,1","99999,9,9,N","999999,9,N,9","+0114,1","+0114,1","10091,1","03,0030,9,1",,,"0,000",,,"4,1,03,1",,,,,,,,,,,"99999,9,09453,1","3,1,014,1,+999,9","41,1","4,99,0139,1","SYN017333   60037 91127",
"07360099999","1990-09-24T00:00:00","4","46.1666666","1.8666666","551.0","GUERET, FR","FM-12","99999","V020","270,1,N,0062,1","99999,9,9,N","999999,9,N,9","+0097,1","+0097,1","10121,1","03,0020,9,1","06,0020,9,1",,"0,000",,,"4,1,06,1",,,,,,,,,,,"99999,9,09477,1","3,1,024,1,+999,9","21,1","4,99,0149,1","SYN017333   60027 91129",
"07360099999","1990-09-24T03:00:00","4","46.1666666","1.8666666","551.0","GUERET, FR","FM-12","99999","V020","260,1,N,0051,1","99999,9,9,N","999999,9,N,9","+0080,1","+0080,1","10140,1","06,0000,9,1",,,"4,000",,,,,,,,,,,,,,"99999,9,09491,1","1,1,014,1,+999,9",,"4,99,0098,1","SYN011333   91119",
"07360099999","1990-09-24T06:00:00","4","46.1666666","1.8666666","551.0","GUERET, FR","FM-12","99999","V020","250,1,N,0041,1","22000,1,C,N","010000,1,N,9","+0066,1","+0066,1","10155,1","03,0002,9,1","24,0076,9,1","99,0003,9,1","0,000",,,,,"03,1,+00180,9,08,9",,,"03,99,1,03,1,02,1,00250,1,00,1,00,1","0288,9","09,9","999,+0060,9","999,N,+0066,1",,"99999,9,09501,1","3,1,010,1,+999,9",,"4,99,0108,1","SYN047333   20066 31006 55048 69927 70076 83806 91121",
"07360099999","1990-09-24T09:00:00","4","46.1666666","1.8666666","551.0","GUERET, FR","FM-12","99999","V020","250,1,N,0051,1","22000,1,C,N","015000,1,N,9","+0099,1","+0083,1","10165,1","06,0000,9,1",,,"4,000",,,,,"03,1,+00390,9,08,9",,,"03,99,1,03,1,02,1,00450,1,00,1,00,1",,,,,,"99999,9,09518,1","1,1,017,1,+999,9",,"4,99,0098,1","SYN017333   83813 91119",
"07360099999","1990-09-24T12:00:00","4","46.1666666","1.8666666","551.0","GUERET, FR","FM-12","99999","V020","240,1,N,0041,1","22000,1,C,N","040000,1,N,9","+0132,1","+0085,1","10152,1","06,0000,9,1",,,"4,000",,,,,"03,1,+00780,9,08,9",,,"03,99,1,03,1,02,1,00800,1,00,1,00,1",,,,,,"99999,9,09514,1","8,1,004,1,+999,9",,"4,99,0098,1","SYN017333   83826 91119",
"07360099999","1990-09-24T15:00:00","4","46.1666666","1.8666666","551.0","GUERET, FR","FM-12","99999","V020","240,1,N,0041,1","00990,1,C,N","030000,1,N,9","+0125,1","+0078,1","10145,1","06,0000,9,1",,,"4,000",,,,,"05,1,+00990,9,08,9","06,1,+01200,9,05,9",,"07,99,1,07,1,08,1,01250,1,99,9,99,9",,,,,,"99999,9,09506,1","6,1,008,1,+999,9",,"4,99,0098,1","SYN023333   85833 86640 91119",
"07360099999","1990-09-24T18:00:00","4","46.1666666","1.8666666","551.0","GUERET, FR","FM-12","99999","V020","230,1,N,0041,1","99999,9,9,N","999999,9,N,9","+0116,1","+0085,1","10146,1","06,0000,9,1",,,"4,000",,,,,,,,,,,,"999,M,+0146,1",,"99999,9,09504,1","5,1,002,1,+999,9",,"4,99,0098,1","SYN017333   10146 91119",
"07360099999","1990-09-24T21:00:00","4","46.1666666","1.8666666","551.0","GUERET, FR","FM-12","99999","V020","240,1,N,0062,1","99999,9,9,N","999999,9,N,9","+0096,1","+0088,1","10158,1","06,0000,9,1",,,"4,000",,,,,,,,,,,,,,"99999,9,09511,1","1,1,007,1,+999,9",,"4,99,0108,1","SYN011333   91121",
"07360099999","1990-09-25T00:00:00","4","46.1666666","1.8666666","551.0","GUERET, FR","FM-12","99999","V020","230,1,N,0041,1","99999,9,9,N","999999,9,N,9","+0099,1","+0096,1","10153,1","06,0000,9,1",,,"4,000",,,,,,,,,,,,,,"99999,9,09508,1","8,1,003,1,+999,9",,"4,99,0108,1","SYN011333   91121",
"07360099999","1990-09-25T03:00:00","4","46.1666666","1.8666666","551.0","GUERET, FR","FM-12","99999","V020","230,1,N,0041,1","99999,9,9,N","999999,9,N,9","+0092,1","+0087,1","10151,1","06,0000,9,1",,,"4,000",,,,,,,,,,,,,,"99999,9,09504,1","8,1,004,1,+999,9",,"4,99,0098,1","SYN011333   91119",
"07360099999","1990-09-25T06:00:00","4","46.1666666","1.8666666","551.0","GUERET, FR","FM-12","99999","V020","220,1,N,0041,1","22000,1,C,N","012000,1,N,9","+0087,1","+0084,1","10164,1","06,0000,9,1",,,"4,000",,,,,"03,1,+00600,9,05,9",,,"04,99,1,03,1,05,1,00800,1,03,1,00,1","0444,9","01,9","999,+0080,9","999,N,+0083,1",,"99999,9,09515,1","3,1,011,1,+999,9",,"4,99,0098,1","SYN035333   20083 30008 55074 83620 91119",
"07360099999","1990-10-01T00:00:00","4","46.1666666","1.8666666","551.0","GUERET, FR","FM-12","99999","V020","220,1,N,0082,1","99999,9,9,N","999999,9,N,9","+0155,1","+0155,1","10117,1","06,0000,9,1",,,"4,000",,,,,,,,,,,,,,"99999,9,09487,1","3,1,003,1,+999,9",,"4,99,0180,1","SYN011333   91135",
"07360099999","1990-10-01T03:00:00","4","46.1666666","1.8666666","551.0","GUERET, FR","FM-12","99999","V020","250,1,N,0087,1","99999,9,9,N","999999,9,N,9","+0149,1","+9999,9","10126,1","03,0010,9,1",,,"0,000",,,"4,1,03,1",,,,,,,,,,,"99999,9,09490,1","3,1,003,1,+999,9","21,1","4,99,0190,1","SYN017333   60017 91137",
"07360099999","1990-10-01T06:00:00","4","46.1666666","1.8666666","551.0","GUERET, FR","FM-12","99999","V020","240,1,N,0072,1","00120,1,C,N","005000,1,N,9","+0141,1","+0141,1","10150,1","03,0020,9,1","24,0072,9,1",,"0,000",,,"6,1,06,1",,,,,"08,99,1,08,1,07,1,00150,1,99,9,99,9","0282,9","11,9","999,+0140,9","999,N,+0141,1",,"99999,9,09511,1","3,1,021,1,+999,9","21,1","4,99,0190,1","SYN041333   20141 32014 55047 60027 70072 91137",
"07360099999","1990-10-01T09:00:00","4","46.1666666","1.8666666","551.0","GUERET, FR","FM-12","99999","V020","250,1,N,0072,1","00090,1,C,N","004000,1,N,9","+0145,1","+0145,1","10178,1","03,0050,9,1",,,"0,000",,,"6,1,03,1","6,1,03,1","06,1,+00090,9,07,9","06,1,+00330,9,05,9",,"08,99,1,08,1,07,1,00150,1,99,9,99,9",,,,,,"99999,9,09538,1","3,1,027,1,+999,9","60,1","4,99,0149,1","SYN029333   60057 86703 86611 91129",
"07360099999","1990-10-01T12:00:00","4","46.1666666","1.8666666","551.0","GUERET, FR","FM-12","99999","V020","250,1,N,0051,1","00120,1,C,N","003000,1,N,9","+0156,1","+0156,1","10187,1","03,0020,9,1","06,0020,9,1",,"0,000",,,"6,1,06,1","5,1,06,1","05,1,+00120,9,07,9","06,1,+00450,9,05,9",,"07,99,1,07,1,05,1,00150,1,99,9,99,9",,,,,,"99999,9,09549,1","1,1,011,1,+999,9","50,1","4,99,0149,1","SYN029333   60027 85704 86615 91129",
"07360099999","1990-10-01T15:00:00","4","46.1666666","1.8666666","551.0","GUERET, FR","FM-12","99999","V020","280,1,N,0031,1","00090,1,C,N","002000,1,N,9","+0149,1","+0149,1","10194,1","03,0020,9,1",,,"0,000",,,"6,1,03,1","5,1,03,1","08,1,+00090,9,07,9",,,"08,99,1,08,1,07,1,00075,1,99,9,99,9",,,,,,"99999,9,09554,1","3,1,005,1,+999,9","60,1","4,99,0108,1","SYN023333   60027 88703 91121",
"07360099999","1990-10-01T18:00:00","4","46.1666666","1.8666666","551.0","GUERET, FR","FM-12","99999","V020","350,1,N,0010,1","99999,9,9,N","999999,9,N,9","+0144,1","+9999,9","10206,1","03,0008,9,1","99,0010,9,1",,"0,000",,,"4,1,06,1",,,,,,,,,"999,M,+0171,1",,"99999,9,09564,1","3,1,010,1,+999,9","21,1","4,99,0108,1","SYN023333   10171 69987 91121",
"07360099999","1990-10-01T21:00:00","4","46.1666666","1.8666666","551.0","GUERET, FR","FM-12","99999","V020","120,1,N,0021,1","99999,9,9,N","999999,9,N,9","+0135,1","+9999,9","10218,1","06,0000,9,1",,,"4,000",,,,,,,,,,,,,,"99999,9,09573,1","1,1,009,1,+999,9",,"4,99,0031,1","SYN011333   91106",
"07360099999","1990-10-02T00:00:00","4","46.1666666","1.8666666","551.0","GUERET, FR","FM-12","99999","V020","130,1,N,0021,1","99999,9,9,N","999999,9,N,9","+0137,1","+9999,9","10211,1","06,0000,9,1",,,"4,000",,,,,,,,,,,,,,"99999,9,09567,1","8,1,006,1,+999,9",,"4,99,0062,1","SYN011333   91112",
"07360099999","1990-10-02T03:00:00","4","46.1666666","1.8666666","551.0","GUERET, FR","FM-12","99999","V020","110,1,N,0010,1","99999,9,9,N","999999,9,N,9","+0133,1","+9999,9","10206,1","06,0000,9,1",,,"4,000",,,,,,,,,,,,,,"99999,9,09561,1","8,1,006,1,+999,9",,"4,99,0041,1","SYN011333   91108",
"07360099999","1990-10-02T06:00:00","4","46.1666666","1.8666666","551.0","GUERET, FR","FM-12","99999","V020","120,1,N,0021,1","00030,1,C,N","000100,1,N,9","+0126,1","+0126,1","10202,1","06,0000,9,1","24,0092,9,1",,"4,000",,,"4,1,06,1",,"09,1,+00030,9,99,9",,,"09,99,1,09,1,99,9,99999,9,99,9,99,9","0036,9","01,9","999,+0110,9","999,N,+0126,1",,"99999,9,09556,1","6,1,005,1,+999,9","47,1","4,99,0051,1","SYN041333   20126 30011 55006 70092 89/01 91110",
"07360099999","1990-10-02T09:00:00","4","46.1666666","1.8666666","551.0","GUERET, FR","FM-12","99999","V020","999,1,C,0000,1","22000,1,C,N","005000,1,N,9","+0160,1","+0160,1","10194,1","06,0000,9,1",,,"4,000",,,"4,1,03,1","1,1,03,1","04,1,+00180,9,08,9",,,"99,99,9,03,1,06,1,00250,1,00,1,00,1",,,,,,"99999,9,09561,1","1,1,005,1,+999,9","01,1","4,99,0041,1","SYN017333   84806 91108","Q01+000032SCOTCV"
"07360099999","1990-10-02T12:00:00","4","46.1666666","1.8666666","551.0","GUERET, FR","FM-12","99999","V020","220,1,N,0021,1","22000,1,C,N","030000,1,N,9","+0192,1","+0157,1","10175,1","06,0000,9,1",,,"4,000",,,"4,1,06,1","1,1,06,1","03,1,+00480,9,08,9",,,"03,99,1,03,1,02,1,00450,1,00,1,00,1",,,,,,"99999,9,09549,1","8,1,012,1,+999,9","01,1","4,99,0051,1","SYN017333   83816 91110",
"07360099999","1990-10-02T15:00:00","4","46.1666666","1.8666666","551.0","GUERET, FR","FM-12","99999","V020","220,1,N,0021,1","22000,1,C,N","060000,1,N,9","+0212,1","+0151,1","10153,1","06,0000,9,1",,,"4,000",,,,,"01,1,+00840,9,08,9",,,"01,99,1,01,1,01,1,00800,1,00,1,00,1",,,,,,"99999,9,09533,1","6,1,016,1,+999,9",,"4,99,0062,1","SYN017333   81828 91112",
"07360099999","1990-10-02T18:00:00","4","46.1666666","1.8666666","551.0","GUERET, FR","FM-12","99999","V020","240,1,N,0031,1","99999,9,9,N","999999,9,N,9","+0164,1","+0144,1","10161,1","06,0000,9,1",,,"4,000",,,,,,,,,,,,"999,M,+0216,1",,"99999,9,09530,1","5,1,003,1,+999,9",,"4,99,0062,1","SYN017333   10216 91112",
"07360099999","1990-10-02T21:00:00","4","46.1666666","1.8666666","551.0","GUERET, FR","FM-12","99999","V020","160,1,N,0031,1","99999,9,9,N","999999,9,N,9","+0149,1","+0136,1","10158,1","06,0000,9,1",,,"4,000",,,,,,,,,,,,,,"99999,9,09524,1","8,1,006,1,+999,9",,"4,99,0041,1","SYN011333   91108",
"07360099999","1990-10-03T00:00:00","4","46.1666666","1.8666666","551.0","GUERET, FR","FM-12","99999","V020","210,1,N,0051,1","99999,9,9,N","999999,9,N,9","+0157,1","+0130,1","10143,1","06,0000,9,1",,,"4,000",,,,,,,,,,,,,,"99999,9,09511,1","7,1,013,1,+999,9",,"4,99,0098,1","SYN011333   91119",
"07360099999","1990-10-03T03:00:00","4","46.1666666","1.8666666","551.0","GUERET, FR","FM-12","99999","V020","190,1,N,0051,1","99999,9,9,N","999999,9,N,9","+0159,1","+0134,1","10129,1","06,0000,9,1",,,"4,000",,,,,,,,,,,,,,"99999,9,09499,1","8,1,012,1,+999,9",,"4,99,0088,1","SYN011333   91117",
"07360099999","1990-10-03T06:00:00","4","46.1666666","1.8666666","551.0","GUERET, FR","FM-12","99999","V020","190,1,N,0051,1","22000,1,C,N","020000,1,N,9","+0153,1","+0131,1","10124,1","06,0000,9,1",,,"4,000",,,,,"02,1,+03000,9,03,9",,,"03,99,1,02,1,00,1,99999,9,08,1,02,1","0450,9","01,9","999,+0110,9","999,N,+0141,1",,"99999,9,09492,1","7,1,007,1,+999,9",,"4,99,0098,1","SYN035333   20141 30011 55075 82360 91119",
"07360099999","1990-10-03T12:00:00","4","46.1666666","1.8666666","551.0","GUERET, FR","FM-12","99999","V020","210,1,N,0051,1","07800,1,C,N","030000,1,N,9","+0216,1","+0163,1","10097,1","06,0000,9,1",,,"4,000",,,,,"03,1,+03000,9,03,9","05,1,+07800,9,00,9",,"06,99,1,03,1,00,1,99999,9,08,1,02,1",,,,,,"99999,9,09481,1","8,1,008,1,+999,9",,"4,99,0118,1","SYN023333   83360 85076 91123",
"07360099999","1990-10-03T15:00:00","4","46.1666666","1.8666666","551.0","GUERET, FR","FM-12","99999","V020","220,1,N,0051,1","07800,1,C,N","030000,1,N,9","+0216,1","+0172,1","10085,1","06,0000,9,1",,,"4,000",,,,,"03,1,+03000,9,03,9","05,1,+07800,9,00,9",,"06,99,1,03,1,00,1,99999,9,08,1,02,1",,,,,,"99999,9,09470,1","6,1,011,1,+999,9",,"4,99,0108,1","SYN023333   83360 85076 91121",
"07360099999","1990-10-03T18:00:00","4","46.1666666","1.8666666","551.0","GUERET, FR","FM-12","99999","V020","210,1,N,0031,1","99999,9,9,N","999999,9,N,9","+0187,1","+0165,1","10091,1","03,0002,9,1","99,0003,9,1",,"0,000",,,"4,1,06,1",,,,,,,,,"999,M,+0230,1",,"99999,9,09470,1","4,1,000,1,+999,9","21,1","4,99,0108,1","SYN023333   10230 69927 91121",
"07360099999","1990-10-03T21:00:00","4","46.1666666","1.8666666","551.0","GUERET, FR","FM-12","99999","V020","220,1,N,0021,1","99999,9,9,N","999999,9,N,9","+0151,1","+9999,9","10119,1","03,0110,9,1",,,"0,000",,,,,,,,,,,,,,"99999,9,09484,1","3,1,014,1,+999,9",,"4,99,0139,1","SYN017333   60117 91127",
"07360099999","1990-10-04T00:00:00","4","46.1666666","1.8666666","551.0","GUERET, FR","FM-12","99999","V020","310,1,N,0041,1","99999,9,9,N","999999,9,N,9","+0119,1","+9999,9","10147,1","03,0200,9,1","06,0200,9,1",,"0,000",,,,,,,,,,,,,,"99999,9,09503,1","1,1,019,1,+999,9",,"4,99,0268,1","SYN017333   60207 91152",
"07360099999","1990-10-04T03:00:00","4","46.1666666","1.8666666","551.0","GUERET, FR","FM-12","99999","V020","350,1,N,0021,1","99999,9,9,N","999999,9,N,9","+0082,1","+9999,9","10183,1","03,0030,9,1",,,"0,000",,,"4,1,03,1",,,,,,,,,,,"99999,9,09529,1","1,1,026,1,+999,9","21,1","4,99,0098,1","SYN017333   60037 91119",
"07360099999","1990-10-04T06:00:00","4","46.1666666","1.8666666","551.0","GUERET, FR","FM-12","99999","V020","320,1,N,0021,1","00090,1,C,N","004000,1,N,9","+0077,1","+0077,1","10211,1","24,0330,9,1",,,"0,000",,,,,"07,1,+00090,9,07,9",,,"08,99,1,08,1,07,1,00150,1,99,9,99,9","0474,9","09,9","999,+0070,9","999,N,+0077,1",,"99999,9,09554,1","1,1,025,1,+999,9","10,1","4,99,0098,1","SYN041333   20077 31007 55079 70330 87703 91119",
"07360099999","1990-10-04T09:00:00","4","46.1666666","1.8666666","551.0","GUERET, FR","FM-12","99999","V020","010,1,N,0031,1","22000,1,C,N","008000,1,N,9","+0102,1","+0096,1","10234,1","06,0000,9,1",,,"4,000",,,,,"03,1,+00390,9,08,9",,,"03,99,1,03,1,02,1,00450,1,00,1,00,1",,,,,,"99999,9,09584,1","3,1,030,1,+999,9",,"4,99,0062,1","SYN017333   83813 91112",
"07360099999","1990-10-04T12:00:00","4","46.1666666","1.8666666","551.0","GUERET, FR","FM-12","99999","V020","350,1,N,0031,1","22000,1,C,N","050000,1,N,9","+0133,1","+0080,1","10237,1","06,0000,9,1",,,"4,000",,,,,"02,1,+00990,9,08,9",,,"02,99,1,02,1,01,1,01250,1,00,1,00,1",,,,,,"99999,9,09593,1","2,1,009,1,+999,9",,"4,99,0072,1","SYN017333   82833 91114",
"07360099999","1990-10-04T15:00:00","4","46.1666666","1.8666666","551.0","GUERET, FR","FM-12","99999","V020","360,1,N,0041,1","22000,1,C,N","050000,1,N,9","+0137,1","+0066,1","10241,1","06,0000,9,1",,,"4,000",,,,,"01,1,+01200,9,08,9",,,"01,99,1,01,1,01,1,01250,1,00,1,00,1",,,,,,"99999,9,09598,1","3,1,005,1,+999,9",,"4,99,0072,1","SYN017333   81840 91114",
"07360099999","1990-10-04T18:00:00","4","46.1666666","1.8666666","551.0","GUERET, FR","FM-12","99999","V020","340,1,N,0031,1","99999,9,9,N","999999,9,N,9","+0095,1","+0057,1","10264,1","06,0000,9,1",,,"4,000",,,,,,,,,,,,"999,M,+0143,1",,"99999,9,09610,1","3,1,012,1,+999,9",,"4,99,0072,1","SYN017333   10143 91114",
"07360099999","1990-10-05T00:00:00","4","46.1666666","1.8666666","551.0","GUERET, FR","FM-12","99999","V020","340,1,N,0021,1","99999,9,9,N","999999,9,N,9","+0080,1","+0055,1","10291,1","06,0000,9,1",,,"4,000",,,,,,,,,,,,,,"99999,9,09631,1","1,1,007,1,+999,9",,"4,99,0051,1","SYN011333   91110",
"07360099999","1990-10-05T06:00:00","4","46.1666666","1.8666666","551.0","GUERET, FR","FM-12","99999","V020","310,1,N,0021,1","22000,1,C,N","010000,1,N,9","+0073,1","+0066,1","10286,1","06,0000,9,1",,,"4,000",,,,,,,,"00,99,1,00,1,00,1,99999,9,00,1,00,1","0810,9","01,9","999,+0050,9","999,N,+0070,1",,"99999,9,09626,1","1,1,004,1,+999,9",,"4,99,0051,1","SYN029333   20070 30005 55135 91110",
"07360099999","1990-10-05T09:00:00","4","46.1666666","1.8666666","551.0","GUERET, FR","FM-12","99999","V020","030,1,N,0010,1","22000,1,C,N","020000,1,N,9","+0129,1","+0084,1","10290,1","06,0000,9,1",,,"4,000",,,,,"01,1,+00600,9,08,9",,,"01,99,1,01,1,01,1,00800,1,00,1,00,1",,,,,,"99999,9,09642,1","1,1,016,1,+999,9",,"4,99,0031,1","SYN017333   81820 91106",
"07360099999","1990-10-05T12:00:00","4","46.1666666","1.8666666","551.0","GUERET, FR","FM-12","99999","V020","340,1,N,0021,1","22000,1,C,N","030000,1,N,9","+0146,1","+0083,1","10283,1","06,0000,9,1",,,"4,000",,,,,"02,1,+00990,9,08,9",,,"03,99,1,02,1,01,1,01250,1,00,1,01,1",,,,,,"99999,9,09639,1","7,1,003,1,+999,9",,"4,99,0051,1","SYN017333   82833 91110",
"07360099999","1990-10-05T15:00:00","4","46.1666666","1.8666666","551.0","GUERET, FR","FM-12","99999","V020","340,1,N,0021,1","22000,1,C,N","030000,1,N,9","+0157,1","+0080,1","10271,1","06,0000,9,1",,,"4,000",,,,,"01,1,+07800,9,00,9",,,"01,99,1,00,1,00,1,99999,9,00,1,01,1",,,,,,"99999,9,09630,1","6,1,009,1,+999,9",,"4,99,0062,1","SYN017333   81076 91112",
"07360099999","1990-10-05T18:00:00","4","46.1666666","1.8666666","551.0","GUERET, FR","FM-12","99999","V020","310,1,N,0031,1","99999,9,9,N","999999,9,N,9","+0116,1","+0079,1","10272,1","06,0000,9,1",,,"4,000",,,,,,,,,,,,"999,M,+0166,1",,"99999,9,09622,1","5,1,008,1,+999,9",,"4,99,0062,1","SYN017333   10166 91112",
"07360099999","1990-10-05T21:00:00","4","46.1666666","1.8666666","551.0","GUERET, FR","FM-12","99999","V020","310,1,N,0021,1","99999,9,9,N","999999,9,N,9","+0107,1","+0068,1","10277,1","06,0000,9,1",,,"4,000",,,,,,,,,,,,,,"99999,9,09625,1","3,1,003,1,+999,9",,"4,99,0041,1","SYN011333   91108",
"07360099999","1990-10-06T00:00:00","4","46.1666666","1.8666666","551.0","GUERET, FR","FM-12","99999","V020","290,1,N,0021,1","99999,9,9,N","999999,9,N,9","+0103,1","+0072,1","10263,1","06,0000,9,1",,,"4,000",,,,,,,,,,,,,,"99999,9,09611,1","8,1,014,1,+999,9",,"4,99,0041,1","SYN011333   91108",
"07360099999","1990-10-06T03:00:00","4","46.1666666","1.8666666","551.0","GUERET, FR","FM-12","99999","V020","320,1,N,0021,1","99999,9,9,N","999999,9,N,9","+0099,1","+0066,1","10245,1","06,0000,9,1",,,"4,000",,,,,,,,,,,,,,"99999,9,09593,1","6,1,018,1,+999,9",,"4,99,0031,1","SYN011333   91106",
"07360099999","1990-10-06T06:00:00","4","46.1666666","1.8666666","551.0","GUERET, FR","FM-12","99999","V020","140,1,N,0021,1","22000,1,C,N","030000,1,N,9","+0090,1","+0076,1","10232,1","06,0000,9,1",,,"4,000",,,,,"02,1,+07800,9,00,9",,,"02,99,1,00,1,00,1,99999,9,00,1,01,1","0798,9","01,9","999,+0070,9","999,N,+0089,1",,"99999,9,09579,1","6,1,014,1,+999,9",,"4,99,0031,1","SYN035333   20089 30007 55133 82076 91106",
"07360099999","1990-10-06T09:00:00","4","46.1666666","1.8666666","551.0","GUERET, FR","FM-12","99999","V020","999,1,C,0000,1","22000,1,C,N","020000,1,N,9","+0152,1","+0108,1","10201,1","06,0000,9,1",,,"4,000",,,,,"02,1,+07800,9,00,9",,,"02,99,1,00,1,00,1,99999,9,00,1,01,1",,,,,,"99999,9,09564,1","6,1,015,1,+999,9",,"4,99,0041,1","SYN017333   82076 91108",
"07360099999","1990-10-06T12:00:00","4","46.1666666","1.8666666","551.0","GUERET, FR","FM-12","99999","V020","220,1,N,0010,1","22000,1,C,N","060000,1,N,9","+0208,1","+0100,1","10156,1","06,0000,9,1",,,"4,000",,,,,"01,1,+07800,9,00,9",,,"01,99,1,00,1,00,1,99999,9,00,1,01,1",,,,,,"99999,9,09534,1","8,1,030,1,+999,9",,"4,99,0041,1","SYN017333   81076 91108",
"07360099999","1990-10-06T15:00:00","4","46.1666666","1.8666666","551.0","GUERET, FR","FM-12","99999","V020","240,1,N,0031,1","99999,9,9,N","999999,9,N,9","+0205,1","+0109,1","10124,1","06,0000,9,1",,,"4,000",,,,,,,,,,,,,,"99999,9,09503,1","6,1,031,1,+999,9",,"4,99,0072,1","SYN011333   91114",
"07360099999","1990-10-06T18:00:00","4","46.1666666","1.8666666","551.0","GUERET, FR","FM-12","99999","V020","230,1,N,0041,1","99999,9,9,N","999999,9,N,9","+0159,1","+0113,1","10115,1","06,0000,9,1",,,"4,000",,,,,,,,,,,,"999,M,+0215,1",,"99999,9,09485,1","6,1,018,1,+999,9",,"4,99,0072,1","SYN017333   10215 91114",
"07360099999","1990-10-06T21:00:00","4","46.1666666","1.8666666","551.0","GUERET, FR","FM-12","99999","V020","220,1,N,0051,1","99999,9,9,N","999999,9,N,9","+0145,1","+0105,1","10107,1","06,0000,9,1",,,"4,000",,,,,,,,,,,,,,"99999,9,09474,1","6,1,011,1,+999,9",,"4,99,0088,1","SYN011333   91117",
"07360099999","1990-10-07T00:00:00","4","46.1666666","1.8666666","551.0","GUERET, FR","FM-12","99999","V020","260,1,N,0031,1","99999,9,9,N","999999,9,N,9","+0113,1","+0102,1","10106,1","06,0000,9,1",,,"4,000",,,,,,,,,,,,,,"99999,9,09466,1","6,1,008,1,+999,9",,"4,99,0088,1","SYN011333   91117",
"07360099999","1990-10-07T03:00:00","4","46.1666666","1.8666666","551.0","GUERET, FR","FM-12","99999","V020","290,1,N,0021,1","99999,9,9,N","999999,9,N,9","+0110,1","+0110,1","10094,1","06,0000,9,1",,,"4,000",,,,,,,,,,,,,,"99999,9,09455,1","6,1,011,1,+999,9",,"4,99,0051,1","SYN011333   91110",
"07360099999","1990-10-07T06:00:00","4","46.1666666","1.8666666","551.0","GUERET, FR","FM-12","99999","V020","280,1,N,0031,1","03000,1,C,N","008000,1,N,9","+0095,1","+0095,1","10101,1","99,0005,9,1",,,"0,000",,,,,"02,1,+00480,9,05,9","07,1,+03000,9,03,9",,"08,99,1,02,1,05,1,00450,1,07,1,99,9",,"09,9","999,+0090,9","999,N,+0095,1",,"99999,9,09457,1","3,1,002,1,+999,9",,,"SYN035333   20095 31009 55/// 82616 87360",
"07360099999","1990-10-07T09:00:00","4","46.1666666","1.8666666","551.0","GUERET, FR","FM-12","99999","V020","300,1,N,0021,1","00390,1,C,N","007000,1,N,9","+0089,1","+0089,1","10116,1","03,0002,9,1","99,0003,9,1",,"0,001",,,"6,1,03,1","2,1,03,1","07,1,+00390,9,05,9",,,"08,99,1,07,1,05,1,00450,1,99,9,99,9",,,,,,"99999,9,09469,1","2,1,012,1,+999,9","61,1","4,99,0082,1","SYN023333   69927 87613 91116",
"07360099999","1990-10-07T12:00:00","4","46.1666666","1.8666666","551.0","GUERET, FR","FM-12","99999","V020","010,1,N,0021,1","00390,1,C,N","005000,1,N,9","+0096,1","+0096,1","10124,1","06,0020,9,1",,,"0,001",,,"6,1,06,1","2,1,06,1","03,1,+00090,9,07,9","07,1,+00390,9,05,9",,"08,99,1,07,1,05,1,00150,1,99,9,99,9",,,,,,"99999,9,09477,1","2,1,008,1,+999,9","61,1",,"SYN017333   83703 87613",
"07360099999","1990-10-07T15:00:00","4","46.1666666","1.8666666","551.0","GUERET, FR","FM-12","99999","V020","020,1,N,0021,1","99999,9,9,N","999999,9,N,9","+0099,1","+9999,9","10133,1","03,0040,9,1",,,"0,000",,,"4,1,03,1",,,,,,,,,,,"99999,9,09486,1","3,1,009,1,+999,9","21,1","4,99,0062,1","SYN017333   60047 91112",
"07360099999","1990-10-07T18:00:00","4","46.1666666","1.8666666","551.0","GUERET, FR","FM-12","99999","V020","010,1,N,0021,1","99999,9,9,N","999999,9,N,9","+0098,1","+9999,9","10157,1",,,,"2,000",,,,,,,,,,,,,,"99999,9,09508,1","2,1,022,1,+999,9",,"4,99,0062,1","SYN011333   91112",
"07360099999","1990-10-07T21:00:00","4","46.1666666","1.8666666","551.0","GUERET, FR","FM-12","99999","V020","020,1,N,0031,1","99999,9,9,N","999999,9,N,9","+0096,1","+9999,9","10180,1","06,0000,9,1",,,"4,000",,,,,,,,,,,,,,"99999,9,09529,1","3,1,021,1,+999,9",,"4,99,0072,1","SYN011333   91114",
"07360099999","1990-10-08T00:00:00","4","46.1666666","1.8666666","551.0","GUERET, FR","FM-12","99999","V020","030,1,N,0041,1","99999,9,9,N","999999,9,N,9","+0076,1","+0076,1","10193,1","06,0000,9,1",,,"4,000",,,,,,,,,,,,,,"99999,9,09539,1","2,1,010,1,+999,9",,"4,99,0088,1","SYN011333   91117",
"07360099999","1990-10-08T03:00:00","4","46.1666666","1.8666666","551.0","GUERET, FR","FM-12","99999","V020","040,1,N,0041,1","99999,9,9,N","999999,9,N,9","+0068,1","+0068,1","10203,1","03,0002,9,1","99,0003,9,1",,"0,000",,,,,,,,,,,,,,"99999,9,09547,1","1,1,008,1,+999,9",,"4,99,0098,1","SYN017333   69927 91119",
"07360099999","1990-10-08T06:00:00","4","46.1666666","1.8666666","551.0","GUERET, FR","FM-12","99999","V020","040,1,N,0021,1","00600,1,C,N","007000,1,N,9","+0051,1","+0051,1","10226,1","99,0003,9,1",,,"0,000",,,,,"05,1,+00600,9,05,9",,,"05,99,1,05,1,05,1,00800,1,00,1,00,1",,"09,9","999,+0050,9","999,N,+0051,1",,"99999,9,09562,1","1,1,015,1,+999,9",,"4,99,0098,1","SYN035333   20051 31005 55/// 85620 91119",
"07360099999","1990-10-08T09:00:00","4","46.1666666","1.8666666","551.0","GUERET, FR","FM-12","99999","V020","030,1,N,0041,1","00690,1,C,N","010000,1,N,9","+0057,1","+0057,1","10240,1","06,0000,9,1",,,"4,000",,,,,"02,1,+00300,9,07,9","05,1,+00690,9,05,9",,"05,99,1,05,1,05,1,00450,1,00,1,00,1",,,,,,"99999,9,09579,1","1,1,017,1,+999,9",,"4,99,0098,1","SYN023333   82710 85623 91119",
"07360099999","1990-10-08T12:00:00","4","46.1666666","1.8666666","551.0","GUERET, FR","FM-12","99999","V020","030,1,N,0051,1","00600,1,C,N","020000,1,N,9","+0086,1","+0055,1","10233,1","06,0000,9,1",,,"4,000",,,,,"05,1,+00600,9,08,9",,,"05,99,1,05,1,02,1,00800,1,00,1,00,1",,,,,,"99999,9,09579,1","0,1,000,1,+999,9",,"4,99,0118,1","SYN017333   85820 91123",
"07360099999","1990-10-08T15:00:00","4","46.1666666","1.8666666","551.0","GUERET, FR","FM-12","99999","V020","040,1,N,0062,1","00780,1,C,N","030000,1,N,9","+0088,1","+0042,1","10231,1","06,0000,9,1",,,"4,000",,,,,"05,1,+00780,9,08,9",,,"05,99,1,05,1,02,1,00800,1,00,1,00,1",,,,,,"99999,9,09577,1","5,1,002,1,+999,9",,"4,99,0149,1","SYN017333   85826 91129",
"07360099999","1990-10-08T18:00:00","4","46.1666666","1.8666666","551.0","GUERET, FR","FM-12","99999","V020","040,1,N,0041,1","99999,9,9,N","999999,9,N,9","+0069,1","+0039,1","10250,1","06,0000,9,1",,,"4,000",,,,,,,,,,,,"999,M,+0104,1",,"99999,9,09590,1","3,1,013,1,+999,9",,"4,99,0149,1","SYN017333   10104 91129",
"07360099999","1990-10-08T21:00:00","4","46.1666666","1.8666666","551.0","GUERET, FR","FM-12","99999","V020","050,1,N,0041,1","99999,9,9,N","999999,9,N,9","+0051,1","+0034,1","10262,1","06,0000,9,1",,,"4,000",,,,,,,,,,,,,,"99999,9,09598,1","1,1,008,1,+999,9",,"4,99,0098,1","SYN011333   91119",
"07360099999","1990-10-09T00:00:00","4","46.1666666","1.8666666","551.0","GUERET, FR","FM-12","99999","V020","070,1,N,0041,1","99999,9,9,N","999999,9,N,9","+0041,1","+0028,1","10259,1","06,0000,9,1",,,"4,000",,,,,,,,,,,,,,"99999,9,09592,1","8,1,006,1,+999,9",,"4,99,0098,1","SYN011333   91119",
"07360099999","1990-10-09T03:00:00","4","46.1666666","1.8666666","551.0","GUERET, FR","FM-12","99999","V020","070,1,N,0031,1","99999,9,9,N","999999,9,N,9","+0029,1","+0025,1","10256,1","06,0000,9,1",,,"4,000",,,,,,,,,,,,,,"99999,9,09587,1","8,1,005,1,+999,9",,"4,99,0088,1","SYN011333   91117",
"07360099999","1990-10-09T09:00:00","4","46.1666666","1.8666666","551.0","GUERET, FR","FM-12","99999","V020","060,1,N,0021,1","22000,1,C,N","020000,1,N,9","+0080,1","+0049,1","10263,1","06,0000,9,1",,,"4,000",,,,,,,,"00,99,1,00,1,00,1,99999,9,00,1,00,1",,,,,,"99999,9,09605,1","1,1,009,1,+999,9",,"4,99,0088,1","SYN011333   91117",
"07360099999","1990-10-09T12:00:00","4","46.1666666","1.8666666","551.0","GUERET, FR","FM-12","99999","V020","060,1,N,0031,1","22000,1,C,N","050000,1,N,9","+0140,1","+0056,1","10246,1","06,0000,9,1",,,"4,000",,,,,,,,"00,99,1,00,1,00,1,99999,9,00,1,00,1",,,,,,"99999,9,09603,1","8,1,002,1,+999,9",,"4,99,0088,1","SYN011333   91117",
"07360099999","1990-10-09T15:00:00","4","46.1666666","1.8666666","551.0","GUERET, FR","FM-12","99999","V020","040,1,N,0031,1","22000,1,C,N","050000,1,N,9","+0152,1","+0067,1","10236,1","06,0000,9,1",,,"4,000",,,,,"02,1,+08400,9,00,9",,,"02,99,1,00,1,00,1,99999,9,00,1,01,1",,,,,,"99999,9,09596,1","6,1,007,1,+999,9",,"4,99,0062,1","SYN017333   82078 91112",
"07360099999","1990-10-09T18:00:00","4","46.1666666","1.8666666","551.0","GUERET, FR","FM-12","99999","V020","060,1,N,0021,1","99999,9,9,N","999999,9,N,9","+0099,1","+0070,1","10252,1","06,0000,9,1",,,"4,000",,,,,,,,,,,,"999,M,+0168,1",,"99999,9,09600,1","3,1,004,1,+999,9",,"4,99,0062,1","SYN017333   10168 91112",
"07360099999","1990-10-09T21:00:00","4","46.1666666","1.8666666","551.0","GUERET, FR","FM-12","99999","V020","120,1,N,0041,1","99999,9,9,N","999999,9,N,9","+0090,1","+0054,1","10255,1",,,,"2,000",,,,,,,,,,,,,,"99999,9,09600,1",,,,,
"07360099999","1990-10-10T00:00:00","4","46.1666666","1.8666666","551.0","GUERET, FR","FM-12","99999","V020","110,1,N,0031,1","99999,9,9,N","999999,9,N,9","+0088,1","+0059,1","10252,1",,,,"2,000",,,,,,,,,,,,,,"99999,9,09597,1","7,1,003,1,+999,9",,,,
"07360099999","1990-10-10T03:00:00","4","46.1666666","1.8666666","551.0","GUERET, FR","FM-12","99999","V020","100,1,N,0031,1","99999,9,9,N","999999,9,N,9","+0080,1","+0051,1","10250,1","06,0000,9,1",,,"4,000",,,,,,,,,,,,,,"99999,9,09593,1","8,1,004,1,+999,9",,"4,99,0051,1","SYN011333   91110",
"07360099999","1990-10-10T06:00:00","4","46.1666666","1.8666666","551.0","GUERET, FR","FM-12","99999","V020","110,1,N,0031,1","22000,1,C,N","030000,1,N,9","+0087,1","+0039,1","10243,1",,,,"2,000",,,,,,,,"00,99,1,00,1,00,1,99999,9,00,1,00,1","0996,9","01,9",,,,"99999,9,09588,1",,,,"SYN017333   30/// 55166",
"07360099999","1990-10-10T09:00:00","4","46.1666666","1.8666666","551.0","GUERET, FR","FM-12","99999","V020","120,1,N,0031,1","22000,1,C,N","050000,1,N,9","+0144,1","+0057,1","10238,1",,,,"2,000",,,,,"01,1,+08400,9,00,9",,,"01,99,1,00,1,00,1,99999,9,00,1,01,1",,,,,,"99999,9,09596,1",,,,"SYN011333   81078",
"07360099999","1990-10-10T12:00:00","4","46.1666666","1.8666666","551.0","GUERET, FR","FM-12","99999","V020","020,1,N,0021,1","22000,1,C,N","050000,1,N,9","+0190,1","+0095,1","10224,1",,,,"2,000",,,,,"02,1,+08400,9,00,9",,,"02,99,1,00,1,00,1,99999,9,00,1,01,1",,,,,,"99999,9,09593,1","8,1,003,1,+999,9",,,"SYN011333   82078",
"07360099999","1990-10-10T15:00:00","4","46.1666666","1.8666666","551.0","GUERET, FR","FM-12","99999","V020","360,1,N,0021,1","22000,1,C,N","075000,1,N,9","+0201,1","+0091,1","10211,1","06,0000,9,1",,,"4,000",,,,,"02,1,+08400,9,00,9",,,"02,99,1,00,1,00,1,99999,9,00,1,01,1",,,,,,"99999,9,09583,1","6,1,010,1,+999,9",,"4,99,0041,1","SYN017333   82078 91108",
"07360099999","1990-10-10T18:00:00","4","46.1666666","1.8666666","551.0","GUERET, FR","FM-12","99999","V020","030,1,N,0021,1","99999,9,9,N","999999,9,N,9","+0132,1","+0095,1","10227,1","06,0000,9,1",,,"4,000",,,,,,,,,,,,"999,M,+0210,1",,"99999,9,09584,1","3,1,001,1,+999,9",,"4,99,0051,1","SYN017333   10210 91110",
"07360099999","1990-10-10T21:00:00","4","46.1666666","1.8666666","551.0","GUERET, FR","FM-12","99999","V020","110,1,N,0031,1","99999,9,9,N","999999,9,N,9","+0121,1","+0091,1","10232,1","06,0000,9,1",,,"4,000",,,,,,,,,,,,,,"99999,9,09587,1","2,1,003,1,+999,9",,"4,99,0062,1","SYN011333   91112",
"07360099999","1990-10-11T00:00:00","4","46.1666666","1.8666666","551.0","GUERET, FR","FM-12","99999","V020","130,1,N,0031,1","99999,9,9,N","999999,9,N,9","+0123,1","+0084,1","10221,1","06,0000,9,1",,,"4,000",,,,,,,,,,,,,,"99999,9,09576,1","7,1,011,1,+999,9",,"4,99,0062,1","SYN011333   91112",
"07360099999","1990-10-11T03:00:00","4","46.1666666","1.8666666","551.0","GUERET, FR","FM-12","99999","V020","270,1,N,0021,1","99999,9,9,N","999999,9,N,9","+0144,1","+0081,1","10200,1","06,0000,9,1",,,"4,000",,,,,,,,,,,,,,"99999,9,09561,1","8,1,015,1,+999,9",,"4,99,0051,1","SYN011333   91110",
"07360099999","1990-10-11T06:00:00","4","46.1666666","1.8666666","551.0","GUERET, FR","FM-12","99999","V020","230,1,N,0031,1","22000,1,C,N","010000,1,N,9","+0151,1","+0079,1","10197,1","06,0000,9,1",,,"4,000",,,,,,,,"00,99,1,00,1,00,1,99999,9,00,1,00,1","0582,9","01,9","999,+0080,9","999,N,+0116,1",,"99999,9,09559,1","8,1,002,1,+999,9",,"4,99,0062,1","SYN029333   20116 30008 55097 91112",
"07360099999","1990-10-11T09:00:00","4","46.1666666","1.8666666","551.0","GUERET, FR","FM-12","99999","V020","160,1,N,0010,1","22000,1,C,N","006000,1,N,9","+0202,1","+0129,1","10193,1","06,0000,9,1",,,"4,000",,,,,,,,"00,99,1,00,1,00,1,99999,9,00,1,00,1",,,,,,"99999,9,09567,1","1,1,008,1,+999,9",,"4,99,0082,1","SYN011333   91116",
"07360099999","1990-10-11T12:00:00","4","46.1666666","1.8666666","551.0","GUERET, FR","FM-12","99999","V020","260,1,N,0010,1","22000,1,C,N","020000,1,N,9","+0228,1","+0133,1","10175,1","06,0000,9,1",,,"4,000",,,,,,,,"00,99,1,00,1,00,1,99999,9,00,1,00,1",,,,,,"99999,9,09556,1","8,1,011,1,+999,9",,"4,99,0082,1","SYN011333   91116",
"07360099999","1990-10-11T15:00:00","4","46.1666666","1.8666666","551.0","GUERET, FR","FM-12","99999","V020","070,1,N,0021,1","22000,1,C,N","025000,1,N,9","+0225,1","+0149,1","10160,1","06,0000,9,1",,,"4,000",,,,,"01,1,+01200,9,08,9",,,"01,99,1,01,1,02,1,01250,1,00,1,00,1",,,,,,"99999,9,09541,1","6,1,015,1,+999,9",,"4,99,0051,1","SYN017333   81840 91110",
"07360099999","1990-10-11T18:00:00","4","46.1666666","1.8666666","551.0","GUERET, FR","FM-12","99999","V020","100,1,N,0031,1","99999,9,9,N","999999,9,N,9","+0191,1","+0131,1","10163,1","06,0000,9,1",,,"4,000",,,,,,,,,,,,"999,M,+0235,1",,"99999,9,09537,1","5,1,004,1,+999,9",,"4,99,0051,1","SYN017333   10235 91110",
"07360099999","1990-10-11T21:00:00","4","46.1666666","1.8666666","551.0","GUERET, FR","FM-12","99999","V020","160,1,N,0041,1","99999,9,9,N","999999,9,N,9","+0174,1","+0125,1","10170,1","06,0000,9,1",,,"4,000",,,,,,,,,,,,,,"99999,9,09540,1","3,1,003,1,+999,9",,"4,99,0082,1","SYN011333   91116",
"07360099999","1990-10-12T00:00:00","4","46.1666666","1.8666666","551.0","GUERET, FR","FM-12","99999","V020","150,1,N,0031,1","99999,9,9,N","999999,9,N,9","+0177,1","+0124,1","10151,1","06,0000,9,1",,,"4,000",,,,,,,,,,,,,,"99999,9,09523,1","7,1,017,1,+999,9",,"4,99,0082,1","SYN011333   91116",
"07360099999","1990-10-12T03:00:00","4","46.1666666","1.8666666","551.0","GUERET, FR","FM-12","99999","V020","110,1,N,0041,1","99999,9,9,N","999999,9,N,9","+0162,1","+0120,1","10137,1","06,0000,9,1",,,"4,000",,,,,,,,,,,,,,"99999,9,09507,1","6,1,016,1,+999,9",,"4,99,0088,1","SYN011333   91117",
"07360099999","1990-10-12T06:00:00","4","46.1666666","1.8666666","551.0","GUERET, FR","FM-12","99999","V020","090,1,N,0041,1","07800,1,C,N","010000,1,N,9","+0151,1","+0119,1","10124,1","06,0000,9,1",,,"4,000",,,,,"03,1,+03000,9,03,9","05,1,+07800,9,00,9",,"06,99,1,03,1,00,1,99999,9,08,1,02,1","0588,9","01,9","999,+0130,9","999,N,+0151,1",,"99999,9,09492,1","8,1,015,1,+999,9",,"4,99,0088,1","SYN041333   20151 30013 55098 83360 85076 91117",
"07360099999","1990-10-12T09:00:00","4","46.1666666","1.8666666","551.0","GUERET, FR","FM-12","99999","V020","140,1,N,0041,1","07800,1,C,N","020000,1,N,9","+0185,1","+0131,1","10127,1","06,0000,9,1",,,"4,000",,,,,"02,1,+03000,9,03,9","06,1,+07800,9,00,9",,"06,99,1,02,1,00,1,99999,9,08,1,02,1",,,,,,"99999,9,09502,1","1,1,010,1,+999,9",,"4,99,0108,1","SYN023333   82360 86076 91121",
"07360099999","1990-10-12T12:00:00","4","46.1666666","1.8666666","551.0","GUERET, FR","FM-12","99999","V020","160,1,N,0062,1","07800,1,C,N","025000,1,N,9","+0208,1","+0117,1","10119,1","06,0000,9,1",,,"4,000",,,,,"01,1,+00990,9,08,9","06,1,+07800,9,00,9",,"06,99,1,01,1,01,1,01250,1,00,1,02,1",,,,,,"99999,9,09499,1","8,1,003,1,+999,9",,"4,99,0118,1","SYN023333   81833 86076 91123",
"07360099999","1990-10-12T15:00:00","4","46.1666666","1.8666666","551.0","GUERET, FR","FM-12","99999","V020","170,1,N,0062,1","07800,1,C,N","030000,1,N,9","+0199,1","+0124,1","10123,1","06,0000,9,1",,,"4,000",,,,,"03,1,+01290,9,08,9","05,1,+07800,9,00,9",,"05,99,1,03,1,02,1,01250,1,00,1,02,1",,,,,,"99999,9,09501,1","3,1,002,1,+999,9",,"4,99,0129,1","SYN023333   83843 85076 91125",
"07360099999","1990-10-12T18:00:00","4","46.1666666","1.8666666","551.0","GUERET, FR","FM-12","99999","V020","180,1,N,0051,1","99999,9,9,N","999999,9,N,9","+0173,1","+0118,1","10131,1","06,0000,9,1",,,"4,000",,,,,,,,,,,,"999,M,+0219,1",,"99999,9,09503,1","3,1,002,1,+999,9",,"4,99,0160,1","SYN017333   10219 91131",
"07360099999","1990-10-12T21:00:00","4","46.1666666","1.8666666","551.0","GUERET, FR","FM-12","99999","V020","130,1,N,0031,1","99999,9,9,N","999999,9,N,9","+0154,1","+0116,1","10138,1","06,0000,9,1",,,"4,000",,,,,,,,,,,,,,"99999,9,09506,1","0,1,003,1,+999,9",,"4,99,0082,1","SYN011333   91116",
"07360099999","1990-10-13T00:00:00","4","46.1666666","1.8666666","551.0","GUERET, FR","FM-12","99999","V020","190,1,N,0051,1","99999,9,9,N","999999,9,N,9","+0155,1","+0123,1","10136,1","06,0000,9,1",,,"4,000",,,,,,,,,,,,,,"99999,9,09504,1","7,1,002,1,+999,9",,"4,99,0108,1","SYN011333   91121",
"07360099999","1990-10-13T03:00:00","4","46.1666666","1.8666666","551.0","GUERET, FR","FM-12","99999","V020","200,1,N,0072,1","99999,9,9,N","999999,9,N,9","+0153,1","+0122,1","10130,1","06,0000,9,1",,,"4,000",,,,,,,,,,,,,,"99999,9,09498,1","8,1,006,1,+999,9",,"4,99,0129,1","SYN011333   91125",
"07360099999","1990-10-13T06:00:00","4","46.1666666","1.8666666","551.0","GUERET, FR","FM-12","99999","V020","200,1,N,0072,1","22000,1,C,N","050000,1,N,9","+0147,1","+0122,1","10140,1","06,0000,9,1",,,"4,000",,,,,"01,1,+03000,9,03,9",,,"01,99,1,01,1,00,1,99999,9,03,1,01,1","0426,9","01,9","999,+0120,9","999,N,+0139,1",,"99999,9,09506,1","2,1,008,1,+999,9",,"4,99,0129,1","SYN035333   20139 30012 55071 81360 91125",
"07360099999","1990-10-13T09:00:00","4","46.1666666","1.8666666","551.0","GUERET, FR","FM-12","99999","V020","170,1,N,0051,1","22000,1,C,N","015000,1,N,9","+0193,1","+0141,1","10145,1","06,0000,9,1",,,"4,000",,,,,"01,1,+03000,9,03,9","03,1,+07500,9,00,9",,"03,99,1,01,1,00,1,99999,9,03,1,02,1",,,,,,"99999,9,09521,1","1,1,015,1,+999,9",,"4,99,0108,1","SYN023333   81360 83075 91121",
"07360099999","1990-10-13T12:00:00","4","46.1666666","1.8666666","551.0","GUERET, FR","FM-12","99999","V020","190,1,N,0051,1","22000,1,C,N","015000,1,N,9","+0226,1","+0150,1","10143,1","06,0000,9,1",,,"4,000",,,,,"02,1,+03000,9,03,9","04,1,+07500,9,00,9",,"04,99,1,02,1,00,1,99999,9,03,1,02,1",,,,,,"99999,9,09526,1","0,1,005,1,+999,9",,"4,99,0108,1","SYN023333   82360 84075 91121",
"07360099999","1990-10-13T15:00:00","4","46.1666666","1.8666666","551.0","GUERET, FR","FM-12","99999","V020","210,1,N,0031,1","99999,9,9,N","999999,9,N,9","+0230,1","+0156,1","10139,1","06,0000,9,1",,,"4,000",,,,,,,,,,,,,,"99999,9,09523,1","5,1,003,1,+999,9",,"4,99,0088,1","SYN011333   91117",
"07360099999","1990-10-13T18:00:00","4","46.1666666","1.8666666","551.0","GUERET, FR","FM-12","99999","V020","170,1,N,0041,1","99999,9,9,N","999999,9,N,9","+0187,1","+0148,1","10163,1","06,0000,9,1",,,"4,000",,,,,,,,,,,,"999,M,+0231,1",,"99999,9,09537,1","3,1,014,1,+999,9",,"4,99,0088,1","SYN017333   10231 91117",
"07360099999","1990-10-13T21:00:00","4","46.1666666","1.8666666","551.0","GUERET, FR","FM-12","99999","V020","190,1,N,0062,1","99999,9,9,N","999999,9,N,9","+0178,1","+0135,1","10183,1","06,0000,9,1",,,"4,000",,,,,,,,,,,,,,"99999,9,09553,1","3,1,016,1,+999,9",,"4,99,0118,1","SYN011333   91123",
"07360099999","1990-10-14T00:00:00","4","46.1666666","1.8666666","551.0","GUERET, FR","FM-12","99999","V020","200,1,N,0062,1","99999,9,9,N","999999,9,N,9","+0175,1","+0142,1","10183,1","06,0000,9,1",,,"4,000",,,,,,,,,,,,,,"99999,9,09553,1","5,1,000,1,+999,9",,"4,99,0180,1","SYN011333   91135",
"07360099999","1990-10-14T03:00:00","4","46.1666666","1.8666666","551.0","GUERET, FR","FM-12","99999","V020","200,1,N,0062,1","99999,9,9,N","999999,9,N,9","+0172,1","+0145,1","10187,1","06,0000,9,1",,,"4,000",,,,,,,,,,,,,,"99999,9,09556,1","1,1,003,1,+999,9",,"4,99,0160,1","SYN011333   91131",
"07360099999","1990-10-14T06:00:00","4","46.1666666","1.8666666","551.0","GUERET, FR","FM-12","99999","V020","200,1,N,0062,1","22000,1,C,N","012000,1,N,9","+0165,1","+0136,1","10189,1","06,0000,9,1",,,"4,000",,,,,"02,1,+07500,9,00,9",,,"02,99,1,00,1,00,1,99999,9,00,1,01,1","0468,9","01,9","999,+0150,9","999,N,+0163,1",,"99999,9,09557,1","0,1,001,1,+999,9",,"4,99,0160,1","SYN035333   20163 30015 55078 82075 91131",
"07360099999","1990-10-14T09:00:00","4","46.1666666","1.8666666","551.0","GUERET, FR","FM-12","99999","V020","200,1,N,0041,1","22000,1,C,N","010000,1,N,9","+0198,1","+0140,1","10190,1","06,0000,9,1",,,"4,000",,,,,"01,1,+03000,9,03,9","03,1,+07500,9,00,9",,"03,99,1,01,1,00,1,99999,9,03,1,01,1",,,,,,"99999,9,09564,1","1,1,007,1,+999,9",,"4,99,0098,1","SYN023333   81360 83075 91119",
"07360099999","1990-10-14T12:00:00","4","46.1666666","1.8666666","551.0","GUERET, FR","FM-12","99999","V020","200,1,N,0021,1","07500,1,C,N","018000,1,N,9","+0239,1","+0164,1","10171,1","06,0000,9,1",,,"4,000",,,,,"01,1,+00900,9,08,9","05,1,+07500,9,00,9",,"05,99,1,01,1,01,1,00800,1,00,1,02,1",,,,,,"99999,9,09555,1","8,1,009,1,+999,9",,"4,99,0098,1","SYN023333   81830 85075 91119",
"07360099999","1990-10-14T15:00:00","4","46.1666666","1.8666666","551.0","GUERET, FR","FM-12","99999","V020","210,1,N,0021,1","99999,9,9,N","999999,9,N,9","+0216,1","+0168,1","10157,1","06,0000,9,1",,,"4,000",,,,,,,,,,,,,,"99999,9,09538,1","6,1,017,1,+999,9",,"4,99,0072,1","SYN011333   91114",
"07360099999","1990-10-14T18:00:00","4","46.1666666","1.8666666","551.0","GUERET, FR","FM-12","99999","V020","160,1,N,0041,1","99999,9,9,N","999999,9,N,9","+0182,1","+0160,1","10151,1","06,0000,9,1",,,"4,000",,,,,,,,,,,,"999,M,+0239,1",,"99999,9,09525,1","6,1,013,1,+999,9",,"4,99,0072,1","SYN017333   10239 91114",
"07360099999","1990-10-14T21:00:00","4","46.1666666","1.8666666","551.0","GUERET, FR","FM-12","99999","V020","140,1,N,0041,1","99999,9,9,N","999999,9,N,9","+0183,1","+0138,1","10136,1","06,0000,9,1",,,"4,000",,,,,,,,,,,,,,"99999,9,09510,1","6,1,015,1,+999,9",,"4,99,0072,1","SYN011333   91114",
"07360099999","1990-10-15T00:00:00","4","46.1666666","1.8666666","551.0","GUERET, FR","FM-12","99999","V020","140,1,N,0041,1","99999,9,9,N","999999,9,N,9","+0168,1","+0137,1","10108,1","06,0000,9,1",,,"4,000",,,,,,,,,,,,,,"99999,9,09481,1","7,1,029,1,+999,9",,"4,99,0082,1","SYN011333   91116",
"07360099999","1990-10-15T03:00:00","4","46.1666666","1.8666666","551.0","GUERET, FR","FM-12","99999","V020","180,1,N,0051,1","99999,9,9,N","999999,9,N,9","+0175,1","+0128,1","10076,1","06,0000,9,1",,,"4,000",,,,,,,,,,,,,,"99999,9,09452,1","8,1,029,1,+999,9",,"4,99,0129,1","SYN011333   91125",
"07360099999","1990-10-15T06:00:00","4","46.1666666","1.8666666","551.0","GUERET, FR","FM-12","99999","V020","180,1,N,0072,1","03000,1,C,N","020000,1,N,9","+0176,1","+0121,1","10067,1","06,0000,9,1",,,"4,000",,,,,"05,1,+03000,9,03,9","07,1,+07800,9,00,9",,"07,99,1,05,1,00,1,99999,9,03,1,02,1","0348,9","01,9","999,+0140,9","999,N,+0163,1",,"99999,9,09444,1","7,1,008,1,+999,9",,"4,99,0160,1","SYN041333   20163 30014 55058 85360 87076 91131",
"07360099999","1990-10-15T09:00:00","4","46.1666666","1.8666666","551.0","GUERET, FR","FM-12","99999","V020","180,1,N,0062,1","03000,1,C,N","020000,1,N,9","+0183,1","+0123,1","10074,1","06,0000,9,1",,,"4,000",,,,,"06,1,+03000,9,03,9","07,1,+07800,9,00,9",,"07,99,1,06,1,00,1,99999,9,08,1,02,1",,,,,,"99999,9,09452,1","0,1,008,1,+999,9",,"4,99,0170,1","SYN023333   86360 87076 91133",
"07360099999","1990-10-15T12:00:00","4","46.1666666","1.8666666","551.0","GUERET, FR","FM-12","99999","V020","180,1,N,0051,1","07800,1,C,N","025000,1,N,9","+0202,1","+0139,1","10070,1","06,0000,9,1",,,"4,000",,,,,"04,1,+03000,9,03,9","07,1,+07800,9,00,9",,"07,99,1,04,1,00,1,99999,9,03,1,02,1",,,,,,"99999,9,09453,1","0,1,001,1,+999,9",,"4,99,0170,1","SYN023333   84360 87076 91133",
"07360099999","1990-10-15T15:00:00","4","46.1666666","1.8666666","551.0","GUERET, FR","FM-12","99999","V020","170,1,N,0051,1","03000,1,C,N","025000,1,N,9","+0205,1","+0142,1","10071,1","06,0000,9,1",,,"4,000",,,,,"05,1,+03000,9,03,9","06,1,+07800,9,00,9",,"07,99,1,05,1,00,1,99999,9,07,1,02,1",,,,,,"99999,9,09454,1","1,1,001,1,+999,9",,"4,99,0139,1","SYN023333   85360 86076 91127",
"07360099999","1990-10-15T18:00:00","4","46.1666666","1.8666666","551.0","GUERET, FR","FM-12","99999","V020","170,1,N,0041,1","99999,9,9,N","999999,9,N,9","+0176,1","+0135,1","10098,1","06,0000,9,1",,,"4,000",,,,,,,,,,,,"999,M,+0212,1",,"99999,9,09473,1","3,1,019,1,+999,9",,"4,99,0139,1","SYN017333   10212 91127",
"07360099999","1990-10-15T21:00:00","4","46.1666666","1.8666666","551.0","GUERET, FR","FM-12","99999","V020","250,1,N,0051,1","99999,9,9,N","999999,9,N,9","+0139,1","+9999,9","10133,1","03,0140,9,1",,,"0,000",,,"4,1,03,1",,,,,,,,,,,"99999,9,09495,1","3,1,022,1,+999,9","42,1","4,99,0160,1","SYN017333   60147 91131",
"07360099999","1990-10-16T00:00:00","4","46.1666666","1.8666666","551.0","GUERET, FR","FM-12","99999","V020","190,1,N,0041,1","99999,9,9,N","999999,9,N,9","+0121,1","+0121,1","10144,1","03,0060,9,1","06,0060,9,1",,"0,000",,,"4,1,06,1",,,,,,,,,,,"99999,9,09505,1","2,1,010,1,+999,9","41,1","4,99,0201,1","SYN017333   60067 91139",
"07360099999","1990-10-16T03:00:00","4","46.1666666","1.8666666","551.0","GUERET, FR","FM-12","99999","V020","170,1,N,0031,1","99999,9,9,N","999999,9,N,9","+0112,1","+0112,1","10144,1","03,0002,9,1","99,0003,9,1",,"0,000",,,,,,,,,,,,,,"99999,9,09502,1","6,1,003,1,+999,9",,"4,99,0072,1","SYN017333   69927 91114",
"07360099999","1990-10-16T06:00:00","4","46.1666666","1.8666666","551.0","GUERET, FR","FM-12","99999","V020","180,1,N,0031,1","22000,1,C,N","015000,1,N,9","+0106,1","+0104,1","10148,1","24,0198,9,1",,,"0,000",,,,,"01,1,+03000,9,03,9",,,"02,99,1,01,1,00,1,99999,9,03,1,02,1","0054,9","11,9","999,+0090,9","999,N,+0101,1",,"99999,9,09505,1","1,1,003,1,+999,9",,"4,99,0072,1","SYN041333   20101 32009 55009 70198 81360 91114",
"07360099999","1990-10-16T09:00:00","4","46.1666666","1.8666666","551.0","GUERET, FR","FM-12","99999","V020","140,1,N,0021,1","22000,1,C,N","030000,1,N,9","+0164,1","+0122,1","10142,1","06,0000,9,1",,,"4,000",,,,,"02,1,+03000,9,03,9",,,"02,99,1,02,1,00,1,99999,9,03,1,00,1",,,,,,"99999,9,09512,1","1,1,007,1,+999,9",,"4,99,0062,1","SYN017333   82360 91112",
"07360099999","1990-10-16T12:00:00","4","46.1666666","1.8666666","551.0","GUERET, FR","FM-12","99999","V020","090,1,N,0021,1","22000,1,C,N","050000,1,N,9","+0200,1","+0099,1","10129,1","06,0000,9,1",,,"4,000",,,,,"01,1,+07800,9,00,9",,,"01,99,1,00,1,00,1,99999,9,00,1,01,1",,,,,,"99999,9,09506,1","8,1,006,1,+999,9",,"4,99,0062,1","SYN017333   81076 91112",
"07360099999","1990-10-16T15:00:00","4","46.1666666","1.8666666","551.0","GUERET, FR","FM-12","99999","V020","100,1,N,0031,1","22000,1,C,N","050000,1,N,9","+0197,1","+0107,1","10103,1","06,0000,9,1",,,"4,000",,,,,"02,1,+01290,9,08,9",,,"03,99,1,02,1,02,1,01250,1,00,1,02,1",,,,,,"99999,9,09481,1","6,1,025,1,+999,9",,"4,99,0082,1","SYN017333   82843 91116",
"07360099999","1990-10-16T18:00:00","4","46.1666666","1.8666666","551.0","GUERET, FR","FM-12","99999","V020","120,1,N,0021,1","99999,9,9,N","999999,9,N,9","+0159,1","+0143,1","10103,1","06,0000,9,1",,,"4,000",,,,,,,,,,,,"999,M,+0205,1",,"99999,9,09475,1","6,1,006,1,+999,9",,"4,99,0082,1","SYN017333   10205 91116",
"07360099999","1990-10-16T21:00:00","4","46.1666666","1.8666666","551.0","GUERET, FR","FM-12","99999","V020","160,1,N,0051,1","99999,9,9,N","999999,9,N,9","+0144,1","+0123,1","10100,1","06,0000,9,1",,,"4,000",,,,,,,,,,,,,,"99999,9,09468,1","8,1,007,1,+999,9",,"4,99,0098,1","SYN011333   91119",
"07360099999","1990-10-17T00:00:00","4","46.1666666","1.8666666","551.0","GUERET, FR","FM-12","99999","V020","180,1,N,0031,1","99999,9,9,N","999999,9,N,9","+0140,1","+0115,1","10091,1","06,0000,9,1",,,"4,000",,,,,,,,,,,,,,"99999,9,09459,1","6,1,009,1,+999,9",,"4,99,0118,1","SYN011333   91123",
"07360099999","1990-10-17T03:00:00","4","46.1666666","1.8666666","551.0","GUERET, FR","FM-12","99999","V020","170,1,N,0031,1","99999,9,9,N","999999,9,N,9","+0118,1","+0112,1","10085,1","06,0000,9,1",,,"4,000",,,,,,,,,,,,,,"99999,9,09448,1","8,1,011,1,+999,9",,"4,99,0062,1","SYN011333   91112",
"07360099999","1990-10-17T06:00:00","4","46.1666666","1.8666666","551.0","GUERET, FR","FM-12","99999","V020","180,1,N,0031,1","02400,1,C,N","030000,1,N,9","+0138,1","+0125,1","10072,1","06,0000,9,1",,,"4,000",,,,,"04,1,+01080,9,05,9","05,1,+02400,9,03,9",,"07,99,1,04,1,05,1,01250,1,05,1,99,9","0522,9","01,9","999,+0090,9","999,N,+0117,1",,"99999,9,09440,1","6,1,008,1,+999,9",,"4,99,0082,1","SYN041333   20117 30009 55087 84636 85358 91116",
"07360099999","1990-10-17T09:00:00","4","46.1666666","1.8666666","551.0","GUERET, FR","FM-12","99999","V020","240,1,N,0051,1","02700,1,C,N","020000,1,N,9","+0147,1","+0132,1","10076,1","03,9999,2,9",,,"0,000",,,"2,1,03,1","2,1,03,1","04,1,+00900,9,05,9","07,1,+02700,9,03,9",,"08,99,1,04,1,05,1,00800,1,07,1,99,9",,,,,,"99999,9,09446,1","1,1,006,1,+999,9","60,1","4,99,0108,1","SYN029333   69907 84630 87359 91121",
"07360099999","1990-10-17T15:00:00","4","46.1666666","1.8666666","551.0","GUERET, FR","FM-12","99999","V020","200,1,N,0031,1","02700,1,C,N","020000,1,N,9","+0132,1","+0130,1","10077,1","03,9999,2,9",,,"0,000",,,"6,1,03,1","2,1,03,1","02,1,+00900,9,05,9","08,1,+02700,9,04,9",,"08,99,1,02,1,05,1,00800,1,02,1,99,9",,,,,,"99999,9,09444,1","3,1,004,1,+999,9","21,1","4,99,0108,1","SYN029333   69907 82630 88459 91121",
"07360099999","1990-10-17T18:00:00","4","46.1666666","1.8666666","551.0","GUERET, FR","FM-12","99999","V020","220,1,N,0041,1","99999,9,9,N","999999,9,N,9","+0125,1","+0125,1","10089,1","99,0010,9,1",,,"0,000",,,,,,,,,,,,"999,M,+0150,1",,"99999,9,09454,1","3,1,010,1,+999,9",,"4,99,0118,1","SYN017333   10150 91123",
"07360099999","1990-10-17T21:00:00","4","46.1666666","1.8666666","551.0","GUERET, FR","FM-12","99999","V020","230,1,N,0082,1","99999,9,9,N","999999,9,N,9","+0122,1","+0120,1","10096,1","03,0004,9,1","99,0005,9,1",,"0,000",,,,,,,,,,,,,,"99999,9,09460,1","1,1,006,1,+999,9",,"4,99,0170,1","SYN017333   69947 91133",
"07360099999","1990-10-18T00:00:00","4","46.1666666","1.8666666","551.0","GUERET, FR","FM-12","99999","V020","220,1,N,0062,1","99999,9,9,N","999999,9,N,9","+0113,1","+0113,1","10099,1","03,0002,9,1","06,0003,9,1",,"0,000",,,,,,,,,,,,,,"99999,9,09460,1","0,1,000,1,+999,9",,"4,99,0170,1","SYN017333   69927 91133",
"07360099999","1990-10-18T03:00:00","4","46.1666666","1.8666666","551.0","GUERET, FR","FM-12","99999","V020","220,1,N,0051,1","99999,9,9,N","999999,9,N,9","+0111,1","+0111,1","10101,1","06,0000,9,1",,,"4,000",,,,,,,,,,,,,,"99999,9,09462,1","0,1,002,1,+999,9",,"4,99,0149,1","SYN011333   91129",
"07360099999","1990-10-18T06:00:00","4","46.1666666","1.8666666","551.0","GUERET, FR","FM-12","99999","V020","210,1,N,0041,1","00600,1,C,N","008000,1,N,9","+0106,1","+0106,1","10107,1","24,0016,9,1","99,0005,9,1",,"0,000",,,,,"05,1,+00600,9,05,9",,,"05,99,1,05,1,05,1,00800,1,00,1,00,1","0072,9","09,9","999,+0100,9","999,N,+0106,1",,"99999,9,09466,1","3,1,004,1,+999,9",,"4,99,0149,1","SYN041333   20106 31010 55012 70016 85620 91129",
"07360099999","1990-10-18T09:00:00","4","46.1666666","1.8666666","551.0","GUERET, FR","FM-12","99999","V020","200,1,N,0021,1","03000,1,C,N","012000,1,N,9","+0122,1","+0119,1","10112,1","06,0000,9,1",,,"4,000",,,,,"03,1,+00600,9,05,9","04,1,+03000,9,03,9",,"06,99,1,03,1,05,1,00800,1,03,1,00,1",,,,,,"99999,9,09475,1","1,1,009,1,+999,9",,"4,99,0098,1","SYN023333   83620 84360 91119",
"07360099999","1990-10-18T12:00:00","4","46.1666666","1.8666666","551.0","GUERET, FR","FM-12","99999","V020","200,1,N,0041,1","07500,1,C,N","040000,1,N,9","+0155,1","+0119,1","10099,1","06,0000,9,1",,,"4,000",,,,,"04,1,+00480,9,08,9","05,1,+07500,9,00,9",,"06,99,1,04,1,02,1,00450,1,00,1,01,1",,,,,,"99999,9,09469,1","8,1,006,1,+999,9",,"4,99,0098,1","SYN023333   84816 85075 91119",
"07360099999","1990-10-18T15:00:00","4","46.1666666","1.8666666","551.0","GUERET, FR","FM-12","99999","V020","200,1,N,0031,1","03000,1,C,N","040000,1,N,9","+0160,1","+0118,1","10091,1","06,0000,9,1",,,"4,000",,,,,"01,1,+00780,9,08,9","05,1,+03000,9,03,9",,"05,99,1,01,1,01,1,00800,1,03,1,00,1",,,,,,"99999,9,09463,1","6,1,006,1,+999,9",,"4,99,0098,1","SYN023333   81826 85360 91119",
"07360099999","1990-10-18T18:00:00","4","46.1666666","1.8666666","551.0","GUERET, FR","FM-12","99999","V020","180,1,N,0021,1","99999,9,9,N","999999,9,N,9","+0130,1","+0109,1","10098,1","06,0000,9,1",,,"4,000",,,,,,,,,,,,"999,M,+0173,1",,"99999,9,09463,1","5,1,000,1,+999,9",,"4,99,0098,1","SYN017333   10173 91119",
"07360099999","1990-10-18T21:00:00","4","46.1666666","1.8666666","551.0","GUERET, FR","FM-12","99999","V020","170,1,N,0031,1","99999,9,9,N","999999,9,N,9","+0124,1","+0094,1","10098,1","06,0000,9,1",,,"4,000",,,,,,,,,,,,,,"99999,9,09462,1","7,1,001,1,+999,9",,"4,99,0051,1","SYN011333   91110",
"07360099999","1990-10-19T00:00:00","4","46.1666666","1.8666666","551.0","GUERET, FR","FM-12","99999","V020","170,1,N,0041,1","99999,9,9,N","999999,9,N,9","+0125,1","+0086,1","10090,1","06,0000,9,1",,,"4,000",,,,,,,,,,,,,,"99999,9,09454,1","8,1,008,1,+999,9",,"4,99,0062,1","SYN011333   91112",
"07360099999","1990-10-19T03:00:00","4","46.1666666","1.8666666","551.0","GUERET, FR","FM-12","99999","V020","180,1,N,0031,1","99999,9,9,N","999999,9,N,9","+0122,1","+0089,1","10080,1","06,0000,9,1",,,"4,000",,,,,,,,,,,,,,"99999,9,09444,1","7,1,010,1,+999,9",,"4,99,0082,1","SYN011333   91116",
"07360099999","1990-10-19T06:00:00","4","46.1666666","1.8666666","551.0","GUERET, FR","FM-12","99999","V020","170,1,N,0021,1","03000,1,C,N","015000,1,N,9","+0120,1","+0096,1","10077,1","06,0000,9,1",,,"4,000",,,,,"07,1,+03000,9,03,9",,,"07,99,1,99,9,00,1,99999,9,07,1,99,9","0132,9","01,9","999,+0080,9","999,N,+0107,1",,"99999,9,09441,1","6,1,003,1,+999,9",,"4,99,0082,1","SYN035333   20107 30008 55022 87360 91116","Q01+000002SCOTLC"
"07360099999","1990-10-19T09:00:00","4","46.1666666","1.8666666","551.0","GUERET, FR","FM-12","99999","V020","999,1,C,0000,1","02400,1,C,N","030000,1,N,9","+0128,1","+0114,1","10078,1","06,0000,9,1",,,"4,000",,,,,"06,1,+02400,9,03,9","07,1,+03000,9,04,9",,"08,99,1,07,1,00,1,99999,9,07,1,99,9",,,,,,"99999,9,09444,1","0,1,003,1,+999,9",,,"SYN017333   86358 87460",
"07360099999","1990-10-19T12:00:00","4","46.1666666","1.8666666","551.0","GUERET, FR","FM-12","99999","V020","310,1,N,0010,1","03900,1,C,N","020000,1,N,9","+0146,1","+0119,1","10074,1","06,0000,9,1",,,"4,000",,,,,"03,1,+02400,9,03,9","08,1,+03900,9,04,9",,"08,99,1,08,1,00,1,99999,9,07,1,99,9",,,,,,"99999,9,09444,1","0,1,000,1,+999,9",,,"SYN017333   83358 88463",
"07360099999","1990-10-19T15:00:00","4","46.1666666","1.8666666","551.0","GUERET, FR","FM-12","99999","V020","340,1,N,0010,1","03300,1,C,N","015000,1,N,9","+0132,1","+0126,1","10082,1","03,9999,2,9",,,"0,000",,,"2,1,03,1","2,1,03,1","04,1,+00990,9,05,9","08,1,+03300,9,04,9",,"08,99,1,04,1,05,1,01250,1,07,1,99,9",,,,,,"99999,9,09449,1","3,1,005,1,+999,9","21,1","4,99,0041,1","SYN029333   69907 84633 88461 91108",
"07360099999","1990-10-19T18:00:00","4","46.1666666","1.8666666","551.0","GUERET, FR","FM-12","99999","V020","320,1,N,0010,1","99999,9,9,N","999999,9,N,9","+0114,1","+0114,1","10106,1","99,9999,2,9",,,"0,000",,,,,,,,,,,,"999,M,+0151,1",,"99999,9,09467,1","3,1,018,1,+999,9",,"4,99,0051,1","SYN017333   10151 91110",
"07360099999","1990-10-19T21:00:00","4","46.1666666","1.8666666","551.0","GUERET, FR","FM-12","99999","V020","300,1,N,0021,1","99999,9,9,N","999999,9,N,9","+0114,1","+9999,9","10120,1","06,0000,9,1",,,"4,000",,,,,,,,,,,,,,"99999,9,09477,1","2,1,010,1,+999,9",,"4,99,0031,1","SYN011333   91106",
"07360099999","1990-10-20T00:00:00","4","46.1666666","1.8666666","551.0","GUERET, FR","FM-12","99999","V020","280,1,N,0021,1","99999,9,9,N","999999,9,N,9","+0108,1","+9999,9","10127,1","03,0020,9,1","06,0020,9,1",,"0,000",,,"4,1,06,1",,,,,,,,,,,"99999,9,09482,1","2,1,005,1,+999,9","41,1","4,99,0062,1","SYN017333   60027 91112",
"07360099999","1990-10-20T03:00:00","4","46.1666666","1.8666666","551.0","GUERET, FR","FM-12","99999","V020","270,1,N,0031,1","99999,9,9,N","999999,9,N,9","+0105,1","+9999,9","10134,1","06,0000,9,1",,,"4,000",,,,,,,,,,,,,,"99999,9,09488,1","1,1,006,1,+999,9",,"4,99,0072,1","SYN011333   91114",
"07360099999","1990-10-20T06:00:00","4","46.1666666","1.8666666","551.0","GUERET, FR","FM-12","99999","V020","250,1,N,0021,1","00180,1,C,N","001000,1,N,9","+0103,1","+0103,1","10143,1","24,0020,9,1",,,"0,000",,,,,"05,1,+00180,9,07,9","07,1,+00780,9,05,9",,"08,99,1,08,1,05,1,00250,1,99,9,99,9","0000,9","09,9","999,+0100,9","999,M,+0151,1","999,N,+0103,1","99999,9,09496,1","3,1,008,1,+999,9","10,1","4,99,0072,1","SYN053333   10151 20103 31010 55000 70020 85706 87626 91114",
"07360099999","1990-10-20T09:00:00","4","46.1666666","1.8666666","551.0","GUERET, FR","FM-12","99999","V020","260,1,N,0010,1","00780,1,C,N","004500,1,N,9","+0111,1","+0111,1","10146,1","06,0000,9,1",,,"4,000",,,"4,1,03,1","2,1,03,1","03,1,+00390,9,07,9","07,1,+00780,9,05,9",,"07,99,1,07,1,05,1,00450,1,99,9,99,9",,,,,,"99999,9,09504,1","1,1,008,1,+999,9","10,1","4,99,0041,1","SYN023333   83713 87626 91108",
"07360099999","1990-10-20T15:00:00","4","46.1666666","1.8666666","551.0","GUERET, FR","FM-12","99999","V020","070,1,N,0010,1","99999,9,9,N","999999,9,N,9","+0143,1","+0123,1","10123,1","06,0000,9,1",,,"4,000",,,,,,,,,,,,,,"99999,9,09489,1","6,1,012,1,+999,9",,"4,99,0041,1","SYN011333   91108",
"07360099999","1990-10-20T18:00:00","4","46.1666666","1.8666666","551.0","GUERET, FR","FM-12","99999","V020","060,1,N,0021,1","99999,9,9,N","999999,9,N,9","+0120,1","+0120,1","10124,1","06,0000,9,1",,,"4,000",,,,,,,,,,,,"999,M,+0145,1",,"99999,9,09485,1","6,1,004,1,+999,9",,"4,99,0051,1","SYN017333   10145 91110",
"07360099999","1990-10-20T21:00:00","4","46.1666666","1.8666666","551.0","GUERET, FR","FM-12","99999","V020","060,1,N,0031,1","99999,9,9,N","999999,9,N,9","+0111,1","+9999,9","10118,1","06,0000,9,1",,,"4,000",,,,,,,,,,,,,,"99999,9,09474,1","8,1,011,1,+999,9",,"4,99,0062,1","SYN011333   91112",
"07360099999","1990-10-21T00:00:00","4","46.1666666","1.8666666","551.0","GUERET, FR","FM-12","99999","V020","060,1,N,0021,1","99999,9,9,N","999999,9,N,9","+0098,1","+9999,9","10110,1","06,0000,9,1",,,"4,000",,,,,,,,,,,,,,"99999,9,09464,1","6,1,010,1,+999,9",,"4,99,0098,1","SYN011333   91119",
"07360099999","1990-10-21T03:00:00","4","46.1666666","1.8666666","551.0","GUERET, FR","FM-12","99999","V020","110,1,N,0031,1","99999,9,9,N","999999,9,N,9","+0089,1","+9999,9","10105,1","06,0000,9,1",,,"4,000",,,,,,,,,,,,,,"99999,9,09457,1","8,1,007,1,+999,9",,"4,99,0082,1","SYN011333   91116",
"07360099999","1990-10-21T06:00:00","4","46.1666666","1.8666666","551.0","GUERET, FR","FM-12","99999","V020","110,1,N,0031,1","22000,1,C,N","030000,1,N,9","+0085,1","+0085,1","10104,1","06,0000,9,1",,,"4,000",,,,,"02,1,+07800,9,00,9",,,"02,99,1,00,1,00,1,99999,9,00,1,01,1","0114,9","01,9","999,+0060,9","999,M,+0145,1","999,N,+0085,1","99999,9,09455,1","6,1,002,1,+999,9",,"4,99,0082,1","SYN041333   10145 20085 30006 55019 82076 91116",
"07360099999","1990-10-21T09:00:00","4","46.1666666","1.8666666","551.0","GUERET, FR","FM-12","99999","V020","110,1,N,0031,1","22000,1,C,N","040000,1,N,9","+0114,1","+0114,1","10100,1","06,0000,9,1",,,"4,000",,,,,"01,1,+08400,9,00,9",,,"01,99,1,00,1,00,1,99999,9,00,1,01,1",,,,,,"99999,9,09461,1","1,1,006,1,+999,9",,"4,99,0072,1","SYN017333   81078 91114",
"07360099999","1990-10-21T12:00:00","4","46.1666666","1.8666666","551.0","GUERET, FR","FM-12","99999","V020","230,1,N,0021,1","22000,1,C,N","040000,1,N,9","+0167,1","+0116,1","10092,1","06,0000,9,1",,,"4,000",,,,,"02,1,+00390,9,08,9",,,"03,99,1,02,1,01,1,00450,1,00,1,01,1",,,,,,"99999,9,09466,1","1,1,005,1,+999,9",,"4,99,0072,1","SYN017333   82813 91114",
"07360099999","1990-10-21T15:00:00","4","46.1666666","1.8666666","551.0","GUERET, FR","FM-12","99999","V020","240,1,N,0021,1","99999,9,9,N","999999,9,N,9","+0154,1","+0116,1","10103,1","06,0000,9,1",,,"4,000",,,,,,,,,,,,,,"99999,9,09473,1","3,1,007,1,+999,9",,"4,99,0072,1","SYN011333   91114",
"07360099999","1990-10-21T18:00:00","4","46.1666666","1.8666666","551.0","GUERET, FR","FM-12","99999","V020","060,1,N,0010,1","99999,9,9,N","999999,9,N,9","+0128,1","+0115,1","10118,1","06,0000,9,1",,,"4,000",,,,,,,,,,,,"999,M,+0180,1",,"99999,9,09481,1","3,1,008,1,+999,9",,"4,99,0072,1","SYN017333   10180 91114",
"07360099999","1990-10-21T21:00:00","4","46.1666666","1.8666666","551.0","GUERET, FR","FM-12","99999","V020","100,1,N,0031,1","99999,9,9,N","999999,9,N,9","+0123,1","+0123,1","10128,1","06,0000,9,1",,,"4,000",,,,,,,,,,,,,,"99999,9,09490,1","1,1,009,1,+999,9",,"4,99,0051,1","SYN011333   91110",
"07360099999","1990-10-22T03:00:00","4","46.1666666","1.8666666","551.0","GUERET, FR","FM-12","99999","V020","150,1,N,0021,1","99999,9,9,N","999999,9,N,9","+0102,1","+0102,1","10123,1","06,0000,9,1",,,"4,000",,,,,,,,,,,,,,"99999,9,09480,1","8,1,006,1,+999,9",,"4,99,0051,1","SYN011333   91110",
"07360099999","1990-10-22T06:00:00","4","46.1666666","1.8666666","551.0","GUERET, FR","FM-12","99999","V020","120,1,N,0041,1","07800,1,C,N","010000,1,N,9","+0102,1","+0096,1","10113,1","06,0000,9,1",,,"4,000",,,,,"05,1,+07800,9,00,9",,,"05,99,1,00,1,00,1,99999,9,00,1,02,1","0450,9","01,9","999,+0080,9","999,M,+0180,1","999,N,+0095,1","99999,9,09471,1","6,1,009,1,+999,9",,"4,99,0088,1","SYN041333   10180 20095 30008 55075 85076 91117",
"07360099999","1990-10-22T09:00:00","4","46.1666666","1.8666666","551.0","GUERET, FR","FM-12","99999","V020","120,1,N,0031,1","07800,1,C,N","020000,1,N,9","+0123,1","+0112,1","10100,1","06,0000,9,1",,,"4,000",,,,,"01,1,+03000,9,03,9","06,1,+07800,9,00,9",,"06,99,1,01,1,00,1,99999,9,04,1,02,1",,,,,,"99999,9,09463,1","7,1,008,1,+999,9",,"4,99,0082,1","SYN023333   81360 86076 91116",
"07360099999","1990-10-22T12:00:00","4","46.1666666","1.8666666","551.0","GUERET, FR","FM-12","99999","V020","100,1,N,0041,1","07800,1,C,N","025000,1,N,9","+0149,1","+0131,1","10079,1","06,0000,9,1",,,"4,000",,,,,"03,1,+03000,9,03,9","07,1,+07800,9,00,9",,"07,99,1,03,1,00,1,99999,9,04,1,02,1",,,,,,"99999,9,09450,1","8,1,013,1,+999,9",,"4,99,0082,1","SYN023333   83360 87076 91116",
"07360099999","1990-10-22T15:00:00","4","46.1666666","1.8666666","551.0","GUERET, FR","FM-12","99999","V020","190,1,N,0031,1","07800,1,C,N","030000,1,N,9","+0187,1","+0129,1","10070,1","06,0000,9,1",,,"4,000",,,,,"02,1,+01290,9,08,9","06,1,+07800,9,00,9",,"06,99,1,02,1,02,1,01250,1,00,1,02,1",,,,,,"99999,9,09449,1","6,1,001,1,+999,9",,"4,99,0098,1","SYN023333   82843 86076 91119",
"07360099999","1990-10-22T18:00:00","4","46.1666666","1.8666666","551.0","GUERET, FR","FM-12","99999","V020","110,1,N,0041,1","99999,9,9,N","999999,9,N,9","+0149,1","+0119,1","10078,1","06,0000,9,1",,,"4,000",,,,,,,,,,,,"999,M,+0190,1",,"99999,9,09448,1","7,1,001,1,+999,9",,"4,99,0098,1","SYN017333   10190 91119",
"07360099999","1990-10-22T21:00:00","4","46.1666666","1.8666666","551.0","GUERET, FR","FM-12","99999","V020","110,1,N,0072,1","99999,9,9,N","999999,9,N,9","+0153,1","+0113,1","10069,1","06,0000,9,1",,,"4,000",,,,,,,,,,,,,,"99999,9,09440,1","8,1,008,1,+999,9",,"4,99,0180,1","SYN011333   91135",
"07360099999","1990-10-23T00:00:00","4","46.1666666","1.8666666","551.0","GUERET, FR","FM-12","99999","V020","170,1,N,0031,1","99999,9,9,N","999999,9,N,9","+0148,1","+0102,1","10073,1","03,0008,9,1","06,0010,9,1",,"0,000",,,,,,,,,,,,,,"99999,9,09443,1","3,1,003,1,+999,9",,"4,99,0190,1","SYN017333   69987 91137",
"07360099999","1990-10-23T03:00:00","4","46.1666666","1.8666666","551.0","GUERET, FR","FM-12","99999","V020","180,1,N,0031,1","99999,9,9,N","999999,9,N,9","+0104,1","+0088,1","10100,1","06,0000,9,1",,,"4,000",,,,,,,,,,,,,,"99999,9,09459,1","0,1,016,1,+999,9",,"4,99,0129,1","SYN011333   91125",
"07360099999","1990-10-23T06:00:00","4","46.1666666","1.8666666","551.0","GUERET, FR","FM-12","99999","V020","110,1,N,0031,1","03000,1,C,N","015000,1,N,9","+0099,1","+0085,1","10103,1","24,0008,9,1",,,"0,000",,,,,"03,1,+00990,9,05,9","08,1,+03000,9,03,9",,"08,99,1,03,1,05,1,01250,1,07,1,99,9","0312,9","09,9","999,+0070,9","999,M,+0190,1","999,N,+0094,1","99999,9,09460,1","3,1,001,1,+999,9",,"4,99,0129,1","SYN053333   10190 20094 31007 55052 70008 83633 88360 91125",
"07360099999","1990-10-23T09:00:00","4","46.1666666","1.8666666","551.0","GUERET, FR","FM-12","99999","V020","120,1,N,0031,1","03000,1,C,N","025000,1,N,9","+0114,1","+0098,1","10111,1","06,0000,9,1",,,"4,000",,,,,"03,1,+00990,9,05,9","05,1,+03000,9,03,9","06,1,+07800,9,00,9","07,99,1,03,1,05,1,01250,1,02,1,02,1",,,,,,"99999,9,09471,1","1,1,011,1,+999,9",,"4,99,0062,1","SYN029333   83633 85360 86076 91112",
"07360099999","1990-10-23T12:00:00","4","46.1666666","1.8666666","551.0","GUERET, FR","FM-12","99999","V020","130,1,N,0031,1","00990,1,C,N","030000,1,N,9","+0152,1","+0116,1","10093,1","06,0000,9,1",,,"4,000",,,,,"06,1,+00990,9,05,9","07,1,+03300,9,04,9",,"07,99,1,06,1,05,1,01250,1,01,1,99,9",,,,,,"99999,9,09463,1","8,1,008,1,+999,9",,"4,99,0088,1","SYN023333   86633 87461 91117",
"07360099999","1990-10-23T15:00:00","4","46.1666666","1.8666666","551.0","GUERET, FR","FM-12","99999","V020","200,1,N,0031,1","07800,1,C,N","030000,1,N,9","+0167,1","+0114,1","10092,1","06,0000,9,1",,,"4,000",,,,,"03,1,+01080,9,08,9","04,1,+07800,9,00,9",,"05,99,1,03,1,02,1,01250,1,00,1,02,1",,,,,,"99999,9,09466,1","1,1,003,1,+999,9",,"4,99,0098,1","SYN023333   83836 84076 91119",
"07360099999","1990-10-23T18:00:00","4","46.1666666","1.8666666","551.0","GUERET, FR","FM-12","99999","V020","230,1,N,0041,1","99999,9,9,N","999999,9,N,9","+0132,1","+0106,1","10111,1","06,0000,9,1",,,"4,000",,,,,,,,,,,,"999,M,+0169,1",,"99999,9,09475,1","3,1,009,1,+999,9",,"4,99,0098,1","SYN017333   10169 91119",
"07360099999","1990-10-23T21:00:00","4","46.1666666","1.8666666","551.0","GUERET, FR","FM-12","99999","V020","210,1,N,0041,1","99999,9,9,N","999999,9,N,9","+0113,1","+0100,1","10122,1","06,0000,9,1",,,"4,000",,,,,,,,,,,,,,"99999,9,09481,1","3,1,006,1,+999,9",,"4,99,0129,1","SYN011333   91125",
"07360099999","1990-10-24T00:00:00","4","46.1666666","1.8666666","551.0","GUERET, FR","FM-12","99999","V020","210,1,N,0031,1","99999,9,9,N","999999,9,N,9","+0101,1","+0098,1","10127,1","06,0000,9,1",,,"4,000",,,,,,,,,,,,,,"99999,9,09484,1","3,1,003,1,+999,9",,"4,99,0129,1","SYN011333   91125",
"07360099999","1990-10-24T03:00:00","4","46.1666666","1.8666666","551.0","GUERET, FR","FM-12","99999","V020","200,1,N,0051,1","99999,9,9,N","999999,9,N,9","+0100,1","+0094,1","10127,1","06,0000,9,1",,,"4,000",,,,,,,,,,,,,,"99999,9,09483,1","8,1,001,1,+999,9",,"4,99,0098,1","SYN011333   91119",
"07360099999","1990-10-24T06:00:00","4","46.1666666","1.8666666","551.0","GUERET, FR","FM-12","99999","V020","200,1,N,0041,1","22000,1,C,N","015000,1,N,9","+0109,1","+0095,1","10121,1","06,0000,9,1",,,"4,000",,,,,"03,1,+00900,9,05,9",,,"03,99,1,03,1,05,1,00800,1,00,1,00,1","0078,9","01,9","999,+0080,9","999,M,+0169,1","999,N,+0096,1","99999,9,09479,1","8,1,004,1,+999,9",,"4,99,0098,1","SYN041333   10169 20096 30008 55013 83630 91119",
"07360099999","1990-10-24T09:00:00","4","46.1666666","1.8666666","551.0","GUERET, FR","FM-12","99999","V020","200,1,N,0041,1","01500,1,C,N","075000,1,N,9","+0119,1","+0096,1","10125,1","06,0000,9,1",,,"4,000",,,,,"07,1,+01500,9,05,9",,,"07,99,1,07,1,05,1,01750,1,99,9,99,9",,,,,,"99999,9,09485,1","1,1,006,1,+999,9",,"4,99,0108,1","SYN017333   87650 91121",
"07360099999","1990-10-24T12:00:00","4","46.1666666","1.8666666","551.0","GUERET, FR","FM-12","99999","V020","200,1,N,0041,1","01500,1,C,N","075000,1,N,9","+0130,1","+0104,1","10119,1","03,9999,2,9","06,9999,2,9",,"0,000",,,"6,1,06,1","2,1,06,1","01,1,+00300,9,08,9","05,1,+01500,9,05,9","05,1,+03000,9,03,9","08,99,1,05,1,08,1,00450,1,03,1,99,9",,,,,,"99999,9,09483,1","7,1,002,1,+999,9","02,1","4,99,0108,1","SYN035333   69907 81810 85650 85360 91121",
"07360099999","1990-10-24T15:00:00","4","46.1666666","1.8666666","551.0","GUERET, FR","FM-12","99999","V020","210,1,N,0051,1","00990,1,C,N","010000,1,N,9","+0113,1","+0113,1","10114,1","03,0004,9,1","99,0005,9,1",,"0,001",,,"6,1,03,1","2,1,03,1","02,1,+00180,9,07,9","07,1,+00990,9,05,9",,"08,99,1,08,1,05,1,00250,1,99,9,99,9",,,,,,"99999,9,09474,1","6,1,009,1,+999,9","61,1","4,99,0129,1","SYN029333   69947 82706 87633 91125",
"07360099999","1990-10-24T18:00:00","4","46.1666666","1.8666666","551.0","GUERET, FR","FM-12","99999","V020","200,1,N,0031,1","99999,9,9,N","999999,9,N,9","+0109,1","+0109,1","10120,1","03,9999,2,9",,,"0,000",,,,,,,,,,,,"999,M,+0130,1",,"99999,9,09479,1","3,1,005,1,+999,9",,"4,99,0129,1","SYN023333   10130 69907 91125",
"07360099999","1990-10-24T21:00:00","4","46.1666666","1.8666666","551.0","GUERET, FR","FM-12","99999","V020","240,1,N,0031,1","99999,9,9,N","999999,9,N,9","+0096,1","+9999,9","10131,1","03,0010,9,1",,,"0,000",,,"4,1,03,1",,,,,,,,,,,"99999,9,09483,1","3,1,004,1,+999,9","21,1","4,99,0098,1","SYN017333   60017 91119",
"07360099999","1990-10-25T00:00:00","4","46.1666666","1.8666666","551.0","GUERET, FR","FM-12","99999","V020","230,1,N,0031,1","99999,9,9,N","999999,9,N,9","+0091,1","+9999,9","10128,1","03,0002,9,1","06,0003,9,1",,"0,000",,,,,,,,,,,,,,"99999,9,09479,1","7,1,004,1,+999,9",,"4,99,0098,1","SYN017333   69927 91119",
"07360099999","1990-10-25T03:00:00","4","46.1666666","1.8666666","551.0","GUERET, FR","FM-12","99999","V020","220,1,N,0041,1","99999,9,9,N","999999,9,N,9","+0092,1","+9999,9","10121,1","06,0000,9,1",,,"4,000",,,,,,,,,,,,,,"99999,9,09473,1","6,1,006,1,+999,9",,"4,99,0108,1","SYN011333   91121",
"07360099999","1990-10-25T06:00:00","4","46.1666666","1.8666666","551.0","GUERET, FR","FM-12","99999","V020","220,1,N,0051,1","00090,1,C,N","005000,1,N,9","+0090,1","+0090,1","10116,1","24,0020,9,1",,,"0,000",,,,,"07,1,+00090,9,07,9",,,"08,99,1,07,1,07,1,00150,1,99,9,99,9","0006,9","09,9","999,+0080,9","999,M,+0130,1","999,N,+0089,1","99999,9,09471,1","5,1,002,1,+999,9",,"4,99,0118,1","SYN047333   10130 20089 31008 55001 70020 87703 91123",
"07360099999","1990-10-25T09:00:00","4","46.1666666","1.8666666","551.0","GUERET, FR","FM-12","99999","V020","220,1,N,0062,1","00180,1,C,N","015000,1,N,9","+0101,1","+0101,1","10118,1","03,0002,9,1","99,0003,9,1",,"0,000",,,,,"05,1,+00180,9,08,9","05,1,+00780,9,05,9",,"07,99,1,07,1,08,1,00250,1,99,9,99,9",,,,,,"99999,9,09475,1","0,1,004,1,+999,9",,"4,99,0139,1","SYN029333   69927 85806 85626 91127",
"07360099999","1990-10-25T12:00:00","4","46.1666666","1.8666666","551.0","GUERET, FR","FM-12","99999","V020","220,1,N,0051,1","00480,1,C,N","030000,1,N,9","+0112,1","+0098,1","10107,1","06,0003,9,1",,,"0,000",,,,,"06,1,+00480,9,08,9","05,1,+06900,9,00,9",,"07,99,1,06,1,02,1,00450,1,00,1,02,1",,,,,,"99999,9,09467,1","7,1,008,1,+999,9",,"4,99,0160,1","SYN023333   86816 85073 91131",
"07360099999","1990-10-25T15:00:00","4","46.1666666","1.8666666","551.0","GUERET, FR","FM-12","99999","V020","210,1,N,0051,1","00480,1,C,N","030000,1,N,9","+0103,1","+0103,1","10100,1","03,0010,9,1",,,"0,000",,,"6,1,03,1","2,1,03,1","05,1,+00480,9,08,9","05,1,+00780,9,05,9","05,1,+06900,9,00,9","07,99,1,06,1,08,1,00450,1,00,1,02,1",,,,,,"99999,9,09459,1","6,1,008,1,+999,9","21,1","4,99,0129,1","SYN035333   60017 85816 85626 85073 91125",
"07360099999","1990-10-25T18:00:00","4","46.1666666","1.8666666","551.0","GUERET, FR","FM-12","99999","V020","190,1,N,0041,1","99999,9,9,N","999999,9,N,9","+0096,1","+0094,1","10094,1","99,0010,9,1",,,"0,000",,,,,,,,,,,,"999,M,+0121,1",,"99999,9,09452,1","6,1,007,1,+999,9",,"4,99,0129,1","SYN017333   10121 91125",
"07360099999","1990-10-25T21:00:00","4","46.1666666","1.8666666","551.0","GUERET, FR","FM-12","99999","V020","190,1,N,0051,1","99999,9,9,N","999999,9,N,9","+0098,1","+0093,1","10077,1","06,0000,9,1",,,"4,000",,,,,,,,,,,,,,"99999,9,09436,1","6,1,016,1,+999,9",,"4,99,0118,1","SYN011333   91123",
"07360099999","1990-10-26T00:00:00","4","46.1666666","1.8666666","551.0","GUERET, FR","FM-12","99999","V020","180,1,N,0062,1","99999,9,9,N","999999,9,N,9","+0100,1","+0086,1","10050,1","06,0000,9,1",,,"4,000",,,,,,,,,,,,,,"99999,9,09411,1","8,1,025,1,+999,9",,"4,99,0129,1","SYN011333   91125",
"07360099999","1990-10-26T03:00:00","4","46.1666666","1.8666666","551.0","GUERET, FR","FM-12","99999","V020","170,1,N,0051,1","99999,9,9,N","999999,9,N,9","+0097,1","+0081,1","10019,1","06,0000,9,1",,,"4,000",,,,,,,,,,,,,,"99999,9,09381,1","8,1,030,1,+999,9",,"4,99,0139,1","SYN011333   91127",
"07360099999","1990-10-26T06:00:00","4","46.1666666","1.8666666","551.0","GUERET, FR","FM-12","99999","V020","200,1,N,0082,1","00780,1,C,N","008000,1,N,9","+0095,1","+0095,1","10006,1","03,0010,9,1","24,0024,9,1",,"0,001",,,"6,1,06,1","2,1,06,1","03,1,+00300,9,07,9","07,1,+00780,9,05,9",,"08,99,1,08,1,05,1,00450,1,99,9,99,9","0132,9","09,9","999,+0070,9","999,M,+0121,1","999,N,+0095,1","99999,9,09369,1","5,1,012,1,+999,9","61,1","4,99,0201,1","SYN059333   10121 20095 31007 55022 60017 70024 83710 87626 91139",
"07360099999","1990-10-26T09:00:00","4","46.1666666","1.8666666","551.0","GUERET, FR","FM-12","99999","V020","210,1,N,0062,1","00780,1,C,N","006000,1,N,9","+0066,1","+0066,1","10042,1","03,0060,9,1",,,"0,000",,,"6,1,03,1","2,1,03,1","03,1,+00300,9,07,9","08,1,+00780,9,05,9",,"08,99,1,08,1,05,1,00450,1,99,9,99,9",,,,,,"99999,9,09396,1","1,1,027,1,+999,9","60,1","4,99,0221,1","SYN029333   60067 83710 88626 91143",
"07360099999","1990-10-26T12:00:00","4","46.1666666","1.8666666","551.0","GUERET, FR","FM-12","99999","V020","250,1,N,0062,1","00780,1,C,N","017000,1,N,9","+0081,1","+0081,1","10048,1","03,0006,9,2","06,0005,9,2",,"0,001",,,"8,1,06,1","6,1,06,1","04,1,+00300,9,08,9","07,1,+00780,9,05,9",,"08,99,1,08,1,08,1,00450,1,99,9,99,9",,,,,,"99999,9,09405,1","1,1,009,1,+999,9","80,1","4,99,0221,1","SYN029333   69967 84810 87626 91143",
"07360099999","1990-10-26T15:00:00","4","46.1666666","1.8666666","551.0","GUERET, FR","FM-12","99999","V020","230,1,N,0051,1","00300,1,C,N","020000,1,N,9","+0073,1","+0073,1","10060,1","03,0030,9,1",,,"0,000",,,"8,1,03,1","2,1,03,1","05,1,+00300,9,08,9","05,1,+03000,9,03,9",,"08,99,1,05,1,02,1,00450,1,03,1,99,9",,,,,,"99999,9,09414,1","3,1,009,1,+999,9","25,1","4,99,0160,1","SYN029333   60037 85810 85360 91131",
"07360099999","1990-10-26T18:00:00","4","46.1666666","1.8666666","551.0","GUERET, FR","FM-12","99999","V020","210,1,N,0072,1","99999,9,9,N","999999,9,N,9","+0061,1","+0061,1","10073,1","03,0030,9,1",,,"0,000",,,"4,1,06,1",,,,,,,,,"999,M,+0096,1",,"99999,9,09424,1","2,1,010,1,+999,9","21,1","4,99,0170,1","SYN023333   10096 60037 91133",
"07360099999","1990-10-26T21:00:00","4","46.1666666","1.8666666","551.0","GUERET, FR","FM-12","99999","V020","220,1,N,0082,1","99999,9,9,N","999999,9,N,9","+0060,1","+0060,1","10080,1","06,0000,9,1",,,"4,000",,,,,,,,,,,,,,"99999,9,09430,1","1,1,006,1,+999,9",,"4,99,0160,1","SYN011333   91131",
"07360099999","1990-10-27T00:00:00","4","46.1666666","1.8666666","551.0","GUERET, FR","FM-12","99999","V020","220,1,N,0082,1","99999,9,9,N","999999,9,N,9","+0061,1","+0061,1","10080,1","06,0000,9,1",,,"4,000",,,,,,,,,,,,,,"99999,9,09430,1","4,1,000,1,+999,9",,"4,99,0180,1","SYN011333   91135",
"07360099999","1990-10-27T03:00:00","4","46.1666666","1.8666666","551.0","GUERET, FR","FM-12","99999","V020","220,1,N,0072,1","99999,9,9,N","999999,9,N,9","+0057,1","+0057,1","10091,1","06,0000,9,1",,,"4,000",,,,,,,,,,,,,,"99999,9,09439,1","1,1,009,1,+999,9",,"4,99,0170,1","SYN011333   91133",
"07360099999","1990-10-27T06:00:00","4","46.1666666","1.8666666","551.0","GUERET, FR","FM-12","99999","V020","220,1,N,0072,1","00780,1,C,N","006000,1,N,9","+0060,1","+0060,1","10096,1","03,0002,9,1","24,0126,9,1","99,0003,9,1","0,000",,,"8,1,06,1",,"03,1,+00180,9,07,9","08,1,+00780,9,05,9",,"08,99,1,08,1,05,1,00250,1,99,9,99,9","0444,9","09,9","999,+0050,9","999,M,+0096,1","999,N,+0057,1","99999,9,09445,1","2,1,006,1,+999,9","02,1","4,99,0170,1","SYN059333   10096 20057 31005 55074 69927 70126 83706 88626 91133",
"07360099999","1990-10-27T09:00:00","4","46.1666666","1.8666666","551.0","GUERET, FR","FM-12","99999","V020","220,1,N,0062,1","00780,1,C,N","008000,1,N,9","+0073,1","+0073,1","10107,1","03,0002,9,1","99,0003,9,1",,"0,000",,,"8,1,03,1","2,1,03,1","04,1,+00300,9,08,9","05,1,+00780,9,05,9",,"08,99,1,08,1,08,1,00450,1,99,9,99,9",,,,,,"99999,9,09458,1","1,1,013,1,+999,9","25,1","4,99,0160,1","SYN029333   69927 84810 85626 91131",
"07360099999","1990-10-27T12:00:00","4","46.1666666","1.8666666","551.0","GUERET, FR","FM-12","99999","V020","210,1,N,0062,1","99999,9,9,N","999999,9,N,9","+0080,1","+0080,1","10104,1","03,0004,9,1","06,0005,9,1",,"0,000",,,"4,1,06,1",,,,,,,,,,,"99999,9,09457,1","8,1,001,1,+999,9","41,1","4,99,0160,1","SYN017333   69947 91131",
"07360099999","1990-10-27T15:00:00","4","46.1666666","1.8666666","551.0","GUERET, FR","FM-12","99999","V020","210,1,N,0062,1","99999,9,9,N","999999,9,N,9","+0087,1","+0087,1","10092,1","03,0010,9,1",,,"0,000",,,,,,,,,,,,,,"99999,9,09448,1","6,1,009,1,+999,9",,"4,99,0129,1","SYN017333   60017 91125",
"07360099999","1990-10-27T18:00:00","4","46.1666666","1.8666666","551.0","GUERET, FR","FM-12","99999","V020","220,1,N,0062,1","99999,9,9,N","999999,9,N,9","+0082,1","+0082,1","10088,1","03,0010,9,1",,,"0,000",,,"4,1,06,1",,,,,,,,,"999,M,+0089,1",,"99999,9,09443,1","6,1,005,1,+999,9","21,1","4,99,0139,1","SYN023333   10089 60017 91127",
"07360099999","1990-10-27T21:00:00","4","46.1666666","1.8666666","551.0","GUERET, FR","FM-12","99999","V020","220,1,N,0062,1","99999,9,9,N","999999,9,N,9","+0086,1","+0086,1","10072,1","06,0000,9,1",,,"4,000",,,,,,,,,,,,,,"99999,9,09429,1","7,1,014,1,+999,9",,"4,99,0149,1","SYN011333   91129",
"07360099999","1990-10-28T00:00:00","4","46.1666666","1.8666666","551.0","GUERET, FR","FM-12","99999","V020","210,1,N,0072,1","99999,9,9,N","999999,9,N,9","+0087,1","+9999,9","10051,1","03,0006,9,2","06,0005,9,2",,"0,000",,,"4,1,06,1",,,,,,,,,,,"99999,9,09406,1","8,1,023,1,+999,9","21,1","4,99,0201,1","SYN017333   69967 91139",
"07360099999","1990-10-28T03:00:00","4","46.1666666","1.8666666","551.0","GUERET, FR","FM-12","99999","V020","220,1,N,0087,1","99999,9,9,N","999999,9,N,9","+0083,1","+9999,9","10025,1","03,0008,9,1","99,0010,9,1",,"0,000",,,"4,1,03,1",,,,,,,,,,,"99999,9,09381,1","6,1,025,1,+999,9","21,1","4,99,0221,1","SYN017333   69987 91143",
"07360099999","1990-10-28T06:00:00","4","46.1666666","1.8666666","551.0","GUERET, FR","FM-12","99999","V020","210,1,N,0087,1","00180,1,C,N","005000,1,N,9","+0080,1","+0080,1","09998,1","03,0008,9,1","24,0056,9,1","99,0010,9,1","0,001",,,"8,1,06,1","6,1,06,1","05,1,+00180,9,07,9","08,1,+00780,9,05,9",,"08,99,1,08,1,05,1,00250,1,99,9,99,9","0294,9","11,9","999,+0070,9","999,M,+0089,1","999,N,+0079,1","99999,9,09355,1","8,1,026,1,+999,9","61,1","4,99,0221,1","SYN059333   10089 20079 32007 55049 69987 70056 85706 88626 91143",
"07360099999","1990-10-28T09:00:00","4","46.1666666","1.8666666","551.0","GUERET, FR","FM-12","99999","V020","200,1,N,0087,1","00900,1,C,N","015000,1,N,9","+0086,1","+0086,1","09975,1","03,0002,9,1","99,0003,9,1",,"0,000",,,"6,1,03,1","2,1,03,1","03,1,+00300,9,07,9","07,1,+00900,9,05,9",,"08,99,1,08,1,05,1,00450,1,99,9,99,9",,,,,,"99999,9,09335,1","8,1,020,1,+999,9","21,1","4,99,0211,1","SYN029333   69927 83710 87630 91141",
"07360099999","1990-10-28T12:00:00","4","46.1666666","1.8666666","551.0","GUERET, FR","FM-12","99999","V020","200,1,N,0087,1","99999,9,9,N","999999,9,N,9","+0090,1","+9999,9","09929,1","03,0040,9,1","06,0040,9,1",,"0,000",,,"4,1,06,1",,,,,,,,,,,"99999,9,09293,1","6,1,042,1,+999,9","41,1","4,99,0232,1","SYN017333   60047 91145",
"07360099999","1990-10-28T15:00:00","4","46.1666666","1.8666666","551.0","GUERET, FR","FM-12","99999","V020","200,1,N,0072,1","99999,9,9,N","999999,9,N,9","+0096,1","+9999,9","09900,1","03,0020,9,1",,,"0,000",,,"4,1,03,1",,,,,,,,,,,"99999,9,09267,1","6,1,026,1,+999,9","21,1","4,99,0232,1","SYN017333   60027 91145",
"07360099999","1990-10-28T18:00:00","4","46.1666666","1.8666666","551.0","GUERET, FR","FM-12","99999","V020","210,1,N,0087,1","99999,9,9,N","999999,9,N,9","+0108,1","+9999,9","09882,1","03,0040,9,1",,,"0,000",,,"4,1,06,1",,,,,,,,,"999,M,+0108,1",,"99999,9,09253,1","6,1,014,1,+999,9","41,1","4,99,0232,1","SYN023333   10108 60047 91145",
"07360099999","1990-10-28T21:00:00","4","46.1666666","1.8666666","551.0","GUERET, FR","FM-12","99999","V020","230,1,N,0082,1","99999,9,9,N","999999,9,N,9","+0124,1","+9999,9","09870,1","03,0060,9,1",,,"0,000",,,"4,1,03,1",,,,,,,,,,,"99999,9,09245,1","6,1,008,1,+999,9","41,1","4,99,0180,1","SYN017333   60067 91135",
"07360099999","1990-10-29T00:00:00","4","46.1666666","1.8666666","551.0","GUERET, FR","FM-12","99999","V020","260,1,N,0082,1","99999,9,9,N","999999,9,N,9","+0115,1","+9999,9","09897,1","03,0080,9,1","06,0080,9,1",,"0,000",,,"4,1,06,1",,,,,,,,,,,"99999,9,09268,1","3,1,023,1,+999,9","41,1","4,99,0211,1","SYN017333   60087 91141",
"07360099999","1990-10-29T03:00:00","4","46.1666666","1.8666666","551.0","GUERET, FR","FM-12","99999","V020","270,1,N,0072,1","99999,9,9,N","999999,9,N,9","+0091,1","+9999,9","09931,1","03,0008,9,1","99,0010,9,1",,"0,000",,,"4,1,03,1",,,,,,,,,,,"99999,9,09295,1","1,1,027,1,+999,9","21,1","4,99,0211,1","SYN017333   69987 91141",
"07360099999","1990-10-29T06:00:00","4","46.1666666","1.8666666","551.0","GUERET, FR","FM-12","99999","V020","280,1,N,0051,1","00150,1,C,N","005000,1,N,9","+0081,1","+0081,1","09957,1","03,0010,9,1","24,0262,9,1",,"0,001",,,"6,1,06,1",,"05,1,+00150,9,07,9","06,1,+00390,9,05,9",,"08,99,1,08,1,05,1,00150,1,99,9,99,9","0216,9","11,9","999,+0080,9","999,M,+0108,1","999,N,+0081,1","99999,9,09317,1","3,1,022,1,+999,9","61,1","4,99,0211,1","SYN059333   10108 20081 32008 55036 60017 70262 85705 86613 91141",
"07360099999","1990-10-29T12:00:00","4","46.1666666","1.8666666","551.0","GUERET, FR","FM-12","99999","V020","210,1,N,0062,1","00090,1,C,N","004000,1,N,9","+0092,1","+0092,1","09918,1","03,0040,9,1","06,0040,9,1",,"0,001",,,"6,1,06,1","6,1,06,1","05,1,+00090,9,07,9","08,1,+02400,9,04,9",,"08,99,1,05,1,07,1,00150,1,02,1,99,9",,,,,,"99999,9,09283,1","8,1,039,1,+999,9","61,1","4,99,0129,1","SYN029333   60047 85703 88458 91125",
"07360099999","1990-10-29T15:00:00","4","46.1666666","1.8666666","551.0","GUERET, FR","FM-12","99999","V020","230,1,N,0087,1","00060,1,C,N","002000,1,N,9","+0130,1","+0130,1","09867,1","03,0080,9,1",,,"0,001",,,"6,1,03,1","6,1,03,1","08,1,+00060,9,07,9",,,"08,99,1,08,1,07,1,00075,1,99,9,99,9",,,,,,"99999,9,09243,1","6,1,040,1,+999,9","61,1","4,99,0190,1","SYN023333   60087 88702 91137",
"07360099999","1990-10-29T18:00:00","4","46.1666666","1.8666666","551.0","GUERET, FR","FM-12","99999","V020","250,1,N,0098,1","99999,9,9,N","999999,9,N,9","+0139,1","+9999,9","09871,1","03,0070,9,1",,,"0,000",,,"4,1,06,1",,,,,,,,,"999,M,+0142,1",,"99999,9,09249,1","3,1,006,1,+999,9","41,1","4,99,0252,1","SYN023333   10142 60077 91149",
"07360099999","1990-10-30T06:00:00","4","46.1666666","1.8666666","551.0","GUERET, FR","FM-12","99999","V020","250,1,N,0062,1","22000,1,C,N","008000,1,N,9","+0073,1","+0073,1","10013,1","03,0008,9,1","24,0258,9,1","99,0010,9,1","0,000",,,"6,1,06,1",,"02,1,+00090,9,07,9",,,"02,99,1,02,1,06,1,00150,1,03,1,00,1","0252,9","09,9","999,+0060,9","999,M,+0142,1","999,N,+0071,1","99999,9,09370,1","3,1,022,1,+999,9","02,1","4,99,0180,1","SYN053333   10142 20071 31006 55042 69987 70258 82703 91135",
"07360099999","1990-10-30T09:00:00","4","46.1666666","1.8666666","551.0","GUERET, FR","FM-12","99999","V020","240,1,N,0051,1","00600,1,C,N","011000,1,N,9","+0090,1","+0090,1","10037,1","06,0000,9,1",,,"4,000",,,,,"02,1,+00300,9,08,9","04,1,+00600,9,05,9",,"05,99,1,05,1,08,1,00450,1,00,1,00,1",,,,,,"99999,9,09397,1","1,1,027,1,+999,9",,"4,99,0098,1","SYN023333   82810 84620 91119",
"07360099999","1990-10-30T12:00:00","4","46.1666666","1.8666666","551.0","GUERET, FR","FM-12","99999","V020","230,1,N,0062,1","00690,1,C,N","020000,1,N,9","+0106,1","+0082,1","10036,1","06,0000,9,1",,,"4,000",,,,,"02,1,+00390,9,08,9","03,1,+00690,9,05,9","06,1,+02700,9,03,9","08,99,1,04,1,08,1,00450,1,07,1,99,9",,,,,,"99999,9,09399,1","0,1,002,1,+999,9",,"4,99,0118,1","SYN029333   82813 83623 86359 91123",
"07360099999","1990-10-30T15:00:00","4","46.1666666","1.8666666","551.0","GUERET, FR","FM-12","99999","V020","230,1,N,0062,1","02700,1,C,N","020000,1,N,9","+0107,1","+0086,1","10028,1","06,0000,9,1",,,"4,000",,,,,"03,1,+00480,9,08,9","08,1,+02700,9,03,9",,"08,99,1,03,1,01,1,00450,1,07,1,99,9",,,,,,"99999,9,09392,1","6,1,007,1,+999,9",,"4,99,0108,1","SYN023333   83816 88359 91121",
"07360099999","1990-10-30T18:00:00","4","46.1666666","1.8666666","551.0","GUERET, FR","FM-12","99999","V020","220,1,N,0051,1","99999,9,9,N","999999,9,N,9","+0090,1","+0090,1","10032,1","03,0004,9,1","99,0005,9,1",,"0,000",,,"4,1,06,1",,,,,,,,,"999,M,+0113,1",,"99999,9,09392,1","5,1,000,1,+999,9","21,1","4,99,0129,1","SYN023333   10113 69947 91125",
"07360099999","1990-10-30T21:00:00","4","46.1666666","1.8666666","551.0","GUERET, FR","FM-12","99999","V020","230,1,N,0041,1","99999,9,9,N","999999,9,N,9","+0082,1","+0082,1","10034,1","03,0020,9,1",,,"0,000",,,"4,1,03,1",,,,,,,,,,,"99999,9,09392,1","5,1,000,1,+999,9","41,1","4,99,0149,1","SYN017333   60027 91129",
"07360099999","1990-10-31T00:00:00","4","46.1666666","1.8666666","551.0","GUERET, FR","FM-12","99999","V020","230,1,N,0051,1","99999,9,9,N","999999,9,N,9","+0086,1","+0086,1","10034,1","03,0030,9,1","06,0030,9,1",,"0,000",,,"4,1,06,1",,,,,,,,,,,"99999,9,09393,1","0,1,001,1,+999,9","21,1","4,99,0149,1","SYN017333   60037 91129",
"07360099999","1990-10-31T03:00:00","4","46.1666666","1.8666666","551.0","GUERET, FR","FM-12","99999","V020","230,1,N,0062,1","99999,9,9,N","999999,9,N,9","+0083,1","+0083,1","10032,1","03,0002,9,1","99,0003,9,1",,"0,000",,,"4,1,03,1",,,,,,,,,,,"99999,9,09391,1","6,1,002,1,+999,9","21,1","4,99,0139,1","SYN017333   69927 91127",
"07360099999","1990-10-31T06:00:00","4","46.1666666","1.8666666","551.0","GUERET, FR","FM-12","99999","V020","230,1,N,0062,1","00690,1,C,N","008000,1,N,9","+0075,1","+0075,1","10044,1","03,0010,9,1","24,0068,9,1",,"0,000",,,"6,1,06,1",,"03,1,+00300,9,07,9","07,1,+00690,9,05,9",,"08,99,1,08,1,05,1,00450,1,99,9,99,9","0222,9","11,9","999,+0070,9","999,M,+0113,1","999,N,+0073,1","99999,9,09400,1","0,1,009,1,+999,9","21,1","4,99,0139,1","SYN059333   10113 20073 32007 55037 60017 70068 83710 87623 91127",
"07360099999","1990-10-31T09:00:00","4","46.1666666","1.8666666","551.0","GUERET, FR","FM-12","99999","V020","240,1,N,0072,1","00780,1,C,N","015000,1,N,9","+0087,1","+0084,1","10062,1","06,0000,9,1",,,"4,000",,,,,"05,1,+00780,9,03,9","03,1,+03000,9,03,9",,"06,99,1,05,1,05,1,00800,1,03,1,00,1",,,,,,"99999,9,09420,1","1,1,020,1,+999,9",,"4,99,0160,1","SYN023333   85326 83360 91131",
"07360099999","1990-10-31T12:00:00","4","46.1666666","1.8666666","551.0","GUERET, FR","FM-12","99999","V020","230,1,N,0062,1","03600,1,C,N","030000,1,N,9","+0100,1","+0098,1","10059,1","06,0000,9,1",,,"4,000",,,,,"04,1,+00300,9,08,9",,,"06,99,1,04,1,02,1,00450,1,03,1,00,1",,,,,,"99999,9,09420,1","0,1,000,1,+999,9",,"4,99,0160,1","SYN017333   84810 91131",
"07360099999","1990-10-31T15:00:00","4","46.1666666","1.8666666","551.0","GUERET, FR","FM-12","99999","V020","230,1,N,0072,1","00900,1,C,N","020000,1,N,9","+0096,1","+0087,1","10061,1","03,0002,9,1","99,0003,9,1",,"0,000",,,"8,1,03,1","2,1,03,1","02,1,+00390,9,08,9","05,1,+00900,9,05,9","05,1,+03000,9,03,9","08,99,1,05,1,08,1,00450,1,03,1,99,9",,,,,,"99999,9,09420,1","4,1,000,1,+999,9","25,1","4,99,0149,1","SYN035333   69927 82813 85630 85360 91129",
"07360099999","1990-10-31T18:00:00","4","46.1666666","1.8666666","551.0","GUERET, FR","FM-12","99999","V020","240,1,N,0041,1","99999,9,9,N","999999,9,N,9","+0088,1","+0088,1","10079,1","99,0003,9,1",,,"0,000",,,,,,,,,,,,"999,M,+0103,1",,"99999,9,09436,1","3,1,016,1,+999,9",,"4,99,0149,1","SYN017333   10103 91129",
"07360099999","1990-10-31T21:00:00","4","46.1666666","1.8666666","551.0","GUERET, FR","FM-12","99999","V020","240,1,N,0062,1","99999,9,9,N","999999,9,N,9","+0075,1","+0075,1","10091,1","06,0000,9,1",,,"4,000",,,,,,,,,,,,,,"99999,9,09444,1","1,1,008,1,+999,9",,"4,99,0118,1","SYN011333   91123",
"07360099999","1990-11-01T00:00:00","4","46.1666666","1.8666666","551.0","GUERET, FR","FM-12","99999","V020","230,1,N,0062,1","99999,9,9,N","999999,9,N,9","+0070,1","+0070,1","10097,1","06,0000,9,1",,,"4,000",,,,,,,,,,,,,,"99999,9,09448,1","2,1,004,1,+999,9",,"4,99,0129,1","SYN011333   91125",
"07360099999","1990-11-01T03:00:00","4","46.1666666","1.8666666","551.0","GUERET, FR","FM-12","99999","V020","240,1,N,0051,1","99999,9,9,N","999999,9,N,9","+0073,1","+9999,9","10100,1","03,0008,9,1","99,0010,9,1",,"0,000",,,"4,1,03,1",,,,,,,,,,,"99999,9,09449,1","3,1,001,1,+999,9","21,1","4,99,0129,1","SYN017333   69987 91125",
"07360099999","1990-11-01T06:00:00","4","46.1666666","1.8666666","551.0","GUERET, FR","FM-12","99999","V020","250,1,N,0041,1","00690,1,C,N","006000,1,N,9","+0073,1","+0073,1","10104,1","03,0040,9,1","24,0048,9,1",,"0,001",,,"8,1,06,1","2,1,06,1","03,1,+00300,9,07,9","07,1,+00690,9,05,9",,"08,99,1,08,1,05,1,00450,1,99,9,99,9","0120,9","11,9","999,+0060,9","999,M,+0103,1","999,N,+0070,1","99999,9,09455,1","3,1,006,1,+999,9","80,1","4,99,0129,1","SYN059333   10103 20070 32006 55020 60047 70048 83710 87623 91125",
"07360099999","1990-11-01T12:00:00","4","46.1666666","1.8666666","551.0","GUERET, FR","FM-12","99999","V020","240,1,N,0041,1","00780,1,C,N","008000,1,N,9","+0080,1","+0080,1","10106,1","03,0020,9,1","06,0020,9,1",,"0,001",,,"8,1,06,1","2,1,06,1","02,1,+00300,9,07,9","06,1,+00780,9,05,9",,"08,99,1,08,1,08,1,00450,1,99,9,99,9",,,,,,"99999,9,09459,1","8,1,004,1,+999,9","80,1","4,99,0129,1","SYN029333   60027 82710 86626 91125",
"07360099999","1990-11-01T15:00:00","4","46.1666666","1.8666666","551.0","GUERET, FR","FM-12","99999","V020","240,1,N,0072,1","99999,9,9,N","999999,9,N,9","+0080,1","+0072,1","10091,1","03,0010,9,1",,,"0,000",,,,,,,,,,,,,,"99999,9,09445,1","6,1,014,1,+999,9",,"4,99,0149,1","SYN017333   60017 91129",
"07360099999","1990-11-01T18:00:00","4","46.1666666","1.8666666","551.0","GUERET, FR","FM-12","99999","V020","240,1,N,0072,1","99999,9,9,N","999999,9,N,9","+0076,1","+0073,1","10096,1","03,0002,9,1","99,0003,9,1",,"0,000",,,,,,,,,,,,"999,M,+0100,1",,"99999,9,09448,1","3,1,003,1,+999,9",,"4,99,0149,1","SYN023333   10100 69927 91129",
"07360099999","1990-11-01T21:00:00","4","46.1666666","1.8666666","551.0","GUERET, FR","FM-12","99999","V020","230,1,N,0072,1","99999,9,9,N","999999,9,N,9","+0060,1","+0059,1","10097,1","03,0004,9,1","99,0005,9,1",,"0,000",,,,,,,,,,,,,,"99999,9,09446,1","8,1,002,1,+999,9",,"4,99,0160,1","SYN017333   69947 91131",
"07360099999","1990-11-02T00:00:00","4","46.1666666","1.8666666","551.0","GUERET, FR","FM-12","99999","V020","210,1,N,0082,1","99999,9,9,N","999999,9,N,9","+0055,1","+0055,1","10076,1","03,0002,9,1","06,0003,9,1",,"0,000",,,"4,1,06,1",,,,,,,,,,,"99999,9,09425,1","8,1,021,1,+999,9","21,1","4,99,0180,1","SYN017333   69927 91135",
"07360099999","1990-11-02T03:00:00","4","46.1666666","1.8666666","551.0","GUERET, FR","FM-12","99999","V020","250,1,N,0082,1","99999,9,9,N","999999,9,N,9","+0054,1","+0053,1","10075,1","03,0010,9,1",,,"0,000",,,,,,,,,,,,,,"99999,9,09424,1","5,1,001,1,+999,9",,"4,99,0190,1","SYN017333   60017 91137",
"07360099999","1990-11-02T09:00:00","4","46.1666666","1.8666666","551.0","GUERET, FR","FM-12","99999","V020","220,1,N,0051,1","00090,1,C,N","015000,1,N,9","+0062,1","+0059,1","10081,1","06,0000,9,1",,,"4,000",,,,,"05,1,+00090,9,08,9","07,1,+00780,9,05,9",,"08,99,1,07,1,08,1,00150,1,99,9,99,9",,,,,,"99999,9,09431,1","0,1,001,1,+999,9",,"4,99,0129,1","SYN023333   85803 87626 91125",
"07360099999","1990-11-02T12:00:00","4","46.1666666","1.8666666","551.0","GUERET, FR","FM-12","99999","V020","220,1,N,0041,1","00090,1,C,N","010000,1,N,9","+0070,1","+0070,1","10068,1","03,0030,9,1","06,0030,9,1",,"0,000",,,"6,1,06,1","1,1,06,1","05,1,+00090,9,08,9","08,1,+00600,9,05,9",,"08,99,1,08,1,08,1,00150,1,99,9,99,9",,,,,,"99999,9,09421,1","8,1,010,1,+999,9","60,1","4,99,0129,1","SYN029333   60037 85803 88620 91125",
"07360099999","1990-11-02T18:00:00","4","46.1666666","1.8666666","551.0","GUERET, FR","FM-12","99999","V020","260,1,N,0051,1","99999,9,9,N","999999,9,N,9","+0048,1","+0048,1","10069,1","03,0030,9,1",,,"0,000",,,"4,1,06,1",,,,,,,,,"999,M,+0074,1",,"99999,9,09417,1","3,1,004,1,+999,9","21,1","4,99,0149,1","SYN023333   10074 60037 91129",
"07360099999","1990-11-02T21:00:00","4","46.1666666","1.8666666","551.0","GUERET, FR","FM-12","99999","V020","260,1,N,0041,1","99999,9,9,N","999999,9,N,9","+0038,1","+0038,1","10081,1","03,0020,9,1",,,"0,000",,,,,,,,,,,,,,"99999,9,09425,1","2,1,008,1,+999,9",,"4,99,0118,1","SYN017333   60027 91123",
"07360099999","1990-11-03T00:00:00","4","46.1666666","1.8666666","551.0","GUERET, FR","FM-12","99999","V020","240,1,N,0051,1","99999,9,9,N","999999,9,N,9","+0037,1","+0037,1","10085,1","06,0020,9,1",,,"0,000",,,,,,,,,,,,,,"99999,9,09429,1","1,1,004,1,+999,9",,"4,99,0118,1","SYN011333   91123",
"07360099999","1990-11-03T03:00:00","4","46.1666666","1.8666666","551.0","GUERET, FR","FM-12","99999","V020","230,1,N,0041,1","99999,9,9,N","999999,9,N,9","+0029,1","+0029,1","10080,1","03,0002,9,1","99,0003,9,1",,"0,000",,,,,,,,,,,,,,"99999,9,09423,1","6,1,006,1,+999,9",,"4,99,0108,1","SYN017333   69927 91121",
"07360099999","1990-11-03T06:00:00","4","46.1666666","1.8666666","551.0","GUERET, FR","FM-12","99999","V020","230,1,N,0051,1","00090,1,C,N","007000,1,N,9","+0027,1","+0027,1","10086,1","24,0090,9,1","99,0020,9,1",,"0,000",,,,,"06,1,+00090,9,07,9",,,"06,99,1,06,1,06,1,00150,1,00,1,00,1","0636,9","01,9","999,+0020,9","999,M,+0074,1","999,N,+0026,1","99999,9,09428,1","3,1,005,1,+999,9",,"4,99,0108,1","SYN047333   10074 20026 30002 55106 70090 86703 91121",
"07360099999","1990-11-03T09:00:00","4","46.1666666","1.8666666","551.0","GUERET, FR","FM-12","99999","V020","230,1,N,0031,1","22000,1,C,N","008000,1,N,9","+0040,1","+0034,1","10100,1","06,0000,9,1",,,"4,000",,,,,"03,1,+00150,9,08,9",,,"03,99,1,03,1,02,1,00150,1,00,1,00,1",,,,,,"99999,9,09443,1","3,1,015,1,+999,9",,"4,99,0088,1","SYN017333   83805 91117",
"07360099999","1990-11-03T12:00:00","4","46.1666666","1.8666666","551.0","GUERET, FR","FM-12","99999","V020","270,1,N,0031,1","00240,1,C,N","009000,1,N,9","+0047,1","+0035,1","10104,1","03,9999,2,9","06,9999,2,9",,"0,001",,,"8,1,06,1","2,1,06,1","05,1,+00240,9,08,9","05,1,+00480,9,05,9",,"08,99,1,08,1,08,1,00250,1,99,9,99,9",,,,,,"99999,9,09449,1","1,1,006,1,+999,9","80,1","4,99,0088,1","SYN029333   69907 85808 85616 91117",
"07360099999","1990-11-03T15:00:00","4","46.1666666","1.8666666","551.0","GUERET, FR","FM-12","99999","V020","280,1,N,0031,1","99999,9,9,N","999999,9,N,9","+0050,1","+0043,1","10108,1","03,0002,9,1","99,0003,9,1",,"0,000",,,,,,,,,,,,,,"99999,9,09454,1","3,1,005,1,+999,9",,"4,99,0088,1","SYN017333   69927 91117",
"07360099999","1990-11-03T18:00:00","4","46.1666666","1.8666666","551.0","GUERET, FR","FM-12","99999","V020","290,1,N,0021,1","99999,9,9,N","999999,9,N,9","+0032,1","+0032,1","10132,1","99,0003,9,1",,,"0,000",,,,,,,,,,,,"999,M,+0072,1",,"99999,9,09472,1","3,1,018,1,+999,9",,"4,99,0088,1","SYN017333   10072 91117",
"07360099999","1990-11-03T21:00:00","4","46.1666666","1.8666666","551.0","GUERET, FR","FM-12","99999","V020","320,1,N,0021,1","99999,9,9,N","999999,9,N,9","+0029,1","+0029,1","10150,1","06,0000,9,1",,,"4,000",,,,,,,,,,,,,,"99999,9,09488,1","3,1,016,1,+999,9",,"4,99,0062,1","SYN011333   91112",
"07360099999","1990-11-04T00:00:00","4","46.1666666","1.8666666","551.0","GUERET, FR","FM-12","99999","V020","290,1,N,0021,1","99999,9,9,N","999999,9,N,9","+0032,1","+9999,9","10155,1","06,0000,9,1",,,"4,000",,,,,,,,,,,,,,"99999,9,09491,1","1,1,003,1,+999,9",,"4,99,0062,1","SYN011333   91112",
"07360099999","1990-11-04T03:00:00","4","46.1666666","1.8666666","551.0","GUERET, FR","FM-12","99999","V020","300,1,N,0021,1","99999,9,9,N","999999,9,N,9","+0031,1","+9999,9","10161,1","03,0002,9,1","99,0003,9,1",,"0,000",,,,,,,,,,,,,,"99999,9,09497,1","1,1,006,1,+999,9",,"4,99,0051,1","SYN017333   69927 91110",
"07360099999","1990-11-04T06:00:00","4","46.1666666","1.8666666","551.0","GUERET, FR","FM-12","99999","V020","330,1,N,0021,1","00060,1,C,N","004000,1,N,9","+0020,1","+0020,1","10172,1","24,0004,9,1","99,0003,9,1",,"0,000",,,,,"07,1,+00060,9,07,9",,,"07,99,1,07,1,06,1,00075,1,99,9,99,9","0654,9","01,9","999,+0000,9","999,M,+0072,1","999,N,+0015,1","99999,9,09506,1","3,1,009,1,+999,9","10,1","4,99,0051,1","SYN047333   10072 20015 30000 55109 70004 87702 91110",
"07360099999","1990-11-04T09:00:00","4","46.1666666","1.8666666","551.0","GUERET, FR","FM-12","99999","V020","260,1,N,0031,1","00390,1,C,N","002000,1,N,9","+0033,1","+0033,1","10179,1","06,0000,9,1",,,"4,000",,,"4,1,03,1","1,1,03,1","04,1,+00060,9,07,9","04,1,+00390,9,05,9",,"06,99,1,06,1,06,1,00075,1,00,1,00,1",,,,,,"99999,9,09516,1","3,1,010,1,+999,9","10,1","4,99,0062,1","SYN023333   84702 84613 91112",
"07360099999","1990-11-04T12:00:00","4","46.1666666","1.8666666","551.0","GUERET, FR","FM-12","99999","V020","270,1,N,0031,1","00540,1,C,N","006000,1,N,9","+0049,1","+0043,1","10177,1","06,0000,9,1",,,"4,000",,,"4,1,06,1","1,1,06,1","02,1,+00120,9,07,9","05,1,+00540,9,05,9",,"07,99,1,07,1,08,1,00150,1,99,9,99,9",,,,,,"99999,9,09518,1","0,1,002,1,+999,9","01,1","4,99,0072,1","SYN023333   82704 85618 91114",
"07360099999","1990-11-04T15:00:00","4","46.1666666","1.8666666","551.0","GUERET, FR","FM-12","99999","V020","270,1,N,0031,1","99999,9,9,N","999999,9,N,9","+0052,1","+0045,1","10177,1","06,0000,9,1",,,"4,000",,,,,,,,,,,,,,"99999,9,09519,1","3,1,001,1,+999,9",,"4,99,0082,1","SYN011333   91116",
"07360099999","1990-11-04T18:00:00","4","46.1666666","1.8666666","551.0","GUERET, FR","FM-12","99999","V020","250,1,N,0031,1","99999,9,9,N","999999,9,N,9","+0037,1","+0037,1","10185,1","06,0000,9,1",,,"4,000",,,,,,,,,,,,"999,M,+0057,1",,"99999,9,09522,1","3,1,003,1,+999,9",,"4,99,0082,1","SYN017333   10057 91116",
"07360099999","1990-11-04T21:00:00","4","46.1666666","1.8666666","551.0","GUERET, FR","FM-12","99999","V020","260,1,N,0051,1","99999,9,9,N","999999,9,N,9","+0033,1","+0033,1","10194,1","06,0000,9,1",,,"4,000",,,,,,,,,,,,,,"99999,9,09530,1","1,1,008,1,+999,9",,"4,99,0098,1","SYN011333   91119",
"07360099999","1990-11-05T00:00:00","4","46.1666666","1.8666666","551.0","GUERET, FR","FM-12","99999","V020","260,1,N,0041,1","99999,9,9,N","999999,9,N,9","+0033,1","+0033,1","10201,1","06,0000,9,1",,,"4,000",,,,,,,,,,,,,,"99999,9,09536,1","3,1,006,1,+999,9",,"4,99,0098,1","SYN011333   91119",
"07360099999","1990-11-05T03:00:00","4","46.1666666","1.8666666","551.0","GUERET, FR","FM-12","99999","V020","260,1,N,0021,1","99999,9,9,N","999999,9,N,9","+0032,1","+0032,1","10200,1","06,0000,9,1",,,"4,000",,,,,,,,,,,,,,"99999,9,09535,1","7,1,001,1,+999,9",,"4,99,0072,1","SYN011333   91114",
"07360099999","1990-11-05T06:00:00","4","46.1666666","1.8666666","551.0","GUERET, FR","FM-12","99999","V020","250,1,N,0021,1","09000,1,C,N","006000,1,N,9","+0026,1","+0026,1","10206,1","06,0000,9,1",,,"4,000",,,,,"02,1,+00180,9,07,9","03,1,+03000,9,03,9",,"05,99,1,02,1,06,1,00250,1,03,1,01,1","0048,9","01,9","999,+0010,9","999,M,+0057,1","999,N,+0024,1","99999,9,09539,1","3,1,004,1,+999,9",,"4,99,0072,1","SYN047333   10057 20024 30001 55008 82706 83360 91114",
"07360099999","1990-11-05T09:00:00","4","46.1666666","1.8666666","551.0","GUERET, FR","FM-12","99999","V020","280,1,N,0010,1","01500,1,C,N","008000,1,N,9","+0044,1","+0043,1","10216,1","03,0002,9,1","99,0003,9,1",,"0,000",,,"5,1,03,1","2,1,03,1","02,1,+00390,9,08,9","05,1,+01500,9,05,9",,"06,99,1,06,1,08,1,00450,1,99,9,00,1",,,,,,"99999,9,09553,1","1,1,014,1,+999,9","03,1","4,99,0041,1","SYN029333   69927 82813 85650 91108","Q01    003SCOMCG"
"07360099999","1990-11-05T12:00:00","4","46.1666666","1.8666666","551.0","GUERET, FR","FM-12","99999","V020","340,1,N,0021,1","00390,1,C,N","012000,1,N,9","+0068,1","+0051,1","10211,1","06,0003,9,1",,,"0,000",,,"5,1,06,1","2,1,06,1","05,1,+00390,9,08,9","03,1,+03000,9,03,9",,"06,99,1,05,1,08,1,00450,1,99,9,00,1",,,,,,"99999,9,09554,1","0,1,001,1,+999,9","01,1","4,99,0041,1","SYN023333   85813 83360 91108","Q01+000002SCOMCG"
"07360099999","1990-11-05T15:00:00","4","46.1666666","1.8666666","551.0","GUERET, FR","FM-12","99999","V020","030,1,N,0021,1","00480,1,C,N","007000,1,N,9","+0059,1","+0050,1","10215,1","03,0004,9,1","99,0005,9,1",,"0,000",,,"5,1,03,1","2,1,03,1","01,1,+00180,9,07,9","05,1,+00480,9,08,9","07,1,+03000,9,03,9","07,99,1,05,1,02,1,00250,1,03,1,99,9",,,,,,"99999,9,09556,1","2,1,002,1,+999,9","51,1","4,99,0051,1","SYN035333   69947 81706 85816 87360 91110",
"07360099999","1990-11-05T18:00:00","4","46.1666666","1.8666666","551.0","GUERET, FR","FM-12","99999","V020","010,1,N,0021,1","99999,9,9,N","999999,9,N,9","+0035,1","+9999,9","10232,1","03,0008,9,1","99,0010,9,1",,"0,000",,,,,,,,,,,,"999,M,+0078,1",,"99999,9,09564,1","3,1,008,1,+999,9",,"4,99,0051,1","SYN023333   10078 69987 91110",
"07360099999","1990-11-05T21:00:00","4","46.1666666","1.8666666","551.0","GUERET, FR","FM-12","99999","V020","050,1,N,0021,1","99999,9,9,N","999999,9,N,9","+0028,1","+9999,9","10244,1","06,0000,9,1",,,"4,000",,,,,,,,,,,,,,"99999,9,09574,1","3,1,010,1,+999,9",,"4,99,0051,1","SYN011333   91110",
"07360099999","1990-11-06T00:00:00","4","46.1666666","1.8666666","551.0","GUERET, FR","FM-12","99999","V020","050,1,N,0021,1","99999,9,9,N","999999,9,N,9","+0027,1","+9999,9","10246,1","03,0002,9,1","06,0003,9,1",,"0,000",,,,,,,,,,,,,,"99999,9,09575,1","3,1,001,1,+999,9",,"4,99,0062,1","SYN017333   69927 91112",
"07360099999","1990-11-06T03:00:00","4","46.1666666","1.8666666","551.0","GUERET, FR","FM-12","99999","V020","060,1,N,0031,1","99999,9,9,N","999999,9,N,9","+0017,1","+9999,9","10248,1","06,0000,9,1",,,"4,000",,,,,,,,,,,,,,"99999,9,09574,1","8,1,001,1,+999,9",,"4,99,0082,1","SYN011333   91116",
"07360099999","1990-11-06T06:00:00","4","46.1666666","1.8666666","551.0","GUERET, FR","FM-12","99999","V020","060,1,N,0041,1","00180,1,C,N","000900,1,N,9","+0013,1","+0013,1","10252,1","06,0000,9,1","24,0014,9,1",,"4,000",,,"4,1,06,1","4,1,06,1","05,1,+00180,9,07,9",,,"05,99,1,05,1,06,1,00250,1,00,1,00,1","0108,9","01,9","999,+0000,9","999,M,+0078,1","999,N,+0011,1","99999,9,09577,1","1,1,003,1,+999,9","42,1","4,99,0088,1","SYN047333   10078 20011 30000 55018 70014 85706 91117",
"07360099999","1990-11-06T09:00:00","4","46.1666666","1.8666666","551.0","GUERET, FR","FM-12","99999","V020","070,1,N,0031,1","22000,1,C,N","004000,1,N,9","+0019,1","+0019,1","10260,1","06,0000,9,1",,,"4,000",,,"4,1,03,1","2,1,03,1","03,1,+00180,9,08,9",,,"03,99,1,03,1,01,1,00250,1,00,1,00,1",,,,,,"99999,9,09588,1","2,1,011,1,+999,9","10,1","4,99,0088,1","SYN017333   83806 91117",
"07360099999","1990-11-06T12:00:00","4","46.1666666","1.8666666","551.0","GUERET, FR","FM-12","99999","V020","070,1,N,0041,1","22000,1,C,N","013000,1,N,9","+0058,1","+0021,1","10248,1","06,0000,9,1",,,"4,000",,,"4,1,06,1","1,1,06,1","01,1,+00480,9,08,9",,,"01,99,1,01,1,01,1,00450,1,00,1,00,1",,,,,,"99999,9,09586,1","8,1,002,1,+999,9","02,1","4,99,0108,1","SYN017333   81816 91121",
"07360099999","1990-11-06T15:00:00","4","46.1666666","1.8666666","551.0","GUERET, FR","FM-12","99999","V020","070,1,N,0041,1","22000,1,C,N","020000,1,N,9","+0054,1","-0004,1","10249,1","06,0000,9,1",,,"4,000",,,,,,,,"00,99,1,00,1,00,1,99999,9,00,1,00,1",,,,,,"99999,9,09586,1","5,1,000,1,+999,9",,"4,99,0108,1","SYN011333   91121",
"07360099999","1990-11-06T18:00:00","4","46.1666666","1.8666666","551.0","GUERET, FR","FM-12","99999","V020","080,1,N,0041,1","99999,9,9,N","999999,9,N,9","+0025,1","+0004,1","10265,1","06,0000,9,1",,,"4,000",,,,,,,,,,,,"999,M,+0067,1",,"99999,9,09594,1","3,1,008,1,+999,9",,"4,99,0118,1","SYN017333   10067 91123",
"07360099999","1990-11-06T21:00:00","4","46.1666666","1.8666666","551.0","GUERET, FR","FM-12","99999","V020","090,1,N,0062,1","99999,9,9,N","999999,9,N,9","+0015,1","+0006,1","10269,1","06,0000,9,1",,,"4,000",,,,,,,,,,,,,,"99999,9,09595,1","0,1,001,1,+999,9",,"4,99,0108,1","SYN011333   91121",
"07360099999","1990-11-07T00:00:00","4","46.1666666","1.8666666","551.0","GUERET, FR","FM-12","99999","V020","110,1,N,0031,1","99999,9,9,N","999999,9,N,9","-0003,1","-0003,1","10278,1","06,0000,9,1",,,"4,000",,,,,,,,,,,,,,"99999,9,09599,1","0,1,004,1,+999,9",,"4,99,0108,1","SYN011333   91121",
"07360099999","1990-11-07T03:00:00","4","46.1666666","1.8666666","551.0","GUERET, FR","FM-12","99999","V020","120,1,N,0051,1","99999,9,9,N","999999,9,N,9","-0005,1","-0015,1","10272,1","06,0000,9,1",,,"4,000",,,,,,,,,,,,,,"99999,9,09593,1","6,1,006,1,+999,9",,"4,99,0082,1","SYN011333   91116",
"07360099999","1990-11-07T06:00:00","4","46.1666666","1.8666666","551.0","GUERET, FR","FM-12","99999","V020","130,1,N,0041,1","22000,1,C,N","075000,1,N,9","+0007,1","-0047,1","10269,1","06,0000,9,1",,,"4,000",,,,,,,,"00,99,1,00,1,00,1,99999,9,00,1,00,1","0900,9","01,9","999,-0040,9","999,M,+0067,1","999,N,-0009,1","99999,9,09593,1","4,1,000,1,+999,9",,"4,99,0082,1","SYN035333   10067 21009 30104 55150 91116",
"07360099999","1990-11-07T09:00:00","4","46.1666666","1.8666666","551.0","GUERET, FR","FM-12","99999","V020","130,1,N,0021,1","22000,1,C,N","030000,1,N,9","+0061,1","-0018,1","10261,1","06,0000,9,1",,,"4,000",,,,,,,,"00,99,1,00,1,00,1,99999,9,00,1,00,1",,,,,,"99999,9,09598,1","0,1,005,1,+999,9",,"4,99,0072,1","SYN011333   91114",
"07360099999","1990-11-07T12:00:00","4","46.1666666","1.8666666","551.0","GUERET, FR","FM-12","99999","V020","080,1,N,0010,1","22000,1,C,N","030000,1,N,9","+0104,1","+0023,1","10241,1","06,0000,9,1",,,"4,000",,,,,,,,"00,99,1,00,1,00,1,99999,9,00,1,00,1",,,,,,"99999,9,09590,1","8,1,008,1,+999,9",,"4,99,0072,1","SYN011333   91114",
"07360099999","1990-11-07T15:00:00","4","46.1666666","1.8666666","551.0","GUERET, FR","FM-12","99999","V020","080,1,N,0021,1","22000,1,C,N","015000,1,N,9","+0090,1","+0002,1","10236,1","06,0000,9,1",,,"4,000",,,,,,,,"00,99,1,00,1,00,1,99999,9,00,1,00,1",,,,,,"99999,9,09582,1","6,1,008,1,+999,9",,"4,99,0062,1","SYN011333   91112",
"07360099999","1990-11-07T18:00:00","4","46.1666666","1.8666666","551.0","GUERET, FR","FM-12","99999","V020","130,1,N,0021,1","99999,9,9,N","999999,9,N,9","+0028,1","+0016,1","10249,1","06,0000,9,1",,,"4,000",,,,,,,,,,,,"999,M,+0113,1",,"99999,9,09580,1","6,1,002,1,+999,9",,"4,99,0062,1","SYN017333   10113 91112",
"07360099999","1990-11-07T21:00:00","4","46.1666666","1.8666666","551.0","GUERET, FR","FM-12","99999","V020","130,1,N,0041,1","99999,9,9,N","999999,9,N,9","+0024,1","+0018,1","10243,1","06,0000,9,1",,,"4,000",,,,,,,,,,,,,,"99999,9,09573,1","8,1,007,1,+999,9",,"4,99,0072,1","SYN011333   91114",
"07360099999","1990-11-08T00:00:00","4","46.1666666","1.8666666","551.0","GUERET, FR","FM-12","99999","V020","130,1,N,0031,1","99999,9,9,N","999999,9,N,9","+0042,1","+0022,1","10227,1","06,0000,9,1",,,"4,000",,,,,,,,,,,,,,"99999,9,09563,1","6,1,010,1,+999,9",,"4,99,0072,1","SYN011333   91114",
"07360099999","1990-11-08T03:00:00","4","46.1666666","1.8666666","551.0","GUERET, FR","FM-12","99999","V020","140,1,N,0041,1","99999,9,9,N","999999,9,N,9","+0054,1","+0019,1","10210,1","06,0000,9,1",,,"4,000",,,,,,,,,,,,,,"99999,9,09550,1","6,1,013,1,+999,9",,"4,99,0072,1","SYN011333   91114",
"07360099999","1990-11-08T09:00:00","4","46.1666666","1.8666666","551.0","GUERET, FR","FM-12","99999","V020","110,1,N,0031,1","07500,1,C,N","012000,1,N,9","+0074,1","+0045,1","10197,1","06,0000,9,1",,,"4,000",,,,,"01,1,+03000,9,03,9","06,1,+07500,9,00,9",,"06,99,1,01,1,00,1,99999,9,03,1,02,1",,,,,,"99999,9,09542,1","0,1,001,1,+999,9",,"4,99,0072,1","SYN023333   81360 86075 91114",
"07360099999","1990-11-08T12:00:00","4","46.1666666","1.8666666","551.0","GUERET, FR","FM-12","99999","V020","110,1,N,0031,1","07500,1,C,N","020000,1,N,9","+0110,1","+0071,1","10178,1","06,0000,9,1",,,"4,000",,,,,"04,1,+03000,9,03,9","04,1,+07500,9,00,9",,"06,99,1,04,1,00,1,99999,9,05,1,02,1",,,,,,"99999,9,09533,1","8,1,009,1,+999,9",,"4,99,0072,1","SYN023333   84360 84075 91114",
"07360099999","1990-11-08T15:00:00","4","46.1666666","1.8666666","551.0","GUERET, FR","FM-12","99999","V020","110,1,N,0031,1","99999,9,9,N","999999,9,N,9","+0117,1","+0072,1","10170,1","06,0000,9,1",,,"4,000",,,,,,,,,,,,,,"99999,9,09527,1","6,1,006,1,+999,9",,"4,99,0062,1","SYN011333   91112",
"07360099999","1990-11-08T18:00:00","4","46.1666666","1.8666666","551.0","GUERET, FR","FM-12","99999","V020","130,1,N,0031,1","99999,9,9,N","999999,9,N,9","+0101,1","+0072,1","10177,1","06,0000,9,1",,,"4,000",,,,,,,,,,,,"999,M,+0128,1",,"99999,9,09530,1","3,1,003,1,+999,9",,"4,99,0062,1","SYN017333   10128 91112",
"07360099999","1990-11-08T21:00:00","4","46.1666666","1.8666666","551.0","GUERET, FR","FM-12","99999","V020","140,1,N,0031,1","99999,9,9,N","999999,9,N,9","+0096,1","+0072,1","10181,1","06,0000,9,1",,,"4,000",,,,,,,,,,,,,,"99999,9,09533,1","3,1,003,1,+999,9",,"4,99,0072,1","SYN011333   91114",
"07360099999","1990-11-09T00:00:00","4","46.1666666","1.8666666","551.0","GUERET, FR","FM-12","99999","V020","160,1,N,0021,1","99999,9,9,N","999999,9,N,9","+0095,1","+0074,1","10181,1","06,0000,9,1",,,"4,000",,,,,,,,,,,,,,"99999,9,09532,1","8,1,001,1,+999,9",,"4,99,0072,1","SYN011333   91114",
"07360099999","1990-11-09T03:00:00","4","46.1666666","1.8666666","551.0","GUERET, FR","FM-12","99999","V020","190,1,N,0041,1","99999,9,9,N","999999,9,N,9","+0103,1","+0095,1","10177,1","03,0006,9,1","99,0005,9,1",,"0,000",,,"4,1,03,1",,,,,,,,,,,"99999,9,09531,1","7,1,001,1,+999,9","21,1","4,99,0108,1","SYN017333   69967 91121",
"07360099999","1990-11-09T06:00:00","4","46.1666666","1.8666666","551.0","GUERET, FR","FM-12","99999","V020","210,1,N,0051,1","03000,1,C,N","010000,1,N,9","+0109,1","+0092,1","10178,1","24,0006,9,1",,,"0,000",,,"6,1,06,1",,"08,1,+03000,9,03,9",,,"08,99,1,08,1,00,1,99999,9,07,1,99,9","0486,9","09,9","999,+0070,9","999,M,+0128,1","999,N,+0089,1","99999,9,09533,1","3,1,002,1,+999,9","02,1","4,99,0108,1","SYN047333   10128 20089 31007 55081 70006 88360 91121",
"07360099999","1990-11-09T09:00:00","4","46.1666666","1.8666666","551.0","GUERET, FR","FM-12","99999","V020","190,1,N,0041,1","03000,1,C,N","015000,1,N,9","+0111,1","+0102,1","10194,1","03,9999,2,9",,,"0,000",,,"6,1,03,1","2,1,03,1","02,1,+01500,9,05,9","08,1,+03000,9,03,9",,"08,99,1,02,1,05,1,01750,1,07,1,99,9",,,,,,"99999,9,09548,1","3,1,015,1,+999,9","60,1","4,99,0118,1","SYN029333   69907 82650 88360 91123",
"07360099999","1990-11-09T12:00:00","4","46.1666666","1.8666666","551.0","GUERET, FR","FM-12","99999","V020","190,1,N,0031,1","03000,1,C,N","015000,1,N,9","+0132,1","+0119,1","10188,1","03,0002,9,1","06,0003,9,1",,"0,000",,,"6,1,06,1","2,1,06,1","02,1,+01200,9,05,9","07,1,+03000,9,03,9",,"07,99,1,02,1,05,1,01250,1,07,1,99,9",,,,,,"99999,9,09548,1","0,1,000,1,+999,9","03,1","4,99,0118,1","SYN029333   69927 82640 87360 91123",
"07360099999","1990-11-09T15:00:00","4","46.1666666","1.8666666","551.0","GUERET, FR","FM-12","99999","V020","200,1,N,0021,1","03000,1,C,N","015000,1,N,9","+0130,1","+0116,1","10187,1","06,0000,9,1",,,"4,000",,,,,"02,1,+01200,9,05,9","08,1,+03000,9,03,9",,"08,99,1,02,1,05,1,01250,1,07,1,99,9",,,,,,"99999,9,09547,1","5,1,001,1,+999,9",,"4,99,0098,1","SYN023333   82640 88360 91119",
"07360099999","1990-11-09T21:00:00","4","46.1666666","1.8666666","551.0","GUERET, FR","FM-12","99999","V020","190,1,N,0031,1","99999,9,9,N","999999,9,N,9","+0103,1","+0103,1","10207,1","03,0008,9,1","99,0010,9,1",,"0,000",,,"4,1,03,1",,,,,,,,,,,"99999,9,09559,1","2,1,002,1,+999,9","21,1","4,99,0088,1","SYN017333   69987 91117",
"07360099999","1990-11-10T00:00:00","4","46.1666666","1.8666666","551.0","GUERET, FR","FM-12","99999","V020","200,1,N,0041,1","99999,9,9,N","999999,9,N,9","+0106,1","+0106,1","10200,1","06,0010,9,1",,,"0,000",,,,,,,,,,,,,,"99999,9,09553,1","8,1,006,1,+999,9",,"4,99,0088,1","SYN011333   91117",
"07360099999","1990-11-10T03:00:00","4","46.1666666","1.8666666","551.0","GUERET, FR","FM-12","99999","V020","200,1,N,0021,1","99999,9,9,N","999999,9,N,9","+0108,1","+0106,1","10192,1","06,0000,9,1",,,"4,000",,,,,,,,,,,,,,"99999,9,09546,1","8,1,007,1,+999,9",,"4,99,0088,1","SYN011333   91117",
"07360099999","1990-11-10T09:00:00","4","46.1666666","1.8666666","551.0","GUERET, FR","FM-12","99999","V020","210,1,N,0051,1","03000,1,C,N","020000,1,N,9","+0120,1","+0109,1","10184,1","06,0000,9,1",,,"4,000",,,,,"02,1,+00990,9,05,9","08,1,+03000,9,03,9",,"08,99,1,02,1,05,1,01250,1,07,1,99,9",,,,,,"99999,9,09542,1","3,1,003,1,+999,9",,"4,99,0129,1","SYN023333   82633 88360 91125",
"07360099999","1990-11-10T12:00:00","4","46.1666666","1.8666666","551.0","GUERET, FR","FM-12","99999","V020","220,1,N,0062,1","00600,1,C,N","010000,1,N,9","+0112,1","+0112,1","10190,1","03,0002,9,1","06,0003,9,1",,"0,000",,,"6,1,06,1","2,1,06,1","06,1,+00600,9,05,9","08,1,+03000,9,03,9",,"08,99,1,06,1,05,1,00800,1,07,1,99,9",,,,,,"99999,9,09545,1","0,1,003,1,+999,9","60,1","4,99,0129,1","SYN029333   69927 86620 88360 91125",
"07360099999","1990-11-10T15:00:00","4","46.1666666","1.8666666","551.0","GUERET, FR","FM-12","99999","V020","200,1,N,0041,1","99999,9,9,N","999999,9,N,9","+0108,1","+0108,1","10195,1","03,0002,9,1","99,0003,9,1",,"0,000",,,,,,,,,,,,,,"99999,9,09549,1","3,1,004,1,+999,9",,"4,99,0139,1","SYN017333   69927 91127",
"07360099999","1990-11-10T18:00:00","4","46.1666666","1.8666666","551.0","GUERET, FR","FM-12","99999","V020","200,1,N,0051,1","99999,9,9,N","999999,9,N,9","+0100,1","+0100,1","10212,1","99,0005,9,1",,,"0,000",,,,,,,,,,,,"999,M,+0123,1",,"99999,9,09563,1","3,1,014,1,+999,9",,"4,99,0139,1","SYN017333   10123 91127",
"07360099999","1990-11-10T21:00:00","4","46.1666666","1.8666666","551.0","GUERET, FR","FM-12","99999","V020","210,1,N,0041,1","99999,9,9,N","999999,9,N,9","+0100,1","+0100,1","10224,1","06,0000,9,1",,,"4,000",,,,,,,,,,,,,,"99999,9,09574,1","3,1,011,1,+999,9",,"4,99,0129,1","SYN011333   91125",
"07360099999","1990-11-11T00:00:00","4","46.1666666","1.8666666","551.0","GUERET, FR","FM-12","99999","V020","230,1,N,0041,1","99999,9,9,N","999999,9,N,9","+0096,1","+9999,9","10232,1","06,0000,9,1",,,"4,000",,,,,,,,,,,,,,"99999,9,09578,1","0,1,004,1,+999,9",,"4,99,0129,1","SYN011333   91125",
"07360099999","1990-11-11T03:00:00","4","46.1666666","1.8666666","551.0","GUERET, FR","FM-12","99999","V020","230,1,N,0041,1","99999,9,9,N","999999,9,N,9","+0097,1","+9999,9","10237,1","03,0004,9,1","99,0005,9,1",,"0,000",,,,,,,,,,,,,,"99999,9,09583,1","2,1,005,1,+999,9",,"4,99,0098,1","SYN017333   69947 91119",
"07360099999","1990-11-11T06:00:00","4","46.1666666","1.8666666","551.0","GUERET, FR","FM-12","99999","V020","250,1,N,0031,1","00030,1,C,N","001500,1,N,9","+0094,1","+0094,1","10244,1","03,0004,9,1","24,0012,9,1","99,0005,9,1","0,000",,,"5,1,06,1",,"07,1,+00030,9,07,9",,,"08,99,1,07,1,07,1,00075,1,99,9,99,9","0018,9","11,9","999,+0090,9","999,M,+0123,1","999,N,+0093,1","99999,9,09592,1","1,1,009,1,+999,9","51,1","4,99,0098,1","SYN053333   10123 20093 32009 55003 69947 70012 87701 91119",
"07360099999","1990-11-11T09:00:00","4","46.1666666","1.8666666","551.0","GUERET, FR","FM-12","99999","V020","220,1,N,0041,1","03000,1,C,N","006000,1,N,9","+0091,1","+0091,1","10253,1","03,9999,2,9",,,"0,000",,,"5,1,03,1","2,1,03,1","03,1,+00150,9,07,9","07,1,+03000,9,03,9",,"07,99,1,03,1,06,1,00150,1,03,1,99,9",,,,,,"99999,9,09599,1","2,1,007,1,+999,9","01,1","4,99,0088,1","SYN029333   69907 83705 87360 91117",
"07360099999","1990-11-11T12:00:00","4","46.1666666","1.8666666","551.0","GUERET, FR","FM-12","99999","V020","240,1,N,0031,1","00150,1,C,N","006000,1,N,9","+0097,1","+0094,1","10257,1","06,9999,2,9",,,"0,000",,,"5,1,06,1","2,1,06,1","08,1,+00150,9,07,9",,,"08,99,1,08,1,06,1,00150,1,99,9,99,9",,,,,,"99999,9,09604,1","0,1,005,1,+999,9","02,1","4,99,0088,1","SYN017333   88705 91117",
"07360099999","1990-11-11T15:00:00","4","46.1666666","1.8666666","551.0","GUERET, FR","FM-12","99999","V020","250,1,N,0031,1","99999,9,9,N","999999,9,N,9","+0099,1","+0093,1","10262,1","06,0000,9,1",,,"4,000",,,,,,,,,,,,,,"99999,9,09610,1","2,1,006,1,+999,9",,"4,99,0072,1","SYN011333   91114",
"07360099999","1990-11-11T18:00:00","4","46.1666666","1.8666666","551.0","GUERET, FR","FM-12","99999","V020","220,1,N,0021,1","99999,9,9,N","999999,9,N,9","+0088,1","+0087,1","10271,1","99,9999,2,9",,,"0,000",,,,,,,,,,,,"999,M,+0101,1",,"99999,9,09615,1","3,1,005,1,+999,9",,"4,99,0072,1","SYN017333   10101 91114",
"07360099999","1990-11-11T21:00:00","4","46.1666666","1.8666666","551.0","GUERET, FR","FM-12","99999","V020","240,1,N,0031,1","99999,9,9,N","999999,9,N,9","+0087,1","+0087,1","10270,1","03,0004,9,1","99,0005,9,1",,"0,000",,,"4,1,03,1",,,,,,,,,,,"99999,9,09614,1","5,1,001,1,+999,9","41,1","4,99,0062,1","SYN017333   69947 91112",
"07360099999","1990-11-12T00:00:00","4","46.1666666","1.8666666","551.0","GUERET, FR","FM-12","99999","V020","230,1,N,0021,1","99999,9,9,N","999999,9,N,9","+0086,1","+0086,1","10266,1","03,0004,9,1","06,0005,9,1",,"0,000",,,,,,,,,,,,,,"99999,9,09610,1","7,1,004,1,+999,9",,"4,99,0062,1","SYN017333   69947 91112",
"07360099999","1990-11-12T03:00:00","4","46.1666666","1.8666666","551.0","GUERET, FR","FM-12","99999","V020","270,1,N,0010,1","99999,9,9,N","999999,9,N,9","+0086,1","+0086,1","10264,1","06,0000,9,1",,,"4,000",,,,,,,,,,,,,,"99999,9,09608,1","6,1,002,1,+999,9",,"4,99,0041,1","SYN011333   91108",
"07360099999","1990-11-12T06:00:00","4","46.1666666","1.8666666","551.0","GUERET, FR","FM-12","99999","V020","999,1,C,0000,1","07500,1,C,N","015000,1,N,9","+0084,1","+0084,1","10262,1","24,0008,9,1",,,"0,000",,,,,"02,1,+00600,9,05,9","03,1,+02700,9,03,9","06,1,+07500,9,00,9","07,99,1,02,1,05,1,00800,1,03,1,02,1","0006,9","01,9","999,+0070,9","999,M,+0101,1","999,N,+0083,1","99999,9,09606,1","6,1,002,1,+999,9",,"4,99,0041,1","SYN059333   10101 20083 30007 55001 70008 82620 83359 86075 91108",
"07360099999","1990-11-12T09:00:00","4","46.1666666","1.8666666","551.0","GUERET, FR","FM-12","99999","V020","120,1,N,0021,1","02700,1,C,N","010000,1,N,9","+0100,1","+0100,1","10266,1","06,0000,9,1",,,"4,000",,,,,"01,1,+00150,9,07,9","04,1,+00480,9,05,9","05,1,+02700,9,03,9","06,99,1,04,1,05,1,00150,1,07,1,00,1",,,,,,"99999,9,09613,1","1,1,007,1,+999,9",,"4,99,0062,1","SYN029333   81705 84616 85359 91112",
"07360099999","1990-11-12T12:00:00","4","46.1666666","1.8666666","551.0","GUERET, FR","FM-12","99999","V020","100,1,N,0021,1","01200,1,C,N","040000,1,N,9","+0119,1","+0098,1","10260,1","06,0000,9,1",,,"4,000",,,,,"02,1,+00390,9,08,9","03,1,+01200,9,05,9","05,1,+02700,9,03,9","06,99,1,04,1,08,1,00450,1,03,1,00,1",,,,,,"99999,9,09612,1","8,1,001,1,+999,9",,"4,99,0062,1","SYN029333   82813 83640 85359 91112",
"07360099999","1990-11-12T15:00:00","4","46.1666666","1.8666666","551.0","GUERET, FR","FM-12","99999","V020","010,1,N,0010,1","02700,1,C,N","050000,1,N,9","+0124,1","+0089,1","10252,1","06,0000,9,1",,,"4,000",,,,,"02,1,+00990,9,05,9","06,1,+02700,9,03,9",,"06,99,1,02,1,05,1,01250,1,07,1,00,1",,,,,,"99999,9,09606,1","5,1,006,1,+999,9",,"4,99,0051,1","SYN023333   82633 86359 91110",
"07360099999","1990-11-12T18:00:00","4","46.1666666","1.8666666","551.0","GUERET, FR","FM-12","99999","V020","360,1,N,0010,1","99999,9,9,N","999999,9,N,9","+0107,1","+0088,1","10265,1","06,0000,9,1",,,"4,000",,,,,,,,,,,,"999,M,+0128,1",,"99999,9,09614,1","3,1,008,1,+999,9",,"4,99,0051,1","SYN017333   10128 91110",
"07360099999","1990-11-12T21:00:00","4","46.1666666","1.8666666","551.0","GUERET, FR","FM-12","99999","V020","999,1,C,0000,1","99999,9,9,N","999999,9,N,9","+0087,1","+9999,9","10272,1","06,0000,9,1",,,"4,000",,,,,,,,,,,,,,"99999,9,09613,1","8,1,001,1,+999,9",,"4,99,0041,1","SYN011333   91108",
"07360099999","1990-11-13T00:00:00","4","46.1666666","1.8666666","551.0","GUERET, FR","FM-12","99999","V020","140,1,N,0021,1","99999,9,9,N","999999,9,N,9","+0081,1","+0081,1","10262,1","06,0000,9,1",,,"4,000",,,,,,,,,,,,,,"99999,9,09605,1","6,1,008,1,+999,9",,"4,99,0051,1","SYN011333   91110",
"07360099999","1990-11-13T03:00:00","4","46.1666666","1.8666666","551.0","GUERET, FR","FM-12","99999","V020","260,1,N,0021,1","99999,9,9,N","999999,9,N,9","+0088,1","+0079,1","10252,1","06,0000,9,1",,,"4,000",,,,,,,,,,,,,,"99999,9,09598,1","6,1,007,1,+999,9",,"4,99,0041,1","SYN011333   91108",
"07360099999","1990-11-13T06:00:00","4","46.1666666","1.8666666","551.0","GUERET, FR","FM-12","99999","V020","220,1,N,0021,1","02700,1,C,N","050000,1,N,9","+0090,1","+0074,1","10250,1","06,0000,9,1",,,"4,000",,,,,"05,1,+02700,9,03,9",,,"06,99,1,06,1,00,1,99999,9,05,1,00,1","0162,9","01,9","999,+0040,9","999,M,+0128,1","999,N,+0079,1","99999,9,09596,1","6,1,002,1,+999,9",,"4,99,0041,1","SYN041333   10128 20079 30004 55027 85359 91108",
"07360099999","1990-11-13T09:00:00","4","46.1666666","1.8666666","551.0","GUERET, FR","FM-12","99999","V020","170,1,N,0010,1","02700,1,C,N","025000,1,N,9","+0118,1","+0088,1","10244,1","06,0000,9,1",,,"4,000",,,,,"04,1,+00990,9,05,9","06,1,+02700,9,03,9",,"07,99,1,04,1,05,1,01250,1,07,1,99,9",,,,,,"99999,9,09597,1","3,1,001,1,+999,9",,"4,99,0031,1","SYN023333   84633 86359 91106",
"07360099999","1990-11-13T21:00:00","4","46.1666666","1.8666666","551.0","GUERET, FR","FM-12","99999","V020","230,1,N,0072,1","99999,9,9,N","999999,9,N,9","+0103,1","+0100,1","10223,1","06,0000,9,1",,,"4,000",,,,,,,,,,,,,,"99999,9,09574,1","8,1,009,1,+999,9",,"4,99,0149,1","SYN011333   91129",
"07360099999","1990-11-14T00:00:00","4","46.1666666","1.8666666","551.0","GUERET, FR","FM-12","99999","V020","220,1,N,0041,1","99999,9,9,N","999999,9,N,9","+0100,1","+0100,1","10220,1","06,0000,9,1",,,"4,000",,,,,,,,,,,,,,"99999,9,09570,1","7,1,004,1,+999,9",,"4,99,0149,1","SYN011333   91129",
"07360099999","1990-11-14T03:00:00","4","46.1666666","1.8666666","551.0","GUERET, FR","FM-12","99999","V020","220,1,N,0062,1","99999,9,9,N","999999,9,N,9","+0096,1","+9999,9","10200,1","03,0006,9,1","99,0005,9,1",,"0,000",,,"4,1,03,1",,,,,,,,,,,"99999,9,09548,1","8,1,022,1,+999,9","21,1","4,99,0139,1","SYN017333   69967 91127",
"07360099999","1990-11-14T06:00:00","4","46.1666666","1.8666666","551.0","GUERET, FR","FM-12","99999","V020","230,1,N,0062,1","00150,1,C,N","006000,1,N,9","+0101,1","+0101,1","10189,1","03,0020,9,1","24,0024,9,1",,"0,000",,,"6,1,06,1",,"07,1,+00150,9,07,9",,,"08,99,1,07,1,07,1,00150,1,99,9,99,9","0102,9","11,9","999,+0090,9","999,M,+0139,1","999,N,+0095,1","99999,9,09539,1","8,1,009,1,+999,9","60,1","4,99,0170,1","SYN053333   10139 20095 32009 55017 60027 70024 87705 91133",
"07360099999","1990-11-14T21:00:00","4","46.1666666","1.8666666","551.0","GUERET, FR","FM-12","99999","V020","270,1,N,0082,1","99999,9,9,N","999999,9,N,9","+0083,1","+0083,1","10271,1","03,0004,9,1","99,0005,9,1",,"0,000",,,,,,,,,,,,,,"99999,9,09614,1","3,1,010,1,+999,9",,"4,99,0160,1","SYN017333   69947 91131",
"07360099999","1990-11-15T00:00:00","4","46.1666666","1.8666666","551.0","GUERET, FR","FM-12","99999","V020","240,1,N,0062,1","99999,9,9,N","999999,9,N,9","+0071,1","+9999,9","10276,1","06,0005,9,1",,,"0,000",,,,,,,,,,,,,,"99999,9,09613,1","8,1,001,1,+999,9",,"4,99,0160,1","SYN011333   91131",
"07360099999","1990-11-15T03:00:00","4","46.1666666","1.8666666","551.0","GUERET, FR","FM-12","99999","V020","250,1,N,0098,1","99999,9,9,N","999999,9,N,9","+0076,1","+0076,1","10251,1","06,0000,9,1",,,"4,000",,,,,,,,,,,,,,"99999,9,09593,1","8,1,020,1,+999,9",,"4,99,0201,1","SYN011333   91139",
"07360099999","1990-11-15T06:00:00","4","46.1666666","1.8666666","551.0","GUERET, FR","FM-12","99999","V020","260,1,N,0062,1","00150,1,C,N","005000,1,N,9","+0080,1","+0080,1","10248,1","03,0010,9,1","24,0108,9,1",,"0,000",,,,,"07,1,+00150,9,07,9",,,"08,99,1,07,1,07,1,00150,1,99,9,99,9","0078,9","11,9","999,+0070,9","999,M,+0102,1","999,N,+0070,1","99999,9,09592,1","5,1,001,1,+999,9","58,1","4,99,0232,1","SYN053333   10102 20070 32007 55013 60017 70108 87705 91145",
"07360099999","1990-11-15T12:00:00","4","46.1666666","1.8666666","551.0","GUERET, FR","FM-12","99999","V020","010,1,N,0041,1","00990,1,C,N","010000,1,N,9","+0088,1","+0082,1","10265,1","06,0010,9,1",,,"0,000",,,"6,1,06,1","5,1,06,1","03,1,+00480,9,08,9","07,1,+00990,9,05,9",,"07,99,1,07,1,08,1,00450,1,99,9,99,9",,,,,,"99999,9,09610,1","1,1,006,1,+999,9","03,1","4,99,0149,1","SYN023333   83816 87633 91129",
"07360099999","1990-11-15T15:00:00","4","46.1666666","1.8666666","551.0","GUERET, FR","FM-12","99999","V020","320,1,N,0041,1","01080,1,C,N","015000,1,N,9","+0101,1","+0068,1","10270,1","06,0000,9,1",,,"4,000",,,,,"03,1,+00690,9,08,9","06,1,+01080,9,05,9",,"07,99,1,07,1,08,1,00800,1,99,9,99,9",,,,,,"99999,9,09617,1","3,1,007,1,+999,9",,"4,99,0082,1","SYN023333   83823 86636 91116",
"07360099999","1990-11-15T18:00:00","4","46.1666666","1.8666666","551.0","GUERET, FR","FM-12","99999","V020","290,1,N,0031,1","99999,9,9,N","999999,9,N,9","+0070,1","+0066,1","10292,1","99,0010,9,1",,,"0,000",,,,,,,,,,,,"999,M,+0109,1",,"99999,9,09631,1","3,1,014,1,+999,9",,"4,99,0082,1","SYN017333   10109 91116",
"07360099999","1990-11-15T21:00:00","4","46.1666666","1.8666666","551.0","GUERET, FR","FM-12","99999","V020","310,1,N,0021,1","99999,9,9,N","999999,9,N,9","+0058,1","+0058,1","10307,1","06,0000,9,1",,,"4,000",,,,,,,,,,,,,,"99999,9,09642,1","0,1,011,1,+999,9",,"4,99,0051,1","SYN011333   91110",
"07360099999","1990-11-16T00:00:00","4","46.1666666","1.8666666","551.0","GUERET, FR","FM-12","99999","V020","290,1,N,0021,1","99999,9,9,N","999999,9,N,9","+0065,1","+0065,1","10311,1","06,0000,9,1",,,"4,000",,,,,,,,,,,,,,"99999,9,09647,1","1,1,005,1,+999,9",,"4,99,0051,1","SYN011333   91110",
"07360099999","1990-11-16T03:00:00","4","46.1666666","1.8666666","551.0","GUERET, FR","FM-12","99999","V020","230,1,N,0021,1","99999,9,9,N","999999,9,N,9","+0062,1","+0062,1","10311,1","06,0000,9,1",,,"4,000",,,,,,,,,,,,,,"99999,9,09646,1","6,1,001,1,+999,9",,"4,99,0031,1","SYN011333   91106",
"07360099999","1990-11-16T06:00:00","4","46.1666666","1.8666666","551.0","GUERET, FR","FM-12","99999","V020","250,1,N,0031,1","00780,1,C,N","008000,1,N,9","+0073,1","+0072,1","10305,1","06,0000,9,1","24,0010,9,1",,"4,000",,,,,"05,1,+00780,9,05,9",,,"05,99,1,05,1,05,1,00800,1,00,1,00,1","0054,9","01,9","999,+0020,9","999,M,+0109,1","999,N,+0052,1","99999,9,09643,1","8,1,003,1,+999,9",,"4,99,0088,1","SYN047333   10109 20052 30002 55009 70010 85626 91117",
"07360099999","1990-11-16T09:00:00","4","46.1666666","1.8666666","551.0","GUERET, FR","FM-12","99999","V020","250,1,N,0031,1","03000,1,C,N","025000,1,N,9","+0084,1","+0072,1","10315,1","06,0000,9,1",,,"4,000",,,,,"03,1,+00480,9,05,9","06,1,+03000,9,03,9",,"07,99,1,03,1,05,1,00450,1,03,1,99,9",,,,,,"99999,9,09655,1","3,1,012,1,+999,9",,"4,99,0088,1","SYN023333   83616 86360 91117",
"07360099999","1990-11-16T12:00:00","4","46.1666666","1.8666666","551.0","GUERET, FR","FM-12","99999","V020","190,1,N,0031,1","03000,1,C,N","010000,1,N,9","+0090,1","+0090,1","10307,1","03,0002,9,1","06,0003,9,1",,"0,000",,,,,"03,1,+00180,9,07,9","05,1,+03000,9,03,9",,"07,99,1,04,1,06,1,00250,1,03,1,99,9",,,,,,"99999,9,09650,1","8,1,005,1,+999,9",,"4,99,0098,1","SYN029333   69927 83706 85360 91119",
"07360099999","1990-11-16T15:00:00","4","46.1666666","1.8666666","551.0","GUERET, FR","FM-12","99999","V020","230,1,N,0031,1","00090,1,C,N","002000,1,N,9","+0095,1","+0095,1","10292,1","03,9999,2,9",,,"0,000",,,"5,1,03,1","2,1,03,1","07,1,+00090,9,07,9","03,1,+03000,9,04,9",,"08,99,1,07,1,07,1,00150,1,02,1,99,9",,,,,,"99999,9,09634,1","6,1,016,1,+999,9","50,1","4,99,0098,1","SYN029333   69907 87703 83460 91119",
"07360099999","1990-11-16T21:00:00","4","46.1666666","1.8666666","551.0","GUERET, FR","FM-12","99999","V020","240,1,N,0041,1","99999,9,9,N","999999,9,N,9","+0103,1","+9999,9","10294,1","03,0004,9,1","99,0005,9,1",,"0,000",,,,,,,,,,,,,,"99999,9,09637,1","5,1,002,1,+999,9",,"4,99,0129,1","SYN017333   69947 91125",
"07360099999","1990-11-17T00:00:00","4","46.1666666","1.8666666","551.0","GUERET, FR","FM-12","99999","V020","260,1,N,0051,1","99999,9,9,N","999999,9,N,9","+0105,1","+9999,9","10295,1","03,0002,9,1","06,0003,9,1",,"0,000",,,"4,1,06,1",,,,,,,,,,,"99999,9,09639,1","0,1,002,1,+999,9","21,1","4,99,0129,1","SYN017333   69927 91125",
"07360099999","1990-11-17T03:00:00","4","46.1666666","1.8666666","551.0","GUERET, FR","FM-12","99999","V020","250,1,N,0041,1","99999,9,9,N","999999,9,N,9","+0095,1","+9999,9","10289,1","03,0004,9,1","99,0005,9,1",,"0,000",,,"4,1,03,1",,,,,,,,,,,"99999,9,09631,1","8,1,008,1,+999,9","21,1","4,99,0118,1","SYN017333   69947 91123",
"07360099999","1990-11-17T06:00:00","4","46.1666666","1.8666666","551.0","GUERET, FR","FM-12","99999","V020","270,1,N,0041,1","00480,1,C,N","006000,1,N,9","+0095,1","+0095,1","10285,1","03,0004,9,1","24,0016,9,1","99,0005,9,1","0,000",,,"5,1,06,1","2,1,06,1","03,1,+00090,9,07,9","05,1,+00480,9,05,9",,"06,99,1,06,1,05,1,00150,1,00,1,00,1","0006,9","09,9","999,+0090,9","999,M,+0103,1","999,N,+0094,1","99999,9,09627,1","8,1,004,1,+999,9","50,1","4,99,0129,1","SYN059333   10103 20094 31009 55001 69947 70016 83703 85616 91125",
"07360099999","1990-11-17T09:00:00","4","46.1666666","1.8666666","551.0","GUERET, FR","FM-12","99999","V020","260,1,N,0051,1","00390,1,C,N","003000,1,N,9","+0097,1","+0097,1","10280,1","03,9999,2,9",,,"0,000",,,"5,1,03,1","2,1,03,1","02,1,+00180,9,07,9","08,1,+00390,9,05,9",,"08,99,1,08,1,05,1,00250,1,99,9,99,9",,,,,,"99999,9,09626,1","7,1,001,1,+999,9","50,1","4,99,0118,1","SYN029333   69907 82706 88613 91123",
"07360099999","1990-11-17T12:00:00","4","46.1666666","1.8666666","551.0","GUERET, FR","FM-12","99999","V020","250,1,N,0051,1","00180,1,C,N","003000,1,N,9","+0104,1","+0104,1","10269,1","03,0004,9,1","06,0005,9,1",,"0,000",,,"5,1,06,1","2,1,06,1","06,1,+00180,9,07,9","07,1,+00390,9,05,9",,"08,99,1,08,1,05,1,00250,1,99,9,99,9",,,,,,"99999,9,09617,1","8,1,009,1,+999,9","50,1","4,99,0129,1","SYN029333   69947 86706 87613 91125",
"07360099999","1990-11-17T15:00:00","4","46.1666666","1.8666666","551.0","GUERET, FR","FM-12","99999","V020","250,1,N,0051,1","99999,9,9,N","999999,9,N,9","+0102,1","+0102,1","10264,1","03,0004,9,1","99,0005,9,1",,"0,000",,,,,,,,,,,,,,"99999,9,09612,1","7,1,005,1,+999,9",,"4,99,0170,1","SYN017333   69947 91133",
"07360099999","1990-11-17T18:00:00","4","46.1666666","1.8666666","551.0","GUERET, FR","FM-12","99999","V020","270,1,N,0062,1","99999,9,9,N","999999,9,N,9","+0092,1","+0092,1","10268,1","03,0006,9,1","99,0005,9,1",,"0,000",,,,,,,,,,,,"999,M,+0106,1",,"99999,9,09614,1","3,1,002,1,+999,9",,"4,99,0170,1","SYN023333   10106 69967 91133",
"07360099999","1990-11-17T21:00:00","4","46.1666666","1.8666666","551.0","GUERET, FR","FM-12","99999","V020","240,1,N,0062,1","99999,9,9,N","999999,9,N,9","+0089,1","+0088,1","10263,1","06,0000,9,1",,,"4,000",,,,,,,,,,,,,,"99999,9,09608,1","8,1,006,1,+999,9",,"4,99,0129,1","SYN011333   91125",
"07360099999","1990-11-18T00:00:00","4","46.1666666","1.8666666","551.0","GUERET, FR","FM-12","99999","V020","230,1,N,0082,1","99999,9,9,N","999999,9,N,9","+0087,1","+0087,1","10254,1","06,0000,9,1",,,"4,000",,,,,,,,,,,,,,"99999,9,09599,1","8,1,009,1,+999,9",,"4,99,0149,1","SYN011333   91129",
"07360099999","1990-11-18T03:00:00","4","46.1666666","1.8666666","551.0","GUERET, FR","FM-12","99999","V020","240,1,N,0072,1","99999,9,9,N","999999,9,N,9","+0092,1","+0092,1","10242,1","03,0020,9,1",,,"0,000",,,"4,1,03,1",,,,,,,,,,,"99999,9,09589,1","8,1,010,1,+999,9","41,1","4,99,0160,1","SYN017333   60027 91131",
"07360099999","1990-11-18T06:00:00","4","46.1666666","1.8666666","551.0","GUERET, FR","FM-12","99999","V020","260,1,N,0062,1","00390,1,C,N","004000,1,N,9","+0103,1","+0103,1","10240,1","03,0040,9,1","24,0078,9,1",,"0,000",,,"6,1,06,1","5,1,06,1","04,1,+00300,9,07,9","07,1,+00390,9,05,9",,"08,99,1,08,1,05,1,00450,1,99,9,99,9","0006,9","11,9","999,+0080,9","999,M,+0106,1","999,N,+0086,1","99999,9,09587,1","5,1,002,1,+999,9","58,1","4,99,0160,1","SYN059333   10106 20086 32008 55001 60047 70078 84710 87613 91131",
"07360099999","1990-11-18T09:00:00","4","46.1666666","1.8666666","551.0","GUERET, FR","FM-12","99999","V020","270,1,N,0072,1","00480,1,C,N","008000,1,N,9","+0100,1","+0100,1","10248,1","03,0002,9,1","99,0003,9,1",,"0,000",,,"5,1,03,1","2,1,03,1","02,1,+00300,9,07,9","06,1,+00480,9,05,9",,"07,99,1,07,1,05,1,00450,1,99,9,99,9",,,,,,"99999,9,09597,1","3,1,010,1,+999,9","02,1","4,99,0190,1","SYN029333   69927 82710 86616 91137",
"07360099999","1990-11-18T12:00:00","4","46.1666666","1.8666666","551.0","GUERET, FR","FM-12","99999","V020","280,1,N,0072,1","00390,1,C,N","015000,1,N,9","+0104,1","+0088,1","10243,1","06,0003,9,1",,,"0,000",,,"5,1,06,1","2,1,06,1","06,1,+00390,9,08,9",,,"06,99,1,06,1,02,1,00450,1,00,1,00,1",,,,,,"99999,9,09592,1","8,1,005,1,+999,9","03,1","4,99,0190,1","SYN017333   86813 91137",
"07360099999","1990-11-18T15:00:00","4","46.1666666","1.8666666","551.0","GUERET, FR","FM-12","99999","V020","280,1,N,0051,1","99999,9,9,N","999999,9,N,9","+0093,1","+0085,1","10241,1","06,0000,9,1",,,"4,000",,,,,,,,,,,,,,"99999,9,09588,1","5,1,004,1,+999,9",,"4,99,0129,1","SYN011333   91125",
"07360099999","1990-11-18T18:00:00","4","46.1666666","1.8666666","551.0","GUERET, FR","FM-12","99999","V020","250,1,N,0041,1","99999,9,9,N","999999,9,N,9","+0081,1","+0072,1","10244,1","99,0003,9,1",,,"0,000",,,,,,,,,,,,"999,M,+0116,1",,"99999,9,09588,1","4,1,000,1,+999,9",,"4,99,0129,1","SYN017333   10116 91125",
"07360099999","1990-11-18T21:00:00","4","46.1666666","1.8666666","551.0","GUERET, FR","FM-12","99999","V020","250,1,N,0062,1","99999,9,9,N","999999,9,N,9","+0080,1","+0077,1","10233,1","06,0000,9,1",,,"4,000",,,,,,,,,,,,,,"99999,9,09578,1","8,1,010,1,+999,9",,"4,99,0108,1","SYN011333   91121",
"07360099999","1990-11-19T00:00:00","4","46.1666666","1.8666666","551.0","GUERET, FR","FM-12","99999","V020","260,1,N,0062,1","99999,9,9,N","999999,9,N,9","+0076,1","+0076,1","10222,1","06,0000,9,1",,,"4,000",,,,,,,,,,,,,,"99999,9,09566,1","8,1,012,1,+999,9",,"4,99,0139,1","SYN011333   91127",
"07360099999","1990-11-19T03:00:00","4","46.1666666","1.8666666","551.0","GUERET, FR","FM-12","99999","V020","260,1,N,0041,1","99999,9,9,N","999999,9,N,9","+0073,1","+0073,1","10210,1","06,0000,9,1",,,"4,000",,,,,,,,,,,,,,"99999,9,09554,1","8,1,012,1,+999,9",,"4,99,0149,1","SYN011333   91129",
"07360099999","1990-11-19T06:00:00","4","46.1666666","1.8666666","551.0","GUERET, FR","FM-12","99999","V020","260,1,N,0051,1","00120,1,C,N","004000,1,N,9","+0070,1","+0070,1","10197,1","06,0000,9,1","24,0002,9,1",,"4,000",,,,,"07,1,+00120,9,07,9",,,"08,99,1,07,1,06,1,00150,1,99,9,99,9","0066,9","09,9","999,+0060,9","999,M,+0116,1","999,N,+0067,1","99999,9,09542,1","6,1,012,1,+999,9","10,1","4,99,0149,1","SYN047333   10116 20067 31006 55011 70002 87704 91129",
"07360099999","1990-11-19T09:00:00","4","46.1666666","1.8666666","551.0","GUERET, FR","FM-12","99999","V020","230,1,N,0041,1","00090,1,C,N","002000,1,N,9","+0076,1","+0076,1","10186,1","03,0010,9,1",,,"0,000",,,"6,1,03,1","5,1,03,1","07,1,+00090,9,07,9",,,"08,99,1,07,1,07,1,00150,1,99,9,99,9",,,,,,"99999,9,09533,1","8,1,009,1,+999,9","58,1","4,99,0098,1","SYN023333   60017 87703 91119",
"07360099999","1990-11-19T12:00:00","4","46.1666666","1.8666666","551.0","GUERET, FR","FM-12","99999","V020","230,1,N,0072,1","00120,1,C,N","004000,1,N,9","+0086,1","+0086,1","10152,1","03,0006,9,2","06,0005,9,2",,"0,000",,,"6,1,06,1","5,1,06,1","07,1,+00120,9,07,9",,,"08,99,1,07,1,07,1,00150,1,99,9,99,9",,,,,,"99999,9,09503,1","8,1,030,1,+999,9","58,1","4,99,0139,1","SYN023333   69967 87704 91127",
"07360099999","1990-11-19T15:00:00","4","46.1666666","1.8666666","551.0","GUERET, FR","FM-12","99999","V020","240,1,N,0062,1","00120,1,C,N","003000,1,N,9","+0090,1","+0090,1","10122,1","03,0050,9,1",,,"0,001",,,"6,1,03,1","5,1,03,1","07,1,+00120,9,07,9",,,"08,99,1,07,1,07,1,00150,1,99,9,99,9",,,,,,"99999,9,09476,1","7,1,027,1,+999,9","61,1","4,99,0129,1","SYN023333   60057 87704 91125",
"07360099999","1990-11-19T18:00:00","4","46.1666666","1.8666666","551.0","GUERET, FR","FM-12","99999","V020","250,1,N,0051,1","99999,9,9,N","999999,9,N,9","+0072,1","+0072,1","10129,1","03,0020,9,1",,,"0,000",,,,,,,,,,,,"999,M,+0092,1",,"99999,9,09479,1","0,1,003,1,+999,9",,"4,99,0139,1","SYN023333   10092 60027 91127",
"07360099999","1990-11-19T21:00:00","4","46.1666666","1.8666666","551.0","GUERET, FR","FM-12","99999","V020","240,1,N,0051,1","99999,9,9,N","999999,9,N,9","+0073,1","+0073,1","10120,1","03,0002,9,1","99,0003,9,1",,"0,000",,,,,,,,,,,,,,"99999,9,09470,1","7,1,009,1,+999,9",,"4,99,0098,1","SYN017333   69927 91119",
"07360099999","1990-11-20T00:00:00","4","46.1666666","1.8666666","551.0","GUERET, FR","FM-12","99999","V020","250,1,N,0062,1","99999,9,9,N","999999,9,N,9","+0083,1","+9999,9","10099,1","03,0002,9,1","06,0003,9,1",,"0,000",,,"4,1,06,1",,,,,,,,,,,"99999,9,09450,1","6,1,020,1,+999,9","21,1","4,99,0129,1","SYN017333   69927 91125",
"07360099999","1990-11-20T03:00:00","4","46.1666666","1.8666666","551.0","GUERET, FR","FM-12","99999","V020","240,1,N,0072,1","99999,9,9,N","999999,9,N,9","+0090,1","+0090,1","10064,1","03,0002,9,1","99,0003,9,1",,"0,000",,,,,,,,,,,,,,"99999,9,09422,1","6,1,028,1,+999,9",,"4,99,0139,1","SYN017333   69927 91127",
"07360099999","1990-11-20T06:00:00","4","46.1666666","1.8666666","551.0","GUERET, FR","FM-12","99999","V020","230,1,N,0082,1","00060,1,C,N","002000,1,N,9","+0092,1","+0092,1","10037,1","03,0006,9,1","24,0100,9,1","99,0005,9,1","0,000",,,,,"07,1,+00060,9,07,9",,,"08,99,1,07,1,07,1,00075,1,99,9,99,9","0000,9","11,9","999,+0070,9","999,M,+0092,1","999,N,+0070,1","99999,9,09397,1","6,1,025,1,+999,9","51,1","4,99,0160,1","SYN053333   10092 20070 32007 55000 69967 70100 87702 91131",
"07360099999","1990-11-20T09:00:00","4","46.1666666","1.8666666","551.0","GUERET, FR","FM-12","99999","V020","230,1,N,0082,1","00060,1,C,N","002000,1,N,9","+0097,1","+0097,1","10015,1","03,0008,9,1","99,0010,9,1",,"0,000",,,"6,1,03,1","5,1,03,1","07,1,+00060,9,07,9",,,"08,99,1,07,1,07,1,00075,1,99,9,99,9",,,,,,"99999,9,09378,1","6,1,019,1,+999,9","58,1","4,99,0180,1","SYN023333   69987 87702 91135",
"07360099999","1990-11-20T12:00:00","4","46.1666666","1.8666666","551.0","GUERET, FR","FM-12","99999","V020","220,1,N,0062,1","00090,1,C,N","002000,1,N,9","+0101,1","+0101,1","09996,1","03,0020,9,1","06,0020,9,1",,"0,001",,,"6,1,06,1","5,1,06,1","07,1,+00090,9,07,9",,,"08,99,1,07,1,07,1,00150,1,99,9,99,9",,,,,,"99999,9,09361,1","8,1,017,1,+999,9","63,1","4,99,0190,1","SYN023333   60027 87703 91137",
"07360099999","1990-11-20T15:00:00","4","46.1666666","1.8666666","551.0","GUERET, FR","FM-12","99999","V020","230,1,N,0082,1","00150,1,C,N","004000,1,N,9","+0101,1","+0101,1","09977,1","03,0070,9,1",,,"0,001",,,"6,1,03,1","6,1,03,1","07,1,+00150,9,07,9",,,"08,99,1,07,1,07,1,00150,1,99,9,99,9",,,,,,"99999,9,09343,1","7,1,018,1,+999,9","61,1","4,99,0180,1","SYN023333   60077 87705 91135",
"07360099999","1990-11-21T00:00:00","4","46.1666666","1.8666666","551.0","GUERET, FR","FM-12","99999","V020","250,1,N,0051,1","99999,9,9,N","999999,9,N,9","+0054,1","+0054,1","10044,1","06,0010,9,1",,,"0,000",,,,,,,,,,,,,,"99999,9,09395,1","3,1,009,1,+999,9",,"4,99,0180,1","SYN011333   91135",
"07360099999","1990-11-21T03:00:00","4","46.1666666","1.8666666","551.0","GUERET, FR","FM-12","99999","V020","250,1,N,0031,1","99999,9,9,N","999999,9,N,9","+0047,1","+0047,1","10047,1","06,0000,9,1",,,"4,000",,,,,,,,,,,,,,"99999,9,09396,1","0,1,001,1,+999,9",,"4,99,0088,1","SYN011333   91117",
"07360099999","1990-11-21T06:00:00","4","46.1666666","1.8666666","551.0","GUERET, FR","FM-12","99999","V020","240,1,N,0021,1","00690,1,C,N","009000,1,N,9","+0049,1","+0049,1","10050,1","24,0224,9,1","99,0010,9,1",,"0,000",,,,,"06,1,+00690,9,05,9","05,1,+03000,9,03,9",,"07,99,1,06,1,05,1,00800,1,03,1,99,9","0000,9","09,9","999,+0040,9","999,M,+0103,1","999,N,+0047,1","99999,9,09399,1","3,1,003,1,+999,9",,"4,99,0088,1","SYN053333   10103 20047 31004 55000 70224 86623 85360 91117",
"07360099999","1990-11-21T09:00:00","4","46.1666666","1.8666666","551.0","GUERET, FR","FM-12","99999","V020","200,1,N,0021,1","03000,1,C,N","015000,1,N,9","+0057,1","+0057,1","10058,1","06,0000,9,1",,,"4,000",,,,,"02,1,+00180,9,08,9","07,1,+03000,9,03,9",,"07,99,1,02,1,01,1,00250,1,03,1,99,9",,,,,,"99999,9,09408,1","1,1,009,1,+999,9",,"4,99,0062,1","SYN023333   82806 87360 91112",
"07360099999","1990-11-21T12:00:00","4","46.1666666","1.8666666","551.0","GUERET, FR","FM-12","99999","V020","240,1,N,0031,1","00480,1,C,N","015000,1,N,9","+0072,1","+0061,1","10055,1","06,0000,9,1",,,"4,000",,,,,"05,1,+00480,9,08,9","04,1,+03000,9,03,9",,"06,99,1,05,1,02,1,00450,1,03,1,00,1",,,,,,"99999,9,09409,1","0,1,001,1,+999,9",,"4,99,0062,1","SYN023333   85816 84360 91112",
"07360099999","1990-11-21T15:00:00","4","46.1666666","1.8666666","551.0","GUERET, FR","FM-12","99999","V020","230,1,N,0031,1","00390,1,C,N","012000,1,N,9","+0064,1","+0057,1","10057,1","06,0000,9,1",,,"4,000",,,,,"05,1,+00390,9,05,9","07,1,+03000,9,03,9",,"07,99,1,05,1,02,1,00450,1,03,1,99,9",,,,,,"99999,9,09409,1","5,1,000,1,+999,9",,"4,99,0088,1","SYN023333   85613 87360 91117",
"07360099999","1990-11-21T18:00:00","4","46.1666666","1.8666666","551.0","GUERET, FR","FM-12","99999","V020","220,1,N,0010,1","99999,9,9,N","999999,9,N,9","+0050,1","+0050,1","10074,1","03,0002,9,1","99,0003,9,1",,"0,000",,,"4,1,06,1",,,,,,,,,"999,M,+0073,1",,"99999,9,09422,1","1,1,013,1,+999,9","21,1","4,99,0088,1","SYN023333   10073 69927 91117",
"07360099999","1990-11-21T21:00:00","4","46.1666666","1.8666666","551.0","GUERET, FR","FM-12","99999","V020","999,1,C,0000,1","99999,9,9,N","999999,9,N,9","+0041,1","+0041,1","10086,1","06,0000,9,1",,,"4,000",,,,,,,,,,,,,,"99999,9,09431,1","1,1,009,1,+999,9",,"4,99,0051,1","SYN011333   91110",
"07360099999","1990-11-22T00:00:00","4","46.1666666","1.8666666","551.0","GUERET, FR","FM-12","99999","V020","240,1,N,0021,1","99999,9,9,N","999999,9,N,9","+0037,1","+0037,1","10094,1","03,0030,9,1","06,0030,9,1",,"0,000",,,"4,1,06,1",,,,,,,,,,,"99999,9,09437,1","2,1,006,1,+999,9","21,1","4,99,0051,1","SYN017333   60037 91110",
"07360099999","1990-11-22T03:00:00","4","46.1666666","1.8666666","551.0","GUERET, FR","FM-12","99999","V020","240,1,N,0010,1","99999,9,9,N","999999,9,N,9","+0032,1","+0032,1","10094,1","03,0008,9,1","99,0010,9,1",,"0,000",,,,,,,,,,,,,,"99999,9,09436,1","6,1,001,1,+999,9",,"4,99,0021,1","SYN017333   69987 91104",
"07360099999","1990-11-22T06:00:00","4","46.1666666","1.8666666","551.0","GUERET, FR","FM-12","99999","V020","280,1,N,0010,1","00600,1,C,N","010000,1,N,9","+0033,1","+0033,1","10099,1","24,0040,9,1",,,"0,000",,,"6,1,06,1",,"06,1,+00600,9,05,9",,,"06,99,1,06,1,05,1,00800,1,00,1,00,1","0000,9","09,9","999,+0020,9","999,M,+0073,1","999,N,+0031,1","99999,9,09441,1","3,1,005,1,+999,9","03,1","4,99,0041,1","SYN047333   10073 20031 31002 55000 70040 86620 91108",
"07360099999","1990-11-22T09:00:00","4","46.1666666","1.8666666","551.0","GUERET, FR","FM-12","99999","V020","030,1,N,0021,1","00060,1,C,N","001100,1,N,9","+0035,1","+0035,1","10115,1","06,0000,9,1",,,"4,000",,,"4,1,03,1","2,1,03,1","08,1,+00060,9,07,9","05,1,+00780,9,05,9",,"08,99,1,08,1,07,1,00075,1,99,9,99,9",,,,,,"99999,9,09456,1","3,1,015,1,+999,9","28,1","4,99,0041,1","SYN023333   88702 85626 91108",
"07360099999","1990-11-22T12:00:00","4","46.1666666","1.8666666","551.0","GUERET, FR","FM-12","99999","V020","320,1,N,0021,1","00390,1,C,N","004800,1,N,9","+0047,1","+0046,1","10112,1","06,0000,9,1",,,"4,000",,,"4,1,06,1","2,1,06,1","02,1,+00090,9,07,9","03,1,+00390,9,08,9","05,1,+00780,9,05,9","07,99,1,07,1,08,1,00150,1,99,9,99,9",,,,,,"99999,9,09457,1","0,1,001,1,+999,9","10,1","4,99,0051,1","SYN029333   82703 83813 85626 91110",
"07360099999","1990-11-22T15:00:00","4","46.1666666","1.8666666","551.0","GUERET, FR","FM-12","99999","V020","310,1,N,0031,1","22000,1,C,N","010000,1,N,9","+0049,1","+0040,1","10108,1","06,0000,9,1",,,"4,000",,,,,"04,1,+00480,9,08,9",,,"04,99,1,04,1,08,1,00450,1,00,1,00,1",,,,,,"99999,9,09454,1","5,1,003,1,+999,9",,"4,99,0062,1","SYN017333   84816 91112",
"07360099999","1990-11-22T18:00:00","4","46.1666666","1.8666666","551.0","GUERET, FR","FM-12","99999","V020","300,1,N,0031,1","99999,9,9,N","999999,9,N,9","+0020,1","+0020,1","10128,1","06,0000,9,1",,,"4,000",,,,,,,,,,,,"999,M,+0069,1",,"99999,9,09465,1","1,1,011,1,+999,9",,"4,99,0062,1","SYN017333   10069 91112",
"07360099999","1990-11-22T21:00:00","4","46.1666666","1.8666666","551.0","GUERET, FR","FM-12","99999","V020","320,1,N,0021,1","99999,9,9,N","999999,9,N,9","+0019,1","+0019,1","10138,1","06,0000,9,1",,,"4,000",,,,,,,,,,,,,,"99999,9,09474,1","1,1,009,1,+999,9",,"4,99,0051,1","SYN011333   91110",
"07360099999","1990-11-23T00:00:00","4","46.1666666","1.8666666","551.0","GUERET, FR","FM-12","99999","V020","250,1,N,0021,1","99999,9,9,N","999999,9,N,9","+0014,1","+0014,1","10141,1","06,0000,9,1",,,"4,000",,,,,,,,,,,,,,"99999,9,09476,1","1,1,002,1,+999,9",,"4,99,0051,1","SYN011333   91110",
"07360099999","1990-11-23T03:00:00","4","46.1666666","1.8666666","551.0","GUERET, FR","FM-12","99999","V020","240,1,N,0031,1","99999,9,9,N","999999,9,N,9","+0014,1","+9999,9","10139,1","06,0000,9,1",,,"4,000",,,,,,,,,,,,,,"99999,9,09472,1","8,1,004,1,+999,9",,"4,99,0062,1","SYN011333   91112",
"07360099999","1990-11-23T06:00:00","4","46.1666666","1.8666666","551.0","GUERET, FR","FM-12","99999","V020","240,1,N,0041,1","22000,1,C,N","008000,1,N,9","+0009,1","+0009,1","10135,1","06,0000,9,1",,,"4,000",,,,,"02,1,+00090,9,07,9","03,1,+00390,9,05,9",,"04,99,1,04,1,05,1,00150,1,00,1,00,1","0030,9","01,9","999,+0000,9","999,M,+0069,1","999,N,+0009,1","99999,9,09469,1","8,1,003,1,+999,9",,"4,99,0098,1","SYN047333   10069 20009 30000 55005 82703 83613 91119",
"07360099999","1990-11-23T09:00:00","4","46.1666666","1.8666666","551.0","GUERET, FR","FM-12","99999","V020","220,1,N,0031,1","22000,1,C,N","006000,1,N,9","+0015,1","+0014,1","10132,1","03,0002,9,1","99,0003,9,1",,"0,000",,,"7,1,03,1","1,1,03,1","01,1,+00090,9,07,9",,,"03,99,1,03,1,05,1,00150,1,00,1,03,1",,,,,,"99999,9,09468,1","8,1,001,1,+999,9","22,1","4,99,0088,1","SYN023333   69927 81703 91117",
"07360099999","1990-11-23T12:00:00","4","46.1666666","1.8666666","551.0","GUERET, FR","FM-12","99999","V020","220,1,N,0041,1","22000,1,C,N","015000,1,N,9","+0025,1","+0015,1","10112,1","03,9999,2,9","06,9999,2,9",,"0,000",,,"7,1,06,1","1,1,06,1","04,1,+00180,9,08,9",,,"04,99,1,04,1,02,1,00250,1,03,1,00,1",,,,,,"99999,9,09451,1","8,1,017,1,+999,9","01,1","4,99,0098,1","SYN023333   69907 84806 91119",
"07360099999","1990-11-23T15:00:00","4","46.1666666","1.8666666","551.0","GUERET, FR","FM-12","99999","V020","200,1,N,0031,1","22000,1,C,N","020000,1,N,9","+0023,1","+0008,1","10091,1","06,0000,9,1",,,"4,000",,,,,"03,1,+00390,9,08,9",,,"03,99,1,03,1,02,1,00450,1,00,1,00,1",,,,,,"99999,9,09431,1","6,1,020,1,+999,9",,"4,99,0098,1","SYN017333   83813 91119",
"07360099999","1990-11-23T18:00:00","4","46.1666666","1.8666666","551.0","GUERET, FR","FM-12","99999","V020","170,1,N,0051,1","99999,9,9,N","999999,9,N,9","+0001,1","+0001,1","10062,1","99,0003,9,1",,,"0,000",,,,,,,,,,,,"999,M,+0041,1",,"99999,9,09399,1","8,1,032,1,+999,9",,"4,99,0098,1","SYN017333   10041 91119",
"07360099999","1990-11-23T21:00:00","4","46.1666666","1.8666666","551.0","GUERET, FR","FM-12","99999","V020","190,1,N,0051,1","99999,9,9,N","999999,9,N,9","+0013,1","+0009,1","10023,1","06,0000,9,1",,,"4,000",,,,,,,,,,,,,,"99999,9,09366,1","8,1,033,1,+999,9",,"4,99,0108,1","SYN011333   91121",
"07360099999","1990-11-24T00:00:00","4","46.1666666","1.8666666","551.0","GUERET, FR","FM-12","99999","V020","200,1,N,0062,1","99999,9,9,N","999999,9,N,9","+0021,1","+0021,1","09989,1","03,0004,9,1","06,0005,9,1",,"0,000",,,"4,1,06,1",,,,,,,,,,,"99999,9,09335,1","8,1,031,1,+999,9","21,1","4,99,0149,1","SYN017333   69947 91129",
"07360099999","1990-11-24T03:00:00","4","46.1666666","1.8666666","551.0","GUERET, FR","FM-12","99999","V020","220,1,N,0087,1","99999,9,9,N","999999,9,N,9","+0014,1","+0014,1","09973,1","03,0020,9,1",,,"0,000",,,"4,1,03,1",,,,,,,,,,,"99999,9,09319,1","5,1,016,1,+999,9","41,1","4,99,0201,1","SYN017333   60027 91139",
"07360099999","1990-11-24T06:00:00","4","46.1666666","1.8666666","551.0","GUERET, FR","FM-12","99999","V020","220,1,N,0072,1","00090,1,C,N","006000,1,N,9","+0032,1","+0032,1","09975,1","03,0010,9,1","24,0032,9,1",,"0,000",,,"6,1,06,1",,"06,1,+00090,9,07,9",,,"06,99,1,06,1,07,1,00075,1,00,1,00,1","0174,9","09,9","999,-0010,9","999,M,+0041,1","999,N,+0001,1","99999,9,09325,1","1,1,006,1,+999,9","21,1","4,99,0201,1","SYN053333   10041 20001 31101 55029 60017 70032 86703 91139",
"07360099999","1990-11-24T09:00:00","4","46.1666666","1.8666666","551.0","GUERET, FR","FM-12","99999","V020","210,1,N,0062,1","00240,1,C,N","018000,1,N,9","+0050,1","+0050,1","09961,1","03,0006,9,1","99,0005,9,1",,"0,000",,,"6,1,03,1","2,1,03,1","03,1,+00090,9,07,9","04,1,+00240,9,08,9",,"07,99,1,07,1,08,1,00150,1,99,9,99,9",,,,,,"99999,9,09316,1","8,1,009,1,+999,9","60,1","4,99,0149,1","SYN029333   69967 83703 84808 91129",
"07360099999","1990-11-24T12:00:00","4","46.1666666","1.8666666","551.0","GUERET, FR","FM-12","99999","V020","210,1,N,0082,1","00390,1,C,N","013000,1,N,9","+0060,1","+0059,1","09937,1","03,0020,9,1","06,0020,9,1",,"0,000",,,"8,1,06,1","6,1,06,1","02,1,+00240,9,07,9","04,1,+00390,9,08,9","05,1,+00600,9,05,9","08,99,1,08,1,08,1,00250,1,99,9,99,9",,,,,,"99999,9,09296,1","8,1,020,1,+999,9","60,1","4,99,0170,1","SYN035333   60027 82708 84813 85620 91133",
"07360099999","1990-11-24T15:00:00","4","46.1666666","1.8666666","551.0","GUERET, FR","FM-12","99999","V020","220,1,N,0087,1","99999,9,9,N","999999,9,N,9","+0049,1","+0048,1","09935,1","03,0008,9,1","99,0010,9,1",,"0,000",,,,,,,,,,,,,,"99999,9,09292,1","8,1,004,1,+999,9",,"4,99,0180,1","SYN017333   69987 91135",
"07360099999","1990-11-24T18:00:00","4","46.1666666","1.8666666","551.0","GUERET, FR","FM-12","99999","V020","220,1,N,0072,1","99999,9,9,N","999999,9,N,9","+0041,1","+0038,1","09944,1","03,0002,9,1","99,0003,9,1",,"0,000",,,"4,1,06,1",,,,,,,,,"999,M,+0072,1",,"99999,9,09298,1","1,1,006,1,+999,9","21,1","4,99,0180,1","SYN023333   10072 69927 91135",
"07360099999","1990-11-24T21:00:00","4","46.1666666","1.8666666","551.0","GUERET, FR","FM-12","99999","V020","220,1,N,0062,1","99999,9,9,N","999999,9,N,9","+0039,1","+0032,1","09934,1","03,0002,9,1","99,0003,9,1",,"0,000",,,,,,,,,,,,,,"99999,9,09288,1","8,1,010,1,+999,9",,"4,99,0160,1","SYN017333   69927 91131",
"07360099999","1990-11-25T00:00:00","4","46.1666666","1.8666666","551.0","GUERET, FR","FM-12","99999","V020","230,1,N,0041,1","99999,9,9,N","999999,9,N,9","+0024,1","+0024,1","09930,1","03,0006,9,2","06,0005,9,2",,"0,000",,,"4,1,06,1",,,,,,,,,,,"99999,9,09281,1","7,1,007,1,+999,9","41,1","4,99,0160,1","SYN017333   69967 91131",
"07360099999","1990-11-25T03:00:00","4","46.1666666","1.8666666","551.0","GUERET, FR","FM-12","99999","V020","260,1,N,0021,1","99999,9,9,N","999999,9,N,9","+0008,1","+0008,1","09915,1","03,0030,9,1",,,"0,000",,,"4,1,03,1",,,,,,,,,,,"99999,9,09263,1","8,1,018,1,+999,9","21,1","4,99,0051,1","SYN017333   60037 91110",
"07360099999","1990-11-25T06:00:00","4","46.1666666","1.8666666","551.0","GUERET, FR","FM-12","99999","V020","240,1,N,0021,1","00390,1,C,N","009000,1,N,9","+0006,1","+0006,1","09909,1","03,0020,9,1","24,0092,9,1",,"0,001",,,"7,1,06,1","6,1,06,1","02,1,+00090,9,07,9","05,1,+00390,9,05,9",,"06,99,1,06,1,05,1,00150,1,00,1,00,1","0012,9","11,9","999,+0000,9","999,M,+0072,1","999,N,+0005,1","99999,9,09257,1","8,1,006,1,+999,9","61,1","4,99,0051,1","SYN059333   10072 20005 32000 55002 60027 70092 82703 85613 91110",
"07360099999","1990-11-25T09:00:00","4","46.1666666","1.8666666","551.0","GUERET, FR","FM-12","99999","V020","230,1,N,0021,1","00390,1,C,N","016000,1,N,9","+0012,1","+0012,1","09920,1","03,0004,9,1","99,0005,9,1",,"0,000",,,"2,1,03,1","2,1,03,1","02,1,+00060,9,07,9","07,1,+00390,9,05,9",,"07,99,1,07,1,05,1,00075,1,99,9,99,9",,,,,,"99999,9,09267,1","1,1,010,1,+999,9","20,1","4,99,0062,1","SYN029333   69947 82702 87613 91112",
"07360099999","1990-11-25T12:00:00","4","46.1666666","1.8666666","551.0","GUERET, FR","FM-12","99999","V020","230,1,N,0031,1","00060,1,C,N","002500,1,N,9","+0020,1","+0020,1","09910,1","06,0005,9,1",,,"0,000",,,"5,1,06,1","4,1,06,1","08,1,+00060,9,07,9",,,"08,99,1,08,1,06,1,00075,1,99,9,99,9",,,,,,"99999,9,09262,1","8,1,005,1,+999,9","10,1","4,99,0088,1","SYN017333   88702 91117",
"07360099999","1990-11-25T15:00:00","4","46.1666666","1.8666666","551.0","GUERET, FR","FM-12","99999","V020","220,1,N,0031,1","99999,9,9,N","999999,9,N,9","+0022,1","+0022,1","09918,1","06,0000,9,1",,,"4,000",,,,,,,,,,,,,,"99999,9,09270,1","3,1,008,1,+999,9",,"4,99,0098,1","SYN011333   91119",
"07360099999","1990-11-25T21:00:00","4","46.1666666","1.8666666","551.0","GUERET, FR","FM-12","99999","V020","200,1,N,0031,1","99999,9,9,N","999999,9,N,9","+0024,1","+0024,1","09945,1","03,0004,9,1","99,0005,9,1",,"0,000",,,"4,1,03,1",,,,,,,,,,,"99999,9,09295,1","1,1,008,1,+999,9","21,1","4,99,0072,1","SYN017333   69947 91114",
"07360099999","1990-11-26T00:00:00","4","46.1666666","1.8666666","551.0","GUERET, FR","FM-12","99999","V020","180,1,N,0031,1","99999,9,9,N","999999,9,N,9","+0023,1","+0023,1","09952,1","03,0002,9,1","06,0003,9,1",,"0,000",,,,,,,,,,,,,,"99999,9,09301,1","3,1,006,1,+999,9",,"4,99,0082,1","SYN017333   69927 91116",
"07360099999","1990-11-26T03:00:00","4","46.1666666","1.8666666","551.0","GUERET, FR","FM-12","99999","V020","210,1,N,0062,1","99999,9,9,N","999999,9,N,9","+0023,1","+0023,1","09953,1","03,0002,9,1","99,0003,9,1",,"0,000",,,,,,,,,,,,,,"99999,9,09302,1","3,1,001,1,+999,9",,"4,99,0108,1","SYN017333   69927 91121",
"07360099999","1990-11-26T06:00:00","4","46.1666666","1.8666666","551.0","GUERET, FR","FM-12","99999","V020","210,1,N,0041,1","00150,1,C,N","006000,1,N,9","+0031,1","+0031,1","09968,1","03,0002,9,1","24,0016,9,1","99,0003,9,1","0,000",,,"5,1,06,1",,"07,1,+00150,9,07,9",,,"07,99,1,07,1,07,1,00150,1,99,9,99,9","0000,9","09,9","999,+0010,9","999,M,+9999,9","999,N,+0019,1","99999,9,09318,1","3,1,016,1,+999,9","50,1","4,99,0118,1","SYN053333   10025 20019 31001 55000 69927 70016 87705 91123","Q01 +00252ATMX  "
"07360099999","1990-11-26T09:00:00","4","46.1666666","1.8666666","551.0","GUERET, FR","FM-12","99999","V020","210,1,N,0041,1","00150,1,C,N","006000,1,N,9","+0032,1","+0032,1","09992,1","06,0000,9,1",,,"4,000",,,"5,1,03,1","2,1,03,1","07,1,+00150,9,07,9",,,"07,99,1,07,1,07,1,00150,1,99,9,99,9",,,,,,"99999,9,09341,1","2,1,023,1,+999,9","02,1","4,99,0118,1","SYN017333   87705 91123",
"07360099999","1990-11-26T12:00:00","4","46.1666666","1.8666666","551.0","GUERET, FR","FM-12","99999","V020","210,1,N,0041,1","00480,1,C,N","010000,1,N,9","+0041,1","+0041,1","10000,1","06,9999,9,9",,,"4,000",,,"5,1,06,1","2,1,06,1","02,1,+00090,9,07,9","06,1,+00480,9,05,9","05,1,+03000,9,03,9","08,99,1,06,1,05,1,00150,1,03,1,99,9",,,,,,"99999,9,09350,1","1,1,009,1,+999,9","50,1","4,99,0118,1","SYN029333   82703 86616 85360 91123","Q01  00002PRCP06"
"07360099999","1990-11-26T15:00:00","4","46.1666666","1.8666666","551.0","GUERET, FR","FM-12","99999","V020","200,1,N,0041,1","00600,1,C,N","008000,1,N,9","+0038,1","+0034,1","10003,1","06,0000,9,1",,,"4,000",,,"5,1,03,1","2,1,03,1","03,1,+00300,9,08,9","06,1,+00600,9,05,9",,"07,99,1,07,1,08,1,00450,1,99,9,99,9",,,,,,"99999,9,09352,1","2,1,002,1,+999,9","03,1","4,99,0118,1","SYN023333   83810 86620 91123",
"07360099999","1990-11-26T18:00:00","4","46.1666666","1.8666666","551.0","GUERET, FR","FM-12","99999","V020","210,1,N,0031,1","99999,9,9,N","999999,9,N,9","+0036,1","+0032,1","10019,1","99,9999,2,9",,,"0,000",,,,,,,,,,,,"999,M,+0050,1",,"99999,9,09367,1","1,1,015,1,+999,9",,"4,99,0118,1","SYN017333   10050 91123",
"07360099999","1990-11-26T21:00:00","4","46.1666666","1.8666666","551.0","GUERET, FR","FM-12","99999","V020","230,1,N,0031,1","99999,9,9,N","999999,9,N,9","+0034,1","+0034,1","10027,1","06,0000,9,1",,,"4,000",,,,,,,,,,,,,,"99999,9,09374,1","1,1,007,1,+999,9",,"4,99,0082,1","SYN011333   91116",
"07360099999","1990-11-27T00:00:00","4","46.1666666","1.8666666","551.0","GUERET, FR","FM-12","99999","V020","150,1,N,0010,1","99999,9,9,N","999999,9,N,9","+0030,1","+0030,1","10029,1","06,0000,9,1",,,"4,000",,,,,,,,,,,,,,"99999,9,09375,1","1,1,001,1,+999,9",,"4,99,0082,1","SYN011333   91116",
"07360099999","1990-11-27T03:00:00","4","46.1666666","1.8666666","551.0","GUERET, FR","FM-12","99999","V020","210,1,N,0021,1","99999,9,9,N","999999,9,N,9","+0026,1","+0026,1","10030,1","03,0002,9,1","99,0003,9,1",,"0,000",,,,,,,,,,,,,,"99999,9,09375,1","4,1,000,1,+999,9",,"4,99,0041,1","SYN017333   69927 91108",
"07360099999","1990-11-27T06:00:00","4","46.1666666","1.8666666","551.0","GUERET, FR","FM-12","99999","V020","140,1,N,0010,1","00690,1,C,N","008000,1,N,9","+0029,1","+0029,1","10039,1","24,0002,9,1",,,"0,000",,,,,"03,1,+00300,9,05,9","06,1,+00690,9,05,9",,"06,99,1,06,1,05,1,00450,1,00,1,00,1","0006,9","09,9","999,+0020,9","999,M,+0050,1","999,N,+0026,1","99999,9,09384,1","3,1,009,1,+999,9",,"4,99,0041,1","SYN053333   10050 20026 31002 55001 70002 83610 86623 91108",
"07360099999","1990-11-27T09:00:00","4","46.1666666","1.8666666","551.0","GUERET, FR","FM-12","99999","V020","120,1,N,0021,1","03000,1,C,N","008000,1,N,9","+0039,1","+0039,1","10058,1","06,0000,9,1",,,"4,000",,,,,"02,1,+00090,9,07,9","03,1,+03000,9,03,9",,"05,99,1,03,1,05,1,00150,1,03,1,00,1",,,,,,"99999,9,09404,1","3,1,020,1,+999,9",,"4,99,0031,1","SYN023333   82703 83360 91106",
"07360099999","1990-11-27T12:00:00","4","46.1666666","1.8666666","551.0","GUERET, FR","FM-12","99999","V020","060,1,N,0010,1","03000,1,C,N","015000,1,N,9","+0057,1","+0042,1","10064,1","06,0000,9,1",,,"4,000",,,"4,1,06,1","2,1,06,1","04,1,+00480,9,08,9","03,1,+03000,9,03,9",,"05,99,1,04,1,02,1,00450,1,03,1,00,1",,,,,,"99999,9,09414,1","1,1,010,1,+999,9","03,1","4,99,0051,1","SYN023333   84816 83360 91110",
"07360099999","1990-11-27T15:00:00","4","46.1666666","1.8666666","551.0","GUERET, FR","FM-12","99999","V020","030,1,N,0031,1","03000,1,C,N","015000,1,N,9","+0060,1","+0040,1","10075,1","06,0000,9,1",,,"4,000",,,,,"03,1,+00480,9,08,9","04,1,+03000,9,03,9",,"06,99,1,03,1,02,1,00450,1,03,1,01,1",,,,,,"99999,9,09425,1","3,1,011,1,+999,9",,"4,99,0062,1","SYN023333   83816 84360 91112",
"07360099999","1990-11-27T21:00:00","4","46.1666666","1.8666666","551.0","GUERET, FR","FM-12","99999","V020","010,1,N,0031,1","99999,9,9,N","999999,9,N,9","+0028,1","+0028,1","10120,1","06,0000,9,1",,,"4,000",,,,,,,,,,,,,,"99999,9,09459,1","3,1,013,1,+999,9",,"4,99,0082,1","SYN011333   91116",
"07360099999","1990-11-28T00:00:00","4","46.1666666","1.8666666","551.0","GUERET, FR","FM-12","99999","V020","020,1,N,0021,1","99999,9,9,N","999999,9,N,9","+0027,1","+0027,1","10130,1","06,0000,9,1",,,"4,000",,,,,,,,,,,,,,"99999,9,09469,1","1,1,010,1,+999,9",,"4,99,0082,1","SYN011333   91116",
"07360099999","1990-11-28T03:00:00","4","46.1666666","1.8666666","551.0","GUERET, FR","FM-12","99999","V020","020,1,N,0021,1","99999,9,9,N","999999,9,N,9","+0022,1","+0022,1","10135,1","06,0000,9,1",,,"4,000",,,,,,,,,,,,,,"99999,9,09472,1","2,1,003,1,+999,9",,"4,99,0062,1","SYN011333   91112",
"07360099999","1990-11-28T06:00:00","4","46.1666666","1.8666666","551.0","GUERET, FR","FM-12","99999","V020","020,1,N,0031,1","00030,1,C,N","000500,1,N,9","+0015,1","+0015,1","10145,1","06,0000,9,1",,,"4,000",,,"4,1,06,1",,"08,1,+00030,9,07,9",,,"08,99,1,08,1,06,1,00075,1,99,9,99,9","0192,9","01,9","999,+0010,9","999,M,+0072,1","999,N,+0014,1","99999,9,09478,1","3,1,006,1,+999,9","46,1","4,99,0072,1","SYN041333   10072 20014 30001 55032 88701 91114",
"07360099999","1990-11-28T09:00:00","4","46.1666666","1.8666666","551.0","GUERET, FR","FM-12","99999","V020","360,1,N,0041,1","00015,1,C,N","000000,1,N,9","+0008,1","+0008,1","10154,1","06,0000,9,1",,,"4,000",,,"4,1,03,1","4,1,03,1","09,1,+99999,9,99,9",,,"09,99,1,09,1,99,9,99999,9,99,9,99,9",,,,,,"99999,9,09485,1","2,1,007,1,+999,9","45,1","4,99,0088,1","SYN011333   91117",
"07360099999","1990-11-28T12:00:00","4","46.1666666","1.8666666","551.0","GUERET, FR","FM-12","99999","V020","030,1,N,0031,1","00015,1,C,N","000100,1,N,9","+0004,1","+0004,1","10161,1","06,0000,9,1",,,"4,000",,,"4,1,06,1","4,1,06,1","09,1,+99999,9,99,9",,,"09,99,1,09,1,99,9,99999,9,99,9,99,9",,,,,,"99999,9,09490,1","0,1,005,1,+999,9","43,1","4,99,0088,1","SYN011333   91117",
"07360099999","1990-11-28T15:00:00","4","46.1666666","1.8666666","551.0","GUERET, FR","FM-12","99999","V020","020,1,N,0031,1","00030,1,C,N","000400,1,N,9","+0004,1","+0004,1","10164,1","03,9999,2,9",,,"0,000",,,"4,1,03,1","4,1,03,1","09,1,+99999,9,99,9",,,"09,99,1,09,1,99,9,99999,9,99,9,99,9",,,,,,"99999,9,09493,1","3,1,003,1,+999,9","71,1","4,99,0062,1","SYN017333   69907 91112",
"07360099999","1990-11-28T18:00:00","4","46.1666666","1.8666666","551.0","GUERET, FR","FM-12","99999","V020","020,1,N,0021,1","99999,9,9,N","999999,9,N,9","+0003,1","+9999,9","10175,1","03,9999,2,9",,,"0,000",,,,,,,,,,,,"999,M,+0014,1",,"99999,9,09503,1","1,1,010,1,+999,9",,"4,99,0062,1","SYN023333   10014 69907 91112",
"07360099999","1990-11-29T03:00:00","4","46.1666666","1.8666666","551.0","GUERET, FR","FM-12","99999","V020","040,1,N,0021,1","99999,9,9,N","999999,9,N,9","+0002,1","+9999,9","10182,1","03,0002,9,1","99,0003,9,1",,"0,000",,,,,,,,,,,,,,"99999,9,09509,1","8,1,005,1,+999,9",,"4,99,0062,1","SYN017333   69927 91112",
"07360099999","1990-11-29T06:00:00","4","46.1666666","1.8666666","551.0","GUERET, FR","FM-12","99999","V020","040,1,N,0021,1","00060,1,C,N","000900,1,N,9","+0003,1","+0003,1","10186,1","24,0008,9,1",,,"0,000",,,"4,1,06,1",,"08,1,+00060,9,07,9",,,"08,99,1,08,1,07,1,00075,1,99,9,99,9","0000,9","09,9","999,+0000,9","999,M,+0014,1","999,N,+0002,1","99999,9,09515,1","3,1,006,1,+999,9","42,1","4,99,0062,1","SYN047333   10014 20002 31000 55000 70008 88702 91112",
"07360099999","1990-11-29T09:00:00","4","46.1666666","1.8666666","551.0","GUERET, FR","FM-12","99999","V020","050,1,N,0010,1","00060,1,C,N","000900,1,N,9","+0004,1","+0004,1","10199,1","06,0000,9,1",,,"4,000",,,"4,1,03,1","4,1,03,1","08,1,+00060,9,07,9",,,"08,99,1,08,1,07,1,00075,1,99,9,99,9",,,,,,"99999,9,09526,1","3,1,011,1,+999,9","44,1","4,99,0051,1","SYN017333   88702 91110",
"07360099999","1990-11-29T12:00:00","4","46.1666666","1.8666666","551.0","GUERET, FR","FM-12","99999","V020","040,1,N,0021,1","00090,1,C,N","001500,1,N,9","+0013,1","+0013,1","10199,1","06,0000,9,1",,,"4,000",,,"4,1,06,1","2,1,06,1","06,1,+00090,9,07,9","06,1,+00480,9,05,9",,"08,99,1,08,1,05,1,00150,1,99,9,99,9",,,,,,"99999,9,09528,1","0,1,002,1,+999,9","29,1","4,99,0062,1","SYN023333   86703 86616 91112",
"07360099999","1990-11-29T15:00:00","4","46.1666666","1.8666666","551.0","GUERET, FR","FM-12","99999","V020","010,1,N,0031,1","00150,1,C,N","004000,1,N,9","+0015,1","+0014,1","10197,1","06,0000,9,1",,,"4,000",,,"2,1,03,1","2,1,03,1","06,1,+00150,9,07,9","08,1,+00480,9,05,9",,"08,99,1,08,1,05,1,00150,1,99,9,99,9",,,,,,"99999,9,09529,1","3,1,001,1,+999,9","10,1","4,99,0072,1","SYN023333   86705 88616 91114",
"07360099999","1990-11-29T18:00:00","4","46.1666666","1.8666666","551.0","GUERET, FR","FM-12","99999","V020","010,1,N,0010,1","99999,9,9,N","999999,9,N,9","+0010,1","+0010,1","10204,1","06,0000,9,1",,,"4,000",,,,,,,,,,,,"999,M,+0020,1",,"99999,9,09533,1","3,1,004,1,+999,9",,"4,99,0072,1","SYN017333   10020 91114",
"07360099999","1990-11-29T21:00:00","4","46.1666666","1.8666666","551.0","GUERET, FR","FM-12","99999","V020","010,1,N,0021,1","99999,9,9,N","999999,9,N,9","+0010,1","+0010,1","10207,1","03,0004,9,1","99,0005,9,1",,"0,000",,,,,,,,,,,,,,"99999,9,09536,1","0,1,003,1,+999,9",,"4,99,0062,1","SYN017333   69947 91112",
"07360099999","1990-11-30T00:00:00","4","46.1666666","1.8666666","551.0","GUERET, FR","FM-12","99999","V020","360,1,N,0010,1","99999,9,9,N","999999,9,N,9","+0002,1","+9999,9","10215,1","06,0005,9,1",,,"0,000",,,,,,,,,,,,,,"99999,9,09540,1","0,1,004,1,+999,9",,"4,99,0072,1","SYN011333   91114",
"07360099999","1990-11-30T03:00:00","4","46.1666666","1.8666666","551.0","GUERET, FR","FM-12","99999","V020","340,1,N,0031,1","99999,9,9,N","999999,9,N,9","+0000,1","+9999,9","10209,1","06,0000,9,1",,,"4,000",,,,,,,,,,,,,,"99999,9,09534,1","7,1,006,1,+999,9",,"4,99,0051,1","SYN011333   91110",
"07360099999","1990-11-30T06:00:00","4","46.1666666","1.8666666","551.0","GUERET, FR","FM-12","99999","V020","330,1,N,0031,1","00060,1,C,N","000600,1,N,9","-0004,1","-0004,1","10208,1","03,9999,2,9","24,0004,9,1",,"0,000",,,"7,1,06,1",,"08,1,+00060,9,07,9",,,"08,99,1,08,1,07,1,00075,1,99,9,99,9","0000,9","09,9","999,+0000,9","999,M,+0020,1","999,N,-0004,1","99999,9,09534,1","5,1,000,1,+999,9","22,1","4,99,0062,1","SYN053333   10020 21004 31000 55000 69907 70004 88702 91112",
"07360099999","1990-11-30T09:00:00","4","46.1666666","1.8666666","551.0","GUERET, FR","FM-12","99999","V020","330,1,N,0031,1","00015,1,C,N","000100,1,N,9","+0007,1","+0007,1","10218,1","06,0000,9,1",,,"4,000",,,"7,1,03,1","4,1,03,1","09,1,+99999,9,99,9",,,"09,99,1,09,1,99,9,99999,9,99,9,99,9",,,,,,"99999,9,09544,1","3,1,010,1,+999,9","47,1","4,99,0062,1","SYN011333   91112",
"07360099999","1990-11-30T12:00:00","4","46.1666666","1.8666666","551.0","GUERET, FR","FM-12","99999","V020","030,1,N,0041,1","00015,1,C,N","000100,1,N,9","+0023,1","+0023,1","10217,1","03,0006,9,2","06,0005,9,2",,"0,000",,,"4,1,06,1","4,1,06,1","09,1,+99999,9,99,9",,,"09,99,1,09,1,99,9,99999,9,99,9,99,9",,,,,,"99999,9,09547,1","0,1,003,1,+999,9","45,1","4,99,0072,1","SYN017333   69967 91114",
"07360099999","1990-11-30T21:00:00","4","46.1666666","1.8666666","551.0","GUERET, FR","FM-12","99999","V020","040,1,N,0051,1","99999,9,9,N","999999,9,N,9","+0012,1","+0012,1","10254,1","06,0000,9,1",,,"4,000",,,,,,,,,,,,,,"99999,9,09581,1","1,1,009,1,+999,9",,"4,99,0108,1","SYN011333   91121",
"07360099999","1990-12-01T00:00:00","4","46.1666666","1.8666666","551.0","GUERET, FR","FM-12","99999","V020","040,1,N,0041,1","99999,9,9,N","999999,9,N,9","-0005,1","+9999,9","10263,1","06,0000,9,1",,,"4,000",,,,,,,,,,,,,,"99999,9,09583,1","3,1,002,1,+999,9",,"4,99,0108,1","SYN011333   91121",
"07360099999","1990-12-01T03:00:00","4","46.1666666","1.8666666","551.0","GUERET, FR","FM-12","99999","V020","030,1,N,0021,1","99999,9,9,N","999999,9,N,9","-0012,1","+9999,9","10267,1","06,0000,9,1",,,"4,000",,,,,,,,,,,,,,"99999,9,09586,1","2,1,003,1,+999,9",,"4,99,0108,1","SYN011333   91121",
"07360099999","1990-12-01T06:00:00","4","46.1666666","1.8666666","551.0","GUERET, FR","FM-12","99999","V020","040,1,N,0041,1","00030,1,C,N","000600,1,N,9","-0010,1","-0011,1","10279,1","06,0000,9,1","24,0006,9,1",,"4,000",,,,,"08,1,+00030,9,07,9",,,"08,99,1,08,1,06,1,00025,1,99,9,99,9","0000,9","14,9","999,-0030,9","999,M,+0026,1","999,N,-0014,1","99999,9,09597,1","3,1,011,1,+999,9","48,1","4,99,0108,1","SYN047333   10026 21014 34103 55000 70006 88701 91121",
"07360099999","1990-12-01T09:00:00","4","46.1666666","1.8666666","551.0","GUERET, FR","FM-12","99999","V020","030,1,N,0062,1","22000,1,C,N","006000,1,N,9","-0009,1","-0019,1","10299,1","06,0000,9,1",,,"4,000",,,"4,1,03,1","1,1,03,1","03,1,+00120,9,07,9",,,"03,99,1,03,1,06,1,00150,1,00,1,00,1",,,,,,"99999,9,09617,1","1,1,020,1,+999,9","01,1","4,99,0129,1","SYN017333   83704 91125",
"07360099999","1990-12-01T12:00:00","4","46.1666666","1.8666666","551.0","GUERET, FR","FM-12","99999","V020","040,1,N,0051,1","22000,1,C,N","010000,1,N,9","+0006,1","-0039,1","10307,1","06,0000,9,1",,,"4,000",,,"4,1,06,1","1,1,06,1","02,1,+00480,9,08,9",,,"02,99,1,02,1,01,1,00450,1,00,1,00,1",,,,,,"99999,9,09628,1","3,1,011,1,+999,9","02,1","4,99,0129,1","SYN017333   82816 91125",
"07360099999","1990-12-01T15:00:00","4","46.1666666","1.8666666","551.0","GUERET, FR","FM-12","99999","V020","040,1,N,0041,1","99999,9,9,N","999999,9,N,9","-0009,1","-0042,1","10318,1","06,0000,9,1",,,"4,000",,,,,,,,,,,,,,"99999,9,09635,1","3,1,007,1,+999,9",,"4,99,0108,1","SYN011333   91121",
"07360099999","1990-12-01T21:00:00","4","46.1666666","1.8666666","551.0","GUERET, FR","FM-12","99999","V020","050,1,N,0031,1","99999,9,9,N","999999,9,N,9","-0031,1","-0054,1","10346,1","06,0000,9,1",,,"4,000",,,,,,,,,,,,,,"99999,9,09656,1","1,1,011,1,+999,9",,"4,99,0098,1","SYN011333   91119",
"07360099999","1990-12-02T00:00:00","4","46.1666666","1.8666666","551.0","GUERET, FR","FM-12","99999","V020","050,1,N,0031,1","99999,9,9,N","999999,9,N,9","-0020,1","-0056,1","10346,1","06,0000,9,1",,,"4,000",,,,,,,,,,,,,,"99999,9,09659,1","1,1,003,1,+999,9",,"4,99,0098,1","SYN011333   91119",
"07360099999","1990-12-02T03:00:00","4","46.1666666","1.8666666","551.0","GUERET, FR","FM-12","99999","V020","050,1,N,0021,1","99999,9,9,N","999999,9,N,9","-0015,1","-0047,1","10342,1","06,0000,9,1",,,"4,000",,,,,,,,,,,,,,"99999,9,09656,1","6,1,003,1,+999,9",,"4,99,0082,1","SYN011333   91116",
"07360099999","1990-12-02T06:00:00","4","46.1666666","1.8666666","551.0","GUERET, FR","FM-12","99999","V020","050,1,N,0021,1","01290,1,C,N","007000,1,N,9","-0015,1","-0023,1","10338,1","06,0000,9,1",,,"4,000",,,,,"07,1,+01290,9,05,9",,,"07,99,1,07,1,05,1,01250,1,99,9,99,9","0384,9","14,9","999,-0050,9","999,M,+0009,1","999,N,-0035,1","99999,9,09653,1","6,1,003,1,+999,9",,"4,99,0082,1","SYN041333   10009 21035 34105 55064 87643 91116",
"07360099999","1990-12-02T09:00:00","4","46.1666666","1.8666666","551.0","GUERET, FR","FM-12","99999","V020","050,1,N,0031,1","00120,1,C,N","003000,1,N,9","-0006,1","-0006,1","10340,1","06,0000,9,1",,,"4,000",,,"2,1,03,1","2,1,03,1","08,1,+00120,9,07,9",,,"08,99,1,08,1,06,1,00150,1,99,9,99,9",,,,,,"99999,9,09657,1","0,1,004,1,+999,9","10,1","4,99,0082,1","SYN017333   88704 91116",
"07360099999","1990-12-02T12:00:00","4","46.1666666","1.8666666","551.0","GUERET, FR","FM-12","99999","V020","050,1,N,0021,1","00030,1,C,N","000500,1,N,9","+0001,1","+0001,1","10333,1","06,0000,9,1",,,"4,000",,,"4,1,06,1","2,1,06,1","08,1,+00030,9,07,9",,,"08,99,1,08,1,06,1,00075,1,99,9,99,9",,,,,,"99999,9,09650,1","8,1,007,1,+999,9","44,1","4,99,0082,1","SYN017333   88701 91116",
"07360099999","1990-12-02T15:00:00","4","46.1666666","1.8666666","551.0","GUERET, FR","FM-12","99999","V020","050,1,N,0041,1","99999,9,9,N","999999,9,N,9","+0005,1","+9999,9","10325,1","06,0000,9,1",,,"4,000",,,,,,,,,,,,,,"99999,9,09644,1","6,1,006,1,+999,9",,"4,99,0098,1","SYN011333   91119",
"07360099999","1990-12-02T18:00:00","4","46.1666666","1.8666666","551.0","GUERET, FR","FM-12","99999","V020","060,1,N,0021,1","99999,9,9,N","999999,9,N,9","+0012,1","+0012,1","10318,1","06,0000,9,1",,,"4,000",,,,,,,,,,,,"999,M,+0012,1",,"99999,9,09641,1","8,1,003,1,+999,9",,"4,99,0098,1","SYN017333   10012 91119",
"07360099999","1990-12-02T21:00:00","4","46.1666666","1.8666666","551.0","GUERET, FR","FM-12","99999","V020","060,1,N,0041,1","99999,9,9,N","999999,9,N,9","+0014,1","+0014,1","10309,1","06,0000,9,1",,,"4,000",,,,,,,,,,,,,,"99999,9,09633,1","8,1,008,1,+999,9",,"4,99,0098,1","SYN011333   91119",
"07360099999","1990-12-03T00:00:00","4","46.1666666","1.8666666","551.0","GUERET, FR","FM-12","99999","V020","050,1,N,0041,1","99999,9,9,N","999999,9,N,9","+0013,1","+0013,1","10299,1","06,0000,9,1",,,"4,000",,,,,,,,,,,,,,"99999,9,09623,1","8,1,010,1,+999,9",,"4,99,0118,1","SYN011333   91123",
"07360099999","1990-12-03T03:00:00","4","46.1666666","1.8666666","551.0","GUERET, FR","FM-12","99999","V020","060,1,N,0031,1","99999,9,9,N","999999,9,N,9","+0007,1","+0007,1","10287,1","06,0000,9,1",,,"4,000",,,,,,,,,,,,,,"99999,9,09610,1","7,1,013,1,+999,9",,"4,99,0108,1","SYN011333   91121",
"07360099999","1990-12-03T06:00:00","4","46.1666666","1.8666666","551.0","GUERET, FR","FM-12","99999","V020","060,1,N,0031,1","00090,1,C,N","005000,1,N,9","+0005,1","+0005,1","10280,1","06,0000,9,1",,,"4,000",,,,,"07,1,+00090,9,07,9",,,"08,99,1,08,1,07,1,00150,1,99,9,99,9","0000,9","01,9","999,+0000,9","999,M,+0012,1","999,N,+0004,1","99999,9,09603,1","6,1,007,1,+999,9",,"4,99,0108,1","SYN041333   10012 20004 30000 55000 87703 91121",
"07360099999","1990-12-03T09:00:00","4","46.1666666","1.8666666","551.0","GUERET, FR","FM-12","99999","V020","050,1,N,0041,1","00150,1,C,N","005000,1,N,9","+0012,1","+0012,1","10282,1","06,0000,9,1",,,"4,000",,,,,"05,1,+00150,9,07,9","08,1,+00480,9,05,9",,"08,99,1,08,1,05,1,00150,1,99,9,99,9",,,,,,"99999,9,09607,1","3,1,004,1,+999,9",,"4,99,0088,1","SYN023333   85705 88616 91117",
"07360099999","1990-12-03T12:00:00","4","46.1666666","1.8666666","551.0","GUERET, FR","FM-12","99999","V020","050,1,N,0041,1","00600,1,C,N","007000,1,N,9","+0040,1","+0024,1","10261,1","06,0000,9,1",,,"4,000",,,,,"04,1,+00300,9,08,9","05,1,+00600,9,05,9",,"06,99,1,06,1,08,1,00450,1,00,1,00,1",,,,,,"99999,9,09594,1","8,1,013,1,+999,9",,"4,99,0088,1","SYN023333   84810 85620 91117",
"07360099999","1990-12-03T15:00:00","4","46.1666666","1.8666666","551.0","GUERET, FR","FM-12","99999","V020","060,1,N,0031,1","00480,1,C,N","009000,1,N,9","+0030,1","+0015,1","10260,1","06,0000,9,1",,,"4,000",,,,,"07,1,+00480,9,05,9",,,"08,99,1,08,1,05,1,00450,1,99,9,99,9",,,,,,"99999,9,09591,1","5,1,003,1,+999,9",,"4,99,0098,1","SYN017333   87616 91119",
"07360099999","1990-12-03T18:00:00","4","46.1666666","1.8666666","551.0","GUERET, FR","FM-12","99999","V020","050,1,N,0031,1","99999,9,9,N","999999,9,N,9","+0014,1","+0014,1","10272,1","06,0000,9,1",,,"4,000",,,,,,,,,,,,"999,M,+0053,1",,"99999,9,09598,1","1,1,007,1,+999,9",,"4,99,0098,1","SYN017333   10053 91119",
"07360099999","1990-12-03T21:00:00","4","46.1666666","1.8666666","551.0","GUERET, FR","FM-12","99999","V020","050,1,N,0021,1","99999,9,9,N","999999,9,N,9","+0019,1","+0018,1","10272,1","06,0000,9,1",,,"4,000",,,,,,,,,,,,,,"99999,9,09599,1","1,1,001,1,+999,9",,"4,99,0072,1","SYN011333   91114",
"07360099999","1990-12-04T03:00:00","4","46.1666666","1.8666666","551.0","GUERET, FR","FM-12","99999","V020","060,1,N,0041,1","99999,9,9,N","999999,9,N,9","+0015,1","+0009,1","10267,1","06,0000,9,1",,,"4,000",,,,,,,,,,,,,,"99999,9,09594,1","7,1,002,1,+999,9",,"4,99,0088,1","SYN011333   91117",
"07360099999","1990-12-04T06:00:00","4","46.1666666","1.8666666","551.0","GUERET, FR","FM-12","99999","V020","040,1,N,0021,1","00480,1,C,N","005000,1,N,9","+0014,1","+0011,1","10273,1","06,0000,9,1",,,"4,000",,,,,"07,1,+00480,9,05,9",,,"08,99,1,07,1,05,1,00450,1,99,9,99,9","0150,9","01,9","999,+0010,9","999,M,+0053,1","999,N,+0013,1","99999,9,09599,1","3,1,005,1,+999,9",,"4,99,0098,1","SYN041333   10053 20013 30001 55025 87616 91119",
"07360099999","1990-12-04T09:00:00","4","46.1666666","1.8666666","551.0","GUERET, FR","FM-12","99999","V020","060,1,N,0041,1","00300,1,C,N","003000,1,N,9","+0014,1","+0011,1","10279,1","06,0000,9,1",,,"4,000",,,"2,1,03,1","2,1,03,1","08,1,+00300,9,05,9",,,"08,99,1,08,1,05,1,00450,1,99,9,99,9",,,,,,"99999,9,09605,1","0,1,006,1,+999,9","10,1","4,99,0118,1","SYN017333   88610 91123",
"07360099999","1990-12-04T15:00:00","4","46.1666666","1.8666666","551.0","GUERET, FR","FM-12","99999","V020","060,1,N,0031,1","00780,1,C,N","004000,1,N,9","+0029,1","+0013,1","10276,1","06,0000,9,1",,,"4,000",,,"2,1,03,1","2,1,03,1","06,1,+00780,9,05,9",,,"06,99,1,06,1,05,1,00800,1,00,1,00,1",,,,,,"99999,9,09605,1","6,1,002,1,+999,9","10,1","4,99,0098,1","SYN017333   86626 91119",
"07360099999","1990-12-04T18:00:00","4","46.1666666","1.8666666","551.0","GUERET, FR","FM-12","99999","V020","060,1,N,0031,1","99999,9,9,N","999999,9,N,9","+0013,1","+0013,1","10284,1","06,0000,9,1",,,"4,000",,,,,,,,,,,,"999,M,+0034,1",,"99999,9,09609,1","2,1,004,1,+999,9",,"4,99,0098,1","SYN017333   10034 91119",
"07360099999","1990-12-04T21:00:00","4","46.1666666","1.8666666","551.0","GUERET, FR","FM-12","99999","V020","060,1,N,0031,1","99999,9,9,N","999999,9,N,9","+0010,1","+9999,9","10286,1","06,0000,9,1",,,"4,000",,,,,,,,,,,,,,"99999,9,09609,1","0,1,000,1,+999,9",,"4,99,0088,1","SYN011333   91117",
"07360099999","1990-12-05T00:00:00","4","46.1666666","1.8666666","551.0","GUERET, FR","FM-12","99999","V020","050,1,N,0031,1","99999,9,9,N","999999,9,N,9","+0011,1","+9999,9","10284,1","06,0000,9,1",,,"4,000",,,,,,,,,,,,,,"99999,9,09607,1","8,1,002,1,+999,9",,"4,99,0088,1","SYN011333   91117",
"07360099999","1990-12-05T03:00:00","4","46.1666666","1.8666666","551.0","GUERET, FR","FM-12","99999","V020","060,1,N,0041,1","99999,9,9,N","999999,9,N,9","+0007,1","+0007,1","10286,1","06,0000,9,1",,,"4,000",,,,,,,,,,,,,,"99999,9,09609,1","1,1,002,1,+999,9",,"4,99,0098,1","SYN011333   91119",
"07360099999","1990-12-05T06:00:00","4","46.1666666","1.8666666","551.0","GUERET, FR","FM-12","99999","V020","050,1,N,0031,1","00060,1,C,N","000800,1,N,9","+0000,1","+0000,1","10289,1","06,0000,9,1",,,"4,000",,,"4,1,06,1",,"08,1,+00060,9,07,9",,,"08,99,1,08,1,06,1,00075,1,99,9,99,9","0000,9","01,9","999,+0000,9","999,M,+0034,1","999,N,+0000,1","99999,9,09609,1","5,1,000,1,+999,9","46,1","4,99,0108,1","SYN041333   10034 20000 30000 55000 88702 91121",
"07360099999","1990-12-05T09:00:00","4","46.1666666","1.8666666","551.0","GUERET, FR","FM-12","99999","V020","050,1,N,0041,1","00060,1,C,N","000900,1,N,9","+0007,1","+0007,1","10296,1","06,0000,9,1",,,"4,000",,,"4,1,03,1","4,1,03,1","06,1,+00060,9,07,9",,,"06,99,1,06,1,06,1,00075,1,00,1,00,1",,,,,,"99999,9,09617,1","3,1,008,1,+999,9","44,1","4,99,0098,1","SYN017333   86702 91119",
"07360099999","1990-12-05T12:00:00","4","46.1666666","1.8666666","551.0","GUERET, FR","FM-12","99999","V020","050,1,N,0051,1","00030,1,C,N","000800,1,N,9","+0013,1","+0013,1","10287,1","06,0000,9,1",,,"4,000",,,"4,1,06,1","2,1,06,1","08,1,+00030,9,07,9",,,"08,99,1,08,1,06,1,00075,1,99,9,99,9",,,,,,"99999,9,09610,1","8,1,007,1,+999,9","46,1","4,99,0108,1","SYN017333   88701 91121",
"07360099999","1990-12-05T15:00:00","4","46.1666666","1.8666666","551.0","GUERET, FR","FM-12","99999","V020","050,1,N,0041,1","22000,1,C,N","007000,1,N,9","+0022,1","+0004,1","10273,1","06,0000,9,1",,,"4,000",,,"4,1,03,1","1,1,03,1","01,1,+00300,9,08,9","03,1,+00480,9,05,9",,"03,99,1,03,1,08,1,00450,1,00,1,00,1",,,,,,"99999,9,09601,1","6,1,009,1,+999,9","01,1","4,99,0108,1","SYN023333   81810 83616 91121",
"07360099999","1990-12-05T18:00:00","4","46.1666666","1.8666666","551.0","GUERET, FR","FM-12","99999","V020","050,1,N,0041,1","99999,9,9,N","999999,9,N,9","+0004,1","-0012,1","10291,1","06,0000,9,1",,,"4,000",,,,,,,,,,,,"999,M,+0028,1",,"99999,9,09613,1","1,1,012,1,+999,9",,"4,99,0118,1","SYN017333   10028 91123",
"07360099999","1990-12-05T21:00:00","4","46.1666666","1.8666666","551.0","GUERET, FR","FM-12","99999","V020","060,1,N,0031,1","99999,9,9,N","999999,9,N,9","-0009,1","-0022,1","10307,1","06,0000,9,1",,,"4,000",,,,,,,,,,,,,,"99999,9,09625,1","3,1,012,1,+999,9",,"4,99,0098,1","SYN011333   91119",
"07360099999","1990-12-06T00:00:00","4","46.1666666","1.8666666","551.0","GUERET, FR","FM-12","99999","V020","050,1,N,0031,1","99999,9,9,N","999999,9,N,9","-0023,1","-0033,1","10312,1","06,0000,9,1",,,"4,000",,,,,,,,,,,,,,"99999,9,09626,1","0,1,001,1,+999,9",,"4,99,0098,1","SYN011333   91119",
"07360099999","1990-12-06T06:00:00","4","46.1666666","1.8666666","551.0","GUERET, FR","FM-12","99999","V020","090,1,N,0021,1","22000,1,C,N","008000,1,N,9","-0037,1","-0044,1","10313,1","06,0000,9,1",,,"4,000",,,,,,,,"00,99,1,00,1,00,1,99999,9,00,1,00,1","0036,9","14,9","999,-0060,9","999,M,+0028,1","999,N,-0038,1","99999,9,09623,1","5,1,002,1,+999,9",,"4,99,0062,1","SYN035333   10028 21038 34106 55006 91112",
"07360099999","1990-12-06T09:00:00","4","46.1666666","1.8666666","551.0","GUERET, FR","FM-12","99999","V020","090,1,N,0041,1","22000,1,C,N","008000,1,N,9","-0024,1","-0041,1","10307,1","06,0000,9,1",,,"4,000",,,,,,,,"00,99,1,00,1,00,1,99999,9,00,1,00,1",,,,,,"99999,9,09621,1","8,1,002,1,+999,9",,"4,99,0082,1","SYN011333   91116",
"07360099999","1990-12-06T12:00:00","4","46.1666666","1.8666666","551.0","GUERET, FR","FM-12","99999","V020","070,1,N,0031,1","22000,1,C,N","010000,1,N,9","+0008,1","-0042,1","10286,1","06,0000,9,1",,,"4,000",,,,,,,,"00,99,1,00,1,00,1,99999,9,00,1,00,1",,,,,,"99999,9,09609,1","8,1,012,1,+999,9",,"4,99,0118,1","SYN011333   91123",
"07360099999","1990-12-06T15:00:00","4","46.1666666","1.8666666","551.0","GUERET, FR","FM-12","99999","V020","060,1,N,0031,1","22000,1,C,N","015000,1,N,9","+0003,1","-0047,1","10275,1","06,0000,9,1",,,"4,000",,,,,,,,"00,99,1,00,1,00,1,99999,9,00,1,00,1",,,,,,"99999,9,09598,1","6,1,011,1,+999,9",,"4,99,0098,1","SYN011333   91119",
"07360099999","1990-12-06T18:00:00","4","46.1666666","1.8666666","551.0","GUERET, FR","FM-12","99999","V020","060,1,N,0021,1","99999,9,9,N","999999,9,N,9","-0021,1","-0052,1","10273,1","06,0000,9,1",,,"4,000",,,,,,,,,,,,"999,M,+0015,1",,"99999,9,09590,1","8,1,008,1,+999,9",,"4,99,0098,1","SYN017333   10015 91119",
"07360099999","1990-12-06T21:00:00","4","46.1666666","1.8666666","551.0","GUERET, FR","FM-12","99999","V020","080,1,N,0031,1","99999,9,9,N","999999,9,N,9","-0026,1","-0056,1","10265,1","06,0000,9,1",,,"4,000",,,,,,,,,,,,,,"99999,9,09581,1","6,1,009,1,+999,9",,"4,99,0098,1","SYN011333   91119",
"07360099999","1990-12-07T00:00:00","4","46.1666666","1.8666666","551.0","GUERET, FR","FM-12","99999","V020","100,1,N,0051,1","99999,9,9,N","999999,9,N,9","-0032,1","-0060,1","10254,1","06,0000,9,1",,,"4,000",,,,,,,,,,,,,,"99999,9,09569,1","8,1,012,1,+999,9",,"4,99,0098,1","SYN011333   91119",
"07360099999","1990-12-07T03:00:00","4","46.1666666","1.8666666","551.0","GUERET, FR","FM-12","99999","V020","100,1,N,0041,1","99999,9,9,N","999999,9,N,9","-0036,1","-0069,1","10225,1","06,0000,9,1",,,"4,000",,,,,,,,,,,,,,"99999,9,09541,1","6,1,028,1,+999,9",,"4,99,0098,1","SYN011333   91119",
"07360099999","1990-12-07T06:00:00","4","46.1666666","1.8666666","551.0","GUERET, FR","FM-12","99999","V020","150,1,N,0021,1","22000,1,C,N","008000,1,N,9","-0022,1","-0105,1","10201,1","06,0000,9,1",,,"4,000",,,,,,,,"00,99,1,00,1,00,1,99999,9,00,1,00,1","0402,9","14,9","999,-0070,9","999,M,+0015,1","999,N,-0040,1","99999,9,09522,1","6,1,019,1,+999,9",,"4,99,0098,1","SYN035333   10015 21040 34107 55067 91119",
"07360099999","1990-12-07T09:00:00","4","46.1666666","1.8666666","551.0","GUERET, FR","FM-12","99999","V020","140,1,N,0010,1","22000,1,C,N","070000,1,N,9","+0030,1","-0210,1","10176,1","06,0000,9,1",,,"4,000",,,,,"02,1,+07500,9,00,9",,,"02,99,1,00,1,00,1,99999,9,00,1,01,1",,,,,,"99999,9,09511,1","7,1,011,1,+999,9",,"4,99,0041,1","SYN017333   82075 91108",
"07360099999","1990-12-07T12:00:00","4","46.1666666","1.8666666","551.0","GUERET, FR","FM-12","99999","V020","240,1,N,0031,1","22000,1,C,N","070000,1,N,9","+0048,1","-0198,1","10148,1","06,0000,9,1",,,"4,000",,,,,"03,1,+07800,9,00,9",,,"03,99,1,00,1,00,1,99999,9,00,1,01,1",,,,,,"99999,9,09488,1","8,1,023,1,+999,9",,"4,99,0082,1","SYN017333   83076 91116",
"07360099999","1990-12-07T15:00:00","4","46.1666666","1.8666666","551.0","GUERET, FR","FM-12","99999","V020","200,1,N,0010,1","22000,1,C,N","070000,1,N,9","+0040,1","-0112,1","10125,1","06,0000,9,1",,,"4,000",,,,,"03,1,+07800,9,00,9",,,"03,99,1,00,1,00,1,99999,9,00,1,01,1",,,,,,"99999,9,09466,1","6,1,022,1,+999,9",,"4,99,0082,1","SYN017333   83076 91116",
"07360099999","1990-12-07T18:00:00","4","46.1666666","1.8666666","551.0","GUERET, FR","FM-12","99999","V020","210,1,N,0031,1","99999,9,9,N","999999,9,N,9","+0017,1","-0114,1","10111,1","06,0000,9,1",,,"4,000",,,,,,,,,,,,"999,M,+0067,1",,"99999,9,09448,1","7,1,018,1,+999,9",,"4,99,0082,1","SYN017333   10067 91116",
"07360099999","1990-12-07T21:00:00","4","46.1666666","1.8666666","551.0","GUERET, FR","FM-12","99999","V020","220,1,N,0072,1","99999,9,9,N","999999,9,N,9","+0008,1","-0092,1","10088,1","06,0000,9,1",,,"4,000",,,,,,,,,,,,,,"99999,9,09424,1","8,1,024,1,+999,9",,"4,99,0160,1","SYN011333   91131",
"07360099999","1990-12-08T00:00:00","4","46.1666666","1.8666666","551.0","GUERET, FR","FM-12","99999","V020","240,1,N,0082,1","99999,9,9,N","999999,9,N,9","-0003,1","-0067,1","10077,1","06,0000,9,1",,,"4,000",,,,,,,,,,,,,,"99999,9,09411,1","8,1,013,1,+999,9",,"4,99,0180,1","SYN011333   91135",
"07360099999","1990-12-08T03:00:00","4","46.1666666","1.8666666","551.0","GUERET, FR","FM-12","99999","V020","210,1,N,0051,1","99999,9,9,N","999999,9,N,9","+0009,1","+0000,1","10049,1","06,0000,9,1",,,"4,000",,,,,,,,,,,,,,"99999,9,09388,1","8,1,023,1,+999,9",,"4,99,0180,1","SYN011333   91135",
"07360099999","1990-12-08T06:00:00","4","46.1666666","1.8666666","551.0","GUERET, FR","FM-12","99999","V020","220,1,N,0072,1","00090,1,C,N","002000,1,N,9","+0012,1","+0012,1","10035,1","03,0002,9,1","24,0002,9,1","99,0003,9,1","0,000",,,,,"08,1,+00090,9,07,9",,,"08,99,1,08,1,06,1,00075,1,99,9,99,9","0402,9","14,9","999,-0010,9","999,M,+0067,1","999,N,-0007,1","99999,9,09374,1","6,1,014,1,+999,9","10,1","4,99,0180,1","SYN053333   10067 21007 34101 55067 69927 70002 88703 91135",
"07360099999","1990-12-08T09:00:00","4","46.1666666","1.8666666","551.0","GUERET, FR","FM-12","99999","V020","240,1,N,0041,1","00060,1,C,N","002000,1,N,9","+0005,1","+0005,1","10051,1","03,9999,2,9",,,"0,000",,,"7,1,03,1","6,1,03,1","08,1,+00060,9,07,9",,,"08,99,1,08,1,07,1,00075,1,99,9,99,9",,,,,,"99999,9,09388,1","3,1,014,1,+999,9","22,1","4,99,0149,1","SYN023333   69907 88702 91129",
"07360099999","1990-12-08T12:00:00","4","46.1666666","1.8666666","551.0","GUERET, FR","FM-12","99999","V020","230,1,N,0041,1","03000,1,C,N","006000,1,N,9","+0016,1","+0016,1","10040,1","06,0005,9,1",,,"0,000",,,"7,1,06,1","6,1,06,1","03,1,+00120,9,07,9","03,1,+03000,9,03,9",,"05,99,1,04,1,06,1,00150,1,03,1,00,1",,,,,,"99999,9,09382,1","8,1,006,1,+999,9","01,1","4,99,0149,1","SYN023333   83704 83360 91129",
"07360099999","1990-12-08T15:00:00","4","46.1666666","1.8666666","551.0","GUERET, FR","FM-12","99999","V020","230,1,N,0031,1","99999,9,9,N","999999,9,N,9","+0011,1","+0008,1","10026,1","06,0000,9,1",,,"4,000",,,,,,,,,,,,,,"99999,9,09368,1","8,1,014,1,+999,9",,"4,99,0098,1","SYN011333   91119",
"07360099999","1990-12-08T18:00:00","4","46.1666666","1.8666666","551.0","GUERET, FR","FM-12","99999","V020","230,1,N,0021,1","99999,9,9,N","999999,9,N,9","+0006,1","+0006,1","10030,1","99,0005,9,1",,,"0,000",,,,,,,,,,,,"999,M,+0019,1",,"99999,9,09370,1","1,1,002,1,+999,9",,"4,99,0098,1","SYN017333   10019 91119",
"07360099999","1990-12-08T21:00:00","4","46.1666666","1.8666666","551.0","GUERET, FR","FM-12","99999","V020","120,1,N,0021,1","99999,9,9,N","999999,9,N,9","+0004,1","+0004,1","10013,1","06,0000,9,1",,,"4,000",,,,,,,,,,,,,,"99999,9,09354,1","6,1,016,1,+999,9",,"4,99,0041,1","SYN011333   91108",
"07360099999","1990-12-09T00:00:00","4","46.1666666","1.8666666","551.0","GUERET, FR","FM-12","99999","V020","120,1,N,0021,1","99999,9,9,N","999999,9,N,9","+0000,1","+9999,9","10003,1","06,0000,9,1",,,"4,000",,,,,,,,,,,,,,"99999,9,09342,1","6,1,012,1,+999,9",,"4,99,0062,1","SYN011333   91112",
"07360099999","1990-12-09T03:00:00","4","46.1666666","1.8666666","551.0","GUERET, FR","FM-12","99999","V020","190,1,N,0010,1","99999,9,9,N","999999,9,N,9","-0004,1","+9999,9","10004,1","06,0000,9,1",,,"4,000",,,,,,,,,,,,,,"99999,9,09342,1","5,1,000,1,+999,9",,"4,99,0051,1","SYN011333   91110",
"07360099999","1990-12-09T06:00:00","4","46.1666666","1.8666666","551.0","GUERET, FR","FM-12","99999","V020","230,1,N,0010,1","00030,1,C,N","000400,1,N,9","-0007,1","-0007,1","09992,1","06,0000,9,1","24,0005,9,1",,"4,000",,,"4,1,06,1",,"07,1,+00030,9,07,9",,,"07,99,1,07,1,06,1,00025,1,99,9,99,9","0036,9","14,9","999,-0010,9","999,M,+0019,1","999,N,-0008,1","99999,9,09330,1","6,1,012,1,+999,9","48,1","4,99,0051,1","SYN047333   10019 21008 34101 55006 70005 87701 91110",
"07360099999","1990-12-09T09:00:00","4","46.1666666","1.8666666","551.0","GUERET, FR","FM-12","99999","V020","220,1,N,0010,1","22000,1,C,N","007000,1,N,9","+0002,1","+0002,1","09991,1","06,0000,9,1",,,"4,000",,,"4,1,03,1","1,1,03,1","01,1,+00060,9,07,9",,,"01,99,1,01,1,06,1,00075,1,00,1,00,1",,,,,,"99999,9,09332,1","0,1,002,1,+999,9","01,1","4,99,0031,1","SYN017333   81702 91106",
"07360099999","1990-12-09T12:00:00","4","46.1666666","1.8666666","551.0","GUERET, FR","FM-12","99999","V020","270,1,N,0021,1","00120,1,C,N","010000,1,N,9","+0004,1","+0001,1","09987,1","06,0000,9,1",,,"4,000",,,"4,1,06,1","1,1,06,1","05,1,+00120,9,07,9","06,1,+00690,9,05,9",,"08,99,1,08,1,05,1,00150,1,99,9,99,9",,,,,,"99999,9,09329,1","8,1,003,1,+999,9","03,1","4,99,0041,1","SYN023333   85704 86623 91108",
"07360099999","1990-12-09T15:00:00","4","46.1666666","1.8666666","551.0","GUERET, FR","FM-12","99999","V020","330,1,N,0021,1","99999,9,9,N","999999,9,N,9","+0001,1","+0001,1","09987,1","06,0000,9,1",,,"4,000",,,,,,,,,,,,,,"99999,9,09329,1","5,1,000,1,+999,9",,"4,99,0082,1","SYN011333   91116",
"07360099999","1990-12-09T18:00:00","4","46.1666666","1.8666666","551.0","GUERET, FR","FM-12","99999","V020","100,1,N,0010,1","99999,9,9,N","999999,9,N,9","-0009,1","-0009,1","09993,1","06,0000,9,1",,,"4,000",,,,,,,,,,,,"999,M,+0026,1",,"99999,9,09332,1","0,1,003,1,+999,9",,"4,99,0082,1","SYN017333   10026 91116",
"07360099999","1990-12-09T21:00:00","4","46.1666666","1.8666666","551.0","GUERET, FR","FM-12","99999","V020","210,1,N,0010,1","99999,9,9,N","999999,9,N,9","-0018,1","-0018,1","09984,1","06,0000,9,1",,,"4,000",,,,,,,,,,,,,,"99999,9,09322,1","8,1,010,1,+999,9",,"4,99,0041,1","SYN011333   91108",
"07360099999","1990-12-10T00:00:00","4","46.1666666","1.8666666","551.0","GUERET, FR","FM-12","99999","V020","230,1,N,0021,1","99999,9,9,N","999999,9,N,9","-0015,1","-0018,1","09977,1","06,0000,9,1",,,"4,000",,,,,,,,,,,,,,"99999,9,09316,1","8,1,006,1,+999,9",,"4,99,0062,1","SYN011333   91112",
"07360099999","1990-12-10T03:00:00","4","46.1666666","1.8666666","551.0","GUERET, FR","FM-12","99999","V020","260,1,N,0021,1","99999,9,9,N","999999,9,N,9","-0025,1","-0025,1","09973,1","06,0000,9,1",,,"4,000",,,,,,,,,,,,,,"99999,9,09309,1","8,1,007,1,+999,9",,"4,99,0082,1","SYN011333   91116",
"07360099999","1990-12-10T06:00:00","4","46.1666666","1.8666666","551.0","GUERET, FR","FM-12","99999","V020","280,1,N,0021,1","03000,1,C,N","002000,1,N,9","-0033,1","-0033,1","09986,1","06,0000,9,1",,,"4,000",,,,,"04,1,+00090,9,07,9","06,1,+03000,9,03,9",,"08,99,1,04,1,06,1,00150,1,07,1,99,9","0126,9","14,9","999,-0060,9","999,M,+0026,1","999,N,-0042,1","99999,9,09318,1","3,1,009,1,+999,9","10,1","4,99,0082,1","SYN047333   10026 21042 34106 55021 84703 86360 91116",
"07360099999","1990-12-10T09:00:00","4","46.1666666","1.8666666","551.0","GUERET, FR","FM-12","99999","V020","270,1,N,0051,1","00300,1,C,N","004000,1,N,9","-0031,1","-0031,1","09997,1","06,0000,9,1",,,"4,000",,,"4,1,03,1","2,1,03,1","03,1,+00150,9,07,9","05,1,+00300,9,05,9","07,1,+03000,9,03,9","08,99,1,06,1,08,1,00150,1,03,1,99,9",,,,,,"99999,9,09330,1","3,1,012,1,+999,9","10,1","4,99,0088,1","SYN029333   83705 85610 87360 91117",
"07360099999","1990-12-10T18:00:00","4","46.1666666","1.8666666","551.0","GUERET, FR","FM-12","99999","V020","270,1,N,0082,1","99999,9,9,N","999999,9,N,9","-0017,1","+9999,9","09976,1","99,9999,2,9",,,"0,000",,,,,,,,,,,,"999,M,-0009,1",,"99999,9,09313,1","7,1,002,1,+999,9",,"4,99,0170,1","SYN017333   11009 91133",
"07360099999","1990-12-10T21:00:00","4","46.1666666","1.8666666","551.0","GUERET, FR","FM-12","99999","V020","320,1,N,0041,1","99999,9,9,N","999999,9,N,9","-0022,1","+9999,9","09993,1","06,0000,9,1",,,"4,000",,,,,,,,,,,,,,"99999,9,09327,1","3,1,014,1,+999,9",,"4,99,0149,1","SYN011333   91129",
"07360099999","1990-12-11T00:00:00","4","46.1666666","1.8666666","551.0","GUERET, FR","FM-12","99999","V020","310,1,N,0041,1","99999,9,9,N","999999,9,N,9","-0022,1","+9999,9","09996,1","06,0000,9,1",,,"4,000",,,,,,,,,,,,,,"99999,9,09330,1","3,1,003,1,+999,9",,"4,99,0149,1","SYN011333   91129",
"07360099999","1990-12-11T03:00:00","4","46.1666666","1.8666666","551.0","GUERET, FR","FM-12","99999","V020","360,1,N,0041,1","99999,9,9,N","999999,9,N,9","-0018,1","+9999,9","10018,1","06,0000,9,1",,,"4,000",,,,,,,,,,,,,,"99999,9,09352,1","3,1,022,1,+999,9",,"4,99,0118,1","SYN011333   91123",
"07360099999","1990-12-11T06:00:00","4","46.1666666","1.8666666","551.0","GUERET, FR","FM-12","99999","V020","010,1,N,0051,1","00030,1,C,N","000200,1,N,9","-0016,1","-0016,1","10048,1","06,0000,9,1","24,9999,2,9",,"4,000","0010,9,1,999999,9,9",,"4,1,06,1",,"09,1,+99999,9,99,9",,,"09,99,1,09,1,99,9,99999,9,99,9,99,9","0006,9","27,9","999,-0020,9","999,M,-0009,1","999,N,-0028,1","99999,9,09380,1","3,1,028,1,+999,9","49,1","4,99,0118,1","SYN047333   11009 21028 3/102 43010 55001 79999 91123",
"07360099999","1990-12-11T09:00:00","4","46.1666666","1.8666666","551.0","GUERET, FR","FM-12","99999","V020","020,1,N,0041,1","00030,1,C,N","000500,1,N,9","-0013,1","-0016,1","10092,1","06,0000,9,1",,,"4,000",,,"4,1,03,1","4,1,03,1","09,1,+99999,9,99,9",,,"09,99,1,09,1,99,9,99999,9,99,9,99,9",,,,,,"99999,9,09422,1","1,1,042,1,+999,9","49,1","4,99,0118,1","SYN011333   91123",
"07360099999","1990-12-11T15:00:00","4","46.1666666","1.8666666","551.0","GUERET, FR","FM-12","99999","V020","360,1,N,0031,1","00030,1,C,N","000900,1,N,9","-0012,1","-0014,1","10144,1","06,0000,9,1",,,"4,000",,,"4,1,03,1","4,1,03,1","08,1,+00030,9,07,9",,,"08,99,1,08,1,07,1,00075,1,99,9,99,9",,,,,,"99999,9,09471,1","3,1,020,1,+999,9","48,1","4,99,0072,1","SYN017333   88701 91114",
"07360099999","1990-12-11T18:00:00","4","46.1666666","1.8666666","551.0","GUERET, FR","FM-12","99999","V020","999,1,C,0000,1","99999,9,9,N","999999,9,N,9","-0009,1","+9999,9","10172,1","06,0000,9,1",,,"4,000",,,,,,,,,,,,"999,M,-0009,1",,"99999,9,09498,1","1,1,027,1,+999,9",,"4,99,0072,1","SYN017333   11009 91114",
"07360099999","1990-12-12T00:00:00","4","46.1666666","1.8666666","551.0","GUERET, FR","FM-12","99999","V020","250,1,N,0031,1","99999,9,9,N","999999,9,N,9","-0001,1","+9999,9","10188,1","06,0000,9,1",,,"4,000",,,,,,,,,,,,,,"99999,9,09514,1","8,1,003,1,+999,9",,"4,99,0072,1","SYN011333   91114",
"07360099999","1990-12-12T03:00:00","4","46.1666666","1.8666666","551.0","GUERET, FR","FM-12","99999","V020","250,1,N,0062,1","99999,9,9,N","999999,9,N,9","+0004,1","+9999,9","10177,1","03,0004,9,1","99,0005,9,1",,"0,000",,,"4,1,03,1",,,,,,,,,,,"99999,9,09505,1","6,1,009,1,+999,9","21,1","4,99,0108,1","SYN017333   69947 91121",
"07360099999","1990-12-12T06:00:00","4","46.1666666","1.8666666","551.0","GUERET, FR","FM-12","99999","V020","240,1,N,0062,1","00060,1,C,N","002500,1,N,9","+0001,1","+0001,1","10150,1","03,0020,9,1","24,0020,9,1",,"0,000","0004,9,1,999999,9,9","99,001,9,1","7,1,06,1","2,1,06,1","07,1,+00060,9,07,9",,,"08,99,1,07,1,07,1,00075,1,99,9,99,9","0000,9","26,9","999,+0000,9","999,M,+9999,9","999,N,-0009,1","99999,9,09479,1","8,1,026,1,+999,9","71,1","4,99,0129,1","SYN065333   11009 21009 3/000 42004 55000 60027 70020 87702 91125 93101","Q01 -00092ATMX  "
"07360099999","1990-12-12T09:00:00","4","46.1666666","1.8666666","551.0","GUERET, FR","FM-12","99999","V020","250,1,N,0082,1","00090,1,C,N","003000,1,N,9","+0011,1","+0011,1","10129,1","03,0060,9,1",,,"0,001",,,"6,1,03,1","6,1,03,1","07,1,+00090,9,07,9",,,"08,99,1,07,1,07,1,00150,1,99,9,99,9",,,,,,"99999,9,09462,1","6,1,017,1,+999,9","61,1","4,99,0160,1","SYN023333   60067 87703 91131",
"07360099999","1990-12-12T12:00:00","4","46.1666666","1.8666666","551.0","GUERET, FR","FM-12","99999","V020","290,1,N,0062,1","00150,1,C,N","006000,1,N,9","+0042,1","+0042,1","10118,1","03,0010,9,1","06,0010,9,1",,"0,000",,,"7,1,06,1","6,1,06,1","07,1,+00150,9,07,9",,,"07,99,1,07,1,07,1,00150,1,99,9,99,9",,,,,,"99999,9,09459,1","8,1,003,1,+999,9","02,1","4,99,0160,1","SYN023333   60017 87705 91131",
"07360099999","1990-12-12T15:00:00","4","46.1666666","1.8666666","551.0","GUERET, FR","FM-12","99999","V020","310,1,N,0041,1","01290,1,C,N","010000,1,N,9","+0034,1","+0032,1","10127,1","03,0010,9,1",,,"0,000",,,,,"03,1,+00450,9,08,9","07,1,+01290,9,05,9",,"07,99,1,07,1,08,1,00450,1,99,9,99,9",,,,,,"99999,9,09465,1","0,1,006,1,+999,9",,"4,99,0160,1","SYN029333   60017 83815 87643 91131",
"07360099999","1990-12-12T18:00:00","4","46.1666666","1.8666666","551.0","GUERET, FR","FM-12","99999","V020","340,1,N,0051,1","99999,9,9,N","999999,9,N,9","+0012,1","+9999,9","10159,1","03,0002,9,1","99,0003,9,1",,"0,000",,,,,,,,,,,,"999,M,+0043,1",,"99999,9,09490,1","2,1,025,1,+999,9",,"4,99,0160,1","SYN023333   10043 69927 91131",
"07360099999","1990-12-12T21:00:00","4","46.1666666","1.8666666","551.0","GUERET, FR","FM-12","99999","V020","340,1,N,0041,1","99999,9,9,N","999999,9,N,9","-0005,1","+9999,9","10183,1","06,0000,9,1",,,"4,000",,,,,,,,,,,,,,"99999,9,09509,1","1,1,019,1,+999,9",,"4,99,0160,1","SYN011333   91131",
"07360099999","1990-12-13T00:00:00","4","46.1666666","1.8666666","551.0","GUERET, FR","FM-12","99999","V020","320,1,N,0041,1","99999,9,9,N","999999,9,N,9","-0014,1","+9999,9","10193,1","06,0000,9,1",,,"4,000",,,,,,,,,,,,,,"99999,9,09516,1","0,1,007,1,+999,9",,"4,99,0160,1","SYN011333   91131",
"07360099999","1990-12-13T03:00:00","4","46.1666666","1.8666666","551.0","GUERET, FR","FM-12","99999","V020","290,1,N,0051,1","99999,9,9,N","999999,9,N,9","-0012,1","-0012,1","10191,1","06,0000,9,1",,,"4,000",,,,,,,,,,,,,,"99999,9,09516,1","0,1,000,1,+999,9",,"4,99,0098,1","SYN011333   91119",
"07360099999","1990-12-13T06:00:00","4","46.1666666","1.8666666","551.0","GUERET, FR","FM-12","99999","V020","290,1,N,0062,1","00480,1,C,N","006000,1,N,9","-0010,1","-0013,1","10193,1","03,0002,9,1","24,0092,9,1","99,0003,9,1","0,000","0004,9,1,999999,9,9","99,000,9,1","8,1,06,1","7,1,06,1","03,1,+00180,9,07,9","07,1,+00480,9,05,9",,"08,99,1,08,1,05,1,00250,1,99,9,99,9","0000,9","26,9","999,-0030,9","999,M,+0043,1","999,N,-0016,1","99999,9,09517,1","2,1,001,1,+999,9","26,1","4,99,0129,1","SYN071333   10043 21016 3/103 42004 55000 69927 70092 83706 87616 91125 93100",
"07360099999","1990-12-13T09:00:00","4","46.1666666","1.8666666","551.0","GUERET, FR","FM-12","99999","V020","300,1,N,0072,1","00150,1,C,N","004000,1,N,9","-0002,1","-0003,1","10199,1","03,9999,2,9",,,"0,001",,,"7,1,03,1","6,1,03,1","08,1,+00150,9,07,9",,,"08,99,1,08,1,07,1,00150,1,99,9,99,9",,,,,,"99999,9,09525,1","3,1,008,1,+999,9","68,1","4,99,0170,1","SYN023333   69907 88705 91133",
"07360099999","1990-12-13T12:00:00","4","46.1666666","1.8666666","551.0","GUERET, FR","FM-12","99999","V020","310,1,N,0072,1","00060,1,C,N","002500,1,N,9","+0004,1","+0004,1","10198,1",,,,"2,000",,,"7,1,06,1","6,1,06,1","08,1,+00060,9,07,9",,,"08,99,1,08,1,07,1,00075,1,99,9,99,9",,,,,,"99999,9,09525,1","5,1,000,1,+999,9","71,1","4,99,0170,1","SYN017333   88702 91133",
"07360099999","1990-12-13T15:00:00","4","46.1666666","1.8666666","551.0","GUERET, FR","FM-12","99999","V020","330,1,N,0062,1","00090,1,C,N","002500,1,N,9","+0008,1","+0008,1","10199,1",,,,"2,001",,"99,000,9,1","7,1,03,1","6,1,03,1","08,1,+00090,9,07,9",,,"08,99,1,08,1,07,1,00150,1,99,9,99,9",,,,,,"99999,9,09527,1","3,1,002,1,+999,9","68,1","4,99,0149,1","SYN023333   88703 91129 93100",
"07360099999","1990-12-13T18:00:00","4","46.1666666","1.8666666","551.0","GUERET, FR","FM-12","99999","V020","330,1,N,0041,1","99999,9,9,N","999999,9,N,9","+0011,1","+9999,9","10210,1","03,9999,2,9",,,"0,000",,,,,,,,,,,,"999,M,+0011,1",,"99999,9,09538,1","3,1,011,1,+999,9",,"4,99,0149,1","SYN023333   10011 69907 91129",
"07360099999","1990-12-13T21:00:00","4","46.1666666","1.8666666","551.0","GUERET, FR","FM-12","99999","V020","360,1,N,0051,1","99999,9,9,N","999999,9,N,9","+0011,1","+9999,9","10213,1","06,0000,9,1",,,"4,000",,,,,,,,,,,,,,"99999,9,09540,1","0,1,002,1,+999,9",,"4,99,0098,1","SYN011333   91119",
"07360099999","1990-12-14T00:00:00","4","46.1666666","1.8666666","551.0","GUERET, FR","FM-12","99999","V020","020,1,N,0041,1","99999,9,9,N","999999,9,N,9","+0005,1","+9999,9","10217,1","06,0000,9,1",,,"4,000",,,,,,,,,,,,,,"99999,9,09543,1","2,1,003,1,+999,9",,"4,99,0108,1","SYN011333   91121",
"07360099999","1990-12-14T03:00:00","4","46.1666666","1.8666666","551.0","GUERET, FR","FM-12","99999","V020","030,1,N,0041,1","99999,9,9,N","999999,9,N,9","+0000,1","+9999,9","10220,1","06,0000,9,1",,,"4,000",,,,,,,,,,,,,,"99999,9,09545,1","3,1,002,1,+999,9",,"4,99,0108,1","SYN011333   91121",
"07360099999","1990-12-14T06:00:00","4","46.1666666","1.8666666","551.0","GUERET, FR","FM-12","99999","V020","030,1,N,0062,1","00600,1,C,N","006000,1,N,9","-0005,1","-0005,1","10224,1","06,0000,9,1","24,0029,9,1",,"4,000","0003,9,1,999999,9,9",,,,"03,1,+00120,9,07,9","04,1,+00600,9,05,9",,"06,99,1,06,1,05,1,00150,1,00,1,00,1","0000,9","26,9","999,-0010,9","999,M,+0011,1","999,N,-0005,1","99999,9,09547,1","0,1,002,1,+999,9",,"4,99,0118,1","SYN059333   10011 21005 3/101 42003 55000 70029 83704 84620 91123",
"07360099999","1990-12-14T09:00:00","4","46.1666666","1.8666666","551.0","GUERET, FR","FM-12","99999","V020","050,1,N,0051,1","00480,1,C,N","006000,1,N,9","-0012,1","-0015,1","10240,1","06,0000,9,1",,,"4,000",,,,,"04,1,+00120,9,07,9","06,1,+00480,9,05,9",,"08,99,1,08,1,05,1,00150,1,99,9,99,9",,,,,,"99999,9,09561,1","3,1,014,1,+999,9",,"4,99,0129,1","SYN023333   84704 86616 91125",
"07360099999","1990-12-14T12:00:00","4","46.1666666","1.8666666","551.0","GUERET, FR","FM-12","99999","V020","040,1,N,0041,1","00600,1,C,N","012000,1,N,9","-0004,1","-0004,1","10238,1","06,0000,9,1",,,"4,000",,"99,000,9,1",,,"03,1,+00240,9,08,9","06,1,+00600,9,05,9",,"07,99,1,07,1,08,1,00250,1,99,9,99,9",,,,,,"99999,9,09560,1","8,1,001,1,+999,9",,"4,99,0129,1","SYN029333   83808 86620 91125 93100",
"07360099999","1990-12-14T15:00:00","4","46.1666666","1.8666666","551.0","GUERET, FR","FM-12","99999","V020","040,1,N,0031,1","22000,1,C,N","015000,1,N,9","-0002,1","-0006,1","10241,1","06,0000,9,1",,,"4,000",,,,,"02,1,+00390,9,08,9",,,"03,99,1,03,1,08,1,00450,1,00,1,00,1",,,,,,"99999,9,09565,1","3,1,005,1,+999,9",,"4,99,0088,1","SYN017333   82813 91117",
"07360099999","1990-12-14T18:00:00","4","46.1666666","1.8666666","551.0","GUERET, FR","FM-12","99999","V020","040,1,N,0041,1","99999,9,9,N","999999,9,N,9","-0023,1","-0023,1","10252,1","06,0000,9,1",,,"4,000",,,,,,,,,,,,"999,M,+0004,1",,"99999,9,09570,1","1,1,005,1,+999,9",,"4,99,0088,1","SYN017333   10004 91117",
"07360099999","1990-12-14T21:00:00","4","46.1666666","1.8666666","551.0","GUERET, FR","FM-12","99999","V020","060,1,N,0031,1","99999,9,9,N","999999,9,N,9","-0019,1","+9999,9","10249,1","06,0000,9,1",,,"4,000",,,,,,,,,,,,,,"99999,9,09567,1","6,1,003,1,+999,9",,"4,99,0082,1","SYN011333   91116",
"07360099999","1990-12-15T00:00:00","4","46.1666666","1.8666666","551.0","GUERET, FR","FM-12","99999","V020","050,1,N,0031,1","99999,9,9,N","999999,9,N,9","-0026,1","+9999,9","10253,1","06,0000,9,1",,,"4,000",,,,,,,,,,,,,,"99999,9,09569,1","0,1,002,1,+999,9",,"4,99,0082,1","SYN011333   91116",
"07360099999","1990-12-15T03:00:00","4","46.1666666","1.8666666","551.0","GUERET, FR","FM-12","99999","V020","050,1,N,0031,1","99999,9,9,N","999999,9,N,9","-0021,1","+9999,9","10248,1","06,0000,9,1",,,"4,000",,,,,,,,,,,,,,"99999,9,09565,1","6,1,004,1,+999,9",,"4,99,0098,1","SYN011333   91119",
"07360099999","1990-12-15T06:00:00","4","46.1666666","1.8666666","551.0","GUERET, FR","FM-12","99999","V020","050,1,N,0031,1","00090,1,C,N","001500,1,N,9","-0022,1","-0025,1","10246,1","06,0000,9,1",,,"4,000","0003,9,1,999999,9,9",,,,"08,1,+00090,9,07,9",,,"08,99,1,08,1,07,1,00150,1,99,9,99,9","0024,9","26,9","999,-0040,9","999,M,+0004,1","999,N,-0026,1","99999,9,09563,1","5,1,002,1,+999,9","10,1","4,99,0098,1","SYN047333   10004 21026 3/104 42003 55004 88703 91119",
"07360099999","1990-12-15T09:00:00","4","46.1666666","1.8666666","551.0","GUERET, FR","FM-12","99999","V020","050,1,N,0021,1","00060,1,C,N","001200,1,N,9","-0026,1","-0029,1","10252,1","06,0000,9,1",,,"4,000",,,"4,1,03,1","2,1,03,1","08,1,+00060,9,07,9",,,"08,99,1,08,1,07,1,00075,1,99,9,99,9",,,,,,"99999,9,09568,1","1,1,005,1,+999,9","28,1","4,99,0082,1","SYN017333   88702 91116",
"07360099999","1990-12-15T12:00:00","4","46.1666666","1.8666666","551.0","GUERET, FR","FM-12","99999","V020","050,1,N,0021,1","99999,9,9,N","004000,1,N,9","-0009,1","-0012,1","10242,1","06,0000,9,1",,,"4,000",,,"4,1,06,1","2,1,06,1",,,,,,,,,,"99999,9,09563,1","8,1,005,1,+999,9","10,1","4,99,0082,1","SYN011333   91116",
"07360099999","1990-12-15T15:00:00","4","46.1666666","1.8666666","551.0","GUERET, FR","FM-12","99999","V020","030,1,N,0031,1","99999,9,9,N","999999,9,N,9","-0009,1","-0019,1","10238,1","06,0000,9,1",,,"4,000",,,,,,,,,,,,,,"99999,9,09560,1","5,1,003,1,+999,9",,"4,99,0062,1","SYN011333   91112",
"07360099999","1990-12-15T18:00:00","4","46.1666666","1.8666666","551.0","GUERET, FR","FM-12","99999","V020","310,1,N,0031,1","99999,9,9,N","999999,9,N,9","-0018,1","+9999,9","10243,1","06,0000,9,1",,,"4,000",,,,,,,,,,,,"999,M,+0006,1",,"99999,9,09562,1","3,1,002,1,+999,9",,"4,99,0062,1","SYN017333   10006 91112",
"07360099999","1990-12-15T21:00:00","4","46.1666666","1.8666666","551.0","GUERET, FR","FM-12","99999","V020","320,1,N,0031,1","99999,9,9,N","999999,9,N,9","-0016,1","+9999,9","10247,1","06,0000,9,1",,,"4,000",,,,,,,,,,,,,,"99999,9,09566,1","2,1,004,1,+999,9",,"4,99,0062,1","SYN011333   91112",
"07360099999","1990-12-16T00:00:00","4","46.1666666","1.8666666","551.0","GUERET, FR","FM-12","99999","V020","020,1,N,0021,1","99999,9,9,N","999999,9,N,9","-0009,1","+9999,9","10248,1","06,0000,9,1",,,"4,000",,,,,,,,,,,,,,"99999,9,09569,1","2,1,003,1,+999,9",,"4,99,0062,1","SYN011333   91112",
"07360099999","1990-12-16T03:00:00","4","46.1666666","1.8666666","551.0","GUERET, FR","FM-12","99999","V020","040,1,N,0021,1","99999,9,9,N","999999,9,N,9","-0017,1","+9999,9","10252,1","06,0000,9,1",,,"4,000",,,,,,,,,,,,,,"99999,9,09571,1","1,1,002,1,+999,9",,"4,99,0072,1","SYN011333   91114",
"07360099999","1990-12-16T06:00:00","4","46.1666666","1.8666666","551.0","GUERET, FR","FM-12","99999","V020","060,1,N,0031,1","00090,1,C,N","004000,1,N,9","-0023,1","-0026,1","10261,1","06,0000,9,1",,,"4,000","0003,9,1,999999,9,9",,,,"08,1,+00090,9,07,9",,,"08,99,1,08,1,07,1,00150,1,99,9,99,9","0072,9","26,9","999,-0020,9","999,M,+0006,1","999,N,-0023,1","99999,9,09577,1","3,1,006,1,+999,9","10,1","4,99,0082,1","SYN047333   10006 21023 3/102 42003 55012 88703 91116",
"07360099999","1990-12-16T09:00:00","4","46.1666666","1.8666666","551.0","GUERET, FR","FM-12","99999","V020","060,1,N,0031,1","00300,1,C,N","006000,1,N,9","-0027,1","-0030,1","10276,1","06,0000,9,1",,,"4,000",,,,,"08,1,+00300,9,05,9",,,"08,99,1,08,1,05,1,00450,1,99,9,99,9",,,,,,"99999,9,09590,1","2,1,013,1,+999,9",,"4,99,0088,1","SYN017333   88610 91117",
"07360099999","1990-12-16T12:00:00","4","46.1666666","1.8666666","551.0","GUERET, FR","FM-12","99999","V020","060,1,N,0031,1","00480,1,C,N","006000,1,N,9","-0024,1","-0024,1","10271,1","06,0000,9,1",,,"4,000",,,,,"08,1,+00480,9,05,9",,,"08,99,1,08,1,05,1,00450,1,99,9,99,9",,,,,,"99999,9,09587,1","8,1,003,1,+999,9",,"4,99,0098,1","SYN017333   88616 91119",
"07360099999","1990-12-16T15:00:00","4","46.1666666","1.8666666","551.0","GUERET, FR","FM-12","99999","V020","050,1,N,0041,1","99999,9,9,N","999999,9,N,9","-0027,1","-0040,1","10270,1","06,0000,9,1",,,"4,000",,,,,,,,,,,,,,"99999,9,09585,1","5,1,002,1,+999,9",,"4,99,0118,1","SYN011333   91123",
"07360099999","1990-12-16T18:00:00","4","46.1666666","1.8666666","551.0","GUERET, FR","FM-12","99999","V020","060,1,N,0041,1","99999,9,9,N","999999,9,N,9","-0030,1","-0041,1","10269,1","06,0000,9,1",,,"4,000",,,,,,,,,,,,"999,M,-0022,1",,"99999,9,09584,1","8,1,001,1,+999,9",,"4,99,0118,1","SYN017333   11022 91123",
"07360099999","1990-12-16T21:00:00","4","46.1666666","1.8666666","551.0","GUERET, FR","FM-12","99999","V020","060,1,N,0041,1","99999,9,9,N","999999,9,N,9","-0033,1","-0043,1","10270,1","06,0000,9,1",,,"4,000",,,,,,,,,,,,,,"99999,9,09584,1","0,1,000,1,+999,9",,"4,99,0139,1","SYN011333   91127",
"07360099999","1990-12-17T00:00:00","4","46.1666666","1.8666666","551.0","GUERET, FR","FM-12","99999","V020","060,1,N,0031,1","99999,9,9,N","999999,9,N,9","-0034,1","-0035,1","10260,1","06,0000,9,1",,,"4,000",,,,,,,,,,,,,,"99999,9,09575,1","7,1,009,1,+999,9",,"4,99,0139,1","SYN011333   91127",
"07360099999","1990-12-17T03:00:00","4","46.1666666","1.8666666","551.0","GUERET, FR","FM-12","99999","V020","060,1,N,0041,1","99999,9,9,N","999999,9,N,9","-0038,1","-0038,1","10254,1","06,0000,9,1",,,"4,000",,,,,,,,,,,,,,"99999,9,09568,1","6,1,007,1,+999,9",,"4,99,0139,1","SYN011333   91127",
"07360099999","1990-12-17T06:00:00","4","46.1666666","1.8666666","551.0","GUERET, FR","FM-12","99999","V020","060,1,N,0041,1","00480,1,C,N","005000,1,N,9","-0037,1","-0037,1","10244,1","06,0000,9,1",,,"4,000","0003,9,1,999999,9,9",,,,"08,1,+00480,9,05,9",,,"08,99,1,08,1,05,1,00450,1,99,9,99,9","0000,9","26,9","999,-0040,9","999,M,-0022,1","999,N,-0038,1","99999,9,09559,1","6,1,009,1,+999,9",,"4,99,0139,1","SYN047333   11022 21038 3/104 42003 55000 88616 91127",
"07360099999","1990-12-17T09:00:00","4","46.1666666","1.8666666","551.0","GUERET, FR","FM-12","99999","V020","060,1,N,0031,1","00600,1,C,N","005000,1,N,9","-0035,1","-0038,1","10240,1","06,0000,9,1",,,"4,000",,,,,"08,1,+00600,9,05,9",,,"08,99,1,08,1,05,1,00800,1,99,9,99,9",,,,,,"99999,9,09556,1","5,1,003,1,+999,9",,"4,99,0118,1","SYN017333   88620 91123",
"07360099999","1990-12-17T12:00:00","4","46.1666666","1.8666666","551.0","GUERET, FR","FM-12","99999","V020","070,1,N,0031,1","00600,1,C,N","005000,1,N,9","-0031,1","-0041,1","10226,1","06,0000,9,1",,,"4,000",,,,,"07,1,+00600,9,05,9",,,"07,99,1,07,1,05,1,00800,1,99,9,99,9",,,,,,"99999,9,09544,1","8,1,012,1,+999,9",,"4,99,0118,1","SYN017333   87620 91123",
"07360099999","1990-12-17T15:00:00","4","46.1666666","1.8666666","551.0","GUERET, FR","FM-12","99999","V020","060,1,N,0031,1","22000,1,C,N","005000,1,N,9","-0023,1","-0037,1","10206,1","06,0000,9,1",,,"4,000",,,,,"02,1,+00780,9,05,9",,,"02,99,1,02,1,05,1,00800,1,00,1,00,1",,,,,,"99999,9,09527,1","6,1,017,1,+999,9",,"4,99,0072,1","SYN017333   82626 91114",
"07360099999","1990-12-17T18:00:00","4","46.1666666","1.8666666","551.0","GUERET, FR","FM-12","99999","V020","090,1,N,0021,1","99999,9,9,N","999999,9,N,9","-0048,1","-0048,1","10207,1","06,0000,9,1",,,"4,000",,,,,,,,,,,,"999,M,-0016,1",,"99999,9,09522,1","6,1,005,1,+999,9",,"4,99,0072,1","SYN017333   11016 91114",
"07360099999","1990-12-17T21:00:00","4","46.1666666","1.8666666","551.0","GUERET, FR","FM-12","99999","V020","110,1,N,0041,1","99999,9,9,N","999999,9,N,9","-0065,1","+9999,9","10200,1","06,0000,9,1",,,"4,000",,,,,,,,,,,,,,"99999,9,09510,1","7,1,012,1,+999,9",,"4,99,0062,1","SYN011333   91112",
"07360099999","1990-12-18T00:00:00","4","46.1666666","1.8666666","551.0","GUERET, FR","FM-12","99999","V020","190,1,N,0010,1","99999,9,9,N","999999,9,N,9","-0054,1","-0054,1","10188,1","06,0000,9,1",,,"4,000",,,,,,,,,,,,,,"99999,9,09503,1","7,1,007,1,+999,9",,"4,99,0062,1","SYN011333   91112",
"07360099999","1990-12-18T03:00:00","4","46.1666666","1.8666666","551.0","GUERET, FR","FM-12","99999","V020","230,1,N,0021,1","99999,9,9,N","999999,9,N,9","-0042,1","+9999,9","10185,1","06,0000,9,1",,,"4,000",,,,,,,,,,,,,,"99999,9,09502,1","8,1,001,1,+999,9",,"4,99,0088,1","SYN011333   91117",
"07360099999","1990-12-18T09:00:00","4","46.1666666","1.8666666","551.0","GUERET, FR","FM-12","99999","V020","240,1,N,0010,1","00780,1,C,N","004000,1,N,9","-0029,1","-0036,1","10185,1","06,0000,9,1",,,"4,000",,,"2,1,03,1","2,1,03,1","06,1,+00780,9,05,9",,,"06,99,1,06,1,05,1,00800,1,00,1,00,1",,,,,,"99999,9,09505,1","3,1,006,1,+999,9","10,1","4,99,0072,1","SYN017333   86626 91114",
"07360099999","1990-12-18T12:00:00","4","46.1666666","1.8666666","551.0","GUERET, FR","FM-12","99999","V020","999,1,C,0000,1","00780,1,C,N","007000,1,N,9","+0004,1","-0002,1","10176,1","06,0000,9,1",,,"4,000",,,,,"07,1,+00780,9,05,9",,,"07,99,1,07,1,05,1,00800,1,99,9,99,9",,,,,,"99999,9,09506,1","0,1,001,1,+999,9",,"4,99,0072,1","SYN017333   87626 91114",
"07360099999","1990-12-18T15:00:00","4","46.1666666","1.8666666","551.0","GUERET, FR","FM-12","99999","V020","060,1,N,0010,1","00990,1,C,N","007000,1,N,9","+0006,1","+0002,1","10169,1","06,0000,9,1",,,"4,000",,,,,"06,1,+00990,9,05,9",,,"06,99,1,06,1,05,1,01250,1,00,1,00,1",,,,,,"99999,9,09500,1","5,1,006,1,+999,9",,"4,99,0041,1","SYN017333   86633 91108",
"07360099999","1990-12-18T18:00:00","4","46.1666666","1.8666666","551.0","GUERET, FR","FM-12","99999","V020","250,1,N,0010,1","99999,9,9,N","999999,9,N,9","-0009,1","+9999,9","10183,1","06,0000,9,1",,,"4,000",,,,,,,,,,,,"999,M,+0013,1",,"99999,9,09508,1","3,1,008,1,+999,9",,"4,99,0041,1","SYN017333   10013 91108",
"07360099999","1990-12-18T21:00:00","4","46.1666666","1.8666666","551.0","GUERET, FR","FM-12","99999","V020","240,1,N,0021,1","99999,9,9,N","999999,9,N,9","-0010,1","+9999,9","10194,1","06,0000,9,1",,,"4,000",,,,,,,,,,,,,,"99999,9,09518,1","2,1,010,1,+999,9",,"4,99,0062,1","SYN011333   91112",
"07360099999","1990-12-19T00:00:00","4","46.1666666","1.8666666","551.0","GUERET, FR","FM-12","99999","V020","230,1,N,0031,1","99999,9,9,N","999999,9,N,9","-0022,1","+9999,9","10205,1","06,0000,9,1",,,"4,000",,,,,,,,,,,,,,"99999,9,09525,1","2,1,007,1,+999,9",,"4,99,0072,1","SYN011333   91114",
"07360099999","1990-12-19T03:00:00","4","46.1666666","1.8666666","551.0","GUERET, FR","FM-12","99999","V020","260,1,N,0031,1","99999,9,9,N","999999,9,N,9","-0039,1","-0039,1","10217,1","06,0000,9,1",,,"4,000",,,,,,,,,,,,,,"99999,9,09533,1","3,1,008,1,+999,9",,"4,99,0082,1","SYN011333   91116",
"07360099999","1990-12-19T06:00:00","4","46.1666666","1.8666666","551.0","GUERET, FR","FM-12","99999","V020","230,1,N,0021,1","00480,1,C,N","006000,1,N,9","-0046,1","-0053,1","10231,1","06,0000,9,1",,,"4,000","0002,9,1,999999,9,9","99,000,9,1",,,"02,1,+00150,9,07,9","07,1,+00480,9,05,9",,"08,99,1,08,1,05,1,00150,1,99,9,99,9","0000,9","26,9","999,-0050,9","999,M,+0013,1","999,N,-0046,1","99999,9,09545,1","3,1,012,1,+999,9",,"4,99,0082,1","SYN059333   10013 21046 3/105 42002 55000 82705 87616 91116 93100",
"07360099999","1990-12-19T09:00:00","4","46.1666666","1.8666666","551.0","GUERET, FR","FM-12","99999","V020","230,1,N,0031,1","00240,1,C,N","006000,1,N,9","-0046,1","-0053,1","10251,1","06,0000,9,1",,,"4,000",,,,,"08,1,+00240,9,07,9",,,"08,99,1,08,1,06,1,00250,1,99,9,99,9",,,,,,"99999,9,09562,1","3,1,017,1,+999,9",,"4,99,0072,1","SYN017333   88708 91114",
"07360099999","1990-12-19T12:00:00","4","46.1666666","1.8666666","551.0","GUERET, FR","FM-12","99999","V020","250,1,N,0021,1","00240,1,C,N","004000,1,N,9","-0042,1","-0049,1","10267,1","03,9999,2,9","06,9999,2,9",,"0,000",,,"7,1,06,1","2,1,06,1","08,1,+00240,9,07,9",,,"08,99,1,08,1,07,1,00250,1,99,9,99,9",,,,,,"99999,9,09578,1","1,1,016,1,+999,9","77,1","4,99,0072,1","SYN023333   69907 88708 91114",
"07360099999","1990-12-19T15:00:00","4","46.1666666","1.8666666","551.0","GUERET, FR","FM-12","99999","V020","280,1,N,0021,1","00060,1,C,N","003000,1,N,9","-0035,1","-0042,1","10270,1","03,9999,2,9",,,"0,000",,"99,000,9,1","7,1,03,1","2,1,03,1","08,1,+00060,9,07,9",,,"08,99,1,08,1,07,1,00075,1,99,9,99,9",,,,,,"99999,9,09583,1","3,1,005,1,+999,9","22,1","4,99,0051,1","SYN029333   69907 88702 91110 93100",
"07360099999","1990-12-19T18:00:00","4","46.1666666","1.8666666","551.0","GUERET, FR","FM-12","99999","V020","350,1,N,0021,1","99999,9,9,N","999999,9,N,9","-0036,1","+9999,9","10294,1","99,0005,9,1",,,"0,000",,,,,,,,,,,,"999,M,-0034,1",,"99999,9,09605,1","1,1,022,1,+999,9",,"4,99,0062,1","SYN017333   11034 91112",
"07360099999","1990-12-19T21:00:00","4","46.1666666","1.8666666","551.0","GUERET, FR","FM-12","99999","V020","350,1,N,0021,1","99999,9,9,N","999999,9,N,9","-0038,1","+9999,9","10306,1","06,0000,9,1",,,"4,000",,,,,,,,,,,,,,"99999,9,09616,1","1,1,011,1,+999,9",,"4,99,0051,1","SYN011333   91110",
"07360099999","1990-12-20T00:00:00","4","46.1666666","1.8666666","551.0","GUERET, FR","FM-12","99999","V020","340,1,N,0010,1","99999,9,9,N","999999,9,N,9","-0037,1","+9999,9","10317,1","06,0000,9,1",,,"4,000",,,,,,,,,,,,,,"99999,9,09626,1","1,1,010,1,+999,9",,"4,99,0051,1","SYN011333   91110",
"07360099999","1990-12-20T03:00:00","4","46.1666666","1.8666666","551.0","GUERET, FR","FM-12","99999","V020","300,1,N,0010,1","99999,9,9,N","999999,9,N,9","-0033,1","+9999,9","10320,1","06,0000,9,1",,,"4,000",,,,,,,,,,,,,,"99999,9,09630,1","3,1,004,1,+999,9",,"4,99,0041,1","SYN011333   91108",
"07360099999","1990-12-20T06:00:00","4","46.1666666","1.8666666","551.0","GUERET, FR","FM-12","99999","V020","999,1,C,0000,1","00030,1,C,N","000600,1,N,9","-0031,1","-0036,1","10325,1","06,0000,9,1","24,0004,9,1",,"4,000","0002,9,1,999999,9,9",,,,"08,1,+00030,9,07,9",,,"08,99,1,08,1,06,1,00025,1,99,9,99,9","0000,9","26,9","999,-0040,9","999,M,-0034,1","999,N,-0039,1","99999,9,09635,1","3,1,005,1,+999,9","48,1","4,99,0041,1","SYN053333   11034 21039 3/104 42002 55000 70004 88701 91108",
"07360099999","1990-12-20T09:00:00","4","46.1666666","1.8666666","551.0","GUERET, FR","FM-12","99999","V020","999,1,C,0000,1","00030,1,C,N","000600,1,N,9","-0029,1","-0034,1","10330,1","06,0000,9,1",,,"4,000",,,"4,1,03,1","2,1,03,1","08,1,+00030,9,07,9",,,"08,99,1,08,1,06,1,00075,1,99,9,99,9",,,,,,"99999,9,09640,1","1,1,005,1,+999,9","48,1","4,99,0031,1","SYN017333   88701 91106",
"07360099999","1990-12-20T12:00:00","4","46.1666666","1.8666666","551.0","GUERET, FR","FM-12","99999","V020","330,1,N,0010,1","22000,1,C,N","007000,1,N,9","+0008,1","+0001,1","10310,1","06,0000,9,1",,,"4,000",,,,,"03,1,+00390,9,08,9","03,1,+07800,9,00,9",,"04,99,1,03,1,01,1,00450,1,00,1,02,1",,,,,,"99999,9,09632,1","8,1,008,1,+999,9",,"4,99,0031,1","SYN023333   83813 83076 91106",
"07360099999","1990-12-20T15:00:00","4","46.1666666","1.8666666","551.0","GUERET, FR","FM-12","99999","V020","270,1,N,0021,1","07800,1,C,N","008000,1,N,9","-0001,1","-0011,1","10299,1","06,0000,9,1",,,"4,000",,,,,"04,1,+00600,9,05,9","03,1,+07800,9,00,9",,"05,99,1,04,1,05,1,00800,1,00,1,02,1",,,,,,"99999,9,09620,1","6,1,012,1,+999,9",,"4,99,0062,1","SYN023333   84620 83076 91112",
"07360099999","1990-12-20T18:00:00","4","46.1666666","1.8666666","551.0","GUERET, FR","FM-12","99999","V020","260,1,N,0031,1","99999,9,9,N","999999,9,N,9","-0022,1","-0023,1","10304,1","06,0000,9,1",,,"4,000",,,,,,,,,,,,"999,M,+0016,1",,"99999,9,09619,1","7,1,001,1,+999,9",,"4,99,0062,1","SYN017333   10016 91112",
"07360099999","1990-12-20T21:00:00","4","46.1666666","1.8666666","551.0","GUERET, FR","FM-12","99999","V020","220,1,N,0031,1","99999,9,9,N","999999,9,N,9","-0022,1","-0035,1","10298,1","06,0000,9,1",,,"4,000",,,,,,,,,,,,,,"99999,9,09614,1","8,1,005,1,+999,9",,"4,99,0072,1","SYN011333   91114",
"07360099999","1990-12-21T00:00:00","4","46.1666666","1.8666666","551.0","GUERET, FR","FM-12","99999","V020","230,1,N,0031,1","99999,9,9,N","999999,9,N,9","-0016,1","-0032,1","10284,1","06,0000,9,1",,,"4,000",,,,,,,,,,,,,,"99999,9,09602,1","8,1,012,1,+999,9",,"4,99,0088,1","SYN011333   91117",
"07360099999","1990-12-21T03:00:00","4","46.1666666","1.8666666","551.0","GUERET, FR","FM-12","99999","V020","230,1,N,0072,1","99999,9,9,N","999999,9,N,9","-0014,1","-0027,1","10273,1","06,0000,9,1",,,"4,000",,,,,,,,,,,,,,"99999,9,09592,1","8,1,010,1,+999,9",,"4,99,0139,1","SYN011333   91127",
"07360099999","1990-12-21T06:00:00","4","46.1666666","1.8666666","551.0","GUERET, FR","FM-12","99999","V020","240,1,N,0072,1","00900,1,C,N","008000,1,N,9","-0012,1","-0018,1","10270,1","06,0000,9,1",,,"4,000","0001,9,1,999999,9,9",,,,"08,1,+00900,9,05,9",,,"08,99,1,08,1,05,1,00800,1,99,9,99,9","0000,9","26,9","999,-0030,9","999,M,+0016,1","999,N,-0023,1","99999,9,09590,1","5,1,002,1,+999,9",,"4,99,0170,1","SYN047333   10016 21023 3/103 42001 55000 88630 91133",
"07360099999","1990-12-21T09:00:00","4","46.1666666","1.8666666","551.0","GUERET, FR","FM-12","99999","V020","240,1,N,0072,1","00780,1,C,N","006000,1,N,9","-0011,1","-0018,1","10274,1","03,9999,2,9",,,"0,000",,,"7,1,03,1","2,1,03,1","03,1,+00600,9,07,9","08,1,+00780,9,05,9",,"08,99,1,08,1,05,1,00800,1,99,9,99,9",,,,,,"99999,9,09592,1","3,1,002,1,+999,9","71,1","4,99,0160,1","SYN029333   69907 83720 88626 91131",
"07360099999","1990-12-21T12:00:00","4","46.1666666","1.8666666","551.0","GUERET, FR","FM-12","99999","V020","240,1,N,0082,1","00600,1,C,N","007000,1,N,9","-0004,1","-0010,1","10270,1","03,9999,2,9","06,9999,2,9",,"0,000",,,"7,1,06,1","6,1,06,1","05,1,+00600,9,07,9","08,1,+00780,9,05,9",,"08,99,1,08,1,05,1,00800,1,99,9,99,9",,,,,,"99999,9,09590,1","8,1,002,1,+999,9","22,1","4,99,0160,1","SYN029333   69907 85720 88626 91131",
"07360099999","1990-12-21T15:00:00","4","46.1666666","1.8666666","551.0","GUERET, FR","FM-12","99999","V020","240,1,N,0062,1","00090,1,C,N","006000,1,N,9","-0001,1","-0005,1","10265,1","03,0010,9,1",,,"0,000",,"99,001,9,1","7,1,03,1","6,1,03,1","07,1,+00090,9,07,9",,,"08,99,1,07,1,07,1,00150,1,99,9,99,9",,,,,,"99999,9,09586,1","6,1,004,1,+999,9","22,1","4,99,0149,1","SYN029333   60017 87703 91129 93101",
"07360099999","1990-12-21T18:00:00","4","46.1666666","1.8666666","551.0","GUERET, FR","FM-12","99999","V020","250,1,N,0051,1","99999,9,9,N","999999,9,N,9","+0002,1","+9999,9","10273,1","03,9999,2,9",,,"0,000",,,,,,,,,,,,"999,M,+0002,1",,"99999,9,09594,1","1,1,008,1,+999,9",,"4,99,0149,1","SYN023333   10002 69907 91129",
"07360099999","1990-12-21T21:00:00","4","46.1666666","1.8666666","551.0","GUERET, FR","FM-12","99999","V020","240,1,N,0051,1","99999,9,9,N","999999,9,N,9","+0006,1","+9999,9","10277,1","03,0008,9,1","99,0010,9,1",,"0,000",,,"4,1,03,1",,,,,,,,,,,"99999,9,09599,1","1,1,005,1,+999,9","21,1","4,99,0098,1","SYN017333   69987 91119",
"07360099999","1990-12-22T00:00:00","4","46.1666666","1.8666666","551.0","GUERET, FR","FM-12","99999","V020","250,1,N,0051,1","99999,9,9,N","999999,9,N,9","+0014,1","+9999,9","10277,1","03,0002,9,1","06,0003,9,1",,"0,000",,,,,,,,,,,,,,"99999,9,09601,1","2,1,002,1,+999,9",,"4,99,0118,1","SYN017333   69927 91123",
"07360099999","1990-12-22T03:00:00","4","46.1666666","1.8666666","551.0","GUERET, FR","FM-12","99999","V020","250,1,N,0051,1","99999,9,9,N","999999,9,N,9","+0022,1","+9999,9","10273,1","03,0002,9,1","99,0003,9,1",,"0,000",,,"4,1,03,1",,,,,,,,,,,"99999,9,09599,1","6,1,002,1,+999,9","21,1","4,99,0108,1","SYN017333   69927 91121",
"07360099999","1990-12-22T06:00:00","4","46.1666666","1.8666666","551.0","GUERET, FR","FM-12","99999","V020","260,1,N,0031,1","00180,1,C,N","004000,1,N,9","+0029,1","+0029,1","10275,1","03,0002,9,1","24,0024,9,1","99,0003,9,1","0,000","0001,9,1,999999,9,9",,"5,1,06,1",,"08,1,+00180,9,07,9",,,"08,99,1,08,1,07,1,00250,1,99,9,99,9","0000,9","26,9","999,+0000,9","999,M,+9999,9","999,N,+0001,1","99999,9,09603,1","3,1,004,1,+999,9","50,1","4,99,0108,1","SYN059333   10002 20001 3/000 42001 55000 69927 70024 88706 91121","Q01 +00022ATMX  "
"07360099999","1990-12-22T09:00:00","4","46.1666666","1.8666666","551.0","GUERET, FR","FM-12","99999","V020","270,1,N,0041,1","00090,1,C,N","000300,1,N,9","+0035,1","+0035,1","10283,1","06,0000,9,1",,,"4,000",,,"5,1,03,1","4,1,03,1","08,1,+00090,9,07,9",,,"08,99,1,08,1,07,1,00075,1,99,9,99,9",,,,,,"99999,9,09612,1","3,1,009,1,+999,9","44,1","4,99,0088,1","SYN017333   88703 91117",
"07360099999","1990-12-22T12:00:00","4","46.1666666","1.8666666","551.0","GUERET, FR","FM-12","99999","V020","260,1,N,0010,1","00240,1,C,N","000800,1,N,9","+0045,1","+0045,1","10277,1","03,9999,2,9","06,9999,2,9",,"0,000",,,"5,1,06,1","4,1,06,1","08,1,+00240,9,07,9",,,"08,99,1,08,1,07,1,00250,1,99,9,99,9",,,,,,"99999,9,09608,1","8,1,004,1,+999,9","50,1","4,99,0088,1","SYN023333   69907 88708 91117",
"07360099999","1990-12-22T15:00:00","4","46.1666666","1.8666666","551.0","GUERET, FR","FM-12","99999","V020","999,1,C,0000,1","99999,9,9,N","999999,9,N,9","+0048,1","+9999,9","10266,1","06,0000,9,1",,,"4,000",,,,,,,,,,,,,,"99999,9,09599,1","6,1,009,1,+999,9",,"4,99,0021,1","SYN011333   91104",
"07360099999","1990-12-22T18:00:00","4","46.1666666","1.8666666","551.0","GUERET, FR","FM-12","99999","V020","999,1,C,0000,1","99999,9,9,N","999999,9,N,9","+0043,1","+9999,9","10271,1","03,0002,9,1","99,0003,9,1",,"0,000",,,"4,1,06,1",,,,,,,,,"999,M,+0050,1",,"99999,9,09602,1","0,1,003,1,+999,9","21,1","4,99,0021,1","SYN023333   10050 69927 91104",
"07360099999","1990-12-22T21:00:00","4","46.1666666","1.8666666","551.0","GUERET, FR","FM-12","99999","V020","100,1,N,0031,1","99999,9,9,N","999999,9,N,9","+0042,1","+9999,9","10266,1","06,0000,9,1",,,"4,000",,,,,,,,,,,,,,"99999,9,09597,1","8,1,005,1,+999,9",,"4,99,0088,1","SYN011333   91117",
"07360099999","1990-12-23T00:00:00","4","46.1666666","1.8666666","551.0","GUERET, FR","FM-12","99999","V020","120,1,N,0031,1","99999,9,9,N","999999,9,N,9","+0029,1","+9999,9","10253,1","06,0000,9,1",,,"4,000",,,,,,,,,,,,,,"99999,9,09582,1","7,1,015,1,+999,9",,"4,99,0098,1","SYN011333   91119",
"07360099999","1990-12-23T03:00:00","4","46.1666666","1.8666666","551.0","GUERET, FR","FM-12","99999","V020","160,1,N,0010,1","99999,9,9,N","999999,9,N,9","+0010,1","+9999,9","10245,1","06,0000,9,1",,,"4,000",,,,,,,,,,,,,,"99999,9,09570,1","6,1,012,1,+999,9",,"4,99,0072,1","SYN011333   91114",
"07360099999","1990-12-23T06:00:00","4","46.1666666","1.8666666","551.0","GUERET, FR","FM-12","99999","V020","260,1,N,0031,1","22000,1,C,N","015000,1,N,9","+0033,1","+0033,1","10235,1","06,0000,9,1","24,0002,9,1",,"4,000",,,,,"04,1,+00480,9,05,9",,,"04,99,1,04,1,05,1,00450,1,00,1,00,1","0000,9","09,9","999,+0000,9","999,M,+0050,1","999,N,+0007,1","99999,9,09566,1","5,1,004,1,+999,9",,"4,99,0072,1","SYN047333   10050 20007 31000 55000 70002 84616 91114",
"07360099999","1990-12-23T09:00:00","4","46.1666666","1.8666666","551.0","GUERET, FR","FM-12","99999","V020","230,1,N,0010,1","22000,1,C,N","040000,1,N,9","+0049,1","+0045,1","10234,1","06,0000,9,1",,,"4,000",,,,,"03,1,+07500,9,00,9",,,"03,99,1,00,1,00,1,99999,9,00,1,01,1",,,,,,"99999,9,09571,1","3,1,005,1,+999,9",,"4,99,0062,1","SYN017333   83075 91112",
"07360099999","1990-12-23T12:00:00","4","46.1666666","1.8666666","551.0","GUERET, FR","FM-12","99999","V020","999,1,C,0000,1","22000,1,C,N","030000,1,N,9","+0088,1","+0059,1","10217,1","06,0000,9,1",,,"4,000",,,,,"01,1,+03000,9,03,9",,,"02,99,1,01,1,00,1,99999,9,03,1,01,1",,,,,,"99999,9,09564,1","8,1,007,1,+999,9",,"4,99,0062,1","SYN017333   81360 91112",
"07360099999","1990-12-23T15:00:00","4","46.1666666","1.8666666","551.0","GUERET, FR","FM-12","99999","V020","130,1,N,0010,1","99999,9,9,N","999999,9,N,9","+0073,1","+0053,1","10206,1","06,0000,9,1",,,"4,000",,,,,,,,,,,,,,"99999,9,09550,1","6,1,014,1,+999,9",,"4,99,0031,1","SYN011333   91106",
"07360099999","1990-12-23T18:00:00","4","46.1666666","1.8666666","551.0","GUERET, FR","FM-12","99999","V020","120,1,N,0021,1","99999,9,9,N","999999,9,N,9","+0063,1","+0051,1","10203,1","06,0000,9,1",,,"4,000",,,,,,,,,,,,"999,M,+0092,1",,"99999,9,09545,1","6,1,005,1,+999,9",,"4,99,0051,1","SYN017333   10092 91110",
"07360099999","1990-12-23T21:00:00","4","46.1666666","1.8666666","551.0","GUERET, FR","FM-12","99999","V020","260,1,N,0021,1","99999,9,9,N","999999,9,N,9","+0052,1","+0051,1","10203,1","06,0000,9,1",,,"4,000",,,,,,,,,,,,,,"99999,9,09543,1","8,1,002,1,+999,9",,"4,99,0051,1","SYN011333   91110",
"07360099999","1990-12-24T00:00:00","4","46.1666666","1.8666666","551.0","GUERET, FR","FM-12","99999","V020","999,1,C,0000,1","99999,9,9,N","999999,9,N,9","+0039,1","+0026,1","10201,1","06,0000,9,1",,,"4,000",,,,,,,,,,,,,,"99999,9,09537,1","8,1,006,1,+999,9",,"4,99,0062,1","SYN011333   91112",
"07360099999","1990-12-24T03:00:00","4","46.1666666","1.8666666","551.0","GUERET, FR","FM-12","99999","V020","130,1,N,0021,1","99999,9,9,N","999999,9,N,9","+0024,1","+0012,1","10197,1","06,0000,9,1",,,"4,000",,,,,,,,,,,,,,"99999,9,09530,1","5,1,007,1,+999,9",,"4,99,0041,1","SYN011333   91108",
"07360099999","1990-12-24T06:00:00","4","46.1666666","1.8666666","551.0","GUERET, FR","FM-12","99999","V020","250,1,N,0021,1","22000,1,C,N","008000,1,N,9","+0021,1","+0012,1","10193,1","06,0000,9,1",,,"4,000",,,,,"03,1,+07800,9,00,9",,,"03,99,1,00,1,00,1,99999,9,00,1,02,1","0006,9","01,9","999,-0010,9","999,M,+0092,1","999,N,+0018,1","99999,9,09526,1","5,1,004,1,+999,9",,"4,99,0041,1","SYN041333   10092 20018 30101 55001 83076 91108",
"07360099999","1990-12-24T09:00:00","4","46.1666666","1.8666666","551.0","GUERET, FR","FM-12","99999","V020","220,1,N,0021,1","07800,1,C,N","005000,1,N,9","+0009,1","+0008,1","10196,1","06,0000,9,1",,,"4,000",,,,,"04,1,+00090,9,07,9","04,1,+07800,9,00,9",,"06,99,1,04,1,06,1,00150,1,00,1,02,1",,,,,,"99999,9,09524,1","5,1,002,1,+999,9",,"4,99,0082,1","SYN023333   84703 84076 91116",
"07360099999","1990-12-24T12:00:00","4","46.1666666","1.8666666","551.0","GUERET, FR","FM-12","99999","V020","240,1,N,0031,1","00090,1,C,N","001500,1,N,9","+0030,1","+0030,1","10199,1","06,0000,9,1",,,"4,000",,,"1,1,06,1","1,1,06,1","06,1,+00090,9,07,9","06,1,+07800,9,00,9",,"07,99,1,06,1,06,1,00150,1,00,1,02,1",,,,,,"99999,9,09532,1","1,1,008,1,+999,9","10,1","4,99,0088,1","SYN023333   86703 86076 91117",
"07360099999","1990-12-24T15:00:00","4","46.1666666","1.8666666","551.0","GUERET, FR","FM-12","99999","V020","240,1,N,0051,1","99999,9,9,N","999999,9,N,9","+0038,1","+9999,9","10194,1","06,0000,9,1",,,"4,000",,,,,,,,,,,,,,"99999,9,09529,1","6,1,003,1,+999,9",,"4,99,0098,1","SYN011333   91119",
"07360099999","1990-12-24T18:00:00","4","46.1666666","1.8666666","551.0","GUERET, FR","FM-12","99999","V020","220,1,N,0021,1","99999,9,9,N","999999,9,N,9","+0031,1","+9999,9","10211,1","06,0000,9,1",,,"4,000",,,,,,,,,,,,"999,M,+0044,1",,"99999,9,09543,1","3,1,014,1,+999,9",,"4,99,0108,1","SYN017333   10044 91121",
"07360099999","1990-12-24T21:00:00","4","46.1666666","1.8666666","551.0","GUERET, FR","FM-12","99999","V020","230,1,N,0031,1","99999,9,9,N","999999,9,N,9","+0037,1","+9999,9","10215,1","06,0000,9,1",,,"4,000",,,,,,,,,,,,,,"99999,9,09548,1","1,1,005,1,+999,9",,"4,99,0088,1","SYN011333   91117",
"07360099999","1990-12-25T00:00:00","4","46.1666666","1.8666666","551.0","GUERET, FR","FM-12","99999","V020","230,1,N,0051,1","99999,9,9,N","999999,9,N,9","+0026,1","+9999,9","10221,1","03,0004,9,1","06,0005,9,1",,"0,000",,,"4,1,06,1",,,,,,,,,,,"99999,9,09552,1","0,1,004,1,+999,9","21,1","4,99,0108,1","SYN017333   69947 91121",
"07360099999","1990-12-25T03:00:00","4","46.1666666","1.8666666","551.0","GUERET, FR","FM-12","99999","V020","220,1,N,0031,1","99999,9,9,N","999999,9,N,9","+0023,1","+9999,9","10211,1","06,0000,9,1",,,"4,000",,,,,,,,,,,,,,"99999,9,09542,1","8,1,010,1,+999,9",,"4,99,0082,1","SYN011333   91116",
"07360099999","1990-12-25T06:00:00","4","46.1666666","1.8666666","551.0","GUERET, FR","FM-12","99999","V020","230,1,N,0051,1","22000,1,C,N","006000,1,N,9","+0014,1","+0014,1","10206,1","03,0002,9,1","24,0006,9,1","99,0003,9,1","0,000",,,,,"03,1,+00090,9,07,9",,,"03,99,1,03,1,06,1,00150,1,00,1,00,1","0000,9","09,9","999,+0000,9","999,M,+0044,1","999,N,+0014,1","99999,9,09534,1","5,1,008,1,+999,9",,"4,99,0108,1","SYN053333   10044 20014 31000 55000 69927 70006 83703 91121",
"07360099999","1990-12-25T09:00:00","4","46.1666666","1.8666666","551.0","GUERET, FR","FM-12","99999","V020","210,1,N,0041,1","07500,1,C,N","020000,1,N,9","+0017,1","+0017,1","10193,1","06,0000,9,1",,,"4,000",,,,,"01,1,+00060,9,07,9","03,1,+03000,9,03,9","06,1,+07500,9,00,9","06,99,1,01,1,06,1,00075,1,05,1,02,1",,,,,,"99999,9,09523,1","8,1,011,1,+999,9",,"4,99,0118,1","SYN029333   81702 83360 86075 91123",
"07360099999","1990-12-25T12:00:00","4","46.1666666","1.8666666","551.0","GUERET, FR","FM-12","99999","V020","200,1,N,0072,1","02700,1,C,N","025000,1,N,9","+0031,1","+0031,1","10139,1","06,0000,9,1",,,"4,000",,,,,"01,1,+00090,9,07,9","08,1,+02700,9,03,9",,"08,99,1,01,1,06,1,00150,1,07,1,99,9",,,,,,"99999,9,09478,1","7,1,045,1,+999,9",,"4,99,0170,1","SYN023333   81703 88359 91133",
"07360099999","1990-12-25T15:00:00","4","46.1666666","1.8666666","551.0","GUERET, FR","FM-12","99999","V020","210,1,N,0082,1","99999,9,9,N","999999,9,N,9","+0044,1","+0027,1","10091,1","06,0000,9,1",,,"4,000",,,,,,,,,,,,,,"99999,9,09436,1","6,1,042,1,+999,9",,"4,99,0201,1","SYN011333   91139",
"07360099999","1990-12-25T18:00:00","4","46.1666666","1.8666666","551.0","GUERET, FR","FM-12","99999","V020","210,1,N,0082,1","99999,9,9,N","999999,9,N,9","+0030,1","+9999,9","10081,1","03,0002,9,1","99,0003,9,1",,"0,000",,,,,,,,,,,,"999,M,+0045,1",,"99999,9,09422,1","5,1,014,1,+999,9",,"4,99,0252,1","SYN023333   10045 69927 91149",
"07360099999","1990-12-25T21:00:00","4","46.1666666","1.8666666","551.0","GUERET, FR","FM-12","99999","V020","250,1,N,0072,1","99999,9,9,N","999999,9,N,9","+0039,1","+9999,9","10105,1","03,0040,9,1",,,"0,000",,,"4,1,03,1",,,,,,,,,,,"99999,9,09446,1","3,1,024,1,+999,9","41,1","4,99,0252,1","SYN017333   60047 91149",
"07360099999","1990-12-26T00:00:00","4","46.1666666","1.8666666","551.0","GUERET, FR","FM-12","99999","V020","250,1,N,0062,1","99999,9,9,N","999999,9,N,9","+0027,1","+9999,9","10138,1","03,0010,9,1","06,0010,9,1",,"0,000",,,,,,,,,,,,,,"99999,9,09474,1","3,1,028,1,+999,9",,"4,99,0252,1","SYN017333   60017 91149",
"07360099999","1990-12-26T03:00:00","4","46.1666666","1.8666666","551.0","GUERET, FR","FM-12","99999","V020","250,1,N,0051,1","99999,9,9,N","999999,9,N,9","+0017,1","+9999,9","10161,1","06,0000,9,1",,,"4,000",,,,,,,,,,,,,,"99999,9,09493,1","1,1,019,1,+999,9",,"4,99,0129,1","SYN011333   91125",
"07360099999","1990-12-26T06:00:00","4","46.1666666","1.8666666","551.0","GUERET, FR","FM-12","99999","V020","240,1,N,0051,1","00900,1,C,N","004000,1,N,9","+0019,1","+0019,1","10170,1","24,0052,9,1",,,"0,000",,,,,"02,1,+00090,9,07,9","05,1,+00900,9,05,9",,"05,99,1,05,1,05,1,00150,1,00,1,00,1","0000,9","09,9","999,+0010,9","999,M,+0045,1","999,N,+0017,1","99999,9,09502,1","1,1,009,1,+999,9","10,1","4,99,0129,1","SYN053333   10045 20017 31001 55000 70052 82703 85630 91125",
"07360099999","1990-12-26T09:00:00","4","46.1666666","1.8666666","551.0","GUERET, FR","FM-12","99999","V020","230,1,N,0051,1","06900,1,C,N","009000,1,N,9","+0023,1","+0023,1","10175,1","06,0000,9,1",,,"4,000",,,,,"02,1,+00900,9,05,9","05,1,+06900,9,00,9",,"05,99,1,05,1,05,1,00800,1,00,1,02,1",,,,,,"99999,9,09508,1","2,1,006,1,+999,9",,"4,99,0139,1","SYN023333   82630 85073 91127",
"07360099999","1990-12-26T12:00:00","4","46.1666666","1.8666666","551.0","GUERET, FR","FM-12","99999","V020","220,1,N,0087,1","03000,1,C,N","008000,1,N,9","+0045,1","+0045,1","10136,1","06,0000,9,1",,,"4,000",,,,,"03,1,+00480,9,05,9","07,1,+03000,9,03,9",,"07,99,1,03,1,05,1,00450,1,03,1,99,9",,,,,,"99999,9,09478,1","8,1,030,1,+999,9",,"4,99,0180,1","SYN023333   83616 87360 91135",
"07360099999","1990-12-26T15:00:00","4","46.1666666","1.8666666","551.0","GUERET, FR","FM-12","99999","V020","220,1,N,0098,1","00480,1,C,N","005000,1,N,9","+0048,1","+0048,1","10095,1","03,0002,9,1","99,0003,9,1",,"0,000",,,"6,1,03,1","2,1,03,1","03,1,+00180,9,07,9","08,1,+00480,9,05,9",,"08,99,1,08,1,05,1,00250,1,99,9,99,9",,,,,,"99999,9,09439,1","8,1,039,1,+999,9","60,1","4,99,0242,1","SYN029333   69927 83706 88616 91147",
"07360099999","1990-12-26T18:00:00","4","46.1666666","1.8666666","551.0","GUERET, FR","FM-12","99999","V020","220,1,N,0108,1","99999,9,9,N","999999,9,N,9","+0063,1","+9999,9","10068,1","03,0040,9,1",,,"0,000",,,"4,1,06,1",,,,,,,,,"999,M,+0063,1",,"99999,9,09417,1","6,1,022,1,+999,9","21,1","4,99,0242,1","SYN023333   10063 60047 91147",
"07360099999","1990-12-26T21:00:00","4","46.1666666","1.8666666","551.0","GUERET, FR","FM-12","99999","V020","240,1,N,0098,1","99999,9,9,N","999999,9,N,9","+0079,1","+9999,9","10073,1","03,0020,9,1",,,"0,000",,,"4,1,03,1",,,,,,,,,,,"99999,9,09425,1","3,1,008,1,+999,9","21,1","4,99,0242,1","SYN017333   60027 91147",
"07360099999","1990-12-27T00:00:00","4","46.1666666","1.8666666","551.0","GUERET, FR","FM-12","99999","V020","270,1,N,0098,1","99999,9,9,N","999999,9,N,9","+0087,1","+9999,9","10088,1","03,0020,9,1","06,0020,9,1",,"0,000",,,"4,1,06,1",,,,,,,,,,,"99999,9,09441,1","3,1,016,1,+999,9","21,1","4,99,0242,1","SYN017333   60027 91147",
"07360099999","1990-12-27T03:00:00","4","46.1666666","1.8666666","551.0","GUERET, FR","FM-12","99999","V020","260,1,N,0082,1","99999,9,9,N","999999,9,N,9","+0062,1","+9999,9","10114,1","03,0020,9,1",,,"0,000",,,"4,1,03,1",,,,,,,,,,,"99999,9,09460,1","3,1,019,1,+999,9","21,1","4,99,0221,1","SYN017333   60027 91143",
"07360099999","1990-12-27T06:00:00","4","46.1666666","1.8666666","551.0","GUERET, FR","FM-12","99999","V020","260,1,N,0062,1","00480,1,C,N","010000,1,N,9","+0055,1","+0055,1","10131,1","03,9999,2,9","24,0094,9,1",,"0,000",,,,,"07,1,+00480,9,05,9",,,"08,99,1,07,1,05,1,00450,1,99,9,99,9","0000,9","11,9","999,+0050,9","999,M,+0063,1","999,N,+0053,1","99999,9,09477,1","1,1,017,1,+999,9","60,1","4,99,0221,1","SYN053333   10063 20053 32005 55000 69907 70094 87616 91143",
"07360099999","1990-12-27T09:00:00","4","46.1666666","1.8666666","551.0","GUERET, FR","FM-12","99999","V020","260,1,N,0072,1","22000,1,C,N","004000,1,N,9","+0044,1","+0041,1","10161,1","03,0002,9,1","99,0003,9,1",,"0,000",,,"6,1,03,1","1,1,03,1","02,1,+00090,9,07,9",,,"03,99,1,03,1,02,1,00150,1,00,1,01,1",,,,,,"99999,9,09499,1","3,1,022,1,+999,9","10,1","4,99,0160,1","SYN023333   69927 82703 91131",
"07360099999","1990-12-27T12:00:00","4","46.1666666","1.8666666","551.0","GUERET, FR","FM-12","99999","V020","230,1,N,0041,1","00480,1,C,N","020000,1,N,9","+0058,1","+0054,1","10158,1","06,0003,9,1",,,"0,000",,,"6,1,06,1","1,1,06,1","02,1,+00330,9,08,9","03,1,+00480,9,05,9","06,1,+01080,9,05,9","07,99,1,07,1,08,1,00450,1,99,9,99,9",,,,,,"99999,9,09503,1","0,1,004,1,+999,9","03,1","4,99,0160,1","SYN029333   82811 83616 86636 91131",
"07360099999","1990-12-27T15:00:00","4","46.1666666","1.8666666","551.0","GUERET, FR","FM-12","99999","V020","250,1,N,0062,1","22000,1,C,N","015000,1,N,9","+0041,1","+0041,1","10173,1","03,0030,9,1",,,"0,000",,,"8,1,03,1","6,1,03,1","02,1,+00480,9,08,9",,,"03,99,1,03,1,08,1,00450,1,00,1,00,1",,,,,,"99999,9,09512,1","3,1,009,1,+999,9","25,1","4,99,0190,1","SYN023333   60037 82816 91137",
"07360099999","1990-12-27T18:00:00","4","46.1666666","1.8666666","551.0","GUERET, FR","FM-12","99999","V020","260,1,N,0062,1","99999,9,9,N","999999,9,N,9","+0039,1","+9999,9","10198,1","03,0006,9,1","99,0005,9,1",,"0,000",,,,,,,,,,,,"999,M,+0066,1",,"99999,9,09533,1","3,1,021,1,+999,9",,"4,99,0190,1","SYN023333   10066 69967 91137",
"07360099999","1990-12-27T21:00:00","4","46.1666666","1.8666666","551.0","GUERET, FR","FM-12","99999","V020","270,1,N,0051,1","99999,9,9,N","999999,9,N,9","+0032,1","+9999,9","10226,1","03,0006,9,1","99,0005,9,1",,"0,000",,,"4,1,03,1",,,,,,,,,,,"99999,9,09557,1","3,1,024,1,+999,9","21,1","4,99,0118,1","SYN017333   69967 91123",
"07360099999","1990-12-28T00:00:00","4","46.1666666","1.8666666","551.0","GUERET, FR","FM-12","99999","V020","250,1,N,0031,1","99999,9,9,N","999999,9,N,9","+0027,1","+9999,9","10230,1","03,0004,9,1","06,0005,9,1",,"0,000",,,,,,,,,,,,,,"99999,9,09560,1","1,1,003,1,+999,9",,"4,99,0118,1","SYN017333   69947 91123",
"07360099999","1990-12-28T03:00:00","4","46.1666666","1.8666666","551.0","GUERET, FR","FM-12","99999","V020","230,1,N,0041,1","99999,9,9,N","999999,9,N,9","+0017,1","+9999,9","10226,1","06,0000,9,1",,,"4,000",,,,,,,,,,,,,,"99999,9,09554,1","8,1,006,1,+999,9",,"4,99,0088,1","SYN011333   91117",
"07360099999","1990-12-28T06:00:00","4","46.1666666","1.8666666","551.0","GUERET, FR","FM-12","99999","V020","220,1,N,0041,1","22000,1,C,N","006000,1,N,9","+0021,1","+0021,1","10219,1","24,0050,9,1","99,0010,9,1",,"0,000",,,,,"03,1,+00090,9,07,9",,,"03,99,1,03,1,06,1,00075,1,00,1,00,1","0000,9","09,9","999,+0010,9","999,M,+0066,1","999,N,+0016,1","99999,9,09549,1","5,1,005,1,+999,9",,"4,99,0108,1","SYN047333   10066 20016 31001 55000 70050 83703 91121",
"07360099999","1990-12-28T09:00:00","4","46.1666666","1.8666666","551.0","GUERET, FR","FM-12","99999","V020","230,1,N,0051,1","02700,1,C,N","012000,1,N,9","+0029,1","+0029,1","10217,1","06,0000,9,1",,,"4,000",,,,,"02,1,+00090,9,07,9","07,1,+02700,9,03,9",,"07,99,1,02,1,06,1,00150,1,05,1,99,9",,,,,,"99999,9,09548,1","5,1,001,1,+999,9",,"4,99,0118,1","SYN023333   82703 87359 91123",
"07360099999","1990-12-28T12:00:00","4","46.1666666","1.8666666","551.0","GUERET, FR","FM-12","99999","V020","220,1,N,0051,1","00480,1,C,N","018000,1,N,9","+0046,1","+0046,1","10197,1","06,0000,9,1",,,"4,000",,,,,"03,1,+00090,9,07,9","03,1,+00480,9,05,9","06,1,+02700,9,03,9","07,99,1,05,1,06,1,00150,1,07,1,99,9",,,,,,"99999,9,09534,1","8,1,014,1,+999,9",,"4,99,0139,1","SYN029333   83703 83616 86359 91127",
"07360099999","1990-12-28T15:00:00","4","46.1666666","1.8666666","551.0","GUERET, FR","FM-12","99999","V020","210,1,N,0051,1","03000,1,C,N","020000,1,N,9","+0053,1","+0053,1","10169,1","06,0000,9,1",,,"4,000",,,,,"02,1,+00180,9,07,9","04,1,+00780,9,05,9","06,1,+03000,9,03,9","07,99,1,04,1,05,1,00250,1,07,1,99,9",,,,,,"99999,9,09512,1","6,1,022,1,+999,9",,"4,99,0149,1","SYN029333   82706 84626 86360 91129",
"07360099999","1990-12-28T18:00:00","4","46.1666666","1.8666666","551.0","GUERET, FR","FM-12","99999","V020","220,1,N,0098,1","99999,9,9,N","999999,9,N,9","+0054,1","+0050,1","10160,1","03,9999,2,9",,,"0,000",,,,,,,,,,,,"999,M,+0060,1",,"99999,9,09503,1","6,1,009,1,+999,9",,"4,99,0211,1","SYN023333   10060 69907 91141",
"07360099999","1990-12-28T21:00:00","4","46.1666666","1.8666666","551.0","GUERET, FR","FM-12","99999","V020","230,1,N,0098,1","99999,9,9,N","999999,9,N,9","+0056,1","+9999,9","10167,1","06,0000,9,1",,,"4,000",,,,,,,,,,,,,,"99999,9,09508,1","0,1,005,1,+999,9",,"4,99,0242,1","SYN011333   91147",
"07360099999","1990-12-29T00:00:00","4","46.1666666","1.8666666","551.0","GUERET, FR","FM-12","99999","V020","230,1,N,0082,1","99999,9,9,N","999999,9,N,9","+0069,1","+9999,9","10163,1","06,0000,9,1",,,"4,000",,,,,,,,,,,,,,"99999,9,09507,1","8,1,001,1,+999,9",,"4,99,0242,1","SYN011333   91147",
"07360099999","1990-12-29T03:00:00","4","46.1666666","1.8666666","551.0","GUERET, FR","FM-12","99999","V020","220,1,N,0082,1","99999,9,9,N","999999,9,N,9","+0082,1","+9999,9","10156,1","03,0002,9,1","99,0003,9,1",,"0,000",,,,,,,,,,,,,,"99999,9,09503,1","8,1,004,1,+999,9",,"4,99,0190,1","SYN017333   69927 91137",
"07360099999","1990-12-29T06:00:00","4","46.1666666","1.8666666","551.0","GUERET, FR","FM-12","99999","V020","240,1,N,0072,1","00090,1,C,N","005000,1,N,9","+0098,1","+0098,1","10155,1","03,0006,9,1","24,0008,9,1","99,0005,9,1","0,000",,,,,"07,1,+00090,9,07,9",,,"08,99,1,08,1,07,1,00150,1,99,9,99,9","0006,9","09,9","999,+0050,9","999,M,+9999,9","999,N,+0052,1","99999,9,09506,1","2,1,003,1,+999,9",,"4,99,0201,1","SYN053333   10060 20052 31005 55001 69967 70008 87703 91139","Q01 +00602ATMX  "
"07360099999","1990-12-29T09:00:00","4","46.1666666","1.8666666","551.0","GUERET, FR","FM-12","99999","V020","230,1,N,0082,1","00090,1,C,N","004000,1,N,9","+0099,1","+0099,1","10160,1","03,9999,2,9",,,"0,000",,,"6,1,03,1","2,1,03,1","08,1,+00090,9,07,9",,,"08,99,1,08,1,07,1,00075,1,99,9,99,9",,,,,,"99999,9,09511,1","2,1,005,1,+999,9","60,1","4,99,0211,1","SYN023333   69907 88703 91141",
"07360099999","1990-12-29T12:00:00","4","46.1666666","1.8666666","551.0","GUERET, FR","FM-12","99999","V020","240,1,N,0062,1","00390,1,C,N","030000,1,N,9","+0108,1","+0108,1","10162,1","03,9999,2,9","06,9999,2,9",,"0,000",,,"6,1,06,1","2,1,06,1","03,1,+00150,9,07,9","08,1,+00390,9,05,9",,"08,99,1,08,1,05,1,00150,1,99,9,99,9",,,,,,"99999,9,09515,1","2,1,004,1,+999,9","03,1","4,99,0211,1","SYN029333   69907 83705 88613 91141",
"07360099999","1990-12-29T15:00:00","4","46.1666666","1.8666666","551.0","GUERET, FR","FM-12","99999","V020","230,1,N,0072,1","99999,9,9,N","999999,9,N,9","+0119,1","+0114,1","10147,1","06,0000,9,1",,,"4,000",,,,,,,,,,,,,,"99999,9,09507,1","6,1,008,1,+999,9",,"4,99,0180,1","SYN011333   91135",
"07360099999","1990-12-29T18:00:00","4","46.1666666","1.8666666","551.0","GUERET, FR","FM-12","99999","V020","230,1,N,0072,1","99999,9,9,N","999999,9,N,9","+0116,1","+0108,1","10165,1","99,9999,2,9",,,"0,000",,,,,,,,,,,,"999,M,+0120,1",,"99999,9,09522,1","3,1,015,1,+999,9",,"4,99,0180,1","SYN017333   10120 91135",
"07360099999","1990-12-29T21:00:00","4","46.1666666","1.8666666","551.0","GUERET, FR","FM-12","99999","V020","240,1,N,0062,1","99999,9,9,N","999999,9,N,9","+0112,1","+0103,1","10184,1","06,0000,9,1",,,"4,000",,,,,,,,,,,,,,"99999,9,09539,1","3,1,017,1,+999,9",,"4,99,0211,1","SYN011333   91141",
"07360099999","1990-12-30T00:00:00","4","46.1666666","1.8666666","551.0","GUERET, FR","FM-12","99999","V020","230,1,N,0062,1","99999,9,9,N","999999,9,N,9","+0102,1","+0099,1","10197,1","06,0000,9,1",,,"4,000",,,,,,,,,,,,,,"99999,9,09549,1","3,1,010,1,+999,9",,"4,99,0211,1","SYN011333   91141",
"07360099999","1990-12-30T03:00:00","4","46.1666666","1.8666666","551.0","GUERET, FR","FM-12","99999","V020","230,1,N,0051,1","99999,9,9,N","999999,9,N,9","+0092,1","+0092,1","10212,1","06,0000,9,1",,,"4,000",,,,,,,,,,,,,,"99999,9,09561,1","3,1,012,1,+999,9",,"4,99,0149,1","SYN011333   91129",
"07360099999","1990-12-30T06:00:00","4","46.1666666","1.8666666","551.0","GUERET, FR","FM-12","99999","V020","230,1,N,0062,1","00390,1,C,N","005000,1,N,9","+0086,1","+0086,1","10220,1","06,0000,9,1","24,9999,2,9",,"4,000",,,,,"07,1,+00390,9,05,9",,,"08,99,1,08,1,05,1,00450,1,99,9,99,9","0000,9","09,9","999,+0080,9","999,M,+0120,1","999,N,+0086,1","99999,9,09567,1","2,1,006,1,+999,9",,"4,99,0149,1","SYN047333   10120 20086 31008 55000 79999 87613 91129",
"07360099999","1990-12-30T09:00:00","4","46.1666666","1.8666666","551.0","GUERET, FR","FM-12","99999","V020","220,1,N,0051,1","00090,1,C,N","004000,1,N,9","+0080,1","+0080,1","10240,1","03,9999,2,9",,,"0,000",,,"5,1,03,1","2,1,03,1","05,1,+00090,9,07,9","08,1,+00480,9,05,9",,"08,99,1,08,1,05,1,00150,1,99,9,99,9",,,,,,"99999,9,09581,1","3,1,014,1,+999,9","20,1","4,99,0129,1","SYN029333   69907 85703 88616 91125",
"07360099999","1990-12-30T12:00:00","4","46.1666666","1.8666666","551.0","GUERET, FR","FM-12","99999","V020","250,1,N,0031,1","00090,1,C,N","002500,1,N,9","+0076,1","+0076,1","10253,1","03,0030,9,1","06,0030,9,1",,"0,001",,,"6,1,06,1","5,1,06,1","08,1,+00090,9,07,9",,,"08,99,1,08,1,07,1,00075,1,99,9,99,9",,,,,,"99999,9,09593,1","1,1,012,1,+999,9","61,1","4,99,0129,1","SYN023333   60037 88703 91125",
"07360099999","1990-12-30T15:00:00","4","46.1666666","1.8666666","551.0","GUERET, FR","FM-12","99999","V020","220,1,N,0031,1","99999,9,9,N","999999,9,N,9","+0078,1","+9999,9","10244,1","03,0010,9,1",,,"0,000",,,"4,1,03,1",,,,,,,,,,,"99999,9,09585,1","6,1,008,1,+999,9","21,1","4,99,0082,1","SYN017333   60017 91116",
"07360099999","1990-12-30T18:00:00","4","46.1666666","1.8666666","551.0","GUERET, FR","FM-12","99999","V020","220,1,N,0051,1","99999,9,9,N","999999,9,N,9","+0075,1","+9999,9","10250,1","99,0040,9,1",,,"0,000",,,,,,,,,,,,"999,M,+0087,1",,"99999,9,09590,1","1,1,005,1,+999,9",,"4,99,0108,1","SYN017333   10087 91121",
"07360099999","1990-12-30T21:00:00","4","46.1666666","1.8666666","551.0","GUERET, FR","FM-12","99999","V020","240,1,N,0031,1","99999,9,9,N","999999,9,N,9","+0073,1","+9999,9","10250,1","06,0000,9,1",,,"4,000",,,,,,,,,,,,,,"99999,9,09590,1","5,1,000,1,+999,9",,"4,99,0098,1","SYN011333   91119",
"07360099999","1990-12-31T00:00:00","4","46.1666666","1.8666666","551.0","GUERET, FR","FM-12","99999","V020","190,1,N,0021,1","99999,9,9,N","999999,9,N,9","+0070,1","+9999,9","10239,1","06,0000,9,1",,,"4,000",,,,,,,,,,,,,,"99999,9,09578,1","8,1,012,1,+999,9",,"4,99,0098,1","SYN011333   91119",
"07360099999","1990-12-31T03:00:00","4","46.1666666","1.8666666","551.0","GUERET, FR","FM-12","99999","V020","180,1,N,0031,1","99999,9,9,N","999999,9,N,9","+0071,1","+9999,9","10221,1","06,0000,9,1",,,"4,000",,,,,,,,,,,,,,"99999,9,09562,1","8,1,016,1,+999,9",,"4,99,0062,1","SYN011333   91112",
"07360099999","1990-12-31T06:00:00","4","46.1666666","1.8666666","551.0","GUERET, FR","FM-12","99999","V020","200,1,N,0031,1","00090,1,C,N","006000,1,N,9","+0081,1","+0081,1","10199,1","03,0004,9,1","24,0040,9,1","99,0005,9,1","0,000",,,"6,1,06,1",,"07,1,+00090,9,07,9",,,"08,99,1,08,1,07,1,00150,1,99,9,99,9","0000,9","09,9","999,+0050,9","999,M,+0087,1","999,N,+0066,1","99999,9,09544,1","6,1,018,1,+999,9","02,1","4,99,0088,1","SYN053333   10087 20066 31005 55000 69947 70040 87703 91117",
"07360099999","1990-12-31T09:00:00","4","46.1666666","1.8666666","551.0","GUERET, FR","FM-12","99999","V020","220,1,N,0072,1","00090,1,C,N","005000,1,N,9","+0087,1","+0087,1","10193,1","03,0010,9,1",,,"0,001",,,"6,1,03,1","2,1,03,1","05,1,+00090,9,07,9","08,1,+00390,9,05,9",,"08,99,1,08,1,05,1,00150,1,99,9,99,9",,,,,,"99999,9,09539,1","5,1,005,1,+999,9","61,1","4,99,0160,1","SYN029333   60017 85703 88613 91131",
"07360099999","1990-12-31T12:00:00","4","46.1666666","1.8666666","551.0","GUERET, FR","FM-12","99999","V020","240,1,N,0072,1","00120,1,C,N","015000,1,N,9","+0089,1","+0089,1","10196,1","03,0002,9,1","06,0003,9,1",,"0,000",,,"6,1,06,1","2,1,06,1","05,1,+00120,9,07,9","08,1,+00600,9,05,9",,"08,99,1,08,1,05,1,00150,1,99,9,99,9",,,,,,"99999,9,09542,1","0,1,003,1,+999,9","02,1","4,99,0170,1","SYN029333   69927 85704 88620 91133",
"07360099999","1990-12-31T15:00:00","4","46.1666666","1.8666666","551.0","GUERET, FR","FM-12","99999","V020","260,1,N,0062,1","99999,9,9,N","999999,9,N,9","+0079,1","+9999,9","10197,1","06,0000,9,1",,,"4,000",,,,,,,,,,,,,,"99999,9,09541,1","6,1,001,1,+999,9",,"4,99,0139,1","SYN011333   91127",
"07360099999","1990-12-31T18:00:00","4","46.1666666","1.8666666","551.0","GUERET, FR","FM-12","99999","V020","240,1,N,0051,1","99999,9,9,N","999999,9,N,9","+0066,1","+0066,1","10202,1","99,0010,9,1",,,"0,000",,,,,,,,,,,,"999,M,+0091,1",,"99999,9,09545,1","3,1,004,1,+999,9",,"4,99,0139,1","SYN017333   10091 91127",
"07360099999","1990-12-31T21:00:00","4","46.1666666","1.8666666","551.0","GUERET, FR","FM-12","99999","V020","240,1,N,0072,1","99999,9,9,N","999999,9,N,9","+0059,1","+0059,1","10213,1","06,0000,9,1",,,"4,000",,,,,,,,,,,,,,"99999,9,09554,1","1,1,009,1,+999,9",,"4,99,0129,1","SYN011333   91125",
