"STATION","DATE","SOURCE","LATITUDE","LONGITUDE","ELEVATION","NAME","REPORT_TYPE","CALL_SIGN","QUALITY_CONTROL","WND","CIG","VIS","TMP","DEW","SLP","AA1","AG1","AY1","GJ1","IA2","KA1","MD1","MW1","OA1","REM","EQD"
"07382099999","1990-01-01T06:00:00","4","46.65","4.433","603.0","MONT SAINT VINCENT, FR","FM-12","99999","V020","999,1,C,0000,1","99999,9,9,N","999999,9,N,9","+0017,1","-0041,1","99999,9",,"2,000",,,,,,,"4,99,0010,1","SYN011333   91102",
"07382099999","1990-01-01T09:00:00","4","46.65","4.433","603.0","MONT SAINT VINCENT, FR","FM-12","99999","V020","220,1,N,0010,1","99999,9,9,N","999999,9,N,9","+0039,1","-0035,1","99999,9","06,0000,9,1","4,000",,,,,,,"4,99,0021,1","SYN011333   91104",
"07382099999","1990-01-01T12:00:00","4","46.65","4.433","603.0","MONT SAINT VINCENT, FR","FM-12","99999","V020","240,1,N,0010,1","99999,9,9,N","999999,9,N,9","+0069,1","-0020,1","99999,9","06,0000,9,1","4,000",,,,,,,"4,99,0021,1","SYN011333   91104",
"07382099999","1990-01-01T15:00:00","4","46.65","4.433","603.0","MONT SAINT VINCENT, FR","FM-12","99999","V020","230,1,N,0010,1","99999,9,9,N","999999,9,N,9","+0070,1","+0000,1","99999,9","06,0000,9,1","4,000",,,,,,,"4,99,0031,1","SYN011333   91106",
"07382099999","1990-01-01T18:00:00","4","46.65","4.433","603.0","MONT SAINT VINCENT, FR","FM-12","99999","V020","160,1,N,0010,1","99999,9,9,N","999999,9,N,9","+0034,1","-0002,1","99999,9","06,0000,9,1","4,000",,,,"999,M,+0082,1",,,"4,99,0021,1","SYN017333   10082 91104",
"07382099999","1990-01-01T21:00:00","4","46.65","4.433","603.0","MONT SAINT VINCENT, FR","FM-12","99999","V020","230,1,N,0021,1","99999,9,9,N","999999,9,N,9","+0038,1","+0016,1","99999,9","06,0000,9,1","4,000",,,,,,,"4,99,0036,1","SYN011333   91107",
"07382099999","1990-01-02T00:00:00","4","46.65","4.433","603.0","MONT SAINT VINCENT, FR","FM-12","99999","V020","230,1,N,0021,1","99999,9,9,N","999999,9,N,9","+0046,1","+0016,1","99999,9","06,0000,9,1","4,000",,,,,,,"4,99,0031,1","SYN011333   91106",
"07382099999","1990-01-02T06:00:00","4","46.65","4.433","603.0","MONT SAINT VINCENT, FR","FM-12","99999","V020","280,1,N,0010,1","99999,9,9,N","999999,9,N,9","+0035,1","+0018,1","99999,9","06,0000,9,1","4,000",,,"999,+0010,9","999,N,+0033,1",,,"4,99,0046,1","SYN023333   20033 3/001 91109",
"07382099999","1990-01-02T12:00:00","4","46.65","4.433","603.0","MONT SAINT VINCENT, FR","FM-12","99999","V020","999,1,C,0000,1","99999,9,9,N","999999,9,N,9","+0047,1","+0045,1","99999,9","06,0020,9,1","0,000",,,,,,,,,
"07382099999","1990-01-02T15:00:00","4","46.65","4.433","603.0","MONT SAINT VINCENT, FR","FM-12","99999","V020","999,1,C,0000,1","99999,9,9,N","999999,9,N,9","+0032,1","+0030,1","99999,9","06,0000,9,1","4,000",,,,,,,"4,99,0010,1","SYN011333   91102",
"07382099999","1990-01-02T21:00:00","4","46.65","4.433","603.0","MONT SAINT VINCENT, FR","FM-12","99999","V020","090,1,N,0031,1","99999,9,9,N","999999,9,N,9","-0002,1","-0003,1","99999,9","06,0000,9,1","4,000",,,,,,,,,
"07382099999","1990-01-03T00:00:00","4","46.65","4.433","603.0","MONT SAINT VINCENT, FR","FM-12","99999","V020","999,1,C,0000,1","99999,9,9,N","999999,9,N,9","-0020,1","+9999,9","99999,9","06,0000,9,1","4,000",,,,,,,"4,99,0000,1","SYN011333   91100",
"07382099999","1990-01-03T06:00:00","4","46.65","4.433","603.0","MONT SAINT VINCENT, FR","FM-12","99999","V020","999,1,C,0000,1","99999,9,9,N","999999,9,N,9","-0016,1","+9999,9","99999,9","06,0000,9,1","4,000",,,"999,-0020,9","999,N,-0021,1",,,"4,99,0000,1","SYN023333   21021 3/102 91100",
"07382099999","1990-01-03T09:00:00","4","46.65","4.433","603.0","MONT SAINT VINCENT, FR","FM-12","99999","V020","999,1,C,0000,1","99999,9,9,N","999999,9,N,9","-0020,1","+9999,9","99999,9","06,0000,9,1","4,000","4,1,03,1",,,,,,"4,99,0000,1","SYN011333   91100",
"07382099999","1990-01-03T12:00:00","4","46.65","4.433","603.0","MONT SAINT VINCENT, FR","FM-12","99999","V020","999,1,C,0000,1","99999,9,9,N","999999,9,N,9","-0022,1","+9999,9","99999,9","06,0003,9,1","0,000","4,1,06,1",,,,,,"4,99,0000,1","SYN011333   91100",
"07382099999","1990-01-03T15:00:00","4","46.65","4.433","603.0","MONT SAINT VINCENT, FR","FM-12","99999","V020","999,1,C,0000,1","99999,9,9,N","999999,9,N,9","-0025,1","+9999,9","99999,9","06,0000,9,1","4,000",,,,,,,"4,99,0000,1","SYN011333   91100",
"07382099999","1990-01-03T18:00:00","4","46.65","4.433","603.0","MONT SAINT VINCENT, FR","FM-12","99999","V020","999,1,C,0000,1","99999,9,9,N","999999,9,N,9","-0030,1","+9999,9","99999,9",,"2,000",,,,"999,M,-0016,1",,,"4,99,0000,1","SYN017333   11016 91100",
"07382099999","1990-01-03T21:00:00","4","46.65","4.433","603.0","MONT SAINT VINCENT, FR","FM-12","99999","V020","999,1,C,0000,1","99999,9,9,N","999999,9,N,9","-0038,1","+9999,9","99999,9","06,0000,9,1","4,000",,,,,,,"4,99,0000,1","SYN011333   91100",
"07382099999","1990-01-04T00:00:00","4","46.65","4.433","603.0","MONT SAINT VINCENT, FR","FM-12","99999","V020","999,1,C,0000,1","99999,9,9,N","999999,9,N,9","-0032,1","+9999,9","99999,9","06,0000,9,1","4,000",,,,,,,"4,99,0000,1","SYN011333   91100",
"07382099999","1990-01-04T06:00:00","4","46.65","4.433","603.0","MONT SAINT VINCENT, FR","FM-12","99999","V020","999,1,C,0000,1","99999,9,9,N","999999,9,N,9","-0047,1","-0048,1","99999,9","06,0000,9,1","4,000",,,"999,-0050,9","999,N,-0047,1",,,"4,99,0000,1","SYN023333   21047 3/105 91100",
"07382099999","1990-01-04T12:00:00","4","46.65","4.433","603.0","MONT SAINT VINCENT, FR","FM-12","99999","V020","230,1,N,0021,1","99999,9,9,N","999999,9,N,9","+0048,1","+9999,9","99999,9","06,0000,9,1","4,000",,,,,,,"4,99,0036,1","SYN011333   91107",
"07382099999","1990-01-04T15:00:00","4","46.65","4.433","603.0","MONT SAINT VINCENT, FR","FM-12","99999","V020","220,1,N,0010,1","99999,9,9,N","999999,9,N,9","+0058,1","+0003,1","99999,9","06,0000,9,1","4,000",,,,,,,"4,99,0031,1","SYN011333   91106",
"07382099999","1990-01-04T21:00:00","4","46.65","4.433","603.0","MONT SAINT VINCENT, FR","FM-12","99999","V020","200,1,N,0021,1","99999,9,9,N","999999,9,N,9","+0048,1","-0025,1","99999,9","06,0000,9,1","4,000",,,,,,,"4,99,0021,1","SYN011333   91104",
"07382099999","1990-01-05T00:00:00","4","46.65","4.433","603.0","MONT SAINT VINCENT, FR","FM-12","99999","V020","150,1,N,0031,1","99999,9,9,N","999999,9,N,9","+0065,1","+0065,1","10252,1",,"2,000",,"0000,9",,,"2,1,012,1,+999,9",,"4,99,0041,1","SYN017333   91108 94000",
"07382099999","1990-01-05T03:00:00","4","46.65","4.433","603.0","MONT SAINT VINCENT, FR","FM-12","99999","V020","260,1,N,0021,1","99999,9,9,N","999999,9,N,9","+0027,1","-0005,1","99999,9","06,0000,9,1","4,000",,,,,,,"4,99,0036,1","SYN011333   91107",
"07382099999","1990-01-05T06:00:00","4","46.65","4.433","603.0","MONT SAINT VINCENT, FR","FM-12","99999","V020","280,1,N,0036,1","99999,9,9,N","999999,9,N,9","+0022,1","+0008,1","99999,9","06,0000,9,1","4,000",,,"999,-0030,9","999,N,+0019,1",,,"4,99,0046,1","SYN023333   20019 3/103 91109",
"07382099999","1990-01-05T09:00:00","4","46.65","4.433","603.0","MONT SAINT VINCENT, FR","FM-12","99999","V020","260,1,N,0036,1","99999,9,9,N","999999,9,N,9","+0031,1","+0011,1","99999,9","06,0000,9,1","4,000",,,,,,,"4,99,0046,1","SYN011333   91109",
"07382099999","1990-01-05T12:00:00","4","46.65","4.433","603.0","MONT SAINT VINCENT, FR","FM-12","99999","V020","280,1,N,0036,1","99999,9,9,N","999999,9,N,9","+0054,1","+0018,1","99999,9","06,0000,9,1","4,000",,,,,,,"4,99,0046,1","SYN011333   91109",
"07382099999","1990-01-05T18:00:00","4","46.65","4.433","603.0","MONT SAINT VINCENT, FR","FM-12","99999","V020","130,1,N,0021,1","99999,9,9,N","999999,9,N,9","+0030,1","+0012,1","99999,9","06,0000,9,1","4,000",,,,"999,M,+0060,1",,,"4,99,0031,1","SYN017333   10060 91106",
"07382099999","1990-01-06T06:00:00","4","46.65","4.433","603.0","MONT SAINT VINCENT, FR","FM-12","99999","V020","280,1,N,0021,1","99999,9,9,N","999999,9,N,9","+0022,1","+0008,1","99999,9","06,0000,9,1","4,000",,,"999,-0040,9","999,N,+0017,1",,,"4,99,0031,1","SYN023333   20017 3/104 91106",
"07382099999","1990-01-06T09:00:00","4","46.65","4.433","603.0","MONT SAINT VINCENT, FR","FM-12","99999","V020","220,1,N,0031,1","99999,9,9,N","999999,9,N,9","+0035,1","+0012,1","99999,9","06,0000,9,1","4,000",,,,,,,"4,99,0031,1","SYN011333   91106",
"07382099999","1990-01-06T12:00:00","4","46.65","4.433","603.0","MONT SAINT VINCENT, FR","FM-12","99999","V020","210,1,N,0010,1","99999,9,9,N","999999,9,N,9","+0079,1","+0029,1","99999,9","06,0000,9,1","4,000",,,,,,,"4,99,0031,1","SYN011333   91106",
"07382099999","1990-01-06T15:00:00","4","46.65","4.433","603.0","MONT SAINT VINCENT, FR","FM-12","99999","V020","160,1,N,0010,1","99999,9,9,N","999999,9,N,9","+0056,1","+0020,1","99999,9","06,0000,9,1","4,000",,,,,,,"4,99,0031,1","SYN011333   91106",
"07382099999","1990-01-06T18:00:00","4","46.65","4.433","603.0","MONT SAINT VINCENT, FR","FM-12","99999","V020","120,1,N,0021,1","99999,9,9,N","999999,9,N,9","+0029,1","+0015,1","99999,9","06,0000,9,1","4,000",,,,"999,M,+0079,1",,,"4,99,0031,1","SYN017333   10079 91106",
"07382099999","1990-01-06T21:00:00","4","46.65","4.433","603.0","MONT SAINT VINCENT, FR","FM-12","99999","V020","140,1,N,0046,1","99999,9,9,N","999999,9,N,9","+0025,1","+0014,1","99999,9","06,0000,9,1","4,000",,,,,,,"4,99,0057,1","SYN011333   91111",
"07382099999","1990-01-07T00:00:00","4","46.65","4.433","603.0","MONT SAINT VINCENT, FR","FM-12","99999","V020","130,1,N,0046,1","99999,9,9,N","999999,9,N,9","+0015,1","+0000,1","99999,9","06,0000,9,1","4,000",,,,,,,"4,99,0113,1","SYN011333   91122",
"07382099999","1990-01-07T03:00:00","4","46.65","4.433","603.0","MONT SAINT VINCENT, FR","FM-12","99999","V020","120,1,N,0031,1","99999,9,9,N","999999,9,N,9","+0002,1","-0024,1","99999,9","06,0000,9,1","4,000",,,,,,,"4,99,0057,1","SYN011333   91111",
"07382099999","1990-01-07T06:00:00","4","46.65","4.433","603.0","MONT SAINT VINCENT, FR","FM-12","99999","V020","999,9,9,9999,9","99999,9,9,N","999999,9,N,9","+9999,9","+9999,9","99999,9",,"2,000",,,,,,,,,
"07382099999","1990-01-07T09:00:00","4","46.65","4.433","603.0","MONT SAINT VINCENT, FR","FM-12","99999","V020","160,1,N,0010,1","99999,9,9,N","999999,9,N,9","+0023,1","+0000,1","99999,9","06,0000,9,1","4,000",,,,,,,"4,99,0021,1","SYN011333   91104",
"07382099999","1990-01-07T12:00:00","4","46.65","4.433","603.0","MONT SAINT VINCENT, FR","FM-12","99999","V020","200,1,N,0010,1","99999,9,9,N","999999,9,N,9","+0046,1","+0007,1","99999,9","06,0000,9,1","4,000",,,,,,,"4,99,0021,1","SYN011333   91104",
"07382099999","1990-01-07T15:00:00","4","46.65","4.433","603.0","MONT SAINT VINCENT, FR","FM-12","99999","V020","999,1,C,0000,1","99999,9,9,N","999999,9,N,9","+0062,1","+0007,1","99999,9","06,0000,9,1","4,000",,,,,,,"4,99,0010,1","SYN011333   91102",
"07382099999","1990-01-07T21:00:00","4","46.65","4.433","603.0","MONT SAINT VINCENT, FR","FM-12","99999","V020","220,1,N,0010,1","99999,9,9,N","999999,9,N,9","+0053,1","+0024,1","99999,9","06,0000,9,1","4,000","4,1,03,1",,,,,,"4,99,0010,1","SYN011333   91102",
"07382099999","1990-01-08T00:00:00","4","46.65","4.433","603.0","MONT SAINT VINCENT, FR","FM-12","99999","V020","260,1,N,0031,1","99999,9,9,N","999999,9,N,9","+0044,1","+0024,1","99999,9","06,0003,9,1","0,000","4,1,06,1",,,,,,"4,99,0036,1","SYN011333   91107",
"07382099999","1990-01-08T03:00:00","4","46.65","4.433","603.0","MONT SAINT VINCENT, FR","FM-12","99999","V020","240,1,N,0021,1","99999,9,9,N","999999,9,N,9","+0037,1","+0023,1","99999,9","06,0000,9,1","4,000",,,,,,,"4,99,0036,1","SYN011333   91107",
"07382099999","1990-01-08T06:00:00","4","46.65","4.433","603.0","MONT SAINT VINCENT, FR","FM-12","99999","V020","999,1,C,0000,1","99999,9,9,N","999999,9,N,9","+0044,1","+0032,1","99999,9","99,0003,9,1","0,000",,,"999,-0010,9","999,N,+0032,1",,,"4,99,0010,1","SYN023333   20032 3/101 91102",
"07382099999","1990-01-08T09:00:00","4","46.65","4.433","603.0","MONT SAINT VINCENT, FR","FM-12","99999","V020","280,1,N,0010,1","99999,9,9,N","999999,9,N,9","+0039,1","+0031,1","99999,9","06,0000,9,1","4,000",,,,,,,"4,99,0021,1","SYN011333   91104",
"07382099999","1990-01-08T21:00:00","4","46.65","4.433","603.0","MONT SAINT VINCENT, FR","FM-12","99999","V020","999,1,C,0000,1","99999,9,9,N","999999,9,N,9","+0039,1","+0037,1","99999,9","06,0000,9,1","4,000","4,1,03,1",,,,,,"4,99,0010,1","SYN011333   91102",
"07382099999","1990-01-09T00:00:00","4","46.65","4.433","603.0","MONT SAINT VINCENT, FR","FM-12","99999","V020","050,1,N,0010,1","99999,9,9,N","999999,9,N,9","+0037,1","+9999,9","99999,9","06,0003,9,1","0,000","4,1,06,1",,,,,,"4,99,0021,1","SYN011333   91104",
"07382099999","1990-01-09T03:00:00","4","46.65","4.433","603.0","MONT SAINT VINCENT, FR","FM-12","99999","V020","320,1,N,0031,1","99999,9,9,N","999999,9,N,9","+0034,1","+9999,9","99999,9","99,0003,9,1","0,000",,,,,,"21,1","4,99,0046,1","SYN011333   91109",
"07382099999","1990-01-09T06:00:00","4","46.65","4.433","603.0","MONT SAINT VINCENT, FR","FM-12","99999","V020","070,1,N,0010,1","99999,9,9,N","999999,9,N,9","+0016,1","+9999,9","99999,9",,"2,000",,,"999,+0020,9","999,N,+0016,1",,,"4,99,0046,1","SYN023333   20016 3/002 91109",
"07382099999","1990-01-09T09:00:00","4","46.65","4.433","603.0","MONT SAINT VINCENT, FR","FM-12","99999","V020","060,1,N,0021,1","99999,9,9,N","999999,9,N,9","+0018,1","+9999,9","99999,9","06,0000,9,1","4,000",,,,,,,"4,99,0057,1","SYN011333   91111",
"07382099999","1990-01-09T12:00:00","4","46.65","4.433","603.0","MONT SAINT VINCENT, FR","FM-12","99999","V020","999,1,C,0000,1","99999,9,9,N","999999,9,N,9","+0021,1","+9999,9","99999,9","06,0000,9,1","4,000",,,,,,,"4,99,0031,1","SYN011333   91106",
"07382099999","1990-01-09T15:00:00","4","46.65","4.433","603.0","MONT SAINT VINCENT, FR","FM-12","99999","V020","320,1,N,0031,1","99999,9,9,N","999999,9,N,9","+0021,1","+9999,9","99999,9","06,0000,9,1","4,000",,,,,,,"4,99,0046,1","SYN011333   91109",
"07382099999","1990-01-09T18:00:00","4","46.65","4.433","603.0","MONT SAINT VINCENT, FR","FM-12","99999","V020","999,1,C,0000,1","99999,9,9,N","999999,9,N,9","+0015,1","+9999,9","99999,9",,"2,000",,,,,,,"4,99,0021,1","SYN011333   91104",
"07382099999","1990-01-10T00:00:00","4","46.65","4.433","603.0","MONT SAINT VINCENT, FR","FM-12","99999","V020","999,1,C,0000,1","99999,9,9,N","999999,9,N,9","+0007,1","+9999,9","99999,9","06,0000,9,1","4,000",,,,,,,"4,99,0010,1","SYN011333   91102",
"07382099999","1990-01-10T03:00:00","4","46.65","4.433","603.0","MONT SAINT VINCENT, FR","FM-12","99999","V020","120,1,N,0021,1","99999,9,9,N","999999,9,N,9","-0001,1","+9999,9","99999,9","06,0000,9,1","4,000",,,,,,,"4,99,0036,1","SYN011333   91107",
"07382099999","1990-01-10T12:00:00","4","46.65","4.433","603.0","MONT SAINT VINCENT, FR","FM-12","99999","V020","999,1,C,0000,1","99999,9,9,N","999999,9,N,9","-0009,1","+9999,9","99999,9","06,0000,9,1","4,000",,,,,,,"4,99,0000,1","SYN011333   91100",
"07382099999","1990-01-10T15:00:00","4","46.65","4.433","603.0","MONT SAINT VINCENT, FR","FM-12","99999","V020","999,1,C,0000,1","99999,9,9,N","999999,9,N,9","-0007,1","+9999,9","99999,9","06,0000,9,1","4,000",,,,,,,"4,99,0000,1","SYN011333   91100",
"07382099999","1990-01-10T18:00:00","4","46.65","4.433","603.0","MONT SAINT VINCENT, FR","FM-12","99999","V020","999,1,C,0000,1","99999,9,9,N","999999,9,N,9","-0016,1","+9999,9","99999,9","06,0000,9,1","4,000",,,,"999,M,-0005,1",,,"4,99,0000,1","SYN017333   11005 91100",
"07382099999","1990-01-10T21:00:00","4","46.65","4.433","603.0","MONT SAINT VINCENT, FR","FM-12","99999","V020","999,1,C,0000,1","99999,9,9,N","999999,9,N,9","-0024,1","+9999,9","99999,9","06,0000,9,1","4,000",,,,,,,"4,99,0000,1","SYN011333   91100",
"07382099999","1990-01-11T00:00:00","4","46.65","4.433","603.0","MONT SAINT VINCENT, FR","FM-12","99999","V020","999,1,C,0000,1","99999,9,9,N","999999,9,N,9","-0025,1","+9999,9","99999,9","06,0000,9,1","4,000",,,,,,,"4,99,0000,1","SYN011333   91100",
"07382099999","1990-01-11T03:00:00","4","46.65","4.433","603.0","MONT SAINT VINCENT, FR","FM-12","99999","V020","220,1,N,0010,1","99999,9,9,N","999999,9,N,9","-0006,1","+9999,9","99999,9","06,0000,9,1","4,000",,,,,,,"4,99,0021,1","SYN011333   91104",
"07382099999","1990-01-11T09:00:00","4","46.65","4.433","603.0","MONT SAINT VINCENT, FR","FM-12","99999","V020","999,1,C,0000,1","99999,9,9,N","999999,9,N,9","-0026,1","+9999,9","99999,9","06,0000,9,1","4,000",,,,,,,"4,99,0000,1","SYN011333   91100",
"07382099999","1990-01-11T12:00:00","4","46.65","4.433","603.0","MONT SAINT VINCENT, FR","FM-12","99999","V020","999,1,C,0000,1","99999,9,9,N","999999,9,N,9","-0012,1","+9999,9","99999,9","06,0003,9,1","0,000","4,1,06,1",,,,,,"4,99,0000,1","SYN011333   91100",
"07382099999","1990-01-11T15:00:00","4","46.65","4.433","603.0","MONT SAINT VINCENT, FR","FM-12","99999","V020","999,1,C,0000,1","99999,9,9,N","999999,9,N,9","-0015,1","+9999,9","99999,9","06,0000,9,1","4,000",,,,,,,"4,99,0010,1","SYN011333   91102",
"07382099999","1990-01-11T21:00:00","4","46.65","4.433","603.0","MONT SAINT VINCENT, FR","FM-12","99999","V020","100,1,N,0021,1","99999,9,9,N","999999,9,N,9","-0042,1","+9999,9","99999,9","06,0000,9,1","4,000",,,,,,,"4,99,0031,1","SYN011333   91106",
"07382099999","1990-01-12T00:00:00","4","46.65","4.433","603.0","MONT SAINT VINCENT, FR","FM-12","99999","V020","999,1,C,0000,1","99999,9,9,N","999999,9,N,9","+0006,1","+0004,1","99999,9","06,0000,9,1","4,000",,,,,,,"4,99,0021,1","SYN011333   91104",
"07382099999","1990-01-12T06:00:00","4","46.65","4.433","603.0","MONT SAINT VINCENT, FR","FM-12","99999","V020","130,1,N,0031,1","99999,9,9,N","999999,9,N,9","-0018,1","-0024,1","99999,9","06,0000,9,1","4,000",,,"999,-0050,9","999,N,-0044,1",,,"4,99,0046,1","SYN023333   21044 3/105 91109",
"07382099999","1990-01-12T12:00:00","4","46.65","4.433","603.0","MONT SAINT VINCENT, FR","FM-12","99999","V020","999,1,C,0000,1","99999,9,9,N","999999,9,N,9","+0049,1","+0008,1","99999,9","06,0000,9,1","4,000",,,,,,,"4,99,0036,1","SYN011333   91107",
"07382099999","1990-01-12T15:00:00","4","46.65","4.433","603.0","MONT SAINT VINCENT, FR","FM-12","99999","V020","270,1,N,0010,1","99999,9,9,N","999999,9,N,9","+0053,1","-0001,1","99999,9","06,0000,9,1","4,000",,,,,,,"4,99,0021,1","SYN011333   91104",
"07382099999","1990-01-12T18:00:00","4","46.65","4.433","603.0","MONT SAINT VINCENT, FR","FM-12","99999","V020","999,1,C,0000,1","99999,9,9,N","999999,9,N,9","+0029,1","+0008,1","99999,9","06,0000,9,1","4,000",,,,"999,M,+0062,1",,,"4,99,0010,1","SYN017333   10062 91102",
"07382099999","1990-01-13T09:00:00","4","46.65","4.433","603.0","MONT SAINT VINCENT, FR","FM-12","99999","V020","220,1,N,0031,1","99999,9,9,N","999999,9,N,9","+0034,1","+0031,1","99999,9","06,0000,9,1","4,000",,,,,,,"4,99,0077,1","SYN011333   91115",
"07382099999","1990-01-13T12:00:00","4","46.65","4.433","603.0","MONT SAINT VINCENT, FR","FM-12","99999","V020","320,1,N,0010,1","99999,9,9,N","999999,9,N,9","+0035,1","+0024,1","99999,9","06,0000,9,1","4,000",,,,,,,"4,99,0031,1","SYN011333   91106",
"07382099999","1990-01-13T18:00:00","4","46.65","4.433","603.0","MONT SAINT VINCENT, FR","FM-12","99999","V020","260,1,N,0010,1","99999,9,9,N","999999,9,N,9","+0017,1","+0015,1","99999,9","06,0000,9,1","4,000",,,,"999,M,+0066,1",,,"4,99,0021,1","SYN017333   10066 91104",
"07382099999","1990-01-14T00:00:00","4","46.65","4.433","603.0","MONT SAINT VINCENT, FR","FM-12","99999","V020","240,1,N,0021,1","99999,9,9,N","999999,9,N,9","+0010,1","+0008,1","99999,9","06,0000,9,1","4,000",,,,,,,"4,99,0036,1","SYN011333   91107",
"07382099999","1990-01-14T03:00:00","4","46.65","4.433","603.0","MONT SAINT VINCENT, FR","FM-12","99999","V020","240,1,N,0031,1","99999,9,9,N","999999,9,N,9","+0011,1","+0009,1","99999,9","06,0000,9,1","4,000",,,,,,,"4,99,0046,1","SYN011333   91109",
"07382099999","1990-01-14T06:00:00","4","46.65","4.433","603.0","MONT SAINT VINCENT, FR","FM-12","99999","V020","240,1,N,0036,1","99999,9,9,N","999999,9,N,9","+0013,1","+0008,1","99999,9","06,0000,9,1","4,000",,,"999,-0050,9","999,N,+0007,1",,,"4,99,0057,1","SYN023333   20007 3/105 91111",
"07382099999","1990-01-14T09:00:00","4","46.65","4.433","603.0","MONT SAINT VINCENT, FR","FM-12","99999","V020","240,1,N,0046,1","99999,9,9,N","999999,9,N,9","+0020,1","+0018,1","99999,9","99,0003,9,1","0,000","4,1,03,1",,,,,"21,1","4,99,0067,1","SYN011333   91113",
"07382099999","1990-01-14T15:00:00","4","46.65","4.433","603.0","MONT SAINT VINCENT, FR","FM-12","99999","V020","290,1,N,0036,1","99999,9,9,N","999999,9,N,9","+0022,1","+0020,1","99999,9","06,0000,9,1","4,000",,,,,,,"4,99,0057,1","SYN011333   91111",
"07382099999","1990-01-14T18:00:00","4","46.65","4.433","603.0","MONT SAINT VINCENT, FR","FM-12","99999","V020","290,1,N,0031,1","99999,9,9,N","999999,9,N,9","+0017,1","+0015,1","99999,9","99,0005,9,1","0,000",,,,"999,M,+0025,1",,,"4,99,0036,1","SYN017333   10025 91107",
"07382099999","1990-01-14T21:00:00","4","46.65","4.433","603.0","MONT SAINT VINCENT, FR","FM-12","99999","V020","260,1,N,0021,1","99999,9,9,N","999999,9,N,9","+0025,1","+9999,9","99999,9","06,0000,9,1","4,000",,,,,,,"4,99,0031,1","SYN011333   91106",
"07382099999","1990-01-15T00:00:00","4","46.65","4.433","603.0","MONT SAINT VINCENT, FR","FM-12","99999","V020","260,1,N,0021,1","99999,9,9,N","999999,9,N,9","+0022,1","+9999,9","99999,9","06,0000,9,1","4,000",,,,,,,"4,99,0036,1","SYN011333   91107",
"07382099999","1990-01-15T03:00:00","4","46.65","4.433","603.0","MONT SAINT VINCENT, FR","FM-12","99999","V020","999,1,C,0000,1","99999,9,9,N","999999,9,N,9","+0015,1","+9999,9","99999,9","06,0000,9,1","4,000","4,1,03,1",,,,,,"4,99,0021,1","SYN011333   91104",
"07382099999","1990-01-15T06:00:00","4","46.65","4.433","603.0","MONT SAINT VINCENT, FR","FM-12","99999","V020","280,1,N,0031,1","99999,9,9,N","999999,9,N,9","+0013,1","+9999,9","99999,9","99,0003,9,1","0,000","4,1,06,1",,"999,-0030,9","999,N,+0007,1",,,"4,99,0036,1","SYN023333   20007 3/103 91107",
"07382099999","1990-01-15T09:00:00","4","46.65","4.433","603.0","MONT SAINT VINCENT, FR","FM-12","99999","V020","260,1,N,0041,1","99999,9,9,N","999999,9,N,9","+0019,1","+9999,9","99999,9",,"2,000",,,,,,,,,
"07382099999","1990-01-15T12:00:00","4","46.65","4.433","603.0","MONT SAINT VINCENT, FR","FM-12","99999","V020","250,1,N,0031,1","99999,9,9,N","999999,9,N,9","+0031,1","+9999,9","99999,9","06,0003,9,1","0,000","4,1,06,1",,,,,,"4,99,0046,1","SYN011333   91109",
"07382099999","1990-01-15T15:00:00","4","46.65","4.433","603.0","MONT SAINT VINCENT, FR","FM-12","99999","V020","270,1,N,0036,1","99999,9,9,N","999999,9,N,9","+0031,1","+9999,9","99999,9","06,0000,9,1","4,000",,,,,,,"4,99,0057,1","SYN011333   91111",
"07382099999","1990-01-15T21:00:00","4","46.65","4.433","603.0","MONT SAINT VINCENT, FR","FM-12","99999","V020","260,1,N,0036,1","99999,9,9,N","999999,9,N,9","+0031,1","+9999,9","99999,9","06,0000,9,1","4,000","4,1,03,1",,,,,,"4,99,0046,1","SYN011333   91109",
"07382099999","1990-01-16T00:00:00","4","46.65","4.433","603.0","MONT SAINT VINCENT, FR","FM-12","99999","V020","260,1,N,0057,1","99999,9,9,N","999999,9,N,9","+0030,1","+9999,9","99999,9","06,0005,9,1","0,000","4,1,06,1",,,,,,"4,99,0067,1","SYN011333   91113",
"07382099999","1990-01-16T03:00:00","4","46.65","4.433","603.0","MONT SAINT VINCENT, FR","FM-12","99999","V020","260,1,N,0057,1","99999,9,9,N","999999,9,N,9","+0033,1","+9999,9","99999,9","06,0000,9,1","4,000",,,,,,,"4,99,0088,1","SYN011333   91117",
"07382099999","1990-01-16T06:00:00","4","46.65","4.433","603.0","MONT SAINT VINCENT, FR","FM-12","99999","V020","260,1,N,0077,1","99999,9,9,N","999999,9,N,9","+0037,1","+9999,9","99999,9","99,0010,9,1","0,000","4,1,06,1",,"999,+0030,9","999,N,+0030,1",,,"4,99,0098,1","SYN023333   20030 3/003 91119",
"07382099999","1990-01-16T12:00:00","4","46.65","4.433","603.0","MONT SAINT VINCENT, FR","FM-12","99999","V020","270,1,N,0057,1","99999,9,9,N","999999,9,N,9","+0057,1","+9999,9","99999,9","06,0005,9,1","0,000","4,1,06,1",,,,,,"4,99,0077,1","SYN011333   91115",
"07382099999","1990-01-16T18:00:00","4","46.65","4.433","603.0","MONT SAINT VINCENT, FR","FM-12","99999","V020","250,1,N,0051,1","99999,9,9,N","999999,9,N,9","+0056,1","+9999,9","99999,9","99,0005,9,1","0,000",,,,"999,M,+0060,1",,,,"SYN011333   10060",
"07382099999","1990-01-17T06:00:00","4","46.65","4.433","603.0","MONT SAINT VINCENT, FR","FM-12","99999","V020","250,1,N,0031,1","99999,9,9,N","999999,9,N,9","+0050,1","+9999,9","99999,9","99,0003,9,1","9,000",,,"999,+0040,9","999,N,+0037,1",,,"4,99,0036,1","SYN023333   20037 3/004 91107",
"07382099999","1990-01-18T06:00:00","4","46.65","4.433","603.0","MONT SAINT VINCENT, FR","FM-12","99999","V020","050,1,N,0057,1","99999,9,9,N","999999,9,N,9","+0011,1","+9999,9","99999,9","99,0030,9,1","0,000","4,1,06,1",,"999,+0010,9","999,N,+0011,1",,,"4,99,0113,1","SYN023333   20011 3/001 91122",
"07382099999","1990-01-19T06:00:00","4","46.65","4.433","603.0","MONT SAINT VINCENT, FR","FM-12","99999","V020","020,1,N,0036,1","99999,9,9,N","999999,9,N,9","-0018,1","-0019,1","99999,9","06,0000,9,1","4,000",,,"999,-0040,9","999,N,-0021,1",,,"4,99,0067,1","SYN023333   21021 3/104 91113",
"07382099999","1990-01-21T06:00:00","4","46.65","4.433","603.0","MONT SAINT VINCENT, FR","FM-12","99999","V020","360,1,N,0021,1","99999,9,9,N","999999,9,N,9","+0015,1","+0013,1","99999,9","06,0000,9,1","4,000",,,"999,-0040,9","999,N,-0012,1",,,"4,99,0031,1","SYN023333   21012 3/104 91106",
"07382099999","1990-01-22T06:00:00","4","46.65","4.433","603.0","MONT SAINT VINCENT, FR","FM-12","99999","V020","260,1,N,0036,1","99999,9,9,N","999999,9,N,9","+0001,1","-0047,1","99999,9","06,0000,9,1","4,000",,,"999,-0080,9","999,N,+0000,1",,,"4,99,0046,1","SYN023333   20000 3/108 91109",
"07382099999","1990-01-23T06:00:00","4","46.65","4.433","603.0","MONT SAINT VINCENT, FR","FM-12","99999","V020","220,1,N,0031,1","99999,9,9,N","999999,9,N,9","+0017,1","-0033,1","99999,9","06,0000,9,1","4,000",,,"999,-0040,9","999,N,+0001,1",,,"4,99,0031,1","SYN023333   20001 3/104 91106",
"07382099999","1990-01-24T06:00:00","4","46.65","4.433","603.0","MONT SAINT VINCENT, FR","FM-12","99999","V020","260,1,N,0087,1","99999,9,9,N","999999,9,N,9","+0061,1","+9999,9","99999,9","99,0090,9,1","0,000","4,1,06,1",,"999,-0030,9","999,N,+0015,1",,"21,1","4,99,0170,1","SYN023333   20015 3/103 91133",
"07382099999","1990-01-25T06:00:00","4","46.65","4.433","603.0","MONT SAINT VINCENT, FR","FM-12","99999","V020","200,1,N,0087,1","99999,9,9,N","999999,9,N,9","+0053,1","+9999,9","99999,9","99,0030,9,1","0,000","4,1,06,1",,"999,+0040,9","999,N,+0049,1",,"21,1","4,99,0124,1","SYN023333   20049 3/004 91124",
"07382099999","1990-01-25T15:00:00","4","46.65","4.433","603.0","MONT SAINT VINCENT, FR","FM-12","99999","V020","240,1,N,0154,1","99999,9,9,N","999999,9,N,9","+0107,1","+0079,1","99999,9","06,0000,9,1","4,000",,,,,,,"4,99,0226,1","SYN011333   91144",
"07382099999","1990-01-26T06:00:00","4","46.65","4.433","603.0","MONT SAINT VINCENT, FR","FM-12","99999","V020","260,1,N,0087,1","99999,9,9,N","999999,9,N,9","+0036,1","+0028,1","99999,9","99,0040,9,1","0,000",,,"999,+0030,9","999,N,+0036,1",,,"4,99,0170,1","SYN023333   20036 3/003 91133",
"07382099999","1990-01-27T06:00:00","4","46.65","4.433","603.0","MONT SAINT VINCENT, FR","FM-12","99999","V020","180,1,N,0057,1","99999,9,9,N","999999,9,N,9","+0028,1","-0001,1","99999,9","06,0000,9,1","4,000",,,"999,+0000,9","999,N,+0000,1",,,"4,99,0088,1","SYN023333   20000 3/000 91117",
"07382099999","1990-01-28T06:00:00","4","46.65","4.433","603.0","MONT SAINT VINCENT, FR","FM-12","99999","V020","290,1,N,0098,1","99999,9,9,N","999999,9,N,9","+0043,1","+0041,1","99999,9","99,0030,9,1","0,000",,,"999,+0020,9","999,N,+0027,1",,"41,1","4,99,0190,1","SYN023333   20027 3/002 91137",
"07382099999","1990-02-19T09:00:00","4","46.65","4.433","603.0","MONT SAINT VINCENT, FR","FM-12","99999","V020","240,1,N,0051,1","99999,9,9,N","999999,9,N,9","+0090,1","+0055,1","99999,9",,"2,000",,,,,,,,,
"07382099999","1990-02-20T18:00:00","4","46.65","4.433","603.0","MONT SAINT VINCENT, FR","FM-12","99999","V020","140,1,N,0062,1","99999,9,9,N","999999,9,N,9","+0104,1","+0051,1","99999,9","06,0000,9,1","4,000",,,,"999,M,+0135,1",,,,"SYN011333   10135",
"07382099999","1990-02-22T06:00:00","4","46.65","4.433","603.0","MONT SAINT VINCENT, FR","FM-12","99999","V020","040,1,N,0072,1","99999,9,9,N","999999,9,N,9","+0070,1","+0061,1","99999,9","99,0003,9,1","0,000",,,"999,+0060,9","999,N,+0067,1",,,,"SYN017333   20067 3/006",
"07382099999","1990-02-22T12:00:00","4","46.65","4.433","603.0","MONT SAINT VINCENT, FR","FM-12","99999","V020","080,1,N,0041,1","99999,9,9,N","999999,9,N,9","+0116,1","+0075,1","99999,9","06,0000,9,1","4,000",,,,,,,,,
"07382099999","1990-02-23T06:00:00","4","46.65","4.433","603.0","MONT SAINT VINCENT, FR","FM-12","99999","V020","240,1,N,0051,1","99999,9,9,N","999999,9,N,9","+0097,1","+0018,1","99999,9","06,0000,9,1","4,000",,,"999,+0060,9","999,N,+0088,1",,,,"SYN017333   20088 3/006",
"07382099999","1990-02-23T09:00:00","4","46.65","4.433","603.0","MONT SAINT VINCENT, FR","FM-12","99999","V020","240,1,N,0031,1","99999,9,9,N","999999,9,N,9","+0130,1","+0022,1","99999,9",,"2,000",,,,,,,,,
"07382099999","1990-02-25T06:00:00","4","46.65","4.433","603.0","MONT SAINT VINCENT, FR","FM-12","99999","V020","180,1,N,0021,1","99999,9,9,N","999999,9,N,9","+0113,1","+0038,1","99999,9","06,0000,9,1","4,000",,,"999,+0030,9","999,N,+0106,1",,,,"SYN017333   20106 3/003",
"07382099999","1990-02-25T09:00:00","4","46.65","4.433","603.0","MONT SAINT VINCENT, FR","FM-12","99999","V020","250,1,N,0041,1","99999,9,9,N","999999,9,N,9","+0132,1","+0043,1","99999,9",,"2,000",,,,,,,,,
"07382099999","1990-02-25T12:00:00","4","46.65","4.433","603.0","MONT SAINT VINCENT, FR","FM-12","99999","V020","220,1,N,0010,1","99999,9,9,N","999999,9,N,9","+0180,1","+0059,1","99999,9","06,0000,9,1","4,000",,,,,,,,,
"07382099999","1990-02-26T09:00:00","4","46.65","4.433","603.0","MONT SAINT VINCENT, FR","FM-12","99999","V020","240,1,N,0139,1","99999,9,9,N","999999,9,N,9","+0075,1","+0062,1","99999,9",,"2,000",,,,,,,,,
"07382099999","1990-02-26T12:00:00","4","46.65","4.433","603.0","MONT SAINT VINCENT, FR","FM-12","99999","V020","260,1,N,0159,1","99999,9,9,N","999999,9,N,9","+0083,1","+0072,1","99999,9","06,0040,9,1","0,000",,,,,,,,,
"07382099999","1990-02-26T15:00:00","4","46.65","4.433","603.0","MONT SAINT VINCENT, FR","FM-12","99999","V020","270,1,N,0221,1","99999,9,9,N","999999,9,N,9","+0097,1","+0076,1","99999,9",,"2,000",,,,,,,,,
"07382099999","1990-02-26T18:00:00","4","46.65","4.433","603.0","MONT SAINT VINCENT, FR","FM-12","99999","V020","260,1,N,0180,1","99999,9,9,N","999999,9,N,9","+0095,1","+0052,1","99999,9","99,0050,9,1","0,000",,,,"999,M,+0111,1",,,,"SYN011333   10111",
"07382099999","1990-02-27T09:00:00","4","46.65","4.433","603.0","MONT SAINT VINCENT, FR","FM-12","99999","V020","260,1,N,0200,1","99999,9,9,N","999999,9,N,9","+0081,1","+0067,1","99999,9",,"2,000",,,,,,,,,
"07382099999","1990-02-27T12:00:00","4","46.65","4.433","603.0","MONT SAINT VINCENT, FR","FM-12","99999","V020","270,1,N,0242,1","99999,9,9,N","999999,9,N,9","+0101,1","+0078,1","99999,9","06,0030,9,1","0,000",,,,,,,,,
"07382099999","1990-02-27T15:00:00","4","46.65","4.433","603.0","MONT SAINT VINCENT, FR","FM-12","99999","V020","290,1,N,0180,1","99999,9,9,N","999999,9,N,9","+0072,1","+0056,1","99999,9",,"2,000",,,,,,,,,
"07382099999","1990-02-27T18:00:00","4","46.65","4.433","603.0","MONT SAINT VINCENT, FR","FM-12","99999","V020","310,1,N,0149,1","99999,9,9,N","999999,9,N,9","+0054,1","+0003,1","99999,9","99,0060,9,1","0,000",,,,"999,M,+0102,1",,,,"SYN011333   10102",
"07382099999","1990-02-28T06:00:00","4","46.65","4.433","603.0","MONT SAINT VINCENT, FR","FM-12","99999","V020","260,1,N,0098,1","99999,9,9,N","999999,9,N,9","+0027,1","+0022,1","99999,9","99,0020,9,1","0,000",,,"999,+0030,9","999,N,+0027,1",,,,"SYN017333   20027 3/003",
"07382099999","1990-02-28T09:00:00","4","46.65","4.433","603.0","MONT SAINT VINCENT, FR","FM-12","99999","V020","230,1,N,0087,1","99999,9,9,N","999999,9,N,9","+0041,1","+0038,1","99999,9",,"2,000",,,,,,,,,
"07382099999","1990-02-28T15:00:00","4","46.65","4.433","603.0","MONT SAINT VINCENT, FR","FM-12","99999","V020","270,1,N,0108,1","99999,9,9,N","999999,9,N,9","+0088,1","+0078,1","99999,9",,"2,000",,,,,,,,,
"07382099999","1990-02-28T18:00:00","4","46.65","4.433","603.0","MONT SAINT VINCENT, FR","FM-12","99999","V020","270,1,N,0221,1","99999,9,9,N","999999,9,N,9","+0072,1","+0059,1","99999,9","99,0080,9,1","0,000",,,,"999,M,+0089,1",,,,"SYN011333   10089",
"07382099999","1990-03-02T06:00:00","4","46.65","4.433","603.0","MONT SAINT VINCENT, FR","FM-12","99999","V020","290,1,N,0082,1","99999,9,9,N","999999,9,N,9","-0011,1","-0013,1","99999,9","99,9999,2,9","0,000",,,"999,-0020,9","999,N,-0013,1",,,,"SYN017333   21013 3/102",
"07382099999","1990-03-02T09:00:00","4","46.65","4.433","603.0","MONT SAINT VINCENT, FR","FM-12","99999","V020","310,1,N,0031,1","99999,9,9,N","999999,9,N,9","-0006,1","-0008,1","99999,9",,"2,000",,,,,,,,,
"07382099999","1990-03-02T12:00:00","4","46.65","4.433","603.0","MONT SAINT VINCENT, FR","FM-12","99999","V020","350,1,N,0072,1","99999,9,9,N","999999,9,N,9","-0012,1","-0023,1","99999,9","06,0003,9,1","0,000",,,,,,,,,
"07382099999","1990-03-02T15:00:00","4","46.65","4.433","603.0","MONT SAINT VINCENT, FR","FM-12","99999","V020","340,1,N,0041,1","99999,9,9,N","999999,9,N,9","+0008,1","-0019,1","99999,9",,"2,000",,,,,,,,,
"07382099999","1990-03-03T06:00:00","4","46.65","4.433","603.0","MONT SAINT VINCENT, FR","FM-12","99999","V020","010,1,N,0021,1","99999,9,9,N","999999,9,N,9","-0023,1","-0061,1","99999,9","06,0000,9,1","4,000",,,"999,-0050,9","999,N,-0031,1",,,,"SYN017333   21031 3/105",
"07382099999","1990-03-03T09:00:00","4","46.65","4.433","603.0","MONT SAINT VINCENT, FR","FM-12","99999","V020","020,1,N,0010,1","99999,9,9,N","999999,9,N,9","-0004,1","-0037,1","99999,9",,"2,000",,,,,,,,,
"07382099999","1990-03-04T06:00:00","4","46.65","4.433","603.0","MONT SAINT VINCENT, FR","FM-12","99999","V020","050,1,N,0031,1","99999,9,9,N","999999,9,N,9","-0018,1","-0046,1","99999,9","06,0000,9,1","4,000",,,"999,-0040,9","999,N,-0018,1",,,,"SYN017333   21018 3/104",
"07382099999","1990-03-04T09:00:00","4","46.65","4.433","603.0","MONT SAINT VINCENT, FR","FM-12","99999","V020","999,9,9,9999,9","99999,9,9,N","999999,9,N,9","+9999,9","+9999,9","99999,9",,"2,000",,,,,,,,,
"07382099999","1990-03-04T12:00:00","4","46.65","4.433","603.0","MONT SAINT VINCENT, FR","FM-12","99999","V020","090,1,N,0021,1","99999,9,9,N","999999,9,N,9","+0056,1","-0015,1","99999,9","06,0000,9,1","4,000",,,,,,,,,
"07382099999","1990-03-05T06:00:00","4","46.65","4.433","603.0","MONT SAINT VINCENT, FR","FM-12","99999","V020","100,1,N,0031,1","99999,9,9,N","999999,9,N,9","-0004,1","-0027,1","99999,9","06,0000,9,1","4,000",,,"999,-0020,9","999,N,-0005,1",,,,"SYN017333   21005 3/102",
"07382099999","1990-03-05T09:00:00","4","46.65","4.433","603.0","MONT SAINT VINCENT, FR","FM-12","99999","V020","080,1,N,0031,1","99999,9,9,N","999999,9,N,9","+0038,1","-0009,1","99999,9",,"2,000",,,,,,,,,
"07382099999","1990-03-05T12:00:00","4","46.65","4.433","603.0","MONT SAINT VINCENT, FR","FM-12","99999","V020","999,1,C,0000,1","99999,9,9,N","999999,9,N,9","+0080,1","+0016,1","99999,9","06,0000,9,1","4,000",,,,,,,,,
"07382099999","1990-03-05T15:00:00","4","46.65","4.433","603.0","MONT SAINT VINCENT, FR","FM-12","99999","V020","150,1,N,0010,1","99999,9,9,N","999999,9,N,9","+0094,1","-0007,1","99999,9",,"2,000",,,,,,,,,
"07382099999","1990-03-05T18:00:00","4","46.65","4.433","603.0","MONT SAINT VINCENT, FR","FM-12","99999","V020","999,1,C,0000,1","99999,9,9,N","999999,9,N,9","+0055,1","-0060,1","99999,9","06,0000,9,1","4,000",,,,"999,M,+0094,1",,,,"SYN011333   10094",
"07382099999","1990-03-06T06:00:00","4","46.65","4.433","603.0","MONT SAINT VINCENT, FR","FM-12","99999","V020","280,1,N,0041,1","99999,9,9,N","999999,9,N,9","+0019,1","-0037,1","99999,9","06,0000,9,1","4,000",,,"999,-0070,9","999,N,+0017,1",,,,"SYN017333   20017 3/107",
"07382099999","1990-03-06T09:00:00","4","46.65","4.433","603.0","MONT SAINT VINCENT, FR","FM-12","99999","V020","280,1,N,0041,1","99999,9,9,N","999999,9,N,9","+0041,1","-0034,1","99999,9",,"2,000",,,,,,,,,
"07382099999","1990-03-06T12:00:00","4","46.65","4.433","603.0","MONT SAINT VINCENT, FR","FM-12","99999","V020","270,1,N,0051,1","99999,9,9,N","999999,9,N,9","+0087,1","-0011,1","99999,9","06,0000,9,1","4,000",,,,,,,,,
"07382099999","1990-03-06T15:00:00","4","46.65","4.433","603.0","MONT SAINT VINCENT, FR","FM-12","99999","V020","280,1,N,0051,1","99999,9,9,N","999999,9,N,9","+0111,1","-0006,1","99999,9",,"2,000",,,,,,,,,
"07382099999","1990-03-06T18:00:00","4","46.65","4.433","603.0","MONT SAINT VINCENT, FR","FM-12","99999","V020","280,1,N,0031,1","99999,9,9,N","999999,9,N,9","+0073,1","-0038,1","99999,9","06,0000,9,1","4,000",,,,"999,M,+0112,1",,,,"SYN011333   10112",
"07382099999","1990-03-07T06:00:00","4","46.65","4.433","603.0","MONT SAINT VINCENT, FR","FM-12","99999","V020","280,1,N,0041,1","99999,9,9,N","999999,9,N,9","+0033,1","-0048,1","99999,9","06,0000,9,1","4,000",,,"999,+0010,9","999,N,+0029,1",,,,"SYN017333   20029 3/001",
"07382099999","1990-03-07T09:00:00","4","46.65","4.433","603.0","MONT SAINT VINCENT, FR","FM-12","99999","V020","999,1,C,0000,1","99999,9,9,N","999999,9,N,9","+0077,1","-0020,1","99999,9",,"2,000",,,,,,,,,
"07382099999","1990-03-07T12:00:00","4","46.65","4.433","603.0","MONT SAINT VINCENT, FR","FM-12","99999","V020","260,1,N,0010,1","99999,9,9,N","999999,9,N,9","+0114,1","-0004,1","99999,9","06,0000,9,1","4,000",,,,,,,,,
"07382099999","1990-03-07T15:00:00","4","46.65","4.433","603.0","MONT SAINT VINCENT, FR","FM-12","99999","V020","999,1,C,0000,1","99999,9,9,N","999999,9,N,9","+0125,1","+0000,1","99999,9",,"2,000",,,,,,,,,
"07382099999","1990-03-08T06:00:00","4","46.65","4.433","603.0","MONT SAINT VINCENT, FR","FM-12","99999","V020","200,1,N,0072,1","99999,9,9,N","999999,9,N,9","+0085,1","-0027,1","99999,9","06,0000,9,1","4,000",,,"999,+0040,9","999,N,+0065,1",,,,"SYN017333   20065 3/004",
"07382099999","1990-03-08T09:00:00","4","46.65","4.433","603.0","MONT SAINT VINCENT, FR","FM-12","99999","V020","200,1,N,0051,1","99999,9,9,N","999999,9,N,9","+0102,1","-0006,1","99999,9",,"2,000",,,,,,,,,
"07382099999","1990-03-08T12:00:00","4","46.65","4.433","603.0","MONT SAINT VINCENT, FR","FM-12","99999","V020","200,1,N,0021,1","99999,9,9,N","999999,9,N,9","+0137,1","+0019,1","99999,9","06,0000,9,1","4,000",,,,,,,,,
"07382099999","1990-03-08T15:00:00","4","46.65","4.433","603.0","MONT SAINT VINCENT, FR","FM-12","99999","V020","240,1,N,0031,1","99999,9,9,N","999999,9,N,9","+0154,1","+0028,1","99999,9",,"2,000",,,,,,,,,
"07382099999","1990-03-08T18:00:00","4","46.65","4.433","603.0","MONT SAINT VINCENT, FR","FM-12","99999","V020","270,1,N,0021,1","99999,9,9,N","999999,9,N,9","+0125,1","+0012,1","99999,9","06,0000,9,1","4,000",,,,"999,M,+0163,1",,,,"SYN011333   10163",
"07382099999","1990-03-09T06:00:00","4","46.65","4.433","603.0","MONT SAINT VINCENT, FR","FM-12","99999","V020","280,1,N,0087,1","99999,9,9,N","999999,9,N,9","+0067,1","+0043,1","99999,9","06,0000,9,1","4,000",,,"999,+0060,9","999,N,+0067,1",,,,"SYN017333   20067 3/006",
"07382099999","1990-03-09T09:00:00","4","46.65","4.433","603.0","MONT SAINT VINCENT, FR","FM-12","99999","V020","290,1,N,0072,1","99999,9,9,N","999999,9,N,9","+0061,1","+0058,1","99999,9",,"2,000",,,,,,,,,
"07382099999","1990-03-09T12:00:00","4","46.65","4.433","603.0","MONT SAINT VINCENT, FR","FM-12","99999","V020","290,1,N,0062,1","99999,9,9,N","999999,9,N,9","+0070,1","+0056,1","99999,9","06,0000,9,1","4,000",,,,,,,,,
"07382099999","1990-03-09T15:00:00","4","46.65","4.433","603.0","MONT SAINT VINCENT, FR","FM-12","99999","V020","290,1,N,0072,1","99999,9,9,N","999999,9,N,9","+0089,1","+0049,1","99999,9",,"2,000",,,,,,,,,
"07382099999","1990-03-10T06:00:00","4","46.65","4.433","603.0","MONT SAINT VINCENT, FR","FM-12","99999","V020","260,1,N,0087,1","99999,9,9,N","999999,9,N,9","+0052,1","+0035,1","99999,9","06,0000,9,1","4,000",,,"999,+0040,9","999,N,+0042,1",,,,"SYN017333   20042 3/004",
"07382099999","1990-03-10T09:00:00","4","46.65","4.433","603.0","MONT SAINT VINCENT, FR","FM-12","99999","V020","999,9,9,9999,9","99999,9,9,N","999999,9,N,9","+9999,9","+9999,9","99999,9",,"2,000",,,,,,,,,
"07382099999","1990-03-11T06:00:00","4","46.65","4.433","603.0","MONT SAINT VINCENT, FR","FM-12","99999","V020","100,1,N,0031,1","99999,9,9,N","999999,9,N,9","+0062,1","+0051,1","99999,9","99,0003,9,1","0,000",,,"999,-0010,9","999,N,+0058,1",,,,"SYN017333   20058 3/101",
"07382099999","1990-03-11T09:00:00","4","46.65","4.433","603.0","MONT SAINT VINCENT, FR","FM-12","99999","V020","100,1,N,0021,1","99999,9,9,N","999999,9,N,9","+0095,1","+0071,1","99999,9",,"2,000",,,,,,,,,
"07382099999","1990-03-11T12:00:00","4","46.65","4.433","603.0","MONT SAINT VINCENT, FR","FM-12","99999","V020","100,1,N,0031,1","99999,9,9,N","999999,9,N,9","+0130,1","+0082,1","99999,9","06,0000,9,1","4,000",,,,,,,,,
"07382099999","1990-03-12T06:00:00","4","46.65","4.433","603.0","MONT SAINT VINCENT, FR","FM-12","99999","V020","260,1,N,0082,1","99999,9,9,N","999999,9,N,9","+0096,1","+0068,1","99999,9","99,0010,9,1","0,000",,,"999,+0080,9","999,N,+0095,1",,,,"SYN017333   20095 3/008",
"07382099999","1990-03-12T09:00:00","4","46.65","4.433","603.0","MONT SAINT VINCENT, FR","FM-12","99999","V020","280,1,N,0072,1","99999,9,9,N","999999,9,N,9","+0094,1","+0061,1","99999,9",,"2,000",,,,,,,,,
"07382099999","1990-03-12T12:00:00","4","46.65","4.433","603.0","MONT SAINT VINCENT, FR","FM-12","99999","V020","270,1,N,0072,1","99999,9,9,N","999999,9,N,9","+0127,1","+0077,1","99999,9","06,0003,9,1","0,000",,,,,,,,,
"07382099999","1990-03-12T15:00:00","4","46.65","4.433","603.0","MONT SAINT VINCENT, FR","FM-12","99999","V020","270,1,N,0051,1","99999,9,9,N","999999,9,N,9","+0132,1","+0098,1","99999,9",,"2,000",,,,,,,,,
"07382099999","1990-03-12T18:00:00","4","46.65","4.433","603.0","MONT SAINT VINCENT, FR","FM-12","99999","V020","280,1,N,0041,1","99999,9,9,N","999999,9,N,9","+0086,1","+0081,1","99999,9","99,0003,9,1","0,000",,,,"999,M,+0145,1",,,,"SYN011333   10145",
"07382099999","1990-03-13T06:00:00","4","46.65","4.433","603.0","MONT SAINT VINCENT, FR","FM-12","99999","V020","290,1,N,0021,1","99999,9,9,N","999999,9,N,9","+0064,1","+0059,1","99999,9","99,0005,9,1","0,000",,,"999,+0010,9","999,N,+0064,1",,,,"SYN017333   20064 3/001",
"07382099999","1990-03-13T09:00:00","4","46.65","4.433","603.0","MONT SAINT VINCENT, FR","FM-12","99999","V020","280,1,N,0021,1","99999,9,9,N","999999,9,N,9","+0084,1","+0082,1","99999,9",,"2,000",,,,,,,,,
"07382099999","1990-03-13T15:00:00","4","46.65","4.433","603.0","MONT SAINT VINCENT, FR","FM-12","99999","V020","290,1,N,0051,1","99999,9,9,N","999999,9,N,9","+0131,1","+0097,1","99999,9",,"2,000",,,,,,,,,
"07382099999","1990-03-13T18:00:00","4","46.65","4.433","603.0","MONT SAINT VINCENT, FR","FM-12","99999","V020","280,1,N,0062,1","99999,9,9,N","999999,9,N,9","+0099,1","+0081,1","99999,9","06,0000,9,1","4,000",,,,"999,M,+0133,1",,,,"SYN011333   10133",
"07382099999","1990-03-14T06:00:00","4","46.65","4.433","603.0","MONT SAINT VINCENT, FR","FM-12","99999","V020","300,1,N,0021,1","99999,9,9,N","999999,9,N,9","+0075,1","+0073,1","99999,9","99,0030,9,1","0,000",,,"999,+0070,9","999,N,+0074,1",,,,"SYN017333   20074 3/007",
"07382099999","1990-03-14T09:00:00","4","46.65","4.433","603.0","MONT SAINT VINCENT, FR","FM-12","99999","V020","020,1,N,0021,1","99999,9,9,N","999999,9,N,9","+0085,1","+0082,1","99999,9",,"2,000",,,,,,,,,
"07382099999","1990-03-15T06:00:00","4","46.65","4.433","603.0","MONT SAINT VINCENT, FR","FM-12","99999","V020","040,1,N,0072,1","99999,9,9,N","999999,9,N,9","+0047,1","+0023,1","99999,9","06,0000,9,1","4,000",,,"999,+0030,9","999,N,+0047,1",,,,"SYN017333   20047 3/003",
"07382099999","1990-03-15T09:00:00","4","46.65","4.433","603.0","MONT SAINT VINCENT, FR","FM-12","99999","V020","050,1,N,0051,1","99999,9,9,N","999999,9,N,9","+0095,1","+0058,1","99999,9",,"2,000",,,,,,,,,
"07382099999","1990-03-15T15:00:00","4","46.65","4.433","603.0","MONT SAINT VINCENT, FR","FM-12","99999","V020","060,1,N,0041,1","99999,9,9,N","999999,9,N,9","+0134,1","+0069,1","99999,9",,"2,000",,,,,,,,,
"07382099999","1990-03-15T18:00:00","4","46.65","4.433","603.0","MONT SAINT VINCENT, FR","FM-12","99999","V020","060,1,N,0051,1","99999,9,9,N","999999,9,N,9","+0096,1","+0057,1","99999,9","06,0000,9,1","4,000",,,,"999,M,+0138,1",,,,"SYN011333   10138",
"07382099999","1990-03-16T09:00:00","4","46.65","4.433","603.0","MONT SAINT VINCENT, FR","FM-12","99999","V020","110,1,N,0031,1","99999,9,9,N","999999,9,N,9","+0104,1","+0074,1","99999,9",,"2,000",,,,,,,,,
"07382099999","1990-03-16T12:00:00","4","46.65","4.433","603.0","MONT SAINT VINCENT, FR","FM-12","99999","V020","140,1,N,0021,1","99999,9,9,N","999999,9,N,9","+0154,1","+0084,1","99999,9","06,0000,9,1","4,000",,,,,,,,,
"07382099999","1990-03-16T18:00:00","4","46.65","4.433","603.0","MONT SAINT VINCENT, FR","FM-12","99999","V020","080,1,N,0021,1","99999,9,9,N","999999,9,N,9","+0129,1","+0075,1","99999,9","06,0000,9,1","4,000",,,,"999,M,+0168,1",,,,"SYN011333   10168",
"07382099999","1990-03-17T06:00:00","4","46.65","4.433","603.0","MONT SAINT VINCENT, FR","FM-12","99999","V020","120,1,N,0031,1","99999,9,9,N","999999,9,N,9","+0092,1","+0061,1","99999,9","06,0000,9,1","4,000",,,"999,+0050,9","999,N,+0084,1",,,,"SYN017333   20084 3/005",
"07382099999","1990-03-17T09:00:00","4","46.65","4.433","603.0","MONT SAINT VINCENT, FR","FM-12","99999","V020","100,1,N,0010,1","99999,9,9,N","999999,9,N,9","+0134,1","+0080,1","99999,9",,"2,000",,,,,,,,,
"07382099999","1990-03-17T12:00:00","4","46.65","4.433","603.0","MONT SAINT VINCENT, FR","FM-12","99999","V020","100,1,N,0010,1","99999,9,9,N","999999,9,N,9","+0157,1","+0084,1","99999,9","06,0000,9,1","4,000",,,,,,,,,
"07382099999","1990-03-18T06:00:00","4","46.65","4.433","603.0","MONT SAINT VINCENT, FR","FM-12","99999","V020","200,1,N,0031,1","99999,9,9,N","999999,9,N,9","+0072,1","+0012,1","99999,9","06,0000,9,1","4,000",,,"999,+0030,9","999,N,+0072,1",,,,"SYN017333   20072 3/003",
"07382099999","1990-03-18T09:00:00","4","46.65","4.433","603.0","MONT SAINT VINCENT, FR","FM-12","99999","V020","140,1,N,0031,1","99999,9,9,N","999999,9,N,9","+0118,1","+0038,1","99999,9",,"2,000",,,,,,,,,
"07382099999","1990-03-18T12:00:00","4","46.65","4.433","603.0","MONT SAINT VINCENT, FR","FM-12","99999","V020","140,1,N,0021,1","99999,9,9,N","999999,9,N,9","+0154,1","+0053,1","99999,9","06,0000,9,1","4,000",,,,,,,,,
"07382099999","1990-03-19T06:00:00","4","46.65","4.433","603.0","MONT SAINT VINCENT, FR","FM-12","99999","V020","170,1,N,0010,1","99999,9,9,N","999999,9,N,9","+0066,1","-0003,1","99999,9","06,0000,9,1","4,000",,,"999,-0010,9","999,N,+0066,1",,,,"SYN017333   20066 3/101",
"07382099999","1990-03-19T09:00:00","4","46.65","4.433","603.0","MONT SAINT VINCENT, FR","FM-12","99999","V020","160,1,N,0051,1","99999,9,9,N","999999,9,N,9","+0118,1","+0025,1","99999,9",,"2,000",,,,,,,,,
"07382099999","1990-03-19T12:00:00","4","46.65","4.433","603.0","MONT SAINT VINCENT, FR","FM-12","99999","V020","120,1,N,0031,1","99999,9,9,N","999999,9,N,9","+0152,1","+0042,1","99999,9","06,0000,9,1","4,000",,,,,,,,,
"07382099999","1990-03-19T15:00:00","4","46.65","4.433","603.0","MONT SAINT VINCENT, FR","FM-12","99999","V020","130,1,N,0051,1","99999,9,9,N","999999,9,N,9","+0144,1","+0013,1","99999,9",,"2,000",,,,,,,,,
"07382099999","1990-03-19T18:00:00","4","46.65","4.433","603.0","MONT SAINT VINCENT, FR","FM-12","99999","V020","140,1,N,0051,1","99999,9,9,N","999999,9,N,9","+0111,1","+0007,1","99999,9","06,0000,9,1","4,000",,,,"999,M,+0154,1",,,,"SYN011333   10154",
"07382099999","1990-03-20T09:00:00","4","46.65","4.433","603.0","MONT SAINT VINCENT, FR","FM-12","99999","V020","200,1,N,0051,1","99999,9,9,N","999999,9,N,9","+0104,1","+0032,1","99999,9",,"2,000",,,,,,,,,
"07382099999","1990-03-20T12:00:00","4","46.65","4.433","603.0","MONT SAINT VINCENT, FR","FM-12","99999","V020","200,1,N,0021,1","99999,9,9,N","999999,9,N,9","+0143,1","+0053,1","99999,9","06,0010,9,1","0,000",,,,,,,,,
"07382099999","1990-03-20T15:00:00","4","46.65","4.433","603.0","MONT SAINT VINCENT, FR","FM-12","99999","V020","180,1,N,0021,1","99999,9,9,N","999999,9,N,9","+0161,1","+0078,1","99999,9",,"2,000",,,,,,,,,
"07382099999","1990-03-20T18:00:00","4","46.65","4.433","603.0","MONT SAINT VINCENT, FR","FM-12","99999","V020","190,1,N,0041,1","99999,9,9,N","999999,9,N,9","+0142,1","+0063,1","99999,9","99,0010,9,1","0,000",,,,"999,M,+0164,1",,,,"SYN011333   10164",
"07382099999","1990-03-21T06:00:00","4","46.65","4.433","603.0","MONT SAINT VINCENT, FR","FM-12","99999","V020","260,1,N,0087,1","99999,9,9,N","999999,9,N,9","+0127,1","+0025,1","99999,9","99,9999,2,9","0,000",,,"999,+0110,9","999,N,+0121,1",,,,"SYN017333   20121 3/011",
"07382099999","1990-03-21T09:00:00","4","46.65","4.433","603.0","MONT SAINT VINCENT, FR","FM-12","99999","V020","260,1,N,0087,1","99999,9,9,N","999999,9,N,9","+0149,1","+0042,1","99999,9",,"2,000",,,,,,,,,
"07382099999","1990-03-21T12:00:00","4","46.65","4.433","603.0","MONT SAINT VINCENT, FR","FM-12","99999","V020","270,1,N,0087,1","99999,9,9,N","999999,9,N,9","+0183,1","+0064,1","99999,9","06,0000,9,1","4,000",,,,,,,,,
"07382099999","1990-03-21T18:00:00","4","46.65","4.433","603.0","MONT SAINT VINCENT, FR","FM-12","99999","V020","250,1,N,0041,1","99999,9,9,N","999999,9,N,9","+0161,1","+0078,1","99999,9","06,0000,9,1","4,000",,,,"999,M,+0202,1",,,,"SYN011333   10202",
"07382099999","1990-03-22T09:00:00","4","46.65","4.433","603.0","MONT SAINT VINCENT, FR","FM-12","99999","V020","270,1,N,0082,1","99999,9,9,N","999999,9,N,9","+0163,1","+0052,1","99999,9",,"2,000",,,,,,,,,
"07382099999","1990-03-22T12:00:00","4","46.65","4.433","603.0","MONT SAINT VINCENT, FR","FM-12","99999","V020","260,1,N,0072,1","99999,9,9,N","999999,9,N,9","+0175,1","+0091,1","99999,9","06,0000,9,1","4,000",,,,,,,,,
"07382099999","1990-03-22T15:00:00","4","46.65","4.433","603.0","MONT SAINT VINCENT, FR","FM-12","99999","V020","270,1,N,0072,1","99999,9,9,N","999999,9,N,9","+0186,1","+0085,1","99999,9",,"2,000",,,,,,,,,
"07382099999","1990-03-22T18:00:00","4","46.65","4.433","603.0","MONT SAINT VINCENT, FR","FM-12","99999","V020","300,1,N,0087,1","99999,9,9,N","999999,9,N,9","+0121,1","+0083,1","99999,9","06,0000,9,1","4,000",,,,"999,M,+0191,1",,,,"SYN011333   10191",
"07382099999","1990-03-23T06:00:00","4","46.65","4.433","603.0","MONT SAINT VINCENT, FR","FM-12","99999","V020","010,1,N,0031,1","99999,9,9,N","999999,9,N,9","+0051,1","+0049,1","99999,9","06,0000,9,1","4,000",,,"999,+0050,9","999,N,+0050,1",,,,"SYN017333   20050 3/005",
"07382099999","1990-03-23T09:00:00","4","46.65","4.433","603.0","MONT SAINT VINCENT, FR","FM-12","99999","V020","020,1,N,0010,1","99999,9,9,N","999999,9,N,9","+0064,1","+0059,1","99999,9",,"2,000",,,,,,,,,
"07382099999","1990-03-23T12:00:00","4","46.65","4.433","603.0","MONT SAINT VINCENT, FR","FM-12","99999","V020","360,1,N,0031,1","99999,9,9,N","999999,9,N,9","+0098,1","+0043,1","99999,9","06,0000,9,1","4,000",,,,,,,,,
"07382099999","1990-03-23T15:00:00","4","46.65","4.433","603.0","MONT SAINT VINCENT, FR","FM-12","99999","V020","360,1,N,0021,1","99999,9,9,N","999999,9,N,9","+0112,1","+0008,1","99999,9",,"2,000",,,,,,,,,
"07382099999","1990-03-23T18:00:00","4","46.65","4.433","603.0","MONT SAINT VINCENT, FR","FM-12","99999","V020","360,1,N,0010,1","99999,9,9,N","999999,9,N,9","+0091,1","+0000,1","99999,9","06,0000,9,1","4,000",,,,"999,M,+0118,1",,,,"SYN011333   10118",
"07382099999","1990-03-24T06:00:00","4","46.65","4.433","603.0","MONT SAINT VINCENT, FR","FM-12","99999","V020","020,1,N,0010,1","99999,9,9,N","999999,9,N,9","+0041,1","-0001,1","99999,9","06,0000,9,1","4,000",,,"999,+0000,9","999,N,+0032,1",,,,"SYN017333   20032 3/100",
"07382099999","1990-03-24T09:00:00","4","46.65","4.433","603.0","MONT SAINT VINCENT, FR","FM-12","99999","V020","290,1,N,0010,1","99999,9,9,N","999999,9,N,9","+0070,1","+0024,1","99999,9",,"2,000",,,,,,,,,
"07382099999","1990-03-25T06:00:00","4","46.65","4.433","603.0","MONT SAINT VINCENT, FR","FM-12","99999","V020","310,1,N,0041,1","99999,9,9,N","999999,9,N,9","+0006,1","-0004,1","99999,9","99,0010,9,1","0,000",,,"999,-0010,9","999,N,+0006,1",,,,"SYN017333   20006 3/101",
"07382099999","1990-03-25T12:00:00","4","46.65","4.433","603.0","MONT SAINT VINCENT, FR","FM-12","99999","V020","310,1,N,0041,1","99999,9,9,N","999999,9,N,9","+0059,1","-0006,1","99999,9","06,0000,9,1","4,000",,,,,,,,,
"07382099999","1990-03-26T06:00:00","4","46.65","4.433","603.0","MONT SAINT VINCENT, FR","FM-12","99999","V020","360,1,N,0062,1","99999,9,9,N","999999,9,N,9","-0003,1","-0015,1","99999,9","06,0000,9,1","4,000",,,"999,-0010,9","999,N,-0004,1",,,,"SYN017333   21004 3/101",
"07382099999","1990-03-26T09:00:00","4","46.65","4.433","603.0","MONT SAINT VINCENT, FR","FM-12","99999","V020","010,1,N,0062,1","99999,9,9,N","999999,9,N,9","+0011,1","-0017,1","99999,9",,"2,000",,,,,,,,,
"07382099999","1990-03-26T15:00:00","4","46.65","4.433","603.0","MONT SAINT VINCENT, FR","FM-12","99999","V020","360,1,N,0072,1","99999,9,9,N","999999,9,N,9","+0050,1","-0010,1","99999,9",,"2,000",,,,,,,,,
"07382099999","1990-03-26T18:00:00","4","46.65","4.433","603.0","MONT SAINT VINCENT, FR","FM-12","99999","V020","010,1,N,0041,1","99999,9,9,N","999999,9,N,9","+0026,1","-0017,1","99999,9","06,0000,9,1","4,000",,,,"999,M,+0054,1",,,,"SYN011333   10054",
"07382099999","1990-03-27T06:00:00","4","46.65","4.433","603.0","MONT SAINT VINCENT, FR","FM-12","99999","V020","040,1,N,0041,1","99999,9,9,N","999999,9,N,9","+0008,1","+0006,1","99999,9","99,0003,9,1","0,000",,,"999,-0010,9","999,N,+0006,1",,,,"SYN017333   20006 3/101",
"07382099999","1990-03-27T09:00:00","4","46.65","4.433","603.0","MONT SAINT VINCENT, FR","FM-12","99999","V020","060,1,N,0072,1","99999,9,9,N","999999,9,N,9","+0015,1","+0010,1","99999,9",,"2,000",,,,,,,,,
"07382099999","1990-03-27T12:00:00","4","46.65","4.433","603.0","MONT SAINT VINCENT, FR","FM-12","99999","V020","020,1,N,0021,1","99999,9,9,N","999999,9,N,9","+0060,1","+0017,1","99999,9","06,0003,9,1","0,000",,,,,,,,,
"07382099999","1990-03-27T15:00:00","4","46.65","4.433","603.0","MONT SAINT VINCENT, FR","FM-12","99999","V020","350,1,N,0041,1","99999,9,9,N","999999,9,N,9","+0048,1","+0001,1","99999,9",,"2,000",,,,,,,,,
"07382099999","1990-03-28T06:00:00","4","46.65","4.433","603.0","MONT SAINT VINCENT, FR","FM-12","99999","V020","340,1,N,0041,1","99999,9,9,N","999999,9,N,9","+0004,1","-0003,1","99999,9","06,0000,9,1","4,000",,,"999,+0000,9","999,N,+0003,1",,,,"SYN017333   20003 3/100",
"07382099999","1990-03-28T09:00:00","4","46.65","4.433","603.0","MONT SAINT VINCENT, FR","FM-12","99999","V020","330,1,N,0051,1","99999,9,9,N","999999,9,N,9","+0003,1","+0000,1","99999,9",,"2,000",,,,,,,,,
"07382099999","1990-03-28T12:00:00","4","46.65","4.433","603.0","MONT SAINT VINCENT, FR","FM-12","99999","V020","330,1,N,0041,1","99999,9,9,N","999999,9,N,9","+0009,1","+0006,1","99999,9","06,0030,9,1","0,000",,,,,,,,,
"07382099999","1990-03-28T15:00:00","4","46.65","4.433","603.0","MONT SAINT VINCENT, FR","FM-12","99999","V020","330,1,N,0021,1","99999,9,9,N","999999,9,N,9","+0007,1","+0005,1","99999,9",,"2,000",,,,,,,,,
"07382099999","1990-03-28T18:00:00","4","46.65","4.433","603.0","MONT SAINT VINCENT, FR","FM-12","99999","V020","350,1,N,0021,1","99999,9,9,N","999999,9,N,9","+0008,1","+0006,1","99999,9","99,0070,9,1","0,000",,,,"999,M,+0015,1",,,,"SYN011333   10015",
"07382099999","1990-03-29T06:00:00","4","46.65","4.433","603.0","MONT SAINT VINCENT, FR","FM-12","99999","V020","060,1,N,0062,1","99999,9,9,N","999999,9,N,9","+0009,1","+0007,1","99999,9","99,0030,9,1","0,000",,,"999,+0000,9","999,N,+0005,1",,,,"SYN017333   20005 3/000",
"07382099999","1990-03-29T09:00:00","4","46.65","4.433","603.0","MONT SAINT VINCENT, FR","FM-12","99999","V020","060,1,N,0062,1","99999,9,9,N","999999,9,N,9","+0033,1","+0021,1","99999,9",,"2,000",,,,,,,,,
"07382099999","1990-03-29T12:00:00","4","46.65","4.433","603.0","MONT SAINT VINCENT, FR","FM-12","99999","V020","050,1,N,0062,1","99999,9,9,N","999999,9,N,9","+0047,1","+0013,1","99999,9","06,0000,9,1","4,000",,,,,,,,,
"07382099999","1990-03-29T15:00:00","4","46.65","4.433","603.0","MONT SAINT VINCENT, FR","FM-12","99999","V020","050,1,N,0062,1","99999,9,9,N","999999,9,N,9","+0054,1","+0016,1","99999,9",,"2,000",,,,,,,,,
"07382099999","1990-03-29T18:00:00","4","46.65","4.433","603.0","MONT SAINT VINCENT, FR","FM-12","99999","V020","070,1,N,0062,1","99999,9,9,N","999999,9,N,9","+0045,1","+0015,1","99999,9","06,0000,9,1","4,000",,,,"999,M,+0061,1",,,,"SYN011333   10061",
"07382099999","1990-03-30T06:00:00","4","46.65","4.433","603.0","MONT SAINT VINCENT, FR","FM-12","99999","V020","060,1,N,0082,1","99999,9,9,N","999999,9,N,9","+0044,1","+0041,1","99999,9","06,0000,9,1","4,000",,,"999,+0010,9","999,N,+0028,1",,,,"SYN017333   20028 3/001",
"07382099999","1990-03-30T09:00:00","4","46.65","4.433","603.0","MONT SAINT VINCENT, FR","FM-12","99999","V020","070,1,N,0098,1","99999,9,9,N","999999,9,N,9","+0065,1","+0048,1","99999,9",,"2,000",,,,,,,,,
"07382099999","1990-03-30T12:00:00","4","46.65","4.433","603.0","MONT SAINT VINCENT, FR","FM-12","99999","V020","070,1,N,0087,1","99999,9,9,N","999999,9,N,9","+0096,1","+0059,1","99999,9","06,0000,9,1","4,000",,,,,,,,,
"07382099999","1990-03-30T18:00:00","4","46.65","4.433","603.0","MONT SAINT VINCENT, FR","FM-12","99999","V020","070,1,N,0062,1","99999,9,9,N","999999,9,N,9","+0081,1","+0039,1","99999,9","06,0000,9,1","4,000",,,,"999,M,+0112,1",,,,"SYN011333   10112",
"07382099999","1990-03-31T06:00:00","4","46.65","4.433","603.0","MONT SAINT VINCENT, FR","FM-12","99999","V020","060,1,N,0031,1","99999,9,9,N","999999,9,N,9","+0030,1","+0027,1","99999,9","06,0000,9,1","4,000",,,"999,-0010,9","999,N,+0027,1",,,,"SYN017333   20027 3/101",
"07382099999","1990-03-31T09:00:00","4","46.65","4.433","603.0","MONT SAINT VINCENT, FR","FM-12","99999","V020","100,1,N,0010,1","99999,9,9,N","999999,9,N,9","+0079,1","+0050,1","99999,9",,"2,000",,,,,,,,,
"07382099999","1990-03-31T12:00:00","4","46.65","4.433","603.0","MONT SAINT VINCENT, FR","FM-12","99999","V020","120,1,N,0031,1","99999,9,9,N","999999,9,N,9","+0122,1","+0071,1","99999,9","06,0000,9,1","4,000",,,,,,,,,
"07382099999","1990-04-01T06:00:00","4","46.65","4.433","603.0","MONT SAINT VINCENT, FR","FM-12","99999","V020","140,1,N,0051,1","99999,9,9,N","999999,9,N,9","+0081,1","+0046,1","99999,9","06,0000,9,1","4,000",,,"999,+0050,9","999,N,+0076,1",,,,"SYN017333   20076 3/005",
"07382099999","1990-04-01T09:00:00","4","46.65","4.433","603.0","MONT SAINT VINCENT, FR","FM-12","99999","V020","150,1,N,0041,1","99999,9,9,N","999999,9,N,9","+0130,1","+0065,1","99999,9",,"2,000",,,,,,,,,
"07382099999","1990-04-01T12:00:00","4","46.65","4.433","603.0","MONT SAINT VINCENT, FR","FM-12","99999","V020","130,1,N,0072,1","99999,9,9,N","999999,9,N,9","+0158,1","+0070,1","99999,9","06,0000,9,1","4,000",,,,,,,,,
"07382099999","1990-04-02T06:00:00","4","46.65","4.433","603.0","MONT SAINT VINCENT, FR","FM-12","99999","V020","160,1,N,0051,1","99999,9,9,N","999999,9,N,9","+0079,1","+0019,1","99999,9","99,9999,2,9","0,000",,,"999,+0050,9","999,N,+0074,1",,,,"SYN017333   20074 3/005",
"07382099999","1990-04-02T09:00:00","4","46.65","4.433","603.0","MONT SAINT VINCENT, FR","FM-12","99999","V020","200,1,N,0031,1","99999,9,9,N","999999,9,N,9","+0125,1","+0044,1","99999,9",,"2,000",,,,,,,,,
"07382099999","1990-04-02T12:00:00","4","46.65","4.433","603.0","MONT SAINT VINCENT, FR","FM-12","99999","V020","220,1,N,0051,1","99999,9,9,N","999999,9,N,9","+0157,1","+0047,1","99999,9","06,9999,2,9","0,000",,,,,,,,,
"07382099999","1990-04-02T15:00:00","4","46.65","4.433","603.0","MONT SAINT VINCENT, FR","FM-12","99999","V020","230,1,N,0041,1","99999,9,9,N","999999,9,N,9","+0170,1","+0033,1","99999,9",,"2,000",,,,,,,,,
"07382099999","1990-04-02T18:00:00","4","46.65","4.433","603.0","MONT SAINT VINCENT, FR","FM-12","99999","V020","220,1,N,0051,1","99999,9,9,N","999999,9,N,9","+0137,1","+0016,1","99999,9","99,9999,2,9","0,000",,,,"999,M,+0179,1",,,,"SYN011333   10179",
"07382099999","1990-04-03T06:00:00","4","46.65","4.433","603.0","MONT SAINT VINCENT, FR","FM-12","99999","V020","230,1,N,0051,1","99999,9,9,N","999999,9,N,9","+0076,1","+0040,1","99999,9","99,0005,9,1","0,000",,,"999,+0060,9","999,N,+0075,1",,,,"SYN017333   20075 3/006",
"07382099999","1990-04-03T09:00:00","4","46.65","4.433","603.0","MONT SAINT VINCENT, FR","FM-12","99999","V020","250,1,N,0062,1","99999,9,9,N","999999,9,N,9","+0072,1","+0069,1","99999,9",,"2,000",,,,,,,,,
"07382099999","1990-04-03T12:00:00","4","46.65","4.433","603.0","MONT SAINT VINCENT, FR","FM-12","99999","V020","330,1,N,0062,1","99999,9,9,N","999999,9,N,9","+0043,1","+0041,1","99999,9","06,0070,9,1","0,000",,,,,,,,,
"07382099999","1990-04-03T15:00:00","4","46.65","4.433","603.0","MONT SAINT VINCENT, FR","FM-12","99999","V020","300,1,N,0062,1","99999,9,9,N","999999,9,N,9","+0057,1","+0043,1","99999,9",,"2,000",,,,,,,,,
"07382099999","1990-04-03T18:00:00","4","46.65","4.433","603.0","MONT SAINT VINCENT, FR","FM-12","99999","V020","300,1,N,0072,1","99999,9,9,N","999999,9,N,9","+0043,1","+0006,1","99999,9","99,0080,9,1","0,000",,,,"999,M,+0077,1",,,,"SYN011333   10077",
"07382099999","1990-04-04T06:00:00","4","46.65","4.433","603.0","MONT SAINT VINCENT, FR","FM-12","99999","V020","320,1,N,0010,1","99999,9,9,N","999999,9,N,9","+0008,1","-0024,1","99999,9","06,0000,9,1","4,000",,,"999,-0050,9","999,N,+0000,1",,,,"SYN017333   20000 3/105",
"07382099999","1990-04-04T09:00:00","4","46.65","4.433","603.0","MONT SAINT VINCENT, FR","FM-12","99999","V020","290,1,N,0010,1","99999,9,9,N","999999,9,N,9","+0043,1","+0006,1","99999,9",,"2,000",,,,,,,,,
"07382099999","1990-04-04T12:00:00","4","46.65","4.433","603.0","MONT SAINT VINCENT, FR","FM-12","99999","V020","280,1,N,0010,1","99999,9,9,N","999999,9,N,9","+0080,1","+0000,1","99999,9","06,0000,9,1","4,000",,,,,,,,,
"07382099999","1990-04-04T15:00:00","4","46.65","4.433","603.0","MONT SAINT VINCENT, FR","FM-12","99999","V020","999,1,C,0000,1","99999,9,9,N","999999,9,N,9","+0071,1","-0015,1","99999,9",,"2,000",,,,,,,,,
"07382099999","1990-04-04T18:00:00","4","46.65","4.433","603.0","MONT SAINT VINCENT, FR","FM-12","99999","V020","050,1,N,0010,1","99999,9,9,N","999999,9,N,9","+0056,1","-0015,1","99999,9","06,0000,9,1","4,000",,,,"999,M,+0088,1",,,,"SYN011333   10088",
"07382099999","1990-04-05T06:00:00","4","46.65","4.433","603.0","MONT SAINT VINCENT, FR","FM-12","99999","V020","280,1,N,0041,1","99999,9,9,N","999999,9,N,9","+0022,1","+0008,1","99999,9","06,0000,9,1","4,000",,,"999,-0040,9","999,N,+0019,1",,,,"SYN017333   20019 3/104",
"07382099999","1990-04-05T09:00:00","4","46.65","4.433","603.0","MONT SAINT VINCENT, FR","FM-12","99999","V020","070,1,N,0062,1","99999,9,9,N","999999,9,N,9","+0063,1","-0004,1","99999,9",,"2,000",,,,,,,,,
"07382099999","1990-04-05T12:00:00","4","46.65","4.433","603.0","MONT SAINT VINCENT, FR","FM-12","99999","V020","080,1,N,0062,1","99999,9,9,N","999999,9,N,9","+0079,1","-0008,1","99999,9","06,0000,9,1","4,000",,,,,,,,,
"07382099999","1990-04-05T15:00:00","4","46.65","4.433","603.0","MONT SAINT VINCENT, FR","FM-12","99999","V020","080,1,N,0062,1","99999,9,9,N","999999,9,N,9","+0057,1","+0006,1","99999,9",,"2,000",,,,,,,,,
"07382099999","1990-04-05T18:00:00","4","46.65","4.433","603.0","MONT SAINT VINCENT, FR","FM-12","99999","V020","090,1,N,0051,1","99999,9,9,N","999999,9,N,9","+0035,1","+0018,1","99999,9","99,0003,9,1","0,000",,,,"999,M,+0090,1",,,,"SYN011333   10090",
"07382099999","1990-04-06T06:00:00","4","46.65","4.433","603.0","MONT SAINT VINCENT, FR","FM-12","99999","V020","090,1,N,0062,1","99999,9,9,N","999999,9,N,9","+0028,1","+0026,1","99999,9","99,0010,9,1","0,000",,,"999,+0020,9","999,N,+0024,1",,,,"SYN017333   20024 3/002",
"07382099999","1990-04-06T09:00:00","4","46.65","4.433","603.0","MONT SAINT VINCENT, FR","FM-12","99999","V020","100,1,N,0062,1","99999,9,9,N","999999,9,N,9","+0034,1","+0032,1","99999,9",,"2,000",,,,,,,,,
"07382099999","1990-04-06T12:00:00","4","46.65","4.433","603.0","MONT SAINT VINCENT, FR","FM-12","99999","V020","080,1,N,0072,1","99999,9,9,N","999999,9,N,9","+0042,1","+0040,1","99999,9","06,0040,9,1","0,000",,,,,,,,,
"07382099999","1990-04-06T15:00:00","4","46.65","4.433","603.0","MONT SAINT VINCENT, FR","FM-12","99999","V020","080,1,N,0087,1","99999,9,9,N","999999,9,N,9","+0050,1","+0048,1","99999,9",,"2,000",,,,,,,,,
"07382099999","1990-04-06T18:00:00","4","46.65","4.433","603.0","MONT SAINT VINCENT, FR","FM-12","99999","V020","080,1,N,0072,1","99999,9,9,N","999999,9,N,9","+0057,1","+0055,1","99999,9","99,0040,9,1","0,000",,,,"999,M,+0057,1",,,,"SYN011333   10057",
"07382099999","1990-04-07T06:00:00","4","46.65","4.433","603.0","MONT SAINT VINCENT, FR","FM-12","99999","V020","140,1,N,0021,1","99999,9,9,N","999999,9,N,9","-0006,1","-0024,1","99999,9","06,0000,9,1","4,000",,,"999,-0020,9","999,N,-0010,1",,,,"SYN017333   21010 3/102",
"07382099999","1990-04-07T09:00:00","4","46.65","4.433","603.0","MONT SAINT VINCENT, FR","FM-12","99999","V020","070,1,N,0041,1","99999,9,9,N","999999,9,N,9","+0052,1","+0050,1","99999,9",,"2,000",,,,,,,,,
"07382099999","1990-04-07T12:00:00","4","46.65","4.433","603.0","MONT SAINT VINCENT, FR","FM-12","99999","V020","090,1,N,0010,1","99999,9,9,N","999999,9,N,9","+0072,1","+0070,1","99999,9","06,0005,9,1","0,000",,,,,,,,,
"07382099999","1990-04-08T06:00:00","4","46.65","4.433","603.0","MONT SAINT VINCENT, FR","FM-12","99999","V020","040,1,N,0031,1","99999,9,9,N","999999,9,N,9","+0029,1","+0026,1","99999,9","06,0000,9,1","4,000",,,"999,+0030,9","999,N,+0029,1",,,,"SYN017333   20029 3/003",
"07382099999","1990-04-08T12:00:00","4","46.65","4.433","603.0","MONT SAINT VINCENT, FR","FM-12","99999","V020","040,1,N,0072,1","99999,9,9,N","999999,9,N,9","+0050,1","+0031,1","99999,9","06,0000,9,1","4,000",,,,,,,,,
"07382099999","1990-04-09T06:00:00","4","46.65","4.433","603.0","MONT SAINT VINCENT, FR","FM-12","99999","V020","040,1,N,0041,1","99999,9,9,N","999999,9,N,9","+0016,1","+0013,1","99999,9","06,0000,9,1","4,000",,,"999,+0000,9","999,N,+0009,1",,,,"SYN017333   20009 3/000",
"07382099999","1990-04-09T12:00:00","4","46.65","4.433","603.0","MONT SAINT VINCENT, FR","FM-12","99999","V020","350,1,N,0041,1","99999,9,9,N","999999,9,N,9","+0035,1","+0010,1","99999,9","06,0000,9,1","4,000",,,,,,,,,
"07382099999","1990-04-09T18:00:00","4","46.65","4.433","603.0","MONT SAINT VINCENT, FR","FM-12","99999","V020","350,1,N,0051,1","99999,9,9,N","999999,9,N,9","+0030,1","-0004,1","99999,9","99,0003,9,1","0,000",,,,"999,M,+0038,1",,,,"SYN011333   10038",
"07382099999","1990-04-10T06:00:00","4","46.65","4.433","603.0","MONT SAINT VINCENT, FR","FM-12","99999","V020","350,1,N,0051,1","99999,9,9,N","999999,9,N,9","+0002,1","-0042,1","99999,9","06,0000,9,1","4,000",,,"999,-0020,9","999,N,-0004,1",,,,"SYN017333   21004 3/102",
"07382099999","1990-04-10T09:00:00","4","46.65","4.433","603.0","MONT SAINT VINCENT, FR","FM-12","99999","V020","360,1,N,0031,1","99999,9,9,N","999999,9,N,9","+0039,1","-0016,1","99999,9",,"2,000",,,,,,,,,
"07382099999","1990-04-10T12:00:00","4","46.65","4.433","603.0","MONT SAINT VINCENT, FR","FM-12","99999","V020","030,1,N,0041,1","99999,9,9,N","999999,9,N,9","+0089,1","-0009,1","99999,9","06,0000,9,1","4,000",,,,,,,,,
"07382099999","1990-04-10T18:00:00","4","46.65","4.433","603.0","MONT SAINT VINCENT, FR","FM-12","99999","V020","310,1,N,0051,1","99999,9,9,N","999999,9,N,9","+0074,1","-0040,1","99999,9","06,0000,9,1","4,000",,,,"999,M,+0106,1",,,,"SYN011333   10106",
"07382099999","1990-04-11T06:00:00","4","46.65","4.433","603.0","MONT SAINT VINCENT, FR","FM-12","99999","V020","280,1,N,0082,1","99999,9,9,N","999999,9,N,9","+0048,1","+0046,1","99999,9","06,0000,9,1","4,000",,,"999,+0010,9","999,N,+0034,1",,,,"SYN017333   20034 3/001",
"07382099999","1990-04-11T09:00:00","4","46.65","4.433","603.0","MONT SAINT VINCENT, FR","FM-12","99999","V020","310,1,N,0062,1","99999,9,9,N","999999,9,N,9","+0066,1","+0064,1","99999,9",,"2,000",,,,,,,,,
"07382099999","1990-04-11T12:00:00","4","46.65","4.433","603.0","MONT SAINT VINCENT, FR","FM-12","99999","V020","310,1,N,0062,1","99999,9,9,N","999999,9,N,9","+0080,1","+0067,1","99999,9","06,0005,9,1","0,000",,,,,,,,,
"07382099999","1990-04-11T15:00:00","4","46.65","4.433","603.0","MONT SAINT VINCENT, FR","FM-12","99999","V020","320,1,N,0051,1","99999,9,9,N","999999,9,N,9","+0111,1","+0045,1","99999,9",,"2,000",,,,,,,,,
"07382099999","1990-04-11T18:00:00","4","46.65","4.433","603.0","MONT SAINT VINCENT, FR","FM-12","99999","V020","360,1,N,0031,1","99999,9,9,N","999999,9,N,9","+0084,1","+0013,1","99999,9","99,0005,9,1","0,000",,,,"999,M,+0113,1",,,,"SYN011333   10113",
"07382099999","1990-04-12T06:00:00","4","46.65","4.433","603.0","MONT SAINT VINCENT, FR","FM-12","99999","V020","010,1,N,0021,1","99999,9,9,N","999999,9,N,9","+0050,1","+0011,1","99999,9","06,0000,9,1","4,000",,,"999,+0030,9","999,N,+0048,1",,,,"SYN017333   20048 3/003",
"07382099999","1990-04-12T09:00:00","4","46.65","4.433","603.0","MONT SAINT VINCENT, FR","FM-12","99999","V020","999,1,C,0000,1","99999,9,9,N","999999,9,N,9","+0060,1","+0026,1","99999,9",,"2,000",,,,,,,,,
"07382099999","1990-04-12T12:00:00","4","46.65","4.433","603.0","MONT SAINT VINCENT, FR","FM-12","99999","V020","310,1,N,0021,1","99999,9,9,N","999999,9,N,9","+0092,1","+0033,1","99999,9","06,0000,9,1","4,000",,,,,,,,,
"07382099999","1990-04-12T15:00:00","4","46.65","4.433","603.0","MONT SAINT VINCENT, FR","FM-12","99999","V020","290,1,N,0041,1","99999,9,9,N","999999,9,N,9","+0085,1","+0059,1","99999,9",,"2,000",,,,,,,,,
"07382099999","1990-04-12T18:00:00","4","46.65","4.433","603.0","MONT SAINT VINCENT, FR","FM-12","99999","V020","280,1,N,0041,1","99999,9,9,N","999999,9,N,9","+0077,1","+0061,1","99999,9","06,0000,9,1","4,000",,,,"999,M,+0109,1",,,,"SYN011333   10109",
"07382099999","1990-04-13T06:00:00","4","46.65","4.433","603.0","MONT SAINT VINCENT, FR","FM-12","99999","V020","240,1,N,0010,1","99999,9,9,N","999999,9,N,9","+0064,1","+0062,1","99999,9","06,0000,9,1","4,000",,,"999,+0010,9","999,N,+0057,1",,,,"SYN017333   20057 3/001",
"07382099999","1990-04-13T09:00:00","4","46.65","4.433","603.0","MONT SAINT VINCENT, FR","FM-12","99999","V020","220,1,N,0031,1","99999,9,9,N","999999,9,N,9","+0083,1","+0077,1","99999,9",,"2,000",,,,,,,,,
"07382099999","1990-04-13T15:00:00","4","46.65","4.433","603.0","MONT SAINT VINCENT, FR","FM-12","99999","V020","240,1,N,0051,1","99999,9,9,N","999999,9,N,9","+0119,1","+0076,1","99999,9",,"2,000",,,,,,,,,
"07382099999","1990-04-13T18:00:00","4","46.65","4.433","603.0","MONT SAINT VINCENT, FR","FM-12","99999","V020","200,1,N,0041,1","99999,9,9,N","999999,9,N,9","+0100,1","+0081,1","99999,9","06,0000,9,1","4,000",,,,"999,M,+0132,1",,,,"SYN011333   10132",
"07382099999","1990-04-14T06:00:00","4","46.65","4.433","603.0","MONT SAINT VINCENT, FR","FM-12","99999","V020","290,1,N,0072,1","99999,9,9,N","999999,9,N,9","+0014,1","+0012,1","99999,9","99,0030,9,1","0,000",,,"999,+0010,9","999,N,+0013,1",,,,"SYN017333   20013 3/001",
"07382099999","1990-04-14T09:00:00","4","46.65","4.433","603.0","MONT SAINT VINCENT, FR","FM-12","99999","V020","250,1,N,0021,1","99999,9,9,N","999999,9,N,9","+0042,1","+0027,1","99999,9",,"2,000",,,,,,,,,
"07382099999","1990-04-14T12:00:00","4","46.65","4.433","603.0","MONT SAINT VINCENT, FR","FM-12","99999","V020","260,1,N,0062,1","99999,9,9,N","999999,9,N,9","+0069,1","+0036,1","99999,9","06,0000,9,1","4,000",,,,,,,,,
"07382099999","1990-04-15T06:00:00","4","46.65","4.433","603.0","MONT SAINT VINCENT, FR","FM-12","99999","V020","280,1,N,0031,1","99999,9,9,N","999999,9,N,9","+0013,1","+9999,9","99999,9","06,0000,9,1","4,000",,,"999,-0030,9","999,N,+0007,1",,,,"SYN017333   20007 3/103",
"07382099999","1990-04-15T09:00:00","4","46.65","4.433","603.0","MONT SAINT VINCENT, FR","FM-12","99999","V020","320,1,N,0082,1","99999,9,9,N","999999,9,N,9","+0037,1","+0035,1","99999,9",,"2,000",,,,,,,,,
"07382099999","1990-04-15T12:00:00","4","46.65","4.433","603.0","MONT SAINT VINCENT, FR","FM-12","99999","V020","290,1,N,0087,1","99999,9,9,N","999999,9,N,9","+0067,1","+0016,1","99999,9","06,0030,9,1","0,000",,,,,,,,,
"07382099999","1990-04-16T06:00:00","4","46.65","4.433","603.0","MONT SAINT VINCENT, FR","FM-12","99999","V020","280,1,N,0041,1","99999,9,9,N","999999,9,N,9","+0027,1","+0025,1","99999,9","99,0030,9,1","0,000",,,"999,+0000,9","999,N,+0013,1",,,,"SYN017333   20013 3/000",
"07382099999","1990-04-16T09:00:00","4","46.65","4.433","603.0","MONT SAINT VINCENT, FR","FM-12","99999","V020","280,1,N,0062,1","99999,9,9,N","999999,9,N,9","+0051,1","+0046,1","99999,9",,"2,000",,,,,,,,,
"07382099999","1990-04-16T12:00:00","4","46.65","4.433","603.0","MONT SAINT VINCENT, FR","FM-12","99999","V020","300,1,N,0051,1","99999,9,9,N","999999,9,N,9","+0075,1","+0048,1","99999,9","06,0020,9,1","0,000",,,,,,,,,
"07382099999","1990-04-17T06:00:00","4","46.65","4.433","603.0","MONT SAINT VINCENT, FR","FM-12","99999","V020","270,1,N,0041,1","99999,9,9,N","999999,9,N,9","+0033,1","+0031,1","99999,9","06,0000,9,1","4,000",,,"999,+0020,9","999,N,+0025,1",,,,"SYN017333   20025 3/002",
"07382099999","1990-04-17T09:00:00","4","46.65","4.433","603.0","MONT SAINT VINCENT, FR","FM-12","99999","V020","260,1,N,0062,1","99999,9,9,N","999999,9,N,9","+0042,1","+0036,1","99999,9",,"2,000",,,,,,,,,
"07382099999","1990-04-17T12:00:00","4","46.65","4.433","603.0","MONT SAINT VINCENT, FR","FM-12","99999","V020","250,1,N,0051,1","99999,9,9,N","999999,9,N,9","+0044,1","+0035,1","99999,9","06,0020,9,1","0,000",,,,,,,,,
"07382099999","1990-04-17T15:00:00","4","46.65","4.433","603.0","MONT SAINT VINCENT, FR","FM-12","99999","V020","280,1,N,0051,1","99999,9,9,N","999999,9,N,9","+0039,1","+0036,1","99999,9",,"2,000",,,,,,,,,
"07382099999","1990-04-17T18:00:00","4","46.65","4.433","603.0","MONT SAINT VINCENT, FR","FM-12","99999","V020","300,1,N,0051,1","99999,9,9,N","999999,9,N,9","+0033,1","+0027,1","99999,9","99,0050,9,1","0,000",,,,"999,M,+0083,1",,,,"SYN011333   10083",
"07382099999","1990-04-18T06:00:00","4","46.65","4.433","603.0","MONT SAINT VINCENT, FR","FM-12","99999","V020","260,1,N,0062,1","99999,9,9,N","999999,9,N,9","+0006,1","+0004,1","99999,9","99,0005,9,1","0,000",,,"999,-0010,9","999,N,-0001,1",,,,"SYN017333   21001 3/101",
"07382099999","1990-04-18T09:00:00","4","46.65","4.433","603.0","MONT SAINT VINCENT, FR","FM-12","99999","V020","230,1,N,0051,1","99999,9,9,N","999999,9,N,9","+0023,1","+0021,1","99999,9",,"2,000",,,,,,,,,
"07382099999","1990-04-18T12:00:00","4","46.65","4.433","603.0","MONT SAINT VINCENT, FR","FM-12","99999","V020","280,1,N,0031,1","99999,9,9,N","999999,9,N,9","+0007,1","+0005,1","99999,9","06,0020,9,1","0,000",,,,,,,,,
"07382099999","1990-04-18T15:00:00","4","46.65","4.433","603.0","MONT SAINT VINCENT, FR","FM-12","99999","V020","330,1,N,0062,1","99999,9,9,N","999999,9,N,9","+0054,1","+0016,1","99999,9",,"2,000",,,,,,,,,
"07382099999","1990-04-18T18:00:00","4","46.65","4.433","603.0","MONT SAINT VINCENT, FR","FM-12","99999","V020","340,1,N,0041,1","99999,9,9,N","999999,9,N,9","+0032,1","+0002,1","99999,9","99,0090,9,1","0,000",,,,"999,M,+0061,1",,,,"SYN011333   10061",
"07382099999","1990-04-19T06:00:00","4","46.65","4.433","603.0","MONT SAINT VINCENT, FR","FM-12","99999","V020","280,1,N,0031,1","99999,9,9,N","999999,9,N,9","-0003,1","-0007,1","99999,9","99,9999,2,9","0,000",,,"999,-0020,9","999,N,-0011,1",,,,"SYN017333   21011 3/102",
"07382099999","1990-04-19T09:00:00","4","46.65","4.433","603.0","MONT SAINT VINCENT, FR","FM-12","99999","V020","240,1,N,0031,1","99999,9,9,N","999999,9,N,9","+0045,1","+0028,1","99999,9",,"2,000",,,,,,,,,
"07382099999","1990-04-19T12:00:00","4","46.65","4.433","603.0","MONT SAINT VINCENT, FR","FM-12","99999","V020","250,1,N,0062,1","99999,9,9,N","999999,9,N,9","+0078,1","+0016,1","99999,9","06,0000,9,1","4,000",,,,,,,,,
"07382099999","1990-04-19T15:00:00","4","46.65","4.433","603.0","MONT SAINT VINCENT, FR","FM-12","99999","V020","240,1,N,0041,1","99999,9,9,N","999999,9,N,9","+0061,1","+0037,1","99999,9",,"2,000",,,,,,,,,
"07382099999","1990-04-19T18:00:00","4","46.65","4.433","603.0","MONT SAINT VINCENT, FR","FM-12","99999","V020","320,1,N,0021,1","99999,9,9,N","999999,9,N,9","+0036,1","+0034,1","99999,9","06,0000,9,1","4,000",,,,"999,M,+0084,1",,,,"SYN011333   10084",
"07382099999","1990-04-20T06:00:00","4","46.65","4.433","603.0","MONT SAINT VINCENT, FR","FM-12","99999","V020","300,1,N,0031,1","99999,9,9,N","999999,9,N,9","+0005,1","+0003,1","99999,9","99,0003,9,1","0,000",,,"999,+0010,9","999,N,+0005,1",,,,"SYN017333   20005 3/001",
"07382099999","1990-04-20T09:00:00","4","46.65","4.433","603.0","MONT SAINT VINCENT, FR","FM-12","99999","V020","320,1,N,0021,1","99999,9,9,N","999999,9,N,9","+0018,1","+0016,1","99999,9",,"2,000",,,,,,,,,
"07382099999","1990-04-20T12:00:00","4","46.65","4.433","603.0","MONT SAINT VINCENT, FR","FM-12","99999","V020","999,1,C,0000,1","99999,9,9,N","999999,9,N,9","+0032,1","+0030,1","99999,9","06,0005,9,1","0,000",,,,,,,,,
"07382099999","1990-04-20T15:00:00","4","46.65","4.433","603.0","MONT SAINT VINCENT, FR","FM-12","99999","V020","320,1,N,0021,1","99999,9,9,N","999999,9,N,9","+0064,1","+0037,1","99999,9",,"2,000",,,,,,,,,
"07382099999","1990-04-20T18:00:00","4","46.65","4.433","603.0","MONT SAINT VINCENT, FR","FM-12","99999","V020","350,1,N,0021,1","99999,9,9,N","999999,9,N,9","+0060,1","+0031,1","99999,9","99,0005,9,1","0,000",,,,"999,M,+0070,1",,,,"SYN011333   10070",
"07382099999","1990-04-21T06:00:00","4","46.65","4.433","603.0","MONT SAINT VINCENT, FR","FM-12","99999","V020","350,1,N,0031,1","99999,9,9,N","999999,9,N,9","+0033,1","+0027,1","99999,9","06,0000,9,1","4,000",,,"999,+0020,9","999,N,+0033,1",,,,"SYN017333   20033 3/002",
"07382099999","1990-04-21T09:00:00","4","46.65","4.433","603.0","MONT SAINT VINCENT, FR","FM-12","99999","V020","999,1,C,0000,1","99999,9,9,N","999999,9,N,9","+0069,1","+0047,1","99999,9",,"2,000",,,,,,,,,
"07382099999","1990-04-21T12:00:00","4","46.65","4.433","603.0","MONT SAINT VINCENT, FR","FM-12","99999","V020","260,1,N,0021,1","99999,9,9,N","999999,9,N,9","+0094,1","+0063,1","99999,9","06,0000,9,1","4,000",,,,,,,,,
"07382099999","1990-04-22T06:00:00","4","46.65","4.433","603.0","MONT SAINT VINCENT, FR","FM-12","99999","V020","290,1,N,0021,1","99999,9,9,N","999999,9,N,9","+0044,1","+0041,1","99999,9","06,0000,9,1","4,000",,,"999,+0030,9","999,N,+0039,1",,,,"SYN017333   20039 3/003",
"07382099999","1990-04-22T09:00:00","4","46.65","4.433","603.0","MONT SAINT VINCENT, FR","FM-12","99999","V020","100,1,N,0010,1","99999,9,9,N","999999,9,N,9","+0078,1","+0054,1","99999,9",,"2,000",,,,,,,,,
"07382099999","1990-04-22T12:00:00","4","46.65","4.433","603.0","MONT SAINT VINCENT, FR","FM-12","99999","V020","360,1,N,0010,1","99999,9,9,N","999999,9,N,9","+0115,1","+0044,1","99999,9","06,0000,9,1","4,000",,,,,,,,,
"07382099999","1990-04-23T06:00:00","4","46.65","4.433","603.0","MONT SAINT VINCENT, FR","FM-12","99999","V020","280,1,N,0051,1","99999,9,9,N","999999,9,N,9","+0048,1","+0046,1","99999,9","99,0040,9,1","0,000",,,"999,+0040,9","999,N,+0043,1",,,,"SYN017333   20043 3/004",
"07382099999","1990-04-23T09:00:00","4","46.65","4.433","603.0","MONT SAINT VINCENT, FR","FM-12","99999","V020","260,1,N,0041,1","99999,9,9,N","999999,9,N,9","+0062,1","+0060,1","99999,9",,"2,000",,,,,,,,,
"07382099999","1990-04-23T12:00:00","4","46.65","4.433","603.0","MONT SAINT VINCENT, FR","FM-12","99999","V020","270,1,N,0041,1","99999,9,9,N","999999,9,N,9","+0069,1","+0067,1","99999,9","06,0000,9,1","4,000",,,,,,,,,
"07382099999","1990-04-23T15:00:00","4","46.65","4.433","603.0","MONT SAINT VINCENT, FR","FM-12","99999","V020","260,1,N,0062,1","99999,9,9,N","999999,9,N,9","+0098,1","+0082,1","99999,9",,"2,000",,,,,,,,,
"07382099999","1990-04-23T18:00:00","4","46.65","4.433","603.0","MONT SAINT VINCENT, FR","FM-12","99999","V020","260,1,N,0041,1","99999,9,9,N","999999,9,N,9","+0073,1","+0063,1","99999,9","06,0000,9,1","4,000",,,,"999,M,+0099,1",,,,"SYN011333   10099",
"07382099999","1990-04-24T06:00:00","4","46.65","4.433","603.0","MONT SAINT VINCENT, FR","FM-12","99999","V020","260,1,N,0041,1","99999,9,9,N","999999,9,N,9","+0060,1","+0058,1","99999,9","99,0003,9,1","0,000",,,"999,+0060,9","999,N,+0059,1",,,,"SYN017333   20059 3/006",
"07382099999","1990-04-24T09:00:00","4","46.65","4.433","603.0","MONT SAINT VINCENT, FR","FM-12","99999","V020","260,1,N,0051,1","99999,9,9,N","999999,9,N,9","+0065,1","+0063,1","99999,9",,"2,000",,,,,,,,,
"07382099999","1990-04-24T12:00:00","4","46.65","4.433","603.0","MONT SAINT VINCENT, FR","FM-12","99999","V020","250,1,N,0051,1","99999,9,9,N","999999,9,N,9","+0081,1","+0079,1","99999,9","06,0030,9,1","0,000",,,,,,,,,
"07382099999","1990-04-24T15:00:00","4","46.65","4.433","603.0","MONT SAINT VINCENT, FR","FM-12","99999","V020","330,1,N,0010,1","99999,9,9,N","999999,9,N,9","+0076,1","+0068,1","99999,9",,"2,000",,,,,,,,,
"07382099999","1990-04-24T18:00:00","4","46.65","4.433","603.0","MONT SAINT VINCENT, FR","FM-12","99999","V020","280,1,N,0031,1","99999,9,9,N","999999,9,N,9","+0080,1","+0070,1","99999,9","99,0050,9,1","0,000",,,,"999,M,+0125,1",,,,"SYN011333   10125",
"07382099999","1990-04-25T06:00:00","4","46.65","4.433","603.0","MONT SAINT VINCENT, FR","FM-12","99999","V020","999,9,9,9999,9","99999,9,9,N","999999,9,N,9","+0053,1","+0051,1","99999,9","99,0003,9,1","0,000",,,"999,+0040,9","999,N,+0052,1",,,,"SYN017333   20052 3/004",
"07382099999","1990-04-25T12:00:00","4","46.65","4.433","603.0","MONT SAINT VINCENT, FR","FM-12","99999","V020","280,1,N,0062,1","99999,9,9,N","999999,9,N,9","+0119,1","+0091,1","99999,9","06,0000,9,1","4,000",,,,,,,,,
"07382099999","1990-04-25T18:00:00","4","46.65","4.433","603.0","MONT SAINT VINCENT, FR","FM-12","99999","V020","330,1,N,0010,1","99999,9,9,N","999999,9,N,9","+0093,1","+0056,1","99999,9","06,0000,9,1","4,000",,,,"999,M,+0125,1",,,,"SYN011333   10125",
"07382099999","1990-04-26T06:00:00","4","46.65","4.433","603.0","MONT SAINT VINCENT, FR","FM-12","99999","V020","340,1,N,0021,1","99999,9,9,N","999999,9,N,9","+0065,1","+0051,1","99999,9","06,0000,9,1","4,000",,,"999,+0050,9","999,N,+0058,1",,,,"SYN017333   20058 3/005",
"07382099999","1990-04-26T09:00:00","4","46.65","4.433","603.0","MONT SAINT VINCENT, FR","FM-12","99999","V020","300,1,N,0021,1","99999,9,9,N","999999,9,N,9","+0102,1","+0076,1","99999,9",,"2,000",,,,,,,,,
"07382099999","1990-04-29T12:00:00","4","46.65","4.433","603.0","MONT SAINT VINCENT, FR","FM-12","99999","V020","040,1,N,0051,1","99999,9,9,N","999999,9,N,9","+0162,1","+0076,1","99999,9","06,0000,9,1","4,000",,,,,,,,,
"07382099999","1990-04-30T06:00:00","4","46.65","4.433","603.0","MONT SAINT VINCENT, FR","FM-12","99999","V020","080,1,N,0031,1","99999,9,9,N","999999,9,N,9","+0084,1","+0049,1","99999,9","06,0000,9,1","4,000",,,"999,+0060,9","999,N,+0068,1",,,,"SYN017333   20068 3/006",
"07382099999","1990-04-30T09:00:00","4","46.65","4.433","603.0","MONT SAINT VINCENT, FR","FM-12","99999","V020","100,1,N,0010,1","99999,9,9,N","999999,9,N,9","+0139,1","+0080,1","99999,9",,"2,000",,,,,,,,,
"07382099999","1990-04-30T12:00:00","4","46.65","4.433","603.0","MONT SAINT VINCENT, FR","FM-12","99999","V020","080,1,N,0031,1","99999,9,9,N","999999,9,N,9","+0185,1","+0098,1","99999,9","06,0000,9,1","4,000",,,,,,,,,
"07382099999","1990-05-01T06:00:00","4","46.65","4.433","603.0","MONT SAINT VINCENT, FR","FM-12","99999","V020","080,1,N,0062,1","99999,9,9,N","999999,9,N,9","+0106,1","+0076,1","99999,9","99,0150,9,1","0,000",,,"999,+0080,9","999,N,+0094,1",,,,"SYN017333   20094 3/008",
"07382099999","1990-05-01T09:00:00","4","46.65","4.433","603.0","MONT SAINT VINCENT, FR","FM-12","99999","V020","090,1,N,0031,1","99999,9,9,N","999999,9,N,9","+0158,1","+0109,1","99999,9",,"2,000",,,,,,,,,
"07382099999","1990-05-01T12:00:00","4","46.65","4.433","603.0","MONT SAINT VINCENT, FR","FM-12","99999","V020","090,1,N,0041,1","99999,9,9,N","999999,9,N,9","+0190,1","+0118,1","99999,9","06,0000,9,1","4,000",,,,,,,,,
"07382099999","1990-05-02T06:00:00","4","46.65","4.433","603.0","MONT SAINT VINCENT, FR","FM-12","99999","V020","060,1,N,0041,1","99999,9,9,N","999999,9,N,9","+0129,1","+0071,1","99999,9","06,0000,9,1","4,000",,,"999,+0090,9","999,N,+0111,1",,,,"SYN017333   20111 3/009",
"07382099999","1990-05-02T09:00:00","4","46.65","4.433","603.0","MONT SAINT VINCENT, FR","FM-12","99999","V020","260,1,N,0010,1","99999,9,9,N","999999,9,N,9","+0169,1","+0102,1","99999,9",,"2,000",,,,,,,,,
"07382099999","1990-05-02T12:00:00","4","46.65","4.433","603.0","MONT SAINT VINCENT, FR","FM-12","99999","V020","250,1,N,0021,1","99999,9,9,N","999999,9,N,9","+0210,1","+0104,1","99999,9","06,0000,9,1","4,000",,,,,,,,,
"07382099999","1990-05-02T15:00:00","4","46.65","4.433","603.0","MONT SAINT VINCENT, FR","FM-12","99999","V020","260,1,N,0010,1","99999,9,9,N","999999,9,N,9","+0231,1","+0118,1","99999,9",,"2,000",,,,,,,,,
"07382099999","1990-05-02T18:00:00","4","46.65","4.433","603.0","MONT SAINT VINCENT, FR","FM-12","99999","V020","070,1,N,0021,1","99999,9,9,N","999999,9,N,9","+0198,1","+0107,1","99999,9","06,0000,9,1","4,000",,,,"999,M,+0235,1",,,,"SYN011333   10235",
"07382099999","1990-05-03T06:00:00","4","46.65","4.433","603.0","MONT SAINT VINCENT, FR","FM-12","99999","V020","180,1,N,0072,1","99999,9,9,N","999999,9,N,9","+0054,1","+0020,1","99999,9","06,0000,9,1","4,000",,,"999,+0030,9","999,N,+0045,1",,,,"SYN017333   20045 3/003",
"07382099999","1990-05-03T15:00:00","4","46.65","4.433","603.0","MONT SAINT VINCENT, FR","FM-12","99999","V020","040,1,N,0010,1","99999,9,9,N","999999,9,N,9","+0224,1","+0129,1","99999,9",,"2,000",,,,,,,,,
"07382099999","1990-05-03T18:00:00","4","46.65","4.433","603.0","MONT SAINT VINCENT, FR","FM-12","99999","V020","080,1,N,0031,1","99999,9,9,N","999999,9,N,9","+0188,1","+0123,1","99999,9","06,0000,9,1","4,000",,,,"999,M,+0226,1",,,,"SYN011333   10226",
"07382099999","1990-05-04T06:00:00","4","46.65","4.433","603.0","MONT SAINT VINCENT, FR","FM-12","99999","V020","999,1,C,0000,1","99999,9,9,N","999999,9,N,9","+0137,1","+0110,1","99999,9","06,0000,9,1","4,000",,,"999,+0070,9","999,N,+0118,1",,,,"SYN017333   20118 3/007",
"07382099999","1990-05-04T09:00:00","4","46.65","4.433","603.0","MONT SAINT VINCENT, FR","FM-12","99999","V020","300,1,N,0010,1","99999,9,9,N","999999,9,N,9","+0174,1","+0135,1","99999,9",,"2,000",,,,,,,,,
"07382099999","1990-05-04T15:00:00","4","46.65","4.433","603.0","MONT SAINT VINCENT, FR","FM-12","99999","V020","350,1,N,0021,1","99999,9,9,N","999999,9,N,9","+0223,1","+0133,1","99999,9",,"2,000",,,,,,,,,
"07382099999","1990-05-05T06:00:00","4","46.65","4.433","603.0","MONT SAINT VINCENT, FR","FM-12","99999","V020","070,1,N,0010,1","99999,9,9,N","999999,9,N,9","+0146,1","+0094,1","99999,9","06,0000,9,1","4,000",,,"999,+0080,9","999,N,+0108,1",,,,"SYN017333   20108 3/008",
"07382099999","1990-05-05T12:00:00","4","46.65","4.433","603.0","MONT SAINT VINCENT, FR","FM-12","99999","V020","290,1,N,0010,1","99999,9,9,N","999999,9,N,9","+0207,1","+0116,1","99999,9","06,0000,9,1","4,000",,,,,,,,,
"07382099999","1990-05-06T06:00:00","4","46.65","4.433","603.0","MONT SAINT VINCENT, FR","FM-12","99999","V020","260,1,N,0041,1","99999,9,9,N","999999,9,N,9","+0120,1","+0079,1","99999,9","06,0000,9,1","4,000",,,"999,+0080,9","999,N,+0108,1",,,,"SYN017333   20108 3/008",
"07382099999","1990-05-06T09:00:00","4","46.65","4.433","603.0","MONT SAINT VINCENT, FR","FM-12","99999","V020","280,1,N,0021,1","99999,9,9,N","999999,9,N,9","+0172,1","+0110,1","99999,9",,"2,000",,,,,,,,,
"07382099999","1990-05-06T12:00:00","4","46.65","4.433","603.0","MONT SAINT VINCENT, FR","FM-12","99999","V020","260,1,N,0051,1","99999,9,9,N","999999,9,N,9","+0211,1","+0119,1","99999,9","06,0000,9,1","4,000",,,,,,,,,
"07382099999","1990-05-07T06:00:00","4","46.65","4.433","603.0","MONT SAINT VINCENT, FR","FM-12","99999","V020","220,1,N,0021,1","99999,9,9,N","999999,9,N,9","+0115,1","+0092,1","99999,9","99,0003,9,1","0,000",,,"999,+0090,9","999,N,+0105,1",,,,"SYN017333   20105 3/009",
"07382099999","1990-05-07T09:00:00","4","46.65","4.433","603.0","MONT SAINT VINCENT, FR","FM-12","99999","V020","210,1,N,0010,1","99999,9,9,N","999999,9,N,9","+0135,1","+0110,1","99999,9",,"2,000",,,,,,,,,
"07382099999","1990-05-07T12:00:00","4","46.65","4.433","603.0","MONT SAINT VINCENT, FR","FM-12","99999","V020","270,1,N,0021,1","99999,9,9,N","999999,9,N,9","+0174,1","+0116,1","99999,9","06,9999,2,9","0,000",,,,,,,,,
"07382099999","1990-05-08T06:00:00","4","46.65","4.433","603.0","MONT SAINT VINCENT, FR","FM-12","99999","V020","999,1,C,0000,1","99999,9,9,N","999999,9,N,9","+0128,1","+0105,1","99999,9","06,0000,9,1","4,000",,,"999,+0060,9","999,N,+0101,1",,,,"SYN017333   20101 3/006",
"07382099999","1990-05-08T09:00:00","4","46.65","4.433","603.0","MONT SAINT VINCENT, FR","FM-12","99999","V020","090,1,N,0010,1","99999,9,9,N","999999,9,N,9","+0158,1","+0129,1","99999,9",,"2,000",,,,,,,,,
"07382099999","1990-05-08T12:00:00","4","46.65","4.433","603.0","MONT SAINT VINCENT, FR","FM-12","99999","V020","080,1,N,0010,1","99999,9,9,N","999999,9,N,9","+0179,1","+0140,1","99999,9","06,0000,9,1","4,000",,,,,,,,,
"07382099999","1990-05-09T06:00:00","4","46.65","4.433","603.0","MONT SAINT VINCENT, FR","FM-12","99999","V020","280,1,N,0041,1","99999,9,9,N","999999,9,N,9","+0121,1","+0101,1","99999,9","06,0000,9,1","4,000",,,"999,+0050,9","999,N,+0106,1",,,,"SYN017333   20106 3/005",
"07382099999","1990-05-09T09:00:00","4","46.65","4.433","603.0","MONT SAINT VINCENT, FR","FM-12","99999","V020","270,1,N,0021,1","99999,9,9,N","999999,9,N,9","+0166,1","+0131,1","99999,9",,"2,000",,,,,,,,,
"07382099999","1990-05-09T12:00:00","4","46.65","4.433","603.0","MONT SAINT VINCENT, FR","FM-12","99999","V020","240,1,N,0021,1","99999,9,9,N","999999,9,N,9","+0199,1","+0128,1","99999,9","06,0000,9,1","4,000",,,,,,,,,
"07382099999","1990-05-09T15:00:00","4","46.65","4.433","603.0","MONT SAINT VINCENT, FR","FM-12","99999","V020","260,1,N,0051,1","99999,9,9,N","999999,9,N,9","+0183,1","+0127,1","99999,9",,"2,000",,,,,,,,,
"07382099999","1990-05-09T18:00:00","4","46.65","4.433","603.0","MONT SAINT VINCENT, FR","FM-12","99999","V020","290,1,N,0021,1","99999,9,9,N","999999,9,N,9","+0151,1","+0071,1","99999,9","06,0000,9,1","4,000",,,,"999,M,+0209,1",,,,"SYN011333   10209",
"07382099999","1990-05-10T06:00:00","4","46.65","4.433","603.0","MONT SAINT VINCENT, FR","FM-12","99999","V020","280,1,N,0031,1","99999,9,9,N","999999,9,N,9","+0120,1","+0113,1","99999,9","06,0000,9,1","4,000",,,"999,+0100,9","999,N,+0116,1",,,,"SYN017333   20116 3/010",
"07382099999","1990-05-10T09:00:00","4","46.65","4.433","603.0","MONT SAINT VINCENT, FR","FM-12","99999","V020","240,1,N,0031,1","99999,9,9,N","999999,9,N,9","+0139,1","+0121,1","99999,9",,"2,000",,,,,,,,,
"07382099999","1990-05-10T12:00:00","4","46.65","4.433","603.0","MONT SAINT VINCENT, FR","FM-12","99999","V020","280,1,N,0062,1","99999,9,9,N","999999,9,N,9","+0180,1","+0130,1","99999,9","06,0000,9,1","4,000",,,,,,,,,
"07382099999","1990-05-10T15:00:00","4","46.65","4.433","603.0","MONT SAINT VINCENT, FR","FM-12","99999","V020","999,9,9,9999,9","99999,9,9,N","999999,9,N,9","+9999,9","+9999,9","99999,9",,"2,000",,,,,,,,,
"07382099999","1990-05-11T06:00:00","4","46.65","4.433","603.0","MONT SAINT VINCENT, FR","FM-12","99999","V020","999,9,9,9999,9","99999,9,9,N","999999,9,N,9","+9999,9","+9999,9","99999,9","06,0000,9,1","4,000",,,"999,+0010,9","999,N,+0008,1",,,,"SYN017333   20008 3/001",
"07382099999","1990-05-11T09:00:00","4","46.65","4.433","603.0","MONT SAINT VINCENT, FR","FM-12","99999","V020","270,1,N,0041,1","99999,9,9,N","999999,9,N,9","+0120,1","+0099,1","99999,9",,"2,000",,,,,,,,,
"07382099999","1990-05-11T12:00:00","4","46.65","4.433","603.0","MONT SAINT VINCENT, FR","FM-12","99999","V020","290,1,N,0031,1","99999,9,9,N","999999,9,N,9","+0148,1","+0108,1","99999,9","06,0000,9,1","4,000",,,,,,,,,
"07382099999","1990-05-11T15:00:00","4","46.65","4.433","603.0","MONT SAINT VINCENT, FR","FM-12","99999","V020","280,1,N,0041,1","99999,9,9,N","999999,9,N,9","+0159,1","+0097,1","99999,9",,"2,000",,,,,,,,,
"07382099999","1990-05-11T18:00:00","4","46.65","4.433","603.0","MONT SAINT VINCENT, FR","FM-12","99999","V020","310,1,N,0031,1","99999,9,9,N","999999,9,N,9","+0137,1","+0097,1","99999,9","06,0000,9,1","4,000",,,,"999,M,+0173,1",,,,"SYN011333   10173",
"07382099999","1990-05-12T06:00:00","4","46.65","4.433","603.0","MONT SAINT VINCENT, FR","FM-12","99999","V020","080,1,N,0010,1","99999,9,9,N","999999,9,N,9","+0110,1","+0087,1","99999,9","99,0003,9,1","0,000",,,"999,+0050,9","999,N,+0084,1",,,,"SYN017333   20084 3/005",
"07382099999","1990-05-12T09:00:00","4","46.65","4.433","603.0","MONT SAINT VINCENT, FR","FM-12","99999","V020","080,1,N,0021,1","99999,9,9,N","999999,9,N,9","+0144,1","+0109,1","99999,9",,"2,000",,,,,,,,,
"07382099999","1990-05-13T06:00:00","4","46.65","4.433","603.0","MONT SAINT VINCENT, FR","FM-12","99999","V020","190,1,N,0010,1","99999,9,9,N","999999,9,N,9","+0117,1","+0089,1","99999,9","06,0000,9,1","4,000",,,"999,+0080,9","999,N,+0087,1",,,,"SYN017333   20087 3/008",
"07382099999","1990-05-13T09:00:00","4","46.65","4.433","603.0","MONT SAINT VINCENT, FR","FM-12","99999","V020","280,1,N,0041,1","99999,9,9,N","999999,9,N,9","+0155,1","+0118,1","99999,9",,"2,000",,,,,,,,,
"07382099999","1990-05-13T12:00:00","4","46.65","4.433","603.0","MONT SAINT VINCENT, FR","FM-12","99999","V020","260,1,N,0031,1","99999,9,9,N","999999,9,N,9","+0160,1","+0129,1","99999,9","06,0000,9,1","4,000",,,,,,,,,
"07382099999","1990-05-14T06:00:00","4","46.65","4.433","603.0","MONT SAINT VINCENT, FR","FM-12","99999","V020","080,1,N,0021,1","99999,9,9,N","999999,9,N,9","+0100,1","+0090,1","99999,9","06,0000,9,1","4,000",,,"999,+0090,9","999,N,+0097,1",,,,"SYN017333   20097 3/009",
"07382099999","1990-05-14T09:00:00","4","46.65","4.433","603.0","MONT SAINT VINCENT, FR","FM-12","99999","V020","080,1,N,0010,1","99999,9,9,N","999999,9,N,9","+0139,1","+0129,1","99999,9",,"2,000",,,,,,,,,
"07382099999","1990-05-14T12:00:00","4","46.65","4.433","603.0","MONT SAINT VINCENT, FR","FM-12","99999","V020","080,1,N,0021,1","99999,9,9,N","999999,9,N,9","+0166,1","+0129,1","99999,9","06,0000,9,1","4,000",,,,,,,,,
"07382099999","1990-05-14T15:00:00","4","46.65","4.433","603.0","MONT SAINT VINCENT, FR","FM-12","99999","V020","110,1,N,0010,1","99999,9,9,N","999999,9,N,9","+0160,1","+0134,1","99999,9",,"2,000",,,,,,,,,
"07382099999","1990-05-14T18:00:00","4","46.65","4.433","603.0","MONT SAINT VINCENT, FR","FM-12","99999","V020","100,1,N,0010,1","99999,9,9,N","999999,9,N,9","+0154,1","+0135,1","99999,9","06,0000,9,1","4,000",,,,"999,M,+0172,1",,,,"SYN011333   10172",
"07382099999","1990-05-15T06:00:00","4","46.65","4.433","603.0","MONT SAINT VINCENT, FR","FM-12","99999","V020","260,1,N,0041,1","99999,9,9,N","999999,9,N,9","+0133,1","+0131,1","99999,9","06,0000,9,1","4,000",,,"999,+0090,9","999,N,+0118,1",,,,"SYN017333   20118 3/009",
"07382099999","1990-05-15T09:00:00","4","46.65","4.433","603.0","MONT SAINT VINCENT, FR","FM-12","99999","V020","280,1,N,0021,1","99999,9,9,N","999999,9,N,9","+0182,1","+0150,1","99999,9",,"2,000",,,,,,,,,
"07382099999","1990-05-15T12:00:00","4","46.65","4.433","603.0","MONT SAINT VINCENT, FR","FM-12","99999","V020","270,1,N,0041,1","99999,9,9,N","999999,9,N,9","+0208,1","+0151,1","99999,9","06,0000,9,1","4,000",,,,,,,,,
"07382099999","1990-05-15T15:00:00","4","46.65","4.433","603.0","MONT SAINT VINCENT, FR","FM-12","99999","V020","270,1,N,0021,1","99999,9,9,N","999999,9,N,9","+0224,1","+0132,1","99999,9",,"2,000",,,,,,,,,
"07382099999","1990-05-15T18:00:00","4","46.65","4.433","603.0","MONT SAINT VINCENT, FR","FM-12","99999","V020","320,1,N,0051,1","99999,9,9,N","999999,9,N,9","+0159,1","+0118,1","99999,9","06,0000,9,1","4,000",,,,"999,M,+0224,1",,,,"SYN011333   10224",
"07382099999","1990-05-16T06:00:00","4","46.65","4.433","603.0","MONT SAINT VINCENT, FR","FM-12","99999","V020","280,1,N,0062,1","99999,9,9,N","999999,9,N,9","+0124,1","+0120,1","99999,9","06,0000,9,1","4,000",,,"999,+0100,9","999,N,+0114,1",,,,"SYN017333   20114 3/010",
"07382099999","1990-05-16T09:00:00","4","46.65","4.433","603.0","MONT SAINT VINCENT, FR","FM-12","99999","V020","270,1,N,0062,1","99999,9,9,N","999999,9,N,9","+0161,1","+0146,1","99999,9",,"2,000",,,,,,,,,
"07382099999","1990-05-16T12:00:00","4","46.65","4.433","603.0","MONT SAINT VINCENT, FR","FM-12","99999","V020","290,1,N,0041,1","99999,9,9,N","999999,9,N,9","+0190,1","+0148,1","99999,9","06,0000,9,1","4,000",,,,,,,,,
"07382099999","1990-05-16T15:00:00","4","46.65","4.433","603.0","MONT SAINT VINCENT, FR","FM-12","99999","V020","310,1,N,0031,1","99999,9,9,N","999999,9,N,9","+0201,1","+0135,1","99999,9",,"2,000",,,,,,,,,
"07382099999","1990-05-16T18:00:00","4","46.65","4.433","603.0","MONT SAINT VINCENT, FR","FM-12","99999","V020","330,1,N,0010,1","99999,9,9,N","999999,9,N,9","+0171,1","+0124,1","99999,9","06,0000,9,1","4,000",,,,"999,M,+0203,1",,,,"SYN011333   10203",
"07382099999","1990-05-17T06:00:00","4","46.65","4.433","603.0","MONT SAINT VINCENT, FR","FM-12","99999","V020","080,1,N,0051,1","99999,9,9,N","999999,9,N,9","+0144,1","+0106,1","99999,9","06,0000,9,1","4,000",,,"999,+0100,9","999,N,+0123,1",,,,"SYN017333   20123 3/010",
"07382099999","1990-05-17T09:00:00","4","46.65","4.433","603.0","MONT SAINT VINCENT, FR","FM-12","99999","V020","080,1,N,0062,1","99999,9,9,N","999999,9,N,9","+0177,1","+0130,1","99999,9",,"2,000",,,,,,,,,
"07382099999","1990-05-17T12:00:00","4","46.65","4.433","603.0","MONT SAINT VINCENT, FR","FM-12","99999","V020","080,1,N,0041,1","99999,9,9,N","999999,9,N,9","+0204,1","+0128,1","99999,9","06,0000,9,1","4,000",,,,,,,,,
"07382099999","1990-05-17T15:00:00","4","46.65","4.433","603.0","MONT SAINT VINCENT, FR","FM-12","99999","V020","070,1,N,0031,1","99999,9,9,N","999999,9,N,9","+0197,1","+0134,1","99999,9",,"2,000",,,,,,,,,
"07382099999","1990-05-18T12:00:00","4","46.65","4.433","603.0","MONT SAINT VINCENT, FR","FM-12","99999","V020","090,1,N,0021,1","99999,9,9,N","999999,9,N,9","+0210,1","+0148,1","99999,9","06,0000,9,1","4,000",,,,,,,,,
"07382099999","1990-05-18T15:00:00","4","46.65","4.433","603.0","MONT SAINT VINCENT, FR","FM-12","99999","V020","120,1,N,0021,1","99999,9,9,N","999999,9,N,9","+0214,1","+0145,1","99999,9",,"2,000",,,,,,,,,
"07382099999","1990-05-18T18:00:00","4","46.65","4.433","603.0","MONT SAINT VINCENT, FR","FM-12","99999","V020","120,1,N,0021,1","99999,9,9,N","999999,9,N,9","+0166,1","+0117,1","99999,9","06,0000,9,1","4,000",,,,"999,M,+0216,1",,,,"SYN011333   10216",
"07382099999","1990-05-19T06:00:00","4","46.65","4.433","603.0","MONT SAINT VINCENT, FR","FM-12","99999","V020","060,1,N,0010,1","99999,9,9,N","999999,9,N,9","+0132,1","+0130,1","99999,9","06,0000,9,1","4,000",,,"999,+0120,9","999,N,+0128,1",,,,"SYN017333   20128 3/012",
"07382099999","1990-05-19T09:00:00","4","46.65","4.433","603.0","MONT SAINT VINCENT, FR","FM-12","99999","V020","350,1,N,0010,1","99999,9,9,N","999999,9,N,9","+0154,1","+0144,1","99999,9",,"2,000",,,,,,,,,
"07382099999","1990-05-19T12:00:00","4","46.65","4.433","603.0","MONT SAINT VINCENT, FR","FM-12","99999","V020","360,1,N,0010,1","99999,9,9,N","999999,9,N,9","+0183,1","+0145,1","99999,9","06,0000,9,1","4,000",,,,,,,,,
"07382099999","1990-05-20T06:00:00","4","46.65","4.433","603.0","MONT SAINT VINCENT, FR","FM-12","99999","V020","070,1,N,0021,1","99999,9,9,N","999999,9,N,9","+0148,1","+0124,1","99999,9","06,0000,9,1","4,000",,,"999,+0100,9","999,N,+0122,1",,,,"SYN017333   20122 3/010",
"07382099999","1990-05-20T09:00:00","4","46.65","4.433","603.0","MONT SAINT VINCENT, FR","FM-12","99999","V020","080,1,N,0031,1","99999,9,9,N","999999,9,N,9","+0179,1","+0132,1","99999,9",,"2,000",,,,,,,,,
"07382099999","1990-05-20T12:00:00","4","46.65","4.433","603.0","MONT SAINT VINCENT, FR","FM-12","99999","V020","080,1,N,0031,1","99999,9,9,N","999999,9,N,9","+0195,1","+0138,1","99999,9","06,0000,9,1","4,000",,,,,,,,,
"07382099999","1990-05-21T06:00:00","4","46.65","4.433","603.0","MONT SAINT VINCENT, FR","FM-12","99999","V020","270,1,N,0051,1","99999,9,9,N","999999,9,N,9","+0123,1","+9999,9","99999,9","99,0005,9,1","0,000",,,"999,+0110,9","999,N,+0119,1",,,,"SYN017333   20119 3/011",
"07382099999","1990-05-21T12:00:00","4","46.65","4.433","603.0","MONT SAINT VINCENT, FR","FM-12","99999","V020","290,1,N,0072,1","99999,9,9,N","999999,9,N,9","+0166,1","+0144,1","99999,9","06,0000,9,1","4,000",,,,,,,,,
"07382099999","1990-05-21T18:00:00","4","46.65","4.433","603.0","MONT SAINT VINCENT, FR","FM-12","99999","V020","300,1,N,0031,1","99999,9,9,N","999999,9,N,9","+0175,1","+0126,1","99999,9","06,0000,9,1","4,000",,,,"999,M,+0191,1",,,,"SYN011333   10191",
"07382099999","1990-05-22T06:00:00","4","46.65","4.433","603.0","MONT SAINT VINCENT, FR","FM-12","99999","V020","080,1,N,0021,1","99999,9,9,N","999999,9,N,9","+0121,1","+0119,1","99999,9","06,0000,9,1","4,000",,,"999,+0070,9","999,N,+0116,1",,,,"SYN017333   20116 3/007",
"07382099999","1990-05-22T09:00:00","4","46.65","4.433","603.0","MONT SAINT VINCENT, FR","FM-12","99999","V020","090,1,N,0041,1","99999,9,9,N","999999,9,N,9","+0173,1","+0142,1","99999,9",,"2,000",,,,,,,,,
"07382099999","1990-05-22T12:00:00","4","46.65","4.433","603.0","MONT SAINT VINCENT, FR","FM-12","99999","V020","070,1,N,0031,1","99999,9,9,N","999999,9,N,9","+0196,1","+0146,1","99999,9","06,0000,9,1","4,000",,,,,,,,,
"07382099999","1990-05-22T15:00:00","4","46.65","4.433","603.0","MONT SAINT VINCENT, FR","FM-12","99999","V020","120,1,N,0041,1","99999,9,9,N","999999,9,N,9","+0182,1","+0128,1","99999,9",,"2,000",,,,,,,,,
"07382099999","1990-05-22T18:00:00","4","46.65","4.433","603.0","MONT SAINT VINCENT, FR","FM-12","99999","V020","120,1,N,0051,1","99999,9,9,N","999999,9,N,9","+0158,1","+0123,1","99999,9","06,0000,9,1","4,000",,,,"999,M,+0207,1",,,,"SYN011333   10207",
"07382099999","1990-05-23T09:00:00","4","46.65","4.433","603.0","MONT SAINT VINCENT, FR","FM-12","99999","V020","230,1,N,0021,1","99999,9,9,N","999999,9,N,9","+0174,1","+0142,1","99999,9",,"2,000",,,,,,,,,
"07382099999","1990-05-23T12:00:00","4","46.65","4.433","603.0","MONT SAINT VINCENT, FR","FM-12","99999","V020","230,1,N,0010,1","99999,9,9,N","999999,9,N,9","+0201,1","+0133,1","99999,9","06,0000,9,1","4,000",,,,,,,,,
"07382099999","1990-05-23T15:00:00","4","46.65","4.433","603.0","MONT SAINT VINCENT, FR","FM-12","99999","V020","190,1,N,0031,1","99999,9,9,N","999999,9,N,9","+0188,1","+0148,1","99999,9",,"2,000",,,,,,,,,
"07382099999","1990-05-23T18:00:00","4","46.65","4.433","603.0","MONT SAINT VINCENT, FR","FM-12","99999","V020","999,9,9,9999,9","99999,9,9,N","999999,9,N,9","+9999,9","+9999,9","99999,9","99,9999,2,9","0,000",,,,"999,M,+0215,1",,,,"SYN011333   10215",
"07382099999","1990-05-24T06:00:00","4","46.65","4.433","603.0","MONT SAINT VINCENT, FR","FM-12","99999","V020","260,1,N,0041,1","99999,9,9,N","999999,9,N,9","+0123,1","+0013,1","99999,9","06,0000,9,1","4,000",,,"999,+0050,9","999,N,+0116,1",,,,"SYN017333   20116 3/005",
"07382099999","1990-05-24T12:00:00","4","46.65","4.433","603.0","MONT SAINT VINCENT, FR","FM-12","99999","V020","240,1,N,0021,1","99999,9,9,N","999999,9,N,9","+0201,1","+0037,1","99999,9","06,0000,9,1","4,000",,,,,,,,,
"07382099999","1990-05-25T06:00:00","4","46.65","4.433","603.0","MONT SAINT VINCENT, FR","FM-12","99999","V020","180,1,N,0021,1","99999,9,9,N","999999,9,N,9","+0113,1","+0038,1","99999,9","06,0000,9,1","4,000",,,"999,+0030,9","999,N,+0098,1",,,,"SYN017333   20098 3/003",
"07382099999","1990-05-25T09:00:00","4","46.65","4.433","603.0","MONT SAINT VINCENT, FR","FM-12","99999","V020","330,1,N,0021,1","99999,9,9,N","999999,9,N,9","+0128,1","+0108,1","99999,9",,"2,000",,,,,,,,,
"07382099999","1990-05-25T18:00:00","4","46.65","4.433","603.0","MONT SAINT VINCENT, FR","FM-12","99999","V020","040,1,N,0031,1","99999,9,9,N","999999,9,N,9","+0142,1","+0086,1","99999,9","06,0000,9,1","4,000",,,,"999,M,+0175,1",,,,"SYN011333   10175",
"07382099999","1990-05-26T06:00:00","4","46.65","4.433","603.0","MONT SAINT VINCENT, FR","FM-12","99999","V020","060,1,N,0051,1","99999,9,9,N","999999,9,N,9","+0088,1","+0055,1","99999,9","06,0000,9,1","4,000",,,"999,+0050,9","999,N,+0067,1",,,,"SYN017333   20067 3/005",
"07382099999","1990-05-26T09:00:00","4","46.65","4.433","603.0","MONT SAINT VINCENT, FR","FM-12","99999","V020","020,1,N,0031,1","99999,9,9,N","999999,9,N,9","+0133,1","+0077,1","99999,9",,"2,000",,,,,,,,,
"07382099999","1990-05-26T12:00:00","4","46.65","4.433","603.0","MONT SAINT VINCENT, FR","FM-12","99999","V020","050,1,N,0051,1","99999,9,9,N","999999,9,N,9","+0163,1","+0092,1","99999,9","06,0000,9,1","4,000",,,,,,,,,
"07382099999","1990-05-27T09:00:00","4","46.65","4.433","603.0","MONT SAINT VINCENT, FR","FM-12","99999","V020","999,9,9,9999,9","99999,9,9,N","999999,9,N,9","+9999,9","+9999,9","99999,9",,"2,000",,,,,,,,,
"07382099999","1990-05-27T12:00:00","4","46.65","4.433","603.0","MONT SAINT VINCENT, FR","FM-12","99999","V020","050,1,N,0051,1","99999,9,9,N","999999,9,N,9","+0160,1","+0058,1","99999,9","06,0000,9,1","4,000",,,,,,,,,
"07382099999","1990-05-28T06:00:00","4","46.65","4.433","603.0","MONT SAINT VINCENT, FR","FM-12","99999","V020","060,1,N,0031,1","99999,9,9,N","999999,9,N,9","+0100,1","+0032,1","99999,9","06,0000,9,1","4,000",,,"999,+0060,9","999,N,+0084,1",,,,"SYN017333   20084 3/006",
"07382099999","1990-05-28T09:00:00","4","46.65","4.433","603.0","MONT SAINT VINCENT, FR","FM-12","99999","V020","050,1,N,0041,1","99999,9,9,N","999999,9,N,9","+0150,1","+0060,1","99999,9",,"2,000",,,,,,,,,
"07382099999","1990-05-28T12:00:00","4","46.65","4.433","603.0","MONT SAINT VINCENT, FR","FM-12","99999","V020","360,1,N,0051,1","99999,9,9,N","999999,9,N,9","+0162,1","+0057,1","99999,9","06,0000,9,1","4,000",,,,,,,,,
"07382099999","1990-05-28T18:00:00","4","46.65","4.433","603.0","MONT SAINT VINCENT, FR","FM-12","99999","V020","010,1,N,0031,1","99999,9,9,N","999999,9,N,9","+0143,1","+0045,1","99999,9","06,0000,9,1","4,000",,,,"999,M,+0174,1",,,,"SYN011333   10174",
"07382099999","1990-05-29T06:00:00","4","46.65","4.433","603.0","MONT SAINT VINCENT, FR","FM-12","99999","V020","070,1,N,0062,1","99999,9,9,N","999999,9,N,9","+0091,1","+0030,1","99999,9","06,0000,9,1","4,000",,,"999,+0040,9","999,N,+0055,1",,,,"SYN017333   20055 3/004",
"07382099999","1990-05-29T09:00:00","4","46.65","4.433","603.0","MONT SAINT VINCENT, FR","FM-12","99999","V020","050,1,N,0051,1","99999,9,9,N","999999,9,N,9","+0128,1","+0034,1","99999,9",,"2,000",,,,,,,,,
"07382099999","1990-05-29T15:00:00","4","46.65","4.433","603.0","MONT SAINT VINCENT, FR","FM-12","99999","V020","010,1,N,0021,1","99999,9,9,N","999999,9,N,9","+0162,1","+0048,1","99999,9",,"2,000",,,,,,,,,
"07382099999","1990-05-29T18:00:00","4","46.65","4.433","603.0","MONT SAINT VINCENT, FR","FM-12","99999","V020","070,1,N,0021,1","99999,9,9,N","999999,9,N,9","+0130,1","+0044,1","99999,9","06,0000,9,1","4,000",,,,"999,M,+0164,1",,,,"SYN011333   10164",
"07382099999","1990-05-30T06:00:00","4","46.65","4.433","603.0","MONT SAINT VINCENT, FR","FM-12","99999","V020","999,1,C,0000,1","99999,9,9,N","999999,9,N,9","+0103,1","+0028,1","99999,9","06,0000,9,1","4,000",,,"999,+0060,9","999,N,+0091,1",,,,"SYN017333   20091 3/006",
"07382099999","1990-05-30T09:00:00","4","46.65","4.433","603.0","MONT SAINT VINCENT, FR","FM-12","99999","V020","999,9,9,9999,9","99999,9,9,N","999999,9,N,9","+9999,9","+9999,9","99999,9",,"2,000",,,,,,,,,
"07382099999","1990-05-30T12:00:00","4","46.65","4.433","603.0","MONT SAINT VINCENT, FR","FM-12","99999","V020","310,1,N,0031,1","99999,9,9,N","999999,9,N,9","+0168,1","+0057,1","99999,9","06,0000,9,1","4,000",,,,,,,,,
"07382099999","1990-05-30T15:00:00","4","46.65","4.433","603.0","MONT SAINT VINCENT, FR","FM-12","99999","V020","300,1,N,0021,1","99999,9,9,N","999999,9,N,9","+0159,1","+0046,1","99999,9",,"2,000",,,,,,,,,
"07382099999","1990-05-30T18:00:00","4","46.65","4.433","603.0","MONT SAINT VINCENT, FR","FM-12","99999","V020","360,1,N,0010,1","99999,9,9,N","999999,9,N,9","+0147,1","+0057,1","99999,9","06,0000,9,1","4,000",,,,"999,M,+0176,1",,,,"SYN011333   10176",
"07382099999","1990-05-31T06:00:00","4","46.65","4.433","603.0","MONT SAINT VINCENT, FR","FM-12","99999","V020","110,1,N,0031,1","99999,9,9,N","999999,9,N,9","+0138,1","+0066,1","99999,9","06,0000,9,1","4,000",,,"999,+0040,9","999,N,+0104,1",,,,"SYN017333   20104 3/004",
"07382099999","1990-05-31T12:00:00","4","46.65","4.433","603.0","MONT SAINT VINCENT, FR","FM-12","99999","V020","120,1,N,0051,1","99999,9,9,N","999999,9,N,9","+0187,1","+0074,1","99999,9","06,0000,9,1","4,000",,,,,,,,,
"07382099999","1990-05-31T15:00:00","4","46.65","4.433","603.0","MONT SAINT VINCENT, FR","FM-12","99999","V020","120,1,N,0021,1","99999,9,9,N","999999,9,N,9","+0193,1","+0083,1","99999,9",,"2,000",,,,,,,,,
"07382099999","1990-06-02T06:00:00","4","46.65","4.433","603.0","MONT SAINT VINCENT, FR","FM-12","99999","V020","290,1,N,0082,1","99999,9,9,N","999999,9,N,9","-0011,1","-0013,1","99999,9","06,0000,9,1","4,000",,,"999,-0020,9","999,N,-0017,1",,,,"SYN017333   21017 3/102",
"07382099999","1990-06-02T09:00:00","4","46.65","4.433","603.0","MONT SAINT VINCENT, FR","FM-12","99999","V020","280,1,N,0072,1","99999,9,9,N","999999,9,N,9","+0113,1","+9999,9","99999,9",,"2,000",,,,,,,,,
"07382099999","1990-06-02T12:00:00","4","46.65","4.433","603.0","MONT SAINT VINCENT, FR","FM-12","99999","V020","270,1,N,0087,1","99999,9,9,N","999999,9,N,9","+0137,1","+0106,1","99999,9","06,0010,9,1","0,000",,,,,,,,,
"07382099999","1990-06-03T06:00:00","4","46.65","4.433","603.0","MONT SAINT VINCENT, FR","FM-12","99999","V020","010,1,N,0021,1","99999,9,9,N","999999,9,N,9","-0023,1","-0061,1","99999,9","06,0000,9,1","4,000",,,"999,-0050,9","999,N,-0031,1",,,,"SYN017333   21031 3/105",
"07382099999","1990-06-03T09:00:00","4","46.65","4.433","603.0","MONT SAINT VINCENT, FR","FM-12","99999","V020","250,1,N,0041,1","99999,9,9,N","999999,9,N,9","+0144,2","+0115,2","99999,9",,"2,000",,,,,,,,,"Q01+028763ATOT  Q02+028473ATOD  "
"07382099999","1990-06-03T12:00:00","4","46.65","4.433","603.0","MONT SAINT VINCENT, FR","FM-12","99999","V020","240,1,N,0051,1","99999,9,9,N","999999,9,N,9","+0167,1","+0116,1","99999,9","06,0000,9,1","4,000",,,,,,,,,
"07382099999","1990-06-04T06:00:00","4","46.65","4.433","603.0","MONT SAINT VINCENT, FR","FM-12","99999","V020","300,1,N,0031,1","99999,9,9,N","999999,9,N,9","+0097,1","+9999,9","99999,9","99,0110,9,1","0,000",,,"999,+0100,9","999,N,+0097,1",,,,"SYN017333   20097 3/010",
"07382099999","1990-06-04T12:00:00","4","46.65","4.433","603.0","MONT SAINT VINCENT, FR","FM-12","99999","V020","270,1,N,0041,1","99999,9,9,N","999999,9,N,9","+0131,1","+0119,1","99999,9","06,0010,9,1","0,000",,,,,,,,,
"07382099999","1990-06-05T06:00:00","4","46.65","4.433","603.0","MONT SAINT VINCENT, FR","FM-12","99999","V020","080,1,N,0041,1","99999,9,9,N","999999,9,N,9","+0099,1","+0073,1","99999,9","06,0000,9,1","4,000",,,"999,+0060,9","999,N,+0088,1",,,,"SYN017333   20088 3/006",
"07382099999","1990-06-05T09:00:00","4","46.65","4.433","603.0","MONT SAINT VINCENT, FR","FM-12","99999","V020","090,1,N,0021,1","99999,9,9,N","999999,9,N,9","+0145,1","+0099,1","99999,9",,"2,000",,,,,,,,,
"07382099999","1990-06-05T12:00:00","4","46.65","4.433","603.0","MONT SAINT VINCENT, FR","FM-12","99999","V020","020,1,N,0010,1","99999,9,9,N","999999,9,N,9","+0117,1","+0106,1","99999,9","06,0020,9,1","0,000",,,,,,,,,
"07382099999","1990-06-05T15:00:00","4","46.65","4.433","603.0","MONT SAINT VINCENT, FR","FM-12","99999","V020","280,1,N,0021,1","99999,9,9,N","999999,9,N,9","+0111,1","+0104,1","99999,9",,"2,000",,,,,,,,,
"07382099999","1990-06-06T06:00:00","4","46.65","4.433","603.0","MONT SAINT VINCENT, FR","FM-12","99999","V020","280,1,N,0031,1","99999,9,9,N","999999,9,N,9","+0088,1","+9999,9","99999,9","99,0003,9,1","0,000",,,"999,+0080,9","999,N,+0083,1",,,,"SYN017333   20083 3/008",
"07382099999","1990-06-06T09:00:00","4","46.65","4.433","603.0","MONT SAINT VINCENT, FR","FM-12","99999","V020","290,1,N,0031,1","99999,9,9,N","999999,9,N,9","+0118,1","+0114,1","99999,9",,"2,000",,,,,,,,,
"07382099999","1990-06-06T12:00:00","4","46.65","4.433","603.0","MONT SAINT VINCENT, FR","FM-12","99999","V020","300,1,N,0031,1","99999,9,9,N","999999,9,N,9","+0131,1","+0114,1","99999,9","06,0000,9,1","4,000",,,,,,,,,
"07382099999","1990-06-06T15:00:00","4","46.65","4.433","603.0","MONT SAINT VINCENT, FR","FM-12","99999","V020","280,1,N,0031,1","99999,9,9,N","999999,9,N,9","+0163,1","+0122,1","99999,9",,"2,000",,,,,,,,,
"07382099999","1990-06-06T18:00:00","4","46.65","4.433","603.0","MONT SAINT VINCENT, FR","FM-12","99999","V020","270,1,N,0051,1","99999,9,9,N","999999,9,N,9","+0134,1","+0107,1","99999,9","06,0000,9,1","4,000",,,,"999,M,+0164,1",,,,"SYN011333   10164",
"07382099999","1990-06-07T15:00:00","4","46.65","4.433","603.0","MONT SAINT VINCENT, FR","FM-12","99999","V020","200,1,N,0041,1","99999,9,9,N","999999,9,N,9","+0144,1","+9999,9","99999,9",,"2,000",,,,,,,,,
"07382099999","1990-06-07T18:00:00","4","46.65","4.433","603.0","MONT SAINT VINCENT, FR","FM-12","99999","V020","270,1,N,0051,1","99999,9,9,N","999999,9,N,9","+0139,1","+9999,9","99999,9","99,0070,9,1","0,000",,,,"999,M,+0146,1",,,,"SYN011333   10146",
"07382099999","1990-06-08T06:00:00","4","46.65","4.433","603.0","MONT SAINT VINCENT, FR","FM-12","99999","V020","280,1,N,0082,1","99999,9,9,N","999999,9,N,9","+0095,1","+9999,9","99999,9","99,0100,9,1","0,000",,,"999,+0090,9","999,N,+0093,1",,,,"SYN017333   20093 3/009",
"07382099999","1990-06-08T09:00:00","4","46.65","4.433","603.0","MONT SAINT VINCENT, FR","FM-12","99999","V020","280,1,N,0087,1","99999,9,9,N","999999,9,N,9","+0094,1","+0092,1","99999,9",,"2,000",,,,,,,,,
"07382099999","1990-06-08T12:00:00","4","46.65","4.433","603.0","MONT SAINT VINCENT, FR","FM-12","99999","V020","290,1,N,0051,1","99999,9,9,N","999999,9,N,9","+0118,1","+0093,1","99999,9","06,0000,9,1","4,000",,,,,,,,,
"07382099999","1990-06-08T18:00:00","4","46.65","4.433","603.0","MONT SAINT VINCENT, FR","FM-12","99999","V020","290,1,N,0072,1","99999,9,9,N","999999,9,N,9","+0122,1","+0079,1","99999,9","06,0000,9,1","4,000",,,,"999,M,+0148,1",,,,"SYN011333   10148",
"07382099999","1990-06-09T06:00:00","4","46.65","4.433","603.0","MONT SAINT VINCENT, FR","FM-12","99999","V020","270,1,N,0098,1","99999,9,9,N","999999,9,N,9","+0072,1","+9999,9","99999,9","99,0010,9,1","0,000",,,"999,+0050,9","999,N,+0070,1",,,,"SYN017333   20070 3/005",
"07382099999","1990-06-09T09:00:00","4","46.65","4.433","603.0","MONT SAINT VINCENT, FR","FM-12","99999","V020","270,1,N,0118,1","99999,9,9,N","999999,9,N,9","+0078,1","+0076,1","99999,9",,"2,000",,,,,,,,,
"07382099999","1990-06-09T12:00:00","4","46.65","4.433","603.0","MONT SAINT VINCENT, FR","FM-12","99999","V020","270,1,N,0098,1","99999,9,9,N","999999,9,N,9","+0106,1","+0104,1","99999,9","06,0030,9,1","0,000",,,,,,,,,
"07382099999","1990-06-10T06:00:00","4","46.65","4.433","603.0","MONT SAINT VINCENT, FR","FM-12","99999","V020","300,1,N,0031,1","99999,9,9,N","999999,9,N,9","+0074,1","+9999,9","99999,9","99,0020,9,1","0,000",,,"999,+0070,9","999,N,+0066,1",,,,"SYN017333   20066 3/007",
"07382099999","1990-06-10T09:00:00","4","46.65","4.433","603.0","MONT SAINT VINCENT, FR","FM-12","99999","V020","320,1,N,0021,1","99999,9,9,N","999999,9,N,9","+0099,1","+0097,1","99999,9",,"2,000",,,,,,,,,
"07382099999","1990-06-10T12:00:00","4","46.65","4.433","603.0","MONT SAINT VINCENT, FR","FM-12","99999","V020","310,1,N,0010,1","99999,9,9,N","999999,9,N,9","+0123,1","+0107,1","99999,9","06,0000,9,1","4,000",,,,,,,,,
"07382099999","1990-06-11T06:00:00","4","46.65","4.433","603.0","MONT SAINT VINCENT, FR","FM-12","99999","V020","070,1,N,0031,1","99999,9,9,N","999999,9,N,9","+0116,1","+0096,1","99999,9","06,0000,9,1","4,000",,,"999,+0050,9","999,N,+0087,1",,,,"SYN017333   20087 3/005",
"07382099999","1990-06-11T09:00:00","4","46.65","4.433","603.0","MONT SAINT VINCENT, FR","FM-12","99999","V020","070,1,N,0031,1","99999,9,9,N","999999,9,N,9","+0157,1","+0120,1","99999,9",,"2,000",,,,,,,,,
"07382099999","1990-06-12T06:00:00","4","46.65","4.433","603.0","MONT SAINT VINCENT, FR","FM-12","99999","V020","320,1,N,0010,1","99999,9,9,N","999999,9,N,9","+0096,1","+0094,1","99999,9","06,0000,9,1","4,000",,,"999,+0090,9","999,N,+0091,1",,,,"SYN017333   20091 3/009",
"07382099999","1990-06-12T12:00:00","4","46.65","4.433","603.0","MONT SAINT VINCENT, FR","FM-12","99999","V020","350,1,N,0021,1","99999,9,9,N","999999,9,N,9","+0150,1","+0123,1","99999,9","06,0000,9,1","4,000",,,,,,,,,
"07382099999","1990-06-12T15:00:00","4","46.65","4.433","603.0","MONT SAINT VINCENT, FR","FM-12","99999","V020","280,1,N,0010,1","99999,9,9,N","999999,9,N,9","+0127,1","+0125,1","99999,9",,"2,000",,,,,,,,,
"07382099999","1990-06-12T18:00:00","4","46.65","4.433","603.0","MONT SAINT VINCENT, FR","FM-12","99999","V020","310,1,N,0010,1","99999,9,9,N","999999,9,N,9","+0135,1","+0133,1","99999,9","99,0040,9,1","0,000",,,,"999,M,+0159,1",,,,"SYN011333   10159",
"07382099999","1990-06-13T06:00:00","4","46.65","4.433","603.0","MONT SAINT VINCENT, FR","FM-12","99999","V020","360,1,N,0021,1","99999,9,9,N","999999,9,N,9","+0097,1","+0095,1","99999,9","06,0000,9,1","4,000",,,"999,+0090,9","999,N,+0090,1",,,,"SYN017333   20090 3/009",
"07382099999","1990-06-13T15:00:00","4","46.65","4.433","603.0","MONT SAINT VINCENT, FR","FM-12","99999","V020","350,1,N,0021,1","99999,9,9,N","999999,9,N,9","+0157,1","+0104,1","99999,9",,"2,000",,,,,,,,,
"07382099999","1990-06-13T18:00:00","4","46.65","4.433","603.0","MONT SAINT VINCENT, FR","FM-12","99999","V020","030,1,N,0010,1","99999,9,9,N","999999,9,N,9","+0140,1","+0096,1","99999,9","06,0000,9,1","4,000",,,,"999,M,+0161,1",,,,"SYN011333   10161",
"07382099999","1990-06-14T06:00:00","4","46.65","4.433","603.0","MONT SAINT VINCENT, FR","FM-12","99999","V020","070,1,N,0041,1","99999,9,9,N","999999,9,N,9","+0099,1","+0097,1","99999,9","06,0000,9,1","4,000",,,"999,+0070,9","999,N,+0078,1",,,,"SYN017333   20078 3/007",
"07382099999","1990-06-14T09:00:00","4","46.65","4.433","603.0","MONT SAINT VINCENT, FR","FM-12","99999","V020","090,1,N,0021,1","99999,9,9,N","999999,9,N,9","+0146,1","+0121,1","99999,9",,"2,000",,,,,,,,,
"07382099999","1990-06-14T12:00:00","4","46.65","4.433","603.0","MONT SAINT VINCENT, FR","FM-12","99999","V020","999,1,C,0000,1","99999,9,9,N","999999,9,N,9","+0165,1","+0101,1","99999,9","06,0000,9,1","4,000",,,,,,,,,
"07382099999","1990-06-14T15:00:00","4","46.65","4.433","603.0","MONT SAINT VINCENT, FR","FM-12","99999","V020","070,1,N,0021,1","99999,9,9,N","999999,9,N,9","+0179,1","+0110,1","99999,9",,"2,000",,,,,,,,,
"07382099999","1990-06-14T18:00:00","4","46.65","4.433","603.0","MONT SAINT VINCENT, FR","FM-12","99999","V020","040,1,N,0021,1","99999,9,9,N","999999,9,N,9","+0163,1","+0103,1","99999,9","06,0000,9,1","4,000",,,,"999,M,+0186,1",,,,"SYN011333   10186",
"07382099999","1990-06-15T06:00:00","4","46.65","4.433","603.0","MONT SAINT VINCENT, FR","FM-12","99999","V020","070,1,N,0031,1","99999,9,9,N","999999,9,N,9","+0105,1","+0100,1","99999,9","06,0000,9,1","4,000",,,"999,+0090,9","999,N,+0094,1",,,,"SYN017333   20094 3/009",
"07382099999","1990-06-15T09:00:00","4","46.65","4.433","603.0","MONT SAINT VINCENT, FR","FM-12","99999","V020","080,1,N,0031,1","99999,9,9,N","999999,9,N,9","+0165,1","+0130,1","99999,9",,"2,000",,,,,,,,,
"07382099999","1990-06-15T12:00:00","4","46.65","4.433","603.0","MONT SAINT VINCENT, FR","FM-12","99999","V020","350,1,N,0010,1","99999,9,9,N","999999,9,N,9","+0179,1","+0100,1","99999,9","06,0000,9,1","4,000",,,,,,,,,
"07382099999","1990-06-15T15:00:00","4","46.65","4.433","603.0","MONT SAINT VINCENT, FR","FM-12","99999","V020","360,1,N,0021,1","99999,9,9,N","999999,9,N,9","+0178,1","+0104,1","99999,9",,"2,000",,,,,,,,,
"07382099999","1990-06-15T18:00:00","4","46.65","4.433","603.0","MONT SAINT VINCENT, FR","FM-12","99999","V020","040,1,N,0021,1","99999,9,9,N","999999,9,N,9","+0171,1","+0100,1","99999,9","06,0000,9,1","4,000",,,,"999,M,+0191,1",,,,"SYN011333   10191",
"07382099999","1990-06-16T06:00:00","4","46.65","4.433","603.0","MONT SAINT VINCENT, FR","FM-12","99999","V020","070,1,N,0031,1","99999,9,9,N","999999,9,N,9","+0130,1","+0101,1","99999,9","06,0000,9,1","4,000",,,"999,+0090,9","999,N,+0107,1",,,,"SYN017333   20107 3/009",
"07382099999","1990-06-16T09:00:00","4","46.65","4.433","603.0","MONT SAINT VINCENT, FR","FM-12","99999","V020","100,1,N,0010,1","99999,9,9,N","999999,9,N,9","+0174,1","+0133,1","99999,9",,"2,000",,,,,,,,,
"07382099999","1990-06-16T12:00:00","4","46.65","4.433","603.0","MONT SAINT VINCENT, FR","FM-12","99999","V020","999,1,C,0000,1","99999,9,9,N","999999,9,N,9","+0186,1","+0114,1","99999,9","06,0000,9,1","4,000",,,,,,,,,
"07382099999","1990-06-17T06:00:00","4","46.65","4.433","603.0","MONT SAINT VINCENT, FR","FM-12","99999","V020","100,1,N,0010,1","99999,9,9,N","999999,9,N,9","+0163,1","+0110,1","99999,9","06,0000,9,1","4,000",,,"999,+0100,9","999,N,+0122,1",,,,"SYN017333   20122 3/010",
"07382099999","1990-06-17T09:00:00","4","46.65","4.433","603.0","MONT SAINT VINCENT, FR","FM-12","99999","V020","120,1,N,0041,1","99999,9,9,N","999999,9,N,9","+0188,1","+0125,1","99999,9",,"2,000",,,,,,,,,
"07382099999","1990-06-17T12:00:00","4","46.65","4.433","603.0","MONT SAINT VINCENT, FR","FM-12","99999","V020","140,1,N,0021,1","99999,9,9,N","999999,9,N,9","+0214,1","+0138,1","99999,9","06,0000,9,1","4,000",,,,,,,,,
"07382099999","1990-06-18T06:00:00","4","46.65","4.433","603.0","MONT SAINT VINCENT, FR","FM-12","99999","V020","280,1,N,0082,1","99999,9,9,N","999999,9,N,9","+0111,1","+9999,9","99999,9","99,0070,9,1","0,000",,,"999,+0110,9","999,N,+0111,1",,,,"SYN017333   20111 3/011",
"07382099999","1990-06-18T12:00:00","4","46.65","4.433","603.0","MONT SAINT VINCENT, FR","FM-12","99999","V020","260,1,N,0031,1","99999,9,9,N","999999,9,N,9","+0179,1","+0151,1","99999,9","06,0000,9,1","4,000",,,,,,,,,
"07382099999","1990-06-18T18:00:00","4","46.65","4.433","603.0","MONT SAINT VINCENT, FR","FM-12","99999","V020","130,1,N,0031,1","99999,9,9,N","999999,9,N,9","+0174,1","+0142,1","99999,9","06,0000,9,1","4,000",,,,"999,M,+0203,1",,,,"SYN011333   10203",
"07382099999","1990-06-19T06:00:00","4","46.65","4.433","603.0","MONT SAINT VINCENT, FR","FM-12","99999","V020","240,1,N,0010,1","99999,9,9,N","999999,9,N,9","+0165,1","+0145,1","99999,9","06,0000,9,1","4,000",,,"999,+0120,9","999,N,+0143,1",,,,"SYN017333   20143 3/012",
"07382099999","1990-06-19T09:00:00","4","46.65","4.433","603.0","MONT SAINT VINCENT, FR","FM-12","99999","V020","290,1,N,0021,1","99999,9,9,N","999999,9,N,9","+0203,1","+0148,1","99999,9",,"2,000",,,,,,,,,
"07382099999","1990-06-19T12:00:00","4","46.65","4.433","603.0","MONT SAINT VINCENT, FR","FM-12","99999","V020","110,1,N,0031,1","99999,9,9,N","999999,9,N,9","+0219,1","+0168,1","99999,9","06,0000,9,1","4,000",,,,,,,,,
"07382099999","1990-06-19T15:00:00","4","46.65","4.433","603.0","MONT SAINT VINCENT, FR","FM-12","99999","V020","120,1,N,0041,1","99999,9,9,N","999999,9,N,9","+0148,1","+9999,9","99999,9",,"2,000",,,,,,,,,
"07382099999","1990-06-19T18:00:00","4","46.65","4.433","603.0","MONT SAINT VINCENT, FR","FM-12","99999","V020","310,1,N,0051,1","99999,9,9,N","999999,9,N,9","+0145,1","+9999,9","99999,9","06,0000,9,1","4,000",,,,"999,M,+0231,1",,,,"SYN011333   10231",
"07382099999","1990-06-20T06:00:00","4","46.65","4.433","603.0","MONT SAINT VINCENT, FR","FM-12","99999","V020","300,1,N,0041,1","99999,9,9,N","999999,9,N,9","+0112,1","+9999,9","99999,9","99,0290,9,1","0,000",,,"999,+0110,9","999,N,+0110,1",,,,"SYN017333   20110 3/011",
"07382099999","1990-06-20T09:00:00","4","46.65","4.433","603.0","MONT SAINT VINCENT, FR","FM-12","99999","V020","280,1,N,0021,1","99999,9,9,N","999999,9,N,9","+0121,1","+9999,9","99999,9",,"2,000",,,,,,,,,
"07382099999","1990-06-20T12:00:00","4","46.65","4.433","603.0","MONT SAINT VINCENT, FR","FM-12","99999","V020","280,1,N,0041,1","99999,9,9,N","999999,9,N,9","+0145,1","+0143,1","99999,9","06,0070,9,1","0,000",,,,,,,,,
"07382099999","1990-06-20T18:00:00","4","46.65","4.433","603.0","MONT SAINT VINCENT, FR","FM-12","99999","V020","220,1,N,0021,1","99999,9,9,N","999999,9,N,9","+0145,1","+0143,1","99999,9","99,0070,9,1","0,000",,,,"999,M,+0154,1",,,,"SYN011333   10154",
"07382099999","1990-06-21T06:00:00","4","46.65","4.433","603.0","MONT SAINT VINCENT, FR","FM-12","99999","V020","270,1,N,0072,1","99999,9,9,N","999999,9,N,9","+0114,1","+0107,1","99999,9","99,0005,9,1","0,000",,,"999,+0090,9","999,N,+0098,1",,,,"SYN017333   20098 3/009",
"07382099999","1990-06-21T09:00:00","4","46.65","4.433","603.0","MONT SAINT VINCENT, FR","FM-12","99999","V020","200,1,N,0010,1","99999,9,9,N","999999,9,N,9","+0146,1","+0119,1","99999,9",,"2,000",,,,,,,,,
"07382099999","1990-06-21T12:00:00","4","46.65","4.433","603.0","MONT SAINT VINCENT, FR","FM-12","99999","V020","200,1,N,0041,1","99999,9,9,N","999999,9,N,9","+0181,1","+0125,1","99999,9","06,0000,9,1","4,000",,,,,,,,,
"07382099999","1990-06-21T18:00:00","4","46.65","4.433","603.0","MONT SAINT VINCENT, FR","FM-12","99999","V020","210,1,N,0041,1","99999,9,9,N","999999,9,N,9","+0141,1","+0133,1","99999,9","99,0020,9,1","0,000",,,,"999,M,+0204,1",,,,"SYN011333   10204",
"07382099999","1990-06-22T06:00:00","4","46.65","4.433","603.0","MONT SAINT VINCENT, FR","FM-12","99999","V020","260,1,N,0087,1","99999,9,9,N","999999,9,N,9","+0103,1","+9999,9","99999,9","99,0080,9,1","0,000",,,"999,+0090,9","999,N,+0090,1",,,,"SYN017333   20090 3/009",
"07382099999","1990-06-22T09:00:00","4","46.65","4.433","603.0","MONT SAINT VINCENT, FR","FM-12","99999","V020","260,1,N,0118,1","99999,9,9,N","999999,9,N,9","+0132,1","+0107,1","99999,9",,"2,000",,,,,,,,,
"07382099999","1990-06-22T12:00:00","4","46.65","4.433","603.0","MONT SAINT VINCENT, FR","FM-12","99999","V020","260,1,N,0118,1","99999,9,9,N","999999,9,N,9","+0154,1","+0113,1","99999,9","06,0000,9,1","4,000",,,,,,,,,
"07382099999","1990-06-23T06:00:00","4","46.65","4.433","603.0","MONT SAINT VINCENT, FR","FM-12","99999","V020","280,1,N,0062,1","99999,9,9,N","999999,9,N,9","+0092,1","+0090,1","99999,9","99,0010,9,1","0,000",,,"999,+0080,9","999,N,+0083,1",,,,"SYN017333   20083 3/008",
"07382099999","1990-06-23T09:00:00","4","46.65","4.433","603.0","MONT SAINT VINCENT, FR","FM-12","99999","V020","260,1,N,0041,1","99999,9,9,N","999999,9,N,9","+0120,1","+0100,1","99999,9",,"2,000",,,,,,,,,
"07382099999","1990-06-23T12:00:00","4","46.65","4.433","603.0","MONT SAINT VINCENT, FR","FM-12","99999","V020","250,1,N,0051,1","99999,9,9,N","999999,9,N,9","+0148,1","+0110,1","99999,9","06,0000,9,1","4,000",,,,,,,,,
"07382099999","1990-06-24T06:00:00","4","46.65","4.433","603.0","MONT SAINT VINCENT, FR","FM-12","99999","V020","300,1,N,0031,1","99999,9,9,N","999999,9,N,9","+0143,1","+0130,1","99999,9","06,0000,9,1","4,000",,,"999,+0100,9","999,N,+0128,1",,,,"SYN017333   20128 3/010",
"07382099999","1990-06-24T09:00:00","4","46.65","4.433","603.0","MONT SAINT VINCENT, FR","FM-12","99999","V020","280,1,N,0031,1","99999,9,9,N","999999,9,N,9","+0165,1","+0150,1","99999,9",,"2,000",,,,,,,,,
"07382099999","1990-06-24T12:00:00","4","46.65","4.433","603.0","MONT SAINT VINCENT, FR","FM-12","99999","V020","280,1,N,0051,1","99999,9,9,N","999999,9,N,9","+0198,1","+0137,1","99999,9","06,0000,9,1","4,000",,,,,,,,,
"07382099999","1990-06-25T06:00:00","4","46.65","4.433","603.0","MONT SAINT VINCENT, FR","FM-12","99999","V020","070,1,N,0031,1","99999,9,9,N","999999,9,N,9","+0164,1","+0140,1","99999,9","06,0000,9,1","4,000",,,"999,+0110,9","999,N,+0137,1",,,,"SYN017333   20137 3/011",
"07382099999","1990-06-25T09:00:00","4","46.65","4.433","603.0","MONT SAINT VINCENT, FR","FM-12","99999","V020","090,1,N,0031,1","99999,9,9,N","999999,9,N,9","+0204,1","+0160,1","99999,9",,"2,000",,,,,,,,,
"07382099999","1990-06-25T12:00:00","4","46.65","4.433","603.0","MONT SAINT VINCENT, FR","FM-12","99999","V020","010,1,N,0010,1","99999,9,9,N","999999,9,N,9","+0222,1","+0155,1","99999,9","06,0000,9,1","4,000",,,,,,,,,
"07382099999","1990-06-26T06:00:00","4","46.65","4.433","603.0","MONT SAINT VINCENT, FR","FM-12","99999","V020","080,1,N,0010,1","99999,9,9,N","999999,9,N,9","+0182,1","+0143,1","99999,9","06,0000,9,1","4,000",,,"999,+0150,9","999,N,+0161,1",,,,"SYN017333   20161 3/015",
"07382099999","1990-06-26T09:00:00","4","46.65","4.433","603.0","MONT SAINT VINCENT, FR","FM-12","99999","V020","120,1,N,0051,1","99999,9,9,N","999999,9,N,9","+0227,1","+0186,1","99999,9",,"2,000",,,,,,,,,
"07382099999","1990-06-26T12:00:00","4","46.65","4.433","603.0","MONT SAINT VINCENT, FR","FM-12","99999","V020","250,1,N,0010,1","99999,9,9,N","999999,9,N,9","+0266,1","+0197,1","99999,9","06,0000,9,1","4,000",,,,,,,,,
"07382099999","1990-06-26T15:00:00","4","46.65","4.433","603.0","MONT SAINT VINCENT, FR","FM-12","99999","V020","350,1,N,0010,1","99999,9,9,N","999999,9,N,9","+0277,1","+0189,1","99999,9",,"2,000",,,,,,,,,
"07382099999","1990-06-26T18:00:00","4","46.65","4.433","603.0","MONT SAINT VINCENT, FR","FM-12","99999","V020","120,1,N,0021,1","99999,9,9,N","999999,9,N,9","+0252,1","+0188,1","99999,9","06,0000,9,1","4,000",,,,"999,M,+0279,1",,,,"SYN011333   10279",
"07382099999","1990-06-27T06:00:00","4","46.65","4.433","603.0","MONT SAINT VINCENT, FR","FM-12","99999","V020","260,1,N,0051,1","99999,9,9,N","999999,9,N,9","+0170,1","+0168,1","99999,9","06,0000,9,1","4,000",,,"999,+0150,9","999,N,+0152,1",,,,"SYN017333   20152 3/015",
"07382099999","1990-06-27T09:00:00","4","46.65","4.433","603.0","MONT SAINT VINCENT, FR","FM-12","99999","V020","260,1,N,0041,1","99999,9,9,N","999999,9,N,9","+0216,1","+0198,1","99999,9",,"2,000",,,,,,,,,
"07382099999","1990-06-27T12:00:00","4","46.65","4.433","603.0","MONT SAINT VINCENT, FR","FM-12","99999","V020","999,9,9,9999,9","99999,9,9,N","999999,9,N,9","+9999,9","+9999,9","99999,9","06,9999,2,9","0,000",,,,,,,,,
"07382099999","1990-06-27T15:00:00","4","46.65","4.433","603.0","MONT SAINT VINCENT, FR","FM-12","99999","V020","280,1,N,0051,1","99999,9,9,N","999999,9,N,9","+0233,1","+0204,1","99999,9",,"2,000",,,,,,,,,
"07382099999","1990-06-27T18:00:00","4","46.65","4.433","603.0","MONT SAINT VINCENT, FR","FM-12","99999","V020","270,1,N,0031,1","99999,9,9,N","999999,9,N,9","+0206,1","+0187,1","99999,9","06,0000,9,1","4,000",,,,"999,M,+0236,1",,,,"SYN011333   10236",
"07382099999","1990-06-28T06:00:00","4","46.65","4.433","603.0","MONT SAINT VINCENT, FR","FM-12","99999","V020","999,1,C,0000,1","99999,9,9,N","999999,9,N,9","+0158,1","+9999,9","99999,9","99,0090,9,1","0,000",,,"999,+0150,9","999,N,+0155,1",,,,"SYN017333   20155 3/015",
"07382099999","1990-06-28T09:00:00","4","46.65","4.433","603.0","MONT SAINT VINCENT, FR","FM-12","99999","V020","300,1,N,0010,1","99999,9,9,N","999999,9,N,9","+0176,1","+0174,1","99999,9",,"2,000",,,,,,,,,
"07382099999","1990-06-28T12:00:00","4","46.65","4.433","603.0","MONT SAINT VINCENT, FR","FM-12","99999","V020","280,1,N,0010,1","99999,9,9,N","999999,9,N,9","+0204,1","+0172,1","99999,9","06,0000,9,1","4,000",,,,,,,,,
"07382099999","1990-06-28T15:00:00","4","46.65","4.433","603.0","MONT SAINT VINCENT, FR","FM-12","99999","V020","999,1,C,0000,1","99999,9,9,N","999999,9,N,9","+0227,1","+0188,1","99999,9",,"2,000",,,,,,,,,
"07382099999","1990-06-28T18:00:00","4","46.65","4.433","603.0","MONT SAINT VINCENT, FR","FM-12","99999","V020","080,1,N,0010,1","99999,9,9,N","999999,9,N,9","+0207,1","+0179,1","99999,9","06,0000,9,1","4,000",,,,"999,M,+0232,1",,,,"SYN011333   10232",
"07382099999","1990-06-29T06:00:00","4","46.65","4.433","603.0","MONT SAINT VINCENT, FR","FM-12","99999","V020","120,1,N,0051,1","99999,9,9,N","999999,9,N,9","+0176,1","+0174,1","99999,9","06,0000,9,1","4,000",,,"999,+0160,9","999,N,+0159,1",,,,"SYN017333   20159 3/016",
"07382099999","1990-06-29T09:00:00","4","46.65","4.433","603.0","MONT SAINT VINCENT, FR","FM-12","99999","V020","150,1,N,0021,1","99999,9,9,N","999999,9,N,9","+0212,1","+0194,1","99999,9",,"2,000",,,,,,,,,
"07382099999","1990-06-29T12:00:00","4","46.65","4.433","603.0","MONT SAINT VINCENT, FR","FM-12","99999","V020","280,1,N,0051,1","99999,9,9,N","999999,9,N,9","+0224,1","+0201,1","99999,9","06,0000,9,1","4,000",,,,,,,,,
"07382099999","1990-06-29T15:00:00","4","46.65","4.433","603.0","MONT SAINT VINCENT, FR","FM-12","99999","V020","180,1,N,0041,1","99999,9,9,N","999999,9,N,9","+0158,1","+0156,1","99999,9",,"2,000",,,,,,,,,
"07382099999","1990-06-29T18:00:00","4","46.65","4.433","603.0","MONT SAINT VINCENT, FR","FM-12","99999","V020","999,9,9,9999,9","99999,9,9,N","999999,9,N,9","+9999,9","+9999,9","99999,9","06,0000,9,1","4,000",,,,"999,M,+0232,1",,,,"SYN011333   10232",
"07382099999","1990-06-30T06:00:00","4","46.65","4.433","603.0","MONT SAINT VINCENT, FR","FM-12","99999","V020","220,1,N,0041,1","99999,9,9,N","999999,9,N,9","+0181,1","+0147,1","99999,9","06,0000,9,1","4,000",,,"999,+0130,9","999,N,+0161,1",,,,"SYN017333   20161 3/013",
"07382099999","1990-06-30T09:00:00","4","46.65","4.433","603.0","MONT SAINT VINCENT, FR","FM-12","99999","V020","240,1,N,0041,1","99999,9,9,N","999999,9,N,9","+0203,1","+0178,1","99999,9",,"2,000",,,,,,,,,
"07382099999","1990-06-30T12:00:00","4","46.65","4.433","603.0","MONT SAINT VINCENT, FR","FM-12","99999","V020","270,1,N,0041,1","99999,9,9,N","999999,9,N,9","+0247,1","+0193,1","99999,9","06,0020,9,1","0,000",,,,,,,,,
"07382099999","1990-07-01T06:00:00","4","46.65","4.433","603.0","MONT SAINT VINCENT, FR","FM-12","99999","V020","260,1,N,0082,1","99999,9,9,N","999999,9,N,9","+0104,1","+0089,1","99999,9","06,0000,9,1","4,000",,,"999,+0080,9","999,N,+0092,1",,,,"SYN017333   20092 3/008",
"07382099999","1990-07-01T09:00:00","4","46.65","4.433","603.0","MONT SAINT VINCENT, FR","FM-12","99999","V020","260,1,N,0087,1","99999,9,9,N","999999,9,N,9","+0139,1","+0099,1","99999,9",,"2,000",,,,,,,,,
"07382099999","1990-07-01T12:00:00","4","46.65","4.433","603.0","MONT SAINT VINCENT, FR","FM-12","99999","V020","260,1,N,0087,1","99999,9,9,N","999999,9,N,9","+0169,1","+0113,1","99999,9","06,0000,9,1","4,000",,,,,,,,,
"07382099999","1990-07-02T06:00:00","4","46.65","4.433","603.0","MONT SAINT VINCENT, FR","FM-12","99999","V020","290,1,N,0031,1","99999,9,9,N","999999,9,N,9","+0108,1","+0095,1","99999,9","06,0000,9,1","4,000",,,"999,+0080,9","999,N,+0089,1",,,,"SYN017333   20089 3/008",
"07382099999","1990-07-02T09:00:00","4","46.65","4.433","603.0","MONT SAINT VINCENT, FR","FM-12","99999","V020","250,1,N,0021,1","99999,9,9,N","999999,9,N,9","+0141,1","+0099,1","99999,9",,"2,000",,,,,,,,,
"07382099999","1990-07-02T12:00:00","4","46.65","4.433","603.0","MONT SAINT VINCENT, FR","FM-12","99999","V020","290,1,N,0041,1","99999,9,9,N","999999,9,N,9","+0168,1","+0104,1","99999,9","06,0000,9,1","4,000",,,,,,,,,
"07382099999","1990-07-02T18:00:00","4","46.65","4.433","603.0","MONT SAINT VINCENT, FR","FM-12","99999","V020","350,1,N,0010,1","99999,9,9,N","999999,9,N,9","+0146,1","+0096,1","99999,9","06,0000,9,1","4,000",,,,"999,M,+0182,1",,,,"SYN011333   10182",
"07382099999","1990-07-03T06:00:00","4","46.65","4.433","603.0","MONT SAINT VINCENT, FR","FM-12","99999","V020","270,1,N,0082,1","99999,9,9,N","999999,9,N,9","+0124,1","+9999,9","99999,9","99,0020,9,1","0,000",,,"999,+0100,9","999,N,+0109,1",,,,"SYN017333   20109 3/010",
"07382099999","1990-07-03T09:00:00","4","46.65","4.433","603.0","MONT SAINT VINCENT, FR","FM-12","99999","V020","999,9,9,9999,9","99999,9,9,N","999999,9,N,9","+9999,9","+9999,9","99999,9",,"2,000",,,,,,,,,
"07382099999","1990-07-03T12:00:00","4","46.65","4.433","603.0","MONT SAINT VINCENT, FR","FM-12","99999","V020","300,1,N,0062,1","99999,9,9,N","999999,9,N,9","+0127,1","+9999,9","99999,9","06,0080,9,1","0,000",,,,,,,,,
"07382099999","1990-07-03T15:00:00","4","46.65","4.433","603.0","MONT SAINT VINCENT, FR","FM-12","99999","V020","310,1,N,0041,1","99999,9,9,N","999999,9,N,9","+0138,1","+0126,1","99999,9",,"2,000",,,,,,,,,
"07382099999","1990-07-04T03:00:00","4","46.65","4.433","603.0","MONT SAINT VINCENT, FR","FM-12","99999","V020","280,1,N,0010,1","99999,9,9,N","999999,9,N,9","+0093,1","+0091,1","99999,9",,"2,000",,,,,,,,,
"07382099999","1990-07-04T09:00:00","4","46.65","4.433","603.0","MONT SAINT VINCENT, FR","FM-12","99999","V020","280,1,N,0031,1","99999,9,9,N","999999,9,N,9","+0152,1","+0132,1","99999,9",,"2,000",,,,,,,,,
"07382099999","1990-07-04T12:00:00","4","46.65","4.433","603.0","MONT SAINT VINCENT, FR","FM-12","99999","V020","260,1,N,0031,1","99999,9,9,N","999999,9,N,9","+0182,1","+0117,1","99999,9","06,0000,9,1","4,000",,,,,,,,,
"07382099999","1990-07-04T15:00:00","4","46.65","4.433","603.0","MONT SAINT VINCENT, FR","FM-12","99999","V020","240,1,N,0051,1","99999,9,9,N","999999,9,N,9","+0174,1","+0107,1","99999,9",,"2,000",,,,,,,,,
"07382099999","1990-07-04T18:00:00","4","46.65","4.433","603.0","MONT SAINT VINCENT, FR","FM-12","99999","V020","160,1,N,0041,1","99999,9,9,N","999999,9,N,9","+0147,1","+0114,1","99999,9","06,0000,9,1","4,000",,,,"999,M,+0184,1",,,,"SYN011333   10184",
"07382099999","1990-07-05T09:00:00","4","46.65","4.433","603.0","MONT SAINT VINCENT, FR","FM-12","99999","V020","240,1,N,0098,1","99999,9,9,N","999999,9,N,9","+0168,1","+0156,1","99999,9",,"2,000",,,,,,,,,
"07382099999","1990-07-05T15:00:00","4","46.65","4.433","603.0","MONT SAINT VINCENT, FR","FM-12","99999","V020","280,1,N,0118,1","99999,9,9,N","999999,9,N,9","+0146,1","+0134,1","99999,9",,"2,000",,,,,,,,,
"07382099999","1990-07-05T18:00:00","4","46.65","4.433","603.0","MONT SAINT VINCENT, FR","FM-12","99999","V020","280,1,N,0087,1","99999,9,9,N","999999,9,N,9","+0141,1","+0101,1","99999,9","99,0110,9,1","0,000",,,,"999,M,+0175,1",,,,"SYN011333   10175",
"07382099999","1990-07-06T06:00:00","4","46.65","4.433","603.0","MONT SAINT VINCENT, FR","FM-12","99999","V020","280,1,N,0062,1","99999,9,9,N","999999,9,N,9","+0091,1","+9999,9","99999,9","99,0050,9,1","0,000",,,"999,+0090,9","999,N,+0087,1",,,,"SYN017333   20087 3/009",
"07382099999","1990-07-06T09:00:00","4","46.65","4.433","603.0","MONT SAINT VINCENT, FR","FM-12","99999","V020","290,1,N,0031,1","99999,9,9,N","999999,9,N,9","+0113,1","+0111,1","99999,9",,"2,000",,,,,,,,,
"07382099999","1990-07-06T12:00:00","4","46.65","4.433","603.0","MONT SAINT VINCENT, FR","FM-12","99999","V020","310,1,N,0031,1","99999,9,9,N","999999,9,N,9","+0133,1","+0099,1","99999,9","06,0000,9,1","4,000",,,,,,,,,
"07382099999","1990-07-06T18:00:00","4","46.65","4.433","603.0","MONT SAINT VINCENT, FR","FM-12","99999","V020","330,1,N,0010,1","99999,9,9,N","999999,9,N,9","+0137,1","+0093,1","99999,9","06,0000,9,1","4,000",,,,"999,M,+0157,1",,,,"SYN011333   10157",
"07382099999","1990-07-07T06:00:00","4","46.65","4.433","603.0","MONT SAINT VINCENT, FR","FM-12","99999","V020","250,1,N,0021,1","99999,9,9,N","999999,9,N,9","+0101,1","+0091,1","99999,9","06,0000,9,1","4,000",,,"999,+0070,9","999,N,+0091,1",,,,"SYN017333   20091 3/007",
"07382099999","1990-07-07T09:00:00","4","46.65","4.433","603.0","MONT SAINT VINCENT, FR","FM-12","99999","V020","250,1,N,0041,1","99999,9,9,N","999999,9,N,9","+0136,1","+0109,1","99999,9",,"2,000",,,,,,,,,
"07382099999","1990-07-07T12:00:00","4","46.65","4.433","603.0","MONT SAINT VINCENT, FR","FM-12","99999","V020","270,1,N,0062,1","99999,9,9,N","999999,9,N,9","+0151,1","+0125,1","99999,9","06,0000,9,1","4,000",,,,,,,,,
"07382099999","1990-07-08T03:00:00","4","46.65","4.433","603.0","MONT SAINT VINCENT, FR","FM-12","99999","V020","280,1,N,0072,1","99999,9,9,N","999999,9,N,9","+0139,1","+9999,9","99999,9",,"2,000",,,,,,,,,
"07382099999","1990-07-08T06:00:00","4","46.65","4.433","603.0","MONT SAINT VINCENT, FR","FM-12","99999","V020","280,1,N,0072,1","99999,9,9,N","999999,9,N,9","+0140,1","+9999,9","99999,9","99,0005,9,1","0,000",,,"999,+0140,9","999,N,+0132,1",,,,"SYN017333   20132 3/014",
"07382099999","1990-07-08T09:00:00","4","46.65","4.433","603.0","MONT SAINT VINCENT, FR","FM-12","99999","V020","280,1,N,0082,1","99999,9,9,N","999999,9,N,9","+0149,1","+9999,9","99999,9",,"2,000",,,,,,,,,
"07382099999","1990-07-08T12:00:00","4","46.65","4.433","603.0","MONT SAINT VINCENT, FR","FM-12","99999","V020","270,1,N,0062,1","99999,9,9,N","999999,9,N,9","+0167,1","+0165,1","99999,9","06,0000,9,1","4,000",,,,,,,,,
"07382099999","1990-07-09T06:00:00","4","46.65","4.433","603.0","MONT SAINT VINCENT, FR","FM-12","99999","V020","270,1,N,0051,1","99999,9,9,N","999999,9,N,9","+0149,1","+9999,9","99999,9","99,0005,9,1","0,000",,,"999,+0140,9","999,N,+0145,1",,,,"SYN017333   20145 3/014",
"07382099999","1990-07-09T09:00:00","4","46.65","4.433","603.0","MONT SAINT VINCENT, FR","FM-12","99999","V020","270,1,N,0062,1","99999,9,9,N","999999,9,N,9","+0166,1","+9999,9","99999,9",,"2,000",,,,,,,,,
"07382099999","1990-07-09T12:00:00","4","46.65","4.433","603.0","MONT SAINT VINCENT, FR","FM-12","99999","V020","260,1,N,0062,1","99999,9,9,N","999999,9,N,9","+0183,1","+0181,1","99999,9","06,0000,9,1","4,000",,,,,,,,,
"07382099999","1990-07-09T15:00:00","4","46.65","4.433","603.0","MONT SAINT VINCENT, FR","FM-12","99999","V020","290,1,N,0051,1","99999,9,9,N","999999,9,N,9","+0198,1","+0173,1","99999,9",,"2,000",,,,,,,,,
"07382099999","1990-07-09T18:00:00","4","46.65","4.433","603.0","MONT SAINT VINCENT, FR","FM-12","99999","V020","300,1,N,0041,1","99999,9,9,N","999999,9,N,9","+0172,1","+0165,1","99999,9","06,0000,9,1","4,000",,,,"999,M,+0211,1",,,,"SYN011333   10211",
"07382099999","1990-07-10T06:00:00","4","46.65","4.433","603.0","MONT SAINT VINCENT, FR","FM-12","99999","V020","320,1,N,0010,1","99999,9,9,N","999999,9,N,9","+0113,1","+0106,1","99999,9","99,0003,9,1","0,000",,,"999,+0080,9","999,N,+0095,1",,,,"SYN017333   20095 3/008",
"07382099999","1990-07-10T09:00:00","4","46.65","4.433","603.0","MONT SAINT VINCENT, FR","FM-12","99999","V020","320,1,N,0021,1","99999,9,9,N","999999,9,N,9","+0135,1","+0089,1","99999,9",,"2,000",,,,,,,,,
"07382099999","1990-07-10T12:00:00","4","46.65","4.433","603.0","MONT SAINT VINCENT, FR","FM-12","99999","V020","310,1,N,0021,1","99999,9,9,N","999999,9,N,9","+0154,1","+0099,1","99999,9","06,0000,9,1","4,000",,,,,,,,,
"07382099999","1990-07-10T15:00:00","4","46.65","4.433","603.0","MONT SAINT VINCENT, FR","FM-12","99999","V020","350,1,N,0031,1","99999,9,9,N","999999,9,N,9","+0166,1","+0097,1","99999,9",,"2,000",,,,,,,,,
"07382099999","1990-07-10T18:00:00","4","46.65","4.433","603.0","MONT SAINT VINCENT, FR","FM-12","99999","V020","010,1,N,0021,1","99999,9,9,N","999999,9,N,9","+0139,1","+0093,1","99999,9","06,0000,9,1","4,000",,,,"999,M,+0169,1",,,,"SYN011333   10169",
"07382099999","1990-07-11T06:00:00","4","46.65","4.433","603.0","MONT SAINT VINCENT, FR","FM-12","99999","V020","040,1,N,0062,1","99999,9,9,N","999999,9,N,9","+0109,1","+0088,1","99999,9","06,0000,9,1","4,000",,,"999,+0080,9","999,N,+0087,1",,,,"SYN017333   20087 3/008",
"07382099999","1990-07-11T09:00:00","4","46.65","4.433","603.0","MONT SAINT VINCENT, FR","FM-12","99999","V020","050,1,N,0062,1","99999,9,9,N","999999,9,N,9","+0157,1","+0110,1","99999,9",,"2,000",,,,,,,,,
"07382099999","1990-07-11T12:00:00","4","46.65","4.433","603.0","MONT SAINT VINCENT, FR","FM-12","99999","V020","060,1,N,0098,1","99999,9,9,N","999999,9,N,9","+0180,1","+0091,1","99999,9","06,0000,9,1","4,000",,,,,,,,,
"07382099999","1990-07-11T15:00:00","4","46.65","4.433","603.0","MONT SAINT VINCENT, FR","FM-12","99999","V020","040,1,N,0062,1","99999,9,9,N","999999,9,N,9","+0190,1","+0105,1","99999,9",,"2,000",,,,,,,,,
"07382099999","1990-07-11T18:00:00","4","46.65","4.433","603.0","MONT SAINT VINCENT, FR","FM-12","99999","V020","060,1,N,0072,1","99999,9,9,N","999999,9,N,9","+0172,1","+0108,1","99999,9","06,0000,9,1","4,000",,,,"999,M,+0192,1",,,,"SYN011333   10192",
"07382099999","1990-07-12T06:00:00","4","46.65","4.433","603.0","MONT SAINT VINCENT, FR","FM-12","99999","V020","080,1,N,0051,1","99999,9,9,N","999999,9,N,9","+0119,1","+0094,1","99999,9","06,0000,9,1","4,000",,,"999,+0090,9","999,N,+0099,1",,,,"SYN017333   20099 3/009",
"07382099999","1990-07-12T12:00:00","4","46.65","4.433","603.0","MONT SAINT VINCENT, FR","FM-12","99999","V020","080,1,N,0031,1","99999,9,9,N","999999,9,N,9","+0204,1","+0138,1","99999,9","06,0000,9,1","4,000",,,,,,,,,
"07382099999","1990-07-12T15:00:00","4","46.65","4.433","603.0","MONT SAINT VINCENT, FR","FM-12","99999","V020","080,1,N,0041,1","99999,9,9,N","999999,9,N,9","+0219,1","+0145,1","99999,9",,"2,000",,,,,,,,,
"07382099999","1990-07-12T18:00:00","4","46.65","4.433","603.0","MONT SAINT VINCENT, FR","FM-12","99999","V020","070,1,N,0041,1","99999,9,9,N","999999,9,N,9","+0204,1","+0126,1","99999,9","06,0000,9,1","4,000",,,,"999,M,+0224,1",,,,"SYN011333   10224",
"07382099999","1990-07-13T03:00:00","4","46.65","4.433","603.0","MONT SAINT VINCENT, FR","FM-12","99999","V020","070,1,N,0051,1","99999,9,9,N","999999,9,N,9","+0147,1","+0122,1","99999,9",,"2,000",,,,,,,,,
"07382099999","1990-07-13T06:00:00","4","46.65","4.433","603.0","MONT SAINT VINCENT, FR","FM-12","99999","V020","080,1,N,0021,1","99999,9,9,N","999999,9,N,9","+0164,1","+0131,1","99999,9","06,0000,9,1","4,000",,,"999,+0130,9","999,N,+0141,1",,,,"SYN017333   20141 3/013",
"07382099999","1990-07-13T09:00:00","4","46.65","4.433","603.0","MONT SAINT VINCENT, FR","FM-12","99999","V020","100,1,N,0021,1","99999,9,9,N","999999,9,N,9","+0215,1","+0170,1","99999,9",,"2,000",,,,,,,,,
"07382099999","1990-07-13T12:00:00","4","46.65","4.433","603.0","MONT SAINT VINCENT, FR","FM-12","99999","V020","100,1,N,0031,1","99999,9,9,N","999999,9,N,9","+0240,1","+0165,1","99999,9","06,0000,9,1","4,000",,,,,,,,,
"07382099999","1990-07-13T18:00:00","4","46.65","4.433","603.0","MONT SAINT VINCENT, FR","FM-12","99999","V020","090,1,N,0031,1","99999,9,9,N","999999,9,N,9","+0224,1","+0164,1","99999,9","06,0000,9,1","4,000",,,,"999,M,+0251,1",,,,"SYN011333   10251",
"07382099999","1990-07-14T06:00:00","4","46.65","4.433","603.0","MONT SAINT VINCENT, FR","FM-12","99999","V020","080,1,N,0041,1","99999,9,9,N","999999,9,N,9","+0178,1","+0154,1","99999,9","06,0000,9,1","4,000",,,"999,+0160,9","999,N,+0169,1",,,,"SYN017333   20169 3/016",
"07382099999","1990-07-14T09:00:00","4","46.65","4.433","603.0","MONT SAINT VINCENT, FR","FM-12","99999","V020","080,1,N,0031,1","99999,9,9,N","999999,9,N,9","+0218,1","+0181,1","99999,9",,"2,000",,,,,,,,,
"07382099999","1990-07-15T06:00:00","4","46.65","4.433","603.0","MONT SAINT VINCENT, FR","FM-12","99999","V020","050,1,N,0021,1","99999,9,9,N","999999,9,N,9","+0199,1","+0165,1","99999,9","06,0000,9,1","4,000",,,"999,+0150,9","999,N,+0163,1",,,,"SYN017333   20163 3/015",
"07382099999","1990-07-15T09:00:00","4","46.65","4.433","603.0","MONT SAINT VINCENT, FR","FM-12","99999","V020","290,1,N,0010,1","99999,9,9,N","999999,9,N,9","+0234,1","+0189,1","99999,9",,"2,000",,,,,,,,,
"07382099999","1990-07-15T12:00:00","4","46.65","4.433","603.0","MONT SAINT VINCENT, FR","FM-12","99999","V020","270,1,N,0021,1","99999,9,9,N","999999,9,N,9","+0266,1","+0206,1","99999,9","06,0000,9,1","4,000",,,,,,,,,
"07382099999","1990-07-16T03:00:00","4","46.65","4.433","603.0","MONT SAINT VINCENT, FR","FM-12","99999","V020","280,1,N,0082,1","99999,9,9,N","999999,9,N,9","+0171,1","+9999,9","99999,9",,"2,000",,,,,,,,,
"07382099999","1990-07-16T06:00:00","4","46.65","4.433","603.0","MONT SAINT VINCENT, FR","FM-12","99999","V020","280,1,N,0082,1","99999,9,9,N","999999,9,N,9","+0160,1","+9999,9","99999,9","99,0040,9,1","0,000",,,"999,+0160,9","999,N,+0160,1",,,,"SYN017333   20160 3/016",
"07382099999","1990-07-16T09:00:00","4","46.65","4.433","603.0","MONT SAINT VINCENT, FR","FM-12","99999","V020","270,1,N,0062,1","99999,9,9,N","999999,9,N,9","+0171,1","+9999,9","99999,9",,"2,000",,,,,,,,,
"07382099999","1990-07-16T12:00:00","4","46.65","4.433","603.0","MONT SAINT VINCENT, FR","FM-12","99999","V020","280,1,N,0062,1","99999,9,9,N","999999,9,N,9","+0208,1","+0203,1","99999,9","06,0000,9,1","4,000",,,,,,,,,
"07382099999","1990-07-18T06:00:00","4","46.65","4.433","603.0","MONT SAINT VINCENT, FR","FM-12","99999","V020","040,1,N,0072,1","99999,9,9,N","999999,9,N,9","+0131,1","+0099,1","99999,9","06,0000,9,1","4,000",,,"999,+0110,9","999,N,+0117,1",,,,"SYN017333   20117 3/011",
"07382099999","1990-07-18T09:00:00","4","46.65","4.433","603.0","MONT SAINT VINCENT, FR","FM-12","99999","V020","050,1,N,0051,1","99999,9,9,N","999999,9,N,9","+0182,1","+0126,1","99999,9",,"2,000",,,,,,,,,
"07382099999","1990-07-18T12:00:00","4","46.65","4.433","603.0","MONT SAINT VINCENT, FR","FM-12","99999","V020","040,1,N,0041,1","99999,9,9,N","999999,9,N,9","+0213,1","+0127,1","99999,9","06,0000,9,1","4,000",,,,,,,,,
"07382099999","1990-07-18T15:00:00","4","46.65","4.433","603.0","MONT SAINT VINCENT, FR","FM-12","99999","V020","050,1,N,0062,1","99999,9,9,N","999999,9,N,9","+0219,1","+0116,1","99999,9",,"2,000",,,,,,,,,
"07382099999","1990-07-18T18:00:00","4","46.65","4.433","603.0","MONT SAINT VINCENT, FR","FM-12","99999","V020","050,1,N,0072,1","99999,9,9,N","999999,9,N,9","+0194,1","+0116,1","99999,9","06,0000,9,1","4,000",,,,"999,M,+0221,1",,,,"SYN011333   10221",
"07382099999","1990-07-19T06:00:00","4","46.65","4.433","603.0","MONT SAINT VINCENT, FR","FM-12","99999","V020","070,1,N,0072,1","99999,9,9,N","999999,9,N,9","+0129,1","+0114,1","99999,9","06,0000,9,1","4,000",,,"999,+0100,9","999,N,+0107,1",,,,"SYN017333   20107 3/010",
"07382099999","1990-07-19T09:00:00","4","46.65","4.433","603.0","MONT SAINT VINCENT, FR","FM-12","99999","V020","060,1,N,0041,1","99999,9,9,N","999999,9,N,9","+0186,1","+0140,1","99999,9",,"2,000",,,,,,,,,
"07382099999","1990-07-19T12:00:00","4","46.65","4.433","603.0","MONT SAINT VINCENT, FR","FM-12","99999","V020","080,1,N,0051,1","99999,9,9,N","999999,9,N,9","+0218,1","+0136,1","99999,9","06,0000,9,1","4,000",,,,,,,,,
"07382099999","1990-07-19T15:00:00","4","46.65","4.433","603.0","MONT SAINT VINCENT, FR","FM-12","99999","V020","070,1,N,0051,1","99999,9,9,N","999999,9,N,9","+0231,1","+0124,1","99999,9",,"2,000",,,,,,,,,
"07382099999","1990-07-19T18:00:00","4","46.65","4.433","603.0","MONT SAINT VINCENT, FR","FM-12","99999","V020","060,1,N,0051,1","99999,9,9,N","999999,9,N,9","+0206,1","+0112,1","99999,9","06,0000,9,1","4,000",,,,"999,M,+0234,1",,,,"SYN011333   10234",
"07382099999","1990-07-20T06:00:00","4","46.65","4.433","603.0","MONT SAINT VINCENT, FR","FM-12","99999","V020","070,1,N,0062,1","99999,9,9,N","999999,9,N,9","+0155,1","+0108,1","99999,9","06,0000,9,1","4,000",,,"999,+0130,9","999,N,+0139,1",,,,"SYN017333   20139 3/013",
"07382099999","1990-07-20T09:00:00","4","46.65","4.433","603.0","MONT SAINT VINCENT, FR","FM-12","99999","V020","090,1,N,0031,1","99999,9,9,N","999999,9,N,9","+0206,1","+0142,1","99999,9",,"2,000",,,,,,,,,
"07382099999","1990-07-20T12:00:00","4","46.65","4.433","603.0","MONT SAINT VINCENT, FR","FM-12","99999","V020","080,1,N,0051,1","99999,9,9,N","999999,9,N,9","+0237,1","+0149,1","99999,9","06,0000,9,1","4,000",,,,,,,,,
"07382099999","1990-07-20T15:00:00","4","46.65","4.433","603.0","MONT SAINT VINCENT, FR","FM-12","99999","V020","080,1,N,0031,1","99999,9,9,N","999999,9,N,9","+0253,1","+0138,1","99999,9",,"2,000",,,,,,,,,
"07382099999","1990-07-20T18:00:00","4","46.65","4.433","603.0","MONT SAINT VINCENT, FR","FM-12","99999","V020","060,1,N,0041,1","99999,9,9,N","999999,9,N,9","+0232,1","+0122,1","99999,9","06,0000,9,1","4,000",,,,"999,M,+0255,1",,,,"SYN011333   10255",
"07382099999","1990-07-21T03:00:00","4","46.65","4.433","603.0","MONT SAINT VINCENT, FR","FM-12","99999","V020","060,1,N,0051,1","99999,9,9,N","999999,9,N,9","+0166,1","+0129,1","99999,9",,"2,000",,,,,,,,,
"07382099999","1990-07-21T06:00:00","4","46.65","4.433","603.0","MONT SAINT VINCENT, FR","FM-12","99999","V020","080,1,N,0031,1","99999,9,9,N","999999,9,N,9","+0179,1","+0132,1","99999,9","06,0000,9,1","4,000",,,"999,+0150,9","999,N,+0165,1",,,,"SYN017333   20165 3/015",
"07382099999","1990-07-21T09:00:00","4","46.65","4.433","603.0","MONT SAINT VINCENT, FR","FM-12","99999","V020","120,1,N,0010,1","99999,9,9,N","999999,9,N,9","+0238,1","+0182,1","99999,9",,"2,000",,,,,,,,,
"07382099999","1990-07-21T12:00:00","4","46.65","4.433","603.0","MONT SAINT VINCENT, FR","FM-12","99999","V020","050,1,N,0010,1","99999,9,9,N","999999,9,N,9","+0270,1","+0174,1","99999,9","06,0000,9,1","4,000",,,,,,,,,
"07382099999","1990-07-22T03:00:00","4","46.65","4.433","603.0","MONT SAINT VINCENT, FR","FM-12","99999","V020","080,1,N,0031,1","99999,9,9,N","999999,9,N,9","+0202,1","+0156,1","99999,9",,"2,000",,,,,,,,,
"07382099999","1990-07-22T06:00:00","4","46.65","4.433","603.0","MONT SAINT VINCENT, FR","FM-12","99999","V020","080,1,N,0031,1","99999,9,9,N","999999,9,N,9","+0205,1","+0154,1","99999,9","06,0000,9,1","4,000",,,"999,+0180,9","999,N,+0193,1",,,,"SYN017333   20193 3/018",
"07382099999","1990-07-22T09:00:00","4","46.65","4.433","603.0","MONT SAINT VINCENT, FR","FM-12","99999","V020","080,1,N,0010,1","99999,9,9,N","999999,9,N,9","+0248,1","+0180,1","99999,9",,"2,000",,,,,,,,,
"07382099999","1990-07-22T12:00:00","4","46.65","4.433","603.0","MONT SAINT VINCENT, FR","FM-12","99999","V020","090,1,N,0021,1","99999,9,9,N","999999,9,N,9","+0287,1","+0184,1","99999,9","06,0000,9,1","4,000",,,,,,,,,
"07382099999","1990-07-23T06:00:00","4","46.65","4.433","603.0","MONT SAINT VINCENT, FR","FM-12","99999","V020","070,1,N,0062,1","99999,9,9,N","999999,9,N,9","+0188,1","+0129,1","99999,9","06,0000,9,1","4,000",,,"999,+0170,9","999,N,+0177,1",,,,"SYN017333   20177 3/017",
"07382099999","1990-07-23T09:00:00","4","46.65","4.433","603.0","MONT SAINT VINCENT, FR","FM-12","99999","V020","050,1,N,0051,1","99999,9,9,N","999999,9,N,9","+0230,1","+0153,1","99999,9",,"2,000",,,,,,,,,
"07382099999","1990-07-23T12:00:00","4","46.65","4.433","603.0","MONT SAINT VINCENT, FR","FM-12","99999","V020","050,1,N,0051,1","99999,9,9,N","999999,9,N,9","+0253,1","+0159,1","99999,9","06,0000,9,1","4,000",,,,,,,,,
"07382099999","1990-07-23T15:00:00","4","46.65","4.433","603.0","MONT SAINT VINCENT, FR","FM-12","99999","V020","080,1,N,0051,1","99999,9,9,N","999999,9,N,9","+0250,1","+0138,1","99999,9",,"2,000",,,,,,,,,
"07382099999","1990-07-23T18:00:00","4","46.65","4.433","603.0","MONT SAINT VINCENT, FR","FM-12","99999","V020","060,1,N,0072,1","99999,9,9,N","999999,9,N,9","+0226,1","+0122,1","99999,9","06,0000,9,1","4,000",,,,"999,M,+0257,1",,,,"SYN011333   10257",
"07382099999","1990-07-24T03:00:00","4","46.65","4.433","603.0","MONT SAINT VINCENT, FR","FM-12","99999","V020","060,1,N,0051,1","99999,9,9,N","999999,9,N,9","+0164,1","+0076,1","99999,9",,"2,000",,,,,,,,,
"07382099999","1990-07-24T06:00:00","4","46.65","4.433","603.0","MONT SAINT VINCENT, FR","FM-12","99999","V020","080,1,N,0021,1","99999,9,9,N","999999,9,N,9","+0158,1","+0085,1","99999,9","06,0000,9,1","4,000",,,"999,+0150,9","999,N,+0156,1",,,,"SYN017333   20156 3/015",
"07382099999","1990-07-24T09:00:00","4","46.65","4.433","603.0","MONT SAINT VINCENT, FR","FM-12","99999","V020","040,1,N,0010,1","99999,9,9,N","999999,9,N,9","+0215,1","+0123,1","99999,9",,"2,000",,,,,,,,,
"07382099999","1990-07-24T12:00:00","4","46.65","4.433","603.0","MONT SAINT VINCENT, FR","FM-12","99999","V020","350,1,N,0021,1","99999,9,9,N","999999,9,N,9","+0228,1","+0118,1","99999,9","06,0000,9,1","4,000",,,,,,,,,
"07382099999","1990-07-24T18:00:00","4","46.65","4.433","603.0","MONT SAINT VINCENT, FR","FM-12","99999","V020","070,1,N,0021,1","99999,9,9,N","999999,9,N,9","+0217,1","+0111,1","99999,9","06,0000,9,1","4,000",,,,"999,M,+0248,1",,,,"SYN011333   10248",
"07382099999","1990-07-25T09:00:00","4","46.65","4.433","603.0","MONT SAINT VINCENT, FR","FM-12","99999","V020","050,1,N,0031,1","99999,9,9,N","999999,9,N,9","+0196,1","+0103,1","99999,9",,"2,000",,,,,,,,,
"07382099999","1990-07-26T06:00:00","4","46.65","4.433","603.0","MONT SAINT VINCENT, FR","FM-12","99999","V020","080,1,N,0041,1","99999,9,9,N","999999,9,N,9","+0158,1","+0096,1","99999,9","06,0000,9,1","4,000",,,"999,+0130,9","999,N,+0141,1",,,,"SYN017333   20141 3/013",
"07382099999","1990-07-26T12:00:00","4","46.65","4.433","603.0","MONT SAINT VINCENT, FR","FM-12","99999","V020","060,1,N,0041,1","99999,9,9,N","999999,9,N,9","+0245,1","+0137,1","99999,9","06,0000,9,1","4,000",,,,,,,,,
"07382099999","1990-07-26T15:00:00","4","46.65","4.433","603.0","MONT SAINT VINCENT, FR","FM-12","99999","V020","090,1,N,0021,1","99999,9,9,N","999999,9,N,9","+0255,1","+0136,1","99999,9",,"2,000",,,,,,,,,
"07382099999","1990-07-26T18:00:00","4","46.65","4.433","603.0","MONT SAINT VINCENT, FR","FM-12","99999","V020","100,1,N,0031,1","99999,9,9,N","999999,9,N,9","+0228,1","+0132,1","99999,9","06,0000,9,1","4,000",,,,"999,M,+0258,1",,,,"SYN011333   10258",
"07382099999","1990-07-27T03:00:00","4","46.65","4.433","603.0","MONT SAINT VINCENT, FR","FM-12","99999","V020","280,1,N,0031,1","99999,9,9,N","999999,9,N,9","+0186,1","+0125,1","99999,9",,"2,000",,,,,,,,,
"07382099999","1990-07-27T06:00:00","4","46.65","4.433","603.0","MONT SAINT VINCENT, FR","FM-12","99999","V020","280,1,N,0041,1","99999,9,9,N","999999,9,N,9","+0195,1","+0153,1","99999,9","06,0000,9,1","4,000",,,"999,+0140,9","999,N,+0179,1",,,,"SYN017333   20179 3/014",
"07382099999","1990-07-27T09:00:00","4","46.65","4.433","603.0","MONT SAINT VINCENT, FR","FM-12","99999","V020","280,1,N,0021,1","99999,9,9,N","999999,9,N,9","+0226,1","+0181,1","99999,9",,"2,000",,,,,,,,,
"07382099999","1990-07-27T12:00:00","4","46.65","4.433","603.0","MONT SAINT VINCENT, FR","FM-12","99999","V020","270,1,N,0021,1","99999,9,9,N","999999,9,N,9","+0265,1","+0186,1","99999,9","06,0000,9,1","4,000",,,,,,,,,
"07382099999","1990-07-27T15:00:00","4","46.65","4.433","603.0","MONT SAINT VINCENT, FR","FM-12","99999","V020","310,1,N,0010,1","99999,9,9,N","999999,9,N,9","+0275,1","+0187,1","99999,9",,"2,000",,,,,,,,,
"07382099999","1990-07-27T18:00:00","4","46.65","4.433","603.0","MONT SAINT VINCENT, FR","FM-12","99999","V020","999,1,C,0000,1","99999,9,9,N","999999,9,N,9","+0255,1","+0181,1","99999,9","99,0003,9,1","0,000",,,,"999,M,+0279,1",,,,"SYN011333   10279",
"07382099999","1990-07-28T06:00:00","4","46.65","4.433","603.0","MONT SAINT VINCENT, FR","FM-12","99999","V020","140,1,N,0021,1","99999,9,9,N","999999,9,N,9","+0200,1","+0179,1","99999,9","06,0000,9,1","4,000",,,"999,+0180,9","999,N,+0183,1",,,,"SYN017333   20183 3/018",
"07382099999","1990-07-28T09:00:00","4","46.65","4.433","603.0","MONT SAINT VINCENT, FR","FM-12","99999","V020","240,1,N,0021,1","99999,9,9,N","999999,9,N,9","+0250,1","+0198,1","99999,9",,"2,000",,,,,,,,,
"07382099999","1990-07-29T06:00:00","4","46.65","4.433","603.0","MONT SAINT VINCENT, FR","FM-12","99999","V020","300,1,N,0031,1","99999,9,9,N","999999,9,N,9","+0173,1","+9999,9","99999,9","06,0000,9,1","4,000",,,"999,+0150,9","999,N,+0159,1",,,,"SYN017333   20159 3/015",
"07382099999","1990-07-29T09:00:00","4","46.65","4.433","603.0","MONT SAINT VINCENT, FR","FM-12","99999","V020","310,1,N,0010,1","99999,9,9,N","999999,9,N,9","+0207,1","+0195,1","99999,9",,"2,000",,,,,,,,,
"07382099999","1990-07-29T12:00:00","4","46.65","4.433","603.0","MONT SAINT VINCENT, FR","FM-12","99999","V020","290,1,N,0031,1","99999,9,9,N","999999,9,N,9","+0229,1","+0196,1","99999,9","06,0000,9,1","4,000",,,,,,,,,
"07382099999","1990-07-30T03:00:00","4","46.65","4.433","603.0","MONT SAINT VINCENT, FR","FM-12","99999","V020","040,1,N,0021,1","99999,9,9,N","999999,9,N,9","+0164,1","+0162,1","99999,9",,"2,000",,,,,,,,,
"07382099999","1990-07-30T09:00:00","4","46.65","4.433","603.0","MONT SAINT VINCENT, FR","FM-12","99999","V020","360,1,N,0021,1","99999,9,9,N","999999,9,N,9","+0211,1","+0179,1","99999,9",,"2,000",,,,,,,,,
"07382099999","1990-07-30T12:00:00","4","46.65","4.433","603.0","MONT SAINT VINCENT, FR","FM-12","99999","V020","050,1,N,0021,1","99999,9,9,N","999999,9,N,9","+0243,1","+0182,1","99999,9","06,0000,9,1","4,000",,,,,,,,,
"07382099999","1990-07-30T15:00:00","4","46.65","4.433","603.0","MONT SAINT VINCENT, FR","FM-12","99999","V020","360,1,N,0021,1","99999,9,9,N","999999,9,N,9","+0261,1","+0179,1","99999,9",,"2,000",,,,,,,,,
"07382099999","1990-07-30T18:00:00","4","46.65","4.433","603.0","MONT SAINT VINCENT, FR","FM-12","99999","V020","020,1,N,0010,1","99999,9,9,N","999999,9,N,9","+0243,1","+0168,1","99999,9","06,0000,9,1","4,000",,,,"999,M,+0262,1",,,,"SYN011333   10262",
"07382099999","1990-07-31T03:00:00","4","46.65","4.433","603.0","MONT SAINT VINCENT, FR","FM-12","99999","V020","040,1,N,0041,1","99999,9,9,N","999999,9,N,9","+0187,1","+0115,1","99999,9",,"2,000",,,,,,,,,
"07382099999","1990-07-31T06:00:00","4","46.65","4.433","603.0","MONT SAINT VINCENT, FR","FM-12","99999","V020","060,1,N,0031,1","99999,9,9,N","999999,9,N,9","+0194,1","+0148,1","99999,9","06,0000,9,1","4,000",,,"999,+0170,9","999,N,+0182,1",,,,"SYN017333   20182 3/017",
"07382099999","1990-07-31T12:00:00","4","46.65","4.433","603.0","MONT SAINT VINCENT, FR","FM-12","99999","V020","080,1,N,0031,1","99999,9,9,N","999999,9,N,9","+0267,1","+0182,1","99999,9","06,0000,9,1","4,000",,,,,,,,,
"07382099999","1990-08-01T06:00:00","4","46.65","4.433","603.0","MONT SAINT VINCENT, FR","FM-12","99999","V020","050,1,N,0051,1","99999,9,9,N","999999,9,N,9","+0197,1","+0124,1","99999,9","06,0000,9,1","4,000",,,"999,+0180,9","999,N,+0190,1",,,,"SYN017333   20190 3/018",
"07382099999","1990-08-01T09:00:00","4","46.65","4.433","603.0","MONT SAINT VINCENT, FR","FM-12","99999","V020","999,9,9,9999,9","99999,9,9,N","999999,9,N,9","+9999,9","+9999,9","99999,9",,"2,000",,,,,,,,,
"07382099999","1990-08-01T15:00:00","4","46.65","4.433","603.0","MONT SAINT VINCENT, FR","FM-12","99999","V020","050,1,N,0072,1","99999,9,9,N","999999,9,N,9","+0280,1","+0159,1","99999,9",,"2,000",,,,,,,,,
"07382099999","1990-08-01T18:00:00","4","46.65","4.433","603.0","MONT SAINT VINCENT, FR","FM-12","99999","V020","060,1,N,0062,1","99999,9,9,N","999999,9,N,9","+0254,1","+0154,1","99999,9","06,0000,9,1","4,000",,,,"999,M,+0284,1",,,,"SYN011333   10284",
"07382099999","1990-08-02T09:00:00","4","46.65","4.433","603.0","MONT SAINT VINCENT, FR","FM-12","99999","V020","100,1,N,0031,1","99999,9,9,N","999999,9,N,9","+0239,1","+0180,1","99999,9",,"2,000",,,,,,,,,
"07382099999","1990-08-02T12:00:00","4","46.65","4.433","603.0","MONT SAINT VINCENT, FR","FM-12","99999","V020","110,1,N,0051,1","99999,9,9,N","999999,9,N,9","+0282,1","+0188,1","99999,9","06,0000,9,1","4,000",,,,,,,,,
"07382099999","1990-08-02T15:00:00","4","46.65","4.433","603.0","MONT SAINT VINCENT, FR","FM-12","99999","V020","100,1,N,0031,1","99999,9,9,N","999999,9,N,9","+0294,1","+0179,1","99999,9",,"2,000",,,,,,,,,
"07382099999","1990-08-02T18:00:00","4","46.65","4.433","603.0","MONT SAINT VINCENT, FR","FM-12","99999","V020","100,1,N,0041,1","99999,9,9,N","999999,9,N,9","+0263,1","+0168,1","99999,9","06,0000,9,1","4,000",,,,"999,M,+0300,1",,,,"SYN011333   10300",
"07382099999","1990-08-03T03:00:00","4","46.65","4.433","603.0","MONT SAINT VINCENT, FR","FM-12","99999","V020","080,1,N,0021,1","99999,9,9,N","999999,9,N,9","+0219,1","+0159,1","99999,9",,"2,000",,,,,,,,,
"07382099999","1990-08-03T06:00:00","4","46.65","4.433","603.0","MONT SAINT VINCENT, FR","FM-12","99999","V020","070,1,N,0031,1","99999,9,9,N","999999,9,N,9","+0224,1","+0168,1","99999,9","06,0000,9,1","4,000",,,"999,+0160,9","999,N,+0209,1",,,,"SYN017333   20209 3/016",
"07382099999","1990-08-03T09:00:00","4","46.65","4.433","603.0","MONT SAINT VINCENT, FR","FM-12","99999","V020","060,1,N,0031,1","99999,9,9,N","999999,9,N,9","+0269,1","+0184,1","99999,9",,"2,000",,,,,,,,,
"07382099999","1990-08-03T12:00:00","4","46.65","4.433","603.0","MONT SAINT VINCENT, FR","FM-12","99999","V020","090,1,N,0021,1","99999,9,9,N","999999,9,N,9","+0300,1","+0149,1","99999,9","06,0000,9,1","4,000",,,,,,,,,
"07382099999","1990-08-03T15:00:00","4","46.65","4.433","603.0","MONT SAINT VINCENT, FR","FM-12","99999","V020","340,1,N,0010,1","99999,9,9,N","999999,9,N,9","+0316,1","+0147,1","99999,9",,"2,000",,,,,,,,,
"07382099999","1990-08-03T18:00:00","4","46.65","4.433","603.0","MONT SAINT VINCENT, FR","FM-12","99999","V020","080,1,N,0031,1","99999,9,9,N","999999,9,N,9","+0270,1","+0150,1","99999,9","06,0000,9,1","4,000",,,,"999,M,+0317,1",,,,"SYN011333   10317",
"07382099999","1990-08-04T03:00:00","4","46.65","4.433","603.0","MONT SAINT VINCENT, FR","FM-12","99999","V020","060,1,N,0021,1","99999,9,9,N","999999,9,N,9","+0222,1","+0121,1","99999,9",,"2,000",,,,,,,,,
"07382099999","1990-08-04T06:00:00","4","46.65","4.433","603.0","MONT SAINT VINCENT, FR","FM-12","99999","V020","020,1,N,0010,1","99999,9,9,N","999999,9,N,9","+0240,1","+0141,1","99999,9","06,0000,9,1","4,000",,,"999,+0150,9","999,N,+0216,1",,,,"SYN017333   20216 3/015",
"07382099999","1990-08-04T09:00:00","4","46.65","4.433","603.0","MONT SAINT VINCENT, FR","FM-12","99999","V020","330,1,N,0010,1","99999,9,9,N","999999,9,N,9","+0268,1","+0158,1","99999,9",,"2,000",,,,,,,,,
"07382099999","1990-08-04T12:00:00","4","46.65","4.433","603.0","MONT SAINT VINCENT, FR","FM-12","99999","V020","999,1,C,0000,1","99999,9,9,N","999999,9,N,9","+0310,1","+0103,1","99999,9","06,0000,9,1","4,000",,,,,,,,,
"07382099999","1990-08-05T03:00:00","4","46.65","4.433","603.0","MONT SAINT VINCENT, FR","FM-12","99999","V020","280,1,N,0031,1","99999,9,9,N","999999,9,N,9","+0233,1","+0145,1","99999,9",,"2,000",,,,,,,,,
"07382099999","1990-08-05T06:00:00","4","46.65","4.433","603.0","MONT SAINT VINCENT, FR","FM-12","99999","V020","260,1,N,0041,1","99999,9,9,N","999999,9,N,9","+0236,1","+0145,1","99999,9","06,0000,9,1","4,000",,,"999,+0160,9","999,N,+0227,1",,,,"SYN017333   20227 3/016",
"07382099999","1990-08-05T09:00:00","4","46.65","4.433","603.0","MONT SAINT VINCENT, FR","FM-12","99999","V020","260,1,N,0031,1","99999,9,9,N","999999,9,N,9","+0283,1","+0168,1","99999,9",,"2,000",,,,,,,,,
"07382099999","1990-08-05T12:00:00","4","46.65","4.433","603.0","MONT SAINT VINCENT, FR","FM-12","99999","V020","260,1,N,0051,1","99999,9,9,N","999999,9,N,9","+0311,1","+0181,1","99999,9","06,0000,9,1","4,000",,,,,,,,,
"07382099999","1990-08-06T06:00:00","4","46.65","4.433","603.0","MONT SAINT VINCENT, FR","FM-12","99999","V020","310,1,N,0021,1","99999,9,9,N","999999,9,N,9","+0166,1","+0135,1","99999,9","06,0000,9,1","4,000",,,"999,+0160,9","999,N,+0165,1",,,,"SYN017333   20165 3/016",
"07382099999","1990-08-06T09:00:00","4","46.65","4.433","603.0","MONT SAINT VINCENT, FR","FM-12","99999","V020","280,1,N,0031,1","99999,9,9,N","999999,9,N,9","+0179,1","+0158,1","99999,9",,"2,000",,,,,,,,,
"07382099999","1990-08-06T12:00:00","4","46.65","4.433","603.0","MONT SAINT VINCENT, FR","FM-12","99999","V020","360,1,N,0041,1","99999,9,9,N","999999,9,N,9","+0192,1","+0146,1","99999,9","06,0005,9,1","0,000",,,,,,,,,
"07382099999","1990-08-06T15:00:00","4","46.65","4.433","603.0","MONT SAINT VINCENT, FR","FM-12","99999","V020","360,1,N,0021,1","99999,9,9,N","999999,9,N,9","+0224,1","+0120,1","99999,9",,"2,000",,,,,,,,,
"07382099999","1990-08-06T18:00:00","4","46.65","4.433","603.0","MONT SAINT VINCENT, FR","FM-12","99999","V020","360,1,N,0041,1","99999,9,9,N","999999,9,N,9","+0202,1","+0072,1","99999,9","99,0005,9,1","0,000",,,,"999,M,+0226,1",,,,"SYN011333   10226",
"07382099999","1990-08-07T06:00:00","4","46.65","4.433","603.0","MONT SAINT VINCENT, FR","FM-12","99999","V020","010,1,N,0041,1","99999,9,9,N","999999,9,N,9","+0090,1","+0074,1","99999,9","06,0000,9,1","4,000",,,"999,+0080,9","999,N,+0087,1",,,,"SYN017333   20087 3/008",
"07382099999","1990-08-07T09:00:00","4","46.65","4.433","603.0","MONT SAINT VINCENT, FR","FM-12","99999","V020","020,1,N,0031,1","99999,9,9,N","999999,9,N,9","+0142,1","+0088,1","99999,9",,"2,000",,,,,,,,,
"07382099999","1990-08-07T12:00:00","4","46.65","4.433","603.0","MONT SAINT VINCENT, FR","FM-12","99999","V020","030,1,N,0021,1","99999,9,9,N","999999,9,N,9","+0170,1","+0076,1","99999,9","06,0000,9,1","4,000",,,,,,,,,
"07382099999","1990-08-07T15:00:00","4","46.65","4.433","603.0","MONT SAINT VINCENT, FR","FM-12","99999","V020","030,1,N,0031,1","99999,9,9,N","999999,9,N,9","+0190,1","+0061,1","99999,9",,"2,000",,,,,,,,,
"07382099999","1990-08-08T03:00:00","4","46.65","4.433","603.0","MONT SAINT VINCENT, FR","FM-12","99999","V020","030,1,N,0041,1","99999,9,9,N","999999,9,N,9","+0113,1","+0049,1","99999,9",,"2,000",,,,,,,,,
"07382099999","1990-08-08T06:00:00","4","46.65","4.433","603.0","MONT SAINT VINCENT, FR","FM-12","99999","V020","040,1,N,0062,1","99999,9,9,N","999999,9,N,9","+0119,1","+0057,1","99999,9","06,0000,9,1","4,000",,,"999,+0100,9","999,N,+0106,1",,,,"SYN017333   20106 3/010",
"07382099999","1990-08-08T09:00:00","4","46.65","4.433","603.0","MONT SAINT VINCENT, FR","FM-12","99999","V020","050,1,N,0051,1","99999,9,9,N","999999,9,N,9","+0178,1","+0075,1","99999,9",,"2,000",,,,,,,,,
"07382099999","1990-08-08T12:00:00","4","46.65","4.433","603.0","MONT SAINT VINCENT, FR","FM-12","99999","V020","060,1,N,0041,1","99999,9,9,N","999999,9,N,9","+0210,1","+0057,1","99999,9","06,0000,9,1","4,000",,,,,,,,,
"07382099999","1990-08-08T15:00:00","4","46.65","4.433","603.0","MONT SAINT VINCENT, FR","FM-12","99999","V020","040,1,N,0041,1","99999,9,9,N","999999,9,N,9","+0218,1","+0052,1","99999,9",,"2,000",,,,,,,,,
"07382099999","1990-08-08T18:00:00","4","46.65","4.433","603.0","MONT SAINT VINCENT, FR","FM-12","99999","V020","070,1,N,0031,1","99999,9,9,N","999999,9,N,9","+0184,1","+0052,1","99999,9","06,0000,9,1","4,000",,,,"999,M,+0220,1",,,,"SYN011333   10220",
"07382099999","1990-08-09T03:00:00","4","46.65","4.433","603.0","MONT SAINT VINCENT, FR","FM-12","99999","V020","040,1,N,0051,1","99999,9,9,N","999999,9,N,9","+0136,1","+0052,1","99999,9",,"2,000",,,,,,,,,
"07382099999","1990-08-09T06:00:00","4","46.65","4.433","603.0","MONT SAINT VINCENT, FR","FM-12","99999","V020","050,1,N,0051,1","99999,9,9,N","999999,9,N,9","+0149,1","+0056,1","99999,9","06,0000,9,1","4,000",,,"999,+0110,9","999,N,+0121,1",,,,"SYN017333   20121 3/011",
"07382099999","1990-08-09T12:00:00","4","46.65","4.433","603.0","MONT SAINT VINCENT, FR","FM-12","99999","V020","020,1,N,0021,1","99999,9,9,N","999999,9,N,9","+0235,1","+0058,1","99999,9","06,0000,9,1","4,000",,,,,,,,,
"07382099999","1990-08-09T15:00:00","4","46.65","4.433","603.0","MONT SAINT VINCENT, FR","FM-12","99999","V020","070,1,N,0021,1","99999,9,9,N","999999,9,N,9","+0245,1","+0071,1","99999,9",,"2,000",,,,,,,,,
"07382099999","1990-08-09T18:00:00","4","46.65","4.433","603.0","MONT SAINT VINCENT, FR","FM-12","99999","V020","080,1,N,0031,1","99999,9,9,N","999999,9,N,9","+0208,1","+0067,1","99999,9","06,0000,9,1","4,000",,,,"999,M,+0251,1",,,,"SYN011333   10251",
"07382099999","1990-08-10T03:00:00","4","46.65","4.433","603.0","MONT SAINT VINCENT, FR","FM-12","99999","V020","060,1,N,0041,1","99999,9,9,N","999999,9,N,9","+0169,1","+0058,1","99999,9",,"2,000",,,,,,,,,
"07382099999","1990-08-10T06:00:00","4","46.65","4.433","603.0","MONT SAINT VINCENT, FR","FM-12","99999","V020","060,1,N,0031,1","99999,9,9,N","999999,9,N,9","+0178,1","+0075,1","99999,9","06,0000,9,1","4,000",,,"999,+0140,9","999,N,+0161,1",,,,"SYN017333   20161 3/014",
"07382099999","1990-08-10T09:00:00","4","46.65","4.433","603.0","MONT SAINT VINCENT, FR","FM-12","99999","V020","070,1,N,0010,1","99999,9,9,N","999999,9,N,9","+0228,1","+0102,1","99999,9",,"2,000",,,,,,,,,
"07382099999","1990-08-10T12:00:00","4","46.65","4.433","603.0","MONT SAINT VINCENT, FR","FM-12","99999","V020","060,1,N,0021,1","99999,9,9,N","999999,9,N,9","+0256,1","+0090,1","99999,9","06,9999,2,9","0,000",,,,,,,,,
"07382099999","1990-08-10T18:00:00","4","46.65","4.433","603.0","MONT SAINT VINCENT, FR","FM-12","99999","V020","110,1,N,0031,1","99999,9,9,N","999999,9,N,9","+0227,1","+0084,1","99999,9","99,9999,2,9","0,000",,,,"999,M,+0272,1",,,,"SYN011333   10272",
"07382099999","1990-08-11T06:00:00","4","46.65","4.433","603.0","MONT SAINT VINCENT, FR","FM-12","99999","V020","080,1,N,0021,1","99999,9,9,N","999999,9,N,9","+0185,1","+0103,1","99999,9","06,0000,9,1","4,000",,,"999,+0160,9","999,N,+0178,1",,,,"SYN017333   20178 3/016",
"07382099999","1990-08-11T09:00:00","4","46.65","4.433","603.0","MONT SAINT VINCENT, FR","FM-12","99999","V020","110,1,N,0010,1","99999,9,9,N","999999,9,N,9","+0247,1","+0135,1","99999,9",,"2,000",,,,,,,,,
"07382099999","1990-08-11T12:00:00","4","46.65","4.433","603.0","MONT SAINT VINCENT, FR","FM-12","99999","V020","140,1,N,0021,1","99999,9,9,N","999999,9,N,9","+0288,1","+0095,1","99999,9","06,0000,9,1","4,000",,,,,,,,,
"07382099999","1990-08-12T03:00:00","4","46.65","4.433","603.0","MONT SAINT VINCENT, FR","FM-12","99999","V020","220,1,N,0031,1","99999,9,9,N","999999,9,N,9","+0224,1","+0088,1","99999,9",,"2,000",,,,,,,,,
"07382099999","1990-08-12T06:00:00","4","46.65","4.433","603.0","MONT SAINT VINCENT, FR","FM-12","99999","V020","260,1,N,0031,1","99999,9,9,N","999999,9,N,9","+0202,1","+0114,1","99999,9","06,0000,9,1","4,000",,,"999,+0150,9","999,N,+0197,1",,,,"SYN017333   20197 3/015",
"07382099999","1990-08-12T09:00:00","4","46.65","4.433","603.0","MONT SAINT VINCENT, FR","FM-12","99999","V020","220,1,N,0021,1","99999,9,9,N","999999,9,N,9","+0255,1","+0116,1","99999,9",,"2,000",,,,,,,,,
"07382099999","1990-08-12T12:00:00","4","46.65","4.433","603.0","MONT SAINT VINCENT, FR","FM-12","99999","V020","190,1,N,0021,1","99999,9,9,N","999999,9,N,9","+0302,1","+0121,1","99999,9","06,0000,9,1","4,000",,,,,,,,,
"07382099999","1990-08-13T03:00:00","4","46.65","4.433","603.0","MONT SAINT VINCENT, FR","FM-12","99999","V020","160,1,N,0051,1","99999,9,9,N","999999,9,N,9","+0204,1","+0133,1","99999,9",,"2,000",,,,,,,,,
"07382099999","1990-08-13T06:00:00","4","46.65","4.433","603.0","MONT SAINT VINCENT, FR","FM-12","99999","V020","160,1,N,0041,1","99999,9,9,N","999999,9,N,9","+0190,1","+0131,1","99999,9","99,0005,9,1","0,000",,,"999,+0150,9","999,N,+0179,1",,,,"SYN017333   20179 3/015",
"07382099999","1990-08-13T12:00:00","4","46.65","4.433","603.0","MONT SAINT VINCENT, FR","FM-12","99999","V020","270,1,N,0021,1","99999,9,9,N","999999,9,N,9","+0215,1","+0162,1","99999,9","06,0003,9,1","0,000",,,,,,,,,
"07382099999","1990-08-13T15:00:00","4","46.65","4.433","603.0","MONT SAINT VINCENT, FR","FM-12","99999","V020","999,1,C,0000,1","99999,9,9,N","999999,9,N,9","+0233,1","+0161,1","99999,9",,"2,000",,,,,,,,,
"07382099999","1990-08-13T18:00:00","4","46.65","4.433","603.0","MONT SAINT VINCENT, FR","FM-12","99999","V020","100,1,N,0041,1","99999,9,9,N","999999,9,N,9","+0214,1","+0163,1","99999,9","99,0003,9,1","0,000",,,,"999,M,+0243,1",,,,"SYN011333   10243",
"07382099999","1990-08-14T03:00:00","4","46.65","4.433","603.0","MONT SAINT VINCENT, FR","FM-12","99999","V020","270,1,N,0051,1","99999,9,9,N","999999,9,N,9","+0176,1","+0143,1","99999,9",,"2,000",,,,,,,,,
"07382099999","1990-08-14T06:00:00","4","46.65","4.433","603.0","MONT SAINT VINCENT, FR","FM-12","99999","V020","300,1,N,0051,1","99999,9,9,N","999999,9,N,9","+0176,1","+0150,1","99999,9","06,0000,9,1","4,000",,,"999,+0160,9","999,N,+0171,1",,,,"SYN017333   20171 3/016",
"07382099999","1990-08-14T09:00:00","4","46.65","4.433","603.0","MONT SAINT VINCENT, FR","FM-12","99999","V020","300,1,N,0031,1","99999,9,9,N","999999,9,N,9","+0158,1","+0156,1","99999,9",,"2,000",,,,,,,,,
"07382099999","1990-08-14T12:00:00","4","46.65","4.433","603.0","MONT SAINT VINCENT, FR","FM-12","99999","V020","160,1,N,0021,1","99999,9,9,N","999999,9,N,9","+0212,1","+0172,1","99999,9","06,0010,9,1","0,000",,,,,,,,,
"07382099999","1990-08-14T15:00:00","4","46.65","4.433","603.0","MONT SAINT VINCENT, FR","FM-12","99999","V020","140,1,N,0021,1","99999,9,9,N","999999,9,N,9","+0206,1","+0170,1","99999,9",,"2,000",,,,,,,,,
"07382099999","1990-08-14T18:00:00","4","46.65","4.433","603.0","MONT SAINT VINCENT, FR","FM-12","99999","V020","290,1,N,0021,1","99999,9,9,N","999999,9,N,9","+0197,1","+0165,1","99999,9","99,0010,9,1","0,000",,,,"999,M,+0235,1",,,,"SYN011333   10235",
"07382099999","1990-08-15T03:00:00","4","46.65","4.433","603.0","MONT SAINT VINCENT, FR","FM-12","99999","V020","290,1,N,0051,1","99999,9,9,N","999999,9,N,9","+0144,1","+0136,1","99999,9",,"2,000",,,,,,,,,
"07382099999","1990-08-15T06:00:00","4","46.65","4.433","603.0","MONT SAINT VINCENT, FR","FM-12","99999","V020","280,1,N,0082,1","99999,9,9,N","999999,9,N,9","+0135,1","+0133,1","99999,9","06,0000,9,1","4,000",,,"999,+0130,9","999,N,+0133,1",,,,"SYN017333   20133 3/013",
"07382099999","1990-08-15T09:00:00","4","46.65","4.433","603.0","MONT SAINT VINCENT, FR","FM-12","99999","V020","280,1,N,0062,1","99999,9,9,N","999999,9,N,9","+0183,1","+0153,1","99999,9",,"2,000",,,,,,,,,
"07382099999","1990-08-15T12:00:00","4","46.65","4.433","603.0","MONT SAINT VINCENT, FR","FM-12","99999","V020","270,1,N,0051,1","99999,9,9,N","999999,9,N,9","+0223,1","+0141,1","99999,9","06,0000,9,1","4,000",,,,,,,,,
"07382099999","1990-08-16T03:00:00","4","46.65","4.433","603.0","MONT SAINT VINCENT, FR","FM-12","99999","V020","260,1,N,0062,1","99999,9,9,N","999999,9,N,9","+0160,1","+0141,1","99999,9",,"2,000",,,,,,,,,
"07382099999","1990-08-16T06:00:00","4","46.65","4.433","603.0","MONT SAINT VINCENT, FR","FM-12","99999","V020","260,1,N,0072,1","99999,9,9,N","999999,9,N,9","+0161,1","+0148,1","99999,9","06,0000,9,1","4,000",,,"999,+0150,9","999,N,+0154,1",,,,"SYN017333   20154 3/015",
"07382099999","1990-08-16T09:00:00","4","46.65","4.433","603.0","MONT SAINT VINCENT, FR","FM-12","99999","V020","270,1,N,0082,1","99999,9,9,N","999999,9,N,9","+0188,1","+0150,1","99999,9",,"2,000",,,,,,,,,
"07382099999","1990-08-16T12:00:00","4","46.65","4.433","603.0","MONT SAINT VINCENT, FR","FM-12","99999","V020","260,1,N,0072,1","99999,9,9,N","999999,9,N,9","+0164,1","+9999,9","99999,9","06,0030,9,1","0,000",,,,,,,,,
"07382099999","1990-08-16T15:00:00","4","46.65","4.433","603.0","MONT SAINT VINCENT, FR","FM-12","99999","V020","270,1,N,0062,1","99999,9,9,N","999999,9,N,9","+0162,1","+9999,9","99999,9",,"2,000",,,,,,,,,
"07382099999","1990-08-16T18:00:00","4","46.65","4.433","603.0","MONT SAINT VINCENT, FR","FM-12","99999","V020","250,1,N,0051,1","99999,9,9,N","999999,9,N,9","+0176,1","+0174,1","99999,9","99,0050,9,1","0,000",,,,"999,M,+0195,1",,,,"SYN011333   10195",
"07382099999","1990-08-17T06:00:00","4","46.65","4.433","603.0","MONT SAINT VINCENT, FR","FM-12","99999","V020","290,1,N,0041,1","99999,9,9,N","999999,9,N,9","+0096,1","+0094,1","99999,9","06,0000,9,1","4,000",,,"999,+0090,9","999,N,+0093,1",,,,"SYN017333   20093 3/009",
"07382099999","1990-08-17T09:00:00","4","46.65","4.433","603.0","MONT SAINT VINCENT, FR","FM-12","99999","V020","310,1,N,0031,1","99999,9,9,N","999999,9,N,9","+0143,1","+0103,1","99999,9",,"2,000",,,,,,,,,
"07382099999","1990-08-17T12:00:00","4","46.65","4.433","603.0","MONT SAINT VINCENT, FR","FM-12","99999","V020","290,1,N,0021,1","99999,9,9,N","999999,9,N,9","+0169,1","+0095,1","99999,9","06,0000,9,1","4,000",,,,,,,,,
"07382099999","1990-08-17T15:00:00","4","46.65","4.433","603.0","MONT SAINT VINCENT, FR","FM-12","99999","V020","310,1,N,0031,1","99999,9,9,N","999999,9,N,9","+0184,1","+0068,1","99999,9",,"2,000",,,,,,,,,
"07382099999","1990-08-18T03:00:00","4","46.65","4.433","603.0","MONT SAINT VINCENT, FR","FM-12","99999","V020","290,1,N,0010,1","99999,9,9,N","999999,9,N,9","+0115,1","+0044,1","99999,9",,"2,000",,,,,,,,,
"07382099999","1990-08-18T06:00:00","4","46.65","4.433","603.0","MONT SAINT VINCENT, FR","FM-12","99999","V020","270,1,N,0021,1","99999,9,9,N","999999,9,N,9","+0113,1","+0054,1","99999,9","06,0000,9,1","4,000",,,"999,+0050,9","999,N,+0099,1",,,,"SYN017333   20099 3/005",
"07382099999","1990-08-18T09:00:00","4","46.65","4.433","603.0","MONT SAINT VINCENT, FR","FM-12","99999","V020","260,1,N,0041,1","99999,9,9,N","999999,9,N,9","+0169,1","+0085,1","99999,9",,"2,000",,,,,,,,,
"07382099999","1990-08-18T12:00:00","4","46.65","4.433","603.0","MONT SAINT VINCENT, FR","FM-12","99999","V020","260,1,N,0082,1","99999,9,9,N","999999,9,N,9","+0210,1","+0092,1","99999,9","06,0000,9,1","4,000",,,,,,,,,
"07382099999","1990-08-19T03:00:00","4","46.65","4.433","603.0","MONT SAINT VINCENT, FR","FM-12","99999","V020","300,1,N,0021,1","99999,9,9,N","999999,9,N,9","+0147,1","+0111,1","99999,9",,"2,000",,,,,,,,,
"07382099999","1990-08-19T06:00:00","4","46.65","4.433","603.0","MONT SAINT VINCENT, FR","FM-12","99999","V020","999,1,C,0000,1","99999,9,9,N","999999,9,N,9","+0179,1","+0140,1","99999,9","06,0000,9,1","4,000",,,"999,+0100,9","999,N,+0144,1",,,,"SYN017333   20144 3/010",
"07382099999","1990-08-19T09:00:00","4","46.65","4.433","603.0","MONT SAINT VINCENT, FR","FM-12","99999","V020","110,1,N,0021,1","99999,9,9,N","999999,9,N,9","+0219,1","+0147,1","99999,9",,"2,000",,,,,,,,,
"07382099999","1990-08-19T12:00:00","4","46.65","4.433","603.0","MONT SAINT VINCENT, FR","FM-12","99999","V020","999,1,C,0000,1","99999,9,9,N","999999,9,N,9","+0232,1","+0142,1","99999,9","06,0000,9,1","4,000",,,,,,,,,
"07382099999","1990-08-20T03:00:00","4","46.65","4.433","603.0","MONT SAINT VINCENT, FR","FM-12","99999","V020","240,1,N,0051,1","99999,9,9,N","999999,9,N,9","+0180,1","+0110,1","99999,9",,"2,000",,,,,,,,,
"07382099999","1990-08-20T06:00:00","4","46.65","4.433","603.0","MONT SAINT VINCENT, FR","FM-12","99999","V020","270,1,N,0051,1","99999,9,9,N","999999,9,N,9","+0169,1","+0120,1","99999,9","06,0000,9,1","4,000",,,"999,+0140,9","999,N,+0166,1",,,,"SYN017333   20166 3/014",
"07382099999","1990-08-20T12:00:00","4","46.65","4.433","603.0","MONT SAINT VINCENT, FR","FM-12","99999","V020","280,1,N,0072,1","99999,9,9,N","999999,9,N,9","+0255,1","+0146,1","99999,9","06,0000,9,1","4,000",,,,,,,,,
"07382099999","1990-08-20T15:00:00","4","46.65","4.433","603.0","MONT SAINT VINCENT, FR","FM-12","99999","V020","300,1,N,0041,1","99999,9,9,N","999999,9,N,9","+0252,1","+0152,1","99999,9",,"2,000",,,,,,,,,
"07382099999","1990-08-20T18:00:00","4","46.65","4.433","603.0","MONT SAINT VINCENT, FR","FM-12","99999","V020","310,1,N,0031,1","99999,9,9,N","999999,9,N,9","+0223,1","+0139,1","99999,9","06,0000,9,1","4,000",,,,"999,M,+0271,1",,,,"SYN011333   10271",
"07382099999","1990-08-21T09:00:00","4","46.65","4.433","603.0","MONT SAINT VINCENT, FR","FM-12","99999","V020","010,1,N,0021,1","99999,9,9,N","999999,9,N,9","+0157,1","+0104,1","99999,9",,"2,000",,,,,,,,,
"07382099999","1990-08-21T12:00:00","4","46.65","4.433","603.0","MONT SAINT VINCENT, FR","FM-12","99999","V020","320,1,N,0010,1","99999,9,9,N","999999,9,N,9","+0168,1","+0108,1","99999,9","06,0000,9,1","4,000",,,,,,,,,
"07382099999","1990-08-21T18:00:00","4","46.65","4.433","603.0","MONT SAINT VINCENT, FR","FM-12","99999","V020","360,1,N,0021,1","99999,9,9,N","999999,9,N,9","+0174,1","+0100,1","99999,9","06,0000,9,1","4,000",,,,"999,M,+0200,1",,,,"SYN011333   10200",
"07382099999","1990-08-22T03:00:00","4","46.65","4.433","603.0","MONT SAINT VINCENT, FR","FM-12","99999","V020","070,1,N,0031,1","99999,9,9,N","999999,9,N,9","+0113,1","+0068,1","99999,9",,"2,000",,,,,,,,,
"07382099999","1990-08-22T06:00:00","4","46.65","4.433","603.0","MONT SAINT VINCENT, FR","FM-12","99999","V020","070,1,N,0041,1","99999,9,9,N","999999,9,N,9","+0118,1","+0077,1","99999,9","06,0000,9,1","4,000",,,"999,+0090,9","999,N,+0106,1",,,,"SYN017333   20106 3/009",
"07382099999","1990-08-22T09:00:00","4","46.65","4.433","603.0","MONT SAINT VINCENT, FR","FM-12","99999","V020","060,1,N,0062,1","99999,9,9,N","999999,9,N,9","+0170,1","+0086,1","99999,9",,"2,000",,,,,,,,,
"07382099999","1990-08-22T12:00:00","4","46.65","4.433","603.0","MONT SAINT VINCENT, FR","FM-12","99999","V020","050,1,N,0041,1","99999,9,9,N","999999,9,N,9","+0214,1","+0076,1","99999,9","06,0000,9,1","4,000",,,,,,,,,
"07382099999","1990-08-22T15:00:00","4","46.65","4.433","603.0","MONT SAINT VINCENT, FR","FM-12","99999","V020","060,1,N,0062,1","99999,9,9,N","999999,9,N,9","+0222,1","+0060,1","99999,9",,"2,000",,,,,,,,,
"07382099999","1990-08-22T18:00:00","4","46.65","4.433","603.0","MONT SAINT VINCENT, FR","FM-12","99999","V020","070,1,N,0051,1","99999,9,9,N","999999,9,N,9","+0186,1","+0051,1","99999,9","06,0000,9,1","4,000",,,,"999,M,+0228,1",,,,"SYN011333   10228",
"07382099999","1990-08-23T03:00:00","4","46.65","4.433","603.0","MONT SAINT VINCENT, FR","FM-12","99999","V020","070,1,N,0087,1","99999,9,9,N","999999,9,N,9","+0125,1","+0081,1","99999,9",,"2,000",,,,,,,,,
"07382099999","1990-08-23T06:00:00","4","46.65","4.433","603.0","MONT SAINT VINCENT, FR","FM-12","99999","V020","070,1,N,0072,1","99999,9,9,N","999999,9,N,9","+0128,1","+0090,1","99999,9","99,9999,2,9","0,000",,,"999,+0110,9","999,N,+0117,1",,,,"SYN017333   20117 3/011",
"07382099999","1990-08-23T09:00:00","4","46.65","4.433","603.0","MONT SAINT VINCENT, FR","FM-12","99999","V020","080,1,N,0041,1","99999,9,9,N","999999,9,N,9","+0179,1","+0107,1","99999,9",,"2,000",,,,,,,,,
"07382099999","1990-08-23T12:00:00","4","46.65","4.433","603.0","MONT SAINT VINCENT, FR","FM-12","99999","V020","100,1,N,0051,1","99999,9,9,N","999999,9,N,9","+0232,1","+0109,1","99999,9","06,0000,9,1","4,000",,,,,,,,,
"07382099999","1990-08-23T15:00:00","4","46.65","4.433","603.0","MONT SAINT VINCENT, FR","FM-12","99999","V020","080,1,N,0031,1","99999,9,9,N","999999,9,N,9","+0244,1","+0110,1","99999,9",,"2,000",,,,,,,,,
"07382099999","1990-08-23T18:00:00","4","46.65","4.433","603.0","MONT SAINT VINCENT, FR","FM-12","99999","V020","120,1,N,0051,1","99999,9,9,N","999999,9,N,9","+0213,1","+0104,1","99999,9","06,0000,9,1","4,000",,,,"999,M,+0247,1",,,,"SYN011333   10247",
"07382099999","1990-08-24T03:00:00","4","46.65","4.433","603.0","MONT SAINT VINCENT, FR","FM-12","99999","V020","170,1,N,0051,1","99999,9,9,N","999999,9,N,9","+0188,1","+0098,1","99999,9",,"2,000",,,,,,,,,
"07382099999","1990-08-24T06:00:00","4","46.65","4.433","603.0","MONT SAINT VINCENT, FR","FM-12","99999","V020","180,1,N,0031,1","99999,9,9,N","999999,9,N,9","+0192,1","+0096,1","99999,9","06,0000,9,1","4,000",,,"999,+0160,9","999,N,+0174,1",,,,"SYN017333   20174 3/016",
"07382099999","1990-08-24T09:00:00","4","46.65","4.433","603.0","MONT SAINT VINCENT, FR","FM-12","99999","V020","240,1,N,0010,1","99999,9,9,N","999999,9,N,9","+0251,1","+0116,1","99999,9",,"2,000",,,,,,,,,
"07382099999","1990-08-24T12:00:00","4","46.65","4.433","603.0","MONT SAINT VINCENT, FR","FM-12","99999","V020","220,1,N,0021,1","99999,9,9,N","999999,9,N,9","+0296,1","+0116,1","99999,9","06,0000,9,1","4,000",,,,,,,,,
"07382099999","1990-08-24T15:00:00","4","46.65","4.433","603.0","MONT SAINT VINCENT, FR","FM-12","99999","V020","280,1,N,0031,1","99999,9,9,N","999999,9,N,9","+0310,1","+0109,1","99999,9",,"2,000",,,,,,,,,
"07382099999","1990-08-24T18:00:00","4","46.65","4.433","603.0","MONT SAINT VINCENT, FR","FM-12","99999","V020","190,1,N,0010,1","99999,9,9,N","999999,9,N,9","+0273,1","+0100,1","99999,9","06,0000,9,1","4,000",,,,"999,M,+0313,1",,,,"SYN011333   10313",
"07382099999","1990-08-25T03:00:00","4","46.65","4.433","603.0","MONT SAINT VINCENT, FR","FM-12","99999","V020","280,1,N,0082,1","99999,9,9,N","999999,9,N,9","+0154,1","+0152,1","99999,9",,"2,000",,,,,,,,,
"07382099999","1990-08-25T06:00:00","4","46.65","4.433","603.0","MONT SAINT VINCENT, FR","FM-12","99999","V020","270,1,N,0062,1","99999,9,9,N","999999,9,N,9","+0157,1","+0152,1","99999,9","99,0010,9,1","0,000",,,"999,+0150,9","999,N,+0151,1",,,,"SYN017333   20151 3/015",
"07382099999","1990-08-25T09:00:00","4","46.65","4.433","603.0","MONT SAINT VINCENT, FR","FM-12","99999","V020","270,1,N,0082,1","99999,9,9,N","999999,9,N,9","+0171,1","+0166,1","99999,9",,"2,000",,,,,,,,,
"07382099999","1990-08-25T12:00:00","4","46.65","4.433","603.0","MONT SAINT VINCENT, FR","FM-12","99999","V020","260,1,N,0051,1","99999,9,9,N","999999,9,N,9","+0215,1","+0170,1","99999,9","06,0000,9,1","4,000",,,,,,,,,
"07382099999","1990-08-26T03:00:00","4","46.65","4.433","603.0","MONT SAINT VINCENT, FR","FM-12","99999","V020","320,1,N,0010,1","99999,9,9,N","999999,9,N,9","+0155,1","+0151,1","99999,9",,"2,000",,,,,,,,,
"07382099999","1990-08-26T06:00:00","4","46.65","4.433","603.0","MONT SAINT VINCENT, FR","FM-12","99999","V020","320,1,N,0021,1","99999,9,9,N","999999,9,N,9","+0153,1","+0151,1","99999,9","06,0000,9,1","4,000",,,"999,+0140,9","999,N,+0149,1",,,,"SYN017333   20149 3/014",
"07382099999","1990-08-26T09:00:00","4","46.65","4.433","603.0","MONT SAINT VINCENT, FR","FM-12","99999","V020","300,1,N,0021,1","99999,9,9,N","999999,9,N,9","+0188,1","+0169,1","99999,9",,"2,000",,,,,,,,,
"07382099999","1990-08-26T12:00:00","4","46.65","4.433","603.0","MONT SAINT VINCENT, FR","FM-12","99999","V020","300,1,N,0031,1","99999,9,9,N","999999,9,N,9","+0176,1","+0174,1","99999,9","06,0010,9,1","0,000",,,,,,,,,
"07382099999","1990-08-27T03:00:00","4","46.65","4.433","603.0","MONT SAINT VINCENT, FR","FM-12","99999","V020","290,1,N,0021,1","99999,9,9,N","999999,9,N,9","+0145,1","+9999,9","99999,9",,"2,000",,,,,,,,,
"07382099999","1990-08-27T06:00:00","4","46.65","4.433","603.0","MONT SAINT VINCENT, FR","FM-12","99999","V020","290,1,N,0010,1","99999,9,9,N","999999,9,N,9","+0149,1","+9999,9","99999,9","06,0000,9,1","4,000",,,"999,+0140,9","999,N,+0144,1",,,,"SYN017333   20144 3/014",
"07382099999","1990-08-27T09:00:00","4","46.65","4.433","603.0","MONT SAINT VINCENT, FR","FM-12","99999","V020","300,1,N,0021,1","99999,9,9,N","999999,9,N,9","+0165,1","+9999,9","99999,9",,"2,000",,,,,,,,,
"07382099999","1990-08-27T12:00:00","4","46.65","4.433","603.0","MONT SAINT VINCENT, FR","FM-12","99999","V020","310,1,N,0021,1","99999,9,9,N","999999,9,N,9","+0213,1","+0197,1","99999,9","06,0010,9,1","0,000",,,,,,,,,
"07382099999","1990-08-27T15:00:00","4","46.65","4.433","603.0","MONT SAINT VINCENT, FR","FM-12","99999","V020","310,1,N,0041,1","99999,9,9,N","999999,9,N,9","+0183,1","+0171,1","99999,9",,"2,000",,,,,,,,,
"07382099999","1990-08-27T18:00:00","4","46.65","4.433","603.0","MONT SAINT VINCENT, FR","FM-12","99999","V020","330,1,N,0021,1","99999,9,9,N","999999,9,N,9","+0191,1","+0182,1","99999,9","99,0010,9,1","0,000",,,,"999,M,+0226,1",,,,"SYN011333   10226",
"07382099999","1990-08-28T03:00:00","4","46.65","4.433","603.0","MONT SAINT VINCENT, FR","FM-12","99999","V020","999,1,C,0000,1","99999,9,9,N","999999,9,N,9","+0165,1","+0161,1","99999,9",,"2,000",,,,,,,,,
"07382099999","1990-08-28T06:00:00","4","46.65","4.433","603.0","MONT SAINT VINCENT, FR","FM-12","99999","V020","330,1,N,0010,1","99999,9,9,N","999999,9,N,9","+0179,1","+0165,1","99999,9","06,0000,9,1","4,000",,,"999,+0110,9","999,N,+0165,1",,,,"SYN017333   20165 3/011",
"07382099999","1990-08-28T09:00:00","4","46.65","4.433","603.0","MONT SAINT VINCENT, FR","FM-12","99999","V020","999,1,C,0000,1","99999,9,9,N","999999,9,N,9","+0212,1","+0185,1","99999,9",,"2,000",,,,,,,,,
"07382099999","1990-08-28T12:00:00","4","46.65","4.433","603.0","MONT SAINT VINCENT, FR","FM-12","99999","V020","290,1,N,0010,1","99999,9,9,N","999999,9,N,9","+0246,1","+0183,1","99999,9","06,0000,9,1","4,000",,,,,,,,,
"07382099999","1990-08-28T15:00:00","4","46.65","4.433","603.0","MONT SAINT VINCENT, FR","FM-12","99999","V020","270,1,N,0021,1","99999,9,9,N","999999,9,N,9","+0252,1","+0168,1","99999,9",,"2,000",,,,,,,,,
"07382099999","1990-08-28T18:00:00","4","46.65","4.433","603.0","MONT SAINT VINCENT, FR","FM-12","99999","V020","280,1,N,0021,1","99999,9,9,N","999999,9,N,9","+0219,1","+0157,1","99999,9","06,0000,9,1","4,000",,,,"999,M,+0268,1",,,,"SYN011333   10268",
"07382099999","1990-08-29T03:00:00","4","46.65","4.433","603.0","MONT SAINT VINCENT, FR","FM-12","99999","V020","120,1,N,0041,1","99999,9,9,N","999999,9,N,9","+0187,1","+0155,1","99999,9",,"2,000",,,,,,,,,
"07382099999","1990-08-29T06:00:00","4","46.65","4.433","603.0","MONT SAINT VINCENT, FR","FM-12","99999","V020","180,1,N,0031,1","99999,9,9,N","999999,9,N,9","+0183,1","+0155,1","99999,9","06,0000,9,1","4,000",,,"999,+0130,9","999,N,+0172,1",,,,"SYN017333   20172 3/013",
"07382099999","1990-08-29T09:00:00","4","46.65","4.433","603.0","MONT SAINT VINCENT, FR","FM-12","99999","V020","140,1,N,0010,1","99999,9,9,N","999999,9,N,9","+0235,1","+0174,1","99999,9",,"2,000",,,,,,,,,
"07382099999","1990-08-29T15:00:00","4","46.65","4.433","603.0","MONT SAINT VINCENT, FR","FM-12","99999","V020","200,1,N,0041,1","99999,9,9,N","999999,9,N,9","+0274,1","+0137,1","99999,9",,"2,000",,,,,,,,,
"07382099999","1990-08-29T18:00:00","4","46.65","4.433","603.0","MONT SAINT VINCENT, FR","FM-12","99999","V020","140,1,N,0041,1","99999,9,9,N","999999,9,N,9","+0244,1","+0139,1","99999,9","06,0000,9,1","4,000",,,,"999,M,+0282,1",,,,"SYN011333   10282",
"07382099999","1990-08-30T03:00:00","4","46.65","4.433","603.0","MONT SAINT VINCENT, FR","FM-12","99999","V020","240,1,N,0041,1","99999,9,9,N","999999,9,N,9","+0194,1","+0140,1","99999,9",,"2,000",,,,,,,,,
"07382099999","1990-08-30T12:00:00","4","46.65","4.433","603.0","MONT SAINT VINCENT, FR","FM-12","99999","V020","210,1,N,0010,1","99999,9,9,N","999999,9,N,9","+0172,1","+0170,1","99999,9","06,0005,9,1","0,000",,,,,,,,,
"07382099999","1990-08-30T15:00:00","4","46.65","4.433","603.0","MONT SAINT VINCENT, FR","FM-12","99999","V020","320,1,N,0010,1","99999,9,9,N","999999,9,N,9","+0160,1","+9999,9","99999,9",,"2,000",,,,,,,,,
"07382099999","1990-08-31T03:00:00","4","46.65","4.433","603.0","MONT SAINT VINCENT, FR","FM-12","99999","V020","300,1,N,0062,1","99999,9,9,N","999999,9,N,9","+0103,1","+9999,9","99999,9",,"2,000",,,,,,,,,
"07382099999","1990-08-31T06:00:00","4","46.65","4.433","603.0","MONT SAINT VINCENT, FR","FM-12","99999","V020","300,1,N,0041,1","99999,9,9,N","999999,9,N,9","+0086,1","+9999,9","99999,9","99,0380,9,1","0,000",,,"999,+0090,9","999,N,+0086,1",,,,"SYN017333   20086 3/009",
"07382099999","1990-08-31T09:00:00","4","46.65","4.433","603.0","MONT SAINT VINCENT, FR","FM-12","99999","V020","290,1,N,0041,1","99999,9,9,N","999999,9,N,9","+0099,1","+9999,9","99999,9",,"2,000",,,,,,,,,
"07382099999","1990-08-31T12:00:00","4","46.65","4.433","603.0","MONT SAINT VINCENT, FR","FM-12","99999","V020","280,1,N,0010,1","99999,9,9,N","999999,9,N,9","+0107,1","+0105,1","99999,9","06,0010,9,1","0,000",,,,,,,,,
"07382099999","1990-08-31T15:00:00","4","46.65","4.433","603.0","MONT SAINT VINCENT, FR","FM-12","99999","V020","330,1,N,0010,1","99999,9,9,N","999999,9,N,9","+0105,1","+0103,1","99999,9",,"2,000",,,,,,,,,
"07382099999","1990-09-02T03:00:00","4","46.65","4.433","603.0","MONT SAINT VINCENT, FR","FM-12","99999","V020","050,1,N,0062,1","99999,9,9,N","999999,9,N,9","+0107,1","+0094,1","99999,9",,"2,000",,,,,,,,,
"07382099999","1990-09-02T06:00:00","4","46.65","4.433","603.0","MONT SAINT VINCENT, FR","FM-12","99999","V020","050,1,N,0062,1","99999,9,9,N","999999,9,N,9","+0111,1","+0093,1","99999,9","06,0000,9,1","4,000",,,"999,+0090,9","999,N,+0094,1",,,,"SYN017333   20094 3/009",
"07382099999","1990-09-02T09:00:00","4","46.65","4.433","603.0","MONT SAINT VINCENT, FR","FM-12","99999","V020","050,1,N,0051,1","99999,9,9,N","999999,9,N,9","+0158,1","+0111,1","99999,9",,"2,000",,,,,,,,,
"07382099999","1990-09-02T12:00:00","4","46.65","4.433","603.0","MONT SAINT VINCENT, FR","FM-12","99999","V020","040,1,N,0031,1","99999,9,9,N","999999,9,N,9","+0199,1","+0114,1","99999,9","06,0000,9,1","4,000",,,,,,,,,
"07382099999","1990-09-03T06:00:00","4","46.65","4.433","603.0","MONT SAINT VINCENT, FR","FM-12","99999","V020","010,1,N,0021,1","99999,9,9,N","999999,9,N,9","+0143,1","+0123,1","99999,9","06,0000,9,1","4,000",,,"999,+0120,9","999,N,+0133,1",,,,"SYN017333   20133 3/012",
"07382099999","1990-09-03T09:00:00","4","46.65","4.433","603.0","MONT SAINT VINCENT, FR","FM-12","99999","V020","350,1,N,0021,1","99999,9,9,N","999999,9,N,9","+0179,1","+0132,1","99999,9",,"2,000",,,,,,,,,
"07382099999","1990-09-03T12:00:00","4","46.65","4.433","603.0","MONT SAINT VINCENT, FR","FM-12","99999","V020","300,1,N,0031,1","99999,9,9,N","999999,9,N,9","+0208,1","+0142,1","99999,9","06,0000,9,1","4,000",,,,,,,,,
"07382099999","1990-09-03T15:00:00","4","46.65","4.433","603.0","MONT SAINT VINCENT, FR","FM-12","99999","V020","290,1,N,0010,1","99999,9,9,N","999999,9,N,9","+0219,1","+0135,1","99999,9",,"2,000",,,,,,,,,
"07382099999","1990-09-03T18:00:00","4","46.65","4.433","603.0","MONT SAINT VINCENT, FR","FM-12","99999","V020","350,1,N,0010,1","99999,9,9,N","999999,9,N,9","+0193,1","+0123,1","99999,9","06,0000,9,1","4,000",,,,"999,M,+0225,1",,,,"SYN011333   10225",
"07382099999","1990-09-04T03:00:00","4","46.65","4.433","603.0","MONT SAINT VINCENT, FR","FM-12","99999","V020","080,1,N,0010,1","99999,9,9,N","999999,9,N,9","+0146,1","+0122,1","99999,9",,"2,000",,,,,,,,,
"07382099999","1990-09-04T06:00:00","4","46.65","4.433","603.0","MONT SAINT VINCENT, FR","FM-12","99999","V020","280,1,N,0021,1","99999,9,9,N","999999,9,N,9","+0135,1","+0125,1","99999,9","06,0000,9,1","4,000",,,"999,+0070,9","999,N,+0134,1",,,,"SYN017333   20134 3/007",
"07382099999","1990-09-04T09:00:00","4","46.65","4.433","603.0","MONT SAINT VINCENT, FR","FM-12","99999","V020","280,1,N,0051,1","99999,9,9,N","999999,9,N,9","+0175,1","+0143,1","99999,9",,"2,000",,,,,,,,,
"07382099999","1990-09-04T12:00:00","4","46.65","4.433","603.0","MONT SAINT VINCENT, FR","FM-12","99999","V020","280,1,N,0051,1","99999,9,9,N","999999,9,N,9","+0230,1","+0143,1","99999,9","06,0000,9,1","4,000",,,,,,,,,
"07382099999","1990-09-04T15:00:00","4","46.65","4.433","603.0","MONT SAINT VINCENT, FR","FM-12","99999","V020","290,1,N,0051,1","99999,9,9,N","999999,9,N,9","+0210,1","+0139,1","99999,9",,"2,000",,,,,,,,,
"07382099999","1990-09-04T18:00:00","4","46.65","4.433","603.0","MONT SAINT VINCENT, FR","FM-12","99999","V020","310,1,N,0031,1","99999,9,9,N","999999,9,N,9","+0172,1","+0131,1","99999,9","06,0000,9,1","4,000",,,,"999,M,+0242,1",,,,"SYN011333   10242",
"07382099999","1990-09-05T03:00:00","4","46.65","4.433","603.0","MONT SAINT VINCENT, FR","FM-12","99999","V020","060,1,N,0041,1","99999,9,9,N","999999,9,N,9","+0126,1","+0124,1","99999,9",,"2,000",,,,,,,,,
"07382099999","1990-09-05T06:00:00","4","46.65","4.433","603.0","MONT SAINT VINCENT, FR","FM-12","99999","V020","340,1,N,0010,1","99999,9,9,N","999999,9,N,9","+0109,1","+0107,1","99999,9","06,0000,9,1","4,000",,,"999,+0100,9","999,N,+0109,1",,,,"SYN017333   20109 3/010",
"07382099999","1990-09-05T09:00:00","4","46.65","4.433","603.0","MONT SAINT VINCENT, FR","FM-12","99999","V020","999,1,C,0000,1","99999,9,9,N","999999,9,N,9","+0141,1","+0129,1","99999,9",,"2,000",,,,,,,,,
"07382099999","1990-09-05T12:00:00","4","46.65","4.433","603.0","MONT SAINT VINCENT, FR","FM-12","99999","V020","320,1,N,0021,1","99999,9,9,N","999999,9,N,9","+0170,1","+0091,1","99999,9","06,0000,9,1","4,000",,,,,,,,,
"07382099999","1990-09-05T15:00:00","4","46.65","4.433","603.0","MONT SAINT VINCENT, FR","FM-12","99999","V020","290,1,N,0021,1","99999,9,9,N","999999,9,N,9","+0191,1","+0093,1","99999,9",,"2,000",,,,,,,,,
"07382099999","1990-09-05T18:00:00","4","46.65","4.433","603.0","MONT SAINT VINCENT, FR","FM-12","99999","V020","280,1,N,0021,1","99999,9,9,N","999999,9,N,9","+0154,1","+0081,1","99999,9","06,0000,9,1","4,000",,,,"999,M,+0199,1",,,,"SYN011333   10199",
"07382099999","1990-09-06T03:00:00","4","46.65","4.433","603.0","MONT SAINT VINCENT, FR","FM-12","99999","V020","160,1,N,0010,1","99999,9,9,N","999999,9,N,9","+0117,1","+0064,1","99999,9",,"2,000",,,,,,,,,
"07382099999","1990-09-06T06:00:00","4","46.65","4.433","603.0","MONT SAINT VINCENT, FR","FM-12","99999","V020","250,1,N,0031,1","99999,9,9,N","999999,9,N,9","+0108,1","+0074,1","99999,9","06,0000,9,1","4,000",,,"999,+0070,9","999,N,+0096,1",,,,"SYN017333   20096 3/007",
"07382099999","1990-09-06T09:00:00","4","46.65","4.433","603.0","MONT SAINT VINCENT, FR","FM-12","99999","V020","280,1,N,0051,1","99999,9,9,N","999999,9,N,9","+0141,1","+0105,1","99999,9",,"2,000",,,,,,,,,
"07382099999","1990-09-06T12:00:00","4","46.65","4.433","603.0","MONT SAINT VINCENT, FR","FM-12","99999","V020","270,1,N,0072,1","99999,9,9,N","999999,9,N,9","+0171,1","+0122,1","99999,9","06,0000,9,1","4,000",,,,,,,,,
"07382099999","1990-09-06T15:00:00","4","46.65","4.433","603.0","MONT SAINT VINCENT, FR","FM-12","99999","V020","280,1,N,0051,1","99999,9,9,N","999999,9,N,9","+0158,1","+0125,1","99999,9",,"2,000",,,,,,,,,
"07382099999","1990-09-06T18:00:00","4","46.65","4.433","603.0","MONT SAINT VINCENT, FR","FM-12","99999","V020","280,1,N,0062,1","99999,9,9,N","999999,9,N,9","+0129,1","+9999,9","99999,9","99,0003,9,1","0,000",,,,"999,M,+0187,1",,,,"SYN011333   10187",
"07382099999","1990-09-07T03:00:00","4","46.65","4.433","603.0","MONT SAINT VINCENT, FR","FM-12","99999","V020","270,1,N,0031,1","99999,9,9,N","999999,9,N,9","+0119,1","+9999,9","99999,9",,"2,000",,,,,,,,,
"07382099999","1990-09-07T06:00:00","4","46.65","4.433","603.0","MONT SAINT VINCENT, FR","FM-12","99999","V020","300,1,N,0041,1","99999,9,9,N","999999,9,N,9","+0095,1","+0082,1","99999,9","06,0000,9,1","4,000",,,"999,+0080,9","999,N,+0089,1",,,,"SYN017333   20089 3/008",
"07382099999","1990-09-07T09:00:00","4","46.65","4.433","603.0","MONT SAINT VINCENT, FR","FM-12","99999","V020","290,1,N,0072,1","99999,9,9,N","999999,9,N,9","+0124,1","+0088,1","99999,9",,"2,000",,,,,,,,,
"07382099999","1990-09-07T12:00:00","4","46.65","4.433","603.0","MONT SAINT VINCENT, FR","FM-12","99999","V020","280,1,N,0051,1","99999,9,9,N","999999,9,N,9","+0124,1","+0102,1","99999,9","06,0003,9,1","0,000",,,,,,,,,
"07382099999","1990-09-07T15:00:00","4","46.65","4.433","603.0","MONT SAINT VINCENT, FR","FM-12","99999","V020","290,1,N,0072,1","99999,9,9,N","999999,9,N,9","+0125,1","+0087,1","99999,9",,"2,000",,,,,,,,,
"07382099999","1990-09-07T18:00:00","4","46.65","4.433","603.0","MONT SAINT VINCENT, FR","FM-12","99999","V020","290,1,N,0062,1","99999,9,9,N","999999,9,N,9","+0108,1","+0092,1","99999,9","99,0010,9,1","0,000",,,,"999,M,+0145,1",,,,"SYN011333   10145",
"07382099999","1990-09-08T03:00:00","4","46.65","4.433","603.0","MONT SAINT VINCENT, FR","FM-12","99999","V020","020,1,N,0021,1","99999,9,9,N","999999,9,N,9","+0092,1","+0073,1","99999,9",,"2,000",,,,,,,,,
"07382099999","1990-09-08T06:00:00","4","46.65","4.433","603.0","MONT SAINT VINCENT, FR","FM-12","99999","V020","010,1,N,0021,1","99999,9,9,N","999999,9,N,9","+0093,1","+0077,1","99999,9","06,0000,9,1","4,000",,,"999,+0060,9","999,N,+0082,1",,,,"SYN017333   20082 3/006",
"07382099999","1990-09-08T09:00:00","4","46.65","4.433","603.0","MONT SAINT VINCENT, FR","FM-12","99999","V020","020,1,N,0010,1","99999,9,9,N","999999,9,N,9","+0131,1","+0087,1","99999,9",,"2,000",,,,,,,,,
"07382099999","1990-09-08T12:00:00","4","46.65","4.433","603.0","MONT SAINT VINCENT, FR","FM-12","99999","V020","050,1,N,0021,1","99999,9,9,N","999999,9,N,9","+0170,1","+0084,1","99999,9","06,0000,9,1","4,000",,,,,,,,,
"07382099999","1990-09-09T03:00:00","4","46.65","4.433","603.0","MONT SAINT VINCENT, FR","FM-12","99999","V020","050,1,N,0062,1","99999,9,9,N","999999,9,N,9","+0092,1","+0090,1","99999,9",,"2,000",,,,,,,,,
"07382099999","1990-09-09T06:00:00","4","46.65","4.433","603.0","MONT SAINT VINCENT, FR","FM-12","99999","V020","070,1,N,0062,1","99999,9,9,N","999999,9,N,9","+0092,1","+0090,1","99999,9","99,0003,9,1","0,000",,,"999,+0080,9","999,N,+0086,1",,,,"SYN017333   20086 3/008",
"07382099999","1990-09-09T09:00:00","4","46.65","4.433","603.0","MONT SAINT VINCENT, FR","FM-12","99999","V020","070,1,N,0051,1","99999,9,9,N","999999,9,N,9","+0145,1","+0118,1","99999,9",,"2,000",,,,,,,,,
"07382099999","1990-09-09T12:00:00","4","46.65","4.433","603.0","MONT SAINT VINCENT, FR","FM-12","99999","V020","080,1,N,0062,1","99999,9,9,N","999999,9,N,9","+0168,1","+0115,1","99999,9","06,0000,9,1","4,000",,,,,,,,,
"07382099999","1990-09-10T03:00:00","4","46.65","4.433","603.0","MONT SAINT VINCENT, FR","FM-12","99999","V020","060,1,N,0062,1","99999,9,9,N","999999,9,N,9","+0097,1","+0069,1","99999,9",,"2,000",,,,,,,,,
"07382099999","1990-09-10T06:00:00","4","46.65","4.433","603.0","MONT SAINT VINCENT, FR","FM-12","99999","V020","060,1,N,0072,1","99999,9,9,N","999999,9,N,9","+0100,1","+0074,1","99999,9","06,0000,9,1","4,000",,,"999,+0080,9","999,N,+0089,1",,,,"SYN017333   20089 3/008",
"07382099999","1990-09-10T09:00:00","4","46.65","4.433","603.0","MONT SAINT VINCENT, FR","FM-12","99999","V020","050,1,N,0041,1","99999,9,9,N","999999,9,N,9","+0153,1","+0104,1","99999,9",,"2,000",,,,,,,,,
"07382099999","1990-09-10T12:00:00","4","46.65","4.433","603.0","MONT SAINT VINCENT, FR","FM-12","99999","V020","050,1,N,0041,1","99999,9,9,N","999999,9,N,9","+0181,1","+0091,1","99999,9","06,0000,9,1","4,000",,,,,,,,,
"07382099999","1990-09-10T15:00:00","4","46.65","4.433","603.0","MONT SAINT VINCENT, FR","FM-12","99999","V020","060,1,N,0021,1","99999,9,9,N","999999,9,N,9","+0189,1","+0085,1","99999,9",,"2,000",,,,,,,,,
"07382099999","1990-09-10T18:00:00","4","46.65","4.433","603.0","MONT SAINT VINCENT, FR","FM-12","99999","V020","060,1,N,0062,1","99999,9,9,N","999999,9,N,9","+0150,1","+0073,1","99999,9","06,0000,9,1","4,000",,,,"999,M,+0191,1",,,,"SYN011333   10191",
"07382099999","1990-09-11T03:00:00","4","46.65","4.433","603.0","MONT SAINT VINCENT, FR","FM-12","99999","V020","050,1,N,0041,1","99999,9,9,N","999999,9,N,9","+0098,1","+0091,1","99999,9",,"2,000",,,,,,,,,
"07382099999","1990-09-11T06:00:00","4","46.65","4.433","603.0","MONT SAINT VINCENT, FR","FM-12","99999","V020","360,1,N,0021,1","99999,9,9,N","999999,9,N,9","+0089,1","+0087,1","99999,9","06,0000,9,1","4,000",,,"999,+0080,9","999,N,+0089,1",,,,"SYN017333   20089 3/008",
"07382099999","1990-09-11T09:00:00","4","46.65","4.433","603.0","MONT SAINT VINCENT, FR","FM-12","99999","V020","360,1,N,0010,1","99999,9,9,N","999999,9,N,9","+0123,1","+0110,1","99999,9",,"2,000",,,,,,,,,
"07382099999","1990-09-11T12:00:00","4","46.65","4.433","603.0","MONT SAINT VINCENT, FR","FM-12","99999","V020","360,1,N,0021,1","99999,9,9,N","999999,9,N,9","+0156,1","+0099,1","99999,9","06,0000,9,1","4,000",,,,,,,,,
"07382099999","1990-09-11T15:00:00","4","46.65","4.433","603.0","MONT SAINT VINCENT, FR","FM-12","99999","V020","040,1,N,0031,1","99999,9,9,N","999999,9,N,9","+0167,1","+0073,1","99999,9",,"2,000",,,,,,,,,
"07382099999","1990-09-11T18:00:00","4","46.65","4.433","603.0","MONT SAINT VINCENT, FR","FM-12","99999","V020","050,1,N,0041,1","99999,9,9,N","999999,9,N,9","+0121,1","+0067,1","99999,9","06,0000,9,1","4,000",,,,"999,M,+0173,1",,,,"SYN011333   10173",
"07382099999","1990-09-12T03:00:00","4","46.65","4.433","603.0","MONT SAINT VINCENT, FR","FM-12","99999","V020","070,1,N,0098,1","99999,9,9,N","999999,9,N,9","+0080,1","+0078,1","99999,9",,"2,000",,,,,,,,,
"07382099999","1990-09-12T06:00:00","4","46.65","4.433","603.0","MONT SAINT VINCENT, FR","FM-12","99999","V020","060,1,N,0072,1","99999,9,9,N","999999,9,N,9","+0077,1","+0075,1","99999,9","06,0000,9,1","4,000",,,"999,+0070,9","999,N,+0074,1",,,,"SYN017333   20074 3/007",
"07382099999","1990-09-12T09:00:00","4","46.65","4.433","603.0","MONT SAINT VINCENT, FR","FM-12","99999","V020","080,1,N,0051,1","99999,9,9,N","999999,9,N,9","+0127,1","+0100,1","99999,9",,"2,000",,,,,,,,,
"07382099999","1990-09-12T12:00:00","4","46.65","4.433","603.0","MONT SAINT VINCENT, FR","FM-12","99999","V020","090,1,N,0041,1","99999,9,9,N","999999,9,N,9","+0167,1","+0109,1","99999,9","06,0000,9,1","4,000",,,,,,,,,
"07382099999","1990-09-12T15:00:00","4","46.65","4.433","603.0","MONT SAINT VINCENT, FR","FM-12","99999","V020","080,1,N,0041,1","99999,9,9,N","999999,9,N,9","+0181,1","+0104,1","99999,9",,"2,000",,,,,,,,,
"07382099999","1990-09-12T18:00:00","4","46.65","4.433","603.0","MONT SAINT VINCENT, FR","FM-12","99999","V020","070,1,N,0031,1","99999,9,9,N","999999,9,N,9","+0155,1","+0096,1","99999,9","06,0000,9,1","4,000",,,,"999,M,+0182,1",,,,"SYN011333   10182",
"07382099999","1990-09-13T03:00:00","4","46.65","4.433","603.0","MONT SAINT VINCENT, FR","FM-12","99999","V020","080,1,N,0041,1","99999,9,9,N","999999,9,N,9","+0103,1","+0096,1","99999,9",,"2,000",,,,,,,,,
"07382099999","1990-09-13T06:00:00","4","46.65","4.433","603.0","MONT SAINT VINCENT, FR","FM-12","99999","V020","090,1,N,0031,1","99999,9,9,N","999999,9,N,9","+0098,1","+0091,1","99999,9","06,0000,9,1","4,000",,,"999,+0090,9","999,N,+0096,1",,,,"SYN017333   20096 3/009",
"07382099999","1990-09-13T09:00:00","4","46.65","4.433","603.0","MONT SAINT VINCENT, FR","FM-12","99999","V020","110,1,N,0062,1","99999,9,9,N","999999,9,N,9","+0155,1","+0120,1","99999,9",,"2,000",,,,,,,,,
"07382099999","1990-09-13T12:00:00","4","46.65","4.433","603.0","MONT SAINT VINCENT, FR","FM-12","99999","V020","090,1,N,0072,1","99999,9,9,N","999999,9,N,9","+0191,1","+0135,1","99999,9","06,0000,9,1","4,000",,,,,,,,,
"07382099999","1990-09-13T15:00:00","4","46.65","4.433","603.0","MONT SAINT VINCENT, FR","FM-12","99999","V020","110,1,N,0051,1","99999,9,9,N","999999,9,N,9","+0202,1","+0136,1","99999,9",,"2,000",,,,,,,,,
"07382099999","1990-09-13T18:00:00","4","46.65","4.433","603.0","MONT SAINT VINCENT, FR","FM-12","99999","V020","080,1,N,0051,1","99999,9,9,N","999999,9,N,9","+0173,1","+0130,1","99999,9","06,0000,9,1","4,000",,,,"999,M,+0205,1",,,,"SYN011333   10205",
"07382099999","1990-09-14T03:00:00","4","46.65","4.433","603.0","MONT SAINT VINCENT, FR","FM-12","99999","V020","260,1,N,0021,1","99999,9,9,N","999999,9,N,9","+0144,1","+0115,1","99999,9",,"2,000",,,,,,,,,
"07382099999","1990-09-14T06:00:00","4","46.65","4.433","603.0","MONT SAINT VINCENT, FR","FM-12","99999","V020","230,1,N,0010,1","99999,9,9,N","999999,9,N,9","+0144,1","+0124,1","99999,9","06,0000,9,1","4,000",,,"999,+0080,9","999,N,+0135,1",,,,"SYN017333   20135 3/008",
"07382099999","1990-09-14T12:00:00","4","46.65","4.433","603.0","MONT SAINT VINCENT, FR","FM-12","99999","V020","260,1,N,0021,1","99999,9,9,N","999999,9,N,9","+0219,1","+0166,1","99999,9","06,0000,9,1","4,000",,,,,,,,,
"07382099999","1990-09-14T18:00:00","4","46.65","4.433","603.0","MONT SAINT VINCENT, FR","FM-12","99999","V020","230,1,N,0031,1","99999,9,9,N","999999,9,N,9","+0158,1","+9999,9","99999,9","06,0000,9,1","4,000",,,,"999,M,+0219,1",,,,"SYN011333   10219",
"07382099999","1990-09-15T03:00:00","4","46.65","4.433","603.0","MONT SAINT VINCENT, FR","FM-12","99999","V020","270,1,N,0051,1","99999,9,9,N","999999,9,N,9","+0143,1","+9999,9","99999,9",,"2,000",,,,,,,,,
"07382099999","1990-09-15T06:00:00","4","46.65","4.433","603.0","MONT SAINT VINCENT, FR","FM-12","99999","V020","280,1,N,0031,1","99999,9,9,N","999999,9,N,9","+0139,1","+9999,9","99999,9","06,0000,9,1","4,000",,,"999,+0140,9","999,N,+0139,1",,,,"SYN017333   20139 3/014",
"07382099999","1990-09-15T09:00:00","4","46.65","4.433","603.0","MONT SAINT VINCENT, FR","FM-12","99999","V020","100,1,N,0010,1","99999,9,9,N","999999,9,N,9","+0159,1","+9999,9","99999,9",,"2,000",,,,,,,,,
"07382099999","1990-09-15T12:00:00","4","46.65","4.433","603.0","MONT SAINT VINCENT, FR","FM-12","99999","V020","100,1,N,0021,1","99999,9,9,N","999999,9,N,9","+0191,1","+0165,1","99999,9","06,0000,9,1","4,000",,,,,,,,,
"07382099999","1990-09-16T03:00:00","4","46.65","4.433","603.0","MONT SAINT VINCENT, FR","FM-12","99999","V020","070,1,N,0041,1","99999,9,9,N","999999,9,N,9","+0109,1","+0101,1","99999,9",,"2,000",,,,,,,,,
"07382099999","1990-09-16T06:00:00","4","46.65","4.433","603.0","MONT SAINT VINCENT, FR","FM-12","99999","V020","070,1,N,0041,1","99999,9,9,N","999999,9,N,9","+0099,1","+0092,1","99999,9","06,0000,9,1","4,000",,,"999,+0090,9","999,N,+0096,1",,,,"SYN017333   20096 3/009",
"07382099999","1990-09-16T09:00:00","4","46.65","4.433","603.0","MONT SAINT VINCENT, FR","FM-12","99999","V020","080,1,N,0021,1","99999,9,9,N","999999,9,N,9","+0147,1","+0122,1","99999,9",,"2,000",,,,,,,,,
"07382099999","1990-09-16T12:00:00","4","46.65","4.433","603.0","MONT SAINT VINCENT, FR","FM-12","99999","V020","100,1,N,0021,1","99999,9,9,N","999999,9,N,9","+0188,1","+0132,1","99999,9","06,0000,9,1","4,000",,,,,,,,,
"07382099999","1990-09-17T03:00:00","4","46.65","4.433","603.0","MONT SAINT VINCENT, FR","FM-12","99999","V020","160,1,N,0010,1","99999,9,9,N","999999,9,N,9","+0118,1","+0114,1","99999,9",,"2,000",,,,,,,,,
"07382099999","1990-09-17T06:00:00","4","46.65","4.433","603.0","MONT SAINT VINCENT, FR","FM-12","99999","V020","260,1,N,0021,1","99999,9,9,N","999999,9,N,9","+0118,1","+0113,1","99999,9","99,0003,9,1","0,000",,,"999,+0050,9","999,N,+0113,1",,,,"SYN017333   20113 3/005",
"07382099999","1990-09-17T09:00:00","4","46.65","4.433","603.0","MONT SAINT VINCENT, FR","FM-12","99999","V020","290,1,N,0041,1","99999,9,9,N","999999,9,N,9","+0148,1","+0130,1","99999,9",,"2,000",,,,,,,,,
"07382099999","1990-09-17T12:00:00","4","46.65","4.433","603.0","MONT SAINT VINCENT, FR","FM-12","99999","V020","270,1,N,0041,1","99999,9,9,N","999999,9,N,9","+0195,1","+0138,1","99999,9","06,0000,9,1","4,000",,,,,,,,,
"07382099999","1990-09-17T18:00:00","4","46.65","4.433","603.0","MONT SAINT VINCENT, FR","FM-12","99999","V020","320,1,N,0031,1","99999,9,9,N","999999,9,N,9","+0145,1","+0082,1","99999,9","06,0000,9,1","4,000",,,,"999,M,+0203,1",,,,"SYN011333   10203",
"07382099999","1990-09-18T06:00:00","4","46.65","4.433","603.0","MONT SAINT VINCENT, FR","FM-12","99999","V020","290,1,N,0021,1","99999,9,9,N","999999,9,N,9","+0128,1","+0082,1","99999,9","06,0000,9,1","4,000",,,"999,+0100,9","999,N,+0122,1",,,,"SYN017333   20122 3/010",
"07382099999","1990-09-18T09:00:00","4","46.65","4.433","603.0","MONT SAINT VINCENT, FR","FM-12","99999","V020","060,1,N,0010,1","99999,9,9,N","999999,9,N,9","+0150,1","+0102,1","99999,9",,"2,000",,,,,,,,,
"07382099999","1990-09-18T12:00:00","4","46.65","4.433","603.0","MONT SAINT VINCENT, FR","FM-12","99999","V020","340,1,N,0021,1","99999,9,9,N","999999,9,N,9","+0174,1","+0098,1","99999,9","06,0000,9,1","4,000",,,,,,,,,
"07382099999","1990-09-18T18:00:00","4","46.65","4.433","603.0","MONT SAINT VINCENT, FR","FM-12","99999","V020","310,1,N,0021,1","99999,9,9,N","999999,9,N,9","+0142,1","+0086,1","99999,9","06,0000,9,1","4,000",,,,"999,M,+0192,1",,,,"SYN011333   10192",
"07382099999","1990-09-19T03:00:00","4","46.65","4.433","603.0","MONT SAINT VINCENT, FR","FM-12","99999","V020","220,1,N,0031,1","99999,9,9,N","999999,9,N,9","+0113,1","+0068,1","99999,9",,"2,000",,,,,,,,,
"07382099999","1990-09-19T06:00:00","4","46.65","4.433","603.0","MONT SAINT VINCENT, FR","FM-12","99999","V020","240,1,N,0031,1","99999,9,9,N","999999,9,N,9","+0120,1","+0073,1","99999,9","06,0000,9,1","4,000",,,"999,+0080,9","999,N,+0103,1",,,,"SYN017333   20103 3/008",
"07382099999","1990-09-19T09:00:00","4","46.65","4.433","603.0","MONT SAINT VINCENT, FR","FM-12","99999","V020","270,1,N,0062,1","99999,9,9,N","999999,9,N,9","+0156,1","+0105,1","99999,9",,"2,000",,,,,,,,,
"07382099999","1990-09-19T15:00:00","4","46.65","4.433","603.0","MONT SAINT VINCENT, FR","FM-12","99999","V020","260,1,N,0082,1","99999,9,9,N","999999,9,N,9","+0218,1","+0112,1","99999,9",,"2,000",,,,,,,,,
"07382099999","1990-09-19T18:00:00","4","46.65","4.433","603.0","MONT SAINT VINCENT, FR","FM-12","99999","V020","290,1,N,0051,1","99999,9,9,N","999999,9,N,9","+0177,1","+0093,1","99999,9","06,0000,9,1","4,000",,,,"999,M,+0228,1",,,,"SYN011333   10228",
"07382099999","1990-09-20T03:00:00","4","46.65","4.433","603.0","MONT SAINT VINCENT, FR","FM-12","99999","V020","999,1,C,0000,1","99999,9,9,N","999999,9,N,9","+0124,1","+0088,1","99999,9",,"2,000",,,,,,,,,
"07382099999","1990-09-20T06:00:00","4","46.65","4.433","603.0","MONT SAINT VINCENT, FR","FM-12","99999","V020","300,1,N,0021,1","99999,9,9,N","999999,9,N,9","+0114,1","+0080,1","99999,9","06,0000,9,1","4,000",,,"999,+0070,9","999,N,+0108,1",,,,"SYN017333   20108 3/007",
"07382099999","1990-09-20T09:00:00","4","46.65","4.433","603.0","MONT SAINT VINCENT, FR","FM-12","99999","V020","270,1,N,0021,1","99999,9,9,N","999999,9,N,9","+0143,1","+0116,1","99999,9",,"2,000",,,,,,,,,
"07382099999","1990-09-20T12:00:00","4","46.65","4.433","603.0","MONT SAINT VINCENT, FR","FM-12","99999","V020","270,1,N,0082,1","99999,9,9,N","999999,9,N,9","+0178,1","+0122,1","99999,9","06,0000,9,1","4,000",,,,,,,,,
"07382099999","1990-09-20T15:00:00","4","46.65","4.433","603.0","MONT SAINT VINCENT, FR","FM-12","99999","V020","300,1,N,0051,1","99999,9,9,N","999999,9,N,9","+0158,1","+0096,1","99999,9",,"2,000",,,,,,,,,
"07382099999","1990-09-20T18:00:00","4","46.65","4.433","603.0","MONT SAINT VINCENT, FR","FM-12","99999","V020","310,1,N,0021,1","99999,9,9,N","999999,9,N,9","+0125,1","+0079,1","99999,9","06,0000,9,1","4,000",,,,"999,M,+0178,1",,,,"SYN011333   10178",
"07382099999","1990-09-21T03:00:00","4","46.65","4.433","603.0","MONT SAINT VINCENT, FR","FM-12","99999","V020","270,1,N,0139,1","99999,9,9,N","999999,9,N,9","+0105,1","+0080,1","99999,9",,"2,000",,,,,,,,,
"07382099999","1990-09-21T06:00:00","4","46.65","4.433","603.0","MONT SAINT VINCENT, FR","FM-12","99999","V020","250,1,N,0118,1","99999,9,9,N","999999,9,N,9","+0088,1","+9999,9","99999,9","99,0005,9,1","0,000",,,"999,+0090,9","999,N,+0088,1",,,,"SYN017333   20088 3/009",
"07382099999","1990-09-21T15:00:00","4","46.65","4.433","603.0","MONT SAINT VINCENT, FR","FM-12","99999","V020","280,1,N,0087,1","99999,9,9,N","999999,9,N,9","+0141,1","+9999,9","99999,9",,"2,000",,,,,,,,,
"07382099999","1990-09-21T18:00:00","4","46.65","4.433","603.0","MONT SAINT VINCENT, FR","FM-12","99999","V020","270,1,N,0082,1","99999,9,9,N","999999,9,N,9","+0140,1","+0138,1","99999,9","99,0030,9,1","0,000",,,,"999,M,+0153,1",,,,"SYN011333   10153",
"07382099999","1990-09-22T03:00:00","4","46.65","4.433","603.0","MONT SAINT VINCENT, FR","FM-12","99999","V020","260,1,N,0098,1","99999,9,9,N","999999,9,N,9","+0136,1","+9999,9","99999,9",,"2,000",,,,,,,,,
"07382099999","1990-09-22T06:00:00","4","46.65","4.433","603.0","MONT SAINT VINCENT, FR","FM-12","99999","V020","260,1,N,0098,1","99999,9,9,N","999999,9,N,9","+0143,1","+9999,9","99999,9","99,0040,9,1","0,000",,,"999,+0120,9","999,N,+0131,1",,,,"SYN017333   20131 3/012",
"07382099999","1990-09-22T09:00:00","4","46.65","4.433","603.0","MONT SAINT VINCENT, FR","FM-12","99999","V020","260,1,N,0139,1","99999,9,9,N","999999,9,N,9","+0153,1","+9999,9","99999,9",,"2,000",,,,,,,,,
"07382099999","1990-09-22T12:00:00","4","46.65","4.433","603.0","MONT SAINT VINCENT, FR","FM-12","99999","V020","260,1,N,0118,1","99999,9,9,N","999999,9,N,9","+0163,1","+9999,9","99999,9","06,0020,9,1","0,000",,,,,,,,,
"07382099999","1990-09-23T03:00:00","4","46.65","4.433","603.0","MONT SAINT VINCENT, FR","FM-12","99999","V020","290,1,N,0082,1","99999,9,9,N","999999,9,N,9","+0110,1","+9999,9","99999,9",,"2,000",,,,,,,,,
"07382099999","1990-09-23T06:00:00","4","46.65","4.433","603.0","MONT SAINT VINCENT, FR","FM-12","99999","V020","260,1,N,0051,1","99999,9,9,N","999999,9,N,9","+0102,1","+9999,9","99999,9","99,0110,9,1","0,000",,,"999,+0100,9","999,N,+0101,1",,,,"SYN017333   20101 3/010",
"07382099999","1990-09-23T09:00:00","4","46.65","4.433","603.0","MONT SAINT VINCENT, FR","FM-12","99999","V020","240,1,N,0031,1","99999,9,9,N","999999,9,N,9","+0117,1","+9999,9","99999,9",,"2,000",,,,,,,,,
"07382099999","1990-09-23T12:00:00","4","46.65","4.433","603.0","MONT SAINT VINCENT, FR","FM-12","99999","V020","260,1,N,0041,1","99999,9,9,N","999999,9,N,9","+0134,1","+9999,9","99999,9","06,0010,9,1","0,000",,,,,,,,,
"07382099999","1990-09-24T03:00:00","4","46.65","4.433","603.0","MONT SAINT VINCENT, FR","FM-12","99999","V020","290,1,N,0082,1","99999,9,9,N","999999,9,N,9","+0076,1","+9999,9","99999,9",,"2,000",,,,,,,,,
"07382099999","1990-09-24T06:00:00","4","46.65","4.433","603.0","MONT SAINT VINCENT, FR","FM-12","99999","V020","290,1,N,0062,1","99999,9,9,N","999999,9,N,9","+0064,1","+9999,9","99999,9","99,0020,9,1","0,000",,,"999,+0060,9","999,N,+0064,1",,,,"SYN017333   20064 3/006",
"07382099999","1990-09-24T09:00:00","4","46.65","4.433","603.0","MONT SAINT VINCENT, FR","FM-12","99999","V020","260,1,N,0062,1","99999,9,9,N","999999,9,N,9","+0087,1","+9999,9","99999,9",,"2,000",,,,,,,,,
"07382099999","1990-09-24T12:00:00","4","46.65","4.433","603.0","MONT SAINT VINCENT, FR","FM-12","99999","V020","270,1,N,0051,1","99999,9,9,N","999999,9,N,9","+0115,1","+0092,1","99999,9","06,0000,9,1","4,000",,,,,,,,,
"07382099999","1990-09-24T15:00:00","4","46.65","4.433","603.0","MONT SAINT VINCENT, FR","FM-12","99999","V020","260,1,N,0062,1","99999,9,9,N","999999,9,N,9","+0138,1","+0082,1","99999,9",,"2,000",,,,,,,,,
"07382099999","1990-09-24T18:00:00","4","46.65","4.433","603.0","MONT SAINT VINCENT, FR","FM-12","99999","V020","250,1,N,0031,1","99999,9,9,N","999999,9,N,9","+0095,1","+0065,1","99999,9","06,0000,9,1","4,000",,,,"999,M,+0142,1",,,,"SYN011333   10142",
"07382099999","1990-09-25T03:00:00","4","46.65","4.433","603.0","MONT SAINT VINCENT, FR","FM-12","99999","V020","260,1,N,0062,1","99999,9,9,N","999999,9,N,9","+0083,1","+0070,1","99999,9",,"2,000",,,,,,,,,
"07382099999","1990-09-25T06:00:00","4","46.65","4.433","603.0","MONT SAINT VINCENT, FR","FM-12","99999","V020","260,1,N,0062,1","99999,9,9,N","999999,9,N,9","+0077,1","+9999,9","99999,9","99,0020,9,1","0,000",,,"999,+0070,9","999,N,+0076,1",,,,"SYN017333   20076 3/007",
"07382099999","1990-09-25T09:00:00","4","46.65","4.433","603.0","MONT SAINT VINCENT, FR","FM-12","99999","V020","240,1,N,0021,1","99999,9,9,N","999999,9,N,9","+0114,1","+0099,1","99999,9",,"2,000",,,,,,,,,
"07382099999","1990-09-25T12:00:00","4","46.65","4.433","603.0","MONT SAINT VINCENT, FR","FM-12","99999","V020","290,1,N,0021,1","99999,9,9,N","999999,9,N,9","+0135,1","+0097,1","99999,9","06,0003,9,1","0,000",,,,,,,,,
"07382099999","1990-09-25T15:00:00","4","46.65","4.433","603.0","MONT SAINT VINCENT, FR","FM-12","99999","V020","999,1,C,0000,1","99999,9,9,N","999999,9,N,9","+0135,1","+0095,1","99999,9",,"2,000",,,,,,,,,
"07382099999","1990-09-25T18:00:00","4","46.65","4.433","603.0","MONT SAINT VINCENT, FR","FM-12","99999","V020","080,1,N,0021,1","99999,9,9,N","999999,9,N,9","+0105,1","+0087,1","99999,9","99,0003,9,1","0,000",,,,"999,M,+0137,1",,,,"SYN011333   10137",
"07382099999","1990-09-26T03:00:00","4","46.65","4.433","603.0","MONT SAINT VINCENT, FR","FM-12","99999","V020","070,1,N,0062,1","99999,9,9,N","999999,9,N,9","+0090,1","+0071,1","99999,9",,"2,000",,,,,,,,,
"07382099999","1990-09-26T06:00:00","4","46.65","4.433","603.0","MONT SAINT VINCENT, FR","FM-12","99999","V020","070,1,N,0051,1","99999,9,9,N","999999,9,N,9","+0078,1","+0076,1","99999,9","99,0003,9,1","0,000",,,"999,+0070,9","999,N,+0078,1",,,,"SYN017333   20078 3/007",
"07382099999","1990-09-26T09:00:00","4","46.65","4.433","603.0","MONT SAINT VINCENT, FR","FM-12","99999","V020","080,1,N,0031,1","99999,9,9,N","999999,9,N,9","+0132,1","+0103,1","99999,9",,"2,000",,,,,,,,,
"07382099999","1990-09-26T12:00:00","4","46.65","4.433","603.0","MONT SAINT VINCENT, FR","FM-12","99999","V020","050,1,N,0010,1","99999,9,9,N","999999,9,N,9","+0153,1","+0096,1","99999,9","06,0000,9,1","4,000",,,,,,,,,
"07382099999","1990-09-26T15:00:00","4","46.65","4.433","603.0","MONT SAINT VINCENT, FR","FM-12","99999","V020","060,1,N,0021,1","99999,9,9,N","999999,9,N,9","+0154,1","+0101,1","99999,9",,"2,000",,,,,,,,,
"07382099999","1990-09-26T18:00:00","4","46.65","4.433","603.0","MONT SAINT VINCENT, FR","FM-12","99999","V020","070,1,N,0041,1","99999,9,9,N","999999,9,N,9","+0117,1","+0076,1","99999,9","06,0000,9,1","4,000",,,,"999,M,+0165,1",,,,"SYN011333   10165",
"07382099999","1990-09-27T03:00:00","4","46.65","4.433","603.0","MONT SAINT VINCENT, FR","FM-12","99999","V020","050,1,N,0062,1","99999,9,9,N","999999,9,N,9","+0077,1","+0075,1","99999,9",,"2,000",,,,,,,,,
"07382099999","1990-09-27T06:00:00","4","46.65","4.433","603.0","MONT SAINT VINCENT, FR","FM-12","99999","V020","050,1,N,0062,1","99999,9,9,N","999999,9,N,9","+0076,1","+0074,1","99999,9","06,0000,9,1","4,000",,,"999,+0060,9","999,N,+0072,1",,,,"SYN017333   20072 3/006",
"07382099999","1990-09-27T09:00:00","4","46.65","4.433","603.0","MONT SAINT VINCENT, FR","FM-12","99999","V020","050,1,N,0041,1","99999,9,9,N","999999,9,N,9","+0114,1","+0099,1","99999,9",,"2,000",,,,,,,,,
"07382099999","1990-09-27T12:00:00","4","46.65","4.433","603.0","MONT SAINT VINCENT, FR","FM-12","99999","V020","010,1,N,0021,1","99999,9,9,N","999999,9,N,9","+0145,1","+0080,1","99999,9","06,0000,9,1","4,000",,,,,,,,,
"07382099999","1990-09-27T18:00:00","4","46.65","4.433","603.0","MONT SAINT VINCENT, FR","FM-12","99999","V020","060,1,N,0051,1","99999,9,9,N","999999,9,N,9","+0101,1","+0058,1","99999,9","06,0000,9,1","4,000",,,,"999,M,+0153,1",,,,"SYN011333   10153",
"07382099999","1990-09-28T06:00:00","4","46.65","4.433","603.0","MONT SAINT VINCENT, FR","FM-12","99999","V020","060,1,N,0021,1","99999,9,9,N","999999,9,N,9","+0060,1","+0035,1","99999,9","06,0000,9,1","4,000",,,"999,+0040,9","999,N,+0055,1",,,,"SYN017333   20055 3/004",
"07382099999","1990-09-28T09:00:00","4","46.65","4.433","603.0","MONT SAINT VINCENT, FR","FM-12","99999","V020","080,1,N,0051,1","99999,9,9,N","999999,9,N,9","+0104,1","+0065,1","99999,9",,"2,000",,,,,,,,,
"07382099999","1990-09-28T12:00:00","4","46.65","4.433","603.0","MONT SAINT VINCENT, FR","FM-12","99999","V020","100,1,N,0031,1","99999,9,9,N","999999,9,N,9","+0139,1","+0085,1","99999,9","06,0000,9,1","4,000",,,,,,,,,
"07382099999","1990-09-28T15:00:00","4","46.65","4.433","603.0","MONT SAINT VINCENT, FR","FM-12","99999","V020","080,1,N,0021,1","99999,9,9,N","999999,9,N,9","+0148,1","+0071,1","99999,9",,"2,000",,,,,,,,,
"07382099999","1990-09-28T18:00:00","4","46.65","4.433","603.0","MONT SAINT VINCENT, FR","FM-12","99999","V020","100,1,N,0051,1","99999,9,9,N","999999,9,N,9","+0110,1","+0055,1","99999,9","06,0000,9,1","4,000",,,,"999,M,+0157,1",,,,"SYN011333   10157",
"07382099999","1990-09-29T12:00:00","4","46.65","4.433","603.0","MONT SAINT VINCENT, FR","FM-12","99999","V020","130,1,N,0051,1","99999,9,9,N","999999,9,N,9","+0197,1","+0114,1","99999,9","06,0000,9,1","4,000",,,,,,,,,
"07382099999","1990-09-30T06:00:00","4","46.65","4.433","603.0","MONT SAINT VINCENT, FR","FM-12","99999","V020","120,1,N,0041,1","99999,9,9,N","999999,9,N,9","+0156,1","+0152,1","99999,9","06,0000,9,1","4,000",,,"999,+0140,9","999,N,+0156,1",,,,"SYN017333   20156 3/014",
"07382099999","1990-09-30T09:00:00","4","46.65","4.433","603.0","MONT SAINT VINCENT, FR","FM-12","99999","V020","150,1,N,0062,1","99999,9,9,N","999999,9,N,9","+0183,1","+0168,1","99999,9",,"2,000",,,,,,,,,
"07382099999","1990-09-30T12:00:00","4","46.65","4.433","603.0","MONT SAINT VINCENT, FR","FM-12","99999","V020","210,1,N,0072,1","99999,9,9,N","999999,9,N,9","+0206,1","+0170,1","99999,9","06,0000,9,1","4,000",,,,,,,,,
"07382099999","1990-10-01T06:00:00","4","46.65","4.433","603.0","MONT SAINT VINCENT, FR","FM-12","99999","V020","240,1,N,0098,1","99999,9,9,N","999999,9,N,9","+0147,1","+0145,1","99999,9","06,0000,9,1","4,000",,,"999,+0140,9","999,N,+0145,1",,,,"SYN017333   20145 3/014",
"07382099999","1990-10-01T09:00:00","4","46.65","4.433","603.0","MONT SAINT VINCENT, FR","FM-12","99999","V020","260,1,N,0098,1","99999,9,9,N","999999,9,N,9","+0148,1","+9999,9","99999,9",,"2,000",,,,,,,,,
"07382099999","1990-10-01T12:00:00","4","46.65","4.433","603.0","MONT SAINT VINCENT, FR","FM-12","99999","V020","290,1,N,0062,1","99999,9,9,N","999999,9,N,9","+0147,1","+9999,9","99999,9","06,0005,9,1","0,000",,,,,,,,,
"07382099999","1990-10-01T15:00:00","4","46.65","4.433","603.0","MONT SAINT VINCENT, FR","FM-12","99999","V020","290,1,N,0041,1","99999,9,9,N","999999,9,N,9","+0159,1","+9999,9","99999,9",,"2,000",,,,,,,,,
"07382099999","1990-10-01T18:00:00","4","46.65","4.433","603.0","MONT SAINT VINCENT, FR","FM-12","99999","V020","270,1,N,0021,1","99999,9,9,N","999999,9,N,9","+0147,1","+9999,9","99999,9","99,0020,9,1","0,000",,,,"999,M,+0161,1",,,,"SYN011333   10161",
"07382099999","1990-10-02T06:00:00","4","46.65","4.433","603.0","MONT SAINT VINCENT, FR","FM-12","99999","V020","080,1,N,0031,1","99999,9,9,N","999999,9,N,9","+0122,1","+9999,9","99999,9","99,0020,9,1","0,000",,,"999,+0120,9","999,N,+0122,1",,,,"SYN017333   20122 3/012",
"07382099999","1990-10-02T09:00:00","4","46.65","4.433","603.0","MONT SAINT VINCENT, FR","FM-12","99999","V020","080,1,N,0010,1","99999,9,9,N","999999,9,N,9","+0129,1","+9999,9","99999,9",,"2,000",,,,,,,,,
"07382099999","1990-10-02T12:00:00","4","46.65","4.433","603.0","MONT SAINT VINCENT, FR","FM-12","99999","V020","110,1,N,0021,1","99999,9,9,N","999999,9,N,9","+0143,1","+9999,9","99999,9","06,0000,9,1","4,000",,,,,,,,,
"07382099999","1990-10-02T15:00:00","4","46.65","4.433","603.0","MONT SAINT VINCENT, FR","FM-12","99999","V020","090,1,N,0031,1","99999,9,9,N","999999,9,N,9","+0153,1","+0151,1","99999,9",,"2,000",,,,,,,,,
"07382099999","1990-10-02T18:00:00","4","46.65","4.433","603.0","MONT SAINT VINCENT, FR","FM-12","99999","V020","100,1,N,0062,1","99999,9,9,N","999999,9,N,9","+0133,1","+9999,9","99999,9","06,0000,9,1","4,000",,,,"999,M,+0158,1",,,,"SYN011333   10158",
"07382099999","1990-10-03T03:00:00","4","46.65","4.433","603.0","MONT SAINT VINCENT, FR","FM-12","99999","V020","200,1,N,0031,1","99999,9,9,N","999999,9,N,9","+0127,1","+9999,9","99999,9",,"2,000",,,,,,,,,
"07382099999","1990-10-03T12:00:00","4","46.65","4.433","603.0","MONT SAINT VINCENT, FR","FM-12","99999","V020","999,9,9,9999,9","99999,9,9,N","999999,9,N,9","+9999,9","+9999,9","99999,9","06,9999,2,9","0,000",,,,,,,,,
"07382099999","1990-10-03T15:00:00","4","46.65","4.433","603.0","MONT SAINT VINCENT, FR","FM-12","99999","V020","150,1,N,0062,1","99999,9,9,N","999999,9,N,9","+0211,1","+0169,1","99999,9",,"2,000",,,,,,,,,
"07382099999","1990-10-03T18:00:00","4","46.65","4.433","603.0","MONT SAINT VINCENT, FR","FM-12","99999","V020","180,1,N,0062,1","99999,9,9,N","999999,9,N,9","+0186,1","+0144,1","99999,9","99,9999,2,9","0,000",,,,"999,M,+0221,1",,,,"SYN011333   10221",
"07382099999","1990-10-04T06:00:00","4","46.65","4.433","603.0","MONT SAINT VINCENT, FR","FM-12","99999","V020","350,1,N,0041,1","99999,9,9,N","999999,9,N,9","+0089,1","+9999,9","99999,9","99,0030,9,1","0,000",,,"999,+0090,9","999,N,+0089,1",,,,"SYN017333   20089 3/009",
"07382099999","1990-10-04T09:00:00","4","46.65","4.433","603.0","MONT SAINT VINCENT, FR","FM-12","99999","V020","340,1,N,0021,1","99999,9,9,N","999999,9,N,9","+0100,1","+0098,1","99999,9",,"2,000",,,,,,,,,
"07382099999","1990-10-04T12:00:00","4","46.65","4.433","603.0","MONT SAINT VINCENT, FR","FM-12","99999","V020","350,1,N,0021,1","99999,9,9,N","999999,9,N,9","+0114,1","+0077,1","99999,9","06,0005,9,1","0,000",,,,,,,,,
"07382099999","1990-10-04T15:00:00","4","46.65","4.433","603.0","MONT SAINT VINCENT, FR","FM-12","99999","V020","330,1,N,0010,1","99999,9,9,N","999999,9,N,9","+0120,1","+0069,1","99999,9",,"2,000",,,,,,,,,
"07382099999","1990-10-04T18:00:00","4","46.65","4.433","603.0","MONT SAINT VINCENT, FR","FM-12","99999","V020","010,1,N,0021,1","99999,9,9,N","999999,9,N,9","+0089,1","+0047,1","99999,9","99,0005,9,1","0,000",,,,"999,M,+0136,1",,,,"SYN011333   10136",
"07382099999","1990-10-05T03:00:00","4","46.65","4.433","603.0","MONT SAINT VINCENT, FR","FM-12","99999","V020","030,1,N,0031,1","99999,9,9,N","999999,9,N,9","+0079,1","+0053,1","99999,9",,"2,000",,,,,,,,,
"07382099999","1990-10-05T06:00:00","4","46.65","4.433","603.0","MONT SAINT VINCENT, FR","FM-12","99999","V020","020,1,N,0031,1","99999,9,9,N","999999,9,N,9","+0073,1","+0057,1","99999,9","06,0000,9,1","4,000",,,"999,+0050,9","999,N,+0070,1",,,,"SYN017333   20070 3/005",
"07382099999","1990-10-05T09:00:00","4","46.65","4.433","603.0","MONT SAINT VINCENT, FR","FM-12","99999","V020","010,1,N,0010,1","99999,9,9,N","999999,9,N,9","+0098,1","+0074,1","99999,9",,"2,000",,,,,,,,,
"07382099999","1990-10-05T18:00:00","4","46.65","4.433","603.0","MONT SAINT VINCENT, FR","FM-12","99999","V020","300,1,N,0031,1","99999,9,9,N","999999,9,N,9","+0104,1","+0072,1","99999,9","06,0000,9,1","4,000",,,,"999,M,+0147,1",,,,"SYN011333   10147",
"07382099999","1990-10-06T03:00:00","4","46.65","4.433","603.0","MONT SAINT VINCENT, FR","FM-12","99999","V020","320,1,N,0021,1","99999,9,9,N","999999,9,N,9","+0091,1","+0072,1","99999,9",,"2,000",,,,,,,,,
"07382099999","1990-10-06T06:00:00","4","46.65","4.433","603.0","MONT SAINT VINCENT, FR","FM-12","99999","V020","280,1,N,0021,1","99999,9,9,N","999999,9,N,9","+0075,1","+0067,1","99999,9","06,0000,9,1","4,000",,,"999,+0050,9","999,N,+0073,1",,,,"SYN017333   20073 3/005",
"07382099999","1990-10-06T09:00:00","4","46.65","4.433","603.0","MONT SAINT VINCENT, FR","FM-12","99999","V020","280,1,N,0051,1","99999,9,9,N","999999,9,N,9","+0115,1","+0092,1","99999,9",,"2,000",,,,,,,,,
"07382099999","1990-10-06T12:00:00","4","46.65","4.433","603.0","MONT SAINT VINCENT, FR","FM-12","99999","V020","250,1,N,0031,1","99999,9,9,N","999999,9,N,9","+0172,1","+0112,1","99999,9","06,0000,9,1","4,000",,,,,,,,,
"07382099999","1990-10-07T03:00:00","4","46.65","4.433","603.0","MONT SAINT VINCENT, FR","FM-12","99999","V020","260,1,N,0072,1","99999,9,9,N","999999,9,N,9","+0109,1","+0091,1","99999,9",,"2,000",,,,,,,,,
"07382099999","1990-10-07T06:00:00","4","46.65","4.433","603.0","MONT SAINT VINCENT, FR","FM-12","99999","V020","260,1,N,0041,1","99999,9,9,N","999999,9,N,9","+0089,1","+0087,1","99999,9","06,0000,9,1","4,000",,,"999,+0080,9","999,N,+0089,1",,,,"SYN017333   20089 3/008",
"07382099999","1990-10-07T09:00:00","4","46.65","4.433","603.0","MONT SAINT VINCENT, FR","FM-12","99999","V020","300,1,N,0021,1","99999,9,9,N","999999,9,N,9","+0104,1","+0102,1","99999,9",,"2,000",,,,,,,,,
"07382099999","1990-10-07T12:00:00","4","46.65","4.433","603.0","MONT SAINT VINCENT, FR","FM-12","99999","V020","350,1,N,0021,1","99999,9,9,N","999999,9,N,9","+0128,1","+0115,1","99999,9","06,0000,9,1","4,000",,,,,,,,,
"07382099999","1990-10-08T06:00:00","4","46.65","4.433","603.0","MONT SAINT VINCENT, FR","FM-12","99999","V020","020,1,N,0041,1","99999,9,9,N","999999,9,N,9","+0039,1","+0037,1","99999,9","06,0000,9,1","4,000",,,"999,+0030,9","999,N,+0039,1",,,,"SYN017333   20039 3/003",
"07382099999","1990-10-08T12:00:00","4","46.65","4.433","603.0","MONT SAINT VINCENT, FR","FM-12","99999","V020","060,1,N,0072,1","99999,9,9,N","999999,9,N,9","+0108,1","+0049,1","99999,9","06,0000,9,1","4,000",,,,,,,,,
"07382099999","1990-10-08T15:00:00","4","46.65","4.433","603.0","MONT SAINT VINCENT, FR","FM-12","99999","V020","040,1,N,0031,1","99999,9,9,N","999999,9,N,9","+0094,1","+0027,1","99999,9",,"2,000",,,,,,,,,
"07382099999","1990-10-09T09:00:00","4","46.65","4.433","603.0","MONT SAINT VINCENT, FR","FM-12","99999","V020","060,1,N,0010,1","99999,9,9,N","999999,9,N,9","+0072,1","+0039,1","99999,9",,"2,000",,,,,,,,,
"07382099999","1990-10-09T12:00:00","4","46.65","4.433","603.0","MONT SAINT VINCENT, FR","FM-12","99999","V020","070,1,N,0010,1","99999,9,9,N","999999,9,N,9","+0123,1","+0065,1","99999,9","06,0000,9,1","4,000",,,,,,,,,
"07382099999","1990-10-09T15:00:00","4","46.65","4.433","603.0","MONT SAINT VINCENT, FR","FM-12","99999","V020","060,1,N,0010,1","99999,9,9,N","999999,9,N,9","+0130,1","+0056,1","99999,9",,"2,000",,,,,,,,,
"07382099999","1990-10-09T18:00:00","4","46.65","4.433","603.0","MONT SAINT VINCENT, FR","FM-12","99999","V020","080,1,N,0010,1","99999,9,9,N","999999,9,N,9","+0089,1","+0043,1","99999,9","06,0000,9,1","4,000",,,,"999,M,+0133,1",,,,"SYN011333   10133",
"07382099999","1990-10-10T03:00:00","4","46.65","4.433","603.0","MONT SAINT VINCENT, FR","FM-12","99999","V020","100,1,N,0021,1","99999,9,9,N","999999,9,N,9","+0064,1","+0037,1","99999,9",,"2,000",,,,,,,,,
"07382099999","1990-10-10T06:00:00","4","46.65","4.433","603.0","MONT SAINT VINCENT, FR","FM-12","99999","V020","100,1,N,0031,1","99999,9,9,N","999999,9,N,9","+0074,1","+0041,1","99999,9","06,0000,9,1","4,000",,,"999,+0010,9","999,N,+0062,1",,,,"SYN017333   20062 3/001",
"07382099999","1990-10-10T09:00:00","4","46.65","4.433","603.0","MONT SAINT VINCENT, FR","FM-12","99999","V020","130,1,N,0021,1","99999,9,9,N","999999,9,N,9","+0128,1","+0078,1","99999,9",,"2,000",,,,,,,,,
"07382099999","1990-10-10T12:00:00","4","46.65","4.433","603.0","MONT SAINT VINCENT, FR","FM-12","99999","V020","090,1,N,0031,1","99999,9,9,N","999999,9,N,9","+0151,1","+0090,1","99999,9","06,0000,9,1","4,000",,,,,,,,,
"07382099999","1990-10-10T15:00:00","4","46.65","4.433","603.0","MONT SAINT VINCENT, FR","FM-12","99999","V020","100,1,N,0041,1","99999,9,9,N","999999,9,N,9","+0141,1","+0073,1","99999,9",,"2,000",,,,,,,,,
"07382099999","1990-10-10T18:00:00","4","46.65","4.433","603.0","MONT SAINT VINCENT, FR","FM-12","99999","V020","080,1,N,0041,1","99999,9,9,N","999999,9,N,9","+0108,1","+0061,1","99999,9","06,0000,9,1","4,000",,,,"999,M,+0158,1",,,,"SYN011333   10158",
"07382099999","1990-10-11T06:00:00","4","46.65","4.433","603.0","MONT SAINT VINCENT, FR","FM-12","99999","V020","120,1,N,0031,1","99999,9,9,N","999999,9,N,9","+0103,1","+0060,1","99999,9","06,0000,9,1","4,000",,,"999,+0070,9","999,N,+0093,1",,,,"SYN017333   20093 3/007",
"07382099999","1990-10-11T09:00:00","4","46.65","4.433","603.0","MONT SAINT VINCENT, FR","FM-12","99999","V020","150,1,N,0021,1","99999,9,9,N","999999,9,N,9","+0166,1","+0100,1","99999,9",,"2,000",,,,,,,,,
"07382099999","1990-10-11T12:00:00","4","46.65","4.433","603.0","MONT SAINT VINCENT, FR","FM-12","99999","V020","999,1,C,0000,1","99999,9,9,N","999999,9,N,9","+0182,1","+0108,1","99999,9","06,0000,9,1","4,000",,,,,,,,,
"07382099999","1990-10-11T15:00:00","4","46.65","4.433","603.0","MONT SAINT VINCENT, FR","FM-12","99999","V020","100,1,N,0021,1","99999,9,9,N","999999,9,N,9","+0174,1","+0112,1","99999,9",,"2,000",,,,,,,,,
"07382099999","1990-10-11T18:00:00","4","46.65","4.433","603.0","MONT SAINT VINCENT, FR","FM-12","99999","V020","090,1,N,0051,1","99999,9,9,N","999999,9,N,9","+0136,1","+0098,1","99999,9","06,0000,9,1","4,000",,,,"999,M,+0189,1",,,,"SYN011333   10189",
"07382099999","1990-10-12T03:00:00","4","46.65","4.433","603.0","MONT SAINT VINCENT, FR","FM-12","99999","V020","100,1,N,0062,1","99999,9,9,N","999999,9,N,9","+0141,1","+0101,1","99999,9",,"2,000",,,,,,,,,
"07382099999","1990-10-12T06:00:00","4","46.65","4.433","603.0","MONT SAINT VINCENT, FR","FM-12","99999","V020","140,1,N,0082,1","99999,9,9,N","999999,9,N,9","+0134,1","+0102,1","99999,9","06,0000,9,1","4,000",,,"999,+0110,9","999,N,+0123,1",,,,"SYN017333   20123 3/011",
"07382099999","1990-10-12T09:00:00","4","46.65","4.433","603.0","MONT SAINT VINCENT, FR","FM-12","99999","V020","150,1,N,0108,1","99999,9,9,N","999999,9,N,9","+0169,1","+0105,1","99999,9",,"2,000",,,,,,,,,
"07382099999","1990-10-12T12:00:00","4","46.65","4.433","603.0","MONT SAINT VINCENT, FR","FM-12","99999","V020","150,1,N,0098,1","99999,9,9,N","999999,9,N,9","+0203,1","+0089,1","99999,9","06,0000,9,1","4,000",,,,,,,,,
"07382099999","1990-10-12T18:00:00","4","46.65","4.433","603.0","MONT SAINT VINCENT, FR","FM-12","99999","V020","120,1,N,0062,1","99999,9,9,N","999999,9,N,9","+0170,1","+0096,1","99999,9","06,0000,9,1","4,000",,,,"999,M,+0212,1",,,,"SYN011333   10212",
"07382099999","1990-10-13T06:00:00","4","46.65","4.433","603.0","MONT SAINT VINCENT, FR","FM-12","99999","V020","140,1,N,0062,1","99999,9,9,N","999999,9,N,9","+0147,1","+0112,1","99999,9","06,0000,9,1","4,000",,,"999,+0130,9","999,N,+0140,1",,,,"SYN017333   20140 3/013",
"07382099999","1990-10-13T09:00:00","4","46.65","4.433","603.0","MONT SAINT VINCENT, FR","FM-12","99999","V020","160,1,N,0041,1","99999,9,9,N","999999,9,N,9","+0195,1","+0136,1","99999,9",,"2,000",,,,,,,,,
"07382099999","1990-10-13T12:00:00","4","46.65","4.433","603.0","MONT SAINT VINCENT, FR","FM-12","99999","V020","210,1,N,0108,1","99999,9,9,N","999999,9,N,9","+0224,1","+0123,1","99999,9","06,0000,9,1","4,000",,,,,,,,,
"07382099999","1990-10-14T06:00:00","4","46.65","4.433","603.0","MONT SAINT VINCENT, FR","FM-12","99999","V020","130,1,N,0021,1","99999,9,9,N","999999,9,N,9","+0157,1","+0102,1","99999,9","06,0000,9,1","4,000",,,"999,+0100,9","999,N,+0153,1",,,,"SYN017333   20153 3/010",
"07382099999","1990-10-14T09:00:00","4","46.65","4.433","603.0","MONT SAINT VINCENT, FR","FM-12","99999","V020","130,1,N,0062,1","99999,9,9,N","999999,9,N,9","+0191,1","+0121,1","99999,9",,"2,000",,,,,,,,,
"07382099999","1990-10-14T12:00:00","4","46.65","4.433","603.0","MONT SAINT VINCENT, FR","FM-12","99999","V020","150,1,N,0051,1","99999,9,9,N","999999,9,N,9","+0212,1","+0133,1","99999,9","06,9999,2,9","0,000",,,,,,,,,
"07382099999","1990-10-15T06:00:00","4","46.65","4.433","603.0","MONT SAINT VINCENT, FR","FM-12","99999","V020","120,1,N,0082,1","99999,9,9,N","999999,9,N,9","+0135,1","+0128,1","99999,9","06,0000,9,1","4,000",,,"999,+0130,9","999,N,+0134,1",,,,"SYN017333   20134 3/013",
"07382099999","1990-10-15T09:00:00","4","46.65","4.433","603.0","MONT SAINT VINCENT, FR","FM-12","99999","V020","130,1,N,0072,1","99999,9,9,N","999999,9,N,9","+0163,1","+0141,1","99999,9",,"2,000",,,,,,,,,
"07382099999","1990-10-15T12:00:00","4","46.65","4.433","603.0","MONT SAINT VINCENT, FR","FM-12","99999","V020","180,1,N,0087,1","99999,9,9,N","999999,9,N,9","+0213,1","+0119,1","99999,9","06,0000,9,1","4,000",,,,,,,,,
"07382099999","1990-10-15T15:00:00","4","46.65","4.433","603.0","MONT SAINT VINCENT, FR","FM-12","99999","V020","220,1,N,0062,1","99999,9,9,N","999999,9,N,9","+0183,1","+0120,1","99999,9",,"2,000",,,,,,,,,
"07382099999","1990-10-15T18:00:00","4","46.65","4.433","603.0","MONT SAINT VINCENT, FR","FM-12","99999","V020","200,1,N,0072,1","99999,9,9,N","999999,9,N,9","+0176,1","+0114,1","99999,9","99,0003,9,1","0,000",,,,"999,M,+0221,1",,,,"SYN011333   10221",
"07382099999","1990-10-16T03:00:00","4","46.65","4.433","603.0","MONT SAINT VINCENT, FR","FM-12","99999","V020","310,1,N,0041,1","99999,9,9,N","999999,9,N,9","+0125,1","+0120,1","99999,9",,"2,000",,,,,,,,,
"07382099999","1990-10-16T06:00:00","4","46.65","4.433","603.0","MONT SAINT VINCENT, FR","FM-12","99999","V020","100,1,N,0031,1","99999,9,9,N","999999,9,N,9","+0115,1","+0108,1","99999,9","99,0040,9,1","0,000",,,"999,+0110,9","999,N,+0115,1",,,,"SYN017333   20115 3/011",
"07382099999","1990-10-16T09:00:00","4","46.65","4.433","603.0","MONT SAINT VINCENT, FR","FM-12","99999","V020","100,1,N,0072,1","99999,9,9,N","999999,9,N,9","+0116,1","+0112,1","99999,9",,"2,000",,,,,,,,,
"07382099999","1990-10-16T12:00:00","4","46.65","4.433","603.0","MONT SAINT VINCENT, FR","FM-12","99999","V020","100,1,N,0072,1","99999,9,9,N","999999,9,N,9","+0129,1","+0124,1","99999,9","06,0010,9,1","0,000",,,,,,,,,
"07382099999","1990-10-16T18:00:00","4","46.65","4.433","603.0","MONT SAINT VINCENT, FR","FM-12","99999","V020","120,1,N,0072,1","99999,9,9,N","999999,9,N,9","+0129,1","+0124,1","99999,9","99,0010,9,1","0,000",,,,"999,M,+0145,1",,,,"SYN011333   10145",
"07382099999","1990-10-17T06:00:00","4","46.65","4.433","603.0","MONT SAINT VINCENT, FR","FM-12","99999","V020","130,1,N,0072,1","99999,9,9,N","999999,9,N,9","+0120,1","+0118,1","99999,9","99,0003,9,1","0,000",,,"999,+0110,9","999,N,+0115,1",,,,"SYN017333   20115 3/011",
"07382099999","1990-10-17T09:00:00","4","46.65","4.433","603.0","MONT SAINT VINCENT, FR","FM-12","99999","V020","140,1,N,0072,1","99999,9,9,N","999999,9,N,9","+0145,1","+0133,1","99999,9",,"2,000",,,,,,,,,
"07382099999","1990-10-17T12:00:00","4","46.65","4.433","603.0","MONT SAINT VINCENT, FR","FM-12","99999","V020","190,1,N,0072,1","99999,9,9,N","999999,9,N,9","+0179,1","+0114,1","99999,9","06,0000,9,1","4,000",,,,,,,,,
"07382099999","1990-10-17T15:00:00","4","46.65","4.433","603.0","MONT SAINT VINCENT, FR","FM-12","99999","V020","190,1,N,0051,1","99999,9,9,N","999999,9,N,9","+0136,1","+0113,1","99999,9",,"2,000",,,,,,,,,
"07382099999","1990-10-17T18:00:00","4","46.65","4.433","603.0","MONT SAINT VINCENT, FR","FM-12","99999","V020","290,1,N,0021,1","99999,9,9,N","999999,9,N,9","+0112,1","+0108,1","99999,9","06,0000,9,1","4,000",,,,"999,M,+0195,1",,,,"SYN011333   10195",
"07382099999","1990-10-18T06:00:00","4","46.65","4.433","603.0","MONT SAINT VINCENT, FR","FM-12","99999","V020","240,1,N,0041,1","99999,9,9,N","999999,9,N,9","+0107,1","+0077,1","99999,9","06,0000,9,1","4,000",,,"999,+0080,9","999,N,+0101,1",,,,"SYN017333   20101 3/008",
"07382099999","1990-10-18T12:00:00","4","46.65","4.433","603.0","MONT SAINT VINCENT, FR","FM-12","99999","V020","220,1,N,0021,1","99999,9,9,N","999999,9,N,9","+0161,1","+0095,1","99999,9","06,0003,9,1","0,000",,,,,,,,,
"07382099999","1990-10-18T15:00:00","4","46.65","4.433","603.0","MONT SAINT VINCENT, FR","FM-12","99999","V020","110,1,N,0010,1","99999,9,9,N","999999,9,N,9","+0145,1","+0095,1","99999,9",,"2,000",,,,,,,,,
"07382099999","1990-10-18T18:00:00","4","46.65","4.433","603.0","MONT SAINT VINCENT, FR","FM-12","99999","V020","120,1,N,0062,1","99999,9,9,N","999999,9,N,9","+0130,1","+0082,1","99999,9","99,0005,9,1","0,000",,,,"999,M,+0179,1",,,,"SYN011333   10179",
"07382099999","1990-10-19T06:00:00","4","46.65","4.433","603.0","MONT SAINT VINCENT, FR","FM-12","99999","V020","120,1,N,0021,1","99999,9,9,N","999999,9,N,9","+0104,1","+0096,1","99999,9","06,0000,9,1","4,000",,,"999,+0080,9","999,N,+0104,1",,,,"SYN017333   20104 3/008",
"07382099999","1990-10-19T09:00:00","4","46.65","4.433","603.0","MONT SAINT VINCENT, FR","FM-12","99999","V020","140,1,N,0051,1","99999,9,9,N","999999,9,N,9","+0126,1","+0094,1","99999,9",,"2,000",,,,,,,,,
"07382099999","1990-10-19T12:00:00","4","46.65","4.433","603.0","MONT SAINT VINCENT, FR","FM-12","99999","V020","130,1,N,0031,1","99999,9,9,N","999999,9,N,9","+0125,1","+0095,1","99999,9","06,0003,9,1","0,000",,,,,,,,,
"07382099999","1990-10-19T15:00:00","4","46.65","4.433","603.0","MONT SAINT VINCENT, FR","FM-12","99999","V020","210,1,N,0010,1","99999,9,9,N","999999,9,N,9","+0111,1","+0101,1","99999,9",,"2,000",,,,,,,,,
"07382099999","1990-10-19T18:00:00","4","46.65","4.433","603.0","MONT SAINT VINCENT, FR","FM-12","99999","V020","100,1,N,0031,1","99999,9,9,N","999999,9,N,9","+0102,1","+0098,1","99999,9","99,0080,9,1","0,000",,,,"999,M,+0136,1",,,,"SYN011333   10136",
"07382099999","1990-10-20T06:00:00","4","46.65","4.433","603.0","MONT SAINT VINCENT, FR","FM-12","99999","V020","330,1,N,0010,1","99999,9,9,N","999999,9,N,9","+0100,1","+0098,1","99999,9","99,0020,9,1","0,000",,,"999,+0100,9","999,N,+0100,1",,,,"SYN017333   20100 3/010",
"07382099999","1990-10-20T09:00:00","4","46.65","4.433","603.0","MONT SAINT VINCENT, FR","FM-12","99999","V020","999,1,C,0000,1","99999,9,9,N","999999,9,N,9","+0105,1","+0103,1","99999,9",,"2,000",,,,,,,,,
"07382099999","1990-10-20T12:00:00","4","46.65","4.433","603.0","MONT SAINT VINCENT, FR","FM-12","99999","V020","360,1,N,0021,1","99999,9,9,N","999999,9,N,9","+0117,1","+0110,1","99999,9","06,0000,9,1","4,000",,,,,,,,,
"07382099999","1990-10-21T06:00:00","4","46.65","4.433","603.0","MONT SAINT VINCENT, FR","FM-12","99999","V020","090,1,N,0041,1","99999,9,9,N","999999,9,N,9","+0079,1","+0077,1","99999,9","06,0000,9,1","4,000",,,"999,+0080,9","999,N,+0079,1",,,,"SYN017333   20079 3/008",
"07382099999","1990-10-22T06:00:00","4","46.65","4.433","603.0","MONT SAINT VINCENT, FR","FM-12","99999","V020","080,1,N,0087,1","99999,9,9,N","999999,9,N,9","+0063,1","+0061,1","99999,9","99,0005,9,1","0,000",,,"999,+0060,9","999,N,+0063,1",,,,"SYN017333   20063 3/006",
"07382099999","1990-10-22T09:00:00","4","46.65","4.433","603.0","MONT SAINT VINCENT, FR","FM-12","99999","V020","110,1,N,0072,1","99999,9,9,N","999999,9,N,9","+0097,1","+0092,1","99999,9",,"2,000",,,,,,,,,
"07382099999","1990-10-22T12:00:00","4","46.65","4.433","603.0","MONT SAINT VINCENT, FR","FM-12","99999","V020","100,1,N,0082,1","99999,9,9,N","999999,9,N,9","+0119,1","+0103,1","99999,9","06,0000,9,1","4,000",,,,,,,,,
"07382099999","1990-10-23T06:00:00","4","46.65","4.433","603.0","MONT SAINT VINCENT, FR","FM-12","99999","V020","120,1,N,0041,1","99999,9,9,N","999999,9,N,9","+0086,1","+0079,1","99999,9","99,0070,9,1","0,000",,,"999,+0060,9","999,N,+0059,1",,,,"SYN017333   20059 3/006",
"07382099999","1990-10-23T09:00:00","4","46.65","4.433","603.0","MONT SAINT VINCENT, FR","FM-12","99999","V020","120,1,N,0072,1","99999,9,9,N","999999,9,N,9","+0079,1","+0077,1","99999,9",,"2,000",,,,,,,,,
"07382099999","1990-10-23T12:00:00","4","46.65","4.433","603.0","MONT SAINT VINCENT, FR","FM-12","99999","V020","130,1,N,0072,1","99999,9,9,N","999999,9,N,9","+0097,1","+0095,1","99999,9","06,0000,9,1","4,000",,,,,,,,,
"07382099999","1990-10-23T15:00:00","4","46.65","4.433","603.0","MONT SAINT VINCENT, FR","FM-12","99999","V020","130,1,N,0051,1","99999,9,9,N","999999,9,N,9","+0109,1","+0101,1","99999,9",,"2,000",,,,,,,,,
"07382099999","1990-10-23T18:00:00","4","46.65","4.433","603.0","MONT SAINT VINCENT, FR","FM-12","99999","V020","150,1,N,0072,1","99999,9,9,N","999999,9,N,9","+0097,1","+0089,1","99999,9","06,0000,9,1","4,000",,,,"999,M,+0117,1",,,,"SYN011333   10117",
"07382099999","1990-10-24T06:00:00","4","46.65","4.433","603.0","MONT SAINT VINCENT, FR","FM-12","99999","V020","200,1,N,0031,1","99999,9,9,N","999999,9,N,9","+0099,1","+0078,1","99999,9","06,0000,9,1","4,000",,,"999,+0080,9","999,N,+0085,1",,,,"SYN017333   20085 3/008",
"07382099999","1990-10-24T12:00:00","4","46.65","4.433","603.0","MONT SAINT VINCENT, FR","FM-12","99999","V020","120,1,N,0031,1","99999,9,9,N","999999,9,N,9","+0152,1","+0113,1","99999,9","06,0000,9,1","4,000",,,,,,,,,
"07382099999","1990-10-24T15:00:00","4","46.65","4.433","603.0","MONT SAINT VINCENT, FR","FM-12","99999","V020","150,1,N,0031,1","99999,9,9,N","999999,9,N,9","+0132,1","+0103,1","99999,9",,"2,000",,,,,,,,,
"07382099999","1990-10-24T18:00:00","4","46.65","4.433","603.0","MONT SAINT VINCENT, FR","FM-12","99999","V020","140,1,N,0041,1","99999,9,9,N","999999,9,N,9","+0117,1","+0097,1","99999,9","99,9999,2,9","0,000",,,,"999,M,+0157,1",,,,"SYN011333   10157",
"07382099999","1990-10-25T06:00:00","4","46.65","4.433","603.0","MONT SAINT VINCENT, FR","FM-12","99999","V020","280,1,N,0072,1","99999,9,9,N","999999,9,N,9","+0080,1","+0078,1","99999,9","99,0040,9,1","0,000",,,"999,+0080,9","999,N,+0080,1",,,,"SYN017333   20080 3/008",
"07382099999","1990-10-25T09:00:00","4","46.65","4.433","603.0","MONT SAINT VINCENT, FR","FM-12","99999","V020","260,1,N,0062,1","99999,9,9,N","999999,9,N,9","+0086,1","+0084,1","99999,9",,"2,000",,,,,,,,,
"07382099999","1990-10-25T12:00:00","4","46.65","4.433","603.0","MONT SAINT VINCENT, FR","FM-12","99999","V020","250,1,N,0031,1","99999,9,9,N","999999,9,N,9","+0096,1","+0092,1","99999,9","06,0010,9,1","0,000",,,,,,,,,
"07382099999","1990-10-25T15:00:00","4","46.65","4.433","603.0","MONT SAINT VINCENT, FR","FM-12","99999","V020","210,1,N,0021,1","99999,9,9,N","999999,9,N,9","+0106,1","+0086,1","99999,9",,"2,000",,,,,,,,,
"07382099999","1990-10-25T18:00:00","4","46.65","4.433","603.0","MONT SAINT VINCENT, FR","FM-12","99999","V020","200,1,N,0041,1","99999,9,9,N","999999,9,N,9","+0094,1","+0080,1","99999,9","99,0010,9,1","0,000",,,,"999,M,+0118,1",,,,"SYN011333   10118",
"07382099999","1990-10-26T06:00:00","4","46.65","4.433","603.0","MONT SAINT VINCENT, FR","FM-12","99999","V020","160,1,N,0082,1","99999,9,9,N","999999,9,N,9","+0078,1","+0050,1","99999,9","06,0000,9,1","4,000",,,"999,+0060,9","999,N,+0072,1",,,,"SYN017333   20072 3/006",
"07382099999","1990-10-26T09:00:00","4","46.65","4.433","603.0","MONT SAINT VINCENT, FR","FM-12","99999","V020","160,1,N,0062,1","99999,9,9,N","999999,9,N,9","+0077,1","+0071,1","99999,9",,"2,000",,,,,,,,,
"07382099999","1990-10-26T12:00:00","4","46.65","4.433","603.0","MONT SAINT VINCENT, FR","FM-12","99999","V020","260,1,N,0082,1","99999,9,9,N","999999,9,N,9","+0067,1","+0065,1","99999,9","06,0005,9,1","0,000",,,,,,,,,
"07382099999","1990-10-26T15:00:00","4","46.65","4.433","603.0","MONT SAINT VINCENT, FR","FM-12","99999","V020","240,1,N,0051,1","99999,9,9,N","999999,9,N,9","+0078,1","+0064,1","99999,9",,"2,000",,,,,,,,,
"07382099999","1990-10-26T18:00:00","4","46.65","4.433","603.0","MONT SAINT VINCENT, FR","FM-12","99999","V020","250,1,N,0062,1","99999,9,9,N","999999,9,N,9","+0060,1","+0044,1","99999,9","99,0005,9,1","0,000",,,,"999,M,+0082,1",,,,"SYN011333   10082",
"07382099999","1990-10-27T03:00:00","4","46.65","4.433","603.0","MONT SAINT VINCENT, FR","FM-12","99999","V020","240,1,N,0082,1","99999,9,9,N","999999,9,N,9","+0056,1","+0031,1","99999,9",,"2,000",,,,,,,,,
"07382099999","1990-10-27T06:00:00","4","46.65","4.433","603.0","MONT SAINT VINCENT, FR","FM-12","99999","V020","240,1,N,0072,1","99999,9,9,N","999999,9,N,9","+0052,1","+0030,1","99999,9","99,0003,9,1","0,000",,,"999,+0040,9","999,N,+0050,1",,,,"SYN017333   20050 3/004",
"07382099999","1990-10-27T09:00:00","4","46.65","4.433","603.0","MONT SAINT VINCENT, FR","FM-12","99999","V020","230,1,N,0082,1","99999,9,9,N","999999,9,N,9","+0079,1","+0046,1","99999,9",,"2,000",,,,,,,,,
"07382099999","1990-10-27T12:00:00","4","46.65","4.433","603.0","MONT SAINT VINCENT, FR","FM-12","99999","V020","240,1,N,0098,1","99999,9,9,N","999999,9,N,9","+0110,1","+0057,1","99999,9","06,0000,9,1","4,000",,,,,,,,,
"07382099999","1990-10-28T03:00:00","4","46.65","4.433","603.0","MONT SAINT VINCENT, FR","FM-12","99999","V020","190,1,N,0072,1","99999,9,9,N","999999,9,N,9","+0072,1","+0063,1","99999,9",,"2,000",,,,,,,,,
"07382099999","1990-10-28T06:00:00","4","46.65","4.433","603.0","MONT SAINT VINCENT, FR","FM-12","99999","V020","190,1,N,0082,1","99999,9,9,N","999999,9,N,9","+0070,1","+0064,1","99999,9","06,0000,9,1","4,000",,,"999,+0060,9","999,N,+0070,1",,,,"SYN017333   20070 3/006",
"07382099999","1990-10-28T09:00:00","4","46.65","4.433","603.0","MONT SAINT VINCENT, FR","FM-12","99999","V020","190,1,N,0072,1","99999,9,9,N","999999,9,N,9","+0081,1","+0068,1","99999,9",,"2,000",,,,,,,,,
"07382099999","1990-10-28T12:00:00","4","46.65","4.433","603.0","MONT SAINT VINCENT, FR","FM-12","99999","V020","190,1,N,0098,1","99999,9,9,N","999999,9,N,9","+0086,1","+0070,1","99999,9","06,0010,9,1","0,000",,,,,,,,,
"07382099999","1990-10-29T06:00:00","4","46.65","4.433","603.0","MONT SAINT VINCENT, FR","FM-12","99999","V020","270,1,N,0087,1","99999,9,9,N","999999,9,N,9","+0075,1","+0073,1","99999,9","99,0150,9,1","0,000",,,"999,+0070,9","999,N,+0070,1",,,,"SYN017333   20070 3/007",
"07382099999","1990-10-29T09:00:00","4","46.65","4.433","603.0","MONT SAINT VINCENT, FR","FM-12","99999","V020","260,1,N,0082,1","99999,9,9,N","999999,9,N,9","+0069,1","+0067,1","99999,9",,"2,000",,,,,,,,,
"07382099999","1990-10-29T12:00:00","4","46.65","4.433","603.0","MONT SAINT VINCENT, FR","FM-12","99999","V020","230,1,N,0062,1","99999,9,9,N","999999,9,N,9","+0070,1","+0068,1","99999,9","06,0020,9,1","0,000",,,,,,,,,
"07382099999","1990-10-29T18:00:00","4","46.65","4.433","603.0","MONT SAINT VINCENT, FR","FM-12","99999","V020","250,1,N,0149,1","99999,9,9,N","999999,9,N,9","+0115,1","+0113,1","99999,9","99,0150,9,1","0,000",,,,"999,M,+0115,1",,,,"SYN011333   10115",
"07382099999","1990-10-30T06:00:00","4","46.65","4.433","603.0","MONT SAINT VINCENT, FR","FM-12","99999","V020","270,1,N,0072,1","99999,9,9,N","999999,9,N,9","+0047,1","+0045,1","99999,9","99,0040,9,1","0,000",,,"999,+0030,9","999,N,+0047,1",,,,"SYN017333   20047 3/003",
"07382099999","1990-10-30T09:00:00","4","46.65","4.433","603.0","MONT SAINT VINCENT, FR","FM-12","99999","V020","260,1,N,0087,1","99999,9,9,N","999999,9,N,9","+0083,1","+0064,1","99999,9",,"2,000",,,,,,,,,
"07382099999","1990-10-30T12:00:00","4","46.65","4.433","603.0","MONT SAINT VINCENT, FR","FM-12","99999","V020","250,1,N,0082,1","99999,9,9,N","999999,9,N,9","+0111,1","+0064,1","99999,9","06,0000,9,1","4,000",,,,,,,,,
"07382099999","1990-10-30T15:00:00","4","46.65","4.433","603.0","MONT SAINT VINCENT, FR","FM-12","99999","V020","260,1,N,0041,1","99999,9,9,N","999999,9,N,9","+0084,1","+0060,1","99999,9",,"2,000",,,,,,,,,
"07382099999","1990-10-30T18:00:00","4","46.65","4.433","603.0","MONT SAINT VINCENT, FR","FM-12","99999","V020","200,1,N,0051,1","99999,9,9,N","999999,9,N,9","+0091,1","+0052,1","99999,9","06,0000,9,1","4,000",,,,"999,M,+0111,1",,,,"SYN011333   10111",
"07382099999","1990-10-31T06:00:00","4","46.65","4.433","603.0","MONT SAINT VINCENT, FR","FM-12","99999","V020","270,1,N,0108,1","99999,9,9,N","999999,9,N,9","+0080,1","+0078,1","99999,9","99,0030,9,1","0,000",,,"999,+0070,9","999,N,+0074,1",,,,"SYN017333   20074 3/007",
"07382099999","1990-10-31T09:00:00","4","46.65","4.433","603.0","MONT SAINT VINCENT, FR","FM-12","99999","V020","260,1,N,0108,1","99999,9,9,N","999999,9,N,9","+0075,1","+0069,1","99999,9",,"2,000",,,,,,,,,
"07382099999","1990-10-31T12:00:00","4","46.65","4.433","603.0","MONT SAINT VINCENT, FR","FM-12","99999","V020","260,1,N,0129,1","99999,9,9,N","999999,9,N,9","+0097,1","+0069,1","99999,9","06,0000,9,1","4,000",,,,,,,,,
"07382099999","1990-10-31T15:00:00","4","46.65","4.433","603.0","MONT SAINT VINCENT, FR","FM-12","99999","V020","250,1,N,0098,1","99999,9,9,N","999999,9,N,9","+0090,1","+0066,1","99999,9",,"2,000",,,,,,,,,
"07382099999","1990-11-01T03:00:00","4","46.65","4.433","603.0","MONT SAINT VINCENT, FR","FM-12","99999","V020","240,1,N,0072,1","99999,9,9,N","999999,9,N,9","+0055,1","+0049,1","99999,9",,"2,000",,,,,,,,,
"07382099999","1990-11-01T06:00:00","4","46.65","4.433","603.0","MONT SAINT VINCENT, FR","FM-12","99999","V020","250,1,N,0062,1","99999,9,9,N","999999,9,N,9","+0054,1","+0049,1","99999,9","99,0010,9,1","0,000",,,"999,+0050,9","999,N,+0054,1",,,,"SYN017333   20054 3/005",
"07382099999","1990-11-01T09:00:00","4","46.65","4.433","603.0","MONT SAINT VINCENT, FR","FM-12","99999","V020","260,1,N,0082,1","99999,9,9,N","999999,9,N,9","+0064,1","+0062,1","99999,9",,"2,000",,,,,,,,,
"07382099999","1990-11-01T12:00:00","4","46.65","4.433","603.0","MONT SAINT VINCENT, FR","FM-12","99999","V020","270,1,N,0072,1","99999,9,9,N","999999,9,N,9","+0109,1","+0074,1","99999,9","06,0010,9,1","0,000",,,,,,,,,
"07382099999","1990-11-02T06:00:00","4","46.65","4.433","603.0","MONT SAINT VINCENT, FR","FM-12","99999","V020","270,1,N,0159,1","99999,9,9,N","999999,9,N,9","+0042,1","+0028,1","99999,9","99,0010,9,1","0,000",,,"999,+0020,9","999,N,+0034,1",,,,"SYN017333   20034 3/002",
"07382099999","1990-11-02T09:00:00","4","46.65","4.433","603.0","MONT SAINT VINCENT, FR","FM-12","99999","V020","260,1,N,0139,1","99999,9,9,N","999999,9,N,9","+0046,1","+0032,1","99999,9",,"2,000",,,,,,,,,
"07382099999","1990-11-02T12:00:00","4","46.65","4.433","603.0","MONT SAINT VINCENT, FR","FM-12","99999","V020","240,1,N,0062,1","99999,9,9,N","999999,9,N,9","+0067,1","+0031,1","99999,9","06,0003,9,1","0,000",,,,,,,,,
"07382099999","1990-11-02T15:00:00","4","46.65","4.433","603.0","MONT SAINT VINCENT, FR","FM-12","99999","V020","240,1,N,0031,1","99999,9,9,N","999999,9,N,9","+0066,1","+0032,1","99999,9",,"2,000",,,,,,,,,
"07382099999","1990-11-02T18:00:00","4","46.65","4.433","603.0","MONT SAINT VINCENT, FR","FM-12","99999","V020","240,1,N,0041,1","99999,9,9,N","999999,9,N,9","+0040,1","+0035,1","99999,9","99,0030,9,1","0,000",,,,"999,M,+0093,1",,,,"SYN011333   10093",
"07382099999","1990-11-03T06:00:00","4","46.65","4.433","603.0","MONT SAINT VINCENT, FR","FM-12","99999","V020","270,1,N,0082,1","99999,9,9,N","999999,9,N,9","+0027,1","+0025,1","99999,9","99,0020,9,1","0,000",,,"999,+0030,9","999,N,+0026,1",,,,"SYN017333   20026 3/003",
"07382099999","1990-11-03T09:00:00","4","46.65","4.433","603.0","MONT SAINT VINCENT, FR","FM-12","99999","V020","270,1,N,0082,1","99999,9,9,N","999999,9,N,9","+0032,1","+0030,1","99999,9",,"2,000",,,,,,,,,
"07382099999","1990-11-03T12:00:00","4","46.65","4.433","603.0","MONT SAINT VINCENT, FR","FM-12","99999","V020","300,1,N,0072,1","99999,9,9,N","999999,9,N,9","+0025,1","+0023,1","99999,9","06,0010,9,1","0,000",,,,,,,,,
"07382099999","1990-11-04T06:00:00","4","46.65","4.433","603.0","MONT SAINT VINCENT, FR","FM-12","99999","V020","280,1,N,0062,1","99999,9,9,N","999999,9,N,9","+0019,1","+0017,1","99999,9","99,0005,9,1","0,000",,,"999,+0010,9","999,N,+0015,1",,,,"SYN017333   20015 3/001",
"07382099999","1990-11-04T09:00:00","4","46.65","4.433","603.0","MONT SAINT VINCENT, FR","FM-12","99999","V020","280,1,N,0041,1","99999,9,9,N","999999,9,N,9","+0025,1","+0023,1","99999,9",,"2,000",,,,,,,,,
"07382099999","1990-11-04T12:00:00","4","46.65","4.433","603.0","MONT SAINT VINCENT, FR","FM-12","99999","V020","280,1,N,0041,1","99999,9,9,N","999999,9,N,9","+0031,1","+0029,1","99999,9","06,0010,9,1","0,000",,,,,,,,,
"07382099999","1990-11-05T06:00:00","4","46.65","4.433","603.0","MONT SAINT VINCENT, FR","FM-12","99999","V020","280,1,N,0041,1","99999,9,9,N","999999,9,N,9","+0020,1","+0018,1","99999,9","06,0000,9,1","4,000",,,"999,+0010,9","999,N,+0016,1",,,,"SYN017333   20016 3/001",
"07382099999","1990-11-05T09:00:00","4","46.65","4.433","603.0","MONT SAINT VINCENT, FR","FM-12","99999","V020","290,1,N,0051,1","99999,9,9,N","999999,9,N,9","+0030,1","+0028,1","99999,9",,"2,000",,,,,,,,,
"07382099999","1990-11-05T12:00:00","4","46.65","4.433","603.0","MONT SAINT VINCENT, FR","FM-12","99999","V020","300,1,N,0031,1","99999,9,9,N","999999,9,N,9","+0040,1","+0038,1","99999,9","06,0005,9,1","0,000",,,,,,,,,
"07382099999","1990-11-05T18:00:00","4","46.65","4.433","603.0","MONT SAINT VINCENT, FR","FM-12","99999","V020","060,1,N,0031,1","99999,9,9,N","999999,9,N,9","+0029,1","+0027,1","99999,9","99,0010,9,1","0,000",,,,"999,M,+0044,1",,,,"SYN011333   10044",
"07382099999","1990-11-06T06:00:00","4","46.65","4.433","603.0","MONT SAINT VINCENT, FR","FM-12","99999","V020","070,1,N,0072,1","99999,9,9,N","999999,9,N,9","-0010,1","-0012,1","99999,9","99,0003,9,1","0,000",,,"999,-0020,9","999,N,-0010,1",,,,"SYN017333   21010 3/102",
"07382099999","1990-11-06T09:00:00","4","46.65","4.433","603.0","MONT SAINT VINCENT, FR","FM-12","99999","V020","060,1,N,0062,1","99999,9,9,N","999999,9,N,9","+0008,1","+0002,1","99999,9",,"2,000",,,,,,,,,
"07382099999","1990-11-06T12:00:00","4","46.65","4.433","603.0","MONT SAINT VINCENT, FR","FM-12","99999","V020","080,1,N,0051,1","99999,9,9,N","999999,9,N,9","+0044,1","+0014,1","99999,9","06,0003,9,1","0,000",,,,,,,,,
"07382099999","1990-11-06T15:00:00","4","46.65","4.433","603.0","MONT SAINT VINCENT, FR","FM-12","99999","V020","060,1,N,0062,1","99999,9,9,N","999999,9,N,9","+0037,1","+0003,1","99999,9",,"2,000",,,,,,,,,
"07382099999","1990-11-06T18:00:00","4","46.65","4.433","603.0","MONT SAINT VINCENT, FR","FM-12","99999","V020","070,1,N,0062,1","99999,9,9,N","999999,9,N,9","+0007,1","-0005,1","99999,9","99,0003,9,1","0,000",,,,"999,M,+0050,1",,,,"SYN011333   10050",
"07382099999","1990-11-07T06:00:00","4","46.65","4.433","603.0","MONT SAINT VINCENT, FR","FM-12","99999","V020","090,1,N,0041,1","99999,9,9,N","999999,9,N,9","-0028,1","-0030,1","99999,9","06,0000,9,1","4,000",,,"999,-0020,9","999,N,-0028,1",,,,"SYN017333   21028 3/102",
"07382099999","1990-11-07T09:00:00","4","46.65","4.433","603.0","MONT SAINT VINCENT, FR","FM-12","99999","V020","090,1,N,0041,1","99999,9,9,N","999999,9,N,9","-0023,1","-0024,1","99999,9",,"2,000",,,,,,,,,
"07382099999","1990-11-07T12:00:00","4","46.65","4.433","603.0","MONT SAINT VINCENT, FR","FM-12","99999","V020","090,1,N,0041,1","99999,9,9,N","999999,9,N,9","-0008,1","-0009,1","99999,9","06,0000,9,1","4,000",,,,,,,,,
"07382099999","1990-11-07T15:00:00","4","46.65","4.433","603.0","MONT SAINT VINCENT, FR","FM-12","99999","V020","080,1,N,0051,1","99999,9,9,N","999999,9,N,9","-0011,1","-0012,1","99999,9",,"2,000",,,,,,,,,
"07382099999","1990-11-07T18:00:00","4","46.65","4.433","603.0","MONT SAINT VINCENT, FR","FM-12","99999","V020","080,1,N,0051,1","99999,9,9,N","999999,9,N,9","-0022,1","-0023,1","99999,9","06,0000,9,1","4,000",,,,"999,M,-0005,1",,,,"SYN011333   11005",
"07382099999","1990-11-08T06:00:00","4","46.65","4.433","603.0","MONT SAINT VINCENT, FR","FM-12","99999","V020","120,1,N,0041,1","99999,9,9,N","999999,9,N,9","-0019,1","+9999,9","99999,9","06,0000,9,1","4,000",,,"999,-0030,9","999,N,-0027,1",,,,"SYN017333   21027 3/103",
"07382099999","1990-11-08T12:00:00","4","46.65","4.433","603.0","MONT SAINT VINCENT, FR","FM-12","99999","V020","100,1,N,0041,1","99999,9,9,N","999999,9,N,9","+0002,1","+9999,9","99999,9","06,0000,9,1","4,000",,,,,,,,,
"07382099999","1990-11-08T18:00:00","4","46.65","4.433","603.0","MONT SAINT VINCENT, FR","FM-12","99999","V020","120,1,N,0087,1","99999,9,9,N","999999,9,N,9","+0002,1","+9999,9","99999,9","06,0000,9,1","4,000",,,,"999,M,+0014,1",,,,"SYN011333   10014",
"07382099999","1990-11-09T06:00:00","4","46.65","4.433","603.0","MONT SAINT VINCENT, FR","FM-12","99999","V020","120,1,N,0062,1","99999,9,9,N","999999,9,N,9","-0002,1","-0010,1","99999,9","06,0000,9,1","4,000",,,"999,-0010,9","999,N,-0003,1",,,,"SYN017333   21003 3/101",
"07382099999","1990-11-09T12:00:00","4","46.65","4.433","603.0","MONT SAINT VINCENT, FR","FM-12","99999","V020","120,1,N,0031,1","99999,9,9,N","999999,9,N,9","+0057,1","+0033,1","99999,9","06,0003,9,1","0,000",,,,,,,,,
"07382099999","1990-11-09T15:00:00","4","46.65","4.433","603.0","MONT SAINT VINCENT, FR","FM-12","99999","V020","100,1,N,0031,1","99999,9,9,N","999999,9,N,9","+0061,1","+0037,1","99999,9",,"2,000",,,,,,,,,
"07382099999","1990-11-09T18:00:00","4","46.65","4.433","603.0","MONT SAINT VINCENT, FR","FM-12","99999","V020","140,1,N,0041,1","99999,9,9,N","999999,9,N,9","+0060,1","+0033,1","99999,9","99,0003,9,1","0,000",,,,"999,M,+0065,1",,,,"SYN011333   10065",
"07382099999","1990-11-10T09:00:00","4","46.65","4.433","603.0","MONT SAINT VINCENT, FR","FM-12","99999","V020","130,1,N,0021,1","99999,9,9,N","999999,9,N,9","+0062,1","+0060,1","99999,9",,"2,000",,,,,,,,,
"07382099999","1990-11-11T06:00:00","4","46.65","4.433","603.0","MONT SAINT VINCENT, FR","FM-12","99999","V020","260,1,N,0072,1","99999,9,9,N","999999,9,N,9","+0084,1","+0082,1","99999,9","99,0010,9,1","0,000",,,"999,+0070,9","999,N,+0077,1",,,,"SYN017333   20077 3/007",
"07382099999","1990-11-11T12:00:00","4","46.65","4.433","603.0","MONT SAINT VINCENT, FR","FM-12","99999","V020","280,1,N,0051,1","99999,9,9,N","999999,9,N,9","+0088,1","+0086,1","99999,9","06,0005,9,1","0,000",,,,,,,,,
"07382099999","1990-11-11T18:00:00","4","46.65","4.433","603.0","MONT SAINT VINCENT, FR","FM-12","99999","V020","280,1,N,0051,1","99999,9,9,N","999999,9,N,9","+0077,1","+0075,1","99999,9","99,0010,9,1","0,000",,,,"999,M,+0095,1",,,,"SYN011333   10095",
"07382099999","1990-11-12T09:00:00","4","46.65","4.433","603.0","MONT SAINT VINCENT, FR","FM-12","99999","V020","050,1,N,0041,1","99999,9,9,N","999999,9,N,9","+0082,1","+0080,1","99999,9",,"2,000",,,,,,,,,
"07382099999","1990-11-12T12:00:00","4","46.65","4.433","603.0","MONT SAINT VINCENT, FR","FM-12","99999","V020","999,1,C,0000,1","99999,9,9,N","999999,9,N,9","+0093,1","+0085,1","99999,9","06,0000,9,1","4,000",,,,,,,,,
"07382099999","1990-11-12T15:00:00","4","46.65","4.433","603.0","MONT SAINT VINCENT, FR","FM-12","99999","V020","999,1,C,0000,1","99999,9,9,N","999999,9,N,9","+0100,1","+0065,1","99999,9",,"2,000",,,,,,,,,
"07382099999","1990-11-12T18:00:00","4","46.65","4.433","603.0","MONT SAINT VINCENT, FR","FM-12","99999","V020","999,1,C,0000,1","99999,9,9,N","999999,9,N,9","+0072,1","+0066,1","99999,9","06,0000,9,1","4,000",,,,"999,M,+0103,1",,,,"SYN011333   10103",
"07382099999","1990-11-13T06:00:00","4","46.65","4.433","603.0","MONT SAINT VINCENT, FR","FM-12","99999","V020","280,1,N,0031,1","99999,9,9,N","999999,9,N,9","+0058,1","+0053,1","99999,9","99,0003,9,1","0,000",,,"999,-0010,9","999,N,+0049,1",,,,"SYN017333   20049 3/101",
"07382099999","1990-11-13T09:00:00","4","46.65","4.433","603.0","MONT SAINT VINCENT, FR","FM-12","99999","V020","220,1,N,0010,1","99999,9,9,N","999999,9,N,9","+0074,1","+0061,1","99999,9",,"2,000",,,,,,,,,
"07382099999","1990-11-14T06:00:00","4","46.65","4.433","603.0","MONT SAINT VINCENT, FR","FM-12","99999","V020","260,1,N,0087,1","99999,9,9,N","999999,9,N,9","+0080,1","+0078,1","99999,9","99,0010,9,1","0,000",,,"999,+0080,9","999,N,+0075,1",,,,"SYN017333   20075 3/008",
"07382099999","1990-11-14T09:00:00","4","46.65","4.433","603.0","MONT SAINT VINCENT, FR","FM-12","99999","V020","220,1,N,0082,1","99999,9,9,N","999999,9,N,9","+0081,1","+0079,1","99999,9",,"2,000",,,,,,,,,
"07382099999","1990-11-14T15:00:00","4","46.65","4.433","603.0","MONT SAINT VINCENT, FR","FM-12","99999","V020","290,1,N,0118,1","99999,9,9,N","999999,9,N,9","+0087,1","+0085,1","99999,9",,"2,000",,,,,,,,,
"07382099999","1990-11-14T18:00:00","4","46.65","4.433","603.0","MONT SAINT VINCENT, FR","FM-12","99999","V020","280,1,N,0098,1","99999,9,9,N","999999,9,N,9","+0086,1","+0084,1","99999,9","99,0060,9,1","0,000",,,,"999,M,+0107,1",,,,"SYN011333   10107",
"07382099999","1990-11-15T06:00:00","4","46.65","4.433","603.0","MONT SAINT VINCENT, FR","FM-12","99999","V020","270,1,N,0149,1","99999,9,9,N","999999,9,N,9","+0063,1","+0061,1","99999,9","99,0020,9,1","0,000",,,"999,+0060,9","999,N,+0062,1",,,,"SYN017333   20062 3/006",
"07382099999","1990-11-15T12:00:00","4","46.65","4.433","603.0","MONT SAINT VINCENT, FR","FM-12","99999","V020","320,1,N,0062,1","99999,9,9,N","999999,9,N,9","+0083,1","+0057,1","99999,9","06,0010,9,1","0,000",,,,,,,,,
"07382099999","1990-11-15T15:00:00","4","46.65","4.433","603.0","MONT SAINT VINCENT, FR","FM-12","99999","V020","310,1,N,0051,1","99999,9,9,N","999999,9,N,9","+0072,1","+0053,1","99999,9",,"2,000",,,,,,,,,
"07382099999","1990-11-15T18:00:00","4","46.65","4.433","603.0","MONT SAINT VINCENT, FR","FM-12","99999","V020","310,1,N,0031,1","99999,9,9,N","999999,9,N,9","+0061,1","+0050,1","99999,9","99,0010,9,1","0,000",,,,"999,M,+0088,1",,,,"SYN011333   10088",
"07382099999","1990-11-16T06:00:00","4","46.65","4.433","603.0","MONT SAINT VINCENT, FR","FM-12","99999","V020","350,1,N,0021,1","99999,9,9,N","999999,9,N,9","+0051,1","+0029,1","99999,9","06,0000,9,1","4,000",,,"999,+0010,9","999,N,+0049,1",,,,"SYN017333   20049 3/001",
"07382099999","1990-11-16T09:00:00","4","46.65","4.433","603.0","MONT SAINT VINCENT, FR","FM-12","99999","V020","999,1,C,0000,1","99999,9,9,N","999999,9,N,9","+0081,1","+0043,1","99999,9",,"2,000",,,,,,,,,
"07382099999","1990-11-16T12:00:00","4","46.65","4.433","603.0","MONT SAINT VINCENT, FR","FM-12","99999","V020","270,1,N,0062,1","99999,9,9,N","999999,9,N,9","+0068,1","+0066,1","99999,9","06,0000,9,1","4,000",,,,,,,,,
"07382099999","1990-11-17T06:00:00","4","46.65","4.433","603.0","MONT SAINT VINCENT, FR","FM-12","99999","V020","280,1,N,0072,1","99999,9,9,N","999999,9,N,9","+0085,1","+0083,1","99999,9","99,0005,9,1","0,000",,,"999,+0080,9","999,N,+0081,1",,,,"SYN017333   20081 3/008",
"07382099999","1990-11-17T09:00:00","4","46.65","4.433","603.0","MONT SAINT VINCENT, FR","FM-12","99999","V020","270,1,N,0082,1","99999,9,9,N","999999,9,N,9","+0087,1","+0085,1","99999,9",,"2,000",,,,,,,,,
"07382099999","1990-11-17T12:00:00","4","46.65","4.433","603.0","MONT SAINT VINCENT, FR","FM-12","99999","V020","270,1,N,0087,1","99999,9,9,N","999999,9,N,9","+0093,1","+0091,1","99999,9","06,0005,9,1","0,000",,,,,,,,,
"07382099999","1990-11-17T18:00:00","4","46.65","4.433","603.0","MONT SAINT VINCENT, FR","FM-12","99999","V020","280,1,N,0108,1","99999,9,9,N","999999,9,N,9","+0083,1","+0081,1","99999,9","99,0010,9,1","0,000",,,,"999,M,+0095,1",,,,"SYN011333   10095",
"07382099999","1990-11-18T06:00:00","4","46.65","4.433","603.0","MONT SAINT VINCENT, FR","FM-12","99999","V020","280,1,N,0098,1","99999,9,9,N","999999,9,N,9","+0083,1","+0081,1","99999,9","99,0010,9,1","0,000",,,"999,+0080,9","999,N,+0075,1",,,,"SYN017333   20075 3/008",
"07382099999","1990-11-18T09:00:00","4","46.65","4.433","603.0","MONT SAINT VINCENT, FR","FM-12","99999","V020","280,1,N,0087,1","99999,9,9,N","999999,9,N,9","+0087,1","+0085,1","99999,9",,"2,000",,,,,,,,,
"07382099999","1990-11-18T12:00:00","4","46.65","4.433","603.0","MONT SAINT VINCENT, FR","FM-12","99999","V020","280,1,N,0108,1","99999,9,9,N","999999,9,N,9","+0082,1","+0080,1","99999,9","06,0000,9,1","4,000",,,,,,,,,
"07382099999","1990-11-18T15:00:00","4","46.65","4.433","603.0","MONT SAINT VINCENT, FR","FM-12","99999","V020","280,1,N,0087,1","99999,9,9,N","999999,9,N,9","+0076,1","+0066,1","99999,9",,"2,000",,,,,,,,,
"07382099999","1990-11-18T18:00:00","4","46.65","4.433","603.0","MONT SAINT VINCENT, FR","FM-12","99999","V020","270,1,N,0082,1","99999,9,9,N","999999,9,N,9","+0067,1","+0056,1","99999,9","06,0000,9,1","4,000",,,,"999,M,+0087,1",,,,"SYN011333   10087",
"07382099999","1990-11-19T06:00:00","4","46.65","4.433","603.0","MONT SAINT VINCENT, FR","FM-12","99999","V020","280,1,N,0082,1","99999,9,9,N","999999,9,N,9","+0053,1","+0051,1","99999,9","99,0003,9,1","0,000",,,"999,+0050,9","999,N,+0053,1",,,,"SYN017333   20053 3/005",
"07382099999","1990-11-19T09:00:00","4","46.65","4.433","603.0","MONT SAINT VINCENT, FR","FM-12","99999","V020","280,1,N,0072,1","99999,9,9,N","999999,9,N,9","+0055,1","+0053,1","99999,9",,"2,000",,,,,,,,,
"07382099999","1990-11-19T12:00:00","4","46.65","4.433","603.0","MONT SAINT VINCENT, FR","FM-12","99999","V020","230,1,N,0051,1","99999,9,9,N","999999,9,N,9","+0065,1","+0063,1","99999,9","06,0020,9,1","0,000",,,,,,,,,
"07382099999","1990-11-19T15:00:00","4","46.65","4.433","603.0","MONT SAINT VINCENT, FR","FM-12","99999","V020","210,1,N,0072,1","99999,9,9,N","999999,9,N,9","+0066,1","+0064,1","99999,9",,"2,000",,,,,,,,,
"07382099999","1990-11-19T18:00:00","4","46.65","4.433","603.0","MONT SAINT VINCENT, FR","FM-12","99999","V020","260,1,N,0087,1","99999,9,9,N","999999,9,N,9","+0072,1","+0070,1","99999,9","99,0090,9,1","0,000",,,,"999,M,+0073,1",,,,"SYN011333   10073",
"07382099999","1990-11-20T06:00:00","4","46.65","4.433","603.0","MONT SAINT VINCENT, FR","FM-12","99999","V020","230,1,N,0098,1","99999,9,9,N","999999,9,N,9","+0077,1","+0075,1","99999,9","99,0010,9,1","0,000",,,"999,+0060,9","999,N,+0055,1",,,,"SYN017333   20055 3/006",
"07382099999","1990-11-20T09:00:00","4","46.65","4.433","603.0","MONT SAINT VINCENT, FR","FM-12","99999","V020","220,1,N,0098,1","99999,9,9,N","999999,9,N,9","+0094,1","+0078,1","99999,9",,"2,000",,,,,,,,,
"07382099999","1990-11-20T12:00:00","4","46.65","4.433","603.0","MONT SAINT VINCENT, FR","FM-12","99999","V020","220,1,N,0118,1","99999,9,9,N","999999,9,N,9","+0095,1","+0087,1","99999,9","06,0005,9,1","0,000",,,,,,,,,
"07382099999","1990-11-20T15:00:00","4","46.65","4.433","603.0","MONT SAINT VINCENT, FR","FM-12","99999","V020","230,1,N,0108,1","99999,9,9,N","999999,9,N,9","+0089,1","+0087,1","99999,9",,"2,000",,,,,,,,,
"07382099999","1990-11-20T18:00:00","4","46.65","4.433","603.0","MONT SAINT VINCENT, FR","FM-12","99999","V020","250,1,N,0108,1","99999,9,9,N","999999,9,N,9","+0089,1","+0087,1","99999,9","99,0040,9,1","0,000",,,,"999,M,+0104,1",,,,"SYN011333   10104",
"07382099999","1990-11-21T06:00:00","4","46.65","4.433","603.0","MONT SAINT VINCENT, FR","FM-12","99999","V020","260,1,N,0041,1","99999,9,9,N","999999,9,N,9","+0040,1","+0038,1","99999,9","99,0050,9,1","0,000",,,"999,+0040,9","999,N,+0040,1",,,,"SYN017333   20040 3/004",
"07382099999","1990-11-21T09:00:00","4","46.65","4.433","603.0","MONT SAINT VINCENT, FR","FM-12","99999","V020","230,1,N,0041,1","99999,9,9,N","999999,9,N,9","+0046,1","+0044,1","99999,9",,"2,000",,,,,,,,,
"07382099999","1990-11-21T12:00:00","4","46.65","4.433","603.0","MONT SAINT VINCENT, FR","FM-12","99999","V020","180,1,N,0021,1","99999,9,9,N","999999,9,N,9","+0047,1","+0035,1","99999,9","06,0000,9,1","4,000",,,,,,,,,
"07382099999","1990-11-21T15:00:00","4","46.65","4.433","603.0","MONT SAINT VINCENT, FR","FM-12","99999","V020","090,1,N,0010,1","99999,9,9,N","999999,9,N,9","+0047,1","+0042,1","99999,9",,"2,000",,,,,,,,,
"07382099999","1990-11-21T18:00:00","4","46.65","4.433","603.0","MONT SAINT VINCENT, FR","FM-12","99999","V020","100,1,N,0041,1","99999,9,9,N","999999,9,N,9","+0044,1","+0042,1","99999,9","06,0000,9,1","4,000",,,,"999,M,+0051,1",,,,"SYN011333   10051",
"07382099999","1990-11-22T06:00:00","4","46.65","4.433","603.0","MONT SAINT VINCENT, FR","FM-12","99999","V020","080,1,N,0051,1","99999,9,9,N","999999,9,N,9","+0020,1","+0018,1","99999,9","99,0020,9,1","0,000",,,"999,+0020,9","999,N,+0020,1",,,,"SYN017333   20020 3/002",
"07382099999","1990-11-22T09:00:00","4","46.65","4.433","603.0","MONT SAINT VINCENT, FR","FM-12","99999","V020","050,1,N,0041,1","99999,9,9,N","999999,9,N,9","+0037,1","+0035,1","99999,9",,"2,000",,,,,,,,,
"07382099999","1990-11-22T15:00:00","4","46.65","4.433","603.0","MONT SAINT VINCENT, FR","FM-12","99999","V020","060,1,N,0051,1","99999,9,9,N","999999,9,N,9","+0035,1","+0030,1","99999,9",,"2,000",,,,,,,,,
"07382099999","1990-11-22T18:00:00","4","46.65","4.433","603.0","MONT SAINT VINCENT, FR","FM-12","99999","V020","030,1,N,0021,1","99999,9,9,N","999999,9,N,9","+0032,1","+0030,1","99999,9","99,0010,9,1","0,000",,,,"999,M,+0044,1",,,,"SYN011333   10044",
"07382099999","1990-11-23T06:00:00","4","46.65","4.433","603.0","MONT SAINT VINCENT, FR","FM-12","99999","V020","290,1,N,0062,1","99999,9,9,N","999999,9,N,9","+0017,1","+0015,1","99999,9","99,0050,9,1","0,000",,,"999,+0020,9","999,N,+0017,1",,,,"SYN017333   20017 3/002",
"07382099999","1990-11-23T09:00:00","4","46.65","4.433","603.0","MONT SAINT VINCENT, FR","FM-12","99999","V020","290,1,N,0062,1","99999,9,9,N","999999,9,N,9","+0016,1","+0014,1","99999,9",,"2,000",,,,,,,,,
"07382099999","1990-11-23T12:00:00","4","46.65","4.433","603.0","MONT SAINT VINCENT, FR","FM-12","99999","V020","270,1,N,0072,1","99999,9,9,N","999999,9,N,9","+0012,1","+0010,1","99999,9","06,0000,9,1","4,000",,,,,,,,,
"07382099999","1990-11-23T15:00:00","4","46.65","4.433","603.0","MONT SAINT VINCENT, FR","FM-12","99999","V020","240,1,N,0021,1","99999,9,9,N","999999,9,N,9","+0014,1","+0012,1","99999,9",,"2,000",,,,,,,,,
"07382099999","1990-11-24T09:00:00","4","46.65","4.433","603.0","MONT SAINT VINCENT, FR","FM-12","99999","V020","999,9,9,9999,9","99999,9,9,N","999999,9,N,9","+9999,9","+9999,9","99999,9",,"2,000",,,,,,,,,
"07382099999","1990-11-24T12:00:00","4","46.65","4.433","603.0","MONT SAINT VINCENT, FR","FM-12","99999","V020","210,1,N,0087,1","99999,9,9,N","999999,9,N,9","+0061,1","+0029,1","99999,9","06,0030,9,1","0,000",,,,,,,,,
"07382099999","1990-11-24T15:00:00","4","46.65","4.433","603.0","MONT SAINT VINCENT, FR","FM-12","99999","V020","160,1,N,0108,1","99999,9,9,N","999999,9,N,9","+0062,1","+0033,1","99999,9",,"2,000",,,,,,,,,
"07382099999","1990-11-24T18:00:00","4","46.65","4.433","603.0","MONT SAINT VINCENT, FR","FM-12","99999","V020","190,1,N,0087,1","99999,9,9,N","999999,9,N,9","+0042,1","+0037,1","99999,9","99,0040,9,1","0,000",,,,"999,M,+0081,1",,,,"SYN011333   10081",
"07382099999","1990-11-25T09:00:00","4","46.65","4.433","603.0","MONT SAINT VINCENT, FR","FM-12","99999","V020","200,1,N,0041,1","99999,9,9,N","999999,9,N,9","+0023,1","+9999,9","99999,9",,"2,000",,,,,,,,,
"07382099999","1990-11-25T12:00:00","4","46.65","4.433","603.0","MONT SAINT VINCENT, FR","FM-12","99999","V020","999,9,9,9999,9","99999,9,9,N","999999,9,N,9","+9999,9","+9999,9","99999,9","06,0000,9,1","4,000",,,,,,,,,
"07382099999","1990-11-26T06:00:00","4","46.65","4.433","603.0","MONT SAINT VINCENT, FR","FM-12","99999","V020","160,1,N,0051,1","99999,9,9,N","999999,9,N,9","+0018,1","+0016,1","99999,9","99,0010,9,1","0,000",,,"999,-0010,9","999,N,+0005,1",,,,"SYN017333   20005 3/101",
"07382099999","1990-11-26T09:00:00","4","46.65","4.433","603.0","MONT SAINT VINCENT, FR","FM-12","99999","V020","220,1,N,0072,1","99999,9,9,N","999999,9,N,9","+0035,1","+0015,1","99999,9",,"2,000",,,,,,,,,
"07382099999","1990-11-26T12:00:00","4","46.65","4.433","603.0","MONT SAINT VINCENT, FR","FM-12","99999","V020","240,1,N,0087,1","99999,9,9,N","999999,9,N,9","+0064,1","+0022,1","99999,9","06,0003,9,1","0,000",,,,,,,,,
"07382099999","1990-11-26T15:00:00","4","46.65","4.433","603.0","MONT SAINT VINCENT, FR","FM-12","99999","V020","260,1,N,0051,1","99999,9,9,N","999999,9,N,9","+0066,1","+0017,1","99999,9",,"2,000",,,,,,,,,
"07382099999","1990-11-26T18:00:00","4","46.65","4.433","603.0","MONT SAINT VINCENT, FR","FM-12","99999","V020","260,1,N,0041,1","99999,9,9,N","999999,9,N,9","+0026,1","+0006,1","99999,9","99,0003,9,1","0,000",,,,"999,M,+0073,1",,,,"SYN011333   10073",
"07382099999","1990-11-27T06:00:00","4","46.65","4.433","603.0","MONT SAINT VINCENT, FR","FM-12","99999","V020","070,1,N,0051,1","99999,9,9,N","999999,9,N,9","+0016,1","+0014,1","99999,9","06,0000,9,1","4,000",,,"999,-0040,9","999,N,+0012,1",,,,"SYN017333   20012 3/104",
"07382099999","1990-11-27T09:00:00","4","46.65","4.433","603.0","MONT SAINT VINCENT, FR","FM-12","99999","V020","040,1,N,0041,1","99999,9,9,N","999999,9,N,9","+0029,1","+0017,1","99999,9",,"2,000",,,,,,,,,
"07382099999","1990-11-27T12:00:00","4","46.65","4.433","603.0","MONT SAINT VINCENT, FR","FM-12","99999","V020","350,1,N,0021,1","99999,9,9,N","999999,9,N,9","+0053,1","+0026,1","99999,9","06,0003,9,1","0,000",,,,,,,,,
"07382099999","1990-11-27T15:00:00","4","46.65","4.433","603.0","MONT SAINT VINCENT, FR","FM-12","99999","V020","040,1,N,0062,1","99999,9,9,N","999999,9,N,9","+0051,1","+0008,1","99999,9",,"2,000",,,,,,,,,
"07382099999","1990-11-28T06:00:00","4","46.65","4.433","603.0","MONT SAINT VINCENT, FR","FM-12","99999","V020","020,1,N,0062,1","99999,9,9,N","999999,9,N,9","+0006,1","+0000,1","99999,9","06,0000,9,1","4,000",,,"999,+0000,9","999,N,+0005,1",,,,"SYN017333   20005 3/100",
"07382099999","1990-11-28T09:00:00","4","46.65","4.433","603.0","MONT SAINT VINCENT, FR","FM-12","99999","V020","010,1,N,0051,1","99999,9,9,N","999999,9,N,9","+0000,1","-0001,1","99999,9",,"2,000",,,,,,,,,
"07382099999","1990-11-28T12:00:00","4","46.65","4.433","603.0","MONT SAINT VINCENT, FR","FM-12","99999","V020","050,1,N,0062,1","99999,9,9,N","999999,9,N,9","+0012,1","+0010,1","99999,9","06,0000,9,1","4,000",,,,,,,,,
"07382099999","1990-11-28T18:00:00","4","46.65","4.433","603.0","MONT SAINT VINCENT, FR","FM-12","99999","V020","040,1,N,0041,1","99999,9,9,N","999999,9,N,9","+0006,1","+0004,1","99999,9","99,9999,2,9","0,000",,,,"999,M,+0014,1",,,,"SYN011333   10014",
"07382099999","1990-11-29T06:00:00","4","46.65","4.433","603.0","MONT SAINT VINCENT, FR","FM-12","99999","V020","050,1,N,0051,1","99999,9,9,N","999999,9,N,9","-0004,1","-0005,1","99999,9","06,0000,9,1","4,000",,,"999,-0010,9","999,N,-0004,1",,,,"SYN017333   21004 3/101",
"07382099999","1990-11-29T12:00:00","4","46.65","4.433","603.0","MONT SAINT VINCENT, FR","FM-12","99999","V020","030,1,N,0010,1","99999,9,9,N","999999,9,N,9","+0017,1","+0006,1","99999,9","06,0000,9,1","4,000",,,,,,,,,
"07382099999","1990-11-29T15:00:00","4","46.65","4.433","603.0","MONT SAINT VINCENT, FR","FM-12","99999","V020","330,1,N,0021,1","99999,9,9,N","999999,9,N,9","+0021,1","+0007,1","99999,9",,"2,000",,,,,,,,,
"07382099999","1990-11-29T18:00:00","4","46.65","4.433","603.0","MONT SAINT VINCENT, FR","FM-12","99999","V020","350,1,N,0031,1","99999,9,9,N","999999,9,N,9","+0005,1","+0002,1","99999,9","06,0000,9,1","4,000",,,,"999,M,+0026,1",,,,"SYN011333   10026",
"07382099999","1990-11-30T06:00:00","4","46.65","4.433","603.0","MONT SAINT VINCENT, FR","FM-12","99999","V020","350,1,N,0031,1","99999,9,9,N","999999,9,N,9","-0008,1","-0009,1","99999,9","06,0000,9,1","4,000",,,"999,-0010,9","999,N,-0008,1",,,,"SYN017333   21008 3/101",
"07382099999","1990-11-30T12:00:00","4","46.65","4.433","603.0","MONT SAINT VINCENT, FR","FM-12","99999","V020","999,9,9,9999,9","99999,9,9,N","999999,9,N,9","+9999,9","+9999,9","99999,9","06,0000,9,1","4,000",,,,,,,,,
"07382099999","1990-11-30T18:00:00","4","46.65","4.433","603.0","MONT SAINT VINCENT, FR","FM-12","99999","V020","010,1,N,0051,1","99999,9,9,N","999999,9,N,9","-0002,1","-0013,1","99999,9","99,0005,9,1","0,000",,,,"999,M,+0005,1",,,,"SYN011333   10005",
"07382099999","1990-12-02T06:00:00","4","46.65","4.433","603.0","MONT SAINT VINCENT, FR","FM-12","99999","V020","030,1,N,0031,1","99999,9,9,N","999999,9,N,9","-0028,1","-0034,1","99999,9","06,0000,9,1","4,000",,,"999,-0050,9","999,N,-0037,1",,,,"SYN017333   21037 3/105",
"07382099999","1990-12-02T09:00:00","4","46.65","4.433","603.0","MONT SAINT VINCENT, FR","FM-12","99999","V020","360,1,N,0031,1","99999,9,9,N","999999,9,N,9","-0019,1","-0021,1","99999,9",,"2,000",,,,,,,,,
"07382099999","1990-12-02T12:00:00","4","46.65","4.433","603.0","MONT SAINT VINCENT, FR","FM-12","99999","V020","360,1,N,0051,1","99999,9,9,N","999999,9,N,9","+0009,1","-0001,1","99999,9","06,0000,9,1","4,000",,,,,,,,,
"07382099999","1990-12-02T15:00:00","4","46.65","4.433","603.0","MONT SAINT VINCENT, FR","FM-12","99999","V020","360,1,N,0041,1","99999,9,9,N","999999,9,N,9","+0011,1","+0003,1","99999,9",,"2,000",,,,,,,,,
"07382099999","1990-12-02T18:00:00","4","46.65","4.433","603.0","MONT SAINT VINCENT, FR","FM-12","99999","V020","040,1,N,0051,1","99999,9,9,N","999999,9,N,9","+0002,1","+0000,1","99999,9","06,0000,9,1","4,000",,,,"999,M,+0021,1",,,,"SYN011333   10021",
"07382099999","1990-12-03T06:00:00","4","46.65","4.433","603.0","MONT SAINT VINCENT, FR","FM-12","99999","V020","040,1,N,0082,1","99999,9,9,N","999999,9,N,9","-0007,1","-0008,1","99999,9","99,0003,9,1","0,000",,,"999,-0010,9","999,N,-0007,1",,,,"SYN017333   21007 3/101",
"07382099999","1990-12-03T09:00:00","4","46.65","4.433","603.0","MONT SAINT VINCENT, FR","FM-12","99999","V020","050,1,N,0072,1","99999,9,9,N","999999,9,N,9","+0005,1","+0003,1","99999,9",,"2,000",,,,,,,,,
"07382099999","1990-12-03T12:00:00","4","46.65","4.433","603.0","MONT SAINT VINCENT, FR","FM-12","99999","V020","050,1,N,0072,1","99999,9,9,N","999999,9,N,9","+0034,1","+0004,1","99999,9","06,0000,9,1","4,000",,,,,,,,,
"07382099999","1990-12-03T15:00:00","4","46.65","4.433","603.0","MONT SAINT VINCENT, FR","FM-12","99999","V020","060,1,N,0051,1","99999,9,9,N","999999,9,N,9","+0018,1","+0003,1","99999,9",,"2,000",,,,,,,,,
"07382099999","1990-12-04T06:00:00","4","46.65","4.433","603.0","MONT SAINT VINCENT, FR","FM-12","99999","V020","050,1,N,0041,1","99999,9,9,N","999999,9,N,9","+0000,1","-0005,1","99999,9","06,0000,9,1","4,000",,,"999,-0020,9","999,N,-0002,1",,,,"SYN017333   21002 3/102",
"07382099999","1990-12-05T09:00:00","4","46.65","4.433","603.0","MONT SAINT VINCENT, FR","FM-12","99999","V020","020,1,N,0031,1","99999,9,9,N","999999,9,N,9","+0007,1","+0005,1","99999,9",,"2,000",,,,,,,,,
"07382099999","1990-12-05T18:00:00","4","46.65","4.433","603.0","MONT SAINT VINCENT, FR","FM-12","99999","V020","999,9,9,9999,9","99999,9,9,N","999999,9,N,9","+9999,9","+9999,9","99999,9","06,0000,9,1","4,000",,,,"999,M,+0030,1",,,,"SYN011333   10030",
"07382099999","1990-12-06T06:00:00","4","46.65","4.433","603.0","MONT SAINT VINCENT, FR","FM-12","99999","V020","050,1,N,0108,1","99999,9,9,N","999999,9,N,9","-0033,1","-0070,1","99999,9","06,0000,9,1","4,000",,,"999,-0050,9","999,N,-0035,1",,,,"SYN017333   21035 3/105",
"07382099999","1990-12-06T09:00:00","4","46.65","4.433","603.0","MONT SAINT VINCENT, FR","FM-12","99999","V020","060,1,N,0108,1","99999,9,9,N","999999,9,N,9","-0017,1","-0066,1","99999,9",,"2,000",,,,,,,,,
"07382099999","1990-12-06T12:00:00","4","46.65","4.433","603.0","MONT SAINT VINCENT, FR","FM-12","99999","V020","999,9,9,9999,9","99999,9,9,N","999999,9,N,9","+9999,9","+9999,9","99999,9","06,9999,2,9","0,000",,,,,,,,,
"07382099999","1990-12-06T15:00:00","4","46.65","4.433","603.0","MONT SAINT VINCENT, FR","FM-12","99999","V020","050,1,N,0082,1","99999,9,9,N","999999,9,N,9","-0015,1","-0068,1","99999,9",,"2,000",,,,,,,,,
"07382099999","1990-12-06T18:00:00","4","46.65","4.433","603.0","MONT SAINT VINCENT, FR","FM-12","99999","V020","999,9,9,9999,9","99999,9,9,N","999999,9,N,9","+9999,9","+9999,9","99999,9","99,9999,2,9","0,000",,,,"999,M,+0001,1",,,,"SYN011333   10001",
"07382099999","1990-12-07T06:00:00","4","46.65","4.433","603.0","MONT SAINT VINCENT, FR","FM-12","99999","V020","100,1,N,0021,1","99999,9,9,N","999999,9,N,9","-0070,1","-0079,1","99999,9","06,0000,9,1","4,000",,,"999,-0090,9","999,N,-0070,1",,,,"SYN017333   21070 3/109",
"07382099999","1990-12-07T09:00:00","4","46.65","4.433","603.0","MONT SAINT VINCENT, FR","FM-12","99999","V020","100,1,N,0031,1","99999,9,9,N","999999,9,N,9","-0050,1","-0060,1","99999,9",,"2,000",,,,,,,,,
"07382099999","1990-12-07T15:00:00","4","46.65","4.433","603.0","MONT SAINT VINCENT, FR","FM-12","99999","V020","100,1,N,0051,1","99999,9,9,N","999999,9,N,9","-0027,1","-0050,1","99999,9",,"2,000",,,,,,,,,
"07382099999","1990-12-07T18:00:00","4","46.65","4.433","603.0","MONT SAINT VINCENT, FR","FM-12","99999","V020","160,1,N,0041,1","99999,9,9,N","999999,9,N,9","-0037,1","-0060,1","99999,9","06,0000,9,1","4,000",,,,"999,M,-0015,1",,,,"SYN011333   11015",
"07382099999","1990-12-08T06:00:00","4","46.65","4.433","603.0","MONT SAINT VINCENT, FR","FM-12","99999","V020","200,1,N,0062,1","99999,9,9,N","999999,9,N,9","+0007,1","-0095,1","99999,9","06,0000,9,1","4,000",,,"999,-0060,9","999,N,-0036,1",,,,"SYN017333   21036 3/106",
"07382099999","1990-12-08T09:00:00","4","46.65","4.433","603.0","MONT SAINT VINCENT, FR","FM-12","99999","V020","210,1,N,0072,1","99999,9,9,N","999999,9,N,9","+0023,1","-0067,1","99999,9",,"2,000",,,,,,,,,
"07382099999","1990-12-08T12:00:00","4","46.65","4.433","603.0","MONT SAINT VINCENT, FR","FM-12","99999","V020","260,1,N,0072,1","99999,9,9,N","999999,9,N,9","+0022,1","-0014,1","99999,9","06,0000,9,1","4,000",,,,,,,,,
"07382099999","1990-12-08T15:00:00","4","46.65","4.433","603.0","MONT SAINT VINCENT, FR","FM-12","99999","V020","280,1,N,0062,1","99999,9,9,N","999999,9,N,9","+0011,1","-0002,1","99999,9",,"2,000",,,,,,,,,
"07382099999","1990-12-08T18:00:00","4","46.65","4.433","603.0","MONT SAINT VINCENT, FR","FM-12","99999","V020","999,9,9,9999,9","99999,9,9,N","999999,9,N,9","+9999,9","+9999,9","99999,9","99,9999,2,9","0,000",,,,"999,M,+0026,1",,,,"SYN011333   10026",
"07382099999","1990-12-09T06:00:00","4","46.65","4.433","603.0","MONT SAINT VINCENT, FR","FM-12","99999","V020","320,1,N,0031,1","99999,9,9,N","999999,9,N,9","-0015,1","-0016,1","99999,9","06,0000,9,1","4,000",,,"999,-0010,9","999,N,-0016,1",,,,"SYN017333   21016 3/101",
"07382099999","1990-12-09T09:00:00","4","46.65","4.433","603.0","MONT SAINT VINCENT, FR","FM-12","99999","V020","999,1,C,0000,1","99999,9,9,N","999999,9,N,9","-0014,1","-0015,1","99999,9",,"2,000",,,,,,,,,
"07382099999","1990-12-09T12:00:00","4","46.65","4.433","603.0","MONT SAINT VINCENT, FR","FM-12","99999","V020","310,1,N,0031,1","99999,9,9,N","999999,9,N,9","-0010,1","-0011,1","99999,9","06,0000,9,1","4,000",,,,,,,,,
"07382099999","1990-12-09T15:00:00","4","46.65","4.433","603.0","MONT SAINT VINCENT, FR","FM-12","99999","V020","320,1,N,0031,1","99999,9,9,N","999999,9,N,9","-0013,1","-0014,1","99999,9",,"2,000",,,,,,,,,
"07382099999","1990-12-09T18:00:00","4","46.65","4.433","603.0","MONT SAINT VINCENT, FR","FM-12","99999","V020","310,1,N,0041,1","99999,9,9,N","999999,9,N,9","-0014,1","-0015,1","99999,9","06,0000,9,1","4,000",,,,"999,M,-0010,1",,,,"SYN011333   11010",
"07382099999","1990-12-10T06:00:00","4","46.65","4.433","603.0","MONT SAINT VINCENT, FR","FM-12","99999","V020","280,1,N,0051,1","99999,9,9,N","999999,9,N,9","-0029,1","-0030,1","99999,9","06,0000,9,1","4,000",,,"999,-0010,9","999,N,-0029,1",,,,"SYN017333   21029 3/101",
"07382099999","1990-12-10T09:00:00","4","46.65","4.433","603.0","MONT SAINT VINCENT, FR","FM-12","99999","V020","270,1,N,0051,1","99999,9,9,N","999999,9,N,9","-0032,1","-0033,1","99999,9",,"2,000",,,,,,,,,
"07382099999","1990-12-10T15:00:00","4","46.65","4.433","603.0","MONT SAINT VINCENT, FR","FM-12","99999","V020","280,1,N,0051,1","99999,9,9,N","999999,9,N,9","-0034,1","-0035,1","99999,9",,"2,000",,,,,,,,,
"07382099999","1990-12-10T18:00:00","4","46.65","4.433","603.0","MONT SAINT VINCENT, FR","FM-12","99999","V020","270,1,N,0062,1","99999,9,9,N","999999,9,N,9","-0032,1","-0033,1","99999,9","06,0000,9,1","4,000",,,,"999,M,-0029,1",,,,"SYN011333   11029",
"07382099999","1990-12-11T06:00:00","4","46.65","4.433","603.0","MONT SAINT VINCENT, FR","FM-12","99999","V020","040,1,N,0021,1","99999,9,9,N","999999,9,N,9","-0041,1","-0042,1","99999,9","06,0000,9,1","4,000",,,"999,+0000,9","999,N,-0042,1",,,,"SYN017333   21042 3/100",
"07382099999","1990-12-11T09:00:00","4","46.65","4.433","603.0","MONT SAINT VINCENT, FR","FM-12","99999","V020","999,9,9,9999,9","99999,9,9,N","999999,9,N,9","+9999,9","+9999,9","99999,9",,"2,000",,,,,,,,,
"07382099999","1990-12-11T12:00:00","4","46.65","4.433","603.0","MONT SAINT VINCENT, FR","FM-12","99999","V020","999,1,C,0000,1","99999,9,9,N","999999,9,N,9","-0024,1","-0025,1","99999,9","06,0000,9,1","4,000",,,,,,,,,
"07382099999","1990-12-11T18:00:00","4","46.65","4.433","603.0","MONT SAINT VINCENT, FR","FM-12","99999","V020","999,9,9,9999,9","99999,9,9,N","999999,9,N,9","+9999,9","+9999,9","99999,9","99,9999,2,9","0,000",,,,"999,M,-0022,1",,,,"SYN011333   11022",
"07382099999","1990-12-12T06:00:00","4","46.65","4.433","603.0","MONT SAINT VINCENT, FR","FM-12","99999","V020","999,1,C,0000,1","99999,9,9,N","999999,9,N,9","-0012,1","-0013,1","99999,9","06,0000,9,1","4,000",,,"999,+0000,9","999,N,-0052,1",,,,"SYN017333   21052 3/100",
"07382099999","1990-12-12T09:00:00","4","46.65","4.433","603.0","MONT SAINT VINCENT, FR","FM-12","99999","V020","999,9,9,9999,9","99999,9,9,N","999999,9,N,9","+9999,9","+9999,9","99999,9",,"2,000",,,,,,,,,
"07382099999","1990-12-13T06:00:00","4","46.65","4.433","603.0","MONT SAINT VINCENT, FR","FM-12","99999","V020","090,1,N,0031,1","99999,9,9,N","999999,9,N,9","+0098,1","+0091,1","99999,9","06,0000,9,1","4,000",,,"999,+0090,9","999,N,+0096,1",,,,"SYN017333   20096 3/009",
"07382099999","1990-12-13T09:00:00","4","46.65","4.433","603.0","MONT SAINT VINCENT, FR","FM-12","99999","V020","999,9,9,9999,9","99999,9,9,N","999999,9,N,9","+9999,9","+9999,9","99999,9",,"2,000",,,,,,,,,
"07382099999","1990-12-14T06:00:00","4","46.65","4.433","603.0","MONT SAINT VINCENT, FR","FM-12","99999","V020","230,1,N,0010,1","99999,9,9,N","999999,9,N,9","+0144,1","+0124,1","99999,9","06,0000,9,1","4,000",,,"999,+0080,9","999,N,+0135,1",,,,"SYN017333   20135 3/008",
"07382099999","1990-12-14T09:00:00","4","46.65","4.433","603.0","MONT SAINT VINCENT, FR","FM-12","99999","V020","999,9,9,9999,9","99999,9,9,N","999999,9,N,9","+9999,9","+9999,9","99999,9",,"2,000",,,,,,,,,
"07382099999","1990-12-15T06:00:00","4","46.65","4.433","603.0","MONT SAINT VINCENT, FR","FM-12","99999","V020","280,1,N,0031,1","99999,9,9,N","999999,9,N,9","+0139,1","+9999,9","99999,9","06,0000,9,1","4,000",,,"999,+0140,9","999,N,+0137,1",,,,"SYN017333   20137 3/014",
"07382099999","1990-12-15T09:00:00","4","46.65","4.433","603.0","MONT SAINT VINCENT, FR","FM-12","99999","V020","999,9,9,9999,9","99999,9,9,N","999999,9,N,9","+9999,9","+9999,9","99999,9",,"2,000",,,,,,,,,
"07382099999","1990-12-16T06:00:00","4","46.65","4.433","603.0","MONT SAINT VINCENT, FR","FM-12","99999","V020","070,1,N,0041,1","99999,9,9,N","999999,9,N,9","+0099,1","+0092,1","99999,9","06,0000,9,1","4,000",,,"999,+0090,9","999,N,+0096,1",,,,"SYN017333   20096 3/009",
"07382099999","1990-12-16T09:00:00","4","46.65","4.433","603.0","MONT SAINT VINCENT, FR","FM-12","99999","V020","999,9,9,9999,9","99999,9,9,N","999999,9,N,9","+9999,9","+9999,9","99999,9",,"2,000",,,,,,,,,
"07382099999","1990-12-17T06:00:00","4","46.65","4.433","603.0","MONT SAINT VINCENT, FR","FM-12","99999","V020","260,1,N,0021,1","99999,9,9,N","999999,9,N,9","+0118,1","+0113,1","99999,9","06,0000,9,1","4,000",,,"999,+0050,9","999,N,+0113,1",,,,"SYN017333   20113 3/005",
"07382099999","1990-12-17T09:00:00","4","46.65","4.433","603.0","MONT SAINT VINCENT, FR","FM-12","99999","V020","999,9,9,9999,9","99999,9,9,N","999999,9,N,9","+9999,9","+9999,9","99999,9",,"2,000",,,,,,,,,
"07382099999","1990-12-18T06:00:00","4","46.65","4.433","603.0","MONT SAINT VINCENT, FR","FM-12","99999","V020","290,1,N,0021,1","99999,9,9,N","999999,9,N,9","+0128,1","+0082,1","99999,9","06,0000,9,1","4,000",,,"999,+0100,9","999,N,+0122,1",,,,"SYN017333   20122 3/010",
"07382099999","1990-12-18T09:00:00","4","46.65","4.433","603.0","MONT SAINT VINCENT, FR","FM-12","99999","V020","100,1,N,0021,1","99999,9,9,N","999999,9,N,9","-0020,2","-0040,2","99999,9",,"2,000",,,,,,,,,"Q01+027123ATOT  Q02+026923ATOD  "
"07382099999","1990-12-18T12:00:00","4","46.65","4.433","603.0","MONT SAINT VINCENT, FR","FM-12","99999","V020","999,9,9,9999,9","99999,9,9,N","999999,9,N,9","+9999,9","+9999,9","99999,9","06,9999,2,9","0,000",,,,,,,,,
"07382099999","1990-12-19T06:00:00","4","46.65","4.433","603.0","MONT SAINT VINCENT, FR","FM-12","99999","V020","240,1,N,0031,1","99999,9,9,N","999999,9,N,9","+0120,1","+0073,1","99999,9","06,0000,9,1","4,000",,,"999,+0080,9","999,N,+0103,1",,,,"SYN017333   20103 3/008",
"07382099999","1990-12-19T09:00:00","4","46.65","4.433","603.0","MONT SAINT VINCENT, FR","FM-12","99999","V020","999,9,9,9999,9","99999,9,9,N","999999,9,N,9","+9999,9","+9999,9","99999,9",,"2,000",,,,,,,,,
"07382099999","1990-12-19T15:00:00","4","46.65","4.433","603.0","MONT SAINT VINCENT, FR","FM-12","99999","V020","280,1,N,0062,1","99999,9,9,N","999999,9,N,9","-0040,1","+9999,9","99999,9",,"2,000",,,,,,,,,
"07382099999","1990-12-19T18:00:00","4","46.65","4.433","603.0","MONT SAINT VINCENT, FR","FM-12","99999","V020","999,9,9,9999,9","99999,9,9,N","999999,9,N,9","+9999,9","+9999,9","99999,9","99,9999,2,9","0,000",,,,"999,M,-0027,1",,,,"SYN011333   11027",
"07382099999","1990-12-20T06:00:00","4","46.65","4.433","603.0","MONT SAINT VINCENT, FR","FM-12","99999","V020","300,1,N,0021,1","99999,9,9,N","999999,9,N,9","+0114,1","+0080,1","99999,9","06,0000,9,1","4,000",,,"999,+0070,9","999,N,+0108,1",,,,"SYN017333   20108 3/007",
"07382099999","1990-12-20T09:00:00","4","46.65","4.433","603.0","MONT SAINT VINCENT, FR","FM-12","99999","V020","999,9,9,9999,9","99999,9,9,N","999999,9,N,9","+9999,9","+9999,9","99999,9",,"2,000",,,,,,,,,
"07382099999","1990-12-21T06:00:00","4","46.65","4.433","603.0","MONT SAINT VINCENT, FR","FM-12","99999","V020","250,1,N,0118,1","99999,9,9,N","999999,9,N,9","+0088,1","+9999,9","99999,9","06,0000,9,1","4,000",,,"999,+0090,9","999,N,+0088,1",,,,"SYN017333   20088 3/009",
"07382099999","1990-12-21T12:00:00","4","46.65","4.433","603.0","MONT SAINT VINCENT, FR","FM-12","99999","V020","999,9,9,9999,9","99999,9,9,N","999999,9,N,9","+9999,9","+9999,9","99999,9","06,9999,2,9","0,000",,,,,,,,,
"07382099999","1990-12-22T06:00:00","4","46.65","4.433","603.0","MONT SAINT VINCENT, FR","FM-12","99999","V020","250,1,N,0072,1","99999,9,9,N","999999,9,N,9","+0016,1","+9999,9","99999,9","99,0003,9,1","0,000",,,"999,+0000,9","999,N,+0006,1",,,,"SYN017333   20006 3/100",
"07382099999","1990-12-22T09:00:00","4","46.65","4.433","603.0","MONT SAINT VINCENT, FR","FM-12","99999","V020","999,9,9,9999,9","99999,9,9,N","999999,9,N,9","+9999,9","+9999,9","99999,9",,"2,000",,,,,,,,,
"07382099999","1990-12-23T06:00:00","4","46.65","4.433","603.0","MONT SAINT VINCENT, FR","FM-12","99999","V020","100,1,N,0031,1","99999,9,9,N","999999,9,N,9","+0015,1","+9999,9","99999,9","99,0005,9,1","0,000",,,"999,+0000,9","999,N,+0015,1",,,,"SYN017333   20015 3/100",
"07382099999","1990-12-23T09:00:00","4","46.65","4.433","603.0","MONT SAINT VINCENT, FR","FM-12","99999","V020","999,9,9,9999,9","99999,9,9,N","999999,9,N,9","+9999,9","+9999,9","99999,9",,"2,000",,,,,,,,,
"07382099999","1990-12-23T18:00:00","4","46.65","4.433","603.0","MONT SAINT VINCENT, FR","FM-12","99999","V020","080,1,N,0021,1","99999,9,9,N","999999,9,N,9","-0008,1","+9999,9","99999,9","06,0000,9,1","4,000",,,,"999,M,+0015,1",,,,"SYN011333   10015",
"07382099999","1990-12-24T06:00:00","4","46.65","4.433","603.0","MONT SAINT VINCENT, FR","FM-12","99999","V020","280,1,N,0021,1","99999,9,9,N","999999,9,N,9","+0044,1","-0003,1","99999,9","99,0003,9,1","0,000",,,"999,-0010,9","999,N,-0009,1",,,,"SYN017333   21009 3/101",
"07382099999","1990-12-24T09:00:00","4","46.65","4.433","603.0","MONT SAINT VINCENT, FR","FM-12","99999","V020","999,9,9,9999,9","99999,9,9,N","999999,9,N,9","+9999,9","+9999,9","99999,9",,"2,000",,,,,,,,,
"07382099999","1990-12-24T15:00:00","4","46.65","4.433","603.0","MONT SAINT VINCENT, FR","FM-12","99999","V020","280,1,N,0062,1","99999,9,9,N","999999,9,N,9","-0005,1","-0014,1","99999,9",,"2,000",,,,,,,,,
"07382099999","1990-12-24T18:00:00","4","46.65","4.433","603.0","MONT SAINT VINCENT, FR","FM-12","99999","V020","290,1,N,0072,1","99999,9,9,N","999999,9,N,9","-0004,1","-0005,1","99999,9","06,0000,9,1","4,000",,,,"999,M,+0048,1",,,,"SYN011333   10048",
"07382099999","1990-12-25T06:00:00","4","46.65","4.433","603.0","MONT SAINT VINCENT, FR","FM-12","99999","V020","240,1,N,0041,1","99999,9,9,N","999999,9,N,9","+0016,1","+0014,1","99999,9","99,0005,9,1","0,000",,,"999,+0000,9","999,N,-0004,1",,,,"SYN017333   21004 3/100",
"07382099999","1990-12-25T09:00:00","4","46.65","4.433","603.0","MONT SAINT VINCENT, FR","FM-12","99999","V020","999,9,9,9999,9","99999,9,9,N","999999,9,N,9","+9999,9","+9999,9","99999,9",,"2,000",,,,,,,,,
"07382099999","1990-12-25T18:00:00","4","46.65","4.433","603.0","MONT SAINT VINCENT, FR","FM-12","99999","V020","200,1,N,0087,1","99999,9,9,N","999999,9,N,9","+0044,1","+0007,1","99999,9","06,0000,9,1","4,000",,,,"999,M,+0044,1",,,,"SYN011333   10044",
"07382099999","1990-12-26T06:00:00","4","46.65","4.433","603.0","MONT SAINT VINCENT, FR","FM-12","99999","V020","270,1,N,0087,1","99999,9,9,N","999999,9,N,9","+0008,1","+0006,1","99999,9","99,0080,9,1","0,000",,,"999,+0000,9","999,N,+0008,1",,,,"SYN017333   20008 3/000",
"07382099999","1990-12-26T09:00:00","4","46.65","4.433","603.0","MONT SAINT VINCENT, FR","FM-12","99999","V020","999,9,9,9999,9","99999,9,9,N","999999,9,N,9","+9999,9","+9999,9","99999,9",,"2,000",,,,,,,,,
"07382099999","1990-12-27T06:00:00","4","46.65","4.433","603.0","MONT SAINT VINCENT, FR","FM-12","99999","V020","270,1,N,0108,1","99999,9,9,N","999999,9,N,9","+0040,1","+0029,1","99999,9","99,0060,9,1","0,000",,,"999,+0020,9","999,N,+0024,1",,,,"SYN017333   20024 3/002",
"07382099999","1990-12-27T09:00:00","4","46.65","4.433","603.0","MONT SAINT VINCENT, FR","FM-12","99999","V020","999,9,9,9999,9","99999,9,9,N","999999,9,N,9","+9999,9","+9999,9","99999,9",,"2,000",,,,,,,,,
"07382099999","1990-12-28T06:00:00","4","46.65","4.433","603.0","MONT SAINT VINCENT, FR","FM-12","99999","V020","260,1,N,0051,1","99999,9,9,N","999999,9,N,9","+0006,1","+0004,1","99999,9","99,0003,9,1","0,000",,,"999,+0000,9","999,N,+0004,1",,,,"SYN017333   20004 3/100",
"07382099999","1990-12-28T09:00:00","4","46.65","4.433","603.0","MONT SAINT VINCENT, FR","FM-12","99999","V020","999,9,9,9999,9","99999,9,9,N","999999,9,N,9","+9999,9","+9999,9","99999,9",,"2,000",,,,,,,,,
"07382099999","1990-12-29T06:00:00","4","46.65","4.433","603.0","MONT SAINT VINCENT, FR","FM-12","99999","V020","230,1,N,0041,1","99999,9,9,N","999999,9,N,9","+0139,1","+0001,1","99999,9","06,0000,9,1","4,000",,,"999,+0070,9","999,N,+0106,1",,,,"SYN017333   20106 3/007",
"07382099999","1990-12-29T09:00:00","4","46.65","4.433","603.0","MONT SAINT VINCENT, FR","FM-12","99999","V020","999,9,9,9999,9","99999,9,9,N","999999,9,N,9","+9999,9","+9999,9","99999,9",,"2,000",,,,,,,,,
"07382099999","1990-12-30T06:00:00","4","46.65","4.433","603.0","MONT SAINT VINCENT, FR","FM-12","99999","V020","250,1,N,0072,1","99999,9,9,N","999999,9,N,9","+0087,1","+0059,1","99999,9","06,0000,9,1","4,000",,,"999,+0080,9","999,N,+0087,1",,,,"SYN017333   20087 3/008",
"07382099999","1990-12-30T09:00:00","4","46.65","4.433","603.0","MONT SAINT VINCENT, FR","FM-12","99999","V020","999,9,9,9999,9","99999,9,9,N","999999,9,N,9","+9999,9","+9999,9","99999,9",,"2,000",,,,,,,,,
"07382099999","1990-12-31T06:00:00","4","46.65","4.433","603.0","MONT SAINT VINCENT, FR","FM-12","99999","V020","150,1,N,0051,1","99999,9,9,N","999999,9,N,9","+0065,1","+0063,1","99999,9","99,0010,9,1","0,000",,,"999,+0060,9","999,N,+0065,1",,,,"SYN017333   20065 3/006",
"07382099999","1990-12-31T09:00:00","4","46.65","4.433","603.0","MONT SAINT VINCENT, FR","FM-12","99999","V020","999,9,9,9999,9","99999,9,9,N","999999,9,N,9","+9999,9","+9999,9","99999,9",,"2,000",,,,,,,,,
