"STATION","DATE","SOURCE","LATITUDE","LONGITUDE","ELEVATION","NAME","REPORT_TYPE","CALL_SIGN","QUALITY_CONTROL","WND","CIG","VIS","TMP","DEW","SLP","AA1","AA2","AA3","AG1","AJ1","AY1","GA1","GA2","GA3","GF1","GJ1","IA1","IA2","KA1","KA2","MA1","MD1","MW1","OA1","REM","EQD"
"07390099999","1990-01-01T00:00:00","4","46.6833333","5.5166666","279.0","LONS LE SAUNIER, FR","FM-12","99999","V020","999,1,C,0000,1","99999,9,9,N","999999,9,N,9","-0058,1","-0070,1","10222,1","06,0000,9,1",,,"4,000",,,,,,,"0000,9",,,,,,"4,1,000,1,+999,9",,"4,99,0010,1","SYN017333   91102 94000",
"07390099999","1990-01-01T06:00:00","4","46.6833333","5.5166666","279.0","LONS LE SAUNIER, FR","FM-12","99999","V020","999,1,C,0000,1","99999,9,9,N","999999,9,N,9","-0067,1","-0082,1","10216,1","06,0000,9,1",,,"4,000",,,,,,,"0000,9",,"999,-0060,9","999,N,-0067,1",,,"7,1,001,1,+999,9",,"4,99,0010,1","SYN029333   21067 3/106 91102 94000",
"07390099999","1990-01-01T12:00:00","4","46.6833333","5.5166666","279.0","LONS LE SAUNIER, FR","FM-12","99999","V020","999,1,C,0000,1","99999,9,9,N","999999,9,N,9","-0037,1","-0049,1","10212,1","06,0000,9,1",,,"4,000",,,,,,,"0000,9",,,,,,"7,1,005,1,+999,9",,"4,99,0010,1","SYN017333   91102 94000",
"07390099999","1990-01-01T18:00:00","4","46.6833333","5.5166666","279.0","LONS LE SAUNIER, FR","FM-12","99999","V020","999,1,C,0000,1","99999,9,9,N","999999,9,N,9","-0051,1","-0063,1","10213,1","06,0000,9,1",,,"4,000",,,,,,,"0000,9",,,"999,M,-0027,1",,,"2,1,003,1,+999,9",,"4,99,0010,1","SYN023333   11027 91102 94000",
"07390099999","1990-01-02T00:00:00","4","46.6833333","5.5166666","279.0","LONS LE SAUNIER, FR","FM-12","99999","V020","100,1,N,0010,1","99999,9,9,N","999999,9,N,9","-0049,1","-0061,1","10229,1","06,0000,9,1",,,"4,000",,,,,,,"0000,9",,,,,,"2,1,006,1,+999,9",,"4,99,0010,1","SYN017333   91102 94000",
"07390099999","1990-01-02T06:00:00","4","46.6833333","5.5166666","279.0","LONS LE SAUNIER, FR","FM-12","99999","V020","090,1,N,0010,1","99999,9,9,N","999999,9,N,9","-0014,1","-0024,1","10228,1","06,0000,9,1",,,"4,000",,,,,,,"0006,9",,"999,-0060,9","999,N,-0066,1",,,"2,1,008,1,+999,9",,"4,99,0010,1","SYN029333   21066 3/106 91102 94001",
"07390099999","1990-01-02T12:00:00","4","46.6833333","5.5166666","279.0","LONS LE SAUNIER, FR","FM-12","99999","V020","340,1,N,0010,1","99999,9,9,N","999999,9,N,9","+0007,1","-0002,1","10226,1","06,0000,9,1",,,"4,000",,,,,,,"0000,9",,,,,,"7,1,007,1,+999,9",,"4,99,0021,1","SYN017333   91104 94000",
"07390099999","1990-01-03T00:00:00","4","46.6833333","5.5166666","279.0","LONS LE SAUNIER, FR","FM-12","99999","V020","070,1,N,0031,1","99999,9,9,N","999999,9,N,9","-0003,1","-0010,1","10211,1","06,0000,9,1",,,"4,000",,,,,,,"0000,9",,,,,,"7,1,007,1,+999,9",,"4,99,0041,1","SYN017333   91108 94000",
"07390099999","1990-01-03T06:00:00","4","46.6833333","5.5166666","279.0","LONS LE SAUNIER, FR","FM-12","99999","V020","240,1,N,0021,1","99999,9,9,N","999999,9,N,9","-0016,1","-0023,1","10198,1","06,0000,9,1",,,"4,000",,,,,,,"0000,9",,"999,-0020,9","999,N,-0019,1",,,"2,1,002,1,+999,9",,"4,99,0031,1","SYN029333   21019 3/102 91106 94000",
"07390099999","1990-01-03T12:00:00","4","46.6833333","5.5166666","279.0","LONS LE SAUNIER, FR","FM-12","99999","V020","310,1,N,0021,1","99999,9,9,N","999999,9,N,9","-0015,1","-0025,1","10193,1","06,0000,9,1",,,"4,000",,,,,,,"0000,9",,,,,,"7,1,006,1,+999,9",,"4,99,0031,1","SYN017333   91106 94000",
"07390099999","1990-01-03T18:00:00","4","46.6833333","5.5166666","279.0","LONS LE SAUNIER, FR","FM-12","99999","V020","050,1,N,0010,1","99999,9,9,N","999999,9,N,9","-0019,1","-0027,1","10205,1","06,0000,9,1",,,"4,000",,,,,,,"0000,9",,,"999,M,-0011,1",,,"2,1,012,1,+999,9",,"4,99,0021,1","SYN023333   11011 91104 94000",
"07390099999","1990-01-04T00:00:00","4","46.6833333","5.5166666","279.0","LONS LE SAUNIER, FR","FM-12","99999","V020","130,1,N,0010,1","99999,9,9,N","999999,9,N,9","-0034,1","-0042,1","10232,1","06,0000,9,1",,,"4,000",,,,,,,"0000,9",,,,,,"2,1,013,1,+999,9",,"4,99,0031,1","SYN017333   91106 94000",
"07390099999","1990-01-04T06:00:00","4","46.6833333","5.5166666","279.0","LONS LE SAUNIER, FR","FM-12","99999","V020","200,1,N,0010,1","99999,9,9,N","999999,9,N,9","-0048,1","-0058,1","10248,1","06,0000,9,1",,,"4,000",,,,,,,"0000,9",,"999,-0040,9","999,N,-0048,1",,,"2,1,003,1,+999,9",,"4,99,0021,1","SYN029333   21048 3/104 91104 94000",
"07390099999","1990-01-04T12:00:00","4","46.6833333","5.5166666","279.0","LONS LE SAUNIER, FR","FM-12","99999","V020","180,1,N,0010,1","99999,9,9,N","999999,9,N,9","-0040,1","-0050,1","10268,1","06,9999,2,9",,,"0,000",,,,,,,"0000,9",,,,,,"2,1,007,1,+999,9",,"4,99,0021,1","SYN017333   91104 94000",
"07390099999","1990-01-04T18:00:00","4","46.6833333","5.5166666","279.0","LONS LE SAUNIER, FR","FM-12","99999","V020","999,1,C,0000,1","99999,9,9,N","999999,9,N,9","-0038,1","-0048,1","10278,1","99,9999,2,9",,,"0,000",,,,,,,"0000,9",,,"999,M,-0032,1",,,"2,1,008,1,+999,9",,"4,99,0010,1","SYN023333   11032 91102 94000",
"07390099999","1990-01-05T12:00:00","4","46.6833333","5.5166666","279.0","LONS LE SAUNIER, FR","FM-12","99999","V020","240,1,N,0010,1","99999,9,9,N","999999,9,N,9","-0013,1","-0023,1","10296,1","06,0000,9,1",,,"4,000",,,,,,,"0000,9",,,,,,"4,1,000,1,+999,9",,"4,99,0010,1","SYN017333   91102 94000",
"07390099999","1990-01-05T18:00:00","4","46.6833333","5.5166666","279.0","LONS LE SAUNIER, FR","FM-12","99999","V020","040,1,N,0010,1","99999,9,9,N","999999,9,N,9","-0005,1","-0016,1","10285,1","06,0000,9,1",,,"4,000",,,,,,,"0000,9",,,"999,M,+0020,1",,,"7,1,002,1,+999,9",,"4,99,0010,1","SYN023333   10020 91102 94000",
"07390099999","1990-01-06T00:00:00","4","46.6833333","5.5166666","279.0","LONS LE SAUNIER, FR","FM-12","99999","V020","100,1,N,0010,1","99999,9,9,N","999999,9,N,9","-0023,1","-0042,1","10285,1","06,0000,9,1",,,"4,000",,,,,,,"0000,9",,,,,,"7,1,005,1,+999,9",,"4,99,0021,1","SYN017333   91104 94000",
"07390099999","1990-01-06T06:00:00","4","46.6833333","5.5166666","279.0","LONS LE SAUNIER, FR","FM-12","99999","V020","090,1,N,0031,1","99999,9,9,N","999999,9,N,9","-0039,1","-0054,1","10283,1","06,0000,9,1",,,"4,000",,,,,,,"0012,9",,"999,-0080,9","999,N,-0075,1",,,"7,1,003,1,+999,9",,"4,99,0031,1","SYN029333   21075 3/108 91106 94002",
"07390099999","1990-01-06T12:00:00","4","46.6833333","5.5166666","279.0","LONS LE SAUNIER, FR","FM-12","99999","V020","290,1,N,0021,1","99999,9,9,N","999999,9,N,9","-0007,1","-0021,1","10277,1","06,0000,9,1",,,"4,000",,,,,,,"0000,9",,,,,,"7,1,008,1,+999,9",,"4,99,0031,1","SYN017333   91106 94000",
"07390099999","1990-01-06T18:00:00","4","46.6833333","5.5166666","279.0","LONS LE SAUNIER, FR","FM-12","99999","V020","080,1,N,0021,1","99999,9,9,N","999999,9,N,9","-0020,1","-0028,1","10276,1","06,0000,9,1",,,"4,000",,,,,,,"0000,9",,,"999,M,+0013,1",,,"2,1,003,1,+999,9",,"4,99,0031,1","SYN023333   10013 91106 94000",
"07390099999","1990-01-07T00:00:00","4","46.6833333","5.5166666","279.0","LONS LE SAUNIER, FR","FM-12","99999","V020","100,1,N,0021,1","99999,9,9,N","999999,9,N,9","-0036,1","-0044,1","10289,1","06,0000,9,1",,,"4,000",,,,,,,"0000,9",,,,,,"2,1,002,1,+999,9",,"4,99,0021,1","SYN017333   91104 94000",
"07390099999","1990-01-07T06:00:00","4","46.6833333","5.5166666","279.0","LONS LE SAUNIER, FR","FM-12","99999","V020","300,1,N,0010,1","99999,9,9,N","999999,9,N,9","-0045,1","-0056,1","10301,1","06,0000,9,1",,,"4,000",,,,,,,"0138,9",,"999,-0060,9","999,N,-0046,1",,,"2,1,005,1,+999,9",,"4,99,0010,1","SYN029333   21046 3/106 91102 94023",
"07390099999","1990-01-07T12:00:00","4","46.6833333","5.5166666","279.0","LONS LE SAUNIER, FR","FM-12","99999","V020","999,1,C,0000,1","99999,9,9,N","999999,9,N,9","-0005,1","-0013,1","10319,1","06,0000,9,1",,,"4,000",,,,,,,"0000,9",,,,,,"2,1,004,1,+999,9",,"4,99,0010,1","SYN017333   91102 94000",
"07390099999","1990-01-07T18:00:00","4","46.6833333","5.5166666","279.0","LONS LE SAUNIER, FR","FM-12","99999","V020","330,1,N,0010,1","99999,9,9,N","999999,9,N,9","+0007,1","-0012,1","10333,1","06,0000,9,1",,,"4,000",,,,,,,"0000,9",,,"999,M,+0012,1",,,"2,1,013,1,+999,9",,"4,99,0021,1","SYN023333   10012 91104 94000",
"07390099999","1990-01-08T00:00:00","4","46.6833333","5.5166666","279.0","LONS LE SAUNIER, FR","FM-12","99999","V020","160,1,N,0021,1","99999,9,9,N","999999,9,N,9","-0034,1","-0045,1","10361,1","06,0000,9,1",,,"4,000",,,,,,,"0000,9",,,,,,"2,1,011,1,+999,9",,"4,99,0031,1","SYN017333   91106 94000",
"07390099999","1990-01-08T06:00:00","4","46.6833333","5.5166666","279.0","LONS LE SAUNIER, FR","FM-12","99999","V020","100,1,N,0021,1","99999,9,9,N","999999,9,N,9","-0019,1","-0033,1","10362,1","06,0000,9,1",,,"4,000",,,,,,,"0000,9",,"999,-0040,9","999,N,-0035,1",,,"2,1,003,1,+999,9",,"4,99,0031,1","SYN029333   21035 3/104 91106 94000",
"07390099999","1990-01-08T12:00:00","4","46.6833333","5.5166666","279.0","LONS LE SAUNIER, FR","FM-12","99999","V020","270,1,N,0010,1","99999,9,9,N","999999,9,N,9","+0043,1","-0003,1","10358,1","06,0000,9,1",,,"4,000",,,,,,,"0036,9",,,,,,"7,1,009,1,+999,9",,"4,99,0021,1","SYN017333   91104 94006",
"07390099999","1990-01-08T18:00:00","4","46.6833333","5.5166666","279.0","LONS LE SAUNIER, FR","FM-12","99999","V020","020,1,N,0010,1","99999,9,9,N","999999,9,N,9","+0026,1","+0007,1","10373,1","06,0000,9,1",,,"4,000",,,,,,,"0000,9",,,"999,M,+0057,1",,,"2,1,013,1,+999,9",,"4,99,0021,1","SYN023333   10057 91104 94000",
"07390099999","1990-01-09T00:00:00","4","46.6833333","5.5166666","279.0","LONS LE SAUNIER, FR","FM-12","99999","V020","110,1,N,0021,1","99999,9,9,N","999999,9,N,9","-0005,1","-0013,1","10372,1","06,0000,9,1",,,"4,000",,,,,,,"0000,9",,,,,,"7,1,006,1,+999,9",,"4,99,0031,1","SYN017333   91106 94000",
"07390099999","1990-01-09T06:00:00","4","46.6833333","5.5166666","279.0","LONS LE SAUNIER, FR","FM-12","99999","V020","090,1,N,0021,1","99999,9,9,N","999999,9,N,9","-0016,1","-0026,1","10387,1","06,0000,9,1",,,"4,000",,,,,,,"0180,9",,"999,-0050,9","999,N,-0041,1",,,"2,1,005,1,+999,9",,"4,99,0031,1","SYN029333   21041 3/105 91106 94030",
"07390099999","1990-01-09T12:00:00","4","46.6833333","5.5166666","279.0","LONS LE SAUNIER, FR","FM-12","99999","V020","350,1,N,0010,1","99999,9,9,N","999999,9,N,9","+0006,1","-0001,1","10383,1","06,0000,9,1",,,"4,000",,,,,,,"0000,9",,,,,,"7,1,005,1,+999,9",,"4,99,0031,1","SYN017333   91106 94000",
"07390099999","1990-01-09T18:00:00","4","46.6833333","5.5166666","279.0","LONS LE SAUNIER, FR","FM-12","99999","V020","040,1,N,0021,1","99999,9,9,N","999999,9,N,9","+0003,1","-0004,1","10381,1","06,0000,9,1",,,"4,000",,,,,,,"0000,9",,,"999,M,+0014,1",,,"2,1,001,1,+999,9",,"4,99,0041,1","SYN023333   10014 91108 94000",
"07390099999","1990-01-10T00:00:00","4","46.6833333","5.5166666","279.0","LONS LE SAUNIER, FR","FM-12","99999","V020","220,1,N,0021,1","99999,9,9,N","999999,9,N,9","-0003,1","-0011,1","10386,1","06,0000,9,1",,,"4,000",,,,,,,"0000,9",,,,,,"4,1,000,1,+999,9",,"4,99,0031,1","SYN017333   91106 94000",
"07390099999","1990-01-10T06:00:00","4","46.6833333","5.5166666","279.0","LONS LE SAUNIER, FR","FM-12","99999","V020","160,1,N,0021,1","99999,9,9,N","999999,9,N,9","-0003,1","-0016,1","10369,1","06,0000,9,1",,,"4,000",,,,,,,"0000,9",,"999,-0010,9","999,N,-0005,1",,,"7,1,007,1,+999,9",,"4,99,0031,1","SYN029333   21005 3/101 91106 94000",
"07390099999","1990-01-10T12:00:00","4","46.6833333","5.5166666","279.0","LONS LE SAUNIER, FR","FM-12","99999","V020","210,1,N,0021,1","99999,9,9,N","999999,9,N,9","-0002,1","-0015,1","10362,1","06,0000,9,1",,,"4,000",,,,,,,"0000,9",,,,,,"7,1,012,1,+999,9",,"4,99,0031,1","SYN017333   91106 94000",
"07390099999","1990-01-10T18:00:00","4","46.6833333","5.5166666","279.0","LONS LE SAUNIER, FR","FM-12","99999","V020","300,1,N,0010,1","99999,9,9,N","999999,9,N,9","-0003,1","-0017,1","10356,1","06,0000,9,1",,,"4,000",,,,,,,"0000,9",,,"999,M,+0001,1",,,"2,1,002,1,+999,9",,"4,99,0021,1","SYN023333   10001 91104 94000",
"07390099999","1990-01-11T00:00:00","4","46.6833333","5.5166666","279.0","LONS LE SAUNIER, FR","FM-12","99999","V020","999,1,C,0000,1","99999,9,9,N","999999,9,N,9","-0019,1","-0029,1","10359,1","06,0000,9,1",,,"4,000",,,,,,,"0000,9",,,,,,"4,1,000,1,+999,9",,"4,99,0010,1","SYN017333   91102 94000",
"07390099999","1990-01-11T06:00:00","4","46.6833333","5.5166666","279.0","LONS LE SAUNIER, FR","FM-12","99999","V020","080,1,N,0031,1","99999,9,9,N","999999,9,N,9","-0032,1","-0040,1","10360,1","06,0000,9,1",,,"4,000",,,,,,,"0000,9",,"999,-0030,9","999,N,-0032,1",,,"2,1,005,1,+999,9",,"4,99,0041,1","SYN029333   21032 3/103 91108 94000",
"07390099999","1990-01-11T12:00:00","4","46.6833333","5.5166666","279.0","LONS LE SAUNIER, FR","FM-12","99999","V020","020,1,N,0010,1","99999,9,9,N","999999,9,N,9","-0025,1","-0033,1","10358,1","06,0000,9,1",,,"4,000",,,,,,,"0000,9",,,,,,"7,1,006,1,+999,9",,"4,99,0021,1","SYN017333   91104 94000",
"07390099999","1990-01-11T18:00:00","4","46.6833333","5.5166666","279.0","LONS LE SAUNIER, FR","FM-12","99999","V020","070,1,N,0010,1","99999,9,9,N","999999,9,N,9","-0027,1","-0035,1","10345,1","06,0000,9,1",,,"4,000",,,,,,,"0000,9",,,"999,M,-0019,1",,,"7,1,002,1,+999,9",,"4,99,0021,1","SYN023333   11019 91104 94000",
"07390099999","1990-01-12T00:00:00","4","46.6833333","5.5166666","279.0","LONS LE SAUNIER, FR","FM-12","99999","V020","180,1,N,0010,1","99999,9,9,N","999999,9,N,9","-0035,1","-0043,1","10339,1","06,0000,9,1",,,"4,000",,,,,,,"0000,9",,,,,,"7,1,004,1,+999,9",,"4,99,0021,1","SYN017333   91104 94000",
"07390099999","1990-01-12T06:00:00","4","46.6833333","5.5166666","279.0","LONS LE SAUNIER, FR","FM-12","99999","V020","200,1,N,0010,1","99999,9,9,N","999999,9,N,9","-0057,1","-0068,1","10338,1","06,0000,9,1",,,"4,000",,,,,,,"0000,9",,"999,-0050,9","999,N,-0057,1",,,"7,1,003,1,+999,9",,"4,99,0021,1","SYN029333   21057 3/105 91104 94000",
"07390099999","1990-01-12T12:00:00","4","46.6833333","5.5166666","279.0","LONS LE SAUNIER, FR","FM-12","99999","V020","250,1,N,0010,1","99999,9,9,N","999999,9,N,9","-0036,1","-0046,1","10339,1","06,0000,9,1",,,"4,000",,,,,,,"0000,9",,,,,,"7,1,005,1,+999,9",,"4,99,0021,1","SYN017333   91104 94000",
"07390099999","1990-01-12T18:00:00","4","46.6833333","5.5166666","279.0","LONS LE SAUNIER, FR","FM-12","99999","V020","999,1,C,0000,1","99999,9,9,N","999999,9,N,9","-0037,1","-0047,1","10331,1","06,0000,9,1",,,"4,000",,,,,,,"0000,9",,,"999,M,-0030,1",,,"2,1,004,1,+999,9",,"4,99,0000,1","SYN023333   11030 91100 94000",
"07390099999","1990-01-13T00:00:00","4","46.6833333","5.5166666","279.0","LONS LE SAUNIER, FR","FM-12","99999","V020","240,1,N,0021,1","99999,9,9,N","999999,9,N,9","-0045,1","-0055,1","10342,1","06,0000,9,1",,,"4,000",,,,,,,"0000,9",,,,,,"4,1,000,1,+999,9",,"4,99,0021,1","SYN017333   91104 94000",
"07390099999","1990-01-13T06:00:00","4","46.6833333","5.5166666","279.0","LONS LE SAUNIER, FR","FM-12","99999","V020","260,1,N,0010,1","99999,9,9,N","999999,9,N,9","-0054,1","-0065,1","10339,1","06,0000,9,1",,,"4,000",,,,,,,"0000,9",,"999,-0050,9","999,N,-0054,1",,,"7,1,001,1,+999,9",,"4,99,0010,1","SYN029333   21054 3/105 91102 94000",
"07390099999","1990-01-13T12:00:00","4","46.6833333","5.5166666","279.0","LONS LE SAUNIER, FR","FM-12","99999","V020","090,1,N,0010,1","99999,9,9,N","999999,9,N,9","-0039,1","-0049,1","10329,1","06,0000,9,1",,,"4,000",,,,,,,"0000,9",,,,,,"7,1,004,1,+999,9",,"4,99,0021,1","SYN017333   91104 94000",
"07390099999","1990-01-13T18:00:00","4","46.6833333","5.5166666","279.0","LONS LE SAUNIER, FR","FM-12","99999","V020","120,1,N,0010,1","99999,9,9,N","999999,9,N,9","-0034,1","-0042,1","10309,1","06,0000,9,1",,,"4,000",,,,,,,"0000,9",,,"999,M,-0019,1",,,"7,1,007,1,+999,9",,"4,99,0010,1","SYN023333   11019 91102 94000",
"07390099999","1990-01-14T00:00:00","4","46.6833333","5.5166666","279.0","LONS LE SAUNIER, FR","FM-12","99999","V020","270,1,N,0010,1","99999,9,9,N","999999,9,N,9","-0043,1","-0053,1","10305,1","06,0000,9,1",,,"4,000",,,,,,,"0000,9",,,,,,"7,1,008,1,+999,9",,"4,99,0021,1","SYN017333   91104 94000",
"07390099999","1990-01-14T06:00:00","4","46.6833333","5.5166666","279.0","LONS LE SAUNIER, FR","FM-12","99999","V020","999,1,C,0000,1","99999,9,9,N","999999,9,N,9","-0052,1","-0061,1","10294,1","06,0000,9,1",,,"4,000",,,,,,,"0000,9",,"999,-0050,9","999,N,-0052,1",,,"7,1,005,1,+999,9",,"4,99,0010,1","SYN029333   21052 3/105 91102 94000",
"07390099999","1990-01-14T12:00:00","4","46.6833333","5.5166666","279.0","LONS LE SAUNIER, FR","FM-12","99999","V020","999,1,C,0000,1","99999,9,9,N","999999,9,N,9","-0022,1","-0030,1","10285,1","06,0000,9,1",,,"4,000",,,,,,,"0000,9",,,,,,"7,1,008,1,+999,9",,"4,99,0000,1","SYN017333   91100 94000",
"07390099999","1990-01-14T18:00:00","4","46.6833333","5.5166666","279.0","LONS LE SAUNIER, FR","FM-12","99999","V020","050,1,N,0010,1","99999,9,9,N","999999,9,N,9","+0016,1","+0009,1","10286,1","06,0000,9,1",,,"4,000",,,,,,,"0000,9",,,"999,M,+0018,1",,,"2,1,006,1,+999,9",,"4,99,0010,1","SYN023333   10018 91102 94000",
"07390099999","1990-01-15T00:00:00","4","46.6833333","5.5166666","279.0","LONS LE SAUNIER, FR","FM-12","99999","V020","080,1,N,0031,1","99999,9,9,N","999999,9,N,9","+0007,1","-0004,1","10300,1","06,0000,9,1",,,"4,000",,,,,,,"0000,9",,,,,,"2,1,004,1,+999,9",,"4,99,0031,1","SYN017333   91106 94000",
"07390099999","1990-01-15T06:00:00","4","46.6833333","5.5166666","279.0","LONS LE SAUNIER, FR","FM-12","99999","V020","090,1,N,0031,1","99999,9,9,N","999999,9,N,9","-0019,1","-0026,1","10313,1","06,0000,9,1",,,"4,000",,,,,,,"0012,9",,"999,-0040,9","999,N,-0023,1",,,"2,1,010,1,+999,9",,"4,99,0041,1","SYN029333   21023 3/104 91108 94002",
"07390099999","1990-01-15T12:00:00","4","46.6833333","5.5166666","279.0","LONS LE SAUNIER, FR","FM-12","99999","V020","140,1,N,0010,1","99999,9,9,N","999999,9,N,9","+0022,1","+0004,1","10328,1","06,0000,9,1",,,"4,000",,,,,,,"0000,9",,,,,,"2,1,003,1,+999,9",,"4,99,0031,1","SYN017333   91106 94000",
"07390099999","1990-01-15T18:00:00","4","46.6833333","5.5166666","279.0","LONS LE SAUNIER, FR","FM-12","99999","V020","110,1,N,0010,1","99999,9,9,N","999999,9,N,9","+0027,1","+0015,1","10337,1","06,0000,9,1",,,"4,000",,,,,,,"0000,9",,,"999,M,+0042,1",,,"2,1,009,1,+999,9",,"4,99,0021,1","SYN023333   10042 91104 94000",
"07390099999","1990-01-16T00:00:00","4","46.6833333","5.5166666","279.0","LONS LE SAUNIER, FR","FM-12","99999","V020","150,1,N,0021,1","99999,9,9,N","999999,9,N,9","+0046,1","+0021,1","10335,1","06,0000,9,1",,,"4,000",,,,,,,"0000,9",,,,,,"7,1,001,1,+999,9",,"4,99,0031,1","SYN017333   91106 94000",
"07390099999","1990-01-16T06:00:00","4","46.6833333","5.5166666","279.0","LONS LE SAUNIER, FR","FM-12","99999","V020","220,1,N,0021,1","99999,9,9,N","999999,9,N,9","+0034,1","+0019,1","10335,1","06,0000,9,1",,,"4,000",,,,,,,"0000,9",,"999,+0020,9","999,N,+0027,1",,,"7,1,001,1,+999,9",,"4,99,0031,1","SYN029333   20027 3/002 91106 94000",
"07390099999","1990-01-16T12:00:00","4","46.6833333","5.5166666","279.0","LONS LE SAUNIER, FR","FM-12","99999","V020","200,1,N,0021,1","99999,9,9,N","999999,9,N,9","+0066,1","+0056,1","10330,1","06,0000,9,1",,,"4,000",,,,,,,"0000,9",,,,,,"7,1,011,1,+999,9",,"4,99,0031,1","SYN017333   91106 94000",
"07390099999","1990-01-16T18:00:00","4","46.6833333","5.5166666","279.0","LONS LE SAUNIER, FR","FM-12","99999","V020","120,1,N,0010,1","99999,9,9,N","999999,9,N,9","+0061,1","+0054,1","10319,1","06,0000,9,1",,,"4,000",,,,,,,"0000,9",,,"999,M,+0072,1",,,"2,1,003,1,+999,9",,"4,99,0021,1","SYN023333   10072 91104 94000",
"07390099999","1990-01-17T00:00:00","4","46.6833333","5.5166666","279.0","LONS LE SAUNIER, FR","FM-12","99999","V020","160,1,N,0021,1","99999,9,9,N","999999,9,N,9","+0067,1","+0045,1","10303,1","06,0000,9,1",,,"4,000",,,,,,,"0000,9",,,,,,"7,1,008,1,+999,9",,"4,99,0041,1","SYN017333   91108 94000",
"07390099999","1990-01-17T06:00:00","4","46.6833333","5.5166666","279.0","LONS LE SAUNIER, FR","FM-12","99999","V020","120,1,N,0021,1","99999,9,9,N","999999,9,N,9","+0036,1","+0021,1","10293,1","06,0000,9,1",,,"4,000",,,,,,,"0000,9",,"999,+0020,9","999,N,+0035,1",,,"7,1,005,1,+999,9",,"4,99,0031,1","SYN029333   20035 3/002 91106 94000",
"07390099999","1990-01-17T12:00:00","4","46.6833333","5.5166666","279.0","LONS LE SAUNIER, FR","FM-12","99999","V020","200,1,N,0021,1","99999,9,9,N","999999,9,N,9","+0064,1","+0025,1","10285,1","06,0000,9,1",,,"4,000",,,,,,,"0000,9",,,,,,"7,1,011,1,+999,9",,"4,99,0031,1","SYN017333   91106 94000",
"07390099999","1990-01-17T18:00:00","4","46.6833333","5.5166666","279.0","LONS LE SAUNIER, FR","FM-12","99999","V020","999,1,C,0000,1","99999,9,9,N","999999,9,N,9","+0065,1","+0024,1","10278,1","06,0000,9,1",,,"4,000",,,,,,,"0000,9",,,"999,M,+0073,1",,,"2,1,003,1,+999,9",,"4,99,0010,1","SYN023333   10073 91102 94000",
"07390099999","1990-01-18T00:00:00","4","46.6833333","5.5166666","279.0","LONS LE SAUNIER, FR","FM-12","99999","V020","100,1,N,0010,1","99999,9,9,N","999999,9,N,9","+0050,1","+0040,1","10268,1","06,0005,9,1",,,"0,000",,"4,1,06,1",,,,,"0000,9",,,,,,"7,1,010,1,+999,9","21,1","4,99,0021,1","SYN017333   91104 94000",
"07390099999","1990-01-18T06:00:00","4","46.6833333","5.5166666","279.0","LONS LE SAUNIER, FR","FM-12","99999","V020","360,1,N,0031,1","99999,9,9,N","999999,9,N,9","+0044,1","+0034,1","10261,1","99,0010,9,1",,,"0,000",,"4,1,06,1",,,,,"0000,9",,"999,+0040,9","999,N,+0044,1",,,"2,1,001,1,+999,9","21,1","4,99,0051,1","SYN029333   20044 3/004 91110 94000",
"07390099999","1990-01-18T12:00:00","4","46.6833333","5.5166666","279.0","LONS LE SAUNIER, FR","FM-12","99999","V020","010,1,N,0041,1","99999,9,9,N","999999,9,N,9","+0062,1","+0028,1","10276,1","06,0005,9,1",,,"0,000",,,,,,,"0018,9",,,,,,"2,1,001,1,+999,9",,"4,99,0072,1","SYN017333   91114 94003",
"07390099999","1990-01-18T18:00:00","4","46.6833333","5.5166666","279.0","LONS LE SAUNIER, FR","FM-12","99999","V020","010,1,N,0062,1","99999,9,9,N","999999,9,N,9","+0029,1","-0015,1","10303,1","99,0005,9,1",,,"0,000",,,,,,,"0000,9",,,"999,M,+0063,1",,,"2,1,019,1,+999,9",,"4,99,0088,1","SYN023333   10063 91117 94000",
"07390099999","1990-01-19T00:00:00","4","46.6833333","5.5166666","279.0","LONS LE SAUNIER, FR","FM-12","99999","V020","010,1,N,0031,1","99999,9,9,N","999999,9,N,9","-0011,1","-0033,1","10313,1","06,0000,9,1",,,"4,000",,,,,,,"0000,9",,,,,,"4,1,000,1,+999,9",,"4,99,0041,1","SYN017333   91108 94000",
"07390099999","1990-01-19T06:00:00","4","46.6833333","5.5166666","279.0","LONS LE SAUNIER, FR","FM-12","99999","V020","190,1,N,0010,1","99999,9,9,N","999999,9,N,9","-0047,1","-0059,1","10327,1","06,0000,9,1",,,"4,000",,,,,,,"0018,9",,"999,-0080,9","999,N,-0047,1",,,"2,1,009,1,+999,9",,"4,99,0021,1","SYN029333   21047 3/108 91104 94003",
"07390099999","1990-01-19T12:00:00","4","46.6833333","5.5166666","279.0","LONS LE SAUNIER, FR","FM-12","99999","V020","200,1,N,0021,1","99999,9,9,N","999999,9,N,9","-0033,1","-0041,1","10338,1","06,0000,9,1",,,"4,000",,,,,,,"0000,9",,,,,,"7,1,001,1,+999,9",,"4,99,0041,1","SYN017333   91108 94000",
"07390099999","1990-01-19T18:00:00","4","46.6833333","5.5166666","279.0","LONS LE SAUNIER, FR","FM-12","99999","V020","170,1,N,0021,1","99999,9,9,N","999999,9,N,9","-0039,1","-0049,1","10346,1","06,0000,9,1",,,"4,000",,,,,,,"0000,9",,,"999,M,-0018,1",,,"2,1,006,1,+999,9",,"4,99,0031,1","SYN023333   11018 91106 94000",
"07390099999","1990-01-20T00:00:00","4","46.6833333","5.5166666","279.0","LONS LE SAUNIER, FR","FM-12","99999","V020","140,1,N,0010,1","99999,9,9,N","999999,9,N,9","-0030,1","-0044,1","10355,1","06,0000,9,1",,,"4,000",,,,,,,"0000,9",,,,,,"2,1,003,1,+999,9",,"4,99,0021,1","SYN017333   91104 94000",
"07390099999","1990-01-20T06:00:00","4","46.6833333","5.5166666","279.0","LONS LE SAUNIER, FR","FM-12","99999","V020","130,1,N,0021,1","99999,9,9,N","999999,9,N,9","-0022,1","-0044,1","10367,1","06,0000,9,1",,,"4,000",,,,,,,"0000,9",,"999,-0070,9","999,N,-0054,1",,,"2,1,008,1,+999,9",,"4,99,0031,1","SYN029333   21054 3/107 91106 94000",
"07390099999","1990-01-20T12:00:00","4","46.6833333","5.5166666","279.0","LONS LE SAUNIER, FR","FM-12","99999","V020","220,1,N,0021,1","99999,9,9,N","999999,9,N,9","+0030,1","-0012,1","10369,1","06,0000,9,1",,,"4,000",,,,,,,"0030,9",,,,,,"2,1,001,1,+999,9",,"4,99,0031,1","SYN017333   91106 94005",
"07390099999","1990-01-20T18:00:00","4","46.6833333","5.5166666","279.0","LONS LE SAUNIER, FR","FM-12","99999","V020","180,1,N,0010,1","99999,9,9,N","999999,9,N,9","+0033,1","-0014,1","10373,1","06,0000,9,1",,,"4,000",,,,,,,"0000,9",,,"999,M,+0073,1",,,"2,1,010,1,+999,9",,"4,99,0021,1","SYN023333   10073 91104 94000",
"07390099999","1990-01-21T00:00:00","4","46.6833333","5.5166666","279.0","LONS LE SAUNIER, FR","FM-12","99999","V020","100,1,N,0021,1","99999,9,9,N","999999,9,N,9","+0004,1","-0067,1","10381,1","06,0000,9,1",,,"4,000",,,,,,,"0000,9",,,,,,"7,1,003,1,+999,9",,"4,99,0031,1","SYN017333   91106 94000",
"07390099999","1990-01-21T06:00:00","4","46.6833333","5.5166666","279.0","LONS LE SAUNIER, FR","FM-12","99999","V020","090,1,N,0031,1","99999,9,9,N","999999,9,N,9","-0004,1","-0068,1","10378,1","06,0000,9,1",,,"4,000",,,,,,,"0180,9",,"999,-0030,9","999,N,-0006,1",,,"7,1,003,1,+999,9",,"4,99,0041,1","SYN029333   21006 3/103 91108 94030",
"07390099999","1990-01-21T12:00:00","4","46.6833333","5.5166666","279.0","LONS LE SAUNIER, FR","FM-12","99999","V020","220,1,N,0031,1","99999,9,9,N","999999,9,N,9","+0051,1","-0003,1","10369,1","06,0000,9,1",,,"4,000",,,,,,,"0060,9",,,,,,"7,1,007,1,+999,9",,"4,99,0041,1","SYN017333   91108 94010",
"07390099999","1990-01-21T18:00:00","4","46.6833333","5.5166666","279.0","LONS LE SAUNIER, FR","FM-12","99999","V020","090,1,N,0010,1","99999,9,9,N","999999,9,N,9","+0022,1","-0009,1","10358,1","06,0000,9,1",,,"4,000",,,,,,,"0000,9",,,"999,M,+0078,1",,,"7,1,002,1,+999,9",,"4,99,0021,1","SYN023333   10078 91104 94000",
"07390099999","1990-01-22T00:00:00","4","46.6833333","5.5166666","279.0","LONS LE SAUNIER, FR","FM-12","99999","V020","100,1,N,0021,1","99999,9,9,N","999999,9,N,9","-0008,1","-0024,1","10363,1","06,0000,9,1",,,"4,000",,,,,,,"0000,9",,,,,,"2,1,001,1,+999,9",,"4,99,0031,1","SYN017333   91106 94000",
"07390099999","1990-01-22T06:00:00","4","46.6833333","5.5166666","279.0","LONS LE SAUNIER, FR","FM-12","99999","V020","100,1,N,0021,1","99999,9,9,N","999999,9,N,9","-0018,1","-0035,1","10365,1","06,0000,9,1",,,"4,000",,,,,,,"0450,9",,"999,-0050,9","999,N,-0019,1",,,"2,1,002,1,+999,9",,"4,99,0031,1","SYN029333   21019 3/105 91106 94075",
"07390099999","1990-01-22T12:00:00","4","46.6833333","5.5166666","279.0","LONS LE SAUNIER, FR","FM-12","99999","V020","300,1,N,0021,1","99999,9,9,N","999999,9,N,9","+0020,1","-0011,1","10363,1","06,0000,9,1",,,"4,000",,,,,,,"0060,9",,,,,,"7,1,002,1,+999,9",,"4,99,0031,1","SYN017333   91106 94010",
"07390099999","1990-01-22T18:00:00","4","46.6833333","5.5166666","279.0","LONS LE SAUNIER, FR","FM-12","99999","V020","350,1,N,0021,1","99999,9,9,N","999999,9,N,9","-0022,1","-0032,1","10353,1","06,0000,9,1",,,"4,000",,,,,,,"0000,9",,,"999,M,+0067,1",,,"7,1,004,1,+999,9",,"4,99,0041,1","SYN023333   10067 91108 94000",
"07390099999","1990-01-23T00:00:00","4","46.6833333","5.5166666","279.0","LONS LE SAUNIER, FR","FM-12","99999","V020","250,1,N,0021,1","99999,9,9,N","999999,9,N,9","-0047,1","-0057,1","10343,1","06,0000,9,1",,,"4,000",,,,,,,"0000,9",,,,,,"7,1,014,1,+999,9",,"4,99,0031,1","SYN017333   91106 94000",
"07390099999","1990-01-23T06:00:00","4","46.6833333","5.5166666","279.0","LONS LE SAUNIER, FR","FM-12","99999","V020","290,1,N,0021,1","99999,9,9,N","999999,9,N,9","-0069,1","-0083,1","10325,1","06,0000,9,1",,,"4,000",,,,,,,"0504,9",,"999,-0080,9","999,N,-0069,1",,,"7,1,002,1,+999,9",,"4,99,0031,1","SYN029333   21069 3/108 91106 94084",
"07390099999","1990-01-23T12:00:00","4","46.6833333","5.5166666","279.0","LONS LE SAUNIER, FR","FM-12","99999","V020","150,1,N,0021,1","99999,9,9,N","999999,9,N,9","+0005,1","-0020,1","10284,1","06,0000,9,1",,,"4,000",,,,,,,"0000,9",,,,,,"7,1,007,1,+999,9",,"4,99,0031,1","SYN017333   91106 94000",
"07390099999","1990-01-23T18:00:00","4","46.6833333","5.5166666","279.0","LONS LE SAUNIER, FR","FM-12","99999","V020","180,1,N,0062,1","99999,9,9,N","999999,9,N,9","+0105,1","-0087,1","10219,1","06,0000,9,1",,,"4,000",,,,,,,"0000,9",,,"999,M,+0106,1",,,"7,1,021,1,+999,9",,"4,99,0082,1","SYN023333   10106 91116 94000",
"07390099999","1990-01-24T00:00:00","4","46.6833333","5.5166666","279.0","LONS LE SAUNIER, FR","FM-12","99999","V020","190,1,N,0072,1","99999,9,9,N","999999,9,N,9","+0070,1","-0002,1","10188,1","06,0020,9,1",,,"0,000",,"4,1,06,1",,,,,"0000,9",,,,,,"7,1,009,1,+999,9","21,1","4,99,0108,1","SYN017333   91121 94000",
"07390099999","1990-01-24T06:00:00","4","46.6833333","5.5166666","279.0","LONS LE SAUNIER, FR","FM-12","99999","V020","190,1,N,0072,1","99999,9,9,N","999999,9,N,9","+0072,1","+0029,1","10175,1","99,0060,9,1",,,"0,000",,"4,1,06,1",,,,,"0174,9",,"999,+0040,9","999,N,+0062,1",,,"2,1,018,1,+999,9","21,1","4,99,0118,1","SYN029333   20062 3/004 91123 94029",
"07390099999","1990-01-24T12:00:00","4","46.6833333","5.5166666","279.0","LONS LE SAUNIER, FR","FM-12","99999","V020","210,1,N,0051,1","99999,9,9,N","999999,9,N,9","+0068,1","+0036,1","10203,1","06,0030,9,1",,,"0,000",,"4,1,06,1",,,,,"0000,9",,,,,,"2,1,012,1,+999,9","21,1","4,99,0082,1","SYN017333   91116 94000",
"07390099999","1990-01-24T18:00:00","4","46.6833333","5.5166666","279.0","LONS LE SAUNIER, FR","FM-12","99999","V020","180,1,N,0051,1","99999,9,9,N","999999,9,N,9","+0083,1","+0038,1","10203,1","99,0040,9,1",,,"0,000",,,,,,,"0000,9",,,"999,M,+0089,1",,,"2,1,003,1,+999,9",,"4,99,0072,1","SYN023333   10089 91114 94000",
"07390099999","1990-01-25T00:00:00","4","46.6833333","5.5166666","279.0","LONS LE SAUNIER, FR","FM-12","99999","V020","180,1,N,0041,1","99999,9,9,N","999999,9,N,9","+0071,1","+0039,1","10192,1","06,0003,9,1",,,"0,000",,,,,,,"0000,9",,,,,,"7,1,019,1,+999,9",,"4,99,0051,1","SYN017333   91110 94000",
"07390099999","1990-01-25T06:00:00","4","46.6833333","5.5166666","279.0","LONS LE SAUNIER, FR","FM-12","99999","V020","180,1,N,0062,1","99999,9,9,N","999999,9,N,9","+0073,1","+0037,1","10147,1","99,0005,9,1",,,"0,000",,"4,1,06,1",,,,,"0000,9",,"999,+0050,9","999,N,+0066,1",,,"7,1,026,1,+999,9","21,1","4,99,0108,1","SYN029333   20066 3/005 91121 94000",
"07390099999","1990-01-25T12:00:00","4","46.6833333","5.5166666","279.0","LONS LE SAUNIER, FR","FM-12","99999","V020","190,1,N,0087,1","99999,9,9,N","999999,9,N,9","+0113,1","+0052,1","10100,1","06,0010,9,1",,,"0,000",,"4,1,06,1",,,,,"0000,9",,,,,,"7,1,017,1,+999,9","21,1","4,99,0139,1","SYN017333   91127 94000",
"07390099999","1990-01-25T18:00:00","4","46.6833333","5.5166666","279.0","LONS LE SAUNIER, FR","FM-12","99999","V020","180,1,N,0129,1","99999,9,9,N","999999,9,N,9","+0118,1","+0059,1","10056,1","99,0020,9,1",,,"0,000",,,,,,,"0000,9",,,"999,M,+0120,1",,,"7,1,027,1,+999,9",,"4,99,0180,1","SYN023333   10120 91135 94000",
"07390099999","1990-01-26T00:00:00","4","46.6833333","5.5166666","279.0","LONS LE SAUNIER, FR","FM-12","99999","V020","260,1,N,0108,1","99999,9,9,N","999999,9,N,9","+0083,1","+0047,1","10087,1","06,0080,9,1",,,"0,000",,"4,1,06,1",,,,,"0000,9",,,,,,"4,1,000,1,+999,9","41,1","4,99,0160,1","SYN017333   91131 94000",
"07390099999","1990-01-26T06:00:00","4","46.6833333","5.5166666","279.0","LONS LE SAUNIER, FR","FM-12","99999","V020","230,1,N,0072,1","99999,9,9,N","999999,9,N,9","+0074,1","-0008,1","10109,1","99,0090,9,1",,,"0,000",,,,,,,"0000,9",,"999,+0060,9","999,N,+0067,1",,,"7,1,002,1,+999,9",,"4,99,0139,1","SYN029333   20067 3/006 91127 94000",
"07390099999","1990-01-26T12:00:00","4","46.6833333","5.5166666","279.0","LONS LE SAUNIER, FR","FM-12","99999","V020","230,1,N,0051,1","99999,9,9,N","999999,9,N,9","+0066,1","-0004,1","10120,1","06,0003,9,1",,,"0,000",,,,,,,"0000,9",,,,,,"7,1,002,1,+999,9",,"4,99,0072,1","SYN017333   91114 94000",
"07390099999","1990-01-26T18:00:00","4","46.6833333","5.5166666","279.0","LONS LE SAUNIER, FR","FM-12","99999","V020","170,1,N,0031,1","99999,9,9,N","999999,9,N,9","+0040,1","-0012,1","10136,1","99,0010,9,1",,,"0,000",,,,,,,"0000,9",,,"999,M,+0073,1",,,"2,1,006,1,+999,9",,"4,99,0041,1","SYN023333   10073 91108 94000",
"07390099999","1990-01-27T00:00:00","4","46.6833333","5.5166666","279.0","LONS LE SAUNIER, FR","FM-12","99999","V020","190,1,N,0062,1","99999,9,9,N","999999,9,N,9","+0061,1","-0030,1","10136,1","06,0000,9,1",,,"4,000",,,,,,,"0000,9",,,,,,"7,1,001,1,+999,9",,"4,99,0098,1","SYN017333   91119 94000",
"07390099999","1990-01-27T06:00:00","4","46.6833333","5.5166666","279.0","LONS LE SAUNIER, FR","FM-12","99999","V020","180,1,N,0051,1","99999,9,9,N","999999,9,N,9","+0056,1","-0030,1","10146,1","06,0000,9,1",,,"4,000",,,,,,,"0108,9",,"999,+0020,9","999,N,+0036,1",,,"2,1,009,1,+999,9",,"4,99,0072,1","SYN029333   20036 3/002 91114 94018",
"07390099999","1990-01-27T12:00:00","4","46.6833333","5.5166666","279.0","LONS LE SAUNIER, FR","FM-12","99999","V020","180,1,N,0082,1","99999,9,9,N","999999,9,N,9","+0095,1","-0024,1","10117,1","06,0000,9,1",,,"4,000",,,,,,,"0060,9",,,,,,"7,1,024,1,+999,9",,"4,99,0118,1","SYN017333   91123 94010",
"07390099999","1990-01-27T18:00:00","4","46.6833333","5.5166666","279.0","LONS LE SAUNIER, FR","FM-12","99999","V020","160,1,N,0051,1","99999,9,9,N","999999,9,N,9","+0085,1","-0037,1","10062,1","06,0000,9,1",,,"4,000",,,,,,,"0000,9",,,"999,M,+0107,1",,,"7,1,019,1,+999,9",,"4,99,0088,1","SYN023333   10107 91117 94000",
"07390099999","1990-01-28T00:00:00","4","46.6833333","5.5166666","279.0","LONS LE SAUNIER, FR","FM-12","99999","V020","190,1,N,0118,1","99999,9,9,N","999999,9,N,9","+0135,1","+0009,1","10017,1","06,0000,9,1",,,"4,000",,,,,,,"0000,9",,,,,,"7,1,017,1,+999,9",,"4,99,0190,1","SYN017333   91137 94000",
"07390099999","1990-01-28T06:00:00","4","46.6833333","5.5166666","279.0","LONS LE SAUNIER, FR","FM-12","99999","V020","190,1,N,0098,1","99999,9,9,N","999999,9,N,9","+0130,1","+0026,1","10000,1","06,0000,9,1",,,"4,000",,,,,,,"0204,9",,"999,+0070,9","999,N,+0083,1",,,"2,1,005,1,+999,9",,"4,99,0160,1","SYN029333   20083 3/007 91131 94034",
"07390099999","1990-01-28T12:00:00","4","46.6833333","5.5166666","279.0","LONS LE SAUNIER, FR","FM-12","99999","V020","310,1,N,0139,1","99999,9,9,N","999999,9,N,9","+0013,1","+0000,1","10103,1","06,0250,9,1",,,"0,000",,"4,1,06,1",,,,,"0000,9",,,,,,"2,1,020,1,+999,9","41,1","4,99,0139,1","SYN017333   91127 94000",
"07390099999","1990-01-28T18:00:00","4","46.6833333","5.5166666","279.0","LONS LE SAUNIER, FR","FM-12","99999","V020","310,1,N,0139,1","99999,9,9,N","999999,9,N,9","+0028,1","+0005,1","10108,1","99,0330,9,1",,,"0,000",,,,,,,"0000,9",,,"999,M,+0131,1",,,"2,1,006,1,+999,9",,"4,99,0139,1","SYN023333   10131 91127 94000",
"07390099999","1990-01-29T00:00:00","4","46.6833333","5.5166666","279.0","LONS LE SAUNIER, FR","FM-12","99999","V020","310,1,N,0139,1","99999,9,9,N","999999,9,N,9","+0010,1","-0005,1","10138,1","06,0000,9,1",,,"4,000",,,,,,,"0000,9",,,,,,"2,1,004,1,+999,9",,"4,99,0139,1","SYN017333   91127 94000",
"07390099999","1990-01-29T06:00:00","4","46.6833333","5.5166666","279.0","LONS LE SAUNIER, FR","FM-12","99999","V020","999,9,9,9999,9","99999,9,9,N","999999,9,N,9","+0002,1","-0017,1","10134,1","06,0000,9,1",,,"4,000",,,,,,,"0000,9",,"999,-0020,9","999,N,-0002,1",,,"2,1,002,1,+999,9",,,"SYN023333   21002 3/102 94000",
"07390099999","1990-01-29T12:00:00","4","46.6833333","5.5166666","279.0","LONS LE SAUNIER, FR","FM-12","99999","V020","240,1,N,0031,1","99999,9,9,N","999999,9,N,9","+0002,1","-0008,1","10118,1","06,0000,9,1",,,"4,000",,,,,,,"0000,9",,,,,,"7,1,014,1,+999,9",,"4,99,0041,1","SYN017333   91108 94000",
"07390099999","1990-01-29T18:00:00","4","46.6833333","5.5166666","279.0","LONS LE SAUNIER, FR","FM-12","99999","V020","160,1,N,0010,1","99999,9,9,N","999999,9,N,9","+0002,1","-0005,1","10084,1","06,0000,9,1",,,"4,000",,,,,,,"0000,9",,,"999,M,+0060,1",,,"7,1,015,1,+999,9",,"4,99,0031,1","SYN023333   10060 91106 94000",
"07390099999","1990-01-30T00:00:00","4","46.6833333","5.5166666","279.0","LONS LE SAUNIER, FR","FM-12","99999","V020","180,1,N,0087,1","99999,9,9,N","999999,9,N,9","+0073,1","+0032,1","10058,1","06,0000,9,1",,,"4,000",,,,,,,"0000,9",,,,,,"7,1,009,1,+999,9",,"4,99,0160,1","SYN017333   91131 94000",
"07390099999","1990-01-30T06:00:00","4","46.6833333","5.5166666","279.0","LONS LE SAUNIER, FR","FM-12","99999","V020","180,1,N,0062,1","99999,9,9,N","999999,9,N,9","+0053,1","+0028,1","10096,1","99,0040,9,1",,,"0,000",,"4,1,06,1",,,,,"0120,9",,"999,+0000,9","999,N,+0000,1",,,"2,1,029,1,+999,9","41,1","4,99,0098,1","SYN029333   20000 3/000 91119 94020",
"07390099999","1990-01-30T12:00:00","4","46.6833333","5.5166666","279.0","LONS LE SAUNIER, FR","FM-12","99999","V020","180,1,N,0072,1","99999,9,9,N","999999,9,N,9","+0082,1","+0029,1","10127,1","06,0020,9,1",,,"0,000",,,,,,,"0006,9",,,,,,"2,1,011,1,+999,9",,"4,99,0098,1","SYN017333   91119 94001",
"07390099999","1990-01-30T18:00:00","4","46.6833333","5.5166666","279.0","LONS LE SAUNIER, FR","FM-12","99999","V020","160,1,N,0041,1","99999,9,9,N","999999,9,N,9","+0079,1","+0013,1","10145,1","99,0020,9,1",,,"0,000",,,,,,,"0000,9",,,"999,M,+0112,1",,,"2,1,009,1,+999,9",,"4,99,0072,1","SYN023333   10112 91114 94000",
"07390099999","1990-01-31T06:00:00","4","46.6833333","5.5166666","279.0","LONS LE SAUNIER, FR","FM-12","99999","V020","190,1,N,0082,1","99999,9,9,N","999999,9,N,9","+0075,1","-0005,1","10096,1","06,0000,9,1",,,"4,000",,,,,,,"0126,9",,"999,+0040,9","999,N,+0059,1",,,"7,1,019,1,+999,9",,"4,99,0139,1","SYN029333   20059 3/004 91127 94021",
"07390099999","1990-01-31T12:00:00","4","46.6833333","5.5166666","279.0","LONS LE SAUNIER, FR","FM-12","99999","V020","180,1,N,0108,1","99999,9,9,N","999999,9,N,9","+0123,1","-0016,1","10059,1","06,0000,9,1",,,"4,000",,,,,,,"0000,9",,,,,,"7,1,023,1,+999,9",,"4,99,0180,1","SYN017333   91135 94000",
"07390099999","1990-01-31T18:00:00","4","46.6833333","5.5166666","279.0","LONS LE SAUNIER, FR","FM-12","99999","V020","180,1,N,0087,1","99999,9,9,N","999999,9,N,9","+0116,1","-0005,1","10060,1","06,0000,9,1",,,"4,000",,,,,,,"0000,9",,,"999,M,+0134,1",,,"2,1,015,1,+999,9",,"4,99,0149,1","SYN023333   10134 91129 94000",
"07390099999","1990-02-01T00:00:00","4","46.6833333","5.5166666","279.0","LONS LE SAUNIER, FR","FM-12","99999","V020","180,1,N,0031,1","99999,9,9,N","999999,9,N,9","+0097,1","+0014,1","10089,1","06,0000,9,1",,,"4,000",,,,,,,"0000,9",,,,,,"2,1,013,1,+999,9",,"4,99,0041,1","SYN017333   91108 94000",
"07390099999","1990-02-01T06:00:00","4","46.6833333","5.5166666","279.0","LONS LE SAUNIER, FR","FM-12","99999","V020","210,1,N,0021,1","99999,9,9,N","999999,9,N,9","+0063,1","+0053,1","10127,1","99,0080,9,1",,,"0,000",,"4,1,06,1",,,,,"0138,9",,"999,+0060,9","999,N,+0063,1",,,"2,1,030,1,+999,9","41,1","4,99,0041,1","SYN029333   20063 3/006 91108 94023",
"07390099999","1990-02-01T12:00:00","4","46.6833333","5.5166666","279.0","LONS LE SAUNIER, FR","FM-12","99999","V020","220,1,N,0031,1","99999,9,9,N","999999,9,N,9","+0082,1","+0035,1","10154,1","06,0030,9,1",,,"0,000",,,,,,,"0006,9",,,,,,"7,1,003,1,+999,9",,"4,99,0051,1","SYN017333   91110 94001",
"07390099999","1990-02-01T18:00:00","4","46.6833333","5.5166666","279.0","LONS LE SAUNIER, FR","FM-12","99999","V020","180,1,N,0021,1","99999,9,9,N","999999,9,N,9","+0067,1","+0040,1","10138,1","99,0030,9,1",,,"0,000",,,,,,,"0000,9",,,"999,M,+0089,1",,,"2,1,001,1,+999,9",,"4,99,0031,1","SYN023333   10089 91106 94000",
"07390099999","1990-02-02T00:00:00","4","46.6833333","5.5166666","279.0","LONS LE SAUNIER, FR","FM-12","99999","V020","180,1,N,0087,1","99999,9,9,N","999999,9,N,9","+0085,1","+0036,1","10108,1","06,0000,9,1",,,"4,000",,,,,,,"0000,9",,,,,,"7,1,014,1,+999,9",,"4,99,0139,1","SYN017333   91127 94000",
"07390099999","1990-02-02T06:00:00","4","46.6833333","5.5166666","279.0","LONS LE SAUNIER, FR","FM-12","99999","V020","190,1,N,0082,1","99999,9,9,N","999999,9,N,9","+0086,1","+0052,1","10120,1","99,0020,9,1",,,"0,000",,"4,1,06,1",,,,,"0066,9",,"999,+0030,9","999,N,+0061,1",,,"2,1,012,1,+999,9","41,1","4,99,0129,1","SYN029333   20061 3/003 91125 94011",
"07390099999","1990-02-02T12:00:00","4","46.6833333","5.5166666","279.0","LONS LE SAUNIER, FR","FM-12","99999","V020","250,1,N,0072,1","99999,9,9,N","999999,9,N,9","+0098,1","+0019,1","10179,1","06,0020,9,1",,,"0,000",,,,,,,"0000,9",,,,,,"2,1,023,1,+999,9",,"4,99,0108,1","SYN017333   91121 94000",
"07390099999","1990-02-02T18:00:00","4","46.6833333","5.5166666","279.0","LONS LE SAUNIER, FR","FM-12","99999","V020","140,1,N,0021,1","99999,9,9,N","999999,9,N,9","+0069,1","+0006,1","10211,1","99,0020,9,1",,,"0,000",,,,,,,"0000,9",,,"999,M,+0111,1",,,"2,1,015,1,+999,9",,"4,99,0031,1","SYN023333   10111 91106 94000",
"07390099999","1990-02-03T00:00:00","4","46.6833333","5.5166666","279.0","LONS LE SAUNIER, FR","FM-12","99999","V020","140,1,N,0031,1","99999,9,9,N","999999,9,N,9","+0052,1","+0019,1","10213,1","06,0000,9,1",,,"4,000",,,,,,,"0000,9",,,,,,"7,1,006,1,+999,9",,"4,99,0031,1","SYN017333   91106 94000",
"07390099999","1990-02-03T06:00:00","4","46.6833333","5.5166666","279.0","LONS LE SAUNIER, FR","FM-12","99999","V020","170,1,N,0031,1","99999,9,9,N","999999,9,N,9","+0074,1","+0021,1","10181,1","06,0000,9,1",,,"4,000",,,,,,,"0054,9",,"999,+0010,9","999,N,+0038,1",,,"7,1,013,1,+999,9",,"4,99,0062,1","SYN029333   20038 3/001 91112 94009",
"07390099999","1990-02-03T12:00:00","4","46.6833333","5.5166666","279.0","LONS LE SAUNIER, FR","FM-12","99999","V020","190,1,N,0098,1","99999,9,9,N","999999,9,N,9","+0128,1","+0012,1","10120,1","06,0000,9,1",,,"4,000",,,,,,,"0030,9",,,,,,"7,1,026,1,+999,9",,"4,99,0190,1","SYN017333   91137 94005",
"07390099999","1990-02-03T18:00:00","4","46.6833333","5.5166666","279.0","LONS LE SAUNIER, FR","FM-12","99999","V020","250,1,N,0098,1","99999,9,9,N","999999,9,N,9","+0102,1","+0008,1","10245,2","99,0005,9,1",,,"0,000",,,,,,,"0000,9",,,"999,M,+0144,1",,,"2,1,053,2,+999,9",,"4,99,0170,1","SYN023333   10144 91133 94000","Q01+102453APOSLPQ02+000532APC3  "
"07390099999","1990-02-04T00:00:00","4","46.6833333","5.5166666","279.0","LONS LE SAUNIER, FR","FM-12","99999","V020","190,1,N,0021,1","99999,9,9,N","999999,9,N,9","+0066,1","+0009,1","10314,1","06,0000,9,1",,,"4,000",,,,,,,"0000,9",,,,,,"2,1,015,1,+999,9",,"4,99,0031,1","SYN017333   91106 94000",
"07390099999","1990-02-04T06:00:00","4","46.6833333","5.5166666","279.0","LONS LE SAUNIER, FR","FM-12","99999","V020","090,1,N,0021,1","99999,9,9,N","999999,9,N,9","+0017,1","-0005,1","10333,1","06,0000,9,1",,,"4,000",,,,,,,"0282,9",,"999,-0010,9","999,N,+0017,1",,,"2,1,010,1,+999,9",,"4,99,0041,1","SYN029333   20017 3/101 91108 94047",
"07390099999","1990-02-04T12:00:00","4","46.6833333","5.5166666","279.0","LONS LE SAUNIER, FR","FM-12","99999","V020","360,1,N,0021,1","99999,9,9,N","999999,9,N,9","+0090,1","+0014,1","10322,1","06,0000,9,1",,,"4,000",,,,,,,"0060,9",,,,,,"2,1,006,1,+999,9",,"4,99,0051,1","SYN017333   91110 94010",
"07390099999","1990-02-04T18:00:00","4","46.6833333","5.5166666","279.0","LONS LE SAUNIER, FR","FM-12","99999","V020","230,1,N,0021,1","99999,9,9,N","999999,9,N,9","+0071,1","+0005,1","10313,1","06,0000,9,1",,,"4,000",,,,,,,"0000,9",,,"999,M,+0121,1",,,"2,1,007,1,+999,9",,"4,99,0021,1","SYN023333   10121 91104 94000",
"07390099999","1990-02-05T00:00:00","4","46.6833333","5.5166666","279.0","LONS LE SAUNIER, FR","FM-12","99999","V020","090,1,N,0021,1","99999,9,9,N","999999,9,N,9","+0051,1","-0020,1","10314,1","06,0000,9,1",,,"4,000",,,,,,,"0000,9",,,,,,"7,1,001,1,+999,9",,"4,99,0031,1","SYN017333   91106 94000",
"07390099999","1990-02-05T06:00:00","4","46.6833333","5.5166666","279.0","LONS LE SAUNIER, FR","FM-12","99999","V020","130,1,N,0031,1","99999,9,9,N","999999,9,N,9","+0039,1","-0019,1","10300,1","06,0000,9,1",,,"4,000",,,,,,,"0540,9",,"999,+0010,9","999,N,+0031,1",,,"7,1,007,1,+999,9",,"4,99,0051,1","SYN029333   20031 3/001 91110 94090",
"07390099999","1990-02-05T12:00:00","4","46.6833333","5.5166666","279.0","LONS LE SAUNIER, FR","FM-12","99999","V020","180,1,N,0108,1","99999,9,9,N","999999,9,N,9","+0137,1","-0023,1","10280,1","06,0000,9,1",,,"4,000",,,,,,,"0060,9",,,,,,"7,1,015,1,+999,9",,"4,99,0160,1","SYN017333   91131 94010",
"07390099999","1990-02-05T18:00:00","4","46.6833333","5.5166666","279.0","LONS LE SAUNIER, FR","FM-12","99999","V020","140,1,N,0051,1","99999,9,9,N","999999,9,N,9","+0094,1","+0003,1","10259,1","06,0000,9,1",,,"4,000",,,,,,,"0000,9",,,"999,M,+0144,1",,,"7,1,007,1,+999,9",,"4,99,0062,1","SYN023333   10144 91112 94000",
"07390099999","1990-02-06T00:00:00","4","46.6833333","5.5166666","279.0","LONS LE SAUNIER, FR","FM-12","99999","V020","100,1,N,0031,1","99999,9,9,N","999999,9,N,9","+0055,1","+0007,1","10245,1","06,0000,9,1",,,"4,000",,,,,,,"0000,9",,,,,,"7,1,014,1,+999,9",,"4,99,0062,1","SYN017333   91112 94000",
"07390099999","1990-02-06T06:00:00","4","46.6833333","5.5166666","279.0","LONS LE SAUNIER, FR","FM-12","99999","V020","150,1,N,0031,1","99999,9,9,N","999999,9,N,9","+0070,1","-0047,1","10210,1","06,0000,9,1",,,"4,000",,,,,,,"0558,9",,"999,+0020,9","999,N,+0046,1",,,"7,1,013,1,+999,9",,"4,99,0062,1","SYN029333   20046 3/002 91112 94093",
"07390099999","1990-02-06T12:00:00","4","46.6833333","5.5166666","279.0","LONS LE SAUNIER, FR","FM-12","99999","V020","190,1,N,0087,1","99999,9,9,N","999999,9,N,9","+0141,1","-0015,1","10179,1","06,0000,9,1",,,"4,000",,,,,,,"0060,9",,,,,,"7,1,017,1,+999,9",,"4,99,0149,1","SYN017333   91129 94010",
"07390099999","1990-02-06T18:00:00","4","46.6833333","5.5166666","279.0","LONS LE SAUNIER, FR","FM-12","99999","V020","180,1,N,0062,1","99999,9,9,N","999999,9,N,9","+0109,1","+0022,1","10191,1","06,0000,9,1",,,"4,000",,,,,,,"0000,9",,,"999,M,+0144,1",,,"2,1,008,1,+999,9",,"4,99,0098,1","SYN023333   10144 91119 94000",
"07390099999","1990-02-07T00:00:00","4","46.6833333","5.5166666","279.0","LONS LE SAUNIER, FR","FM-12","99999","V020","140,1,N,0041,1","99999,9,9,N","999999,9,N,9","+0076,1","+0062,1","10233,1","06,0020,9,1",,,"0,000",,"4,1,06,1",,,,,"0000,9",,,,,,"2,1,016,1,+999,9","21,1","4,99,0062,1","SYN017333   91112 94000",
"07390099999","1990-02-07T06:00:00","4","46.6833333","5.5166666","279.0","LONS LE SAUNIER, FR","FM-12","99999","V020","190,1,N,0031,1","99999,9,9,N","999999,9,N,9","+0073,1","+0039,1","10219,1","99,0020,9,1",,,"0,000",,,,,,,"0462,9",,"999,+0040,9","999,N,+0059,1",,,"2,1,003,1,+999,9",,"4,99,0051,1","SYN029333   20059 3/004 91110 94077",
"07390099999","1990-02-07T12:00:00","4","46.6833333","5.5166666","279.0","LONS LE SAUNIER, FR","FM-12","99999","V020","190,1,N,0051,1","99999,9,9,N","999999,9,N,9","+0117,1","+0054,1","10221,1","06,0000,9,1",,,"4,000",,,,,,,"0000,9",,,,,,"7,1,001,1,+999,9",,"4,99,0082,1","SYN017333   91116 94000",
"07390099999","1990-02-07T18:00:00","4","46.6833333","5.5166666","279.0","LONS LE SAUNIER, FR","FM-12","99999","V020","180,1,N,0031,1","99999,9,9,N","999999,9,N,9","+0122,1","+0034,1","10227,1","06,0000,9,1",,,"4,000",,,,,,,"0000,9",,,"999,M,+0137,1",,,"2,1,010,1,+999,9",,"4,99,0051,1","SYN023333   10137 91110 94000",
"07390099999","1990-02-08T00:00:00","4","46.6833333","5.5166666","279.0","LONS LE SAUNIER, FR","FM-12","99999","V020","200,1,N,0051,1","99999,9,9,N","999999,9,N,9","+0116,1","+0043,1","10231,1","06,0000,9,1",,,"4,000",,,,,,,"0000,9",,,,,,"2,1,004,1,+999,9",,"4,99,0088,1","SYN017333   91117 94000",
"07390099999","1990-02-08T06:00:00","4","46.6833333","5.5166666","279.0","LONS LE SAUNIER, FR","FM-12","99999","V020","190,1,N,0098,1","99999,9,9,N","999999,9,N,9","+0119,1","+0044,1","10215,1","06,0000,9,1",,,"4,000",,,,,,,"0150,9",,"999,+0090,9","999,N,+0104,1",,,"7,1,005,1,+999,9",,"4,99,0149,1","SYN029333   20104 3/009 91129 94025",
"07390099999","1990-02-08T12:00:00","4","46.6833333","5.5166666","279.0","LONS LE SAUNIER, FR","FM-12","99999","V020","250,1,N,0051,1","99999,9,9,N","999999,9,N,9","+0116,1","+0073,1","10267,1","06,0000,9,1",,,"4,000",,,,,,,"0000,9",,,,,,"2,1,020,1,+999,9",,"4,99,0072,1","SYN017333   91114 94000",
"07390099999","1990-02-08T18:00:00","4","46.6833333","5.5166666","279.0","LONS LE SAUNIER, FR","FM-12","99999","V020","260,1,N,0021,1","99999,9,9,N","999999,9,N,9","+0085,1","+0012,1","10301,1","99,9999,2,9",,,"0,000",,,,,,,"0000,9",,,"999,M,+0127,1",,,"2,1,023,1,+999,9",,"4,99,0031,1","SYN023333   10127 91106 94000",
"07390099999","1990-02-09T00:00:00","4","46.6833333","5.5166666","279.0","LONS LE SAUNIER, FR","FM-12","99999","V020","060,1,N,0010,1","99999,9,9,N","999999,9,N,9","+0045,1","+0003,1","10330,1","06,0000,9,1",,,"4,000",,,,,,,"0000,9",,,,,,"2,1,008,1,+999,9",,"4,99,0021,1","SYN017333   91104 94000",
"07390099999","1990-02-09T06:00:00","4","46.6833333","5.5166666","279.0","LONS LE SAUNIER, FR","FM-12","99999","V020","080,1,N,0021,1","99999,9,9,N","999999,9,N,9","+0011,1","-0013,1","10333,1","06,0000,9,1",,,"4,000",,,,,,,"0132,9",,"999,-0020,9","999,N,+0004,1",,,"7,1,001,1,+999,9",,"4,99,0031,1","SYN029333   20004 3/102 91106 94022",
"07390099999","1990-02-09T12:00:00","4","46.6833333","5.5166666","279.0","LONS LE SAUNIER, FR","FM-12","99999","V020","020,1,N,0021,1","99999,9,9,N","999999,9,N,9","+0083,1","-0010,1","10327,1","06,0000,9,1",,,"4,000",,,,,,,"0060,9",,,,,,"7,1,011,1,+999,9",,"4,99,0041,1","SYN017333   91108 94010",
"07390099999","1990-02-09T18:00:00","4","46.6833333","5.5166666","279.0","LONS LE SAUNIER, FR","FM-12","99999","V020","030,1,N,0021,1","99999,9,9,N","999999,9,N,9","+0050,1","-0035,1","10309,1","06,0000,9,1",,,"4,000",,,,,,,"0000,9",,,"999,M,+0100,1",,,"2,1,001,1,+999,9",,"4,99,0031,1","SYN023333   10100 91106 94000",
"07390099999","1990-02-10T00:00:00","4","46.6833333","5.5166666","279.0","LONS LE SAUNIER, FR","FM-12","99999","V020","080,1,N,0031,1","99999,9,9,N","999999,9,N,9","+0023,1","-0044,1","10276,1","06,0000,9,1",,,"4,000",,,,,,,"0000,9",,,,,,"7,1,018,1,+999,9",,"4,99,0041,1","SYN017333   91108 94000",
"07390099999","1990-02-10T06:00:00","4","46.6833333","5.5166666","279.0","LONS LE SAUNIER, FR","FM-12","99999","V020","130,1,N,0010,1","99999,9,9,N","999999,9,N,9","+0026,1","-0055,1","10221,1","06,0000,9,1",,,"4,000",,,,,,,"0546,9",,"999,-0010,9","999,N,+0004,1",,,"7,1,027,1,+999,9",,"4,99,0021,1","SYN029333   20004 3/101 91104 94091",
"07390099999","1990-02-10T12:00:00","4","46.6833333","5.5166666","279.0","LONS LE SAUNIER, FR","FM-12","99999","V020","180,1,N,0098,1","99999,9,9,N","999999,9,N,9","+0093,1","-0036,1","10178,1","06,0000,9,1",,,"4,000",,,,,,,"0000,9",,,,,,"7,1,016,1,+999,9",,"4,99,0170,1","SYN017333   91133 94000",
"07390099999","1990-02-10T18:00:00","4","46.6833333","5.5166666","279.0","LONS LE SAUNIER, FR","FM-12","99999","V020","180,1,N,0082,1","99999,9,9,N","999999,9,N,9","+0060,1","+0013,1","10144,1","99,0010,9,1",,,"0,000",,"4,1,06,1",,,,,"0000,9",,,"999,M,+0100,1",,,"7,1,016,1,+999,9","21,1","4,99,0160,1","SYN023333   10100 91131 94000",
"07390099999","1990-02-11T00:00:00","4","46.6833333","5.5166666","279.0","LONS LE SAUNIER, FR","FM-12","99999","V020","190,1,N,0087,1","99999,9,9,N","999999,9,N,9","+0078,1","+0019,1","10098,1","06,0010,9,1",,,"0,000",,,,,,,"0000,9",,,,,,"7,1,028,1,+999,9",,"4,99,0170,1","SYN017333   91133 94000",
"07390099999","1990-02-19T12:00:00","4","46.6833333","5.5166666","279.0","LONS LE SAUNIER, FR","FM-12","99999","V020","220,1,N,0051,1","99999,9,9,N","999999,9,N,9","+0149,1","+9999,9","99999,9",,,,"2,000",,,,,,,,,,,,"99999,9,10000,1",,,"4,99,0082,1","SYN011333   91116",
"07390099999","1990-02-20T18:00:00","4","46.6833333","5.5166666","279.0","LONS LE SAUNIER, FR","FM-12","99999","V020","170,1,N,0021,1","99999,9,9,N","999999,9,N,9","+0118,1","+0059,1","10277,1",,,,"2,000",,,,,,,"0000,9",,,,,,"2,1,008,1,+999,9",,"4,99,0031,1","SYN017333   91106 94000",
"07390099999","1990-02-21T00:00:00","4","46.6833333","5.5166666","279.0","LONS LE SAUNIER, FR","FM-12","99999","V020","170,1,N,0072,1","99999,9,9,N","999999,9,N,9","+0109,1","+0054,1","10290,1","06,0000,9,1",,,"4,000",,,,,,,"0000,9",,,,,,"2,1,003,1,+999,9",,"4,99,0108,1","SYN017333   91121 94000",
"07390099999","1990-02-21T18:00:00","4","46.6833333","5.5166666","279.0","LONS LE SAUNIER, FR","FM-12","99999","V020","090,1,N,0021,1","99999,9,9,N","999999,9,N,9","+0108,1","+0049,1","10362,1",,,,"2,000",,,,,,,,,,,,,"2,1,014,1,+999,9",,"4,99,0021,1","SYN011333   91104",
"07390099999","1990-02-22T00:00:00","4","46.6833333","5.5166666","279.0","LONS LE SAUNIER, FR","FM-12","99999","V020","070,1,N,0031,1","99999,9,9,N","999999,9,N,9","+0067,1","+0040,1","10384,1","06,0000,9,1",,,"4,000",,,,,,,,,,,,,"2,1,002,1,+999,9",,"4,99,0041,1","SYN011333   91108",
"07390099999","1990-02-22T06:00:00","4","46.6833333","5.5166666","279.0","LONS LE SAUNIER, FR","FM-12","99999","V020","030,1,N,0010,1","99999,9,9,N","999999,9,N,9","+0065,1","+0033,1","10366,1","06,0000,9,1",,,"4,000",,,,,,,"0006,9",,"999,+0030,9","999,N,+0055,1",,,"7,1,005,1,+999,9",,"4,99,0021,1","SYN029333   20055 3/003 91104 94001",
"07390099999","1990-02-22T12:00:00","4","46.6833333","5.5166666","279.0","LONS LE SAUNIER, FR","FM-12","99999","V020","220,1,N,0021,1","99999,9,9,N","999999,9,N,9","+0092,1","+0059,1","10376,1","06,0000,9,1",,,"4,000",,,,,,,,,,,,,"2,1,001,1,+999,9",,"4,99,0041,1","SYN011333   91108",
"07390099999","1990-02-22T18:00:00","4","46.6833333","5.5166666","279.0","LONS LE SAUNIER, FR","FM-12","99999","V020","060,1,N,0010,1","99999,9,9,N","999999,9,N,9","+0104,1","+0058,1","10354,1","06,0000,9,1",,,"4,000",,,,,,,,,,"999,M,+0130,1",,,"7,1,004,1,+999,9",,"4,99,0021,1","SYN017333   10130 91104",
"07390099999","1990-02-23T00:00:00","4","46.6833333","5.5166666","279.0","LONS LE SAUNIER, FR","FM-12","99999","V020","080,1,N,0021,1","99999,9,9,N","999999,9,N,9","+0071,1","+0041,1","10359,1","06,0000,9,1",,,"4,000",,,,,,,,,,,,,"7,1,002,1,+999,9",,"4,99,0031,1","SYN011333   91106",
"07390099999","1990-02-23T06:00:00","4","46.6833333","5.5166666","279.0","LONS LE SAUNIER, FR","FM-12","99999","V020","110,1,N,0021,1","99999,9,9,N","999999,9,N,9","+0051,1","+0014,1","10361,1","06,0000,9,1",,,"4,000",,,,,,,,,"999,+0020,9","999,N,+0051,1",,,"2,1,004,1,+999,9",,"4,99,0031,1","SYN029333   20051 3/002 91106 94///",
"07390099999","1990-02-23T12:00:00","4","46.6833333","5.5166666","279.0","LONS LE SAUNIER, FR","FM-12","99999","V020","230,1,N,0031,1","99999,9,9,N","999999,9,N,9","+0164,1","+0060,1","10349,1","06,0000,9,1",,,"4,000",,,,,,,,,,,,,"7,1,008,1,+999,9",,"4,99,0051,1","SYN011333   91110",
"07390099999","1990-02-23T18:00:00","4","46.6833333","5.5166666","279.0","LONS LE SAUNIER, FR","FM-12","99999","V020","110,1,N,0021,1","99999,9,9,N","999999,9,N,9","+0146,1","+0028,1","10331,1","06,0000,9,1",,,"4,000",,,,,,,,,,"999,M,+0192,1",,,"7,1,003,1,+999,9",,"4,99,0021,1","SYN017333   10192 91104",
"07390099999","1990-02-24T00:00:00","4","46.6833333","5.5166666","279.0","LONS LE SAUNIER, FR","FM-12","99999","V020","090,1,N,0031,1","99999,9,9,N","999999,9,N,9","+0095,1","+0014,1","10330,1","06,0000,9,1",,,"4,000",,,,,,,,,,,,,"7,1,005,1,+999,9",,"4,99,0041,1","SYN011333   91108",
"07390099999","1990-02-24T06:00:00","4","46.6833333","5.5166666","279.0","LONS LE SAUNIER, FR","FM-12","99999","V020","110,1,N,0021,1","99999,9,9,N","999999,9,N,9","+0073,1","-0002,1","10320,1","06,0000,9,1",,,"4,000",,,,,,,,,"999,+0030,9","999,N,+0073,1",,,"2,1,002,1,+999,9",,"4,99,0031,1","SYN029333   20073 3/003 91106 94///",
"07390099999","1990-02-24T12:00:00","4","46.6833333","5.5166666","279.0","LONS LE SAUNIER, FR","FM-12","99999","V020","230,1,N,0021,1","99999,9,9,N","999999,9,N,9","+0172,1","+0042,1","10287,1","06,0000,9,1",,,"4,000",,,,,,,,,,,,,"7,1,019,1,+999,9",,"4,99,0041,1","SYN011333   91108",
"07390099999","1990-02-24T18:00:00","4","46.6833333","5.5166666","279.0","LONS LE SAUNIER, FR","FM-12","99999","V020","120,1,N,0021,1","99999,9,9,N","999999,9,N,9","+0145,1","+0033,1","10254,1","06,0000,9,1",,,"4,000",,,,,,,,,,"999,M,+0197,1",,,"7,1,010,1,+999,9",,"4,99,0031,1","SYN017333   10197 91106",
"07390099999","1990-02-25T00:00:00","4","46.6833333","5.5166666","279.0","LONS LE SAUNIER, FR","FM-12","99999","V020","180,1,N,0041,1","99999,9,9,N","999999,9,N,9","+0107,1","+0007,1","10239,1","06,0000,9,1",,,"4,000",,,,,,,,,,,,,"7,1,009,1,+999,9",,"4,99,0062,1","SYN011333   91112",
"07390099999","1990-02-25T06:00:00","4","46.6833333","5.5166666","279.0","LONS LE SAUNIER, FR","FM-12","99999","V020","130,1,N,0021,1","99999,9,9,N","999999,9,N,9","+0084,1","+0001,1","10214,1","06,0000,9,1",,,"4,000",,,,,,,,,"999,+0040,9","999,N,+0081,1",,,"7,1,012,1,+999,9",,"4,99,0031,1","SYN029333   20081 3/004 91106 94///",
"07390099999","1990-02-25T12:00:00","4","46.6833333","5.5166666","279.0","LONS LE SAUNIER, FR","FM-12","99999","V020","220,1,N,0082,1","99999,9,9,N","999999,9,N,9","+0169,1","+0014,1","10171,1","06,0000,9,1",,,"4,000",,,,,,,,,,,,,"7,1,014,1,+999,9",,"4,99,0108,1","SYN011333   91121",
"07390099999","1990-02-25T18:00:00","4","46.6833333","5.5166666","279.0","LONS LE SAUNIER, FR","FM-12","99999","V020","200,1,N,0041,1","99999,9,9,N","999999,9,N,9","+0119,1","+0046,1","10189,1","06,0000,9,1",,,"4,000",,,,,,,,,,"999,M,+0178,1",,,"2,1,020,1,+999,9",,"4,99,0072,1","SYN017333   10178 91114",
"07390099999","1990-02-26T00:00:00","4","46.6833333","5.5166666","279.0","LONS LE SAUNIER, FR","FM-12","99999","V020","210,1,N,0041,1","99999,9,9,N","999999,9,N,9","+0102,1","+0052,1","10202,1","06,0000,9,1",,,"4,000",,,,,,,,,,,,,"7,1,007,1,+999,9",,"4,99,0072,1","SYN011333   91114",
"07390099999","1990-02-26T06:00:00","4","46.6833333","5.5166666","279.0","LONS LE SAUNIER, FR","FM-12","99999","V020","180,1,N,0072,1","99999,9,9,N","999999,9,N,9","+0107,1","+0030,1","10163,1","06,0000,9,1",,,"4,000",,,,,,,,,"999,+0090,9","999,N,+0100,1",,,"7,1,017,1,+999,9",,"4,99,0108,1","SYN029333   20100 3/009 91121 94///",
"07390099999","1990-02-26T18:00:00","4","46.6833333","5.5166666","279.0","LONS LE SAUNIER, FR","FM-12","99999","V020","220,1,N,0082,1","99999,9,9,N","999999,9,N,9","+0109,1","+0052,1","10138,1","99,0030,9,1",,,"0,000",,,,,,,,,,"999,M,+0121,1",,,"2,1,028,1,+999,9",,"4,99,0129,1","SYN017333   10121 91125",
"07390099999","1990-02-27T00:00:00","4","46.6833333","5.5166666","279.0","LONS LE SAUNIER, FR","FM-12","99999","V020","230,1,N,0087,1","99999,9,9,N","999999,9,N,9","+0101,1","+0029,1","10150,1","06,0000,9,1",,,"4,000",,,,,,,,,,,,,"7,1,002,1,+999,9",,"4,99,0129,1","SYN011333   91125",
"07390099999","1990-02-27T06:00:00","4","46.6833333","5.5166666","279.0","LONS LE SAUNIER, FR","FM-12","99999","V020","190,1,N,0082,1","99999,9,9,N","999999,9,N,9","+0094,1","+0036,1","10090,1","99,0005,9,1",,,"0,000",,"4,1,06,1",,,,,,,"999,+0070,9","999,N,+0086,1",,,"7,1,045,1,+999,9","21,1","4,99,0129,1","SYN029333   20086 3/007 91125 94///",
"07390099999","1990-02-27T12:00:00","4","46.6833333","5.5166666","279.0","LONS LE SAUNIER, FR","FM-12","99999","V020","240,1,N,0129,1","99999,9,9,N","999999,9,N,9","+0128,1","+0068,1","10047,1","06,0003,9,1",,,"0,000",,,,,,,,,,,,,"7,1,015,1,+999,9",,"4,99,0211,1","SYN011333   91141",
"07390099999","1990-02-27T18:00:00","4","46.6833333","5.5166666","279.0","LONS LE SAUNIER, FR","FM-12","99999","V020","270,1,N,0082,1","99999,9,9,N","999999,9,N,9","+0073,1","+0018,1","10120,1","99,0040,9,1",,,"0,000",,,,,,,,,,"999,M,+0135,1",,,"2,1,045,1,+999,9",,"4,99,0129,1","SYN017333   10135 91125",
"07390099999","1990-02-28T00:00:00","4","46.6833333","5.5166666","279.0","LONS LE SAUNIER, FR","FM-12","99999","V020","170,1,N,0031,1","99999,9,9,N","999999,9,N,9","+0045,1","+0015,1","10179,1","06,0005,9,1",,,"0,000",,,,,,,,,,,,,"2,1,019,1,+999,9",,"4,99,0031,1","SYN011333   91106",
"07390099999","1990-02-28T06:00:00","4","46.6833333","5.5166666","279.0","LONS LE SAUNIER, FR","FM-12","99999","V020","220,1,N,0051,1","99999,9,9,N","999999,9,N,9","+0056,1","+0012,1","10178,1","99,0005,9,1",,,"0,000",,,,,,,,,"999,+0030,9","999,N,+0041,1",,,"7,1,001,1,+999,9",,"4,99,0082,1","SYN029333   20041 3/003 91116 94///",
"07390099999","1990-02-28T12:00:00","4","46.6833333","5.5166666","279.0","LONS LE SAUNIER, FR","FM-12","99999","V020","200,1,N,0072,1","99999,9,9,N","999999,9,N,9","+0071,1","+0048,1","10132,1","06,0060,9,1",,,"0,000",,"4,1,06,1",,,,,,,,,,,"7,1,026,1,+999,9","21,1","4,99,0108,1","SYN011333   91121",
"07390099999","1990-02-28T18:00:00","4","46.6833333","5.5166666","279.0","LONS LE SAUNIER, FR","FM-12","99999","V020","200,1,N,0051,1","99999,9,9,N","999999,9,N,9","+0101,1","+0061,1","10105,1","99,0070,9,1",,,"0,000",,,,,,,,,,"999,M,+0106,1",,,"4,1,000,1,+999,9",,"4,99,0082,1","SYN017333   10106 91116",
"07390099999","1990-03-01T00:00:00","4","46.6833333","5.5166666","279.0","LONS LE SAUNIER, FR","FM-12","99999","V020","230,1,N,0087,1","99999,9,9,N","999999,9,N,9","+0108,1","+0049,1","10082,1","06,0000,9,1",,,"4,000",,,,,,,,,,,,,"7,1,009,1,+999,9",,"4,99,0149,1","SYN011333   91129",
"07390099999","1990-03-01T06:00:00","4","46.6833333","5.5166666","279.0","LONS LE SAUNIER, FR","FM-12","99999","V020","240,1,N,0041,1","99999,9,9,N","999999,9,N,9","+0054,1","+0002,1","10125,1","99,0040,9,1",,,"0,000",,,,,,,,,"999,+0040,9","999,N,+0051,1",,,"2,1,022,1,+999,9",,"4,99,0051,1","SYN029333   20051 3/004 91110 94///",
"07390099999","1990-03-01T12:00:00","4","46.6833333","5.5166666","279.0","LONS LE SAUNIER, FR","FM-12","99999","V020","260,1,N,0087,1","99999,9,9,N","999999,9,N,9","+0070,1","-0007,1","10151,1","06,0000,9,1",,,"4,000",,,,,,,,,,,,,"2,1,005,1,+999,9",,"4,99,0118,1","SYN011333   91123",
"07390099999","1990-03-01T18:00:00","4","46.6833333","5.5166666","279.0","LONS LE SAUNIER, FR","FM-12","99999","V020","250,1,N,0041,1","99999,9,9,N","999999,9,N,9","+0044,1","-0010,1","10186,1","99,0010,9,1",,,"0,000",,,,,,,,,,"999,M,+0089,1",,,"2,1,019,1,+999,9",,"4,99,0082,1","SYN017333   10089 91116",
"07390099999","1990-03-02T00:00:00","4","46.6833333","5.5166666","279.0","LONS LE SAUNIER, FR","FM-12","99999","V020","200,1,N,0031,1","99999,9,9,N","999999,9,N,9","+0027,1","-0028,1","10215,1","06,0000,9,1",,,"4,000",,,,,,,,,,,,,"2,1,011,1,+999,9",,"4,99,0041,1","SYN011333   91108",
"07390099999","1990-03-02T06:00:00","4","46.6833333","5.5166666","279.0","LONS LE SAUNIER, FR","FM-12","99999","V020","200,1,N,0041,1","99999,9,9,N","999999,9,N,9","+0016,1","-0018,1","10236,1","06,0000,9,1",,,"4,000",,,,,,,,,"999,+0000,9","999,N,+0014,1",,,"2,1,016,1,+999,9",,"4,99,0051,1","SYN029333   20014 3/000 91110 94///",
"07390099999","1990-03-02T12:00:00","4","46.6833333","5.5166666","279.0","LONS LE SAUNIER, FR","FM-12","99999","V020","360,1,N,0021,1","99999,9,9,N","999999,9,N,9","+0005,1","-0013,1","10303,1","06,0010,9,1",,,"0,000",,"4,1,06,1",,,,,,,,,,,"2,1,034,1,+999,9","21,1","4,99,0051,1","SYN011333   91110",
"07390099999","1990-03-02T18:00:00","4","46.6833333","5.5166666","279.0","LONS LE SAUNIER, FR","FM-12","99999","V020","320,1,N,0031,1","99999,9,9,N","999999,9,N,9","+0013,1","-0041,1","10356,1","99,0020,9,1",,,"0,000",,"4,1,06,1",,,,,,,,"999,M,+0043,1",,,"2,1,032,1,+999,9","21,1","4,99,0082,1","SYN017333   10043 91116",
"07390099999","1990-03-03T00:00:00","4","46.6833333","5.5166666","279.0","LONS LE SAUNIER, FR","FM-12","99999","V020","350,1,N,0021,1","99999,9,9,N","999999,9,N,9","-0011,1","-0038,1","10423,1","06,0003,9,1",,,"0,000",,,,,,,,,,,,,"2,1,019,1,+999,9",,"4,99,0041,1","SYN011333   91108",
"07390099999","1990-03-03T06:00:00","4","46.6833333","5.5166666","279.0","LONS LE SAUNIER, FR","FM-12","99999","V020","020,1,N,0031,1","99999,9,9,N","999999,9,N,9","-0025,1","-0042,1","10444,1","99,0003,9,1",,,"0,000",,,,,,,,,"999,-0050,9","999,N,-0029,1",,,"2,1,012,1,+999,9",,"4,99,0041,1","SYN029333   21029 3/105 91108 94///",
"07390099999","1990-03-03T12:00:00","4","46.6833333","5.5166666","279.0","LONS LE SAUNIER, FR","FM-12","99999","V020","350,1,N,0041,1","99999,9,9,N","999999,9,N,9","+0052,1","-0033,1","10451,1","06,0000,9,1",,,"4,000",,,,,,,"0000,9",,,,,,"4,1,000,1,+999,9",,"4,99,0072,1","SYN017333   91114 94000",
"07390099999","1990-03-03T18:00:00","4","46.6833333","5.5166666","279.0","LONS LE SAUNIER, FR","FM-12","99999","V020","360,1,N,0041,1","99999,9,9,N","999999,9,N,9","+0031,1","-0055,1","10445,1","06,0000,9,1",,,"4,000",,,,,,,"0000,9",,,"999,M,+0062,1",,,"2,1,001,1,+999,9",,"4,99,0072,1","SYN023333   10062 91114 94000",
"07390099999","1990-03-04T00:00:00","4","46.6833333","5.5166666","279.0","LONS LE SAUNIER, FR","FM-12","99999","V020","330,1,N,0031,1","99999,9,9,N","999999,9,N,9","-0011,1","-0050,1","10457,1","06,0000,9,1",,,"4,000",,,,,,,"0000,9",,,,,,"4,1,000,1,+999,9",,"4,99,0031,1","SYN017333   91106 94000",
"07390099999","1990-03-04T06:00:00","4","46.6833333","5.5166666","279.0","LONS LE SAUNIER, FR","FM-12","99999","V020","170,1,N,0021,1","99999,9,9,N","999999,9,N,9","-0034,1","-0068,1","10461,1","06,0000,9,1",,,"4,000",,,,,,,"0000,9",,"999,-0060,9","999,N,-0034,1",,,"2,1,005,1,+999,9",,"4,99,0031,1","SYN029333   21034 3/106 91106 94000",
"07390099999","1990-03-04T12:00:00","4","46.6833333","5.5166666","279.0","LONS LE SAUNIER, FR","FM-12","99999","V020","230,1,N,0021,1","99999,9,9,N","999999,9,N,9","+0060,1","-0042,1","10445,1","06,0000,9,1",,,"4,000",,,,,,,"0000,9",,,,,,"7,1,009,1,+999,9",,"4,99,0031,1","SYN017333   91106 94000",
"07390099999","1990-03-04T18:00:00","4","46.6833333","5.5166666","279.0","LONS LE SAUNIER, FR","FM-12","99999","V020","350,1,N,0021,1","99999,9,9,N","999999,9,N,9","+0052,1","-0031,1","10416,1","06,0000,9,1",,,"4,000",,,,,,,"0000,9",,,"999,M,+0082,1",,,"7,1,009,1,+999,9",,"4,99,0031,1","SYN023333   10082 91106 94000",
"07390099999","1990-03-05T00:00:00","4","46.6833333","5.5166666","279.0","LONS LE SAUNIER, FR","FM-12","99999","V020","030,1,N,0010,1","99999,9,9,N","999999,9,N,9","+0003,1","-0040,1","10405,1","06,0000,9,1",,,"4,000",,,,,,,"0000,9",,,,,,"7,1,008,1,+999,9",,"4,99,0021,1","SYN017333   91104 94000",
"07390099999","1990-03-05T06:00:00","4","46.6833333","5.5166666","279.0","LONS LE SAUNIER, FR","FM-12","99999","V020","130,1,N,0021,1","99999,9,9,N","999999,9,N,9","-0029,1","-0055,1","10390,1","06,0000,9,1",,,"4,000",,,,,,,"0000,9",,"999,-0060,9","999,N,-0029,1",,,"7,1,008,1,+999,9",,"4,99,0031,1","SYN029333   21029 3/106 91106 94000",
"07390099999","1990-03-05T12:00:00","4","46.6833333","5.5166666","279.0","LONS LE SAUNIER, FR","FM-12","99999","V020","220,1,N,0010,1","99999,9,9,N","999999,9,N,9","+0077,1","-0010,1","10366,1","06,0000,9,1",,,"4,000",,,,,,,"0000,9",,,,,,"7,1,014,1,+999,9",,"4,99,0031,1","SYN017333   91106 94000",
"07390099999","1990-03-05T18:00:00","4","46.6833333","5.5166666","279.0","LONS LE SAUNIER, FR","FM-12","99999","V020","250,1,N,0021,1","99999,9,9,N","999999,9,N,9","+0068,1","-0031,1","10333,1","06,0000,9,1",,,"4,000",,,,,,,"0000,9",,,"999,M,+0101,1",,,"7,1,008,1,+999,9",,"4,99,0021,1","SYN023333   10101 91104 94000",
"07390099999","1990-03-06T00:00:00","4","46.6833333","5.5166666","279.0","LONS LE SAUNIER, FR","FM-12","99999","V020","090,1,N,0031,1","99999,9,9,N","999999,9,N,9","+0014,1","-0033,1","10329,1","06,0000,9,1",,,"4,000",,,,,,,"0000,9",,,,,,"7,1,006,1,+999,9",,"4,99,0041,1","SYN017333   91108 94000",
"07390099999","1990-03-06T06:00:00","4","46.6833333","5.5166666","279.0","LONS LE SAUNIER, FR","FM-12","99999","V020","110,1,N,0021,1","99999,9,9,N","999999,9,N,9","-0003,1","-0044,1","10318,1","06,0000,9,1",,,"4,000",,,,,,,"0000,9",,"999,-0030,9","999,N,-0004,1",,,"4,1,000,1,+999,9",,"4,99,0031,1","SYN029333   21004 3/103 91106 94000",
"07390099999","1990-03-06T12:00:00","4","46.6833333","5.5166666","279.0","LONS LE SAUNIER, FR","FM-12","99999","V020","200,1,N,0021,1","99999,9,9,N","999999,9,N,9","+0104,1","-0023,1","10297,1","06,0000,9,1",,,"4,000",,,,,,,"0000,9",,,,,,"7,1,011,1,+999,9",,"4,99,0041,1","SYN017333   91108 94000",
"07390099999","1990-03-06T18:00:00","4","46.6833333","5.5166666","279.0","LONS LE SAUNIER, FR","FM-12","99999","V020","180,1,N,0021,1","99999,9,9,N","999999,9,N,9","+0103,1","-0069,1","10280,1","06,0000,9,1",,,"4,000",,,,,,,"0000,9",,,"999,M,+0130,1",,,"2,1,002,1,+999,9",,"4,99,0031,1","SYN023333   10130 91106 94000",
"07390099999","1990-03-07T00:00:00","4","46.6833333","5.5166666","279.0","LONS LE SAUNIER, FR","FM-12","99999","V020","110,1,N,0031,1","99999,9,9,N","999999,9,N,9","+0050,1","-0078,1","10284,1","06,0000,9,1",,,"4,000",,,,,,,"0000,9",,,,,,"7,1,008,1,+999,9",,"4,99,0031,1","SYN017333   91106 94000",
"07390099999","1990-03-07T06:00:00","4","46.6833333","5.5166666","279.0","LONS LE SAUNIER, FR","FM-12","99999","V020","090,1,N,0031,1","99999,9,9,N","999999,9,N,9","+0015,1","-0068,1","10284,1","06,0000,9,1",,,"4,000",,,,,,,"0000,9",,"999,-0010,9","999,N,+0013,1",,,"2,1,002,1,+999,9",,"4,99,0041,1","SYN029333   20013 3/101 91108 94000",
"07390099999","1990-03-07T12:00:00","4","46.6833333","5.5166666","279.0","LONS LE SAUNIER, FR","FM-12","99999","V020","250,1,N,0031,1","99999,9,9,N","999999,9,N,9","+0125,1","-0050,1","10270,1","06,0000,9,1",,,"4,000",,,,,,,"0000,9",,,,,,"7,1,011,1,+999,9",,"4,99,0041,1","SYN017333   91108 94000",
"07390099999","1990-03-07T18:00:00","4","46.6833333","5.5166666","279.0","LONS LE SAUNIER, FR","FM-12","99999","V020","310,1,N,0010,1","99999,9,9,N","999999,9,N,9","+0107,1","-0023,1","10234,1","06,0000,9,1",,,"4,000",,,,,,,"0000,9",,,"999,M,+0145,1",,,"7,1,010,1,+999,9",,"4,99,0021,1","SYN023333   10145 91104 94000",
"07390099999","1990-03-08T00:00:00","4","46.6833333","5.5166666","279.0","LONS LE SAUNIER, FR","FM-12","99999","V020","110,1,N,0021,1","99999,9,9,N","999999,9,N,9","+0060,1","-0031,1","10244,1","06,0000,9,1",,,"4,000",,,,,,,"0000,9",,,,,,"2,1,008,1,+999,9",,"4,99,0031,1","SYN017333   91106 94000",
"07390099999","1990-03-08T06:00:00","4","46.6833333","5.5166666","279.0","LONS LE SAUNIER, FR","FM-12","99999","V020","190,1,N,0051,1","99999,9,9,N","999999,9,N,9","+0105,1","-0055,1","10232,1","06,0000,9,1",,,"4,000",,,,,,,"0000,9",,"999,+0010,9","999,N,+0048,1",,,"2,1,006,1,+999,9",,"4,99,0082,1","SYN029333   20048 3/001 91116 94000",
"07390099999","1990-03-08T12:00:00","4","46.6833333","5.5166666","279.0","LONS LE SAUNIER, FR","FM-12","99999","V020","220,1,N,0072,1","99999,9,9,N","999999,9,N,9","+0147,1","-0010,1","10242,1","06,0000,9,1",,,"4,000",,,,,,,"0000,9",,,,,,"4,1,000,1,+999,9",,"4,99,0098,1","SYN017333   91119 94000",
"07390099999","1990-03-08T18:00:00","4","46.6833333","5.5166666","279.0","LONS LE SAUNIER, FR","FM-12","99999","V020","190,1,N,0041,1","99999,9,9,N","999999,9,N,9","+0126,1","+0010,1","10237,1","06,0000,9,1",,,"4,000",,,,,,,"0000,9",,,"999,M,+0152,1",,,"2,1,002,1,+999,9",,"4,99,0062,1","SYN023333   10152 91112 94000",
"07390099999","1990-03-09T00:00:00","4","46.6833333","5.5166666","279.0","LONS LE SAUNIER, FR","FM-12","99999","V020","200,1,N,0041,1","99999,9,9,N","999999,9,N,9","+0124,1","-0022,1","10247,1","06,0000,9,1",,,"4,000",,,,,,,"0000,9",,,,,,"2,1,003,1,+999,9",,"4,99,0072,1","SYN017333   91114 94000",
"07390099999","1990-03-09T06:00:00","4","46.6833333","5.5166666","279.0","LONS LE SAUNIER, FR","FM-12","99999","V020","220,1,N,0021,1","99999,9,9,N","999999,9,N,9","+0081,1","+0036,1","10267,1","06,0000,9,1",,,"4,000",,,,,,,"0000,9",,"999,+0060,9","999,N,+0081,1",,,"2,1,012,1,+999,9",,"4,99,0041,1","SYN029333   20081 3/006 91108 94000",
"07390099999","1990-03-09T12:00:00","4","46.6833333","5.5166666","279.0","LONS LE SAUNIER, FR","FM-12","99999","V020","220,1,N,0041,1","99999,9,9,N","999999,9,N,9","+0092,1","+0059,1","10328,1","06,0000,9,1",,,"4,000",,,,,,,"0000,9",,,,,,"2,1,021,1,+999,9",,"4,99,0051,1","SYN017333   91110 94000",
"07390099999","1990-03-09T18:00:00","4","46.6833333","5.5166666","279.0","LONS LE SAUNIER, FR","FM-12","99999","V020","190,1,N,0031,1","99999,9,9,N","999999,9,N,9","+0088,1","+0038,1","10348,1","06,0000,9,1",,,"4,000",,,,,,,"0000,9",,,"999,M,+0118,1",,,"2,1,014,1,+999,9",,"4,99,0041,1","SYN023333   10118 91108 94000",
"07390099999","1990-03-10T00:00:00","4","46.6833333","5.5166666","279.0","LONS LE SAUNIER, FR","FM-12","99999","V020","200,1,N,0041,1","99999,9,9,N","999999,9,N,9","+0083,1","+0034,1","10381,1","06,0000,9,1",,,"4,000",,,,,,,"0000,9",,,,,,"2,1,009,1,+999,9",,"4,99,0062,1","SYN017333   91112 94000",
"07390099999","1990-03-10T06:00:00","4","46.6833333","5.5166666","279.0","LONS LE SAUNIER, FR","FM-12","99999","V020","190,1,N,0031,1","99999,9,9,N","999999,9,N,9","+0070,1","+0034,1","10387,1","06,0000,9,1",,,"4,000",,,,,,,"0000,9",,"999,+0050,9","999,N,+0068,1",,,"2,1,002,1,+999,9",,"4,99,0051,1","SYN029333   20068 3/005 91110 94000",
"07390099999","1990-03-10T12:00:00","4","46.6833333","5.5166666","279.0","LONS LE SAUNIER, FR","FM-12","99999","V020","230,1,N,0051,1","99999,9,9,N","999999,9,N,9","+0100,1","+0060,1","10398,1","06,0003,9,1",,,"0,000",,,,,,,"0000,9",,,,,,"2,1,003,1,+999,9",,"4,99,0072,1","SYN017333   91114 94000",
"07390099999","1990-03-10T18:00:00","4","46.6833333","5.5166666","279.0","LONS LE SAUNIER, FR","FM-12","99999","V020","999,1,C,0000,1","99999,9,9,N","999999,9,N,9","+0103,1","+0057,1","10392,1","99,0003,9,1",,,"0,000",,,,,,,"0000,9",,,"999,M,+0110,1",,,"2,1,004,1,+999,9",,"4,99,0021,1","SYN023333   10110 91104 94000",
"07390099999","1990-03-11T00:00:00","4","46.6833333","5.5166666","279.0","LONS LE SAUNIER, FR","FM-12","99999","V020","090,1,N,0031,1","99999,9,9,N","999999,9,N,9","+0065,1","+0042,1","10382,1","06,0000,9,1",,,"4,000",,,,,,,"0000,9",,,,,,"7,1,011,1,+999,9",,"4,99,0031,1","SYN017333   91106 94000",
"07390099999","1990-03-11T06:00:00","4","46.6833333","5.5166666","279.0","LONS LE SAUNIER, FR","FM-12","99999","V020","090,1,N,0031,1","99999,9,9,N","999999,9,N,9","+0031,1","+0013,1","10354,1","06,0000,9,1",,,"4,000",,,,,,,"0000,9",,"999,+0010,9","999,N,+0029,1",,,"7,1,013,1,+999,9",,"4,99,0031,1","SYN029333   20029 3/001 91106 94000",
"07390099999","1990-03-11T12:00:00","4","46.6833333","5.5166666","279.0","LONS LE SAUNIER, FR","FM-12","99999","V020","270,1,N,0021,1","99999,9,9,N","999999,9,N,9","+0125,1","+0070,1","10315,1","06,0000,9,1",,,"4,000",,,,,,,"0000,9",,,,,,"7,1,022,1,+999,9",,"4,99,0051,1","SYN017333   91110 94000",
"07390099999","1990-03-11T18:00:00","4","46.6833333","5.5166666","279.0","LONS LE SAUNIER, FR","FM-12","99999","V020","200,1,N,0010,1","99999,9,9,N","999999,9,N,9","+0118,1","+0073,1","10276,1","06,0000,9,1",,,"4,000",,,,,,,"0000,9",,,"999,M,+0147,1",,,"7,1,016,1,+999,9",,"4,99,0021,1","SYN023333   10147 91104 94000",
"07390099999","1990-03-12T00:00:00","4","46.6833333","5.5166666","279.0","LONS LE SAUNIER, FR","FM-12","99999","V020","100,1,N,0031,1","99999,9,9,N","999999,9,N,9","+0093,1","+0041,1","10260,1","06,0000,9,1",,,"4,000",,,,,,,"0000,9",,,,,,"7,1,007,1,+999,9",,"4,99,0041,1","SYN017333   91108 94000",
"07390099999","1990-03-12T06:00:00","4","46.6833333","5.5166666","279.0","LONS LE SAUNIER, FR","FM-12","99999","V020","250,1,N,0021,1","99999,9,9,N","999999,9,N,9","+0098,1","+0044,1","10257,1","06,0000,9,1",,,"4,000",,,,,,,"0000,9",,"999,+0040,9","999,N,+0082,1",,,"2,1,003,1,+999,9",,"4,99,0021,1","SYN029333   20082 3/004 91104 94000",
"07390099999","1990-03-12T12:00:00","4","46.6833333","5.5166666","279.0","LONS LE SAUNIER, FR","FM-12","99999","V020","220,1,N,0031,1","99999,9,9,N","999999,9,N,9","+0143,1","+0062,1","10256,1","06,0000,9,1",,,"4,000",,,,,,,"0000,9",,,,,,"7,1,005,1,+999,9",,"4,99,0041,1","SYN017333   91108 94000",
"07390099999","1990-03-12T18:00:00","4","46.6833333","5.5166666","279.0","LONS LE SAUNIER, FR","FM-12","99999","V020","220,1,N,0010,1","99999,9,9,N","999999,9,N,9","+0129,1","+0048,1","10243,1","06,0000,9,1",,,"4,000",,,,,,,"0000,9",,,"999,M,+0156,1",,,"2,1,002,1,+999,9",,"4,99,0010,1","SYN023333   10156 91102 94000",
"07390099999","1990-03-13T00:00:00","4","46.6833333","5.5166666","279.0","LONS LE SAUNIER, FR","FM-12","99999","V020","080,1,N,0021,1","99999,9,9,N","999999,9,N,9","+0066,1","+0036,1","10255,1","06,0000,9,1",,,"4,000",,,,,,,"0000,9",,,,,,"7,1,001,1,+999,9",,"4,99,0031,1","SYN017333   91106 94000",
"07390099999","1990-03-13T06:00:00","4","46.6833333","5.5166666","279.0","LONS LE SAUNIER, FR","FM-12","99999","V020","080,1,N,0010,1","99999,9,9,N","999999,9,N,9","+0051,1","+0041,1","10247,1","06,0000,9,1",,,"4,000",,,,,,,"0000,9",,"999,+0020,9","999,N,+0049,1",,,"4,1,000,1,+999,9",,"4,99,0021,1","SYN029333   20049 3/002 91104 94000",
"07390099999","1990-03-13T12:00:00","4","46.6833333","5.5166666","279.0","LONS LE SAUNIER, FR","FM-12","99999","V020","250,1,N,0031,1","99999,9,9,N","999999,9,N,9","+0126,1","+0071,1","10245,1","06,0003,9,1",,,"0,000",,,,,,,"0000,9",,,,,,"7,1,005,1,+999,9",,"4,99,0051,1","SYN017333   91110 94000",
"07390099999","1990-03-13T18:00:00","4","46.6833333","5.5166666","279.0","LONS LE SAUNIER, FR","FM-12","99999","V020","160,1,N,0010,1","99999,9,9,N","999999,9,N,9","+0123,1","+0078,1","10244,1","99,0003,9,1",,,"0,000",,,,,,,"0000,9",,,"999,M,+0146,1",,,"2,1,010,1,+999,9",,"4,99,0021,1","SYN023333   10146 91104 94000",
"07390099999","1990-03-14T00:00:00","4","46.6833333","5.5166666","279.0","LONS LE SAUNIER, FR","FM-12","99999","V020","220,1,N,0021,1","99999,9,9,N","999999,9,N,9","+0109,1","+0074,1","10275,1","06,0000,9,1",,,"4,000",,,,,,,"0000,9",,,,,,"2,1,013,1,+999,9",,"4,99,0031,1","SYN017333   91106 94000",
"07390099999","1990-03-14T06:00:00","4","46.6833333","5.5166666","279.0","LONS LE SAUNIER, FR","FM-12","99999","V020","190,1,N,0010,1","99999,9,9,N","999999,9,N,9","+0088,1","+0076,1","10300,1","99,0020,9,1",,,"0,000",,"4,1,06,1",,,,,"0000,9",,"999,+0080,9","999,N,+0088,1",,,"2,1,017,1,+999,9","21,1","4,99,0021,1","SYN029333   20088 3/008 91104 94000",
"07390099999","1990-03-14T12:00:00","4","46.6833333","5.5166666","279.0","LONS LE SAUNIER, FR","FM-12","99999","V020","350,1,N,0031,1","99999,9,9,N","999999,9,N,9","+0107,1","+0083,1","10317,1","06,0010,9,1",,,"0,000",,,,,,,"0000,9",,,,,,"2,1,004,1,+999,9",,"4,99,0051,1","SYN017333   91110 94000",
"07390099999","1990-03-15T00:00:00","4","46.6833333","5.5166666","279.0","LONS LE SAUNIER, FR","FM-12","99999","V020","350,1,N,0031,1","99999,9,9,N","999999,9,N,9","+0064,1","+0046,1","10326,1","06,0000,9,1",,,"4,000",,,,,,,"0000,9",,,,,,"7,1,007,1,+999,9",,"4,99,0041,1","SYN017333   91108 94000",
"07390099999","1990-03-15T06:00:00","4","46.6833333","5.5166666","279.0","LONS LE SAUNIER, FR","FM-12","99999","V020","350,1,N,0010,1","99999,9,9,N","999999,9,N,9","+0034,1","+0025,1","10337,1","06,0000,9,1",,,"4,000",,,,,,,"0000,9",,"999,+0010,9","999,N,+0034,1",,,"2,1,003,1,+999,9",,"4,99,0031,1","SYN029333   20034 3/001 91106 94000",
"07390099999","1990-03-15T12:00:00","4","46.6833333","5.5166666","279.0","LONS LE SAUNIER, FR","FM-12","99999","V020","210,1,N,0031,1","99999,9,9,N","999999,9,N,9","+0082,1","+0067,1","10343,1","06,0000,9,1",,,"4,000",,,,,,,"0000,9",,,,,,"4,1,000,1,+999,9",,"4,99,0041,1","SYN017333   91108 94000",
"07390099999","1990-03-15T18:00:00","4","46.6833333","5.5166666","279.0","LONS LE SAUNIER, FR","FM-12","99999","V020","300,1,N,0021,1","99999,9,9,N","999999,9,N,9","+0125,1","+0063,1","10330,1","06,0000,9,1",,,"4,000",,,,,,,"0000,9",,,"999,M,+0152,1",,,"2,1,001,1,+999,9",,"4,99,0031,1","SYN023333   10152 91106 94000",
"07390099999","1990-03-16T00:00:00","4","46.6833333","5.5166666","279.0","LONS LE SAUNIER, FR","FM-12","99999","V020","110,1,N,0021,1","99999,9,9,N","999999,9,N,9","+0072,1","+0052,1","10344,1","06,0000,9,1",,,"4,000",,,,,,,"0000,9",,,,,,"2,1,002,1,+999,9",,"4,99,0031,1","SYN017333   91106 94000",
"07390099999","1990-03-16T06:00:00","4","46.6833333","5.5166666","279.0","LONS LE SAUNIER, FR","FM-12","99999","V020","090,1,N,0041,1","99999,9,9,N","999999,9,N,9","+0050,1","+0029,1","10352,1","06,0000,9,1",,,"4,000",,,,,,,"0000,9",,"999,+0020,9","999,N,+0049,1",,,"2,1,002,1,+999,9",,"4,99,0051,1","SYN029333   20049 3/002 91110 94000",
"07390099999","1990-03-16T12:00:00","4","46.6833333","5.5166666","279.0","LONS LE SAUNIER, FR","FM-12","99999","V020","210,1,N,0021,1","99999,9,9,N","999999,9,N,9","+0142,1","+0082,1","10339,1","06,0000,9,1",,,"4,000",,,,,,,"0000,9",,,,,,"7,1,009,1,+999,9",,"4,99,0051,1","SYN017333   91110 94000",
"07390099999","1990-03-16T18:00:00","4","46.6833333","5.5166666","279.0","LONS LE SAUNIER, FR","FM-12","99999","V020","999,1,C,0000,1","99999,9,9,N","999999,9,N,9","+0148,1","+0074,1","10322,1","06,0000,9,1",,,"4,000",,,,,,,"0000,9",,,"999,M,+0177,1",,,"7,1,002,1,+999,9",,"4,99,0000,1","SYN023333   10177 91100 94000",
"07390099999","1990-03-17T00:00:00","4","46.6833333","5.5166666","279.0","LONS LE SAUNIER, FR","FM-12","99999","V020","090,1,N,0031,1","99999,9,9,N","999999,9,N,9","+0089,1","+0051,1","10323,1","06,0000,9,1",,,"4,000",,,,,,,"0000,9",,,,,,"7,1,006,1,+999,9",,"4,99,0041,1","SYN017333   91108 94000",
"07390099999","1990-03-17T06:00:00","4","46.6833333","5.5166666","279.0","LONS LE SAUNIER, FR","FM-12","99999","V020","190,1,N,0021,1","99999,9,9,N","999999,9,N,9","+0059,1","+0032,1","10328,1","06,0000,9,1",,,"4,000",,,,,,,"0000,9",,"999,+0020,9","999,N,+0058,1",,,"2,1,004,1,+999,9",,"4,99,0021,1","SYN029333   20058 3/002 91104 94000",
"07390099999","1990-03-17T12:00:00","4","46.6833333","5.5166666","279.0","LONS LE SAUNIER, FR","FM-12","99999","V020","250,1,N,0041,1","99999,9,9,N","999999,9,N,9","+0164,1","+0054,1","10316,1","06,0000,9,1",,,"4,000",,,,,,,"0000,9",,,,,,"7,1,008,1,+999,9",,"4,99,0051,1","SYN017333   91110 94000",
"07390099999","1990-03-17T18:00:00","4","46.6833333","5.5166666","279.0","LONS LE SAUNIER, FR","FM-12","99999","V020","360,1,N,0010,1","99999,9,9,N","999999,9,N,9","+0159,1","+0034,1","10303,1","06,0000,9,1",,,"4,000",,,,,,,"0000,9",,,"999,M,+0188,1",,,"2,1,003,1,+999,9",,"4,99,0021,1","SYN023333   10188 91104 94000",
"07390099999","1990-03-18T00:00:00","4","46.6833333","5.5166666","279.0","LONS LE SAUNIER, FR","FM-12","99999","V020","180,1,N,0072,1","99999,9,9,N","999999,9,N,9","+0119,1","+0001,1","10328,1","06,0000,9,1",,,"4,000",,,,,,,"0000,9",,,,,,"2,1,006,1,+999,9",,"4,99,0098,1","SYN017333   91119 94000",
"07390099999","1990-03-18T06:00:00","4","46.6833333","5.5166666","279.0","LONS LE SAUNIER, FR","FM-12","99999","V020","120,1,N,0031,1","99999,9,9,N","999999,9,N,9","+0086,1","+0013,1","10345,1","06,0000,9,1",,,"4,000",,,,,,,"0000,9",,"999,+0060,9","999,N,+0082,1",,,"2,1,010,1,+999,9",,"4,99,0041,1","SYN029333   20082 3/006 91108 94000",
"07390099999","1990-03-18T12:00:00","4","46.6833333","5.5166666","279.0","LONS LE SAUNIER, FR","FM-12","99999","V020","220,1,N,0051,1","99999,9,9,N","999999,9,N,9","+0158,1","+0012,1","10336,1","06,0000,9,1",,,"4,000",,,,,,,"0000,9",,,,,,"7,1,008,1,+999,9",,"4,99,0082,1","SYN017333   91116 94000",
"07390099999","1990-03-19T06:00:00","4","46.6833333","5.5166666","279.0","LONS LE SAUNIER, FR","FM-12","99999","V020","090,1,N,0031,1","99999,9,9,N","999999,9,N,9","+0062,1","+0009,1","10371,1","06,0000,9,1",,,"4,000",,,,,,,"0000,9",,"999,+0030,9","999,N,+0058,1",,,"2,1,010,1,+999,9",,"4,99,0041,1","SYN029333   20058 3/003 91108 94000",
"07390099999","1990-03-19T12:00:00","4","46.6833333","5.5166666","279.0","LONS LE SAUNIER, FR","FM-12","99999","V020","210,1,N,0031,1","99999,9,9,N","999999,9,N,9","+0149,1","+0020,1","99999,9",,,,"2,000",,,,,,,,,,,,"99999,9,10000,1",,,"4,99,0051,1","SYN011333   91110",
"07390099999","1990-03-19T18:00:00","4","46.6833333","5.5166666","279.0","LONS LE SAUNIER, FR","FM-12","99999","V020","190,1,N,0010,1","99999,9,9,N","999999,9,N,9","+0129,1","+0020,1","99999,9",,,,"2,000",,,,,,,,,,"999,M,+0163,1",,"99999,9,10000,1",,,"4,99,0021,1","SYN017333   10163 91104",
"07390099999","1990-03-20T00:00:00","4","46.6833333","5.5166666","279.0","LONS LE SAUNIER, FR","FM-12","99999","V020","130,1,N,0031,1","99999,9,9,N","999999,9,N,9","+0083,1","+0020,1","99999,9",,,,"2,000",,,,,,,,,,,,"99999,9,10000,1",,,"4,99,0051,1","SYN011333   91110",
"07390099999","1990-03-20T06:00:00","4","46.6833333","5.5166666","279.0","LONS LE SAUNIER, FR","FM-12","99999","V020","120,1,N,0031,1","99999,9,9,N","999999,9,N,9","+0098,1","+0008,1","99999,9",,,,"2,000",,,,,,,"0000,9",,"999,+0040,9","999,N,+0081,1",,"99999,9,10000,1",,,"4,99,0051,1","SYN029333   20081 3/004 91110 94000",
"07390099999","1990-03-20T12:00:00","4","46.6833333","5.5166666","279.0","LONS LE SAUNIER, FR","FM-12","99999","V020","170,1,N,0021,1","99999,9,9,N","999999,9,N,9","+0141,1","+0047,1","99999,9",,,,"2,000",,,,,,,,,,,,"99999,9,10000,1",,,"4,99,0031,1","SYN011333   91106",
"07390099999","1990-03-20T18:00:00","4","46.6833333","5.5166666","279.0","LONS LE SAUNIER, FR","FM-12","99999","V020","150,1,N,0021,1","99999,9,9,N","999999,9,N,9","+0140,1","+0049,1","99999,9",,,,"2,000",,,,,,,,,,"999,M,+0154,1",,"99999,9,10000,1",,,"4,99,0031,1","SYN017333   10154 91106",
"07390099999","1990-03-21T00:00:00","4","46.6833333","5.5166666","279.0","LONS LE SAUNIER, FR","FM-12","99999","V020","180,1,N,0031,1","99999,9,9,N","999999,9,N,9","+0113,1","+0036,1","99999,9",,,,"2,000",,,,,,,,,,,,"99999,9,10000,1",,,"4,99,0031,1","SYN011333   91106",
"07390099999","1990-03-21T06:00:00","4","46.6833333","5.5166666","279.0","LONS LE SAUNIER, FR","FM-12","99999","V020","140,1,N,0021,1","99999,9,9,N","999999,9,N,9","+0119,1","+0030,1","99999,9",,,,"2,000",,,,,,,"0000,9",,"999,+0060,9","999,N,+0104,1",,"99999,9,10000,1",,,"4,99,0031,1","SYN029333   20104 3/006 91106 94000",
"07390099999","1990-03-21T12:00:00","4","46.6833333","5.5166666","279.0","LONS LE SAUNIER, FR","FM-12","99999","V020","210,1,N,0051,1","99999,9,9,N","999999,9,N,9","+0205,1","+0029,1","99999,9",,,,"2,000",,,,,,,,,,,,"99999,9,10000,1",,,"4,99,0082,1","SYN011333   91116",
"07390099999","1990-03-21T18:00:00","4","46.6833333","5.5166666","279.0","LONS LE SAUNIER, FR","FM-12","99999","V020","170,1,N,0021,1","99999,9,9,N","999999,9,N,9","+0188,1","+0018,1","99999,9",,,,"2,000",,,,,,,,,,"999,M,+0214,1",,"99999,9,10000,1",,,"4,99,0031,1","SYN017333   10214 91106",
"07390099999","1990-03-22T00:00:00","4","46.6833333","5.5166666","279.0","LONS LE SAUNIER, FR","FM-12","99999","V020","110,1,N,0021,1","99999,9,9,N","999999,9,N,9","+0142,1","+0006,1","99999,9",,,,"2,000",,,,,,,,,,,,"99999,9,10000,1",,,"4,99,0031,1","SYN011333   91106",
"07390099999","1990-03-22T06:00:00","4","46.6833333","5.5166666","279.0","LONS LE SAUNIER, FR","FM-12","99999","V020","180,1,N,0021,1","99999,9,9,N","999999,9,N,9","+0122,1","-0015,1","99999,9",,,,"2,000",,,,,,,,,"999,+0070,9","999,N,+0109,1",,"99999,9,10000,1",,,"4,99,0031,1","SYN029333   20109 3/007 91106 94///",
"07390099999","1990-03-22T12:00:00","4","46.6833333","5.5166666","279.0","LONS LE SAUNIER, FR","FM-12","99999","V020","230,1,N,0051,1","99999,9,9,N","999999,9,N,9","+0209,1","+0037,1","99999,9",,,,"2,000",,,,,,,,,,,,"99999,9,10000,1",,,"4,99,0082,1","SYN011333   91116",
"07390099999","1990-03-22T18:00:00","4","46.6833333","5.5166666","279.0","LONS LE SAUNIER, FR","FM-12","99999","V020","270,1,N,0041,1","99999,9,9,N","999999,9,N,9","+0176,1","+0046,1","99999,9",,,,"2,000",,,,,,,,,,"999,M,+0214,1",,"99999,9,10000,1",,,"4,99,0062,1","SYN017333   10214 91112",
"07390099999","1990-03-23T00:00:00","4","46.6833333","5.5166666","279.0","LONS LE SAUNIER, FR","FM-12","99999","V020","240,1,N,0021,1","99999,9,9,N","999999,9,N,9","+0109,1","+0093,1","99999,9",,,,"2,000",,,,,,,,,,,,"99999,9,10000,1",,"41,1","4,99,0021,1","SYN011333   91104",
"07390099999","1990-03-23T06:00:00","4","46.6833333","5.5166666","279.0","LONS LE SAUNIER, FR","FM-12","99999","V020","020,1,N,0041,1","99999,9,9,N","999999,9,N,9","+0069,1","+0054,1","99999,9",,,,"2,000",,,,,,,,,"999,+0060,9","999,N,+0069,1",,"99999,9,10000,1",,,"4,99,0062,1","SYN029333   20069 3/006 91112 94///",
"07390099999","1990-03-23T12:00:00","4","46.6833333","5.5166666","279.0","LONS LE SAUNIER, FR","FM-12","99999","V020","350,1,N,0041,1","99999,9,9,N","999999,9,N,9","+0118,1","+0046,1","99999,9",,,,"2,000",,,,,,,,,,,,"99999,9,10000,1",,,"4,99,0072,1","SYN011333   91114",
"07390099999","1990-03-23T18:00:00","4","46.6833333","5.5166666","279.0","LONS LE SAUNIER, FR","FM-12","99999","V020","320,1,N,0021,1","99999,9,9,N","999999,9,N,9","+0103,1","-0012,1","99999,9",,,,"2,000",,,,,,,,,,"999,M,+0133,1",,"99999,9,10000,1",,,"4,99,0041,1","SYN017333   10133 91108",
"07390099999","1990-03-24T00:00:00","4","46.6833333","5.5166666","279.0","LONS LE SAUNIER, FR","FM-12","99999","V020","020,1,N,0021,1","99999,9,9,N","999999,9,N,9","+0054,1","-0011,1","99999,9",,,,"2,000",,,,,,,,,,,,"99999,9,10000,1",,,"4,99,0031,1","SYN011333   91106",
"07390099999","1990-03-24T06:00:00","4","46.6833333","5.5166666","279.0","LONS LE SAUNIER, FR","FM-12","99999","V020","080,1,N,0021,1","99999,9,9,N","999999,9,N,9","+0016,1","-0014,1","99999,9",,,,"2,000",,,,,,,,,"999,-0020,9","999,N,+0013,1",,"99999,9,10000,1",,,"4,99,0031,1","SYN029333   20013 3/102 91106 94///",
"07390099999","1990-03-24T12:00:00","4","46.6833333","5.5166666","279.0","LONS LE SAUNIER, FR","FM-12","99999","V020","290,1,N,0021,1","99999,9,9,N","999999,9,N,9","+0122,1","-0021,1","99999,9",,,,"2,000",,,,,,,,,,,,"99999,9,10000,1",,,"4,99,0041,1","SYN011333   91108",
"07390099999","1990-03-24T18:00:00","4","46.6833333","5.5166666","279.0","LONS LE SAUNIER, FR","FM-12","99999","V020","150,1,N,0021,1","99999,9,9,N","999999,9,N,9","+0112,1","+0003,1","99999,9",,,,"2,000",,,,,,,,,,"999,M,+0141,1",,"99999,9,10000,1",,,"4,99,0021,1","SYN017333   10141 91104",
"07390099999","1990-03-25T00:00:00","4","46.6833333","5.5166666","279.0","LONS LE SAUNIER, FR","FM-12","99999","V020","210,1,N,0021,1","99999,9,9,N","999999,9,N,9","+0070,1","+0024,1","99999,9",,,,"2,000",,,,,,,,,,,,"99999,9,10000,1",,,"4,99,0021,1","SYN011333   91104",
"07390099999","1990-03-25T06:00:00","4","46.6833333","5.5166666","279.0","LONS LE SAUNIER, FR","FM-12","99999","V020","020,1,N,0010,1","99999,9,9,N","999999,9,N,9","+0033,1","+0014,1","99999,9",,,,"2,000",,,,,,,,,"999,+0030,9","999,N,+0032,1",,"99999,9,10000,1",,,"4,99,0021,1","SYN029333   20032 3/003 91104 94///",
"07390099999","1990-03-25T12:00:00","4","46.6833333","5.5166666","279.0","LONS LE SAUNIER, FR","FM-12","99999","V020","280,1,N,0051,1","99999,9,9,N","999999,9,N,9","+0077,1","-0053,1","99999,9",,,,"2,000",,,,,,,,,,,,"99999,9,10000,1",,,"4,99,0088,1","SYN011333   91117",
"07390099999","1990-03-25T18:00:00","4","46.6833333","5.5166666","279.0","LONS LE SAUNIER, FR","FM-12","99999","V020","020,1,N,0021,1","99999,9,9,N","999999,9,N,9","+0051,1","-0025,1","99999,9",,,,"2,000",,,,,,,,,,"999,M,+0086,1",,"99999,9,10000,1",,,"4,99,0041,1","SYN017333   10086 91108",
"07390099999","1990-03-26T00:00:00","4","46.6833333","5.5166666","279.0","LONS LE SAUNIER, FR","FM-12","99999","V020","350,1,N,0031,1","99999,9,9,N","999999,9,N,9","+0028,1","+0002,1","99999,9",,,,"2,000",,,,,,,,,,,,"99999,9,10000,1",,,"4,99,0041,1","SYN011333   91108",
"07390099999","1990-03-26T06:00:00","4","46.6833333","5.5166666","279.0","LONS LE SAUNIER, FR","FM-12","99999","V020","340,1,N,0041,1","99999,9,9,N","999999,9,N,9","+0020,1","-0009,1","99999,9",,,,"2,000",,,,,,,,,"999,+0020,9","999,N,+0020,1",,"99999,9,10000,1",,,"4,99,0082,1","SYN029333   20020 3/002 91116 94///",
"07390099999","1990-03-26T12:00:00","4","46.6833333","5.5166666","279.0","LONS LE SAUNIER, FR","FM-12","99999","V020","020,1,N,0041,1","99999,9,9,N","999999,9,N,9","+0047,1","+0008,1","99999,9",,,,"2,000",,,,,,,,,,,,"99999,9,10000,1",,,"4,99,0082,1","SYN011333   91116",
"07390099999","1990-03-26T18:00:00","4","46.6833333","5.5166666","279.0","LONS LE SAUNIER, FR","FM-12","99999","V020","340,1,N,0051,1","99999,9,9,N","999999,9,N,9","+0046,1","-0020,1","99999,9",,,,"2,000",,,,,,,,,,"999,M,+0070,1",,"99999,9,10000,1",,,"4,99,0098,1","SYN017333   10070 91119",
"07390099999","1990-03-27T00:00:00","4","46.6833333","5.5166666","279.0","LONS LE SAUNIER, FR","FM-12","99999","V020","330,1,N,0021,1","99999,9,9,N","999999,9,N,9","+0015,1","-0003,1","99999,9",,,,"2,000",,,,,,,,,,,,"99999,9,10000,1",,,"4,99,0021,1","SYN011333   91104",
"07390099999","1990-03-27T06:00:00","4","46.6833333","5.5166666","279.0","LONS LE SAUNIER, FR","FM-12","99999","V020","350,1,N,0021,1","99999,9,9,N","999999,9,N,9","+0012,1","-0004,1","99999,9",,,,"2,000",,,,,,,,,"999,+0000,9","999,N,+0012,1",,"99999,9,10000,1",,,"4,99,0041,1","SYN029333   20012 3/000 91108 94///",
"07390099999","1990-03-27T12:00:00","4","46.6833333","5.5166666","279.0","LONS LE SAUNIER, FR","FM-12","99999","V020","010,1,N,0051,1","99999,9,9,N","999999,9,N,9","+0069,1","-0017,1","99999,9",,,,"2,000",,,,,,,,,,,,"99999,9,10000,1",,,"4,99,0098,1","SYN011333   91119",
"07390099999","1990-03-28T06:00:00","4","46.6833333","5.5166666","279.0","LONS LE SAUNIER, FR","FM-12","99999","V020","350,1,N,0021,1","99999,9,9,N","999999,9,N,9","+0013,1","-0002,1","10188,1",,,,"2,000",,,,,,,,,,,,,,"21,1",,"SYN011333   55///",
"07390099999","1990-03-28T12:00:00","4","46.6833333","5.5166666","279.0","LONS LE SAUNIER, FR","FM-12","99999","V020","070,1,N,0010,1","99999,9,9,N","999999,9,N,9","+0011,1","+0001,1","10205,1","03,0020,9,1","06,0020,9,1",,"0,000",,"4,1,06,1",,,,,,,,,,,"1,1,006,1,+999,9","41,1","4,99,0051,1","SYN017333   60027 91110",
"07390099999","1990-03-28T18:00:00","4","46.6833333","5.5166666","279.0","LONS LE SAUNIER, FR","FM-12","99999","V020","120,1,N,0010,1","99999,9,9,N","999999,9,N,9","+0008,1","-0002,1","10221,1",,,,"2,000",,"4,1,06,1",,,,,,,,,,,,"21,1",,"SYN003333",
"07390099999","1990-03-29T00:00:00","4","46.6833333","5.5166666","279.0","LONS LE SAUNIER, FR","FM-12","99999","V020","080,1,N,0010,1","99999,9,9,N","999999,9,N,9","+0013,1","+0003,1","10235,1","06,0020,9,1",,,"0,000",,,,,,,,,,,,,"3,1,004,1,+999,9",,"4,99,0021,1","SYN011333   91104",
"07390099999","1990-03-29T06:00:00","4","46.6833333","5.5166666","279.0","LONS LE SAUNIER, FR","FM-12","99999","V020","340,1,N,0021,1","99999,9,9,N","999999,9,N,9","+0003,1","-0006,1","10259,1","99,0020,9,1",,,"0,000",,,,,,,,,"999,-0010,9","999,N,+0002,1",,,"1,1,014,1,+999,9",,"4,99,0041,1","SYN029333   20002 3/101 55/// 91108",
"07390099999","1990-03-29T12:00:00","4","46.6833333","5.5166666","279.0","LONS LE SAUNIER, FR","FM-12","99999","V020","360,1,N,0062,1","99999,9,9,N","999999,9,N,9","+0064,1","-0001,1","10278,1","06,0000,9,1",,,"4,000",,,,,,,,,,,,,"2,1,004,1,+999,9",,"4,99,0108,1","SYN011333   91121",
"07390099999","1990-03-29T18:00:00","4","46.6833333","5.5166666","279.0","LONS LE SAUNIER, FR","FM-12","99999","V020","010,1,N,0051,1","99999,9,9,N","999999,9,N,9","+0055,1","-0014,1","10293,1","06,0000,9,1",,,"4,000",,,,,,,,,,"999,M,+0083,1",,,"3,1,012,1,+999,9",,"4,99,0118,1","SYN017333   10083 91123",
"07390099999","1990-03-30T00:00:00","4","46.6833333","5.5166666","279.0","LONS LE SAUNIER, FR","FM-12","99999","V020","010,1,N,0041,1","99999,9,9,N","999999,9,N,9","+0036,1","+0003,1","10305,1","06,0000,9,1",,,"4,000",,,,,,,,,,,,,"8,1,004,1,+999,9",,"4,99,0108,1","SYN011333   91121",
"07390099999","1990-03-30T06:00:00","4","46.6833333","5.5166666","279.0","LONS LE SAUNIER, FR","FM-12","99999","V020","350,1,N,0031,1","99999,9,9,N","999999,9,N,9","+0053,1","+0033,1","10292,1","06,0000,9,1",,,"4,000",,,,,,,"0528,9",,"999,+0000,9","999,N,+0024,1",,,"5,1,001,1,+999,9",,"4,99,0088,1","SYN029333   20024 3/000 55088 91117",
"07390099999","1990-03-30T12:00:00","4","46.6833333","5.5166666","279.0","LONS LE SAUNIER, FR","FM-12","99999","V020","020,1,N,0062,1","99999,9,9,N","999999,9,N,9","+0122,1","+0044,1","10281,1","06,0000,9,1",,,"4,000",,,,,,,,,,,,,"8,1,005,1,+999,9",,"4,99,0118,1","SYN011333   91123",
"07390099999","1990-03-30T18:00:00","4","46.6833333","5.5166666","279.0","LONS LE SAUNIER, FR","FM-12","99999","V020","360,1,N,0031,1","99999,9,9,N","999999,9,N,9","+0108,1","+0026,1","10283,1","06,0000,9,1",,,"4,000",,,,,,,,,,"999,M,+0144,1",,,"3,1,006,1,+999,9",,"4,99,0098,1","SYN017333   10144 91119",
"07390099999","1990-03-31T00:00:00","4","46.6833333","5.5166666","279.0","LONS LE SAUNIER, FR","FM-12","99999","V020","090,1,N,0021,1","99999,9,9,N","999999,9,N,9","+0057,1","+0007,1","10307,1","06,0000,9,1",,,"4,000",,,,,,,,,,,,,"3,1,003,1,+999,9",,"4,99,0082,1","SYN011333   91116",
"07390099999","1990-03-31T06:00:00","4","46.6833333","5.5166666","279.0","LONS LE SAUNIER, FR","FM-12","99999","V020","130,1,N,0021,1","99999,9,9,N","999999,9,N,9","+0033,1","+0009,1","10327,1","06,0000,9,1",,,"4,000",,,,,,,"0528,9",,"999,-0010,9","999,N,+0031,1",,,"3,1,011,1,+999,9",,"4,99,0051,1","SYN029333   20031 3/101 55088 91110",
"07390099999","1990-03-31T12:00:00","4","46.6833333","5.5166666","279.0","LONS LE SAUNIER, FR","FM-12","99999","V020","260,1,N,0031,1","99999,9,9,N","999999,9,N,9","+0131,1","+0050,1","10304,1","06,0000,9,1",,,"4,000",,,,,,,,,,,,,"8,1,015,1,+999,9",,"4,99,0051,1","SYN011333   91110",
"07390099999","1990-03-31T18:00:00","4","46.6833333","5.5166666","279.0","LONS LE SAUNIER, FR","FM-12","99999","V020","340,1,N,0021,1","99999,9,9,N","999999,9,N,9","+0137,1","+0051,1","10271,1","06,0000,9,1",,,"4,000",,,,,,,,,,"999,M,+0163,1",,,"6,1,010,1,+999,9",,"4,99,0041,1","SYN017333   10163 91108",
"07390099999","1990-04-01T00:00:00","4","46.6833333","5.5166666","279.0","LONS LE SAUNIER, FR","FM-12","99999","V020","120,1,N,0021,1","99999,9,9,N","999999,9,N,9","+0086,1","+0038,1","10275,1","06,0000,9,1",,,"4,000",,,,,,,,,,,,,"7,1,003,1,+999,9",,"4,99,0041,1","SYN011333   91108",
"07390099999","1990-04-01T06:00:00","4","46.6833333","5.5166666","279.0","LONS LE SAUNIER, FR","FM-12","99999","V020","090,1,N,0031,1","99999,9,9,N","999999,9,N,9","+0061,1","+0011,1","10269,1","06,0000,9,1",,,"4,000",,,,,,,"0690,9",,"999,+0030,9","999,N,+0057,1",,,"6,1,006,1,+999,9",,"4,99,0051,1","SYN029333   20057 3/003 55115 91110",
"07390099999","1990-04-01T12:00:00","4","46.6833333","5.5166666","279.0","LONS LE SAUNIER, FR","FM-12","99999","V020","230,1,N,0031,1","99999,9,9,N","999999,9,N,9","+0162,1","+0039,1","10230,1","06,0000,9,1",,,"4,000",,,,,,,,,,,,,"8,1,023,1,+999,9",,"4,99,0082,1","SYN011333   91116",
"07390099999","1990-04-01T18:00:00","4","46.6833333","5.5166666","279.0","LONS LE SAUNIER, FR","FM-12","99999","V020","110,1,N,0021,1","99999,9,9,N","999999,9,N,9","+0153,1","+0038,1","10187,1","06,0000,9,1",,,"4,000",,,,,,,,,,"999,M,+0182,1",,,"6,1,013,1,+999,9",,"4,99,0062,1","SYN017333   10182 91112",
"07390099999","1990-04-02T00:00:00","4","46.6833333","5.5166666","279.0","LONS LE SAUNIER, FR","FM-12","99999","V020","140,1,N,0021,1","99999,9,9,N","999999,9,N,9","+0098,1","+0026,1","10176,1","06,0000,9,1",,,"4,000",,,,,,,,,,,,,"8,1,014,1,+999,9",,"4,99,0072,1","SYN011333   91114",
"07390099999","1990-04-02T06:00:00","4","46.6833333","5.5166666","279.0","LONS LE SAUNIER, FR","FM-12","99999","V020","110,1,N,0051,1","99999,9,9,N","999999,9,N,9","+0082,1","+0024,1","10143,1","06,0000,9,1",,,"4,000",,,,,,,"0690,9",,"999,+0040,9","999,N,+0071,1",,,"6,1,014,1,+999,9",,"4,99,0072,1","SYN029333   20071 3/004 55115 91114",
"07390099999","1990-04-02T12:00:00","4","46.6833333","5.5166666","279.0","LONS LE SAUNIER, FR","FM-12","99999","V020","220,1,N,0072,1","99999,9,9,N","999999,9,N,9","+0162,1","+0026,1","10089,1","06,0000,9,1",,,"4,000",,,,,,,,,,,,,"8,1,026,1,+999,9",,"4,99,0108,1","SYN011333   91121",
"07390099999","1990-04-02T18:00:00","4","46.6833333","5.5166666","279.0","LONS LE SAUNIER, FR","FM-12","99999","V020","190,1,N,0031,1","99999,9,9,N","999999,9,N,9","+0148,1","+0003,1","10051,1","06,0000,9,1",,,"4,000",,,,,,,,,,"999,M,+0178,1",,,"6,1,011,1,+999,9",,"4,99,0139,1","SYN017333   10178 91127",
"07390099999","1990-04-03T00:00:00","4","46.6833333","5.5166666","279.0","LONS LE SAUNIER, FR","FM-12","99999","V020","190,1,N,0041,1","99999,9,9,N","999999,9,N,9","+0118,1","+0009,1","10057,1","06,0000,9,1",,,"4,000",,,,,,,,,,,,,"0,1,000,1,+999,9",,"4,99,0088,1","SYN011333   91117",
"07390099999","1990-04-03T06:00:00","4","46.6833333","5.5166666","279.0","LONS LE SAUNIER, FR","FM-12","99999","V020","200,1,N,0041,1","99999,9,9,N","999999,9,N,9","+0102,1","+0044,1","10046,1","06,0000,9,1",,,"4,000",,,,,,,"0564,9",,"999,+0070,9","999,N,+0102,1",,,"5,1,000,1,+999,9",,"4,99,0082,1","SYN029333   20102 3/007 55094 91116",
"07390099999","1990-04-03T12:00:00","4","46.6833333","5.5166666","279.0","LONS LE SAUNIER, FR","FM-12","99999","V020","200,1,N,0051,1","99999,9,9,N","999999,9,N,9","+0100,1","+0084,1","10053,1","03,0010,9,1","06,0010,9,1",,"0,000",,"4,1,06,1",,,,,,,,,,,"1,1,003,1,+999,9","21,1","4,99,0082,1","SYN017333   60017 91116",
"07390099999","1990-04-03T18:00:00","4","46.6833333","5.5166666","279.0","LONS LE SAUNIER, FR","FM-12","99999","V020","100,1,N,0021,1","99999,9,9,N","999999,9,N,9","+0052,1","+0029,1","10128,1","03,0002,9,1","99,0003,9,1",,"0,000",,,,,,,,,,"999,M,+0102,1",,,"3,1,021,1,+999,9",,"4,99,0118,1","SYN023333   10102 69927 91123",
"07390099999","1990-04-04T00:00:00","4","46.6833333","5.5166666","279.0","LONS LE SAUNIER, FR","FM-12","99999","V020","110,1,N,0021,1","99999,9,9,N","999999,9,N,9","+0034,1","+0019,1","10159,1","06,0003,9,1",,,"0,000",,,,,,,,,,,,,"1,1,004,1,+999,9",,"4,99,0051,1","SYN011333   91110",
"07390099999","1990-04-04T06:00:00","4","46.6833333","5.5166666","279.0","LONS LE SAUNIER, FR","FM-12","99999","V020","090,1,N,0021,1","99999,9,9,N","999999,9,N,9","+0013,1","-0002,1","10171,1","24,0136,9,1","99,0003,9,1",,"0,000",,,,,,,"0012,9",,"999,-0010,9","999,N,+0013,1",,,"3,1,009,1,+999,9",,"4,99,0031,1","SYN035333   20013 3/101 55002 70136 91106",
"07390099999","1990-04-04T12:00:00","4","46.6833333","5.5166666","279.0","LONS LE SAUNIER, FR","FM-12","99999","V020","340,1,N,0021,1","99999,9,9,N","999999,9,N,9","+0086,1","-0023,1","10163,1","06,0000,9,1",,,"4,000",,,,,,,,,,,,,"8,1,003,1,+999,9",,"4,99,0072,1","SYN011333   91114",
"07390099999","1990-04-04T18:00:00","4","46.6833333","5.5166666","279.0","LONS LE SAUNIER, FR","FM-12","99999","V020","010,1,N,0021,1","99999,9,9,N","999999,9,N,9","+0077,1","-0044,1","10158,1","06,0000,9,1",,,"4,000",,,,,,,,,,"999,M,+0105,1",,,"3,1,003,1,+999,9",,"4,99,0072,1","SYN017333   10105 91114",
"07390099999","1990-04-05T00:00:00","4","46.6833333","5.5166666","279.0","LONS LE SAUNIER, FR","FM-12","99999","V020","350,1,N,0021,1","99999,9,9,N","999999,9,N,9","+0045,1","-0037,1","10163,1","06,0000,9,1",,,"4,000",,,,,,,,,,,,,"5,1,006,1,+999,9",,"4,99,0051,1","SYN011333   91110",
"07390099999","1990-04-05T06:00:00","4","46.6833333","5.5166666","279.0","LONS LE SAUNIER, FR","FM-12","99999","V020","360,1,N,0021,1","99999,9,9,N","999999,9,N,9","+0039,1","-0029,1","10151,1","06,0000,9,1",,,"4,000",,,,,,,"0582,9",,"999,+0020,9","999,N,+0027,1",,,"6,1,002,1,+999,9",,"4,99,0041,1","SYN029333   20027 3/002 55097 91108",
"07390099999","1990-04-05T12:00:00","4","46.6833333","5.5166666","279.0","LONS LE SAUNIER, FR","FM-12","99999","V020","030,1,N,0031,1","99999,9,9,N","999999,9,N,9","+0104,1","-0010,1","10131,1","06,0000,9,1",,,"4,000",,,,,,,,,,,,,"8,1,012,1,+999,9",,"4,99,0062,1","SYN011333   91112",
"07390099999","1990-04-05T18:00:00","4","46.6833333","5.5166666","279.0","LONS LE SAUNIER, FR","FM-12","99999","V020","020,1,N,0031,1","99999,9,9,N","999999,9,N,9","+0064,1","+0025,1","10126,1","03,0004,9,1","99,0005,9,1",,"0,000",,"4,1,06,1",,,,,,,,"999,M,+0107,1",,,"6,1,004,1,+999,9","21,1","4,99,0072,1","SYN023333   10107 69947 91114",
"07390099999","1990-04-06T00:00:00","4","46.6833333","5.5166666","279.0","LONS LE SAUNIER, FR","FM-12","99999","V020","999,1,C,0000,1","99999,9,9,N","999999,9,N,9","+0050,1","+0040,1","10109,1","03,0004,9,1","06,0005,9,1",,"0,000",,"4,1,06,1",,,,,,,,,,,"8,1,012,1,+999,9","21,1","4,99,0051,1","SYN017333   69947 91110",
"07390099999","1990-04-06T06:00:00","4","46.6833333","5.5166666","279.0","LONS LE SAUNIER, FR","FM-12","99999","V020","090,1,N,0010,1","99999,9,9,N","999999,9,N,9","+0045,1","+0033,1","10071,1","24,0016,9,1","99,0010,9,1",,"0,000",,,,,,,"0150,9",,"999,+0040,9","999,N,+0044,1",,,"6,1,013,1,+999,9",,"4,99,0041,1","SYN035333   20044 3/004 55025 70016 91108",
"07390099999","1990-04-06T12:00:00","4","46.6833333","5.5166666","279.0","LONS LE SAUNIER, FR","FM-12","99999","V020","360,1,N,0021,1","99999,9,9,N","999999,9,N,9","+0070,1","+0061,1","10050,1","03,0060,9,1","06,0060,9,1",,"0,000",,"4,1,06,1",,,,,,,,,,,"8,1,013,1,+999,9","21,1","4,99,0041,1","SYN017333   60067 91108",
"07390099999","1990-04-06T18:00:00","4","46.6833333","5.5166666","279.0","LONS LE SAUNIER, FR","FM-12","99999","V020","090,1,N,0041,1","99999,9,9,N","999999,9,N,9","+0080,1","+0066,1","10025,1","03,0040,9,1",,,"0,000",,"4,1,06,1",,,,,,,,"999,M,+0083,1",,,"7,1,004,1,+999,9","21,1","4,99,0062,1","SYN023333   10083 60047 91112",
"07390099999","1990-04-07T00:00:00","4","46.6833333","5.5166666","279.0","LONS LE SAUNIER, FR","FM-12","99999","V020","200,1,N,0010,1","99999,9,9,N","999999,9,N,9","+0072,1","+0058,1","10027,1","03,0010,9,1","06,0010,9,1",,"0,000",,,,,,,,,,,,,"6,1,007,1,+999,9",,"4,99,0088,1","SYN017333   60017 91117",
"07390099999","1990-04-07T06:00:00","4","46.6833333","5.5166666","279.0","LONS LE SAUNIER, FR","FM-12","99999","V020","310,1,N,0010,1","99999,9,9,N","999999,9,N,9","+0060,1","+0056,1","10031,1","03,0004,9,1","24,0144,9,1","99,0005,9,1","0,000",,"4,1,06,1",,,,,"0012,9",,"999,+0040,9","999,N,+0054,1",,,"3,1,006,1,+999,9","21,1","4,99,0031,1","SYN041333   20054 3/004 55002 69947 70144 91106",
"07390099999","1990-04-07T12:00:00","4","46.6833333","5.5166666","279.0","LONS LE SAUNIER, FR","FM-12","99999","V020","300,1,N,0021,1","99999,9,9,N","999999,9,N,9","+0101,1","+0087,1","10042,1","03,0030,9,1","06,0030,9,1",,"0,000",,"4,1,06,1",,,,,,,,,,,"1,1,004,1,+999,9","21,1","4,99,0031,1","SYN017333   60037 91106",
"07390099999","1990-04-07T18:00:00","4","46.6833333","5.5166666","279.0","LONS LE SAUNIER, FR","FM-12","99999","V020","310,1,N,0010,1","99999,9,9,N","999999,9,N,9","+0089,1","+0083,1","10066,1","03,0004,9,1","99,0005,9,1",,"0,000",,"4,1,06,1",,,,,,,,"999,M,+0102,1",,,"3,1,012,1,+999,9","21,1","4,99,0051,1","SYN023333   10102 69947 91110",
"07390099999","1990-04-08T00:00:00","4","46.6833333","5.5166666","279.0","LONS LE SAUNIER, FR","FM-12","99999","V020","350,1,N,0031,1","99999,9,9,N","999999,9,N,9","+0064,1","+0042,1","10093,1","06,0000,9,1",,,"4,000",,,,,,,,,,,,,"1,1,009,1,+999,9",,"4,99,0062,1","SYN011333   91112",
"07390099999","1990-04-08T06:00:00","4","46.6833333","5.5166666","279.0","LONS LE SAUNIER, FR","FM-12","99999","V020","360,1,N,0021,1","99999,9,9,N","999999,9,N,9","+0047,1","+0027,1","10104,1","06,0000,9,1","24,0048,9,1",,"4,000",,,,,,,"0000,9",,"999,+0040,9","999,N,+0047,1",,,"3,1,005,1,+999,9",,"4,99,0062,1","SYN035333   20047 3/004 55000 70048 91112",
"07390099999","1990-04-08T12:00:00","4","46.6833333","5.5166666","279.0","LONS LE SAUNIER, FR","FM-12","99999","V020","010,1,N,0051,1","99999,9,9,N","999999,9,N,9","+0076,1","+0031,1","10110,1","06,0005,9,1",,,"0,000",,,,,,,,,,,,,"1,1,003,1,+999,9",,"4,99,0088,1","SYN011333   91117",
"07390099999","1990-04-08T18:00:00","4","46.6833333","5.5166666","279.0","LONS LE SAUNIER, FR","FM-12","99999","V020","010,1,N,0051,1","99999,9,9,N","999999,9,N,9","+0059,1","+0018,1","10108,1","99,0005,9,1",,,"0,000",,,,,,,,,,"999,M,+0079,1",,,"0,1,000,1,+999,9",,"4,99,0108,1","SYN017333   10079 91121",
"07390099999","1990-04-09T00:00:00","4","46.6833333","5.5166666","279.0","LONS LE SAUNIER, FR","FM-12","99999","V020","010,1,N,0051,1","99999,9,9,N","999999,9,N,9","+0036,1","+0008,1","10097,1","06,0000,9,1",,,"4,000",,,,,,,,,,,,,"8,1,016,1,+999,9",,"4,99,0108,1","SYN011333   91121",
"07390099999","1990-04-09T06:00:00","4","46.6833333","5.5166666","279.0","LONS LE SAUNIER, FR","FM-12","99999","V020","010,1,N,0031,1","99999,9,9,N","999999,9,N,9","+0038,1","+0015,1","10085,1","06,0000,9,1","24,0004,9,1",,"4,000",,,,,,,"0000,9",,"999,+0030,9","999,N,+0033,1",,,"6,1,007,1,+999,9",,"4,99,0072,1","SYN035333   20033 3/003 55000 70004 91114",
"07390099999","1990-04-09T12:00:00","4","46.6833333","5.5166666","279.0","LONS LE SAUNIER, FR","FM-12","99999","V020","330,1,N,0021,1","99999,9,9,N","999999,9,N,9","+0067,1","+0018,1","10090,1","06,0000,9,1",,,"4,000",,,,,,,,,,,,,"0,1,002,1,+999,9",,"4,99,0062,1","SYN011333   91112",
"07390099999","1990-04-09T18:00:00","4","46.6833333","5.5166666","279.0","LONS LE SAUNIER, FR","FM-12","99999","V020","360,1,N,0021,1","99999,9,9,N","999999,9,N,9","+0057,1","+0011,1","10097,1","99,0003,9,1",,,"0,000",,,,,,,,,,"999,M,+0069,1",,,"3,1,008,1,+999,9",,"4,99,0062,1","SYN017333   10069 91112",
"07390099999","1990-04-10T00:00:00","4","46.6833333","5.5166666","279.0","LONS LE SAUNIER, FR","FM-12","99999","V020","360,1,N,0031,1","99999,9,9,N","999999,9,N,9","+0039,1","+0002,1","10113,1","06,0000,9,1",,,"4,000",,,,,,,,,,,,,"1,1,003,1,+999,9",,"4,99,0088,1","SYN011333   91117",
"07390099999","1990-04-10T06:00:00","4","46.6833333","5.5166666","279.0","LONS LE SAUNIER, FR","FM-12","99999","V020","340,1,N,0031,1","99999,9,9,N","999999,9,N,9","+0022,1","-0011,1","10129,1","06,0000,9,1","24,0002,9,1",,"4,000",,,,,,,"0000,9",,"999,-0010,9","999,N,+0008,1",,,"3,1,012,1,+999,9",,"4,99,0062,1","SYN035333   20008 3/101 55000 70002 91112",
"07390099999","1990-04-10T12:00:00","4","46.6833333","5.5166666","279.0","LONS LE SAUNIER, FR","FM-12","99999","V020","350,1,N,0041,1","99999,9,9,N","999999,9,N,9","+0107,1","-0045,1","10126,1","06,0000,9,1",,,"4,000",,,,,,,,,,,,,"8,1,004,1,+999,9",,"4,99,0098,1","SYN011333   91119",
"07390099999","1990-04-10T18:00:00","4","46.6833333","5.5166666","279.0","LONS LE SAUNIER, FR","FM-12","99999","V020","340,1,N,0021,1","99999,9,9,N","999999,9,N,9","+0098,1","-0078,1","10132,1","06,0000,9,1",,,"4,000",,,,,,,,,,"999,M,+0124,1",,,"3,1,010,1,+999,9",,"4,99,0108,1","SYN017333   10124 91121",
"07390099999","1990-04-11T00:00:00","4","46.6833333","5.5166666","279.0","LONS LE SAUNIER, FR","FM-12","99999","V020","100,1,N,0021,1","99999,9,9,N","999999,9,N,9","+0025,1","-0054,1","10156,1","06,0000,9,1",,,"4,000",,,,,,,,,,,,,"8,1,002,1,+999,9",,"4,99,0041,1","SYN011333   91108",
"07390099999","1990-04-11T06:00:00","4","46.6833333","5.5166666","279.0","LONS LE SAUNIER, FR","FM-12","99999","V020","180,1,N,0031,1","99999,9,9,N","999999,9,N,9","+0053,1","+0012,1","10136,1","06,0000,9,1",,,"4,000",,,,,,,"0618,9",,"999,-0010,9","999,N,+0021,1",,,"6,1,007,1,+999,9",,"4,99,0062,1","SYN029333   20021 3/101 55103 91112",
"07390099999","1990-04-11T18:00:00","4","46.6833333","5.5166666","279.0","LONS LE SAUNIER, FR","FM-12","99999","V020","350,1,N,0021,1","99999,9,9,N","999999,9,N,9","+0095,1","+0004,1","10163,1","99,0060,9,1",,,"0,000",,,,,,,,,,"999,M,+0119,1",,,"3,1,021,1,+999,9",,"4,99,0108,1","SYN017333   10119 91121",
"07390099999","1990-04-12T06:00:00","4","46.6833333","5.5166666","279.0","LONS LE SAUNIER, FR","FM-12","99999","V020","010,1,N,0021,1","99999,9,9,N","999999,9,N,9","+0051,1","+0016,1","10192,1","06,0000,9,1","24,0058,9,1",,"4,000",,,,,,,"0060,9",,"999,+0030,9","999,N,+0048,1",,,"3,1,009,1,+999,9",,"4,99,0041,1","SYN035333   20048 3/003 55010 70058 91108",
"07390099999","1990-04-12T12:00:00","4","46.6833333","5.5166666","279.0","LONS LE SAUNIER, FR","FM-12","99999","V020","310,1,N,0021,1","99999,9,9,N","999999,9,N,9","+0089,1","+0018,1","10205,1","06,0000,9,1",,,"4,000",,,,,,,,,,,,,"1,1,002,1,+999,9",,"4,99,0051,1","SYN011333   91110",
"07390099999","1990-04-12T18:00:00","4","46.6833333","5.5166666","279.0","LONS LE SAUNIER, FR","FM-12","99999","V020","080,1,N,0031,1","99999,9,9,N","999999,9,N,9","+0070,1","+0045,1","10198,1","03,0004,9,1","99,0005,9,1",,"0,000",,"4,1,06,1",,,,,,,,"999,M,+0100,1",,,"3,1,001,1,+999,9","41,1","4,99,0051,1","SYN023333   10100 69947 91110",
"07390099999","1990-04-13T00:00:00","4","46.6833333","5.5166666","279.0","LONS LE SAUNIER, FR","FM-12","99999","V020","120,1,N,0021,1","99999,9,9,N","999999,9,N,9","+0075,1","+0051,1","10189,1","06,0003,9,1",,,"0,000",,,,,,,,,,,,,"8,1,008,1,+999,9",,"4,99,0072,1","SYN011333   91114",
"07390099999","1990-04-13T06:00:00","4","46.6833333","5.5166666","279.0","LONS LE SAUNIER, FR","FM-12","99999","V020","100,1,N,0010,1","99999,9,9,N","999999,9,N,9","+0073,1","+0049,1","10171,1","24,0006,9,1","99,0003,9,1",,"0,000",,,,,,,"0006,9",,"999,+0040,9","999,N,+0065,1",,,"6,1,006,1,+999,9",,"4,99,0041,1","SYN035333   20065 3/004 55001 70006 91108",
"07390099999","1990-04-13T12:00:00","4","46.6833333","5.5166666","279.0","LONS LE SAUNIER, FR","FM-12","99999","V020","210,1,N,0041,1","99999,9,9,N","999999,9,N,9","+0146,1","+0057,1","10132,1","06,0000,9,1",,,"4,000",,,,,,,,,,,,,"8,1,020,1,+999,9",,"4,99,0072,1","SYN011333   91114",
"07390099999","1990-04-13T18:00:00","4","46.6833333","5.5166666","279.0","LONS LE SAUNIER, FR","FM-12","99999","V020","170,1,N,0062,1","99999,9,9,N","999999,9,N,9","+0128,1","+0037,1","10111,1","06,0000,9,1",,,"4,000",,,,,,,,,,"999,M,+0160,1",,,"6,1,005,1,+999,9",,"4,99,0108,1","SYN017333   10160 91121",
"07390099999","1990-04-14T00:00:00","4","46.6833333","5.5166666","279.0","LONS LE SAUNIER, FR","FM-12","99999","V020","170,1,N,0082,1","99999,9,9,N","999999,9,N,9","+0094,1","+0036,1","10116,1","03,0010,9,1","06,0010,9,1",,"0,000",,,,,,,,,,,,,"8,1,002,1,+999,9",,"4,99,0149,1","SYN017333   60017 91129",
"07390099999","1990-04-14T06:00:00","4","46.6833333","5.5166666","279.0","LONS LE SAUNIER, FR","FM-12","99999","V020","240,1,N,0031,1","99999,9,9,N","999999,9,N,9","+0039,1","+0026,1","10173,1","03,0020,9,1","24,0044,9,1",,"0,000",,"4,1,06,1",,,,,"0288,9",,"999,+0040,9","999,N,+0039,1",,,"3,1,046,1,+999,9","21,1","4,99,0160,1","SYN041333   20039 3/004 55048 60027 70044 91131",
"07390099999","1990-04-14T12:00:00","4","46.6833333","5.5166666","279.0","LONS LE SAUNIER, FR","FM-12","99999","V020","180,1,N,0031,1","99999,9,9,N","999999,9,N,9","+0070,1","+0009,1","10185,1","06,0030,9,1",,,"0,000",,,,,,,,,,,,,"8,1,004,1,+999,9",,"4,99,0072,1","SYN011333   91114",
"07390099999","1990-04-14T18:00:00","4","46.6833333","5.5166666","279.0","LONS LE SAUNIER, FR","FM-12","99999","V020","170,1,N,0021,1","99999,9,9,N","999999,9,N,9","+0070,1","+0017,1","10178,1","03,0002,9,1","99,0003,9,1",,"0,000",,,,,,,,,,"999,M,+0096,1",,,"0,1,003,1,+999,9",,"4,99,0088,1","SYN023333   10096 69927 91117",
"07390099999","1990-04-15T00:00:00","4","46.6833333","5.5166666","279.0","LONS LE SAUNIER, FR","FM-12","99999","V020","200,1,N,0031,1","99999,9,9,N","999999,9,N,9","+0044,1","-0010,1","10145,1","06,0000,9,1",,,"4,000",,,,,,,,,,,,,"7,1,029,1,+999,9",,"4,99,0082,1","SYN011333   91116",
"07390099999","1990-04-15T06:00:00","4","46.6833333","5.5166666","279.0","LONS LE SAUNIER, FR","FM-12","99999","V020","200,1,N,0051,1","99999,9,9,N","999999,9,N,9","+0053,1","+0030,1","10084,1","03,0040,9,1","24,0068,9,1",,"3,000",,"4,1,06,1",,,,,"0156,9",,"999,+0020,9","999,N,+0038,1",,,"6,1,026,1,+999,9","41,1","4,99,0149,1","SYN041333   20038 3/002 55026 60047 70068 91129",
"07390099999","1990-04-15T12:00:00","4","46.6833333","5.5166666","279.0","LONS LE SAUNIER, FR","FM-12","99999","V020","230,1,N,0051,1","99999,9,9,N","999999,9,N,9","+0085,1","+0043,1","10139,1","03,0040,9,1","06,0040,9,1",,"0,000",,"4,1,06,1",,,,,,,,,,,"1,1,033,1,+999,9","21,1","4,99,0170,1","SYN017333   60047 91133",
"07390099999","1990-04-15T18:00:00","4","46.6833333","5.5166666","279.0","LONS LE SAUNIER, FR","FM-12","99999","V020","090,1,N,0010,1","99999,9,9,N","999999,9,N,9","+0075,1","+0000,1","10182,1","99,0070,9,1",,,"0,000",,,,,,,,,,"999,M,+0100,1",,,"1,1,017,1,+999,9",,"4,99,0129,1","SYN017333   10100 91125",
"07390099999","1990-04-16T00:00:00","4","46.6833333","5.5166666","279.0","LONS LE SAUNIER, FR","FM-12","99999","V020","220,1,N,0021,1","99999,9,9,N","999999,9,N,9","+0049,1","+0014,1","10215,1","06,0000,9,1",,,"4,000",,,,,,,,,,,,,"1,1,009,1,+999,9",,"4,99,0051,1","SYN011333   91110",
"07390099999","1990-04-16T06:00:00","4","46.6833333","5.5166666","279.0","LONS LE SAUNIER, FR","FM-12","99999","V020","200,1,N,0021,1","99999,9,9,N","999999,9,N,9","+0035,1","+0017,1","10228,1","06,0000,9,1","24,0074,9,1",,"4,000",,,,,,,"0120,9",,"999,+0000,9","999,N,+0030,1",,,"3,1,009,1,+999,9",,"4,99,0041,1","SYN035333   20030 3/000 55020 70074 91108",
"07390099999","1990-04-16T12:00:00","4","46.6833333","5.5166666","279.0","LONS LE SAUNIER, FR","FM-12","99999","V020","230,1,N,0051,1","99999,9,9,N","999999,9,N,9","+0048,1","+0025,1","10234,1","03,0008,9,1","06,0010,9,1",,"0,000",,"4,1,06,1",,,,,,,,,,,"3,1,005,1,+999,9","41,1","4,99,0072,1","SYN017333   69987 91114",
"07390099999","1990-04-16T18:00:00","4","46.6833333","5.5166666","279.0","LONS LE SAUNIER, FR","FM-12","99999","V020","170,1,N,0021,1","99999,9,9,N","999999,9,N,9","+0075,1","+0011,1","10211,1","99,0010,9,1",,,"0,000",,,,,,,,,,"999,M,+0096,1",,,"6,1,005,1,+999,9",,"4,99,0072,1","SYN017333   10096 91114",
"07390099999","1990-04-17T00:00:00","4","46.6833333","5.5166666","279.0","LONS LE SAUNIER, FR","FM-12","99999","V020","200,1,N,0021,1","99999,9,9,N","999999,9,N,9","+0053,1","+0005,1","10215,1","06,0000,9,1",,,"4,000",,,,,,,,,,,,,"5,1,003,1,+999,9",,"4,99,0041,1","SYN011333   91108",
"07390099999","1990-04-17T06:00:00","4","46.6833333","5.5166666","279.0","LONS LE SAUNIER, FR","FM-12","99999","V020","190,1,N,0021,1","99999,9,9,N","999999,9,N,9","+0050,1","+0033,1","10208,1","03,0004,9,1","24,0018,9,1","99,0005,9,1","0,000",,"4,1,06,1",,,,,"0186,9",,"999,+0010,9","999,N,+0047,1",,,"5,1,000,1,+999,9","21,1","4,99,0051,1","SYN041333   20047 3/001 55031 69947 70018 91110",
"07390099999","1990-04-17T12:00:00","4","46.6833333","5.5166666","279.0","LONS LE SAUNIER, FR","FM-12","99999","V020","190,1,N,0041,1","99999,9,9,N","999999,9,N,9","+0053,1","+0028,1","10200,1","03,0030,9,1","06,0030,9,1",,"0,000",,"4,1,06,1",,,,,,,,,,,"6,1,007,1,+999,9","41,1","4,99,0098,1","SYN017333   60037 91119",
"07390099999","1990-04-17T18:00:00","4","46.6833333","5.5166666","279.0","LONS LE SAUNIER, FR","FM-12","99999","V020","170,1,N,0021,1","99999,9,9,N","999999,9,N,9","+0047,1","+0030,1","10211,1","03,0006,9,1","99,0005,9,1",,"0,000",,"4,1,06,1",,,,,,,,"999,M,+0086,1",,,"1,1,005,1,+999,9","21,1","4,99,0098,1","SYN023333   10086 69967 91119",
"07390099999","1990-04-18T00:00:00","4","46.6833333","5.5166666","279.0","LONS LE SAUNIER, FR","FM-12","99999","V020","210,1,N,0010,1","99999,9,9,N","999999,9,N,9","+0027,1","+0018,1","10231,1","06,0000,9,1",,,"4,000",,,,,,,,,,,,,"1,1,003,1,+999,9",,"4,99,0031,1","SYN011333   91106",
"07390099999","1990-04-18T06:00:00","4","46.6833333","5.5166666","279.0","LONS LE SAUNIER, FR","FM-12","99999","V020","160,1,N,0021,1","99999,9,9,N","999999,9,N,9","+0018,1","+0006,1","10222,1","06,0000,9,1","24,0080,9,1",,"4,000",,,,,,,"0078,9",,"999,-0010,9","999,N,+0010,1",,,"6,1,003,1,+999,9",,"4,99,0041,1","SYN035333   20010 3/101 55013 70080 91108",
"07390099999","1990-04-18T12:00:00","4","46.6833333","5.5166666","279.0","LONS LE SAUNIER, FR","FM-12","99999","V020","210,1,N,0021,1","99999,9,9,N","999999,9,N,9","+0066,1","+0013,1","10181,1","03,0004,9,1","06,0005,9,1",,"0,000",,"4,1,06,1",,,,,,,,,,,"8,1,020,1,+999,9","21,1","4,99,0088,1","SYN017333   69947 91117",
"07390099999","1990-04-18T18:00:00","4","46.6833333","5.5166666","279.0","LONS LE SAUNIER, FR","FM-12","99999","V020","170,1,N,0010,1","99999,9,9,N","999999,9,N,9","+0043,1","+0017,1","10196,1","99,0005,9,1",,,"0,000",,,,,,,,,,"999,M,+0067,1",,,"3,1,009,1,+999,9",,"4,99,0098,1","SYN017333   10067 91119",
"07390099999","1990-04-19T00:00:00","4","46.6833333","5.5166666","279.0","LONS LE SAUNIER, FR","FM-12","99999","V020","280,1,N,0010,1","99999,9,9,N","999999,9,N,9","+0022,1","+0009,1","10209,1","06,0000,9,1",,,"4,000",,,,,,,,,,,,,"0,1,000,1,+999,9",,"4,99,0088,1","SYN011333   91117",
"07390099999","1990-04-19T06:00:00","4","46.6833333","5.5166666","279.0","LONS LE SAUNIER, FR","FM-12","99999","V020","150,1,N,0010,1","99999,9,9,N","999999,9,N,9","-0007,1","-0014,1","10194,1","06,0000,9,1","24,0004,9,1",,"4,000",,,,,,,"0168,9",,"999,-0020,9","999,N,-0016,1",,,"5,1,004,1,+999,9",,"4,99,0031,1","SYN035333   21016 3/102 55028 70004 91106",
"07390099999","1990-04-19T12:00:00","4","46.6833333","5.5166666","279.0","LONS LE SAUNIER, FR","FM-12","99999","V020","200,1,N,0021,1","99999,9,9,N","999999,9,N,9","+0089,1","-0018,1","10116,1","06,0000,9,1",,,"4,000",,,,,,,,,,,,,"8,1,042,1,+999,9",,"4,99,0072,1","SYN011333   91114",
"07390099999","1990-04-19T18:00:00","4","46.6833333","5.5166666","279.0","LONS LE SAUNIER, FR","FM-12","99999","V020","290,1,N,0031,1","99999,9,9,N","999999,9,N,9","+0069,1","+0014,1","10075,1","06,0000,9,1",,,"4,000",,,,,,,,,,"999,M,+0100,1",,,"5,1,014,1,+999,9",,"4,99,0082,1","SYN017333   10100 91116",
"07390099999","1990-04-20T00:00:00","4","46.6833333","5.5166666","279.0","LONS LE SAUNIER, FR","FM-12","99999","V020","230,1,N,0010,1","99999,9,9,N","999999,9,N,9","+0040,1","+0028,1","10068,1","03,0002,9,1","06,0003,9,1",,"0,000",,,,,,,,,,,,,"6,1,008,1,+999,9",,"4,99,0072,1","SYN017333   69927 91114",
"07390099999","1990-04-20T06:00:00","4","46.6833333","5.5166666","279.0","LONS LE SAUNIER, FR","FM-12","99999","V020","310,1,N,0010,1","99999,9,9,N","999999,9,N,9","+0034,1","+0025,1","10064,1","03,0004,9,1","24,0046,9,1","99,0005,9,1","0,000",,"4,1,06,1",,,,,"0456,9",,"999,+0040,9","999,N,+0032,1",,,"3,1,003,1,+999,9","21,1","4,99,0051,1","SYN041333   20032 3/004 55076 69947 70046 91110",
"07390099999","1990-04-20T12:00:00","4","46.6833333","5.5166666","279.0","LONS LE SAUNIER, FR","FM-12","99999","V020","340,1,N,0041,1","99999,9,9,N","999999,9,N,9","+0082,1","+0020,1","10046,1","06,0000,9,1",,,"4,000",,,,,,,,,,,,,"8,1,008,1,+999,9",,"4,99,0072,1","SYN011333   91114",
"07390099999","1990-04-20T18:00:00","4","46.6833333","5.5166666","279.0","LONS LE SAUNIER, FR","FM-12","99999","V020","290,1,N,0021,1","99999,9,9,N","999999,9,N,9","+0087,1","+0033,1","10050,1","06,0000,9,1",,,"4,000",,,,,,,,,,"999,M,+0094,1",,,"3,1,006,1,+999,9",,"4,99,0082,1","SYN017333   10094 91116",
"07390099999","1990-04-21T00:00:00","4","46.6833333","5.5166666","279.0","LONS LE SAUNIER, FR","FM-12","99999","V020","190,1,N,0021,1","99999,9,9,N","999999,9,N,9","+0040,1","+0027,1","10062,1","06,0000,9,1",,,"4,000",,,,,,,,,,,,,"5,1,000,1,+999,9",,"4,99,0031,1","SYN011333   91106",
"07390099999","1990-04-21T06:00:00","4","46.6833333","5.5166666","279.0","LONS LE SAUNIER, FR","FM-12","99999","V020","250,1,N,0021,1","99999,9,9,N","999999,9,N,9","+0043,1","+0033,1","10069,1","06,0000,9,1",,,"4,000",,,,,,,"0030,9",,"999,+0020,9","999,N,+0039,1",,,"2,1,008,1,+999,9",,"4,99,0041,1","SYN029333   20039 3/002 55005 91108",
"07390099999","1990-04-21T12:00:00","4","46.6833333","5.5166666","279.0","LONS LE SAUNIER, FR","FM-12","99999","V020","210,1,N,0041,1","99999,9,9,N","999999,9,N,9","+0098,1","+0050,1","10071,1","06,0000,9,1",,,"4,000",,,,,,,,,,,,,"1,1,006,1,+999,9",,"4,99,0082,1","SYN011333   91116",
"07390099999","1990-04-21T18:00:00","4","46.6833333","5.5166666","279.0","LONS LE SAUNIER, FR","FM-12","99999","V020","230,1,N,0031,1","99999,9,9,N","999999,9,N,9","+0089,1","+0043,1","10072,1","06,0000,9,1",,,"4,000",,,,,,,,,,"999,M,+0109,1",,,"3,1,001,1,+999,9",,"4,99,0072,1","SYN017333   10109 91114",
"07390099999","1990-04-22T00:00:00","4","46.6833333","5.5166666","279.0","LONS LE SAUNIER, FR","FM-12","99999","V020","100,1,N,0021,1","99999,9,9,N","999999,9,N,9","+0040,1","+0022,1","10092,1","06,0000,9,1",,,"4,000",,,,,,,,,,,,,"0,1,004,1,+999,9",,"4,99,0041,1","SYN011333   91108",
"07390099999","1990-04-22T06:00:00","4","46.6833333","5.5166666","279.0","LONS LE SAUNIER, FR","FM-12","99999","V020","110,1,N,0021,1","99999,9,9,N","999999,9,N,9","+0048,1","+0025,1","10091,1","06,0000,9,1",,,"4,000",,,,,,,"0126,9",,"999,+0020,9","999,N,+0035,1",,,"3,1,008,1,+999,9",,"4,99,0051,1","SYN029333   20035 3/002 55021 91110",
"07390099999","1990-04-22T12:00:00","4","46.6833333","5.5166666","279.0","LONS LE SAUNIER, FR","FM-12","99999","V020","020,1,N,0041,1","99999,9,9,N","999999,9,N,9","+0125,1","+0059,1","10072,1","06,0000,9,1",,,"4,000",,,,,,,,,,,,,"8,1,012,1,+999,9",,"4,99,0072,1","SYN011333   91114",
"07390099999","1990-04-22T18:00:00","4","46.6833333","5.5166666","279.0","LONS LE SAUNIER, FR","FM-12","99999","V020","110,1,N,0041,1","99999,9,9,N","999999,9,N,9","+0092,1","+0038,1","10072,1","99,0010,9,1",,,"0,000",,,,,,,,,,"999,M,+0127,1",,,"3,1,002,1,+999,9",,"4,99,0098,1","SYN017333   10127 91119",
"07390099999","1990-04-23T00:00:00","4","46.6833333","5.5166666","279.0","LONS LE SAUNIER, FR","FM-12","99999","V020","220,1,N,0031,1","99999,9,9,N","999999,9,N,9","+0066,1","+0048,1","10090,1","06,0000,9,1",,,"4,000",,,,,,,,,,,,,"7,1,001,1,+999,9",,"4,99,0051,1","SYN011333   91110",
"07390099999","1990-04-23T06:00:00","4","46.6833333","5.5166666","279.0","LONS LE SAUNIER, FR","FM-12","99999","V020","210,1,N,0021,1","99999,9,9,N","999999,9,N,9","+0068,1","+0048,1","10087,1","06,0000,9,1","24,0012,9,1",,"4,000",,,,,,,"0192,9",,"999,+0040,9","999,N,+0066,1",,,"3,1,002,1,+999,9",,"4,99,0062,1","SYN035333   20066 3/004 55032 70012 91112",
"07390099999","1990-04-23T12:00:00","4","46.6833333","5.5166666","279.0","LONS LE SAUNIER, FR","FM-12","99999","V020","210,1,N,0041,1","99999,9,9,N","999999,9,N,9","+0098,1","+0054,1","10095,1","06,0000,9,1",,,"4,000",,,,,,,,,,,,,"2,1,003,1,+999,9",,"4,99,0072,1","SYN011333   91114",
"07390099999","1990-04-23T18:00:00","4","46.6833333","5.5166666","279.0","LONS LE SAUNIER, FR","FM-12","99999","V020","200,1,N,0021,1","99999,9,9,N","999999,9,N,9","+0085,1","+0051,1","10108,1","06,0000,9,1",,,"4,000",,,,,,,,,,"999,M,+0109,1",,,"2,1,009,1,+999,9",,"4,99,0082,1","SYN017333   10109 91116",
"07390099999","1990-04-24T00:00:00","4","46.6833333","5.5166666","279.0","LONS LE SAUNIER, FR","FM-12","99999","V020","170,1,N,0021,1","99999,9,9,N","999999,9,N,9","+0068,1","+0038,1","10127,1","06,0000,9,1",,,"4,000",,,,,,,,,,,,,"3,1,002,1,+999,9",,"4,99,0041,1","SYN011333   91108",
"07390099999","1990-04-24T06:00:00","4","46.6833333","5.5166666","279.0","LONS LE SAUNIER, FR","FM-12","99999","V020","100,1,N,0010,1","99999,9,9,N","999999,9,N,9","+0077,1","+0050,1","10122,1","06,0000,9,1",,,"4,000",,,,,,,"0036,9",,"999,+0030,9","999,N,+0061,1",,,"3,1,006,1,+999,9",,"4,99,0031,1","SYN029333   20061 3/003 55006 91106",
"07390099999","1990-04-24T12:00:00","4","46.6833333","5.5166666","279.0","LONS LE SAUNIER, FR","FM-12","99999","V020","260,1,N,0010,1","99999,9,9,N","999999,9,N,9","+0102,1","+0069,1","10130,1","03,0010,9,1","06,0010,9,1",,"0,000",,,,,,,,,,,,,"1,1,003,1,+999,9",,"4,99,0051,1","SYN017333   60017 91110",
"07390099999","1990-04-24T18:00:00","4","46.6833333","5.5166666","279.0","LONS LE SAUNIER, FR","FM-12","99999","V020","240,1,N,0031,1","99999,9,9,N","999999,9,N,9","+0109,1","+0063,1","10138,1","99,0010,9,1",,,"0,000",,,,,,,,,,"999,M,+0131,1",,,"3,1,012,1,+999,9",,"4,99,0062,1","SYN017333   10131 91112",
"07390099999","1990-04-25T00:00:00","4","46.6833333","5.5166666","279.0","LONS LE SAUNIER, FR","FM-12","99999","V020","220,1,N,0010,1","99999,9,9,N","999999,9,N,9","+0078,1","+0058,1","10168,1","06,0000,9,1",,,"4,000",,,,,,,,,,,,,"3,1,007,1,+999,9",,"4,99,0062,1","SYN011333   91112",
"07390099999","1990-04-25T06:00:00","4","46.6833333","5.5166666","279.0","LONS LE SAUNIER, FR","FM-12","99999","V020","090,1,N,0010,1","99999,9,9,N","999999,9,N,9","+0076,1","+0054,1","10180,1","06,0000,9,1","24,0014,9,1",,"4,000",,,,,,,"0186,9",,"999,+0050,9","999,N,+0071,1",,,"3,1,010,1,+999,9",,"4,99,0031,1","SYN035333   20071 3/005 55031 70014 91106",
"07390099999","1990-04-25T12:00:00","4","46.6833333","5.5166666","279.0","LONS LE SAUNIER, FR","FM-12","99999","V020","300,1,N,0010,1","99999,9,9,N","999999,9,N,9","+0136,1","+0058,1","10175,1","06,0000,9,1",,,"4,000",,,,,,,,,,,,,"8,1,002,1,+999,9",,"4,99,0062,1","SYN011333   91112",
"07390099999","1990-04-25T18:00:00","4","46.6833333","5.5166666","279.0","LONS LE SAUNIER, FR","FM-12","99999","V020","330,1,N,0021,1","99999,9,9,N","999999,9,N,9","+0126,1","+0048,1","10174,1","06,0000,9,1",,,"4,000",,,,,,,,,,"999,M,+0152,1",,,"5,1,000,1,+999,9",,"4,99,0072,1","SYN017333   10152 91114",
"07390099999","1990-04-26T00:00:00","4","46.6833333","5.5166666","279.0","LONS LE SAUNIER, FR","FM-12","99999","V020","120,1,N,0021,1","99999,9,9,N","999999,9,N,9","+0059,1","+0037,1","10204,1","06,0000,9,1",,,"4,000",,,,,,,,,,,,,"1,1,008,1,+999,9",,"4,99,0041,1","SYN011333   91108",
"07390099999","1990-04-26T06:00:00","4","46.6833333","5.5166666","279.0","LONS LE SAUNIER, FR","FM-12","99999","V020","090,1,N,0021,1","99999,9,9,N","999999,9,N,9","+0054,1","+0034,1","10217,1","06,0000,9,1",,,"4,000",,,,,,,"0348,9",,"999,+0010,9","999,N,+0045,1",,,"1,1,012,1,+999,9",,"4,99,0041,1","SYN029333   20045 3/001 55058 91108",
"07390099999","1990-04-26T12:00:00","4","46.6833333","5.5166666","279.0","LONS LE SAUNIER, FR","FM-12","99999","V020","350,1,N,0031,1","99999,9,9,N","999999,9,N,9","+0147,1","+0035,1","10210,1","06,0000,9,1",,,"4,000",,,,,,,,,,,,,"8,1,007,1,+999,9",,"4,99,0072,1","SYN011333   91114",
"07390099999","1990-04-26T18:00:00","4","46.6833333","5.5166666","279.0","LONS LE SAUNIER, FR","FM-12","99999","V020","280,1,N,0031,1","99999,9,9,N","999999,9,N,9","+0126,1","+0051,1","10211,1","06,0000,9,1",,,"4,000",,,,,,,,,,"999,M,+0154,1",,,"3,1,005,1,+999,9",,"4,99,0108,1","SYN017333   10154 91121",
"07390099999","1990-04-27T00:00:00","4","46.6833333","5.5166666","279.0","LONS LE SAUNIER, FR","FM-12","99999","V020","090,1,N,0021,1","99999,9,9,N","999999,9,N,9","+0065,1","+0038,1","10235,1","06,0000,9,1",,,"4,000",,,,,,,,,,,,,"0,1,003,1,+999,9",,"4,99,0041,1","SYN011333   91108",
"07390099999","1990-04-27T06:00:00","4","46.6833333","5.5166666","279.0","LONS LE SAUNIER, FR","FM-12","99999","V020","110,1,N,0021,1","99999,9,9,N","999999,9,N,9","+0077,1","+0047,1","10243,1","06,0000,9,1",,,"4,000",,,,,,,"0576,9",,"999,+0030,9","999,N,+0059,1",,,"3,1,009,1,+999,9",,"4,99,0041,1","SYN029333   20059 3/003 55096 91108",
"07390099999","1990-04-27T12:00:00","4","46.6833333","5.5166666","279.0","LONS LE SAUNIER, FR","FM-12","99999","V020","190,1,N,0031,1","99999,9,9,N","999999,9,N,9","+0153,1","+0066,1","10241,1","06,0000,9,1",,,"4,000",,,,,,,,,,,,,"8,1,002,1,+999,9",,"4,99,0062,1","SYN011333   91112",
"07390099999","1990-04-27T18:00:00","4","46.6833333","5.5166666","279.0","LONS LE SAUNIER, FR","FM-12","99999","V020","030,1,N,0031,1","99999,9,9,N","999999,9,N,9","+0123,1","+0076,1","10245,1","06,0000,9,1",,,"4,000",,,,,,,,,,"999,M,+0170,1",,,"1,1,005,1,+999,9",,"4,99,0082,1","SYN017333   10170 91116",
"07390099999","1990-04-28T00:00:00","4","46.6833333","5.5166666","279.0","LONS LE SAUNIER, FR","FM-12","99999","V020","010,1,N,0021,1","99999,9,9,N","999999,9,N,9","+0108,1","+0075,1","10260,1","06,0000,9,1",,,"4,000",,,,,,,,,,,,,"3,1,006,1,+999,9",,"4,99,0051,1","SYN011333   91110",
"07390099999","1990-04-28T06:00:00","4","46.6833333","5.5166666","279.0","LONS LE SAUNIER, FR","FM-12","99999","V020","010,1,N,0041,1","99999,9,9,N","999999,9,N,9","+0092,1","+0076,1","10259,1","06,0000,9,1",,,"4,000",,,,,,,"0126,9",,"999,+0080,9","999,N,+0091,1",,,"5,1,000,1,+999,9",,"4,99,0072,1","SYN029333   20091 3/008 55021 91114",
"07390099999","1990-04-28T12:00:00","4","46.6833333","5.5166666","279.0","LONS LE SAUNIER, FR","FM-12","99999","V020","330,1,N,0041,1","99999,9,9,N","999999,9,N,9","+0161,1","+0063,1","10246,1","06,0000,9,1",,,"4,000",,,,,,,,,,,,,"8,1,003,1,+999,9",,"4,99,0088,1","SYN011333   91117",
"07390099999","1990-04-28T18:00:00","4","46.6833333","5.5166666","279.0","LONS LE SAUNIER, FR","FM-12","99999","V020","360,1,N,0031,1","99999,9,9,N","999999,9,N,9","+0146,1","+0037,1","10234,1","06,0000,9,1",,,"4,000",,,,,,,,,,"999,M,+0173,1",,,"5,1,000,1,+999,9",,"4,99,0088,1","SYN017333   10173 91117",
"07390099999","1990-04-29T00:00:00","4","46.6833333","5.5166666","279.0","LONS LE SAUNIER, FR","FM-12","99999","V020","360,1,N,0021,1","99999,9,9,N","999999,9,N,9","+0065,1","+0028,1","10237,1","06,0000,9,1",,,"4,000",,,,,,,,,,,,,"6,1,007,1,+999,9",,"4,99,0082,1","SYN011333   91116",
"07390099999","1990-04-29T06:00:00","4","46.6833333","5.5166666","279.0","LONS LE SAUNIER, FR","FM-12","99999","V020","230,1,N,0010,1","99999,9,9,N","999999,9,N,9","+0037,1","+0025,1","10238,1","06,0000,9,1",,,"4,000",,,,,,,"0690,9",,"999,+0000,9","999,N,+0028,1",,,"1,1,005,1,+999,9",,"4,99,0051,1","SYN029333   20028 3/000 55115 91110",
"07390099999","1990-04-29T12:00:00","4","46.6833333","5.5166666","279.0","LONS LE SAUNIER, FR","FM-12","99999","V020","290,1,N,0031,1","99999,9,9,N","999999,9,N,9","+0176,1","+0052,1","10213,1","06,0000,9,1",,,"4,000",,,,,,,,,,,,,"8,1,012,1,+999,9",,"4,99,0072,1","SYN011333   91114",
"07390099999","1990-04-29T18:00:00","4","46.6833333","5.5166666","279.0","LONS LE SAUNIER, FR","FM-12","99999","V020","010,1,N,0041,1","99999,9,9,N","999999,9,N,9","+0176,1","+0024,1","10190,1","06,0000,9,1",,,"4,000",,,,,,,,,,"999,M,+0204,1",,,"5,1,004,1,+999,9",,"4,99,0129,1","SYN017333   10204 91125",
"07390099999","1990-04-30T00:00:00","4","46.6833333","5.5166666","279.0","LONS LE SAUNIER, FR","FM-12","99999","V020","040,1,N,0021,1","99999,9,9,N","999999,9,N,9","+0086,1","+0034,1","10221,1","06,0000,9,1",,,"4,000",,,,,,,,,,,,,"1,1,007,1,+999,9",,"4,99,0088,1","SYN011333   91117",
"07390099999","1990-04-30T06:00:00","4","46.6833333","5.5166666","279.0","LONS LE SAUNIER, FR","FM-12","99999","V020","999,1,C,0000,1","99999,9,9,N","999999,9,N,9","+0092,1","+0038,1","10241,1","06,0000,9,1",,,"4,000",,,,,,,"0822,9",,"999,+0040,9","999,N,+0080,1",,,"3,1,014,1,+999,9",,"4,99,0051,1","SYN029333   20080 3/004 55137 91110",
"07390099999","1990-04-30T12:00:00","4","46.6833333","5.5166666","279.0","LONS LE SAUNIER, FR","FM-12","99999","V020","330,1,N,0021,1","99999,9,9,N","999999,9,N,9","+0202,1","+0079,1","10228,1","06,0000,9,1",,,"4,000",,,,,,,,,,,,,"8,1,005,1,+999,9",,"4,99,0062,1","SYN011333   91112",
"07390099999","1990-04-30T18:00:00","4","46.6833333","5.5166666","279.0","LONS LE SAUNIER, FR","FM-12","99999","V020","360,1,N,0031,1","99999,9,9,N","999999,9,N,9","+0187,1","+0052,1","10215,1","06,0000,9,1",,,"4,000",,,,,,,,,,"999,M,+0217,1",,,"5,1,002,1,+999,9",,"4,99,0088,1","SYN017333   10217 91117",
"07390099999","1990-05-01T00:00:00","4","46.6833333","5.5166666","279.0","LONS LE SAUNIER, FR","FM-12","99999","V020","050,1,N,0021,1","99999,9,9,N","999999,9,N,9","+0099,1","+0047,1","10241,1","06,0000,9,1",,,"4,000",,,,,,,,,,,,,"1,1,003,1,+999,9",,"4,99,0062,1","SYN011333   91112",
"07390099999","1990-05-01T06:00:00","4","46.6833333","5.5166666","279.0","LONS LE SAUNIER, FR","FM-12","99999","V020","100,1,N,0010,1","99999,9,9,N","999999,9,N,9","+0116,1","+0071,1","10255,1","06,0000,9,1",,,"4,000",,,,,,,"0666,9",,"999,+0050,9","999,N,+0088,1",,,"3,1,010,1,+999,9",,"4,99,0041,1","SYN029333   20088 3/005 55111 91108",
"07390099999","1990-05-01T12:00:00","4","46.6833333","5.5166666","279.0","LONS LE SAUNIER, FR","FM-12","99999","V020","360,1,N,0021,1","99999,9,9,N","999999,9,N,9","+0210,1","+0089,1","10246,1","06,0000,9,1",,,"4,000",,,,,,,,,,,,,"8,1,006,1,+999,9",,"4,99,0072,1","SYN011333   91114",
"07390099999","1990-05-01T18:00:00","4","46.6833333","5.5166666","279.0","LONS LE SAUNIER, FR","FM-12","99999","V020","330,1,N,0021,1","99999,9,9,N","999999,9,N,9","+0216,1","+0085,1","10226,1","06,0000,9,1",,,"4,000",,,,,,,,,,"999,M,+0236,1",,,"6,1,006,1,+999,9",,"4,99,0088,1","SYN017333   10236 91117",
"07390099999","1990-05-02T00:00:00","4","46.6833333","5.5166666","279.0","LONS LE SAUNIER, FR","FM-12","99999","V020","010,1,N,0010,1","99999,9,9,N","999999,9,N,9","+0142,1","+0034,1","10247,1","06,0000,9,1",,,"4,000",,,,,,,,,,,,,"7,1,002,1,+999,9",,"4,99,0088,1","SYN011333   91117",
"07390099999","1990-05-02T06:00:00","4","46.6833333","5.5166666","279.0","LONS LE SAUNIER, FR","FM-12","99999","V020","220,1,N,0021,1","99999,9,9,N","999999,9,N,9","+0116,1","+0073,1","10268,1","06,0000,9,1",,,"4,000",,,,,,,"0804,9",,"999,+0060,9","999,N,+0099,1",,,"2,1,015,1,+999,9",,"4,99,0051,1","SYN029333   20099 3/006 55134 91110",
"07390099999","1990-05-02T12:00:00","4","46.6833333","5.5166666","279.0","LONS LE SAUNIER, FR","FM-12","99999","V020","260,1,N,0031,1","99999,9,9,N","999999,9,N,9","+0216,1","+0104,1","10264,1","06,0000,9,1",,,"4,000",,,,,,,,,,,,,"8,1,003,1,+999,9",,"4,99,0051,1","SYN011333   91110",
"07390099999","1990-05-02T18:00:00","4","46.6833333","5.5166666","279.0","LONS LE SAUNIER, FR","FM-12","99999","V020","310,1,N,0021,1","99999,9,9,N","999999,9,N,9","+0216,1","+0074,1","10249,1","06,0000,9,1",,,"4,000",,,,,,,,,,"999,M,+0240,1",,,"6,1,006,1,+999,9",,"4,99,0062,1","SYN017333   10240 91112",
"07390099999","1990-05-03T00:00:00","4","46.6833333","5.5166666","279.0","LONS LE SAUNIER, FR","FM-12","99999","V020","100,1,N,0021,1","99999,9,9,N","999999,9,N,9","+0165,1","+0066,1","10252,1","06,0000,9,1",,,"4,000",,,,,,,,,,,,,"6,1,005,1,+999,9",,"4,99,0041,1","SYN011333   91108",
"07390099999","1990-05-03T06:00:00","4","46.6833333","5.5166666","279.0","LONS LE SAUNIER, FR","FM-12","99999","V020","090,1,N,0010,1","99999,9,9,N","999999,9,N,9","+0117,1","+0098,1","10262,1","06,0000,9,1",,,"4,000",,,,,,,"0792,9",,"999,+0070,9","999,N,+0099,1",,,"3,1,010,1,+999,9",,"4,99,0051,1","SYN029333   20099 3/007 55132 91110",
"07390099999","1990-05-03T12:00:00","4","46.6833333","5.5166666","279.0","LONS LE SAUNIER, FR","FM-12","99999","V020","220,1,N,0041,1","99999,9,9,N","999999,9,N,9","+0207,1","+0113,1","10231,1","06,0000,9,1",,,"4,000",,,,,,,,,,,,,"8,1,014,1,+999,9",,"4,99,0082,1","SYN011333   91116",
"07390099999","1990-05-07T18:00:00","4","46.6833333","5.5166666","279.0","LONS LE SAUNIER, FR","FM-12","99999","V020","120,1,N,0031,1","99999,9,9,N","999999,9,N,9","+0161,1","+0083,1","10152,1",,,,"2,000",,,,,,,,,,,,,,,,"SYN003333",
"07390099999","1990-05-08T00:00:00","4","46.6833333","5.5166666","279.0","LONS LE SAUNIER, FR","FM-12","99999","V020","100,1,N,0021,1","99999,9,9,N","999999,9,N,9","+0121,1","+0080,1","10173,1","06,0000,9,1",,,"4,000",,,,,,,,,,,,,"0,1,000,1,+999,9",,"4,99,0062,1","SYN011333   91112",
"07390099999","1990-05-08T06:00:00","4","46.6833333","5.5166666","279.0","LONS LE SAUNIER, FR","FM-12","99999","V020","090,1,N,0021,1","99999,9,9,N","999999,9,N,9","+0127,1","+0099,1","10177,1","06,0000,9,1",,,"4,000",,,,,,,,,"999,+0070,9","999,N,+0106,1",,,"3,1,006,1,+999,9",,"4,99,0041,1","SYN029333   20106 3/007 55/// 91108",
"07390099999","1990-05-08T12:00:00","4","46.6833333","5.5166666","279.0","LONS LE SAUNIER, FR","FM-12","99999","V020","230,1,N,0031,1","99999,9,9,N","999999,9,N,9","+0200,1","+0099,1","10160,1","06,0000,9,1",,,"4,000",,,,,,,,,,,,,"8,1,014,1,+999,9",,"4,99,0062,1","SYN011333   91112",
"07390099999","1990-05-08T18:00:00","4","46.6833333","5.5166666","279.0","LONS LE SAUNIER, FR","FM-12","99999","V020","110,1,N,0031,1","99999,9,9,N","999999,9,N,9","+0169,1","+0103,1","10152,1","06,0000,9,1",,,"4,000",,,,,,,,,,"999,M,+0217,1",,,"5,1,006,1,+999,9",,"4,99,0108,1","SYN017333   10217 91121",
"07390099999","1990-05-09T00:00:00","4","46.6833333","5.5166666","279.0","LONS LE SAUNIER, FR","FM-12","99999","V020","110,1,N,0021,1","99999,9,9,N","999999,9,N,9","+0126,1","+0091,1","10171,1","06,0000,9,1",,,"4,000",,,,,,,,,,,,,"2,1,001,1,+999,9",,"4,99,0041,1","SYN011333   91108",
"07390099999","1990-05-09T06:00:00","4","46.6833333","5.5166666","279.0","LONS LE SAUNIER, FR","FM-12","99999","V020","130,1,N,0010,1","99999,9,9,N","999999,9,N,9","+0125,1","+0093,1","10171,1","06,0000,9,1",,,"4,000",,,,,,,"0576,9",,"999,+0080,9","999,N,+0117,1",,,"3,1,007,1,+999,9",,"4,99,0041,1","SYN029333   20117 3/008 55096 91108",
"07390099999","1990-05-09T12:00:00","4","46.6833333","5.5166666","279.0","LONS LE SAUNIER, FR","FM-12","99999","V020","200,1,N,0041,1","99999,9,9,N","999999,9,N,9","+0203,1","+0118,1","10159,1","06,0000,9,1",,,"4,000",,,,,,,,,,,,,"8,1,006,1,+999,9",,"4,99,0072,1","SYN011333   91114",
"07390099999","1990-05-09T18:00:00","4","46.6833333","5.5166666","279.0","LONS LE SAUNIER, FR","FM-12","99999","V020","310,1,N,0031,1","99999,9,9,N","999999,9,N,9","+0175,1","+0084,1","10153,1",,,,"2,000",,,,,,,,,,,,,"3,1,001,1,+999,9",,,"SYN003333",
"07390099999","1990-05-10T00:00:00","4","46.6833333","5.5166666","279.0","LONS LE SAUNIER, FR","FM-12","99999","V020","090,1,N,0021,1","99999,9,9,N","999999,9,N,9","+0124,1","+0083,1","10165,1","06,0000,9,1",,,"4,000",,,,,,,,,,,,,"0,1,001,1,+999,9",,"4,99,0041,1","SYN011333   91108",
"07390099999","1990-05-10T06:00:00","4","46.6833333","5.5166666","279.0","LONS LE SAUNIER, FR","FM-12","99999","V020","100,1,N,0010,1","99999,9,9,N","999999,9,N,9","+0132,1","+0089,1","10162,1","06,0000,9,1",,,"4,000",,,,,,,,,"999,+0080,9","999,N,+0111,1",,,"5,1,001,1,+999,9",,"4,99,0041,1","SYN029333   20111 3/008 55/// 91108",
"07390099999","1990-05-10T12:00:00","4","46.6833333","5.5166666","279.0","LONS LE SAUNIER, FR","FM-12","99999","V020","210,1,N,0051,1","99999,9,9,N","999999,9,N,9","+0191,1","+0112,1","10149,1","06,0000,9,1",,,"4,000",,,,,,,,,,,,,"8,1,007,1,+999,9",,"4,99,0108,1","SYN011333   91121",
"07390099999","1990-05-10T18:00:00","4","46.6833333","5.5166666","279.0","LONS LE SAUNIER, FR","FM-12","99999","V020","170,1,N,0021,1","99999,9,9,N","999999,9,N,9","+0129,1","+0106,1","10156,1","03,0050,9,1",,,"0,000",,,,,,,,,,"999,M,+0198,1",,,"0,1,008,1,+999,9",,"4,99,0129,1","SYN023333   10198 60057 91125",
"07390099999","1990-05-11T00:00:00","4","46.6833333","5.5166666","279.0","LONS LE SAUNIER, FR","FM-12","99999","V020","999,1,C,0000,1","99999,9,9,N","999999,9,N,9","+0114,1","+0098,1","10157,1","06,0000,9,1",,,"4,000",,,,,,,,,,,,,"8,1,001,1,+999,9",,"4,99,0041,1","SYN011333   91108",
"07390099999","1990-05-11T06:00:00","4","46.6833333","5.5166666","279.0","LONS LE SAUNIER, FR","FM-12","99999","V020","230,1,N,0021,1","99999,9,9,N","999999,9,N,9","+0114,1","+0105,1","10154,1","06,0000,9,1","24,0080,9,1",,"4,000",,,,,,,"0318,9",,"999,+0080,9","999,N,+0107,1",,,"3,1,005,1,+999,9",,"4,99,0041,1","SYN035333   20107 3/008 55053 70080 91108",
"07390099999","1990-05-11T12:00:00","4","46.6833333","5.5166666","279.0","LONS LE SAUNIER, FR","FM-12","99999","V020","250,1,N,0051,1","99999,9,9,N","999999,9,N,9","+0160,1","+0075,1","10138,1","06,0000,9,1",,,"4,000",,,,,,,,,,,,,"8,1,007,1,+999,9",,"4,99,0072,1","SYN011333   91114",
"07390099999","1990-05-11T18:00:00","4","46.6833333","5.5166666","279.0","LONS LE SAUNIER, FR","FM-12","99999","V020","280,1,N,0021,1","99999,9,9,N","999999,9,N,9","+0169,1","+0070,1","10115,1","06,0000,9,1",,,"4,000",,,,,,,,,,"999,M,+0176,1",,,"5,1,004,1,+999,9",,"4,99,0072,1","SYN017333   10176 91114",
"07390099999","1990-05-12T00:00:00","4","46.6833333","5.5166666","279.0","LONS LE SAUNIER, FR","FM-12","99999","V020","040,1,N,0021,1","99999,9,9,N","999999,9,N,9","+0096,1","+0067,1","10134,1","06,0000,9,1",,,"4,000",,,,,,,,,,,,,"8,1,003,1,+999,9",,"4,99,0062,1","SYN011333   91112",
"07390099999","1990-05-12T06:00:00","4","46.6833333","5.5166666","279.0","LONS LE SAUNIER, FR","FM-12","99999","V020","080,1,N,0041,1","99999,9,9,N","999999,9,N,9","+0107,1","+0072,1","10117,1","06,0000,9,1",,,"4,000",,,,,,,"0438,9",,"999,+0050,9","999,N,+0075,1",,,"6,1,003,1,+999,9",,"4,99,0051,1","SYN029333   20075 3/005 55073 91110",
"07390099999","1990-05-12T12:00:00","4","46.6833333","5.5166666","279.0","LONS LE SAUNIER, FR","FM-12","99999","V020","310,1,N,0031,1","99999,9,9,N","999999,9,N,9","+0185,1","+0070,1","10103,1","06,0000,9,1",,,"4,000",,,,,,,,,,,,,"7,1,003,1,+999,9",,"4,99,0062,1","SYN011333   91112",
"07390099999","1990-05-12T18:00:00","4","46.6833333","5.5166666","279.0","LONS LE SAUNIER, FR","FM-12","99999","V020","350,1,N,0010,1","99999,9,9,N","999999,9,N,9","+0183,1","+0071,1","10102,1","06,0000,9,1",,,"4,000",,,,,,,,,,"999,M,+0198,1",,,"3,1,006,1,+999,9",,"4,99,0072,1","SYN017333   10198 91114",
"07390099999","1990-05-13T00:00:00","4","46.6833333","5.5166666","279.0","LONS LE SAUNIER, FR","FM-12","99999","V020","080,1,N,0041,1","99999,9,9,N","999999,9,N,9","+0130,1","+0070,1","10113,1","06,0000,9,1",,,"4,000",,,,,,,,,,,,,"6,1,003,1,+999,9",,"4,99,0062,1","SYN011333   91112",
"07390099999","1990-05-13T06:00:00","4","46.6833333","5.5166666","279.0","LONS LE SAUNIER, FR","FM-12","99999","V020","210,1,N,0021,1","99999,9,9,N","999999,9,N,9","+0129,1","+0088,1","10125,1","06,0000,9,1",,,"4,000",,,,,,,"0828,9",,"999,+0080,9","999,N,+0123,1",,,"3,1,006,1,+999,9",,"4,99,0051,1","SYN029333   20123 3/008 55138 91110",
"07390099999","1990-05-13T12:00:00","4","46.6833333","5.5166666","279.0","LONS LE SAUNIER, FR","FM-12","99999","V020","250,1,N,0051,1","99999,9,9,N","999999,9,N,9","+0190,1","+0089,1","10124,1","06,0000,9,1",,,"4,000",,,,,,,,,,,,,"0,1,000,1,+999,9",,"4,99,0098,1","SYN011333   91119",
"07390099999","1990-05-13T18:00:00","4","46.6833333","5.5166666","279.0","LONS LE SAUNIER, FR","FM-12","99999","V020","300,1,N,0021,1","99999,9,9,N","999999,9,N,9","+0148,1","+0114,1","10140,1","06,0000,9,1",,,"4,000",,,,,,,,,,"999,M,+0200,1",,,"3,1,008,1,+999,9",,"4,99,0082,1","SYN017333   10200 91116",
"07390099999","1990-05-14T00:00:00","4","46.6833333","5.5166666","279.0","LONS LE SAUNIER, FR","FM-12","99999","V020","140,1,N,0010,1","99999,9,9,N","999999,9,N,9","+0133,1","+0114,1","10156,1","06,0000,9,1",,,"4,000",,,,,,,,,,,,,"2,1,002,1,+999,9",,"4,99,0031,1","SYN011333   91106",
"07390099999","1990-05-14T06:00:00","4","46.6833333","5.5166666","279.0","LONS LE SAUNIER, FR","FM-12","99999","V020","090,1,N,0010,1","99999,9,9,N","999999,9,N,9","+0129,1","+0108,1","10164,1","06,0000,9,1",,,"4,000",,,,,,,"0120,9",,"999,+0090,9","999,N,+0116,1",,,"3,1,007,1,+999,9",,"4,99,0031,1","SYN029333   20116 3/009 55020 91106",
"07390099999","1990-05-14T12:00:00","4","46.6833333","5.5166666","279.0","LONS LE SAUNIER, FR","FM-12","99999","V020","310,1,N,0031,1","99999,9,9,N","999999,9,N,9","+0181,1","+0130,1","10158,1","06,0000,9,1",,,"4,000",,,,,,,,,,,,,"7,1,006,1,+999,9",,"4,99,0072,1","SYN011333   91114",
"07390099999","1990-05-15T12:00:00","4","46.6833333","5.5166666","279.0","LONS LE SAUNIER, FR","FM-12","99999","V020","230,1,N,0021,1","99999,9,9,N","999999,9,N,9","+0213,1","+0108,1","10177,1","06,0000,9,1",,,"4,000",,,,,,,,,,,,,"8,1,008,1,+999,9",,"4,99,0062,1","SYN011333   91112",
"07390099999","1990-05-15T18:00:00","4","46.6833333","5.5166666","279.0","LONS LE SAUNIER, FR","FM-12","99999","V020","020,1,N,0021,1","99999,9,9,N","999999,9,N,9","+0198,1","+0113,1","10173,1","06,0000,9,1",,,"4,000",,,,,,,,,,"999,M,+0231,1",,,"3,1,003,1,+999,9",,"4,99,0072,1","SYN017333   10231 91114",
"07390099999","1990-05-16T00:00:00","4","46.6833333","5.5166666","279.0","LONS LE SAUNIER, FR","FM-12","99999","V020","080,1,N,0010,1","99999,9,9,N","999999,9,N,9","+0138,1","+0117,1","10197,1","06,0000,9,1",,,"4,000",,,,,,,,,,,,,"3,1,001,1,+999,9",,"4,99,0051,1","SYN011333   91110",
"07390099999","1990-05-16T06:00:00","4","46.6833333","5.5166666","279.0","LONS LE SAUNIER, FR","FM-12","99999","V020","080,1,N,0021,1","99999,9,9,N","999999,9,N,9","+0147,1","+0122,1","10205,1","06,0000,9,1",,,"4,000",,,,,,,"0534,9",,"999,+0100,9","999,N,+0121,1",,,"3,1,009,1,+999,9",,"4,99,0031,1","SYN029333   20121 3/010 55089 91106",
"07390099999","1990-05-16T12:00:00","4","46.6833333","5.5166666","279.0","LONS LE SAUNIER, FR","FM-12","99999","V020","250,1,N,0041,1","99999,9,9,N","999999,9,N,9","+0214,1","+0103,1","10198,1","06,0000,9,1",,,"4,000",,,,,,,,,,,,,"8,1,005,1,+999,9",,"4,99,0072,1","SYN011333   91114",
"07390099999","1990-05-16T18:00:00","4","46.6833333","5.5166666","279.0","LONS LE SAUNIER, FR","FM-12","99999","V020","260,1,N,0021,1","99999,9,9,N","999999,9,N,9","+0209,1","+0101,1","10184,1","06,0000,9,1",,,"4,000",,,,,,,,,,"999,M,+0231,1",,,"6,1,003,1,+999,9",,"4,99,0072,1","SYN017333   10231 91114",
"07390099999","1990-05-17T00:00:00","4","46.6833333","5.5166666","279.0","LONS LE SAUNIER, FR","FM-12","99999","V020","050,1,N,0021,1","99999,9,9,N","999999,9,N,9","+0142,1","+0090,1","10187,1","06,0000,9,1",,,"4,000",,,,,,,,,,,,,"7,1,009,1,+999,9",,"4,99,0031,1","SYN011333   91106",
"07390099999","1990-05-17T06:00:00","4","46.6833333","5.5166666","279.0","LONS LE SAUNIER, FR","FM-12","99999","V020","070,1,N,0021,1","99999,9,9,N","999999,9,N,9","+0137,1","+0105,1","10188,1","06,0000,9,1",,,"4,000",,,,,,,"0732,9",,"999,+0090,9","999,N,+0103,1",,,"0,1,002,1,+999,9",,"4,99,0051,1","SYN029333   20103 3/009 55122 91110",
"07390099999","1990-05-17T12:00:00","4","46.6833333","5.5166666","279.0","LONS LE SAUNIER, FR","FM-12","99999","V020","290,1,N,0031,1","99999,9,9,N","999999,9,N,9","+0235,1","+0099,1","10168,1","06,0000,9,1",,,"4,000",,,,,,,,,,,,,"8,1,008,1,+999,9",,"4,99,0062,1","SYN011333   91112",
"07390099999","1990-05-17T18:00:00","4","46.6833333","5.5166666","279.0","LONS LE SAUNIER, FR","FM-12","99999","V020","350,1,N,0021,1","99999,9,9,N","999999,9,N,9","+0200,1","+0112,1","10154,1","06,0000,9,1",,,"4,000",,,,,,,,,,"999,M,+0241,1",,,"5,1,001,1,+999,9",,"4,99,0062,1","SYN017333   10241 91112",
"07390099999","1990-05-18T00:00:00","4","46.6833333","5.5166666","279.0","LONS LE SAUNIER, FR","FM-12","99999","V020","120,1,N,0010,1","99999,9,9,N","999999,9,N,9","+0155,1","+0115,1","10168,1","06,0000,9,1",,,"4,000",,,,,,,,,,,,,"8,1,001,1,+999,9",,"4,99,0041,1","SYN011333   91108",
"07390099999","1990-05-18T06:00:00","4","46.6833333","5.5166666","279.0","LONS LE SAUNIER, FR","FM-12","99999","V020","320,1,N,0010,1","99999,9,9,N","999999,9,N,9","+0148,1","+0121,1","10169,1","06,0000,9,1",,,"4,000",,,,,,,"0618,9",,"999,+0110,9","999,N,+0129,1",,,"3,1,005,1,+999,9",,"4,99,0031,1","SYN029333   20129 3/011 55103 91106",
"07390099999","1990-05-18T12:00:00","4","46.6833333","5.5166666","279.0","LONS LE SAUNIER, FR","FM-12","99999","V020","230,1,N,0021,1","99999,9,9,N","999999,9,N,9","+0218,1","+0121,1","10163,1","06,0000,9,1",,,"4,000",,,,,,,,,,,,,"8,1,006,1,+999,9",,"4,99,0062,1","SYN011333   91112",
"07390099999","1990-05-18T18:00:00","4","46.6833333","5.5166666","279.0","LONS LE SAUNIER, FR","FM-12","99999","V020","090,1,N,0021,1","99999,9,9,N","999999,9,N,9","+0181,1","+0138,1","10153,1","06,0000,9,1",,,"4,000",,,,,,,,,,"999,M,+0236,1",,,"3,1,005,1,+999,9",,"4,99,0072,1","SYN017333   10236 91114",
"07390099999","1990-05-19T00:00:00","4","46.6833333","5.5166666","279.0","LONS LE SAUNIER, FR","FM-12","99999","V020","360,1,N,0010,1","99999,9,9,N","999999,9,N,9","+0145,1","+0118,1","10164,1","06,0000,9,1",,,"4,000",,,,,,,,,,,,,"5,1,001,1,+999,9",,"4,99,0031,1","SYN011333   91106",
"07390099999","1990-05-19T06:00:00","4","46.6833333","5.5166666","279.0","LONS LE SAUNIER, FR","FM-12","99999","V020","200,1,N,0041,1","99999,9,9,N","999999,9,N,9","+0124,1","+0116,1","10184,1","06,0000,9,1",,,"4,000",,,,,,,"0354,9",,"999,+0120,9","999,N,+0124,1",,,"3,1,015,1,+999,9",,"4,99,0062,1","SYN029333   20124 3/012 55059 91112",
"07390099999","1990-05-19T12:00:00","4","46.6833333","5.5166666","279.0","LONS LE SAUNIER, FR","FM-12","99999","V020","210,1,N,0021,1","99999,9,9,N","999999,9,N,9","+0179,1","+0126,1","10183,1","06,0030,9,1",,,"0,000",,,,,,,,,,,,,"0,1,000,1,+999,9",,"4,99,0062,1","SYN011333   91112",
"07390099999","1990-05-19T18:00:00","4","46.6833333","5.5166666","279.0","LONS LE SAUNIER, FR","FM-12","99999","V020","060,1,N,0051,1","99999,9,9,N","999999,9,N,9","+0180,1","+0116,1","10171,1","99,0030,9,1",,,"0,000",,,,,,,,,,"999,M,+0210,1",,,"6,1,001,1,+999,9",,"4,99,0088,1","SYN017333   10210 91117",
"07390099999","1990-05-20T00:00:00","4","46.6833333","5.5166666","279.0","LONS LE SAUNIER, FR","FM-12","99999","V020","080,1,N,0031,1","99999,9,9,N","999999,9,N,9","+0128,1","+0105,1","10174,1","06,0000,9,1",,,"4,000",,,,,,,,,,,,,"8,1,006,1,+999,9",,"4,99,0051,1","SYN011333   91110",
"07390099999","1990-05-20T06:00:00","4","46.6833333","5.5166666","279.0","LONS LE SAUNIER, FR","FM-12","99999","V020","180,1,N,0010,1","99999,9,9,N","999999,9,N,9","+0126,1","+0112,1","10172,1","03,0002,9,1","24,0036,9,1","99,0003,9,1","0,000",,,,,,,"0342,9",,"999,+0090,9","999,N,+0112,1",,,"3,1,005,1,+999,9",,"4,99,0041,1","SYN041333   20112 3/009 55057 69927 70036 91108",
"07390099999","1990-05-20T12:00:00","4","46.6833333","5.5166666","279.0","LONS LE SAUNIER, FR","FM-12","99999","V020","260,1,N,0031,1","99999,9,9,N","999999,9,N,9","+0215,1","+0112,1","10141,1","06,0000,9,1",,,"4,000",,,,,,,,,,,,,"6,1,016,1,+999,9",,"4,99,0062,1","SYN011333   91112",
"07390099999","1990-05-20T18:00:00","4","46.6833333","5.5166666","279.0","LONS LE SAUNIER, FR","FM-12","99999","V020","230,1,N,0051,1","99999,9,9,N","999999,9,N,9","+0158,1","+0110,1","10145,1","06,0000,9,1",,,"4,000",,,,,,,,,,"999,M,+0236,1",,,"3,1,019,1,+999,9",,"4,99,0118,1","SYN017333   10236 91123",
"07390099999","1990-05-21T00:00:00","4","46.6833333","5.5166666","279.0","LONS LE SAUNIER, FR","FM-12","99999","V020","100,1,N,0010,1","99999,9,9,N","999999,9,N,9","+0129,1","+0123,1","10147,1","03,0008,9,1","06,0010,9,1",,"0,000",,,,,,,,,,,,,"8,1,004,1,+999,9",,"4,99,0088,1","SYN017333   69987 91117",
"07390099999","1990-05-21T06:00:00","4","46.6833333","5.5166666","279.0","LONS LE SAUNIER, FR","FM-12","99999","V020","160,1,N,0010,1","99999,9,9,N","999999,9,N,9","+0136,1","+0127,1","10146,1","03,0002,9,1","24,0016,9,1","99,0003,9,1","0,000",,,,,,,"0636,9",,"999,+0120,9","999,N,+0127,1",,,"3,1,006,1,+999,9",,"4,99,0031,1","SYN041333   20127 3/012 55106 69927 70016 91106",
"07390099999","1990-05-21T12:00:00","4","46.6833333","5.5166666","279.0","LONS LE SAUNIER, FR","FM-12","99999","V020","230,1,N,0041,1","99999,9,9,N","999999,9,N,9","+0173,1","+0118,1","10143,1","03,0002,9,1","06,0003,9,1",,"0,001",,"4,1,06,1",,,,,,,,,,,"8,1,003,1,+999,9","21,1","4,99,0088,1","SYN017333   69927 91117",
"07390099999","1990-05-21T18:00:00","4","46.6833333","5.5166666","279.0","LONS LE SAUNIER, FR","FM-12","99999","V020","190,1,N,0021,1","99999,9,9,N","999999,9,N,9","+0183,1","+0123,1","10132,1","99,0003,9,1",,,"0,000",,,,,,,,,,"999,M,+0199,1",,,"5,1,001,1,+999,9",,"4,99,0072,1","SYN017333   10199 91114",
"07390099999","1990-05-22T00:00:00","4","46.6833333","5.5166666","279.0","LONS LE SAUNIER, FR","FM-12","99999","V020","090,1,N,0021,1","99999,9,9,N","999999,9,N,9","+0118,1","+0102,1","10145,1","06,0000,9,1",,,"4,000",,,,,,,,,,,,,"8,1,001,1,+999,9",,"4,99,0041,1","SYN011333   91108",
"07390099999","1990-05-22T06:00:00","4","46.6833333","5.5166666","279.0","LONS LE SAUNIER, FR","FM-12","99999","V020","080,1,N,0031,1","99999,9,9,N","999999,9,N,9","+0129,1","+0104,1","10142,1","03,0002,9,1","24,0004,9,1","99,0003,9,1","0,000",,,,,,,"0288,9",,"999,+0090,9","999,N,+0103,1",,,"2,1,002,1,+999,9",,"4,99,0051,1","SYN041333   20103 3/009 55048 69927 70004 91110",
"07390099999","1990-05-22T12:00:00","4","46.6833333","5.5166666","279.0","LONS LE SAUNIER, FR","FM-12","99999","V020","320,1,N,0041,1","99999,9,9,N","999999,9,N,9","+0215,1","+0100,1","10124,1","06,0000,9,1",,,"4,000",,,,,,,,,,,,,"8,1,003,1,+999,9",,"4,99,0072,1","SYN011333   91114",
"07390099999","1990-05-22T18:00:00","4","46.6833333","5.5166666","279.0","LONS LE SAUNIER, FR","FM-12","99999","V020","999,1,C,0000,1","99999,9,9,N","999999,9,N,9","+0145,1","+0118,1","10135,1","03,0060,9,1",,,"0,000",,"4,1,06,1",,,,,,,,"999,M,+0221,1",,,"3,1,004,1,+999,9","41,1","4,99,0088,1","SYN023333   10221 60067 91117",
"07390099999","1990-05-23T00:00:00","4","46.6833333","5.5166666","279.0","LONS LE SAUNIER, FR","FM-12","99999","V020","999,1,C,0000,1","99999,9,9,N","999999,9,N,9","+0143,1","+0115,1","10144,1","03,0010,9,1","06,0010,9,1",,"0,001",,"4,1,06,1",,,,,,,,,,,"3,1,002,1,+999,9","21,1","4,99,0010,1","SYN017333   60017 91102",
"07390099999","1990-05-23T06:00:00","4","46.6833333","5.5166666","279.0","LONS LE SAUNIER, FR","FM-12","99999","V020","999,1,C,0000,1","99999,9,9,N","999999,9,N,9","+0136,1","+0120,1","10150,1","03,0006,9,1","24,0106,9,1","99,0005,9,1","0,001",,"4,1,06,1",,,,,"0462,9",,"999,+0120,9","999,N,+0129,1",,,"1,1,009,1,+999,9","21,1","4,99,0000,1","SYN041333   20129 3/012 55077 69967 70106 91100",
"07390099999","1990-05-23T12:00:00","4","46.6833333","5.5166666","279.0","LONS LE SAUNIER, FR","FM-12","99999","V020","190,1,N,0041,1","99999,9,9,N","999999,9,N,9","+0219,1","+0125,1","10133,1","06,0070,9,1",,,"0,000",,,,,,,,,,,,,"8,1,010,1,+999,9",,"4,99,0072,1","SYN011333   91114",
"07390099999","1990-05-23T18:00:00","4","46.6833333","5.5166666","279.0","LONS LE SAUNIER, FR","FM-12","99999","V020","080,1,N,0010,1","99999,9,9,N","999999,9,N,9","+0204,1","+0143,1","10123,1","99,0070,9,1",,,"0,000",,,,,,,,,,"999,M,+0231,1",,,"5,1,000,1,+999,9",,"4,99,0072,1","SYN017333   10231 91114",
"07390099999","1990-05-24T00:00:00","4","46.6833333","5.5166666","279.0","LONS LE SAUNIER, FR","FM-12","99999","V020","210,1,N,0031,1","99999,9,9,N","999999,9,N,9","+0135,1","+0122,1","10141,1","03,0004,9,1","06,0005,9,1",,"0,001",,"4,1,06,1",,,,,,,,,,,"5,1,005,1,+999,9","21,1","4,99,0108,1","SYN017333   69947 91121",
"07390099999","1990-05-24T06:00:00","4","46.6833333","5.5166666","279.0","LONS LE SAUNIER, FR","FM-12","99999","V020","080,1,N,0010,1","99999,9,9,N","999999,9,N,9","+0129,1","+0124,1","10132,1","03,0010,9,1","24,0092,9,1",,"0,000",,"4,1,06,1",,,,,"0354,9",,"999,+0130,9","999,N,+0126,1",,,"3,1,003,1,+999,9","41,1","4,99,0041,1","SYN041333   20126 3/013 55059 60017 70092 91108",
"07390099999","1990-05-24T12:00:00","4","46.6833333","5.5166666","279.0","LONS LE SAUNIER, FR","FM-12","99999","V020","300,1,N,0021,1","99999,9,9,N","999999,9,N,9","+0138,1","+0132,1","10125,1","03,0020,9,1","06,0020,9,1",,"0,000",,"4,1,06,1",,,,,,,,,,,"7,1,003,1,+999,9","41,1","4,99,0051,1","SYN017333   60027 91110",
"07390099999","1990-05-24T18:00:00","4","46.6833333","5.5166666","279.0","LONS LE SAUNIER, FR","FM-12","99999","V020","350,1,N,0021,1","99999,9,9,N","999999,9,N,9","+0149,1","+0141,1","10116,1","99,0090,9,1",,,"0,000",,,,,,,,,,"999,M,+0154,1",,,"6,1,001,1,+999,9",,"4,99,0062,1","SYN017333   10154 91112",
"07390099999","1990-05-25T00:00:00","4","46.6833333","5.5166666","279.0","LONS LE SAUNIER, FR","FM-12","99999","V020","010,1,N,0031,1","99999,9,9,N","999999,9,N,9","+0134,1","+0129,1","10131,1","03,0010,9,1","06,0010,9,1",,"0,001",,"4,1,06,1",,,,,,,,,,,"1,1,003,1,+999,9","21,1","4,99,0082,1","SYN017333   60017 91116",
"07390099999","1990-05-25T06:00:00","4","46.6833333","5.5166666","279.0","LONS LE SAUNIER, FR","FM-12","99999","V020","320,1,N,0031,1","99999,9,9,N","999999,9,N,9","+0103,1","+0091,1","10165,1","24,0114,9,1","99,0020,9,1",,"0,000",,,,,,,"0000,9",,"999,+0100,9","999,N,+0101,1",,,"3,1,023,1,+999,9",,"4,99,0062,1","SYN035333   20101 3/010 55000 70114 91112",
"07390099999","1990-05-25T12:00:00","4","46.6833333","5.5166666","279.0","LONS LE SAUNIER, FR","FM-12","99999","V020","350,1,N,0051,1","99999,9,9,N","999999,9,N,9","+0179,1","+0100,1","10174,1","06,0000,9,1",,,"4,000",,,,,,,,,,,,,"0,1,001,1,+999,9",,"4,99,0098,1","SYN011333   91119",
"07390099999","1990-05-25T18:00:00","4","46.6833333","5.5166666","279.0","LONS LE SAUNIER, FR","FM-12","99999","V020","360,1,N,0031,1","99999,9,9,N","999999,9,N,9","+0166,1","+0070,1","10183,1","06,0000,9,1",,,"4,000",,,,,,,,,,"999,M,+0192,1",,,"3,1,003,1,+999,9",,"4,99,0098,1","SYN017333   10192 91119",
"07390099999","1990-05-26T00:00:00","4","46.6833333","5.5166666","279.0","LONS LE SAUNIER, FR","FM-12","99999","V020","020,1,N,0021,1","99999,9,9,N","999999,9,N,9","+0091,1","+0065,1","10202,1","06,0000,9,1",,,"4,000",,,,,,,,,,,,,"8,1,002,1,+999,9",,"4,99,0088,1","SYN011333   91117",
"07390099999","1990-05-26T06:00:00","4","46.6833333","5.5166666","279.0","LONS LE SAUNIER, FR","FM-12","99999","V020","330,1,N,0021,1","99999,9,9,N","999999,9,N,9","+0075,1","+0060,1","10207,1","06,0000,9,1",,,"4,000",,,,,,,"0462,9",,"999,+0050,9","999,N,+0063,1",,,"3,1,005,1,+999,9",,"4,99,0041,1","SYN029333   20063 3/005 55077 91108",
"07390099999","1990-05-26T12:00:00","4","46.6833333","5.5166666","279.0","LONS LE SAUNIER, FR","FM-12","99999","V020","350,1,N,0041,1","99999,9,9,N","999999,9,N,9","+0175,1","+0075,1","10194,1","06,0000,9,1",,,"4,000",,,,,,,,,,,,,"8,1,004,1,+999,9",,"4,99,0082,1","SYN011333   91116",
"07390099999","1990-05-26T18:00:00","4","46.6833333","5.5166666","279.0","LONS LE SAUNIER, FR","FM-12","99999","V020","360,1,N,0031,1","99999,9,9,N","999999,9,N,9","+0170,1","+0047,1","10187,1","06,0000,9,1",,,"4,000",,,,,,,,,,"999,M,+0190,1",,,"5,1,003,1,+999,9",,"4,99,0098,1","SYN017333   10190 91119",
"07390099999","1990-05-27T00:00:00","4","46.6833333","5.5166666","279.0","LONS LE SAUNIER, FR","FM-12","99999","V020","020,1,N,0021,1","99999,9,9,N","999999,9,N,9","+0092,1","+0054,1","10207,1","06,0000,9,1",,,"4,000",,,,,,,,,,,,,"8,1,003,1,+999,9",,"4,99,0072,1","SYN011333   91114",
"07390099999","1990-05-27T06:00:00","4","46.6833333","5.5166666","279.0","LONS LE SAUNIER, FR","FM-12","99999","V020","010,1,N,0021,1","99999,9,9,N","999999,9,N,9","+0100,1","+0050,1","10210,1","06,0000,9,1",,,"4,000",,,,,,,"0816,9",,"999,+0040,9","999,N,+0060,1",,,"3,1,006,1,+999,9",,"4,99,0062,1","SYN029333   20060 3/004 55136 91112",
"07390099999","1990-05-27T12:00:00","4","46.6833333","5.5166666","279.0","LONS LE SAUNIER, FR","FM-12","99999","V020","350,1,N,0051,1","99999,9,9,N","999999,9,N,9","+0182,1","+0029,1","10203,1","06,0000,9,1",,,"4,000",,,,,,,,,,,,,"8,1,001,1,+999,9",,"4,99,0108,1","SYN011333   91121",
"07390099999","1990-05-27T18:00:00","4","46.6833333","5.5166666","279.0","LONS LE SAUNIER, FR","FM-12","99999","V020","010,1,N,0051,1","99999,9,9,N","999999,9,N,9","+0176,1","+0007,1","10201,1","06,0000,9,1",,,"4,000",,,,,,,,,,"999,M,+0191,1",,,"3,1,001,1,+999,9",,"4,99,0129,1","SYN017333   10191 91125",
"07390099999","1990-05-28T00:00:00","4","46.6833333","5.5166666","279.0","LONS LE SAUNIER, FR","FM-12","99999","V020","030,1,N,0031,1","99999,9,9,N","999999,9,N,9","+0101,1","+0017,1","10229,1","06,0000,9,1",,,"4,000",,,,,,,,,,,,,"0,1,000,1,+999,9",,"4,99,0098,1","SYN011333   91119",
"07390099999","1990-05-28T06:00:00","4","46.6833333","5.5166666","279.0","LONS LE SAUNIER, FR","FM-12","99999","V020","310,1,N,0010,1","99999,9,9,N","999999,9,N,9","+0076,1","+0033,1","10251,1","06,0000,9,1",,,"4,000",,,,,,,"0840,9",,"999,+0040,9","999,N,+0062,1",,,"2,1,014,1,+999,9",,"4,99,0051,1","SYN029333   20062 3/004 55140 91110",
"07390099999","1990-05-28T12:00:00","4","46.6833333","5.5166666","279.0","LONS LE SAUNIER, FR","FM-12","99999","V020","350,1,N,0041,1","99999,9,9,N","999999,9,N,9","+0181,1","-0012,1","10249,1","06,0000,9,1",,,"4,000",,,,,,,,,,,,,"0,1,003,1,+999,9",,"4,99,0108,1","SYN011333   91121",
"07390099999","1990-05-28T18:00:00","4","46.6833333","5.5166666","279.0","LONS LE SAUNIER, FR","FM-12","99999","V020","010,1,N,0041,1","99999,9,9,N","999999,9,N,9","+0159,1","+0005,1","10247,1","06,0000,9,1",,,"4,000",,,,,,,,,,"999,M,+0188,1",,,"5,1,000,1,+999,9",,"4,99,0108,1","SYN017333   10188 91121",
"07390099999","1990-05-29T06:00:00","4","46.6833333","5.5166666","279.0","LONS LE SAUNIER, FR","FM-12","99999","V020","020,1,N,0010,1","99999,9,9,N","999999,9,N,9","+0078,1","+0038,1","10255,1","06,0000,9,1",,,"4,000",,,,,,,"0852,9",,"999,+0020,9","999,N,+0039,1",,,"1,1,002,1,+999,9",,"4,99,0041,1","SYN029333   20039 3/002 55142 91108",
"07390099999","1990-05-29T18:00:00","4","46.6833333","5.5166666","279.0","LONS LE SAUNIER, FR","FM-12","99999","V020","330,1,N,0031,1","99999,9,9,N","999999,9,N,9","+0170,1","+0010,1","10216,1","06,0000,9,1",,,"4,000",,,,,,,,,,"999,M,+0185,1",,,"6,1,004,1,+999,9",,"4,99,0098,1","SYN017333   10185 91119",
"07390099999","1990-05-30T00:00:00","4","46.6833333","5.5166666","279.0","LONS LE SAUNIER, FR","FM-12","99999","V020","080,1,N,0031,1","99999,9,9,N","999999,9,N,9","+0097,1","-0005,1","10215,1","06,0000,9,1",,,"4,000",,,,,,,,,,,,,"8,1,008,1,+999,9",,"4,99,0062,1","SYN011333   91112",
"07390099999","1990-05-30T06:00:00","4","46.6833333","5.5166666","279.0","LONS LE SAUNIER, FR","FM-12","99999","V020","100,1,N,0010,1","99999,9,9,N","999999,9,N,9","+0087,1","+0027,1","10216,1","06,0000,9,1",,,"4,000",,,,,,,"0822,9",,"999,+0060,9","999,N,+0074,1",,,"3,1,004,1,+999,9",,"4,99,0051,1","SYN029333   20074 3/006 55137 91110",
"07390099999","1990-05-30T12:00:00","4","46.6833333","5.5166666","279.0","LONS LE SAUNIER, FR","FM-12","99999","V020","230,1,N,0041,1","99999,9,9,N","999999,9,N,9","+0163,1","+0020,1","10206,1","06,0000,9,1",,,"4,000",,,,,,,,,,,,,"8,1,004,1,+999,9",,"4,99,0072,1","SYN011333   91114",
"07390099999","1990-05-30T18:00:00","4","46.6833333","5.5166666","279.0","LONS LE SAUNIER, FR","FM-12","99999","V020","200,1,N,0010,1","99999,9,9,N","999999,9,N,9","+0170,1","+0037,1","10202,1","06,0000,9,1",,,"4,000",,,,,,,,,,"999,M,+0190,1",,,"3,1,005,1,+999,9",,"4,99,0072,1","SYN017333   10190 91114",
"07390099999","1990-05-31T00:00:00","4","46.6833333","5.5166666","279.0","LONS LE SAUNIER, FR","FM-12","99999","V020","090,1,N,0021,1","99999,9,9,N","999999,9,N,9","+0119,1","+0055,1","10215,1","06,0000,9,1",,,"4,000",,,,,,,,,,,,,"8,1,002,1,+999,9",,"4,99,0041,1","SYN011333   91108",
"07390099999","1990-05-31T06:00:00","4","46.6833333","5.5166666","279.0","LONS LE SAUNIER, FR","FM-12","99999","V020","090,1,N,0010,1","99999,9,9,N","999999,9,N,9","+0118,1","+0059,1","10218,1","06,0000,9,1",,,"4,000",,,,,,,"0534,9",,"999,+0070,9","999,N,+0083,1",,,"3,1,007,1,+999,9",,"4,99,0051,1","SYN029333   20083 3/007 55089 91110",
"07390099999","1990-05-31T12:00:00","4","46.6833333","5.5166666","279.0","LONS LE SAUNIER, FR","FM-12","99999","V020","240,1,N,0031,1","99999,9,9,N","999999,9,N,9","+0206,1","+0054,1","10198,1","06,0000,9,1",,,"4,000",,,,,,,,,,,,,"6,1,009,1,+999,9",,"4,99,0062,1","SYN011333   91112",
"07390099999","1990-05-31T18:00:00","4","46.6833333","5.5166666","279.0","LONS LE SAUNIER, FR","FM-12","99999","V020","230,1,N,0010,1","99999,9,9,N","999999,9,N,9","+0209,1","+0085,1","10183,1","06,0000,9,1",,,"4,000",,,,,,,,,,"999,M,+0223,1",,,"6,1,004,1,+999,9",,"4,99,0072,1","SYN017333   10223 91114",
"07390099999","1990-06-01T00:00:00","4","46.6833333","5.5166666","279.0","LONS LE SAUNIER, FR","FM-12","99999","V020","090,1,N,0021,1","99999,9,9,N","999999,9,N,9","+0138,1","+0078,1","10203,1","06,0000,9,1",,,"4,000",,,,,,,,,,,,,"3,1,003,1,+999,9",,"4,99,0041,1","SYN011333   91108",
"07390099999","1990-06-01T06:00:00","4","46.6833333","5.5166666","279.0","LONS LE SAUNIER, FR","FM-12","99999","V020","190,1,N,0031,1","99999,9,9,N","999999,9,N,9","+0155,1","+0090,1","10203,1","06,0000,9,1",,,"4,000",,,,,,,"0840,9",,"999,+0100,9","999,N,+0118,1",,,"2,1,005,1,+999,9",,"4,99,0082,1","SYN029333   20118 3/010 55140 91116",
"07390099999","1990-06-01T12:00:00","4","46.6833333","5.5166666","279.0","LONS LE SAUNIER, FR","FM-12","99999","V020","220,1,N,0082,1","99999,9,9,N","999999,9,N,9","+0221,1","+0063,1","10170,1","06,0000,9,1",,,"4,000",,,,,,,,,,,,,"6,1,017,1,+999,9",,"4,99,0129,1","SYN011333   91125",
"07390099999","1990-06-01T18:00:00","4","46.6833333","5.5166666","279.0","LONS LE SAUNIER, FR","FM-12","99999","V020","190,1,N,0041,1","99999,9,9,N","999999,9,N,9","+0217,1","+0089,1","10139,1","06,0000,9,1",,,"4,000",,,,,,,,,,"999,M,+0238,1",,,"6,1,012,1,+999,9",,"4,99,0118,1","SYN017333   10238 91123",
"07390099999","1990-06-02T00:00:00","4","46.6833333","5.5166666","279.0","LONS LE SAUNIER, FR","FM-12","99999","V020","190,1,N,0051,1","99999,9,9,N","999999,9,N,9","+0179,1","+0058,1","10139,1","06,0000,9,1",,,"4,000",,,,,,,,,,,,,"8,1,007,1,+999,9",,"4,99,0118,1","SYN011333   91123",
"07390099999","1990-06-02T12:00:00","4","46.6833333","5.5166666","279.0","LONS LE SAUNIER, FR","FM-12","99999","V020","190,1,N,0051,1","99999,9,9,N","999999,9,N,9","+0150,1","+0118,1","10152,1","03,0002,9,1","06,0003,9,1",,"0,000",,,,,,,,,,,,,"0,1,010,1,+999,9",,"4,99,0082,1","SYN017333   69927 91116",
"07390099999","1990-06-02T18:00:00","4","46.6833333","5.5166666","279.0","LONS LE SAUNIER, FR","FM-12","99999","V020","260,1,N,0031,1","99999,9,9,N","999999,9,N,9","+0155,1","+0070,1","10150,1","99,0030,9,1",,,"0,000",,,,,,,,,,"999,M,+0173,1",,,"3,1,001,1,+999,9",,"4,99,0098,1","SYN017333   10173 91119",
"07390099999","1990-06-03T00:00:00","4","46.6833333","5.5166666","279.0","LONS LE SAUNIER, FR","FM-12","99999","V020","130,1,N,0021,1","99999,9,9,N","999999,9,N,9","+0114,1","+0065,1","10157,1","06,0000,9,1",,,"4,000",,,,,,,,,,,,,"8,1,003,1,+999,9",,"4,99,0062,1","SYN011333   91112",
"07390099999","1990-06-03T06:00:00","4","46.6833333","5.5166666","279.0","LONS LE SAUNIER, FR","FM-12","99999","V020","120,1,N,0010,1","99999,9,9,N","999999,9,N,9","+0119,1","+0074,1","10149,1","06,0000,9,1","24,0034,9,1",,"4,000",,,,,,,"0180,9",,"999,+0100,9","999,N,+0109,1",,,"5,1,000,1,+999,9",,"4,99,0041,1","SYN035333   20109 3/010 55030 70034 91108",
"07390099999","1990-06-03T12:00:00","4","46.6833333","5.5166666","279.0","LONS LE SAUNIER, FR","FM-12","99999","V020","240,1,N,0041,1","99999,9,9,N","999999,9,N,9","+0175,1","+0078,1","10125,1","06,0000,9,1",,,"4,000",,,,,,,,,,,,,"7,1,012,1,+999,9",,"4,99,0072,1","SYN011333   91114",
"07390099999","1990-06-03T18:00:00","4","46.6833333","5.5166666","279.0","LONS LE SAUNIER, FR","FM-12","99999","V020","210,1,N,0021,1","99999,9,9,N","999999,9,N,9","+0162,1","+0098,1","10108,1","06,0000,9,1",,,"4,000",,,,,,,,,,"999,M,+0184,1",,,"6,1,012,1,+999,9",,"4,99,0082,1","SYN017333   10184 91116",
"07390099999","1990-06-04T00:00:00","4","46.6833333","5.5166666","279.0","LONS LE SAUNIER, FR","FM-12","99999","V020","160,1,N,0010,1","99999,9,9,N","999999,9,N,9","+0132,1","+0116,1","10107,1","03,0020,9,1","06,0020,9,1",,"0,001",,"4,1,06,1",,,,,,,,,,,"3,1,001,1,+999,9","21,1","4,99,0031,1","SYN017333   60027 91106",
"07390099999","1990-06-04T06:00:00","4","46.6833333","5.5166666","279.0","LONS LE SAUNIER, FR","FM-12","99999","V020","090,1,N,0010,1","99999,9,9,N","999999,9,N,9","+0115,1","+0109,1","10112,1","03,0060,9,1","24,0136,9,1",,"0,000",,"4,1,06,1",,,,,"0246,9",,"999,+0120,9","999,N,+0114,1",,,"2,1,011,1,+999,9","41,1","4,99,0062,1","SYN041333   20114 3/012 55041 60067 70136 91112",
"07390099999","1990-06-04T12:00:00","4","46.6833333","5.5166666","279.0","LONS LE SAUNIER, FR","FM-12","99999","V020","150,1,N,0021,1","99999,9,9,N","999999,9,N,9","+0127,1","+0108,1","10127,1","03,0006,9,2","06,0005,9,2",,"0,000",,,,,,,,,,,,,"0,1,006,1,+999,9",,"4,99,0062,1","SYN017333   69967 91112",
"07390099999","1990-06-04T18:00:00","4","46.6833333","5.5166666","279.0","LONS LE SAUNIER, FR","FM-12","99999","V020","210,1,N,0021,1","99999,9,9,N","999999,9,N,9","+0142,1","+0104,1","10123,1","99,0050,9,1",,,"0,000",,,,,,,,,,"999,M,+0147,1",,,"3,1,001,1,+999,9",,"4,99,0062,1","SYN017333   10147 91112",
"07390099999","1990-06-05T00:00:00","4","46.6833333","5.5166666","279.0","LONS LE SAUNIER, FR","FM-12","99999","V020","090,1,N,0021,1","99999,9,9,N","999999,9,N,9","+0094,1","+0083,1","10135,1","06,0000,9,1",,,"4,000",,,,,,,,,,,,,"8,1,003,1,+999,9",,"4,99,0041,1","SYN011333   91108",
"07390099999","1990-06-05T06:00:00","4","46.6833333","5.5166666","279.0","LONS LE SAUNIER, FR","FM-12","99999","V020","060,1,N,0021,1","99999,9,9,N","999999,9,N,9","+0113,1","+0085,1","10113,1","24,0054,9,1","99,0003,9,1",,"0,000",,,,,,,"0030,9",,"999,+0070,9","999,N,+0086,1",,,"8,1,010,1,+999,9",,"4,99,0051,1","SYN035333   20086 3/007 55005 70054 91110",
"07390099999","1990-06-05T12:00:00","4","46.6833333","5.5166666","279.0","LONS LE SAUNIER, FR","FM-12","99999","V020","290,1,N,0021,1","99999,9,9,N","999999,9,N,9","+0141,1","+0118,1","10105,1","03,0020,9,1","06,0020,9,1",,"0,000",,"4,1,06,1",,,,,,,,,,,"3,1,006,1,+999,9","41,1","4,99,0051,1","SYN017333   60027 91110",
"07390099999","1990-06-05T18:00:00","4","46.6833333","5.5166666","279.0","LONS LE SAUNIER, FR","FM-12","99999","V020","310,1,N,0031,1","99999,9,9,N","999999,9,N,9","+0109,1","+0100,1","10127,1","03,0060,9,1",,,"0,000",,"4,1,06,1",,,,,,,,"999,M,+0161,1",,,"3,1,012,1,+999,9","41,1","4,99,0062,1","SYN023333   10161 60067 91112",
"07390099999","1990-06-06T00:00:00","4","46.6833333","5.5166666","279.0","LONS LE SAUNIER, FR","FM-12","99999","V020","160,1,N,0010,1","99999,9,9,N","999999,9,N,9","+0102,1","+0099,1","10155,1","03,0020,9,1","06,0020,9,1",,"0,001",,"4,1,06,1",,,,,,,,,,,"1,1,006,1,+999,9","21,1","4,99,0051,1","SYN017333   60027 91110",
"07390099999","1990-06-06T06:00:00","4","46.6833333","5.5166666","279.0","LONS LE SAUNIER, FR","FM-12","99999","V020","190,1,N,0021,1","99999,9,9,N","999999,9,N,9","+0102,1","+0097,1","10161,1","24,0132,9,1","99,0030,9,1",,"0,000",,,,,,,"0090,9",,"999,+0100,9","999,N,+0098,1",,,"2,1,006,1,+999,9",,"4,99,0031,1","SYN035333   20098 3/010 55015 70132 91106",
"07390099999","1990-06-06T12:00:00","4","46.6833333","5.5166666","279.0","LONS LE SAUNIER, FR","FM-12","99999","V020","140,1,N,0010,1","99999,9,9,N","999999,9,N,9","+0159,1","+0093,1","10148,1","06,0000,9,1",,,"4,000",,,,,,,,,,,,,"8,1,006,1,+999,9",,"4,99,0062,1","SYN011333   91112",
"07390099999","1990-06-06T18:00:00","4","46.6833333","5.5166666","279.0","LONS LE SAUNIER, FR","FM-12","99999","V020","220,1,N,0031,1","99999,9,9,N","999999,9,N,9","+0163,1","+0093,1","10142,1","06,0000,9,1",,,"4,000",,,,,,,,,,"999,M,+0174,1",,,"0,1,002,1,+999,9",,"4,99,0062,1","SYN017333   10174 91112",
"07390099999","1990-06-07T18:00:00","4","46.6833333","5.5166666","279.0","LONS LE SAUNIER, FR","FM-12","99999","V020","170,1,N,0021,1","99999,9,9,N","999999,9,N,9","+0142,1","+0136,1","10108,1",,,,"2,001",,"4,1,06,1",,,,,,,,,,,"5,1,002,1,+999,9","21,1",,"SYN003333",
"07390099999","1990-06-08T00:00:00","4","46.6833333","5.5166666","279.0","LONS LE SAUNIER, FR","FM-12","99999","V020","180,1,N,0031,1","99999,9,9,N","999999,9,N,9","+0134,1","+0126,1","10088,1",,,,"2,000",,,,,,,,,,,,,,"41,1",,,
"07390099999","1990-06-08T06:00:00","4","46.6833333","5.5166666","279.0","LONS LE SAUNIER, FR","FM-12","99999","V020","160,1,N,0021,1","99999,9,9,N","999999,9,N,9","+0110,1","+0107,1","10086,1","03,0110,9,1","24,0272,9,1",,"0,000",,"4,1,06,1",,,,,,,"999,+0100,9","999,N,+0105,1",,,"1,1,020,1,+999,9","41,1","4,99,0108,1","SYN041333   20105 3/010 55/// 60117 70272 91121",
"07390099999","1990-06-08T12:00:00","4","46.6833333","5.5166666","279.0","LONS LE SAUNIER, FR","FM-12","99999","V020","270,1,N,0082,1","99999,9,9,N","999999,9,N,9","+0119,1","+0087,1","10117,1","03,0030,9,1","06,0030,9,1",,"0,000",,"4,1,06,1",,,,,,,,,,,"1,1,017,1,+999,9","41,1","4,99,0139,1","SYN017333   60037 91127",
"07390099999","1990-06-09T00:00:00","4","46.6833333","5.5166666","279.0","LONS LE SAUNIER, FR","FM-12","99999","V020","210,1,N,0021,1","99999,9,9,N","999999,9,N,9","+0107,1","+0066,1","10142,1","06,0000,9,1",,,"4,000",,,,,,,,,,,,,"0,1,000,1,+999,9",,"4,99,0088,1","SYN011333   91117",
"07390099999","1990-06-09T06:00:00","4","46.6833333","5.5166666","279.0","LONS LE SAUNIER, FR","FM-12","99999","V020","190,1,N,0021,1","99999,9,9,N","999999,9,N,9","+0095,1","+0081,1","10131,1","03,0010,9,1","24,0046,9,1",,"0,000",,,,,,,"0168,9",,"999,+0060,9","999,N,+0087,1",,,"0,1,000,1,+999,9",,"4,99,0088,1","SYN041333   20087 3/006 55028 60017 70046 91117",
"07390099999","1990-06-09T12:00:00","4","46.6833333","5.5166666","279.0","LONS LE SAUNIER, FR","FM-12","99999","V020","220,1,N,0041,1","99999,9,9,N","999999,9,N,9","+0103,1","+0075,1","10139,1","03,0010,9,1","06,0010,9,1",,"0,001",,"4,1,06,1",,,,,,,,,,,"0,1,009,1,+999,9","21,1","4,99,0129,1","SYN017333   60017 91125",
"07390099999","1990-06-09T18:00:00","4","46.6833333","5.5166666","279.0","LONS LE SAUNIER, FR","FM-12","99999","V020","200,1,N,0041,1","99999,9,9,N","999999,9,N,9","+0107,1","+0074,1","10138,1","99,0020,9,1",,,"0,000",,,,,,,,,,"999,M,+0131,1",,,"3,1,002,1,+999,9",,"4,99,0108,1","SYN017333   10131 91121",
"07390099999","1990-06-10T00:00:00","4","46.6833333","5.5166666","279.0","LONS LE SAUNIER, FR","FM-12","99999","V020","220,1,N,0021,1","99999,9,9,N","999999,9,N,9","+0089,1","+0078,1","10156,1","03,0002,9,1","06,0003,9,1",,"0,000",,,,,,,,,,,,,"2,1,002,1,+999,9",,"4,99,0108,1","SYN017333   69927 91121",
"07390099999","1990-06-10T06:00:00","4","46.6833333","5.5166666","279.0","LONS LE SAUNIER, FR","FM-12","99999","V020","260,1,N,0021,1","99999,9,9,N","999999,9,N,9","+0089,1","+0083,1","10163,1","03,0002,9,1","24,0060,9,1","99,0003,9,1","0,001",,"4,1,06,1",,,,,"0090,9",,"999,+0080,9","999,N,+0080,1",,,"3,1,007,1,+999,9","21,1","4,99,0051,1","SYN041333   20080 3/008 55015 69927 70060 91110",
"07390099999","1990-06-10T12:00:00","4","46.6833333","5.5166666","279.0","LONS LE SAUNIER, FR","FM-12","99999","V020","260,1,N,0031,1","99999,9,9,N","999999,9,N,9","+0132,1","+0095,1","10186,1","06,0005,9,1",,,"0,000",,,,,,,,,,,,,"1,1,011,1,+999,9",,"4,99,0041,1","SYN011333   91108",
"07390099999","1990-06-10T18:00:00","4","46.6833333","5.5166666","279.0","LONS LE SAUNIER, FR","FM-12","99999","V020","310,1,N,0010,1","99999,9,9,N","999999,9,N,9","+0147,1","+0080,1","10188,1","99,0005,9,1",,,"0,000",,,,,,,,,,"999,M,+0158,1",,,"3,1,003,1,+999,9",,"4,99,0062,1","SYN017333   10158 91112",
"07390099999","1990-06-11T00:00:00","4","46.6833333","5.5166666","279.0","LONS LE SAUNIER, FR","FM-12","99999","V020","080,1,N,0031,1","99999,9,9,N","999999,9,N,9","+0084,1","+0064,1","10194,1","06,0000,9,1",,,"4,000",,,,,,,,,,,,,"6,1,007,1,+999,9",,"4,99,0041,1","SYN011333   91108",
"07390099999","1990-06-11T06:00:00","4","46.6833333","5.5166666","279.0","LONS LE SAUNIER, FR","FM-12","99999","V020","060,1,N,0021,1","99999,9,9,N","999999,9,N,9","+0114,1","+0077,1","10179,1","06,0000,9,1","24,0006,9,1",,"4,000",,,,,,,"0204,9",,"999,+0060,9","999,N,+0067,1",,,"4,1,000,1,+999,9",,"4,99,0041,1","SYN035333   20067 3/006 55034 70006 91108",
"07390099999","1990-06-11T12:00:00","4","46.6833333","5.5166666","279.0","LONS LE SAUNIER, FR","FM-12","99999","V020","360,1,N,0031,1","99999,9,9,N","999999,9,N,9","+0193,1","+0111,1","10145,1","06,0003,9,1",,,"0,000",,,,,,,,,,,,,"8,1,015,1,+999,9",,"4,99,0082,1","SYN011333   91116",
"07390099999","1990-06-12T00:00:00","4","46.6833333","5.5166666","279.0","LONS LE SAUNIER, FR","FM-12","99999","V020","010,1,N,0021,1","99999,9,9,N","999999,9,N,9","+0128,1","+0102,1","10133,1","06,0000,9,1",,,"4,000",,,,,,,,,,,,,"0,1,000,1,+999,9",,"4,99,0088,1","SYN011333   91117",
"07390099999","1990-06-12T06:00:00","4","46.6833333","5.5166666","279.0","LONS LE SAUNIER, FR","FM-12","99999","V020","999,1,C,0000,1","99999,9,9,N","999999,9,N,9","+0119,1","+0114,1","10141,1","03,0020,9,2","24,0018,9,2",,"9,001",,"4,1,06,1",,,,,"0690,9",,"999,+0110,9","999,N,+0112,1",,,"3,1,009,1,+999,9","21,1","4,99,0031,1","SYN041333   20112 3/011 55115 60027 70018 91106",
"07390099999","1990-06-12T12:00:00","4","46.6833333","5.5166666","279.0","LONS LE SAUNIER, FR","FM-12","99999","V020","220,1,N,0010,1","99999,9,9,N","999999,9,N,9","+0151,1","+0119,1","10149,1","03,0002,9,1","06,0003,9,1",,"0,000",,,,,,,,,,,,,"0,1,003,1,+999,9",,"4,99,0051,1","SYN017333   69927 91110",
"07390099999","1990-06-12T18:00:00","4","46.6833333","5.5166666","279.0","LONS LE SAUNIER, FR","FM-12","99999","V020","030,1,N,0031,1","99999,9,9,N","999999,9,N,9","+0129,1","+0110,1","10161,1","99,0003,9,1",,,"0,000",,,,,,,,,,"999,M,+0155,1",,,"3,1,007,1,+999,9",,"4,99,0062,1","SYN017333   10155 91112",
"07390099999","1990-06-13T00:00:00","4","46.6833333","5.5166666","279.0","LONS LE SAUNIER, FR","FM-12","99999","V020","050,1,N,0021,1","99999,9,9,N","999999,9,N,9","+0114,1","+0109,1","10180,1","03,0006,9,2","06,0005,9,2",,"0,000",,"4,1,06,1",,,,,,,,,,,"2,1,003,1,+999,9","41,1","4,99,0041,1","SYN017333   69967 91108",
"07390099999","1990-06-13T06:00:00","4","46.6833333","5.5166666","279.0","LONS LE SAUNIER, FR","FM-12","99999","V020","270,1,N,0010,1","99999,9,9,N","999999,9,N,9","+0112,1","+0110,1","10187,1","24,0012,9,1",,,"0,000",,,,,,,"0000,9",,"999,+0100,9","999,N,+0107,1",,,"3,1,005,1,+999,9",,"4,99,0021,1","SYN035333   20107 3/010 55000 70012 91104",
"07390099999","1990-06-13T12:00:00","4","46.6833333","5.5166666","279.0","LONS LE SAUNIER, FR","FM-12","99999","V020","270,1,N,0010,1","99999,9,9,N","999999,9,N,9","+0144,1","+0121,1","10187,1","06,0005,9,1",,,"0,000",,,,,,,,,,,,,"8,1,002,1,+999,9",,"4,99,0041,1","SYN011333   91108",
"07390099999","1990-06-13T18:00:00","4","46.6833333","5.5166666","279.0","LONS LE SAUNIER, FR","FM-12","99999","V020","010,1,N,0041,1","99999,9,9,N","999999,9,N,9","+0158,1","+0097,1","10178,1","99,0005,9,1",,,"0,000",,,,,,,,,,"999,M,+0178,1",,,"6,1,002,1,+999,9",,"4,99,0082,1","SYN017333   10178 91116",
"07390099999","1990-06-14T00:00:00","4","46.6833333","5.5166666","279.0","LONS LE SAUNIER, FR","FM-12","99999","V020","030,1,N,0010,1","99999,9,9,N","999999,9,N,9","+0106,1","+0092,1","10186,1","06,0000,9,1",,,"4,000",,,,,,,,,,,,,"8,1,004,1,+999,9",,"4,99,0051,1","SYN011333   91110",
"07390099999","1990-06-14T06:00:00","4","46.6833333","5.5166666","279.0","LONS LE SAUNIER, FR","FM-12","99999","V020","090,1,N,0021,1","99999,9,9,N","999999,9,N,9","+0084,1","+0083,1","10187,1","06,0000,9,1","24,0004,9,1",,"4,000",,,,,,,"0030,9",,"999,+0070,9","999,N,+0080,1",,,"3,1,005,1,+999,9",,"4,99,0031,1","SYN035333   20080 3/007 55005 70004 91106",
"07390099999","1990-06-14T12:00:00","4","46.6833333","5.5166666","279.0","LONS LE SAUNIER, FR","FM-12","99999","V020","330,1,N,0031,1","99999,9,9,N","999999,9,N,9","+0173,1","+0104,1","10166,1","06,0000,9,1",,,"4,000",,,,,,,,,,,,,"8,1,009,1,+999,9",,"4,99,0072,1","SYN011333   91114",
"07390099999","1990-06-14T18:00:00","4","46.6833333","5.5166666","279.0","LONS LE SAUNIER, FR","FM-12","99999","V020","350,1,N,0021,1","99999,9,9,N","999999,9,N,9","+0182,1","+0079,1","10151,1","06,0000,9,1",,,"4,000",,,,,,,,,,"999,M,+0193,1",,,"6,1,006,1,+999,9",,"4,99,0072,1","SYN017333   10193 91114",
"07390099999","1990-06-15T00:00:00","4","46.6833333","5.5166666","279.0","LONS LE SAUNIER, FR","FM-12","99999","V020","100,1,N,0010,1","99999,9,9,N","999999,9,N,9","+0106,1","+0087,1","10168,1","06,0000,9,1",,,"4,000",,,,,,,,,,,,,"1,1,002,1,+999,9",,"4,99,0041,1","SYN011333   91108",
"07390099999","1990-06-15T06:00:00","4","46.6833333","5.5166666","279.0","LONS LE SAUNIER, FR","FM-12","99999","V020","250,1,N,0010,1","99999,9,9,N","999999,9,N,9","+0106,1","+0097,1","10175,1","24,0002,9,1",,,"0,000",,,,,,,"0582,9",,"999,+0070,9","999,N,+0083,1",,,"3,1,005,1,+999,9",,"4,99,0031,1","SYN035333   20083 3/007 55097 70002 91106",
"07390099999","1990-06-15T12:00:00","4","46.6833333","5.5166666","279.0","LONS LE SAUNIER, FR","FM-12","99999","V020","350,1,N,0021,1","99999,9,9,N","999999,9,N,9","+0192,1","+0082,1","10170,1","06,0000,9,1",,,"4,000",,,,,,,,,,,,,"7,1,002,1,+999,9",,"4,99,0062,1","SYN011333   91112",
"07390099999","1990-06-15T18:00:00","4","46.6833333","5.5166666","279.0","LONS LE SAUNIER, FR","FM-12","99999","V020","360,1,N,0021,1","99999,9,9,N","999999,9,N,9","+0187,1","+0069,1","10169,1","06,0000,9,1",,,"4,000",,,,,,,,,,"999,M,+0205,1",,,"3,1,001,1,+999,9",,"4,99,0082,1","SYN017333   10205 91116",
"07390099999","1990-06-16T00:00:00","4","46.6833333","5.5166666","279.0","LONS LE SAUNIER, FR","FM-12","99999","V020","060,1,N,0021,1","99999,9,9,N","999999,9,N,9","+0112,1","+0075,1","10186,1","06,0000,9,1",,,"4,000",,,,,,,,,,,,,"8,1,002,1,+999,9",,"4,99,0062,1","SYN011333   91112",
"07390099999","1990-06-16T06:00:00","4","46.6833333","5.5166666","279.0","LONS LE SAUNIER, FR","FM-12","99999","V020","080,1,N,0021,1","99999,9,9,N","999999,9,N,9","+0122,1","+0089,1","10187,1","06,0000,9,1",,,"4,000",,,,,,,"0558,9",,"999,+0070,9","999,N,+0088,1",,,"1,1,004,1,+999,9",,"4,99,0051,1","SYN029333   20088 3/007 55093 91110",
"07390099999","1990-06-16T12:00:00","4","46.6833333","5.5166666","279.0","LONS LE SAUNIER, FR","FM-12","99999","V020","320,1,N,0031,1","99999,9,9,N","999999,9,N,9","+0202,1","+0097,1","10158,1","06,0000,9,1",,,"4,000",,,,,,,,,,,,,"8,1,008,1,+999,9",,"4,99,0072,1","SYN011333   91114",
"07390099999","1990-06-16T18:00:00","4","46.6833333","5.5166666","279.0","LONS LE SAUNIER, FR","FM-12","99999","V020","360,1,N,0021,1","99999,9,9,N","999999,9,N,9","+0205,1","+0078,1","10143,1","06,0000,9,1",,,"4,000",,,,,,,,,,"999,M,+0217,1",,,"7,1,007,1,+999,9",,"4,99,0072,1","SYN017333   10217 91114",
"07390099999","1990-06-17T00:00:00","4","46.6833333","5.5166666","279.0","LONS LE SAUNIER, FR","FM-12","99999","V020","080,1,N,0031,1","99999,9,9,N","999999,9,N,9","+0125,1","+0090,1","10156,1","06,0000,9,1",,,"4,000",,,,,,,,,,,,,"8,1,003,1,+999,9",,"4,99,0041,1","SYN011333   91108",
"07390099999","1990-06-17T06:00:00","4","46.6833333","5.5166666","279.0","LONS LE SAUNIER, FR","FM-12","99999","V020","190,1,N,0010,1","99999,9,9,N","999999,9,N,9","+0120,1","+0097,1","10156,1","06,0000,9,1",,,"4,000",,,,,,,"0816,9",,"999,+0090,9","999,N,+0106,1",,,"1,1,006,1,+999,9",,"4,99,0051,1","SYN029333   20106 3/009 55136 91110",
"07390099999","1990-06-17T12:00:00","4","46.6833333","5.5166666","279.0","LONS LE SAUNIER, FR","FM-12","99999","V020","220,1,N,0031,1","99999,9,9,N","999999,9,N,9","+0226,1","+0097,1","10131,1","06,0000,9,1",,,"4,000",,,,,,,,,,,,,"6,1,009,1,+999,9",,"4,99,0072,1","SYN011333   91114",
"07390099999","1990-06-17T18:00:00","4","46.6833333","5.5166666","279.0","LONS LE SAUNIER, FR","FM-12","99999","V020","010,1,N,0010,1","99999,9,9,N","999999,9,N,9","+0222,1","+0119,1","10113,1","06,0000,9,1",,,"4,000",,,,,,,,,,"999,M,+0242,1",,,"5,1,005,1,+999,9",,"4,99,0072,1","SYN017333   10242 91114",
"07390099999","1990-06-18T00:00:00","4","46.6833333","5.5166666","279.0","LONS LE SAUNIER, FR","FM-12","99999","V020","200,1,N,0021,1","99999,9,9,N","999999,9,N,9","+0141,1","+0130,1","10154,1","03,0008,9,1","06,0010,9,1",,"0,001",,"4,1,06,1",,,,,,,,,,,"0,1,002,1,+999,9","21,1","4,99,0149,1","SYN017333   69987 91129",
"07390099999","1990-06-18T06:00:00","4","46.6833333","5.5166666","279.0","LONS LE SAUNIER, FR","FM-12","99999","V020","200,1,N,0021,1","99999,9,9,N","999999,9,N,9","+0141,1","+0136,1","10159,1","03,0004,9,1","24,0032,9,1","99,0005,9,1","0,000",,,,,,,"0732,9",,"999,+0130,9","999,N,+0136,1",,,"2,1,009,1,+999,9",,"4,99,0041,1","SYN041333   20136 3/013 55122 69947 70032 91108",
"07390099999","1990-06-18T12:00:00","4","46.6833333","5.5166666","279.0","LONS LE SAUNIER, FR","FM-12","99999","V020","260,1,N,0031,1","99999,9,9,N","999999,9,N,9","+0166,1","+0124,1","10163,1","06,0003,9,1",,,"0,000",,,,,,,,,,,,,"8,1,002,1,+999,9",,"4,99,0072,1","SYN011333   91114",
"07390099999","1990-06-18T18:00:00","4","46.6833333","5.5166666","279.0","LONS LE SAUNIER, FR","FM-12","99999","V020","160,1,N,0010,1","99999,9,9,N","999999,9,N,9","+0194,1","+0117,1","10141,1","99,0003,9,1",,,"0,000",,,,,,,,,,"999,M,+0205,1",,,"6,1,006,1,+999,9",,"4,99,0062,1","SYN017333   10205 91112",
"07390099999","1990-06-19T00:00:00","4","46.6833333","5.5166666","279.0","LONS LE SAUNIER, FR","FM-12","99999","V020","090,1,N,0031,1","99999,9,9,N","999999,9,N,9","+0140,1","+0112,1","10147,1","06,0000,9,1",,,"4,000",,,,,,,,,,,,,"8,1,004,1,+999,9",,"4,99,0051,1","SYN011333   91110",
"07390099999","1990-06-19T06:00:00","4","46.6833333","5.5166666","279.0","LONS LE SAUNIER, FR","FM-12","99999","V020","200,1,N,0021,1","99999,9,9,N","999999,9,N,9","+0168,1","+0125,1","10146,1","06,0000,9,1","24,0002,9,1",,"4,000",,,,,,,"0264,9",,"999,+0110,9","999,N,+0137,1",,,"3,1,005,1,+999,9",,"4,99,0062,1","SYN035333   20137 3/011 55044 70002 91112",
"07390099999","1990-06-19T12:00:00","4","46.6833333","5.5166666","279.0","LONS LE SAUNIER, FR","FM-12","99999","V020","230,1,N,0062,1","99999,9,9,N","999999,9,N,9","+0245,1","+0140,1","10123,1","06,0000,9,1",,,"4,000",,,,,,,,,,,,,"8,1,011,1,+999,9",,"4,99,0129,1","SYN011333   91125",
"07390099999","1990-06-19T18:00:00","4","46.6833333","5.5166666","279.0","LONS LE SAUNIER, FR","FM-12","99999","V020","300,1,N,0031,1","99999,9,9,N","999999,9,N,9","+0194,1","+0153,1","10135,1","06,0000,9,1",,,"4,000",,,,,,,,,,"999,M,+0264,1",,,"3,1,012,1,+999,9",,"4,99,0149,1","SYN017333   10264 91129",
"07390099999","1990-06-20T00:00:00","4","46.6833333","5.5166666","279.0","LONS LE SAUNIER, FR","FM-12","99999","V020","140,1,N,0021,1","99999,9,9,N","999999,9,N,9","+0156,1","+0154,1","10156,1","03,0030,9,1","06,0030,9,1",,"0,001",,"4,1,06,1",,,,,,,,,,,"0,1,000,1,+999,9","21,1","4,99,0072,1","SYN017333   60037 91114",
"07390099999","1990-06-20T06:00:00","4","46.6833333","5.5166666","279.0","LONS LE SAUNIER, FR","FM-12","99999","V020","200,1,N,0031,1","99999,9,9,N","999999,9,N,9","+0152,1","+0144,1","10144,1","03,0020,9,1","24,0058,9,1",,"0,001",,"4,1,06,1",,,,,"0696,9",,"999,+0150,9","999,N,+0150,1",,,"3,1,001,1,+999,9","21,1","4,99,0072,1","SYN041333   20150 3/015 55116 60027 70058 91114",
"07390099999","1990-06-20T12:00:00","4","46.6833333","5.5166666","279.0","LONS LE SAUNIER, FR","FM-12","99999","V020","290,1,N,0010,1","99999,9,9,N","999999,9,N,9","+0159,1","+0139,1","10149,1",,,,"2,001",,"4,1,06,1",,,,,,,,,,,,"21,1",,,
"07390099999","1990-06-20T18:00:00","4","46.6833333","5.5166666","279.0","LONS LE SAUNIER, FR","FM-12","99999","V020","200,1,N,0031,1","99999,9,9,N","999999,9,N,9","+0143,1","+0141,1","10156,1","03,0020,9,1",,,"0,000",,,,,,,,,,"999,M,+0161,1",,,"3,1,008,1,+999,9",,"4,99,0072,1","SYN023333   10161 60027 91114",
"07390099999","1990-06-21T00:00:00","4","46.6833333","5.5166666","279.0","LONS LE SAUNIER, FR","FM-12","99999","V020","160,1,N,0021,1","99999,9,9,N","999999,9,N,9","+0122,1","+0113,1","10169,1","06,0000,9,1",,,"4,000",,,,,,,,,,,,,"0,1,003,1,+999,9",,"4,99,0041,1","SYN011333   91108",
"07390099999","1990-06-21T06:00:00","4","46.6833333","5.5166666","279.0","LONS LE SAUNIER, FR","FM-12","99999","V020","100,1,N,0010,1","99999,9,9,N","999999,9,N,9","+0127,1","+0109,1","10162,1","06,0000,9,1","24,0086,9,1",,"4,000",,,,,,,"0018,9",,"999,+0090,9","999,N,+0115,1",,,"6,1,007,1,+999,9",,"4,99,0041,1","SYN035333   20115 3/009 55003 70086 91108",
"07390099999","1990-06-21T12:00:00","4","46.6833333","5.5166666","279.0","LONS LE SAUNIER, FR","FM-12","99999","V020","210,1,N,0072,1","99999,9,9,N","999999,9,N,9","+0194,1","+0101,1","10117,1","06,0000,9,1",,,"4,000",,,,,,,,,,,,,"7,1,023,1,+999,9",,"4,99,0098,1","SYN011333   91119",
"07390099999","1990-06-21T18:00:00","4","46.6833333","5.5166666","279.0","LONS LE SAUNIER, FR","FM-12","99999","V020","210,1,N,0051,1","99999,9,9,N","999999,9,N,9","+0167,1","+0120,1","10104,1","03,0004,9,1","99,0005,9,1",,"0,000",,"4,1,06,1",,,,,,,,"999,M,+0215,1",,,"3,1,003,1,+999,9","41,1","4,99,0118,1","SYN023333   10215 69947 91123",
"07390099999","1990-06-22T00:00:00","4","46.6833333","5.5166666","279.0","LONS LE SAUNIER, FR","FM-12","99999","V020","180,1,N,0051,1","99999,9,9,N","999999,9,N,9","+0148,1","+0123,1","10106,1","03,0010,9,1","06,0010,9,1",,"0,001",,"4,1,06,1",,,,,,,,,,,"2,1,003,1,+999,9","21,1","4,99,0139,1","SYN017333   60017 91127",
"07390099999","1990-06-22T06:00:00","4","46.6833333","5.5166666","279.0","LONS LE SAUNIER, FR","FM-12","99999","V020","140,1,N,0031,1","99999,9,9,N","999999,9,N,9","+0109,1","+0100,1","10130,1","03,0010,9,1","24,0036,9,1",,"0,001",,"4,1,06,1",,,,,"0486,9",,"999,+0110,9","999,N,+0106,1",,,"1,1,033,1,+999,9","21,1","4,99,0170,1","SYN041333   20106 3/011 55081 60017 70036 91133",
"07390099999","1990-06-22T12:00:00","4","46.6833333","5.5166666","279.0","LONS LE SAUNIER, FR","FM-12","99999","V020","180,1,N,0041,1","99999,9,9,N","999999,9,N,9","+0144,1","+0098,1","10143,1","03,0004,9,1","06,0005,9,1",,"0,000",,,,,,,,,,,,,"3,1,002,1,+999,9",,"4,99,0088,1","SYN017333   69947 91117",
"07390099999","1990-06-22T18:00:00","4","46.6833333","5.5166666","279.0","LONS LE SAUNIER, FR","FM-12","99999","V020","230,1,N,0021,1","99999,9,9,N","999999,9,N,9","+0165,1","+0099,1","10147,1",,,,"2,000",,,,,,,,,,,,,"3,1,010,1,+999,9",,,"SYN003333",
"07390099999","1990-06-23T00:00:00","4","46.6833333","5.5166666","279.0","LONS LE SAUNIER, FR","FM-12","99999","V020","170,1,N,0021,1","99999,9,9,N","999999,9,N,9","+0129,1","+0082,1","10173,1","06,0003,9,1",,,"0,000",,,,,,,,,,,,,"1,1,005,1,+999,9",,"4,99,0082,1","SYN011333   91116",
"07390099999","1990-06-23T06:00:00","4","46.6833333","5.5166666","279.0","LONS LE SAUNIER, FR","FM-12","99999","V020","260,1,N,0041,1","99999,9,9,N","999999,9,N,9","+0126,1","+0079,1","10196,1","24,0032,9,1","99,0003,9,1",,"0,000",,,,,,,"0144,9",,"999,+0110,9","999,N,+0121,1",,,"1,1,016,1,+999,9",,"4,99,0062,1","SYN035333   20121 3/011 55024 70032 91112",
"07390099999","1990-06-23T12:00:00","4","46.6833333","5.5166666","279.0","LONS LE SAUNIER, FR","FM-12","99999","V020","210,1,N,0031,1","99999,9,9,N","999999,9,N,9","+0162,1","+0084,1","10207,1","06,0000,9,1",,,"4,000",,,,,,,,,,,,,"1,1,001,1,+999,9",,"4,99,0088,1","SYN011333   91117",
"07390099999","1990-06-23T18:00:00","4","46.6833333","5.5166666","279.0","LONS LE SAUNIER, FR","FM-12","99999","V020","250,1,N,0021,1","99999,9,9,N","999999,9,N,9","+0188,1","+0087,1","10197,1","06,0000,9,1",,,"4,000",,,,,,,,,,"999,M,+0189,1",,,"5,1,002,1,+999,9",,"4,99,0072,1","SYN017333   10189 91114",
"07390099999","1990-06-24T00:00:00","4","46.6833333","5.5166666","279.0","LONS LE SAUNIER, FR","FM-12","99999","V020","090,1,N,0031,1","99999,9,9,N","999999,9,N,9","+0130,1","+0085,1","10208,1","06,0000,9,1",,,"4,000",,,,,,,,,,,,,"8,1,001,1,+999,9",,"4,99,0041,1","SYN011333   91108",
"07390099999","1990-06-24T06:00:00","4","46.6833333","5.5166666","279.0","LONS LE SAUNIER, FR","FM-12","99999","V020","110,1,N,0010,1","99999,9,9,N","999999,9,N,9","+0148,1","+0106,1","10224,1","06,0000,9,1",,,"4,000",,,,,,,"0396,9",,"999,+0090,9","999,N,+0118,1",,,"3,1,016,1,+999,9",,"4,99,0051,1","SYN029333   20118 3/009 55066 91110",
"07390099999","1990-06-24T12:00:00","4","46.6833333","5.5166666","279.0","LONS LE SAUNIER, FR","FM-12","99999","V020","230,1,N,0041,1","99999,9,9,N","999999,9,N,9","+0219,1","+0127,1","10228,1","06,0000,9,1",,,"4,000",,,,,,,,,,,,,"0,1,002,1,+999,9",,"4,99,0072,1","SYN011333   91114",
"07390099999","1990-06-24T18:00:00","4","46.6833333","5.5166666","279.0","LONS LE SAUNIER, FR","FM-12","99999","V020","300,1,N,0010,1","99999,9,9,N","999999,9,N,9","+0221,1","+0115,1","10225,1","06,0000,9,1",,,"4,000",,,,,,,,,,"999,M,+0233,1",,,"3,1,002,1,+999,9",,"4,99,0082,1","SYN017333   10233 91116",
"07390099999","1990-06-25T00:00:00","4","46.6833333","5.5166666","279.0","LONS LE SAUNIER, FR","FM-12","99999","V020","080,1,N,0021,1","99999,9,9,N","999999,9,N,9","+0142,1","+0108,1","10242,1","06,0000,9,1",,,"4,000",,,,,,,,,,,,,"8,1,002,1,+999,9",,"4,99,0041,1","SYN011333   91108",
"07390099999","1990-06-25T06:00:00","4","46.6833333","5.5166666","279.0","LONS LE SAUNIER, FR","FM-12","99999","V020","060,1,N,0010,1","99999,9,9,N","999999,9,N,9","+0161,1","+0117,1","10243,1","06,0000,9,1",,,"4,000",,,,,,,"0558,9",,"999,+0100,9","999,N,+0127,1",,,"1,1,007,1,+999,9",,"4,99,0051,1","SYN029333   20127 3/010 55093 91110",
"07390099999","1990-06-25T12:00:00","4","46.6833333","5.5166666","279.0","LONS LE SAUNIER, FR","FM-12","99999","V020","340,1,N,0031,1","99999,9,9,N","999999,9,N,9","+0241,1","+0145,1","10224,1","06,0000,9,1",,,"4,000",,,,,,,,,,,,,"8,1,005,1,+999,9",,"4,99,0072,1","SYN011333   91114",
"07390099999","1990-06-25T18:00:00","4","46.6833333","5.5166666","279.0","LONS LE SAUNIER, FR","FM-12","99999","V020","350,1,N,0010,1","99999,9,9,N","999999,9,N,9","+0248,1","+0134,1","10201,1","06,0000,9,1",,,"4,000",,,,,,,,,,"999,M,+0257,1",,,"6,1,011,1,+999,9",,"4,99,0082,1","SYN017333   10257 91116",
"07390099999","1990-06-26T00:00:00","4","46.6833333","5.5166666","279.0","LONS LE SAUNIER, FR","FM-12","99999","V020","050,1,N,0021,1","99999,9,9,N","999999,9,N,9","+0172,1","+0123,1","10195,1","06,0000,9,1",,,"4,000",,,,,,,,,,,,,"8,1,010,1,+999,9",,"4,99,0041,1","SYN011333   91108",
"07390099999","1990-06-26T06:00:00","4","46.6833333","5.5166666","279.0","LONS LE SAUNIER, FR","FM-12","99999","V020","210,1,N,0031,1","99999,9,9,N","999999,9,N,9","+0169,1","+0142,1","10193,1","06,0000,9,1",,,"4,000",,,,,,,"0894,9",,"999,+0120,9","999,N,+0149,1",,,"2,1,004,1,+999,9",,"4,99,0041,1","SYN029333   20149 3/012 55149 91108",
"07390099999","1990-06-26T12:00:00","4","46.6833333","5.5166666","279.0","LONS LE SAUNIER, FR","FM-12","99999","V020","230,1,N,0051,1","99999,9,9,N","999999,9,N,9","+0275,1","+0161,1","10171,1","06,0000,9,1",,,"4,000",,,,,,,,,,,,,"6,1,007,1,+999,9",,"4,99,0082,1","SYN011333   91116",
"07390099999","1990-06-26T18:00:00","4","46.6833333","5.5166666","279.0","LONS LE SAUNIER, FR","FM-12","99999","V020","210,1,N,0010,1","99999,9,9,N","999999,9,N,9","+0288,1","+0157,1","10133,1","06,0000,9,1",,,"4,000",,,,,,,,,,"999,M,+0292,1",,,"8,1,019,1,+999,9",,"4,99,0088,1","SYN017333   10292 91117",
"07390099999","1990-06-27T06:00:00","4","46.6833333","5.5166666","279.0","LONS LE SAUNIER, FR","FM-12","99999","V020","050,1,N,0010,1","99999,9,9,N","999999,9,N,9","+0182,1","+0155,1","10158,1","24,0004,9,1",,,"0,000",,,,,,,"0870,9",,"999,+0160,9","999,N,+0173,1",,,"3,1,009,1,+999,9",,"4,99,0072,1","SYN035333   20173 3/016 55145 70004 91114",
"07390099999","1990-06-27T12:00:00","4","46.6833333","5.5166666","279.0","LONS LE SAUNIER, FR","FM-12","99999","V020","230,1,N,0031,1","99999,9,9,N","999999,9,N,9","+0253,1","+0170,1","10134,1","06,0000,9,1",,,"4,000",,,,,,,,,,,,,"8,1,013,1,+999,9",,"4,99,0082,1","SYN011333   91116",
"07390099999","1990-06-27T18:00:00","4","46.6833333","5.5166666","279.0","LONS LE SAUNIER, FR","FM-12","99999","V020","140,1,N,0021,1","99999,9,9,N","999999,9,N,9","+0225,1","+0185,1","10130,1","03,0006,9,1","99,0005,9,1",,"0,000",,,,,,,,,,"999,M,+0263,1",,,"8,1,001,1,+999,9",,"4,99,0082,1","SYN023333   10263 69967 91116",
"07390099999","1990-06-28T00:00:00","4","46.6833333","5.5166666","279.0","LONS LE SAUNIER, FR","FM-12","99999","V020","170,1,N,0010,1","99999,9,9,N","999999,9,N,9","+0176,1","+0171,1","10161,1","03,0050,9,1","06,0050,9,1",,"0,001",,"4,1,06,1",,,,,,,,,,,"1,1,015,1,+999,9","21,1","4,99,0072,1","SYN017333   60057 91114",
"07390099999","1990-06-28T06:00:00","4","46.6833333","5.5166666","279.0","LONS LE SAUNIER, FR","FM-12","99999","V020","280,1,N,0010,1","99999,9,9,N","999999,9,N,9","+0168,1","+0168,1","10174,1","03,0090,9,1","24,0148,9,1",,"0,000",,,,,,,"0228,9",,"999,+0160,9","999,N,+0164,1",,,"2,1,011,1,+999,9",,"4,99,0051,1","SYN041333   20164 3/016 55038 60097 70148 91110",
"07390099999","1990-06-28T12:00:00","4","46.6833333","5.5166666","279.0","LONS LE SAUNIER, FR","FM-12","99999","V020","300,1,N,0031,1","99999,9,9,N","999999,9,N,9","+0224,1","+0169,1","10170,1","06,0003,9,1",,,"0,000",,,,,,,,,,,,,"8,1,002,1,+999,9",,"4,99,0062,1","SYN011333   91112",
"07390099999","1990-06-28T18:00:00","4","46.6833333","5.5166666","279.0","LONS LE SAUNIER, FR","FM-12","99999","V020","010,1,N,0021,1","99999,9,9,N","999999,9,N,9","+0228,1","+0164,1","10157,1","99,0003,9,1",,,"0,000",,,,,,,,,,"999,M,+0243,1",,,"6,1,005,1,+999,9",,"4,99,0062,1","SYN017333   10243 91112",
"07390099999","1990-06-29T00:00:00","4","46.6833333","5.5166666","279.0","LONS LE SAUNIER, FR","FM-12","99999","V020","080,1,N,0021,1","99999,9,9,N","999999,9,N,9","+0174,1","+0156,1","10163,1","06,0000,9,1",,,"4,000",,,,,,,,,,,,,"8,1,003,1,+999,9",,"4,99,0041,1","SYN011333   91108",
"07390099999","1990-06-29T06:00:00","4","46.6833333","5.5166666","279.0","LONS LE SAUNIER, FR","FM-12","99999","V020","130,1,N,0010,1","99999,9,9,N","999999,9,N,9","+0192,1","+0164,1","10160,1","06,0000,9,1","24,0002,9,1",,"4,000",,,,,,,"0366,9",,"999,+0150,9","999,N,+0166,1",,,"1,1,003,1,+999,9",,"4,99,0051,1","SYN035333   20166 3/015 55061 70002 91110",
"07390099999","1990-06-29T12:00:00","4","46.6833333","5.5166666","279.0","LONS LE SAUNIER, FR","FM-12","99999","V020","200,1,N,0062,1","99999,9,9,N","999999,9,N,9","+0265,1","+0167,1","10149,1",,,,"2,000",,,,,,,,,,,,,,,,,
"07390099999","1990-06-29T18:00:00","4","46.6833333","5.5166666","279.0","LONS LE SAUNIER, FR","FM-12","99999","V020","110,1,N,0041,1","99999,9,9,N","999999,9,N,9","+0210,1","+0144,1","10154,1",,,,"2,000",,"4,1,06,1",,,,,,,,,,,"5,1,020,1,+999,9","41,1","4,99,0170,1","SYN011333   91133",
"07390099999","1990-06-30T00:00:00","4","46.6833333","5.5166666","279.0","LONS LE SAUNIER, FR","FM-12","99999","V020","100,1,N,0021,1","99999,9,9,N","999999,9,N,9","+0183,1","+0156,1","10158,1","06,0003,9,1",,,"0,000",,,,,,,,,,,,,"7,1,005,1,+999,9",,"4,99,0062,1","SYN011333   91112",
"07390099999","1990-06-30T06:00:00","4","46.6833333","5.5166666","279.0","LONS LE SAUNIER, FR","FM-12","99999","V020","150,1,N,0010,1","99999,9,9,N","999999,9,N,9","+0206,1","+0147,1","10145,1","99,0003,9,1",,,"0,000",,,,,,,,,"999,+0150,9","999,N,+0179,1",,,"7,1,003,1,+999,9",,"4,99,0051,1","SYN029333   20179 3/015 55/// 91110",
"07390099999","1990-06-30T12:00:00","4","46.6833333","5.5166666","279.0","LONS LE SAUNIER, FR","FM-12","99999","V020","240,1,N,0041,1","99999,9,9,N","999999,9,N,9","+0264,1","+0163,1","10130,1","06,0000,9,1",,,"4,000",,,,,,,,,,,,,"8,1,013,1,+999,9",,"4,99,0139,1","SYN011333   91127",
"07390099999","1990-06-30T18:00:00","4","46.6833333","5.5166666","279.0","LONS LE SAUNIER, FR","FM-12","99999","V020","140,1,N,0041,1","99999,9,9,N","999999,9,N,9","+0181,1","+0161,1","10146,1","03,0050,9,1",,,"0,001",,"4,1,06,1",,,,,,,,"999,M,+0272,1",,,"1,1,029,1,+999,9","21,1","4,99,0088,1","SYN023333   10272 60057 91117",
"07390099999","1990-07-01T00:00:00","4","46.6833333","5.5166666","279.0","LONS LE SAUNIER, FR","FM-12","99999","V020","210,1,N,0021,1","99999,9,9,N","999999,9,N,9","+0162,1","+0146,1","10176,1","03,0010,9,1","06,0010,9,1",,"0,000",,,,,,,,,,,,,"1,1,018,1,+999,9",,"4,99,0082,1","SYN017333   60017 91116",
"07390099999","1990-07-01T06:00:00","4","46.6833333","5.5166666","279.0","LONS LE SAUNIER, FR","FM-12","99999","V020","230,1,N,0031,1","99999,9,9,N","999999,9,N,9","+0134,1","+0095,1","10205,1","24,0078,9,1","99,0020,9,1",,"0,000",,,,,,,"0408,9",,"999,+0110,9","999,N,+0121,1",,,"3,1,008,1,+999,9",,"4,99,0088,1","SYN035333   20121 3/011 55068 70078 91117",
"07390099999","1990-07-01T12:00:00","4","46.6833333","5.5166666","279.0","LONS LE SAUNIER, FR","FM-12","99999","V020","230,1,N,0051,1","99999,9,9,N","999999,9,N,9","+0180,1","+0059,1","10197,1","06,0000,9,1",,,"4,000",,,,,,,,,,,,,"8,1,007,1,+999,9",,"4,99,0108,1","SYN011333   91121",
"07390099999","1990-07-01T18:00:00","4","46.6833333","5.5166666","279.0","LONS LE SAUNIER, FR","FM-12","99999","V020","260,1,N,0041,1","99999,9,9,N","999999,9,N,9","+0173,1","+0076,1","10185,1","06,0000,9,1",,,"4,000",,,,,,,,,,"999,M,+0195,1",,,"6,1,006,1,+999,9",,"4,99,0098,1","SYN017333   10195 91119",
"07390099999","1990-07-02T00:00:00","4","46.6833333","5.5166666","279.0","LONS LE SAUNIER, FR","FM-12","99999","V020","100,1,N,0021,1","99999,9,9,N","999999,9,N,9","+0129,1","+0084,1","10190,1","06,0000,9,1",,,"4,000",,,,,,,,,,,,,"8,1,006,1,+999,9",,"4,99,0051,1","SYN011333   91110",
"07390099999","1990-07-02T06:00:00","4","46.6833333","5.5166666","279.0","LONS LE SAUNIER, FR","FM-12","99999","V020","220,1,N,0031,1","99999,9,9,N","999999,9,N,9","+0127,1","+0090,1","10182,1","06,0000,9,1",,,"4,000",,,,,,,"0534,9",,"999,+0110,9","999,N,+0124,1",,,"6,1,001,1,+999,9",,"4,99,0051,1","SYN029333   20124 3/011 55089 91110",
"07390099999","1990-07-02T12:00:00","4","46.6833333","5.5166666","279.0","LONS LE SAUNIER, FR","FM-12","99999","V020","200,1,N,0021,1","99999,9,9,N","999999,9,N,9","+0187,1","+0062,1","10152,1",,,,"2,000",,,,,,,,,,,,,"7,1,013,1,+999,9",,,,
"07390099999","1990-07-02T18:00:00","4","46.6833333","5.5166666","279.0","LONS LE SAUNIER, FR","FM-12","99999","V020","320,1,N,0010,1","99999,9,9,N","999999,9,N,9","+0175,1","+0092,1","10132,1",,,,"2,000",,,,,,,,,,,,,"5,1,010,1,+999,9",,"4,99,0082,1","SYN011333   91116",
"07390099999","1990-07-03T00:00:00","4","46.6833333","5.5166666","279.0","LONS LE SAUNIER, FR","FM-12","99999","V020","170,1,N,0021,1","99999,9,9,N","999999,9,N,9","+0133,1","+0099,1","10119,1","03,0006,9,2","06,0005,9,2",,"0,001",,"4,1,06,1",,,,,,,,,,,"8,1,013,1,+999,9","21,1","4,99,0031,1","SYN017333   69967 91106",
"07390099999","1990-07-03T06:00:00","4","46.6833333","5.5166666","279.0","LONS LE SAUNIER, FR","FM-12","99999","V020","190,1,N,0021,1","99999,9,9,N","999999,9,N,9","+0134,1","+0123,1","10107,1","03,0010,9,1","24,0020,9,1",,"0,000",,,,,,,,,"999,+0120,9","999,N,+0122,1",,,"1,1,003,1,+999,9",,"4,99,0041,1","SYN041333   20122 3/012 55/// 60017 70020 91108",
"07390099999","1990-07-03T12:00:00","4","46.6833333","5.5166666","279.0","LONS LE SAUNIER, FR","FM-12","99999","V020","240,1,N,0031,1","99999,9,9,N","999999,9,N,9","+0146,1","+0117,1","10127,1","03,0030,9,1","06,0030,9,1",,"0,000",,,,,,,,,,,,,"3,1,019,1,+999,9",,"4,99,0118,1","SYN017333   60037 91123",
"07390099999","1990-07-03T18:00:00","4","46.6833333","5.5166666","279.0","LONS LE SAUNIER, FR","FM-12","99999","V020","999,1,C,0000,1","99999,9,9,N","999999,9,N,9","+0136,1","+0122,1","10168,1","03,0020,9,1",,,"0,001",,"4,1,06,1",,,,,,,,"999,M,+0159,1",,,"1,1,018,1,+999,9","21,1","4,99,0088,1","SYN023333   10159 60027 91117",
"07390099999","1990-07-04T12:00:00","4","46.6833333","5.5166666","279.0","LONS LE SAUNIER, FR","FM-12","99999","V020","230,1,N,0031,1","99999,9,9,N","999999,9,N,9","+0180,1","+0083,1","10174,1","03,0050,9,1","06,0050,9,1",,"0,000",,"4,1,06,1",,,,,,,,,,,"7,1,013,1,+999,9","41,1","4,99,0051,1","SYN017333   60057 91110",
"07390099999","1990-07-04T18:00:00","4","46.6833333","5.5166666","279.0","LONS LE SAUNIER, FR","FM-12","99999","V020","150,1,N,0021,1","99999,9,9,N","999999,9,N,9","+0166,1","+0102,1","10151,1","06,0000,9,1",,,"4,000",,,,,,,,,,"999,M,+0189,1",,,"6,1,010,1,+999,9",,"4,99,0062,1","SYN017333   10189 91112",
"07390099999","1990-07-05T00:00:00","4","46.6833333","5.5166666","279.0","LONS LE SAUNIER, FR","FM-12","99999","V020","150,1,N,0021,1","99999,9,9,N","999999,9,N,9","+0153,1","+0083,1","10125,1","06,0000,9,1",,,"4,000",,,,,,,,,,,,,"8,1,017,1,+999,9",,"4,99,0072,1","SYN011333   91114",
"07390099999","1990-07-05T06:00:00","4","46.6833333","5.5166666","279.0","LONS LE SAUNIER, FR","FM-12","99999","V020","180,1,N,0082,1","99999,9,9,N","999999,9,N,9","+0169,1","+0096,1","10090,1","03,0002,9,1","24,0002,9,1","99,0003,9,1","0,001",,"4,1,06,1",,,,,"0456,9",,"999,+0130,9","999,N,+0147,1",,,"6,1,008,1,+999,9","21,1","4,99,0129,1","SYN041333   20147 3/013 55076 69927 70002 91125",
"07390099999","1990-07-05T18:00:00","4","46.6833333","5.5166666","279.0","LONS LE SAUNIER, FR","FM-12","99999","V020","200,1,N,0041,1","99999,9,9,N","999999,9,N,9","+0158,1","+0114,1","10138,1","99,0140,9,1",,,"0,000",,,,,,,,,,"999,M,+0201,1",,,"3,1,019,1,+999,9",,"4,99,0180,1","SYN017333   10201 91135",
"07390099999","1990-07-06T00:00:00","4","46.6833333","5.5166666","279.0","LONS LE SAUNIER, FR","FM-12","99999","V020","200,1,N,0031,1","99999,9,9,N","999999,9,N,9","+0117,1","+0109,1","10187,1","03,0010,9,1","06,0010,9,1",,"0,001",,"4,1,06,1",,,,,,,,,,,"2,1,017,1,+999,9","21,1","4,99,0108,1","SYN017333   60017 91121",
"07390099999","1990-07-06T06:00:00","4","46.6833333","5.5166666","279.0","LONS LE SAUNIER, FR","FM-12","99999","V020","210,1,N,0031,1","99999,9,9,N","999999,9,N,9","+0111,1","+0100,1","10215,1","24,0152,9,1","99,0010,9,1",,"0,000",,,,,,,"0084,9",,"999,+0100,9","999,N,+0109,1",,,"3,1,013,1,+999,9",,"4,99,0062,1","SYN035333   20109 3/010 55014 70152 91112",
"07390099999","1990-07-06T12:00:00","4","46.6833333","5.5166666","279.0","LONS LE SAUNIER, FR","FM-12","99999","V020","270,1,N,0062,1","99999,9,9,N","999999,9,N,9","+0158,1","+0054,1","10233,1","06,0000,9,1",,,"4,000",,,,,,,,,,,,,"3,1,008,1,+999,9",,"4,99,0098,1","SYN011333   91119",
"07390099999","1990-07-06T18:00:00","4","46.6833333","5.5166666","279.0","LONS LE SAUNIER, FR","FM-12","99999","V020","160,1,N,0010,1","99999,9,9,N","999999,9,N,9","+0159,1","+0077,1","10241,1","06,0000,9,1",,,"4,000",,,,,,,,,,"999,M,+0169,1",,,"2,1,006,1,+999,9",,"4,99,0082,1","SYN017333   10169 91116",
"07390099999","1990-07-07T00:00:00","4","46.6833333","5.5166666","279.0","LONS LE SAUNIER, FR","FM-12","99999","V020","080,1,N,0021,1","99999,9,9,N","999999,9,N,9","+0093,1","+0071,1","10259,1","06,0000,9,1",,,"4,000",,,,,,,,,,,,,"0,1,000,1,+999,9",,"4,99,0041,1","SYN011333   91108",
"07390099999","1990-07-07T06:00:00","4","46.6833333","5.5166666","279.0","LONS LE SAUNIER, FR","FM-12","99999","V020","110,1,N,0021,1","99999,9,9,N","999999,9,N,9","+0111,1","+0083,1","10253,1","06,0000,9,1",,,"4,000",,,,,,,"0150,9",,"999,+0070,9","999,N,+0084,1",,,"3,1,003,1,+999,9",,"4,99,0051,1","SYN029333   20084 3/007 55025 91110",
"07390099999","1990-07-07T12:00:00","4","46.6833333","5.5166666","279.0","LONS LE SAUNIER, FR","FM-12","99999","V020","230,1,N,0031,1","99999,9,9,N","999999,9,N,9","+0181,1","+0084,1","10245,1","06,0000,9,1",,,"4,000",,,,,,,,,,,,,"8,1,007,1,+999,9",,"4,99,0072,1","SYN011333   91114",
"07390099999","1990-07-07T18:00:00","4","46.6833333","5.5166666","279.0","LONS LE SAUNIER, FR","FM-12","99999","V020","270,1,N,0062,1","99999,9,9,N","999999,9,N,9","+0163,1","+0123,1","10240,1","06,0000,9,1",,,"4,000",,,,,,,,,,"999,M,+0189,1",,,"3,1,002,1,+999,9",,"4,99,0082,1","SYN017333   10189 91116",
"07390099999","1990-07-08T00:00:00","4","46.6833333","5.5166666","279.0","LONS LE SAUNIER, FR","FM-12","99999","V020","200,1,N,0021,1","99999,9,9,N","999999,9,N,9","+0145,1","+0139,1","10246,1","06,0020,9,1",,,"0,000",,,,,,,,,,,,,"8,1,006,1,+999,9",,"4,99,0088,1","SYN011333   91117",
"07390099999","1990-07-08T06:00:00","4","46.6833333","5.5166666","279.0","LONS LE SAUNIER, FR","FM-12","99999","V020","200,1,N,0021,1","99999,9,9,N","999999,9,N,9","+0148,1","+0148,1","10238,1","03,0004,9,1","24,0026,9,1","99,0005,9,1","0,000",,,,,,,"0144,9",,"999,+0140,9","999,N,+0141,1",,,"3,1,003,1,+999,9",,"4,99,0051,1","SYN041333   20141 3/014 55024 69947 70026 91110",
"07390099999","1990-07-08T12:00:00","4","46.6833333","5.5166666","279.0","LONS LE SAUNIER, FR","FM-12","99999","V020","210,1,N,0031,1","99999,9,9,N","999999,9,N,9","+0178,1","+0152,1","10229,1","06,0000,9,1",,,"4,000",,,,,,,,,,,,,"8,1,006,1,+999,9",,"4,99,0062,1","SYN011333   91112",
"07390099999","1990-07-08T18:00:00","4","46.6833333","5.5166666","279.0","LONS LE SAUNIER, FR","FM-12","99999","V020","230,1,N,0021,1","99999,9,9,N","999999,9,N,9","+0201,1","+0163,1","10209,1","06,0000,9,1",,,"4,000",,,,,,,,,,"999,M,+0212,1",,,"6,1,010,1,+999,9",,"4,99,0062,1","SYN017333   10212 91112",
"07390099999","1990-07-09T00:00:00","4","46.6833333","5.5166666","279.0","LONS LE SAUNIER, FR","FM-12","99999","V020","120,1,N,0021,1","99999,9,9,N","999999,9,N,9","+0166,1","+0161,1","10205,1","06,0000,9,1",,,"4,000",,,,,,,,,,,,,"8,1,008,1,+999,9",,"4,99,0031,1","SYN011333   91106",
"07390099999","1990-07-09T06:00:00","4","46.6833333","5.5166666","279.0","LONS LE SAUNIER, FR","FM-12","99999","V020","160,1,N,0010,1","99999,9,9,N","999999,9,N,9","+0165,1","+0159,1","10195,1","24,0002,9,1",,,"0,000",,,,,,,"0120,9",,"999,+0130,9","999,N,+0148,1",,,"3,1,002,1,+999,9",,"4,99,0031,1","SYN035333   20148 3/013 55020 70002 91106",
"07390099999","1990-07-09T12:00:00","4","46.6833333","5.5166666","279.0","LONS LE SAUNIER, FR","FM-12","99999","V020","270,1,N,0051,1","99999,9,9,N","999999,9,N,9","+0209,1","+0167,1","10189,1","06,0000,9,1",,,"4,000",,,,,,,,,,,,,"5,1,000,1,+999,9",,"4,99,0072,1","SYN011333   91114",
"07390099999","1990-07-09T18:00:00","4","46.6833333","5.5166666","279.0","LONS LE SAUNIER, FR","FM-12","99999","V020","250,1,N,0031,1","99999,9,9,N","999999,9,N,9","+0211,1","+0147,1","10185,1","06,0000,9,1",,,"4,000",,,,,,,,,,"999,M,+0232,1",,,"5,1,001,1,+999,9",,"4,99,0088,1","SYN017333   10232 91117",
"07390099999","1990-07-10T00:00:00","4","46.6833333","5.5166666","279.0","LONS LE SAUNIER, FR","FM-12","99999","V020","320,1,N,0010,1","99999,9,9,N","999999,9,N,9","+0159,1","+0139,1","10208,1","06,0000,9,1",,,"4,000",,,,,,,,,,,,,"3,1,006,1,+999,9",,"4,99,0082,1","SYN011333   91116",
"07390099999","1990-07-10T06:00:00","4","46.6833333","5.5166666","279.0","LONS LE SAUNIER, FR","FM-12","99999","V020","310,1,N,0021,1","99999,9,9,N","999999,9,N,9","+0125,1","+0104,1","10229,1","06,0000,9,1",,,"4,000",,,,,,,"0186,9",,"999,+0110,9","999,N,+0115,1",,,"1,1,010,1,+999,9",,"4,99,0051,1","SYN029333   20115 3/011 55031 91110",
"07390099999","1990-07-10T12:00:00","4","46.6833333","5.5166666","279.0","LONS LE SAUNIER, FR","FM-12","99999","V020","310,1,N,0041,1","99999,9,9,N","999999,9,N,9","+0162,1","+0052,1","10241,1","06,0000,9,1",,,"4,000",,,,,,,,,,,,,"3,1,006,1,+999,9",,"4,99,0072,1","SYN011333   91114",
"07390099999","1990-07-10T18:00:00","4","46.6833333","5.5166666","279.0","LONS LE SAUNIER, FR","FM-12","99999","V020","340,1,N,0031,1","99999,9,9,N","999999,9,N,9","+0165,1","+0072,1","10253,1","06,0000,9,1",,,"4,000",,,,,,,,,,"999,M,+0180,1",,,"3,1,008,1,+999,9",,"4,99,0082,1","SYN017333   10180 91116",
"07390099999","1990-07-11T00:00:00","4","46.6833333","5.5166666","279.0","LONS LE SAUNIER, FR","FM-12","99999","V020","030,1,N,0031,1","99999,9,9,N","999999,9,N,9","+0097,1","+0073,1","10272,1","06,0000,9,1",,,"4,000",,,,,,,,,,,,,"4,1,000,1,+999,9",,"4,99,0072,1","SYN011333   91114",
"07390099999","1990-07-11T06:00:00","4","46.6833333","5.5166666","279.0","LONS LE SAUNIER, FR","FM-12","99999","V020","350,1,N,0031,1","99999,9,9,N","999999,9,N,9","+0107,1","+0078,1","10269,1","06,0000,9,1",,,"4,000",,,,,,,"0468,9",,"999,+0060,9","999,N,+0077,1",,,"0,1,003,1,+999,9",,"4,99,0072,1","SYN029333   20077 3/006 55078 91114",
"07390099999","1990-07-11T12:00:00","4","46.6833333","5.5166666","279.0","LONS LE SAUNIER, FR","FM-12","99999","V020","340,1,N,0062,1","99999,9,9,N","999999,9,N,9","+0197,1","+0084,1","10243,1","06,0000,9,1",,,"4,000",,,,,,,,,,,,,"8,1,013,1,+999,9",,"4,99,0139,1","SYN011333   91127",
"07390099999","1990-07-11T18:00:00","4","46.6833333","5.5166666","279.0","LONS LE SAUNIER, FR","FM-12","99999","V020","010,1,N,0062,1","99999,9,9,N","999999,9,N,9","+0194,1","+0087,1","10228,1","06,0000,9,1",,,"4,000",,,,,,,,,,"999,M,+0208,1",,,"5,1,000,1,+999,9",,"4,99,0149,1","SYN017333   10208 91129",
"07390099999","1990-07-12T00:00:00","4","46.6833333","5.5166666","279.0","LONS LE SAUNIER, FR","FM-12","99999","V020","080,1,N,0010,1","99999,9,9,N","999999,9,N,9","+0123,1","+0084,1","10237,1","06,0000,9,1",,,"4,000",,,,,,,,,,,,,"6,1,004,1,+999,9",,"4,99,0108,1","SYN011333   91121",
"07390099999","1990-07-12T06:00:00","4","46.6833333","5.5166666","279.0","LONS LE SAUNIER, FR","FM-12","99999","V020","090,1,N,0021,1","99999,9,9,N","999999,9,N,9","+0136,1","+0087,1","10224,1","06,0000,9,1",,,"4,000",,,,,,,"0876,9",,"999,+0080,9","999,N,+0103,1",,,"3,1,002,1,+999,9",,"4,99,0062,1","SYN029333   20103 3/008 55146 91112",
"07390099999","1990-07-12T12:00:00","4","46.6833333","5.5166666","279.0","LONS LE SAUNIER, FR","FM-12","99999","V020","320,1,N,0021,1","99999,9,9,N","999999,9,N,9","+0218,1","+0121,1","10200,1","06,0000,9,1",,,"4,000",,,,,,,,,,,,,"8,1,012,1,+999,9",,"4,99,0062,1","SYN011333   91112",
"07390099999","1990-07-12T18:00:00","4","46.6833333","5.5166666","279.0","LONS LE SAUNIER, FR","FM-12","99999","V020","350,1,N,0021,1","99999,9,9,N","999999,9,N,9","+0241,1","+0121,1","10175,1","06,0000,9,1",,,"4,000",,,,,,,,,,"999,M,+0254,1",,,"6,1,007,1,+999,9",,"4,99,0072,1","SYN017333   10254 91114",
"07390099999","1990-07-13T00:00:00","4","46.6833333","5.5166666","279.0","LONS LE SAUNIER, FR","FM-12","99999","V020","090,1,N,0031,1","99999,9,9,N","999999,9,N,9","+0155,1","+0094,1","10179,1","06,0000,9,1",,,"4,000",,,,,,,,,,,,,"6,1,006,1,+999,9",,"4,99,0051,1","SYN011333   91110",
"07390099999","1990-07-13T06:00:00","4","46.6833333","5.5166666","279.0","LONS LE SAUNIER, FR","FM-12","99999","V020","190,1,N,0021,1","99999,9,9,N","999999,9,N,9","+0149,1","+0133,1","10178,1","06,0000,9,1",,,"4,000",,,,,,,"0882,9",,"999,+0120,9","999,N,+0134,1",,,"3,1,006,1,+999,9",,"4,99,0051,1","SYN029333   20134 3/012 55147 91110",
"07390099999","1990-07-13T12:00:00","4","46.6833333","5.5166666","279.0","LONS LE SAUNIER, FR","FM-12","99999","V020","240,1,N,0021,1","99999,9,9,N","999999,9,N,9","+0249,1","+0150,1","10158,1","06,0000,9,1",,,"4,000",,,,,,,,,,,,,"8,1,009,1,+999,9",,"4,99,0062,1","SYN011333   91112",
"07390099999","1990-07-13T18:00:00","4","46.6833333","5.5166666","279.0","LONS LE SAUNIER, FR","FM-12","99999","V020","010,1,N,0031,1","99999,9,9,N","999999,9,N,9","+0261,1","+0158,1","10134,1","06,0000,9,1",,,"4,000",,,,,,,,,,"999,M,+0274,1",,,"6,1,008,1,+999,9",,"4,99,0051,1","SYN017333   10274 91110",
"07390099999","1990-07-14T00:00:00","4","46.6833333","5.5166666","279.0","LONS LE SAUNIER, FR","FM-12","99999","V020","100,1,N,0041,1","99999,9,9,N","999999,9,N,9","+0192,1","+0129,1","10138,1","06,0000,9,1",,,"4,000",,,,,,,,,,,,,"8,1,003,1,+999,9",,"4,99,0051,1","SYN011333   91110",
"07390099999","1990-07-14T06:00:00","4","46.6833333","5.5166666","279.0","LONS LE SAUNIER, FR","FM-12","99999","V020","060,1,N,0010,1","99999,9,9,N","999999,9,N,9","+0184,1","+0149,1","10141,1","06,0000,9,1",,,"4,000",,,,,,,"0864,9",,"999,+0140,9","999,N,+0159,1",,,"2,1,002,1,+999,9",,"4,99,0051,1","SYN029333   20159 3/014 55144 91110",
"07390099999","1990-07-14T12:00:00","4","46.6833333","5.5166666","279.0","LONS LE SAUNIER, FR","FM-12","99999","V020","330,1,N,0031,1","99999,9,9,N","999999,9,N,9","+0263,1","+0163,1","10126,1","06,0000,9,1",,,"4,000",,,,,,,,,,,,,"8,1,004,1,+999,9",,"4,99,0051,1","SYN011333   91110",
"07390099999","1990-07-14T18:00:00","4","46.6833333","5.5166666","279.0","LONS LE SAUNIER, FR","FM-12","99999","V020","340,1,N,0021,1","99999,9,9,N","999999,9,N,9","+0270,1","+0172,1","10112,1","06,0000,9,1",,,"4,000",,,,,,,,,,"999,M,+0281,1",,,"8,1,005,1,+999,9",,"4,99,0062,1","SYN017333   10281 91112",
"07390099999","1990-07-15T00:00:00","4","46.6833333","5.5166666","279.0","LONS LE SAUNIER, FR","FM-12","99999","V020","070,1,N,0031,1","99999,9,9,N","999999,9,N,9","+0185,1","+0129,1","10138,1","06,0000,9,1",,,"4,000",,,,,,,,,,,,,"1,1,009,1,+999,9",,"4,99,0062,1","SYN011333   91112",
"07390099999","1990-07-15T06:00:00","4","46.6833333","5.5166666","279.0","LONS LE SAUNIER, FR","FM-12","99999","V020","220,1,N,0021,1","99999,9,9,N","999999,9,N,9","+0158,1","+0158,1","10163,1","06,0000,9,1",,,"4,000",,,,,,,"0828,9",,"999,+0150,9","999,N,+0152,1",,,"2,1,015,1,+999,9",,"4,99,0051,1","SYN029333   20152 3/015 55138 91110",
"07390099999","1990-07-15T12:00:00","4","46.6833333","5.5166666","279.0","LONS LE SAUNIER, FR","FM-12","99999","V020","350,1,N,0010,1","99999,9,9,N","999999,9,N,9","+0263,1","+0184,1","10171,1","06,0000,9,1",,,"4,000",,,,,,,,,,,,,"1,1,005,1,+999,9",,"4,99,0051,1","SYN011333   91110",
"07390099999","1990-07-15T18:00:00","4","46.6833333","5.5166666","279.0","LONS LE SAUNIER, FR","FM-12","99999","V020","040,1,N,0021,1","99999,9,9,N","999999,9,N,9","+0268,1","+0139,1","10175,1","06,0000,9,1",,,"4,000",,,,,,,,,,"999,M,+0286,1",,,"3,1,007,1,+999,9",,"4,99,0072,1","SYN017333   10286 91114",
"07390099999","1990-07-16T00:00:00","4","46.6833333","5.5166666","279.0","LONS LE SAUNIER, FR","FM-12","99999","V020","090,1,N,0021,1","99999,9,9,N","999999,9,N,9","+0187,1","+0136,1","10203,1","06,0000,9,1",,,"4,000",,,,,,,,,,,,,"0,1,001,1,+999,9",,"4,99,0041,1","SYN011333   91108",
"07390099999","1990-07-16T06:00:00","4","46.6833333","5.5166666","279.0","LONS LE SAUNIER, FR","FM-12","99999","V020","120,1,N,0010,1","99999,9,9,N","999999,9,N,9","+0186,1","+0162,1","10230,1","06,0000,9,1",,,"4,000",,,,,,,"0690,9",,"999,+0150,9","999,N,+0169,1",,,"1,1,016,1,+999,9",,"4,99,0041,1","SYN029333   20169 3/015 55115 91108",
"07390099999","1990-07-16T12:00:00","4","46.6833333","5.5166666","279.0","LONS LE SAUNIER, FR","FM-12","99999","V020","240,1,N,0021,1","99999,9,9,N","999999,9,N,9","+0254,1","+0188,1","10221,1","06,0000,9,1",,,"4,000",,,,,,,,,,,,,"6,1,002,1,+999,9",,"4,99,0062,1","SYN011333   91112",
"07390099999","1990-07-16T18:00:00","4","46.6833333","5.5166666","279.0","LONS LE SAUNIER, FR","FM-12","99999","V020","999,1,C,0000,1","99999,9,9,N","999999,9,N,9","+0253,1","+0197,1","10213,1","06,0000,9,1",,,"4,000",,,,,,,,,,"999,M,+0262,1",,,"6,1,006,1,+999,9",,"4,99,0062,1","SYN017333   10262 91112",
"07390099999","1990-07-17T00:00:00","4","46.6833333","5.5166666","279.0","LONS LE SAUNIER, FR","FM-12","99999","V020","120,1,N,0010,1","99999,9,9,N","999999,9,N,9","+0194,1","+0191,1","10225,1","06,0000,9,1",,,"4,000",,,,,,,,,,,,,"8,1,002,1,+999,9",,"4,99,0031,1","SYN011333   91106",
"07390099999","1990-07-17T06:00:00","4","46.6833333","5.5166666","279.0","LONS LE SAUNIER, FR","FM-12","99999","V020","080,1,N,0010,1","99999,9,9,N","999999,9,N,9","+0185,1","+0178,1","10223,1","06,0000,9,1",,,"4,000",,,,,,,"0372,9",,"999,+0150,9","999,N,+0166,1",,,"3,1,002,1,+999,9",,"4,99,0021,1","SYN029333   20166 3/015 55062 91104",
"07390099999","1990-07-17T12:00:00","4","46.6833333","5.5166666","279.0","LONS LE SAUNIER, FR","FM-12","99999","V020","260,1,N,0021,1","99999,9,9,N","999999,9,N,9","+0252,1","+0166,1","10211,1","06,0000,9,1",,,"4,000",,,,,,,,,,,,,"8,1,005,1,+999,9",,"4,99,0062,1","SYN011333   91112",
"07390099999","1990-07-17T18:00:00","4","46.6833333","5.5166666","279.0","LONS LE SAUNIER, FR","FM-12","99999","V020","360,1,N,0031,1","99999,9,9,N","999999,9,N,9","+0220,1","+0151,1","10211,1","06,0000,9,1",,,"4,000",,,,,,,,,,"999,M,+0263,1",,,"3,1,003,1,+999,9",,"4,99,0088,1","SYN017333   10263 91117",
"07390099999","1990-07-18T00:00:00","4","46.6833333","5.5166666","279.0","LONS LE SAUNIER, FR","FM-12","99999","V020","360,1,N,0031,1","99999,9,9,N","999999,9,N,9","+0159,1","+0130,1","10223,1","06,0000,9,1",,,"4,000",,,,,,,,,,,,,"7,1,005,1,+999,9",,"4,99,0082,1","SYN011333   91116",
"07390099999","1990-07-18T06:00:00","4","46.6833333","5.5166666","279.0","LONS LE SAUNIER, FR","FM-12","99999","V020","350,1,N,0010,1","99999,9,9,N","999999,9,N,9","+0134,1","+0102,1","10222,1","06,0000,9,1",,,"4,000",,,,,,,"0522,9",,"999,+0110,9","999,N,+0121,1",,,"2,1,004,1,+999,9",,"4,99,0062,1","SYN029333   20121 3/011 55087 91112",
"07390099999","1990-07-18T12:00:00","4","46.6833333","5.5166666","279.0","LONS LE SAUNIER, FR","FM-12","99999","V020","350,1,N,0041,1","99999,9,9,N","999999,9,N,9","+0220,1","+0105,1","10202,1","06,0000,9,1",,,"4,000",,,,,,,,,,,,,"8,1,005,1,+999,9",,"4,99,0129,1","SYN011333   91125",
"07390099999","1990-07-18T18:00:00","4","46.6833333","5.5166666","279.0","LONS LE SAUNIER, FR","FM-12","99999","V020","020,1,N,0062,1","99999,9,9,N","999999,9,N,9","+0218,1","+0080,1","10187,1","06,0000,9,1",,,"4,000",,,,,,,,,,"999,M,+0231,1",,,"6,1,007,1,+999,9",,"4,99,0149,1","SYN017333   10231 91129",
"07390099999","1990-07-19T00:00:00","4","46.6833333","5.5166666","279.0","LONS LE SAUNIER, FR","FM-12","99999","V020","020,1,N,0031,1","99999,9,9,N","999999,9,N,9","+0139,1","+0111,1","10197,1","06,0000,9,1",,,"4,000",,,,,,,,,,,,,"8,1,004,1,+999,9",,"4,99,0108,1","SYN011333   91121",
"07390099999","1990-07-19T06:00:00","4","46.6833333","5.5166666","279.0","LONS LE SAUNIER, FR","FM-12","99999","V020","360,1,N,0010,1","99999,9,9,N","999999,9,N,9","+0127,1","+0108,1","10202,1","06,0000,9,1",,,"4,000",,,,,,,"0840,9",,"999,+0080,9","999,N,+0100,1",,,"3,1,005,1,+999,9",,"4,99,0062,1","SYN029333   20100 3/008 55140 91112",
"07390099999","1990-07-19T12:00:00","4","46.6833333","5.5166666","279.0","LONS LE SAUNIER, FR","FM-12","99999","V020","310,1,N,0031,1","99999,9,9,N","999999,9,N,9","+0229,1","+0122,1","10186,1","06,0000,9,1",,,"4,000",,,,,,,,,,,,,"8,1,009,1,+999,9",,"4,99,0062,1","SYN011333   91112",
"07390099999","1990-07-19T18:00:00","4","46.6833333","5.5166666","279.0","LONS LE SAUNIER, FR","FM-12","99999","V020","360,1,N,0031,1","99999,9,9,N","999999,9,N,9","+0236,1","+0106,1","10175,1","06,0000,9,1",,,"4,000",,,,,,,,,,"999,M,+0252,1",,,"3,1,001,1,+999,9",,"4,99,0088,1","SYN017333   10252 91117",
"07390099999","1990-07-20T00:00:00","4","46.6833333","5.5166666","279.0","LONS LE SAUNIER, FR","FM-12","99999","V020","030,1,N,0021,1","99999,9,9,N","999999,9,N,9","+0146,1","+0062,1","10190,1","06,0000,9,1",,,"4,000",,,,,,,,,,,,,"5,1,000,1,+999,9",,"4,99,0098,1","SYN011333   91119",
"07390099999","1990-07-20T06:00:00","4","46.6833333","5.5166666","279.0","LONS LE SAUNIER, FR","FM-12","99999","V020","180,1,N,0010,1","99999,9,9,N","999999,9,N,9","+0126,1","+0092,1","10199,1","06,0000,9,1",,,"4,000",,,,,,,"0858,9",,"999,+0090,9","999,N,+0112,1",,,"3,1,012,1,+999,9",,"4,99,0051,1","SYN029333   20112 3/009 55143 91110",
"07390099999","1990-07-20T12:00:00","4","46.6833333","5.5166666","279.0","LONS LE SAUNIER, FR","FM-12","99999","V020","330,1,N,0021,1","99999,9,9,N","999999,9,N,9","+0248,1","+0117,1","10194,1","06,0000,9,1",,,"4,000",,,,,,,,,,,,,"8,1,002,1,+999,9",,"4,99,0051,1","SYN011333   91110",
"07390099999","1990-07-20T18:00:00","4","46.6833333","5.5166666","279.0","LONS LE SAUNIER, FR","FM-12","99999","V020","320,1,N,0021,1","99999,9,9,N","999999,9,N,9","+0265,1","+0070,1","10180,1","06,0000,9,1",,,"4,000",,,,,,,,,,"999,M,+0277,1",,,"5,1,002,1,+999,9",,"4,99,0072,1","SYN017333   10277 91114",
"07390099999","1990-07-21T00:00:00","4","46.6833333","5.5166666","279.0","LONS LE SAUNIER, FR","FM-12","99999","V020","070,1,N,0041,1","99999,9,9,N","999999,9,N,9","+0172,1","+0073,1","10194,1","06,0000,9,1",,,"4,000",,,,,,,,,,,,,"6,1,001,1,+999,9",,"4,99,0051,1","SYN011333   91110",
"07390099999","1990-07-21T06:00:00","4","46.6833333","5.5166666","279.0","LONS LE SAUNIER, FR","FM-12","99999","V020","170,1,N,0010,1","99999,9,9,N","999999,9,N,9","+0161,1","+0113,1","10201,1","06,0000,9,1",,,"4,000",,,,,,,,,"999,+0120,9","999,N,+0143,1",,,"1,1,010,1,+999,9",,"4,99,0051,1","SYN029333   20143 3/012 55/// 91110",
"07390099999","1990-07-21T12:00:00","4","46.6833333","5.5166666","279.0","LONS LE SAUNIER, FR","FM-12","99999","V020","200,1,N,0031,1","99999,9,9,N","999999,9,N,9","+0268,1","+0152,1","10192,1","06,0000,9,1",,,"4,000",,,,,,,,,,,,,"8,1,004,1,+999,9",,"4,99,0062,1","SYN011333   91112",
"07390099999","1990-07-21T18:00:00","4","46.6833333","5.5166666","279.0","LONS LE SAUNIER, FR","FM-12","99999","V020","020,1,N,0021,1","99999,9,9,N","999999,9,N,9","+0281,1","+0136,1","10174,1","06,0000,9,1",,,"4,000",,,,,,,,,,"999,M,+0299,1",,,"6,1,007,1,+999,9",,"4,99,0051,1","SYN017333   10299 91110",
"07390099999","1990-07-22T00:00:00","4","46.6833333","5.5166666","279.0","LONS LE SAUNIER, FR","FM-12","99999","V020","090,1,N,0021,1","99999,9,9,N","999999,9,N,9","+0200,1","+0137,1","10184,1","06,0000,9,1",,,"4,000",,,,,,,,,,,,,"4,1,000,1,+999,9",,"4,99,0051,1","SYN011333   91110",
"07390099999","1990-07-22T06:00:00","4","46.6833333","5.5166666","279.0","LONS LE SAUNIER, FR","FM-12","99999","V020","230,1,N,0021,1","99999,9,9,N","999999,9,N,9","+0194,1","+0159,1","10186,1","06,0000,9,1",,,"4,000",,,,,,,"0864,9",,"999,+0150,9","999,N,+0173,1",,,"3,1,002,1,+999,9",,"4,99,0041,1","SYN029333   20173 3/015 55144 91108",
"07390099999","1990-07-22T12:00:00","4","46.6833333","5.5166666","279.0","LONS LE SAUNIER, FR","FM-12","99999","V020","260,1,N,0021,1","99999,9,9,N","999999,9,N,9","+0289,1","+0168,1","10170,1","06,0000,9,1",,,"4,000",,,,,,,,,,,,,"8,1,008,1,+999,9",,"4,99,0051,1","SYN011333   91110",
"07390099999","1990-07-22T18:00:00","4","46.6833333","5.5166666","279.0","LONS LE SAUNIER, FR","FM-12","99999","V020","020,1,N,0021,1","99999,9,9,N","999999,9,N,9","+0288,1","+0146,1","10158,1","06,0000,9,1",,,"4,000",,,,,,,,,,"999,M,+0312,1",,,"5,1,003,1,+999,9",,"4,99,0062,1","SYN017333   10312 91112",
"07390099999","1990-07-23T00:00:00","4","46.6833333","5.5166666","279.0","LONS LE SAUNIER, FR","FM-12","99999","V020","030,1,N,0010,1","99999,9,9,N","999999,9,N,9","+0192,1","+0151,1","10181,1","06,0000,9,1",,,"4,000",,,,,,,,,,,,,"0,1,004,1,+999,9",,"4,99,0072,1","SYN011333   91114",
"07390099999","1990-07-23T12:00:00","4","46.6833333","5.5166666","279.0","LONS LE SAUNIER, FR","FM-12","99999","V020","340,1,N,0041,1","99999,9,9,N","999999,9,N,9","+0265,1","+0143,1","10178,1","06,0000,9,1",,,"4,000",,,,,,,,,,,,,"8,1,005,1,+999,9",,"4,99,0082,1","SYN011333   91116",
"07390099999","1990-07-23T18:00:00","4","46.6833333","5.5166666","279.0","LONS LE SAUNIER, FR","FM-12","99999","V020","350,1,N,0051,1","99999,9,9,N","999999,9,N,9","+0239,1","+0106,1","10174,1","06,0000,9,1",,,"4,000",,,,,,,,,,"999,M,+0275,1",,,"5,1,001,1,+999,9",,"4,99,0108,1","SYN017333   10275 91121",
"07390099999","1990-07-24T00:00:00","4","46.6833333","5.5166666","279.0","LONS LE SAUNIER, FR","FM-12","99999","V020","360,1,N,0010,1","99999,9,9,N","999999,9,N,9","+0182,1","+0090,1","10188,1","06,0000,9,1",,,"4,000",,,,,,,,,,,,,"8,1,003,1,+999,9",,"4,99,0098,1","SYN011333   91119",
"07390099999","1990-07-24T06:00:00","4","46.6833333","5.5166666","279.0","LONS LE SAUNIER, FR","FM-12","99999","V020","290,1,N,0010,1","99999,9,9,N","999999,9,N,9","+0145,1","+0113,1","10194,1","06,0000,9,1",,,"4,000",,,,,,,,,"999,+0130,9","999,N,+0134,1",,,"1,1,011,1,+999,9",,"4,99,0051,1","SYN029333   20134 3/013 55/// 91110",
"07390099999","1990-07-24T12:00:00","4","46.6833333","5.5166666","279.0","LONS LE SAUNIER, FR","FM-12","99999","V020","330,1,N,0031,1","99999,9,9,N","999999,9,N,9","+0239,1","+0099,1","10178,1","06,0000,9,1",,,"4,000",,,,,,,,,,,,,"6,1,008,1,+999,9",,"4,99,0082,1","SYN011333   91116",
"07390099999","1990-07-24T18:00:00","4","46.6833333","5.5166666","279.0","LONS LE SAUNIER, FR","FM-12","99999","V020","020,1,N,0041,1","99999,9,9,N","999999,9,N,9","+0232,1","+0056,1","10164,1","06,0000,9,1",,,"4,000",,,,,,,,,,"999,M,+0254,1",,,"6,1,006,1,+999,9",,"4,99,0082,1","SYN017333   10254 91116",
"07390099999","1990-07-25T06:00:00","4","46.6833333","5.5166666","279.0","LONS LE SAUNIER, FR","FM-12","99999","V020","999,1,C,0000,1","99999,9,9,N","999999,9,N,9","+0116,1","+0093,1","10184,1",,,,"2,000",,,,,,,,,,,,,,,,"SYN011333   55///",
"07390099999","1990-07-25T12:00:00","4","46.6833333","5.5166666","279.0","LONS LE SAUNIER, FR","FM-12","99999","V020","330,1,N,0031,1","99999,9,9,N","999999,9,N,9","+0232,1","+0073,1","10165,1","06,0000,9,1",,,"4,000",,,,,,,,,,,,,"8,1,009,1,+999,9",,"4,99,0062,1","SYN011333   91112",
"07390099999","1990-07-25T18:00:00","4","46.6833333","5.5166666","279.0","LONS LE SAUNIER, FR","FM-12","99999","V020","350,1,N,0021,1","99999,9,9,N","999999,9,N,9","+0238,1","+0070,1","10139,1","06,0000,9,1",,,"4,000",,,,,,,,,,"999,M,+0254,1",,,"6,1,012,1,+999,9",,"4,99,0072,1","SYN017333   10254 91114",
"07390099999","1990-07-26T06:00:00","4","46.6833333","5.5166666","279.0","LONS LE SAUNIER, FR","FM-12","99999","V020","270,1,N,0010,1","99999,9,9,N","999999,9,N,9","+0132,1","+0102,1","10135,1",,,,"2,000",,,,,,,,,,,,,,,,"SYN011333   55///",
"07390099999","1990-07-26T12:00:00","4","46.6833333","5.5166666","279.0","LONS LE SAUNIER, FR","FM-12","99999","V020","300,1,N,0021,1","99999,9,9,N","999999,9,N,9","+0253,1","+0111,1","10108,1",,,,"2,000",,,,,,,,,,,,,,,,,
"07390099999","1990-07-26T18:00:00","4","46.6833333","5.5166666","279.0","LONS LE SAUNIER, FR","FM-12","99999","V020","010,1,N,0021,1","99999,9,9,N","999999,9,N,9","+0266,1","+0090,1","10095,1","06,0000,9,1",,,"4,000",,,,,,,,,,"999,M,+0281,1",,,"5,1,002,1,+999,9",,"4,99,0062,1","SYN017333   10281 91112",
"07390099999","1990-07-27T00:00:00","4","46.6833333","5.5166666","279.0","LONS LE SAUNIER, FR","FM-12","99999","V020","090,1,N,0021,1","99999,9,9,N","999999,9,N,9","+0184,1","+0124,1","10119,1","06,0000,9,1",,,"4,000",,,,,,,,,,,,,"0,1,004,1,+999,9",,"4,99,0041,1","SYN011333   91108",
"07390099999","1990-07-27T06:00:00","4","46.6833333","5.5166666","279.0","LONS LE SAUNIER, FR","FM-12","99999","V020","040,1,N,0010,1","99999,9,9,N","999999,9,N,9","+0189,1","+0137,1","10133,1","06,0000,9,1",,,"4,000",,,,,,,,,"999,+0160,9","999,N,+0183,1",,,"2,1,010,1,+999,9",,"4,99,0041,1","SYN029333   20183 3/016 55/// 91108",
"07390099999","1990-07-27T12:00:00","4","46.6833333","5.5166666","279.0","LONS LE SAUNIER, FR","FM-12","99999","V020","250,1,N,0031,1","99999,9,9,N","999999,9,N,9","+0275,1","+0145,1","10130,1","06,0000,9,1",,,"4,000",,,,,,,,,,,,,"8,1,002,1,+999,9",,"4,99,0088,1","SYN011333   91117",
"07390099999","1990-07-27T18:00:00","4","46.6833333","5.5166666","279.0","LONS LE SAUNIER, FR","FM-12","99999","V020","030,1,N,0021,1","99999,9,9,N","999999,9,N,9","+0272,1","+0171,1","10123,1","06,0000,9,1",,,"4,000",,,,,,,,,,"999,M,+0294,1",,,"5,1,000,1,+999,9",,"4,99,0062,1","SYN017333   10294 91112",
"07390099999","1990-07-28T00:00:00","4","46.6833333","5.5166666","279.0","LONS LE SAUNIER, FR","FM-12","99999","V020","080,1,N,0031,1","99999,9,9,N","999999,9,N,9","+0217,1","+0155,1","10140,1","06,0000,9,1",,,"4,000",,,,,,,,,,,,,"0,1,002,1,+999,9",,"4,99,0041,1","SYN011333   91108",
"07390099999","1990-07-28T06:00:00","4","46.6833333","5.5166666","279.0","LONS LE SAUNIER, FR","FM-12","99999","V020","090,1,N,0021,1","99999,9,9,N","999999,9,N,9","+0211,1","+0147,1","10147,1","06,0000,9,1",,,"4,000",,,,,,,"0696,9",,"999,+0170,9","999,N,+0191,1",,,"3,1,006,1,+999,9",,"4,99,0051,1","SYN029333   20191 3/017 55116 91110",
"07390099999","1990-07-28T12:00:00","4","46.6833333","5.5166666","279.0","LONS LE SAUNIER, FR","FM-12","99999","V020","240,1,N,0062,1","99999,9,9,N","999999,9,N,9","+0292,1","+0146,1","10138,1",,,,"2,000",,,,,,,,,,,,,,,,,
"07390099999","1990-07-28T18:00:00","4","46.6833333","5.5166666","279.0","LONS LE SAUNIER, FR","FM-12","99999","V020","160,1,N,0021,1","99999,9,9,N","999999,9,N,9","+0289,1","+0069,1","10131,1",,,,"2,000",,,,,,,,,,,,,"3,1,001,1,+999,9",,"4,99,0098,1","SYN011333   91119",
"07390099999","1990-07-29T00:00:00","4","46.6833333","5.5166666","279.0","LONS LE SAUNIER, FR","FM-12","99999","V020","210,1,N,0021,1","99999,9,9,N","999999,9,N,9","+0212,1","+0166,1","10185,1","06,0000,9,1",,,"4,000",,,,,,,,,,,,,"1,1,024,1,+999,9",,"4,99,0082,1","SYN011333   91116",
"07390099999","1990-07-29T06:00:00","4","46.6833333","5.5166666","279.0","LONS LE SAUNIER, FR","FM-12","99999","V020","999,1,C,0000,1","99999,9,9,N","999999,9,N,9","+0188,1","+0178,1","10203,1","06,0000,9,1",,,"4,000",,,,,,,,,"999,+0170,9","999,N,+0179,1",,,"1,1,013,1,+999,9",,"4,99,0031,1","SYN029333   20179 3/017 55/// 91106",
"07390099999","1990-07-29T12:00:00","4","46.6833333","5.5166666","279.0","LONS LE SAUNIER, FR","FM-12","99999","V020","020,1,N,0031,1","99999,9,9,N","999999,9,N,9","+0234,1","+0169,1","10204,1","06,0000,9,1",,,"4,000",,,,,,,,,,,,,"8,1,003,1,+999,9",,"4,99,0062,1","SYN011333   91112",
"07390099999","1990-07-30T06:00:00","4","46.6833333","5.5166666","279.0","LONS LE SAUNIER, FR","FM-12","99999","V020","080,1,N,0010,1","99999,9,9,N","999999,9,N,9","+0160,1","+0158,1","10224,1","06,0000,9,1",,,"4,000",,,,,,,,,"999,+0140,9","999,N,+0148,1",,,"3,1,001,1,+999,9",,"4,99,0041,1","SYN029333   20148 3/014 55/// 91108",
"07390099999","1990-07-30T12:00:00","4","46.6833333","5.5166666","279.0","LONS LE SAUNIER, FR","FM-12","99999","V020","010,1,N,0021,1","99999,9,9,N","999999,9,N,9","+0255,1","+0169,1","10205,1","06,0000,9,1",,,"4,000",,,,,,,,,,,,,"8,1,008,1,+999,9",,"4,99,0062,1","SYN011333   91112",
"07390099999","1990-07-30T18:00:00","4","46.6833333","5.5166666","279.0","LONS LE SAUNIER, FR","FM-12","99999","V020","090,1,N,0010,1","99999,9,9,N","999999,9,N,9","+0236,1","+0161,1","10198,1","06,0000,9,1",,,"4,000",,,,,,,,,,"999,M,+0272,1",,,"3,1,001,1,+999,9",,"4,99,0088,1","SYN017333   10272 91117",
"07390099999","1990-07-31T00:00:00","4","46.6833333","5.5166666","279.0","LONS LE SAUNIER, FR","FM-12","99999","V020","060,1,N,0010,1","99999,9,9,N","999999,9,N,9","+0185,1","+0165,1","10210,1","06,0000,9,1",,,"4,000",,,,,,,,,,,,,"0,1,000,1,+999,9",,"4,99,0041,1","SYN011333   91108",
"07390099999","1990-07-31T06:00:00","4","46.6833333","5.5166666","279.0","LONS LE SAUNIER, FR","FM-12","99999","V020","340,1,N,0010,1","99999,9,9,N","999999,9,N,9","+0169,1","+0159,1","10218,1","06,0000,9,1",,,"4,000",,,,,,,"0420,9",,"999,+0150,9","999,N,+0161,1",,,"3,1,008,1,+999,9",,"4,99,0041,1","SYN029333   20161 3/015 55070 91108",
"07390099999","1990-07-31T12:00:00","4","46.6833333","5.5166666","279.0","LONS LE SAUNIER, FR","FM-12","99999","V020","360,1,N,0041,1","99999,9,9,N","999999,9,N,9","+0279,1","+0168,1","10197,1","06,0000,9,1",,,"4,000",,,,,,,,,,,,,"7,1,010,1,+999,9",,"4,99,0082,1","SYN011333   91116",
"07390099999","1990-07-31T18:00:00","4","46.6833333","5.5166666","279.0","LONS LE SAUNIER, FR","FM-12","99999","V020","010,1,N,0031,1","99999,9,9,N","999999,9,N,9","+0269,1","+0125,1","10195,1","06,0000,9,1",,,"4,000",,,,,,,,,,"999,M,+0292,1",,,"3,1,001,1,+999,9",,"4,99,0098,1","SYN017333   10292 91119",
"07390099999","1990-08-01T00:00:00","4","46.6833333","5.5166666","279.0","LONS LE SAUNIER, FR","FM-12","99999","V020","080,1,N,0021,1","99999,9,9,N","999999,9,N,9","+0187,1","+0125,1","10219,1","06,0000,9,1",,,"4,000",,,,,,,,,,,,,"0,1,000,1,+999,9",,"4,99,0072,1","SYN011333   91114",
"07390099999","1990-08-01T06:00:00","4","46.6833333","5.5166666","279.0","LONS LE SAUNIER, FR","FM-12","99999","V020","350,1,N,0010,1","99999,9,9,N","999999,9,N,9","+0160,1","+0131,1","10221,1","06,0000,9,1",,,"4,000",,,,,,,"0762,9",,"999,+0130,9","999,M,+0292,1","999,N,+0153,1",,"3,1,006,1,+999,9",,"4,99,0041,1","SYN035333   10292 20153 3/013 55127 91108",
"07390099999","1990-08-01T12:00:00","4","46.6833333","5.5166666","279.0","LONS LE SAUNIER, FR","FM-12","99999","V020","350,1,N,0062,1","99999,9,9,N","999999,9,N,9","+0282,1","+0155,1","10197,1","06,0000,9,1",,,"4,000",,,,,,,,,,,,,"7,1,010,1,+999,9",,"4,99,0098,1","SYN011333   91119",
"07390099999","1990-08-01T18:00:00","4","46.6833333","5.5166666","279.0","LONS LE SAUNIER, FR","FM-12","99999","V020","020,1,N,0062,1","99999,9,9,N","999999,9,N,9","+0273,1","+0133,1","10179,1","06,0000,9,1",,,"4,000",,,,,,,,,,"999,M,+0303,1",,,"6,1,005,1,+999,9",,"4,99,0139,1","SYN017333   10303 91127",
"07390099999","1990-08-02T00:00:00","4","46.6833333","5.5166666","279.0","LONS LE SAUNIER, FR","FM-12","99999","V020","060,1,N,0010,1","99999,9,9,N","999999,9,N,9","+0197,1","+0143,1","10192,1","06,0000,9,1",,,"4,000",,,,,,,,,,,,,"8,1,005,1,+999,9",,"4,99,0098,1","SYN011333   91119",
"07390099999","1990-08-02T06:00:00","4","46.6833333","5.5166666","279.0","LONS LE SAUNIER, FR","FM-12","99999","V020","320,1,N,0010,1","99999,9,9,N","999999,9,N,9","+0198,1","+0152,1","10199,1","06,0000,9,1",,,"4,000",,,,,,,"0774,9",,"999,+0150,9","999,M,+0303,1","999,N,+0172,1",,"3,1,010,1,+999,9",,"4,99,0041,1","SYN035333   10303 20172 3/015 55129 91108",
"07390099999","1990-08-02T12:00:00","4","46.6833333","5.5166666","279.0","LONS LE SAUNIER, FR","FM-12","99999","V020","310,1,N,0021,1","99999,9,9,N","999999,9,N,9","+0294,1","+0148,1","10194,1","06,0000,9,1",,,"4,000",,,,,,,,,,,,,"8,1,007,1,+999,9",,"4,99,0041,1","SYN011333   91108",
"07390099999","1990-08-02T18:00:00","4","46.6833333","5.5166666","279.0","LONS LE SAUNIER, FR","FM-12","99999","V020","010,1,N,0021,1","99999,9,9,N","999999,9,N,9","+0296,1","+0134,1","10181,1","06,0000,9,1",,,"4,000",,,,,,,,,,"999,M,+0319,1",,,"6,1,005,1,+999,9",,"4,99,0062,1","SYN017333   10319 91112",
"07390099999","1990-08-03T00:00:00","4","46.6833333","5.5166666","279.0","LONS LE SAUNIER, FR","FM-12","99999","V020","070,1,N,0010,1","99999,9,9,N","999999,9,N,9","+0227,1","+0140,1","10196,1","06,0000,9,1",,,"4,000",,,,,,,,,,,,,"2,1,002,1,+999,9",,"4,99,0062,1","SYN011333   91112",
"07390099999","1990-08-03T06:00:00","4","46.6833333","5.5166666","279.0","LONS LE SAUNIER, FR","FM-12","99999","V020","100,1,N,0021,1","99999,9,9,N","999999,9,N,9","+0199,1","+0147,1","10211,1","06,0000,9,1",,,"4,000",,,,,,,"0780,9",,"999,+0160,9","999,M,+0319,1","999,N,+0188,1",,"2,1,005,1,+999,9",,"4,99,0041,1","SYN035333   10319 20188 3/016 55130 91108",
"07390099999","1990-08-03T12:00:00","4","46.6833333","5.5166666","279.0","LONS LE SAUNIER, FR","FM-12","99999","V020","010,1,N,0041,1","99999,9,9,N","999999,9,N,9","+0309,1","+0086,1","10196,1","06,0000,9,1",,,"4,000",,,,,,,,,,,,,"8,1,007,1,+999,9",,"4,99,0088,1","SYN011333   91117",
"07390099999","1990-08-03T18:00:00","4","46.6833333","5.5166666","279.0","LONS LE SAUNIER, FR","FM-12","99999","V020","350,1,N,0021,1","99999,9,9,N","999999,9,N,9","+0296,1","+0056,1","10184,1","06,0000,9,1",,,"4,000",,,,,,,,,,"999,M,+0323,1",,,"6,1,006,1,+999,9",,"4,99,0082,1","SYN017333   10323 91116",
"07390099999","1990-08-04T00:00:00","4","46.6833333","5.5166666","279.0","LONS LE SAUNIER, FR","FM-12","99999","V020","080,1,N,0031,1","99999,9,9,N","999999,9,N,9","+0195,1","+0105,1","10205,1","06,0000,9,1",,,"4,000",,,,,,,,,,,,,"8,1,002,1,+999,9",,"4,99,0051,1","SYN011333   91110",
"07390099999","1990-08-04T06:00:00","4","46.6833333","5.5166666","279.0","LONS LE SAUNIER, FR","FM-12","99999","V020","130,1,N,0021,1","99999,9,9,N","999999,9,N,9","+0180,1","+0122,1","10214,1","06,0000,9,1",,,"4,000",,,,,,,"0816,9",,"999,+0140,9","999,M,+0323,1","999,N,+0165,1",,"2,1,008,1,+999,9",,"4,99,0051,1","SYN035333   10323 20165 3/014 55136 91110",
"07390099999","1990-08-04T12:00:00","4","46.6833333","5.5166666","279.0","LONS LE SAUNIER, FR","FM-12","99999","V020","330,1,N,0031,1","99999,9,9,N","999999,9,N,9","+0309,1","+0080,1","10192,1","06,0000,9,1",,,"4,000",,,,,,,,,,,,,"8,1,011,1,+999,9",,"4,99,0072,1","SYN011333   91114",
"07390099999","1990-08-04T18:00:00","4","46.6833333","5.5166666","279.0","LONS LE SAUNIER, FR","FM-12","99999","V020","030,1,N,0021,1","99999,9,9,N","999999,9,N,9","+0302,1","+0080,1","10183,1","06,0000,9,1",,,"4,000",,,,,,,,,,"999,M,+0325,1",,,"8,1,003,1,+999,9",,"4,99,0072,1","SYN017333   10325 91114",
"07390099999","1990-08-05T00:00:00","4","46.6833333","5.5166666","279.0","LONS LE SAUNIER, FR","FM-12","99999","V020","100,1,N,0031,1","99999,9,9,N","999999,9,N,9","+0210,1","+0102,1","10195,1","06,0000,9,1",,,"4,000",,,,,,,,,,,,,"8,1,003,1,+999,9",,"4,99,0051,1","SYN011333   91110",
"07390099999","1990-08-05T06:00:00","4","46.6833333","5.5166666","279.0","LONS LE SAUNIER, FR","FM-12","99999","V020","090,1,N,0021,1","99999,9,9,N","999999,9,N,9","+0198,1","+0108,1","10192,1","06,0000,9,1",,,"4,000",,,,,,,"0810,9",,"999,+0160,9","999,M,+0325,1","999,N,+0185,1",,"5,1,001,1,+999,9",,"4,99,0062,1","SYN035333   10325 20185 3/016 55135 91112",
"07390099999","1990-08-05T12:00:00","4","46.6833333","5.5166666","279.0","LONS LE SAUNIER, FR","FM-12","99999","V020","220,1,N,0041,1","99999,9,9,N","999999,9,N,9","+0313,1","+0095,1","10164,1","06,0000,9,1",,,"4,000",,,,,,,,,,,,,"8,1,012,1,+999,9",,"4,99,0072,1","SYN011333   91114",
"07390099999","1990-08-05T18:00:00","4","46.6833333","5.5166666","279.0","LONS LE SAUNIER, FR","FM-12","99999","V020","080,1,N,0041,1","99999,9,9,N","999999,9,N,9","+0254,1","+0145,1","10143,1","06,0000,9,1",,,"4,000",,,,,,,,,,"999,M,+0332,1",,,"5,1,007,1,+999,9",,"4,99,0129,1","SYN017333   10332 91125",
"07390099999","1990-08-06T00:00:00","4","46.6833333","5.5166666","279.0","LONS LE SAUNIER, FR","FM-12","99999","V020","310,1,N,0031,1","99999,9,9,N","999999,9,N,9","+0206,1","+0156,1","10144,1","06,0000,9,1",,,"4,000",,,,,,,,,,,,,"2,1,002,1,+999,9",,"4,99,0062,1","SYN011333   91112",
"07390099999","1990-08-06T06:00:00","4","46.6833333","5.5166666","279.0","LONS LE SAUNIER, FR","FM-12","99999","V020","150,1,N,0010,1","99999,9,9,N","999999,9,N,9","+0168,1","+0146,1","10163,1","06,0000,9,1",,,"4,000",,,,,,,"0618,9",,"999,+0150,9","999,M,+0332,1","999,N,+0163,1",,"3,1,012,1,+999,9",,"4,99,0041,1","SYN035333   10332 20163 3/015 55103 91108",
"07390099999","1990-08-06T12:00:00","4","46.6833333","5.5166666","279.0","LONS LE SAUNIER, FR","FM-12","99999","V020","310,1,N,0021,1","99999,9,9,N","999999,9,N,9","+0214,1","+0141,1","10168,1","06,0000,9,1",,,"4,000",,,,,,,,,,,,,"0,1,000,1,+999,9",,"4,99,0062,1","SYN011333   91112",
"07390099999","1990-08-06T18:00:00","4","46.6833333","5.5166666","279.0","LONS LE SAUNIER, FR","FM-12","99999","V020","010,1,N,0031,1","99999,9,9,N","999999,9,N,9","+0212,1","+0067,1","10163,1","06,0000,9,1",,,"4,000",,,,,,,,,,"999,M,+0232,1",,,"5,1,000,1,+999,9",,"4,99,0082,1","SYN017333   10232 91116",
"07390099999","1990-08-07T00:00:00","4","46.6833333","5.5166666","279.0","LONS LE SAUNIER, FR","FM-12","99999","V020","350,1,N,0021,1","99999,9,9,N","999999,9,N,9","+0138,1","+0069,1","10196,1","06,0000,9,1",,,"4,000",,,,,,,,,,,,,"1,1,010,1,+999,9",,"4,99,0098,1","SYN011333   91119",
"07390099999","1990-08-07T06:00:00","4","46.6833333","5.5166666","279.0","LONS LE SAUNIER, FR","FM-12","99999","V020","330,1,N,0021,1","99999,9,9,N","999999,9,N,9","+0101,1","+0073,1","10211,1","06,0000,9,1",,,"4,000",,,,,,,"0222,9",,"999,+0080,9","999,M,+0232,1","999,N,+0097,1",,"3,1,010,1,+999,9",,"4,99,0062,1","SYN035333   10232 20097 3/008 55037 91112",
"07390099999","1990-08-07T12:00:00","4","46.6833333","5.5166666","279.0","LONS LE SAUNIER, FR","FM-12","99999","V020","010,1,N,0062,1","99999,9,9,N","999999,9,N,9","+0195,1","+0059,1","10202,1","06,0000,9,1",,,"4,000",,,,,,,,,,,,,"8,1,003,1,+999,9",,"4,99,0118,1","SYN011333   91123",
"07390099999","1990-08-07T18:00:00","4","46.6833333","5.5166666","279.0","LONS LE SAUNIER, FR","FM-12","99999","V020","360,1,N,0041,1","99999,9,9,N","999999,9,N,9","+0189,1","+0010,1","10199,1","06,0000,9,1",,,"4,000",,,,,,,,,,"999,M,+0210,1",,,"5,1,000,1,+999,9",,"4,99,0118,1","SYN017333   10210 91123",
"07390099999","1990-08-08T00:00:00","4","46.6833333","5.5166666","279.0","LONS LE SAUNIER, FR","FM-12","99999","V020","340,1,N,0021,1","99999,9,9,N","999999,9,N,9","+0107,1","+0040,1","10226,1","06,0000,9,1",,,"4,000",,,,,,,,,,,,,"0,1,001,1,+999,9",,"4,99,0098,1","SYN011333   91119",
"07390099999","1990-08-08T06:00:00","4","46.6833333","5.5166666","279.0","LONS LE SAUNIER, FR","FM-12","99999","V020","020,1,N,0010,1","99999,9,9,N","999999,9,N,9","+0097,1","+0057,1","10233,1","06,0000,9,1",,,"4,000",,,,,,,"0762,9",,"999,+0050,9","999,M,+0210,1","999,N,+0073,1",,"3,1,007,1,+999,9",,"4,99,0041,1","SYN035333   10210 20073 3/005 55127 91108",
"07390099999","1990-08-08T12:00:00","4","46.6833333","5.5166666","279.0","LONS LE SAUNIER, FR","FM-12","99999","V020","350,1,N,0041,1","99999,9,9,N","999999,9,N,9","+0219,1","+0036,1","10222,1","06,0000,9,1",,,"4,000",,,,,,,,,,,,,"6,1,001,1,+999,9",,"4,99,0139,1","SYN011333   91127",
"07390099999","1990-08-08T18:00:00","4","46.6833333","5.5166666","279.0","LONS LE SAUNIER, FR","FM-12","99999","V020","340,1,N,0031,1","99999,9,9,N","999999,9,N,9","+0212,1","+0025,1","10214,1","06,0000,9,1",,,"4,000",,,,,,,,,,"999,M,+0233,1",,,"5,1,002,1,+999,9",,"4,99,0118,1","SYN017333   10233 91123",
"07390099999","1990-08-09T00:00:00","4","46.6833333","5.5166666","279.0","LONS LE SAUNIER, FR","FM-12","99999","V020","330,1,N,0021,1","99999,9,9,N","999999,9,N,9","+0124,1","+0049,1","10238,1","06,0000,9,1",,,"4,000",,,,,,,,,,,,,"1,1,003,1,+999,9",,"4,99,0088,1","SYN011333   91117",
"07390099999","1990-08-09T06:00:00","4","46.6833333","5.5166666","279.0","LONS LE SAUNIER, FR","FM-12","99999","V020","040,1,N,0010,1","99999,9,9,N","999999,9,N,9","+0126,1","+0053,1","10237,1","06,0000,9,1",,,"4,000",,,,,,,"0822,9",,"999,+0060,9","999,M,+0233,1","999,N,+0102,1",,"2,1,004,1,+999,9",,"4,99,0031,1","SYN035333   10233 20102 3/006 55137 91106",
"07390099999","1990-08-09T12:00:00","4","46.6833333","5.5166666","279.0","LONS LE SAUNIER, FR","FM-12","99999","V020","010,1,N,0041,1","99999,9,9,N","999999,9,N,9","+0243,1","+0013,1","10220,1","06,0000,9,1",,,"4,000",,,,,,,,,,,,,"8,1,006,1,+999,9",,"4,99,0098,1","SYN011333   91119",
"07390099999","1990-08-09T18:00:00","4","46.6833333","5.5166666","279.0","LONS LE SAUNIER, FR","FM-12","99999","V020","350,1,N,0021,1","99999,9,9,N","999999,9,N,9","+0240,1","-0033,1","10210,1","06,0000,9,1",,,"4,000",,,,,,,,,,"999,M,+0258,1",,,"5,1,003,1,+999,9",,"4,99,0088,1","SYN017333   10258 91117",
"07390099999","1990-08-10T00:00:00","4","46.6833333","5.5166666","279.0","LONS LE SAUNIER, FR","FM-12","99999","V020","060,1,N,0021,1","99999,9,9,N","999999,9,N,9","+0167,1","+0027,1","10230,1","06,0000,9,1",,,"4,000",,,,,,,,,,,,,"2,1,003,1,+999,9",,"4,99,0051,1","SYN011333   91110",
"07390099999","1990-08-10T18:00:00","4","46.6833333","5.5166666","279.0","LONS LE SAUNIER, FR","FM-12","99999","V020","350,1,N,0021,1","99999,9,9,N","999999,9,N,9","+0261,1","+0014,1","10197,1","06,0000,9,1",,,"4,000",,,,,,,,,,"999,M,+0285,1",,,"6,1,007,1,+999,9",,"4,99,0062,1","SYN017333   10285 91112",
"07390099999","1990-08-11T00:00:00","4","46.6833333","5.5166666","279.0","LONS LE SAUNIER, FR","FM-12","99999","V020","070,1,N,0031,1","99999,9,9,N","999999,9,N,9","+0182,1","+0070,1","10204,1","06,0000,9,1",,,"4,000",,,,,,,,,,,,,"8,1,003,1,+999,9",,"4,99,0041,1","SYN011333   91108",
"07390099999","1990-08-11T06:00:00","4","46.6833333","5.5166666","279.0","LONS LE SAUNIER, FR","FM-12","99999","V020","120,1,N,0010,1","99999,9,9,N","999999,9,N,9","+0153,1","+0090,1","10203,1","06,0000,9,1",,,"4,000",,,,,,,"0774,9",,"999,+0120,9","999,M,+0285,1","999,N,+0136,1",,"1,1,004,1,+999,9",,"4,99,0062,1","SYN035333   10285 20136 3/012 55129 91112",
"07390099999","1990-08-11T12:00:00","4","46.6833333","5.5166666","279.0","LONS LE SAUNIER, FR","FM-12","99999","V020","260,1,N,0031,1","99999,9,9,N","999999,9,N,9","+0280,1","+0062,1","10181,1","06,0000,9,1",,,"4,000",,,,,,,,,,,,,"7,1,010,1,+999,9",,"4,99,9999,9","SYN011333   91199","Q01  05103WGOSPD"
"07390099999","1990-08-11T18:00:00","4","46.6833333","5.5166666","279.0","LONS LE SAUNIER, FR","FM-12","99999","V020","230,1,N,0021,1","99999,9,9,N","999999,9,N,9","+0278,1","+0042,1","10156,1","06,0000,9,1",,,"4,000",,,,,,,,,,"999,M,+0301,1",,,"6,1,009,1,+999,9",,"4,99,0072,1","SYN017333   10301 91114",
"07390099999","1990-08-12T00:00:00","4","46.6833333","5.5166666","279.0","LONS LE SAUNIER, FR","FM-12","99999","V020","110,1,N,0021,1","99999,9,9,N","999999,9,N,9","+0200,1","+0084,1","10174,1","06,0000,9,1",,,"4,000",,,,,,,,,,,,,"2,1,002,1,+999,9",,"4,99,0041,1","SYN011333   91108",
"07390099999","1990-08-12T06:00:00","4","46.6833333","5.5166666","279.0","LONS LE SAUNIER, FR","FM-12","99999","V020","080,1,N,0021,1","99999,9,9,N","999999,9,N,9","+0190,1","+0095,1","10175,1","06,0000,9,1",,,"4,000",,,,,,,"0768,9",,"999,+0150,9","999,M,+0301,1","999,N,+0185,1",,"3,1,006,1,+999,9",,"4,99,0041,1","SYN035333   10301 20185 3/015 55128 91108",
"07390099999","1990-08-12T12:00:00","4","46.6833333","5.5166666","279.0","LONS LE SAUNIER, FR","FM-12","99999","V020","230,1,N,0062,1","99999,9,9,N","999999,9,N,9","+0289,1","+0096,1","10156,1","06,0000,9,1",,,"4,000",,,,,,,,,,,,,"8,1,010,1,+999,9",,"4,99,0098,1","SYN011333   91119",
"07390099999","1990-08-12T18:00:00","4","46.6833333","5.5166666","279.0","LONS LE SAUNIER, FR","FM-12","99999","V020","170,1,N,0021,1","99999,9,9,N","999999,9,N,9","+0275,1","+0063,1","10140,1","06,0000,9,1",,,"4,000",,,,,,,,,,"999,M,+0313,1",,,"3,1,002,1,+999,9",,"4,99,0098,1","SYN017333   10313 91119",
"07390099999","1990-08-13T00:00:00","4","46.6833333","5.5166666","279.0","LONS LE SAUNIER, FR","FM-12","99999","V020","120,1,N,0021,1","99999,9,9,N","999999,9,N,9","+0198,1","+0110,1","10168,1","06,0005,9,1",,,"0,000",,,,,,,,,,,,,"3,1,007,1,+999,9",,"4,99,0201,1","SYN011333   91139",
"07390099999","1990-08-13T06:00:00","4","46.6833333","5.5166666","279.0","LONS LE SAUNIER, FR","FM-12","99999","V020","190,1,N,0041,1","99999,9,9,N","999999,9,N,9","+0223,1","+0159,1","10159,1","24,0004,9,1",,,"0,000",,,,,,,"0624,9",,"999,+0160,9","999,M,+0313,1","999,N,+0193,1",,"5,1,004,1,+999,9",,"4,99,0088,1","SYN041333   10313 20193 3/016 55104 70004 91117",
"07390099999","1990-08-13T12:00:00","4","46.6833333","5.5166666","279.0","LONS LE SAUNIER, FR","FM-12","99999","V020","200,1,N,0062,1","99999,9,9,N","999999,9,N,9","+0241,1","+0153,1","10170,1","06,0000,9,1",,,"4,000",,,,,,,,,,,,,"0,1,008,1,+999,9",,"4,99,0160,1","SYN011333   91131",
"07390099999","1990-08-13T18:00:00","4","46.6833333","5.5166666","279.0","LONS LE SAUNIER, FR","FM-12","99999","V020","190,1,N,0041,1","99999,9,9,N","999999,9,N,9","+0198,1","+0163,1","10158,1","03,0002,9,1","99,0003,9,1",,"0,001",,"4,1,06,1",,,,,,,,"999,M,+0273,1",,,"6,1,007,1,+999,9","21,1","4,99,0098,1","SYN023333   10273 69927 91119",
"07390099999","1990-08-14T00:00:00","4","46.6833333","5.5166666","279.0","LONS LE SAUNIER, FR","FM-12","99999","V020","120,1,N,0031,1","99999,9,9,N","999999,9,N,9","+0192,1","+0132,1","10164,1","06,0005,9,1",,,"0,000",,,,,,,,,,,,,"0,1,001,1,+999,9",,"4,99,0082,1","SYN011333   91116",
"07390099999","1990-08-14T06:00:00","4","46.6833333","5.5166666","279.0","LONS LE SAUNIER, FR","FM-12","99999","V020","200,1,N,0021,1","99999,9,9,N","999999,9,N,9","+0193,1","+0135,1","10158,1","24,0006,9,1",,,"0,000",,,,,,,"0204,9",,"999,+0150,9","999,M,+0273,1","999,N,+0169,1",,"1,1,007,1,+999,9",,"4,99,0082,1","SYN041333   10273 20169 3/015 55034 70006 91116",
"07390099999","1990-08-14T12:00:00","4","46.6833333","5.5166666","279.0","LONS LE SAUNIER, FR","FM-12","99999","V020","190,1,N,0010,1","99999,9,9,N","999999,9,N,9","+0192,1","+0172,1","10174,1","03,0030,9,1","06,0030,9,1",,"0,001",,"4,1,06,1",,,,,,,,,,,"8,1,003,1,+999,9","21,1","4,99,0088,1","SYN017333   60037 91117",
"07390099999","1990-08-14T18:00:00","4","46.6833333","5.5166666","279.0","LONS LE SAUNIER, FR","FM-12","99999","V020","280,1,N,0031,1","99999,9,9,N","999999,9,N,9","+0218,1","+0152,1","10138,1","99,0040,9,1",,,"0,000",,,,,,,,,,"999,M,+0250,1",,,"6,1,012,1,+999,9",,"4,99,0041,1","SYN017333   10250 91108",
"07390099999","1990-08-15T00:00:00","4","46.6833333","5.5166666","279.0","LONS LE SAUNIER, FR","FM-12","99999","V020","160,1,N,0021,1","99999,9,9,N","999999,9,N,9","+0173,1","+0151,1","10169,1","06,0000,9,1",,,"4,000",,,,,,,,,,,,,"0,1,004,1,+999,9",,"4,99,0082,1","SYN011333   91116",
"07390099999","1990-08-15T06:00:00","4","46.6833333","5.5166666","279.0","LONS LE SAUNIER, FR","FM-12","99999","V020","180,1,N,0021,1","99999,9,9,N","999999,9,N,9","+0163,1","+0138,1","10181,1","06,0000,9,1","24,0038,9,1",,"4,000",,,,,,,"0222,9",,"999,+0140,9","999,M,+0250,1","999,N,+0160,1",,"3,1,008,1,+999,9",,"4,99,0051,1","SYN041333   10250 20160 3/014 55037 70038 91110",
"07390099999","1990-08-15T12:00:00","4","46.6833333","5.5166666","279.0","LONS LE SAUNIER, FR","FM-12","99999","V020","230,1,N,0031,1","99999,9,9,N","999999,9,N,9","+0218,1","+0126,1","10179,1","06,0000,9,1",,,"4,000",,,,,,,,,,,,,"6,1,006,1,+999,9",,"4,99,0082,1","SYN011333   91116",
"07390099999","1990-08-15T18:00:00","4","46.6833333","5.5166666","279.0","LONS LE SAUNIER, FR","FM-12","99999","V020","220,1,N,0021,1","99999,9,9,N","999999,9,N,9","+0222,1","+0110,1","10162,1","06,0000,9,1",,,"4,000",,,,,,,,,,"999,M,+0243,1",,,"5,1,000,1,+999,9",,"4,99,0082,1","SYN017333   10243 91116",
"07390099999","1990-08-16T00:00:00","4","46.6833333","5.5166666","279.0","LONS LE SAUNIER, FR","FM-12","99999","V020","130,1,N,0021,1","99999,9,9,N","999999,9,N,9","+0190,1","+0123,1","10170,1","06,0000,9,1",,,"4,000",,,,,,,,,,,,,"8,1,002,1,+999,9",,"4,99,0031,1","SYN011333   91106",
"07390099999","1990-08-16T06:00:00","4","46.6833333","5.5166666","279.0","LONS LE SAUNIER, FR","FM-12","99999","V020","200,1,N,0021,1","99999,9,9,N","999999,9,N,9","+0188,1","+0134,1","10170,1","06,0000,9,1",,,"4,000",,,,,,,"0420,9",,"999,+0170,9","999,M,+0243,1","999,N,+0181,1",,"3,1,002,1,+999,9",,"4,99,0051,1","SYN035333   10243 20181 3/017 55070 91110",
"07390099999","1990-08-16T12:00:00","4","46.6833333","5.5166666","279.0","LONS LE SAUNIER, FR","FM-12","99999","V020","270,1,N,0051,1","99999,9,9,N","999999,9,N,9","+0198,1","+0150,1","10175,1","06,0000,9,1",,,"4,000",,,,,,,,,,,,,"3,1,006,1,+999,9",,"4,99,0108,1","SYN011333   91121",
"07390099999","1990-08-16T18:00:00","4","46.6833333","5.5166666","279.0","LONS LE SAUNIER, FR","FM-12","99999","V020","130,1,N,0021,1","99999,9,9,N","999999,9,N,9","+0170,1","+0153,1","10173,1","03,0030,9,1",,,"0,001",,"4,1,06,1",,,,,,,,"999,M,+0238,1",,,"0,1,000,1,+999,9","21,1","4,99,0062,1","SYN023333   10238 60037 91112",
"07390099999","1990-08-17T00:00:00","4","46.6833333","5.5166666","279.0","LONS LE SAUNIER, FR","FM-12","99999","V020","200,1,N,0031,1","99999,9,9,N","999999,9,N,9","+0159,1","+0126,1","10202,1","06,0000,9,1",,,"4,000",,,,,,,,,,,,,"3,1,014,1,+999,9",,"4,99,0062,1","SYN011333   91112",
"07390099999","1990-08-17T06:00:00","4","46.6833333","5.5166666","279.0","LONS LE SAUNIER, FR","FM-12","99999","V020","290,1,N,0021,1","99999,9,9,N","999999,9,N,9","+0132,1","+0087,1","10243,1","06,0000,9,1","24,0036,9,1",,"4,000",,,,,,,"0126,9",,"999,+0130,9","999,M,+0238,1","999,N,+0130,1",,"3,1,019,1,+999,9",,"4,99,0072,1","SYN041333   10238 20130 3/013 55021 70036 91114",
"07390099999","1990-08-17T12:00:00","4","46.6833333","5.5166666","279.0","LONS LE SAUNIER, FR","FM-12","99999","V020","290,1,N,0021,1","99999,9,9,N","999999,9,N,9","+0178,1","+0051,1","10246,1","06,0000,9,1",,,"4,000",,,,,,,,,,,,,"8,1,004,1,+999,9",,"4,99,0082,1","SYN011333   91116",
"07390099999","1990-08-17T18:00:00","4","46.6833333","5.5166666","279.0","LONS LE SAUNIER, FR","FM-12","99999","V020","330,1,N,0010,1","99999,9,9,N","999999,9,N,9","+0188,1","+0042,1","10236,1","06,0000,9,1",,,"4,000",,,,,,,,,,"999,M,+0204,1",,,"5,1,002,1,+999,9",,"4,99,0082,1","SYN017333   10204 91116",
"07390099999","1990-08-18T00:00:00","4","46.6833333","5.5166666","279.0","LONS LE SAUNIER, FR","FM-12","99999","V020","090,1,N,0031,1","99999,9,9,N","999999,9,N,9","+0105,1","+0057,1","10246,1","06,0000,9,1",,,"4,000",,,,,,,,,,,,,"8,1,005,1,+999,9",,"4,99,0041,1","SYN011333   91108",
"07390099999","1990-08-18T06:00:00","4","46.6833333","5.5166666","279.0","LONS LE SAUNIER, FR","FM-12","99999","V020","100,1,N,0021,1","99999,9,9,N","999999,9,N,9","+0110,1","+0064,1","10241,1","06,0000,9,1",,,"4,000",,,,,,,"0504,9",,"999,+0070,9","999,M,+0204,1","999,N,+0090,1",,"3,1,001,1,+999,9",,"4,99,0062,1","SYN035333   10204 20090 3/007 55084 91112",
"07390099999","1990-08-18T12:00:00","4","46.6833333","5.5166666","279.0","LONS LE SAUNIER, FR","FM-12","99999","V020","230,1,N,0041,1","99999,9,9,N","999999,9,N,9","+0211,1","+0038,1","10222,1","06,0000,9,1",,,"4,000",,,,,,,,,,,,,"8,1,008,1,+999,9",,"4,99,0072,1","SYN011333   91114",
"07390099999","1990-08-18T18:00:00","4","46.6833333","5.5166666","279.0","LONS LE SAUNIER, FR","FM-12","99999","V020","190,1,N,0021,1","99999,9,9,N","999999,9,N,9","+0204,1","+0077,1","10207,1","06,0000,9,1",,,"4,000",,,,,,,,,,"999,M,+0233,1",,,"6,1,004,1,+999,9",,"4,99,0082,1","SYN017333   10233 91116",
"07390099999","1990-08-19T00:00:00","4","46.6833333","5.5166666","279.0","LONS LE SAUNIER, FR","FM-12","99999","V020","090,1,N,0031,1","99999,9,9,N","999999,9,N,9","+0146,1","+0085,1","10218,1","06,0000,9,1",,,"4,000",,,,,,,,,,,,,"8,1,002,1,+999,9",,"4,99,0041,1","SYN011333   91108",
"07390099999","1990-08-19T06:00:00","4","46.6833333","5.5166666","279.0","LONS LE SAUNIER, FR","FM-12","99999","V020","090,1,N,0041,1","99999,9,9,N","999999,9,N,9","+0143,1","+0091,1","10213,1","06,0000,9,1",,,"4,000",,,,,,,"0750,9",,"999,+0110,9","999,M,+0233,1","999,N,+0123,1",,"0,1,000,1,+999,9",,"4,99,0062,1","SYN035333   10233 20123 3/011 55125 91112",
"07390099999","1990-08-19T12:00:00","4","46.6833333","5.5166666","279.0","LONS LE SAUNIER, FR","FM-12","99999","V020","300,1,N,0031,1","99999,9,9,N","999999,9,N,9","+0257,1","+0095,1","10186,1","06,0000,9,1",,,"4,000",,,,,,,,,,,,,"8,1,015,1,+999,9",,"4,99,0062,1","SYN011333   91112",
"07390099999","1990-08-19T18:00:00","4","46.6833333","5.5166666","279.0","LONS LE SAUNIER, FR","FM-12","99999","V020","230,1,N,0021,1","99999,9,9,N","999999,9,N,9","+0248,1","+0095,1","10159,1","06,0000,9,1",,,"4,000",,,,,,,,,,"999,M,+0274,1",,,"7,1,009,1,+999,9",,"4,99,0072,1","SYN017333   10274 91114",
"07390099999","1990-08-20T00:00:00","4","46.6833333","5.5166666","279.0","LONS LE SAUNIER, FR","FM-12","99999","V020","100,1,N,0031,1","99999,9,9,N","999999,9,N,9","+0183,1","+0111,1","10165,1","06,0000,9,1",,,"4,000",,,,,,,,,,,,,"8,1,001,1,+999,9",,"4,99,0041,1","SYN011333   91108",
"07390099999","1990-08-20T06:00:00","4","46.6833333","5.5166666","279.0","LONS LE SAUNIER, FR","FM-12","99999","V020","140,1,N,0021,1","99999,9,9,N","999999,9,N,9","+0175,1","+0106,1","10171,1","06,0000,9,1",,,"4,000",,,,,,,"0810,9",,"999,+0150,9","999,M,+0274,1","999,N,+0171,1",,"3,1,007,1,+999,9",,"4,99,0062,1","SYN035333   10274 20171 3/015 55135 91112",
"07390099999","1990-08-20T12:00:00","4","46.6833333","5.5166666","279.0","LONS LE SAUNIER, FR","FM-12","99999","V020","230,1,N,0072,1","99999,9,9,N","999999,9,N,9","+0268,1","+0101,1","10170,1","06,0000,9,1",,,"4,000",,,,,,,,,,,,,"8,1,002,1,+999,9",,"4,99,0108,1","SYN011333   91121",
"07390099999","1990-08-20T18:00:00","4","46.6833333","5.5166666","279.0","LONS LE SAUNIER, FR","FM-12","99999","V020","290,1,N,0031,1","99999,9,9,N","999999,9,N,9","+0244,1","+0114,1","10163,1","06,0000,9,1",,,"4,000",,,,,,,,,,"999,M,+0283,1",,,"5,1,000,1,+999,9",,"4,99,0108,1","SYN017333   10283 91121",
"07390099999","1990-08-21T06:00:00","4","46.6833333","5.5166666","279.0","LONS LE SAUNIER, FR","FM-12","99999","V020","070,1,N,0010,1","99999,9,9,N","999999,9,N,9","+0123,1","+0097,1","10230,1","06,0000,9,1",,,"4,000",,,,,,,"0744,9",,"999,+0090,9","999,M,+0283,1","999,N,+0119,1",,"1,1,019,1,+999,9",,"4,99,0031,1","SYN035333   10283 20119 3/009 55124 91106",
"07390099999","1990-08-21T12:00:00","4","46.6833333","5.5166666","279.0","LONS LE SAUNIER, FR","FM-12","99999","V020","330,1,N,0031,1","99999,9,9,N","999999,9,N,9","+0190,1","+0086,1","10237,1","06,0000,9,1",,,"4,000",,,,,,,,,,,,,"5,1,000,1,+999,9",,"4,99,0072,1","SYN011333   91114",
"07390099999","1990-08-21T18:00:00","4","46.6833333","5.5166666","279.0","LONS LE SAUNIER, FR","FM-12","99999","V020","010,1,N,0031,1","99999,9,9,N","999999,9,N,9","+0183,1","+0065,1","10229,1","06,0000,9,1",,,"4,000",,,,,,,,,,"999,M,+0205,1",,,"5,1,003,1,+999,9",,"4,99,0072,1","SYN017333   10205 91114",
"07390099999","1990-08-22T00:00:00","4","46.6833333","5.5166666","279.0","LONS LE SAUNIER, FR","FM-12","99999","V020","360,1,N,0021,1","99999,9,9,N","999999,9,N,9","+0127,1","+0070,1","10244,1","06,0000,9,1",,,"4,000",,,,,,,,,,,,,"4,1,000,1,+999,9",,"4,99,0031,1","SYN011333   91106",
"07390099999","1990-08-22T06:00:00","4","46.6833333","5.5166666","279.0","LONS LE SAUNIER, FR","FM-12","99999","V020","350,1,N,0010,1","99999,9,9,N","999999,9,N,9","+0087,1","+0065,1","10251,1","06,0000,9,1",,,"4,000",,,,,,,"0504,9",,"999,+0060,9","999,M,+0205,1","999,N,+0085,1",,"3,1,005,1,+999,9",,"4,99,0041,1","SYN035333   10205 20085 3/006 55084 91108",
"07390099999","1990-08-22T12:00:00","4","46.6833333","5.5166666","279.0","LONS LE SAUNIER, FR","FM-12","99999","V020","010,1,N,0051,1","99999,9,9,N","999999,9,N,9","+0216,1","+0059,1","10231,1","06,0000,9,1",,,"4,000",,,,,,,,,,,,,"8,1,008,1,+999,9",,"4,99,0108,1","SYN011333   91121",
"07390099999","1990-08-22T18:00:00","4","46.6833333","5.5166666","279.0","LONS LE SAUNIER, FR","FM-12","99999","V020","010,1,N,0041,1","99999,9,9,N","999999,9,N,9","+0207,1","+0034,1","10224,1","06,0000,9,1",,,"4,000",,,,,,,,,,"999,M,+0231,1",,,"5,1,001,1,+999,9",,"4,99,0129,1","SYN017333   10231 91125",
"07390099999","1990-08-23T06:00:00","4","46.6833333","5.5166666","279.0","LONS LE SAUNIER, FR","FM-12","99999","V020","070,1,N,0021,1","99999,9,9,N","999999,9,N,9","+0126,1","+0077,1","10243,1",,,,"2,000",,,,,,,,,,,,,,,,"SYN011333   55///",
"07390099999","1990-08-23T12:00:00","4","46.6833333","5.5166666","279.0","LONS LE SAUNIER, FR","FM-12","99999","V020","290,1,N,0021,1","99999,9,9,N","999999,9,N,9","+0246,1","+0064,1","10223,1","06,0000,9,1",,,"4,000",,,,,,,,,,,,,"8,1,009,1,+999,9",,"4,99,0062,1","SYN011333   91112",
"07390099999","1990-08-23T18:00:00","4","46.6833333","5.5166666","279.0","LONS LE SAUNIER, FR","FM-12","99999","V020","350,1,N,0021,1","99999,9,9,N","999999,9,N,9","+0254,1","+0061,1","10194,1","06,0000,9,1",,,"4,000",,,,,,,,,,"999,M,+0277,1",,,"6,1,008,1,+999,9",,"4,99,0072,1","SYN017333   10277 91114",
"07390099999","1990-08-24T00:00:00","4","46.6833333","5.5166666","279.0","LONS LE SAUNIER, FR","FM-12","99999","V020","100,1,N,0021,1","99999,9,9,N","999999,9,N,9","+0193,1","+0092,1","10202,1","06,0000,9,1",,,"4,000",,,,,,,,,,,,,"3,1,001,1,+999,9",,"4,99,0051,1","SYN011333   91110",
"07390099999","1990-08-24T06:00:00","4","46.6833333","5.5166666","279.0","LONS LE SAUNIER, FR","FM-12","99999","V020","170,1,N,0021,1","99999,9,9,N","999999,9,N,9","+0183,1","+0091,1","10205,1","06,0000,9,1",,,"4,000",,,,,,,,,"999,+0120,9","999,M,+0277,1","999,N,+0162,1",,"3,1,001,1,+999,9",,"4,99,0041,1","SYN035333   10277 20162 3/012 55/// 91108",
"07390099999","1990-08-24T12:00:00","4","46.6833333","5.5166666","279.0","LONS LE SAUNIER, FR","FM-12","99999","V020","220,1,N,0062,1","99999,9,9,N","999999,9,N,9","+0284,1","+0065,1","10183,1","06,0000,9,1",,,"4,000",,,,,,,,,,,,,"8,1,013,1,+999,9",,"4,99,0108,1","SYN011333   91121",
"07390099999","1990-08-24T18:00:00","4","46.6833333","5.5166666","279.0","LONS LE SAUNIER, FR","FM-12","99999","V020","270,1,N,0010,1","99999,9,9,N","999999,9,N,9","+0280,1","+0056,1","10159,1","06,0000,9,1",,,"4,000",,,,,,,,,,"999,M,+0306,1",,,"6,1,012,1,+999,9",,"4,99,0088,1","SYN017333   10306 91117",
"07390099999","1990-08-25T00:00:00","4","46.6833333","5.5166666","279.0","LONS LE SAUNIER, FR","FM-12","99999","V020","200,1,N,0031,1","99999,9,9,N","999999,9,N,9","+0202,1","+0097,1","10184,1","06,0000,9,1",,,"4,000",,,,,,,,,,,,,"3,1,002,1,+999,9",,"4,99,0098,1","SYN011333   91119",
"07390099999","1990-08-25T06:00:00","4","46.6833333","5.5166666","279.0","LONS LE SAUNIER, FR","FM-12","99999","V020","180,1,N,0021,1","99999,9,9,N","999999,9,N,9","+0172,1","+0137,1","10195,1","03,0002,9,1","24,0002,9,1","99,0003,9,1","0,001",,"4,1,06,1",,,,,"0732,9",,"999,+0150,9","999,M,+0306,1","999,N,+0171,1",,"2,1,006,1,+999,9","21,1","4,99,0062,1","SYN047333   10306 20171 3/015 55122 69927 70002 91112",
"07390099999","1990-08-25T12:00:00","4","46.6833333","5.5166666","279.0","LONS LE SAUNIER, FR","FM-12","99999","V020","180,1,N,0051,1","99999,9,9,N","999999,9,N,9","+0197,1","+0147,1","10199,1","06,0000,9,1",,,"4,000",,,,,,,,,,,,,"0,1,000,1,+999,9",,"4,99,0072,1","SYN011333   91114",
"07390099999","1990-08-25T18:00:00","4","46.6833333","5.5166666","279.0","LONS LE SAUNIER, FR","FM-12","99999","V020","200,1,N,0021,1","99999,9,9,N","999999,9,N,9","+0208,1","+0145,1","10182,1","06,0000,9,1",,,"4,000",,,,,,,,,,"999,M,+0229,1",,,"5,1,002,1,+999,9",,"4,99,0082,1","SYN017333   10229 91116",
"07390099999","1990-08-26T00:00:00","4","46.6833333","5.5166666","279.0","LONS LE SAUNIER, FR","FM-12","99999","V020","100,1,N,0021,1","99999,9,9,N","999999,9,N,9","+0168,1","+0150,1","10185,1","06,0000,9,1",,,"4,000",,,,,,,,,,,,,"8,1,004,1,+999,9",,"4,99,0041,1","SYN011333   91108",
"07390099999","1990-08-26T06:00:00","4","46.6833333","5.5166666","279.0","LONS LE SAUNIER, FR","FM-12","99999","V020","090,1,N,0021,1","99999,9,9,N","999999,9,N,9","+0156,1","+0148,1","10176,1","24,0008,9,1",,,"0,000",,,,,,,"0192,9",,"999,+0140,9","999,M,+0229,1","999,N,+0155,1",,"6,1,002,1,+999,9",,"4,99,0051,1","SYN041333   10229 20155 3/014 55032 70008 91110",
"07390099999","1990-08-26T12:00:00","4","46.6833333","5.5166666","279.0","LONS LE SAUNIER, FR","FM-12","99999","V020","320,1,N,0010,1","99999,9,9,N","999999,9,N,9","+0212,1","+0157,1","10170,1","06,0000,9,1",,,"4,000",,,,,,,,,,,,,"8,1,005,1,+999,9",,"4,99,0041,1","SYN011333   91108",
"07390099999","1990-08-26T18:00:00","4","46.6833333","5.5166666","279.0","LONS LE SAUNIER, FR","FM-12","99999","V020","070,1,N,0010,1","99999,9,9,N","999999,9,N,9","+0182,1","+0172,1","10166,1","03,0020,9,1",,,"0,001",,"4,1,06,1",,,,,,,,"999,M,+0229,1",,,"3,1,002,1,+999,9","21,1","4,99,0062,1","SYN023333   10229 60027 91112",
"07390099999","1990-08-27T00:00:00","4","46.6833333","5.5166666","279.0","LONS LE SAUNIER, FR","FM-12","99999","V020","080,1,N,0021,1","99999,9,9,N","999999,9,N,9","+0155,1","+0155,1","10173,1","03,0002,9,1","06,0003,9,1",,"0,001",,"4,1,06,1",,,,,,,,,,,"8,1,003,1,+999,9","21,1","4,99,0031,1","SYN017333   69927 91106",
"07390099999","1990-08-27T06:00:00","4","46.6833333","5.5166666","279.0","LONS LE SAUNIER, FR","FM-12","99999","V020","180,1,N,0010,1","99999,9,9,N","999999,9,N,9","+0157,1","+0157,1","10173,1","24,0026,9,1","99,0003,9,1",,"0,000",,,,,,,"0090,9",,"999,+0140,9","999,M,+0229,1","999,N,+0148,1",,"3,1,003,1,+999,9",,"4,99,0031,1","SYN041333   10229 20148 3/014 55015 70026 91106",
"07390099999","1990-08-27T12:00:00","4","46.6833333","5.5166666","279.0","LONS LE SAUNIER, FR","FM-12","99999","V020","350,1,N,0021,1","99999,9,9,N","999999,9,N,9","+0236,1","+0161,1","10163,1","06,0000,9,1",,,"4,000",,,,,,,,,,,,,"8,1,007,1,+999,9",,"4,99,0062,1","SYN011333   91112",
"07390099999","1990-08-27T18:00:00","4","46.6833333","5.5166666","279.0","LONS LE SAUNIER, FR","FM-12","99999","V020","330,1,N,0010,1","99999,9,9,N","999999,9,N,9","+0236,1","+0143,1","10155,1","06,0000,9,1",,,"4,000",,,,,,,,,,"999,M,+0260,1",,,"3,1,001,1,+999,9",,"4,99,0072,1","SYN017333   10260 91114",
"07390099999","1990-08-28T00:00:00","4","46.6833333","5.5166666","279.0","LONS LE SAUNIER, FR","FM-12","99999","V020","090,1,N,0031,1","99999,9,9,N","999999,9,N,9","+0178,1","+0149,1","10176,1","06,0000,9,1",,,"4,000",,,,,,,,,,,,,"4,1,000,1,+999,9",,"4,99,0082,1","SYN011333   91116",
"07390099999","1990-08-28T06:00:00","4","46.6833333","5.5166666","279.0","LONS LE SAUNIER, FR","FM-12","99999","V020","200,1,N,0010,1","99999,9,9,N","999999,9,N,9","+0155,1","+0145,1","10187,1","06,0000,9,1",,,"4,000",,,,,,,"0330,9",,"999,+0140,9","999,M,+0260,1","999,N,+0155,1",,"3,1,008,1,+999,9",,"4,99,0051,1","SYN035333   10260 20155 3/014 55055 91110",
"07390099999","1990-08-28T12:00:00","4","46.6833333","5.5166666","279.0","LONS LE SAUNIER, FR","FM-12","99999","V020","360,1,N,0021,1","99999,9,9,N","999999,9,N,9","+0250,1","+0153,1","10172,1","06,0000,9,1",,,"4,000",,,,,,,,,,,,,"8,1,009,1,+999,9",,"4,99,0062,1","SYN011333   91112",
"07390099999","1990-09-04T18:00:00","4","46.6833333","5.5166666","279.0","LONS LE SAUNIER, FR","FM-12","99999","V020","100,1,N,0021,1","99999,9,9,N","999999,9,N,9","+0173,1","+0144,1","10121,1",,,,"2,000",,,,,,,,,,,,,"0,1,000,1,+999,9",,,"SYN003333",
"07390099999","1990-09-05T00:00:00","4","46.6833333","5.5166666","279.0","LONS LE SAUNIER, FR","FM-12","99999","V020","010,1,N,0010,1","99999,9,9,N","999999,9,N,9","+0146,1","+0125,1","10139,1","06,0000,9,1",,,"4,000",,,,,,,,,,,,,"3,1,001,1,+999,9",,"4,99,0072,1","SYN011333   91114",
"07390099999","1990-09-05T06:00:00","4","46.6833333","5.5166666","279.0","LONS LE SAUNIER, FR","FM-12","99999","V020","330,1,N,0010,1","99999,9,9,N","999999,9,N,9","+0117,1","+0115,1","10145,1","06,0000,9,1",,,"4,000",,,,,,,,,"999,+0110,9","999,N,+0116,1",,,"3,1,004,1,+999,9",,"4,99,0031,1","SYN029333   20116 3/011 55/// 91106",
"07390099999","1990-09-05T12:00:00","4","46.6833333","5.5166666","279.0","LONS LE SAUNIER, FR","FM-12","99999","V020","310,1,N,0010,1","99999,9,9,N","999999,9,N,9","+0172,1","+0101,1","10149,1","06,0003,9,1",,,"0,000",,,,,,,,,,,,,"8,1,002,1,+999,9",,"4,99,0051,1","SYN011333   91110",
"07390099999","1990-09-05T18:00:00","4","46.6833333","5.5166666","279.0","LONS LE SAUNIER, FR","FM-12","99999","V020","030,1,N,0021,1","99999,9,9,N","999999,9,N,9","+0166,1","+0061,1","10143,1","99,0003,9,1",,,"0,000",,,,,,,,,,"999,M,+0198,1",,,"7,1,001,1,+999,9",,"4,99,0072,1","SYN017333   10198 91114",
"07390099999","1990-09-06T00:00:00","4","46.6833333","5.5166666","279.0","LONS LE SAUNIER, FR","FM-12","99999","V020","090,1,N,0041,1","99999,9,9,N","999999,9,N,9","+0111,1","+0072,1","10161,1","06,0000,9,1",,,"4,000",,,,,,,,,,,,,"0,1,000,1,+999,9",,"4,99,0051,1","SYN011333   91110",
"07390099999","1990-09-06T06:00:00","4","46.6833333","5.5166666","279.0","LONS LE SAUNIER, FR","FM-12","99999","V020","120,1,N,0021,1","99999,9,9,N","999999,9,N,9","+0093,1","+0069,1","10163,1","06,0000,9,1","24,0002,9,1",,"4,000",,,,,,,"0240,9",,"999,+0060,9","999,M,+0198,1","999,N,+0086,1",,"2,1,003,1,+999,9",,"4,99,0051,1","SYN041333   10198 20086 3/006 55040 70002 91110",
"07390099999","1990-09-06T12:00:00","4","46.6833333","5.5166666","279.0","LONS LE SAUNIER, FR","FM-12","99999","V020","220,1,N,0041,1","99999,9,9,N","999999,9,N,9","+0198,1","+0079,1","10155,1","06,0000,9,1",,,"4,000",,,,,,,,,,,,,"8,1,007,1,+999,9",,"4,99,0082,1","SYN011333   91116",
"07390099999","1990-09-06T18:00:00","4","46.6833333","5.5166666","279.0","LONS LE SAUNIER, FR","FM-12","99999","V020","220,1,N,0021,1","99999,9,9,N","999999,9,N,9","+0172,1","+0108,1","10156,1","06,0000,9,1",,,"4,000",,,,,,,,,,"999,M,+0207,1",,,"5,1,000,1,+999,9",,"4,99,0098,1","SYN017333   10207 91119",
"07390099999","1990-09-07T00:00:00","4","46.6833333","5.5166666","279.0","LONS LE SAUNIER, FR","FM-12","99999","V020","200,1,N,0031,1","99999,9,9,N","999999,9,N,9","+0140,1","+0117,1","10162,1","06,0005,9,1",,,"0,000",,,,,,,,,,,,,"8,1,004,1,+999,9",,"4,99,0072,1","SYN011333   91114",
"07390099999","1990-09-07T06:00:00","4","46.6833333","5.5166666","279.0","LONS LE SAUNIER, FR","FM-12","99999","V020","350,1,N,0010,1","99999,9,9,N","999999,9,N,9","+0105,1","+0084,1","10161,1","03,0006,9,1","24,0010,9,1","99,0005,9,1","0,000",,"4,1,06,1",,,,,"0498,9",,"999,+0100,9","999,M,+0207,1","999,N,+0104,1",,"3,1,003,1,+999,9","21,1","4,99,0062,1","SYN047333   10207 20104 3/010 55083 69967 70010 91112",
"07390099999","1990-09-07T12:00:00","4","46.6833333","5.5166666","279.0","LONS LE SAUNIER, FR","FM-12","99999","V020","180,1,N,0041,1","99999,9,9,N","999999,9,N,9","+0142,1","+0090,1","10166,1","06,0003,9,1",,,"0,000",,,,,,,,,,,,,"8,1,001,1,+999,9",,"4,99,0072,1","SYN011333   91114",
"07390099999","1990-09-07T18:00:00","4","46.6833333","5.5166666","279.0","LONS LE SAUNIER, FR","FM-12","99999","V020","290,1,N,0021,1","99999,9,9,N","999999,9,N,9","+0116,1","+0086,1","10180,1","03,0020,9,1",,,"9,000",,"4,1,06,1",,,,,,,,"999,M,+0165,1",,,"1,1,012,1,+999,9","41,1","4,99,0108,1","SYN023333   10165 60027 91121",
"07390099999","1990-09-08T00:00:00","4","46.6833333","5.5166666","279.0","LONS LE SAUNIER, FR","FM-12","99999","V020","100,1,N,0021,1","99999,9,9,N","999999,9,N,9","+0095,1","+0084,1","10202,1","06,0000,9,1",,,"4,000",,,,,,,,,,,,,"1,1,004,1,+999,9",,"4,99,0031,1","SYN011333   91106",
"07390099999","1990-09-08T06:00:00","4","46.6833333","5.5166666","279.0","LONS LE SAUNIER, FR","FM-12","99999","V020","120,1,N,0010,1","99999,9,9,N","999999,9,N,9","+0078,1","+0067,1","10218,1","24,0020,9,1","99,0003,9,1",,"0,000",,,,,,,"0090,9",,"999,+0050,9","999,M,+0165,1","999,N,+0074,1",,"3,1,012,1,+999,9",,"4,99,0041,1","SYN041333   10165 20074 3/005 55015 70020 91108",
"07390099999","1990-09-08T12:00:00","4","46.6833333","5.5166666","279.0","LONS LE SAUNIER, FR","FM-12","99999","V020","010,1,N,0041,1","99999,9,9,N","999999,9,N,9","+0174,1","+0072,1","10221,1","06,0000,9,1",,,"4,000",,,,,,,,,,,,,"0,1,001,1,+999,9",,"4,99,0072,1","SYN011333   91114",
"07390099999","1990-09-08T18:00:00","4","46.6833333","5.5166666","279.0","LONS LE SAUNIER, FR","FM-12","99999","V020","350,1,N,0031,1","99999,9,9,N","999999,9,N,9","+0146,1","+0059,1","10220,1","06,0000,9,1",,,"4,000",,,,,,,,,,"999,M,+0188,1",,,"3,1,001,1,+999,9",,"4,99,0108,1","SYN017333   10188 91121",
"07390099999","1990-09-09T00:00:00","4","46.6833333","5.5166666","279.0","LONS LE SAUNIER, FR","FM-12","99999","V020","070,1,N,0031,1","99999,9,9,N","999999,9,N,9","+0096,1","+0070,1","10236,1","06,0000,9,1",,,"4,000",,,,,,,,,,,,,"8,1,001,1,+999,9",,"4,99,0072,1","SYN011333   91114",
"07390099999","1990-09-09T06:00:00","4","46.6833333","5.5166666","279.0","LONS LE SAUNIER, FR","FM-12","99999","V020","080,1,N,0010,1","99999,9,9,N","999999,9,N,9","+0077,1","+0057,1","10247,1","06,0000,9,1",,,"4,000",,,,,,,"0546,9",,"999,+0040,9","999,M,+0188,1","999,N,+0066,1",,"3,1,005,1,+999,9",,"4,99,0062,1","SYN035333   10188 20066 3/004 55091 91112",
"07390099999","1990-09-09T12:00:00","4","46.6833333","5.5166666","279.0","LONS LE SAUNIER, FR","FM-12","99999","V020","350,1,N,0021,1","99999,9,9,N","999999,9,N,9","+0185,1","+0098,1","10239,1","06,0000,9,1",,,"4,000",,,,,,,,,,,,,"8,1,004,1,+999,9",,"4,99,0062,1","SYN011333   91112",
"07390099999","1990-09-09T18:00:00","4","46.6833333","5.5166666","279.0","LONS LE SAUNIER, FR","FM-12","99999","V020","360,1,N,0021,1","99999,9,9,N","999999,9,N,9","+0175,1","+0075,1","10229,1","06,0000,9,1",,,"4,000",,,,,,,,,,"999,M,+0215,1",,,"3,1,002,1,+999,9",,"4,99,0072,1","SYN017333   10215 91114",
"07390099999","1990-09-10T00:00:00","4","46.6833333","5.5166666","279.0","LONS LE SAUNIER, FR","FM-12","99999","V020","020,1,N,0010,1","99999,9,9,N","999999,9,N,9","+0101,1","+0080,1","10239,1","06,0000,9,1",,,"4,000",,,,,,,,,,,,,"8,1,003,1,+999,9",,"4,99,0072,1","SYN011333   91114",
"07390099999","1990-09-10T06:00:00","4","46.6833333","5.5166666","279.0","LONS LE SAUNIER, FR","FM-12","99999","V020","180,1,N,0010,1","99999,9,9,N","999999,9,N,9","+0070,1","+0067,1","10238,1","06,0000,9,1",,,"4,000",,,,,,,"0660,9",,"999,+0050,9","999,M,+0215,1","999,N,+0066,1",,"0,1,002,1,+999,9",,"4,99,0041,1","SYN035333   10215 20066 3/005 55110 91108",
"07390099999","1990-09-10T12:00:00","4","46.6833333","5.5166666","279.0","LONS LE SAUNIER, FR","FM-12","99999","V020","340,1,N,0031,1","99999,9,9,N","999999,9,N,9","+0192,1","+0091,1","10212,1","06,0003,9,1",,,"0,000",,,,,,,,,,,,,"8,1,013,1,+999,9",,"4,99,0062,1","SYN011333   91112",
"07390099999","1990-09-10T18:00:00","4","46.6833333","5.5166666","279.0","LONS LE SAUNIER, FR","FM-12","99999","V020","010,1,N,0051,1","99999,9,9,N","999999,9,N,9","+0171,1","+0066,1","10203,1","99,0003,9,1",,,"0,000",,,,,,,,,,"999,M,+0210,1",,,"3,1,002,1,+999,9",,"4,99,0088,1","SYN017333   10210 91117",
"07390099999","1990-09-11T00:00:00","4","46.6833333","5.5166666","279.0","LONS LE SAUNIER, FR","FM-12","99999","V020","020,1,N,0021,1","99999,9,9,N","999999,9,N,9","+0107,1","+0068,1","10222,1","06,0000,9,1",,,"4,000",,,,,,,,,,,,,"3,1,002,1,+999,9",,"4,99,0088,1","SYN011333   91117",
"07390099999","1990-09-11T06:00:00","4","46.6833333","5.5166666","279.0","LONS LE SAUNIER, FR","FM-12","99999","V020","350,1,N,0021,1","99999,9,9,N","999999,9,N,9","+0086,1","+0074,1","10216,1","06,0000,9,1","24,0002,9,1",,"4,000",,,,,,,"0618,9",,"999,+0060,9","999,M,+0210,1","999,N,+0083,1",,"5,1,000,1,+999,9",,"4,99,0051,1","SYN041333   10210 20083 3/006 55103 70002 91110",
"07390099999","1990-09-11T12:00:00","4","46.6833333","5.5166666","279.0","LONS LE SAUNIER, FR","FM-12","99999","V020","360,1,N,0041,1","99999,9,9,N","999999,9,N,9","+0181,1","+0081,1","10203,1","06,0000,9,1",,,"4,000",,,,,,,,,,,,,"7,1,004,1,+999,9",,"4,99,0088,1","SYN011333   91117",
"07390099999","1990-09-11T18:00:00","4","46.6833333","5.5166666","279.0","LONS LE SAUNIER, FR","FM-12","99999","V020","010,1,N,0041,1","99999,9,9,N","999999,9,N,9","+0148,1","+0056,1","10213,1","06,0000,9,1",,,"4,000",,,,,,,,,,"999,M,+0183,1",,,"3,1,007,1,+999,9",,"4,99,0098,1","SYN017333   10183 91119",
"07390099999","1990-09-12T00:00:00","4","46.6833333","5.5166666","279.0","LONS LE SAUNIER, FR","FM-12","99999","V020","360,1,N,0031,1","99999,9,9,N","999999,9,N,9","+0096,1","+0061,1","10223,1","06,0000,9,1",,,"4,000",,,,,,,,,,,,,"7,1,004,1,+999,9",,"4,99,0082,1","SYN011333   91116",
"07390099999","1990-09-12T12:00:00","4","46.6833333","5.5166666","279.0","LONS LE SAUNIER, FR","FM-12","99999","V020","280,1,N,0031,1","99999,9,9,N","999999,9,N,9","+0194,1","+0062,1","10219,1","06,0000,9,1",,,"4,000",,,,,,,,,,,,,"8,1,009,1,+999,9",,"4,99,0072,1","SYN011333   91114",
"07390099999","1990-09-12T18:00:00","4","46.6833333","5.5166666","279.0","LONS LE SAUNIER, FR","FM-12","99999","V020","320,1,N,0021,1","99999,9,9,N","999999,9,N,9","+0179,1","+0090,1","10197,1","06,0000,9,1",,,"4,000",,,,,,,,,,"999,M,+0219,1",,,"6,1,008,1,+999,9",,"4,99,0062,1","SYN017333   10219 91112",
"07390099999","1990-09-13T00:00:00","4","46.6833333","5.5166666","279.0","LONS LE SAUNIER, FR","FM-12","99999","V020","080,1,N,0031,1","99999,9,9,N","999999,9,N,9","+0128,1","+0064,1","10207,1","06,0000,9,1",,,"4,000",,,,,,,,,,,,,"5,1,001,1,+999,9",,"4,99,0062,1","SYN011333   91112",
"07390099999","1990-09-13T06:00:00","4","46.6833333","5.5166666","279.0","LONS LE SAUNIER, FR","FM-12","99999","V020","100,1,N,0021,1","99999,9,9,N","999999,9,N,9","+0107,1","+0070,1","10215,1","06,0000,9,1",,,"4,000",,,,,,,"0708,9",,"999,+0080,9","999,M,+0219,1","999,N,+0101,1",,"3,1,005,1,+999,9",,"4,99,0051,1","SYN035333   10219 20101 3/008 55118 91110",
"07390099999","1990-09-13T12:00:00","4","46.6833333","5.5166666","279.0","LONS LE SAUNIER, FR","FM-12","99999","V020","010,1,N,0021,1","99999,9,9,N","999999,9,N,9","+0216,1","+0088,1","10199,1","06,0000,9,1",,,"4,000",,,,,,,,,,,,,"8,1,011,1,+999,9",,"4,99,0041,1","SYN011333   91108",
"07390099999","1990-09-13T18:00:00","4","46.6833333","5.5166666","279.0","LONS LE SAUNIER, FR","FM-12","99999","V020","040,1,N,0031,1","99999,9,9,N","999999,9,N,9","+0188,1","+0093,1","10189,1",,,,"2,000",,,,,,,,,,,,,"6,1,002,1,+999,9",,,"SYN003333",
"07390099999","1990-09-14T00:00:00","4","46.6833333","5.5166666","279.0","LONS LE SAUNIER, FR","FM-12","99999","V020","100,1,N,0021,1","99999,9,9,N","999999,9,N,9","+0143,1","+0087,1","10212,1","06,0000,9,1",,,"4,000",,,,,,,,,,,,,"1,1,004,1,+999,9",,"4,99,0041,1","SYN011333   91108",
"07390099999","1990-09-14T06:00:00","4","46.6833333","5.5166666","279.0","LONS LE SAUNIER, FR","FM-12","99999","V020","080,1,N,0021,1","99999,9,9,N","999999,9,N,9","+0143,1","+0087,1","10223,1","06,0000,9,1",,,"4,000",,,,,,,,,"999,+0100,9","999,N,+0135,1",,,"3,1,009,1,+999,9",,"4,99,0062,1","SYN029333   20135 3/010 55/// 91112",
"07390099999","1990-09-14T12:00:00","4","46.6833333","5.5166666","279.0","LONS LE SAUNIER, FR","FM-12","99999","V020","230,1,N,0041,1","99999,9,9,N","999999,9,N,9","+0222,1","+0122,1","10212,1","06,0000,9,1",,,"4,000",,,,,,,,,,,,,"8,1,008,1,+999,9",,"4,99,0088,1","SYN011333   91117",
"07390099999","1990-09-14T18:00:00","4","46.6833333","5.5166666","279.0","LONS LE SAUNIER, FR","FM-12","99999","V020","260,1,N,0072,1","99999,9,9,N","999999,9,N,9","+0183,1","+0144,1","10213,1","03,0040,9,1",,,"0,000",,"4,1,06,1",,,,,,,,"999,M,+0239,1",,,"3,1,005,1,+999,9","41,1","4,99,0149,1","SYN023333   10239 60047 91129",
"07390099999","1990-09-15T00:00:00","4","46.6833333","5.5166666","279.0","LONS LE SAUNIER, FR","FM-12","99999","V020","310,1,N,0098,1","99999,9,9,N","999999,9,N,9","+0154,1","+0152,1","10230,1","03,0004,9,1","06,0005,9,1",,"0,000",,,,,,,,,,,,,"3,1,002,1,+999,9",,"4,99,0129,1","SYN017333   69947 91125",
"07390099999","1990-09-15T06:00:00","4","46.6833333","5.5166666","279.0","LONS LE SAUNIER, FR","FM-12","99999","V020","310,1,N,0098,1","99999,9,9,N","999999,9,N,9","+0149,1","+0147,1","10234,1","24,0458,9,1","99,0420,9,1",,"0,000",,,,,,,"0348,9",,"999,+0140,9","999,M,+0239,1","999,N,+0149,1",,"3,1,002,1,+999,9",,"4,99,0098,1","SYN041333   10239 20149 3/014 55058 70458 91119",
"07390099999","1990-09-15T12:00:00","4","46.6833333","5.5166666","279.0","LONS LE SAUNIER, FR","FM-12","99999","V020","330,1,N,0021,1","99999,9,9,N","999999,9,N,9","+0201,1","+0153,1","10223,1","06,0000,9,1",,,"4,000",,,,,,,,,,,,,"8,1,010,1,+999,9",,,,
"07390099999","1990-09-15T18:00:00","4","46.6833333","5.5166666","279.0","LONS LE SAUNIER, FR","FM-12","99999","V020","010,1,N,0031,1","99999,9,9,N","999999,9,N,9","+0182,1","+0126,1","10209,1","06,0000,9,1",,,"4,000",,,,,,,,,,"999,M,+0215,1",,,"6,1,005,1,+999,9",,"4,99,0062,1","SYN017333   10215 91112",
"07390099999","1990-09-16T00:00:00","4","46.6833333","5.5166666","279.0","LONS LE SAUNIER, FR","FM-12","99999","V020","340,1,N,0021,1","99999,9,9,N","999999,9,N,9","+0121,1","+0115,1","10211,1","06,0000,9,1",,,"4,000",,,,,,,,,,,,,"8,1,006,1,+999,9",,"4,99,0051,1","SYN011333   91110",
"07390099999","1990-09-16T06:00:00","4","46.6833333","5.5166666","279.0","LONS LE SAUNIER, FR","FM-12","99999","V020","300,1,N,0010,1","99999,9,9,N","999999,9,N,9","+0100,1","+0100,1","10225,1","06,0000,9,1",,,"4,000",,,,,,,"0318,9",,"999,+0090,9","999,M,+0215,1","999,N,+0098,1",,"3,1,008,1,+999,9",,"4,99,0031,1","SYN035333   10215 20098 3/009 55053 91106",
"07390099999","1990-09-16T12:00:00","4","46.6833333","5.5166666","279.0","LONS LE SAUNIER, FR","FM-12","99999","V020","120,1,N,0021,1","99999,9,9,N","999999,9,N,9","+0129,1","+0121,1","10217,1","06,0000,9,1",,,"4,000",,,,,,,,,,,,,"7,1,006,1,+999,9",,"4,99,0041,1","SYN011333   91108",
"07390099999","1990-09-17T12:00:00","4","46.6833333","5.5166666","279.0","LONS LE SAUNIER, FR","FM-12","99999","V020","200,1,N,0021,1","99999,9,9,N","999999,9,N,9","+0193,1","+0133,1","10186,1","06,0000,9,1",,,"4,000",,,,,,,,,,,,,"8,1,005,1,+999,9",,"4,99,0051,1","SYN011333   91110",
"07390099999","1990-09-17T18:00:00","4","46.6833333","5.5166666","279.0","LONS LE SAUNIER, FR","FM-12","99999","V020","360,1,N,0021,1","99999,9,9,N","999999,9,N,9","+0168,1","+0075,1","10196,1","06,0000,9,1",,,"4,000",,,,,,,,,,"999,M,+0208,1",,,"3,1,010,1,+999,9",,"4,99,0072,1","SYN017333   10208 91114",
"07390099999","1990-09-18T00:00:00","4","46.6833333","5.5166666","279.0","LONS LE SAUNIER, FR","FM-12","99999","V020","090,1,N,0010,1","99999,9,9,N","999999,9,N,9","+0119,1","+0086,1","10226,1","06,0000,9,1",,,"4,000",,,,,,,,,,,,,"1,1,006,1,+999,9",,"4,99,0041,1","SYN011333   91108",
"07390099999","1990-09-18T06:00:00","4","46.6833333","5.5166666","279.0","LONS LE SAUNIER, FR","FM-12","99999","V020","100,1,N,0021,1","99999,9,9,N","999999,9,N,9","+0116,1","+0093,1","10230,1","06,0000,9,1",,,"4,000",,,,,,,"0426,9",,"999,+0090,9","999,M,+0208,1","999,N,+0115,1",,"3,1,007,1,+999,9",,"4,99,0041,1","SYN035333   10208 20115 3/009 55071 91108",
"07390099999","1990-09-18T12:00:00","4","46.6833333","5.5166666","279.0","LONS LE SAUNIER, FR","FM-12","99999","V020","340,1,N,0031,1","99999,9,9,N","999999,9,N,9","+0188,1","+0069,1","10230,1","06,0000,9,1",,,"4,000",,,,,,,,,,,,,"6,1,002,1,+999,9",,"4,99,0062,1","SYN011333   91112",
"07390099999","1990-09-18T18:00:00","4","46.6833333","5.5166666","279.0","LONS LE SAUNIER, FR","FM-12","99999","V020","020,1,N,0021,1","99999,9,9,N","999999,9,N,9","+0162,1","+0074,1","10227,1","06,0000,9,1",,,"4,000",,,,,,,,,,"999,M,+0195,1",,,"5,1,000,1,+999,9",,"4,99,0072,1","SYN017333   10195 91114",
"07390099999","1990-09-19T00:00:00","4","46.6833333","5.5166666","279.0","LONS LE SAUNIER, FR","FM-12","99999","V020","080,1,N,0031,1","99999,9,9,N","999999,9,N,9","+0112,1","+0077,1","10217,1","06,0000,9,1",,,"4,000",,,,,,,,,,,,,"8,1,016,1,+999,9",,"4,99,0051,1","SYN011333   91110",
"07390099999","1990-09-19T06:00:00","4","46.6833333","5.5166666","279.0","LONS LE SAUNIER, FR","FM-12","99999","V020","080,1,N,0031,1","99999,9,9,N","999999,9,N,9","+0100,1","+0071,1","10186,1","06,0000,9,1",,,"4,000",,,,,,,"0522,9",,"999,+0070,9","999,M,+0195,1","999,N,+0092,1",,"8,1,018,1,+999,9",,"4,99,0051,1","SYN035333   10195 20092 3/007 55087 91110",
"07390099999","1990-09-19T12:00:00","4","46.6833333","5.5166666","279.0","LONS LE SAUNIER, FR","FM-12","99999","V020","210,1,N,0041,1","99999,9,9,N","999999,9,N,9","+0208,1","+0100,1","10157,1","06,0000,9,1",,,"4,000",,,,,,,,,,,,,"8,1,012,1,+999,9",,"4,99,0098,1","SYN011333   91119",
"07390099999","1990-09-19T18:00:00","4","46.6833333","5.5166666","279.0","LONS LE SAUNIER, FR","FM-12","99999","V020","150,1,N,0010,1","99999,9,9,N","999999,9,N,9","+0190,1","+0100,1","10135,1","06,0000,9,1",,,"4,000",,,,,,,,,,"999,M,+0221,1",,,"6,1,001,1,+999,9",,"4,99,0098,1","SYN017333   10221 91119",
"07390099999","1990-09-20T00:00:00","4","46.6833333","5.5166666","279.0","LONS LE SAUNIER, FR","FM-12","99999","V020","090,1,N,0010,1","99999,9,9,N","999999,9,N,9","+0132,1","+0089,1","10163,1","06,0000,9,1",,,"4,000",,,,,,,,,,,,,"3,1,006,1,+999,9",,"4,99,0031,1","SYN011333   91106",
"07390099999","1990-09-20T06:00:00","4","46.6833333","5.5166666","279.0","LONS LE SAUNIER, FR","FM-12","99999","V020","120,1,N,0010,1","99999,9,9,N","999999,9,N,9","+0113,1","+0083,1","10157,1","06,0000,9,1",,,"4,000",,,,,,,"0600,9",,"999,+0080,9","999,M,+0221,1","999,N,+0110,1",,"3,1,009,1,+999,9",,"4,99,0031,1","SYN035333   10221 20110 3/008 55100 91106",
"07390099999","1990-09-20T12:00:00","4","46.6833333","5.5166666","279.0","LONS LE SAUNIER, FR","FM-12","99999","V020","260,1,N,0051,1","99999,9,9,N","999999,9,N,9","+0182,1","+0093,1","10144,1","06,0000,9,1",,,"4,000",,,,,,,,,,,,,"7,1,011,1,+999,9",,"4,99,0072,1","SYN011333   91114",
"07390099999","1990-09-20T18:00:00","4","46.6833333","5.5166666","279.0","LONS LE SAUNIER, FR","FM-12","99999","V020","300,1,N,0010,1","99999,9,9,N","999999,9,N,9","+0150,1","+0075,1","10139,1","06,0000,9,1",,,"4,000",,,,,,,,,,"999,M,+0195,1",,,"3,1,003,1,+999,9",,"4,99,0088,1","SYN017333   10195 91117",
"07390099999","1990-09-21T00:00:00","4","46.6833333","5.5166666","279.0","LONS LE SAUNIER, FR","FM-12","99999","V020","170,1,N,0031,1","99999,9,9,N","999999,9,N,9","+0136,1","+0080,1","10128,1","06,0000,9,1",,,"4,000",,,,,,,,,,,,,"8,1,010,1,+999,9",,"4,99,0041,1","SYN011333   91108",
"07390099999","1990-09-21T06:00:00","4","46.6833333","5.5166666","279.0","LONS LE SAUNIER, FR","FM-12","99999","V020","220,1,N,0082,1","99999,9,9,N","999999,9,N,9","+0108,1","+0084,1","10125,1","03,0002,9,1","24,0002,9,1","99,0003,9,1","0,000",,"4,1,06,1",,,,,"0270,9",,"999,+0100,9","999,M,+0195,1","999,N,+0108,1",,"3,1,009,1,+999,9","41,1","4,99,0149,1","SYN047333   10195 20108 3/010 55045 69927 70002 91129",
"07390099999","1990-09-21T18:00:00","4","46.6833333","5.5166666","279.0","LONS LE SAUNIER, FR","FM-12","99999","V020","180,1,N,0031,1","99999,9,9,N","999999,9,N,9","+0140,1","+0117,1","10117,1","99,0020,9,1",,,"0,000",,,,,,,,,,"999,M,+0150,1",,,"3,1,004,1,+999,9",,"4,99,0108,1","SYN017333   10150 91121",
"07390099999","1990-09-22T00:00:00","4","46.6833333","5.5166666","279.0","LONS LE SAUNIER, FR","FM-12","99999","V020","160,1,N,0021,1","99999,9,9,N","999999,9,N,9","+0142,1","+0119,1","10120,1","06,0000,9,1",,,"4,000",,,,,,,,,,,,,"8,1,010,1,+999,9",,"4,99,0062,1","SYN011333   91112",
"07390099999","1990-09-22T06:00:00","4","46.6833333","5.5166666","279.0","LONS LE SAUNIER, FR","FM-12","99999","V020","200,1,N,0041,1","99999,9,9,N","999999,9,N,9","+0139,1","+0137,1","10101,1","03,0050,9,1","24,0124,9,1",,"0,000",,"4,1,06,1",,,,,"0102,9",,"999,+0110,9","999,M,+0150,1","999,N,+0135,1",,"5,1,003,1,+999,9","41,1","4,99,0082,1","SYN047333   10150 20135 3/011 55017 60057 70124 91116",
"07390099999","1990-09-22T12:00:00","4","46.6833333","5.5166666","279.0","LONS LE SAUNIER, FR","FM-12","99999","V020","200,1,N,0072,1","99999,9,9,N","999999,9,N,9","+0186,1","+0153,1","10088,1","03,0002,9,1","06,0003,9,1",,"0,000",,,,,,,,,,,,,"8,1,011,1,+999,9",,"4,99,0129,1","SYN017333   69927 91125",
"07390099999","1990-09-22T18:00:00","4","46.6833333","5.5166666","279.0","LONS LE SAUNIER, FR","FM-12","99999","V020","160,1,N,0051,1","99999,9,9,N","999999,9,N,9","+0192,1","+0153,1","10069,1","99,0010,9,1",,,"0,000",,,,,,,,,,"999,M,+0197,1",,,"5,1,008,1,+999,9",,"4,99,0118,1","SYN017333   10197 91123",
"07390099999","1990-09-23T00:00:00","4","46.6833333","5.5166666","279.0","LONS LE SAUNIER, FR","FM-12","99999","V020","220,1,N,0072,1","99999,9,9,N","999999,9,N,9","+0163,1","+0158,1","10085,1","03,0008,9,1","06,0010,9,1",,"0,000",,"4,1,06,1",,,,,,,,,,,"2,1,003,1,+999,9","41,1","4,99,0139,1","SYN017333   69987 91127",
"07390099999","1990-09-23T06:00:00","4","46.6833333","5.5166666","279.0","LONS LE SAUNIER, FR","FM-12","99999","V020","180,1,N,0031,1","99999,9,9,N","999999,9,N,9","+0125,1","+0119,1","10099,1","03,0020,9,1","24,0080,9,1",,"0,000",,"4,1,06,1",,,,,"0012,9",,"999,+0120,9","999,M,+0197,1","999,N,+0124,1",,"3,1,003,1,+999,9","21,1","4,99,0129,1","SYN047333   10197 20124 3/012 55002 60027 70080 91125",
"07390099999","1990-09-23T12:00:00","4","46.6833333","5.5166666","279.0","LONS LE SAUNIER, FR","FM-12","99999","V020","250,1,N,0031,1","99999,9,9,N","999999,9,N,9","+0147,1","+0120,1","10085,1","03,0004,9,1","06,0005,9,1",,"0,000",,"4,1,06,1",,,,,,,,,,,"8,1,012,1,+999,9","21,1","4,99,0051,1","SYN017333   69947 91110",
"07390099999","1990-09-23T18:00:00","4","46.6833333","5.5166666","279.0","LONS LE SAUNIER, FR","FM-12","99999","V020","140,1,N,0031,1","99999,9,9,N","999999,9,N,9","+0141,1","+0133,1","10065,1","03,0020,9,1",,,"0,000",,"4,1,06,1",,,,,,,,"999,M,+0150,1",,,"8,1,003,1,+999,9","21,1","4,99,0072,1","SYN023333   10150 60027 91114",
"07390099999","1990-09-24T00:00:00","4","46.6833333","5.5166666","279.0","LONS LE SAUNIER, FR","FM-12","99999","V020","220,1,N,0031,1","99999,9,9,N","999999,9,N,9","+0126,1","+0121,1","10088,1","03,0030,9,1","06,0030,9,1",,"0,000",,"4,1,06,1",,,,,,,,,,,"3,1,010,1,+999,9","21,1","4,99,0108,1","SYN017333   60037 91121",
"07390099999","1990-09-24T06:00:00","4","46.6833333","5.5166666","279.0","LONS LE SAUNIER, FR","FM-12","99999","V020","220,1,N,0021,1","99999,9,9,N","999999,9,N,9","+0078,1","+0070,1","10148,1","03,0002,9,1","24,0120,9,1","99,0003,9,1","0,000",,,,,,,"0012,9",,"999,+0060,9","999,M,+0150,1","999,N,+0077,1",,"1,1,028,1,+999,9",,"4,99,0098,1","SYN047333   10150 20077 3/006 55002 69927 70120 91119",
"07390099999","1990-09-24T12:00:00","4","46.6833333","5.5166666","279.0","LONS LE SAUNIER, FR","FM-12","99999","V020","210,1,N,0041,1","99999,9,9,N","999999,9,N,9","+0126,1","+0069,1","10156,1","06,0000,9,1",,,"4,000",,,,,,,,,,,,,"8,1,003,1,+999,9",,"4,99,0082,1","SYN011333   91116",
"07390099999","1990-09-24T18:00:00","4","46.6833333","5.5166666","279.0","LONS LE SAUNIER, FR","FM-12","99999","V020","120,1,N,0010,1","99999,9,9,N","999999,9,N,9","+0106,1","+0056,1","10150,1","06,0000,9,1",,,"4,000",,,,,,,,,,"999,M,+0143,1",,,"3,1,001,1,+999,9",,"4,99,0098,1","SYN017333   10143 91119",
"07390099999","1990-09-25T00:00:00","4","46.6833333","5.5166666","279.0","LONS LE SAUNIER, FR","FM-12","99999","V020","160,1,N,0021,1","99999,9,9,N","999999,9,N,9","+0074,1","+0045,1","10162,1","06,0000,9,1",,,"4,000",,,,,,,,,,,,,"7,1,002,1,+999,9",,"4,99,0051,1","SYN011333   91110",
"07390099999","1990-09-25T06:00:00","4","46.6833333","5.5166666","279.0","LONS LE SAUNIER, FR","FM-12","99999","V020","100,1,N,0021,1","99999,9,9,N","999999,9,N,9","+0096,1","+0048,1","10169,1","06,0000,9,1",,,"4,000",,,,,,,"0420,9",,"999,+0040,9","999,M,+0143,1","999,N,+0072,1",,"3,1,009,1,+999,9",,"4,99,0041,1","SYN035333   10143 20072 3/004 55070 91108",
"07390099999","1990-09-25T12:00:00","4","46.6833333","5.5166666","279.0","LONS LE SAUNIER, FR","FM-12","99999","V020","310,1,N,0021,1","99999,9,9,N","999999,9,N,9","+0150,1","+0073,1","10169,1","06,0000,9,1",,,"4,000",,,,,,,,,,,,,"8,1,004,1,+999,9",,"4,99,0062,1","SYN011333   91112",
"07390099999","1990-09-25T18:00:00","4","46.6833333","5.5166666","279.0","LONS LE SAUNIER, FR","FM-12","99999","V020","010,1,N,0010,1","99999,9,9,N","999999,9,N,9","+0122,1","+0077,1","10177,1","06,0000,9,1",,,"4,000",,,,,,,,,,"999,M,+0162,1",,,"3,1,005,1,+999,9",,"4,99,0041,1","SYN017333   10162 91108",
"07390099999","1990-09-26T00:00:00","4","46.6833333","5.5166666","279.0","LONS LE SAUNIER, FR","FM-12","99999","V020","060,1,N,0021,1","99999,9,9,N","999999,9,N,9","+0088,1","+0048,1","10183,1","06,0000,9,1",,,"4,000",,,,,,,,,,,,,"5,1,002,1,+999,9",,"4,99,0051,1","SYN011333   91110",
"07390099999","1990-09-26T06:00:00","4","46.6833333","5.5166666","279.0","LONS LE SAUNIER, FR","FM-12","99999","V020","190,1,N,0021,1","99999,9,9,N","999999,9,N,9","+0050,1","+0043,1","10199,1","06,0000,9,1",,,"4,000",,,,,,,"0258,9",,"999,+0040,9","999,M,+0162,1","999,N,+0049,1",,"3,1,011,1,+999,9",,"4,99,0051,1","SYN035333   10162 20049 3/004 55043 91110",
"07390099999","1990-09-26T12:00:00","4","46.6833333","5.5166666","279.0","LONS LE SAUNIER, FR","FM-12","99999","V020","240,1,N,0021,1","99999,9,9,N","999999,9,N,9","+0153,1","+0085,1","10209,1","06,0000,9,1",,,"4,000",,,,,,,,,,,,,"2,1,007,1,+999,9",,"4,99,0062,1","SYN011333   91112",
"07390099999","1990-09-26T18:00:00","4","46.6833333","5.5166666","279.0","LONS LE SAUNIER, FR","FM-12","99999","V020","010,1,N,0031,1","99999,9,9,N","999999,9,N,9","+0134,1","+0083,1","10225,1","06,0000,9,1",,,"4,000",,,,,,,,,,"999,M,+0170,1",,,"2,1,012,1,+999,9",,"4,99,0051,1","SYN017333   10170 91110",
"07390099999","1990-09-27T00:00:00","4","46.6833333","5.5166666","279.0","LONS LE SAUNIER, FR","FM-12","99999","V020","070,1,N,0010,1","99999,9,9,N","999999,9,N,9","+0076,1","+0070,1","10257,1","06,0000,9,1",,,"4,000",,,,,,,,,,,,,"1,1,009,1,+999,9",,"4,99,0072,1","SYN011333   91114",
"07390099999","1990-09-27T06:00:00","4","46.6833333","5.5166666","279.0","LONS LE SAUNIER, FR","FM-12","99999","V020","999,1,C,0000,1","99999,9,9,N","999999,9,N,9","+0036,1","+0033,1","10270,1","06,0000,9,1",,,"4,000",,,,,,,"0456,9",,"999,+0020,9","999,M,+0170,1","999,N,+0036,1",,"3,1,005,1,+999,9",,"4,99,0031,1","SYN035333   10170 20036 3/002 55076 91106",
"07390099999","1990-09-27T12:00:00","4","46.6833333","5.5166666","279.0","LONS LE SAUNIER, FR","FM-12","99999","V020","350,1,N,0041,1","99999,9,9,N","999999,9,N,9","+0159,1","+0082,1","10266,1","03,0002,9,1","06,0003,9,1",,"0,000",,,,,,,,,,,,,"8,1,003,1,+999,9",,"4,99,0088,1","SYN017333   69927 91117",
"07390099999","1990-09-27T18:00:00","4","46.6833333","5.5166666","279.0","LONS LE SAUNIER, FR","FM-12","99999","V020","010,1,N,0031,1","99999,9,9,N","999999,9,N,9","+0113,1","+0047,1","10286,1","99,0003,9,1",,,"0,000",,,,,,,,,,"999,M,+0164,1",,,"3,1,010,1,+999,9",,"4,99,0088,1","SYN017333   10164 91117",
"07390099999","1990-09-28T00:00:00","4","46.6833333","5.5166666","279.0","LONS LE SAUNIER, FR","FM-12","99999","V020","010,1,N,0031,1","99999,9,9,N","999999,9,N,9","+0073,1","+0037,1","10298,1","06,0000,9,1",,,"4,000",,,,,,,,,,,,,"0,1,000,1,+999,9",,"4,99,0062,1","SYN011333   91112",
"07390099999","1990-09-28T06:00:00","4","46.6833333","5.5166666","279.0","LONS LE SAUNIER, FR","FM-12","99999","V020","280,1,N,0010,1","99999,9,9,N","999999,9,N,9","+0021,1","+0014,1","10298,1","06,0000,9,1","24,0002,9,1",,"4,000",,,,,,,"0546,9",,"999,+0000,9","999,M,+0164,1","999,N,+0021,1",,"3,1,002,1,+999,9",,"4,99,0031,1","SYN041333   10164 20021 3/000 55091 70002 91106",
"07390099999","1990-09-28T12:00:00","4","46.6833333","5.5166666","279.0","LONS LE SAUNIER, FR","FM-12","99999","V020","280,1,N,0021,1","99999,9,9,N","999999,9,N,9","+0149,1","+0070,1","10259,1","06,0000,9,1",,,"4,000",,,,,,,,,,,,,"8,1,026,1,+999,9",,"4,99,0041,1","SYN011333   91108",
"07390099999","1990-09-28T18:00:00","4","46.6833333","5.5166666","279.0","LONS LE SAUNIER, FR","FM-12","99999","V020","090,1,N,0010,1","99999,9,9,N","999999,9,N,9","+0123,1","+0072,1","10244,1","06,0000,9,1",,,"4,000",,,,,,,,,,"999,M,+0171,1",,,"8,1,009,1,+999,9",,"4,99,0051,1","SYN017333   10171 91110",
"07390099999","1990-09-29T00:00:00","4","46.6833333","5.5166666","279.0","LONS LE SAUNIER, FR","FM-12","99999","V020","100,1,N,0021,1","99999,9,9,N","999999,9,N,9","+0104,1","+0060,1","10234,1","06,0000,9,1",,,"4,000",,,,,,,,,,,,,"8,1,008,1,+999,9",,"4,99,0041,1","SYN011333   91108",
"07390099999","1990-09-29T06:00:00","4","46.6833333","5.5166666","279.0","LONS LE SAUNIER, FR","FM-12","99999","V020","170,1,N,0031,1","99999,9,9,N","999999,9,N,9","+0113,1","+0072,1","10218,1","06,0000,9,1",,,"4,000",,,,,,,"0564,9",,"999,+0050,9","999,M,+0171,1","999,N,+0092,1",,"5,1,005,1,+999,9",,"4,99,0051,1","SYN035333   10171 20092 3/005 55094 91110",
"07390099999","1990-09-29T12:00:00","4","46.6833333","5.5166666","279.0","LONS LE SAUNIER, FR","FM-12","99999","V020","210,1,N,0072,1","99999,9,9,N","999999,9,N,9","+0216,1","+0107,1","10190,1","06,0000,9,1",,,"4,000",,,,,,,,,,,,,"8,1,020,1,+999,9",,"4,99,0139,1","SYN011333   91127",
"07390099999","1990-09-29T18:00:00","4","46.6833333","5.5166666","279.0","LONS LE SAUNIER, FR","FM-12","99999","V020","230,1,N,0041,1","99999,9,9,N","999999,9,N,9","+0188,1","+0125,1","10166,1","06,0000,9,1",,,"4,000",,,,,,,,,,"999,M,+0223,1",,,"6,1,008,1,+999,9",,"4,99,0129,1","SYN017333   10223 91125",
"07390099999","1990-09-30T00:00:00","4","46.6833333","5.5166666","279.0","LONS LE SAUNIER, FR","FM-12","99999","V020","190,1,N,0062,1","99999,9,9,N","999999,9,N,9","+0192,1","+0142,1","10145,1","06,0000,9,1",,,"4,000",,,,,,,,,,,,,"8,1,015,1,+999,9",,"4,99,0129,1","SYN011333   91125",
"07390099999","1990-09-30T06:00:00","4","46.6833333","5.5166666","279.0","LONS LE SAUNIER, FR","FM-12","99999","V020","200,1,N,0051,1","99999,9,9,N","999999,9,N,9","+0194,1","+0153,1","10126,1","03,0002,9,1","24,0002,9,1","99,0003,9,1","0,000",,"4,1,06,1",,,,,"0474,9",,"999,+0150,9","999,M,+0223,1","999,N,+0180,1",,"5,1,001,1,+999,9","21,1","4,99,0170,1","SYN047333   10223 20180 3/015 55079 69927 70002 91133",
"07390099999","1990-09-30T12:00:00","4","46.6833333","5.5166666","279.0","LONS LE SAUNIER, FR","FM-12","99999","V020","190,1,N,0072,1","99999,9,9,N","999999,9,N,9","+0204,1","+0158,1","10118,1","06,0000,9,1",,,"4,000",,,,,,,,,,,,,"8,1,012,1,+999,9",,"4,99,0180,1","SYN011333   91135",
"07390099999","1990-09-30T18:00:00","4","46.6833333","5.5166666","279.0","LONS LE SAUNIER, FR","FM-12","99999","V020","180,1,N,0021,1","99999,9,9,N","999999,9,N,9","+0170,1","+0155,1","10121,1","03,0020,9,1",,,"0,000",,"4,1,06,1",,,,,,,,"999,M,+0219,1",,,"3,1,006,1,+999,9","41,1","4,99,0160,1","SYN023333   10219 60027 91131",
"07390099999","1990-10-01T00:00:00","4","46.6833333","5.5166666","279.0","LONS LE SAUNIER, FR","FM-12","99999","V020","030,1,N,0170,1","99999,9,9,N","999999,9,N,9","+0176,1","+0149,1","10130,1","03,0200,9,1","06,0200,9,1",,"0,000",,,,,,,,,,,,,"1,1,003,1,+999,9",,"4,99,0170,1","SYN017333   60207 91133",
"07390099999","1990-10-01T06:00:00","4","46.6833333","5.5166666","279.0","LONS LE SAUNIER, FR","FM-12","99999","V020","030,1,N,0170,1","99999,9,9,N","999999,9,N,9","+0166,1","+0139,1","10134,1","24,0272,9,1","99,0240,9,1",,"0,000",,,,,,,"0012,9",,"999,+0150,9","999,M,+0219,1","999,N,+0165,1",,"3,1,005,1,+999,9",,"4,99,0170,1","SYN041333   10219 20165 3/015 55002 70272 91133",
"07390099999","1990-10-01T12:00:00","4","46.6833333","5.5166666","279.0","LONS LE SAUNIER, FR","FM-12","99999","V020","220,1,N,0062,1","99999,9,9,N","999999,9,N,9","+0165,1","+0155,1","10169,1","03,0006,9,2","06,0005,9,2",,"0,000",,"4,1,06,1",,,,,,,,,,,"1,1,011,1,+999,9","41,1","4,99,0129,1","SYN017333   69967 91125",
"07390099999","1990-10-01T18:00:00","4","46.6833333","5.5166666","279.0","LONS LE SAUNIER, FR","FM-12","99999","V020","130,1,N,0010,1","99999,9,9,N","999999,9,N,9","+0156,1","+0153,1","10196,1","03,0010,9,1",,,"0,000",,,,,,,,,,"999,M,+0178,1",,,"3,1,016,1,+999,9",,"4,99,0108,1","SYN023333   10178 60017 91121",
"07390099999","1990-10-02T00:00:00","4","46.6833333","5.5166666","279.0","LONS LE SAUNIER, FR","FM-12","99999","V020","030,1,N,0010,1","99999,9,9,N","999999,9,N,9","+0141,1","+0141,1","10209,1","06,0160,9,1",,,"0,000",,,,,,,,,,,,,"8,1,003,1,+999,9",,"4,99,0041,1","SYN011333   91108",
"07390099999","1990-10-02T06:00:00","4","46.6833333","5.5166666","279.0","LONS LE SAUNIER, FR","FM-12","99999","V020","080,1,N,0021,1","99999,9,9,N","999999,9,N,9","+0128,1","+0126,1","10205,1","24,0218,9,1","99,0160,9,1",,"0,000",,,,,,,"0000,9",,"999,+0120,9","999,M,+0178,1","999,N,+0128,1",,"4,1,000,1,+999,9",,"4,99,0041,1","SYN041333   10178 20128 3/012 55000 70218 91108",
"07390099999","1990-10-02T12:00:00","4","46.6833333","5.5166666","279.0","LONS LE SAUNIER, FR","FM-12","99999","V020","320,1,N,0010,1","99999,9,9,N","999999,9,N,9","+0142,1","+0134,1","10203,1","06,0000,9,1",,,"4,000",,,,,,,,,,,,,"8,1,008,1,+999,9",,"4,99,0031,1","SYN011333   91106",
"07390099999","1990-10-02T18:00:00","4","46.6833333","5.5166666","279.0","LONS LE SAUNIER, FR","FM-12","99999","V020","310,1,N,0010,1","99999,9,9,N","999999,9,N,9","+0138,1","+0135,1","10185,1","06,0000,9,1",,,"4,000",,,,,,,,,,"999,M,+0145,1",,,"5,1,003,1,+999,9",,"4,99,0031,1","SYN017333   10145 91106",
"07390099999","1990-10-03T00:00:00","4","46.6833333","5.5166666","279.0","LONS LE SAUNIER, FR","FM-12","99999","V020","080,1,N,0031,1","99999,9,9,N","999999,9,N,9","+0118,1","+0118,1","10171,1","06,0000,9,1",,,"4,000",,,,,,,,,,,,,"7,1,014,1,+999,9",,"4,99,0041,1","SYN011333   91108",
"07390099999","1990-10-03T06:00:00","4","46.6833333","5.5166666","279.0","LONS LE SAUNIER, FR","FM-12","99999","V020","130,1,N,0010,1","99999,9,9,N","999999,9,N,9","+0100,1","+0100,1","10159,1","06,0000,9,1",,,"4,000",,,,,,,"0030,9",,"999,+0080,9","999,M,+0145,1","999,N,+0100,1",,"6,1,004,1,+999,9",,"4,99,0041,1","SYN035333   10145 20100 3/008 55005 91108",
"07390099999","1990-10-03T12:00:00","4","46.6833333","5.5166666","279.0","LONS LE SAUNIER, FR","FM-12","99999","V020","180,1,N,0051,1","99999,9,9,N","999999,9,N,9","+0226,1","+0152,1","10124,1","06,0000,9,1",,,"4,000",,,,,,,,,,,,,"8,1,017,1,+999,9",,"4,99,0118,1","SYN011333   91123",
"07390099999","1990-10-03T18:00:00","4","46.6833333","5.5166666","279.0","LONS LE SAUNIER, FR","FM-12","99999","V020","140,1,N,0031,1","99999,9,9,N","999999,9,N,9","+0187,1","+0138,1","10102,1","06,0000,9,1",,,"4,000",,,,,,,,,,"999,M,+0231,1",,,"6,1,004,1,+999,9",,"4,99,0118,1","SYN017333   10231 91123",
"07390099999","1990-10-04T00:00:00","4","46.6833333","5.5166666","279.0","LONS LE SAUNIER, FR","FM-12","99999","V020","180,1,N,0051,1","99999,9,9,N","999999,9,N,9","+0180,1","+0129,1","10116,1","06,0000,9,1",,,"4,000",,,,,,,,,,,,,"3,1,008,1,+999,9",,"4,99,0118,1","SYN011333   91123",
"07390099999","1990-10-04T06:00:00","4","46.6833333","5.5166666","279.0","LONS LE SAUNIER, FR","FM-12","99999","V020","360,1,N,0031,1","99999,9,9,N","999999,9,N,9","+0114,1","+0108,1","10165,1","03,0010,9,1","24,0028,9,1",,"0,000",,"4,1,06,1",,,,,"0570,9",,"999,+0110,9","999,M,+0231,1","999,N,+0114,1",,"3,1,027,1,+999,9","41,1","4,99,0108,1","SYN047333   10231 20114 3/011 55095 60017 70028 91121",
"07390099999","1990-10-04T12:00:00","4","46.6833333","5.5166666","279.0","LONS LE SAUNIER, FR","FM-12","99999","V020","360,1,N,0031,1","99999,9,9,N","999999,9,N,9","+0126,1","+0083,1","10224,1","06,0020,9,1",,,"0,000",,,,,,,,,,,,,"1,1,013,1,+999,9",,"4,99,0072,1","SYN011333   91114",
"07390099999","1990-10-04T18:00:00","4","46.6833333","5.5166666","279.0","LONS LE SAUNIER, FR","FM-12","99999","V020","310,1,N,0010,1","99999,9,9,N","999999,9,N,9","+0106,1","+0049,1","10247,1","99,0020,9,1",,,"0,000",,,,,,,,,,"999,M,+0146,1",,,"3,1,017,1,+999,9",,"4,99,0072,1","SYN017333   10146 91114",
"07390099999","1990-10-05T00:00:00","4","46.6833333","5.5166666","279.0","LONS LE SAUNIER, FR","FM-12","99999","V020","030,1,N,0031,1","99999,9,9,N","999999,9,N,9","+0069,1","+0035,1","10277,1","06,0000,9,1",,,"4,000",,,,,,,,,,,,,"3,1,008,1,+999,9",,"4,99,0062,1","SYN011333   91112",
"07390099999","1990-10-05T06:00:00","4","46.6833333","5.5166666","279.0","LONS LE SAUNIER, FR","FM-12","99999","V020","010,1,N,0010,1","99999,9,9,N","999999,9,N,9","+0027,1","+0020,1","10279,1","06,0000,9,1","24,0020,9,1",,"4,000",,,,,,,"0222,9",,"999,+0010,9","999,M,+0146,1","999,N,+0026,1",,"3,1,005,1,+999,9",,"4,99,0041,1","SYN041333   10146 20026 3/001 55037 70020 91108",
"07390099999","1990-10-05T12:00:00","4","46.6833333","5.5166666","279.0","LONS LE SAUNIER, FR","FM-12","99999","V020","350,1,N,0031,1","99999,9,9,N","999999,9,N,9","+0146,1","+0051,1","10271,1","06,0000,9,1",,,"4,000",,,,,,,,,,,,,"6,1,011,1,+999,9",,"4,99,0088,1","SYN011333   91117",
"07390099999","1990-10-05T18:00:00","4","46.6833333","5.5166666","279.0","LONS LE SAUNIER, FR","FM-12","99999","V020","100,1,N,0010,1","99999,9,9,N","999999,9,N,9","+0111,1","+0052,1","10266,1","06,0000,9,1",,,"4,000",,,,,,,,,,"999,M,+0154,1",,,"7,1,001,1,+999,9",,"4,99,0072,1","SYN017333   10154 91114",
"07390099999","1990-10-06T00:00:00","4","46.6833333","5.5166666","279.0","LONS LE SAUNIER, FR","FM-12","99999","V020","080,1,N,0021,1","99999,9,9,N","999999,9,N,9","+0076,1","+0051,1","10266,1","06,0000,9,1",,,"4,000",,,,,,,,,,,,,"8,1,006,1,+999,9",,"4,99,0051,1","SYN011333   91110",
"07390099999","1990-10-06T06:00:00","4","46.6833333","5.5166666","279.0","LONS LE SAUNIER, FR","FM-12","99999","V020","210,1,N,0021,1","99999,9,9,N","999999,9,N,9","+0059,1","+0047,1","10232,1","06,0000,9,1",,,"4,000",,,,,,,"0654,9",,"999,+0040,9","999,M,+0154,1","999,N,+0059,1",,"6,1,014,1,+999,9",,"4,99,0041,1","SYN035333   10154 20059 3/004 55109 91108",
"07390099999","1990-10-06T12:00:00","4","46.6833333","5.5166666","279.0","LONS LE SAUNIER, FR","FM-12","99999","V020","210,1,N,0031,1","99999,9,9,N","999999,9,N,9","+0160,1","+0075,1","10178,1","06,0000,9,1",,,"4,000",,,,,,,,,,,,,"8,1,034,1,+999,9",,"4,99,0051,1","SYN011333   91110",
"07390099999","1990-10-06T18:00:00","4","46.6833333","5.5166666","279.0","LONS LE SAUNIER, FR","FM-12","99999","V020","130,1,N,0021,1","99999,9,9,N","999999,9,N,9","+0138,1","+0090,1","10127,1","06,0000,9,1",,,"4,000",,,,,,,,,,"999,M,+0178,1",,,"6,1,023,1,+999,9",,"4,99,0062,1","SYN017333   10178 91112",
"07390099999","1990-10-07T00:00:00","4","46.6833333","5.5166666","279.0","LONS LE SAUNIER, FR","FM-12","99999","V020","190,1,N,0072,1","99999,9,9,N","999999,9,N,9","+0166,1","+0095,1","10092,1","06,0000,9,1",,,"4,000",,,,,,,,,,,,,"8,1,016,1,+999,9",,"4,99,0129,1","SYN011333   91125",
"07390099999","1990-10-07T06:00:00","4","46.6833333","5.5166666","279.0","LONS LE SAUNIER, FR","FM-12","99999","V020","190,1,N,0041,1","99999,9,9,N","999999,9,N,9","+0136,1","+0104,1","10080,1","06,0000,9,1",,,"4,000",,,,,,,"0642,9",,"999,+0100,9","999,M,+0178,1","999,N,+0136,1",,"8,1,002,1,+999,9",,"4,99,0129,1","SYN035333   10178 20136 3/010 55107 91125",
"07390099999","1990-10-07T12:00:00","4","46.6833333","5.5166666","279.0","LONS LE SAUNIER, FR","FM-12","99999","V020","260,1,N,0041,1","99999,9,9,N","999999,9,N,9","+0155,1","+0107,1","10096,1","06,0000,9,1",,,"4,000",,,,,,,,,,,,,"1,1,006,1,+999,9",,"4,99,0072,1","SYN011333   91114",
"07390099999","1990-10-07T18:00:00","4","46.6833333","5.5166666","279.0","LONS LE SAUNIER, FR","FM-12","99999","V020","310,1,N,0021,1","99999,9,9,N","999999,9,N,9","+0130,1","+0104,1","10125,1","06,0000,9,1",,,"4,000",,,,,,,,,,"999,M,+0165,1",,,"3,1,019,1,+999,9",,"4,99,0062,1","SYN017333   10165 91112",
"07390099999","1990-10-08T00:00:00","4","46.6833333","5.5166666","279.0","LONS LE SAUNIER, FR","FM-12","99999","V020","350,1,N,0021,1","99999,9,9,N","999999,9,N,9","+0092,1","+0075,1","10168,1","06,0000,9,1",,,"4,000",,,,,,,,,,,,,"3,1,012,1,+999,9",,"4,99,0088,1","SYN011333   91117",
"07390099999","1990-10-08T06:00:00","4","46.6833333","5.5166666","279.0","LONS LE SAUNIER, FR","FM-12","99999","V020","010,1,N,0031,1","99999,9,9,N","999999,9,N,9","+0058,1","+0048,1","10200,1","06,0000,9,1",,,"4,000",,,,,,,"0090,9",,"999,+0040,9","999,M,+0165,1","999,N,+0056,1",,"1,1,018,1,+999,9",,"4,99,0072,1","SYN035333   10165 20056 3/004 55015 91114",
"07390099999","1990-10-08T12:00:00","4","46.6833333","5.5166666","279.0","LONS LE SAUNIER, FR","FM-12","99999","V020","010,1,N,0062,1","99999,9,9,N","999999,9,N,9","+0120,1","+0047,1","10213,1","06,0000,9,1",,,"4,000",,,,,,,,,,,,,"1,1,004,1,+999,9",,"4,99,0129,1","SYN011333   91125",
"07390099999","1990-10-08T18:00:00","4","46.6833333","5.5166666","279.0","LONS LE SAUNIER, FR","FM-12","99999","V020","010,1,N,0041,1","99999,9,9,N","999999,9,N,9","+0085,1","+0023,1","10235,1","06,0000,9,1",,,"4,000",,,,,,,,,,"999,M,+0125,1",,,"3,1,020,1,+999,9",,"4,99,0129,1","SYN017333   10125 91125",
"07390099999","1990-10-09T00:00:00","4","46.6833333","5.5166666","279.0","LONS LE SAUNIER, FR","FM-12","99999","V020","030,1,N,0021,1","99999,9,9,N","999999,9,N,9","+0039,1","+0011,1","10253,1","06,0000,9,1",,,"4,000",,,,,,,,,,,,,"3,1,004,1,+999,9",,"4,99,0082,1","SYN011333   91116",
"07390099999","1990-10-09T12:00:00","4","46.6833333","5.5166666","279.0","LONS LE SAUNIER, FR","FM-12","99999","V020","230,1,N,0021,1","99999,9,9,N","999999,9,N,9","+0124,1","+0060,1","10256,1","06,0000,9,1",,,"4,000",,,,,,,,,,,,,"8,1,009,1,+999,9",,"4,99,0041,1","SYN011333   91108",
"07390099999","1990-10-09T18:00:00","4","46.6833333","5.5166666","279.0","LONS LE SAUNIER, FR","FM-12","99999","V020","130,1,N,0010,1","99999,9,9,N","999999,9,N,9","+0095,1","+0057,1","10253,1","06,0000,9,1",,,"4,000",,,,,,,,,,"999,M,+0139,1",,,"3,1,004,1,+999,9",,"4,99,0051,1","SYN017333   10139 91110",
"07390099999","1990-10-10T00:00:00","4","46.6833333","5.5166666","279.0","LONS LE SAUNIER, FR","FM-12","99999","V020","070,1,N,0021,1","99999,9,9,N","999999,9,N,9","+0058,1","+0043,1","10264,1",,,,"2,000",,,,,,,,,,,,,"1,1,003,1,+999,9",,,,
"07390099999","1990-10-10T06:00:00","4","46.6833333","5.5166666","279.0","LONS LE SAUNIER, FR","FM-12","99999","V020","110,1,N,0010,1","99999,9,9,N","999999,9,N,9","+0041,1","+0031,1","10263,1",,,,"2,000",,,,,,,"0630,9",,,"999,M,+0139,1",,,,,,"SYN017333   10139 55105",
"07390099999","1990-10-10T12:00:00","4","46.6833333","5.5166666","279.0","LONS LE SAUNIER, FR","FM-12","99999","V020","230,1,N,0010,1","99999,9,9,N","999999,9,N,9","+0138,1","+0078,1","10254,1",,,,"2,000",,,,,,,,,,,,,"8,1,003,1,+999,9",,,,
"07390099999","1990-10-10T18:00:00","4","46.6833333","5.5166666","279.0","LONS LE SAUNIER, FR","FM-12","99999","V020","050,1,N,0010,1","99999,9,9,N","999999,9,N,9","+0113,1","+0076,1","10233,1","06,0000,9,1",,,"4,000",,,,,,,,,,"999,M,+0163,1",,,"5,1,005,1,+999,9",,"4,99,0041,1","SYN017333   10163 91108",
"07390099999","1990-10-11T00:00:00","4","46.6833333","5.5166666","279.0","LONS LE SAUNIER, FR","FM-12","99999","V020","090,1,N,0021,1","99999,9,9,N","999999,9,N,9","+0077,1","+0070,1","10240,1","06,0000,9,1",,,"4,000",,,,,,,,,,,,,"8,1,005,1,+999,9",,"4,99,0041,1","SYN011333   91108",
"07390099999","1990-10-11T06:00:00","4","46.6833333","5.5166666","279.0","LONS LE SAUNIER, FR","FM-12","99999","V020","110,1,N,0021,1","99999,9,9,N","999999,9,N,9","+0074,1","+0055,1","10227,1","24,0002,9,1",,,"0,000",,,,,,,"0624,9",,"999,+0030,9","999,M,+0163,1","999,N,+0061,1",,"6,1,007,1,+999,9",,"4,99,0041,1","SYN041333   10163 20061 3/003 55104 70002 91108",
"07390099999","1990-10-11T12:00:00","4","46.6833333","5.5166666","279.0","LONS LE SAUNIER, FR","FM-12","99999","V020","340,1,N,0021,1","99999,9,9,N","999999,9,N,9","+0172,1","+0112,1","10207,1","06,0000,9,1",,,"4,000",,,,,,,,,,,,,"8,1,012,1,+999,9",,"4,99,0041,1","SYN011333   91108",
"07390099999","1990-10-11T18:00:00","4","46.6833333","5.5166666","279.0","LONS LE SAUNIER, FR","FM-12","99999","V020","060,1,N,0021,1","99999,9,9,N","999999,9,N,9","+0151,1","+0121,1","10192,1","06,0000,9,1",,,"4,000",,,,,,,,,,"999,M,+0198,1",,,"5,1,005,1,+999,9",,"4,99,0041,1","SYN017333   10198 91108",
"07390099999","1990-10-12T00:00:00","4","46.6833333","5.5166666","279.0","LONS LE SAUNIER, FR","FM-12","99999","V020","090,1,N,0041,1","99999,9,9,N","999999,9,N,9","+0139,1","+0111,1","10188,1","06,0000,9,1",,,"4,000",,,,,,,,,,,,,"8,1,008,1,+999,9",,"4,99,0062,1","SYN011333   91112",
"07390099999","1990-10-12T06:00:00","4","46.6833333","5.5166666","279.0","LONS LE SAUNIER, FR","FM-12","99999","V020","210,1,N,0031,1","99999,9,9,N","999999,9,N,9","+0083,1","+0080,1","10192,1","06,0000,9,1",,,"4,000",,,,,,,"0594,9",,"999,+0070,9","999,M,+0198,1","999,N,+0079,1",,"3,1,015,1,+999,9",,"4,99,0062,1","SYN035333   10198 20079 3/007 55099 91112",
"07390099999","1990-10-12T12:00:00","4","46.6833333","5.5166666","279.0","LONS LE SAUNIER, FR","FM-12","99999","V020","260,1,N,0021,1","99999,9,9,N","999999,9,N,9","+0220,1","+0126,1","10171,1","06,0000,9,1",,,"4,000",,,,,,,,,,,,,"8,1,004,1,+999,9",,"4,99,0072,1","SYN011333   91114",
"07390099999","1990-10-12T18:00:00","4","46.6833333","5.5166666","279.0","LONS LE SAUNIER, FR","FM-12","99999","V020","070,1,N,0021,1","99999,9,9,N","999999,9,N,9","+0167,1","+0096,1","10173,1","06,0000,9,1",,,"4,000",,,,,,,,,,"999,M,+0250,1",,,"3,1,005,1,+999,9",,"4,99,0108,1","SYN017333   10250 91121",
"07390099999","1990-10-13T00:00:00","4","46.6833333","5.5166666","279.0","LONS LE SAUNIER, FR","FM-12","99999","V020","170,1,N,0010,1","99999,9,9,N","999999,9,N,9","+0166,1","+0086,1","10166,1","06,0000,9,1",,,"4,000",,,,,,,,,,,,,"3,1,001,1,+999,9",,"4,99,0062,1","SYN011333   91112",
"07390099999","1990-10-13T06:00:00","4","46.6833333","5.5166666","279.0","LONS LE SAUNIER, FR","FM-12","99999","V020","080,1,N,0021,1","99999,9,9,N","999999,9,N,9","+0153,1","+0097,1","10176,1","06,0000,9,1",,,"4,000",,,,,,,"0414,9",,"999,+0110,9","999,M,+0250,1","999,N,+0143,1",,"5,1,000,1,+999,9",,"4,99,0051,1","SYN035333   10250 20143 3/011 55069 91110",
"07390099999","1990-10-13T12:00:00","4","46.6833333","5.5166666","279.0","LONS LE SAUNIER, FR","FM-12","99999","V020","210,1,N,0062,1","99999,9,9,N","999999,9,N,9","+0227,1","+0105,1","10176,1","06,0000,9,1",,,"4,000",,,,,,,,,,,,,"8,1,003,1,+999,9",,"4,99,0129,1","SYN011333   91125",
"07390099999","1990-10-13T18:00:00","4","46.6833333","5.5166666","279.0","LONS LE SAUNIER, FR","FM-12","99999","V020","150,1,N,0041,1","99999,9,9,N","999999,9,N,9","+0191,1","+0119,1","10192,1","06,0000,9,1",,,"4,000",,,,,,,,,,"999,M,+0244,1",,,"3,1,022,1,+999,9",,"4,99,0118,1","SYN017333   10244 91123",
"07390099999","1990-10-14T00:00:00","4","46.6833333","5.5166666","279.0","LONS LE SAUNIER, FR","FM-12","99999","V020","080,1,N,0021,1","99999,9,9,N","999999,9,N,9","+0151,1","+0117,1","10220,1","06,0000,9,1",,,"4,000",,,,,,,,,,,,,"3,1,005,1,+999,9",,"4,99,0108,1","SYN011333   91121",
"07390099999","1990-10-14T06:00:00","4","46.6833333","5.5166666","279.0","LONS LE SAUNIER, FR","FM-12","99999","V020","070,1,N,0031,1","99999,9,9,N","999999,9,N,9","+0132,1","+0106,1","10225,1","06,0000,9,1",,,"4,000",,,,,,,"0372,9",,"999,+0100,9","999,M,+0244,1","999,N,+0129,1",,"2,1,005,1,+999,9",,"4,99,0051,1","SYN035333   10244 20129 3/010 55062 91110",
"07390099999","1990-10-14T12:00:00","4","46.6833333","5.5166666","279.0","LONS LE SAUNIER, FR","FM-12","99999","V020","260,1,N,0021,1","99999,9,9,N","999999,9,N,9","+0227,1","+0129,1","10202,1","06,0000,9,1",,,"4,000",,,,,,,,,,,,,"8,1,016,1,+999,9",,"4,99,0041,1","SYN011333   91108",
"07390099999","1990-10-14T18:00:00","4","46.6833333","5.5166666","279.0","LONS LE SAUNIER, FR","FM-12","99999","V020","090,1,N,0021,1","99999,9,9,N","999999,9,N,9","+0172,1","+0141,1","10182,1","06,0000,9,1",,,"4,000",,,,,,,,,,"999,M,+0232,1",,,"6,1,007,1,+999,9",,"4,99,0041,1","SYN017333   10232 91108",
"07390099999","1990-10-15T00:00:00","4","46.6833333","5.5166666","279.0","LONS LE SAUNIER, FR","FM-12","99999","V020","090,1,N,0031,1","99999,9,9,N","999999,9,N,9","+0152,1","+0127,1","10157,1","06,0000,9,1",,,"4,000",,,,,,,,,,,,,"6,1,018,1,+999,9",,"4,99,0041,1","SYN011333   91108",
"07390099999","1990-10-15T06:00:00","4","46.6833333","5.5166666","279.0","LONS LE SAUNIER, FR","FM-12","99999","V020","130,1,N,0021,1","99999,9,9,N","999999,9,N,9","+0152,1","+0123,1","10132,1","06,0000,9,1",,,"4,000",,,,,,,"0558,9",,"999,+0110,9","999,M,+0232,1","999,N,+0132,1",,"8,1,007,1,+999,9",,"4,99,0051,1","SYN035333   10232 20132 3/011 55093 91110",
"07390099999","1990-10-15T12:00:00","4","46.6833333","5.5166666","279.0","LONS LE SAUNIER, FR","FM-12","99999","V020","170,1,N,0051,1","99999,9,9,N","999999,9,N,9","+0198,1","+0137,1","10118,1","06,0000,9,1",,,"4,000",,,,,,,,,,,,,"8,1,011,1,+999,9",,"4,99,0108,1","SYN011333   91121",
"07390099999","1990-10-15T18:00:00","4","46.6833333","5.5166666","279.0","LONS LE SAUNIER, FR","FM-12","99999","V020","160,1,N,0051,1","99999,9,9,N","999999,9,N,9","+0196,1","+0146,1","10121,1","06,0000,9,1",,,"4,000",,,,,,,,,,"999,M,+0209,1",,,"3,1,013,1,+999,9",,"4,99,0139,1","SYN017333   10209 91127",
"07390099999","1990-10-16T00:00:00","4","46.6833333","5.5166666","279.0","LONS LE SAUNIER, FR","FM-12","99999","V020","140,1,N,0041,1","99999,9,9,N","999999,9,N,9","+0170,1","+0145,1","10142,1","03,0002,9,1","06,0003,9,1",,"0,000",,"4,1,06,1",,,,,,,,,,,"0,1,001,1,+999,9","21,1","4,99,0098,1","SYN017333   69927 91119",
"07390099999","1990-10-16T06:00:00","4","46.6833333","5.5166666","279.0","LONS LE SAUNIER, FR","FM-12","99999","V020","200,1,N,0031,1","99999,9,9,N","999999,9,N,9","+0151,1","+0146,1","10166,1","03,0020,9,1","24,0022,9,1",,"0,000",,"4,1,06,1",,,,,"0078,9",,"999,+0140,9","999,M,+0209,1","999,N,+0151,1",,"3,1,014,1,+999,9","41,1","4,99,0072,1","SYN047333   10209 20151 3/014 55013 60027 70022 91114",
"07390099999","1990-10-16T12:00:00","4","46.6833333","5.5166666","279.0","LONS LE SAUNIER, FR","FM-12","99999","V020","120,1,N,0041,1","99999,9,9,N","999999,9,N,9","+0180,1","+0147,1","10155,1","03,0004,9,1","06,0005,9,1",,"0,000",,,,,,,,,,,,,"8,1,023,1,+999,9",,"4,99,0062,1","SYN017333   69947 91112",
"07390099999","1990-10-16T18:00:00","4","46.6833333","5.5166666","279.0","LONS LE SAUNIER, FR","FM-12","99999","V020","999,1,C,0000,1","99999,9,9,N","999999,9,N,9","+0155,1","+0145,1","10146,1","99,0120,9,1",,,"0,000",,,,,,,,,,"999,M,+0186,1",,,"5,1,005,1,+999,9",,"4,99,0062,1","SYN017333   10186 91112",
"07390099999","1990-10-17T00:00:00","4","46.6833333","5.5166666","279.0","LONS LE SAUNIER, FR","FM-12","99999","V020","110,1,N,0010,1","99999,9,9,N","999999,9,N,9","+0139,1","+0129,1","10130,1","06,0000,9,1",,,"4,000",,,,,,,,,,,,,"6,1,010,1,+999,9",,"4,99,0041,1","SYN011333   91108",
"07390099999","1990-10-17T06:00:00","4","46.6833333","5.5166666","279.0","LONS LE SAUNIER, FR","FM-12","99999","V020","100,1,N,0051,1","99999,9,9,N","999999,9,N,9","+0127,1","+0111,1","10112,1","06,0000,9,1","24,0118,9,1",,"4,000",,,,,,,"0024,9",,"999,+0100,9","999,M,+0186,1","999,N,+0121,1",,"8,1,009,1,+999,9",,"4,99,0062,1","SYN041333   10186 20121 3/010 55004 70118 91112",
"07390099999","1990-10-17T12:00:00","4","46.6833333","5.5166666","279.0","LONS LE SAUNIER, FR","FM-12","99999","V020","220,1,N,0051,1","99999,9,9,N","999999,9,N,9","+0204,1","+0116,1","10085,1","06,0000,9,1",,,"4,000",,,,,,,,,,,,,"8,1,016,1,+999,9",,"4,99,0088,1","SYN011333   91117",
"07390099999","1990-10-17T18:00:00","4","46.6833333","5.5166666","279.0","LONS LE SAUNIER, FR","FM-12","99999","V020","220,1,N,0082,1","99999,9,9,N","999999,9,N,9","+0158,1","+0106,1","10102,1","06,0000,9,1",,,"4,000",,,,,,,,,,"999,M,+0210,1",,,"3,1,024,1,+999,9",,"4,99,0139,1","SYN017333   10210 91127",
"07390099999","1990-10-18T00:00:00","4","46.6833333","5.5166666","279.0","LONS LE SAUNIER, FR","FM-12","99999","V020","130,1,N,0031,1","99999,9,9,N","999999,9,N,9","+0120,1","+0090,1","10125,1","06,0030,9,1",,,"0,000",,,,,,,,,,,,,"1,1,003,1,+999,9",,"4,99,0160,1","SYN011333   91131",
"07390099999","1990-10-18T06:00:00","4","46.6833333","5.5166666","279.0","LONS LE SAUNIER, FR","FM-12","99999","V020","120,1,N,0021,1","99999,9,9,N","999999,9,N,9","+0112,1","+0086,1","10120,1","24,0032,9,1",,,"0,000",,,,,,,"0318,9",,"999,+0080,9","999,M,+0210,1","999,N,+0111,1",,"5,1,001,1,+999,9",,"4,99,0051,1","SYN041333   10210 20111 3/008 55053 70032 91110",
"07390099999","1990-10-18T12:00:00","4","46.6833333","5.5166666","279.0","LONS LE SAUNIER, FR","FM-12","99999","V020","260,1,N,0021,1","99999,9,9,N","999999,9,N,9","+0174,1","+0088,1","10115,1","06,0000,9,1",,,"4,000",,,,,,,,,,,,,"8,1,004,1,+999,9",,"4,99,0062,1","SYN011333   91112",
"07390099999","1990-10-18T18:00:00","4","46.6833333","5.5166666","279.0","LONS LE SAUNIER, FR","FM-12","99999","V020","070,1,N,0021,1","99999,9,9,N","999999,9,N,9","+0131,1","+0092,1","10112,1","06,0000,9,1",,,"4,000",,,,,,,,,,"999,M,+0189,1",,,"5,1,000,1,+999,9",,"4,99,0051,1","SYN017333   10189 91110",
"07390099999","1990-10-19T00:00:00","4","46.6833333","5.5166666","279.0","LONS LE SAUNIER, FR","FM-12","99999","V020","110,1,N,0041,1","99999,9,9,N","999999,9,N,9","+0132,1","+0104,1","10112,1","06,0000,9,1",,,"4,000",,,,,,,,,,,,,"4,1,000,1,+999,9",,"4,99,0082,1","SYN011333   91116",
"07390099999","1990-10-19T06:00:00","4","46.6833333","5.5166666","279.0","LONS LE SAUNIER, FR","FM-12","99999","V020","090,1,N,0041,1","99999,9,9,N","999999,9,N,9","+0116,1","+0090,1","10098,1","06,0000,9,1",,,"4,000",,,,,,,"0492,9",,"999,+0090,9","999,M,+0189,1","999,N,+0112,1",,"6,1,009,1,+999,9",,"4,99,0082,1","SYN035333   10189 20112 3/009 55082 91116",
"07390099999","1990-10-19T12:00:00","4","46.6833333","5.5166666","279.0","LONS LE SAUNIER, FR","FM-12","99999","V020","290,1,N,0021,1","99999,9,9,N","999999,9,N,9","+0163,1","+0119,1","10081,1","06,0000,9,1",,,"4,000",,,,,,,,,,,,,"6,1,012,1,+999,9",,"4,99,0062,1","SYN011333   91112",
"07390099999","1990-10-19T18:00:00","4","46.6833333","5.5166666","279.0","LONS LE SAUNIER, FR","FM-12","99999","V020","240,1,N,0010,1","99999,9,9,N","999999,9,N,9","+0123,1","+0114,1","10106,1","03,0020,9,1",,,"0,000",,"4,1,06,1",,,,,,,,"999,M,+0182,1",,,"1,1,021,1,+999,9","21,1","4,99,0051,1","SYN023333   10182 60027 91110",
"07390099999","1990-10-20T00:00:00","4","46.6833333","5.5166666","279.0","LONS LE SAUNIER, FR","FM-12","99999","V020","050,1,N,0021,1","99999,9,9,N","999999,9,N,9","+0112,1","+0109,1","10115,1","03,0030,9,1","06,0030,9,1",,"0,000",,"4,1,06,1",,,,,,,,,,,"3,1,001,1,+999,9","21,1","4,99,0021,1","SYN017333   60037 91104",
"07390099999","1990-10-20T06:00:00","4","46.6833333","5.5166666","279.0","LONS LE SAUNIER, FR","FM-12","99999","V020","330,1,N,0010,1","99999,9,9,N","999999,9,N,9","+0111,1","+0111,1","10121,1","03,0004,9,1","24,0088,9,1","99,0005,9,1","0,000",,,,,,,"0240,9",,"999,+0110,9","999,M,+0182,1","999,N,+0110,1",,"2,1,007,1,+999,9",,"4,99,0031,1","SYN047333   10182 20110 3/011 55040 69947 70088 91106",
"07390099999","1990-10-20T12:00:00","4","46.6833333","5.5166666","279.0","LONS LE SAUNIER, FR","FM-12","99999","V020","320,1,N,0021,1","99999,9,9,N","999999,9,N,9","+0116,1","+0114,1","10129,1","03,0004,9,1","06,0005,9,1",,"0,000",,"4,1,06,1",,,,,,,,,,,"8,1,002,1,+999,9","21,1","4,99,0041,1","SYN017333   69947 91108",
"07390099999","1990-10-20T18:00:00","4","46.6833333","5.5166666","279.0","LONS LE SAUNIER, FR","FM-12","99999","V020","350,1,N,0010,1","99999,9,9,N","999999,9,N,9","+0125,1","+0119,1","10122,1","99,0005,9,1",,,"0,000",,,,,,,,,,"999,M,+0133,1",,,"1,1,002,1,+999,9",,"4,99,0041,1","SYN017333   10133 91108",
"07390099999","1990-10-21T00:00:00","4","46.6833333","5.5166666","279.0","LONS LE SAUNIER, FR","FM-12","99999","V020","010,1,N,0010,1","99999,9,9,N","999999,9,N,9","+0106,1","+0104,1","10110,1","06,0000,9,1",,,"4,000",,,,,,,,,,,,,"7,1,007,1,+999,9",,"4,99,0041,1","SYN011333   91108",
"07390099999","1990-10-21T06:00:00","4","46.6833333","5.5166666","279.0","LONS LE SAUNIER, FR","FM-12","99999","V020","999,1,C,0000,1","99999,9,9,N","999999,9,N,9","+0078,1","+0077,1","10112,1","03,0002,9,1","24,0008,9,1","99,0003,9,1","0,000",,"4,1,06,1",,,,,"0000,9",,"999,+0060,9","999,M,+0133,1","999,N,+0074,1",,"3,1,002,1,+999,9","21,1","4,99,0072,1","SYN047333   10133 20074 3/006 55000 69927 70008 91114",
"07390099999","1990-10-21T12:00:00","4","46.6833333","5.5166666","279.0","LONS LE SAUNIER, FR","FM-12","99999","V020","190,1,N,0010,1","99999,9,9,N","999999,9,N,9","+0123,1","+0110,1","10128,1","06,0000,9,1",,,"4,000",,,,,,,,,,,,,"1,1,007,1,+999,9",,"4,99,0041,1","SYN011333   91108",
"07390099999","1990-10-21T18:00:00","4","46.6833333","5.5166666","279.0","LONS LE SAUNIER, FR","FM-12","99999","V020","030,1,N,0021,1","99999,9,9,N","999999,9,N,9","+0110,1","+0105,1","10144,1","06,0000,9,1",,,"4,000",,,,,,,,,,"999,M,+0146,1",,,"3,1,014,1,+999,9",,"4,99,0031,1","SYN017333   10146 91106",
"07390099999","1990-10-22T06:00:00","4","46.6833333","5.5166666","279.0","LONS LE SAUNIER, FR","FM-12","99999","V020","100,1,N,0021,1","99999,9,9,N","999999,9,N,9","+0063,1","+0059,1","10168,1","06,0000,9,1",,,"4,000",,,,,,,"0228,9",,"999,+0040,9","999,M,+0146,1","999,N,+0060,1",,"0,1,002,1,+999,9",,"4,99,0072,1","SYN035333   10146 20060 3/004 55038 91114",
"07390099999","1990-10-22T12:00:00","4","46.6833333","5.5166666","279.0","LONS LE SAUNIER, FR","FM-12","99999","V020","240,1,N,0021,1","99999,9,9,N","999999,9,N,9","+0147,1","+0115,1","10143,1","06,0000,9,1",,,"4,000",,,,,,,,,,,,,"8,1,013,1,+999,9",,"4,99,0041,1","SYN011333   91108",
"07390099999","1990-10-22T18:00:00","4","46.6833333","5.5166666","279.0","LONS LE SAUNIER, FR","FM-12","99999","V020","040,1,N,0010,1","99999,9,9,N","999999,9,N,9","+0110,1","+0091,1","10142,1","06,0000,9,1",,,"4,000",,,,,,,,,,"999,M,+0168,1",,,"2,1,010,1,+999,9",,"4,99,0051,1","SYN017333   10168 91110",
"07390099999","1990-10-23T00:00:00","4","46.6833333","5.5166666","279.0","LONS LE SAUNIER, FR","FM-12","99999","V020","070,1,N,0041,1","99999,9,9,N","999999,9,N,9","+0113,1","+0078,1","10129,1","06,0000,9,1",,,"4,000",,,,,,,,,,,,,"8,1,006,1,+999,9",,"4,99,0072,1","SYN011333   91114",
"07390099999","1990-10-23T06:00:00","4","46.6833333","5.5166666","279.0","LONS LE SAUNIER, FR","FM-12","99999","V020","270,1,N,0010,1","99999,9,9,N","999999,9,N,9","+0060,1","+0057,1","10157,1","06,0000,9,1",,,"4,000",,,,,,,"0462,9",,"999,+0060,9","999,M,+0168,1","999,N,+0060,1",,"3,1,009,1,+999,9",,"4,99,0062,1","SYN035333   10168 20060 3/006 55077 91112",
"07390099999","1990-10-23T12:00:00","4","46.6833333","5.5166666","279.0","LONS LE SAUNIER, FR","FM-12","99999","V020","220,1,N,0010,1","99999,9,9,N","999999,9,N,9","+0098,1","+0090,1","10152,1","03,0002,9,1","06,0003,9,1",,"0,000",,"4,1,06,1",,,,,,,,,,,"7,1,004,1,+999,9","21,1","4,99,0041,1","SYN017333   69927 91108",
"07390099999","1990-10-23T18:00:00","4","46.6833333","5.5166666","279.0","LONS LE SAUNIER, FR","FM-12","99999","V020","200,1,N,0010,1","99999,9,9,N","999999,9,N,9","+0110,1","+0104,1","10145,1","03,0004,9,1","99,0005,9,1",,"0,000",,,,,,,,,,"999,M,+0123,1",,,"5,1,000,1,+999,9",,"4,99,0041,1","SYN023333   10123 69947 91108",
"07390099999","1990-10-24T00:00:00","4","46.6833333","5.5166666","279.0","LONS LE SAUNIER, FR","FM-12","99999","V020","110,1,N,0021,1","99999,9,9,N","999999,9,N,9","+0096,1","+0094,1","10151,1","06,0003,9,1",,,"0,000",,,,,,,,,,,,,"1,1,002,1,+999,9",,"4,99,0041,1","SYN011333   91108",
"07390099999","1990-10-24T06:00:00","4","46.6833333","5.5166666","279.0","LONS LE SAUNIER, FR","FM-12","99999","V020","180,1,N,0031,1","99999,9,9,N","999999,9,N,9","+0107,1","+0074,1","10150,1","24,0010,9,1","99,0003,9,1",,"0,000",,,,,,,"0000,9",,"999,+0060,9","999,M,+0123,1","999,N,+0090,1",,"3,1,001,1,+999,9",,"4,99,0062,1","SYN041333   10123 20090 3/006 55000 70010 91112",
"07390099999","1990-10-24T12:00:00","4","46.6833333","5.5166666","279.0","LONS LE SAUNIER, FR","FM-12","99999","V020","210,1,N,0051,1","99999,9,9,N","999999,9,N,9","+0169,1","+0096,1","10135,1","06,0000,9,1",,,"4,000",,,,,,,,,,,,,"8,1,009,1,+999,9",,"4,99,0088,1","SYN011333   91117",
"07390099999","1990-10-25T00:00:00","4","46.6833333","5.5166666","279.0","LONS LE SAUNIER, FR","FM-12","99999","V020","130,1,N,0010,1","99999,9,9,N","999999,9,N,9","+0126,1","+0087,1","10125,1","06,0000,9,1",,,"4,000",,,,,,,,,,,,,"8,1,006,1,+999,9",,"4,99,0072,1","SYN011333   91114",
"07390099999","1990-10-25T06:00:00","4","46.6833333","5.5166666","279.0","LONS LE SAUNIER, FR","FM-12","99999","V020","200,1,N,0021,1","99999,9,9,N","999999,9,N,9","+0105,1","+0100,1","10117,1","03,0040,9,1","24,0040,9,1",,"0,000",,"4,1,06,1",,,,,"0480,9",,"999,+0090,9","999,M,+0172,1","999,N,+0105,1",,"1,1,006,1,+999,9","21,1","4,99,0082,1","SYN047333   10172 20105 3/009 55080 60047 70040 91116",
"07390099999","1990-10-25T12:00:00","4","46.6833333","5.5166666","279.0","LONS LE SAUNIER, FR","FM-12","99999","V020","190,1,N,0031,1","99999,9,9,N","999999,9,N,9","+0106,1","+0098,1","10128,1","03,0020,9,1","06,0020,9,1",,"9,000",,"4,1,06,1",,,,,,,,,,,"8,1,001,1,+999,9","21,1","4,99,0072,1","SYN017333   60027 91114",
"07390099999","1990-10-25T18:00:00","4","46.6833333","5.5166666","279.0","LONS LE SAUNIER, FR","FM-12","99999","V020","100,1,N,0021,1","99999,9,9,N","999999,9,N,9","+0095,1","+0078,1","10119,1","99,0070,9,1",,,"0,000",,,,,,,,,,"999,M,+0128,1",,,"5,1,000,1,+999,9",,"4,99,0051,1","SYN017333   10128 91110",
"07390099999","1990-10-26T00:00:00","4","46.6833333","5.5166666","279.0","LONS LE SAUNIER, FR","FM-12","99999","V020","110,1,N,0031,1","99999,9,9,N","999999,9,N,9","+0088,1","+0057,1","10095,1","06,0000,9,1",,,"4,000",,,,,,,,,,,,,"8,1,017,1,+999,9",,"4,99,0051,1","SYN011333   91110",
"07390099999","1990-10-26T06:00:00","4","46.6833333","5.5166666","279.0","LONS LE SAUNIER, FR","FM-12","99999","V020","170,1,N,0051,1","99999,9,9,N","999999,9,N,9","+0104,1","+0062,1","10050,1","06,0000,9,1","24,0070,9,1",,"4,000",,,,,,,"0030,9",,"999,+0050,9","999,M,+0128,1","999,N,+0079,1",,"8,1,021,1,+999,9",,"4,99,0108,1","SYN041333   10128 20079 3/005 55005 70070 91121",
"07390099999","1990-10-26T12:00:00","4","46.6833333","5.5166666","279.0","LONS LE SAUNIER, FR","FM-12","99999","V020","230,1,N,0041,1","99999,9,9,N","999999,9,N,9","+0087,1","+0072,1","10068,1","03,0030,9,1","06,0030,9,1",,"0,000",,"4,1,06,1",,,,,,,,,,,"3,1,018,1,+999,9","41,1","4,99,0139,1","SYN017333   60037 91127",
"07390099999","1990-10-26T18:00:00","4","46.6833333","5.5166666","279.0","LONS LE SAUNIER, FR","FM-12","99999","V020","210,1,N,0041,1","99999,9,9,N","999999,9,N,9","+0084,1","+0064,1","10091,1","03,0008,9,1","99,0010,9,1",,"0,000",,"4,1,06,1",,,,,,,,"999,M,+0129,1",,,"3,1,019,1,+999,9","41,1","4,99,0082,1","SYN023333   10129 69987 91116",
"07390099999","1990-10-27T00:00:00","4","46.6833333","5.5166666","279.0","LONS LE SAUNIER, FR","FM-12","99999","V020","260,1,N,0031,1","99999,9,9,N","999999,9,N,9","+0064,1","+0052,1","10096,1","06,0020,9,1",,,"0,000",,,,,,,,,,,,,"5,1,004,1,+999,9",,"4,99,0072,1","SYN011333   91114",
"07390099999","1990-10-27T06:00:00","4","46.6833333","5.5166666","279.0","LONS LE SAUNIER, FR","FM-12","99999","V020","180,1,N,0031,1","99999,9,9,N","999999,9,N,9","+0074,1","+0042,1","10106,1","24,0084,9,1","99,0020,9,1",,"0,000",,,,,,,"0006,9",,"999,+0030,9","999,M,+0129,1","999,N,+0063,1",,"3,1,008,1,+999,9",,"4,99,0062,1","SYN041333   10129 20063 3/003 55001 70084 91112",
"07390099999","1990-10-27T12:00:00","4","46.6833333","5.5166666","279.0","LONS LE SAUNIER, FR","FM-12","99999","V020","200,1,N,0062,1","99999,9,9,N","999999,9,N,9","+0115,1","+0038,1","10109,1","06,0000,9,1",,,"4,000",,,,,,,,,,,,,"8,1,006,1,+999,9",,"4,99,0129,1","SYN011333   91125",
"07390099999","1990-10-27T18:00:00","4","46.6833333","5.5166666","279.0","LONS LE SAUNIER, FR","FM-12","99999","V020","170,1,N,0031,1","99999,9,9,N","999999,9,N,9","+0098,1","+0031,1","10101,1","06,0000,9,1",,,"4,000",,,,,,,,,,"999,M,+0125,1",,,"0,1,000,1,+999,9",,"4,99,0108,1","SYN017333   10125 91121",
"07390099999","1990-10-28T00:00:00","4","46.6833333","5.5166666","279.0","LONS LE SAUNIER, FR","FM-12","99999","V020","190,1,N,0062,1","99999,9,9,N","999999,9,N,9","+0101,1","+0032,1","10077,1","06,0000,9,1",,,"4,000",,,,,,,,,,,,,"8,1,017,1,+999,9",,"4,99,0098,1","SYN011333   91119",
"07390099999","1990-10-28T06:00:00","4","46.6833333","5.5166666","279.0","LONS LE SAUNIER, FR","FM-12","99999","V020","180,1,N,0072,1","99999,9,9,N","999999,9,N,9","+0089,1","+0063,1","10035,1","03,0010,9,1","24,0018,9,1",,"0,000",,"4,1,06,1",,,,,"0090,9",,"999,+0070,9","999,M,+0125,1","999,N,+0081,1",,"8,1,025,1,+999,9","21,1","4,99,0118,1","SYN047333   10125 20081 3/007 55015 60017 70018 91123",
"07390099999","1990-10-28T12:00:00","4","46.6833333","5.5166666","279.0","LONS LE SAUNIER, FR","FM-12","99999","V020","190,1,N,0087,1","99999,9,9,N","999999,9,N,9","+0126,1","+0058,1","09970,1","06,0005,9,1",,,"0,000",,,,,,,,,,,,,"8,1,035,1,+999,9",,"4,99,0180,1","SYN011333   91135",
"07390099999","1990-10-28T18:00:00","4","46.6833333","5.5166666","279.0","LONS LE SAUNIER, FR","FM-12","99999","V020","180,1,N,0118,1","99999,9,9,N","999999,9,N,9","+0101,1","+0068,1","09918,1","03,0020,9,1",,,"0,000",,"4,1,06,1",,,,,,,,"999,M,+0131,1",,,"6,1,028,1,+999,9","21,1","4,99,0211,1","SYN023333   10131 60027 91141",
"07390099999","1990-10-29T00:00:00","4","46.6833333","5.5166666","279.0","LONS LE SAUNIER, FR","FM-12","99999","V020","180,1,N,0108,1","99999,9,9,N","999999,9,N,9","+0099,1","+0080,1","09880,1","03,0040,9,1","06,0040,9,1",,"0,000",,"4,1,06,1",,,,,,,,,,,"6,1,018,1,+999,9","21,1","4,99,0252,1","SYN017333   60047 91149",
"07390099999","1990-10-29T06:00:00","4","46.6833333","5.5166666","279.0","LONS LE SAUNIER, FR","FM-12","99999","V020","210,1,N,0041,1","99999,9,9,N","999999,9,N,9","+0091,1","+0074,1","09944,1","03,0030,9,1","24,0228,9,1",,"0,000",,,,,,,"0024,9",,"999,+0080,9","999,M,+0131,1","999,N,+0087,1",,"1,1,042,1,+999,9",,"4,99,0180,1","SYN047333   10131 20087 3/008 55004 60037 70228 91135",
"07390099999","1990-10-29T12:00:00","4","46.6833333","5.5166666","279.0","LONS LE SAUNIER, FR","FM-12","99999","V020","180,1,N,0041,1","99999,9,9,N","999999,9,N,9","+0088,1","+0074,1","09950,1","03,0010,9,1","06,0010,9,1",,"0,000",,"4,1,06,1",,,,,,,,,,,"8,1,008,1,+999,9","21,1","4,99,0098,1","SYN017333   60017 91119",
"07390099999","1990-10-29T18:00:00","4","46.6833333","5.5166666","279.0","LONS LE SAUNIER, FR","FM-12","99999","V020","210,1,N,0072,1","99999,9,9,N","999999,9,N,9","+0136,1","+0115,1","09855,2","03,0050,9,1",,,"9,000",,"4,1,06,1",,,,,,,,"999,M,+0136,1",,,"6,1,053,2,+999,9","21,1","4,99,0201,1","SYN023333   10136 60057 91139","Q01+098553APOSLPQ02+000532APC3  "
"07390099999","1990-10-30T00:00:00","4","46.6833333","5.5166666","279.0","LONS LE SAUNIER, FR","FM-12","99999","V020","230,1,N,0082,1","99999,9,9,N","999999,9,N,9","+0136,1","+0091,1","09913,1","03,0020,9,1","06,0020,9,1",,"0,000",,,,,,,,,,,,,"1,1,045,1,+999,9",,"4,99,0201,1","SYN017333   60027 91139",
"07390099999","1990-10-30T06:00:00","4","46.6833333","5.5166666","279.0","LONS LE SAUNIER, FR","FM-12","99999","V020","210,1,N,0041,1","99999,9,9,N","999999,9,N,9","+0076,1","+0054,1","10010,1","24,0146,9,1","99,0070,9,1",,"0,000",,,,,,,"0000,9",,"999,+0060,9","999,M,+0136,1","999,N,+0076,1",,"1,1,039,1,+999,9",,"4,99,0160,1","SYN041333   10136 20076 3/006 55000 70146 91131",
"07390099999","1990-10-30T12:00:00","4","46.6833333","5.5166666","279.0","LONS LE SAUNIER, FR","FM-12","99999","V020","210,1,N,0062,1","99999,9,9,N","999999,9,N,9","+0123,1","+0040,1","10043,1","06,0000,9,1",,,"4,000",,,,,,,,,,,,,"0,1,004,1,+999,9",,"4,99,0108,1","SYN011333   91121",
"07390099999","1990-10-30T18:00:00","4","46.6833333","5.5166666","279.0","LONS LE SAUNIER, FR","FM-12","99999","V020","160,1,N,0041,1","99999,9,9,N","999999,9,N,9","+0111,1","+0043,1","10042,1","06,0000,9,1",,,"4,000",,,,,,,,,,"999,M,+0133,1",,,"3,1,001,1,+999,9",,"4,99,0098,1","SYN017333   10133 91119",
"07390099999","1990-10-31T00:00:00","4","46.6833333","5.5166666","279.0","LONS LE SAUNIER, FR","FM-12","99999","V020","180,1,N,0031,1","99999,9,9,N","999999,9,N,9","+0101,1","+0066,1","10039,1","06,0000,9,1",,,"4,000",,,,,,,,,,,,,"4,1,000,1,+999,9",,"4,99,0062,1","SYN011333   91112",
"07390099999","1990-10-31T06:00:00","4","46.6833333","5.5166666","279.0","LONS LE SAUNIER, FR","FM-12","99999","V020","170,1,N,0021,1","99999,9,9,N","999999,9,N,9","+0089,1","+0086,1","10042,1","03,0040,9,1","24,0060,9,1",,"0,000",,"4,1,06,1",,,,,"0288,9",,"999,+0070,9","999,M,+0133,1","999,N,+0086,1",,"1,1,012,1,+999,9","41,1","4,99,0051,1","SYN047333   10133 20086 3/007 55048 60047 70060 91110",
"07390099999","1990-10-31T12:00:00","4","46.6833333","5.5166666","279.0","LONS LE SAUNIER, FR","FM-12","99999","V020","190,1,N,0041,1","99999,9,9,N","999999,9,N,9","+0104,1","+0069,1","10068,1","06,0040,9,1",,,"0,000",,,,,,,,,,,,,"0,1,002,1,+999,9",,"4,99,0072,1","SYN011333   91114",
"07390099999","1990-10-31T18:00:00","4","46.6833333","5.5166666","279.0","LONS LE SAUNIER, FR","FM-12","99999","V020","180,1,N,0021,1","99999,9,9,N","999999,9,N,9","+0105,1","+0065,1","10077,1","99,0040,9,1",,,"0,000",,,,,,,,,,"999,M,+0109,1",,,"3,1,009,1,+999,9",,"4,99,0062,1","SYN017333   10109 91112",
"07390099999","1990-11-01T00:00:00","4","46.6833333","5.5166666","279.0","LONS LE SAUNIER, FR","FM-12","99999","V020","210,1,N,0031,1","99999,9,9,N","999999,9,N,9","+0084,1","+0072,1","10092,1","03,0004,9,1","06,0005,9,1",,"0,000",,"4,1,06,1",,,,,,,,,,,"2,1,005,1,+999,9","41,1","4,99,0062,1","SYN017333   69947 91112",
"07390099999","1990-11-01T06:00:00","4","46.6833333","5.5166666","279.0","LONS LE SAUNIER, FR","FM-12","99999","V020","210,1,N,0031,1","99999,9,9,N","999999,9,N,9","+0076,1","+0057,1","10105,1","03,0002,9,1","24,0052,9,1","99,0003,9,1","0,000",,"4,1,06,1",,,,,"0000,9",,"999,+0040,9","999,M,+0109,1","999,N,+0070,1",,"1,1,007,1,+999,9","21,1","4,99,0072,1","SYN047333   10109 20070 3/004 55000 69927 70052 91114",
"07390099999","1990-11-01T12:00:00","4","46.6833333","5.5166666","279.0","LONS LE SAUNIER, FR","FM-12","99999","V020","200,1,N,0051,1","99999,9,9,N","999999,9,N,9","+0102,1","+0073,1","10109,1","03,0020,9,1","06,0020,9,1",,"0,000",,,,,,,,,,,,,"8,1,001,1,+999,9",,"4,99,0088,1","SYN017333   60027 91117",
"07390099999","1990-11-01T18:00:00","4","46.6833333","5.5166666","279.0","LONS LE SAUNIER, FR","FM-12","99999","V020","160,1,N,0031,1","99999,9,9,N","999999,9,N,9","+0090,1","+0061,1","10095,1","03,0010,9,1",,,"0,000",,,,,,,,,,"999,M,+0115,1",,,"6,1,009,1,+999,9",,"4,99,0098,1","SYN023333   10115 60017 91119",
"07390099999","1990-11-02T00:00:00","4","46.6833333","5.5166666","279.0","LONS LE SAUNIER, FR","FM-12","99999","V020","200,1,N,0041,1","99999,9,9,N","999999,9,N,9","+0078,1","+0061,1","10094,1","03,0020,9,1","06,0020,9,1",,"0,000",,,,,,,,,,,,,"5,1,003,1,+999,9",,"4,99,0088,1","SYN017333   60027 91117",
"07390099999","1990-11-02T06:00:00","4","46.6833333","5.5166666","279.0","LONS LE SAUNIER, FR","FM-12","99999","V020","210,1,N,0031,1","99999,9,9,N","999999,9,N,9","+0054,1","+0045,1","10073,1","03,0040,9,1","24,0194,9,1",,"0,000",,"4,1,06,1",,,,,"0096,9",,"999,+0030,9","999,M,+0115,1","999,N,+0053,1",,"6,1,003,1,+999,9","21,1","4,99,0139,1","SYN047333   10115 20053 3/003 55016 60047 70194 91127",
"07390099999","1990-11-02T12:00:00","4","46.6833333","5.5166666","279.0","LONS LE SAUNIER, FR","FM-12","99999","V020","200,1,N,0041,1","99999,9,9,N","999999,9,N,9","+0084,1","+0035,1","10083,1","06,0000,9,1",,,"4,000",,,,,,,,,,,,,"8,1,005,1,+999,9",,"4,99,0139,1","SYN011333   91127",
"07390099999","1990-11-02T18:00:00","4","46.6833333","5.5166666","279.0","LONS LE SAUNIER, FR","FM-12","99999","V020","180,1,N,0031,1","99999,9,9,N","999999,9,N,9","+0084,1","+0033,1","10053,1","06,0000,9,1",,,"4,000",,,,,,,,,,"999,M,+0100,1",,,"6,1,009,1,+999,9",,"4,99,0088,1","SYN017333   10100 91117",
"07390099999","1990-11-03T00:00:00","4","46.6833333","5.5166666","279.0","LONS LE SAUNIER, FR","FM-12","99999","V020","220,1,N,0041,1","99999,9,9,N","999999,9,N,9","+0056,1","+0052,1","10065,1","03,0030,9,1","06,0030,9,1",,"0,000",,"4,1,06,1",,,,,,,,,,,"1,1,007,1,+999,9","41,1","4,99,0098,1","SYN017333   60037 91119",
"07390099999","1990-11-03T06:00:00","4","46.6833333","5.5166666","279.0","LONS LE SAUNIER, FR","FM-12","99999","V020","210,1,N,0031,1","99999,9,9,N","999999,9,N,9","+0050,1","+0038,1","10078,1","03,0002,9,1","24,0092,9,1","99,0003,9,1","0,000",,,,,,,"0036,9",,"999,+0050,9","999,M,+0100,1","999,N,+0050,1",,"2,1,009,1,+999,9",,"4,99,0082,1","SYN047333   10100 20050 3/005 55006 69927 70092 91116",
"07390099999","1990-11-03T12:00:00","4","46.6833333","5.5166666","279.0","LONS LE SAUNIER, FR","FM-12","99999","V020","180,1,N,0031,1","99999,9,9,N","999999,9,N,9","+0061,1","+0043,1","10094,1","03,0002,9,1","06,0003,9,1",,"0,000",,,,,,,,,,,,,"0,1,003,1,+999,9",,"4,99,0072,1","SYN017333   69927 91114",
"07390099999","1990-11-03T18:00:00","4","46.6833333","5.5166666","279.0","LONS LE SAUNIER, FR","FM-12","99999","V020","180,1,N,0010,1","99999,9,9,N","999999,9,N,9","+0038,1","+0032,1","10119,1","03,0010,9,1",,,"0,000",,"4,1,06,1",,,,,,,,"999,M,+0063,1",,,"3,1,014,1,+999,9","41,1","4,99,0072,1","SYN023333   10063 60017 91114",
"07390099999","1990-11-04T00:00:00","4","46.6833333","5.5166666","279.0","LONS LE SAUNIER, FR","FM-12","99999","V020","160,1,N,0010,1","99999,9,9,N","999999,9,N,9","+0033,1","+0027,1","10133,1","06,0000,9,1",,,"4,000",,,,,,,,,,,,,"1,1,001,1,+999,9",,"4,99,0041,1","SYN011333   91108",
"07390099999","1990-11-04T06:00:00","4","46.6833333","5.5166666","279.0","LONS LE SAUNIER, FR","FM-12","99999","V020","210,1,N,0021,1","99999,9,9,N","999999,9,N,9","+0033,1","+0030,1","10148,1","03,0002,9,1","24,0056,9,1","99,0003,9,1","0,000",,"4,1,06,1",,,,,"0012,9",,"999,+0020,9","999,M,+0063,1","999,N,+0032,1",,"3,1,009,1,+999,9","21,1","4,99,0041,1","SYN047333   10063 20032 3/002 55002 69927 70056 91108",
"07390099999","1990-11-04T12:00:00","4","46.6833333","5.5166666","279.0","LONS LE SAUNIER, FR","FM-12","99999","V020","230,1,N,0031,1","99999,9,9,N","999999,9,N,9","+0057,1","+0035,1","10158,1","06,0000,9,1",,,"4,000",,,,,,,,,,,,,"0,1,001,1,+999,9",,"4,99,0051,1","SYN011333   91110",
"07390099999","1990-11-04T18:00:00","4","46.6833333","5.5166666","279.0","LONS LE SAUNIER, FR","FM-12","99999","V020","220,1,N,0021,1","99999,9,9,N","999999,9,N,9","+0047,1","+0040,1","10168,1","03,0010,9,1",,,"0,000",,,,,,,,,,"999,M,+0059,1",,,"3,1,009,1,+999,9",,"4,99,0072,1","SYN023333   10059 60017 91114",
"07390099999","1990-11-05T00:00:00","4","46.6833333","5.5166666","279.0","LONS LE SAUNIER, FR","FM-12","99999","V020","220,1,N,0031,1","99999,9,9,N","999999,9,N,9","+0044,1","+0032,1","10183,1","06,0003,9,1",,,"0,000",,,,,,,,,,,,,"1,1,009,1,+999,9",,"4,99,0062,1","SYN011333   91112",
"07390099999","1990-11-05T06:00:00","4","46.6833333","5.5166666","279.0","LONS LE SAUNIER, FR","FM-12","99999","V020","210,1,N,0021,1","99999,9,9,N","999999,9,N,9","+0040,1","+0030,1","10191,1","24,0016,9,1","99,0003,9,1",,"0,000",,,,,,,"0000,9",,"999,+0020,9","999,M,+0059,1","999,N,+0037,1",,"3,1,003,1,+999,9",,"4,99,0041,1","SYN041333   10059 20037 3/002 55000 70016 91108",
"07390099999","1990-11-05T12:00:00","4","46.6833333","5.5166666","279.0","LONS LE SAUNIER, FR","FM-12","99999","V020","200,1,N,0010,1","99999,9,9,N","999999,9,N,9","+0045,1","+0038,1","10212,1","03,0020,9,1","06,0020,9,1",,"0,000",,"4,1,06,1",,,,,,,,,,,"0,1,005,1,+999,9","21,1","4,99,0051,1","SYN017333   60027 91110",
"07390099999","1990-11-05T18:00:00","4","46.6833333","5.5166666","279.0","LONS LE SAUNIER, FR","FM-12","99999","V020","350,1,N,0021,1","99999,9,9,N","999999,9,N,9","+0032,1","+0022,1","10225,1","99,0030,9,1",,,"0,000",,,,,,,,,,"999,M,+0060,1",,,"3,1,008,1,+999,9",,"4,99,0041,1","SYN017333   10060 91108",
"07390099999","1990-11-06T00:00:00","4","46.6833333","5.5166666","279.0","LONS LE SAUNIER, FR","FM-12","99999","V020","030,1,N,0010,1","99999,9,9,N","999999,9,N,9","+0005,1","-0005,1","10248,1","06,0000,9,1",,,"4,000",,,,,,,,,,,,,"3,1,003,1,+999,9",,"4,99,0041,1","SYN011333   91108",
"07390099999","1990-11-06T06:00:00","4","46.6833333","5.5166666","279.0","LONS LE SAUNIER, FR","FM-12","99999","V020","040,1,N,0010,1","99999,9,9,N","999999,9,N,9","-0022,1","-0027,1","10255,1","06,0000,9,1","24,0026,9,1",,"4,000",,,,,,,"0006,9",,"999,-0060,9","999,M,+0060,1","999,N,-0025,1",,"1,1,004,1,+999,9",,"4,99,0041,1","SYN041333   10060 21025 3/106 55001 70026 91108",
"07390099999","1990-11-06T12:00:00","4","46.6833333","5.5166666","279.0","LONS LE SAUNIER, FR","FM-12","99999","V020","020,1,N,0031,1","99999,9,9,N","999999,9,N,9","+0068,1","+0023,1","10260,1","06,0000,9,1",,,"4,000",,,,,,,,,,,,,"0,1,002,1,+999,9",,"4,99,0051,1","SYN011333   91110",
"07390099999","1990-11-06T18:00:00","4","46.6833333","5.5166666","279.0","LONS LE SAUNIER, FR","FM-12","99999","V020","230,1,N,0021,1","99999,9,9,N","999999,9,N,9","+0010,1","+0004,1","10278,1","06,0000,9,1",,,"4,000",,,,,,,,,,"999,M,+0082,1",,,"3,1,011,1,+999,9",,"4,99,0062,1","SYN017333   10082 91112",
"07390099999","1990-11-07T00:00:00","4","46.6833333","5.5166666","279.0","LONS LE SAUNIER, FR","FM-12","99999","V020","110,1,N,0010,1","99999,9,9,N","999999,9,N,9","-0002,1","-0006,1","10297,1","06,0000,9,1",,,"4,000",,,,,,,,,,,,,"1,1,010,1,+999,9",,"4,99,0031,1","SYN011333   91106",
"07390099999","1990-11-07T06:00:00","4","46.6833333","5.5166666","279.0","LONS LE SAUNIER, FR","FM-12","99999","V020","130,1,N,0021,1","99999,9,9,N","999999,9,N,9","-0022,1","-0026,1","10304,1","06,0000,9,1",,,"4,000",,,,,,,"0546,9",,"999,-0040,9","999,M,+0082,1","999,N,-0022,1",,"3,1,003,1,+999,9",,"4,99,0031,1","SYN035333   10082 21022 3/104 55091 91106",
"07390099999","1990-11-07T12:00:00","4","46.6833333","5.5166666","279.0","LONS LE SAUNIER, FR","FM-12","99999","V020","060,1,N,0010,1","99999,9,9,N","999999,9,N,9","-0003,1","-0013,1","10305,1","06,0000,9,1",,,"4,000",,,,,,,,,,,,,"8,1,004,1,+999,9",,"4,99,0031,1","SYN011333   91106",
"07390099999","1990-11-07T18:00:00","4","46.6833333","5.5166666","279.0","LONS LE SAUNIER, FR","FM-12","99999","V020","999,1,C,0000,1","99999,9,9,N","999999,9,N,9","-0001,1","-0009,1","10290,1","06,0000,9,1",,,"4,000",,,,,,,,,,"999,M,+0010,1",,,"8,1,006,1,+999,9",,"4,99,0031,1","SYN017333   10010 91106",
"07390099999","1990-11-08T00:00:00","4","46.6833333","5.5166666","279.0","LONS LE SAUNIER, FR","FM-12","99999","V020","200,1,N,0010,1","99999,9,9,N","999999,9,N,9","-0016,1","-0019,1","10284,1","06,0000,9,1",,,"4,000",,,,,,,,,,,,,"6,1,008,1,+999,9",,"4,99,0031,1","SYN011333   91106",
"07390099999","1990-11-08T06:00:00","4","46.6833333","5.5166666","279.0","LONS LE SAUNIER, FR","FM-12","99999","V020","999,1,C,0000,1","99999,9,9,N","999999,9,N,9","-0032,1","-0035,1","10273,1","06,0000,9,1",,,"4,000",,,,,,,"0000,9",,"999,-0030,9","999,M,+0010,1","999,N,-0033,1",,"6,1,007,1,+999,9",,"4,99,0031,1","SYN035333   10010 21033 3/103 55000 91106",
"07390099999","1990-11-08T12:00:00","4","46.6833333","5.5166666","279.0","LONS LE SAUNIER, FR","FM-12","99999","V020","320,1,N,0021,1","99999,9,9,N","999999,9,N,9","-0002,1","-0006,1","10259,1","06,0000,9,1",,,"4,000",,,,,,,,,,,,,"8,1,015,1,+999,9",,"4,99,0031,1","SYN011333   91106",
"07390099999","1990-11-08T18:00:00","4","46.6833333","5.5166666","279.0","LONS LE SAUNIER, FR","FM-12","99999","V020","070,1,N,0031,1","99999,9,9,N","999999,9,N,9","+0014,1","-0005,1","10242,1","06,0000,9,1",,,"4,000",,,,,,,,,,"999,M,+0030,1",,,"5,1,000,1,+999,9",,"4,99,0041,1","SYN017333   10030 91108",
"07390099999","1990-11-09T00:00:00","4","46.6833333","5.5166666","279.0","LONS LE SAUNIER, FR","FM-12","99999","V020","070,1,N,0051,1","99999,9,9,N","999999,9,N,9","+0022,1","-0011,1","10236,1","06,0000,9,1",,,"4,000",,,,,,,,,,,,,"5,1,003,1,+999,9",,"4,99,0062,1","SYN011333   91112",
"07390099999","1990-11-09T06:00:00","4","46.6833333","5.5166666","279.0","LONS LE SAUNIER, FR","FM-12","99999","V020","150,1,N,0021,1","99999,9,9,N","999999,9,N,9","+0001,1","-0033,1","10237,1","06,0000,9,1",,,"4,000",,,,,,,"0156,9",,"999,-0020,9","999,M,+0030,1","999,N,+0000,1",,"2,1,004,1,+999,9",,"4,99,0062,1","SYN035333   10030 20000 3/102 55026 91112",
"07390099999","1990-11-09T12:00:00","4","46.6833333","5.5166666","279.0","LONS LE SAUNIER, FR","FM-12","99999","V020","220,1,N,0010,1","99999,9,9,N","999999,9,N,9","+0063,1","+0018,1","10231,1","06,0000,9,1",,,"4,000",,,,,,,,,,,,,"8,1,006,1,+999,9",,"4,99,0031,1","SYN011333   91106",
"07390099999","1990-11-09T18:00:00","4","46.6833333","5.5166666","279.0","LONS LE SAUNIER, FR","FM-12","99999","V020","160,1,N,0041,1","99999,9,9,N","999999,9,N,9","+0090,1","+0012,1","10232,1","06,0000,9,1",,,"4,000",,,,,,,,,,"999,M,+0092,1",,,"3,1,006,1,+999,9",,"4,99,0072,1","SYN017333   10092 91114",
"07390099999","1990-11-10T00:00:00","4","46.6833333","5.5166666","279.0","LONS LE SAUNIER, FR","FM-12","99999","V020","100,1,N,0010,1","99999,9,9,N","999999,9,N,9","+0073,1","+0035,1","10232,1","06,0000,9,1",,,"4,000",,,,,,,,,,,,,"6,1,005,1,+999,9",,"4,99,0062,1","SYN011333   91112",
"07390099999","1990-11-10T06:00:00","4","46.6833333","5.5166666","279.0","LONS LE SAUNIER, FR","FM-12","99999","V020","190,1,N,0041,1","99999,9,9,N","999999,9,N,9","+0080,1","+0042,1","10225,1","06,0000,9,1",,,"4,000",,,,,,,"0252,9",,"999,+0060,9","999,M,+0092,1","999,N,+0072,1",,"3,1,001,1,+999,9",,"4,99,0088,1","SYN035333   10092 20072 3/006 55042 91117",
"07390099999","1990-11-10T12:00:00","4","46.6833333","5.5166666","279.0","LONS LE SAUNIER, FR","FM-12","99999","V020","170,1,N,0041,1","99999,9,9,N","999999,9,N,9","+0088,1","+0061,1","10224,1","03,0020,9,1","06,0020,9,1",,"9,000",,"4,1,06,1",,,,,,,,,,,"8,1,005,1,+999,9","41,1","4,99,0108,1","SYN017333   60027 91121",
"07390099999","1990-11-10T18:00:00","4","46.6833333","5.5166666","279.0","LONS LE SAUNIER, FR","FM-12","99999","V020","180,1,N,0021,1","99999,9,9,N","999999,9,N,9","+0102,1","+0046,1","10233,1","99,0030,9,1",,,"0,000",,,,,,,,,,"999,M,+0110,1",,,"3,1,012,1,+999,9",,"4,99,0098,1","SYN017333   10110 91119",
"07390099999","1990-11-11T00:00:00","4","46.6833333","5.5166666","279.0","LONS LE SAUNIER, FR","FM-12","99999","V020","150,1,N,0010,1","99999,9,9,N","999999,9,N,9","+0095,1","+0035,1","10243,1","06,0000,9,1",,,"4,000",,,,,,,,,,,,,"1,1,005,1,+999,9",,"4,99,0051,1","SYN011333   91110",
"07390099999","1990-11-11T06:00:00","4","46.6833333","5.5166666","279.0","LONS LE SAUNIER, FR","FM-12","99999","V020","180,1,N,0010,1","99999,9,9,N","999999,9,N,9","+0086,1","+0044,1","10246,1","06,0000,9,1","24,0026,9,1",,"4,000",,,,,,,"0000,9",,"999,+0070,9","999,M,+0110,1","999,N,+0085,1",,"0,1,003,1,+999,9",,"4,99,0031,1","SYN041333   10110 20085 3/007 55000 70026 91106",
"07390099999","1990-11-11T12:00:00","4","46.6833333","5.5166666","279.0","LONS LE SAUNIER, FR","FM-12","99999","V020","250,1,N,0021,1","99999,9,9,N","999999,9,N,9","+0100,1","+0056,1","10253,1","03,0002,9,1","06,0003,9,1",,"0,000",,,,,,,,,,,,,"1,1,001,1,+999,9",,"4,99,0041,1","SYN017333   69927 91108",
"07390099999","1990-11-11T18:00:00","4","46.6833333","5.5166666","279.0","LONS LE SAUNIER, FR","FM-12","99999","V020","190,1,N,0021,1","99999,9,9,N","999999,9,N,9","+0092,1","+0081,1","10266,1","99,0010,9,1",,,"0,000",,,,,,,,,,"999,M,+0103,1",,,"3,1,004,1,+999,9",,"4,99,0041,1","SYN017333   10103 91108",
"07390099999","1990-11-12T00:00:00","4","46.6833333","5.5166666","279.0","LONS LE SAUNIER, FR","FM-12","99999","V020","200,1,N,0010,1","99999,9,9,N","999999,9,N,9","+0084,1","+0078,1","10266,1","06,0000,9,1",,,"4,000",,,,,,,,,,,,,"6,1,002,1,+999,9",,"4,99,0041,1","SYN011333   91108",
"07390099999","1990-11-12T06:00:00","4","46.6833333","5.5166666","279.0","LONS LE SAUNIER, FR","FM-12","99999","V020","050,1,N,0010,1","99999,9,9,N","999999,9,N,9","+0074,1","+0071,1","10266,1","03,0002,9,1","24,0014,9,1","99,0003,9,1","0,000",,,,,,,"0000,9",,"999,+0060,9","999,M,+0103,1","999,N,+0073,1",,"3,1,001,1,+999,9",,"4,99,0031,1","SYN047333   10103 20073 3/006 55000 69927 70014 91106",
"07390099999","1990-11-12T12:00:00","4","46.6833333","5.5166666","279.0","LONS LE SAUNIER, FR","FM-12","99999","V020","330,1,N,0021,1","99999,9,9,N","999999,9,N,9","+0099,1","+0077,1","10265,1","06,0000,9,1",,,"4,000",,,,,,,,,,,,,"8,1,005,1,+999,9",,"4,99,0051,1","SYN011333   91110",
"07390099999","1990-11-12T18:00:00","4","46.6833333","5.5166666","279.0","LONS LE SAUNIER, FR","FM-12","99999","V020","010,1,N,0021,1","99999,9,9,N","999999,9,N,9","+0074,1","+0068,1","10273,1","06,0000,9,1",,,"4,000",,,,,,,,,,"999,M,+0113,1",,,"2,1,008,1,+999,9",,"4,99,0062,1","SYN017333   10113 91112",
"07390099999","1990-11-13T00:00:00","4","46.6833333","5.5166666","279.0","LONS LE SAUNIER, FR","FM-12","99999","V020","150,1,N,0010,1","99999,9,9,N","999999,9,N,9","+0059,1","+0055,1","10277,1","06,0000,9,1",,,"4,000",,,,,,,,,,,,,"8,1,004,1,+999,9",,"4,99,0041,1","SYN011333   91108",
"07390099999","1990-11-13T06:00:00","4","46.6833333","5.5166666","279.0","LONS LE SAUNIER, FR","FM-12","99999","V020","100,1,N,0031,1","99999,9,9,N","999999,9,N,9","+0041,1","+0029,1","10271,1","06,0000,9,1",,,"4,000",,,,,,,"0324,9",,"999,+0040,9","999,M,+0113,1","999,N,+0041,1",,"6,1,003,1,+999,9",,"4,99,0041,1","SYN035333   10113 20041 3/004 55054 91108",
"07390099999","1990-11-14T00:00:00","4","46.6833333","5.5166666","279.0","LONS LE SAUNIER, FR","FM-12","99999","V020","160,1,N,0010,1","99999,9,9,N","999999,9,N,9","+0080,1","+0068,1","10226,1","06,0000,9,1",,,"4,000",,,,,,,,,,,,,"6,1,017,1,+999,9",,"4,99,0031,1","SYN011333   91106",
"07390099999","1990-11-14T06:00:00","4","46.6833333","5.5166666","279.0","LONS LE SAUNIER, FR","FM-12","99999","V020","160,1,N,0031,1","99999,9,9,N","999999,9,N,9","+0094,1","+0077,1","10198,1","03,0002,9,1","24,0008,9,1","99,0003,9,1","0,000",,"4,1,06,1",,,,,"0012,9",,"999,+0070,9","999,M,+9999,9","999,N,+0070,1",,"8,1,011,1,+999,9","21,1","4,99,0051,1","SYN047333   10081 20070 3/007 55002 69927 70008 91110","Q01 +00812ATMX  "
"07390099999","1990-11-14T12:00:00","4","46.6833333","5.5166666","279.0","LONS LE SAUNIER, FR","FM-12","99999","V020","190,1,N,0041,1","99999,9,9,N","999999,9,N,9","+0098,1","+0089,1","10186,1","03,0050,9,1","06,0050,9,1",,"0,000",,"4,1,06,1",,,,,,,,,,,"8,1,012,1,+999,9","21,1","4,99,0088,1","SYN017333   60057 91117",
"07390099999","1990-11-14T18:00:00","4","46.6833333","5.5166666","279.0","LONS LE SAUNIER, FR","FM-12","99999","V020","220,1,N,0041,1","99999,9,9,N","999999,9,N,9","+0097,1","+0092,1","10219,1","03,0020,9,1",,,"0,000",,"4,1,06,1",,,,,,,,"999,M,+0109,1",,,"3,1,018,1,+999,9","21,1","4,99,0118,1","SYN023333   10109 60027 91123",
"07390099999","1990-11-15T00:00:00","4","46.6833333","5.5166666","279.0","LONS LE SAUNIER, FR","FM-12","99999","V020","220,1,N,0031,1","99999,9,9,N","999999,9,N,9","+0094,1","+0094,1","10236,1","03,0004,9,1","06,0005,9,1",,"0,000",,"4,1,06,1",,,,,,,,,,,"3,1,003,1,+999,9","21,1","4,99,0072,1","SYN017333   69947 91114",
"07390099999","1990-11-15T06:00:00","4","46.6833333","5.5166666","279.0","LONS LE SAUNIER, FR","FM-12","99999","V020","210,1,N,0062,1","99999,9,9,N","999999,9,N,9","+0085,1","+0066,1","10217,1","03,0002,9,1","24,0096,9,1","99,0003,9,1","0,000",,,,,,,"0000,9",,"999,+0080,9","999,M,+0109,1","999,N,+0082,1",,"8,1,020,1,+999,9",,"4,99,0088,1","SYN047333   10109 20082 3/008 55000 69927 70096 91117",
"07390099999","1990-11-15T12:00:00","4","46.6833333","5.5166666","279.0","LONS LE SAUNIER, FR","FM-12","99999","V020","330,1,N,0041,1","99999,9,9,N","999999,9,N,9","+0096,1","+0054,1","10238,1","03,0010,9,1","06,0010,9,1",,"0,000",,,,,,,,,,,,,"1,1,012,1,+999,9",,"4,99,0108,1","SYN017333   60017 91121",
"07390099999","1990-11-15T18:00:00","4","46.6833333","5.5166666","279.0","LONS LE SAUNIER, FR","FM-12","99999","V020","060,1,N,0010,1","99999,9,9,N","999999,9,N,9","+0065,1","+0045,1","10278,1","99,0020,9,1",,,"0,000",,,,,,,,,,"999,M,+0104,1",,,"1,1,023,1,+999,9",,"4,99,0088,1","SYN017333   10104 91117",
"07390099999","1990-11-16T00:00:00","4","46.6833333","5.5166666","279.0","LONS LE SAUNIER, FR","FM-12","99999","V020","070,1,N,0010,1","99999,9,9,N","999999,9,N,9","+0052,1","+0039,1","10305,1","06,0000,9,1",,,"4,000",,,,,,,,,,,,,"3,1,006,1,+999,9",,"4,99,0041,1","SYN011333   91108",
"07390099999","1990-11-16T06:00:00","4","46.6833333","5.5166666","279.0","LONS LE SAUNIER, FR","FM-12","99999","V020","060,1,N,0021,1","99999,9,9,N","999999,9,N,9","+0039,1","+0027,1","10308,1","06,0000,9,1","24,0020,9,1",,"4,000",,,,,,,"0102,9",,"999,+0000,9","999,M,+0104,1","999,N,+0024,1",,"1,1,004,1,+999,9",,"4,99,0041,1","SYN041333   10104 20024 3/000 55017 70020 91108",
"07390099999","1990-11-16T12:00:00","4","46.6833333","5.5166666","279.0","LONS LE SAUNIER, FR","FM-12","99999","V020","300,1,N,0031,1","99999,9,9,N","999999,9,N,9","+0102,1","+0056,1","10298,1","06,0000,9,1",,,"4,000",,,,,,,,,,,,,"8,1,009,1,+999,9",,"4,99,0051,1","SYN011333   91110",
"07390099999","1990-11-17T00:00:00","4","46.6833333","5.5166666","279.0","LONS LE SAUNIER, FR","FM-12","99999","V020","140,1,N,0021,1","99999,9,9,N","999999,9,N,9","+0086,1","+0080,1","10290,1","03,0002,9,1","06,0003,9,1",,"0,000",,,,,,,,,,,,,"8,1,003,1,+999,9",,"4,99,0051,1","SYN017333   69927 91110",
"07390099999","1990-11-17T06:00:00","4","46.6833333","5.5166666","279.0","LONS LE SAUNIER, FR","FM-12","99999","V020","220,1,N,0031,1","99999,9,9,N","999999,9,N,9","+0098,1","+0096,1","10275,1","03,0004,9,1","24,0006,9,1","99,0005,9,1","9,000",,"4,1,06,1",,,,,"0474,9",,"999,+0050,9","999,M,+0120,1","999,N,+0072,1",,"8,1,002,1,+999,9","21,1","4,99,0051,1","SYN047333   10120 20072 3/005 55079 69947 70006 91110",
"07390099999","1990-11-17T12:00:00","4","46.6833333","5.5166666","279.0","LONS LE SAUNIER, FR","FM-12","99999","V020","220,1,N,0041,1","99999,9,9,N","999999,9,N,9","+0116,1","+0092,1","10261,1","06,0000,9,1",,,"4,000",,,,,,,,,,,,,"8,1,012,1,+999,9",,"4,99,0082,1","SYN011333   91116",
"07390099999","1990-11-17T18:00:00","4","46.6833333","5.5166666","279.0","LONS LE SAUNIER, FR","FM-12","99999","V020","230,1,N,0031,1","99999,9,9,N","999999,9,N,9","+0109,1","+0090,1","10256,1","99,0003,9,1",,,"0,000",,,,,,,,,,"999,M,+0117,1",,,"3,1,004,1,+999,9",,"4,99,0072,1","SYN017333   10117 91114",
"07390099999","1990-11-18T00:00:00","4","46.6833333","5.5166666","279.0","LONS LE SAUNIER, FR","FM-12","99999","V020","190,1,N,0041,1","99999,9,9,N","999999,9,N,9","+0093,1","+0082,1","10248,1","03,0008,9,1","06,0010,9,1",,"0,000",,"4,1,06,1",,,,,,,,,,,"5,1,003,1,+999,9","41,1","4,99,0088,1","SYN017333   69987 91117",
"07390099999","1990-11-18T06:00:00","4","46.6833333","5.5166666","279.0","LONS LE SAUNIER, FR","FM-12","99999","V020","210,1,N,0041,1","99999,9,9,N","999999,9,N,9","+0093,1","+0088,1","10231,1","03,0006,9,1","24,0054,9,1","99,0005,9,1","0,000",,,,,,,"0000,9",,"999,+0090,9","999,M,+0117,1","999,N,+0088,1",,"5,1,003,1,+999,9",,"4,99,0082,1","SYN047333   10117 20088 3/009 55000 69967 70054 91116",
"07390099999","1990-11-18T12:00:00","4","46.6833333","5.5166666","279.0","LONS LE SAUNIER, FR","FM-12","99999","V020","210,1,N,0041,1","99999,9,9,N","999999,9,N,9","+0109,1","+0083,1","10226,1","06,0005,9,1",,,"0,000",,,,,,,,,,,,,"8,1,005,1,+999,9",,"4,99,0088,1","SYN011333   91117",
"07390099999","1990-11-18T18:00:00","4","46.6833333","5.5166666","279.0","LONS LE SAUNIER, FR","FM-12","99999","V020","190,1,N,0021,1","99999,9,9,N","999999,9,N,9","+0088,1","+0063,1","10229,1","99,0005,9,1",,,"0,000",,,,,,,,,,"999,M,+0112,1",,,"2,1,006,1,+999,9",,"4,99,0098,1","SYN017333   10112 91119",
"07390099999","1990-11-19T00:00:00","4","46.6833333","5.5166666","279.0","LONS LE SAUNIER, FR","FM-12","99999","V020","200,1,N,0041,1","99999,9,9,N","999999,9,N,9","+0086,1","+0052,1","10205,1","06,0000,9,1",,,"4,000",,,,,,,,,,,,,"8,1,014,1,+999,9",,"4,99,0072,1","SYN011333   91114",
"07390099999","1990-11-19T06:00:00","4","46.6833333","5.5166666","279.0","LONS LE SAUNIER, FR","FM-12","99999","V020","220,1,N,0041,1","99999,9,9,N","999999,9,N,9","+0074,1","+0059,1","10182,1","03,0006,9,1","24,0012,9,1","99,0005,9,1","0,000",,"4,1,06,1",,,,,"0000,9",,"999,+0070,9","999,M,+0112,1","999,N,+0074,1",,"5,1,010,1,+999,9","21,1","4,99,0082,1","SYN047333   10112 20074 3/007 55000 69967 70012 91116",
"07390099999","1990-11-19T12:00:00","4","46.6833333","5.5166666","279.0","LONS LE SAUNIER, FR","FM-12","99999","V020","200,1,N,0062,1","99999,9,9,N","999999,9,N,9","+0090,1","+0054,1","10165,1","03,0006,9,2","06,0005,9,2",,"0,000",,,,,,,,,,,,,"8,1,017,1,+999,9",,"4,99,0088,1","SYN017333   69967 91117",
"07390099999","1990-11-19T18:00:00","4","46.6833333","5.5166666","279.0","LONS LE SAUNIER, FR","FM-12","99999","V020","200,1,N,0031,1","99999,9,9,N","999999,9,N,9","+0076,1","+0059,1","10110,1","03,0008,9,1","99,0010,9,1",,"0,000",,,,,,,,,,"999,M,+0093,1",,,"6,1,020,1,+999,9",,"4,99,0088,1","SYN023333   10093 69987 91117",
"07390099999","1990-11-20T00:00:00","4","46.6833333","5.5166666","279.0","LONS LE SAUNIER, FR","FM-12","99999","V020","200,1,N,0041,1","99999,9,9,N","999999,9,N,9","+0078,1","+0061,1","10105,1","06,0010,9,1",,,"0,000",,,,,,,,,,,,,"8,1,007,1,+999,9",,"4,99,0139,1","SYN011333   91127",
"07390099999","1990-11-20T12:00:00","4","46.6833333","5.5166666","279.0","LONS LE SAUNIER, FR","FM-12","99999","V020","210,1,N,0087,1","99999,9,9,N","999999,9,N,9","+0115,1","+0082,1","10011,1","03,0002,9,1","06,0003,9,1",,"0,000",,"4,1,06,1",,,,,,,,,,,"6,1,021,1,+999,9","21,1","4,99,0149,1","SYN017333   69927 91129",
"07390099999","1990-11-20T18:00:00","4","46.6833333","5.5166666","279.0","LONS LE SAUNIER, FR","FM-12","99999","V020","180,1,N,0082,1","99999,9,9,N","999999,9,N,9","+0109,1","+0085,1","09987,1","03,0020,9,1",,,"0,000",,,,,,,,,,"999,M,+0132,1",,,"5,1,003,1,+999,9",,"4,99,0180,1","SYN023333   10132 60027 91135",
"07390099999","1990-11-21T00:00:00","4","46.6833333","5.5166666","279.0","LONS LE SAUNIER, FR","FM-12","99999","V020","150,1,N,0021,1","99999,9,9,N","999999,9,N,9","+0063,1","+0048,1","10048,1","03,0040,9,1","06,0040,9,1",,"0,000",,"4,1,06,1",,,,,,,,,,,"1,1,021,1,+999,9","21,1","4,99,0149,1","SYN017333   60047 91129",
"07390099999","1990-11-21T06:00:00","4","46.6833333","5.5166666","279.0","LONS LE SAUNIER, FR","FM-12","99999","V020","120,1,N,0021,1","99999,9,9,N","999999,9,N,9","+0055,1","+0040,1","10058,1","03,0006,9,1","24,0186,9,1","99,0005,9,1","0,000",,,,,,,"0000,9",,"999,+0050,9","999,M,+0132,1","999,N,+0055,1",,"2,1,006,1,+999,9",,"4,99,0062,1","SYN047333   10132 20055 3/005 55000 69967 70186 91112",
"07390099999","1990-11-21T12:00:00","4","46.6833333","5.5166666","279.0","LONS LE SAUNIER, FR","FM-12","99999","V020","200,1,N,0021,1","99999,9,9,N","999999,9,N,9","+0061,1","+0052,1","10076,1","06,0040,9,1",,,"0,000",,,,,,,,,,,,,"0,1,000,1,+999,9",,"4,99,0051,1","SYN011333   91110",
"07390099999","1990-11-21T18:00:00","4","46.6833333","5.5166666","279.0","LONS LE SAUNIER, FR","FM-12","99999","V020","080,1,N,0021,1","99999,9,9,N","999999,9,N,9","+0054,1","+0037,1","10083,1","03,0006,9,1","99,0005,9,1",,"0,000",,"4,1,06,1",,,,,,,,"999,M,+0063,1",,,"1,1,008,1,+999,9","21,1","4,99,0031,1","SYN023333   10063 69967 91106",
"07390099999","1990-11-22T00:00:00","4","46.6833333","5.5166666","279.0","LONS LE SAUNIER, FR","FM-12","99999","V020","060,1,N,0021,1","99999,9,9,N","999999,9,N,9","+0039,1","+0026,1","10097,1","03,0030,9,1","06,0030,9,1",,"0,000",,"4,1,06,1",,,,,,,,,,,"1,1,004,1,+999,9","21,1","4,99,0051,1","SYN017333   60037 91110",
"07390099999","1990-11-22T06:00:00","4","46.6833333","5.5166666","279.0","LONS LE SAUNIER, FR","FM-12","99999","V020","360,1,N,0010,1","99999,9,9,N","999999,9,N,9","+0036,1","+0032,1","10100,1","03,0006,9,1","24,0132,9,1","99,0005,9,1","0,000",,,,,,,"0000,9",,"999,+0030,9","999,M,+0063,1","999,N,+0036,1",,"2,1,006,1,+999,9",,"4,99,0051,1","SYN047333   10063 20036 3/003 55000 69967 70132 91110",
"07390099999","1990-11-22T12:00:00","4","46.6833333","5.5166666","279.0","LONS LE SAUNIER, FR","FM-12","99999","V020","010,1,N,0021,1","99999,9,9,N","999999,9,N,9","+0046,1","+0031,1","10096,1","06,0000,9,1",,,"4,000",,,,,,,,,,,,,"8,1,007,1,+999,9",,"4,99,0051,1","SYN011333   91110",
"07390099999","1990-11-22T18:00:00","4","46.6833333","5.5166666","279.0","LONS LE SAUNIER, FR","FM-12","99999","V020","320,1,N,0021,1","99999,9,9,N","999999,9,N,9","+0036,1","+0029,1","10101,1","03,0020,9,1",,,"0,000",,"4,1,06,1",,,,,,,,"999,M,+0050,1",,,"3,1,004,1,+999,9","21,1","4,99,0072,1","SYN023333   10050 60027 91114",
"07390099999","1990-11-23T00:00:00","4","46.6833333","5.5166666","279.0","LONS LE SAUNIER, FR","FM-12","99999","V020","350,1,N,0021,1","99999,9,9,N","999999,9,N,9","+0025,1","+0019,1","10109,1","03,0020,9,1","06,0020,9,1",,"3,000",,"4,1,06,1",,,,,,,,,,,"3,1,005,1,+999,9","41,1","4,99,0062,1","SYN017333   60027 91112",
"07390099999","1990-11-23T06:00:00","4","46.6833333","5.5166666","279.0","LONS LE SAUNIER, FR","FM-12","99999","V020","090,1,N,0010,1","99999,9,9,N","999999,9,N,9","+0003,1","-0001,1","10123,1","03,0020,9,1","24,0128,9,1",,"0,000",,"4,1,06,1",,,,,"0000,9",,"999,-0010,9","999,M,+0050,1","999,N,-0002,1",,"3,1,006,1,+999,9","21,1","4,99,0041,1","SYN047333   10050 21002 3/101 55000 60027 70128 91108",
"07390099999","1990-11-23T12:00:00","4","46.6833333","5.5166666","279.0","LONS LE SAUNIER, FR","FM-12","99999","V020","180,1,N,0031,1","99999,9,9,N","999999,9,N,9","+0027,1","+0020,1","10119,1","03,0002,9,1","06,0003,9,1",,"0,000",,,,,,,,,,,,,"8,1,009,1,+999,9",,"4,99,0051,1","SYN017333   69927 91110",
"07390099999","1990-11-23T18:00:00","4","46.6833333","5.5166666","279.0","LONS LE SAUNIER, FR","FM-12","99999","V020","100,1,N,0021,1","99999,9,9,N","999999,9,N,9","+0012,1","+0000,1","10087,1","99,0010,9,1",,,"0,000",,,,,,,,,,"999,M,+0034,1",,,"8,1,019,1,+999,9",,"4,99,0051,1","SYN017333   10034 91110",
"07390099999","1990-11-24T00:00:00","4","46.6833333","5.5166666","279.0","LONS LE SAUNIER, FR","FM-12","99999","V020","140,1,N,0062,1","99999,9,9,N","999999,9,N,9","+0013,1","-0016,1","10046,1","06,0000,9,1",,,"4,000",,,,,,,,,,,,,"6,1,020,1,+999,9",,"4,99,0088,1","SYN011333   91117",
"07390099999","1990-11-24T06:00:00","4","46.6833333","5.5166666","279.0","LONS LE SAUNIER, FR","FM-12","99999","V020","180,1,N,0072,1","99999,9,9,N","999999,9,N,9","+0027,1","+0009,1","10008,1","03,0010,9,1","24,0022,9,1",,"0,000",,"4,1,06,1",,,,,"0000,9",,"999,-0030,9","999,M,+0034,1","999,N,-0001,1",,"5,1,004,1,+999,9","21,1","4,99,0139,1","SYN047333   10034 21001 3/103 55000 60017 70022 91127",
"07390099999","1990-11-24T12:00:00","4","46.6833333","5.5166666","279.0","LONS LE SAUNIER, FR","FM-12","99999","V020","180,1,N,0098,1","99999,9,9,N","999999,9,N,9","+0087,1","+0018,1","09984,1","06,0005,9,1",,,"0,000",,,,,,,,,,,,,"8,1,017,1,+999,9",,"4,99,0160,1","SYN011333   91131",
"07390099999","1990-11-24T18:00:00","4","46.6833333","5.5166666","279.0","LONS LE SAUNIER, FR","FM-12","99999","V020","180,1,N,0082,1","99999,9,9,N","999999,9,N,9","+0086,1","+0015,1","09972,1","99,0005,9,1",,,"0,000",,,,,,,,,,"999,M,+0095,1",,,"1,1,004,1,+999,9",,"4,99,0170,1","SYN017333   10095 91133",
"07390099999","1990-11-25T00:00:00","4","46.6833333","5.5166666","279.0","LONS LE SAUNIER, FR","FM-12","99999","V020","100,1,N,0021,1","99999,9,9,N","999999,9,N,9","+0052,1","+0040,1","09959,1","03,0020,9,1","06,0020,9,1",,"0,000",,"4,1,06,1",,,,,,,,,,,"8,1,018,1,+999,9","21,1","4,99,0139,1","SYN017333   60027 91127",
"07390099999","1990-11-25T06:00:00","4","46.6833333","5.5166666","279.0","LONS LE SAUNIER, FR","FM-12","99999","V020","300,1,N,0021,1","99999,9,9,N","999999,9,N,9","+0043,1","+0034,1","09899,1","03,0060,9,1","24,0112,9,1",,"0,000",,"4,1,06,1",,,,,"0210,9",,"999,+0040,9","999,M,+0095,1","999,N,+0043,1",,"8,1,027,1,+999,9","21,1","4,99,0129,1","SYN047333   10095 20043 3/004 55035 60067 70112 91125",
"07390099999","1990-11-25T12:00:00","4","46.6833333","5.5166666","279.0","LONS LE SAUNIER, FR","FM-12","99999","V020","210,1,N,0051,1","99999,9,9,N","999999,9,N,9","+0029,1","+0020,1","09904,1","03,0008,9,1","06,0010,9,1",,"0,000",,"4,1,06,1",,,,,,,,,,,"0,1,001,1,+999,9","21,1","4,99,0088,1","SYN017333   69987 91117",
"07390099999","1990-11-25T18:00:00","4","46.6833333","5.5166666","279.0","LONS LE SAUNIER, FR","FM-12","99999","V020","220,1,N,0051,1","99999,9,9,N","999999,9,N,9","+0032,1","+0025,1","09950,1","03,0002,9,1","99,0003,9,1",,"0,000",,"4,1,06,1",,,,,,,,"999,M,+0043,1",,,"1,1,030,1,+999,9","21,1","4,99,0098,1","SYN023333   10043 69927 91119",
"07390099999","1990-11-26T00:00:00","4","46.6833333","5.5166666","279.0","LONS LE SAUNIER, FR","FM-12","99999","V020","210,1,N,0021,1","99999,9,9,N","999999,9,N,9","+0037,1","+0019,1","09983,1","06,0020,9,1",,,"0,000",,,,,,,,,,,,,"3,1,014,1,+999,9",,"4,99,0082,1","SYN011333   91116",
"07390099999","1990-11-26T06:00:00","4","46.6833333","5.5166666","279.0","LONS LE SAUNIER, FR","FM-12","99999","V020","100,1,N,0031,1","99999,9,9,N","999999,9,N,9","+0046,1","+0013,1","09991,1","03,0004,9,1","24,0112,9,1","99,0005,9,1","0,000",,"4,1,06,1",,,,,"0000,9",,"999,+0010,9","999,M,+0043,1","999,N,+0024,1",,"0,1,004,1,+999,9","21,1","4,99,0088,1","SYN047333   10043 20024 3/001 55000 69947 70112 91117",
"07390099999","1990-11-26T12:00:00","4","46.6833333","5.5166666","279.0","LONS LE SAUNIER, FR","FM-12","99999","V020","170,1,N,0051,1","99999,9,9,N","999999,9,N,9","+0076,1","+0019,1","10016,1","03,0002,9,1","06,0003,9,1",,"0,000",,,,,,,,,,,,,"0,1,008,1,+999,9",,"4,99,0139,1","SYN017333   69927 91127",
"07390099999","1990-11-26T18:00:00","4","46.6833333","5.5166666","279.0","LONS LE SAUNIER, FR","FM-12","99999","V020","120,1,N,0021,1","99999,9,9,N","999999,9,N,9","+0052,1","+0010,1","10030,1","99,0003,9,1",,,"0,000",,,,,,,,,,"999,M,+0087,1",,,"2,1,012,1,+999,9",,"4,99,0082,1","SYN017333   10087 91116",
"07390099999","1990-11-27T00:00:00","4","46.6833333","5.5166666","279.0","LONS LE SAUNIER, FR","FM-12","99999","V020","090,1,N,0021,1","99999,9,9,N","999999,9,N,9","+0027,1","-0001,1","10042,1","06,0000,9,1",,,"4,000",,,,,,,,,,,,,"8,1,001,1,+999,9",,"4,99,0041,1","SYN011333   91108",
"07390099999","1990-11-27T06:00:00","4","46.6833333","5.5166666","279.0","LONS LE SAUNIER, FR","FM-12","99999","V020","010,1,N,0010,1","99999,9,9,N","999999,9,N,9","+0016,1","-0015,1","10044,1","06,0000,9,1","24,0002,9,1",,"4,000",,,,,,,"0066,9",,"999,-0020,9","999,M,+0087,1","999,N,+0015,1",,"5,1,000,1,+999,9",,"4,99,0062,1","SYN041333   10087 20015 3/102 55011 70002 91112",
"07390099999","1990-11-27T12:00:00","4","46.6833333","5.5166666","279.0","LONS LE SAUNIER, FR","FM-12","99999","V020","330,1,N,0031,1","99999,9,9,N","999999,9,N,9","+0069,1","+0018,1","10050,1","06,0000,9,1",,,"4,000",,,,,,,,,,,,,"0,1,001,1,+999,9",,"4,99,0051,1","SYN011333   91110",
"07390099999","1990-11-27T18:00:00","4","46.6833333","5.5166666","279.0","LONS LE SAUNIER, FR","FM-12","99999","V020","330,1,N,0041,1","09000,1,C,N","020000,1,N,9","+9999,9","+9999,9","10038,1","99,0003,9,1",,,"0,000",,,"01,1,+00750,9,08,9","01,1,+00990,9,09,9","03,1,+99999,9,04,9","05,99,1,03,1,03,1,00800,1,00,1,02,1",,,,"999,M,+0112,1",,,"2,1,010,1,+999,9",,"4,99,0062,1","SYN035333   10112 81825 81933 8350/ 91112",
"07390099999","1990-11-28T00:00:00","4","46.6833333","5.5166666","279.0","LONS LE SAUNIER, FR","FM-12","99999","V020","020,1,N,0051,1","99999,9,9,N","999999,9,N,9","+0027,1","+0003,1","10096,1","06,0000,9,1",,,"4,000",,,,,,,,,,,,,"1,1,005,1,+999,9",,"4,99,0088,1","SYN011333   91117",
"07390099999","1990-11-28T06:00:00","4","46.6833333","5.5166666","279.0","LONS LE SAUNIER, FR","FM-12","99999","V020","010,1,N,0051,1","99999,9,9,N","999999,9,N,9","+0017,1","+0002,1","10109,1","06,0000,9,1",,,"4,000",,,,,,,"0486,9",,"999,+0010,9","999,M,+0081,1","999,N,+0017,1",,"3,1,010,1,+999,9",,"4,99,0098,1","SYN035333   10081 20017 3/001 55081 91119",
"07390099999","1990-11-28T12:00:00","4","46.6833333","5.5166666","279.0","LONS LE SAUNIER, FR","FM-12","99999","V020","340,1,N,0041,1","99999,9,9,N","999999,9,N,9","+0037,1","+0011,1","10129,1","06,0000,9,1",,,"4,000",,,,,,,,,,,,,"1,1,005,1,+999,9",,"4,99,0098,1","SYN011333   91119",
"07390099999","1990-11-28T18:00:00","4","46.6833333","5.5166666","279.0","LONS LE SAUNIER, FR","FM-12","99999","V020","340,1,N,0021,1","99999,9,9,N","999999,9,N,9","+0025,1","+0001,1","10152,1","06,0000,9,1",,,"4,000",,,,,,,,,,"999,M,+0039,1",,,"1,1,016,1,+999,9",,"4,99,0088,1","SYN017333   10039 91117",
"07390099999","1990-11-29T00:00:00","4","46.6833333","5.5166666","279.0","LONS LE SAUNIER, FR","FM-12","99999","V020","020,1,N,0010,1","99999,9,9,N","999999,9,N,9","+0019,1","+0001,1","10170,1","06,0000,9,1",,,"4,000",,,,,,,,,,,,,"1,1,005,1,+999,9",,"4,99,0062,1","SYN011333   91112",
"07390099999","1990-11-29T06:00:00","4","46.6833333","5.5166666","279.0","LONS LE SAUNIER, FR","FM-12","99999","V020","290,1,N,0010,1","99999,9,9,N","999999,9,N,9","+0011,1","+0002,1","10176,1","06,0000,9,1",,,"4,000",,,,,,,"0000,9",,"999,+0010,9","999,M,+0039,1","999,N,+0011,1",,"3,1,004,1,+999,9",,"4,99,0021,1","SYN035333   10039 20011 3/001 55000 91104",
"07390099999","1990-11-29T12:00:00","4","46.6833333","5.5166666","279.0","LONS LE SAUNIER, FR","FM-12","99999","V020","270,1,N,0031,1","99999,9,9,N","999999,9,N,9","+0020,1","+0007,1","10186,1","06,0000,9,1",,,"4,000",,,,,,,,,,,,,"8,1,001,1,+999,9",,"4,99,0041,1","SYN011333   91108",
"07390099999","1990-11-29T18:00:00","4","46.6833333","5.5166666","279.0","LONS LE SAUNIER, FR","FM-12","99999","V020","260,1,N,0010,1","99999,9,9,N","999999,9,N,9","+0019,1","+0007,1","10190,1","06,0000,9,1",,,"4,000",,,,,,,,,,"999,M,+0021,1",,,"3,1,005,1,+999,9",,"4,99,0031,1","SYN017333   10021 91106",
"07390099999","1990-11-30T00:00:00","4","46.6833333","5.5166666","279.0","LONS LE SAUNIER, FR","FM-12","99999","V020","340,1,N,0010,1","99999,9,9,N","999999,9,N,9","+0018,1","+0005,1","10185,1","06,0000,9,1",,,"4,000",,,,,,,,,,,,,"7,1,003,1,+999,9",,"4,99,0031,1","SYN011333   91106",
"07390099999","1990-11-30T06:00:00","4","46.6833333","5.5166666","279.0","LONS LE SAUNIER, FR","FM-12","99999","V020","360,1,N,0031,1","99999,9,9,N","999999,9,N,9","+0012,1","+0002,1","10182,1","24,0008,9,1",,,"0,000",,,,,,,"0000,9",,"999,+0010,9","999,M,+0021,1","999,N,+0010,1",,"3,1,001,1,+999,9",,"4,99,0072,1","SYN041333   10021 20010 3/001 55000 70008 91114",
"07390099999","1990-11-30T12:00:00","4","46.6833333","5.5166666","279.0","LONS LE SAUNIER, FR","FM-12","99999","V020","010,1,N,0031,1","99999,9,9,N","999999,9,N,9","+0021,1","+0006,1","10196,1","06,0000,9,1",,,"4,000",,,,,,,,,,,,,"0,1,000,1,+999,9",,"4,99,0098,1","SYN011333   91119",
"07390099999","1990-12-01T00:00:00","4","46.6833333","5.5166666","279.0","LONS LE SAUNIER, FR","FM-12","99999","V020","340,1,N,0051,1","22000,1,C,N","025000,1,N,9","+0074,1","-0015,1","10067,1","06,0000,9,1",,,"4,000",,,,,,"00,99,1,00,1,00,1,99999,9,00,1,00,1",,,,,,,"2,1,002,1,+999,9",,"4,99,0170,1","SYN011333   91133",
"07390099999","1990-12-01T06:00:00","4","46.6833333","5.5166666","279.0","LONS LE SAUNIER, FR","FM-12","99999","V020","350,1,N,0021,1","99999,9,9,N","999999,9,N,9","-0024,1","-0049,1","10257,2","06,0000,9,1",,,"4,000",,,,,,,"0006,9",,"999,-0040,9","999,M,+0031,1","999,N,-0024,1",,"3,1,010,1,+999,9",,"4,99,0098,1","SYN035333   10031 21024 3/104 55001 91119","Q01+102573APOSLP"
"07390099999","1990-12-01T12:00:00","4","46.6833333","5.5166666","279.0","LONS LE SAUNIER, FR","FM-12","99999","V020","010,1,N,0072,1","99999,9,9,N","999999,9,N,9","+0006,1","-0060,1","10285,1","06,0000,9,1",,,"4,000",,,,,,,,,,,,,"1,1,007,1,+999,9",,"4,99,0139,1","SYN011333   91127",
"07390099999","1990-12-02T00:00:00","4","46.6833333","5.5166666","279.0","LONS LE SAUNIER, FR","FM-12","99999","V020","010,1,N,0041,1","99999,9,9,N","999999,9,N,9","-0037,1","-0070,1","10328,1","06,0000,9,1",,,"4,000",,,,,,,,,,,,,"8,1,005,1,+999,9",,"4,99,0088,1","SYN011333   91117",
"07390099999","1990-12-02T06:00:00","4","46.6833333","5.5166666","279.0","LONS LE SAUNIER, FR","FM-12","99999","V020","360,1,N,0021,1","99999,9,9,N","999999,9,N,9","-0039,1","-0067,1","10328,1","06,0000,9,1",,,"4,000",,,,,,,"0492,9",,"999,-0060,9","999,M,+0009,1","999,N,-0043,1",,"3,1,002,1,+999,9",,"4,99,0088,1","SYN035333   10009 21043 3/106 55082 91117",
"07390099999","1990-12-02T12:00:00","4","46.6833333","5.5166666","279.0","LONS LE SAUNIER, FR","FM-12","99999","V020","350,1,N,0031,1","99999,9,9,N","999999,9,N,9","+0032,1","-0054,1","10307,1","06,0000,9,1",,,"4,000",,,,,,,,,,,,,"8,1,016,1,+999,9",,"4,99,0088,1","SYN011333   91117",
"07390099999","1990-12-02T18:00:00","4","46.6833333","5.5166666","279.0","LONS LE SAUNIER, FR","FM-12","99999","V020","010,1,N,0041,1","99999,9,9,N","999999,9,N,9","-0001,1","-0042,1","10307,1","06,0000,9,1",,,"4,000",,,,,,,,,,"999,M,+0038,1",,,"0,1,000,1,+999,9",,"4,99,0118,1","SYN017333   10038 91123",
"07390099999","1990-12-03T00:00:00","4","46.6833333","5.5166666","279.0","LONS LE SAUNIER, FR","FM-12","99999","V020","030,1,N,0031,1","99999,9,9,N","999999,9,N,9","-0021,1","-0037,1","10296,1","06,0000,9,1",,,"4,000",,,,,,,,,,,,,"7,1,014,1,+999,9",,"4,99,0082,1","SYN011333   91116",
"07390099999","1990-12-03T06:00:00","4","46.6833333","5.5166666","279.0","LONS LE SAUNIER, FR","FM-12","99999","V020","010,1,N,0051,1","99999,9,9,N","999999,9,N,9","+0001,1","-0016,1","10258,1","06,0000,9,1",,,"4,000",,,,,,,"0498,9",,"999,-0040,9","999,M,+0038,1","999,N,-0022,1",,"6,1,017,1,+999,9",,"4,99,0098,1","SYN035333   10038 21022 3/104 55083 91119",
"07390099999","1990-12-03T12:00:00","4","46.6833333","5.5166666","279.0","LONS LE SAUNIER, FR","FM-12","99999","V020","999,1,C,0000,1","06000,1,C,N","018000,1,N,9","+0140,1","-0042,1","10230,1","06,0000,9,1",,,"4,000","9999,9,9,999999,9,9",,"05,1,+06000,9,00,9",,,"05,99,1,00,1,00,1,99999,9,00,1,02,1",,"24,9",,,,"99999,9,08692,1","4,1,000,1,+999,9",,,"SYN017333   48521 85070","Q01  05212SNDP  "
"07390099999","1990-12-03T18:00:00","4","46.6833333","5.5166666","279.0","LONS LE SAUNIER, FR","FM-12","99999","V020","220,1,N,0021,1","99999,9,9,N","999999,9,N,9","-0011,1","-0022,1","10271,1","06,0000,9,1",,,"4,000",,,,,,,,,,"999,M,+0049,1",,,"1,1,010,1,+999,9",,"4,99,0108,1","SYN017333   10049 91121",
"07390099999","1990-12-04T06:00:00","4","46.6833333","5.5166666","279.0","LONS LE SAUNIER, FR","FM-12","99999","V020","070,1,N,0031,1","99999,9,9,N","999999,9,N,9","-0002,1","-0026,1","10275,1","06,0000,9,1",,,"4,000",,,,,,,"0378,9",,"999,-0050,9","999,M,+0049,1","999,N,-0022,1",,"2,1,001,1,+999,9",,"4,99,0041,1","SYN035333   10049 21022 3/105 55063 91108",
"07390099999","1990-12-04T12:00:00","4","46.6833333","5.5166666","279.0","LONS LE SAUNIER, FR","FM-12","99999","V020","340,1,N,0021,1","99999,9,9,N","999999,9,N,9","+0032,1","-0004,1","10271,1","03,0002,9,1","06,0003,9,1",,"0,000",,,,,,,,,,,,,"8,1,010,1,+999,9",,"4,99,0051,1","SYN017333   69927 91110",
"07390099999","1990-12-04T18:00:00","4","46.6833333","5.5166666","279.0","LONS LE SAUNIER, FR","FM-12","99999","V020","360,1,N,0031,1","99999,9,9,N","999999,9,N,9","+0021,1","+0000,1","10276,1","99,0003,9,1",,,"0,000",,,,,,,,,,"999,M,+0042,1",,,"3,1,007,1,+999,9",,"4,99,0072,1","SYN017333   10042 91114",
"07390099999","1990-12-05T00:00:00","4","46.6833333","5.5166666","279.0","LONS LE SAUNIER, FR","FM-12","99999","V020","090,1,N,0010,1","99999,9,9,N","999999,9,N,9","-0008,1","-0019,1","10282,1","06,0000,9,1",,,"4,000",,,,,,,,,,,,,"5,1,000,1,+999,9",,"4,99,0098,1","SYN011333   91119",
"07390099999","1990-12-05T06:00:00","4","46.6833333","5.5166666","279.0","LONS LE SAUNIER, FR","FM-12","99999","V020","190,1,N,0010,1","99999,9,9,N","999999,9,N,9","+0003,1","-0006,1","10278,1","06,0000,9,1","24,0002,9,1",,"4,000",,,,,,,"0084,9",,"999,-0040,9","999,M,+0042,1","999,N,-0012,1",,"3,1,002,1,+999,9",,"4,99,0031,1","SYN041333   10042 21012 3/104 55014 70002 91106",
"07390099999","1990-12-05T12:00:00","4","46.6833333","5.5166666","279.0","LONS LE SAUNIER, FR","FM-12","99999","V020","030,1,N,0051,1","99999,9,9,N","999999,9,N,9","+0048,1","+0008,1","10269,1","06,0003,9,1",,,"0,000",,,,,,,,,,,,,"8,1,008,1,+999,9",,"4,99,0108,1","SYN011333   91121",
"07390099999","1990-12-05T18:00:00","4","46.6833333","5.5166666","279.0","LONS LE SAUNIER, FR","FM-12","99999","V020","010,1,N,0082,1","99999,9,9,N","999999,9,N,9","+0018,1","-0067,1","10286,1","99,0003,9,1",,,"0,000",,,,,,,,,,"999,M,+0050,1",,,"1,1,013,1,+999,9",,"4,99,0149,1","SYN017333   10050 91129",
"07390099999","1990-12-06T00:00:00","4","46.6833333","5.5166666","279.0","LONS LE SAUNIER, FR","FM-12","99999","V020","010,1,N,0041,1","99999,9,9,N","999999,9,N,9","-0013,1","-0057,1","10298,1","06,0000,9,1",,,"4,000",,,,,,,,,,,,,"2,1,002,1,+999,9",,"4,99,0108,1","SYN011333   91121",
"07390099999","1990-12-06T06:00:00","4","46.6833333","5.5166666","279.0","LONS LE SAUNIER, FR","FM-12","99999","V020","010,1,N,0051,1","99999,9,9,N","999999,9,N,9","-0029,1","-0065,1","10295,1","06,0000,9,1","24,0002,9,1",,"4,000",,,,,,,"0330,9",,"999,-0040,9","999,M,+0050,1","999,N,-0032,1",,"5,1,003,1,+999,9",,"4,99,0098,1","SYN041333   10050 21032 3/104 55055 70002 91119",
"07390099999","1990-12-06T12:00:00","4","46.6833333","5.5166666","279.0","LONS LE SAUNIER, FR","FM-12","99999","V020","340,1,N,0031,1","99999,9,9,N","999999,9,N,9","+0018,1","-0063,1","10285,1","06,0000,9,1",,,"4,000",,,,,,,,,,,,,"8,1,011,1,+999,9",,"4,99,0098,1","SYN011333   91119",
"07390099999","1990-12-06T18:00:00","4","46.6833333","5.5166666","279.0","LONS LE SAUNIER, FR","FM-12","99999","V020","030,1,N,0031,1","99999,9,9,N","999999,9,N,9","-0020,1","-0073,1","10270,1","06,0000,9,1",,,"4,000",,,,,,,,,,"999,M,+0029,1",,,"8,1,005,1,+999,9",,"4,99,0088,1","SYN017333   10029 91117",
"07390099999","1990-12-07T00:00:00","4","46.6833333","5.5166666","279.0","LONS LE SAUNIER, FR","FM-12","99999","V020","110,1,N,0010,1","99999,9,9,N","999999,9,N,9","-0057,1","-0080,1","10261,1","06,0000,9,1",,,"4,000",,,,,,,,,,,,,"6,1,006,1,+999,9",,"4,99,0051,1","SYN011333   91110",
"07390099999","1990-12-07T06:00:00","4","46.6833333","5.5166666","279.0","LONS LE SAUNIER, FR","FM-12","99999","V020","280,1,N,0010,1","99999,9,9,N","999999,9,N,9","-0068,1","-0082,1","10232,1","06,0000,9,1",,,"4,000",,,,,,,"0480,9",,"999,-0100,9","999,M,+0029,1","999,N,-0071,1",,"6,1,011,1,+999,9",,"4,99,0031,1","SYN035333   10029 21071 3/110 55080 91106",
"07390099999","1990-12-07T12:00:00","4","46.6833333","5.5166666","279.0","LONS LE SAUNIER, FR","FM-12","99999","V020","260,1,N,0021,1","99999,9,9,N","999999,9,N,9","+0008,1","-0056,1","10180,1","06,0000,9,1",,,"4,000",,,,,,,,,,,,,"6,1,034,1,+999,9",,"4,99,0041,1","SYN011333   91108",
"07390099999","1990-12-07T18:00:00","4","46.6833333","5.5166666","279.0","LONS LE SAUNIER, FR","FM-12","99999","V020","160,1,N,0021,1","99999,9,9,N","999999,9,N,9","-0029,1","-0057,1","10134,1","06,0000,9,1",,,"4,000",,,,,,,,,,"999,M,+0022,1",,,"8,1,020,1,+999,9",,"4,99,0041,1","SYN017333   10022 91108",
"07390099999","1990-12-08T00:00:00","4","46.6833333","5.5166666","279.0","LONS LE SAUNIER, FR","FM-12","99999","V020","190,1,N,0021,1","99999,9,9,N","999999,9,N,9","-0025,1","-0055,1","10099,1","06,0000,9,1",,,"4,000",,,,,,,,,,,,,"8,1,017,1,+999,9",,"4,99,0041,1","SYN011333   91108",
"07390099999","1990-12-08T06:00:00","4","46.6833333","5.5166666","279.0","LONS LE SAUNIER, FR","FM-12","99999","V020","180,1,N,0021,1","99999,9,9,N","999999,9,N,9","-0019,1","-0044,1","10061,1","06,0000,9,1",,,"4,000",,,,,,,"0432,9",,"999,-0070,9","999,M,+0022,1","999,N,-0045,1",,"6,1,017,1,+999,9",,"4,99,0072,1","SYN035333   10022 21045 3/107 55072 91114",
"07390099999","1990-12-08T12:00:00","4","46.6833333","5.5166666","279.0","LONS LE SAUNIER, FR","FM-12","99999","V020","180,1,N,0072,1","99999,9,9,N","999999,9,N,9","+0033,1","-0007,1","10047,1","06,0000,9,1",,,"4,000",,,,,,,,,,,,,"8,1,004,1,+999,9",,"4,99,0118,1","SYN011333   91123",
"07390099999","1990-12-08T18:00:00","4","46.6833333","5.5166666","279.0","LONS LE SAUNIER, FR","FM-12","99999","V020","100,1,N,0010,1","99999,9,9,N","999999,9,N,9","+0022,1","-0023,1","10038,1","06,0000,9,1",,,"4,000",,,,,,,,,,"999,M,+0051,1",,,"8,1,001,1,+999,9",,"4,99,0108,1","SYN017333   10051 91121",
"07390099999","1990-12-09T00:00:00","4","46.6833333","5.5166666","279.0","LONS LE SAUNIER, FR","FM-12","99999","V020","010,1,N,0021,1","99999,9,9,N","999999,9,N,9","-0003,1","-0009,1","10008,1","03,0020,9,1","06,0020,9,1",,"3,000",,"4,1,06,1",,,,,,,,,,,"8,1,031,1,+999,9","41,1","4,99,0041,1","SYN017333   60027 91108",
"07390099999","1990-12-09T06:00:00","4","46.6833333","5.5166666","279.0","LONS LE SAUNIER, FR","FM-12","99999","V020","200,1,N,0010,1","99999,9,9,N","999999,9,N,9","-0006,1","-0010,1","09968,1","03,0030,9,1","24,0154,9,1",,"0,000",,"4,1,06,1",,,,,"0018,9",,"999,-0010,9","999,M,+0051,1","999,N,-0006,1",,"6,1,011,1,+999,9","21,1","4,99,0041,1","SYN047333   10051 21006 3/101 55003 60037 70154 91108",
"07390099999","1990-12-09T12:00:00","4","46.6833333","5.5166666","279.0","LONS LE SAUNIER, FR","FM-12","99999","V020","999,1,C,0000,1","99999,9,9,N","999999,9,N,9","-0007,1","-0011,1","09972,1","03,0004,9,1","06,0005,9,1",,"0,000",,"4,1,06,1",,,,,,,,,,,"8,1,008,1,+999,9","21,1","4,99,0010,1","SYN017333   69947 91102",
"07390099999","1990-12-09T18:00:00","4","46.6833333","5.5166666","279.0","LONS LE SAUNIER, FR","FM-12","99999","V020","999,1,C,0000,1","99999,9,9,N","999999,9,N,9","-0008,1","-0012,1","09975,1","03,0002,9,1","99,0003,9,1",,"0,000",,,,,,,,,,"999,M,-0005,1",,,"1,1,006,1,+999,9",,"4,99,0041,1","SYN023333   11005 69927 91108",
"07390099999","1990-12-10T00:00:00","4","46.6833333","5.5166666","279.0","LONS LE SAUNIER, FR","FM-12","99999","V020","999,1,C,0000,1","99999,9,9,N","999999,9,N,9","-0009,1","-0012,1","09959,1","06,0000,9,1",,,"4,000",,,,,,,,,,,,,"8,1,011,1,+999,9",,"4,99,0010,1","SYN011333   91102",
"07390099999","1990-12-10T06:00:00","4","46.6833333","5.5166666","279.0","LONS LE SAUNIER, FR","FM-12","99999","V020","999,1,C,0000,1","99999,9,9,N","999999,9,N,9","-0014,1","-0018,1","09959,1","06,0000,9,1","24,0012,9,1",,"4,000",,,,,,,"0000,9",,"999,-0010,9","999,M,-0005,1","999,N,-0014,1",,"1,1,010,1,+999,9",,"4,99,0010,1","SYN041333   11005 21014 3/101 55000 70012 91102",
"07390099999","1990-12-10T18:00:00","4","46.6833333","5.5166666","279.0","LONS LE SAUNIER, FR","FM-12","99999","V020","999,1,C,0000,1","99999,9,9,N","999999,9,N,9","-0016,1","-0020,1","09956,1","06,0000,9,1",,,"4,000",,,,,,,,,,"999,M,-0011,1",,,"0,1,002,1,+999,9",,"4,99,0010,1","SYN017333   11011 91102",
"07390099999","1990-12-11T00:00:00","4","46.6833333","5.5166666","279.0","LONS LE SAUNIER, FR","FM-12","99999","V020","999,1,C,0000,1","99999,9,9,N","999999,9,N,9","-0016,1","-0019,1","09968,1","06,0000,9,1",,,"4,000",,,,,,,,,,,,,"3,1,008,1,+999,9",,"4,99,0010,1","SYN011333   91102",
"07390099999","1990-12-11T06:00:00","4","46.6833333","5.5166666","279.0","LONS LE SAUNIER, FR","FM-12","99999","V020","999,1,C,0000,1","99999,9,9,N","999999,9,N,9","-0037,1","-0042,1","10022,1","06,0000,9,1",,,"4,000",,,,,,,"0000,9",,"999,-0010,9","999,M,-0011,1","999,N,-0037,1",,"2,1,024,1,+999,9",,"4,99,0010,1","SYN035333   11011 21037 3/101 55000 91102",
"07390099999","1990-12-11T18:00:00","4","46.6833333","5.5166666","279.0","LONS LE SAUNIER, FR","FM-12","99999","V020","999,1,C,0000,1","99999,9,9,N","999999,9,N,9","-0035,1","-0043,1","10160,1","06,0000,9,1",,,"4,000",,,,,,,,,,"999,M,-0017,1",,,"1,1,034,1,+999,9",,"4,99,0041,1","SYN017333   11017 91108",
"07390099999","1990-12-12T00:00:00","4","46.6833333","5.5166666","279.0","LONS LE SAUNIER, FR","FM-12","99999","V020","999,1,C,0000,1","99999,9,9,N","999999,9,N,9","-0032,1","-0039,1","10179,1","06,0000,9,1",,,"4,000",,,,,,,,,,,,,"5,1,000,1,+999,9",,"4,99,0010,1","SYN011333   91102",
"07390099999","1990-12-12T06:00:00","4","46.6833333","5.5166666","279.0","LONS LE SAUNIER, FR","FM-12","99999","V020","999,1,C,0000,1","99999,9,9,N","999999,9,N,9","-0016,1","-0023,1","10139,1","06,0000,9,1",,,"4,000",,,,,,,"0066,9",,"999,-0010,9","999,M,-0017,1","999,N,-0036,1",,"8,1,033,1,+999,9",,"4,99,0000,1","SYN035333   11017 21036 3/101 55011 91100",
"07390099999","1990-12-12T12:00:00","4","46.6833333","5.5166666","279.0","LONS LE SAUNIER, FR","FM-12","99999","V020","260,1,N,0031,1","99999,9,9,N","999999,9,N,9","-0003,1","-0006,1","10092,1","06,0003,9,1",,,"0,000",,,,,,,,,,,,,"6,1,016,1,+999,9",,"4,99,0082,1","SYN011333   91116",
"07390099999","1990-12-12T18:00:00","4","46.6833333","5.5166666","279.0","LONS LE SAUNIER, FR","FM-12","99999","V020","340,1,N,0021,1","99999,9,9,N","999999,9,N,9","+0000,1","-0006,1","10110,1","99,0003,9,1",,,"0,000",,,,,,,,,,"999,M,+0003,1",,,"3,1,019,1,+999,9",,"4,99,0118,1","SYN017333   10003 91123",
"07390099999","1990-12-13T00:00:00","4","46.6833333","5.5166666","279.0","LONS LE SAUNIER, FR","FM-12","99999","V020","230,1,N,0021,1","99999,9,9,N","999999,9,N,9","-0007,1","-0011,1","10130,1","06,0000,9,1",,,"4,000",,,,,,,,,,,,,"2,1,003,1,+999,9",,"4,99,0072,1","SYN011333   91114",
"07390099999","1990-12-13T06:00:00","4","46.6833333","5.5166666","279.0","LONS LE SAUNIER, FR","FM-12","99999","V020","220,1,N,0031,1","99999,9,9,N","999999,9,N,9","-0010,1","-0013,1","10102,1","06,0000,9,1","24,0002,9,1",,"4,000",,,,,,,"0000,9",,"999,-0010,9","999,M,+0003,1","999,N,-0012,1",,"8,1,013,1,+999,9",,"4,99,0062,1","SYN041333   10003 21012 3/101 55000 70002 91112",
"07390099999","1990-12-13T12:00:00","4","46.6833333","5.5166666","279.0","LONS LE SAUNIER, FR","FM-12","99999","V020","080,1,N,0021,1","99999,9,9,N","999999,9,N,9","+0001,1","-0002,1","10130,1","06,0000,9,1",,,"4,000",,,,,,,,,,,,,"1,1,015,1,+999,9",,"4,99,0051,1","SYN011333   91110",
"07390099999","1990-12-13T18:00:00","4","46.6833333","5.5166666","279.0","LONS LE SAUNIER, FR","FM-12","99999","V020","330,1,N,0031,1","99999,9,9,N","999999,9,N,9","+0005,1","-0006,1","10164,1","06,0000,9,1",,,"4,000",,,,,,,,,,"999,M,+0007,1",,,"2,1,017,1,+999,9",,"4,99,0088,1","SYN017333   10007 91117",
"07390099999","1990-12-14T00:00:00","4","46.6833333","5.5166666","279.0","LONS LE SAUNIER, FR","FM-12","99999","V020","340,1,N,0031,1","99999,9,9,N","999999,9,N,9","+0000,1","-0014,1","10189,1","03,0008,9,1","06,0010,9,1",,"0,000",,,,,,,,,,,,,"2,1,011,1,+999,9",,"4,99,0088,1","SYN017333   69987 91117",
"07390099999","1990-12-14T06:00:00","4","46.6833333","5.5166666","279.0","LONS LE SAUNIER, FR","FM-12","99999","V020","360,1,N,0041,1","99999,9,9,N","999999,9,N,9","-0018,1","-0040,1","10201,1","24,0020,9,1",,,"0,000",,,,,,,"0000,9",,"999,-0010,9","999,M,+0007,1","999,N,-0018,1",,"3,1,008,1,+999,9",,"4,99,0129,1","SYN041333   10007 21018 3/101 55000 70020 91125",
"07390099999","1990-12-14T18:00:00","4","46.6833333","5.5166666","279.0","LONS LE SAUNIER, FR","FM-12","99999","V020","010,1,N,0041,1","99999,9,9,N","999999,9,N,9","-0012,1","-0037,1","10226,1","06,0000,9,1",,,"4,000",,,,,,,,,,"999,M,+0011,1",,,"1,1,012,1,+999,9",,"4,99,0118,1","SYN017333   10011 91123",
"07390099999","1990-12-15T00:00:00","4","46.6833333","5.5166666","279.0","LONS LE SAUNIER, FR","FM-12","99999","V020","360,1,N,0031,1","99999,9,9,N","999999,9,N,9","-0017,1","-0034,1","10223,1","06,0000,9,1",,,"4,000",,,,,,,,,,,,,"8,1,005,1,+999,9",,"4,99,0098,1","SYN011333   91119",
"07390099999","1990-12-15T12:00:00","4","46.6833333","5.5166666","279.0","LONS LE SAUNIER, FR","FM-12","99999","V020","330,1,N,0031,1","99999,9,9,N","999999,9,N,9","-0006,1","-0028,1","10218,1","06,0000,9,1",,,"4,000",,,,,,,,,,,,,"7,1,008,1,+999,9",,"4,99,0062,1","SYN011333   91112",
"07390099999","1990-12-15T18:00:00","4","46.6833333","5.5166666","279.0","LONS LE SAUNIER, FR","FM-12","99999","V020","320,1,N,0021,1","99999,9,9,N","999999,9,N,9","-0017,1","-0024,1","10225,1","99,0003,9,1",,,"0,000",,,,,,,,,,"999,M,+0005,1",,,"3,1,011,1,+999,9",,"4,99,0051,1","SYN017333   10005 91110",
"07390099999","1990-12-16T00:00:00","4","46.6833333","5.5166666","279.0","LONS LE SAUNIER, FR","FM-12","99999","V020","070,1,N,0010,1","99999,9,9,N","999999,9,N,9","-0052,1","-0059,1","10248,1","06,0000,9,1",,,"4,000",,,,,,,,,,,,,"1,1,011,1,+999,9",,"4,99,0062,1","SYN011333   91112",
"07390099999","1990-12-16T18:00:00","4","46.6833333","5.5166666","279.0","LONS LE SAUNIER, FR","FM-12","99999","V020","310,1,N,0021,1","99999,9,9,N","999999,9,N,9","-0029,1","-0057,1","10273,1","06,0000,9,1",,,"4,000",,,,,,,,,,"999,M,-0014,1",,,"1,1,006,1,+999,9",,"4,99,0108,1","SYN017333   11014 91121",
"07390099999","1990-12-17T00:00:00","4","46.6833333","5.5166666","279.0","LONS LE SAUNIER, FR","FM-12","99999","V020","230,1,N,0010,1","99999,9,9,N","999999,9,N,9","-0040,1","-0055,1","10269,1","06,0000,9,1",,,"4,000",,,,,,,,,,,,,"7,1,007,1,+999,9",,"4,99,0088,1","SYN011333   91117",
"07390099999","1990-12-17T12:00:00","4","46.6833333","5.5166666","279.0","LONS LE SAUNIER, FR","FM-12","99999","V020","250,1,N,0010,1","99999,9,9,N","999999,9,N,9","-0006,1","-0059,1","10238,1","06,0000,9,1",,,"4,000",,,,,,,,,,,,,"8,1,013,1,+999,9",,"4,99,0031,1","SYN011333   91106",
"07390099999","1990-12-17T18:00:00","4","46.6833333","5.5166666","279.0","LONS LE SAUNIER, FR","FM-12","99999","V020","999,9,9,9999,9","22000,1,C,N","020000,1,N,9","+0038,1","-0012,1","99999,9","99,0003,9,1",,,"0,000",,,,,,"03,99,1,03,1,05,1,02250,1,00,1,00,1",,,,"999,M,+0109,1",,,"2,1,003,1,+999,9",,,"SYN017333   10109 51116",
"07390099999","1990-12-18T00:00:00","4","46.6833333","5.5166666","279.0","LONS LE SAUNIER, FR","FM-12","99999","V020","140,1,N,0010,1","99999,9,9,N","999999,9,N,9","-0081,1","-0094,1","10215,1","06,0000,9,1",,,"4,000",,,,,,,,,,,,,"7,1,007,1,+999,9",,"4,99,0031,1","SYN011333   91106",
"07390099999","1990-12-18T06:00:00","4","46.6833333","5.5166666","279.0","LONS LE SAUNIER, FR","FM-12","99999","V020","070,1,N,0021,1","99999,9,9,N","999999,9,N,9","-0089,1","-0101,1","10209,1","06,0000,9,1",,,"4,000",,,,,,,"0426,9",,"999,-0130,9","999,M,+0021,1","999,N,-0091,1",,"8,1,002,1,+999,9",,"4,99,0031,1","SYN035333   10021 21091 3/113 55071 91106",
"07390099999","1990-12-18T12:00:00","4","46.6833333","5.5166666","279.0","LONS LE SAUNIER, FR","FM-12","99999","V020","050,1,N,0010,1","99999,9,9,N","999999,9,N,9","-0041,1","-0058,1","10210,1","06,0000,9,1",,,"4,000",,,,,,,,,,,,,"8,1,003,1,+999,9",,"4,99,0031,1","SYN011333   91106",
"07390099999","1990-12-18T18:00:00","4","46.6833333","5.5166666","279.0","LONS LE SAUNIER, FR","FM-12","99999","V020","050,1,N,0021,1","99999,9,9,N","999999,9,N,9","-0045,1","-0065,1","10202,1","06,0000,9,1",,,"4,000",,,,,,,,,,"999,M,-0027,1",,,"0,1,001,1,+999,9",,"4,99,0031,1","SYN017333   11027 91106",
"07390099999","1990-12-19T00:00:00","4","46.6833333","5.5166666","279.0","LONS LE SAUNIER, FR","FM-12","99999","V020","080,1,N,0010,1","99999,9,9,N","999999,9,N,9","-0042,1","-0056,1","10208,1","06,0000,9,1",,,"4,000",,,,,,,,,,,,,"3,1,001,1,+999,9",,"4,99,0041,1","SYN011333   91108",
"07390099999","1990-12-19T06:00:00","4","46.6833333","5.5166666","279.0","LONS LE SAUNIER, FR","FM-12","99999","V020","130,1,N,0021,1","99999,9,9,N","999999,9,N,9","-0033,1","-0043,1","10221,1","06,0000,9,1",,,"4,000",,,,,,,"0078,9",,"999,-0080,9","999,M,-0027,1","999,N,-0063,1",,"1,1,010,1,+999,9",,"4,99,0041,1","SYN035333   11027 21063 3/108 55013 91108",
"07390099999","1990-12-19T12:00:00","4","46.6833333","5.5166666","279.0","LONS LE SAUNIER, FR","FM-12","99999","V020","240,1,N,0010,1","99999,9,9,N","999999,9,N,9","-0012,1","-0022,1","10244,1","03,0008,9,1","06,0010,9,1",,"0,000",,"4,1,06,1",,,,,,,,,,,"1,1,009,1,+999,9","21,1","4,99,0031,1","SYN017333   69987 91106",
"07390099999","1990-12-19T18:00:00","4","46.6833333","5.5166666","279.0","LONS LE SAUNIER, FR","FM-12","99999","V020","999,1,C,0000,1","99999,9,9,N","999999,9,N,9","-0023,1","-0028,1","10275,1","03,0004,9,1","99,0005,9,1",,"0,000",,,,,,,,,,"999,M,-0012,1",,,"3,1,019,1,+999,9",,"4,99,0031,1","SYN023333   11012 69947 91106",
"07390099999","1990-12-20T00:00:00","4","46.6833333","5.5166666","279.0","LONS LE SAUNIER, FR","FM-12","99999","V020","340,1,N,0021,1","99999,9,9,N","999999,9,N,9","-0032,1","-0042,1","10304,1","06,0000,9,1",,,"4,000",,,,,,,,,,,,,"3,1,007,1,+999,9",,"4,99,0041,1","SYN011333   91108",
"07390099999","1990-12-20T06:00:00","4","46.6833333","5.5166666","279.0","LONS LE SAUNIER, FR","FM-12","99999","V020","360,1,N,0010,1","99999,9,9,N","999999,9,N,9","-0043,1","-0053,1","10319,1","06,0000,9,1","24,0014,9,1",,"4,000",,,,,,,"0000,9",,"999,-0060,9","999,M,-0012,1","999,N,-0047,1",,"3,1,009,1,+999,9",,"4,99,0041,1","SYN041333   11012 21047 3/106 55000 70014 91108",
"07390099999","1990-12-20T12:00:00","4","46.6833333","5.5166666","279.0","LONS LE SAUNIER, FR","FM-12","99999","V020","060,1,N,0010,1","99999,9,9,N","999999,9,N,9","-0016,1","-0044,1","10311,1","06,0000,9,1",,,"4,000",,,,,,,,,,,,,"8,1,001,1,+999,9",,"4,99,0051,1","SYN011333   91110",
"07390099999","1990-12-20T18:00:00","4","46.6833333","5.5166666","279.0","LONS LE SAUNIER, FR","FM-12","99999","V020","160,1,N,0010,1","99999,9,9,N","999999,9,N,9","-0019,1","-0035,1","10302,1",,,,"2,000",,,,,,,,,,,,,"3,1,001,1,+999,9",,,"SYN003333",
"07390099999","1990-12-21T00:00:00","4","46.6833333","5.5166666","279.0","LONS LE SAUNIER, FR","FM-12","99999","V020","140,1,N,0051,1","99999,9,9,N","999999,9,N,9","-0025,1","-0042,1","10282,1","06,0000,9,1",,,"4,000",,,,,,,,,,,,,"8,1,017,1,+999,9",,"4,99,0072,1","SYN011333   91114",
"07390099999","1990-12-21T06:00:00","4","46.6833333","5.5166666","279.0","LONS LE SAUNIER, FR","FM-12","99999","V020","160,1,N,0031,1","99999,9,9,N","999999,9,N,9","-0022,1","-0029,1","10272,1","03,0010,9,1",,,"0,000",,"4,1,06,1",,,,,,,"999,-0040,9","999,N,-0026,1",,,"6,1,005,1,+999,9","21,1","4,99,0051,1","SYN035333   21026 3/104 55/// 60017 91110",
"07390099999","1990-12-21T12:00:00","4","46.6833333","5.5166666","279.0","LONS LE SAUNIER, FR","FM-12","99999","V020","180,1,N,0021,1","99999,9,9,N","999999,9,N,9","-0006,1","-0010,1","10267,1","03,0020,9,1","06,0020,9,1",,"0,000",,"4,1,06,1",,,,,,,,,,,"8,1,004,1,+999,9","21,1","4,99,0072,1","SYN017333   60027 91114",
"07390099999","1990-12-21T18:00:00","4","46.6833333","5.5166666","279.0","LONS LE SAUNIER, FR","FM-12","99999","V020","150,1,N,0031,1","99999,9,9,N","999999,9,N,9","+0013,1","+0004,1","10265,1","03,0020,9,1",,,"0,000",,"4,1,06,1",,,,,,,,"999,M,+0014,1",,,"1,1,008,1,+999,9","21,1","4,99,0041,1","SYN023333   10014 60027 91108",
"07390099999","1990-12-22T00:00:00","4","46.6833333","5.5166666","279.0","LONS LE SAUNIER, FR","FM-12","99999","V020","140,1,N,0021,1","99999,9,9,N","999999,9,N,9","+0015,1","+0011,1","10272,1","03,0004,9,1","06,0005,9,1",,"0,000",,,,,,,,,,,,,"2,1,002,1,+999,9",,"4,99,0041,1","SYN017333   69947 91108",
"07390099999","1990-12-22T06:00:00","4","46.6833333","5.5166666","279.0","LONS LE SAUNIER, FR","FM-12","99999","V020","160,1,N,0010,1","99999,9,9,N","999999,9,N,9","+0021,1","+0014,1","10269,1","03,0002,9,1","24,0098,9,1","99,0003,9,1","0,000",,,,,,,"0000,9",,"999,-0010,9","999,M,+9999,9","999,N,+0012,1",,"5,1,000,1,+999,9",,"4,99,0031,1","SYN047333   10014 20012 3/101 55000 69927 70098 91106","Q01 +00142ATMX  "
"07390099999","1990-12-22T12:00:00","4","46.6833333","5.5166666","279.0","LONS LE SAUNIER, FR","FM-12","99999","V020","220,1,N,0010,1","99999,9,9,N","999999,9,N,9","+0027,1","+0023,1","10279,1","06,0000,9,1",,,"4,000",,,,,,,,,,,,,"8,1,002,1,+999,9",,"4,99,0031,1","SYN011333   91106",
"07390099999","1990-12-22T18:00:00","4","46.6833333","5.5166666","279.0","LONS LE SAUNIER, FR","FM-12","99999","V020","999,1,C,0000,1","99999,9,9,N","999999,9,N,9","+0024,1","+0021,1","10281,1","06,0000,9,1",,,"4,000",,,,,,,,,,"999,M,+0034,1",,,"2,1,007,1,+999,9",,"4,99,0021,1","SYN017333   10034 91104",
"07390099999","1990-12-23T00:00:00","4","46.6833333","5.5166666","279.0","LONS LE SAUNIER, FR","FM-12","99999","V020","180,1,N,0010,1","99999,9,9,N","999999,9,N,9","+0014,1","+0011,1","10270,1","06,0000,9,1",,,"4,000",,,,,,,,,,,,,"6,1,009,1,+999,9",,"4,99,0031,1","SYN011333   91106",
"07390099999","1990-12-23T06:00:00","4","46.6833333","5.5166666","279.0","LONS LE SAUNIER, FR","FM-12","99999","V020","999,1,C,0000,1","99999,9,9,N","999999,9,N,9","+0012,1","+0009,1","10255,1","06,0000,9,1",,,"4,000",,,,,,,"0000,9",,"999,+0000,9","999,M,+0034,1","999,N,+0008,1",,"6,1,004,1,+999,9",,"4,99,0031,1","SYN035333   10034 20008 3/000 55000 91106",
"07390099999","1990-12-23T12:00:00","4","46.6833333","5.5166666","279.0","LONS LE SAUNIER, FR","FM-12","99999","V020","200,1,N,0010,1","99999,9,9,N","999999,9,N,9","+0015,1","+0012,1","10250,1","06,0000,9,1",,,"4,000",,,,,,,,,,,,,"8,1,006,1,+999,9",,"4,99,0021,1","SYN011333   91104",
"07390099999","1990-12-23T18:00:00","4","46.6833333","5.5166666","279.0","LONS LE SAUNIER, FR","FM-12","99999","V020","100,1,N,0010,1","99999,9,9,N","999999,9,N,9","+0005,1","+0001,1","10232,1","06,0000,9,1",,,"4,000",,,,,,,,,,"999,M,+0024,1",,,"6,1,006,1,+999,9",,"4,99,0031,1","SYN017333   10024 91106",
"07390099999","1990-12-24T00:00:00","4","46.6833333","5.5166666","279.0","LONS LE SAUNIER, FR","FM-12","99999","V020","180,1,N,0010,1","99999,9,9,N","999999,9,N,9","-0007,1","-0010,1","10223,1","06,0000,9,1",,,"4,000",,,,,,,,,,,,,"8,1,005,1,+999,9",,"4,99,0031,1","SYN011333   91106",
"07390099999","1990-12-24T06:00:00","4","46.6833333","5.5166666","279.0","LONS LE SAUNIER, FR","FM-12","99999","V020","280,1,N,0010,1","99999,9,9,N","999999,9,N,9","-0021,1","-0024,1","10204,1","06,0000,9,1",,,"4,000",,,,,,,"0000,9",,"999,-0020,9","999,M,+0024,1","999,N,-0023,1",,"6,1,014,1,+999,9",,"4,99,0021,1","SYN035333   10024 21023 3/102 55000 91104",
"07390099999","1990-12-24T12:00:00","4","46.6833333","5.5166666","279.0","LONS LE SAUNIER, FR","FM-12","99999","V020","290,1,N,0010,1","99999,9,9,N","999999,9,N,9","-0017,1","-0020,1","10206,1","06,0000,9,1",,,"4,000",,,,,,,,,,,,,"3,1,001,1,+999,9",,"4,99,0031,1","SYN011333   91106",
"07390099999","1990-12-24T18:00:00","4","46.6833333","5.5166666","279.0","LONS LE SAUNIER, FR","FM-12","99999","V020","140,1,N,0010,1","99999,9,9,N","999999,9,N,9","-0020,1","-0023,1","10219,1","06,0000,9,1",,,"4,000",,,,,,,,,,"999,M,-0012,1",,,"3,1,013,1,+999,9",,"4,99,0031,1","SYN017333   11012 91106",
"07390099999","1990-12-25T00:00:00","4","46.6833333","5.5166666","279.0","LONS LE SAUNIER, FR","FM-12","99999","V020","150,1,N,0010,1","99999,9,9,N","999999,9,N,9","-0021,1","-0024,1","10224,1","06,0000,9,1",,,"4,000",,,,,,,,,,,,,"8,1,001,1,+999,9",,"4,99,0021,1","SYN011333   91104",
"07390099999","1990-12-25T06:00:00","4","46.6833333","5.5166666","279.0","LONS LE SAUNIER, FR","FM-12","99999","V020","280,1,N,0021,1","99999,9,9,N","999999,9,N,9","-0035,1","-0038,1","10216,1","06,0000,9,1",,,"4,000",,,,,,,"0000,9",,"999,-0040,9","999,M,-0012,1","999,N,-0037,1",,"6,1,008,1,+999,9",,"4,99,0041,1","SYN035333   11012 21037 3/104 55000 91108",
"07390099999","1990-12-25T12:00:00","4","46.6833333","5.5166666","279.0","LONS LE SAUNIER, FR","FM-12","99999","V020","220,1,N,0031,1","99999,9,9,N","999999,9,N,9","+0016,1","+0004,1","10176,1","06,0000,9,1",,,"4,000",,,,,,,,,,,,,"8,1,033,1,+999,9",,"4,99,0051,1","SYN011333   91110",
"07390099999","1990-12-25T18:00:00","4","46.6833333","5.5166666","279.0","LONS LE SAUNIER, FR","FM-12","99999","V020","190,1,N,0098,1","99999,9,9,N","999999,9,N,9","+0060,1","-0005,1","10108,1","06,0000,9,1",,,"4,000",,,,,,,,,,"999,M,+0061,1",,,"8,1,017,1,+999,9",,"4,99,0180,1","SYN017333   10061 91135",
"07390099999","1990-12-26T00:00:00","4","46.6833333","5.5166666","279.0","LONS LE SAUNIER, FR","FM-12","99999","V020","190,1,N,0087,1","99999,9,9,N","999999,9,N,9","+0037,1","+0016,1","10120,1","03,0050,9,1","06,0050,9,1",,"0,000",,"4,1,06,1",,,,,,,,,,,"1,1,011,1,+999,9","41,1","4,99,0221,1","SYN017333   60057 91143",
"07390099999","1990-12-26T06:00:00","4","46.6833333","5.5166666","279.0","LONS LE SAUNIER, FR","FM-12","99999","V020","140,1,N,0010,1","99999,9,9,N","999999,9,N,9","+0025,1","+0013,1","10168,1","24,0086,9,1",,,"0,000",,,,,,,"0090,9",,"999,+0000,9","999,M,+0061,1","999,N,+0024,1",,"1,1,019,1,+999,9",,"4,99,0149,1","SYN041333   10061 20024 3/000 55015 70086 91129",
"07390099999","1990-12-26T12:00:00","4","46.6833333","5.5166666","279.0","LONS LE SAUNIER, FR","FM-12","99999","V020","180,1,N,0051,1","99999,9,9,N","999999,9,N,9","+0051,1","-0005,1","10167,1","06,0000,9,1",,,"4,000",,,,,,,,,,,,,"8,1,013,1,+999,9",,"4,99,0082,1","SYN011333   91116",
"07390099999","1990-12-26T18:00:00","4","46.6833333","5.5166666","279.0","LONS LE SAUNIER, FR","FM-12","99999","V020","180,1,N,0072,1","99999,9,9,N","999999,9,N,9","+0053,1","-0054,1","10108,1","06,0000,9,1",,,"4,000",,,,,,,,,,"999,M,+0055,1",,,"6,1,021,1,+999,9",,"4,99,0149,1","SYN017333   10055 91129",
"07390099999","1990-12-27T00:00:00","4","46.6833333","5.5166666","279.0","LONS LE SAUNIER, FR","FM-12","99999","V020","190,1,N,0098,1","99999,9,9,N","999999,9,N,9","+0053,1","+0025,1","10085,1","06,0020,9,1",,,"0,000",,,,,,,,,,,,,"5,1,003,1,+999,9",,"4,99,0211,1","SYN011333   91141",
"07390099999","1990-12-27T06:00:00","4","46.6833333","5.5166666","279.0","LONS LE SAUNIER, FR","FM-12","99999","V020","210,1,N,0051,1","99999,9,9,N","999999,9,N,9","+0049,1","+0032,1","10113,1","03,0030,9,1","24,0048,9,1",,"0,000",,,,,,,"0234,9",,"999,+0010,9","999,M,+0055,1","999,N,+0030,1",,"3,1,015,1,+999,9",,"4,99,0160,1","SYN047333   10055 20030 3/001 55039 60037 70048 91131",
"07390099999","1990-12-27T12:00:00","4","46.6833333","5.5166666","279.0","LONS LE SAUNIER, FR","FM-12","99999","V020","220,1,N,0062,1","99999,9,9,N","999999,9,N,9","+0071,1","+0033,1","10153,1","06,0000,9,1",,,"4,000",,,,,,,,,,,,,"1,1,010,1,+999,9",,"4,99,0088,1","SYN011333   91117",
"07390099999","1990-12-27T18:00:00","4","46.6833333","5.5166666","279.0","LONS LE SAUNIER, FR","FM-12","99999","V020","220,1,N,0041,1","99999,9,9,N","999999,9,N,9","+0054,1","+0017,1","10177,1","03,0006,9,1","99,0005,9,1",,"0,000",,,,,,,,,,"999,M,+0079,1",,,"1,1,022,1,+999,9",,"4,99,0118,1","SYN023333   10079 69967 91123",
"07390099999","1990-12-28T00:00:00","4","46.6833333","5.5166666","279.0","LONS LE SAUNIER, FR","FM-12","99999","V020","130,1,N,0021,1","99999,9,9,N","999999,9,N,9","+0027,1","+0014,1","10222,1","06,0010,9,1",,,"0,000",,,,,,,,,,,,,"1,1,011,1,+999,9",,"4,99,0082,1","SYN011333   91116",
"07390099999","1990-12-28T06:00:00","4","46.6833333","5.5166666","279.0","LONS LE SAUNIER, FR","FM-12","99999","V020","150,1,N,0010,1","99999,9,9,N","999999,9,N,9","+0025,1","+0007,1","10232,1","24,0018,9,1","99,0010,9,1",,"0,000",,,,,,,"0096,9",,"999,+0010,9","999,M,+0079,1","999,N,+0024,1",,"0,1,002,1,+999,9",,"4,99,0041,1","SYN041333   10079 20024 3/001 55016 70018 91108",
"07390099999","1990-12-28T12:00:00","4","46.6833333","5.5166666","279.0","LONS LE SAUNIER, FR","FM-12","99999","V020","240,1,N,0021,1","99999,9,9,N","999999,9,N,9","+0046,1","+0020,1","10217,1","06,0000,9,1",,,"4,000",,,,,,,,,,,,,"8,1,012,1,+999,9",,"4,99,0051,1","SYN011333   91110",
"07390099999","1990-12-28T18:00:00","4","46.6833333","5.5166666","279.0","LONS LE SAUNIER, FR","FM-12","99999","V020","190,1,N,0031,1","99999,9,9,N","999999,9,N,9","+0045,1","-0013,1","10195,1","06,0000,9,1",,,"4,000",,,,,,,,,,"999,M,+0062,1",,,"6,1,012,1,+999,9",,"4,99,0072,1","SYN017333   10062 91114",
"07390099999","1990-12-29T00:00:00","4","46.6833333","5.5166666","279.0","LONS LE SAUNIER, FR","FM-12","99999","V020","200,1,N,0062,1","99999,9,9,N","999999,9,N,9","+0057,1","+0029,1","10189,1","06,0000,9,1",,,"4,000",,,,,,,,,,,,,"8,1,004,1,+999,9",,"4,99,0139,1","SYN011333   91127",
"07390099999","1990-12-29T06:00:00","4","46.6833333","5.5166666","279.0","LONS LE SAUNIER, FR","FM-12","99999","V020","200,1,N,0062,1","99999,9,9,N","999999,9,N,9","+0068,1","+0053,1","10181,1","03,0030,9,1","24,0030,9,1",,"0,000",,"4,1,06,1",,,,,"0276,9",,"999,+0030,9","999,M,+9999,9","999,N,+0044,1",,"5,1,005,1,+999,9","41,1","4,99,0139,1","SYN047333   10062 20044 3/003 55046 60037 70030 91127","Q01 +00622ATMX  "
"07390099999","1990-12-29T12:00:00","4","46.6833333","5.5166666","279.0","LONS LE SAUNIER, FR","FM-12","99999","V020","180,1,N,0072,1","99999,9,9,N","999999,9,N,9","+0106,1","+0060,1","10179,1","06,0005,9,1",,,"0,000",,,,,,,,,,,,,"8,1,007,1,+999,9",,"4,99,0139,1","SYN011333   91127",
"07390099999","1990-12-30T00:00:00","4","46.6833333","5.5166666","279.0","LONS LE SAUNIER, FR","FM-12","99999","V020","190,1,N,0072,1","99999,9,9,N","999999,9,N,9","+0103,1","+0049,1","10211,1","06,0000,9,1",,,"4,000",,,,,,,,,,,,,"3,1,007,1,+999,9",,"4,99,0149,1","SYN011333   91129",
"07390099999","1990-12-30T06:00:00","4","46.6833333","5.5166666","279.0","LONS LE SAUNIER, FR","FM-12","99999","V020","190,1,N,0062,1","99999,9,9,N","999999,9,N,9","+0108,1","+0053,1","10227,1","06,0000,9,1","24,0004,9,1",,"4,000",,,,,,,"0048,9",,"999,+0090,9","999,M,+0113,1","999,N,+0100,1",,"3,1,007,1,+999,9",,"4,99,0108,1","SYN041333   10113 20100 3/009 55008 70004 91121",
"07390099999","1990-12-30T12:00:00","4","46.6833333","5.5166666","279.0","LONS LE SAUNIER, FR","FM-12","99999","V020","200,1,N,0041,1","99999,9,9,N","999999,9,N,9","+0104,1","+0069,1","10237,1","03,0006,9,2","06,0005,9,2",,"0,000",,"4,1,06,1",,,,,,,,,,,"8,1,003,1,+999,9","21,1","4,99,0098,1","SYN017333   69967 91119",
"07390099999","1990-12-30T18:00:00","4","46.6833333","5.5166666","279.0","LONS LE SAUNIER, FR","FM-12","99999","V020","120,1,N,0010,1","99999,9,9,N","999999,9,N,9","+0089,1","+0070,1","10253,1","99,0005,9,1",,,"0,000",,,,,,,,,,"999,M,+0109,1",,,"3,1,005,1,+999,9",,"4,99,0062,1","SYN017333   10109 91112",
"07390099999","1990-12-31T00:00:00","4","46.6833333","5.5166666","279.0","LONS LE SAUNIER, FR","FM-12","99999","V020","300,1,N,0031,1","99999,9,9,N","999999,9,N,9","+0077,1","+0070,1","10247,1","03,0006,9,2","06,0005,9,2",,"0,000",,"4,1,06,1",,,,,,,,,,,"6,1,008,1,+999,9","21,1","4,99,0051,1","SYN017333   69967 91110",
"07390099999","1990-12-31T06:00:00","4","46.6833333","5.5166666","279.0","LONS LE SAUNIER, FR","FM-12","99999","V020","130,1,N,0021,1","99999,9,9,N","999999,9,N,9","+0074,1","+0067,1","10222,1","24,0044,9,1",,,"0,000",,,,,,,"0000,9",,"999,+0070,9","999,M,+0109,1","999,N,+0069,1",,"7,1,016,1,+999,9",,"4,99,0041,1","SYN041333   10109 20069 3/007 55000 70044 91108",
"07390099999","1990-12-31T12:00:00","4","46.6833333","5.5166666","279.0","LONS LE SAUNIER, FR","FM-12","99999","V020","180,1,N,0062,1","99999,9,9,N","999999,9,N,9","+0091,1","+0075,1","10199,1","03,0002,9,1","06,0003,9,1",,"0,000",,"4,1,06,1",,,,,,,,,,,"6,1,011,1,+999,9","41,1","4,99,0098,1","SYN017333   69927 91119",
"07390099999","1990-12-31T18:00:00","4","46.6833333","5.5166666","279.0","LONS LE SAUNIER, FR","FM-12","99999","V020","240,1,N,0021,1","99999,9,9,N","999999,9,N,9","+0084,1","+0080,1","10200,1","03,0010,9,1",,,"0,000",,"4,1,06,1",,,,,,,,"999,M,+0096,1",,,"3,1,009,1,+999,9","41,1","4,99,0098,1","SYN023333   10096 60017 91119",
