"STATION","DATE","SOURCE","LATITUDE","LONGITUDE","ELEVATION","NAME","REPORT_TYPE","CALL_SIGN","QUALITY_CONTROL","WND","CIG","VIS","TMP","DEW","SLP","AA1","AA2","AA3","AG1","AL1","AL2","AY1","AY2","GA1","GA2","GA3","GF1","GJ1","IA2","KA1","KA2","MA1","MD1","ME1","MW1","OA1","REM","EQD"
"07555099999","1990-01-02T09:00:00","4","44.177776","2.515","616.91","CASSAGNES BEGONHES, FR","FM-12","99999","V020","999,1,C,0000,1","22000,1,C,N","010000,1,N,9","+0014,1","+0010,1","99999,9",,,,"2,000",,,,,,,,"02,99,1,02,1,00,1,02250,1,08,1,00,1",,,,,"99999,9,10000,1",,,,,,
"07555099999","1990-01-02T12:00:00","4","44.177776","2.515","616.91","CASSAGNES BEGONHES, FR","FM-12","99999","V020","040,1,N,0031,1","00750,1,C,N","010000,1,N,9","+0054,1","+0022,1","99999,9","06,0000,9,1",,,"4,000",,,,,,,,"06,99,1,06,1,02,1,00800,1,00,1,00,1",,,,,"99999,9,10000,1",,,,,,
"07555099999","1990-01-02T15:00:00","4","44.177776","2.515","616.91","CASSAGNES BEGONHES, FR","FM-12","99999","V020","020,1,N,0031,1","01500,1,C,N","010000,1,N,9","+0052,1","+0012,1","99999,9",,,,"2,000",,,,,,,,"06,99,1,06,1,02,1,01750,1,00,1,00,1",,,,,"99999,9,10000,1",,,,,,
"07555099999","1990-01-03T09:00:00","4","44.177776","2.515","616.91","CASSAGNES BEGONHES, FR","FM-12","99999","V020","999,1,C,0000,1","22000,1,C,N","010000,1,N,9","+0006,1","-0040,1","99999,9",,,,"2,000",,,,,,,,"05,99,1,00,1,00,1,99999,9,00,1,04,1",,,,,"99999,9,10000,1",,,,,,
"07555099999","1990-01-03T12:00:00","4","44.177776","2.515","616.91","CASSAGNES BEGONHES, FR","FM-12","99999","V020","120,1,N,0051,1","00210,1,C,N","010000,1,N,9","+0042,1","+0012,1","99999,9","06,0000,9,1",,,"4,000",,,,,,,,"08,99,1,08,1,05,1,00250,1,99,9,99,9",,,,,"99999,9,10000,1",,,,,,
"07555099999","1990-01-03T15:00:00","4","44.177776","2.515","616.91","CASSAGNES BEGONHES, FR","FM-12","99999","V020","140,1,N,0062,1","00120,1,C,N","004000,1,N,9","+0040,1","+0030,1","99999,9",,,,"2,000",,,"5,1,03,1","2,1,03,1",,,,"08,99,1,08,1,05,1,00150,1,99,9,99,9",,,,,"99999,9,10000,1",,,"50,1",,,
"07555099999","1990-01-04T09:00:00","4","44.177776","2.515","616.91","CASSAGNES BEGONHES, FR","FM-12","99999","V020","999,1,C,0000,1","22000,1,C,N","020000,1,N,9","+0014,1","-0060,1","99999,9",,,,"2,000",,,,,,,,"02,99,1,02,1,00,1,99999,9,08,1,00,1",,,,,"99999,9,10000,1",,,,,,
"07555099999","1990-01-04T12:00:00","4","44.177776","2.515","616.91","CASSAGNES BEGONHES, FR","FM-12","99999","V020","999,1,V,0010,1","22000,1,C,N","020000,1,N,9","+0070,1","-0053,1","99999,9","06,0000,9,1",,,"4,000",,,,,,,,"01,99,1,01,1,01,1,02250,1,00,1,00,1",,,,,"99999,9,10000,1",,,,,,
"07555099999","1990-01-04T15:00:00","4","44.177776","2.515","616.91","CASSAGNES BEGONHES, FR","FM-12","99999","V020","999,1,V,0010,1","22000,1,C,N","020000,1,N,9","+0080,1","-0036,1","99999,9",,,,"2,000",,,,,,,,"00,99,1,00,1,00,1,99999,9,00,1,00,1",,,,,"99999,9,10000,1",,,,,,
"07555099999","1990-01-05T09:00:00","4","44.177776","2.515","616.91","CASSAGNES BEGONHES, FR","FM-12","99999","V020","999,1,C,0000,1","22000,1,C,N","020000,1,N,9","+0000,1","-0015,1","99999,9",,,,"2,000",,,,,,,,"00,99,1,00,1,00,1,99999,9,00,1,00,1",,,,,"99999,9,10000,1",,,,,,
"07555099999","1990-01-05T12:00:00","4","44.177776","2.515","616.91","CASSAGNES BEGONHES, FR","FM-12","99999","V020","999,1,C,0000,1","22000,1,C,N","020000,1,N,9","+0080,1","-0026,1","99999,9","06,0000,9,1",,,"4,000",,,,,,,,"00,99,1,00,1,00,1,99999,9,00,1,00,1",,,,,"99999,9,10000,1",,,,,,
"07555099999","1990-01-05T15:00:00","4","44.177776","2.515","616.91","CASSAGNES BEGONHES, FR","FM-12","99999","V020","999,1,C,0000,1","22000,1,C,N","020000,1,N,9","+0090,1","-0023,1","99999,9",,,,"2,000",,,,,,,,"00,99,1,00,1,00,1,99999,9,00,1,00,1",,,,,"99999,9,10000,1",,,,,,
"07555099999","1990-01-06T09:00:00","4","44.177776","2.515","616.91","CASSAGNES BEGONHES, FR","FM-12","99999","V020","999,1,C,0000,1","22000,1,C,N","020000,1,N,9","+0010,1","-0019,1","99999,9",,,,"2,000",,,,,,,,"01,99,1,01,1,00,1,99999,9,08,1,00,1",,,,,"99999,9,10000,1",,,,,,
"07555099999","1990-01-06T12:00:00","4","44.177776","2.515","616.91","CASSAGNES BEGONHES, FR","FM-12","99999","V020","999,1,C,0000,1","22000,1,C,N","020000,1,N,9","+0070,1","+0004,1","99999,9","06,0000,9,1",,,"4,000",,,,,,,,"01,99,1,01,1,00,1,99999,9,08,1,01,1",,,,,"99999,9,10000,1",,,,,,
"07555099999","1990-01-06T15:00:00","4","44.177776","2.515","616.91","CASSAGNES BEGONHES, FR","FM-12","99999","V020","180,1,N,0021,1","22000,1,C,N","020000,1,N,9","+0082,1","-0028,1","99999,9",,,,"2,000",,,,,,,,"00,99,1,00,1,00,1,99999,9,00,1,00,1",,,,,"99999,9,10000,1",,,,,,
"07555099999","1990-01-07T12:00:00","4","44.177776","2.515","616.91","CASSAGNES BEGONHES, FR","FM-12","99999","V020","240,1,N,0021,1","00120,1,C,N","002000,1,N,9","+0030,1","+0024,1","99999,9","06,0000,9,1",,,"4,000",,,,,,,,"08,99,1,08,1,06,1,00150,1,99,9,99,9",,,,,"99999,9,10000,1",,,,,,
"07555099999","1990-01-07T15:00:00","4","44.177776","2.515","616.91","CASSAGNES BEGONHES, FR","FM-12","99999","V020","999,1,C,0000,1","00120,1,C,N","002000,1,N,9","+0030,1","+0028,1","99999,9",,,,"2,000",,,,,,,,"08,99,1,08,1,06,1,00150,1,99,9,99,9",,,,,"99999,9,10000,1",,,,,,
"07555099999","1990-01-09T09:00:00","4","44.177776","2.515","616.91","CASSAGNES BEGONHES, FR","FM-12","99999","V020","100,1,N,0021,1","22000,1,C,N","020000,1,N,9","+0014,1","+0004,1","99999,9",,,,"2,001",,,"6,1,03,1","2,1,03,1",,,,"03,99,1,03,1,02,1,01250,1,00,1,00,1",,,,,"99999,9,10000,1",,,"01,1",,,
"07555099999","1990-01-09T12:00:00","4","44.177776","2.515","616.91","CASSAGNES BEGONHES, FR","FM-12","99999","V020","100,1,N,0010,1","22000,1,C,N","020000,1,N,9","+0045,1","-0009,1","99999,9","06,0000,9,1",,,"4,000",,,,,,,,"02,99,1,02,1,02,1,01250,1,00,1,00,1",,,,,"99999,9,10000,1",,,,,,
"07555099999","1990-01-09T15:00:00","4","44.177776","2.515","616.91","CASSAGNES BEGONHES, FR","FM-12","99999","V020","100,1,N,0010,1","22000,1,C,N","010000,1,N,9","+0044,1","-0019,1","99999,9",,,,"2,000",,,,,,,,"01,99,1,01,1,02,1,00800,1,00,1,00,1",,,,,"99999,9,10000,1",,,,,,
"07555099999","1990-01-10T09:00:00","4","44.177776","2.515","616.91","CASSAGNES BEGONHES, FR","FM-12","99999","V020","100,1,N,0010,1","22000,1,C,N","010000,1,N,9","+0040,1","+0002,1","99999,9",,,,"2,000",,,,,,,,"03,99,1,02,1,02,1,00450,1,08,1,00,1",,,,,"99999,9,10000,1",,,,,,
"07555099999","1990-01-10T12:00:00","4","44.177776","2.515","616.91","CASSAGNES BEGONHES, FR","FM-12","99999","V020","180,1,N,0010,1","22000,1,C,N","020000,1,N,9","+0085,1","+0016,1","99999,9","06,0000,9,1",,,"4,000",,,,,,,,"02,99,1,02,1,01,1,02250,1,00,1,00,1",,,,,"99999,9,10000,1",,,,,,
"07555099999","1990-01-10T15:00:00","4","44.177776","2.515","616.91","CASSAGNES BEGONHES, FR","FM-12","99999","V020","999,1,C,0000,1","22000,1,C,N","010000,1,N,9","+0076,1","+0015,1","99999,9",,,,"2,000",,,,,,,,"02,99,1,02,1,02,1,00800,1,00,1,00,1",,,,,"99999,9,10000,1",,,,,,
"07555099999","1990-01-11T09:00:00","4","44.177776","2.515","616.91","CASSAGNES BEGONHES, FR","FM-12","99999","V020","999,1,C,0000,1","22000,1,C,N","020000,1,N,9","+0015,1","-0025,1","99999,9",,,,"2,000",,,,,,,,"00,99,1,00,1,00,1,99999,9,00,1,00,1",,,,,"99999,9,10000,1",,,,,,
"07555099999","1990-01-11T12:00:00","4","44.177776","2.515","616.91","CASSAGNES BEGONHES, FR","FM-12","99999","V020","180,1,N,0010,1","22000,1,C,N","020000,1,N,9","+0090,1","-0040,1","99999,9","06,0000,9,1",,,"4,000",,,,,,,,"00,99,1,00,1,00,1,99999,9,00,1,00,1",,,,,"99999,9,10000,1",,,,,,
"07555099999","1990-01-11T15:00:00","4","44.177776","2.515","616.91","CASSAGNES BEGONHES, FR","FM-12","99999","V020","180,1,N,0010,1","22000,1,C,N","020000,1,N,9","+0080,1","-0020,1","99999,9",,,,"2,000",,,,,,,,"00,99,1,00,1,00,1,99999,9,00,1,00,1",,,,,"99999,9,10000,1",,,,,,
"07555099999","1990-01-12T09:00:00","4","44.177776","2.515","616.91","CASSAGNES BEGONHES, FR","FM-12","99999","V020","999,1,C,0000,1","22000,1,C,N","010000,1,N,9","+0015,1","-0018,1","99999,9",,,,"2,000",,,,,,,,"01,99,1,00,1,00,1,99999,9,00,1,01,1",,,,,"99999,9,10000,1",,,,,,
"07555099999","1990-01-12T12:00:00","4","44.177776","2.515","616.91","CASSAGNES BEGONHES, FR","FM-12","99999","V020","999,1,V,0010,1","22000,1,C,N","010000,1,N,9","+0054,1","+0003,1","99999,9","06,0000,9,1",,,"4,000",,,,,,,,"01,99,1,01,1,01,1,00800,1,00,1,00,1",,,,,"99999,9,10000,1",,,,,,
"07555099999","1990-01-12T15:00:00","4","44.177776","2.515","616.91","CASSAGNES BEGONHES, FR","FM-12","99999","V020","300,1,N,0021,1","22000,1,C,N","020000,1,N,9","+0070,1","+0010,1","99999,9",,,,"2,000",,,,,,,,"01,99,1,01,1,01,1,00800,1,00,1,01,1",,,,,"99999,9,10000,1",,,,,,
"07555099999","1990-01-13T09:00:00","4","44.177776","2.515","616.91","CASSAGNES BEGONHES, FR","FM-12","99999","V020","999,1,C,0000,1","22000,1,C,N","020000,1,N,9","+0000,1","-0010,1","99999,9",,,,"2,000",,,,,,,,"00,99,1,00,1,00,1,99999,9,00,1,00,1",,,,,"99999,9,10000,1",,,,,,
"07555099999","1990-01-13T12:00:00","4","44.177776","2.515","616.91","CASSAGNES BEGONHES, FR","FM-12","99999","V020","999,1,C,0000,1","22000,1,C,N","020000,1,N,9","+0080,1","-0020,1","99999,9","06,0000,9,1",,,"4,000",,,,,,,,"01,99,1,00,1,00,1,99999,9,00,1,01,1",,,,,"99999,9,10000,1",,,,,,
"07555099999","1990-01-13T15:00:00","4","44.177776","2.515","616.91","CASSAGNES BEGONHES, FR","FM-12","99999","V020","300,1,N,0021,1","22000,1,C,N","020000,1,N,9","+0080,1","-0020,1","99999,9",,,,"2,000",,,,,,,,"01,99,1,00,1,00,1,99999,9,00,1,01,1",,,,,"99999,9,10000,1",,,,,,
"07555099999","1990-01-14T15:00:00","4","44.177776","2.515","616.91","CASSAGNES BEGONHES, FR","FM-12","99999","V020","360,1,N,0021,1","00210,1,C,N","004000,1,N,9","+0028,1","-0004,1","99999,9",,,,"2,000",,,,,,,,"07,99,1,07,1,05,1,00250,1,99,9,99,9",,,,,"99999,9,10000,1",,,,,,
"07555099999","1990-01-16T09:00:00","4","44.177776","2.515","616.91","CASSAGNES BEGONHES, FR","FM-12","99999","V020","100,1,N,0021,1","22000,1,C,N","020000,1,N,9","+0010,1","-0016,1","99999,9",,,,"2,000",,,,,,,,"03,99,1,03,1,00,1,02250,1,08,1,01,1",,,,,"99999,9,10000,1",,,,,,
"07555099999","1990-01-16T12:00:00","4","44.177776","2.515","616.91","CASSAGNES BEGONHES, FR","FM-12","99999","V020","100,1,N,0051,1","01200,1,C,N","020000,1,N,9","+0064,1","+0032,1","99999,9","06,0000,9,1",,,"4,000",,,,,,,,"06,99,1,06,1,02,1,01250,1,00,1,00,1",,,,,"99999,9,10000,1",,,,,,
"07555099999","1990-01-16T15:00:00","4","44.177776","2.515","616.91","CASSAGNES BEGONHES, FR","FM-12","99999","V020","060,1,N,0021,1","22000,1,C,N","020000,1,N,9","+0072,1","+0035,1","99999,9",,,,"2,000",,,,,,,,"03,99,1,03,1,02,1,01250,1,00,1,01,1",,,,,"99999,9,10000,1",,,,,,
"07555099999","1990-01-17T09:00:00","4","44.177776","2.515","616.91","CASSAGNES BEGONHES, FR","FM-12","99999","V020","999,1,C,0000,1","22000,1,C,N","020000,1,N,9","-0005,1","-0010,1","99999,9",,,,"2,000",,,,,,,,"00,99,1,00,1,00,1,99999,9,00,1,00,1",,,,,"99999,9,10000,1",,,,,,
"07555099999","1990-01-17T12:00:00","4","44.177776","2.515","616.91","CASSAGNES BEGONHES, FR","FM-12","99999","V020","999,1,V,0010,1","22000,1,C,N","020000,1,N,9","+0072,1","-0055,1","99999,9","06,0000,9,1",,,"4,000",,,,,,,,"00,99,1,00,1,00,1,99999,9,00,1,00,1",,,,,"99999,9,10000,1",,,,,,
"07555099999","1990-01-17T15:00:00","4","44.177776","2.515","616.91","CASSAGNES BEGONHES, FR","FM-12","99999","V020","999,1,C,0000,1","22000,1,C,N","020000,1,N,9","+0086,1","+0000,1","99999,9",,,,"2,000",,,,,,,,"00,99,1,00,1,00,1,99999,9,00,1,00,1",,,,,"99999,9,10000,1",,,,,,
"07555099999","1990-01-18T09:00:00","4","44.177776","2.515","616.91","CASSAGNES BEGONHES, FR","FM-12","99999","V020","300,1,N,0010,1","03600,1,C,N","004000,1,N,9","+0012,1","-0022,1","99999,9",,,,"2,000",,,,,,,,"06,99,1,03,1,05,1,00800,1,08,1,00,1",,,,,"99999,9,10000,1",,,,,,
"07555099999","1990-01-18T12:00:00","4","44.177776","2.515","616.91","CASSAGNES BEGONHES, FR","FM-12","99999","V020","360,1,N,0051,1","00420,1,C,N","010000,1,N,9","+0025,1","+9999,9","99999,9","06,0000,9,1",,,"4,000",,,,,,,,"07,99,1,07,1,05,1,00450,1,99,9,99,9",,,,,"99999,9,10000,1",,,,,,
"07555099999","1990-01-18T15:00:00","4","44.177776","2.515","616.91","CASSAGNES BEGONHES, FR","FM-12","99999","V020","020,1,N,0051,1","22000,1,C,N","020000,1,N,9","+0024,1","-0045,1","99999,9",,,,"2,000",,,,,,,,"02,99,1,01,1,02,1,01750,1,04,1,02,1",,,,,"99999,9,10000,1",,,,,,
"07555099999","1990-01-19T09:00:00","4","44.177776","2.515","616.91","CASSAGNES BEGONHES, FR","FM-12","99999","V020","180,1,N,0021,1","22000,1,C,N","020000,1,N,9","+0011,1","-0046,1","99999,9",,,,"2,000",,,,,,,,"00,99,1,00,1,00,1,99999,9,00,1,00,1",,,,,"99999,9,10000,1",,,,,,
"07555099999","1990-01-19T12:00:00","4","44.177776","2.515","616.91","CASSAGNES BEGONHES, FR","FM-12","99999","V020","999,1,C,0000,1","22000,1,C,N","020000,1,N,9","+0072,1","-0096,1","99999,9","06,0000,9,1",,,"4,000",,,,,,,,"01,99,1,00,1,00,1,99999,9,00,1,01,1",,,,,"99999,9,10000,1",,,,,,
"07555099999","1990-01-19T15:00:00","4","44.177776","2.515","616.91","CASSAGNES BEGONHES, FR","FM-12","99999","V020","999,1,V,0010,1","22000,1,C,N","020000,1,N,9","+0075,1","-0090,1","99999,9",,,,"2,000",,,,,,,,"01,99,1,00,1,00,1,99999,9,00,1,01,1",,,,,"99999,9,10000,1",,,,,,
"07555099999","1990-01-20T09:00:00","4","44.177776","2.515","616.91","CASSAGNES BEGONHES, FR","FM-12","99999","V020","999,1,C,0000,1","22000,1,C,N","020000,1,N,9","+0020,1","-0036,1","99999,9",,,,"2,000",,,,,,,,"01,99,1,00,1,00,1,99999,9,00,1,01,1",,,,,"99999,9,10000,1",,,,,,
"07555099999","1990-01-20T12:00:00","4","44.177776","2.515","616.91","CASSAGNES BEGONHES, FR","FM-12","99999","V020","999,1,V,0010,1","22000,1,C,N","020000,1,N,9","+0114,1","-0130,1","99999,9","06,0000,9,1",,,"4,000",,,,,,,,"02,99,1,00,1,00,1,99999,9,00,1,01,1",,,,,"99999,9,10000,1",,,,,,
"07555099999","1990-01-20T15:00:00","4","44.177776","2.515","616.91","CASSAGNES BEGONHES, FR","FM-12","99999","V020","300,1,N,0031,1","22000,1,C,N","020000,1,N,9","+0100,1","-0150,1","99999,9",,,,"2,000",,,,,,,,"03,99,1,01,1,00,1,99999,9,04,1,02,1",,,,,"99999,9,10000,1",,,,,,
"07555099999","1990-01-21T12:00:00","4","44.177776","2.515","616.91","CASSAGNES BEGONHES, FR","FM-12","99999","V020","300,1,N,0021,1","22000,1,C,N","020000,1,N,9","+0105,1","-0076,1","99999,9","06,0000,9,1",,,"4,000",,,,,,,,"00,99,1,00,1,00,1,99999,9,00,1,00,1",,,,,"99999,9,10000,1",,,,,,
"07555099999","1990-01-23T09:00:00","4","44.177776","2.515","616.91","CASSAGNES BEGONHES, FR","FM-12","99999","V020","999,1,C,0000,1","22000,1,C,N","020000,1,N,9","+0040,1","-0013,1","99999,9",,,,"2,000",,,,,,,,"01,99,1,00,1,00,1,99999,9,00,1,01,1",,,,,"99999,9,10000,1",,,,,,
"07555099999","1990-01-23T12:00:00","4","44.177776","2.515","616.91","CASSAGNES BEGONHES, FR","FM-12","99999","V020","220,1,N,0021,1","22000,1,C,N","020000,1,N,9","+0105,1","-0130,2","99999,9","06,0000,9,1",,,"4,000",,,,,,,,"04,99,1,00,1,00,1,99999,9,00,1,04,1",,,,,"99999,9,10000,1",,,,,,
"07555099999","1990-01-23T15:00:00","4","44.177776","2.515","616.91","CASSAGNES BEGONHES, FR","FM-12","99999","V020","180,1,N,0031,1","22000,1,C,N","020000,1,N,9","+0098,1","-0110,1","99999,9",,,,"2,000",,,,,,,,"05,99,1,00,1,00,1,99999,9,00,1,04,1",,,,,"99999,9,10000,1",,,,,,
"07555099999","1990-01-24T12:00:00","4","44.177776","2.515","616.91","CASSAGNES BEGONHES, FR","FM-12","99999","V020","999,1,C,0000,1","00060,1,C,N","001000,1,N,9","+0052,1","+0048,1","99999,9","06,0000,9,1",,,"4,001",,,"6,1,06,1","4,1,06,1",,,,"08,99,1,08,1,06,1,00075,1,99,9,99,9",,,,,"99999,9,10000,1",,,"41,1",,,
"07555099999","1990-01-24T15:00:00","4","44.177776","2.515","616.91","CASSAGNES BEGONHES, FR","FM-12","99999","V020","300,1,N,0051,1","03600,1,C,N","010000,1,N,9","+0062,1","+0033,1","99999,9",,,,"2,001",,,"6,1,03,1","4,1,03,1",,,,"07,99,1,04,1,05,1,00450,1,03,1,99,9",,,,,"99999,9,10000,1",,,"01,1",,,
"07555099999","1990-01-25T09:00:00","4","44.177776","2.515","616.91","CASSAGNES BEGONHES, FR","FM-12","99999","V020","260,1,N,0051,1","00060,1,C,N","000500,1,N,9","+0060,1","+0060,1","99999,9",,,,"2,001",,,"6,1,03,1","4,1,03,1",,,,"08,99,1,08,1,07,1,00075,1,99,9,99,9",,,,,"99999,9,10000,1",,,"50,1",,,
"07555099999","1990-01-25T12:00:00","4","44.177776","2.515","616.91","CASSAGNES BEGONHES, FR","FM-12","99999","V020","260,1,N,0051,1","00060,1,C,N","000500,1,N,9","+0066,1","+0066,1","99999,9","06,9999,9,9",,,"4,002",,,"6,1,06,1","5,1,06,1",,,,"08,99,1,08,1,07,1,00075,1,99,9,99,9",,,,,"99999,9,10000,1",,,"61,1",,,"Q01  00002PRCP06"
"07555099999","1990-01-25T15:00:00","4","44.177776","2.515","616.91","CASSAGNES BEGONHES, FR","FM-12","99999","V020","220,1,N,0051,1","00210,1,C,N","010000,1,N,9","+0075,1","+0070,1","99999,9",,,,"2,001",,,"6,1,03,1","4,1,03,1",,,,"08,99,1,06,1,02,1,00250,1,05,1,99,9",,,,,"99999,9,10000,1",,,"01,1",,,
"07555099999","1990-01-26T09:00:00","4","44.177776","2.515","616.91","CASSAGNES BEGONHES, FR","FM-12","99999","V020","300,1,N,0051,1","00060,1,C,N","001000,1,N,9","+0008,1","+0005,1","99999,9",,,,"2,002",,,"8,1,03,1","6,1,03,1",,,,"08,99,1,08,1,07,1,00075,1,99,9,99,9",,,,,"99999,9,10000,1",,,"80,1",,,
"07555099999","1990-01-26T12:00:00","4","44.177776","2.515","616.91","CASSAGNES BEGONHES, FR","FM-12","99999","V020","300,1,N,0077,1","00420,1,C,N","010000,1,N,9","+0034,1","+0024,1","99999,9","06,0000,9,1",,,"4,001",,,"8,1,06,1","7,1,06,1",,,,"05,99,1,05,1,02,1,00450,1,00,1,01,1",,,,,"99999,9,10000,1",,,"01,1",,,
"07555099999","1990-01-26T15:00:00","4","44.177776","2.515","616.91","CASSAGNES BEGONHES, FR","FM-12","99999","V020","300,1,N,0051,1","22000,1,C,N","020000,1,N,9","+0030,1","-0024,1","99999,9",,,,"2,000",,,,,,,,"03,99,1,02,1,02,1,00800,1,04,1,01,1",,,,,"99999,9,10000,1",,,,,,
"07555099999","1990-01-27T09:00:00","4","44.177776","2.515","616.91","CASSAGNES BEGONHES, FR","FM-12","99999","V020","180,1,N,0031,1","03600,1,C,N","010000,1,N,9","+0012,1","-0025,1","99999,9",,,,"2,000",,,,,,,,"07,99,1,01,1,05,1,00800,1,05,1,99,9",,,,,"99999,9,10000,1",,,,,,
"07555099999","1990-01-27T12:00:00","4","44.177776","2.515","616.91","CASSAGNES BEGONHES, FR","FM-12","99999","V020","180,1,N,0051,1","00750,1,C,N","010000,1,N,9","+0028,1","-0008,1","99999,9","06,0000,9,1",,,"4,000",,,,,,,,"07,99,1,06,1,05,1,00800,1,07,1,99,9",,,,,"99999,9,10000,1",,,,,,
"07555099999","1990-01-27T15:00:00","4","44.177776","2.515","616.91","CASSAGNES BEGONHES, FR","FM-12","99999","V020","180,1,N,0077,1","00210,1,C,N","004000,1,N,9","+0030,1","+0025,1","99999,9",,,,"2,000",,,,,,,,"08,99,1,08,1,06,1,00250,1,99,9,99,9",,,,,"99999,9,10000,1",,,,,,
"07555099999","1990-01-30T09:00:00","4","44.177776","2.515","616.91","CASSAGNES BEGONHES, FR","FM-12","99999","V020","240,1,N,0021,1","00120,1,C,N","001000,1,N,9","+0005,1","+0005,1","99999,9",,,,"2,001",,,"6,1,03,1","4,1,03,1",,,,"08,99,1,08,1,07,1,00150,1,99,9,99,9",,,,,"99999,9,10000,1",,,"60,1",,,
"07555099999","1990-01-30T12:00:00","4","44.177776","2.515","616.91","CASSAGNES BEGONHES, FR","FM-12","99999","V020","300,1,N,0021,1","00060,1,C,N","001000,1,N,9","+0029,1","+0024,1","99999,9","06,0000,9,1",,,"4,001",,,"6,1,06,1","4,1,06,1",,,,"08,99,1,08,1,06,1,00075,1,99,9,99,9",,,,,"99999,9,10000,1",,,"40,1",,,
"07555099999","1990-01-30T15:00:00","4","44.177776","2.515","616.91","CASSAGNES BEGONHES, FR","FM-12","99999","V020","300,1,N,0031,1","00420,1,C,N","010000,1,N,9","+0040,1","+0028,1","99999,9",,,,"2,002",,,"8,1,03,1","6,1,03,1",,,,"06,99,1,06,1,02,1,00450,1,06,1,99,9",,,,,"99999,9,10000,1",,,"80,1",,,
"07555099999","1990-01-31T09:00:00","4","44.177776","2.515","616.91","CASSAGNES BEGONHES, FR","FM-12","99999","V020","120,1,N,0077,1","00120,1,C,N","002000,1,N,9","+0049,1","+0028,1","99999,9",,,,"2,000",,,,,,,,"08,99,1,08,1,05,1,00150,1,99,9,99,9",,,,,"99999,9,10000,1",,,,,,
"07555099999","1990-01-31T12:00:00","4","44.177776","2.515","616.91","CASSAGNES BEGONHES, FR","FM-12","99999","V020","180,1,N,0154,1","00120,1,C,N","002000,1,N,9","+0057,1","+0041,1","99999,9","06,9999,9,9",,,"4,000",,,"5,1,06,1","2,1,06,1",,,,"08,99,1,08,1,05,1,00150,1,99,9,99,9",,,,,"99999,9,10000,1",,,"50,1",,,"Q01  00002PRCP06"
"07555099999","1990-02-01T09:00:00","4","44.177776","2.515","616.91","CASSAGNES BEGONHES, FR","FM-12","99999","V020","999,1,C,0000,1","00120,1,C,N","001000,1,N,9","+0014,1","+0014,1","99999,9",,,,"2,002",,,"6,1,03,1","4,1,03,1",,,,"08,99,1,08,1,07,1,00150,1,99,9,99,9",,,,,"99999,9,10000,1",,,"68,1",,,
"07555099999","1990-02-01T12:00:00","4","44.177776","2.515","616.91","CASSAGNES BEGONHES, FR","FM-12","99999","V020","100,1,N,0010,1","00120,1,C,N","002000,1,N,9","+0030,1","+0020,1","99999,9","06,9999,9,9",,,"4,001",,,"7,1,06,1","6,1,06,1",,,,"08,99,1,08,1,07,1,00150,1,99,9,99,9",,,,,"99999,9,10000,1",,,"50,1",,,"Q01  00002PRCP06"
"07555099999","1990-02-01T15:00:00","4","44.177776","2.515","616.91","CASSAGNES BEGONHES, FR","FM-12","99999","V020","999,1,C,0000,1","00120,1,C,N","004000,1,N,9","+0025,1","+0022,1","99999,9",,,,"2,000",,,"5,1,03,1","4,1,03,1",,,,"08,99,1,08,1,07,1,00150,1,99,9,99,9",,,,,"99999,9,10000,1",,,"50,1",,,
"07555099999","1990-02-02T09:00:00","4","44.177776","2.515","616.91","CASSAGNES BEGONHES, FR","FM-12","99999","V020","999,1,C,0000,1","00060,1,C,N","000500,1,N,9","+0032,1","+0032,1","99999,9",,,,"2,002",,,"6,1,03,1","4,1,03,1",,,,"08,99,1,08,1,07,1,00075,1,99,9,99,9",,,,,"99999,9,10000,1",,,"61,1",,,
"07555099999","1990-02-02T12:00:00","4","44.177776","2.515","616.91","CASSAGNES BEGONHES, FR","FM-12","99999","V020","260,1,N,0021,1","00060,1,C,N","000500,1,N,9","+0048,1","+0043,1","99999,9","06,9999,9,9",,,"4,002",,,"6,1,06,1","4,1,06,1",,,,"08,99,1,08,1,07,1,00075,1,99,9,99,9",,,,,"99999,9,10000,1",,,"61,1",,,"Q01  00002PRCP06"
"07555099999","1990-02-02T15:00:00","4","44.177776","2.515","616.91","CASSAGNES BEGONHES, FR","FM-12","99999","V020","280,1,N,0021,1","00750,1,C,N","010000,1,N,9","+0056,1","+0034,1","99999,9",,,,"2,001",,,"6,1,03,1","4,1,03,1",,,,"06,99,1,06,1,02,1,00800,1,00,1,01,1",,,,,"99999,9,10000,1",,,"01,1",,,
"07555099999","1990-02-03T09:00:00","4","44.177776","2.515","616.91","CASSAGNES BEGONHES, FR","FM-12","99999","V020","180,1,N,0129,1","22000,1,C,N","010000,1,N,9","+0060,1","+0013,1","99999,9",,,,"2,000",,,,,,,,"04,99,1,03,1,02,1,00800,1,00,1,01,1",,,,,"99999,9,10000,1",,,,,,
"07555099999","1990-02-03T12:00:00","4","44.177776","2.515","616.91","CASSAGNES BEGONHES, FR","FM-12","99999","V020","180,1,N,0103,1","00210,1,C,N","004000,1,N,9","+0055,1","+0040,1","99999,9","06,0000,9,1",,,"4,000",,,"2,1,06,1","2,1,06,1",,,,"08,99,1,08,1,05,1,00250,1,99,9,99,9",,,,,"99999,9,10000,1",,,"10,1",,,
"07555099999","1990-02-03T15:00:00","4","44.177776","2.515","616.91","CASSAGNES BEGONHES, FR","FM-12","99999","V020","300,1,N,0051,1","00120,1,C,N","004000,1,N,9","+0060,1","+0051,1","99999,9",,,,"2,001",,,"6,1,03,1","2,1,03,1",,,,"08,99,1,08,1,07,1,00150,1,99,9,99,9",,,,,"99999,9,10000,1",,,"60,1",,,
"07555099999","1990-02-04T12:00:00","4","44.177776","2.515","616.91","CASSAGNES BEGONHES, FR","FM-12","99999","V020","999,1,C,0000,1","22000,1,C,N","020000,1,N,9","+0100,1","-0021,1","99999,9","06,0000,9,1",,,"4,000",,,,,,,,"00,99,1,00,1,00,1,99999,9,00,1,00,1",,,,,"99999,9,10000,1",,,,,,
"07555099999","1990-02-04T15:00:00","4","44.177776","2.515","616.91","CASSAGNES BEGONHES, FR","FM-12","99999","V020","999,1,V,0021,1","22000,1,C,N","020000,1,N,9","+0108,1","-0028,1","99999,9",,,,"2,000",,,,,,,,"00,99,1,00,1,00,1,99999,9,00,1,00,1",,,,,"99999,9,10000,1",,,,,,
"07555099999","1990-02-06T09:00:00","4","44.177776","2.515","616.91","CASSAGNES BEGONHES, FR","FM-12","99999","V020","180,1,N,0077,1","00210,1,C,N","004000,1,N,9","+0050,1","+0038,1","99999,9",,,,"2,000",,,"2,1,03,1","2,1,03,1",,,,"08,99,1,08,1,05,1,00250,1,00,1,00,1",,,,,"99999,9,10000,1",,,"10,1",,,
"07555099999","1990-02-06T12:00:00","4","44.177776","2.515","616.91","CASSAGNES BEGONHES, FR","FM-12","99999","V020","180,1,N,0051,1","00120,1,C,N","001000,1,N,9","+0046,1","+0046,1","99999,9","06,9999,9,9",,,"4,001",,,"6,1,06,1","2,1,06,1",,,,"08,99,1,08,1,07,1,00150,1,99,9,99,9",,,,,"99999,9,10000,1",,,"60,1",,,"Q01  00002PRCP06"
"07555099999","1990-02-06T15:00:00","4","44.177776","2.515","616.91","CASSAGNES BEGONHES, FR","FM-12","99999","V020","180,1,N,0031,1","00120,1,C,N","001000,1,N,9","+0050,1","+0050,1","99999,9",,,,"2,001",,,"6,1,03,1","4,1,03,1",,,,"08,99,1,08,1,07,1,00150,1,99,9,99,9",,,,,"99999,9,10000,1",,,"60,1",,,
"07555099999","1990-02-07T09:00:00","4","44.177776","2.515","616.91","CASSAGNES BEGONHES, FR","FM-12","99999","V020","999,1,C,0000,1","09000,1,C,N","020000,1,N,9","+0020,1","+0020,1","99999,9",,,,"2,000",,,,,,,,"07,99,1,00,1,00,1,99999,9,00,1,08,1",,,,,"99999,9,10000,1",,,,,,
"07555099999","1990-02-07T12:00:00","4","44.177776","2.515","616.91","CASSAGNES BEGONHES, FR","FM-12","99999","V020","220,1,N,0021,1","22000,1,C,N","020000,1,N,9","+0090,1","+0030,1","99999,9","06,0000,9,1",,,"4,000",,,,,,,,"05,99,1,00,1,00,1,99999,9,00,1,08,1",,,,,"99999,9,10000,1",,,,,,
"07555099999","1990-02-07T15:00:00","4","44.177776","2.515","616.91","CASSAGNES BEGONHES, FR","FM-12","99999","V020","999,1,V,0010,1","22000,1,C,N","020000,1,N,9","+0090,1","+0048,1","99999,9",,,,"2,000",,,,,,,,"07,99,1,02,1,00,1,02250,1,08,1,01,1",,,,,"99999,9,10000,1",,,,,,
"07555099999","1990-02-08T09:00:00","4","44.177776","2.515","616.91","CASSAGNES BEGONHES, FR","FM-12","99999","V020","300,1,N,0010,1","02100,1,C,N","020000,1,N,9","+0040,1","+0036,1","99999,9",,,,"2,000",,,,,,,,"07,99,1,05,1,00,1,02250,1,08,1,01,1",,,,,"99999,9,10000,1",,,,,,
"07555099999","1990-02-08T12:00:00","4","44.177776","2.515","616.91","CASSAGNES BEGONHES, FR","FM-12","99999","V020","999,1,C,0000,1","00060,1,C,N","004000,1,N,9","+0060,1","+0052,1","99999,9","06,0000,9,1",,,"4,000",,,"5,1,06,1","2,1,06,1",,,,"08,99,1,08,1,06,1,00075,1,99,9,99,9",,,,,"99999,9,10000,1",,,"10,1",,,
"07555099999","1990-02-08T15:00:00","4","44.177776","2.515","616.91","CASSAGNES BEGONHES, FR","FM-12","99999","V020","320,1,N,0031,1","03600,1,C,N","010000,1,N,9","+0090,1","+0048,1","99999,9",,,,"2,000",,,,,,,,"07,99,1,01,1,02,1,00800,1,08,1,01,1",,,,,"99999,9,10000,1",,,,,,
"07555099999","1990-02-09T09:00:00","4","44.177776","2.515","616.91","CASSAGNES BEGONHES, FR","FM-12","99999","V020","060,1,N,0031,1","22000,1,C,N","010000,1,N,9","+0029,1","-0022,1","99999,9",,,,"2,000",,,,,,,,"01,99,1,01,1,01,1,00800,1,00,1,00,1",,,,,"99999,9,10000,1",,,,,,
"07555099999","1990-02-10T12:00:00","4","44.177776","2.515","616.91","CASSAGNES BEGONHES, FR","FM-12","99999","V020","180,1,N,0051,1","00120,1,C,N","002000,1,N,9","+0038,1","-0008,1","99999,9","06,9999,9,9",,,"4,002",,,"8,1,06,1","2,1,06,1",,,,"08,99,1,08,1,07,1,00150,1,99,9,99,9",,,,,"99999,9,10000,1",,,"80,1",,,"Q01  00002PRCP06"
"07555099999","1990-02-10T15:00:00","4","44.177776","2.515","616.91","CASSAGNES BEGONHES, FR","FM-12","99999","V020","180,1,N,0021,1","00210,1,C,N","004000,1,N,9","+0024,1","+0024,1","99999,9",,,,"2,001",,,"8,1,03,1","7,1,03,1",,,,"08,99,1,08,1,07,1,00250,1,99,9,99,9",,,,,"99999,9,10000,1",,,"60,1",,,
"07555099999","1990-02-11T12:00:00","4","44.177776","2.515","616.91","CASSAGNES BEGONHES, FR","FM-12","99999","V020","300,1,N,0051,1","00750,1,C,N","020000,1,N,9","+0010,1","-0018,1","99999,9","06,0000,9,1",,,"4,000",,,,,,,,"06,99,1,06,1,02,1,00800,1,00,1,00,1",,,,,"99999,9,10000,1",,,,,,
"07555099999","1990-02-11T15:00:00","4","44.177776","2.515","616.91","CASSAGNES BEGONHES, FR","FM-12","99999","V020","320,1,N,0051,1","03600,1,C,N","020000,1,N,9","+0020,1","-0011,1","99999,9",,,,"2,000",,,,,,,,"05,99,1,04,1,02,1,01250,1,08,1,01,1",,,,,"99999,9,10000,1",,,,,,
"07555099999","1990-02-13T09:00:00","4","44.177776","2.515","616.91","CASSAGNES BEGONHES, FR","FM-12","99999","V020","280,1,N,0021,1","00120,1,C,N","001000,1,N,9","+0010,1","+0010,1","99999,9",,,,"2,001",,,"7,1,03,1","4,1,03,1",,,,"08,99,1,08,1,07,1,00150,1,99,9,99,9",,,,,"99999,9,10000,1",,,"71,1",,,
"07555099999","1990-02-13T12:00:00","4","44.177776","2.515","616.91","CASSAGNES BEGONHES, FR","FM-12","99999","V020","280,1,N,0021,1","00120,1,C,N","001000,1,N,9","+0026,1","+0026,1","99999,9","06,9999,9,9",,,"4,004",,,"6,1,06,1","7,1,06,1",,,,"08,99,1,08,1,07,1,00150,1,99,9,99,9",,,,,"99999,9,10000,1",,,"63,1",,,"Q01  00002PRCP06"
"07555099999","1990-02-13T15:00:00","4","44.177776","2.515","616.91","CASSAGNES BEGONHES, FR","FM-12","99999","V020","300,1,N,0103,1","00210,1,C,N","004000,1,N,9","+0052,1","+0037,1","99999,9",,,,"2,001",,,"6,1,03,1","7,1,03,1",,,,"08,99,1,08,1,07,1,00250,1,99,9,99,9",,,,,"99999,9,10000,1",,,"60,1",,,
"07555099999","1990-02-14T09:00:00","4","44.177776","2.515","616.91","CASSAGNES BEGONHES, FR","FM-12","99999","V020","300,1,N,0154,1","00120,1,C,N","002000,1,N,9","+0056,1","+0047,1","99999,9",,,,"2,001",,,"6,1,03,1","4,1,03,1",,,,"08,99,1,08,1,07,1,00150,1,99,9,99,9",,,,,"99999,9,10000,1",,,"60,1",,,
"07555099999","1990-02-14T12:00:00","4","44.177776","2.515","616.91","CASSAGNES BEGONHES, FR","FM-12","99999","V020","300,1,N,0180,1","03600,1,C,N","010000,1,N,9","+0060,1","+0032,1","99999,9","06,0000,9,1",,,"4,001",,,"6,1,06,1","4,1,06,1",,,,"06,99,1,04,1,02,1,00450,1,08,1,01,1",,,,,"99999,9,10000,1",,,"01,1",,,
"07555099999","1990-02-14T15:00:00","4","44.177776","2.515","616.91","CASSAGNES BEGONHES, FR","FM-12","99999","V020","300,1,N,0154,1","00120,1,C,N","001000,1,N,9","+0055,1","+0043,1","99999,9",,,,"2,001",,,"6,1,03,1","2,1,03,1",,,,"08,99,1,08,1,07,1,00150,1,99,9,99,9",,,,,"99999,9,10000,1",,,"60,1",,,
"07555099999","1990-02-15T09:00:00","4","44.177776","2.515","616.91","CASSAGNES BEGONHES, FR","FM-12","99999","V020","300,1,N,0103,1","00120,1,C,N","001000,1,N,9","+0062,1","+0058,1","99999,9",,,,"2,000",,,"5,1,03,1","2,1,03,1",,,,"08,99,1,08,1,07,1,00150,1,99,9,99,9",,,,,"99999,9,10000,1",,,"50,1",,,
"07555099999","1990-02-15T12:00:00","4","44.177776","2.515","616.91","CASSAGNES BEGONHES, FR","FM-12","99999","V020","300,1,N,0103,1","00210,1,C,N","004000,1,N,9","+0084,1","+0074,1","99999,9","06,9999,9,9",,,"4,000",,,"5,1,06,1","6,1,06,1",,,,"07,99,1,07,1,02,1,00250,1,99,9,99,9",,,,,"99999,9,10000,1",,,"50,1",,,"Q01  00002PRCP06"
"07555099999","1990-02-15T15:00:00","4","44.177776","2.515","616.91","CASSAGNES BEGONHES, FR","FM-12","99999","V020","300,1,N,0103,1","00210,1,C,N","002000,1,N,9","+0085,1","+0064,1","99999,9","06,9999,9,9",,,"4,001",,,"6,1,03,1","5,1,03,1",,,,"08,99,1,08,1,07,1,00250,1,99,9,99,9",,,,,"99999,9,10000,1",,,"60,1",,,"Q01  00002PRCP06"
"07555099999","1990-02-16T09:00:00","4","44.177776","2.515","616.91","CASSAGNES BEGONHES, FR","FM-12","99999","V020","300,1,N,0051,1","00060,1,C,N","001000,1,N,9","+0066,1","+0054,1","99999,9",,,,"2,000",,,"5,1,03,1","2,1,03,1",,,,"08,99,1,08,1,07,1,00075,1,99,9,99,9",,,,,"99999,9,10000,1",,,"50,1",,,
"07555099999","1990-02-16T12:00:00","4","44.177776","2.515","616.91","CASSAGNES BEGONHES, FR","FM-12","99999","V020","300,1,N,0051,1","00210,1,C,N","010000,1,N,9","+0080,1","+0061,1","99999,9","06,0000,9,1",,,"4,000",,,"5,1,06,1","2,1,06,1",,,,"08,99,1,08,1,06,1,00250,1,99,9,99,9",,,,,"99999,9,10000,1",,,"01,1",,,
"07555099999","1990-02-16T15:00:00","4","44.177776","2.515","616.91","CASSAGNES BEGONHES, FR","FM-12","99999","V020","300,1,N,0051,1","00210,1,C,N","010000,1,N,9","+0075,1","+0064,1","99999,9",,,,"2,000",,,,,,,,"07,99,1,07,1,02,1,00250,1,99,9,99,9",,,,,"99999,9,10000,1",,,,,,
"07555099999","1990-02-25T15:00:00","4","44.177776","2.515","616.91","CASSAGNES BEGONHES, FR","FM-12","99999","V020","220,1,N,0041,1","22000,1,C,N","010000,1,N,9","+0096,1","+0052,1","99999,9",,,,"2,000",,,,,,,,"03,99,1,02,1,02,1,00450,1,00,1,04,1",,,,,"99999,9,10000,1",,,,,,
"07555099999","1990-02-27T09:00:00","4","44.177776","2.515","616.91","CASSAGNES BEGONHES, FR","FM-12","99999","V020","300,1,N,0051,1","00060,1,C,N","001000,1,N,9","+0054,1","+0054,1","99999,9",,,,"2,002",,,"6,1,03,1","4,1,03,1",,,,"08,99,1,08,1,07,1,00075,1,99,9,99,9",,,,,"99999,9,10000,1",,,"61,1",,,
"07555099999","1990-02-27T12:00:00","4","44.177776","2.515","616.91","CASSAGNES BEGONHES, FR","FM-12","99999","V020","300,1,N,0154,1","00210,1,C,N","004000,1,N,9","+0084,1","+0060,1","99999,9","06,9999,9,9",,,"4,001",,,"6,1,06,1","4,1,06,1",,,,"07,99,1,07,1,02,1,00250,1,99,9,99,9",,,,,"99999,9,10000,1",,,"21,1",,,"Q01  00002PRCP06"
"07555099999","1990-02-27T15:00:00","4","44.177776","2.515","616.91","CASSAGNES BEGONHES, FR","FM-12","99999","V020","300,1,N,0103,1","00210,1,C,N","004000,1,N,9","+0072,1","+0055,1","99999,9",,,,"2,001",,,"6,1,03,1","2,1,03,1",,,,"08,99,1,08,1,07,1,00250,1,99,9,99,9",,,,,"99999,9,10000,1",,,"60,1",,,
"07555099999","1990-02-28T09:00:00","4","44.177776","2.515","616.91","CASSAGNES BEGONHES, FR","FM-12","99999","V020","300,1,N,0077,1","00120,1,C,N","002000,1,N,9","+0050,1","+0050,1","99999,9",,,,"2,001",,,"6,1,03,1","5,1,03,1",,,,"08,99,1,08,1,07,1,00150,1,99,9,99,9",,,,,"99999,9,10000,1",,,"60,1",,,
"07555099999","1990-02-28T12:00:00","4","44.177776","2.515","616.91","CASSAGNES BEGONHES, FR","FM-12","99999","V020","120,1,N,9999,9","00060,1,C,N","002000,1,N,9","+0077,1","+0062,1","99999,9",,,,"2,001",,,,,,,,"08,99,1,08,1,07,1,00075,1,99,9,99,9",,,,,"99999,9,10000,1",,,,,,"Q01+004163WOSPD "
"07555099999","1990-02-28T15:00:00","4","44.177776","2.515","616.91","CASSAGNES BEGONHES, FR","FM-12","99999","V020","300,1,N,0103,1","00600,1,C,N","004000,1,N,9","+0080,1","+0059,1","99999,9",,,,"2,001",,,"6,1,03,1","4,1,03,1",,,,"07,99,1,07,1,08,1,00150,1,99,9,99,9",,,,,"99999,9,10000,1",,,"60,1",,,
"07555099999","1990-03-01T09:00:00","4","44.177776","2.515","616.91","CASSAGNES BEGONHES, FR","FM-12","99999","V020","320,1,N,0077,1","00420,1,C,N","010000,1,N,9","+0061,1","+0038,1","99999,9",,,,"2,000",,,,,,,,"07,99,1,07,1,02,1,00450,1,99,9,99,9",,,,,"99999,9,10000,1",,,,,,
"07555099999","1990-03-01T12:00:00","4","44.177776","2.515","616.91","CASSAGNES BEGONHES, FR","FM-12","99999","V020","320,1,N,0051,1","00750,1,C,N","010000,1,N,9","+0050,1","+0001,1","99999,9","06,0000,9,1",,,"4,000",,,,,,,,"06,99,1,06,1,02,1,00800,1,00,1,00,1",,,,,"99999,9,10000,1",,,,,,
"07555099999","1990-03-01T15:00:00","4","44.177776","2.515","616.91","CASSAGNES BEGONHES, FR","FM-12","99999","V020","320,1,N,0103,1","22000,1,C,N","020000,1,N,9","+0048,1","-0052,1","99999,9",,,,"2,000",,,,,,,,"03,99,1,03,1,02,1,01250,1,00,1,00,1",,,,,"99999,9,10000,1",,,,,,
"07555099999","1990-03-02T09:00:00","4","44.177776","2.515","616.91","CASSAGNES BEGONHES, FR","FM-12","99999","V020","360,1,N,0051,1","00750,1,C,N","010000,1,N,9","+0010,1","-0024,1","99999,9",,,,"2,001",,,"8,1,03,1","7,1,03,1",,,,"05,99,1,05,1,02,1,00800,1,00,1,00,1",,,,,"99999,9,10000,1",,,"85,1",,,
"07555099999","1990-03-02T12:00:00","4","44.177776","2.515","616.91","CASSAGNES BEGONHES, FR","FM-12","99999","V020","360,1,N,0077,1","22000,1,C,N","010000,1,N,9","+0005,1","-0039,1","99999,9","06,9999,9,9",,,"4,001",,,"8,1,06,1","7,1,06,1",,,,"04,99,1,04,1,02,1,01250,1,00,1,00,1",,,,,"99999,9,10000,1",,,"85,1",,,"Q01  00002PRCP06"
"07555099999","1990-03-02T15:00:00","4","44.177776","2.515","616.91","CASSAGNES BEGONHES, FR","FM-12","99999","V020","360,1,N,0077,1","22000,1,C,N","010000,1,N,9","-0006,1","-0032,1","99999,9",,,,"2,001",,,"8,1,03,1","7,1,03,1",,,,"03,99,1,03,1,03,1,01250,1,00,1,00,1",,,,,"99999,9,10000,1",,,"85,1",,,
"07555099999","1990-03-03T09:00:00","4","44.177776","2.515","616.91","CASSAGNES BEGONHES, FR","FM-12","99999","V020","040,1,N,0129,1","22000,1,C,N","010000,1,N,9","-0034,1","-0066,1","99999,9",,,,"2,000",,,,,,,,"01,99,1,01,1,02,1,01750,1,00,1,00,1",,,,,"99999,9,10000,1",,,,,,
"07555099999","1990-03-03T12:00:00","4","44.177776","2.515","616.91","CASSAGNES BEGONHES, FR","FM-12","99999","V020","040,1,N,0154,1","22000,1,C,N","020000,1,N,9","-0005,1","-0036,1","99999,9","06,0000,9,1",,,"4,000",,,,,,,,"01,99,1,01,1,02,1,01750,1,00,1,00,1",,,,,"99999,9,10000,1",,,,,,
"07555099999","1990-03-03T15:00:00","4","44.177776","2.515","616.91","CASSAGNES BEGONHES, FR","FM-12","99999","V020","090,1,N,0077,1","22000,1,C,N","020000,1,N,9","+0015,1","-0028,1","99999,9",,,,"2,000",,,,,,,,"01,99,1,01,1,02,1,01750,1,00,1,00,1",,,,,"99999,9,10000,1",,,,,,
"07555099999","1990-03-04T12:00:00","4","44.177776","2.515","616.91","CASSAGNES BEGONHES, FR","FM-12","99999","V020","999,1,V,0010,1","22000,1,C,N","020000,1,N,9","+0070,1","-0088,1","99999,9","06,0000,9,1",,,"4,000",,,,,,,,"00,99,1,00,1,00,1,99999,9,00,1,00,1",,,,,"99999,9,10000,1",,,,,,
"07555099999","1990-03-04T15:00:00","4","44.177776","2.515","616.91","CASSAGNES BEGONHES, FR","FM-12","99999","V020","999,1,V,0021,1","22000,1,C,N","020000,1,N,9","+0085,1","-0095,1","99999,9",,,,"2,000",,,,,,,,"00,99,1,00,1,00,1,99999,9,00,1,00,1",,,,,"99999,9,10000,1",,,,,,
"07555099999","1990-03-06T09:00:00","4","44.177776","2.515","616.91","CASSAGNES BEGONHES, FR","FM-12","99999","V020","999,1,C,0000,1","22000,1,C,N","020000,1,N,9","+0095,1","-0130,1","99999,9",,,,"2,000",,,,,,,,"01,99,1,00,1,00,1,99999,9,00,1,01,1",,,,,"99999,9,10000,1",,,,,,
"07555099999","1990-03-06T12:00:00","4","44.177776","2.515","616.91","CASSAGNES BEGONHES, FR","FM-12","99999","V020","300,1,N,0021,1","22000,1,C,N","020000,1,N,9","+0139,1","-0130,1","99999,9","06,0000,9,1",,,"4,000",,,,,,,,"01,99,1,00,1,00,1,99999,9,00,1,01,1",,,,,"99999,9,10000,1",,,,,,
"07555099999","1990-03-06T15:00:00","4","44.177776","2.515","616.91","CASSAGNES BEGONHES, FR","FM-12","99999","V020","300,1,N,0021,1","22000,1,C,N","020000,1,N,9","+0155,1","-0072,1","99999,9",,,,"2,000",,,,,,,,"03,99,1,00,1,00,1,99999,9,00,1,01,1",,,,,"99999,9,10000,1",,,,,,
"07555099999","1990-03-07T09:00:00","4","44.177776","2.515","616.91","CASSAGNES BEGONHES, FR","FM-12","99999","V020","999,1,C,0000,1","22000,1,C,N","020000,1,N,9","+0112,1","-0130,1","99999,9",,,,"2,000",,,,,,,,"01,99,1,00,1,00,1,99999,9,00,1,01,1",,,,,"99999,9,10000,1",,,,,,
"07555099999","1990-03-07T12:00:00","4","44.177776","2.515","616.91","CASSAGNES BEGONHES, FR","FM-12","99999","V020","180,1,N,0051,1","22000,1,C,N","020000,1,N,9","+0170,1","-0185,1","99999,9","06,0000,9,1",,,"4,000",,,,,,,,"01,99,1,00,1,00,1,99999,9,00,1,01,1",,,,,"99999,9,10000,1",,,,,,
"07555099999","1990-03-07T15:00:00","4","44.177776","2.515","616.91","CASSAGNES BEGONHES, FR","FM-12","99999","V020","180,1,N,0051,1","22000,1,C,N","020000,1,N,9","+0170,1","-0098,1","99999,9",,,,"2,000",,,,,,,,"01,99,1,01,1,00,1,99999,9,04,1,01,1",,,,,"99999,9,10000,1",,,,,,
"07555099999","1990-03-08T12:00:00","4","44.177776","2.515","616.91","CASSAGNES BEGONHES, FR","FM-12","99999","V020","220,1,N,0051,1","09000,1,C,N","004000,1,N,9","+0080,1","+0049,1","99999,9","06,0000,9,1",,,"4,000",,,"2,1,06,1","2,1,06,1",,,,"07,99,1,04,1,05,1,00250,1,00,1,08,1",,,,,"99999,9,10000,1",,,"10,1",,,
"07555099999","1990-03-08T15:00:00","4","44.177776","2.515","616.91","CASSAGNES BEGONHES, FR","FM-12","99999","V020","220,1,N,0062,1","09000,1,C,N","004000,1,N,9","+0070,1","+0049,1","99999,9",,,,"2,000",,,"2,1,03,1","2,1,03,1",,,,"07,99,1,04,1,05,1,00250,1,00,1,08,1",,,,,"99999,9,10000,1",,,"10,1",,,
"07555099999","1990-03-09T09:00:00","4","44.177776","2.515","616.91","CASSAGNES BEGONHES, FR","FM-12","99999","V020","300,1,N,0041,1","00120,1,C,N","002000,1,N,9","+0055,1","+0045,1","99999,9",,,,"2,000",,,"2,1,03,1","2,1,03,1",,,,"06,99,1,06,1,06,1,00150,1,00,1,00,1",,,,,"99999,9,10000,1",,,"10,1",,,
"07555099999","1990-03-09T12:00:00","4","44.177776","2.515","616.91","CASSAGNES BEGONHES, FR","FM-12","99999","V020","360,1,N,0051,1","00750,1,C,N","010000,1,N,9","+0095,1","+0041,1","99999,9","06,0000,9,1",,,"4,000",,,,,,,,"05,99,1,05,1,02,1,00800,1,00,1,00,1",,,,,"99999,9,10000,1",,,,,,
"07555099999","1990-03-09T15:00:00","4","44.177776","2.515","616.91","CASSAGNES BEGONHES, FR","FM-12","99999","V020","360,1,N,0041,1","99999,9,9,N","010000,1,N,9","+0105,1","+0047,1","99999,9",,,,"2,000",,,,,,,,"05,99,1,99,9,02,1,01250,1,00,1,00,1",,,,,"99999,9,10000,1",,,,,,"Q01+000042SCOTLC"
"07555099999","1990-03-10T09:00:00","4","44.177776","2.515","616.91","CASSAGNES BEGONHES, FR","FM-12","99999","V020","040,1,N,0031,1","22000,1,C,N","010000,1,N,9","+0038,1","+0006,1","99999,9",,,,"2,000",,,,,,,,"02,99,1,00,1,00,1,99999,9,00,1,01,1",,,,,"99999,9,10000,1",,,,,,
"07555099999","1990-03-10T12:00:00","4","44.177776","2.515","616.91","CASSAGNES BEGONHES, FR","FM-12","99999","V020","360,1,N,0031,1","22000,1,C,N","020000,1,N,9","+0134,1","+0030,1","99999,9","06,0000,9,1",,,"4,000",,,,,,,,"01,99,1,00,1,00,1,99999,9,00,1,01,1",,,,,"99999,9,10000,1",,,,,,
"07555099999","1990-03-10T15:00:00","4","44.177776","2.515","616.91","CASSAGNES BEGONHES, FR","FM-12","99999","V020","360,1,N,0041,1","22000,1,C,N","020000,1,N,9","+0140,1","+0046,1","99999,9",,,,"2,000",,,,,,,,"01,99,1,00,1,00,1,99999,9,00,1,01,1",,,,,"99999,9,10000,1",,,,,,
"07555099999","1990-03-11T12:00:00","4","44.177776","2.515","616.91","CASSAGNES BEGONHES, FR","FM-12","99999","V020","280,1,N,0031,1","22000,1,C,N","020000,1,N,9","+0195,1","-0062,1","99999,9","06,0000,9,1",,,"4,000",,,,,,,,"01,99,1,00,1,00,1,99999,9,00,1,01,1",,,,,"99999,9,10000,1",,,,,,
"07555099999","1990-03-11T15:00:00","4","44.177776","2.515","616.91","CASSAGNES BEGONHES, FR","FM-12","99999","V020","999,1,V,0021,1","09000,1,C,N","020000,1,N,9","+0202,1","-0035,1","99999,9",,,,"2,000",,,,,,,,"05,99,1,00,1,00,1,99999,9,00,1,02,1",,,,,"99999,9,10000,1",,,,,,
"07555099999","1990-03-13T09:00:00","4","44.177776","2.515","616.91","CASSAGNES BEGONHES, FR","FM-12","99999","V020","999,1,C,0000,1","22000,1,C,N","010000,1,N,9","+0106,1","-0018,1","99999,9",,,,"2,000",,,,,,,,"01,99,1,00,1,00,1,99999,9,00,1,01,1",,,,,"99999,9,10000,1",,,,,,
"07555099999","1990-03-13T12:00:00","4","44.177776","2.515","616.91","CASSAGNES BEGONHES, FR","FM-12","99999","V020","040,1,N,0010,1","22000,1,C,N","020000,1,N,9","+0155,1","-0002,1","99999,9","06,0000,9,1",,,"4,000",,,,,,,,"02,99,1,00,1,00,1,99999,9,00,1,01,1",,,,,"99999,9,10000,1",,,,,,
"07555099999","1990-03-13T15:00:00","4","44.177776","2.515","616.91","CASSAGNES BEGONHES, FR","FM-12","99999","V020","300,1,N,0051,1","22000,1,C,N","020000,1,N,9","+0148,1","-0002,1","99999,9",,,,"2,000",,,,,,,,"05,99,1,00,1,00,1,99999,9,00,1,04,1",,,,,"99999,9,10000,1",,,,,,
"07555099999","1990-03-14T09:00:00","4","44.177776","2.515","616.91","CASSAGNES BEGONHES, FR","FM-12","99999","V020","040,1,N,0051,1","00420,1,C,N","020000,1,N,9","+0080,1","+0048,1","99999,9",,,,"2,000",,,,,,,,"06,99,1,06,1,02,1,00450,1,00,1,00,1",,,,,"99999,9,10000,1",,,,,,
"07555099999","1990-03-14T12:00:00","4","44.177776","2.515","616.91","CASSAGNES BEGONHES, FR","FM-12","99999","V020","060,1,N,0051,1","01200,1,C,N","020000,1,N,9","+0102,1","+0038,1","99999,9","06,0000,9,1",,,"4,000",,,,,,,,"06,99,1,06,1,02,1,01250,1,00,1,00,1",,,,,"99999,9,10000,1",,,,,,
"07555099999","1990-03-14T15:00:00","4","44.177776","2.515","616.91","CASSAGNES BEGONHES, FR","FM-12","99999","V020","060,1,N,0051,1","01200,1,C,N","020000,1,N,9","+0100,1","+0036,1","99999,9",,,,"2,000",,,,,,,,"05,99,1,05,1,02,1,01250,1,00,1,00,1",,,,,"99999,9,10000,1",,,,,,
"07555099999","1990-03-15T09:00:00","4","44.177776","2.515","616.91","CASSAGNES BEGONHES, FR","FM-12","99999","V020","040,1,N,0051,1","22000,1,C,N","004000,1,N,9","+0075,1","+0054,1","99999,9",,,,"2,000",,,,,,,,"01,99,1,00,1,00,1,99999,9,00,1,01,1",,,,,"99999,9,10000,1",,,,,,
"07555099999","1990-03-15T12:00:00","4","44.177776","2.515","616.91","CASSAGNES BEGONHES, FR","FM-12","99999","V020","060,1,N,0031,1","22000,1,C,N","004000,1,N,9","+0139,1","+0050,1","99999,9","06,0000,9,1",,,"4,000",,,,,,,,"05,99,1,04,1,02,1,01250,1,00,1,01,1",,,,,"99999,9,10000,1",,,,,,
"07555099999","1990-03-15T15:00:00","4","44.177776","2.515","616.91","CASSAGNES BEGONHES, FR","FM-12","99999","V020","180,1,N,0010,1","22000,1,C,N","010000,1,N,9","+0136,1","+0023,1","99999,9",,,,"2,000",,,,,,,,"04,99,1,04,1,02,1,01250,1,00,1,00,1",,,,,"99999,9,10000,1",,,,,,
"07555099999","1990-03-16T09:00:00","4","44.177776","2.515","616.91","CASSAGNES BEGONHES, FR","FM-12","99999","V020","999,1,C,0000,1","22000,1,C,N","010000,1,N,9","+0130,1","+0027,1","99999,9",,,,"2,000",,,,,,,,"00,99,1,00,1,00,1,99999,9,00,1,00,1",,,,,"99999,9,10000,1",,,,,,
"07555099999","1990-03-16T12:00:00","4","44.177776","2.515","616.91","CASSAGNES BEGONHES, FR","FM-12","99999","V020","220,1,N,0031,1","22000,1,C,N","020000,1,N,9","+0163,1","-0055,1","99999,9","06,0000,9,1",,,"4,000",,,,,,,,"01,99,1,01,1,02,1,01750,1,00,1,00,1",,,,,"99999,9,10000,1",,,,,,
"07555099999","1990-03-16T15:00:00","4","44.177776","2.515","616.91","CASSAGNES BEGONHES, FR","FM-12","99999","V020","220,1,N,0031,1","22000,1,C,N","020000,1,N,9","+0164,1","+0032,1","99999,9",,,,"2,000",,,,,,,,"01,99,1,01,1,02,1,01750,1,00,1,00,1",,,,,"99999,9,10000,1",,,,,,
"07555099999","1990-03-17T09:00:00","4","44.177776","2.515","616.91","CASSAGNES BEGONHES, FR","FM-12","99999","V020","180,1,N,0051,1","22000,1,C,N","010000,1,N,9","+0105,1","+9999,9","99999,9",,,,"2,000",,,,,,,,"00,99,1,00,1,00,1,99999,9,00,1,00,1",,,,,"99999,9,10000,1",,,,,,
"07555099999","1990-03-17T12:00:00","4","44.177776","2.515","616.91","CASSAGNES BEGONHES, FR","FM-12","99999","V020","180,1,N,0062,1","22000,1,C,N","004000,1,N,9","+0130,1","+0020,1","99999,9","06,0000,9,1",,,"4,000",,,,,,,,"01,99,1,01,1,01,1,01250,1,00,1,00,1",,,,,"99999,9,10000,1",,,,,,
"07555099999","1990-03-17T15:00:00","4","44.177776","2.515","616.91","CASSAGNES BEGONHES, FR","FM-12","99999","V020","180,1,N,0041,1","22000,1,C,N","004000,1,N,9","+0125,1","+0022,1","99999,9",,,,"2,000",,,,,,,,"01,99,1,01,1,01,1,01750,1,00,1,00,1",,,,,"99999,9,10000,1",,,,,,
"07555099999","1990-03-18T15:00:00","4","44.177776","2.515","616.91","CASSAGNES BEGONHES, FR","FM-12","99999","V020","220,1,N,0051,1","22000,1,C,N","010000,1,N,9","+0089,1","-0005,1","99999,9",,,,"2,000",,,,,,,,"02,99,1,02,1,01,1,01750,1,00,1,00,1",,,,,"99999,9,10000,1",,,,,,
"07555099999","1990-03-20T09:00:00","4","44.177776","2.515","616.91","CASSAGNES BEGONHES, FR","FM-12","99999","V020","999,1,V,0010,1","09000,1,C,N","010000,1,N,9","+0106,1","+0014,1","99999,9",,,,"2,000",,,,,,,,"07,99,1,04,1,00,1,02250,1,08,1,04,1",,,,,"99999,9,10000,1",,,,,,
"07555099999","1990-03-20T12:00:00","4","44.177776","2.515","616.91","CASSAGNES BEGONHES, FR","FM-12","99999","V020","040,1,N,0031,1","22000,1,C,N","010000,1,N,9","+0173,1","+0034,1","99999,9","06,0000,9,1",,,"4,000",,,,,,,,"04,99,1,01,1,01,1,01750,1,00,1,07,1",,,,,"99999,9,10000,1",,,,,,
"07555099999","1990-03-20T15:00:00","4","44.177776","2.515","616.91","CASSAGNES BEGONHES, FR","FM-12","99999","V020","360,1,N,0051,1","03600,1,C,N","010000,1,N,9","+0176,1","+0026,1","99999,9",,,,"2,000",,,,,,,,"07,99,1,04,1,04,1,02250,1,08,1,04,1",,,,,"99999,9,10000,1",,,,,,
"07555099999","1990-03-21T09:00:00","4","44.177776","2.515","616.91","CASSAGNES BEGONHES, FR","FM-12","99999","V020","360,1,N,0010,1","22000,1,C,N","010000,1,N,9","+0153,1","-0005,1","99999,9",,,,"2,000",,,,,,,,"03,99,1,00,1,00,1,99999,9,00,1,01,1",,,,,"99999,9,10000,1",,,,,,
"07555099999","1990-03-21T12:00:00","4","44.177776","2.515","616.91","CASSAGNES BEGONHES, FR","FM-12","99999","V020","360,1,N,0010,1","22000,1,C,N","010000,1,N,9","+0204,1","+0005,1","99999,9","06,0000,9,1",,,"4,000",,,,,,,,"02,99,1,00,1,00,1,99999,9,00,1,01,1",,,,,"99999,9,10000,1",,,,,,
"07555099999","1990-03-22T09:00:00","4","44.177776","2.515","616.91","CASSAGNES BEGONHES, FR","FM-12","99999","V020","999,1,C,0000,1","22000,1,C,N","010000,1,N,9","+0175,1","+0000,1","99999,9",,,,"2,000",,,,,,,,"04,99,1,00,1,00,1,99999,9,00,1,02,1",,,,,"99999,9,10000,1",,,,,,
"07555099999","1990-03-22T12:00:00","4","44.177776","2.515","616.91","CASSAGNES BEGONHES, FR","FM-12","99999","V020","300,1,N,0051,1","22000,1,C,N","010000,1,N,9","+0208,1","-0012,1","99999,9","06,0000,9,1",,,"4,000",,,,,,,,"02,99,1,00,1,00,1,99999,9,00,1,02,1",,,,,"99999,9,10000,1",,,,,,
"07555099999","1990-03-22T15:00:00","4","44.177776","2.515","616.91","CASSAGNES BEGONHES, FR","FM-12","99999","V020","300,1,N,0051,1","22000,1,C,N","010000,1,N,9","+0205,1","+0003,1","99999,9",,,,"2,000",,,,,,,,"03,99,1,01,1,02,1,99999,9,08,1,01,1",,,,,"99999,9,10000,1",,,,,,"Q01+000992SCOLCB"
"07555099999","1990-03-23T09:00:00","4","44.177776","2.515","616.91","CASSAGNES BEGONHES, FR","FM-12","99999","V020","040,1,N,0031,1","00210,1,C,N","010000,1,N,9","+0084,1","+0061,1","99999,9",,,,"2,000",,,,,,,,"07,99,1,07,1,05,1,00250,1,99,9,99,9",,,,,"99999,9,10000,1",,,,,,
"07555099999","1990-03-23T12:00:00","4","44.177776","2.515","616.91","CASSAGNES BEGONHES, FR","FM-12","99999","V020","060,1,N,0051,1","09000,1,C,N","020000,1,N,9","+0099,1","+0043,1","99999,9","06,0000,9,1",,,"4,000",,,,,,,,"05,99,1,04,1,02,1,00800,1,00,1,02,1",,,,,"99999,9,10000,1",,,,,,
"07555099999","1990-03-23T15:00:00","4","44.177776","2.515","616.91","CASSAGNES BEGONHES, FR","FM-12","99999","V020","060,1,N,0051,1","22000,1,C,N","020000,1,N,9","+0095,1","+0015,1","99999,9",,,,"2,000",,,,,,,,"01,99,1,01,1,01,1,01750,1,00,1,00,1",,,,,"99999,9,10000,1",,,,,,
"07555099999","1990-03-24T12:00:00","4","44.177776","2.515","616.91","CASSAGNES BEGONHES, FR","FM-12","99999","V020","180,1,N,0021,1","22000,1,C,N","020000,1,N,9","+0140,1","+0008,1","99999,9","06,0000,9,1",,,"4,000",,,,,,,,"00,99,1,00,1,00,1,99999,9,00,1,00,1",,,,,"99999,9,10000,1",,,,,,
"07555099999","1990-03-24T15:00:00","4","44.177776","2.515","616.91","CASSAGNES BEGONHES, FR","FM-12","99999","V020","300,1,N,0051,1","22000,1,C,N","020000,1,N,9","+0145,1","-0020,1","99999,9",,,,"2,000",,,,,,,,"01,99,1,01,1,01,1,01750,1,00,1,00,1",,,,,"99999,9,10000,1",,,,,,
"07555099999","1990-03-27T09:00:00","4","44.177776","2.515","616.91","CASSAGNES BEGONHES, FR","FM-12","99999","V020","040,1,N,0051,1","00750,1,C,N","020000,1,N,9","+0006,1","-0010,1","99999,9",,,,"2,000",,,,,,,,"06,99,1,06,1,02,1,00800,1,00,1,00,1",,,,,"99999,9,10000,1",,,,,,
"07555099999","1990-03-27T12:00:00","4","44.177776","2.515","616.91","CASSAGNES BEGONHES, FR","FM-12","99999","V020","040,1,N,0051,1","00750,1,C,N","020000,1,N,9","+0015,1","-0044,1","99999,9","06,9999,9,9",,,"4,001",,,"8,1,06,1","7,1,06,1",,,,"07,99,1,06,1,02,1,00800,1,00,1,01,1",,,,,"99999,9,10000,1",,,"85,1",,,"Q01  00002PRCP06"
"07555099999","1990-03-27T15:00:00","4","44.177776","2.515","616.91","CASSAGNES BEGONHES, FR","FM-12","99999","V020","040,1,N,0051,1","09000,1,C,N","020000,1,N,9","+0008,1","-0029,1","99999,9",,,,"2,001",,,"8,1,03,1","7,1,03,1",,,,"05,99,1,04,1,02,1,00800,1,00,1,03,1",,,,,"99999,9,10000,1",,,"85,1",,,
"07555099999","1990-03-28T09:00:00","4","44.177776","2.515","616.91","CASSAGNES BEGONHES, FR","FM-12","99999","V020","040,1,N,0051,1","00420,1,C,N","004000,1,N,9","+0000,1","-0013,1","99999,9",,,,"2,000",,,,,,,,"07,99,1,07,1,05,1,00450,1,99,9,99,9",,,,,"99999,9,10000,1",,,,,,
"07555099999","1990-03-28T12:00:00","4","44.177776","2.515","616.91","CASSAGNES BEGONHES, FR","FM-12","99999","V020","040,1,N,0051,1","00750,1,C,N","004000,1,N,9","+0005,1","-0026,1","99999,9","06,0000,9,1",,,"4,000",,,,,,,,"07,99,1,07,1,02,1,00800,1,99,9,99,9",,,,,"99999,9,10000,1",,,,,,
"07555099999","1990-03-28T15:00:00","4","44.177776","2.515","616.91","CASSAGNES BEGONHES, FR","FM-12","99999","V020","360,1,N,0051,1","00120,1,C,N","002000,1,N,9","+0000,1","-0015,1","99999,9",,,,"2,001",,,"8,1,03,1","7,1,03,1",,,,"08,99,1,08,1,07,1,00150,1,99,9,99,9",,,,,"99999,9,10000,1",,,"85,1",,,
"07555099999","1990-03-29T09:00:00","4","44.177776","2.515","616.91","CASSAGNES BEGONHES, FR","FM-12","99999","V020","040,1,N,0051,1","00420,1,C,N","010000,1,N,9","+0006,1","-0010,1","99999,9",,,,"2,000",,,,,,,,"07,99,1,07,1,02,1,00450,1,99,9,99,9",,,,,"99999,9,10000,1",,,,,,
"07555099999","1990-03-29T12:00:00","4","44.177776","2.515","616.91","CASSAGNES BEGONHES, FR","FM-12","99999","V020","060,1,N,0051,1","22000,1,C,N","010000,1,N,9","+0028,1","-0019,1","99999,9","06,0000,9,1",,,"4,000",,,,,,,,"04,99,1,04,1,02,1,01250,1,00,1,00,1",,,,,"99999,9,10000,1",,,,,,
"07555099999","1990-03-29T15:00:00","4","44.177776","2.515","616.91","CASSAGNES BEGONHES, FR","FM-12","99999","V020","060,1,N,0062,1","00750,1,C,N","010000,1,N,9","+0016,1","-0028,1","99999,9",,,,"2,000",,,,,,,,"07,99,1,07,1,02,1,00800,1,99,9,99,9",,,,,"99999,9,10000,1",,,,,,
"07555099999","1990-03-30T09:00:00","4","44.177776","2.515","616.91","CASSAGNES BEGONHES, FR","FM-12","99999","V020","060,1,N,0051,1","22000,1,C,N","004000,1,N,9","+0040,1","+0016,1","99999,9","06,0000,9,1",,,"4,000",,,,,,,,"02,99,1,02,1,01,1,01250,1,00,1,00,1",,,,,"99999,9,10000,1",,,,,,
"07555099999","1990-03-30T12:00:00","4","44.177776","2.515","616.91","CASSAGNES BEGONHES, FR","FM-12","99999","V020","100,1,N,0062,1","22000,1,C,N","010000,1,N,9","+0075,1","+0001,1","99999,9","06,0000,9,1",,,"4,000",,,,,,,,"01,99,1,01,1,01,1,01750,1,00,1,00,1",,,,,"99999,9,10000,1",,,,,,
"07555099999","1990-03-30T15:00:00","4","44.177776","2.515","616.91","CASSAGNES BEGONHES, FR","FM-12","99999","V020","080,1,N,0051,1","22000,1,C,N","010000,1,N,9","+0105,1","+0015,1","99999,9",,,,"2,000",,,,,,,,"02,99,1,02,1,01,1,01250,1,00,1,00,1",,,,,"99999,9,10000,1",,,,,,
"07555099999","1990-03-31T09:00:00","4","44.177776","2.515","616.91","CASSAGNES BEGONHES, FR","FM-12","99999","V020","180,1,N,0051,1","22000,1,C,N","010000,1,N,9","+0090,1","-0002,1","99999,9",,,,"2,000",,,,,,,,"01,99,1,01,1,01,1,01750,1,00,1,00,1",,,,,"99999,9,10000,1",,,,,,
"07555099999","1990-03-31T12:00:00","4","44.177776","2.515","616.91","CASSAGNES BEGONHES, FR","FM-12","99999","V020","180,1,N,0077,1","22000,1,C,N","010000,1,N,9","+0115,1","+9999,9","99999,9","06,0000,9,1",,,"4,000",,,,,,,,"02,99,1,02,1,01,1,01750,1,00,1,00,1",,,,,"99999,9,10000,1",,,,,,
"07555099999","1990-03-31T15:00:00","4","44.177776","2.515","616.91","CASSAGNES BEGONHES, FR","FM-12","99999","V020","180,1,N,0077,1","22000,1,C,N","020000,1,N,9","+0115,1","-0004,1","99999,9",,,,"2,000",,,,,,,,"01,99,1,01,1,01,1,01750,1,00,1,00,1",,,,,"99999,9,10000,1",,,,,,
"07555099999","1990-04-01T12:00:00","4","44.177776","2.515","616.91","CASSAGNES BEGONHES, FR","FM-12","99999","V020","180,1,N,0154,1","22000,1,C,N","010000,1,N,9","+0105,1","+9999,9","99999,9","06,0000,9,1",,,"4,000",,,,,,,,"03,99,1,03,1,02,1,01750,1,00,1,00,1",,,,,"99999,9,10000,1",,,,,,
"07555099999","1990-04-01T15:00:00","4","44.177776","2.515","616.91","CASSAGNES BEGONHES, FR","FM-12","99999","V020","180,1,N,0103,1","22000,1,C,N","020000,1,N,9","+0100,1","-0008,1","99999,9",,,,"2,000",,,,,,,,"04,99,1,04,1,02,1,01750,1,04,1,00,1",,,,,"99999,9,10000,1",,,,,,
"07555099999","1990-04-03T09:00:00","4","44.177776","2.515","616.91","CASSAGNES BEGONHES, FR","FM-12","99999","V020","300,1,N,0010,1","00120,1,C,N","002000,1,N,9","+0057,1","+0053,1","99999,9",,,,"2,000",,,"2,1,03,1","2,1,03,1",,,,"08,99,1,08,1,06,1,00150,1,99,9,99,9",,,,,"99999,9,10000,1",,,"10,1",,,
"07555099999","1990-04-03T12:00:00","4","44.177776","2.515","616.91","CASSAGNES BEGONHES, FR","FM-12","99999","V020","300,1,N,0021,1","00060,1,C,N","001000,1,N,9","+0065,1","+0060,1","99999,9","06,9999,9,9",,,"4,001",,,"6,1,06,1","2,1,06,1",,,,"08,99,1,08,1,07,1,00075,1,99,9,99,9",,,,,"99999,9,10000,1",,,"60,1",,,"Q01  00002PRCP06"
"07555099999","1990-04-03T15:00:00","4","44.177776","2.515","616.91","CASSAGNES BEGONHES, FR","FM-12","99999","V020","320,1,N,0051,1","00210,1,C,N","010000,1,N,9","+0036,1","+0026,1","99999,9",,,,"2,001",,,"6,1,03,1","4,1,03,1",,,,"07,99,1,07,1,05,1,00250,1,99,9,99,9",,,,,"99999,9,10000,1",,,"01,1",,,
"07555099999","1990-04-04T09:00:00","4","44.177776","2.515","616.91","CASSAGNES BEGONHES, FR","FM-12","99999","V020","040,1,N,0051,1","22000,1,C,N","020000,1,N,9","+0035,1","-0069,1","99999,9",,,,"2,000",,,,,,,,"01,99,1,00,1,00,1,99999,9,00,1,01,1",,,,,"99999,9,10000,1",,,,,,
"07555099999","1990-04-04T12:00:00","4","44.177776","2.515","616.91","CASSAGNES BEGONHES, FR","FM-12","99999","V020","100,1,N,0051,1","22000,1,C,N","020000,1,N,9","+0080,1","-0048,1","99999,9","06,0000,9,1",,,"4,000",,,,,,,,"01,99,1,01,1,01,1,02250,1,00,1,01,1",,,,,"99999,9,10000,1",,,,,,
"07555099999","1990-04-04T15:00:00","4","44.177776","2.515","616.91","CASSAGNES BEGONHES, FR","FM-12","99999","V020","300,1,N,0031,1","22000,1,C,N","020000,1,N,9","+0095,1","-0049,1","99999,9",,,,"2,000",,,,,,,,"04,99,1,02,1,02,1,02250,1,04,1,01,1",,,,,"99999,9,10000,1",,,,,,
"07555099999","1990-04-05T09:00:00","4","44.177776","2.515","616.91","CASSAGNES BEGONHES, FR","FM-12","99999","V020","100,1,N,0021,1","00030,1,C,N","000500,1,N,9","+0006,1","+0004,1","99999,9",,,,"2,004",,,"7,1,03,1","2,1,03,1","09,1,+99999,9,99,9",,,"09,99,1,09,1,99,9,99999,9,99,9,99,9",,,,,"99999,9,10000,1",,,"73,1",,,
"07555099999","1990-04-05T12:00:00","4","44.177776","2.515","616.91","CASSAGNES BEGONHES, FR","FM-12","99999","V020","100,1,N,0010,1","00210,1,C,N","004000,1,N,9","+0009,1","-0002,1","99999,9","06,9999,9,9",,,"4,001",,,"7,1,06,1","4,1,06,1",,,,"08,99,1,08,1,07,1,00250,1,99,9,99,9",,,,,"99999,9,10000,1",,,"70,1",,,"Q01  00002PRCP06"
"07555099999","1990-04-05T15:00:00","4","44.177776","2.515","616.91","CASSAGNES BEGONHES, FR","FM-12","99999","V020","100,1,N,0010,1","00120,1,C,N","004000,1,N,9","+0028,1","+0028,1","99999,9",,,,"2,001",,,"7,1,03,1","4,1,03,1",,,,"08,99,1,08,1,06,1,00150,1,99,9,99,9",,,,,"99999,9,10000,1",,,"41,1",,,
"07555099999","1990-04-06T09:00:00","4","44.177776","2.515","616.91","CASSAGNES BEGONHES, FR","FM-12","99999","V020","180,1,N,0021,1","00210,1,C,N","004000,1,N,9","+0052,1","+0037,1","99999,9",,,,"2,001",,,"6,1,03,1","2,1,03,1",,,,"08,99,1,08,1,06,1,00250,1,99,9,99,9",,,,,"99999,9,10000,1",,,"02,1",,,
"07555099999","1990-04-06T12:00:00","4","44.177776","2.515","616.91","CASSAGNES BEGONHES, FR","FM-12","99999","V020","180,1,N,0021,1","00120,1,C,N","004000,1,N,9","+0060,1","+0055,1","99999,9","06,9999,9,9",,,"4,000",,,"2,1,06,1","2,1,06,1",,,,"08,99,1,08,1,07,1,00150,1,99,9,99,9",,,,,"99999,9,10000,1",,,"50,1",,,"Q01  00002PRCP06"
"07555099999","1990-04-06T15:00:00","4","44.177776","2.515","616.91","CASSAGNES BEGONHES, FR","FM-12","99999","V020","180,1,N,0031,1","00120,1,C,N","004000,1,N,9","+0074,1","+0065,1","99999,9",,,,"2,000",,,"5,1,03,1","2,1,03,1",,,,"08,99,1,08,1,07,1,00150,1,99,9,99,9",,,,,"99999,9,10000,1",,,"50,1",,,
"07555099999","1990-04-07T09:00:00","4","44.177776","2.515","616.91","CASSAGNES BEGONHES, FR","FM-12","99999","V020","300,1,N,0031,1","00120,1,C,N","004000,1,N,9","+0058,1","+0051,1","99999,9",,,,"2,001",,,"6,1,03,1","4,1,03,1",,,,"08,99,1,08,1,05,1,00150,1,99,9,99,9",,,,,"99999,9,10000,1",,,"60,1",,,
"07555099999","1990-04-07T15:00:00","4","44.177776","2.515","616.91","CASSAGNES BEGONHES, FR","FM-12","99999","V020","300,1,N,0031,1","00060,1,C,N","001000,1,N,9","+0065,1","+0063,1","99999,9",,,,"2,001",,,"6,1,03,1","4,1,03,1",,,,"08,99,1,08,1,05,1,00075,1,99,9,99,9",,,,,"99999,9,10000,1",,,"60,1",,,
"07555099999","1990-04-08T15:00:00","4","44.177776","2.515","616.91","CASSAGNES BEGONHES, FR","FM-12","99999","V020","999,1,C,0000,1","00420,1,C,N","010000,1,N,9","+0070,1","+0060,1","99999,9",,,,"2,003",,,"8,1,03,1","6,1,03,1",,,,"08,99,1,08,1,02,1,00450,1,99,9,99,9",,,,,"99999,9,10000,1",,,"80,1",,,
"07555099999","1990-04-10T09:00:00","4","44.177776","2.515","616.91","CASSAGNES BEGONHES, FR","FM-12","99999","V020","040,1,N,0077,1","00420,1,C,N","010000,1,N,9","-0004,1","-0020,1","99999,9",,,,"2,000",,,,,,,,"07,99,1,07,1,05,1,00450,1,99,9,99,9",,,,,"99999,9,10000,1",,,,,,
"07555099999","1990-04-10T15:00:00","4","44.177776","2.515","616.91","CASSAGNES BEGONHES, FR","FM-12","99999","V020","040,1,N,0103,1","00750,1,C,N","010000,1,N,9","+0049,1","-0028,1","99999,9",,,,"2,000",,,,,,,,"05,99,1,05,1,02,1,00800,1,00,1,00,1",,,,,"99999,9,10000,1",,,,,,
"07555099999","1990-04-11T09:00:00","4","44.177776","2.515","616.91","CASSAGNES BEGONHES, FR","FM-12","99999","V020","360,1,N,0021,1","00210,1,C,N","004000,1,N,9","+0040,1","+0028,1","99999,9",,,,"2,000",,,,,,,,"08,99,1,08,1,06,1,00250,1,99,9,99,9",,,,,"99999,9,10000,1",,,,,,
"07555099999","1990-04-11T12:00:00","4","44.177776","2.515","616.91","CASSAGNES BEGONHES, FR","FM-12","99999","V020","320,1,N,0051,1","00420,1,C,N","010000,1,N,9","+0070,1","+0024,1","99999,9","06,0000,9,1",,,"4,000",,,,,,,,"07,99,1,07,1,05,1,00450,1,99,9,99,9",,,,,"99999,9,10000,1",,,,,,
"07555099999","1990-04-11T15:00:00","4","44.177776","2.515","616.91","CASSAGNES BEGONHES, FR","FM-12","99999","V020","360,1,N,0051,1","00750,1,C,N","020000,1,N,9","+0089,1","+0012,1","99999,9",,,,"2,000",,,,,,,,"06,99,1,06,1,02,1,00800,1,00,1,00,1",,,,,"99999,9,10000,1",,,,,,
"07555099999","1990-04-12T09:00:00","4","44.177776","2.515","616.91","CASSAGNES BEGONHES, FR","FM-12","99999","V020","020,1,N,0051,1","00420,1,C,N","010000,1,N,9","+0055,1","+0008,1","99999,9",,,,"2,000",,,,,,,,"07,99,1,07,1,02,1,00450,1,99,9,99,9",,,,,"99999,9,10000,1",,,,,,
"07555099999","1990-04-12T12:00:00","4","44.177776","2.515","616.91","CASSAGNES BEGONHES, FR","FM-12","99999","V020","020,1,N,0051,1","00750,1,C,N","020000,1,N,9","+0075,1","+0022,1","99999,9","06,0000,9,1",,,"4,000",,,,,,,,"06,99,1,06,1,02,1,00800,1,00,1,00,1",,,,,"99999,9,10000,1",,,,,,
"07555099999","1990-04-12T15:00:00","4","44.177776","2.515","616.91","CASSAGNES BEGONHES, FR","FM-12","99999","V020","040,1,N,0051,1","22000,1,C,N","020000,1,N,9","+0090,1","+0010,1","99999,9",,,,"2,000",,,,,,,,"04,99,1,04,1,02,1,00800,1,00,1,00,1",,,,,"99999,9,10000,1",,,,,,
"07555099999","1990-04-13T15:00:00","4","44.177776","2.515","616.91","CASSAGNES BEGONHES, FR","FM-12","99999","V020","180,1,N,0010,1","00420,1,C,N","004000,1,N,9","+0070,1","+0038,1","99999,9",,,,"2,000",,,"2,1,03,1","2,1,03,1",,,,"08,99,1,08,1,07,1,00450,1,99,9,99,9",,,,,"99999,9,10000,1",,,"60,1",,,
"07555099999","1990-04-14T09:00:00","4","44.177776","2.515","616.91","CASSAGNES BEGONHES, FR","FM-12","99999","V020","300,1,N,0051,1","00420,1,C,N","020000,1,N,9","+0034,1","-0009,1","99999,9",,,,"2,000",,,,,,,,"07,99,1,07,1,04,1,00450,1,99,9,99,9",,,,,"99999,9,10000,1",,,,,,
"07555099999","1990-04-14T12:00:00","4","44.177776","2.515","616.91","CASSAGNES BEGONHES, FR","FM-12","99999","V020","040,1,N,0051,1","00750,1,C,N","010000,1,N,9","+0030,1","+0005,1","99999,9","06,9999,9,9",,,"4,002",,,"8,1,06,1","2,1,06,1",,,,"06,99,1,06,1,03,1,00800,1,00,1,00,1",,,,,"99999,9,10000,1",,,"87,1",,,"Q01  00002PRCP06"
"07555099999","1990-04-14T15:00:00","4","44.177776","2.515","616.91","CASSAGNES BEGONHES, FR","FM-12","99999","V020","320,1,N,0051,1","00420,1,C,N","020000,1,N,9","+0044,1","-0007,1","99999,9",,,,"2,002",,,"8,1,03,1","2,1,03,1",,,,"05,99,1,05,1,03,1,00450,1,06,1,00,1",,,,,"99999,9,10000,1",,,"87,1",,,
"07555099999","1990-04-15T12:00:00","4","44.177776","2.515","616.91","CASSAGNES BEGONHES, FR","FM-12","99999","V020","360,1,N,0051,1","00420,1,C,N","020000,1,N,9","+0064,1","-0004,1","99999,9","06,0000,9,1",,,"4,000",,,,,,,,"05,99,1,05,1,02,1,00450,1,00,1,00,1",,,,,"99999,9,10000,1",,,,,,
"07555099999","1990-04-15T15:00:00","4","44.177776","2.515","616.91","CASSAGNES BEGONHES, FR","FM-12","99999","V020","360,1,N,0077,1","00750,1,C,N","020000,1,N,9","+0060,1","-0031,1","99999,9",,,,"2,002",,,"8,1,03,1","2,1,03,1",,,,"05,99,1,05,1,02,1,00800,1,00,1,00,1",,,,,"99999,9,10000,1",,,"87,1",,,
"07555099999","1990-04-17T09:00:00","4","44.177776","2.515","616.91","CASSAGNES BEGONHES, FR","FM-12","99999","V020","320,1,N,0021,1","09000,1,C,N","020000,1,N,9","+0053,1","-0002,1","99999,9",,,,"2,000",,,,,,,,"05,99,1,02,1,02,1,00450,1,06,1,02,1",,,,,"99999,9,10000,1",,,,,,
"07555099999","1990-04-17T12:00:00","4","44.177776","2.515","616.91","CASSAGNES BEGONHES, FR","FM-12","99999","V020","020,1,N,0031,1","00060,1,C,N","001000,1,N,9","+0014,1","+0014,1","99999,9","06,9999,9,9",,,"4,003",,,"7,1,06,1","6,1,06,1",,,,"08,99,1,08,1,07,1,00075,1,99,9,99,9",,,,,"99999,9,10000,1",,,"68,1",,,"Q01  00002PRCP06"
"07555099999","1990-04-17T15:00:00","4","44.177776","2.515","616.91","CASSAGNES BEGONHES, FR","FM-12","99999","V020","320,1,N,0021,1","03600,1,C,N","010000,1,N,9","+0036,1","+0021,1","99999,9",,,,"2,002",,,"7,1,03,1","6,1,03,1",,,,"06,99,1,03,1,07,1,00250,1,06,1,03,1",,,,,"99999,9,10000,1",,,"21,1",,,
"07555099999","1990-04-18T09:00:00","4","44.177776","2.515","616.91","CASSAGNES BEGONHES, FR","FM-12","99999","V020","360,1,N,0051,1","00420,1,C,N","020000,1,N,9","+0018,1","-0025,1","99999,9",,,,"2,000",,,,,,,,"07,99,1,07,1,02,1,00450,1,99,9,99,9",,,,,"99999,9,10000,1",,,,,,
"07555099999","1990-04-18T12:00:00","4","44.177776","2.515","616.91","CASSAGNES BEGONHES, FR","FM-12","99999","V020","360,1,N,0051,1","00600,1,C,N","004000,1,N,9","+0026,1","+9999,9","99999,9","06,9999,9,9",,,"4,002",,,"8,1,06,1","7,1,06,1",,,,"07,99,1,07,1,08,1,00250,1,99,9,99,9",,,,,"99999,9,10000,1",,,"83,1",,,"Q01  00002PRCP06"
"07555099999","1990-04-18T15:00:00","4","44.177776","2.515","616.91","CASSAGNES BEGONHES, FR","FM-12","99999","V020","360,1,N,0051,1","09000,1,C,N","010000,1,N,9","+0025,1","-0027,1","99999,9",,,,"2,001",,,"8,1,03,1","7,1,03,1",,,,"06,99,1,02,1,03,1,00450,1,06,1,03,1",,,,,"99999,9,10000,1",,,"88,1",,,
"07555099999","1990-04-19T09:00:00","4","44.177776","2.515","616.91","CASSAGNES BEGONHES, FR","FM-12","99999","V020","360,1,N,0051,1","03600,1,C,N","010000,1,N,9","+0025,1","+0010,1","99999,9",,,,"2,000",,,,,,,,"06,99,1,04,1,02,1,00450,1,04,1,00,1",,,,,"99999,9,10000,1",,,,,,
"07555099999","1990-04-19T12:00:00","4","44.177776","2.515","616.91","CASSAGNES BEGONHES, FR","FM-12","99999","V020","320,1,N,0077,1","00420,1,C,N","020000,1,N,9","+0075,1","-0002,1","99999,9","06,0000,9,1",,,"4,000",,,,,,,,"07,99,1,07,1,02,1,00450,1,99,9,99,9",,,,,"99999,9,10000,1",,,,,,
"07555099999","1990-04-19T15:00:00","4","44.177776","2.515","616.91","CASSAGNES BEGONHES, FR","FM-12","99999","V020","300,1,N,0051,1","00420,1,C,N","010000,1,N,9","+0050,1","+0027,1","99999,9",,,,"2,001",,,"6,1,03,1","2,1,03,1",,,,"08,99,1,08,1,07,1,00450,1,99,9,99,9",,,,,"99999,9,10000,1",,,"60,1",,,
"07555099999","1990-04-20T09:00:00","4","44.177776","2.515","616.91","CASSAGNES BEGONHES, FR","FM-12","99999","V020","320,1,N,0051,1","09000,1,C,N","004000,1,N,9","+0003,1","-0018,1","99999,9",,,,"2,000",,,,,,,,"06,99,1,04,1,02,1,00250,1,00,1,02,1",,,,,"99999,9,10000,1",,,,,,
"07555099999","1990-04-20T12:00:00","4","44.177776","2.515","616.91","CASSAGNES BEGONHES, FR","FM-12","99999","V020","360,1,N,0051,1","00420,1,C,N","020000,1,N,9","+0026,1","-0010,1","99999,9","06,0000,9,1",,,"4,000",,,,,,,,"06,99,1,06,1,02,1,00450,1,00,1,00,1",,,,,"99999,9,10000,1",,,,,,
"07555099999","1990-04-20T15:00:00","4","44.177776","2.515","616.91","CASSAGNES BEGONHES, FR","FM-12","99999","V020","360,1,N,0051,1","00420,1,C,N","020000,1,N,9","+0030,1","-0024,1","99999,9",,,,"2,000",,,,,,,,"07,99,1,07,1,02,1,00450,1,99,9,99,9",,,,,"99999,9,10000,1",,,,,,
"07555099999","1990-04-21T09:00:00","4","44.177776","2.515","616.91","CASSAGNES BEGONHES, FR","FM-12","99999","V020","320,1,N,0021,1","22000,1,C,N","004000,1,N,9","+0035,1","-0011,1","99999,9",,,,"2,000",,,,,,,,"04,99,1,04,1,02,1,00450,1,00,1,01,1",,,,,"99999,9,10000,1",,,,,,
"07555099999","1990-04-21T12:00:00","4","44.177776","2.515","616.91","CASSAGNES BEGONHES, FR","FM-12","99999","V020","040,1,N,0021,1","00750,1,C,N","020000,1,N,9","+0070,1","+0004,1","99999,9","06,0000,9,1",,,"4,000",,,,,,,,"06,99,1,06,1,02,1,00800,1,00,1,00,1",,,,,"99999,9,10000,1",,,,,,
"07555099999","1990-04-21T15:00:00","4","44.177776","2.515","616.91","CASSAGNES BEGONHES, FR","FM-12","99999","V020","080,1,N,0041,1","09000,1,C,N","020000,1,N,9","+0085,1","-0012,1","99999,9",,,,"2,000",,,,,,,,"06,99,1,04,1,03,1,00800,1,00,1,03,1",,,,,"99999,9,10000,1",,,,,,
"07555099999","1990-04-25T09:00:00","4","44.177776","2.515","616.91","CASSAGNES BEGONHES, FR","FM-12","99999","V020","320,1,N,0021,1","00210,1,C,N","002000,1,N,9","+0063,1","+0043,1","99999,9",,,,"2,000",,,"4,1,03,1","2,1,03,1",,,,"08,99,1,08,1,06,1,00250,1,99,9,99,9",,,,,"99999,9,10000,1",,,"10,1",,,
"07555099999","1990-04-25T12:00:00","4","44.177776","2.515","616.91","CASSAGNES BEGONHES, FR","FM-12","99999","V020","320,1,N,0021,1","00750,1,C,N","010000,1,N,9","+0094,1","+0038,1","99999,9","06,0000,9,1",,,"4,000",,,,,,,,"07,99,1,05,1,02,1,00800,1,06,1,99,9",,,,,"99999,9,10000,1",,,,,,
"07555099999","1990-04-26T09:00:00","4","44.177776","2.515","616.91","CASSAGNES BEGONHES, FR","FM-12","99999","V020","020,1,N,0021,1","00750,1,C,N","004000,1,N,9","+0084,1","+0036,1","99999,9",,,,"2,000",,,,,,,,"05,99,1,05,1,02,1,00800,1,00,1,00,1",,,,,"99999,9,10000,1",,,,,,
"07555099999","1990-04-26T12:00:00","4","44.177776","2.515","616.91","CASSAGNES BEGONHES, FR","FM-12","99999","V020","020,1,N,0051,1","01200,1,C,N","004000,1,N,9","+0110,1","+0004,1","99999,9","06,0000,9,1",,,"4,000",,,,,,,,"06,99,1,06,1,02,1,01250,1,00,1,00,1",,,,,"99999,9,10000,1",,,,,,
"07555099999","1990-04-26T15:00:00","4","44.177776","2.515","616.91","CASSAGNES BEGONHES, FR","FM-12","99999","V020","020,1,N,0031,1","03600,1,C,N","010000,1,N,9","+0108,1","-0002,1","99999,9",,,,"2,000",,,,,,,,"06,99,1,03,1,02,1,01250,1,06,1,00,1",,,,,"99999,9,10000,1",,,,,,
"07555099999","1990-04-27T12:00:00","4","44.177776","2.515","616.91","CASSAGNES BEGONHES, FR","FM-12","99999","V020","020,1,N,0051,1","01200,1,C,N","004000,1,N,9","+0134,1","+0028,1","99999,9","06,0000,9,1",,,"4,000",,,,,,,,"05,99,1,05,1,02,1,01250,1,00,1,00,1",,,,,"99999,9,10000,1",,,,,,
"07555099999","1990-04-27T15:00:00","4","44.177776","2.515","616.91","CASSAGNES BEGONHES, FR","FM-12","99999","V020","020,1,N,0051,1","22000,1,C,N","004000,1,N,9","+0149,1","+0025,1","99999,9",,,,"2,000",,,,,,,,"04,99,1,04,1,02,1,01250,1,00,1,00,1",,,,,"99999,9,10000,1",,,,,,
"07555099999","1990-04-28T09:00:00","4","44.177776","2.515","616.91","CASSAGNES BEGONHES, FR","FM-12","99999","V020","060,1,N,0031,1","22000,1,C,N","004000,1,N,9","+0106,1","+0043,1","99999,9",,,,"2,000",,,,,,,,"02,99,1,02,1,02,1,00450,1,00,1,00,1",,,,,"99999,9,10000,1",,,,,,
"07555099999","1990-04-28T12:00:00","4","44.177776","2.515","616.91","CASSAGNES BEGONHES, FR","FM-12","99999","V020","060,1,N,0051,1","22000,1,C,N","020000,1,N,9","+0148,1","+0047,1","99999,9","06,0000,9,1",,,"4,000",,,,,,,,"01,99,1,01,1,01,1,01750,1,00,1,00,1",,,,,"99999,9,10000,1",,,,,,
"07555099999","1990-04-29T12:00:00","4","44.177776","2.515","616.91","CASSAGNES BEGONHES, FR","FM-12","99999","V020","180,1,N,0041,1","22000,1,C,N","020000,1,N,9","+0194,1","+0061,1","99999,9",,,,"2,000",,,,,,,,"02,99,1,02,1,01,1,01750,1,00,1,00,1",,,,,"99999,9,10000,1",,,,,,
"07555099999","1990-04-29T15:00:00","4","44.177776","2.515","616.91","CASSAGNES BEGONHES, FR","FM-12","99999","V020","180,1,N,0051,1","22000,1,C,N","020000,1,N,9","+0182,1","+0037,1","99999,9",,,,"2,000",,,,,,,,"03,99,1,03,1,02,1,02250,1,00,1,00,1",,,,,"99999,9,10000,1",,,,,,
"07555099999","1990-05-01T12:00:00","4","44.177776","2.515","616.91","CASSAGNES BEGONHES, FR","FM-12","99999","V020","200,1,N,0051,1","22000,1,C,N","020000,1,N,9","+0176,1","+0007,1","99999,9","06,0000,9,1",,,"4,000",,,,,,,,"01,99,1,01,1,02,1,02250,1,00,1,00,1",,,,,"99999,9,10000,1",,,,,,
"07555099999","1990-05-01T15:00:00","4","44.177776","2.515","616.91","CASSAGNES BEGONHES, FR","FM-12","99999","V020","200,1,N,0031,1","22000,1,C,N","020000,1,N,9","+0190,1","+0027,1","99999,9",,,,"2,000",,,,,,,,"02,99,1,02,1,02,1,02250,1,00,1,00,1",,,,,"99999,9,10000,1",,,,,,
"07555099999","1990-05-02T09:00:00","4","44.177776","2.515","616.91","CASSAGNES BEGONHES, FR","FM-12","99999","V020","200,1,N,0031,1","22000,1,C,N","020000,1,N,9","+0160,1","+0048,1","99999,9",,,,"2,000",,,,,,,,"00,99,1,00,1,00,1,99999,9,00,1,00,1",,,,,"99999,9,10000,1",,,,,,
"07555099999","1990-05-02T12:00:00","4","44.177776","2.515","616.91","CASSAGNES BEGONHES, FR","FM-12","99999","V020","180,1,N,0051,1","22000,1,C,N","020000,1,N,9","+0183,1","+0040,1","99999,9","06,0000,9,1",,,"4,000",,,,,,,,"02,99,1,02,1,02,1,02250,1,00,1,00,1",,,,,"99999,9,10000,1",,,,,,
"07555099999","1990-05-02T15:00:00","4","44.177776","2.515","616.91","CASSAGNES BEGONHES, FR","FM-12","99999","V020","180,1,N,0051,1","22000,1,C,N","020000,1,N,9","+0182,1","+0037,1","99999,9",,,,"2,000",,,,,,,,"03,99,1,03,1,02,1,02250,1,00,1,00,1",,,,,"99999,9,10000,1",,,,,,
"07555099999","1990-05-03T09:00:00","4","44.177776","2.515","616.91","CASSAGNES BEGONHES, FR","FM-12","99999","V020","180,1,N,0031,1","22000,1,C,N","010000,1,N,9","+0160,1","+0060,1","99999,9",,,,"2,000",,,,,,,,"01,99,1,01,1,01,1,02250,1,00,1,00,1",,,,,"99999,9,10000,1",,,,,,
"07555099999","1990-05-03T12:00:00","4","44.177776","2.515","616.91","CASSAGNES BEGONHES, FR","FM-12","99999","V020","180,1,N,0051,1","22000,1,C,N","010000,1,N,9","+0198,1","+0066,1","99999,9","06,0000,9,1",,,"4,000",,,,,,,,"03,99,1,03,1,02,1,02250,1,00,1,00,1",,,,,"99999,9,10000,1",,,,,,
"07555099999","1990-05-04T09:00:00","4","44.177776","2.515","616.91","CASSAGNES BEGONHES, FR","FM-12","99999","V020","120,1,N,0010,1","22000,1,C,N","020000,1,N,9","+0156,1","+0074,1","99999,9",,,,"2,000",,,,,,,,"01,99,1,01,1,02,1,01750,1,00,1,00,1",,,,,"99999,9,10000,1",,,,,,
"07555099999","1990-05-04T12:00:00","4","44.177776","2.515","616.91","CASSAGNES BEGONHES, FR","FM-12","99999","V020","200,1,N,0031,1","22000,1,C,N","020000,1,N,9","+0155,1","+0063,1","99999,9","06,0000,9,1",,,"4,000",,,,,,,,"03,99,1,03,1,09,1,01250,1,00,1,00,1",,,,,"99999,9,10000,1",,,,,,
"07555099999","1990-05-04T15:00:00","4","44.177776","2.515","616.91","CASSAGNES BEGONHES, FR","FM-12","99999","V020","999,1,V,0021,1","22000,1,C,N","020000,1,N,9","+0180,1","+0044,1","99999,9",,,,"2,000",,,,,,,,"04,99,1,04,1,03,1,01750,1,00,1,00,1",,,,,"99999,9,10000,1",,,,,,
"07555099999","1990-05-05T09:00:00","4","44.177776","2.515","616.91","CASSAGNES BEGONHES, FR","FM-12","99999","V020","999,1,V,0021,1","22000,1,C,N","010000,1,N,9","+0156,1","+0050,1","99999,9",,,,"2,000",,,,,,,,"03,99,1,03,1,02,1,01250,1,00,1,00,1",,,,,"99999,9,10000,1",,,,,,
"07555099999","1990-05-05T15:00:00","4","44.177776","2.515","616.91","CASSAGNES BEGONHES, FR","FM-12","99999","V020","280,1,N,0031,1","00750,1,C,N","010000,1,N,9","+0118,1","+0084,1","99999,9",,,,"2,004",,,"9,1,03,1","6,1,03,1",,,,"06,99,1,06,1,03,1,00800,1,00,1,00,1",,,,,"99999,9,10000,1",,,"21,1",,,
"07555099999","1990-05-06T12:00:00","4","44.177776","2.515","616.91","CASSAGNES BEGONHES, FR","FM-12","99999","V020","999,1,V,0021,1","01500,1,C,N","020000,1,N,9","+0167,1","+0054,1","99999,9","06,0000,9,1",,,"4,000",,,,,,,,"05,99,1,05,1,03,1,01750,1,00,1,00,1",,,,,"99999,9,10000,1",,,,,,
"07555099999","1990-05-06T15:00:00","4","44.177776","2.515","616.91","CASSAGNES BEGONHES, FR","FM-12","99999","V020","999,1,V,0021,1","01200,1,C,N","020000,1,N,9","+0113,1","+0088,1","99999,9",,,,"2,004",,,"9,1,03,1","8,1,03,1",,,,"06,99,1,06,1,09,1,01250,1,00,1,00,1",,,,,"99999,9,10000,1",,,"17,1",,,
"07555099999","1990-05-08T12:00:00","4","44.177776","2.515","616.91","CASSAGNES BEGONHES, FR","FM-12","99999","V020","999,1,V,0021,1","00750,1,C,N","020000,1,N,9","+0125,1","+0087,1","99999,9","06,9999,9,9",,,"4,003",,,"9,1,06,1","6,1,06,1",,,,"07,99,1,07,1,09,1,00800,1,99,9,99,9",,,,,"99999,9,10000,1",,,"60,1",,,"Q01  00002PRCP06"
"07555099999","1990-05-08T15:00:00","4","44.177776","2.515","616.91","CASSAGNES BEGONHES, FR","FM-12","99999","V020","999,1,V,0021,1","00750,1,C,N","004000,1,N,9","+0105,1","+0095,1","99999,9",,,,"2,008",,,"9,1,03,1","6,1,03,1",,,,"07,99,1,07,1,09,1,00800,1,99,9,99,9",,,,,"99999,9,10000,1",,,"95,1",,,
"07555099999","1990-05-09T09:00:00","4","44.177776","2.515","616.91","CASSAGNES BEGONHES, FR","FM-12","99999","V020","180,1,N,0031,1","22000,1,C,N","010000,1,N,9","+0128,1","+0090,1","99999,9",,,,"2,000",,,,,,,,"02,99,1,02,1,02,1,00450,1,00,1,00,1",,,,,"99999,9,10000,1",,,,,,
"07555099999","1990-05-09T12:00:00","4","44.177776","2.515","616.91","CASSAGNES BEGONHES, FR","FM-12","99999","V020","180,1,N,0051,1","00750,1,C,N","020000,1,N,9","+0160,1","+0086,1","99999,9","06,0000,9,1",,,"4,000",,,,,,,,"05,99,1,05,1,03,1,00800,1,00,1,00,1",,,,,"99999,9,10000,1",,,,,,
"07555099999","1990-05-09T15:00:00","4","44.177776","2.515","616.91","CASSAGNES BEGONHES, FR","FM-12","99999","V020","999,1,V,0021,1","00750,1,C,N","010000,1,N,9","+0128,1","+0084,1","99999,9",,,,"2,002",,,"6,1,03,1","2,1,03,1",,,,"07,99,1,07,1,03,1,00800,1,99,9,99,9",,,,,"99999,9,10000,1",,,"17,1",,,
"07555099999","1990-05-10T09:00:00","4","44.177776","2.515","616.91","CASSAGNES BEGONHES, FR","FM-12","99999","V020","999,1,V,0021,1","22000,1,C,N","004000,1,N,9","+0134,1","+0081,1","99999,9",,,,"2,000",,,,,,,,"04,99,1,04,1,02,1,00800,1,00,1,01,1",,,,,"99999,9,10000,1",,,,,,
"07555099999","1990-05-10T12:00:00","4","44.177776","2.515","616.91","CASSAGNES BEGONHES, FR","FM-12","99999","V020","999,1,V,0021,1","00750,1,C,N","010000,1,N,9","+0162,1","+0061,1","99999,9","06,0000,9,1",,,"4,000",,,,,,,,"05,99,1,05,1,02,1,00800,1,00,1,01,1",,,,,"99999,9,10000,1",,,,,,
"07555099999","1990-05-10T15:00:00","4","44.177776","2.515","616.91","CASSAGNES BEGONHES, FR","FM-12","99999","V020","300,1,N,0051,1","00750,1,C,N","010000,1,N,9","+0150,1","+0082,1","99999,9",,,,"2,000",,,,,,,,"06,99,1,06,1,03,1,00800,1,00,1,00,1",,,,,"99999,9,10000,1",,,,,,
"07555099999","1990-05-11T12:00:00","4","44.177776","2.515","616.91","CASSAGNES BEGONHES, FR","FM-12","99999","V020","300,1,N,0051,1","22000,1,C,N","020000,1,N,9","+0150,1","+0069,1","99999,9","06,0000,9,1",,,"4,000",,,,,,,,"04,99,1,04,1,02,1,01750,1,00,1,00,1",,,,,"99999,9,10000,1",,,,,,
"07555099999","1990-05-11T15:00:00","4","44.177776","2.515","616.91","CASSAGNES BEGONHES, FR","FM-12","99999","V020","300,1,N,0051,1","22000,1,C,N","020000,1,N,9","+0150,1","+0063,1","99999,9",,,,"2,000",,,,,,,,"04,99,1,04,1,02,1,01250,1,00,1,00,1",,,,,"99999,9,10000,1",,,,,,
"07555099999","1990-05-12T09:00:00","4","44.177776","2.515","616.91","CASSAGNES BEGONHES, FR","FM-12","99999","V020","180,1,N,0051,1","22000,1,C,N","004000,1,N,9","+0140,1","+0079,1","99999,9",,,,"2,000",,,,,,,,"05,99,1,04,1,02,1,00800,1,00,1,01,1",,,,,"99999,9,10000,1",,,,,,
"07555099999","1990-05-12T12:00:00","4","44.177776","2.515","616.91","CASSAGNES BEGONHES, FR","FM-12","99999","V020","180,1,N,0051,1","01200,1,C,N","004000,1,N,9","+0170,1","+0077,1","99999,9","06,0000,9,1",,,"4,000",,,,,,,,"06,99,1,06,1,02,1,01250,1,00,1,00,1",,,,,"99999,9,10000,1",,,,,,
"07555099999","1990-05-12T15:00:00","4","44.177776","2.515","616.91","CASSAGNES BEGONHES, FR","FM-12","99999","V020","180,1,N,0051,1","01200,1,C,N","010000,1,N,9","+0170,1","+0072,1","99999,9",,,,"2,000",,,,,,,,"06,99,1,06,1,02,1,01250,1,00,1,00,1",,,,,"99999,9,10000,1",,,,,,
"07555099999","1990-05-13T12:00:00","4","44.177776","2.515","616.91","CASSAGNES BEGONHES, FR","FM-12","99999","V020","280,1,N,0031,1","00060,1,C,N","001000,1,N,9","+0100,1","+0100,1","99999,9","06,9999,9,9",,,"4,001",,,"6,1,06,1","2,1,06,1",,,,"08,99,1,08,1,07,1,00075,1,99,9,99,9",,,,,"99999,9,10000,1",,,"60,1",,,"Q01  00002PRCP06"
"07555099999","1990-05-13T15:00:00","4","44.177776","2.515","616.91","CASSAGNES BEGONHES, FR","FM-12","99999","V020","999,1,V,0021,1","00120,1,C,N","002000,1,N,9","+0095,1","+0095,1","99999,9",,,,"2,004",,,"6,1,03,1","4,1,03,1",,,,"08,99,1,08,1,07,1,00150,1,99,9,99,9",,,,,"99999,9,10000,1",,,"61,1",,,
"07555099999","1990-05-15T09:00:00","4","44.177776","2.515","616.91","CASSAGNES BEGONHES, FR","FM-12","99999","V020","300,1,N,0021,1","22000,1,C,N","020000,1,N,9","+0168,1","+0077,1","99999,9",,,,"2,000",,,,,,,,"02,99,1,02,1,02,1,01250,1,00,1,00,1",,,,,"99999,9,10000,1",,,,,,
"07555099999","1990-05-15T12:00:00","4","44.177776","2.515","616.91","CASSAGNES BEGONHES, FR","FM-12","99999","V020","300,1,N,0021,1","01500,1,C,N","020000,1,N,9","+0190,1","+0075,1","99999,9","06,0000,9,1",,,"4,000",,,,,,,,"05,99,1,05,1,02,1,01750,1,00,1,00,1",,,,,"99999,9,10000,1",,,,,,
"07555099999","1990-05-15T15:00:00","4","44.177776","2.515","616.91","CASSAGNES BEGONHES, FR","FM-12","99999","V020","300,1,N,0021,1","22000,1,C,N","020000,1,N,9","+0205,1","+0076,1","99999,9",,,,"2,000",,,,,,,,"04,99,1,04,1,02,1,01750,1,00,1,00,1",,,,,"99999,9,10000,1",,,,,,
"07555099999","1990-05-16T09:00:00","4","44.177776","2.515","616.91","CASSAGNES BEGONHES, FR","FM-12","99999","V020","360,1,N,0021,1","22000,1,C,N","020000,1,N,9","+0165,1","+0110,1","99999,9",,,,"2,000",,,,,,,,"02,99,1,02,1,02,1,01250,1,00,1,00,1",,,,,"99999,9,10000,1",,,,,,
"07555099999","1990-05-16T12:00:00","4","44.177776","2.515","616.91","CASSAGNES BEGONHES, FR","FM-12","99999","V020","999,1,V,0021,1","22000,1,C,N","020000,1,N,9","+0196,1","+0073,1","99999,9","06,0000,9,1",,,"4,000",,,,,,,,"02,99,1,02,1,02,1,01750,1,00,1,01,1",,,,,"99999,9,10000,1",,,,,,
"07555099999","1990-05-16T15:00:00","4","44.177776","2.515","616.91","CASSAGNES BEGONHES, FR","FM-12","99999","V020","999,1,V,0021,1","22000,1,C,N","020000,1,N,9","+0210,1","+0058,1","99999,9",,,,"2,000",,,,,,,,"03,99,1,03,1,02,1,01750,1,00,1,01,1",,,,,"99999,9,10000,1",,,,,,
"07555099999","1990-05-17T09:00:00","4","44.177776","2.515","616.91","CASSAGNES BEGONHES, FR","FM-12","99999","V020","200,1,N,0031,1","03600,1,C,N","020000,1,N,9","+0196,1","+0107,1","99999,9",,,,"2,000",,,,,,,,"06,99,1,01,1,02,1,01250,1,08,1,01,1",,,,,"99999,9,10000,1",,,,,,
"07555099999","1990-05-17T12:00:00","4","44.177776","2.515","616.91","CASSAGNES BEGONHES, FR","FM-12","99999","V020","180,1,N,0031,1","01500,1,C,N","020000,1,N,9","+0210,1","+0082,1","99999,9","06,0000,9,1",,,"4,000",,,,,,,,"07,99,1,05,1,02,1,01750,1,00,1,02,1",,,,,"99999,9,10000,1",,,,,,
"07555099999","1990-05-17T15:00:00","4","44.177776","2.515","616.91","CASSAGNES BEGONHES, FR","FM-12","99999","V020","999,1,C,0000,1","03600,1,C,N","020000,1,N,9","+0196,1","+0109,1","99999,9",,,,"2,004",,,"9,1,03,1","2,1,03,1",,,,"06,99,1,04,1,09,1,01750,1,08,1,02,1",,,,,"99999,9,10000,1",,,"17,1",,,
"07555099999","1990-05-18T09:00:00","4","44.177776","2.515","616.91","CASSAGNES BEGONHES, FR","FM-12","99999","V020","999,1,V,0021,1","22000,1,C,N","020000,1,N,9","+0169,1","+0115,1","99999,9",,,,"2,000",,,,,,,,"02,99,1,02,1,02,1,01250,1,00,1,00,1",,,,,"99999,9,10000,1",,,,,,
"07555099999","1990-05-18T12:00:00","4","44.177776","2.515","616.91","CASSAGNES BEGONHES, FR","FM-12","99999","V020","999,1,V,0021,1","22000,1,C,N","020000,1,N,9","+0202,1","+0099,1","99999,9","06,0000,9,1",,,"4,000",,,,,,,,"04,99,1,04,1,01,1,01750,1,00,1,00,1",,,,,"99999,9,10000,1",,,,,,
"07555099999","1990-05-18T15:00:00","4","44.177776","2.515","616.91","CASSAGNES BEGONHES, FR","FM-12","99999","V020","100,1,N,0021,1","01500,1,C,N","020000,1,N,9","+0195,1","+0108,1","99999,9",,,,"2,000",,,,,,,,"06,99,1,06,1,03,1,01750,1,00,1,01,1",,,,,"99999,9,10000,1",,,,,,
"07555099999","1990-05-19T09:00:00","4","44.177776","2.515","616.91","CASSAGNES BEGONHES, FR","FM-12","99999","V020","999,1,C,0000,1","22000,1,C,N","010000,1,N,9","+0145,1","+0119,1","99999,9",,,,"2,000",,,,,,,,"03,99,1,01,1,06,1,00450,1,08,1,00,1",,,,,"99999,9,10000,1",,,,,,
"07555099999","1990-05-19T12:00:00","4","44.177776","2.515","616.91","CASSAGNES BEGONHES, FR","FM-12","99999","V020","180,1,N,0021,1","01500,1,C,N","020000,1,N,9","+0195,1","+0124,1","99999,9","06,0000,9,1",,,"4,000",,,,,,,,"05,99,1,05,1,02,1,01750,1,00,1,00,1",,,,,"99999,9,10000,1",,,,,,
"07555099999","1990-05-19T15:00:00","4","44.177776","2.515","616.91","CASSAGNES BEGONHES, FR","FM-12","99999","V020","999,1,C,0000,1","01200,1,C,N","020000,1,N,9","+0174,1","+0126,1","99999,9",,,,"2,004",,,"8,1,03,1","2,1,03,1",,,,"06,99,1,06,1,03,1,01250,1,00,1,00,1",,,,,"99999,9,10000,1",,,"80,1",,,
"07555099999","1990-05-20T12:00:00","4","44.177776","2.515","616.91","CASSAGNES BEGONHES, FR","FM-12","99999","V020","300,1,N,0021,1","00060,1,C,N","001000,1,N,9","+0106,1","+0105,1","99999,9","06,9999,9,9",,,"4,008",,,"9,1,06,1","6,1,06,1",,,,"08,99,1,08,1,09,1,00075,1,99,9,99,9",,,,,"99999,9,10000,1",,,"95,1",,,"Q01  00002PRCP06"
"07555099999","1990-05-22T09:00:00","4","44.177776","2.515","616.91","CASSAGNES BEGONHES, FR","FM-12","99999","V020","180,1,N,0010,1","03600,1,C,N","020000,1,N,9","+0122,1","+0107,1","99999,9",,,,"2,002",,,"6,1,03,1","4,1,03,1",,,,"07,99,1,04,1,06,1,00075,1,08,1,99,9",,,,,"99999,9,10000,1",,,"01,1",,,
"07555099999","1990-05-22T12:00:00","4","44.177776","2.515","616.91","CASSAGNES BEGONHES, FR","FM-12","99999","V020","180,1,N,0077,1","00750,1,C,N","010000,1,N,9","+0132,1","+0101,1","99999,9","06,9999,9,9",,,"4,004",,,"6,1,06,1","4,1,06,1",,,,"07,99,1,07,1,03,1,00800,1,99,9,99,9",,,,,"99999,9,10000,1",,,"80,1",,,"Q01  00002PRCP06"
"07555099999","1990-05-22T15:00:00","4","44.177776","2.515","616.91","CASSAGNES BEGONHES, FR","FM-12","99999","V020","180,1,N,0051,1","00750,1,C,N","004000,1,N,9","+0115,1","+0105,1","99999,9",,,,"2,001",,,"8,1,03,1","6,1,03,1",,,,"08,99,1,08,1,07,1,00800,1,99,9,99,9",,,,,"99999,9,10000,1",,,"60,1",,,
"07555099999","1990-05-23T09:00:00","4","44.177776","2.515","616.91","CASSAGNES BEGONHES, FR","FM-12","99999","V020","180,1,N,0031,1","03600,1,C,N","004000,1,N,9","+0152,1","+0113,1","99999,9",,,,"2,000",,,,,,,,"06,99,1,04,1,02,1,00450,1,08,1,00,1",,,,,"99999,9,10000,1",,,,,,
"07555099999","1990-05-23T12:00:00","4","44.177776","2.515","616.91","CASSAGNES BEGONHES, FR","FM-12","99999","V020","180,1,N,0062,1","00750,1,C,N","004000,1,N,9","+0156,1","+0107,1","99999,9","06,0000,9,1",,,"4,000",,,,,,,,"08,99,1,08,1,02,1,00800,1,99,9,99,9",,,,,"99999,9,10000,1",,,,,,
"07555099999","1990-05-23T15:00:00","4","44.177776","2.515","616.91","CASSAGNES BEGONHES, FR","FM-12","99999","V020","180,1,N,0021,1","01200,1,C,N","020000,1,N,9","+0167,1","+0101,1","99999,9",,,,"2,000",,,,,,,,"06,99,1,05,1,02,1,01250,1,00,1,03,1",,,,,"99999,9,10000,1",,,,,,
"07555099999","1990-05-24T12:00:00","4","44.177776","2.515","616.91","CASSAGNES BEGONHES, FR","FM-12","99999","V020","300,1,N,0021,1","00750,1,C,N","020000,1,N,9","+0140,1","+0104,1","99999,9","06,9999,9,9",,,"4,004",,,"8,1,06,1","2,1,06,1",,,,"06,99,1,06,1,03,1,00800,1,00,1,00,1",,,,,"99999,9,10000,1",,,"80,1",,,"Q01  00002PRCP06"
"07555099999","1990-05-24T15:00:00","4","44.177776","2.515","616.91","CASSAGNES BEGONHES, FR","FM-12","99999","V020","999,1,C,0000,1","00120,1,C,N","010000,1,N,9","+0116,1","+0104,1","99999,9",,,,"2,004",,,"6,1,03,1","2,1,03,1",,,,"08,99,1,08,1,07,1,00150,1,99,9,99,9",,,,,"99999,9,10000,1",,,"61,1",,,
"07555099999","1990-05-25T09:00:00","4","44.177776","2.515","616.91","CASSAGNES BEGONHES, FR","FM-12","99999","V020","020,1,N,0051,1","22000,1,C,N","004000,1,N,9","+0132,1","+0081,1","99999,9",,,,"2,000",,,,,,,,"04,99,1,04,1,02,1,00800,1,00,1,00,1",,,,,"99999,9,10000,1",,,,,,
"07555099999","1990-05-25T12:00:00","4","44.177776","2.515","616.91","CASSAGNES BEGONHES, FR","FM-12","99999","V020","040,1,N,0051,1","22000,1,C,N","010000,1,N,9","+0160,1","+0079,1","99999,9","06,0000,9,1",,,"4,000",,,,,,,,"04,99,1,04,1,01,1,01250,1,00,1,00,1",,,,,"99999,9,10000,1",,,,,,
"07555099999","1990-05-26T09:00:00","4","44.177776","2.515","616.91","CASSAGNES BEGONHES, FR","FM-12","99999","V020","040,1,N,0051,1","22000,1,C,N","010000,1,N,9","+0132,1","+0051,1","99999,9",,,,"2,000",,,,,,,,"03,99,1,01,1,00,1,99999,9,04,1,01,1",,,,,"99999,9,10000,1",,,,,,
"07555099999","1990-05-26T12:00:00","4","44.177776","2.515","616.91","CASSAGNES BEGONHES, FR","FM-12","99999","V020","300,1,N,0010,1","22000,1,C,N","004000,1,N,9","+0167,1","+0045,1","99999,9","06,0000,9,1",,,"4,000",,,,,,,,"01,99,1,01,1,01,1,01750,1,00,1,01,1",,,,,"99999,9,10000,1",,,,,,
"07555099999","1990-05-26T15:00:00","4","44.177776","2.515","616.91","CASSAGNES BEGONHES, FR","FM-12","99999","V020","360,1,N,0031,1","22000,1,C,N","020000,1,N,9","+0176,1","+0050,1","99999,9",,,,"2,000",,,,,,,,"03,99,1,03,1,01,1,02250,1,00,1,00,1",,,,,"99999,9,10000,1",,,,,,
"07555099999","1990-05-27T12:00:00","4","44.177776","2.515","616.91","CASSAGNES BEGONHES, FR","FM-12","99999","V020","100,1,N,0021,1","09000,1,C,N","020000,1,N,9","+0150,1","+0039,1","99999,9","06,0000,9,1",,,"4,000",,,,,,,,"06,99,1,04,1,02,1,01750,1,00,1,02,1",,,,,"99999,9,10000,1",,,,,,
"07555099999","1990-05-27T15:00:00","4","44.177776","2.515","616.91","CASSAGNES BEGONHES, FR","FM-12","99999","V020","040,1,N,0031,1","09000,1,C,N","020000,1,N,9","+0160,1","+0038,1","99999,9",,,,"2,000",,,,,,,,"05,99,1,03,1,02,1,01750,1,00,1,02,1",,,,,"99999,9,10000,1",,,,,,
"07555099999","1990-05-29T09:00:00","4","44.177776","2.515","616.91","CASSAGNES BEGONHES, FR","FM-12","99999","V020","060,1,N,0051,1","22000,1,C,N","020000,1,N,9","+0102,1","-0028,1","99999,9",,,,"2,000",,,,,,,,"01,99,1,01,1,00,1,99999,9,04,1,00,1",,,,,"99999,9,10000,1",,,,,,
"07555099999","1990-05-29T15:00:00","4","44.177776","2.515","616.91","CASSAGNES BEGONHES, FR","FM-12","99999","V020","040,1,N,0051,1","22000,1,C,N","020000,1,N,9","+0170,1","+0033,1","99999,9",,,,"2,000",,,,,,,,"02,99,1,01,1,01,1,02250,1,00,1,01,1",,,,,"99999,9,10000,1",,,,,,
"07555099999","1990-05-30T09:00:00","4","44.177776","2.515","616.91","CASSAGNES BEGONHES, FR","FM-12","99999","V020","180,1,N,0010,1","03600,1,C,N","020000,1,N,9","+0118,1","+0047,1","99999,9",,,,"2,000",,,,,,,,"08,99,1,01,1,01,1,01750,1,03,1,01,1",,,,,"99999,9,10000,1",,,,,,
"07555099999","1990-05-30T12:00:00","4","44.177776","2.515","616.91","CASSAGNES BEGONHES, FR","FM-12","99999","V020","220,1,N,0010,1","00750,1,C,N","020000,1,N,9","+0119,1","+0048,1","99999,9","06,0000,9,1",,,"4,000",,,,,,,,"07,99,1,05,1,02,1,00800,1,07,1,99,9",,,,,"99999,9,10000,1",,,,,,
"07555099999","1990-05-30T15:00:00","4","44.177776","2.515","616.91","CASSAGNES BEGONHES, FR","FM-12","99999","V020","180,1,N,0021,1","01200,1,C,N","020000,1,N,9","+0132,1","+0056,1","99999,9",,,,"2,000",,,,,,,,"06,99,1,05,1,02,1,01250,1,08,1,00,1",,,,,"99999,9,10000,1",,,,,,
"07555099999","1990-05-31T09:00:00","4","44.177776","2.515","616.91","CASSAGNES BEGONHES, FR","FM-12","99999","V020","220,1,N,0031,1","22000,1,C,N","020000,1,N,9","+0136,1","+0079,1","99999,9",,,,"2,000",,,,,,,,"01,99,1,01,1,02,1,00800,1,00,1,00,1",,,,,"99999,9,10000,1",,,,,,
"07555099999","1990-05-31T12:00:00","4","44.177776","2.515","616.91","CASSAGNES BEGONHES, FR","FM-12","99999","V020","220,1,N,0062,1","01200,1,C,N","020000,1,N,9","+0170,1","+0071,1","99999,9","06,0000,9,1",,,"4,000",,,,,,,,"06,99,1,06,1,02,1,01250,1,00,1,00,1",,,,,"99999,9,10000,1",,,,,,
"07555099999","1990-05-31T15:00:00","4","44.177776","2.515","616.91","CASSAGNES BEGONHES, FR","FM-12","99999","V020","180,1,N,0062,1","01200,1,C,N","020000,1,N,9","+0156,1","+0073,1","99999,9",,,,"2,000",,,,,,,,"05,99,1,05,1,02,1,01250,1,00,1,00,1",,,,,"99999,9,10000,1",,,,,,
"07555099999","1990-06-01T09:00:00","4","44.177776","2.515","616.91","CASSAGNES BEGONHES, FR","FM-12","99999","V020","180,1,N,0051,1","00420,1,C,N","004000,1,N,9","+0134,1","+0089,1","99999,9",,,,"2,000",,,,,,,,"05,99,1,05,1,02,1,00450,1,00,1,00,1",,,,,"99999,9,10000,1",,,,,,
"07555099999","1990-06-01T12:00:00","4","44.177776","2.515","616.91","CASSAGNES BEGONHES, FR","FM-12","99999","V020","180,1,N,0051,1","22000,1,C,N","010000,1,N,9","+0162,1","+0105,1","99999,9","06,0000,9,1",,,"4,000",,,,,,,,"02,99,1,02,1,02,1,00800,1,00,1,00,1",,,,,"99999,9,10000,1",,,,,,
"07555099999","1990-06-01T15:00:00","4","44.177776","2.515","616.91","CASSAGNES BEGONHES, FR","FM-12","99999","V020","180,1,N,0077,1","22000,1,C,N","010000,1,N,9","+0164,1","+0103,1","99999,9",,,,"2,000",,,,,,,,"03,99,1,03,1,02,1,01250,1,00,1,00,1",,,,,"99999,9,10000,1",,,,,,
"07555099999","1990-06-02T09:00:00","4","44.177776","2.515","616.91","CASSAGNES BEGONHES, FR","FM-12","99999","V020","240,1,N,0021,1","00060,1,C,N","000500,1,N,9","+0106,1","+0106,1","99999,9",,,,"2,000",,,"5,1,03,1","4,1,03,1",,,,"08,99,1,08,1,07,1,00075,1,99,9,99,9",,,,,"99999,9,10000,1",,,"50,1",,,
"07555099999","1990-06-02T12:00:00","4","44.177776","2.515","616.91","CASSAGNES BEGONHES, FR","FM-12","99999","V020","280,1,N,0031,1","00060,1,C,N","001000,1,N,9","+0115,1","+0115,1","99999,9","06,9999,9,9",,,"4,000",,,"5,1,06,1","4,1,06,1",,,,"08,99,1,08,1,07,1,00075,1,99,9,99,9",,,,,"99999,9,10000,1",,,"50,1",,,"Q01  00002PRCP06"
"07555099999","1990-06-02T15:00:00","4","44.177776","2.515","616.91","CASSAGNES BEGONHES, FR","FM-12","99999","V020","300,1,N,0077,1","00750,1,C,N","010000,1,N,9","+0140,1","+0094,1","99999,9",,,,"2,000",,,"5,1,03,1","4,1,03,1",,,,"07,99,1,05,1,02,1,00800,1,00,1,01,1",,,,,"99999,9,10000,1",,,"01,1",,,
"07555099999","1990-06-03T12:00:00","4","44.177776","2.515","616.91","CASSAGNES BEGONHES, FR","FM-12","99999","V020","300,1,N,0031,1","01500,1,C,N","020000,1,N,9","+0168,1","+0091,1","99999,9","06,0000,9,1",,,"4,000",,,,,,,,"05,99,1,05,1,01,1,01750,1,00,1,01,1",,,,,"99999,9,10000,1",,,,,,
"07555099999","1990-06-03T15:00:00","4","44.177776","2.515","616.91","CASSAGNES BEGONHES, FR","FM-12","99999","V020","300,1,N,0041,1","22000,1,C,N","020000,1,N,9","+0186,1","+0096,1","99999,9",,,,"2,000",,,,,,,,"03,99,1,02,1,01,1,01750,1,00,1,01,1",,,,,"99999,9,10000,1",,,,,,
"07555099999","1990-06-05T09:00:00","4","44.177776","2.515","616.91","CASSAGNES BEGONHES, FR","FM-12","99999","V020","180,1,N,0031,1","00120,1,C,N","002000,1,N,9","+0115,1","+0115,1","99999,9",,,,"2,004",,,"6,1,03,1","4,1,03,1",,,,"08,99,1,08,1,07,1,00150,1,99,9,99,9",,,,,"99999,9,10000,1",,,"61,1",,,
"07555099999","1990-06-05T12:00:00","4","44.177776","2.515","616.91","CASSAGNES BEGONHES, FR","FM-12","99999","V020","280,1,N,0031,1","00060,1,C,N","001000,1,N,9","+0125,1","+0125,1","99999,9","06,9999,9,9",,,"4,004",,,"6,1,06,1","4,1,06,1",,,,"08,99,1,08,1,07,1,00075,1,99,9,99,9",,,,,"99999,9,10000,1",,,"61,1",,,"Q01  00002PRCP06"
"07555099999","1990-06-05T15:00:00","4","44.177776","2.515","616.91","CASSAGNES BEGONHES, FR","FM-12","99999","V020","280,1,N,0051,1","00120,1,C,N","002000,1,N,9","+0092,1","+0092,1","99999,9",,,,"2,002",,,"6,1,03,1","4,1,03,1",,,,"08,99,1,08,1,06,1,00150,1,99,9,99,9",,,,,"99999,9,10000,1",,,"42,1",,,
"07555099999","1990-06-06T09:00:00","4","44.177776","2.515","616.91","CASSAGNES BEGONHES, FR","FM-12","99999","V020","360,1,N,0051,1","00420,1,C,N","020000,1,N,9","+0108,1","+0059,1","99999,9",,,,"2,000",,,,,,,,"06,99,1,06,1,02,1,00450,1,00,1,00,1",,,,,"99999,9,10000,1",,,,,,
"07555099999","1990-06-06T12:00:00","4","44.177776","2.515","616.91","CASSAGNES BEGONHES, FR","FM-12","99999","V020","360,1,N,0051,1","01200,1,C,N","020000,1,N,9","+0140,1","+0061,1","99999,9","06,0000,9,1",,,"4,000",,,,,,,,"05,99,1,05,1,02,1,01250,1,00,1,00,1",,,,,"99999,9,10000,1",,,,,,
"07555099999","1990-06-06T15:00:00","4","44.177776","2.515","616.91","CASSAGNES BEGONHES, FR","FM-12","99999","V020","360,1,N,0051,1","00420,1,C,N","020000,1,N,9","+0128,1","+0062,1","99999,9",,,,"2,000",,,,,,,,"06,99,1,06,1,02,1,00450,1,00,1,00,1",,,,,"99999,9,10000,1",,,,,,
"07555099999","1990-06-07T15:00:00","4","44.177776","2.515","616.91","CASSAGNES BEGONHES, FR","FM-12","99999","V020","280,1,N,0082,1","00210,1,C,N","010000,1,N,9","+0125,1","+0107,1","99999,9",,,,"2,000",,,,,,,,"07,99,1,07,1,05,1,00250,1,99,9,99,9",,,,,"99999,9,10000,1",,,,,,
"07555099999","1990-06-08T09:00:00","4","44.177776","2.515","616.91","CASSAGNES BEGONHES, FR","FM-12","99999","V020","300,1,N,0051,1","00120,1,C,N","004000,1,N,9","+0114,1","+0097,1","99999,9",,,,"2,001",,,"6,1,03,1","4,1,03,1",,,,"07,99,1,07,1,07,1,00150,1,99,9,99,9",,,,,"99999,9,10000,1",,,"60,1",,,
"07555099999","1990-06-08T12:00:00","4","44.177776","2.515","616.91","CASSAGNES BEGONHES, FR","FM-12","99999","V020","300,1,N,0062,1","00420,1,C,N","010000,1,N,9","+0125,1","+0081,1","99999,9","06,9999,9,9",,,"4,004",,,"8,1,06,1","6,1,06,1",,,,"07,99,1,07,1,05,1,00450,1,99,9,99,9",,,,,"99999,9,10000,1",,,"80,1",,,"Q01  00002PRCP06"
"07555099999","1990-06-09T12:00:00","4","44.177776","2.515","616.91","CASSAGNES BEGONHES, FR","FM-12","99999","V020","300,1,N,0077,1","00750,1,C,N","020000,1,N,9","+0095,1","+0029,1","99999,9","06,9999,9,9",,,"4,002",,,"8,1,06,1","6,1,06,1",,,,"07,99,1,07,1,02,1,00800,1,99,9,99,9",,,,,"99999,9,10000,1",,,"25,1",,,"Q01  00002PRCP06"
"07555099999","1990-06-10T12:00:00","4","44.177776","2.515","616.91","CASSAGNES BEGONHES, FR","FM-12","99999","V020","020,1,N,0077,1","01500,1,C,N","020000,1,N,9","+0122,1","+0033,1","99999,9","06,0000,9,1",,,"4,000",,,,,,,,"05,99,1,05,1,02,1,01750,1,00,1,00,1",,,,,"99999,9,10000,1",,,,,,
"07555099999","1990-06-10T15:00:00","4","44.177776","2.515","616.91","CASSAGNES BEGONHES, FR","FM-12","99999","V020","020,1,N,0051,1","22000,1,C,N","020000,1,N,9","+0125,1","+0030,1","99999,9",,,,"2,000",,,,,,,,"03,99,1,03,1,02,1,01750,1,00,1,00,1",,,,,"99999,9,10000,1",,,,,,
"07555099999","1990-06-12T09:00:00","4","44.177776","2.515","616.91","CASSAGNES BEGONHES, FR","FM-12","99999","V020","300,1,N,0010,1","00060,1,C,N","001000,1,N,9","+0106,1","+0102,1","99999,9",,,,"2,002",,,"6,1,03,1","4,1,03,1",,,,"08,99,1,08,1,06,1,00075,1,99,9,99,9",,,,,"99999,9,10000,1",,,"41,1",,,
"07555099999","1990-06-12T12:00:00","4","44.177776","2.515","616.91","CASSAGNES BEGONHES, FR","FM-12","99999","V020","280,1,N,0051,1","00420,1,C,N","010000,1,N,9","+0140,1","+0096,1","99999,9",,,,"2,000",,,,,,,,"07,99,1,07,1,02,1,00450,1,99,9,99,9",,,,,"99999,9,10000,1",,,,,,
"07555099999","1990-06-12T15:00:00","4","44.177776","2.515","616.91","CASSAGNES BEGONHES, FR","FM-12","99999","V020","300,1,N,0010,1","00420,1,C,N","004000,1,N,9","+0110,1","+0091,1","99999,9",,,,"2,004",,,"8,1,03,1","2,1,03,1",,,,"08,99,1,08,1,03,1,00450,1,99,9,99,9",,,,,"99999,9,10000,1",,,"80,1",,,
"07555099999","1990-06-13T15:00:00","4","44.177776","2.515","616.91","CASSAGNES BEGONHES, FR","FM-12","99999","V020","300,1,N,0041,1","01200,1,C,N","010000,1,N,9","+0162,1","+0074,1","99999,9",,,,"2,000",,,,,,,,"06,99,1,06,1,03,1,01250,1,00,1,00,1",,,,,"99999,9,10000,1",,,,,,
"07555099999","1990-06-14T09:00:00","4","44.177776","2.515","616.91","CASSAGNES BEGONHES, FR","FM-12","99999","V020","260,1,N,0021,1","09000,1,C,N","004000,1,N,9","+0146,1","+0082,1","99999,9",,,,"2,000",,,,,,,,"05,99,1,02,1,02,1,01250,1,00,1,02,1",,,,,"99999,9,10000,1",,,,,,
"07555099999","1990-06-14T12:00:00","4","44.177776","2.515","616.91","CASSAGNES BEGONHES, FR","FM-12","99999","V020","240,1,N,0031,1","03600,1,C,N","010000,1,N,9","+0174,1","+0057,1","99999,9","06,0000,9,1",,,"4,000",,,,,,,,"07,99,1,03,1,03,1,00800,1,08,1,02,1",,,,,"99999,9,10000,1",,,,,,
"07555099999","1990-06-15T09:00:00","4","44.177776","2.515","616.91","CASSAGNES BEGONHES, FR","FM-12","99999","V020","999,1,V,0021,1","22000,1,C,N","001000,1,N,9","+0126,1","+0116,1","99999,9",,,,"2,000",,,"4,1,03,1","2,1,03,1",,,,"04,99,1,99,9,06,1,00075,1,00,1,00,1",,,,,"99999,9,10000,1",,,"40,1",,,"Q01+000022SCOTLC"
"07555099999","1990-06-15T12:00:00","4","44.177776","2.515","616.91","CASSAGNES BEGONHES, FR","FM-12","99999","V020","300,1,N,0051,1","22000,1,C,N","020000,1,N,9","+0169,1","+0053,1","99999,9","06,0000,9,1",,,"4,000",,,,,,,,"03,99,1,03,1,02,1,01750,1,00,1,00,1",,,,,"99999,9,10000,1",,,,,,
"07555099999","1990-06-15T15:00:00","4","44.177776","2.515","616.91","CASSAGNES BEGONHES, FR","FM-12","99999","V020","300,1,N,0051,1","22000,1,C,N","020000,1,N,9","+0181,1","+0075,1","99999,9",,,,"2,000",,,,,,,,"04,99,1,04,1,02,1,01750,1,00,1,00,1",,,,,"99999,9,10000,1",,,,,,
"07555099999","1990-06-16T09:00:00","4","44.177776","2.515","616.91","CASSAGNES BEGONHES, FR","FM-12","99999","V020","999,1,C,0000,1","22000,1,C,N","004000,1,N,9","+0150,1","+0080,1","99999,9",,,,"2,000",,,,,,,,"05,99,1,00,1,00,1,99999,9,00,1,01,1",,,,,"99999,9,10000,1",,,,,,
"07555099999","1990-06-16T15:00:00","4","44.177776","2.515","616.91","CASSAGNES BEGONHES, FR","FM-12","99999","V020","300,1,N,0021,1","09000,1,C,N","010000,1,N,9","+0190,1","+0084,1","99999,9",,,,"2,000",,,,,,,,"07,99,1,01,1,02,1,02250,1,00,1,02,1",,,,,"99999,9,10000,1",,,,,,
"07555099999","1990-06-17T12:00:00","4","44.177776","2.515","616.91","CASSAGNES BEGONHES, FR","FM-12","99999","V020","220,1,N,0051,1","03600,1,C,N","020000,1,N,9","+0190,1","+0080,1","99999,9","06,0000,9,1",,,"4,000",,,,,,,,"07,99,1,02,1,01,1,01750,1,08,1,02,1",,,,,"99999,9,10000,1",,,,,,
"07555099999","1990-06-19T09:00:00","4","44.177776","2.515","616.91","CASSAGNES BEGONHES, FR","FM-12","99999","V020","180,1,N,0062,1","22000,1,C,N","004000,1,N,9","+0153,1","+0124,1","99999,9",,,,"2,000",,,,,,,,"04,99,1,04,1,02,1,00800,1,00,1,00,1",,,,,"99999,9,10000,1",,,,,,
"07555099999","1990-06-19T12:00:00","4","44.177776","2.515","616.91","CASSAGNES BEGONHES, FR","FM-12","99999","V020","180,1,N,0082,1","00750,1,C,N","004000,1,N,9","+0162,1","+0120,1","99999,9","06,0000,9,1",,,"4,000",,,,,,,,"06,99,1,06,1,02,1,00800,1,00,1,00,1",,,,,"99999,9,10000,1",,,,,,
"07555099999","1990-06-19T15:00:00","4","44.177776","2.515","616.91","CASSAGNES BEGONHES, FR","FM-12","99999","V020","180,1,N,0062,1","00750,1,C,N","004000,1,N,9","+0163,1","+0129,1","99999,9",,,,"2,000",,,,,,,,"07,99,1,07,1,02,1,00800,1,99,9,99,9",,,,,"99999,9,10000,1",,,,,,
"07555099999","1990-06-20T09:00:00","4","44.177776","2.515","616.91","CASSAGNES BEGONHES, FR","FM-12","99999","V020","999,1,V,0010,1","00120,1,C,N","001000,1,N,9","+0124,1","+0101,1","99999,9",,,,"2,001",,,"6,1,03,1","4,1,03,1",,,,"08,99,1,08,1,07,1,00150,1,99,9,99,9",,,,,"99999,9,10000,1",,,"60,1",,,
"07555099999","1990-06-20T12:00:00","4","44.177776","2.515","616.91","CASSAGNES BEGONHES, FR","FM-12","99999","V020","300,1,N,0031,1","03600,1,C,N","004000,1,N,9","+0130,1","+0120,1","99999,9","06,9999,9,9",,,"4,004",,,"6,1,06,1","4,1,06,1",,,,"08,99,1,04,1,08,1,00075,1,08,1,99,9",,,,,"99999,9,10000,1",,,"80,1",,,"Q01  00002PRCP06"
"07555099999","1990-06-20T15:00:00","4","44.177776","2.515","616.91","CASSAGNES BEGONHES, FR","FM-12","99999","V020","300,1,N,0041,1","03600,1,C,N","004000,1,N,9","+0139,1","+0120,1","99999,9",,,,"2,004",,,"9,1,03,1","6,1,03,1",,,,"07,99,1,02,1,03,1,00150,1,09,1,99,9",,,,,"99999,9,10000,1",,,"25,1",,,
"07555099999","1990-06-21T09:00:00","4","44.177776","2.515","616.91","CASSAGNES BEGONHES, FR","FM-12","99999","V020","300,1,N,0041,1","22000,1,C,N","020000,1,N,9","+0138,1","+0063,1","99999,9",,,,"2,000",,,,,,,,"03,99,1,02,1,00,1,02250,1,08,1,01,1",,,,,"99999,9,10000,1",,,,,,
"07555099999","1990-06-21T12:00:00","4","44.177776","2.515","616.91","CASSAGNES BEGONHES, FR","FM-12","99999","V020","220,1,N,0051,1","22000,1,C,N","020000,1,N,9","+0177,1","+0078,1","99999,9","06,0000,9,1",,,"4,000",,,,,,,,"02,99,1,01,1,01,1,01750,1,04,1,01,1",,,,,"99999,9,10000,1",,,,,,
"07555099999","1990-06-21T15:00:00","4","44.177776","2.515","616.91","CASSAGNES BEGONHES, FR","FM-12","99999","V020","260,1,N,0051,1","01500,1,C,N","020000,1,N,9","+0183,1","+0086,1","99999,9",,,,"2,000",,,,,,,,"06,99,1,05,1,02,1,01750,1,04,1,01,1",,,,,"99999,9,10000,1",,,,,,
"07555099999","1990-06-22T12:00:00","4","44.177776","2.515","616.91","CASSAGNES BEGONHES, FR","FM-12","99999","V020","300,1,N,0062,1","00420,1,C,N","020000,1,N,9","+0132,1","+0086,1","99999,9","06,0000,9,1",,,"4,000",,,,,,,,"07,99,1,05,1,07,1,00450,1,99,9,99,9",,,,,"99999,9,10000,1",,,,,,
"07555099999","1990-06-22T15:00:00","4","44.177776","2.515","616.91","CASSAGNES BEGONHES, FR","FM-12","99999","V020","300,1,N,0062,1","03600,1,C,N","020000,1,N,9","+0140,1","+0079,1","99999,9",,,,"2,000",,,,,,,,"05,99,1,04,1,02,1,01250,1,04,1,00,1",,,,,"99999,9,10000,1",,,,,,
"07555099999","1990-06-23T09:00:00","4","44.177776","2.515","616.91","CASSAGNES BEGONHES, FR","FM-12","99999","V020","360,1,N,0031,1","03600,1,C,N","020000,1,N,9","+0113,1","+0078,1","99999,9",,,,"2,004",,,"8,1,03,1","2,1,03,1",,,,"06,99,1,02,1,05,1,01250,1,08,1,00,1",,,,,"99999,9,10000,1",,,"80,1",,,
"07555099999","1990-06-23T12:00:00","4","44.177776","2.515","616.91","CASSAGNES BEGONHES, FR","FM-12","99999","V020","300,1,N,0031,1","22000,1,C,N","050000,1,N,9","+0176,1","+0105,1","99999,9","06,0000,9,1",,,"4,000",,,,,,,,"04,99,1,01,1,01,1,01750,1,08,1,01,1",,,,,"99999,9,10000,1",,,,,,
"07555099999","1990-06-23T15:00:00","4","44.177776","2.515","616.91","CASSAGNES BEGONHES, FR","FM-12","99999","V020","300,1,N,0031,1","22000,1,C,N","020000,1,N,9","+0196,1","+0121,1","99999,9",,,,"2,000",,,,,,,,"04,99,1,02,1,02,1,01750,1,08,1,00,1",,,,,"99999,9,10000,1",,,,,,
"07555099999","1990-06-26T09:00:00","4","44.177776","2.515","616.91","CASSAGNES BEGONHES, FR","FM-12","99999","V020","180,1,N,0051,1","22000,1,C,N","010000,1,N,9","+0206,1","+0108,1","99999,9",,,,"2,000",,,,,,,,"01,99,1,01,1,02,1,01750,1,00,1,00,1",,,,,"99999,9,10000,1",,,,,,
"07555099999","1990-06-26T12:00:00","4","44.177776","2.515","616.91","CASSAGNES BEGONHES, FR","FM-12","99999","V020","220,1,N,0062,1","22000,1,C,N","010000,1,N,9","+0239,1","+0136,1","99999,9","06,0000,9,1",,,"4,000",,,,,,,,"02,99,1,02,1,00,1,02250,1,08,1,00,1",,,,,"99999,9,10000,1",,,,,,
"07555099999","1990-06-27T09:00:00","4","44.177776","2.515","616.91","CASSAGNES BEGONHES, FR","FM-12","99999","V020","180,1,N,0021,1","22000,1,C,N","004000,1,N,9","+0210,1","+0163,1","99999,9",,,,"2,000",,,,,,,,"02,99,1,02,1,02,1,01250,1,00,1,00,1",,,,,"99999,9,10000,1",,,,,,
"07555099999","1990-06-27T12:00:00","4","44.177776","2.515","616.91","CASSAGNES BEGONHES, FR","FM-12","99999","V020","200,1,N,0051,1","00750,1,C,N","004000,1,N,9","+0224,1","+0154,1","99999,9","06,0000,9,1",,,"4,000",,,,,,,,"06,99,1,06,1,03,1,00800,1,00,1,00,1",,,,,"99999,9,10000,1",,,,,,
"07555099999","1990-06-28T09:00:00","4","44.177776","2.515","616.91","CASSAGNES BEGONHES, FR","FM-12","99999","V020","020,1,N,0021,1","22000,1,C,N","010000,1,N,9","+0195,1","+0140,1","99999,9",,,,"2,000",,,,,,,,"03,99,1,03,1,02,1,00800,1,00,1,00,1",,,,,"99999,9,10000,1",,,,,,
"07555099999","1990-06-28T12:00:00","4","44.177776","2.515","616.91","CASSAGNES BEGONHES, FR","FM-12","99999","V020","300,1,N,0031,1","22000,1,C,N","010000,1,N,9","+0221,1","+0138,1","99999,9","06,0000,9,1",,,"4,000",,,,,,,,"04,99,1,04,1,02,1,01250,1,00,1,00,1",,,,,"99999,9,10000,1",,,,,,
"07555099999","1990-06-29T09:00:00","4","44.177776","2.515","616.91","CASSAGNES BEGONHES, FR","FM-12","99999","V020","180,1,N,0051,1","03600,1,C,N","010000,1,N,9","+0183,1","+0145,1","99999,9",,,,"2,000",,,,,,,,"06,99,1,04,1,02,1,00450,1,08,1,00,1",,,,,"99999,9,10000,1",,,,,,
"07555099999","1990-06-29T12:00:00","4","44.177776","2.515","616.91","CASSAGNES BEGONHES, FR","FM-12","99999","V020","180,1,N,0051,1","03600,1,C,N","004000,1,N,9","+0196,1","+0156,1","99999,9","06,0000,9,1",,,"4,000",,,,,,,,"06,99,1,04,1,02,1,00450,1,08,1,00,1",,,,,"99999,9,10000,1",,,,,,
"07555099999","1990-06-29T15:00:00","4","44.177776","2.515","616.91","CASSAGNES BEGONHES, FR","FM-12","99999","V020","180,1,N,0051,1","00750,1,C,N","010000,1,N,9","+0212,1","+0153,1","99999,9",,,,"2,000",,,,,,,,"05,99,1,05,1,02,1,00800,1,00,1,00,1",,,,,"99999,9,10000,1",,,,,,
"07555099999","1990-06-30T09:00:00","4","44.177776","2.515","616.91","CASSAGNES BEGONHES, FR","FM-12","99999","V020","180,1,N,0051,1","22000,1,C,N","004000,1,N,9","+0200,1","+0133,1","99999,9",,,,"2,000",,,,,,,,"02,99,1,02,1,00,1,01750,1,08,1,00,1",,,,,"99999,9,10000,1",,,,,,
"07555099999","1990-06-30T12:00:00","4","44.177776","2.515","616.91","CASSAGNES BEGONHES, FR","FM-12","99999","V020","180,1,N,0051,1","22000,1,C,N","004000,1,N,9","+0210,1","+0124,1","99999,9","06,0000,9,1",,,"4,000",,,,,,,,"04,99,1,04,1,02,1,01250,1,00,1,00,1",,,,,"99999,9,10000,1",,,,,,
"07555099999","1990-06-30T15:00:00","4","44.177776","2.515","616.91","CASSAGNES BEGONHES, FR","FM-12","99999","V020","180,1,N,0041,1","01200,1,C,N","010000,1,N,9","+0206,1","+0151,1","99999,9",,,,"2,000",,,,,,,,"06,99,1,06,1,02,1,01250,1,00,1,00,1",,,,,"99999,9,10000,1",,,,,,
"07555099999","1990-07-01T12:00:00","4","44.177776","2.515","616.91","CASSAGNES BEGONHES, FR","FM-12","99999","V020","300,1,N,0051,1","22000,1,C,N","020000,1,N,9","+0145,1","+0055,1","99999,9","06,0000,9,1",,,"4,000",,,,,,,,"02,99,1,02,1,01,1,01250,1,00,1,00,1",,,,,"99999,9,10000,1",,,,,,
"07555099999","1990-07-01T15:00:00","4","44.177776","2.515","616.91","CASSAGNES BEGONHES, FR","FM-12","99999","V020","300,1,N,0051,1","22000,1,C,N","020000,1,N,9","+0160,1","+0053,1","99999,9",,,,"2,000",,,,,,,,"02,99,1,02,1,01,1,01750,1,00,1,00,1",,,,,"99999,9,10000,1",,,,,,
"07555099999","1990-07-03T09:00:00","4","44.177776","2.515","616.91","CASSAGNES BEGONHES, FR","FM-12","99999","V020","300,1,N,0051,1","00210,1,C,N","004000,1,N,9","+0106,1","+0106,1","99999,9",,,,"2,004",,,"6,1,03,1","4,1,03,1",,,,"07,99,1,07,1,07,1,00250,1,99,9,99,9",,,,,"99999,9,10000,1",,,"61,1",,,
"07555099999","1990-07-03T12:00:00","4","44.177776","2.515","616.91","CASSAGNES BEGONHES, FR","FM-12","99999","V020","360,1,N,0051,1","00420,1,C,N","020000,1,N,9","+0140,1","+0074,1","99999,9","06,9999,9,9",,,"4,002",,,"8,1,06,1","6,1,06,1",,,,"06,99,1,06,1,02,1,00450,1,00,1,00,1",,,,,"99999,9,10000,1",,,"25,1",,,"Q01  00002PRCP06"
"07555099999","1990-07-04T09:00:00","4","44.177776","2.515","616.91","CASSAGNES BEGONHES, FR","FM-12","99999","V020","020,1,N,0051,1","22000,1,C,N","020000,1,N,9","+0140,1","+0051,1","99999,9",,,,"2,000",,,,,,,,"01,99,1,00,1,00,1,99999,9,00,1,01,1",,,,,"99999,9,10000,1",,,,,,"Q01+000012SCOTLC"
"07555099999","1990-07-04T12:00:00","4","44.177776","2.515","616.91","CASSAGNES BEGONHES, FR","FM-12","99999","V020","020,1,N,0077,1","22000,1,C,N","020000,1,N,9","+0170,1","+0052,1","99999,9","06,0000,9,1",,,"4,000",,,,,,,,"01,99,1,00,1,00,1,99999,9,00,1,01,1",,,,,"99999,9,10000,1",,,,,,
"07555099999","1990-07-04T15:00:00","4","44.177776","2.515","616.91","CASSAGNES BEGONHES, FR","FM-12","99999","V020","300,1,N,0051,1","22000,1,C,N","020000,1,N,9","+0188,1","+0054,1","99999,9",,,,"2,000",,,,,,,,"01,99,1,00,1,00,1,99999,9,00,1,01,1",,,,,"99999,9,10000,1",,,,,,
"07555099999","1990-07-05T09:00:00","4","44.177776","2.515","616.91","CASSAGNES BEGONHES, FR","FM-12","99999","V020","280,1,N,0062,1","00060,1,C,N","001000,1,N,9","+0129,1","+0125,1","99999,9",,,,"2,000",,,"5,1,03,1","4,1,03,1",,,,"08,99,1,08,1,07,1,00075,1,99,9,99,9",,,,,"99999,9,10000,1",,,"50,1",,,
"07555099999","1990-07-05T15:00:00","4","44.177776","2.515","616.91","CASSAGNES BEGONHES, FR","FM-12","99999","V020","280,1,N,0051,1","00060,1,C,N","001000,1,N,9","+0146,1","+0124,1","99999,9",,,,"2,004",,,"8,1,03,1","6,1,03,1",,,,"08,99,1,08,1,05,1,00075,1,99,9,99,9",,,,,"99999,9,10000,1",,,"80,1",,,
"07555099999","1990-07-06T09:00:00","4","44.177776","2.515","616.91","CASSAGNES BEGONHES, FR","FM-12","99999","V020","360,1,N,0051,1","22000,1,C,N","020000,1,N,9","+0120,1","+0048,1","99999,9",,,,"2,000",,,,,,,,"02,99,1,02,1,01,1,01250,1,00,1,00,1",,,,,"99999,9,10000,1",,,,,,
"07555099999","1990-07-06T12:00:00","4","44.177776","2.515","616.91","CASSAGNES BEGONHES, FR","FM-12","99999","V020","360,1,N,0077,1","22000,1,C,N","020000,1,N,9","+0152,1","+0033,1","99999,9","06,0000,9,1",,,"4,000",,,,,,,,"03,99,1,02,1,01,1,01250,1,00,1,01,1",,,,,"99999,9,10000,1",,,,,,
"07555099999","1990-07-06T15:00:00","4","44.177776","2.515","616.91","CASSAGNES BEGONHES, FR","FM-12","99999","V020","360,1,N,0077,1","22000,1,C,N","020000,1,N,9","+0167,1","+0034,1","99999,9",,,,"2,000",,,,,,,,"02,99,1,02,1,01,1,01750,1,00,1,01,1",,,,,"99999,9,10000,1",,,,,,
"07555099999","1990-07-07T09:00:00","4","44.177776","2.515","616.91","CASSAGNES BEGONHES, FR","FM-12","99999","V020","360,1,N,0051,1","22000,1,C,N","020000,1,N,9","+0140,1","+0056,1","99999,9",,,,"2,000",,,,,,,,"01,99,1,01,1,00,1,99999,9,04,1,00,1",,,,,"99999,9,10000,1",,,,,,
"07555099999","1990-07-07T12:00:00","4","44.177776","2.515","616.91","CASSAGNES BEGONHES, FR","FM-12","99999","V020","360,1,N,0051,1","22000,1,C,N","020000,1,N,9","+0185,1","+0097,1","99999,9","06,0000,9,1",,,"4,000",,,,,,,,"01,99,1,01,1,01,1,01750,1,00,1,01,1",,,,,"99999,9,10000,1",,,,,,
"07555099999","1990-07-07T15:00:00","4","44.177776","2.515","616.91","CASSAGNES BEGONHES, FR","FM-12","99999","V020","360,1,N,0041,1","01200,1,C,N","020000,1,N,9","+0182,1","+0108,1","99999,9",,,,"2,000",,,,,,,,"07,99,1,07,1,02,1,01250,1,99,9,99,9",,,,,"99999,9,10000,1",,,,,,
"07555099999","1990-07-10T09:00:00","4","44.177776","2.515","616.91","CASSAGNES BEGONHES, FR","FM-12","99999","V020","360,1,N,0051,1","22000,1,C,N","020000,1,N,9","+0149,1","+0070,1","99999,9",,,,"2,000",,,,,,,,"01,99,1,01,1,01,1,01250,1,00,1,00,1",,,,,"99999,9,10000,1",,,,,,
"07555099999","1990-07-10T12:00:00","4","44.177776","2.515","616.91","CASSAGNES BEGONHES, FR","FM-12","99999","V020","360,1,N,0051,1","22000,1,C,N","020000,1,N,9","+0175,1","+0068,1","99999,9","06,0000,9,1",,,"4,000",,,,,,,,"01,99,1,01,1,02,1,01250,1,00,1,00,1",,,,,"99999,9,10000,1",,,,,,
"07555099999","1990-07-10T15:00:00","4","44.177776","2.515","616.91","CASSAGNES BEGONHES, FR","FM-12","99999","V020","020,1,N,0077,1","22000,1,C,N","020000,1,N,9","+0176,1","+0070,1","99999,9",,,,"2,000",,,,,,,,"01,99,1,01,1,02,1,01250,1,00,1,00,1",,,,,"99999,9,10000,1",,,,,,
"07555099999","1990-07-11T09:00:00","4","44.177776","2.515","616.91","CASSAGNES BEGONHES, FR","FM-12","99999","V020","040,1,N,0077,1","22000,1,C,N","020000,1,N,9","+0145,1","+0065,1","99999,9",,,,"2,000",,,,,,,,"00,99,1,00,1,00,1,99999,9,00,1,00,1",,,,,"99999,9,10000,1",,,,,,
"07555099999","1990-07-11T12:00:00","4","44.177776","2.515","616.91","CASSAGNES BEGONHES, FR","FM-12","99999","V020","040,1,N,0051,1","22000,1,C,N","020000,1,N,9","+0184,1","+0056,1","99999,9","06,0000,9,1",,,"4,000",,,,,,,,"00,99,1,00,1,00,1,99999,9,00,1,00,1",,,,,"99999,9,10000,1",,,,,,
"07555099999","1990-07-11T15:00:00","4","44.177776","2.515","616.91","CASSAGNES BEGONHES, FR","FM-12","99999","V020","040,1,N,0051,1","22000,1,C,N","020000,1,N,9","+0194,1","+0040,1","99999,9",,,,"2,000",,,,,,,,"00,99,1,00,1,00,1,99999,9,00,1,00,1",,,,,"99999,9,10000,1",,,,,,
"07555099999","1990-07-12T09:00:00","4","44.177776","2.515","616.91","CASSAGNES BEGONHES, FR","FM-12","99999","V020","220,1,N,0021,1","22000,1,C,N","020000,1,N,9","+0184,1","+0080,1","99999,9",,,,"2,000",,,,,,,,"00,99,1,00,1,00,1,99999,9,00,1,00,1",,,,,"99999,9,10000,1",,,,,,
"07555099999","1990-07-12T12:00:00","4","44.177776","2.515","616.91","CASSAGNES BEGONHES, FR","FM-12","99999","V020","220,1,N,0051,1","22000,1,C,N","020000,1,N,9","+0230,1","+0088,1","99999,9","06,0000,9,1",,,"4,000",,,,,,,,"01,99,1,01,1,01,1,02250,1,00,1,00,1",,,,,"99999,9,10000,1",,,,,,
"07555099999","1990-07-12T15:00:00","4","44.177776","2.515","616.91","CASSAGNES BEGONHES, FR","FM-12","99999","V020","180,1,N,0051,1","22000,1,C,N","020000,1,N,9","+0236,1","+0072,1","99999,9",,,,"2,000",,,,,,,,"01,99,1,01,1,01,1,02250,1,00,1,00,1",,,,,"99999,9,10000,1",,,,,,
"07555099999","1990-07-13T12:00:00","4","44.177776","2.515","616.91","CASSAGNES BEGONHES, FR","FM-12","99999","V020","180,1,N,0062,1","22000,1,C,N","020000,1,N,9","+0245,1","+0099,1","99999,9","06,0000,9,1",,,"4,000",,,,,,,,"00,99,1,00,1,00,1,99999,9,00,1,00,1",,,,,"99999,9,10000,1",,,,,,
"07555099999","1990-07-13T15:00:00","4","44.177776","2.515","616.91","CASSAGNES BEGONHES, FR","FM-12","99999","V020","180,1,N,0051,1","22000,1,C,N","020000,1,N,9","+0245,1","+0098,1","99999,9",,,,"2,000",,,,,,,,"00,99,1,00,1,00,1,99999,9,00,1,00,1",,,,,"99999,9,10000,1",,,,,,
"07555099999","1990-07-14T12:00:00","4","44.177776","2.515","616.91","CASSAGNES BEGONHES, FR","FM-12","99999","V020","999,1,V,0021,1","22000,1,C,N","020000,1,N,9","+0260,1","+0093,1","99999,9","06,0000,9,1",,,"4,000",,,,,,,,"02,99,1,00,1,00,1,99999,9,00,1,01,1",,,,,"99999,9,10000,1",,,,,,
"07555099999","1990-07-14T15:00:00","4","44.177776","2.515","616.91","CASSAGNES BEGONHES, FR","FM-12","99999","V020","180,1,N,0031,1","22000,1,C,N","020000,1,N,9","+0255,1","+0112,1","99999,9",,,,"2,000",,,,,,,,"02,99,1,02,1,02,1,01750,1,00,1,00,1",,,,,"99999,9,10000,1",,,,,,
"07555099999","1990-07-17T09:00:00","4","44.177776","2.515","616.91","CASSAGNES BEGONHES, FR","FM-12","99999","V020","360,1,N,0031,1","22000,1,C,N","004000,1,N,9","+0205,1","+0162,1","99999,9",,,,"2,000",,,,,,,,"01,99,1,01,1,01,1,00800,1,00,1,00,1",,,,,"99999,9,10000,1",,,,,,
"07555099999","1990-07-17T15:00:00","4","44.177776","2.515","616.91","CASSAGNES BEGONHES, FR","FM-12","99999","V020","300,1,N,0051,1","22000,1,C,N","020000,1,N,9","+0255,1","+0141,1","99999,9",,,,"2,000",,,,,,,,"03,99,1,03,1,02,1,01750,1,00,1,00,1",,,,,"99999,9,10000,1",,,,,,
"07555099999","1990-07-18T09:00:00","4","44.177776","2.515","616.91","CASSAGNES BEGONHES, FR","FM-12","99999","V020","040,1,N,0051,1","22000,1,C,N","010000,1,N,9","+0175,1","+0083,1","99999,9",,,,"2,000",,,,,,,,"00,99,1,00,1,00,1,99999,9,00,1,00,1",,,,,"99999,9,10000,1",,,,,,
"07555099999","1990-07-18T12:00:00","4","44.177776","2.515","616.91","CASSAGNES BEGONHES, FR","FM-12","99999","V020","040,1,N,0051,1","22000,1,C,N","020000,1,N,9","+0218,1","+0075,1","99999,9","06,0000,9,1",,,"4,000",,,,,,,,"00,99,1,00,1,00,1,99999,9,00,1,00,1",,,,,"99999,9,10000,1",,,,,,
"07555099999","1990-07-18T15:00:00","4","44.177776","2.515","616.91","CASSAGNES BEGONHES, FR","FM-12","99999","V020","040,1,N,0051,1","22000,1,C,N","020000,1,N,9","+0226,1","+0055,1","99999,9",,,,"2,000",,,,,,,,"00,99,1,00,1,00,1,99999,9,00,1,00,1",,,,,"99999,9,10000,1",,,,,,
"07555099999","1990-07-19T09:00:00","4","44.177776","2.515","616.91","CASSAGNES BEGONHES, FR","FM-12","99999","V020","999,1,V,0021,1","22000,1,C,N","020000,1,N,9","+0196,1","+0119,1","99999,9",,,,"2,000",,,,,,,,"00,99,1,00,1,00,1,99999,9,00,1,00,1",,,,,"99999,9,10000,1",,,,,,
"07555099999","1990-07-19T12:00:00","4","44.177776","2.515","616.91","CASSAGNES BEGONHES, FR","FM-12","99999","V020","999,1,V,0021,1","22000,1,C,N","020000,1,N,9","+0240,1","+0123,1","99999,9","06,0000,9,1",,,"4,000",,,,,,,,"01,99,1,01,1,01,1,01750,1,00,1,00,1",,,,,"99999,9,10000,1",,,,,,
"07555099999","1990-07-19T15:00:00","4","44.177776","2.515","616.91","CASSAGNES BEGONHES, FR","FM-12","99999","V020","999,1,V,0021,1","22000,1,C,N","020000,1,N,9","+0260,1","+0070,1","99999,9",,,,"2,000",,,,,,,,"01,99,1,01,1,01,1,01750,1,00,1,00,1",,,,,"99999,9,10000,1",,,,,,
"07555099999","1990-07-20T12:00:00","4","44.177776","2.515","616.91","CASSAGNES BEGONHES, FR","FM-12","99999","V020","200,1,N,0021,1","22000,1,C,N","020000,1,N,9","+0263,1","+0081,1","99999,9",,,,"2,000",,,,,,,,"00,99,1,00,1,00,1,99999,9,00,1,00,1",,,,,"99999,9,10000,1",,,,,,
"07555099999","1990-07-20T15:00:00","4","44.177776","2.515","616.91","CASSAGNES BEGONHES, FR","FM-12","99999","V020","999,9,9,9999,9","22000,1,C,N","020000,1,N,9","+0290,1","+0114,1","99999,9",,,,"2,000",,,,,,,,"00,99,1,00,1,00,1,99999,9,00,1,00,1",,,,,"99999,9,10000,1",,,,,,
"07555099999","1990-07-21T09:00:00","4","44.177776","2.515","616.91","CASSAGNES BEGONHES, FR","FM-12","99999","V020","180,1,N,0021,1","22000,1,C,N","020000,1,N,9","+0244,1","+0116,1","99999,9",,,,"2,000",,,,,,,,"00,99,1,00,1,00,1,99999,9,00,1,00,1",,,,,"99999,9,10000,1",,,,,,
"07555099999","1990-07-21T12:00:00","4","44.177776","2.515","616.91","CASSAGNES BEGONHES, FR","FM-12","99999","V020","999,1,V,0021,1","22000,1,C,N","020000,1,N,9","+0276,1","+0122,1","99999,9","06,0000,9,1",,,"4,000",,,,,,,,"00,99,1,00,1,00,1,99999,9,00,1,00,1",,,,,"99999,9,10000,1",,,,,,
"07555099999","1990-07-22T12:00:00","4","44.177776","2.515","616.91","CASSAGNES BEGONHES, FR","FM-12","99999","V020","999,1,V,0021,1","22000,1,C,N","004000,1,N,9","+0291,1","+0176,1","99999,9","06,0000,9,1",,,"4,000",,,,,,,,"01,99,1,01,1,01,1,01750,1,00,1,00,1",,,,,"99999,9,10000,1",,,,,,
"07555099999","1990-07-22T15:00:00","4","44.177776","2.515","616.91","CASSAGNES BEGONHES, FR","FM-12","99999","V020","999,1,V,0021,1","22000,1,C,N","020000,1,N,9","+0302,1","+0170,1","99999,9",,,,"2,000",,,,,,,,"02,99,1,02,1,02,1,01750,1,00,1,00,1",,,,,"99999,9,10000,1",,,,,,
"07555099999","1990-07-24T09:00:00","4","44.177776","2.515","616.91","CASSAGNES BEGONHES, FR","FM-12","99999","V020","100,1,N,0021,1","01500,1,C,N","010000,1,N,9","+0185,1","+0125,1","99999,9",,,,"2,000",,,,,,,,"07,99,1,06,1,00,1,01750,1,08,1,01,1",,,,,"99999,9,10000,1",,,,,,
"07555099999","1990-07-24T12:00:00","4","44.177776","2.515","616.91","CASSAGNES BEGONHES, FR","FM-12","99999","V020","999,1,V,0021,1","03600,1,C,N","010000,1,N,9","+0231,1","+0109,1","99999,9","06,0000,9,1",,,"4,000",,,,,,,,"06,99,1,01,1,02,1,01750,1,08,1,01,1",,,,,"99999,9,10000,1",,,,,,
"07555099999","1990-07-24T15:00:00","4","44.177776","2.515","616.91","CASSAGNES BEGONHES, FR","FM-12","99999","V020","999,1,V,0021,1","99999,9,9,N","020000,1,N,9","+0240,1","+0090,1","99999,9",,,,"2,000",,,,,,,,"05,99,1,99,9,99,9,99999,9,99,9,99,9",,,,,"99999,9,10000,1",,,,,,
"07555099999","1990-07-25T09:00:00","4","44.177776","2.515","616.91","CASSAGNES BEGONHES, FR","FM-12","99999","V020","100,1,N,0021,1","22000,1,C,N","020000,1,N,9","+0218,1","+0080,1","99999,9",,,,"2,000",,,,,,,,"01,99,1,00,1,00,1,99999,9,00,1,01,1",,,,,"99999,9,10000,1",,,,,,
"07555099999","1990-07-25T12:00:00","4","44.177776","2.515","616.91","CASSAGNES BEGONHES, FR","FM-12","99999","V020","999,1,V,0021,1","22000,1,C,N","020000,1,N,9","+0250,1","+0073,1","99999,9","06,0000,9,1",,,"4,000",,,,,,,,"01,99,1,00,1,00,1,99999,9,00,1,01,1",,,,,"99999,9,10000,1",,,,,,
"07555099999","1990-07-25T15:00:00","4","44.177776","2.515","616.91","CASSAGNES BEGONHES, FR","FM-12","99999","V020","300,1,N,0031,1","22000,1,C,N","020000,1,N,9","+0268,1","+0038,1","99999,9",,,,"2,000",,,,,,,,"01,99,1,01,1,01,1,02250,1,00,1,01,1",,,,,"99999,9,10000,1",,,,,,
"07555099999","1990-07-26T09:00:00","4","44.177776","2.515","616.91","CASSAGNES BEGONHES, FR","FM-12","99999","V020","180,1,N,0031,1","22000,1,C,N","010000,1,N,9","+0222,1","+0074,1","99999,9",,,,"2,000",,,,,,,,"01,99,1,01,1,02,1,02250,1,08,1,00,1",,,,,"99999,9,10000,1",,,,,,
"07555099999","1990-07-26T12:00:00","4","44.177776","2.515","616.91","CASSAGNES BEGONHES, FR","FM-12","99999","V020","180,1,N,0051,1","22000,1,C,N","020000,1,N,9","+0232,1","+0122,1","99999,9","06,0000,9,1",,,"4,000",,,,,,,,"01,99,1,01,1,00,1,99999,9,08,1,00,1",,,,,"99999,9,10000,1",,,,,,
"07555099999","1990-07-26T15:00:00","4","44.177776","2.515","616.91","CASSAGNES BEGONHES, FR","FM-12","99999","V020","180,1,N,0051,1","22000,1,C,N","020000,1,N,9","+0240,1","+0115,1","99999,9",,,,"2,000",,,,,,,,"02,99,1,01,1,02,1,01750,1,08,1,00,1",,,,,"99999,9,10000,1",,,,,,
"07555099999","1990-07-27T09:00:00","4","44.177776","2.515","616.91","CASSAGNES BEGONHES, FR","FM-12","99999","V020","180,1,N,0031,1","22000,1,C,N","020000,1,N,9","+0210,1","+0091,1","99999,9",,,,"2,000",,,,,,,,"02,99,1,00,1,00,1,99999,9,00,1,01,1",,,,,"99999,9,10000,1",,,,,,
"07555099999","1990-07-27T12:00:00","4","44.177776","2.515","616.91","CASSAGNES BEGONHES, FR","FM-12","99999","V020","180,1,N,0031,1","22000,1,C,N","020000,1,N,9","+0248,1","+0117,1","99999,9","06,0000,9,1",,,"4,000",,,,,,,,"02,99,1,02,1,02,1,02250,1,00,1,00,1",,,,,"99999,9,10000,1",,,,,,
"07555099999","1990-07-27T15:00:00","4","44.177776","2.515","616.91","CASSAGNES BEGONHES, FR","FM-12","99999","V020","180,1,N,0051,1","22000,1,C,N","020000,1,N,9","+0260,1","+0132,1","99999,9",,,,"2,000",,,,,,,,"03,99,1,03,1,02,1,01750,1,00,1,00,1",,,,,"99999,9,10000,1",,,,,,
"07555099999","1990-07-28T09:00:00","4","44.177776","2.515","616.91","CASSAGNES BEGONHES, FR","FM-12","99999","V020","180,1,N,0077,1","22000,1,C,N","004000,1,N,9","+0200,1","+0137,1","99999,9",,,,"2,000",,,"2,1,03,1","2,1,03,1",,,,"02,99,1,02,1,01,1,00450,1,00,1,00,1",,,,,"99999,9,10000,1",,,"10,1",,,
"07555099999","1990-07-28T12:00:00","4","44.177776","2.515","616.91","CASSAGNES BEGONHES, FR","FM-12","99999","V020","180,1,N,0051,1","22000,1,C,N","004000,1,N,9","+0230,1","+0134,1","99999,9","06,0000,9,1",,,"4,000",,,,,,,,"02,99,1,02,1,02,1,00800,1,08,1,00,1",,,,,"99999,9,10000,1",,,,,,
"07555099999","1990-07-28T15:00:00","4","44.177776","2.515","616.91","CASSAGNES BEGONHES, FR","FM-12","99999","V020","180,1,N,0051,1","22000,1,C,N","010000,1,N,9","+0238,1","+0145,1","99999,9",,,,"2,000",,,,,,,,"04,99,1,02,1,02,1,01750,1,08,1,04,1",,,,,"99999,9,10000,1",,,,,,
"07555099999","1990-07-29T12:00:00","4","44.177776","2.515","616.91","CASSAGNES BEGONHES, FR","FM-12","99999","V020","999,1,C,0000,1","09000,1,C,N","020000,1,N,9","+0189,1","+0141,1","99999,9","06,0000,9,1",,,"4,002",,,"6,1,06,1","2,1,06,1",,,,"06,99,1,02,1,03,1,00800,1,08,1,03,1",,,,,"99999,9,10000,1",,,"01,1",,,
"07555099999","1990-07-29T15:00:00","4","44.177776","2.515","616.91","CASSAGNES BEGONHES, FR","FM-12","99999","V020","999,1,C,0000,1","01200,1,C,N","020000,1,N,9","+0200,1","+0126,1","99999,9",,,,"2,000",,,,,,,,"06,99,1,05,1,02,1,01250,1,08,1,01,1",,,,,"99999,9,10000,1",,,,,,
"07555099999","1990-07-31T09:00:00","4","44.177776","2.515","616.91","CASSAGNES BEGONHES, FR","FM-12","99999","V020","100,1,N,0021,1","22000,1,C,N","010000,1,N,9","+0220,1","+0149,1","99999,9",,,,"2,000",,,,,,,,"01,99,1,00,1,00,1,99999,9,00,1,01,1",,,,,"99999,9,10000,1",,,,,,
"07555099999","1990-07-31T12:00:00","4","44.177776","2.515","616.91","CASSAGNES BEGONHES, FR","FM-12","99999","V020","040,1,N,0031,1","22000,1,C,N","020000,1,N,9","+0253,1","+0134,1","99999,9","06,0000,9,1",,,"4,000",,,,,,,,"01,99,1,01,1,01,1,01750,1,00,1,00,1",,,,,"99999,9,10000,1",,,,,,
"07555099999","1990-07-31T15:00:00","4","44.177776","2.515","616.91","CASSAGNES BEGONHES, FR","FM-12","99999","V020","040,1,N,0031,1","22000,1,C,N","020000,1,N,9","+0266,1","+0120,1","99999,9",,,,"2,000",,,,,,,,"02,99,1,02,1,01,1,01750,1,00,1,00,1",,,,,"99999,9,10000,1",,,,,,
"07555099999","1990-08-01T09:00:00","4","44.177776","2.515","616.91","CASSAGNES BEGONHES, FR","FM-12","99999","V020","040,1,N,0051,1","22000,1,C,N","010000,1,N,9","+0221,1","+0109,1","99999,9",,,,"2,000",,,,,,,,"01,99,1,01,1,00,1,99999,9,04,1,01,1",,,,,"99999,9,10000,1",,,,,,
"07555099999","1990-08-01T12:00:00","4","44.177776","2.515","616.91","CASSAGNES BEGONHES, FR","FM-12","99999","V020","040,1,N,0051,1","22000,1,C,N","010000,1,N,9","+0253,1","+0102,1","99999,9","06,0000,9,1",,,"4,000",,,,,,,,"01,99,1,00,1,00,1,99999,9,00,1,01,1",,,,,"99999,9,10000,1",,,,,,
"07555099999","1990-08-01T15:00:00","4","44.177776","2.515","616.91","CASSAGNES BEGONHES, FR","FM-12","99999","V020","060,1,N,0051,1","22000,1,C,N","020000,1,N,9","+0271,1","+0136,1","99999,9",,,,"2,000",,,,,,,,"01,99,1,01,1,01,1,01750,1,00,1,00,1",,,,,"99999,9,10000,1",,,,,,
"07555099999","1990-08-02T09:00:00","4","44.177776","2.515","616.91","CASSAGNES BEGONHES, FR","FM-12","99999","V020","180,1,N,0031,1","22000,1,C,N","004000,1,N,9","+0235,1","+0147,1","99999,9",,,,"2,000",,,,,,,,"01,99,1,00,1,00,1,99999,9,00,1,01,1",,,,,"99999,9,10000,1",,,,,,
"07555099999","1990-08-02T12:00:00","4","44.177776","2.515","616.91","CASSAGNES BEGONHES, FR","FM-12","99999","V020","200,1,N,0051,1","22000,1,C,N","020000,1,N,9","+0258,1","+0115,1","99999,9","06,0000,9,1",,,"4,000",,,,,,,,"01,99,1,01,1,01,1,01750,1,00,1,00,1",,,,,"99999,9,10000,1",,,,,,
"07555099999","1990-08-02T15:00:00","4","44.177776","2.515","616.91","CASSAGNES BEGONHES, FR","FM-12","99999","V020","180,1,N,0031,1","22000,1,C,N","020000,1,N,9","+0264,1","+0118,1","99999,9",,,,"2,000",,,,,,,,"01,99,1,01,1,01,1,02250,1,00,1,00,1",,,,,"99999,9,10000,1",,,,,,
"07555099999","1990-08-03T09:00:00","4","44.177776","2.515","616.91","CASSAGNES BEGONHES, FR","FM-12","99999","V020","040,1,N,0010,1","22000,1,C,N","010000,1,N,9","+0265,1","+0117,1","99999,9",,,,"2,000",,,,,,,,"00,99,1,00,1,00,1,99999,9,00,1,00,1",,,,,"99999,9,10000,1",,,,,,
"07555099999","1990-08-03T12:00:00","4","44.177776","2.515","616.91","CASSAGNES BEGONHES, FR","FM-12","99999","V020","100,1,N,0031,1","22000,1,C,N","020000,1,N,9","+0298,1","+0093,1","99999,9","06,0000,9,1",,,"4,000",,,,,,,,"03,99,1,03,1,02,1,02250,1,00,1,00,1",,,,,"99999,9,10000,1",,,,,,
"07555099999","1990-08-03T15:00:00","4","44.177776","2.515","616.91","CASSAGNES BEGONHES, FR","FM-12","99999","V020","180,1,N,0051,1","22000,1,C,N","020000,1,N,9","+0282,1","+0112,1","99999,9",,,,"2,000",,,,,,,,"04,99,1,04,1,03,1,01750,1,00,1,00,1",,,,,"99999,9,10000,1",,,,,,
"07555099999","1990-08-04T09:00:00","4","44.177776","2.515","616.91","CASSAGNES BEGONHES, FR","FM-12","99999","V020","999,1,V,0021,1","22000,1,C,N","010000,1,N,9","+0260,1","+0118,1","99999,9",,,,"2,000",,,,,,,,"00,99,1,00,1,00,1,99999,9,00,1,00,1",,,,,"99999,9,10000,1",,,,,,
"07555099999","1990-08-04T12:00:00","4","44.177776","2.515","616.91","CASSAGNES BEGONHES, FR","FM-12","99999","V020","040,1,N,0041,1","22000,1,C,N","020000,1,N,9","+0295,1","+0100,1","99999,9","06,0000,9,1",,,"4,000",,,,,,,,"02,99,1,02,1,02,1,01750,1,00,1,00,1",,,,,"99999,9,10000,1",,,,,,
"07555099999","1990-08-04T15:00:00","4","44.177776","2.515","616.91","CASSAGNES BEGONHES, FR","FM-12","99999","V020","020,1,N,0051,1","22000,1,C,N","020000,1,N,9","+0300,1","+0096,1","99999,9",,,,"2,000",,,,,,,,"04,99,1,04,1,02,1,01750,1,00,1,00,1",,,,,"99999,9,10000,1",,,,,,
"07555099999","1990-08-05T12:00:00","4","44.177776","2.515","616.91","CASSAGNES BEGONHES, FR","FM-12","99999","V020","300,1,N,0051,1","01500,1,C,N","010000,1,N,9","+0284,1","+0110,1","99999,9","06,0000,9,1",,,"4,000",,,,,,,,"05,99,1,05,1,02,1,01750,1,00,1,00,1",,,,,"99999,9,10000,1",,,,,,
"07555099999","1990-08-05T15:00:00","4","44.177776","2.515","616.91","CASSAGNES BEGONHES, FR","FM-12","99999","V020","300,1,N,0072,1","01500,1,C,N","010000,1,N,9","+0276,1","+0128,1","99999,9",,,,"2,000",,,,,,,,"06,99,1,06,1,03,1,01750,1,00,1,00,1",,,,,"99999,9,10000,1",,,,,,
"07555099999","1990-08-07T09:00:00","4","44.177776","2.515","616.91","CASSAGNES BEGONHES, FR","FM-12","99999","V020","360,1,N,0051,1","22000,1,C,N","020000,1,N,9","+0145,1","+0040,1","99999,9",,,,"2,000",,,,,,,,"01,99,1,01,1,01,1,01250,1,00,1,00,1",,,,,"99999,9,10000,1",,,,,,
"07555099999","1990-08-07T12:00:00","4","44.177776","2.515","616.91","CASSAGNES BEGONHES, FR","FM-12","99999","V020","020,1,N,0051,1","22000,1,C,N","020000,1,N,9","+0176,1","+0060,1","99999,9","06,0000,9,1",,,"4,000",,,,,,,,"01,99,1,00,1,00,1,99999,9,00,1,01,1",,,,,"99999,9,10000,1",,,,,,
"07555099999","1990-08-08T09:00:00","4","44.177776","2.515","616.91","CASSAGNES BEGONHES, FR","FM-12","99999","V020","040,1,N,0051,1","22000,1,C,N","020000,1,N,9","+0142,1","+0021,1","99999,9",,,,"2,000",,,,,,,,"00,99,1,00,1,00,1,99999,9,00,1,00,1",,,,,"99999,9,10000,1",,,,,,
"07555099999","1990-08-08T12:00:00","4","44.177776","2.515","616.91","CASSAGNES BEGONHES, FR","FM-12","99999","V020","040,1,N,0051,1","22000,1,C,N","020000,1,N,9","+0190,1","+0014,1","99999,9","06,0000,9,1",,,"4,000",,,,,,,,"00,99,1,00,1,00,1,99999,9,00,1,00,1",,,,,"99999,9,10000,1",,,,,,
"07555099999","1990-08-08T15:00:00","4","44.177776","2.515","616.91","CASSAGNES BEGONHES, FR","FM-12","99999","V020","040,1,N,0051,1","22000,1,C,N","020000,1,N,9","+0200,1","+0031,1","99999,9",,,,"2,000",,,,,,,,"00,99,1,00,1,00,1,99999,9,00,1,00,1",,,,,"99999,9,10000,1",,,,,,
"07555099999","1990-08-09T09:00:00","4","44.177776","2.515","616.91","CASSAGNES BEGONHES, FR","FM-12","99999","V020","040,1,N,0051,1","22000,1,C,N","020000,1,N,9","+0176,1","+0028,1","99999,9",,,,"2,000",,,,,,,,"00,99,1,00,1,00,1,99999,9,00,1,00,1",,,,,"99999,9,10000,1",,,,,,
"07555099999","1990-08-09T12:00:00","4","44.177776","2.515","616.91","CASSAGNES BEGONHES, FR","FM-12","99999","V020","040,1,N,0031,1","22000,1,C,N","020000,1,N,9","+0223,1","+0019,1","99999,9","06,0000,9,1",,,"4,000",,,,,,,,"00,99,1,00,1,00,1,99999,9,00,1,00,1",,,,,"99999,9,10000,1",,,,,,
"07555099999","1990-08-10T09:00:00","4","44.177776","2.515","616.91","CASSAGNES BEGONHES, FR","FM-12","99999","V020","180,1,N,0021,1","22000,1,C,N","020000,1,N,9","+0215,1","+0063,1","99999,9",,,,"2,000",,,,,,,,"00,99,1,00,1,00,1,99999,9,00,1,00,1",,,,,"99999,9,10000,1",,,,,,
"07555099999","1990-08-10T12:00:00","4","44.177776","2.515","616.91","CASSAGNES BEGONHES, FR","FM-12","99999","V020","220,1,N,0031,1","22000,1,C,N","020000,1,N,9","+0248,1","+0044,1","99999,9","06,0000,9,1",,,"4,000",,,,,,,,"00,99,1,00,1,00,1,99999,9,00,1,00,1",,,,,"99999,9,10000,1",,,,,,
"07555099999","1990-08-11T09:00:00","4","44.177776","2.515","616.91","CASSAGNES BEGONHES, FR","FM-12","99999","V020","180,1,N,0021,1","22000,1,C,N","020000,1,N,9","+0226,1","+0056,1","99999,9",,,,"2,000",,,,,,,,"01,99,1,00,1,00,1,99999,9,00,1,01,1",,,,,"99999,9,10000,1",,,,,,"Q01+000012SCOTLC"
"07555099999","1990-08-11T12:00:00","4","44.177776","2.515","616.91","CASSAGNES BEGONHES, FR","FM-12","99999","V020","180,1,N,0021,1","22000,1,C,N","020000,1,N,9","+0260,1","+0057,1","99999,9","06,0000,9,1",,,"4,000",,,,,,,,"01,99,1,01,1,01,1,99999,9,00,1,01,1",,,,,"99999,9,10000,1",,,,,,"Q01+000992SCOLCB"
"07555099999","1990-08-11T15:00:00","4","44.177776","2.515","616.91","CASSAGNES BEGONHES, FR","FM-12","99999","V020","180,1,N,0051,1","22000,1,C,N","020000,1,N,9","+0264,1","+0084,1","99999,9",,,,"2,000",,,,,,,,"01,99,1,01,1,01,1,02250,1,00,1,01,1",,,,,"99999,9,10000,1",,,,,,
"07555099999","1990-08-12T12:00:00","4","44.177776","2.515","616.91","CASSAGNES BEGONHES, FR","FM-12","99999","V020","180,1,N,0051,1","09000,1,C,N","020000,1,N,9","+0242,1","+0118,1","99999,9","06,0000,9,1",,,"4,000",,,,,,,,"06,99,1,01,1,02,1,01750,1,00,1,02,1",,,,,"99999,9,10000,1",,,,,,
"07555099999","1990-08-12T15:00:00","4","44.177776","2.515","616.91","CASSAGNES BEGONHES, FR","FM-12","99999","V020","180,1,N,0062,1","22000,1,C,N","020000,1,N,9","+0250,1","+0132,1","99999,9",,,,"2,000",,,,,,,,"04,99,1,01,1,02,1,01750,1,08,1,01,1",,,,,"99999,9,10000,1",,,,,,
"07555099999","1990-08-14T09:00:00","4","44.177776","2.515","616.91","CASSAGNES BEGONHES, FR","FM-12","99999","V020","220,1,N,0021,1","22000,1,C,N","020000,1,N,9","+0184,1","+0146,1","99999,9",,,,"2,000",,,,,,,,"03,99,1,02,1,02,1,00800,1,00,1,02,1",,,,,"99999,9,10000,1",,,,,,
"07555099999","1990-08-14T12:00:00","4","44.177776","2.515","616.91","CASSAGNES BEGONHES, FR","FM-12","99999","V020","240,1,N,0031,1","03600,1,C,N","020000,1,N,9","+0228,1","+0136,1","99999,9","06,0000,9,1",,,"4,000",,,,,,,,"06,99,1,04,1,02,1,01250,1,08,1,01,1",,,,,"99999,9,10000,1",,,,,,
"07555099999","1990-08-14T15:00:00","4","44.177776","2.515","616.91","CASSAGNES BEGONHES, FR","FM-12","99999","V020","300,1,N,0051,1","01200,1,C,N","020000,1,N,9","+0225,1","+0142,1","99999,9",,,,"2,000",,,,,,,,"05,99,1,05,1,03,1,01250,1,00,1,03,1",,,,,"99999,9,10000,1",,,,,,
"07555099999","1990-08-15T12:00:00","4","44.177776","2.515","616.91","CASSAGNES BEGONHES, FR","FM-12","99999","V020","300,1,N,0041,1","01500,1,C,N","020000,1,N,9","+0199,1","+0094,1","99999,9","06,0000,9,1",,,"4,000",,,,,,,,"06,99,1,06,1,01,1,01750,1,00,1,00,1",,,,,"99999,9,10000,1",,,,,,
"07555099999","1990-08-15T15:00:00","4","44.177776","2.515","616.91","CASSAGNES BEGONHES, FR","FM-12","99999","V020","300,1,N,0051,1","01500,1,C,N","020000,1,N,9","+0220,1","+0085,1","99999,9",,,,"2,000",,,,,,,,"05,99,1,05,1,02,1,01750,1,00,1,01,1",,,,,"99999,9,10000,1",,,,,,
"07555099999","1990-08-16T09:00:00","4","44.177776","2.515","616.91","CASSAGNES BEGONHES, FR","FM-12","99999","V020","300,1,N,0051,1","00750,1,C,N","020000,1,N,9","+0170,1","+0116,1","99999,9",,,,"2,000",,,,,,,,"06,99,1,06,1,05,1,00800,1,00,1,00,1",,,,,"99999,9,10000,1",,,,,,
"07555099999","1990-08-16T12:00:00","4","44.177776","2.515","616.91","CASSAGNES BEGONHES, FR","FM-12","99999","V020","300,1,N,0031,1","01200,1,C,N","020000,1,N,9","+0194,1","+0098,1","99999,9","06,0000,9,1",,,"4,000",,,,,,,,"05,99,1,05,1,01,1,01250,1,00,1,00,1",,,,,"99999,9,10000,1",,,,,,
"07555099999","1990-08-16T15:00:00","4","44.177776","2.515","616.91","CASSAGNES BEGONHES, FR","FM-12","99999","V020","300,1,N,0051,1","00750,1,C,N","020000,1,N,9","+0195,1","+0128,1","99999,9",,,,"2,000",,,,,,,,"07,99,1,07,1,04,1,00800,1,99,9,99,9",,,,,"99999,9,10000,1",,,,,,
"07555099999","1990-08-17T09:00:00","4","44.177776","2.515","616.91","CASSAGNES BEGONHES, FR","FM-12","99999","V020","020,1,N,0051,1","22000,1,C,N","020000,1,N,9","+0134,1","+0029,1","99999,9",,,,"2,000",,,,,,,,"01,99,1,00,1,00,1,99999,9,00,1,01,1",,,,,"99999,9,10000,1",,,,,,
"07555099999","1990-08-17T12:00:00","4","44.177776","2.515","616.91","CASSAGNES BEGONHES, FR","FM-12","99999","V020","020,1,N,0051,1","22000,1,C,N","020000,1,N,9","+0170,1","-0012,1","99999,9","06,0000,9,1",,,"4,000",,,,,,,,"01,99,1,01,1,01,1,01750,1,00,1,01,1",,,,,"99999,9,10000,1",,,,,,
"07555099999","1990-08-17T15:00:00","4","44.177776","2.515","616.91","CASSAGNES BEGONHES, FR","FM-12","99999","V020","020,1,N,0051,1","22000,1,C,N","020000,1,N,9","+0190,1","+0026,1","99999,9",,,,"2,000",,,,,,,,"01,99,1,01,1,01,1,01750,1,00,1,01,1",,,,,"99999,9,10000,1",,,,,,
"07555099999","1990-08-18T09:00:00","4","44.177776","2.515","616.91","CASSAGNES BEGONHES, FR","FM-12","99999","V020","020,1,N,0031,1","22000,1,C,N","020000,1,N,9","+0170,1","+0029,1","99999,9",,,,"2,000",,,,,,,,"00,99,1,00,1,00,1,99999,9,00,1,00,1",,,,,"99999,9,10000,1",,,,,,
"07555099999","1990-08-18T12:00:00","4","44.177776","2.515","616.91","CASSAGNES BEGONHES, FR","FM-12","99999","V020","360,1,N,0021,1","22000,1,C,N","020000,1,N,9","+0214,1","+0042,1","99999,9","06,0000,9,1",,,"4,000",,,,,,,,"00,99,1,00,1,00,1,99999,9,00,1,00,1",,,,,"99999,9,10000,1",,,,,,
"07555099999","1990-08-18T15:00:00","4","44.177776","2.515","616.91","CASSAGNES BEGONHES, FR","FM-12","99999","V020","999,1,V,0021,1","22000,1,C,N","020000,1,N,9","+0238,1","+0055,1","99999,9",,,,"2,000",,,,,,,,"00,99,1,00,1,00,1,99999,9,00,1,00,1",,,,,"99999,9,10000,1",,,,,,
"07555099999","1990-08-19T12:00:00","4","44.177776","2.515","616.91","CASSAGNES BEGONHES, FR","FM-12","99999","V020","999,1,V,0021,1","22000,1,C,N","020000,1,N,9","+0258,1","+0070,1","99999,9","06,0000,9,1",,,"4,000",,,,,,,,"00,99,1,00,1,00,1,99999,9,00,1,00,1",,,,,"99999,9,10000,1",,,,,,
"07555099999","1990-08-19T15:00:00","4","44.177776","2.515","616.91","CASSAGNES BEGONHES, FR","FM-12","99999","V020","300,1,N,0021,1","22000,1,C,N","020000,1,N,9","+0270,1","+0057,1","99999,9",,,,"2,000",,,,,,,,"00,99,1,00,1,00,1,99999,9,00,1,00,1",,,,,"99999,9,10000,1",,,,,,
"07555099999","1990-08-21T09:00:00","4","44.177776","2.515","616.91","CASSAGNES BEGONHES, FR","FM-12","99999","V020","020,1,N,0051,1","22000,1,C,N","020000,1,N,9","+0208,1","+0040,1","99999,9",,,,"2,000",,,,,,,,"01,99,1,00,1,00,1,99999,9,00,1,01,1",,,,,"99999,9,10000,1",,,,,,
"07555099999","1990-08-21T12:00:00","4","44.177776","2.515","616.91","CASSAGNES BEGONHES, FR","FM-12","99999","V020","020,1,N,0051,1","22000,1,C,N","020000,1,N,9","+0236,1","+0082,1","99999,9","06,0000,9,1",,,"4,000",,,,,,,,"01,99,1,00,1,00,1,99999,9,00,1,01,1",,,,,"99999,9,10000,1",,,,,,
"07555099999","1990-08-21T15:00:00","4","44.177776","2.515","616.91","CASSAGNES BEGONHES, FR","FM-12","99999","V020","020,1,N,0051,1","22000,1,C,N","020000,1,N,9","+0230,1","+0022,1","99999,9",,,,"2,000",,,,,,,,"01,99,1,00,1,00,1,99999,9,00,1,01,1",,,,,"99999,9,10000,1",,,,,,
"07555099999","1990-08-22T12:00:00","4","44.177776","2.515","616.91","CASSAGNES BEGONHES, FR","FM-12","99999","V020","040,1,N,0072,1","22000,1,C,N","020000,1,N,9","+0214,1","+0025,1","99999,9","06,0000,9,1",,,"4,000",,,,,,,,"01,99,1,00,1,00,1,99999,9,00,1,01,1",,,,,"99999,9,10000,1",,,,,,
"07555099999","1990-08-22T15:00:00","4","44.177776","2.515","616.91","CASSAGNES BEGONHES, FR","FM-12","99999","V020","040,1,N,0051,1","22000,1,C,N","020000,1,N,9","+0230,1","-0016,1","99999,9",,,,"2,000",,,,,,,,"01,99,1,00,1,00,1,99999,9,00,1,01,1",,,,,"99999,9,10000,1",,,,,,
"07555099999","1990-08-23T12:00:00","4","44.177776","2.515","616.91","CASSAGNES BEGONHES, FR","FM-12","99999","V020","180,1,N,0051,1","22000,1,C,N","020000,1,N,9","+0240,1","+0065,1","99999,9","06,0000,9,1",,,"4,000",,,,,,,,"00,99,1,00,1,00,1,99999,9,00,1,00,1",,,,,"99999,9,10000,1",,,,,,
"07555099999","1990-08-23T15:00:00","4","44.177776","2.515","616.91","CASSAGNES BEGONHES, FR","FM-12","99999","V020","180,1,N,0051,1","22000,1,C,N","020000,1,N,9","+0242,1","+0075,1","99999,9",,,,"2,000",,,,,,,,"00,99,1,00,1,00,1,99999,9,00,1,00,1",,,,,"99999,9,10000,1",,,,,,
"07555099999","1990-08-24T09:00:00","4","44.177776","2.515","616.91","CASSAGNES BEGONHES, FR","FM-12","99999","V020","180,1,N,0051,1","22000,1,C,N","020000,1,N,9","+0222,1","+0072,1","99999,9",,,,"2,000",,,,,,,,"01,99,1,01,1,00,1,99999,9,08,1,00,1",,,,,"99999,9,10000,1",,,,,,
"07555099999","1990-08-24T15:00:00","4","44.177776","2.515","616.91","CASSAGNES BEGONHES, FR","FM-12","99999","V020","180,1,N,0051,1","22000,1,C,N","020000,1,N,9","+0262,1","+0093,1","99999,9",,,,"2,000",,,,,,,,"01,99,1,01,1,02,1,02250,1,00,1,00,1",,,,,"99999,9,10000,1",,,,,,
"07555099999","1990-08-25T09:00:00","4","44.177776","2.515","616.91","CASSAGNES BEGONHES, FR","FM-12","99999","V020","999,1,C,0000,1","00120,1,C,N","004000,1,N,9","+0155,1","+0140,1","99999,9",,,,"2,000",,,"4,1,03,1","2,1,03,1",,,,"08,99,1,08,1,05,1,00150,1,99,9,99,9",,,,,"99999,9,10000,1",,,"10,1",,,
"07555099999","1990-08-25T12:00:00","4","44.177776","2.515","616.91","CASSAGNES BEGONHES, FR","FM-12","99999","V020","999,1,V,0021,1","00750,1,C,N","010000,1,N,9","+0190,1","+0140,1","99999,9","06,9999,9,9",,,"4,004",,,"8,1,06,1","4,1,06,1",,,,"07,99,1,07,1,03,1,00800,1,99,9,99,9",,,,,"99999,9,10000,1",,,"95,1",,,"Q01  00002PRCP06"
"07555099999","1990-08-28T09:00:00","4","44.177776","2.515","616.91","CASSAGNES BEGONHES, FR","FM-12","99999","V020","999,1,V,0021,1","22000,1,C,N","004000,1,N,9","+0194,1","+0123,1","99999,9",,,,"2,000",,,"2,1,03,1","0,1,03,1",,,,"01,99,1,00,1,00,1,99999,9,00,1,01,1",,,,,"99999,9,10000,1",,,"10,1",,,
"07555099999","1990-08-28T12:00:00","4","44.177776","2.515","616.91","CASSAGNES BEGONHES, FR","FM-12","99999","V020","180,1,N,0031,1","01500,1,C,N","004000,1,N,9","+0234,1","+0108,1","99999,9","06,0000,9,1",,,"4,000",,,,,,,,"06,99,1,06,1,03,1,01750,1,00,1,00,1",,,,,"99999,9,10000,1",,,,,,
"07555099999","1990-08-28T15:00:00","4","44.177776","2.515","616.91","CASSAGNES BEGONHES, FR","FM-12","99999","V020","180,1,N,0051,1","02100,1,C,N","010000,1,N,9","+0250,1","+0078,1","99999,9",,,,"2,000",,,,,,,,"05,99,1,05,1,02,1,02250,1,00,1,00,1",,,,,"99999,9,10000,1",,,,,,
"07555099999","1990-08-29T12:00:00","4","44.177776","2.515","616.91","CASSAGNES BEGONHES, FR","FM-12","99999","V020","180,1,N,0072,1","22000,1,C,N","020000,1,N,9","+0220,1","+0118,1","99999,9","06,0000,9,1",,,"4,000",,,,,,,,"05,99,1,01,1,01,1,01250,1,00,1,01,1",,,,,"99999,9,10000,1",,,,,,
"07555099999","1990-08-29T15:00:00","4","44.177776","2.515","616.91","CASSAGNES BEGONHES, FR","FM-12","99999","V020","180,1,N,0072,1","09000,1,C,N","020000,1,N,9","+0226,1","+0116,1","99999,9",,,,"2,000",,,,,,,,"05,99,1,02,1,02,1,01250,1,00,1,02,1",,,,,"99999,9,10000,1",,,,,,
"07555099999","1990-08-30T09:00:00","4","44.177776","2.515","616.91","CASSAGNES BEGONHES, FR","FM-12","99999","V020","999,1,C,0000,1","00060,1,C,N","001000,1,N,9","+0150,1","+0150,1","99999,9",,,,"2,001",,,"6,1,03,1","4,1,03,1",,,,"08,99,1,08,1,07,1,00075,1,99,9,99,9",,,,,"99999,9,10000,1",,,"60,1",,,
"07555099999","1990-08-30T12:00:00","4","44.177776","2.515","616.91","CASSAGNES BEGONHES, FR","FM-12","99999","V020","180,1,N,0031,1","00210,1,C,N","004000,1,N,9","+0160,1","+0150,1","99999,9","06,9999,9,9",,,"4,002",,,"6,1,06,1","4,1,06,1",,,,"08,99,1,05,1,07,1,00250,1,02,1,99,9",,,,,"99999,9,10000,1",,,"21,1",,,"Q01  00002PRCP06"
"07555099999","1990-08-30T15:00:00","4","44.177776","2.515","616.91","CASSAGNES BEGONHES, FR","FM-12","99999","V020","180,1,N,0041,1","00210,1,C,N","004000,1,N,9","+0162,1","+0150,1","99999,9",,,,"2,004",,,"6,1,03,1","4,1,03,1",,,,"08,99,1,08,1,09,1,00250,1,99,9,99,9",,,,,"99999,9,10000,1",,,"95,1",,,
"07555099999","1990-08-31T09:00:00","4","44.177776","2.515","616.91","CASSAGNES BEGONHES, FR","FM-12","99999","V020","360,1,N,0051,1","00750,1,C,N","020000,1,N,9","+0116,1","+0075,1","99999,9",,,,"2,000",,,,,,,,"05,99,1,05,1,02,1,00800,1,00,1,00,1",,,,,"99999,9,10000,1",,,,,,
"07555099999","1990-08-31T12:00:00","4","44.177776","2.515","616.91","CASSAGNES BEGONHES, FR","FM-12","99999","V020","020,1,N,0010,1","00750,1,C,N","050000,1,N,9","+0125,1","+0053,1","99999,9","06,0000,9,1",,,"4,000",,,,,,,,"06,99,1,05,1,02,1,00800,1,00,1,01,1",,,,,"99999,9,10000,1",,,,,,
"07555099999","1990-08-31T15:00:00","4","44.177776","2.515","616.91","CASSAGNES BEGONHES, FR","FM-12","99999","V020","020,1,N,0031,1","01200,1,C,N","020000,1,N,9","+0142,1","+0069,1","99999,9",,,,"2,000",,,,,,,,"05,99,1,05,1,02,1,01250,1,00,1,01,1",,,,,"99999,9,10000,1",,,,,,
"07555099999","1990-09-02T12:00:00","4","44.177776","2.515","616.91","CASSAGNES BEGONHES, FR","FM-12","99999","V020","040,1,N,0051,1","22000,1,C,N","020000,1,N,9","+0184,1","+0045,1","99999,9","06,0000,9,1",,,"4,000",,,,,,,,"01,99,1,00,1,00,1,99999,9,00,1,01,1",,,,,"99999,9,10000,1",,,,,,
"07555099999","1990-09-02T15:00:00","4","44.177776","2.515","616.91","CASSAGNES BEGONHES, FR","FM-12","99999","V020","060,1,N,0051,1","22000,1,C,N","020000,1,N,9","+0186,1","+0035,1","99999,9",,,,"2,000",,,,,,,,"02,99,1,01,1,02,1,01750,1,00,1,01,1",,,,,"99999,9,10000,1",,,,,,
"07555099999","1990-09-04T09:00:00","4","44.177776","2.515","616.91","CASSAGNES BEGONHES, FR","FM-12","99999","V020","360,1,N,0031,1","22000,1,C,N","010000,1,N,9","+0166,1","+0098,1","99999,9",,,,"2,000",,,,,,,,"01,99,1,00,1,00,1,99999,9,00,1,01,1",,,,,"99999,9,10000,1",,,,,,
"07555099999","1990-09-04T12:00:00","4","44.177776","2.515","616.91","CASSAGNES BEGONHES, FR","FM-12","99999","V020","360,1,N,0051,1","22000,1,C,N","020000,1,N,9","+0213,1","+0046,1","99999,9",,,,"2,000",,,,,,,,"04,99,1,01,1,02,1,01750,1,00,1,01,1",,,,,"99999,9,10000,1",,,,,,
"07555099999","1990-09-04T15:00:00","4","44.177776","2.515","616.91","CASSAGNES BEGONHES, FR","FM-12","99999","V020","300,1,N,0051,1","01200,1,C,N","020000,1,N,9","+0195,1","+0106,1","99999,9",,,,"2,000",,,,,,,,"06,99,1,05,1,02,1,01250,1,00,1,01,1",,,,,"99999,9,10000,1",,,,,,
"07555099999","1990-09-05T09:00:00","4","44.177776","2.515","616.91","CASSAGNES BEGONHES, FR","FM-12","99999","V020","360,1,N,0031,1","22000,1,C,N","020000,1,N,9","+0150,1","+0093,1","99999,9",,,,"2,000",,,,,,,,"04,99,1,04,1,02,1,01250,1,00,1,01,1",,,,,"99999,9,10000,1",,,,,,
"07555099999","1990-09-05T12:00:00","4","44.177776","2.515","616.91","CASSAGNES BEGONHES, FR","FM-12","99999","V020","360,1,N,0021,1","22000,1,C,N","020000,1,N,9","+0186,1","+0079,1","99999,9","06,0000,9,1",,,"4,000",,,,,,,,"01,99,1,01,1,01,1,01750,1,00,1,00,1",,,,,"99999,9,10000,1",,,,,,
"07555099999","1990-09-05T15:00:00","4","44.177776","2.515","616.91","CASSAGNES BEGONHES, FR","FM-12","99999","V020","360,1,N,0051,1","22000,1,C,N","020000,1,N,9","+0205,1","+0063,1","99999,9",,,,"2,000",,,,,,,,"01,99,1,01,1,02,1,01750,1,00,1,00,1",,,,,"99999,9,10000,1",,,,,,
"07555099999","1990-09-06T09:00:00","4","44.177776","2.515","616.91","CASSAGNES BEGONHES, FR","FM-12","99999","V020","360,1,N,0051,1","22000,1,C,N","020000,1,N,9","+0154,1","+0069,1","99999,9",,,,"2,000",,,,,,,,"00,99,1,00,1,00,1,99999,9,00,1,00,1",,,,,"99999,9,10000,1",,,,,,
"07555099999","1990-09-06T12:00:00","4","44.177776","2.515","616.91","CASSAGNES BEGONHES, FR","FM-12","99999","V020","360,1,N,0062,1","22000,1,C,N","020000,1,N,9","+0196,1","+0061,1","99999,9","06,0000,9,1",,,"4,000",,,,,,,,"01,99,1,01,1,01,1,01750,1,00,1,01,1",,,,,"99999,9,10000,1",,,,,,
"07555099999","1990-09-06T15:00:00","4","44.177776","2.515","616.91","CASSAGNES BEGONHES, FR","FM-12","99999","V020","320,1,N,0051,1","22000,1,C,N","020000,1,N,9","+0200,1","+0120,1","99999,9",,,,"2,000",,,,,,,,"01,99,1,01,1,01,1,01750,1,00,1,00,1",,,,,"99999,9,10000,1",,,,,,
"07555099999","1990-09-07T09:00:00","4","44.177776","2.515","616.91","CASSAGNES BEGONHES, FR","FM-12","99999","V020","320,1,N,0051,1","00750,1,C,N","020000,1,N,9","+0116,1","+0065,1","99999,9",,,,"2,000",,,,,,,,"05,99,1,05,1,02,1,00800,1,00,1,00,1",,,,,"99999,9,10000,1",,,,,,
"07555099999","1990-09-07T12:00:00","4","44.177776","2.515","616.91","CASSAGNES BEGONHES, FR","FM-12","99999","V020","320,1,N,0062,1","01200,1,C,N","020000,1,N,9","+0156,1","+0041,1","99999,9","06,0000,9,1",,,"4,000",,,,,,,,"05,99,1,05,1,02,1,01250,1,00,1,00,1",,,,,"99999,9,10000,1",,,,,,
"07555099999","1990-09-07T15:00:00","4","44.177776","2.515","616.91","CASSAGNES BEGONHES, FR","FM-12","99999","V020","360,1,N,0062,1","22000,1,C,N","020000,1,N,9","+0143,1","+0033,1","99999,9",,,,"2,000",,,,,,,,"03,99,1,03,1,02,1,01750,1,00,1,00,1",,,,,"99999,9,10000,1",,,,,,
"07555099999","1990-09-08T09:00:00","4","44.177776","2.515","616.91","CASSAGNES BEGONHES, FR","FM-12","99999","V020","040,1,N,0031,1","22000,1,C,N","020000,1,N,9","+0118,1","+0033,1","99999,9",,,,"2,000",,,,,,,,"01,99,1,00,1,00,1,99999,9,00,1,01,1",,,,,"99999,9,10000,1",,,,,,
"07555099999","1990-09-09T12:00:00","4","44.177776","2.515","616.91","CASSAGNES BEGONHES, FR","FM-12","99999","V020","180,1,N,0031,1","22000,1,C,N","020000,1,N,9","+0185,1","+0039,1","99999,9","06,0000,9,1",,,"4,000",,,,,,,,"02,99,1,00,1,00,1,99999,9,00,1,01,1",,,,,"99999,9,10000,1",,,,,,
"07555099999","1990-09-09T15:00:00","4","44.177776","2.515","616.91","CASSAGNES BEGONHES, FR","FM-12","99999","V020","180,1,N,0031,1","03600,1,C,N","020000,1,N,9","+0197,1","+0055,1","99999,9",,,,"2,000",,,,,,,,"07,99,1,07,1,00,1,99999,9,08,1,99,9",,,,,"99999,9,10000,1",,,,,,
"07555099999","1990-09-11T09:00:00","4","44.177776","2.515","616.91","CASSAGNES BEGONHES, FR","FM-12","99999","V020","060,1,N,0051,1","22000,1,C,N","020000,1,N,9","+0145,1","+0055,1","99999,9",,,,"2,000",,,,,,,,"02,99,1,01,1,00,1,99999,9,04,1,01,1",,,,,"99999,9,10000,1",,,,,,
"07555099999","1990-09-11T12:00:00","4","44.177776","2.515","616.91","CASSAGNES BEGONHES, FR","FM-12","99999","V020","060,1,N,0051,1","22000,1,C,N","020000,1,N,9","+0187,1","+0052,1","99999,9","06,0000,9,1",,,"4,000",,,,,,,,"01,99,1,00,1,00,1,99999,9,00,1,01,1",,,,,"99999,9,10000,1",,,,,,
"07555099999","1990-09-11T15:00:00","4","44.177776","2.515","616.91","CASSAGNES BEGONHES, FR","FM-12","99999","V020","060,1,N,0051,1","22000,1,C,N","020000,1,N,9","+0192,1","+0080,1","99999,9",,,,"2,000",,,,,,,,"01,99,1,01,1,01,1,01750,1,00,1,01,1",,,,,"99999,9,10000,1",,,,,,
"07555099999","1990-09-12T09:00:00","4","44.177776","2.515","616.91","CASSAGNES BEGONHES, FR","FM-12","99999","V020","180,1,N,0062,1","22000,1,C,N","020000,1,N,9","+0158,1","+0081,1","99999,9",,,,"2,000",,,,,,,,"02,99,1,02,1,02,1,00800,1,00,1,00,1",,,,,"99999,9,10000,1",,,,,,
"07555099999","1990-09-12T12:00:00","4","44.177776","2.515","616.91","CASSAGNES BEGONHES, FR","FM-12","99999","V020","180,1,N,0051,1","22000,1,C,N","020000,1,N,9","+0178,1","+0070,1","99999,9","06,0000,9,1",,,"4,000",,,,,,,,"02,99,1,02,1,01,1,01750,1,00,1,00,1",,,,,"99999,9,10000,1",,,,,,
"07555099999","1990-09-12T15:00:00","4","44.177776","2.515","616.91","CASSAGNES BEGONHES, FR","FM-12","99999","V020","180,1,N,0051,1","22000,1,C,N","020000,1,N,9","+0190,1","+0065,1","99999,9",,,,"2,000",,,,,,,,"01,99,1,01,1,01,1,01750,1,00,1,01,1",,,,,"99999,9,10000,1",,,,,,
"07555099999","1990-09-13T12:00:00","4","44.177776","2.515","616.91","CASSAGNES BEGONHES, FR","FM-12","99999","V020","180,1,N,0051,1","00210,1,C,N","010000,1,N,9","+0142,1","+0108,1","99999,9","06,0000,9,1",,,"4,000",,,,,,,,"07,99,1,07,1,04,1,00250,1,99,9,99,9",,,,,"99999,9,10000,1",,,,,,
"07555099999","1990-09-14T09:00:00","4","44.177776","2.515","616.91","CASSAGNES BEGONHES, FR","FM-12","99999","V020","220,1,N,0031,1","00420,1,C,N","010000,1,N,9","+0150,1","+0133,1","99999,9",,,,"2,000",,,,,,,,"08,99,1,05,1,02,1,00450,1,08,1,99,9",,,,,"99999,9,10000,1",,,,,,
"07555099999","1990-09-14T15:00:00","4","44.177776","2.515","616.91","CASSAGNES BEGONHES, FR","FM-12","99999","V020","180,1,N,0021,1","00210,1,C,N","010000,1,N,9","+0160,1","+0126,1","99999,9",,,,"2,000",,,,,,,,"08,99,1,08,1,05,1,00250,1,99,9,99,9",,,,,"99999,9,10000,1",,,,,,
"07555099999","1990-09-15T15:00:00","4","44.177776","2.515","616.91","CASSAGNES BEGONHES, FR","FM-12","99999","V020","180,1,N,0051,1","00750,1,C,N","010000,1,N,9","+0168,1","+0131,1","99999,9",,,,"2,004",,,"6,1,03,1","2,1,03,1",,,,"07,99,1,06,1,09,1,00800,1,99,9,99,9",,,,,"99999,9,10000,1",,,"95,1",,,
"07555099999","1990-09-18T09:00:00","4","44.177776","2.515","616.91","CASSAGNES BEGONHES, FR","FM-12","99999","V020","360,1,N,0062,1","22000,1,C,N","010000,1,N,9","+0136,1","+0062,1","99999,9",,,,"2,000",,,,,,,,"01,99,1,01,1,02,1,01250,1,00,1,00,1",,,,,"99999,9,10000,1",,,,,,
"07555099999","1990-09-18T12:00:00","4","44.177776","2.515","616.91","CASSAGNES BEGONHES, FR","FM-12","99999","V020","360,1,N,0062,1","22000,1,C,N","010000,1,N,9","+0182,1","+0063,1","99999,9","06,0000,9,1",,,"4,000",,,,,,,,"01,99,1,01,1,01,1,01750,1,00,1,00,1",,,,,"99999,9,10000,1",,,,,,
"07555099999","1990-09-18T15:00:00","4","44.177776","2.515","616.91","CASSAGNES BEGONHES, FR","FM-12","99999","V020","360,1,N,0062,1","22000,1,C,N","010000,1,N,9","+0195,1","+0092,1","99999,9",,,,"2,000",,,,,,,,"00,99,1,00,1,00,1,99999,9,00,1,00,1",,,,,"99999,9,10000,1",,,,,,
"07555099999","1990-09-19T09:00:00","4","44.177776","2.515","616.91","CASSAGNES BEGONHES, FR","FM-12","99999","V020","060,1,N,0021,1","22000,1,C,N","010000,1,N,9","+0168,1","+0053,1","99999,9",,,,"2,000",,,,,,,,"01,99,1,00,1,00,1,99999,9,00,1,01,1",,,,,"99999,9,10000,1",,,,,,
"07555099999","1990-09-19T12:00:00","4","44.177776","2.515","616.91","CASSAGNES BEGONHES, FR","FM-12","99999","V020","260,1,N,0031,1","22000,1,C,N","020000,1,N,9","+0234,1","+0071,1","99999,9","06,0000,9,1",,,"4,000",,,,,,,,"01,99,1,00,1,00,1,99999,9,00,1,01,1",,,,,"99999,9,10000,1",,,,,,
"07555099999","1990-09-19T15:00:00","4","44.177776","2.515","616.91","CASSAGNES BEGONHES, FR","FM-12","99999","V020","300,1,N,0021,1","22000,1,C,N","020000,1,N,9","+0235,1","+0025,1","99999,9",,,,"2,000",,,,,,,,"01,99,1,00,1,00,1,99999,9,00,1,01,1",,,,,"99999,9,10000,1",,,,,,
"07555099999","1990-09-20T09:00:00","4","44.177776","2.515","616.91","CASSAGNES BEGONHES, FR","FM-12","99999","V020","280,1,N,0031,1","09000,1,C,N","020000,1,N,9","+0146,1","+0069,1","99999,9",,,,"2,000",,,,,,,,"07,99,1,01,1,00,1,02250,1,08,1,04,1",,,,,"99999,9,10000,1",,,,,,
"07555099999","1990-09-20T12:00:00","4","44.177776","2.515","616.91","CASSAGNES BEGONHES, FR","FM-12","99999","V020","300,1,N,0062,1","03600,1,C,N","020000,1,N,9","+0172,1","+0083,1","99999,9","06,0000,9,1",,,"4,000",,,,,,,,"05,99,1,03,1,01,1,01750,1,08,1,01,1",,,,,"99999,9,10000,1",,,,,,
"07555099999","1990-09-20T15:00:00","4","44.177776","2.515","616.91","CASSAGNES BEGONHES, FR","FM-12","99999","V020","300,1,N,0051,1","22000,1,C,N","020000,1,N,9","+0187,1","+0068,1","99999,9",,,,"2,000",,,,,,,,"01,99,1,01,1,01,1,01750,1,00,1,00,1",,,,,"99999,9,10000,1",,,,,,
"07555099999","1990-09-21T15:00:00","4","44.177776","2.515","616.91","CASSAGNES BEGONHES, FR","FM-12","99999","V020","300,1,N,0062,1","00210,1,C,N","010000,1,N,9","+0132,1","+0110,1","99999,9",,,,"2,000",,,,,,,,"08,99,1,08,1,05,1,00250,1,99,9,99,9",,,,,"99999,9,10000,1",,,,,,
"07555099999","1990-09-22T09:00:00","4","44.177776","2.515","616.91","CASSAGNES BEGONHES, FR","FM-12","99999","V020","300,1,N,0051,1","00210,1,C,N","010000,1,N,9","+0150,1","+0137,1","99999,9",,,,"2,000",,,,,,,,"07,99,1,07,1,06,1,00250,1,99,9,99,9",,,,,"99999,9,10000,1",,,,,,
"07555099999","1990-09-22T12:00:00","4","44.177776","2.515","616.91","CASSAGNES BEGONHES, FR","FM-12","99999","V020","300,1,N,0051,1","00120,1,C,N","001000,1,N,9","+0156,1","+0138,1","99999,9","06,9999,9,9",,,"4,000",,,"5,1,06,1","2,1,06,1",,,,"08,99,1,08,1,07,1,00150,1,99,9,99,9",,,,,"99999,9,10000,1",,,"50,1",,,"Q01  00002PRCP06"
"07555099999","1990-09-22T15:00:00","4","44.177776","2.515","616.91","CASSAGNES BEGONHES, FR","FM-12","99999","V020","300,1,N,0051,1","00420,1,C,N","020000,1,N,9","+0165,1","+0140,1","99999,9",,,,"2,000",,,"5,1,03,1","2,1,03,1",,,,"07,99,1,07,1,02,1,00450,1,99,9,99,9",,,,,"99999,9,10000,1",,,"01,1",,,
"07555099999","1990-09-23T12:00:00","4","44.177776","2.515","616.91","CASSAGNES BEGONHES, FR","FM-12","99999","V020","280,1,N,0041,1","00210,1,C,N","004000,1,N,9","+0137,1","+0128,1","99999,9","06,9999,9,9",,,"4,001",,,"6,1,06,1","5,1,06,1",,,,"08,99,1,08,1,07,1,00250,1,99,9,99,9",,,,,"99999,9,10000,1",,,"60,1",,,"Q01  00002PRCP06"
"07555099999","1990-09-23T15:00:00","4","44.177776","2.515","616.91","CASSAGNES BEGONHES, FR","FM-12","99999","V020","280,1,N,0051,1","00120,1,C,N","002000,1,N,9","+0126,1","+0120,1","99999,9",,,,"2,001",,,"6,1,03,1","5,1,03,1",,,,"08,99,1,08,1,07,1,00150,1,99,9,99,9",,,,,"99999,9,10000,1",,,"60,1",,,
"07555099999","1990-09-25T09:00:00","4","44.177776","2.515","616.91","CASSAGNES BEGONHES, FR","FM-12","99999","V020","120,1,N,0010,1","03600,1,C,N","020000,1,N,9","+0096,1","+0030,1","99999,9",,,,"2,000",,,,,,,,"07,99,1,06,1,00,1,99999,9,03,1,01,1",,,,,"99999,9,10000,1",,,,,,
"07555099999","1990-09-25T15:00:00","4","44.177776","2.515","616.91","CASSAGNES BEGONHES, FR","FM-12","99999","V020","120,1,N,0021,1","09000,1,C,N","020000,1,N,9","+0152,1","+0021,1","99999,9",,,,"2,000",,,,,,,,"07,99,1,04,1,00,1,02250,1,08,1,02,1",,,,,"99999,9,10000,1",,,,,,
"07555099999","1990-09-26T09:00:00","4","44.177776","2.515","616.91","CASSAGNES BEGONHES, FR","FM-12","99999","V020","999,1,V,0021,1","22000,1,C,N","020000,1,N,9","+0143,1","+0089,1","99999,9",,,,"2,000",,,,,,,,"02,99,1,02,1,04,1,00800,1,00,1,00,1",,,,,"99999,9,10000,1",,,,,,
"07555099999","1990-09-26T12:00:00","4","44.177776","2.515","616.91","CASSAGNES BEGONHES, FR","FM-12","99999","V020","999,1,V,0021,1","22000,1,C,N","020000,1,N,9","+0178,1","+0091,1","99999,9","06,0000,9,1",,,"4,000",,,,,,,,"03,99,1,03,1,02,1,01250,1,00,1,00,1",,,,,"99999,9,10000,1",,,,,,
"07555099999","1990-09-26T15:00:00","4","44.177776","2.515","616.91","CASSAGNES BEGONHES, FR","FM-12","99999","V020","300,1,N,0021,1","22000,1,C,N","020000,1,N,9","+0197,1","+0096,1","99999,9",,,,"2,000",,,,,,,,"03,99,1,03,1,02,1,01750,1,00,1,00,1",,,,,"99999,9,10000,1",,,,,,
"07555099999","1990-09-27T09:00:00","4","44.177776","2.515","616.91","CASSAGNES BEGONHES, FR","FM-12","99999","V020","040,1,N,0021,1","03600,1,C,N","010000,1,N,9","+0106,1","+0066,1","99999,9",,,,"2,000",,,,,,,,"06,99,1,01,1,02,1,00450,1,03,1,01,1",,,,,"99999,9,10000,1",,,,,,
"07555099999","1990-09-27T12:00:00","4","44.177776","2.515","616.91","CASSAGNES BEGONHES, FR","FM-12","99999","V020","360,1,N,0051,1","22000,1,C,N","020000,1,N,9","+0172,1","+0029,1","99999,9","06,0000,9,1",,,"4,000",,,,,,,,"01,99,1,01,1,02,1,01750,1,00,1,00,1",,,,,"99999,9,10000,1",,,,,,
"07555099999","1990-09-27T15:00:00","4","44.177776","2.515","616.91","CASSAGNES BEGONHES, FR","FM-12","99999","V020","360,1,N,0021,1","22000,1,C,N","020000,1,N,9","+0188,1","+0016,1","99999,9",,,,"2,000",,,,,,,,"01,99,1,01,1,02,1,02250,1,00,1,00,1",,,,,"99999,9,10000,1",,,,,,
"07555099999","1990-09-28T09:00:00","4","44.177776","2.515","616.91","CASSAGNES BEGONHES, FR","FM-12","99999","V020","100,1,N,0021,1","22000,1,C,N","050000,1,N,9","+0166,1","-0064,1","99999,9",,,,"2,000",,,,,,,,"01,99,1,00,1,00,1,99999,9,00,1,01,1",,,,,"99999,9,10000,1",,,,,,
"07555099999","1990-09-28T12:00:00","4","44.177776","2.515","616.91","CASSAGNES BEGONHES, FR","FM-12","99999","V020","280,1,N,0021,1","22000,1,C,N","050000,1,N,9","+0217,1","-0100,1","99999,9","06,0000,9,1",,,"4,000",,,,,,,,"00,99,1,00,1,00,1,99999,9,00,1,00,1",,,,,"99999,9,10000,1",,,,,,
"07555099999","1990-09-28T15:00:00","4","44.177776","2.515","616.91","CASSAGNES BEGONHES, FR","FM-12","99999","V020","280,1,N,0021,1","22000,1,C,N","050000,1,N,9","+0223,1","+0031,2","99999,9",,,,"2,000",,,,,,,,"00,99,1,00,1,00,1,99999,9,00,1,00,1",,,,,"99999,9,10000,1",,,,,,"Q01+027633ATOD  "
"07555099999","1990-09-29T09:00:00","4","44.177776","2.515","616.91","CASSAGNES BEGONHES, FR","FM-12","99999","V020","180,1,N,0021,1","22000,1,C,N","010000,1,N,9","+0160,1","+0017,1","99999,9",,,,"2,000",,,,,,,,"01,99,1,00,1,00,1,99999,9,00,1,01,1",,,,,"99999,9,10000,1",,,,,,
"07555099999","1990-09-29T12:00:00","4","44.177776","2.515","616.91","CASSAGNES BEGONHES, FR","FM-12","99999","V020","180,1,N,0051,1","00420,1,C,N","010000,1,N,9","+0172,1","+0120,1","99999,9","06,0000,9,1",,,"4,000",,,,,,,,"07,99,1,05,1,05,1,00450,1,00,1,01,1",,,,,"99999,9,10000,1",,,,,,
"07555099999","1990-09-29T15:00:00","4","44.177776","2.515","616.91","CASSAGNES BEGONHES, FR","FM-12","99999","V020","180,1,N,0051,1","00420,1,C,N","010000,1,N,9","+0155,1","+0130,1","99999,9",,,,"2,000",,,,,,,,"07,99,1,06,1,05,1,00450,1,00,1,01,1",,,,,"99999,9,10000,1",,,,,,
"07555099999","1990-09-30T12:00:00","4","44.177776","2.515","616.91","CASSAGNES BEGONHES, FR","FM-12","99999","V020","120,1,N,0051,1","03600,1,C,N","010000,1,N,9","+0196,1","+0137,1","99999,9","06,0000,9,1",,,"4,000",,,,,,,,"07,99,1,04,1,08,1,00450,1,08,1,01,1",,,,,"99999,9,10000,1",,,,,,
"07555099999","1990-09-30T15:00:00","4","44.177776","2.515","616.91","CASSAGNES BEGONHES, FR","FM-12","99999","V020","180,1,N,0031,1","03600,1,C,N","010000,1,N,9","+0180,1","+0138,1","99999,9",,,,"2,000",,,,,,,,"06,99,1,04,1,08,1,00450,1,08,1,01,1",,,,,"99999,9,10000,1",,,,,,
"07555099999","1990-10-02T09:00:00","4","44.177776","2.515","616.91","CASSAGNES BEGONHES, FR","FM-12","99999","V020","999,9,9,9999,9","22000,1,C,N","020000,1,N,9","+0162,1","+0134,1","99999,9",,,,"2,000",,,,,"01,1,+00990,9,08,9",,,"01,99,1,01,1,01,1,01250,1,00,1,00,1",,,,,"99999,9,10000,1",,,,,"SYN011333   81833",
"07555099999","1990-10-02T12:00:00","4","44.177776","2.515","616.91","CASSAGNES BEGONHES, FR","FM-12","99999","V020","999,9,9,9999,9","22000,1,C,N","030000,1,N,9","+9999,9","+9999,9","99999,9",,,,"2,000",,,,,"01,1,+01500,9,08,9",,,"01,99,1,01,1,01,1,01750,1,00,1,00,1",,,,,"99999,9,10000,1",,,,,"SYN011333   81850",
"07555099999","1990-10-02T15:00:00","4","44.177776","2.515","616.91","CASSAGNES BEGONHES, FR","FM-12","99999","V020","999,9,9,9999,9","22000,1,C,N","050000,1,N,9","+9999,9","+9999,9","99999,9",,,,"2,000",,,,,"02,1,+01800,9,08,9",,,"02,99,1,02,1,01,1,01750,1,00,1,00,1",,,,,"99999,9,10000,1",,,,,"SYN011333   82856",
"07555099999","1990-10-03T09:00:00","4","44.177776","2.515","616.91","CASSAGNES BEGONHES, FR","FM-12","99999","V020","999,9,9,9999,9","00300,1,C,N","008000,1,N,9","+0144,1","+0110,1","99999,9",,,,"2,000",,,,,"05,1,+00300,9,05,9","03,1,+00480,9,05,9",,"07,99,1,07,1,05,1,00450,1,99,9,99,9",,,,,"99999,9,10000,1",,,,,"SYN017333   85610 83616",
"07555099999","1990-10-03T12:00:00","4","44.177776","2.515","616.91","CASSAGNES BEGONHES, FR","FM-12","99999","V020","999,9,9,9999,9","00390,1,C,N","008000,1,N,9","+0150,1","+0128,1","99999,9",,,,"2,000",,,,,"07,1,+00390,9,05,9",,,"07,99,1,07,1,05,1,00450,1,99,9,99,9",,,,,"99999,9,10000,1",,,,,"SYN011333   87613",
"07555099999","1990-10-03T15:00:00","4","44.177776","2.515","616.91","CASSAGNES BEGONHES, FR","FM-12","99999","V020","999,9,9,9999,9","00780,1,C,N","010000,1,N,9","+0156,1","+0112,1","99999,9",,,,"2,000",,,,,"05,1,+00780,9,08,9","04,1,+02400,9,03,9",,"07,99,1,05,1,02,1,00800,1,03,1,00,1",,,,,"99999,9,10000,1",,,,,"SYN017333   85826 84358",
"07555099999","1990-10-03T18:00:00","4","44.177776","2.515","616.91","CASSAGNES BEGONHES, FR","FM-12","99999","V020","999,1,C,0000,1","99999,9,9,N","999999,9,N,9","+0144,1","+0123,1","99999,9",,,,"2,000",,,,,,,,,,,,,"99999,9,08998,2",,"3,1414,9",,,"SYN003333","Q01+089983APOSP "
"07555099999","1990-10-03T21:00:00","4","44.177776","2.515","616.91","CASSAGNES BEGONHES, FR","FM-12","99999","V020","999,1,C,0000,1","99999,9,9,N","999999,9,N,9","+0142,1","+0119,1","99999,9","06,0000,9,1",,,"4,000",,,,,,,,,,,,,"99999,9,08993,1","7,1,005,1,+999,9","3,1409,9",,"4,99,0201,1","SYN011333   91139",
"07555099999","1990-10-04T00:00:00","4","44.177776","2.515","616.91","CASSAGNES BEGONHES, FR","FM-12","99999","V020","999,1,C,0000,1","99999,9,9,N","999999,9,N,9","+0145,1","+0132,1","99999,9","06,0000,9,1",,,"4,000",,,,,,,,,,,,,"99999,9,08998,1","1,1,005,1,+999,9","3,1414,9",,"4,99,0201,1","SYN011333   91139",
"07555099999","1990-10-04T03:00:00","4","44.177776","2.515","616.91","CASSAGNES BEGONHES, FR","FM-12","99999","V020","999,1,C,0000,1","99999,9,9,N","999999,9,N,9","+0109,1","+0100,1","99999,9","03,0070,9,1",,,"0,000",,,,,,,,,,,,,"99999,9,09004,1","1,1,006,1,+999,9","3,1413,9",,"4,99,0072,1","SYN017333   60077 91114",
"07555099999","1990-10-04T06:00:00","4","44.177776","2.515","616.91","CASSAGNES BEGONHES, FR","FM-12","99999","V020","999,1,C,0000,1","99999,9,9,N","999999,9,N,9","+0107,1","+0102,1","99999,9","03,0002,9,1","99,0003,9,1",,"0,000",,,,,,,,,,"999,+0100,9","999,N,+0105,1",,"99999,9,09006,1","3,1,002,1,+999,9","3,1415,9",,"4,99,0072,1","SYN035333   20105 3/010 55/// 69927 91114",
"07555099999","1990-10-04T09:00:00","4","44.177776","2.515","616.91","CASSAGNES BEGONHES, FR","FM-12","99999","V020","999,9,9,9999,9","00600,1,C,N","020000,1,N,9","+0111,1","+0090,1","99999,9","03,0002,9,1","99,0003,9,1",,"0,000",,,,,"05,1,+00600,9,05,9","03,1,+01800,9,03,9","07,1,+07800,9,02,9","07,99,1,05,1,05,1,00800,1,03,1,08,1",,,,,"99999,9,09029,1","3,1,023,1,+999,9","3,1437,9",,,"SYN035333   69927 85620 83356 87276 911//",
"07555099999","1990-10-04T12:00:00","4","44.177776","2.515","616.91","CASSAGNES BEGONHES, FR","FM-12","99999","V020","310,1,N,0041,1","00990,1,C,N","030000,1,N,9","+0118,1","+0071,1","99999,9","06,0003,9,1",,,"0,000",,,,,"05,1,+00990,9,08,9",,,"05,99,1,05,1,02,1,01250,1,00,1,02,1",,,,,"99999,9,09040,1","1,1,011,1,+999,9","3,1448,9",,,"SYN017333   85833 911//",
"07555099999","1990-10-04T15:00:00","4","44.177776","2.515","616.91","CASSAGNES BEGONHES, FR","FM-12","99999","V020","360,1,N,0041,1","22000,1,C,N","050000,1,N,9","+0120,1","+0035,1","99999,9",,,,"2,000",,,,,"01,1,+01500,9,08,9",,,"02,99,1,01,1,01,1,01750,1,00,1,01,1",,,,,"99999,9,09044,1",,"3,1541,9",,,"SYN011333   81850",
"07555099999","1990-10-04T18:00:00","4","44.177776","2.515","616.91","CASSAGNES BEGONHES, FR","FM-12","99999","V020","340,1,N,0041,1","99999,9,9,N","999999,9,N,9","+0066,1","+0021,1","99999,9",,,,"2,000",,,,,,,,,,,,,"99999,9,09058,1",,"3,1540,9",,,"SYN003333",
"07555099999","1990-10-05T09:00:00","4","44.177776","2.515","616.91","CASSAGNES BEGONHES, FR","FM-12","99999","V020","030,1,N,0062,1","22000,1,C,N","020000,1,N,9","+0090,1","+0007,1","99999,9","06,0000,9,1",,,"4,000",,,,,"01,1,+00990,9,08,9",,,"01,99,1,01,1,01,1,01250,1,00,1,00,1",,,,,"99999,9,09083,1","3,1,017,1,+999,9","3,1567,9",,"4,99,0118,1","SYN017333   81833 91123",
"07555099999","1990-10-05T18:00:00","4","44.177776","2.515","616.91","CASSAGNES BEGONHES, FR","FM-12","99999","V020","010,1,N,0051,1","99999,9,9,N","999999,9,N,9","+0090,1","+0038,1","99999,9","06,0000,9,1",,,"4,000",,,,,,,,,,,"999,M,+0148,1",,"99999,9,09087,1","3,1,007,1,+999,9","3,1571,9",,"4,99,0118,1","SYN017333   10148 91123",
"07555099999","1990-10-05T21:00:00","4","44.177776","2.515","616.91","CASSAGNES BEGONHES, FR","FM-12","99999","V020","999,1,C,0000,1","99999,9,9,N","999999,9,N,9","+0041,1","+0020,1","99999,9","06,0000,9,1",,,"4,000",,,,,,,,,,,,,"99999,9,09090,1","3,1,003,1,+999,9","3,1564,9",,"4,99,0082,1","SYN011333   91116",
"07555099999","1990-10-06T12:00:00","4","44.177776","2.515","616.91","CASSAGNES BEGONHES, FR","FM-12","99999","V020","180,1,N,0031,1","22000,1,C,N","050000,1,N,9","+0200,1","+0049,1","99999,9","06,0000,9,1",,,"4,000",,,,,"01,1,+09000,9,00,9",,,"01,99,1,00,1,00,1,99999,9,00,1,01,1",,,,,"99999,9,09029,1","8,1,020,1,+999,9","3,1538,9",,"4,99,0082,1","SYN017333   81080 91116",
"07555099999","1990-10-06T18:00:00","4","44.177776","2.515","616.91","CASSAGNES BEGONHES, FR","FM-12","99999","V020","150,1,N,0031,1","99999,9,9,N","999999,9,N,9","+0132,1","+0059,1","99999,9","06,0000,9,1",,,"4,000",,,,,,,,,,,"999,M,+0208,1",,"99999,9,09006,1","6,1,007,1,+999,9","3,1505,9",,"4,99,0088,1","SYN017333   10208 91117",
"07555099999","1990-10-06T21:00:00","4","44.177776","2.515","616.91","CASSAGNES BEGONHES, FR","FM-12","99999","V020","160,1,N,0021,1","99999,9,9,N","999999,9,N,9","+0130,1","+0014,1","99999,9","06,0000,9,1",,,"4,000",,,,,,,,,,,,,"99999,9,08995,1","6,1,011,1,+999,9","3,1494,9",,"4,99,0082,1","SYN011333   91116",
"07555099999","1990-10-07T00:00:00","4","44.177776","2.515","616.91","CASSAGNES BEGONHES, FR","FM-12","99999","V020","999,1,C,0000,1","99999,9,9,N","999999,9,N,9","+0069,1","+0012,1","99999,9","06,0000,9,1",,,"4,000",,,,,,,,,,,,,"99999,9,08975,1","6,1,020,1,+999,9","3,1465,9",,"4,99,0082,1","SYN011333   91116",
"07555099999","1990-10-07T03:00:00","4","44.177776","2.515","616.91","CASSAGNES BEGONHES, FR","FM-12","99999","V020","240,1,N,0010,1","99999,9,9,N","999999,9,N,9","+0040,1","+0009,1","99999,9","06,0000,9,1",,,"4,000",,,,,,,,,,,,,"99999,9,08956,1","8,1,019,1,+999,9","3,1444,9",,"4,99,0031,1","SYN011333   91106",
"07555099999","1990-10-07T06:00:00","4","44.177776","2.515","616.91","CASSAGNES BEGONHES, FR","FM-12","99999","V020","999,1,C,0000,1","99999,9,9,N","999999,9,N,9","+0072,1","+0055,1","99999,9","06,0000,9,1",,,"4,000",,,,,,,,,,"999,+0020,9","999,N,+0040,1",,"99999,9,08950,1","8,1,006,1,+999,9","3,1444,9",,"4,99,0051,1","SYN029333   20040 3/002 55/// 91110",
"07555099999","1990-10-07T09:00:00","4","44.177776","2.515","616.91","CASSAGNES BEGONHES, FR","FM-12","99999","V020","999,1,C,0000,1","99999,9,9,N","999999,9,N,9","+0085,1","+0070,1","99999,9","06,0000,9,1",,,"4,000",,,,,,,,,,,,,"99999,9,08950,1","5,1,000,1,+999,9","3,1446,9",,"4,99,0031,1","SYN011333   91106",
"07555099999","1990-10-07T12:00:00","4","44.177776","2.515","616.91","CASSAGNES BEGONHES, FR","FM-12","99999","V020","330,1,N,0010,1","09000,1,C,N","010000,1,N,9","+0113,1","+0074,1","99999,9","06,0000,9,1",,,"4,000",,,,,"01,1,+00780,9,08,9","04,1,+02400,9,03,9","06,1,+09000,9,00,9","06,99,1,01,1,02,1,00800,1,08,1,02,1",,,,,"99999,9,08946,1","8,1,004,1,+999,9","3,1446,9",,"4,99,0041,1","SYN029333   81826 84358 86080 91108",
"07555099999","1990-10-07T18:00:00","4","44.177776","2.515","616.91","CASSAGNES BEGONHES, FR","FM-12","99999","V020","060,1,N,0031,1","99999,9,9,N","999999,9,N,9","+0100,1","+0056,1","99999,9","06,0000,9,1",,,"4,000",,,,,,,,,,,"999,M,+0138,1",,"99999,9,08965,1","3,1,019,1,+999,9","3,1462,9",,"4,99,0088,1","SYN017333   10138 91117",
"07555099999","1990-10-07T21:00:00","4","44.177776","2.515","616.91","CASSAGNES BEGONHES, FR","FM-12","99999","V020","050,1,N,0031,1","99999,9,9,N","999999,9,N,9","+0084,1","+0064,1","99999,9","06,0000,9,1",,,"4,000",,,,,,,,,,,,,"99999,9,08977,1","1,1,012,1,+999,9","3,1470,9",,"4,99,0098,1","SYN011333   91119",
"07555099999","1990-10-08T00:00:00","4","44.177776","2.515","616.91","CASSAGNES BEGONHES, FR","FM-12","99999","V020","030,1,N,0031,1","99999,9,9,N","999999,9,N,9","+0090,1","+0071,1","99999,9","06,0000,9,1",,,"4,000",,,,,,,,,,,,,"99999,9,08980,1","3,1,003,1,+999,9","3,1474,9",,"4,99,0098,1","SYN011333   91119",
"07555099999","1990-10-08T03:00:00","4","44.177776","2.515","616.91","CASSAGNES BEGONHES, FR","FM-12","99999","V020","060,1,N,0062,1","99999,9,9,N","999999,9,N,9","+0073,1","+0053,1","99999,9","06,0000,9,1",,,"4,000",,,,,,,,,,,,,"99999,9,08984,1","1,1,004,1,+999,9","3,1474,9",,"4,99,0139,1","SYN011333   91127",
"07555099999","1990-10-08T06:00:00","4","44.177776","2.515","616.91","CASSAGNES BEGONHES, FR","FM-12","99999","V020","020,1,N,0021,1","99999,9,9,N","999999,9,N,9","+0067,1","+0044,1","99999,9","06,0000,9,1",,,"4,000",,,,,,,,,"0054,9","999,+0060,9","999,N,+0065,1",,"99999,9,08995,1","3,1,011,1,+999,9","3,1484,9",,"4,99,0149,1","SYN029333   20065 3/006 55009 91129",
"07555099999","1990-10-08T09:00:00","4","44.177776","2.515","616.91","CASSAGNES BEGONHES, FR","FM-12","99999","V020","040,1,N,0062,1","99999,9,9,N","999999,9,N,9","+0069,1","+0028,1","99999,9","06,0000,9,1",,,"4,000",,,,,,,,,,,,,"99999,9,09008,1","1,1,013,1,+999,9","3,1495,9",,"4,99,0129,1","SYN011333   91125",
"07555099999","1990-10-08T12:00:00","4","44.177776","2.515","616.91","CASSAGNES BEGONHES, FR","FM-12","99999","V020","050,1,N,0041,1","99999,9,9,N","999999,9,N,9","+0106,1","+0017,1","99999,9","06,0000,9,1",,,"4,000",,,,,,,,,,,,,"99999,9,09005,1","5,1,003,1,+999,9","3,1499,9",,"4,99,0149,1","SYN011333   91129",
"07555099999","1990-10-08T15:00:00","4","44.177776","2.515","616.91","CASSAGNES BEGONHES, FR","FM-12","99999","V020","020,1,N,0072,1","99999,9,9,N","999999,9,N,9","+0100,1","-0011,1","99999,9","06,0000,9,1",,,"4,000",,,,,,,,,,,,,"99999,9,09005,1","5,1,000,1,+999,9","3,1498,9",,"4,99,0170,1","SYN011333   91133",
"07555099999","1990-10-08T18:00:00","4","44.177776","2.515","616.91","CASSAGNES BEGONHES, FR","FM-12","99999","V020","340,1,N,0021,1","99999,9,9,N","999999,9,N,9","+0058,1","-0011,1","99999,9","06,0000,9,1",,,"4,000",,,,,,,,,,,"999,M,+0114,1",,"99999,9,09024,1","3,1,019,1,+999,9","3,1508,9",,"4,99,0170,1","SYN017333   10114 91133",
"07555099999","1990-10-08T21:00:00","4","44.177776","2.515","616.91","CASSAGNES BEGONHES, FR","FM-12","99999","V020","060,1,N,0051,1","99999,9,9,N","999999,9,N,9","+0037,1","-0005,1","99999,9","06,0000,9,1",,,"4,000",,,,,,,,,,,,,"99999,9,09042,1","3,1,018,1,+999,9","3,1520,9",,"4,99,0180,1","SYN011333   91135",
"07555099999","1990-10-09T00:00:00","4","44.177776","2.515","616.91","CASSAGNES BEGONHES, FR","FM-12","99999","V020","080,1,N,0051,1","99999,9,9,N","999999,9,N,9","+0034,1","-0001,1","99999,9","06,0000,9,1",,,"4,000",,,,,,,,,,,,,"99999,9,09050,1","0,1,008,1,+999,9","3,1527,9",,"4,99,0180,1","SYN011333   91135",
"07555099999","1990-10-09T03:00:00","4","44.177776","2.515","616.91","CASSAGNES BEGONHES, FR","FM-12","99999","V020","090,1,N,0021,1","99999,9,9,N","999999,9,N,9","+0054,1","-0031,1","99999,9","06,0000,9,1",,,"4,000",,,,,,,,,,,,,"99999,9,09044,1","6,1,006,1,+999,9","3,1525,9",,"4,99,0088,1","SYN011333   91117",
"07555099999","1990-10-09T09:00:00","4","44.177776","2.515","616.91","CASSAGNES BEGONHES, FR","FM-12","99999","V020","999,1,C,0000,1","99999,9,9,N","999999,9,N,9","+0143,1","+0019,1","99999,9","06,0000,9,1",,,"4,000",,,,,,,,,,,,,"99999,9,09068,1","3,1,012,1,+999,9","3,1563,9",,"4,99,0010,1","SYN011333   91102",
"07555099999","1990-10-09T12:00:00","4","44.177776","2.515","616.91","CASSAGNES BEGONHES, FR","FM-12","99999","V020","290,1,N,0021,1","99999,9,9,N","999999,9,N,9","+0194,1","-0006,1","99999,9","06,0000,9,1",,,"4,000",,,,,,,,,,,,,"99999,9,09066,1","8,1,002,1,+999,9","3,1571,9",,"4,99,0051,1","SYN011333   91110",
"07555099999","1990-10-09T15:00:00","4","44.177776","2.515","616.91","CASSAGNES BEGONHES, FR","FM-12","99999","V020","260,1,N,0041,1","99999,9,9,N","999999,9,N,9","+0190,1","+0020,1","99999,9","06,0000,9,1",,,"4,000",,,,,,,,,,,,,"99999,9,09065,1","5,1,001,1,+999,9","3,1570,9",,"4,99,0072,1","SYN011333   91114",
"07555099999","1990-10-09T18:00:00","4","44.177776","2.515","616.91","CASSAGNES BEGONHES, FR","FM-12","99999","V020","999,1,C,0000,1","99999,9,9,N","999999,9,N,9","+0092,1","+0040,1","99999,9","06,0000,9,1",,,"4,000",,,,,,,,,,,"999,M,+0208,1",,"99999,9,09072,1","2,1,007,1,+999,9","3,1557,9",,"4,99,0072,1","SYN017333   10208 91114",
"07555099999","1990-10-09T21:00:00","4","44.177776","2.515","616.91","CASSAGNES BEGONHES, FR","FM-12","99999","V020","240,1,N,0010,1","99999,9,9,N","999999,9,N,9","+0040,1","+0002,1","99999,9",,,,"2,000",,,,,,,,,,,,,"99999,9,09078,1",,"3,1553,9",,,,
"07555099999","1990-10-10T00:00:00","4","44.177776","2.515","616.91","CASSAGNES BEGONHES, FR","FM-12","99999","V020","999,1,C,0000,1","99999,9,9,N","999999,9,N,9","+0030,1","-0005,1","99999,9",,,,"2,000",,,,,,,,,,,,,"99999,9,09076,1","8,1,002,1,+999,9","3,1549,9",,,,
"07555099999","1990-10-10T03:00:00","4","44.177776","2.515","616.91","CASSAGNES BEGONHES, FR","FM-12","99999","V020","999,1,C,0000,1","99999,9,9,N","999999,9,N,9","+0031,1","-0024,1","99999,9","06,0000,9,1",,,"4,000",,,,,,,,,,,,,"99999,9,09072,1","8,1,004,1,+999,9","3,1545,9",,"4,99,0021,1","SYN011333   91104",
"07555099999","1990-10-10T06:00:00","4","44.177776","2.515","616.91","CASSAGNES BEGONHES, FR","FM-12","99999","V020","999,1,C,0000,1","99999,9,9,N","999999,9,N,9","+0036,1","-0028,1","99999,9",,,,"2,000",,,,,,,,,,,,,"99999,9,09076,1","3,1,004,1,+999,9","3,1550,9",,"4,99,0021,1","SYN017333   55/// 91104",
"07555099999","1990-10-10T09:00:00","4","44.177776","2.515","616.91","CASSAGNES BEGONHES, FR","FM-12","99999","V020","999,1,C,0000,1","99999,9,9,N","999999,9,N,9","+0156,1","+0006,1","99999,9",,,,"2,000",,,,,,,,,,,,,"99999,9,09083,1",,"3,1580,9",,,,
"07555099999","1990-10-10T12:00:00","4","44.177776","2.515","616.91","CASSAGNES BEGONHES, FR","FM-12","99999","V020","290,1,N,0021,1","99999,9,9,N","999999,9,N,9","+0207,1","+0030,1","99999,9",,,,"2,000",,,,,,,,,,,,,"99999,9,09079,1","8,1,004,1,+999,9","3,1586,9",,,,
"07555099999","1990-10-10T15:00:00","4","44.177776","2.515","616.91","CASSAGNES BEGONHES, FR","FM-12","99999","V020","230,1,N,0010,1","99999,9,9,N","999999,9,N,9","+0221,1","+0037,1","99999,9","06,0000,9,1",,,"4,000",,,,,,,,,,,,,"99999,9,09067,1","6,1,012,1,+999,9","3,1577,9",,"4,99,0051,1","SYN011333   91110",
"07555099999","1990-10-10T18:00:00","4","44.177776","2.515","616.91","CASSAGNES BEGONHES, FR","FM-12","99999","V020","999,1,C,0000,1","99999,9,9,N","999999,9,N,9","+0147,1","+0047,1","99999,9",,,,"2,000",,,,,,,,,,,,,"99999,9,09076,1","3,1,009,1,+999,9","3,1572,9",,"4,99,0062,1","SYN011333   91112",
"07555099999","1990-10-10T21:00:00","4","44.177776","2.515","616.91","CASSAGNES BEGONHES, FR","FM-12","99999","V020","999,1,C,0000,1","99999,9,9,N","999999,9,N,9","+0090,1","+0052,1","99999,9","06,0000,9,1",,,"4,000",,,,,,,,,,,,,"99999,9,09082,1","1,1,006,1,+999,9","3,1566,9",,"4,99,0021,1","SYN011333   91104",
"07555099999","1990-10-11T00:00:00","4","44.177776","2.515","616.91","CASSAGNES BEGONHES, FR","FM-12","99999","V020","999,1,C,0000,1","99999,9,9,N","999999,9,N,9","+0069,1","+0042,1","99999,9","06,0000,9,1",,,"4,000",,,,,,,,,,,,,"99999,9,09074,1","8,1,008,1,+999,9","3,1555,9",,"4,99,0021,1","SYN011333   91104",
"07555099999","1990-10-11T03:00:00","4","44.177776","2.515","616.91","CASSAGNES BEGONHES, FR","FM-12","99999","V020","999,1,C,0000,1","99999,9,9,N","999999,9,N,9","+0074,1","+0042,1","99999,9","06,0000,9,1",,,"4,000",,,,,,,,,,,,,"99999,9,09063,1","8,1,011,1,+999,9","3,1546,9",,"4,99,0021,1","SYN011333   91104",
"07555099999","1990-10-11T06:00:00","4","44.177776","2.515","616.91","CASSAGNES BEGONHES, FR","FM-12","99999","V020","999,1,C,0000,1","99999,9,9,N","999999,9,N,9","+0073,1","+0048,1","99999,9","06,0000,9,1",,,"4,000",,,,,,,,,,"999,+0040,9","999,N,+0067,1",,"99999,9,09061,1","8,1,002,1,+999,9","3,1544,9",,"4,99,0031,1","SYN029333   20067 3/004 55/// 91106",
"07555099999","1990-10-11T09:00:00","4","44.177776","2.515","616.91","CASSAGNES BEGONHES, FR","FM-12","99999","V020","110,1,N,0031,1","99999,9,9,N","999999,9,N,9","+0173,1","+0095,1","99999,9","06,0000,9,1",,,"4,000",,,,,,,,,,,,,"99999,9,09068,1","1,1,007,1,+999,9","3,1570,9",,"4,99,0082,1","SYN011333   91116",
"07555099999","1990-10-11T12:00:00","4","44.177776","2.515","616.91","CASSAGNES BEGONHES, FR","FM-12","99999","V020","150,1,N,0041,1","99999,9,9,N","999999,9,N,9","+0203,1","+0118,1","99999,9","06,0000,9,1",,,"4,000",,,,,,,,,,,,,"99999,9,09058,1","7,1,010,1,+999,9","3,1567,9",,"4,99,0098,1","SYN011333   91119",
"07555099999","1990-10-11T15:00:00","4","44.177776","2.515","616.91","CASSAGNES BEGONHES, FR","FM-12","99999","V020","140,1,N,0062,1","99999,9,9,N","999999,9,N,9","+0199,1","+0103,1","99999,9","06,0000,9,1",,,"4,000",,,,,,,,,,,,,"99999,9,09049,1","8,1,009,1,+999,9","3,1558,9",,"4,99,0129,1","SYN011333   91125",
"07555099999","1990-10-11T18:00:00","4","44.177776","2.515","616.91","CASSAGNES BEGONHES, FR","FM-12","99999","V020","110,1,N,0021,1","99999,9,9,N","999999,9,N,9","+0159,1","+0091,1","99999,9","06,0000,9,1",,,"4,000",,,,,,,,,,,"999,M,+0214,1",,"99999,9,09049,1","5,1,000,1,+999,9","3,1550,9",,"4,99,0129,1","SYN017333   10214 91125",
"07555099999","1990-10-11T21:00:00","4","44.177776","2.515","616.91","CASSAGNES BEGONHES, FR","FM-12","99999","V020","110,1,N,0062,1","99999,9,9,N","999999,9,N,9","+0165,1","+0101,1","99999,9","06,0000,9,1",,,"4,000",,,,,,,,,,,,,"99999,9,09046,1","5,1,003,1,+999,9","3,1548,9",,"4,99,0149,1","SYN011333   91129",
"07555099999","1990-10-12T00:00:00","4","44.177776","2.515","616.91","CASSAGNES BEGONHES, FR","FM-12","99999","V020","130,1,N,0072,1","99999,9,9,N","999999,9,N,9","+0167,1","+0105,1","99999,9","06,0000,9,1",,,"4,000",,,,,,,,,,,,,"99999,9,09026,1","6,1,020,1,+999,9","3,1530,9",,"4,99,0149,1","SYN011333   91129",
"07555099999","1990-10-12T03:00:00","4","44.177776","2.515","616.91","CASSAGNES BEGONHES, FR","FM-12","99999","V020","130,1,N,0082,1","99999,9,9,N","999999,9,N,9","+0136,1","+0118,1","99999,9","03,0004,9,1","99,0005,9,1",,"0,000",,,"4,1,03,1",,,,,,,,,,"99999,9,09014,1","6,1,012,1,+999,9","3,1513,9","21,1","4,99,0180,1","SYN017333   69947 91135",
"07555099999","1990-10-12T06:00:00","4","44.177776","2.515","616.91","CASSAGNES BEGONHES, FR","FM-12","99999","V020","130,1,N,0051,1","99999,9,9,N","999999,9,N,9","+0117,1","+0086,1","99999,9","24,0004,9,1",,,"0,000",,,,,,,,,"0516,9","999,+0110,9","999,N,+0117,1",,"99999,9,09019,1","3,1,005,1,+999,9","3,1515,9",,"4,99,0180,1","SYN035333   20117 3/011 55086 70004 91135",
"07555099999","1990-10-12T09:00:00","4","44.177776","2.515","616.91","CASSAGNES BEGONHES, FR","FM-12","99999","V020","130,1,N,0051,1","99999,9,9,N","999999,9,N,9","+0125,1","+0100,1","99999,9","06,0000,9,1",,,"4,000",,,,,,,,,,,,,"99999,9,09031,1","1,1,012,1,+999,9","3,1527,9",,"4,99,0129,1","SYN011333   91125",
"07555099999","1990-10-12T12:00:00","4","44.177776","2.515","616.91","CASSAGNES BEGONHES, FR","FM-12","99999","V020","140,1,N,0062,1","99999,9,9,N","999999,9,N,9","+0138,1","+0100,1","99999,9","06,0000,9,1",,,"4,000",,,,,,,,,,,,,"99999,9,09031,1","4,1,000,1,+999,9","3,1529,9",,"4,99,0149,1","SYN011333   91129",
"07555099999","1990-10-12T15:00:00","4","44.177776","2.515","616.91","CASSAGNES BEGONHES, FR","FM-12","99999","V020","150,1,N,0051,1","99999,9,9,N","999999,9,N,9","+0135,1","+0105,1","99999,9","03,0002,9,1","99,0003,9,1",,"0,000",,,"4,1,03,1",,,,,,,,,,"99999,9,09024,1","8,1,007,1,+999,9","3,1523,9","21,1","4,99,0139,1","SYN017333   69927 91127",
"07555099999","1990-10-12T21:00:00","4","44.177776","2.515","616.91","CASSAGNES BEGONHES, FR","FM-12","99999","V020","999,1,C,0000,1","99999,9,9,N","999999,9,N,9","+0110,1","+0099,1","99999,9","06,0000,9,1",,,"4,000",,,,,,,,,,,,,"99999,9,09020,1","1,1,004,1,+999,9","3,1515,9",,"4,99,0082,1","SYN011333   91116",
"07555099999","1990-10-13T00:00:00","4","44.177776","2.515","616.91","CASSAGNES BEGONHES, FR","FM-12","99999","V020","150,1,N,0041,1","99999,9,9,N","999999,9,N,9","+0129,1","+0120,1","99999,9","06,0000,9,1",,,"4,000",,,,,,,,,,,,,"99999,9,09026,1","1,1,006,1,+999,9","3,1524,9",,"4,99,0082,1","SYN011333   91116",
"07555099999","1990-10-13T03:00:00","4","44.177776","2.515","616.91","CASSAGNES BEGONHES, FR","FM-12","99999","V020","140,1,N,0051,1","99999,9,9,N","999999,9,N,9","+0127,1","+0113,1","99999,9","06,0000,9,1",,,"4,000",,,,,,,,,,,,,"99999,9,09030,1","2,1,004,1,+999,9","3,1527,9",,"4,99,0108,1","SYN011333   91121",
"07555099999","1990-10-13T06:00:00","4","44.177776","2.515","616.91","CASSAGNES BEGONHES, FR","FM-12","99999","V020","140,1,N,0072,1","99999,9,9,N","999999,9,N,9","+0130,1","+0114,1","99999,9","06,0000,9,1","24,0048,9,1",,"4,000",,,,,,,,,"0012,9","999,+0090,9","999,N,+0108,1",,"99999,9,09033,1","0,1,003,1,+999,9","3,1530,9",,"4,99,0129,1","SYN035333   20108 3/009 55002 70048 91125",
"07555099999","1990-10-13T09:00:00","4","44.177776","2.515","616.91","CASSAGNES BEGONHES, FR","FM-12","99999","V020","140,1,N,0062,1","99999,9,9,N","999999,9,N,9","+0156,1","+0127,1","99999,9","06,0000,9,1",,,"4,000",,,,,,,,,,,,,"99999,9,09049,1","1,1,016,1,+999,9","3,1550,9",,"4,99,0139,1","SYN011333   91127",
"07555099999","1990-10-13T12:00:00","4","44.177776","2.515","616.91","CASSAGNES BEGONHES, FR","FM-12","99999","V020","140,1,N,0051,1","99999,9,9,N","999999,9,N,9","+0163,1","+0127,1","99999,9","03,0002,9,1","06,0003,9,1",,"0,000",,,,,,,,,,,,,"99999,9,09051,1","0,1,002,1,+999,9","3,1553,9",,"4,99,0160,1","SYN017333   69927 91131",
"07555099999","1990-10-13T15:00:00","4","44.177776","2.515","616.91","CASSAGNES BEGONHES, FR","FM-12","99999","V020","100,1,N,0021,1","99999,9,9,N","999999,9,N,9","+0130,1","+0127,1","99999,9","03,0080,9,1",,,"0,000",,,"4,1,03,1",,,,,,,,,,"99999,9,09050,1","6,1,001,1,+999,9","3,1546,9","41,1","4,99,0108,1","SYN017333   60087 91121",
"07555099999","1990-10-13T18:00:00","4","44.177776","2.515","616.91","CASSAGNES BEGONHES, FR","FM-12","99999","V020","140,1,N,0021,1","99999,9,9,N","999999,9,N,9","+0136,1","+0123,1","99999,9","03,0010,9,1",,,"0,000",,,"4,1,06,1",,,,,,,,"999,M,+0167,1",,"99999,9,09058,1","3,1,008,1,+999,9","3,1555,9","21,1","4,99,0108,1","SYN023333   10167 60017 91121",
"07555099999","1990-10-13T21:00:00","4","44.177776","2.515","616.91","CASSAGNES BEGONHES, FR","FM-12","99999","V020","150,1,N,0031,1","99999,9,9,N","999999,9,N,9","+0140,1","+0127,1","99999,9","06,0000,9,1",,,"4,000",,,,,,,,,,,,,"99999,9,09073,1","1,1,015,1,+999,9","3,1569,9",,"4,99,0072,1","SYN011333   91114",
"07555099999","1990-10-14T00:00:00","4","44.177776","2.515","616.91","CASSAGNES BEGONHES, FR","FM-12","99999","V020","140,1,N,0031,1","99999,9,9,N","999999,9,N,9","+0140,1","+0129,1","99999,9","06,0000,9,1",,,"4,000",,,,,,,,,,,,,"99999,9,09076,1","0,1,003,1,+999,9","3,1572,9",,"4,99,0088,1","SYN011333   91117",
"07555099999","1990-10-14T03:00:00","4","44.177776","2.515","616.91","CASSAGNES BEGONHES, FR","FM-12","99999","V020","999,1,C,0000,1","99999,9,9,N","999999,9,N,9","+0109,1","+0106,1","99999,9","06,0000,9,1",,,"4,000",,,,,,,,,,,,,"99999,9,09072,1","8,1,004,1,+999,9","3,1562,9",,"4,99,0062,1","SYN011333   91112",
"07555099999","1990-10-14T06:00:00","4","44.177776","2.515","616.91","CASSAGNES BEGONHES, FR","FM-12","99999","V020","999,1,C,0000,1","99999,9,9,N","999999,9,N,9","+0106,1","+0106,1","99999,9","06,0000,9,1","24,0098,9,1",,"4,000",,,,,,,,,"0084,9","999,+0090,9","999,N,+0103,1",,"99999,9,09071,1","8,1,001,1,+999,9","3,1560,9",,"4,99,0062,1","SYN035333   20103 3/009 55014 70098 91112",
"07555099999","1990-10-14T09:00:00","4","44.177776","2.515","616.91","CASSAGNES BEGONHES, FR","FM-12","99999","V020","090,1,N,0031,1","99999,9,9,N","999999,9,N,9","+0160,1","+0127,1","99999,9","06,0000,9,1",,,"4,000",,,,,,,,,,,,,"99999,9,09075,1","1,1,004,1,+999,9","3,1575,9",,"4,99,0088,1","SYN011333   91117",
"07555099999","1990-10-14T12:00:00","4","44.177776","2.515","616.91","CASSAGNES BEGONHES, FR","FM-12","99999","V020","150,1,N,0062,1","99999,9,9,N","999999,9,N,9","+0172,1","+0131,1","99999,9","06,0000,9,1",,,"4,000",,,,,,,,,,,,,"99999,9,09068,1","8,1,007,1,+999,9","3,1571,9",,"4,99,0098,1","SYN011333   91119",
"07555099999","1990-10-14T15:00:00","4","44.177776","2.515","616.91","CASSAGNES BEGONHES, FR","FM-12","99999","V020","140,1,N,0051,1","99999,9,9,N","999999,9,N,9","+0167,1","+0126,1","99999,9","06,0000,9,1",,,"4,000",,,,,,,,,,,,,"99999,9,09050,1","8,1,018,1,+999,9","3,1553,9",,"4,99,0098,1","SYN011333   91119",
"07555099999","1990-10-14T18:00:00","4","44.177776","2.515","616.91","CASSAGNES BEGONHES, FR","FM-12","99999","V020","130,1,N,0041,1","99999,9,9,N","999999,9,N,9","+0156,1","+0129,1","99999,9","06,0000,9,1",,,"4,000",,,,,,,,,,,"999,M,+0180,1",,"99999,9,09043,1","6,1,007,1,+999,9","3,1544,9",,"4,99,0098,1","SYN017333   10180 91119",
"07555099999","1990-10-14T21:00:00","4","44.177776","2.515","616.91","CASSAGNES BEGONHES, FR","FM-12","99999","V020","140,1,N,0072,1","99999,9,9,N","999999,9,N,9","+0155,1","+0124,1","99999,9","06,0000,9,1",,,"4,000",,,,,,,,,,,,,"99999,9,09032,1","6,1,011,1,+999,9","3,1534,9",,"4,99,0149,1","SYN011333   91129",
"07555099999","1990-10-15T00:00:00","4","44.177776","2.515","616.91","CASSAGNES BEGONHES, FR","FM-12","99999","V020","130,1,N,0072,1","99999,9,9,N","999999,9,N,9","+0151,1","+0126,1","99999,9","06,0000,9,1",,,"4,000",,,,,,,,,,,,,"99999,9,09021,1","6,1,011,1,+999,9","3,1523,9",,"4,99,0160,1","SYN011333   91131",
"07555099999","1990-10-15T03:00:00","4","44.177776","2.515","616.91","CASSAGNES BEGONHES, FR","FM-12","99999","V020","130,1,N,0072,1","99999,9,9,N","999999,9,N,9","+0147,1","+0113,1","99999,9","06,0000,9,1",,,"4,000",,,,,,,,,,,,,"99999,9,09007,1","6,1,014,1,+999,9","3,1509,9",,"4,99,0160,1","SYN011333   91131",
"07555099999","1990-10-15T06:00:00","4","44.177776","2.515","616.91","CASSAGNES BEGONHES, FR","FM-12","99999","V020","110,1,N,0062,1","99999,9,9,N","999999,9,N,9","+0138,1","+0110,1","99999,9","06,0000,9,1",,,"4,000",,,,,,,,,"0078,9","999,+0130,9","999,N,+0138,1",,"99999,9,09004,1","5,1,003,1,+999,9","3,1504,9",,"4,99,0160,1","SYN029333   20138 3/013 55013 91131",
"07555099999","1990-10-15T09:00:00","4","44.177776","2.515","616.91","CASSAGNES BEGONHES, FR","FM-12","99999","V020","140,1,N,0041,1","99999,9,9,N","999999,9,N,9","+0137,1","+0114,1","99999,9","06,0000,9,1",,,"4,000",,,,,,,,,,,,,"99999,9,09016,1","3,1,012,1,+999,9","3,1516,9",,"4,99,0170,1","SYN011333   91133",
"07555099999","1990-10-15T12:00:00","4","44.177776","2.515","616.91","CASSAGNES BEGONHES, FR","FM-12","99999","V020","160,1,N,0041,1","99999,9,9,N","999999,9,N,9","+0146,1","+0114,1","99999,9","06,0000,9,1",,,"4,000",,,,,,,,,,,,,"99999,9,09002,1","6,1,014,1,+999,9","3,1504,9",,"4,99,0201,1","SYN011333   91139",
"07555099999","1990-10-15T15:00:00","4","44.177776","2.515","616.91","CASSAGNES BEGONHES, FR","FM-12","99999","V020","140,1,N,0072,1","99999,9,9,N","999999,9,N,9","+0143,1","+0109,1","99999,9","06,0000,9,1",,,"4,000",,,,,,,,,,,,,"99999,9,08992,1","5,1,010,1,+999,9","3,1494,9",,"4,99,0170,1","SYN011333   91133",
"07555099999","1990-10-15T18:00:00","4","44.177776","2.515","616.91","CASSAGNES BEGONHES, FR","FM-12","99999","V020","150,1,N,0051,1","99999,9,9,N","999999,9,N,9","+0134,1","+0104,1","99999,9","06,0000,9,1",,,"4,000",,,,,,,,,,,"999,M,+0151,1",,"99999,9,09002,1","3,1,010,1,+999,9","3,1502,9",,"4,99,0180,1","SYN017333   10151 91135",
"07555099999","1990-10-15T21:00:00","4","44.177776","2.515","616.91","CASSAGNES BEGONHES, FR","FM-12","99999","V020","140,1,N,0062,1","99999,9,9,N","999999,9,N,9","+0135,1","+0121,1","99999,9","06,0000,9,1",,,"4,000",,,,,,,,,,,,,"99999,9,09013,1","2,1,011,1,+999,9","3,1513,9",,"4,99,0118,1","SYN011333   91123",
"07555099999","1990-10-16T00:00:00","4","44.177776","2.515","616.91","CASSAGNES BEGONHES, FR","FM-12","99999","V020","150,1,N,0031,1","99999,9,9,N","999999,9,N,9","+0130,1","+0107,1","99999,9","03,0002,9,1","06,0003,9,1",,"0,000",,,,,,,,,,,,,"99999,9,09011,1","5,1,002,1,+999,9","3,1509,9",,"4,99,0149,1","SYN017333   69927 91129",
"07555099999","1990-10-16T03:00:00","4","44.177776","2.515","616.91","CASSAGNES BEGONHES, FR","FM-12","99999","V020","140,1,N,0062,1","99999,9,9,N","999999,9,N,9","+0119,1","+0114,1","99999,9","03,0050,9,1",,,"0,000",,,"4,1,03,1",,,,,,,,,,"99999,9,09008,1","7,1,003,1,+999,9","3,1505,9","41,1","4,99,0108,1","SYN017333   60057 91121",
"07555099999","1990-10-16T06:00:00","4","44.177776","2.515","616.91","CASSAGNES BEGONHES, FR","FM-12","99999","V020","220,1,N,0010,1","99999,9,9,N","999999,9,N,9","+0111,1","+0105,1","99999,9","03,0080,9,1","24,0130,9,1",,"0,000",,,"4,1,06,1",,,,,,"0012,9","999,+0100,9","999,N,+0111,1",,"99999,9,09007,1","8,1,001,1,+999,9","3,1503,9","21,1","4,99,0108,1","SYN041333   20111 3/010 55002 60087 70130 91121",
"07555099999","1990-10-16T09:00:00","4","44.177776","2.515","616.91","CASSAGNES BEGONHES, FR","FM-12","99999","V020","999,1,C,0000,1","99999,9,9,N","999999,9,N,9","+0106,1","+0103,1","99999,9","06,0000,9,1",,,"4,000",,,,,,,,,,,,,"99999,9,09011,1","2,1,004,1,+999,9","3,1505,9",,"4,99,0082,1","SYN011333   91116",
"07555099999","1990-10-16T12:00:00","4","44.177776","2.515","616.91","CASSAGNES BEGONHES, FR","FM-12","99999","V020","160,1,N,0031,1","99999,9,9,N","999999,9,N,9","+0149,1","+0113,1","99999,9","06,0000,9,1",,,"4,000",,,,,,,,,,,,,"99999,9,09011,1","0,1,000,1,+999,9","3,1513,9",,"4,99,0082,1","SYN011333   91116",
"07555099999","1990-10-16T15:00:00","4","44.177776","2.515","616.91","CASSAGNES BEGONHES, FR","FM-12","99999","V020","140,1,N,0051,1","99999,9,9,N","999999,9,N,9","+0146,1","+0116,1","99999,9","06,0000,9,1",,,"4,000",,,,,,,,,,,,,"99999,9,09000,1","6,1,011,1,+999,9","3,1502,9",,"4,99,0098,1","SYN011333   91119",
"07555099999","1990-10-16T18:00:00","4","44.177776","2.515","616.91","CASSAGNES BEGONHES, FR","FM-12","99999","V020","150,1,N,0051,1","99999,9,9,N","999999,9,N,9","+0128,1","+0103,1","99999,9","06,0000,9,1",,,"4,000",,,,,,,,,,,"999,M,+0170,1",,"99999,9,08998,1","5,1,002,1,+999,9","3,1497,9",,"4,99,0108,1","SYN017333   10170 91121",
"07555099999","1990-10-16T21:00:00","4","44.177776","2.515","616.91","CASSAGNES BEGONHES, FR","FM-12","99999","V020","150,1,N,0051,1","99999,9,9,N","999999,9,N,9","+0128,1","+0109,1","99999,9","06,0000,9,1",,,"4,000",,,,,,,,,,,,,"99999,9,08990,1","6,1,008,1,+999,9","3,1490,9",,"4,99,0118,1","SYN011333   91123",
"07555099999","1990-10-17T00:00:00","4","44.177776","2.515","616.91","CASSAGNES BEGONHES, FR","FM-12","99999","V020","160,1,N,0062,1","99999,9,9,N","999999,9,N,9","+0128,1","+0109,1","99999,9","06,0000,9,1",,,"4,000",,,,,,,,,,,,,"99999,9,08978,1","8,1,012,1,+999,9","3,1479,9",,"4,99,0118,1","SYN011333   91123",
"07555099999","1990-10-17T03:00:00","4","44.177776","2.515","616.91","CASSAGNES BEGONHES, FR","FM-12","99999","V020","150,1,N,0041,1","99999,9,9,N","999999,9,N,9","+0127,1","+0106,1","99999,9","06,0000,9,1",,,"4,000",,,,,,,,,,,,,"99999,9,08964,1","6,1,014,1,+999,9","3,1466,9",,"4,99,0129,1","SYN011333   91125",
"07555099999","1990-10-17T06:00:00","4","44.177776","2.515","616.91","CASSAGNES BEGONHES, FR","FM-12","99999","V020","140,1,N,0041,1","99999,9,9,N","999999,9,N,9","+0124,1","+0100,1","99999,9","06,0000,9,1",,,"4,000",,,,,,,,,"0114,9","999,+0120,9","999,N,+0123,1",,"99999,9,08957,1","8,1,007,1,+999,9","3,1458,9",,"4,99,0129,1","SYN029333   20123 3/012 55019 91125",
"07555099999","1990-10-17T09:00:00","4","44.177776","2.515","616.91","CASSAGNES BEGONHES, FR","FM-12","99999","V020","140,1,N,0041,1","99999,9,9,N","999999,9,N,9","+0125,1","+0099,1","99999,9","06,0000,9,1",,,"4,000",,,,,,,,,,,,,"99999,9,08959,1","0,1,002,1,+999,9","3,1461,9",,"4,99,0118,1","SYN011333   91123",
"07555099999","1990-10-17T12:00:00","4","44.177776","2.515","616.91","CASSAGNES BEGONHES, FR","FM-12","99999","V020","110,1,N,0021,1","99999,9,9,N","999999,9,N,9","+0116,1","+0100,1","99999,9","03,0006,9,2","06,0005,9,2",,"0,000",,,"4,1,06,1",,,,,,,,,,"99999,9,08940,1","8,1,019,1,+999,9","3,1442,9","21,1","4,99,0129,1","SYN017333   69967 91125",
"07555099999","1990-10-17T15:00:00","4","44.177776","2.515","616.91","CASSAGNES BEGONHES, FR","FM-12","99999","V020","290,1,N,0021,1","99999,9,9,N","999999,9,N,9","+0093,1","+0091,1","99999,9","03,0100,9,1",,,"0,000",,,"4,1,03,1",,,,,,,,,,"99999,9,08956,1","3,1,016,1,+999,9","3,1453,9","41,1","4,99,0118,1","SYN017333   60107 91123",
"07555099999","1990-10-17T18:00:00","4","44.177776","2.515","616.91","CASSAGNES BEGONHES, FR","FM-12","99999","V020","290,1,N,0010,1","99999,9,9,N","999999,9,N,9","+0086,1","+0086,1","99999,9","03,0008,9,1","99,0010,9,1",,"0,000",,,,,,,,,,,"999,M,+0131,1",,"99999,9,08975,1","1,1,019,1,+999,9","3,1469,9",,"4,99,0118,1","SYN023333   10131 69987 91123",
"07555099999","1990-10-17T21:00:00","4","44.177776","2.515","616.91","CASSAGNES BEGONHES, FR","FM-12","99999","V020","999,1,C,0000,1","99999,9,9,N","999999,9,N,9","+0047,1","+0046,1","99999,9","03,0002,9,1","99,0003,9,1",,"0,000",,,"4,1,03,1",,,,,,,,,,"99999,9,08981,1","3,1,006,1,+999,9","3,1468,9","41,1","4,99,0021,1","SYN017333   69927 91104",
"07555099999","1990-10-18T00:00:00","4","44.177776","2.515","616.91","CASSAGNES BEGONHES, FR","FM-12","99999","V020","999,1,C,0000,1","99999,9,9,N","999999,9,N,9","+0071,1","+0071,1","99999,9","06,0003,9,1",,,"0,000",,,,,,,,,,,,,"99999,9,08983,1","0,1,002,1,+999,9","3,1474,9",,"4,99,0031,1","SYN011333   91106",
"07555099999","1990-10-18T03:00:00","4","44.177776","2.515","616.91","CASSAGNES BEGONHES, FR","FM-12","99999","V020","999,1,C,0000,1","99999,9,9,N","999999,9,N,9","+0055,1","+0055,1","99999,9","06,0000,9,1",,,"4,000",,,,,,,,,,,,,"99999,9,08977,1","8,1,006,1,+999,9","3,1466,9",,"4,99,0010,1","SYN011333   91102",
"07555099999","1990-10-18T06:00:00","4","44.177776","2.515","616.91","CASSAGNES BEGONHES, FR","FM-12","99999","V020","999,1,C,0000,1","99999,9,9,N","999999,9,N,9","+0051,1","+0051,1","99999,9","24,0118,9,1","99,0003,9,1",,"0,000",,,,,,,,,"0006,9","999,+0030,9","999,N,+0045,1",,"99999,9,08973,1","7,1,004,1,+999,9","3,1461,9",,"4,99,0031,1","SYN035333   20045 3/003 55001 70118 91106",
"07555099999","1990-10-18T09:00:00","4","44.177776","2.515","616.91","CASSAGNES BEGONHES, FR","FM-12","99999","V020","999,1,C,0000,1","99999,9,9,N","999999,9,N,9","+0098,1","+0086,1","99999,9","03,0002,9,1","99,0003,9,1",,"0,000",,,,,,,,,,,,,"99999,9,08977,1","2,1,004,1,+999,9","3,1473,9",,"4,99,0021,1","SYN017333   69927 91104",
"07555099999","1990-10-18T12:00:00","4","44.177776","2.515","616.91","CASSAGNES BEGONHES, FR","FM-12","99999","V020","180,1,N,0031,1","99999,9,9,N","999999,9,N,9","+0132,1","+0085,1","99999,9","06,0003,9,1",,,"0,000",,,,,,,,,,,,,"99999,9,08970,1","8,1,007,1,+999,9","3,1471,9",,"4,99,0072,1","SYN011333   91114",
"07555099999","1990-10-18T15:00:00","4","44.177776","2.515","616.91","CASSAGNES BEGONHES, FR","FM-12","99999","V020","120,1,N,0021,1","99999,9,9,N","999999,9,N,9","+0130,1","+0081,1","99999,9","06,0000,9,1",,,"4,000",,,,,,,,,,,,,"99999,9,08964,1","8,1,006,1,+999,9","3,1466,9",,"4,99,0062,1","SYN011333   91112",
"07555099999","1990-10-18T18:00:00","4","44.177776","2.515","616.91","CASSAGNES BEGONHES, FR","FM-12","99999","V020","150,1,N,0010,1","99999,9,9,N","999999,9,N,9","+0096,1","+0075,1","99999,9","99,0003,9,1",,,"0,000",,,,,,,,,,,"999,M,+0142,1",,"99999,9,08967,1","3,1,003,1,+999,9","3,1463,9",,"4,99,0062,1","SYN017333   10142 91112",
"07555099999","1990-10-18T21:00:00","4","44.177776","2.515","616.91","CASSAGNES BEGONHES, FR","FM-12","99999","V020","150,1,N,0031,1","99999,9,9,N","999999,9,N,9","+0093,1","+0081,1","99999,9","06,0000,9,1",,,"4,000",,,,,,,,,,,,,"99999,9,08967,1","4,1,000,1,+999,9","3,1463,9",,"4,99,0072,1","SYN011333   91114",
"07555099999","1990-10-19T00:00:00","4","44.177776","2.515","616.91","CASSAGNES BEGONHES, FR","FM-12","99999","V020","140,1,N,0021,1","99999,9,9,N","999999,9,N,9","+0094,1","+0089,1","99999,9","03,0002,9,1","06,0003,9,1",,"0,000",,,"4,1,06,1",,,,,,,,,,"99999,9,08958,1","8,1,009,1,+999,9","3,1455,9","21,1","4,99,0072,1","SYN017333   69927 91114",
"07555099999","1990-10-19T03:00:00","4","44.177776","2.515","616.91","CASSAGNES BEGONHES, FR","FM-12","99999","V020","130,1,N,0031,1","99999,9,9,N","999999,9,N,9","+0099,1","+0088,1","99999,9","06,0000,9,1",,,"4,000",,,,,,,,,,,,,"99999,9,08941,1","6,1,017,1,+999,9","3,1440,9",,"4,99,0082,1","SYN011333   91116",
"07555099999","1990-10-19T06:00:00","4","44.177776","2.515","616.91","CASSAGNES BEGONHES, FR","FM-12","99999","V020","110,1,N,0010,1","99999,9,9,N","999999,9,N,9","+0095,1","+0078,1","99999,9","24,0004,9,1","99,0003,9,1",,"0,000",,,,,,,,,"0252,9","999,+0070,9","999,N,+0081,1",,"99999,9,08934,1","8,1,007,1,+999,9","3,1433,9",,"4,99,0082,1","SYN035333   20081 3/007 55042 70004 91116",
"07555099999","1990-10-19T09:00:00","4","44.177776","2.515","616.91","CASSAGNES BEGONHES, FR","FM-12","99999","V020","140,1,N,0010,1","99999,9,9,N","999999,9,N,9","+0098,1","+0096,1","99999,9","03,0004,9,1","99,0005,9,1",,"0,000",,,"4,1,03,1",,,,,,,,,,"99999,9,08938,1","0,1,004,1,+999,9","3,1437,9","21,1","4,99,0051,1","SYN017333   69947 91110",
"07555099999","1990-10-19T12:00:00","4","44.177776","2.515","616.91","CASSAGNES BEGONHES, FR","FM-12","99999","V020","999,1,C,0000,1","99999,9,9,N","999999,9,N,9","+0098,1","+0095,1","99999,9","03,0030,9,1","06,0030,9,1",,"0,000",,,"4,1,06,1",,,,,,,,,,"99999,9,08936,1","8,1,002,1,+999,9","3,1435,9","41,1","4,99,0082,1","SYN017333   60037 91116",
"07555099999","1990-10-19T15:00:00","4","44.177776","2.515","616.91","CASSAGNES BEGONHES, FR","FM-12","99999","V020","999,1,C,0000,1","99999,9,9,N","999999,9,N,9","+0095,1","+0094,1","99999,9","03,0100,9,1",,,"0,000",,,"4,1,03,1",,,,,,,,,,"99999,9,08938,1","3,1,002,1,+999,9","3,1437,9","41,1","4,99,0051,1","SYN017333   60107 91110",
"07555099999","1990-10-19T18:00:00","4","44.177776","2.515","616.91","CASSAGNES BEGONHES, FR","FM-12","99999","V020","999,1,C,0000,1","99999,9,9,N","999999,9,N,9","+0088,1","+0088,1","99999,9","03,0100,9,1",,,"0,000",,,"4,1,06,1",,,,,,,,"999,M,+0105,1",,"99999,9,08949,1","1,1,011,1,+999,9","3,1446,9","21,1","4,99,0051,1","SYN023333   10105 60107 91110",
"07555099999","1990-10-19T21:00:00","4","44.177776","2.515","616.91","CASSAGNES BEGONHES, FR","FM-12","99999","V020","310,1,N,0021,1","99999,9,9,N","999999,9,N,9","+0085,1","+0084,1","99999,9","03,0006,9,1","99,0005,9,1",,"0,000",,,,,,,,,,,,,"99999,9,08961,1","3,1,012,1,+999,9","3,1456,9",,"4,99,0051,1","SYN017333   69967 91110",
"07555099999","1990-10-20T00:00:00","4","44.177776","2.515","616.91","CASSAGNES BEGONHES, FR","FM-12","99999","V020","340,1,N,0041,1","99999,9,9,N","999999,9,N,9","+0077,1","+0071,1","99999,9","06,0005,9,1",,,"0,000",,,,,,,,,,,,,"99999,9,08962,1","3,1,001,1,+999,9","3,1456,9",,"4,99,0098,1","SYN011333   91119",
"07555099999","1990-10-20T03:00:00","4","44.177776","2.515","616.91","CASSAGNES BEGONHES, FR","FM-12","99999","V020","310,1,N,0031,1","99999,9,9,N","999999,9,N,9","+0076,1","+0072,1","99999,9","06,0000,9,1",,,"4,000",,,,,,,,,,,,,"99999,9,08966,1","3,1,004,1,+999,9","3,1459,9",,"4,99,0082,1","SYN011333   91116",
"07555099999","1990-10-20T06:00:00","4","44.177776","2.515","616.91","CASSAGNES BEGONHES, FR","FM-12","99999","V020","290,1,N,0041,1","99999,9,9,N","999999,9,N,9","+0080,1","+0072,1","99999,9","24,0234,9,1","99,0005,9,1",,"0,000",,,,,,,,,"0000,9","999,+0070,9","999,N,+0076,1",,"99999,9,08971,1","3,1,005,1,+999,9","3,1464,9",,"4,99,0098,1","SYN035333   20076 3/007 55000 70234 91119",
"07555099999","1990-10-20T09:00:00","4","44.177776","2.515","616.91","CASSAGNES BEGONHES, FR","FM-12","99999","V020","310,1,N,0041,1","99999,9,9,N","999999,9,N,9","+0093,1","+0081,1","99999,9","06,0000,9,1",,,"4,000",,,,,,,,,,,,,"99999,9,08978,1","1,1,007,1,+999,9","3,1473,9",,"4,99,0088,1","SYN011333   91117",
"07555099999","1990-10-20T12:00:00","4","44.177776","2.515","616.91","CASSAGNES BEGONHES, FR","FM-12","99999","V020","350,1,N,0021,1","99999,9,9,N","999999,9,N,9","+0122,1","+0081,1","99999,9","06,0000,9,1",,,"4,000",,,,,,,,,,,,,"99999,9,08971,1","8,1,007,1,+999,9","3,1471,9",,"4,99,0088,1","SYN011333   91117",
"07555099999","1990-10-20T15:00:00","4","44.177776","2.515","616.91","CASSAGNES BEGONHES, FR","FM-12","99999","V020","340,1,N,0041,1","99999,9,9,N","999999,9,N,9","+0114,1","+0067,1","99999,9","06,0000,9,1",,,"4,000",,,,,,,,,,,,,"99999,9,08966,1","8,1,005,1,+999,9","3,1465,9",,"4,99,0098,1","SYN011333   91119",
"07555099999","1990-10-20T18:00:00","4","44.177776","2.515","616.91","CASSAGNES BEGONHES, FR","FM-12","99999","V020","050,1,N,0031,1","99999,9,9,N","999999,9,N,9","+0097,1","+0071,1","99999,9","06,0000,9,1",,,"4,000",,,,,,,,,,,"999,M,+0123,1",,"99999,9,08966,1","5,1,000,1,+999,9","3,1462,9",,"4,99,0098,1","SYN017333   10123 91119",
"07555099999","1990-10-20T21:00:00","4","44.177776","2.515","616.91","CASSAGNES BEGONHES, FR","FM-12","99999","V020","060,1,N,0031,1","99999,9,9,N","999999,9,N,9","+0090,1","+0073,1","99999,9","06,0000,9,1",,,"4,000",,,,,,,,,,,,,"99999,9,08961,1","6,1,005,1,+999,9","3,1457,9",,"4,99,0082,1","SYN011333   91116",
"07555099999","1990-10-21T00:00:00","4","44.177776","2.515","616.91","CASSAGNES BEGONHES, FR","FM-12","99999","V020","060,1,N,0051,1","99999,9,9,N","999999,9,N,9","+0083,1","+0068,1","99999,9","06,0000,9,1",,,"4,000",,,,,,,,,,,,,"99999,9,08952,1","6,1,009,1,+999,9","3,1447,9",,"4,99,0088,1","SYN011333   91117",
"07555099999","1990-10-21T03:00:00","4","44.177776","2.515","616.91","CASSAGNES BEGONHES, FR","FM-12","99999","V020","090,1,N,0021,1","99999,9,9,N","999999,9,N,9","+0075,1","+0061,1","99999,9","06,0000,9,1",,,"4,000",,,,,,,,,,,,,"99999,9,08949,1","7,1,003,1,+999,9","3,1443,9",,"4,99,0072,1","SYN011333   91114",
"07555099999","1990-10-21T06:00:00","4","44.177776","2.515","616.91","CASSAGNES BEGONHES, FR","FM-12","99999","V020","070,1,N,0031,1","99999,9,9,N","999999,9,N,9","+0067,1","+0053,1","99999,9","06,0000,9,1",,,"4,000",,,,,,,,,"0090,9","999,+0060,9","999,N,+0067,1",,"99999,9,08950,1","3,1,001,1,+999,9","3,1443,9",,"4,99,0072,1","SYN029333   20067 3/006 55015 91114",
"07555099999","1990-10-21T09:00:00","4","44.177776","2.515","616.91","CASSAGNES BEGONHES, FR","FM-12","99999","V020","100,1,N,0021,1","99999,9,9,N","999999,9,N,9","+0136,1","+0080,1","99999,9","06,0000,9,1",,,"4,000",,,,,,,,,,,,,"99999,9,08956,1","1,1,006,1,+999,9","3,1459,9",,"4,99,0051,1","SYN011333   91110",
"07555099999","1990-10-21T12:00:00","4","44.177776","2.515","616.91","CASSAGNES BEGONHES, FR","FM-12","99999","V020","160,1,N,0051,1","99999,9,9,N","999999,9,N,9","+0146,1","+0081,1","99999,9","06,0000,9,1",,,"4,000",,,,,,,,,,,,,"99999,9,08963,1","1,1,007,1,+999,9","3,1467,9",,"4,99,0088,1","SYN011333   91117",
"07555099999","1990-10-21T15:00:00","4","44.177776","2.515","616.91","CASSAGNES BEGONHES, FR","FM-12","99999","V020","140,1,N,0051,1","99999,9,9,N","999999,9,N,9","+0117,1","+0072,1","99999,9","06,0000,9,1",,,"4,000",,,,,,,,,,,,,"99999,9,08978,1","1,1,015,1,+999,9","3,1476,9",,"4,99,0108,1","SYN011333   91121",
"07555099999","1990-10-21T18:00:00","4","44.177776","2.515","616.91","CASSAGNES BEGONHES, FR","FM-12","99999","V020","120,1,N,0051,1","99999,9,9,N","999999,9,N,9","+0110,1","+0077,1","99999,9","06,0000,9,1",,,"4,000",,,,,,,,,,,"999,M,+0158,1",,"99999,9,08984,1","3,1,006,1,+999,9","3,1481,9",,"4,99,0108,1","SYN017333   10158 91121",
"07555099999","1990-10-21T21:00:00","4","44.177776","2.515","616.91","CASSAGNES BEGONHES, FR","FM-12","99999","V020","150,1,N,0051,1","99999,9,9,N","999999,9,N,9","+0103,1","+0074,1","99999,9","06,0000,9,1",,,"4,000",,,,,,,,,,,,,"99999,9,08991,1","2,1,007,1,+999,9","3,1486,9",,"4,99,0098,1","SYN011333   91119",
"07555099999","1990-10-22T03:00:00","4","44.177776","2.515","616.91","CASSAGNES BEGONHES, FR","FM-12","99999","V020","150,1,N,0062,1","99999,9,9,N","999999,9,N,9","+0103,1","+0072,1","99999,9","06,0000,9,1",,,"4,000",,,,,,,,,,,,,"99999,9,08991,1","8,1,002,1,+999,9","3,1486,9",,"4,99,0129,1","SYN011333   91125",
"07555099999","1990-10-22T06:00:00","4","44.177776","2.515","616.91","CASSAGNES BEGONHES, FR","FM-12","99999","V020","140,1,N,0051,1","99999,9,9,N","999999,9,N,9","+0104,1","+0073,1","99999,9","06,0000,9,1",,,"4,000",,,,,,,,,"0432,9","999,+0090,9","999,N,+0099,1",,"99999,9,08986,1","6,1,005,1,+999,9","3,1482,9",,"4,99,0139,1","SYN029333   20099 3/009 55072 91127",
"07555099999","1990-10-22T09:00:00","4","44.177776","2.515","616.91","CASSAGNES BEGONHES, FR","FM-12","99999","V020","130,1,N,0082,1","99999,9,9,N","999999,9,N,9","+0115,1","+0080,1","99999,9","06,0000,9,1",,,"4,000",,,,,,,,,,,,,"99999,9,08983,1","8,1,003,1,+999,9","3,1481,9",,"4,99,0170,1","SYN011333   91133",
"07555099999","1990-10-22T12:00:00","4","44.177776","2.515","616.91","CASSAGNES BEGONHES, FR","FM-12","99999","V020","130,1,N,0072,1","99999,9,9,N","999999,9,N,9","+0123,1","+0082,1","99999,9","06,0000,9,1",,,"4,000",,,,,,,,,,,,,"99999,9,08979,1","5,1,004,1,+999,9","3,1479,9",,"4,99,0201,1","SYN011333   91139",
"07555099999","1990-10-22T15:00:00","4","44.177776","2.515","616.91","CASSAGNES BEGONHES, FR","FM-12","99999","V020","120,1,N,0051,1","99999,9,9,N","999999,9,N,9","+0126,1","+0087,1","99999,9","06,0000,9,1",,,"4,000",,,,,,,,,,,,,"99999,9,08976,1","8,1,003,1,+999,9","3,1476,9",,"4,99,0180,1","SYN011333   91135",
"07555099999","1990-10-22T18:00:00","4","44.177776","2.515","616.91","CASSAGNES BEGONHES, FR","FM-12","99999","V020","130,1,N,0082,1","99999,9,9,N","999999,9,N,9","+0124,1","+0089,1","99999,9","06,0000,9,1",,,"4,000",,,,,,,,,,,"999,M,+0132,1",,"99999,9,08972,1","5,1,004,1,+999,9","3,1472,9",,"4,99,0190,1","SYN017333   10132 91137",
"07555099999","1990-10-22T21:00:00","4","44.177776","2.515","616.91","CASSAGNES BEGONHES, FR","FM-12","99999","V020","140,1,N,0087,1","99999,9,9,N","999999,9,N,9","+0096,1","+0087,1","99999,9","03,0060,9,1",,,"0,000",,,"4,1,03,1",,,,,,,,,,"99999,9,08978,1","3,1,006,1,+999,9","3,1473,9","42,1","4,99,0201,1","SYN017333   60067 91139",
"07555099999","1990-10-23T00:00:00","4","44.177776","2.515","616.91","CASSAGNES BEGONHES, FR","FM-12","99999","V020","130,1,N,0062,1","99999,9,9,N","999999,9,N,9","+0090,1","+0082,1","99999,9","03,0200,9,1","06,0200,9,1",,"0,000",,,"4,1,06,1",,,,,,,,,,"99999,9,08970,1","6,1,008,1,+999,9","3,1465,9","41,1","4,99,0201,1","SYN017333   60207 91139",
"07555099999","1990-10-23T03:00:00","4","44.177776","2.515","616.91","CASSAGNES BEGONHES, FR","FM-12","99999","V020","120,1,N,0041,1","99999,9,9,N","999999,9,N,9","+0090,1","+0085,1","99999,9","03,0010,9,1",,,"0,000",,,"4,1,03,1",,,,,,,,,,"99999,9,08972,1","3,1,002,1,+999,9","3,1467,9","21,1","4,99,0160,1","SYN017333   60017 91131",
"07555099999","1990-10-23T06:00:00","4","44.177776","2.515","616.91","CASSAGNES BEGONHES, FR","FM-12","99999","V020","120,1,N,0041,1","99999,9,9,N","999999,9,N,9","+0086,1","+0081,1","99999,9","03,0010,9,1","24,0276,9,1",,"0,000",,,"4,1,06,1",,,,,,"0024,9","999,+0080,9","999,N,+0085,1",,"99999,9,08972,1","5,1,000,1,+999,9","3,1466,9","21,1","4,99,0160,1","SYN041333   20085 3/008 55004 60017 70276 91131",
"07555099999","1990-10-23T09:00:00","4","44.177776","2.515","616.91","CASSAGNES BEGONHES, FR","FM-12","99999","V020","130,1,N,0041,1","00090,1,C,N","002000,1,N,9","+0082,1","+0078,1","99999,9","03,0004,9,1","99,0005,9,1",,"0,000",,,,,"08,1,+00090,9,07,9",,,"08,99,1,08,1,07,1,00150,1,99,9,99,9",,,,,"99999,9,08981,1","3,1,009,1,+999,9","3,1474,9","60,1","4,99,0118,1","SYN023333   69947 88703 91123",
"07555099999","1990-10-23T12:00:00","4","44.177776","2.515","616.91","CASSAGNES BEGONHES, FR","FM-12","99999","V020","999,1,C,0000,1","00180,1,C,N","003000,1,N,9","+0087,1","+0082,1","99999,9","03,0020,9,1","06,0020,9,1",,"0,003",,,"6,1,06,1","4,1,06,1","08,1,+00180,9,07,9",,,"08,99,1,08,1,07,1,00250,1,99,9,99,9",,,,,"99999,9,08978,1","8,1,003,1,+999,9","3,1472,9","61,1","4,99,0118,1","SYN023333   60027 88706 91123",
"07555099999","1990-10-23T18:00:00","4","44.177776","2.515","616.91","CASSAGNES BEGONHES, FR","FM-12","99999","V020","140,1,N,0021,1","99999,9,9,N","999999,9,N,9","+0081,1","+0081,1","99999,9",,,,"2,000",,,,,,,,,,,,,"99999,9,08988,1",,"3,1480,9","41,1",,"SYN003333",
"07555099999","1990-10-23T21:00:00","4","44.177776","2.515","616.91","CASSAGNES BEGONHES, FR","FM-12","99999","V020","140,1,N,0021,1","99999,9,9,N","999999,9,N,9","+0075,1","+0072,1","99999,9","03,0020,9,1",,,"0,000",,,"4,1,03,1",,,,,,,,,,"99999,9,08996,1","3,1,008,1,+999,9","3,1486,9","41,1","4,99,0072,1","SYN017333   60027 91114",
"07555099999","1990-10-24T00:00:00","4","44.177776","2.515","616.91","CASSAGNES BEGONHES, FR","FM-12","99999","V020","150,1,N,0021,1","99999,9,9,N","999999,9,N,9","+0079,1","+0079,1","99999,9","03,0020,9,1","06,0020,9,1",,"0,000",,,,,,,,,,,,,"99999,9,08993,1","8,1,003,1,+999,9","3,1484,9",,"4,99,0072,1","SYN017333   60027 91114",
"07555099999","1990-10-24T03:00:00","4","44.177776","2.515","616.91","CASSAGNES BEGONHES, FR","FM-12","99999","V020","200,1,N,0021,1","99999,9,9,N","999999,9,N,9","+0074,1","+0070,1","99999,9","06,0000,9,1",,,"4,000",,,,,,,,,,,,,"99999,9,08991,1","8,1,002,1,+999,9","3,1481,9",,"4,99,0062,1","SYN011333   91112",
"07555099999","1990-10-24T06:00:00","4","44.177776","2.515","616.91","CASSAGNES BEGONHES, FR","FM-12","99999","V020","190,1,N,0021,1","99999,9,9,N","999999,9,N,9","+0077,1","+0073,1","99999,9","99,0040,9,1",,,"0,000",,,,,,,,,,"999,+0060,9","999,N,+0073,1",,"99999,9,08991,1","0,1,000,1,+999,9","3,1482,9",,"4,99,0062,1","SYN029333   20073 3/006 55/// 91112",
"07555099999","1990-10-24T12:00:00","4","44.177776","2.515","616.91","CASSAGNES BEGONHES, FR","FM-12","99999","V020","140,1,N,0051,1","00180,1,C,N","003000,1,N,9","+0090,1","+0081,1","99999,9","06,0000,9,1",,,"4,000",,,,,"08,1,+00180,9,05,9",,,"08,99,1,08,1,05,1,00250,1,99,9,99,9",,,,,"99999,9,08990,1","8,1,007,1,+999,9","3,1483,9",,"4,99,0082,1","SYN017333   88606 91116",
"07555099999","1990-10-24T15:00:00","4","44.177776","2.515","616.91","CASSAGNES BEGONHES, FR","FM-12","99999","V020","140,1,N,0031,1","00180,1,C,N","004000,1,N,9","+0090,1","+0084,1","99999,9","06,9999,9,9",,,"4,000",,,"5,1,03,1","4,1,03,1","08,1,+00180,9,05,9",,,"08,99,1,08,1,07,1,00250,1,99,9,99,9",,,,,"99999,9,08979,1","6,1,011,1,+999,9","3,1473,9","50,1","4,99,0088,1","SYN017333   88606 91117","Q01  00002PRCP06"
"07555099999","1990-10-24T21:00:00","4","44.177776","2.515","616.91","CASSAGNES BEGONHES, FR","FM-12","99999","V020","140,1,N,0041,1","99999,9,9,N","999999,9,N,9","+0090,1","+0084,1","99999,9","03,0006,9,1","99,0005,9,1",,"0,000",,,"4,1,03,1",,,,,,,,,,"99999,9,08970,1","8,1,007,1,+999,9","3,1465,9","21,1","4,99,0098,1","SYN017333   69967 91119",
"07555099999","1990-10-25T00:00:00","4","44.177776","2.515","616.91","CASSAGNES BEGONHES, FR","FM-12","99999","V020","280,1,N,0062,1","99999,9,9,N","999999,9,N,9","+0074,1","+0068,1","99999,9","03,0090,9,1","06,0090,9,1",,"0,000",,,"4,1,06,1",,,,,,,,,,"99999,9,08975,1","1,1,005,1,+999,9","3,1467,9","21,1","4,99,0098,1","SYN017333   60097 91119",
"07555099999","1990-10-25T03:00:00","4","44.177776","2.515","616.91","CASSAGNES BEGONHES, FR","FM-12","99999","V020","270,1,N,0010,1","99999,9,9,N","999999,9,N,9","+0063,1","+0062,1","99999,9","03,0010,9,1",,,"0,000",,,,,,,,,,,,,"99999,9,08969,1","6,1,006,1,+999,9","3,1460,9",,"4,99,0082,1","SYN017333   60017 91116",
"07555099999","1990-10-25T06:00:00","4","44.177776","2.515","616.91","CASSAGNES BEGONHES, FR","FM-12","99999","V020","280,1,N,0010,1","99999,9,9,N","999999,9,N,9","+0057,1","+0057,1","99999,9","24,0108,9,1",,,"0,000",,,,,,,,,"0006,9","999,+0050,9","999,M,+0093,1","999,N,+0057,1","99999,9,08973,1","3,1,004,1,+999,9","3,1462,9",,"4,99,0082,1","SYN041333   10093 20057 3/005 55001 70108 91116",
"07555099999","1990-10-25T09:00:00","4","44.177776","2.515","616.91","CASSAGNES BEGONHES, FR","FM-12","99999","V020","290,1,N,0010,1","00180,1,C,N","008000,1,N,9","+0076,1","+0057,1","99999,9","03,0002,9,1","99,0003,9,1",,"0,000",,,,,"05,1,+00180,9,07,9","04,1,+02400,9,03,9",,"07,99,1,05,1,06,1,00250,1,08,1,02,1",,,,,"99999,9,08983,1","1,1,010,1,+999,9","3,1474,9",,"4,99,0051,1","SYN029333   69927 85706 84358 91110",
"07555099999","1990-10-25T12:00:00","4","44.177776","2.515","616.91","CASSAGNES BEGONHES, FR","FM-12","99999","V020","280,1,N,0031,1","00480,1,C,N","010000,1,N,9","+0083,1","+0066,1","99999,9","06,0003,9,1",,,"0,000",,,,,"05,1,+00480,9,05,9","04,1,+02400,9,03,9",,"07,99,1,05,1,05,1,00450,1,06,1,99,9",,,,,"99999,9,08977,1","8,1,006,1,+999,9","3,1470,9",,"4,99,0051,1","SYN023333   85616 84358 91110",
"07555099999","1990-10-25T15:00:00","4","44.177776","2.515","616.91","CASSAGNES BEGONHES, FR","FM-12","99999","V020","260,1,N,0031,1","00480,1,C,N","015000,1,N,9","+0089,1","+0056,1","99999,9","06,0000,9,1",,,"4,000",,,,,"05,1,+00480,9,05,9","04,1,+02400,9,03,9",,"07,99,1,05,1,05,1,00450,1,03,1,99,9",,,,,"99999,9,08969,1","6,1,008,1,+999,9","3,1464,9",,"4,99,0051,1","SYN023333   85616 84358 91110",
"07555099999","1990-10-25T18:00:00","4","44.177776","2.515","616.91","CASSAGNES BEGONHES, FR","FM-12","99999","V020","999,1,C,0000,1","99999,9,9,N","999999,9,N,9","+0049,1","+0039,1","99999,9","99,0003,9,1",,,"0,000",,,,,,,,,,,"999,M,+0094,1",,"99999,9,08968,1","7,1,001,1,+999,9","3,1456,9",,"4,99,0051,1","SYN017333   10094 91110",
"07555099999","1990-10-25T21:00:00","4","44.177776","2.515","616.91","CASSAGNES BEGONHES, FR","FM-12","99999","V020","999,1,C,0000,1","99999,9,9,N","999999,9,N,9","+0021,1","+0020,1","99999,9","06,0000,9,1",,,"4,000",,,,,,,,,,,,,"99999,9,08963,1","8,1,005,1,+999,9","3,1447,9",,"4,99,0010,1","SYN011333   91102",
"07555099999","1990-10-26T00:00:00","4","44.177776","2.515","616.91","CASSAGNES BEGONHES, FR","FM-12","99999","V020","999,1,C,0000,1","99999,9,9,N","999999,9,N,9","+0022,1","+0022,1","99999,9","06,0000,9,1",,,"4,000",,,,,,,,,,,,,"99999,9,08943,1","8,1,020,1,+999,9","3,1429,9",,"4,99,0010,1","SYN011333   91102",
"07555099999","1990-10-26T03:00:00","4","44.177776","2.515","616.91","CASSAGNES BEGONHES, FR","FM-12","99999","V020","140,1,N,0051,1","99999,9,9,N","999999,9,N,9","+0064,1","+0057,1","99999,9","06,0000,9,1",,,"4,000",,,,,,,,,,,,,"99999,9,08925,1","8,1,018,1,+999,9","3,1420,9",,"4,99,0082,1","SYN011333   91116",
"07555099999","1990-10-26T06:00:00","4","44.177776","2.515","616.91","CASSAGNES BEGONHES, FR","FM-12","99999","V020","130,1,N,0062,1","99999,9,9,N","999999,9,N,9","+0077,1","+0058,1","99999,9","06,0000,9,1","24,0002,9,1",,"4,000",,,,,,,,,"0060,9","999,+0000,9","999,M,+0094,1","999,N,+0013,1","99999,9,08909,1","6,1,016,1,+999,9","3,1407,9",,"4,99,0118,1","SYN041333   10094 20013 3/000 55010 70002 91123",
"07555099999","1990-10-26T09:00:00","4","44.177776","2.515","616.91","CASSAGNES BEGONHES, FR","FM-12","99999","V020","130,1,N,0031,1","00990,1,C,N","008000,1,N,9","+0092,1","+0068,1","99999,9","06,0000,9,1",,,"4,000",,,,,"01,1,+00300,9,07,9","05,1,+00990,9,05,9",,"07,99,1,05,1,06,1,00450,1,08,1,99,9",,,,,"99999,9,08911,1","0,1,002,1,+999,9","3,1411,9",,"4,99,0098,1","SYN023333   81710 85633 91119",
"07555099999","1990-10-26T12:00:00","4","44.177776","2.515","616.91","CASSAGNES BEGONHES, FR","FM-12","99999","V020","270,1,N,0041,1","00090,1,C,N","002000,1,N,9","+0052,1","+0048,1","99999,9","03,0020,9,1","06,0020,9,1",,"0,003",,,"6,1,06,1","4,1,06,1","08,1,+00090,9,07,9",,,"08,99,1,08,1,07,1,00150,1,99,9,99,9",,,,,"99999,9,08933,1","3,1,022,1,+999,9","3,1425,9","61,1","4,99,0108,1","SYN023333   60027 88703 91121",
"07555099999","1990-10-26T18:00:00","4","44.177776","2.515","616.91","CASSAGNES BEGONHES, FR","FM-12","99999","V020","270,1,N,0031,1","99999,9,9,N","999999,9,N,9","+0045,1","+0041,1","99999,9","99,0050,9,1",,,"0,000",,,,,,,,,,,"999,M,+0102,1",,"99999,9,08943,1","3,1,007,1,+999,9","3,1433,9",,"4,99,0072,1","SYN017333   10102 91114",
"07555099999","1990-10-26T21:00:00","4","44.177776","2.515","616.91","CASSAGNES BEGONHES, FR","FM-12","99999","V020","270,1,N,0041,1","99999,9,9,N","999999,9,N,9","+0045,1","+0041,1","99999,9","06,0000,9,1",,,"4,000",,,,,,,,,,,,,"99999,9,08950,1","3,1,007,1,+999,9","3,1440,9",,"4,99,0082,1","SYN011333   91116",
"07555099999","1990-10-27T00:00:00","4","44.177776","2.515","616.91","CASSAGNES BEGONHES, FR","FM-12","99999","V020","240,1,N,0031,1","99999,9,9,N","999999,9,N,9","+0037,1","+0034,1","99999,9","03,0004,9,1","06,0005,9,1",,"0,000",,,,,,,,,,,,,"99999,9,08950,1","5,1,000,1,+999,9","3,1438,9",,"4,99,0088,1","SYN017333   69947 91117",
"07555099999","1990-10-27T03:00:00","4","44.177776","2.515","616.91","CASSAGNES BEGONHES, FR","FM-12","99999","V020","260,1,N,0051,1","99999,9,9,N","999999,9,N,9","+0035,1","+0032,1","99999,9","03,0040,9,1",,,"9,000",,,"4,1,03,1",,,,,,,,,,"99999,9,08949,1","8,1,001,1,+999,9","3,1437,9","41,1","4,99,0088,1","SYN017333   60047 91117",
"07555099999","1990-10-27T06:00:00","4","44.177776","2.515","616.91","CASSAGNES BEGONHES, FR","FM-12","99999","V020","260,1,N,0021,1","99999,9,9,N","999999,9,N,9","+0034,1","+0033,1","99999,9","03,0006,9,1","24,0100,9,1","99,0005,9,1","0,000",,,,,,,,,"0006,9","999,+0030,9","999,M,+0102,1","999,N,+0033,1","99999,9,08958,1","3,1,009,1,+999,9","3,1445,9",,"4,99,0088,1","SYN047333   10102 20033 3/003 55001 69967 70100 91117",
"07555099999","1990-10-27T09:00:00","4","44.177776","2.515","616.91","CASSAGNES BEGONHES, FR","FM-12","99999","V020","280,1,N,0021,1","00780,1,C,N","006000,1,N,9","+0048,1","+0035,1","99999,9","06,0000,9,1",,,"4,000",,,,,"03,1,+00180,9,07,9","05,1,+00780,9,08,9",,"06,99,1,06,1,06,1,00250,1,00,1,00,1",,,,,"99999,9,08971,1","1,1,013,1,+999,9","3,1458,9",,"4,99,0051,1","SYN023333   83706 85826 91110",
"07555099999","1990-10-27T12:00:00","4","44.177776","2.515","616.91","CASSAGNES BEGONHES, FR","FM-12","99999","V020","260,1,N,0041,1","00780,1,C,N","012000,1,N,9","+0062,1","+0037,1","99999,9","06,0000,9,1",,,"4,000",,,,,"07,1,+00780,9,08,9",,,"07,99,1,07,1,02,1,00800,1,99,9,99,9",,,,,"99999,9,08970,1","8,1,001,1,+999,9","3,1460,9",,"4,99,0082,1","SYN017333   87826 91116",
"07555099999","1990-10-27T15:00:00","4","44.177776","2.515","616.91","CASSAGNES BEGONHES, FR","FM-12","99999","V020","260,1,N,0031,1","00390,1,C,N","010000,1,N,9","+0062,1","+0044,1","99999,9","06,0000,9,1",,,"4,000",,,,,"07,1,+00390,9,05,9",,,"07,99,1,07,1,05,1,00450,1,99,9,99,9",,,,,"99999,9,08962,1","7,1,008,1,+999,9","3,1453,9",,"4,99,0072,1","SYN017333   87613 91114",
"07555099999","1990-10-27T18:00:00","4","44.177776","2.515","616.91","CASSAGNES BEGONHES, FR","FM-12","99999","V020","260,1,N,0031,1","99999,9,9,N","999999,9,N,9","+0050,1","+0044,1","99999,9","06,0000,9,1",,,"4,000",,,,,,,,,,,"999,M,+0063,1",,"99999,9,08963,1","3,1,001,1,+999,9","3,1452,9",,"4,99,0088,1","SYN017333   10063 91117",
"07555099999","1990-10-27T21:00:00","4","44.177776","2.515","616.91","CASSAGNES BEGONHES, FR","FM-12","99999","V020","250,1,N,0031,1","99999,9,9,N","999999,9,N,9","+0051,1","+0050,1","99999,9","06,0000,9,1",,,"4,000",,,,,,,,,,,,,"99999,9,08959,1","8,1,004,1,+999,9","3,1449,9",,"4,99,0082,1","SYN011333   91116",
"07555099999","1990-10-28T00:00:00","4","44.177776","2.515","616.91","CASSAGNES BEGONHES, FR","FM-12","99999","V020","260,1,N,0041,1","99999,9,9,N","999999,9,N,9","+0051,1","+0051,1","99999,9","03,0002,9,1","06,0003,9,1",,"0,000",,,,,,,,,,,,,"99999,9,08947,1","6,1,012,1,+999,9","3,1438,9",,"4,99,0098,1","SYN017333   69927 91119",
"07555099999","1990-10-28T03:00:00","4","44.177776","2.515","616.91","CASSAGNES BEGONHES, FR","FM-12","99999","V020","210,1,N,0021,1","99999,9,9,N","999999,9,N,9","+0046,1","+0043,1","99999,9","06,0000,9,1",,,"4,000",,,,,,,,,,,,,"99999,9,08928,1","8,1,019,1,+999,9","3,1420,9",,"4,99,0088,1","SYN011333   91117",
"07555099999","1990-10-28T06:00:00","4","44.177776","2.515","616.91","CASSAGNES BEGONHES, FR","FM-12","99999","V020","999,1,C,0000,1","99999,9,9,N","999999,9,N,9","+0047,1","+0046,1","99999,9","03,0002,9,1","24,0004,9,1","99,0003,9,1","0,000",,,,,,,,,"0048,9","999,+0040,9","999,M,+0063,1","999,N,+0045,1","99999,9,08913,1","8,1,015,1,+999,9","3,1406,9",,"4,99,0088,1","SYN047333   10063 20045 3/004 55008 69927 70004 91117",
"07555099999","1990-10-28T09:00:00","4","44.177776","2.515","616.91","CASSAGNES BEGONHES, FR","FM-12","99999","V020","150,1,N,0031,1","99999,9,9,N","999999,9,N,9","+0050,1","+0044,1","99999,9","03,0002,9,1","99,0003,9,1",,"0,000",,,"4,1,03,1",,,,,,,,,,"99999,9,08899,1","8,1,014,1,+999,9","3,1394,9","21,1","4,99,0062,1","SYN017333   69927 91112",
"07555099999","1990-10-28T12:00:00","4","44.177776","2.515","616.91","CASSAGNES BEGONHES, FR","FM-12","99999","V020","200,1,N,0041,1","00390,1,C,N","012000,1,N,9","+0069,1","+0046,1","99999,9","06,0003,9,1",,,"0,000",,,,,"08,1,+00390,9,05,9",,,"08,99,1,08,1,05,1,00450,1,99,9,99,9",,,,,"99999,9,08873,1","8,1,026,1,+999,9","3,1373,9",,"4,99,0098,1","SYN017333   88613 91119",
"07555099999","1990-10-28T15:00:00","4","44.177776","2.515","616.91","CASSAGNES BEGONHES, FR","FM-12","99999","V020","160,1,N,0062,1","00240,1,C,N","008000,1,N,9","+0065,1","+0059,1","99999,9","03,0004,9,1","99,0005,9,1",,"0,001",,,"6,1,03,1","2,1,03,1","08,1,+00240,9,05,9",,,"08,99,1,08,1,07,1,00250,1,99,9,99,9",,,,,"99999,9,08850,1","8,1,023,1,+999,9","3,1351,9","60,1","4,99,0108,1","SYN023333   69947 88608 91121",
"07555099999","1990-10-28T18:00:00","4","44.177776","2.515","616.91","CASSAGNES BEGONHES, FR","FM-12","99999","V020","150,1,N,0041,1","99999,9,9,N","999999,9,N,9","+0069,1","+0068,1","99999,9","03,0020,9,1",,,"0,000",,,"4,1,06,1",,,,,,,,"999,M,+0071,1",,"99999,9,08837,1","8,1,013,1,+999,9","3,1340,9","21,1","4,99,0118,1","SYN023333   10071 60027 91123",
"07555099999","1990-10-28T21:00:00","4","44.177776","2.515","616.91","CASSAGNES BEGONHES, FR","FM-12","99999","V020","150,1,N,0041,1","99999,9,9,N","999999,9,N,9","+0069,1","+0068,1","99999,9","03,0080,9,1",,,"0,000",,,"4,1,03,1",,,,,,,,,,"99999,9,08822,1","6,1,015,1,+999,9","3,1326,9","41,1","4,99,0098,1","SYN017333   60087 91119",
"07555099999","1990-10-29T00:00:00","4","44.177776","2.515","616.91","CASSAGNES BEGONHES, FR","FM-12","99999","V020","190,1,N,0031,1","99999,9,9,N","999999,9,N,9","+0080,1","+0080,1","99999,9","03,0060,9,1","06,0060,9,1",,"0,000",,,"4,1,06,1",,,,,,,,,,"99999,9,08805,1","6,1,017,1,+999,9","3,1311,9","41,1","4,99,0098,1","SYN017333   60067 91119",
"07555099999","1990-10-29T03:00:00","4","44.177776","2.515","616.91","CASSAGNES BEGONHES, FR","FM-12","99999","V020","270,1,N,0051,1","99999,9,9,N","999999,9,N,9","+0110,1","+0110,1","99999,9","03,0050,9,1",,,"0,000",,,"4,1,03,1",,,,,,,,,,"99999,9,08801,1","7,1,004,1,+999,9","3,1311,9","41,1","4,99,0108,1","SYN017333   60057 91121",
"07555099999","1990-10-29T06:00:00","4","44.177776","2.515","616.91","CASSAGNES BEGONHES, FR","FM-12","99999","V020","280,1,N,0082,1","99999,9,9,N","999999,9,N,9","+0100,1","+0086,1","99999,9","03,0050,9,1","24,0262,9,1",,"0,000",,,,,,,,,"0000,9","999,+0060,9","999,M,+9999,9","999,N,+0067,1","99999,9,08825,1","1,1,024,1,+999,9","3,1332,9",,"4,99,0139,1","SYN047333   10071 20067 3/006 55000 60057 70262 91127","Q01 +00712ATMX  "
"07555099999","1990-10-29T09:00:00","4","44.177776","2.515","616.91","CASSAGNES BEGONHES, FR","FM-12","99999","V020","260,1,N,0051,1","99999,9,9,N","999999,9,N,9","+0090,1","+0089,1","99999,9","03,0002,9,1","99,0003,9,1",,"0,000",,,"4,1,03,1",,,,,,,,,,"99999,9,08840,1","1,1,015,1,+999,9","3,1345,9","21,1","4,99,0139,1","SYN017333   69927 91127",
"07555099999","1990-10-29T12:00:00","4","44.177776","2.515","616.91","CASSAGNES BEGONHES, FR","FM-12","99999","V020","240,1,N,0041,1","99999,9,9,N","999999,9,N,9","+0086,1","+0086,1","99999,9","03,0020,9,1","06,0020,9,1",,"0,000",,,"4,1,06,1",,,,,,,,,,"99999,9,08827,1","8,1,013,1,+999,9","3,1332,9","41,1","4,99,0139,1","SYN017333   60027 91127",
"07555099999","1990-10-29T15:00:00","4","44.177776","2.515","616.91","CASSAGNES BEGONHES, FR","FM-12","99999","V020","240,1,N,0041,1","99999,9,9,N","999999,9,N,9","+0105,1","+0105,1","99999,9","03,0050,9,1",,,"0,000",,,"4,1,03,1",,,,,,,,,,"99999,9,08815,1","8,1,012,1,+999,9","3,1324,9","41,1","4,99,0088,1","SYN017333   60057 91117",
"07555099999","1990-10-29T18:00:00","4","44.177776","2.515","616.91","CASSAGNES BEGONHES, FR","FM-12","99999","V020","260,1,N,0087,1","99999,9,9,N","999999,9,N,9","+0116,1","+0116,1","99999,9","03,0020,9,1",,,"9,000",,,"4,1,06,1",,,,,,,,"999,M,+0127,1",,"99999,9,08816,1","0,1,001,1,+999,9","3,1326,9","21,1","4,99,0221,1","SYN023333   10127 60027 91143",
"07555099999","1990-10-29T21:00:00","4","44.177776","2.515","616.91","CASSAGNES BEGONHES, FR","FM-12","99999","V020","270,1,N,0087,1","99999,9,9,N","999999,9,N,9","+0117,1","+0117,1","99999,9","03,0030,9,1",,,"0,000",,,"4,1,03,1",,,,,,,,,,"99999,9,08819,1","1,1,003,1,+999,9","3,1328,9","41,1","4,99,0180,1","SYN017333   60037 91135",
"07555099999","1990-10-30T00:00:00","4","44.177776","2.515","616.91","CASSAGNES BEGONHES, FR","FM-12","99999","V020","260,1,N,0082,1","99999,9,9,N","999999,9,N,9","+0121,1","+0121,1","99999,9","03,0010,9,1","06,0010,9,1",,"0,000",,,"4,1,06,1",,,,,,,,,,"99999,9,08834,1","2,1,015,1,+999,9","3,1343,9","21,1","4,99,0180,1","SYN017333   60017 91135",
"07555099999","1990-10-30T03:00:00","4","44.177776","2.515","616.91","CASSAGNES BEGONHES, FR","FM-12","99999","V020","290,1,N,0072,1","99999,9,9,N","999999,9,N,9","+0095,1","+0081,1","99999,9","03,0004,9,1","99,0005,9,1",,"0,000",,,,,,,,,,,,,"99999,9,08853,1","1,1,019,1,+999,9","3,1358,9",,"4,99,0221,1","SYN017333   69947 91143",
"07555099999","1990-10-30T06:00:00","4","44.177776","2.515","616.91","CASSAGNES BEGONHES, FR","FM-12","99999","V020","290,1,N,0041,1","99999,9,9,N","999999,9,N,9","+0079,1","+0078,1","99999,9","03,0002,9,1","24,0138,9,1","99,0003,9,1","0,000",,,"4,1,06,1",,,,,,"0018,9","999,+0080,9","999,M,+0127,1","999,N,+0079,1","99999,9,08873,1","3,1,020,1,+999,9","3,1374,9","21,1","4,99,0221,1","SYN047333   10127 20079 3/008 55003 69927 70138 91143",
"07555099999","1990-10-30T09:00:00","4","44.177776","2.515","616.91","CASSAGNES BEGONHES, FR","FM-12","99999","V020","290,1,N,0031,1","02400,1,C,N","020000,1,N,9","+0077,1","+0053,1","99999,9","03,0002,9,1","99,0003,9,1",,"0,000",,,,,"04,1,+00300,9,05,9","04,1,+02400,9,03,9",,"06,99,1,04,1,05,1,00450,1,08,1,00,1",,,,,"99999,9,08901,1","1,1,028,1,+999,9","3,1399,9",,"4,99,0118,1","SYN029333   69927 84610 84358 91123",
"07555099999","1990-10-30T12:00:00","4","44.177776","2.515","616.91","CASSAGNES BEGONHES, FR","FM-12","99999","V020","270,1,N,0041,1","00600,1,C,N","020000,1,N,9","+0092,1","+0065,1","99999,9","06,0003,9,1",,,"0,000",,,,,"06,1,+00600,9,05,9","06,1,+02400,9,03,9",,"07,99,1,06,1,05,1,00800,1,07,1,99,9",,,,,"99999,9,08909,1","1,1,008,1,+999,9","3,1409,9",,"4,99,0118,1","SYN023333   86620 86358 91123",
"07555099999","1990-10-30T15:00:00","4","44.177776","2.515","616.91","CASSAGNES BEGONHES, FR","FM-12","99999","V020","250,1,N,0021,1","00090,1,C,N","004000,1,N,9","+0080,1","+0074,1","99999,9","03,9999,2,9",,,"0,000",,,"4,1,03,1","2,1,03,1","08,1,+00090,9,07,9",,,"08,99,1,08,1,07,1,00150,1,99,9,99,9",,,,,"99999,9,08909,1","4,1,000,1,+999,9","3,1408,9","51,1","4,99,0082,1","SYN023333   69907 88703 91116",
"07555099999","1990-10-30T18:00:00","4","44.177776","2.515","616.91","CASSAGNES BEGONHES, FR","FM-12","99999","V020","240,1,N,0010,1","99999,9,9,N","999999,9,N,9","+0076,1","+0073,1","99999,9","99,0003,9,1",,,"0,000",,,,,,,,,,,"999,M,+0097,1",,"99999,9,08916,1","3,1,007,1,+999,9","3,1413,9",,"4,99,0082,1","SYN017333   10097 91116",
"07555099999","1990-10-30T21:00:00","4","44.177776","2.515","616.91","CASSAGNES BEGONHES, FR","FM-12","99999","V020","999,1,C,0000,1","99999,9,9,N","999999,9,N,9","+0087,1","+0087,1","99999,9","03,0004,9,1","99,0005,9,1",,"0,000",,,,,,,,,,,,,"99999,9,08912,1","6,1,004,1,+999,9","3,1411,9",,"4,99,0031,1","SYN017333   69947 91106",
"07555099999","1990-10-31T00:00:00","4","44.177776","2.515","616.91","CASSAGNES BEGONHES, FR","FM-12","99999","V020","210,1,N,0031,1","99999,9,9,N","999999,9,N,9","+0110,1","+0105,1","99999,9","03,0006,9,2","06,0005,9,2",,"0,000",,,,,,,,,,,,,"99999,9,08911,1","8,1,001,1,+999,9","3,1414,9",,"4,99,0072,1","SYN017333   69967 91114",
"07555099999","1990-10-31T03:00:00","4","44.177776","2.515","616.91","CASSAGNES BEGONHES, FR","FM-12","99999","V020","210,1,N,0021,1","99999,9,9,N","999999,9,N,9","+0109,1","+0107,1","99999,9","03,0002,9,1","99,0003,9,1",,"0,000",,,,,,,,,,,,,"99999,9,08906,1","8,1,005,1,+999,9","3,1409,9",,"4,99,0082,1","SYN017333   69927 91116",
"07555099999","1990-10-31T06:00:00","4","44.177776","2.515","616.91","CASSAGNES BEGONHES, FR","FM-12","99999","V020","250,1,N,0031,1","99999,9,9,N","999999,9,N,9","+0108,1","+0108,1","99999,9","24,0014,9,1","99,0010,9,1",,"0,000",,,,,,,,,"0024,9","999,+0070,9","999,M,+9999,9","999,N,+0074,1","99999,9,08907,1","0,1,001,1,+999,9","3,1410,9",,"4,99,0082,1","SYN041333   10097 20074 3/007 55004 70014 91116","Q01 +00972ATMX  "
"07555099999","1990-10-31T09:00:00","4","44.177776","2.515","616.91","CASSAGNES BEGONHES, FR","FM-12","99999","V020","280,1,N,0031,1","00090,1,C,N","001200,1,N,9","+0099,1","+0099,1","99999,9","03,0010,9,1",,,"0,001",,,"6,1,03,1","2,1,03,1","08,1,+00090,9,07,9",,,"08,99,1,08,1,06,1,00150,1,99,9,99,9",,,,,"99999,9,08926,1","1,1,019,1,+999,9","3,1426,9","25,1","4,99,0098,1","SYN023333   60017 88703 91119",
"07555099999","1990-10-31T12:00:00","4","44.177776","2.515","616.91","CASSAGNES BEGONHES, FR","FM-12","99999","V020","270,1,N,0010,1","00300,1,C,N","010000,1,N,9","+0089,1","+0075,1","99999,9","03,0002,9,1","06,0003,9,1",,"0,007",,,"6,1,06,1","4,1,06,1","05,1,+00300,9,05,9","04,1,+02400,9,03,9",,"07,99,1,05,1,06,1,00450,1,07,1,99,9",,,,,"99999,9,08927,1","0,1,001,1,+999,9","3,1425,9","00,1","4,99,0098,1","SYN029333   69927 85610 84358 91119",
"07555099999","1990-10-31T15:00:00","4","44.177776","2.515","616.91","CASSAGNES BEGONHES, FR","FM-12","99999","V020","310,1,N,0031,1","00240,1,C,N","010000,1,N,9","+0078,1","+0061,1","99999,9","06,0000,9,1",,,"4,007",,,"6,1,03,1","4,1,03,1","07,1,+00240,9,05,9",,,"08,99,1,07,1,05,1,00250,1,99,9,99,9",,,,,"99999,9,08922,1","5,1,005,1,+999,9","3,1419,9","00,1","4,99,0072,1","SYN017333   87608 91114",
"07555099999","1990-10-31T18:00:00","4","44.177776","2.515","616.91","CASSAGNES BEGONHES, FR","FM-12","99999","V020","300,1,N,0031,1","99999,9,9,N","999999,9,N,9","+0054,1","+0048,1","99999,9","03,0004,9,1","99,0005,9,1",,"0,000",,,"4,1,06,1",,,,,,,,"999,M,+0109,1",,"99999,9,08942,1","3,1,020,1,+999,9","3,1433,9","21,1","4,99,0082,1","SYN023333   10109 69947 91116",
"07555099999","1990-10-31T21:00:00","4","44.177776","2.515","616.91","CASSAGNES BEGONHES, FR","FM-12","99999","V020","300,1,N,0021,1","99999,9,9,N","999999,9,N,9","+0046,1","+0040,1","99999,9","03,0008,9,1","99,0010,9,1",,"0,000",,,,,,,,,,,,,"99999,9,08942,1","5,1,000,1,+999,9","3,1432,9",,"4,99,0062,1","SYN017333   69987 91112",
"07555099999","1990-11-01T00:00:00","4","44.177776","2.515","616.91","CASSAGNES BEGONHES, FR","FM-12","99999","V020","280,1,N,0021,1","99999,9,9,N","999999,9,N,9","+0048,1","+0048,1","99999,9","06,0010,9,1",,,"0,000",,,,,,,,,,,,,"99999,9,08946,1","1,1,004,1,+999,9","3,1436,9",,"4,99,0062,1","SYN011333   91112",
"07555099999","1990-11-01T03:00:00","4","44.177776","2.515","616.91","CASSAGNES BEGONHES, FR","FM-12","99999","V020","200,1,N,0010,1","99999,9,9,N","999999,9,N,9","+0041,1","+0038,1","99999,9","06,0000,9,1",,,"4,000",,,,,,,,,,,,,"99999,9,08949,1","3,1,003,1,+999,9","3,1438,9",,"4,99,0072,1","SYN011333   91114",
"07555099999","1990-11-01T06:00:00","4","44.177776","2.515","616.91","CASSAGNES BEGONHES, FR","FM-12","99999","V020","270,1,N,0021,1","99999,9,9,N","999999,9,N,9","+0032,1","+0023,1","99999,9","24,0026,9,1","99,0010,9,1",,"0,000",,,,,,,,,"0000,9","999,+0020,9","999,M,+0109,1","999,N,+0032,1","99999,9,08952,1","1,1,003,1,+999,9","3,1439,9",,"4,99,0072,1","SYN041333   10109 20032 3/002 55000 70026 91114",
"07555099999","1990-11-01T09:00:00","4","44.177776","2.515","616.91","CASSAGNES BEGONHES, FR","FM-12","99999","V020","270,1,N,0021,1","99999,9,9,N","999999,9,N,9","+0051,1","+0047,1","99999,9","06,0000,9,1",,,"4,000",,,,,,,,,,,,,"99999,9,08963,1","1,1,011,1,+999,9","3,1452,9",,"4,99,0041,1","SYN011333   91108",
"07555099999","1990-11-01T12:00:00","4","44.177776","2.515","616.91","CASSAGNES BEGONHES, FR","FM-12","99999","V020","250,1,N,0041,1","00180,1,C,N","010000,1,N,9","+0059,1","+0052,1","99999,9","06,0000,9,1",,,"4,000",,,,,"07,1,+00180,9,08,9",,,"07,99,1,07,1,02,1,00250,1,99,9,99,9",,,,,"99999,9,08964,1","0,1,001,1,+999,9","3,1454,9",,"4,99,0072,1","SYN017333   87806 91114",
"07555099999","1990-11-01T15:00:00","4","44.177776","2.515","616.91","CASSAGNES BEGONHES, FR","FM-12","99999","V020","280,1,N,0051,1","00180,1,C,N","010000,1,N,9","+0060,1","+0043,1","99999,9","03,0004,9,1","99,0005,9,1",,"0,006",,,"8,1,03,1","6,1,03,1","08,1,+00180,9,05,9",,,"08,99,1,08,1,05,1,00250,1,99,9,99,9",,,,,"99999,9,08961,1","5,1,003,1,+999,9","3,1452,9","00,1","4,99,0088,1","SYN023333   69947 88606 91117",
"07555099999","1990-11-01T18:00:00","4","44.177776","2.515","616.91","CASSAGNES BEGONHES, FR","FM-12","99999","V020","280,1,N,0051,1","99999,9,9,N","999999,9,N,9","+0049,1","+0043,1","99999,9","03,0010,9,1",,,"0,000",,,"4,1,06,1",,,,,,,,"999,M,+0074,1",,"99999,9,08966,1","3,1,005,1,+999,9","3,1455,9","21,1","4,99,0108,1","SYN023333   10074 60017 91121",
"07555099999","1990-11-01T21:00:00","4","44.177776","2.515","616.91","CASSAGNES BEGONHES, FR","FM-12","99999","V020","260,1,N,0041,1","99999,9,9,N","999999,9,N,9","+0037,1","+0037,1","99999,9","03,0030,9,1",,,"0,000",,,,,,,,,,,,,"99999,9,08965,1","5,1,001,1,+999,9","3,1452,9",,"4,99,0108,1","SYN017333   60037 91121",
"07555099999","1990-11-02T00:00:00","4","44.177776","2.515","616.91","CASSAGNES BEGONHES, FR","FM-12","99999","V020","260,1,N,0062,1","99999,9,9,N","999999,9,N,9","+0036,1","+0029,1","99999,9","06,0030,9,1",,,"0,000",,,,,,,,,,,,,"99999,9,08956,1","6,1,009,1,+999,9","3,1443,9",,"4,99,0118,1","SYN011333   91123",
"07555099999","1990-11-02T03:00:00","4","44.177776","2.515","616.91","CASSAGNES BEGONHES, FR","FM-12","99999","V020","270,1,N,0051,1","99999,9,9,N","999999,9,N,9","+0032,1","+0026,1","99999,9","03,0006,9,1","99,0005,9,1",,"0,000",,,"4,1,03,1",,,,,,,,,,"99999,9,08943,1","8,1,013,1,+999,9","3,1431,9","21,1","4,99,0118,1","SYN017333   69967 91123",
"07555099999","1990-11-02T06:00:00","4","44.177776","2.515","616.91","CASSAGNES BEGONHES, FR","FM-12","99999","V020","270,1,N,0062,1","99999,9,9,N","999999,9,N,9","+0034,1","+0033,1","99999,9","03,0010,9,1","24,0062,9,1",,"0,000",,,,,,,,,"0030,9","999,+0030,9","999,M,+0074,1","999,N,+0030,1","99999,9,08935,1","6,1,008,1,+999,9","3,1424,9",,"4,99,0129,1","SYN047333   10074 20030 3/003 55005 60017 70062 91125",
"07555099999","1990-11-02T09:00:00","4","44.177776","2.515","616.91","CASSAGNES BEGONHES, FR","FM-12","99999","V020","270,1,N,0041,1","00090,1,C,N","001500,1,N,9","+0037,1","+0036,1","99999,9","03,0006,9,1","99,0005,9,1",,"0,000",,,,,"08,1,+00090,9,07,9",,,"08,99,1,08,1,07,1,00150,1,99,9,99,9",,,,,"99999,9,08940,1","3,1,005,1,+999,9","3,1429,9","60,1","4,99,0129,1","SYN023333   69967 88703 91125",
"07555099999","1990-11-02T12:00:00","4","44.177776","2.515","616.91","CASSAGNES BEGONHES, FR","FM-12","99999","V020","240,1,N,0051,1","00030,1,C,N","001000,1,N,9","+0040,1","+0039,1","99999,9","03,0020,9,1","06,0020,9,1",,"0,001",,,"6,1,06,1","4,1,06,1","08,1,+00030,9,07,9",,,"08,99,1,08,1,07,1,00075,1,99,9,99,9",,,,,"99999,9,08932,1","8,1,008,1,+999,9","3,1422,9","60,1","4,99,0129,1","SYN023333   60027 88701 91125",
"07555099999","1990-11-02T15:00:00","4","44.177776","2.515","616.91","CASSAGNES BEGONHES, FR","FM-12","99999","V020","250,1,N,0051,1","00060,1,C,N","001000,1,N,9","+0041,1","+0040,1","99999,9","03,0050,9,1",,,"0,002",,,"6,1,03,1","4,1,03,1","08,1,+00060,9,07,9",,,"08,99,1,08,1,07,1,00075,1,99,9,99,9",,,,,"99999,9,08916,1","6,1,016,1,+999,9","3,1408,9","61,1","4,99,0098,1","SYN023333   60057 88702 91119",
"07555099999","1990-11-02T18:00:00","4","44.177776","2.515","616.91","CASSAGNES BEGONHES, FR","FM-12","99999","V020","260,1,N,0072,1","99999,9,9,N","999999,9,N,9","+0034,1","+0033,1","99999,9","03,0040,9,1",,,"0,000",,,"4,1,06,1",,,,,,,,"999,M,+0044,1",,"99999,9,08913,1","7,1,003,1,+999,9","3,1405,9","21,1","4,99,0129,1","SYN023333   10044 60047 91125",
"07555099999","1990-11-02T21:00:00","4","44.177776","2.515","616.91","CASSAGNES BEGONHES, FR","FM-12","99999","V020","270,1,N,0062,1","99999,9,9,N","999999,9,N,9","+0025,1","+0024,1","99999,9","03,0010,9,1",,,"0,000",,,"4,1,03,1",,,,,,,,,,"99999,9,08919,1","3,1,006,1,+999,9","3,1408,9","41,1","4,99,0160,1","SYN017333   60017 91131",
"07555099999","1990-11-03T00:00:00","4","44.177776","2.515","616.91","CASSAGNES BEGONHES, FR","FM-12","99999","V020","290,1,N,0051,1","99999,9,9,N","999999,9,N,9","+0015,1","+0002,1","99999,9","06,0010,9,1",,,"0,000",,,,,,,,,,,,,"99999,9,08920,1","3,1,001,1,+999,9","3,1408,9",,"4,99,0160,1","SYN011333   91131",
"07555099999","1990-11-03T03:00:00","4","44.177776","2.515","616.91","CASSAGNES BEGONHES, FR","FM-12","99999","V020","260,1,N,0031,1","99999,9,9,N","999999,9,N,9","+0007,1","+0004,1","99999,9","03,0002,9,1","99,0003,9,1",,"0,000",,,"4,1,03,1",,,,,,,,,,"99999,9,08915,1","6,1,005,1,+999,9","3,1402,9","21,1","4,99,0072,1","SYN017333   69927 91114",
"07555099999","1990-11-03T06:00:00","4","44.177776","2.515","616.91","CASSAGNES BEGONHES, FR","FM-12","99999","V020","280,1,N,0010,1","99999,9,9,N","999999,9,N,9","+0008,1","+0007,1","99999,9","03,0002,9,1","24,0128,9,1","99,0003,9,1","0,000",,,,,,,,,"0000,9","999,+0000,9","999,M,+0044,1","999,N,+0006,1","99999,9,08911,1","6,1,004,1,+999,9","3,1399,9",,"4,99,0072,1","SYN047333   10044 20006 3/000 55000 69927 70128 91114",
"07555099999","1990-11-03T09:00:00","4","44.177776","2.515","616.91","CASSAGNES BEGONHES, FR","FM-12","99999","V020","270,1,N,0010,1","00150,1,C,N","006000,1,N,9","+0021,1","+0003,1","99999,9","06,0000,9,1",,,"4,000",,,,,"07,1,+00150,9,07,9",,,"07,99,1,07,1,06,1,00150,1,99,9,99,9",,,,,"99999,9,08921,1","3,1,010,1,+999,9","3,1409,9",,"4,99,0051,1","SYN017333   87705 91110",
"07555099999","1990-11-03T12:00:00","4","44.177776","2.515","616.91","CASSAGNES BEGONHES, FR","FM-12","99999","V020","260,1,N,0010,1","00090,1,C,N","001000,1,N,9","+0020,1","+0010,1","99999,9","03,0004,9,1","06,0005,9,1",,"0,001",,,"6,1,06,1","4,1,06,1","08,1,+00090,9,07,9",,,"08,99,1,08,1,06,1,00150,1,99,9,99,9",,,,,"99999,9,08923,1","0,1,002,1,+999,9","3,1411,9","40,1","4,99,0051,1","SYN023333   69947 88703 91110",
"07555099999","1990-11-03T15:00:00","4","44.177776","2.515","616.91","CASSAGNES BEGONHES, FR","FM-12","99999","V020","290,1,N,0021,1","00600,1,C,N","015000,1,N,9","+0041,1","+0004,1","99999,9","03,0002,9,1","99,0003,9,1",,"0,006",,,"8,1,03,1","6,1,03,1","02,1,+00480,9,09,9","04,1,+00600,9,08,9",,"06,99,1,05,1,03,1,00450,1,06,1,00,1",,,,,"99999,9,08924,1","3,1,001,1,+999,9","3,1415,9","00,1","4,99,0072,1","SYN029333   69927 82916 84820 91114",
"07555099999","1990-11-03T18:00:00","4","44.177776","2.515","616.91","CASSAGNES BEGONHES, FR","FM-12","99999","V020","290,1,N,0010,1","99999,9,9,N","999999,9,N,9","+0003,1","-0011,1","99999,9","99,0005,9,1",,,"0,000",,,,,,,,,,,"999,M,+0050,1",,"99999,9,08936,1","3,1,012,1,+999,9","3,1420,9",,"4,99,0072,1","SYN017333   10050 91114",
"07555099999","1990-11-03T21:00:00","4","44.177776","2.515","616.91","CASSAGNES BEGONHES, FR","FM-12","99999","V020","320,1,N,0010,1","99999,9,9,N","999999,9,N,9","-0002,1","-0009,1","99999,9","06,0000,9,1",,,"4,000",,,,,,,,,,,,,"99999,9,08948,1","2,1,012,1,+999,9","3,1430,9",,"4,99,0051,1","SYN011333   91110",
"07555099999","1990-11-04T00:00:00","4","44.177776","2.515","616.91","CASSAGNES BEGONHES, FR","FM-12","99999","V020","260,1,N,0010,1","99999,9,9,N","999999,9,N,9","+0000,1","-0007,1","99999,9","06,0000,9,1",,,"4,000",,,,,,,,,,,,,"99999,9,08948,1","0,1,000,1,+999,9","3,1430,9",,"4,99,0051,1","SYN011333   91110",
"07555099999","1990-11-04T03:00:00","4","44.177776","2.515","616.91","CASSAGNES BEGONHES, FR","FM-12","99999","V020","310,1,N,0031,1","99999,9,9,N","999999,9,N,9","+0002,1","-0005,1","99999,9","06,0000,9,1",,,"4,000",,,,,,,,,,,,,"99999,9,08952,1","1,1,004,1,+999,9","3,1434,9",,"4,99,0062,1","SYN011333   91112",
"07555099999","1990-11-04T06:00:00","4","44.177776","2.515","616.91","CASSAGNES BEGONHES, FR","FM-12","99999","V020","010,1,N,0051,1","99999,9,9,N","999999,9,N,9","-0003,1","-0033,1","99999,9","06,0000,9,1","24,0006,9,1",,"4,000",,,,,,,,,"0102,9","999,-0020,9","999,M,+0050,1","999,N,-0011,1","99999,9,08956,1","1,1,004,1,+999,9","3,1437,9",,"4,99,0098,1","SYN041333   10050 21011 3/102 55017 70006 91119",
"07555099999","1990-11-04T09:00:00","4","44.177776","2.515","616.91","CASSAGNES BEGONHES, FR","FM-12","99999","V020","010,1,N,0041,1","99999,9,9,N","999999,9,N,9","+0027,1","-0022,1","99999,9","03,0002,9,1","99,0003,9,1",,"0,000",,,"4,1,03,1",,,,,,,,,,"99999,9,08973,1","2,1,017,1,+999,9","3,1457,9","21,1","4,99,0108,1","SYN017333   69927 91121",
"07555099999","1990-11-04T12:00:00","4","44.177776","2.515","616.91","CASSAGNES BEGONHES, FR","FM-12","99999","V020","030,1,N,0051,1","00900,1,C,N","020000,1,N,9","+0035,1","-0029,1","99999,9","06,0003,9,1",,,"0,000",,,,,"06,1,+00900,9,08,9",,,"06,99,1,06,1,02,1,00800,1,00,1,00,1",,,,,"99999,9,08973,1","0,1,000,1,+999,9","3,1458,9",,"4,99,0108,1","SYN017333   86830 91121",
"07555099999","1990-11-04T15:00:00","4","44.177776","2.515","616.91","CASSAGNES BEGONHES, FR","FM-12","99999","V020","320,1,N,0031,1","02400,1,C,N","030000,1,N,9","+0033,1","-0033,1","99999,9","06,0000,9,1",,,"4,000",,,,,"03,1,+00780,9,08,9","03,1,+02400,9,03,9",,"05,99,1,03,1,02,1,00800,1,08,1,00,1",,,,,"99999,9,08974,1","0,1,001,1,+999,9","3,1458,9",,"4,99,0129,1","SYN023333   83826 83358 91125",
"07555099999","1990-11-04T18:00:00","4","44.177776","2.515","616.91","CASSAGNES BEGONHES, FR","FM-12","99999","V020","340,1,N,0021,1","99999,9,9,N","999999,9,N,9","+0014,1","-0018,1","99999,9","99,0003,9,1",,,"0,000",,,,,,,,,,,"999,M,+0044,1",,"99999,9,08984,1","1,1,010,1,+999,9","3,1464,9",,"4,99,0129,1","SYN017333   10044 91125",
"07555099999","1990-11-04T21:00:00","4","44.177776","2.515","616.91","CASSAGNES BEGONHES, FR","FM-12","99999","V020","300,1,N,0031,1","99999,9,9,N","999999,9,N,9","-0006,1","-0025,1","99999,9","06,0000,9,1",,,"4,000",,,,,,,,,,,,,"99999,9,08993,1","2,1,009,1,+999,9","3,1469,9",,"4,99,0062,1","SYN011333   91112",
"07555099999","1990-11-05T00:00:00","4","44.177776","2.515","616.91","CASSAGNES BEGONHES, FR","FM-12","99999","V020","320,1,N,0031,1","99999,9,9,N","999999,9,N,9","-0014,1","-0027,1","99999,9","06,0000,9,1",,,"4,000",,,,,,,,,,,,,"99999,9,08999,1","1,1,006,1,+999,9","3,1473,9",,"4,99,0062,1","SYN011333   91112",
"07555099999","1990-11-05T03:00:00","4","44.177776","2.515","616.91","CASSAGNES BEGONHES, FR","FM-12","99999","V020","310,1,N,0051,1","99999,9,9,N","999999,9,N,9","-0011,1","-0024,1","99999,9","06,0000,9,1",,,"4,000",,,,,,,,,,,,,"99999,9,08996,1","6,1,003,1,+999,9","3,1471,9",,"4,99,0082,1","SYN011333   91116",
"07555099999","1990-11-05T06:00:00","4","44.177776","2.515","616.91","CASSAGNES BEGONHES, FR","FM-12","99999","V020","280,1,N,0021,1","99999,9,9,N","999999,9,N,9","-0019,1","-0030,1","99999,9","06,0000,9,1","24,0002,9,1",,"4,000",,,,,,,,,"0276,9","999,-0030,9","999,M,+0044,1","999,N,-0021,1","99999,9,08994,1","5,1,002,1,+999,9","3,1468,9",,"4,99,0082,1","SYN041333   10044 21021 3/103 55046 70002 91116",
"07555099999","1990-11-05T09:00:00","4","44.177776","2.515","616.91","CASSAGNES BEGONHES, FR","FM-12","99999","V020","310,1,N,0021,1","99999,9,9,N","999999,9,N,9","+0012,1","-0001,1","99999,9","03,0002,9,1","99,0003,9,1",,"0,000",,,"4,1,03,1",,,,,,,,,,"99999,9,09006,1","1,1,012,1,+999,9","3,1484,9","21,1","4,99,0062,1","SYN017333   69927 91112",
"07555099999","1990-11-05T12:00:00","4","44.177776","2.515","616.91","CASSAGNES BEGONHES, FR","FM-12","99999","V020","020,1,N,0041,1","99999,9,9,N","999999,9,N,9","+0029,1","-0018,1","99999,9","03,0120,9,1","06,0120,9,1",,"0,000",,,,,,,,,,,,,"99999,9,09007,1","0,1,001,1,+999,9","3,1487,9",,"4,99,0088,1","SYN017333   60127 91117",
"07555099999","1990-11-05T15:00:00","4","44.177776","2.515","616.91","CASSAGNES BEGONHES, FR","FM-12","99999","V020","010,1,N,0031,1","99999,9,9,N","999999,9,N,9","+0031,1","-0014,1","99999,9","06,0000,9,1",,,"4,000",,,,,,,,,,,,,"99999,9,09009,1","3,1,002,1,+999,9","3,1490,9",,"4,99,0088,1","SYN011333   91117",
"07555099999","1990-11-05T18:00:00","4","44.177776","2.515","616.91","CASSAGNES BEGONHES, FR","FM-12","99999","V020","020,1,N,0021,1","99999,9,9,N","999999,9,N,9","+0007,1","-0018,1","99999,9","06,0000,9,1",,,"4,000",,,,,,,,,,,"999,M,+0043,1",,"99999,9,09014,1","3,1,005,1,+999,9","3,1490,9",,"4,99,0088,1","SYN017333   10043 91117",
"07555099999","1990-11-05T21:00:00","4","44.177776","2.515","616.91","CASSAGNES BEGONHES, FR","FM-12","99999","V020","040,1,N,0051,1","99999,9,9,N","999999,9,N,9","+0012,1","-0020,1","99999,9","06,0000,9,1",,,"4,000",,,,,,,,,,,,,"99999,9,09020,1","3,1,006,1,+999,9","3,1496,9",,"4,99,0088,1","SYN011333   91117",
"07555099999","1990-11-06T00:00:00","4","44.177776","2.515","616.91","CASSAGNES BEGONHES, FR","FM-12","99999","V020","030,1,N,0041,1","99999,9,9,N","999999,9,N,9","+0006,1","-0021,1","99999,9","06,0000,9,1",,,"4,000",,,,,,,,,,,,,"99999,9,09026,1","3,1,006,1,+999,9","3,1500,9",,"4,99,0118,1","SYN011333   91123",
"07555099999","1990-11-06T03:00:00","4","44.177776","2.515","616.91","CASSAGNES BEGONHES, FR","FM-12","99999","V020","040,1,N,0031,1","99999,9,9,N","999999,9,N,9","-0002,1","-0029,1","99999,9","06,0000,9,1",,,"4,000",,,,,,,,,,,,,"99999,9,09024,1","5,1,002,1,+999,9","3,1497,9",,"4,99,0098,1","SYN011333   91119",
"07555099999","1990-11-06T06:00:00","4","44.177776","2.515","616.91","CASSAGNES BEGONHES, FR","FM-12","99999","V020","110,1,N,0021,1","99999,9,9,N","999999,9,N,9","-0011,1","-0039,1","99999,9","06,0000,9,1",,,"4,000",,,,,,,,,"0168,9","999,-0020,9","999,M,+0043,1","999,N,-0011,1","99999,9,09026,1","2,1,002,1,+999,9","3,1497,9",,"4,99,0098,1","SYN035333   10043 21011 3/102 55028 91119",
"07555099999","1990-11-06T12:00:00","4","44.177776","2.515","616.91","CASSAGNES BEGONHES, FR","FM-12","99999","V020","050,1,N,0041,1","22000,1,C,N","020000,1,N,9","+0060,1","-0039,1","99999,9","06,0000,9,1",,,"4,000",,,,,"02,1,+09000,9,00,9",,,"02,99,1,00,1,00,1,99999,9,00,1,01,1",,,,,"99999,9,09041,1","1,1,004,1,+999,9","3,1523,9",,"4,99,0088,1","SYN017333   82080 91117",
"07555099999","1990-11-06T15:00:00","4","44.177776","2.515","616.91","CASSAGNES BEGONHES, FR","FM-12","99999","V020","070,1,N,0010,1","22000,1,C,N","030000,1,N,9","+0083,1","-0066,1","99999,9","06,0000,9,1",,,"4,000",,,,,"01,1,+09000,9,00,9",,,"01,99,1,00,1,00,1,99999,9,00,1,01,1",,,,,"99999,9,09041,1","5,1,000,1,+999,9","3,1527,9",,"4,99,0072,1","SYN017333   81080 91114",
"07555099999","1990-11-06T18:00:00","4","44.177776","2.515","616.91","CASSAGNES BEGONHES, FR","FM-12","99999","V020","070,1,N,0021,1","99999,9,9,N","999999,9,N,9","+0014,1","-0033,1","99999,9","06,0000,9,1",,,"4,000",,,,,,,,,,,"999,M,+0084,1",,"99999,9,09057,1","3,1,016,1,+999,9","3,1529,9",,"4,99,0072,1","SYN017333   10084 91114",
"07555099999","1990-11-06T21:00:00","4","44.177776","2.515","616.91","CASSAGNES BEGONHES, FR","FM-12","99999","V020","999,1,C,0000,1","99999,9,9,N","999999,9,N,9","-0028,1","-0048,1","99999,9","06,0000,9,1",,,"4,000",,,,,,,,,,,,,"99999,9,09064,1","1,1,007,1,+999,9","3,1527,9",,"4,99,0041,1","SYN011333   91108",
"07555099999","1990-11-07T00:00:00","4","44.177776","2.515","616.91","CASSAGNES BEGONHES, FR","FM-12","99999","V020","280,1,N,0010,1","99999,9,9,N","999999,9,N,9","-0035,1","-0048,1","99999,9","06,0000,9,1",,,"4,000",,,,,,,,,,,,,"99999,9,09067,1","1,1,003,1,+999,9","3,1528,9",,"4,99,0041,1","SYN011333   91108",
"07555099999","1990-11-07T03:00:00","4","44.177776","2.515","616.91","CASSAGNES BEGONHES, FR","FM-12","99999","V020","999,1,C,0000,1","99999,9,9,N","999999,9,N,9","-0028,1","-0033,1","99999,9","06,0000,9,1",,,"4,000",,,,,,,,,,,,,"99999,9,09065,1","6,1,002,1,+999,9","3,1528,9",,"4,99,0021,1","SYN011333   91104",
"07555099999","1990-11-07T06:00:00","4","44.177776","2.515","616.91","CASSAGNES BEGONHES, FR","FM-12","99999","V020","999,1,C,0000,1","99999,9,9,N","999999,9,N,9","-0028,1","-0032,1","99999,9","06,0000,9,1",,,"4,000",,,,,,,,,"0546,9","999,-0060,9","999,M,+0084,1","999,N,-0038,1","99999,9,09067,1","1,1,002,1,+999,9","3,1530,9",,"4,99,0021,1","SYN035333   10084 21038 3/106 55091 91104",
"07555099999","1990-11-07T09:00:00","4","44.177776","2.515","616.91","CASSAGNES BEGONHES, FR","FM-12","99999","V020","130,1,N,0031,1","22000,1,C,N","010000,1,N,9","+0055,1","+0022,1","99999,9","06,0000,9,1",,,"4,000",,,,,"01,1,+00600,9,08,9",,,"01,99,1,01,1,02,1,00800,1,00,1,00,1",,,,,"99999,9,09076,1","3,1,009,1,+999,9","3,1554,9",,"4,99,0051,1","SYN017333   81820 91110",
"07555099999","1990-11-07T12:00:00","4","44.177776","2.515","616.91","CASSAGNES BEGONHES, FR","FM-12","99999","V020","180,1,N,0041,1","22000,1,C,N","015000,1,N,9","+0079,1","+0013,1","99999,9","06,0000,9,1",,,"4,000",,,,,"02,1,+00990,9,08,9",,,"02,99,1,02,1,01,1,01250,1,00,1,00,1",,,,,"99999,9,09072,1","8,1,004,1,+999,9","3,1555,9",,"4,99,0072,1","SYN017333   82833 91114",
"07555099999","1990-11-07T15:00:00","4","44.177776","2.515","616.91","CASSAGNES BEGONHES, FR","FM-12","99999","V020","180,1,N,0041,1","22000,1,C,N","020000,1,N,9","+0074,1","+0002,1","99999,9","06,0000,9,1",,,"4,000",,,,,"01,1,+00780,9,08,9",,,"01,99,1,01,1,02,1,00800,1,00,1,00,1",,,,,"99999,9,09066,1","6,1,006,1,+999,9","3,1548,9",,"4,99,0072,1","SYN017333   81826 91114",
"07555099999","1990-11-07T18:00:00","4","44.177776","2.515","616.91","CASSAGNES BEGONHES, FR","FM-12","99999","V020","180,1,N,0010,1","99999,9,9,N","999999,9,N,9","+0023,1","-0004,1","99999,9","06,0000,9,1",,,"4,000",,,,,,,,,,,"999,M,+0089,1",,"99999,9,09072,1","1,1,006,1,+999,9","3,1544,9",,"4,99,0072,1","SYN017333   10089 91114",
"07555099999","1990-11-07T21:00:00","4","44.177776","2.515","616.91","CASSAGNES BEGONHES, FR","FM-12","99999","V020","160,1,N,0021,1","99999,9,9,N","999999,9,N,9","+0029,1","+0010,1","99999,9","06,0000,9,1",,,"4,000",,,,,,,,,,,,,"99999,9,09069,1","6,1,003,1,+999,9","3,1542,9",,"4,99,0051,1","SYN011333   91110",
"07555099999","1990-11-08T00:00:00","4","44.177776","2.515","616.91","CASSAGNES BEGONHES, FR","FM-12","99999","V020","170,1,N,0031,1","99999,9,9,N","999999,9,N,9","+0027,1","-0009,1","99999,9","06,0000,9,1",,,"4,000",,,,,,,,,,,,,"99999,9,09059,1","6,1,010,1,+999,9","3,1533,9",,"4,99,0062,1","SYN011333   91112",
"07555099999","1990-11-08T03:00:00","4","44.177776","2.515","616.91","CASSAGNES BEGONHES, FR","FM-12","99999","V020","160,1,N,0041,1","99999,9,9,N","999999,9,N,9","+0038,1","+0015,1","99999,9","06,0000,9,1",,,"4,000",,,,,,,,,,,,,"99999,9,09050,1","8,1,009,1,+999,9","3,1528,9",,"4,99,0082,1","SYN011333   91116",
"07555099999","1990-11-08T06:00:00","4","44.177776","2.515","616.91","CASSAGNES BEGONHES, FR","FM-12","99999","V020","140,1,N,0041,1","99999,9,9,N","999999,9,N,9","+0036,1","+0023,1","99999,9","06,0000,9,1",,,"4,000",,,,,,,,,"0552,9","999,-0020,9","999,M,+0089,1","999,N,+0005,1","99999,9,09050,1","0,1,000,1,+999,9","3,1528,9",,"4,99,0098,1","SYN035333   10089 20005 3/102 55092 91119",
"07555099999","1990-11-08T09:00:00","4","44.177776","2.515","616.91","CASSAGNES BEGONHES, FR","FM-12","99999","V020","140,1,N,0062,1","99999,9,9,N","999999,9,N,9","+0043,1","+0028,1","99999,9","06,0000,9,1",,,"4,000",,,,,,,,,,,,,"99999,9,09052,1","3,1,002,1,+999,9","3,1530,9",,"4,99,0129,1","SYN011333   91125",
"07555099999","1990-11-08T12:00:00","4","44.177776","2.515","616.91","CASSAGNES BEGONHES, FR","FM-12","99999","V020","160,1,N,0031,1","99999,9,9,N","999999,9,N,9","+0054,1","+0029,1","99999,9","06,0000,9,1",,,"4,000",,,,,,,,,,,,,"99999,9,09048,1","8,1,004,1,+999,9","3,1529,9",,"4,99,0129,1","SYN011333   91125",
"07555099999","1990-11-08T15:00:00","4","44.177776","2.515","616.91","CASSAGNES BEGONHES, FR","FM-12","99999","V020","160,1,N,0051,1","99999,9,9,N","999999,9,N,9","+0057,1","+0032,1","99999,9","06,0000,9,1",,,"4,000",,,,,,,,,,,,,"99999,9,09040,1","5,1,008,1,+999,9","3,1522,9",,"4,99,0098,1","SYN011333   91119",
"07555099999","1990-11-08T18:00:00","4","44.177776","2.515","616.91","CASSAGNES BEGONHES, FR","FM-12","99999","V020","160,1,N,0041,1","99999,9,9,N","999999,9,N,9","+0052,1","+0040,1","99999,9","06,0000,9,1",,,"4,000",,,,,,,,,,,"999,M,+0060,1",,"99999,9,09041,1","3,1,001,1,+999,9","3,1522,9",,"4,99,0098,1","SYN017333   10060 91119",
"07555099999","1990-11-08T21:00:00","4","44.177776","2.515","616.91","CASSAGNES BEGONHES, FR","FM-12","99999","V020","200,1,N,0021,1","99999,9,9,N","999999,9,N,9","+0055,1","+0043,1","99999,9","06,0000,9,1",,,"4,000",,,,,,,,,,,,,"99999,9,09041,1","5,1,000,1,+999,9","3,1523,9",,"4,99,0088,1","SYN011333   91117",
"07555099999","1990-11-09T00:00:00","4","44.177776","2.515","616.91","CASSAGNES BEGONHES, FR","FM-12","99999","V020","190,1,N,0041,1","99999,9,9,N","999999,9,N,9","+0059,1","+0050,1","99999,9","06,0000,9,1",,,"4,000",,,,,,,,,,,,,"99999,9,09039,1","7,1,002,1,+999,9","3,1522,9",,"4,99,0088,1","SYN011333   91117",
"07555099999","1990-11-09T03:00:00","4","44.177776","2.515","616.91","CASSAGNES BEGONHES, FR","FM-12","99999","V020","200,1,N,0031,1","99999,9,9,N","999999,9,N,9","+0059,1","+0044,1","99999,9","06,0000,9,1",,,"4,000",,,,,,,,,,,,,"99999,9,09037,1","8,1,002,1,+999,9","3,1520,9",,"4,99,0082,1","SYN011333   91116",
"07555099999","1990-11-09T06:00:00","4","44.177776","2.515","616.91","CASSAGNES BEGONHES, FR","FM-12","99999","V020","030,1,N,0010,1","99999,9,9,N","999999,9,N,9","+0059,1","+0045,1","99999,9","06,0000,9,1",,,"4,000",,,,,,,,,"0000,9","999,+0050,9","999,M,+0060,1","999,N,+0050,1","99999,9,09040,1","3,1,003,1,+999,9","3,1523,9",,"4,99,0082,1","SYN035333   10060 20050 3/005 55000 91116",
"07555099999","1990-11-09T12:00:00","4","44.177776","2.515","616.91","CASSAGNES BEGONHES, FR","FM-12","99999","V020","170,1,N,0031,1","00390,1,C,N","015000,1,N,9","+0073,1","+0054,1","99999,9","06,0000,9,1",,,"4,000",,,,,"08,1,+00390,9,04,9",,,"08,99,1,08,1,05,1,00450,1,99,9,99,9",,,,,"99999,9,09052,1","8,1,001,1,+999,9","3,1536,9",,"4,99,0072,1","SYN017333   88513 91114",
"07555099999","1990-11-09T15:00:00","4","44.177776","2.515","616.91","CASSAGNES BEGONHES, FR","FM-12","99999","V020","180,1,N,0021,1","00300,1,C,N","012000,1,N,9","+0067,1","+0056,1","99999,9","03,0002,9,1","99,0003,9,1",,"0,001",,,"6,1,03,1","2,1,03,1","08,1,+00300,9,05,9",,,"08,99,1,08,1,05,1,00450,1,99,9,99,9",,,,,"99999,9,09052,1","5,1,000,1,+999,9","3,1535,9","60,1","4,99,0072,1","SYN023333   69927 88610 91114",
"07555099999","1990-11-09T21:00:00","4","44.177776","2.515","616.91","CASSAGNES BEGONHES, FR","FM-12","99999","V020","170,1,N,0021,1","99999,9,9,N","999999,9,N,9","+0066,1","+0065,1","99999,9","03,0006,9,1","99,0005,9,1",,"0,000",,,"4,1,03,1",,,,,,,,,,"99999,9,09064,1","3,1,003,1,+999,9","3,1546,9","21,1","4,99,0062,1","SYN017333   69967 91112",
"07555099999","1990-11-10T00:00:00","4","44.177776","2.515","616.91","CASSAGNES BEGONHES, FR","FM-12","99999","V020","180,1,N,0041,1","99999,9,9,N","999999,9,N,9","+0066,1","+0062,1","99999,9","03,0010,9,1","06,0010,9,1",,"0,000",,,"4,1,06,1",,,,,,,,,,"99999,9,09058,1","8,1,006,1,+999,9","3,1540,9","41,1","4,99,0062,1","SYN017333   60017 91112",
"07555099999","1990-11-10T03:00:00","4","44.177776","2.515","616.91","CASSAGNES BEGONHES, FR","FM-12","99999","V020","170,1,N,0031,1","99999,9,9,N","999999,9,N,9","+0060,1","+0056,1","99999,9","03,0050,9,1",,,"0,000",,,"4,1,03,1",,,,,,,,,,"99999,9,09049,1","7,1,009,1,+999,9","3,1531,9","41,1","4,99,0072,1","SYN017333   60057 91114",
"07555099999","1990-11-10T06:00:00","4","44.177776","2.515","616.91","CASSAGNES BEGONHES, FR","FM-12","99999","V020","170,1,N,0041,1","99999,9,9,N","999999,9,N,9","+0060,1","+0056,1","99999,9","03,0020,9,1","24,0082,9,1",,"0,000",,,,,,,,,"0000,9","999,+0050,9","999,M,+0078,1","999,N,+0056,1","99999,9,09046,1","6,1,003,1,+999,9","3,1529,9",,"4,99,0072,1","SYN047333   10078 20056 3/005 55000 60027 70082 91114",
"07555099999","1990-11-10T09:00:00","4","44.177776","2.515","616.91","CASSAGNES BEGONHES, FR","FM-12","99999","V020","110,1,N,0010,1","00300,1,C,N","004000,1,N,9","+0063,1","+0056,1","99999,9","03,0020,9,1",,,"0,000",,,,,"08,1,+00300,9,07,9",,,"08,99,1,08,1,07,1,00450,1,99,9,99,9",,,,,"99999,9,09056,1","3,1,010,1,+999,9","3,1538,9","60,1","4,99,0088,1","SYN023333   60027 88710 91117",
"07555099999","1990-11-10T12:00:00","4","44.177776","2.515","616.91","CASSAGNES BEGONHES, FR","FM-12","99999","V020","150,1,N,0031,1","00180,1,C,N","004000,1,N,9","+0063,1","+0062,1","99999,9","03,0010,9,1","06,0010,9,1",,"9,001",,,"6,1,06,1","4,1,06,1","08,1,+00180,9,07,9",,,"08,99,1,08,1,07,1,00250,1,99,9,99,9",,,,,"99999,9,09054,1","8,1,002,1,+999,9","3,1536,9","21,1","4,99,0088,1","SYN023333   60017 88706 91117",
"07555099999","1990-11-10T15:00:00","4","44.177776","2.515","616.91","CASSAGNES BEGONHES, FR","FM-12","99999","V020","170,1,N,0031,1","00180,1,C,N","003000,1,N,9","+0061,1","+0057,1","99999,9","03,9999,2,9",,,"9,001",,,"6,1,03,1","4,1,03,1","08,1,+00180,9,07,9",,,"08,99,1,08,1,07,1,00250,1,99,9,99,9",,,,,"99999,9,09053,1","5,1,001,1,+999,9","3,1535,9","60,1","4,99,0062,1","SYN023333   69907 88706 91112",
"07555099999","1990-11-10T18:00:00","4","44.177776","2.515","616.91","CASSAGNES BEGONHES, FR","FM-12","99999","V020","999,1,C,0000,1","99999,9,9,N","999999,9,N,9","+0062,1","+0061,1","99999,9","03,0040,9,1",,,"0,000",,,,,,,,,,,"999,M,+0065,1",,"99999,9,09064,1","3,1,011,1,+999,9","3,1545,9",,"4,99,0062,1","SYN023333   10065 60047 91112",
"07555099999","1990-11-10T21:00:00","4","44.177776","2.515","616.91","CASSAGNES BEGONHES, FR","FM-12","99999","V020","180,1,N,0010,1","99999,9,9,N","999999,9,N,9","+0061,1","+0061,1","99999,9","03,0002,9,1","99,0003,9,1",,"0,000",,,,,,,,,,,,,"99999,9,09071,1","1,1,007,1,+999,9","3,1551,9",,"4,99,0041,1","SYN017333   69927 91108",
"07555099999","1990-11-11T00:00:00","4","44.177776","2.515","616.91","CASSAGNES BEGONHES, FR","FM-12","99999","V020","999,1,C,0000,1","99999,9,9,N","999999,9,N,9","+0060,1","+0060,1","99999,9","03,0002,9,1","06,0003,9,1",,"0,000",,,"4,1,06,1",,,,,,,,,,"99999,9,09078,1","2,1,007,1,+999,9","3,1557,9","21,1","4,99,0041,1","SYN017333   69927 91108",
"07555099999","1990-11-11T03:00:00","4","44.177776","2.515","616.91","CASSAGNES BEGONHES, FR","FM-12","99999","V020","999,1,C,0000,1","99999,9,9,N","999999,9,N,9","+0060,1","+0060,1","99999,9","03,0002,9,1","99,0003,9,1",,"0,000",,,,,,,,,,,,,"99999,9,09076,1","6,1,002,1,+999,9","3,1555,9",,"4,99,0000,1","SYN017333   69927 91100",
"07555099999","1990-11-11T06:00:00","4","44.177776","2.515","616.91","CASSAGNES BEGONHES, FR","FM-12","99999","V020","999,1,C,0000,1","99999,9,9,N","999999,9,N,9","+0062,1","+0062,1","99999,9","24,0074,9,1","99,0005,9,1",,"0,000",,,,,,,,,"0000,9","999,+0060,9","999,M,+0065,1","999,N,+0060,1","99999,9,09080,1","3,1,004,1,+999,9","3,1559,9",,"4,99,0000,1","SYN041333   10065 20060 3/006 55000 70074 91100",
"07555099999","1990-11-11T12:00:00","4","44.177776","2.515","616.91","CASSAGNES BEGONHES, FR","FM-12","99999","V020","290,1,N,0021,1","99999,9,9,N","999999,9,N,9","+0086,1","+0085,1","99999,9","06,0000,9,1",,,"4,000",,,,,,,,,,,,,"99999,9,09084,1","8,1,003,1,+999,9","3,1568,9",,"4,99,0031,1","SYN011333   91106",
"07555099999","1990-11-11T15:00:00","4","44.177776","2.515","616.91","CASSAGNES BEGONHES, FR","FM-12","99999","V020","270,1,N,0021,1","99999,9,9,N","999999,9,N,9","+0087,1","+0082,1","99999,9","06,0000,9,1",,,"4,000",,,,,,,,,,,,,"99999,9,09088,1","3,1,004,1,+999,9","3,1572,9",,"4,99,0041,1","SYN011333   91108",
"07555099999","1990-11-11T18:00:00","4","44.177776","2.515","616.91","CASSAGNES BEGONHES, FR","FM-12","99999","V020","999,1,C,0000,1","99999,9,9,N","999999,9,N,9","+0071,1","+0070,1","99999,9","06,0000,9,1",,,"4,000",,,,,,,,,,,"999,M,+0101,1",,"99999,9,09086,1","8,1,002,1,+999,9","3,1567,9",,"4,99,0041,1","SYN017333   10101 91108",
"07555099999","1990-11-11T21:00:00","4","44.177776","2.515","616.91","CASSAGNES BEGONHES, FR","FM-12","99999","V020","999,1,C,0000,1","99999,9,9,N","999999,9,N,9","+0067,1","+0066,1","99999,9","06,0000,9,1",,,"4,000",,,,,,,,,,,,,"99999,9,09084,1","8,1,002,1,+999,9","3,1564,9",,"4,99,0041,1","SYN011333   91108",
"07555099999","1990-11-12T00:00:00","4","44.177776","2.515","616.91","CASSAGNES BEGONHES, FR","FM-12","99999","V020","320,1,N,0031,1","99999,9,9,N","999999,9,N,9","+0064,1","+0064,1","99999,9","06,0000,9,1",,,"4,000",,,,,,,,,,,,,"99999,9,09077,1","7,1,007,1,+999,9","3,1557,9",,"4,99,0051,1","SYN011333   91110",
"07555099999","1990-11-12T03:00:00","4","44.177776","2.515","616.91","CASSAGNES BEGONHES, FR","FM-12","99999","V020","320,1,N,0031,1","99999,9,9,N","999999,9,N,9","+0059,1","+0052,1","99999,9","06,0000,9,1",,,"4,000",,,,,,,,,,,,,"99999,9,09068,1","7,1,009,1,+999,9","3,1548,9",,"4,99,0051,1","SYN011333   91110",
"07555099999","1990-11-12T06:00:00","4","44.177776","2.515","616.91","CASSAGNES BEGONHES, FR","FM-12","99999","V020","350,1,N,0041,1","99999,9,9,N","999999,9,N,9","+0058,1","+0041,1","99999,9","06,0000,9,1",,,"4,000",,,,,,,,,"0024,9","999,+0060,9","999,M,+0101,1","999,N,+0057,1","99999,9,09071,1","3,1,003,1,+999,9","3,1550,9",,"4,99,0088,1","SYN035333   10101 20057 3/006 55004 91117",
"07555099999","1990-11-12T09:00:00","4","44.177776","2.515","616.91","CASSAGNES BEGONHES, FR","FM-12","99999","V020","150,1,N,0031,1","99999,9,9,N","999999,9,N,9","+0068,1","+0031,1","99999,9","06,0000,9,1",,,"4,000",,,,,,,,,,,,,"99999,9,09079,1","1,1,008,1,+999,9","3,1559,9",,"4,99,0129,1","SYN011333   91125",
"07555099999","1990-11-12T12:00:00","4","44.177776","2.515","616.91","CASSAGNES BEGONHES, FR","FM-12","99999","V020","070,1,N,0031,1","99999,9,9,N","999999,9,N,9","+0101,1","+0040,1","99999,9","06,0000,9,1",,,"4,000",,,,,,,,,,,,,"99999,9,09076,1","6,1,003,1,+999,9","3,1563,9",,"4,99,0129,1","SYN011333   91125",
"07555099999","1990-11-12T15:00:00","4","44.177776","2.515","616.91","CASSAGNES BEGONHES, FR","FM-12","99999","V020","040,1,N,0031,1","99999,9,9,N","999999,9,N,9","+0093,1","+0037,1","99999,9","06,0000,9,1",,,"4,000",,,,,,,,,,,,,"99999,9,09079,1","3,1,003,1,+999,9","3,1564,9",,"4,99,0082,1","SYN011333   91116",
"07555099999","1990-11-12T18:00:00","4","44.177776","2.515","616.91","CASSAGNES BEGONHES, FR","FM-12","99999","V020","070,1,N,0041,1","99999,9,9,N","999999,9,N,9","+0053,1","+0032,1","99999,9","06,0000,9,1",,,"4,000",,,,,,,,,,,"999,M,+0110,1",,"99999,9,09085,1","1,1,006,1,+999,9","3,1562,9",,"4,99,0082,1","SYN017333   10110 91116",
"07555099999","1990-11-12T21:00:00","4","44.177776","2.515","616.91","CASSAGNES BEGONHES, FR","FM-12","99999","V020","030,1,N,0010,1","99999,9,9,N","999999,9,N,9","+0007,1","+0003,1","99999,9","06,0000,9,1",,,"4,000",,,,,,,,,,,,,"99999,9,09091,1","1,1,006,1,+999,9","3,1558,9",,"4,99,0082,1","SYN011333   91116",
"07555099999","1990-11-13T00:00:00","4","44.177776","2.515","616.91","CASSAGNES BEGONHES, FR","FM-12","99999","V020","999,1,C,0000,1","99999,9,9,N","999999,9,N,9","+0022,1","+0012,1","99999,9","06,0000,9,1",,,"4,000",,,,,,,,,,,,,"99999,9,09084,1","6,1,007,1,+999,9","3,1554,9",,"4,99,0082,1","SYN011333   91116",
"07555099999","1990-11-13T03:00:00","4","44.177776","2.515","616.91","CASSAGNES BEGONHES, FR","FM-12","99999","V020","999,1,C,0000,1","99999,9,9,N","999999,9,N,9","-0005,1","-0008,1","99999,9","06,0000,9,1",,,"4,000",,,,,,,,,,,,,"99999,9,09077,1","6,1,007,1,+999,9","3,1543,9",,"4,99,0021,1","SYN011333   91104",
"07555099999","1990-11-13T06:00:00","4","44.177776","2.515","616.91","CASSAGNES BEGONHES, FR","FM-12","99999","V020","999,1,C,0000,1","99999,9,9,N","999999,9,N,9","-0004,1","-0010,1","99999,9","06,0000,9,1",,,"4,000",,,,,,,,,"0426,9","999,-0030,9","999,M,+0110,1","999,N,-0009,1","99999,9,09074,1","5,1,003,1,+999,9","3,1541,9",,"4,99,0021,1","SYN035333   10110 21009 3/103 55071 91104",
"07555099999","1990-11-13T09:00:00","4","44.177776","2.515","616.91","CASSAGNES BEGONHES, FR","FM-12","99999","V020","999,1,C,0000,1","22000,1,C,N","050000,1,N,9","+0097,1","+0016,1","99999,9","03,0002,9,1","99,0003,9,1",,"0,000",,,,,"01,1,+09000,9,00,9",,,"01,99,1,00,1,00,1,99999,9,00,1,01,1",,,,,"99999,9,09080,1","3,1,006,1,+999,9","3,1565,9",,"4,99,0021,1","SYN023333   69927 81080 91104",
"07555099999","1990-11-13T21:00:00","4","44.177776","2.515","616.91","CASSAGNES BEGONHES, FR","FM-12","99999","V020","999,1,C,0000,1","99999,9,9,N","999999,9,N,9","+0047,1","+0043,1","99999,9","06,0000,9,1",,,"4,000",,,,,,,,,,,,,"99999,9,09082,1","3,1,005,1,+999,9","3,1558,9",,"4,99,0021,1","SYN011333   91104",
"07555099999","1990-11-14T00:00:00","4","44.177776","2.515","616.91","CASSAGNES BEGONHES, FR","FM-12","99999","V020","999,1,C,0000,1","99999,9,9,N","999999,9,N,9","+0054,1","+0054,1","99999,9","06,0000,9,1",,,"4,000",,,,,,,,,,,,,"99999,9,09071,1","5,1,011,1,+999,9","3,1550,9",,"4,99,0021,1","SYN011333   91104",
"07555099999","1990-11-14T03:00:00","4","44.177776","2.515","616.91","CASSAGNES BEGONHES, FR","FM-12","99999","V020","999,1,C,0000,1","99999,9,9,N","999999,9,N,9","+0067,1","+0067,1","99999,9","06,0000,9,1",,,"4,000",,,,,,,,,,,,,"99999,9,09060,1","6,1,011,1,+999,9","3,1542,9",,"4,99,0031,1","SYN011333   91106",
"07555099999","1990-11-14T06:00:00","4","44.177776","2.515","616.91","CASSAGNES BEGONHES, FR","FM-12","99999","V020","260,1,N,0010,1","99999,9,9,N","999999,9,N,9","+0067,1","+0067,1","99999,9","03,0010,9,1","24,0016,9,1",,"0,000",,,"4,1,06,1",,,,,,"0444,9","999,+0030,9","999,M,+0148,1","999,N,+0043,1","99999,9,09054,1","8,1,006,1,+999,9","3,1537,9","21,1","4,99,0031,1","SYN047333   10148 20043 3/003 55074 60017 70016 91106",
"07555099999","1990-11-14T09:00:00","4","44.177776","2.515","616.91","CASSAGNES BEGONHES, FR","FM-12","99999","V020","260,1,N,0041,1","00030,1,C,N","001000,1,N,9","+0071,1","+0071,1","99999,9","03,9999,2,9",,,"0,000",,,,,"08,1,+00030,9,07,9",,,"08,99,1,08,1,07,1,00075,1,99,9,99,9",,,,,"99999,9,09058,1","3,1,004,1,+999,9","3,1541,9","60,1","4,99,0082,1","SYN023333   69907 88701 91116",
"07555099999","1990-11-14T12:00:00","4","44.177776","2.515","616.91","CASSAGNES BEGONHES, FR","FM-12","99999","V020","260,1,N,0031,1","00030,1,C,N","001000,1,N,9","+0083,1","+0083,1","99999,9","03,0020,9,1","06,0020,9,1",,"0,002",,,"6,1,06,1","4,1,06,1","08,1,+00030,9,07,9",,,"08,99,1,08,1,07,1,00075,1,99,9,99,9",,,,,"99999,9,09040,1","8,1,018,1,+999,9","3,1528,9","61,1","4,99,0088,1","SYN023333   60027 88701 91117",
"07555099999","1990-11-14T15:00:00","4","44.177776","2.515","616.91","CASSAGNES BEGONHES, FR","FM-12","99999","V020","280,1,N,0041,1","00180,1,C,N","004000,1,N,9","+0072,1","+0063,1","99999,9","03,0008,9,1","99,0010,9,1",,"0,001",,,"8,1,03,1","6,1,03,1","08,1,+00180,9,05,9",,,"08,99,1,08,1,08,1,00250,1,99,9,99,9",,,,,"99999,9,09050,1","3,1,010,1,+999,9","3,1535,9","60,1","4,99,0149,1","SYN023333   69987 88606 91129",
"07555099999","1990-11-14T18:00:00","4","44.177776","2.515","616.91","CASSAGNES BEGONHES, FR","FM-12","99999","V020","290,1,N,0041,1","99999,9,9,N","999999,9,N,9","+0071,1","+0056,1","99999,9","99,0030,9,1",,,"0,000",,,,,,,,,,,"999,M,+0085,1",,"99999,9,09071,1","1,1,021,1,+999,9","3,1553,9",,"4,99,0149,1","SYN017333   10085 91129",
"07555099999","1990-11-14T21:00:00","4","44.177776","2.515","616.91","CASSAGNES BEGONHES, FR","FM-12","99999","V020","290,1,N,0051,1","99999,9,9,N","999999,9,N,9","+0065,1","+0055,1","99999,9","06,0000,9,1",,,"4,000",,,,,,,,,,,,,"99999,9,09080,1","1,1,009,1,+999,9","3,1559,9",,"4,99,0098,1","SYN011333   91119",
"07555099999","1990-11-15T00:00:00","4","44.177776","2.515","616.91","CASSAGNES BEGONHES, FR","FM-12","99999","V020","280,1,N,0031,1","99999,9,9,N","999999,9,N,9","+0062,1","+0048,1","99999,9","03,0002,9,1","06,0003,9,1",,"0,000",,,,,,,,,,,,,"99999,9,09087,1","1,1,007,1,+999,9","3,1565,9",,"4,99,0098,1","SYN017333   69927 91119",
"07555099999","1990-11-15T03:00:00","4","44.177776","2.515","616.91","CASSAGNES BEGONHES, FR","FM-12","99999","V020","290,1,N,0031,1","99999,9,9,N","999999,9,N,9","+0054,1","+0037,1","99999,9","06,0000,9,1",,,"4,000",,,,,,,,,,,,,"99999,9,09083,1","8,1,004,1,+999,9","3,1560,9",,"4,99,0082,1","SYN011333   91116",
"07555099999","1990-11-15T06:00:00","4","44.177776","2.515","616.91","CASSAGNES BEGONHES, FR","FM-12","99999","V020","280,1,N,0051,1","99999,9,9,N","999999,9,N,9","+0047,1","+0027,1","99999,9","24,0028,9,1","99,0003,9,1",,"0,000",,,,,,,,,"0018,9","999,+0050,9","999,M,+0085,1","999,N,+0047,1","99999,9,09074,1","8,1,009,1,+999,9","3,1551,9",,"4,99,0082,1","SYN041333   10085 20047 3/005 55003 70028 91116",
"07555099999","1990-11-15T12:00:00","4","44.177776","2.515","616.91","CASSAGNES BEGONHES, FR","FM-12","99999","V020","320,1,N,0062,1","00780,1,C,N","015000,1,N,9","+0073,1","+0043,1","99999,9","03,0006,9,2","06,0005,9,2",,"0,001",,,"8,1,06,1","6,1,06,1","06,1,+00780,9,08,9",,,"06,99,1,06,1,02,1,00800,1,00,1,00,1",,,,,"99999,9,09060,1","6,1,016,1,+999,9","3,1543,9","01,1","4,99,0129,1","SYN023333   69967 86826 91125",
"07555099999","1990-11-15T15:00:00","4","44.177776","2.515","616.91","CASSAGNES BEGONHES, FR","FM-12","99999","V020","330,1,N,0041,1","00990,1,C,N","050000,1,N,9","+0067,1","+0028,1","99999,9","06,0000,9,1",,,"4,000",,,,,"05,1,+00990,9,08,9",,,"05,99,1,05,1,02,1,01250,1,00,1,00,1",,,,,"99999,9,09064,1","3,1,004,1,+999,9","3,1546,9",,"4,99,0170,1","SYN017333   85833 91133",
"07555099999","1990-11-15T18:00:00","4","44.177776","2.515","616.91","CASSAGNES BEGONHES, FR","FM-12","99999","V020","290,1,N,0031,1","99999,9,9,N","999999,9,N,9","+0048,1","+0013,1","99999,9","99,0010,9,1",,,"0,000",,,,,,,,,,,"999,M,+0081,1",,"99999,9,09082,1","1,1,018,1,+999,9","3,1558,9",,"4,99,0170,1","SYN017333   10081 91133",
"07555099999","1990-11-15T21:00:00","4","44.177776","2.515","616.91","CASSAGNES BEGONHES, FR","FM-12","99999","V020","350,1,N,0031,1","99999,9,9,N","999999,9,N,9","+0046,1","+0006,1","99999,9","06,0000,9,1",,,"4,000",,,,,,,,,,,,,"99999,9,09091,1","1,1,009,1,+999,9","3,1565,9",,"4,99,0108,1","SYN011333   91121",
"07555099999","1990-11-16T00:00:00","4","44.177776","2.515","616.91","CASSAGNES BEGONHES, FR","FM-12","99999","V020","360,1,N,0041,1","99999,9,9,N","999999,9,N,9","+0037,1","-0003,1","99999,9","06,0000,9,1",,,"4,000",,,,,,,,,,,,,"99999,9,09097,1","3,1,006,1,+999,9","3,1569,9",,"4,99,0108,1","SYN011333   91121",
"07555099999","1990-11-16T03:00:00","4","44.177776","2.515","616.91","CASSAGNES BEGONHES, FR","FM-12","99999","V020","020,1,N,0031,1","99999,9,9,N","999999,9,N,9","+0032,1","-0004,1","99999,9","06,0000,9,1",,,"4,000",,,,,,,,,,,,,"99999,9,09093,1","5,1,004,1,+999,9","3,1565,9",,"4,99,0139,1","SYN011333   91127",
"07555099999","1990-11-16T06:00:00","4","44.177776","2.515","616.91","CASSAGNES BEGONHES, FR","FM-12","99999","V020","040,1,N,0041,1","99999,9,9,N","999999,9,N,9","+0034,1","+0005,1","99999,9","06,0000,9,1","24,0010,9,1",,"4,000",,,,,,,,,"0030,9","999,+0020,9","999,M,+0081,1","999,N,+0030,1","99999,9,09092,1","8,1,001,1,+999,9","3,1564,9",,"4,99,0139,1","SYN041333   10081 20030 3/002 55005 70010 91127",
"07555099999","1990-11-16T09:00:00","4","44.177776","2.515","616.91","CASSAGNES BEGONHES, FR","FM-12","99999","V020","020,1,N,0062,1","22000,1,C,N","010000,1,N,9","+0056,1","+0015,1","99999,9","06,0000,9,1",,,"4,000",,,,,"03,1,+00600,9,08,9",,,"03,99,1,03,1,02,1,00800,1,00,1,00,1",,,,,"99999,9,09110,1","1,1,018,1,+999,9","3,1584,9",,"4,99,0108,1","SYN017333   83820 91121",
"07555099999","1990-11-16T12:00:00","4","44.177776","2.515","616.91","CASSAGNES BEGONHES, FR","FM-12","99999","V020","330,1,N,0041,1","22000,1,C,N","020000,1,N,9","+0102,1","+0021,1","99999,9","06,0000,9,1",,,"4,000",,,,,"01,1,+00990,9,08,9",,,"01,99,1,01,1,02,1,01250,1,04,1,01,1",,,,,"99999,9,09111,1","0,1,001,1,+999,9","3,1594,9",,"4,99,0108,1","SYN017333   81833 91121",
"07555099999","1990-11-16T15:00:00","4","44.177776","2.515","616.91","CASSAGNES BEGONHES, FR","FM-12","99999","V020","310,1,N,0051,1","22000,1,C,N","030000,1,N,9","+0110,1","+0040,1","99999,9","06,0000,9,1",,,"4,000",,,,,"01,1,+00990,9,08,9",,,"01,99,1,01,1,02,1,01250,1,04,1,01,1",,,,,"99999,9,09109,1","5,1,002,1,+999,9","3,1594,9",,"4,99,0098,1","SYN017333   81833 91119",
"07555099999","1990-11-16T21:00:00","4","44.177776","2.515","616.91","CASSAGNES BEGONHES, FR","FM-12","99999","V020","320,1,N,0041,1","99999,9,9,N","999999,9,N,9","+0082,1","+0074,1","99999,9","06,0000,9,1",,,"4,000",,,,,,,,,,,,,"99999,9,09123,1","1,1,004,1,+999,9","3,1602,9",,"4,99,0108,1","SYN011333   91121",
"07555099999","1990-11-17T00:00:00","4","44.177776","2.515","616.91","CASSAGNES BEGONHES, FR","FM-12","99999","V020","999,1,C,0000,1","99999,9,9,N","999999,9,N,9","+0077,1","+0077,1","99999,9","06,0000,9,1",,,"4,000",,,,,,,,,,,,,"99999,9,09121,1","6,1,002,1,+999,9","3,1599,9",,"4,99,0108,1","SYN011333   91121",
"07555099999","1990-11-17T03:00:00","4","44.177776","2.515","616.91","CASSAGNES BEGONHES, FR","FM-12","99999","V020","260,1,N,0031,1","99999,9,9,N","999999,9,N,9","+0070,1","+0067,1","99999,9","06,0000,9,1",,,"4,000",,,,,,,,,,,,,"99999,9,09111,1","8,1,010,1,+999,9","3,1588,9",,"4,99,0072,1","SYN011333   91114",
"07555099999","1990-11-17T06:00:00","4","44.177776","2.515","616.91","CASSAGNES BEGONHES, FR","FM-12","99999","V020","290,1,N,0031,1","99999,9,9,N","999999,9,N,9","+0065,1","+0064,1","99999,9","06,0000,9,1",,,"4,000",,,,,,,,,"0474,9","999,+0040,9","999,M,+0116,1","999,N,+0057,1","99999,9,09108,1","5,1,003,1,+999,9","3,1585,9",,"4,99,0082,1","SYN035333   10116 20057 3/004 55079 91116",
"07555099999","1990-11-17T09:00:00","4","44.177776","2.515","616.91","CASSAGNES BEGONHES, FR","FM-12","99999","V020","310,1,N,0021,1","00180,1,C,N","010000,1,N,9","+0076,1","+0072,1","99999,9","06,0000,9,1",,,"4,000",,,,,"07,1,+00180,9,05,9",,,"07,99,1,07,1,05,1,00250,1,00,1,00,1",,,,,"99999,9,09107,1","8,1,001,1,+999,9","3,1587,9",,"4,99,0062,1","SYN017333   87606 91112",
"07555099999","1990-11-17T12:00:00","4","44.177776","2.515","616.91","CASSAGNES BEGONHES, FR","FM-12","99999","V020","300,1,N,0051,1","22000,1,C,N","020000,1,N,9","+0121,1","+0080,1","99999,9","06,0000,9,1",,,"4,000",,,,,"03,1,+00480,9,05,9",,,"03,99,1,03,1,05,1,00450,1,00,1,00,1",,,,,"99999,9,09093,1","8,1,014,1,+999,9","3,1583,9",,"4,99,0098,1","SYN017333   83616 91119",
"07555099999","1990-11-17T15:00:00","4","44.177776","2.515","616.91","CASSAGNES BEGONHES, FR","FM-12","99999","V020","300,1,N,0082,1","00780,1,C,N","030000,1,N,9","+0094,1","+0065,1","99999,9","06,0000,9,1",,,"4,000",,,,,"06,1,+00780,9,08,9",,,"06,99,1,06,1,02,1,00800,1,00,1,00,1",,,,,"99999,9,09090,1","5,1,003,1,+999,9","3,1575,9",,"4,99,0118,1","SYN017333   86826 91123",
"07555099999","1990-11-17T18:00:00","4","44.177776","2.515","616.91","CASSAGNES BEGONHES, FR","FM-12","99999","V020","300,1,N,0062,1","99999,9,9,N","999999,9,N,9","+0079,1","+0055,1","99999,9","06,0000,9,1",,,"4,000",,,,,,,,,,,"999,M,+0122,1",,"99999,9,09093,1","3,1,003,1,+999,9","3,1574,9",,"4,99,0118,1","SYN017333   10122 91123",
"07555099999","1990-11-17T21:00:00","4","44.177776","2.515","616.91","CASSAGNES BEGONHES, FR","FM-12","99999","V020","300,1,N,0072,1","99999,9,9,N","999999,9,N,9","+0075,1","+0055,1","99999,9","06,0000,9,1",,,"4,000",,,,,,,,,,,,,"99999,9,09089,1","6,1,004,1,+999,9","3,1570,9",,"4,99,0118,1","SYN011333   91123",
"07555099999","1990-11-18T00:00:00","4","44.177776","2.515","616.91","CASSAGNES BEGONHES, FR","FM-12","99999","V020","300,1,N,0072,1","99999,9,9,N","999999,9,N,9","+0077,1","+0053,1","99999,9","06,0000,9,1",,,"4,000",,,,,,,,,,,,,"99999,9,09087,1","6,1,002,1,+999,9","3,1568,9",,"4,99,0139,1","SYN011333   91127",
"07555099999","1990-11-18T03:00:00","4","44.177776","2.515","616.91","CASSAGNES BEGONHES, FR","FM-12","99999","V020","300,1,N,0041,1","99999,9,9,N","999999,9,N,9","+0066,1","+0049,1","99999,9","06,0000,9,1",,,"4,000",,,,,,,,,,,,,"99999,9,09077,1","8,1,010,1,+999,9","3,1557,9",,"4,99,0129,1","SYN011333   91125",
"07555099999","1990-11-18T06:00:00","4","44.177776","2.515","616.91","CASSAGNES BEGONHES, FR","FM-12","99999","V020","300,1,N,0041,1","99999,9,9,N","999999,9,N,9","+0065,1","+0056,1","99999,9","06,0000,9,1",,,"4,000",,,,,,,,,"0204,9","999,+0060,9","999,M,+0122,1","999,N,+0063,1","99999,9,09077,1","5,1,000,1,+999,9","3,1557,9",,"4,99,0129,1","SYN035333   10122 20063 3/006 55034 91125",
"07555099999","1990-11-18T09:00:00","4","44.177776","2.515","616.91","CASSAGNES BEGONHES, FR","FM-12","99999","V020","290,1,N,0062,1","99999,9,9,N","999999,9,N,9","+0079,1","+0067,1","99999,9","06,0000,9,1",,,"4,000",,,,,,,,,,,,,"99999,9,09080,1","3,1,003,1,+999,9","3,1562,9",,"4,99,0108,1","SYN011333   91121",
"07555099999","1990-11-18T12:00:00","4","44.177776","2.515","616.91","CASSAGNES BEGONHES, FR","FM-12","99999","V020","280,1,N,0062,1","00180,1,C,N","030000,1,N,9","+0099,1","+0083,1","99999,9","03,9999,2,9","06,9999,2,9",,"0,000",,,"5,1,06,1","2,1,06,1","06,1,+00180,9,08,9",,,"06,99,1,06,1,02,1,00250,1,00,1,00,1",,,,,"99999,9,09071,1","8,1,009,1,+999,9","3,1559,9","21,1","4,99,0118,1","SYN023333   69907 86806 91123",
"07555099999","1990-11-18T15:00:00","4","44.177776","2.515","616.91","CASSAGNES BEGONHES, FR","FM-12","99999","V020","280,1,N,0062,1","22000,1,C,N","050000,1,N,9","+0099,1","+0053,1","99999,9","06,0000,9,1",,,"4,001",,,"6,1,03,1","1,1,03,1","02,1,+01500,9,08,9",,,"02,99,1,02,1,02,1,01750,1,00,1,00,1",,,,,"99999,9,09059,1","6,1,012,1,+999,9","3,1547,9","01,1","4,99,0139,1","SYN017333   82850 91127",
"07555099999","1990-11-18T18:00:00","4","44.177776","2.515","616.91","CASSAGNES BEGONHES, FR","FM-12","99999","V020","290,1,N,0062,1","99999,9,9,N","999999,9,N,9","+0074,1","+0049,1","99999,9","99,9999,2,9",,,"0,000",,,,,,,,,,,"999,M,+0115,1",,"99999,9,09064,1","1,1,005,1,+999,9","3,1547,9",,"4,99,0139,1","SYN017333   10115 91127",
"07555099999","1990-11-18T21:00:00","4","44.177776","2.515","616.91","CASSAGNES BEGONHES, FR","FM-12","99999","V020","300,1,N,0031,1","99999,9,9,N","999999,9,N,9","+0069,1","+0039,1","99999,9","06,0000,9,1",,,"4,000",,,,,,,,,,,,,"99999,9,09054,1","8,1,010,1,+999,9","3,1537,9",,"4,99,0088,1","SYN011333   91117",
"07555099999","1990-11-19T00:00:00","4","44.177776","2.515","616.91","CASSAGNES BEGONHES, FR","FM-12","99999","V020","300,1,N,0051,1","99999,9,9,N","999999,9,N,9","+0057,1","+0027,1","99999,9","06,0000,9,1",,,"4,000",,,,,,,,,,,,,"99999,9,09044,1","6,1,010,1,+999,9","3,1526,9",,"4,99,0108,1","SYN011333   91121",
"07555099999","1990-11-19T03:00:00","4","44.177776","2.515","616.91","CASSAGNES BEGONHES, FR","FM-12","99999","V020","290,1,N,0041,1","99999,9,9,N","999999,9,N,9","+0048,1","+0022,1","99999,9","06,0000,9,1",,,"4,000",,,,,,,,,,,,,"99999,9,09028,1","6,1,016,1,+999,9","3,1510,9",,"4,99,0098,1","SYN011333   91119",
"07555099999","1990-11-19T06:00:00","4","44.177776","2.515","616.91","CASSAGNES BEGONHES, FR","FM-12","99999","V020","300,1,N,0041,1","99999,9,9,N","999999,9,N,9","+0050,1","+0027,1","99999,9","06,0000,9,1","24,9999,2,9",,"4,000",,,,,,,,,"0162,9","999,+0050,9","999,M,+0115,1","999,N,+0047,1","99999,9,09023,1","7,1,005,1,+999,9","3,1506,9",,"4,99,0098,1","SYN041333   10115 20047 3/005 55027 79999 91119",
"07555099999","1990-11-19T09:00:00","4","44.177776","2.515","616.91","CASSAGNES BEGONHES, FR","FM-12","99999","V020","290,1,N,0031,1","99999,9,9,N","999999,9,N,9","+0057,1","+0035,1","99999,9","06,0000,9,1",,,"4,000",,,,,,,,,,,,,"99999,9,09021,1","6,1,002,1,+999,9","3,1506,9",,"4,99,0082,1","SYN011333   91116",
"07555099999","1990-11-19T12:00:00","4","44.177776","2.515","616.91","CASSAGNES BEGONHES, FR","FM-12","99999","V020","290,1,N,0031,1","99999,9,9,N","999999,9,N,9","+0071,1","+0049,1","99999,9","06,0000,9,1",,,"4,000",,,,,,,,,,,,,"99999,9,09007,1","8,1,014,1,+999,9","3,1495,9",,"4,99,0098,1","SYN011333   91119",
"07555099999","1990-11-19T15:00:00","4","44.177776","2.515","616.91","CASSAGNES BEGONHES, FR","FM-12","99999","V020","240,1,N,0031,1","99999,9,9,N","999999,9,N,9","+0070,1","+0058,1","99999,9","06,0000,9,1",,,"4,000",,,,,,,,,,,,,"99999,9,08987,1","8,1,020,1,+999,9","3,1477,9",,"4,99,0072,1","SYN011333   91114",
"07555099999","1990-11-19T18:00:00","4","44.177776","2.515","616.91","CASSAGNES BEGONHES, FR","FM-12","99999","V020","270,1,N,0041,1","99999,9,9,N","999999,9,N,9","+0072,1","+0072,1","99999,9","06,0000,9,1",,,"4,000",,,,,,,,,,,"999,M,+0086,1",,"99999,9,08974,1","8,1,013,1,+999,9","3,1465,9",,"4,99,0088,1","SYN017333   10086 91117",
"07555099999","1990-11-19T21:00:00","4","44.177776","2.515","616.91","CASSAGNES BEGONHES, FR","FM-12","99999","V020","280,1,N,0041,1","99999,9,9,N","999999,9,N,9","+0080,1","+0080,1","99999,9","03,0006,9,1","99,0005,9,1",,"0,000",,,"4,1,03,1",,,,,,,,,,"99999,9,08966,1","6,1,008,1,+999,9","3,1460,9","21,1","4,99,0139,1","SYN017333   69967 91127",
"07555099999","1990-11-20T00:00:00","4","44.177776","2.515","616.91","CASSAGNES BEGONHES, FR","FM-12","99999","V020","270,1,N,0021,1","99999,9,9,N","999999,9,N,9","+0075,1","+0075,1","99999,9","03,0010,9,1","06,0010,9,1",,"0,000",,,"4,1,06,1",,,,,,,,,,"99999,9,08958,1","7,1,008,1,+999,9","3,1451,9","21,1","4,99,0139,1","SYN017333   60017 91127",
"07555099999","1990-11-20T03:00:00","4","44.177776","2.515","616.91","CASSAGNES BEGONHES, FR","FM-12","99999","V020","260,1,N,0010,1","99999,9,9,N","999999,9,N,9","+0071,1","+0071,1","99999,9","03,0004,9,1","99,0005,9,1",,"0,000",,,"4,1,03,1",,,,,,,,,,"99999,9,08943,1","6,1,015,1,+999,9","3,1437,9","21,1","4,99,0041,1","SYN017333   69947 91108",
"07555099999","1990-11-20T09:00:00","4","44.177776","2.515","616.91","CASSAGNES BEGONHES, FR","FM-12","99999","V020","210,1,N,0041,1","00030,1,C,N","000600,1,N,9","+0064,1","+0064,1","99999,9","03,0008,9,1","99,0010,9,1",,"0,000",,,,,"08,1,+00030,9,07,9",,,"08,99,1,08,1,07,1,00075,1,99,9,99,9",,,,,"99999,9,08926,1","6,1,005,1,+999,9","3,1421,9","44,1","4,99,0072,1","SYN023333   69987 88701 91114",
"07555099999","1990-11-20T12:00:00","4","44.177776","2.515","616.91","CASSAGNES BEGONHES, FR","FM-12","99999","V020","220,1,N,0041,1","00090,1,C,N","001500,1,N,9","+0072,1","+0071,1","99999,9","03,9999,2,9","06,9999,2,9",,"0,001",,,"6,1,06,1","4,1,06,1","08,1,+00090,9,07,9",,,"08,99,1,08,1,07,1,00150,1,99,9,99,9",,,,,"99999,9,08906,1","7,1,020,1,+999,9","3,1404,9","60,1","4,99,0082,1","SYN023333   69907 88703 91116",
"07555099999","1990-11-20T15:00:00","4","44.177776","2.515","616.91","CASSAGNES BEGONHES, FR","FM-12","LFIG ","V020","220,1,N,0051,1","00030,1,C,N","008000,1,N,9","+0066,1","+0066,1","99999,9","03,0008,9,1","99,0010,9,1",,"0,001",,,"6,1,03,1","4,1,03,1","08,1,+00030,9,07,9",,,"08,99,1,08,1,07,1,00075,1,99,9,99,9",,,,,"99999,9,08891,1","6,1,015,1,+999,9","3,1389,9","60,1","4,99,0098,1","SYN023333   69987 88701 91119",
"07555099999","1990-11-20T18:00:00","4","44.177776","2.515","616.91","CASSAGNES BEGONHES, FR","FM-12","LFIG ","V020","210,1,N,0051,1","99999,9,9,N","999999,9,N,9","+0067,1","+0067,1","99999,9","03,0004,9,1","99,0005,9,1",,"0,000",,,"4,1,06,1",,,,,,,,,,"99999,9,08890,1","8,1,001,1,+999,9","3,1388,9","21,1","4,99,0098,1","SYN017333   69947 91119",
"07555099999","1990-11-21T00:00:00","4","44.177776","2.515","616.91","CASSAGNES BEGONHES, FR","FM-12","LFIG ","V020","260,1,N,0031,1","99999,9,9,N","999999,9,N,9","+0062,1","+0062,1","99999,9","03,0004,9,1","06,0005,9,1",,"0,000",,,"4,1,06,1",,,,,,,,,,"99999,9,08890,1","8,1,003,1,+999,9","3,1387,9","41,1","4,99,0098,1","SYN017333   69947 91119",
"07555099999","1990-11-21T03:00:00","4","44.177776","2.515","616.91","CASSAGNES BEGONHES, FR","FM-12","LFIG ","V020","300,1,N,0010,1","99999,9,9,N","999999,9,N,9","+0046,1","+0046,1","99999,9","03,0008,9,1","99,0010,9,1",,"0,000",,,"4,1,03,1",,,,,,,,,,"99999,9,08891,1","3,1,001,1,+999,9","3,1386,9","21,1","4,99,0082,1","SYN017333   69987 91116",
"07555099999","1990-11-21T06:00:00","4","44.177776","2.515","616.91","CASSAGNES BEGONHES, FR","FM-12","LFIG ","V020","090,1,N,0010,1","99999,9,9,N","999999,9,N,9","+0041,1","+0041,1","99999,9","03,0010,9,1","24,0058,9,1",,"0,000",,,"4,1,06,1",,,,,,"0000,9","999,+0040,9","999,M,+0075,1","999,N,+0041,1","99999,9,08889,1","5,1,002,1,+999,9","3,1383,9","21,1","4,99,0082,1","SYN047333   10075 20041 3/004 55000 60017 70058 91116",
"07555099999","1990-11-21T09:00:00","4","44.177776","2.515","616.91","CASSAGNES BEGONHES, FR","FM-12","LFIG ","V020","999,1,C,0000,1","00090,1,C,N","003000,1,N,9","+0034,1","+0034,1","99999,9","03,0010,9,1",,,"0,001",,,,,"08,1,+00090,9,07,9",,,"08,99,1,08,1,07,1,00150,1,99,9,99,9",,,,,"99999,9,08902,1","1,1,013,1,+999,9","3,1394,9","61,1","4,99,0021,1","SYN023333   60017 88703 91104",
"07555099999","1990-11-21T12:00:00","4","44.177776","2.515","616.91","CASSAGNES BEGONHES, FR","FM-12","LFIG ","V020","120,1,N,0021,1","00180,1,C,N","004000,1,N,9","+0034,1","+0030,1","99999,9","03,0006,9,2","06,0005,9,2",,"0,001",,,"6,1,06,1","4,1,06,1","08,1,+00180,9,07,9",,,"08,99,1,08,1,07,1,00250,1,99,9,99,9",,,,,"99999,9,08897,1","8,1,005,1,+999,9","3,1390,9","60,1","4,99,0031,1","SYN023333   69967 88706 91106",
"07555099999","1990-11-21T15:00:00","4","44.177776","2.515","616.91","CASSAGNES BEGONHES, FR","FM-12","LFIG ","V020","050,1,N,0021,1","00090,1,C,N","003000,1,N,9","+0022,1","+0019,1","99999,9","03,0010,9,1",,,"0,002",,,"6,1,03,1","4,1,03,1","08,1,+00090,9,07,9",,,"08,99,1,08,1,07,1,00150,1,99,9,99,9",,,,,"99999,9,08892,1","6,1,005,1,+999,9","3,1383,9","61,1","4,99,0041,1","SYN023333   60017 88703 91108",
"07555099999","1990-11-21T18:00:00","4","44.177776","2.515","616.91","CASSAGNES BEGONHES, FR","FM-12","LFIG ","V020","010,1,N,0010,1","99999,9,9,N","999999,9,N,9","+0017,1","+0017,1","99999,9","03,0020,9,1",,,"0,000",,,"4,1,06,1",,,,,,,,"999,M,+0041,1",,"99999,9,08899,1","1,1,007,1,+999,9","3,1389,9","21,1","4,99,0041,1","SYN023333   10041 60027 91108",
"07555099999","1990-11-21T21:00:00","4","44.177776","2.515","616.91","CASSAGNES BEGONHES, FR","FM-12","LFIG ","V020","999,1,C,0000,1","99999,9,9,N","999999,9,N,9","+0015,1","+0015,1","99999,9","03,0006,9,1","99,0005,9,1",,"0,000",,,"4,1,03,1",,,,,,,,,,"99999,9,08904,1","2,1,005,1,+999,9","3,1394,9","21,1","4,99,0031,1","SYN017333   69967 91106",
"07555099999","1990-11-22T00:00:00","4","44.177776","2.515","616.91","CASSAGNES BEGONHES, FR","FM-12","LFIG ","V020","320,1,N,0010,1","99999,9,9,N","999999,9,N,9","+0011,1","+0011,1","99999,9","03,0008,9,1","06,0010,9,1",,"0,000",,,,,,,,,,,,,"99999,9,08905,1","1,1,001,1,+999,9","3,1394,9",,"4,99,0031,1","SYN017333   69987 91106",
"07555099999","1990-11-22T03:00:00","4","44.177776","2.515","616.91","CASSAGNES BEGONHES, FR","FM-12","LFIG ","V020","320,1,N,0021,1","99999,9,9,N","999999,9,N,9","+0007,1","+0007,1","99999,9","06,0000,9,1",,,"4,000",,,,,,,,,,,,,"99999,9,08904,1","7,1,001,1,+999,9","3,1392,9",,"4,99,0051,1","SYN011333   91110",
"07555099999","1990-11-22T06:00:00","4","44.177776","2.515","616.91","CASSAGNES BEGONHES, FR","FM-12","LFIG ","V020","070,1,N,0041,1","99999,9,9,N","999999,9,N,9","+0008,1","+0004,1","99999,9","24,0066,9,1","99,0010,9,1",,"0,000",,,,,,,,,"0000,9","999,-0010,9","999,M,+0041,1","999,N,-0001,1","99999,9,08898,1","8,1,006,1,+999,9","3,1387,9",,"4,99,0072,1","SYN041333   10041 21001 3/101 55000 70066 91114",
"07555099999","1990-11-22T09:00:00","4","44.177776","2.515","616.91","CASSAGNES BEGONHES, FR","FM-12","LFIG ","V020","060,1,N,0010,1","00240,1,C,N","010000,1,N,9","+0015,1","+0005,1","99999,9","06,0000,9,1",,,"4,000",,,,,"07,1,+00240,9,05,9",,,"07,99,1,07,1,05,1,00250,1,99,9,99,9",,,,,"99999,9,08914,1","1,1,016,1,+999,9","3,1402,9",,"4,99,0072,1","SYN017333   87608 91114",
"07555099999","1990-11-22T12:00:00","4","44.177776","2.515","616.91","CASSAGNES BEGONHES, FR","FM-12","LFIG ","V020","360,1,N,0021,1","00390,1,C,N","010000,1,N,9","+0033,1","+0010,1","99999,9","06,0000,9,1",,,"4,000",,,,,"06,1,+00390,9,08,9",,,"06,99,1,06,1,02,1,00450,1,00,1,00,1",,,,,"99999,9,08909,1","8,1,005,1,+999,9","3,1400,9",,"4,99,0072,1","SYN017333   86813 91114",
"07555099999","1990-11-22T15:00:00","4","44.177776","2.515","616.91","CASSAGNES BEGONHES, FR","FM-12","LFIG ","V020","340,1,N,0031,1","00390,1,C,N","010000,1,N,9","+0026,1","+0003,1","99999,9","03,9999,2,9",,,"0,000",,,"2,1,03,1","2,1,03,1","08,1,+00390,9,08,9",,,"08,99,1,08,1,02,1,00450,1,99,9,99,9",,,,,"99999,9,08912,1","3,1,003,1,+999,9","3,1402,9","87,1","4,99,0062,1","SYN023333   69907 88813 91112",
"07555099999","1990-11-22T18:00:00","4","44.177776","2.515","616.91","CASSAGNES BEGONHES, FR","FM-12","LFIG ","V020","310,1,N,0021,1","99999,9,9,N","999999,9,N,9","+0015,1","+0003,1","99999,9","99,9999,2,9",,,"0,000",,,,,,,,,,,"999,M,+0037,1",,"99999,9,08922,1","2,1,010,1,+999,9","3,1409,9",,"4,99,0082,1","SYN017333   10037 91116",
"07555099999","1990-11-22T21:00:00","4","44.177776","2.515","616.91","CASSAGNES BEGONHES, FR","FM-12","LFIG ","V020","300,1,N,0031,1","99999,9,9,N","999999,9,N,9","+0012,1","+0003,1","99999,9","03,0002,9,1","99,0003,9,1",,"0,000",,,,,,,,,,,,,"99999,9,08933,1","1,1,011,1,+999,9","3,1419,9",,"4,99,0062,1","SYN017333   69927 91112",
"07555099999","1990-11-23T00:00:00","4","44.177776","2.515","616.91","CASSAGNES BEGONHES, FR","FM-12","LFIG ","V020","290,1,N,0031,1","99999,9,9,N","999999,9,N,9","+0006,1","+0000,1","99999,9","06,0003,9,1",,,"0,000",,,,,,,,,,,,,"99999,9,08941,1","1,1,008,1,+999,9","3,1425,9",,"4,99,0062,1","SYN011333   91112",
"07555099999","1990-11-23T03:00:00","4","44.177776","2.515","616.91","CASSAGNES BEGONHES, FR","FM-12","LFIG ","V020","300,1,N,0041,1","99999,9,9,N","999999,9,N,9","-0001,1","-0030,1","99999,9","06,0000,9,1",,,"4,000",,,,,,,,,,,,,"99999,9,08943,1","3,1,002,1,+999,9","3,1425,9",,"4,99,0082,1","SYN011333   91116",
"07555099999","1990-11-23T06:00:00","4","44.177776","2.515","616.91","CASSAGNES BEGONHES, FR","FM-12","LFIG ","V020","300,1,N,0031,1","99999,9,9,N","999999,9,N,9","-0021,1","-0038,1","99999,9","24,0002,9,1",,,"0,000",,,,,,,,,"0000,9","999,-0030,9","999,M,+0037,1","999,N,-0022,1","99999,9,08947,1","3,1,004,1,+999,9","3,1426,9",,"4,99,0082,1","SYN041333   10037 21022 3/103 55000 70002 91116",
"07555099999","1990-11-23T09:00:00","4","44.177776","2.515","616.91","CASSAGNES BEGONHES, FR","FM-12","LFIG ","V020","350,1,N,0021,1","22000,1,C,N","015000,1,N,9","+0001,1","-0036,1","99999,9","06,0000,9,1",,,"4,000",,,,,"01,1,+02400,9,03,9",,,"01,99,1,01,1,00,1,99999,9,08,1,01,1",,,,,"99999,9,08947,1","0,1,000,1,+999,9","3,1429,9",,"4,99,0051,1","SYN017333   81358 91110",
"07555099999","1990-11-23T12:00:00","4","44.177776","2.515","616.91","CASSAGNES BEGONHES, FR","FM-12","LFIG ","V020","310,1,N,0021,1","00780,1,C,N","015000,1,N,9","+0015,1","-0036,1","99999,9","06,0000,9,1",,,"4,000",,,,,"06,1,+00780,9,08,9",,,"06,99,1,06,1,02,1,00800,1,00,1,00,1",,,,,"99999,9,08936,1","8,1,011,1,+999,9","3,1422,9",,"4,99,0051,1","SYN017333   86826 91110",
"07555099999","1990-11-23T15:00:00","4","44.177776","2.515","616.91","CASSAGNES BEGONHES, FR","FM-12","LFIG ","V020","270,1,N,0021,1","99999,9,9,N","999999,9,N,9","-0004,1","-0020,1","99999,9","03,0002,9,1","99,0003,9,1",,"0,000",,,"4,1,03,1",,,,,,,,,,"99999,9,08923,1","6,1,013,1,+999,9","3,1408,9","21,1","4,99,0051,1","SYN017333   69927 91110",
"07555099999","1990-11-23T18:00:00","4","44.177776","2.515","616.91","CASSAGNES BEGONHES, FR","FM-12","LFIG ","V020","200,1,N,0010,1","99999,9,9,N","999999,9,N,9","-0020,1","-0031,1","99999,9","99,0003,9,1",,,"0,000",,,,,,,,,,,"999,M,+0022,1",,"99999,9,08908,1","8,1,015,1,+999,9","3,1392,9",,"4,99,0062,1","SYN017333   10022 91112",
"07555099999","1990-11-23T21:00:00","4","44.177776","2.515","616.91","CASSAGNES BEGONHES, FR","FM-12","LFIG ","V020","180,1,N,0021,1","99999,9,9,N","999999,9,N,9","-0025,1","-0038,1","99999,9","06,0000,9,1",,,"4,000",,,,,,,,,,,,,"99999,9,08889,1","6,1,019,1,+999,9","3,1374,9",,"4,99,0051,1","SYN011333   91110",
"07555099999","1990-11-24T00:00:00","4","44.177776","2.515","616.91","CASSAGNES BEGONHES, FR","FM-12","LFIG ","V020","140,1,N,0041,1","99999,9,9,N","999999,9,N,9","-0004,1","-0024,1","99999,9","06,0000,9,1",,,"4,000",,,,,,,,,,,,,"99999,9,08875,1","6,1,014,1,+999,9","3,1365,9",,"4,99,0072,1","SYN011333   91114",
"07555099999","1990-11-24T03:00:00","4","44.177776","2.515","616.91","CASSAGNES BEGONHES, FR","FM-12","LFIG ","V020","160,1,N,0031,1","99999,9,9,N","999999,9,N,9","+0004,1","-0002,1","99999,9","06,0000,9,1",,,"4,000",,,,,,,,,,,,,"99999,9,08853,1","6,1,022,1,+999,9","3,1346,9",,"4,99,0098,1","SYN011333   91119",
"07555099999","1990-11-24T06:00:00","4","44.177776","2.515","616.91","CASSAGNES BEGONHES, FR","FM-12","LFIG ","V020","210,1,N,0021,1","99999,9,9,N","999999,9,N,9","+0003,1","+0002,1","99999,9","03,0004,9,1","24,0006,9,1","99,0005,9,1","0,000",,,,,,,,,"0204,9","999,-0050,9","999,M,+0022,1","999,N,-0038,1","99999,9,08853,1","4,1,000,1,+999,9","3,1346,9",,"4,99,0098,1","SYN047333   10022 21038 3/105 55034 69947 70006 91119",
"07555099999","1990-11-24T09:00:00","4","44.177776","2.515","616.91","CASSAGNES BEGONHES, FR","FM-12","LFIG ","V020","170,1,N,0031,1","00090,1,C,N","001000,1,N,9","+0010,1","+0010,1","99999,9","03,9999,2,9",,,"0,000",,,,,"08,1,+00090,9,07,9",,,"08,99,1,08,1,07,1,00150,1,99,9,99,9",,,,,"99999,9,08861,1","1,1,008,1,+999,9","3,1354,9","60,1","4,99,0051,1","SYN023333   69907 88703 91110",
"07555099999","1990-11-24T12:00:00","4","44.177776","2.515","616.91","CASSAGNES BEGONHES, FR","FM-12","LFIG ","V020","200,1,N,0021,1","00120,1,C,N","004000,1,N,9","+0025,1","+0025,1","99999,9","06,9999,2,9",,,"0,001","99,000,9,1",,"6,1,06,1","4,1,06,1","08,1,+00120,9,07,9",,,"08,99,1,08,1,06,1,00150,1,99,9,99,9",,,,,"99999,9,08850,1","8,1,011,1,+999,9","3,1346,9","10,1","4,99,0051,1","SYN023333   88704 91110 93100",
"07555099999","1990-11-24T15:00:00","4","44.177776","2.515","616.91","CASSAGNES BEGONHES, FR","FM-12","LFIG ","V020","190,1,N,0010,1","00090,1,C,N","000800,1,N,9","+0034,1","+0030,1","99999,9","03,0002,9,1","99,0003,9,1",,"0,001",,,"6,1,03,1","4,1,03,1","08,1,+00090,9,07,9",,,"08,99,1,08,1,07,1,00150,1,99,9,99,9",,,,,"99999,9,08840,1","6,1,010,1,+999,9","3,1338,9","60,1","4,99,0072,1","SYN023333   69927 88703 91114",
"07555099999","1990-11-24T18:00:00","4","44.177776","2.515","616.91","CASSAGNES BEGONHES, FR","FM-12","LFIG ","V020","150,1,N,0021,1","99999,9,9,N","999999,9,N,9","+0026,1","+0025,1","99999,9","03,0020,9,1",,,"0,000",,,"4,1,06,1",,,,,,,,"999,M,+0035,1",,"99999,9,08830,1","8,1,010,1,+999,9","3,1328,9","21,1","4,99,0088,1","SYN023333   10035 60027 91117",
"07555099999","1990-11-24T21:00:00","4","44.177776","2.515","616.91","CASSAGNES BEGONHES, FR","FM-12","LFIG ","V020","150,1,N,0051,1","99999,9,9,N","999999,9,N,9","+0034,1","+0030,1","99999,9","03,0004,9,1","99,0005,9,1",,"0,000",,,,,,,,,,,,,"99999,9,08797,1","6,1,033,1,+999,9","3,1299,9",,"4,99,0098,1","SYN017333   69947 91119",
"07555099999","1990-11-25T00:00:00","4","44.177776","2.515","616.91","CASSAGNES BEGONHES, FR","FM-12","LFIG ","V020","160,1,N,0041,1","99999,9,9,N","999999,9,N,9","+0043,1","+0033,1","99999,9","06,0005,9,1",,,"0,000",,,,,,,,,,,,,"99999,9,08781,1","8,1,016,1,+999,9","3,1285,9",,"4,99,0170,1","SYN011333   91133",
"07555099999","1990-11-25T03:00:00","4","44.177776","2.515","616.91","CASSAGNES BEGONHES, FR","FM-12","LFIG ","V020","040,1,N,0010,1","99999,9,9,N","999999,9,N,9","+0022,1","+0021,1","99999,9","03,0020,9,1",,,"0,000",,,,,,,,,,,,,"99999,9,08746,1","6,1,035,1,+999,9","3,1251,9",,"4,99,0098,1","SYN017333   60027 91119",
"07555099999","1990-11-25T06:00:00","4","44.177776","2.515","616.91","CASSAGNES BEGONHES, FR","FM-12","LFIG ","V020","260,1,N,0031,1","99999,9,9,N","999999,9,N,9","+0015,1","+0015,1","99999,9","03,0010,9,1","24,0056,9,1",,"0,000",,,,,,,,,"0000,9","999,+0010,9","999,M,+0035,1","999,N,+0013,1","99999,9,08750,1","3,1,004,1,+999,9","3,1254,9",,"4,99,0098,1","SYN047333   10035 20013 3/001 55000 60017 70056 91119",
"07555099999","1990-11-25T09:00:00","4","44.177776","2.515","616.91","CASSAGNES BEGONHES, FR","FM-12","LFIG ","V020","270,1,N,0021,1","99999,9,9,N","999999,9,N,9","-0003,1","-0004,1","99999,9","03,0004,9,1","99,0005,9,1",,"0,000",,,,,,,,,,,,,"99999,9,08760,1","0,1,010,1,+999,9","3,1261,9",,"4,99,0088,1","SYN017333   69947 91117",
"07555099999","1990-11-25T12:00:00","4","44.177776","2.515","616.91","CASSAGNES BEGONHES, FR","FM-12","LFIG ","V020","250,1,N,0041,1","00030,1,C,N","001000,1,N,9","+0006,1","+0005,1","99999,9","06,0005,9,1",,,"0,000",,,,,"08,1,+00030,9,07,9",,,"08,99,1,08,1,07,1,00075,1,99,9,99,9",,,,,"99999,9,08763,1","3,1,003,1,+999,9","3,1265,9","50,1","4,99,0088,1","SYN017333   88701 91117",
"07555099999","1990-11-25T15:00:00","4","44.177776","2.515","616.91","CASSAGNES BEGONHES, FR","FM-12","LFIG ","V020","260,1,N,0041,1","00090,1,C,N","001000,1,N,9","+0000,1","-0004,1","99999,9","03,0002,9,1","99,0003,9,1",,"0,001",,,"8,1,03,1","7,1,03,1","07,1,+00090,9,05,9",,,"07,99,1,07,1,07,1,00150,1,99,9,99,9",,,,,"99999,9,08776,1","3,1,013,1,+999,9","3,1276,9","85,1","4,99,0082,1","SYN023333   69927 87603 91116",
"07555099999","1990-11-25T18:00:00","4","44.177776","2.515","616.91","CASSAGNES BEGONHES, FR","FM-12","LFIG ","V020","250,1,N,0041,1","99999,9,9,N","999999,9,N,9","-0001,1","-0005,1","99999,9","99,0005,9,1",,,"0,000",,,,,,,,,,,"999,M,+0015,1",,"99999,9,08796,1","3,1,020,1,+999,9","3,1294,9",,"4,99,0082,1","SYN017333   10015 91116",
"07555099999","1990-11-25T21:00:00","4","44.177776","2.515","616.91","CASSAGNES BEGONHES, FR","FM-12","LFIG ","V020","200,1,N,0021,1","99999,9,9,N","999999,9,N,9","-0004,1","-0008,1","99999,9","06,0000,9,1",,,"4,000",,,,,,,,,,,,,"99999,9,08809,1","3,1,013,1,+999,9","3,1305,9",,"4,99,0062,1","SYN011333   91112",
"07555099999","1990-11-26T00:00:00","4","44.177776","2.515","616.91","CASSAGNES BEGONHES, FR","FM-12","LFIG ","V020","999,1,C,0000,1","99999,9,9,N","999999,9,N,9","-0002,1","-0010,1","99999,9","06,0000,9,1",,,"4,000",,,,,,,,,,,,,"99999,9,08813,1","0,1,004,1,+999,9","3,1309,9",,"4,99,0062,1","SYN011333   91112",
"07555099999","1990-11-26T03:00:00","4","44.177776","2.515","616.91","CASSAGNES BEGONHES, FR","FM-12","LFIG ","V020","120,1,N,0041,1","99999,9,9,N","999999,9,N,9","+0013,1","-0013,1","99999,9","06,0000,9,1",,,"4,000",,,,,,,,,,,,,"99999,9,08822,1","1,1,009,1,+999,9","3,1319,9",,"4,99,0098,1","SYN011333   91119",
"07555099999","1990-11-26T06:00:00","4","44.177776","2.515","616.91","CASSAGNES BEGONHES, FR","FM-12","LFIG ","V020","190,1,N,0031,1","99999,9,9,N","999999,9,N,9","+0010,1","-0005,1","99999,9","06,0000,9,1","24,0006,9,1",,"4,000",,,,,,,,,"0000,9","999,-0030,9","999,M,+0015,1","999,N,-0015,1","99999,9,08835,1","2,1,013,1,+999,9","3,1330,9",,"4,99,0098,1","SYN041333   10015 21015 3/103 55000 70006 91119",
"07555099999","1990-11-26T09:00:00","4","44.177776","2.515","616.91","CASSAGNES BEGONHES, FR","FM-12","LFIG ","V020","200,1,N,0010,1","99999,9,9,N","999999,9,N,9","+0022,1","+0006,1","99999,9","06,0000,9,1",,,"4,000",,,,,,,,,,,,,"99999,9,08847,1","1,1,012,1,+999,9","3,1343,9",,"4,99,0072,1","SYN011333   91114",
"07555099999","1990-11-26T12:00:00","4","44.177776","2.515","616.91","CASSAGNES BEGONHES, FR","FM-12","LFIG ","V020","999,1,C,0000,1","99999,9,9,N","999999,9,N,9","+0046,1","-0008,1","99999,9","06,0000,9,1",,,"4,000",,,,,,,,,,,,,"99999,9,08851,1","0,1,004,1,+999,9","3,1349,9",,"4,99,0072,1","SYN011333   91114",
"07555099999","1990-11-26T15:00:00","4","44.177776","2.515","616.91","CASSAGNES BEGONHES, FR","FM-12","LFIG ","V020","070,1,N,0041,1","99999,9,9,N","999999,9,N,9","+0042,1","+0004,1","99999,9","06,0000,9,1",,,"4,000",,,,,,,,,,,,,"99999,9,08846,1","6,1,005,1,+999,9","3,1344,9",,"4,99,0062,1","SYN011333   91112",
"07555099999","1990-11-26T18:00:00","4","44.177776","2.515","616.91","CASSAGNES BEGONHES, FR","FM-12","LFIG ","V020","999,1,C,0000,1","99999,9,9,N","999999,9,N,9","+0003,1","-0007,1","99999,9","06,0000,9,1",,,"4,000",,,,,,,,,,,"999,M,+0060,1",,"99999,9,08858,1","1,1,012,1,+999,9","3,1351,9",,"4,99,0062,1","SYN017333   10060 91112",
"07555099999","1990-11-26T21:00:00","4","44.177776","2.515","616.91","CASSAGNES BEGONHES, FR","FM-12","LFIG ","V020","999,1,C,0000,1","99999,9,9,N","999999,9,N,9","-0012,1","-0016,1","99999,9","06,0000,9,1",,,"4,000",,,,,,,,,,,,,"99999,9,08863,1","1,1,005,1,+999,9","3,1353,9",,"4,99,0021,1","SYN011333   91104",
"07555099999","1990-11-27T00:00:00","4","44.177776","2.515","616.91","CASSAGNES BEGONHES, FR","FM-12","LFIG ","V020","999,1,C,0000,1","99999,9,9,N","999999,9,N,9","-0018,1","-0022,1","99999,9","06,0000,9,1",,,"4,000",,,,,,,,,,,,,"99999,9,08859,1","8,1,004,1,+999,9","3,1348,9",,"4,99,0031,1","SYN011333   91106",
"07555099999","1990-11-27T03:00:00","4","44.177776","2.515","616.91","CASSAGNES BEGONHES, FR","FM-12","LFIG ","V020","999,1,C,0000,1","99999,9,9,N","999999,9,N,9","-0025,1","-0032,1","99999,9","06,0000,9,1",,,"4,000",,,,,,,,,,,,,"99999,9,08855,1","8,1,004,1,+999,9","3,1344,9",,"4,99,0062,1","SYN011333   91112",
"07555099999","1990-11-27T06:00:00","4","44.177776","2.515","616.91","CASSAGNES BEGONHES, FR","FM-12","LFIG ","V020","999,1,C,0000,1","99999,9,9,N","999999,9,N,9","-0023,1","-0027,1","99999,9","06,0000,9,1",,,"4,000",,,,,,,,,"0252,9","999,-0050,9","999,M,+0060,1","999,N,-0029,1","99999,9,08859,1","3,1,004,1,+999,9","3,1348,9",,"4,99,0062,1","SYN035333   10060 21029 3/105 55042 91112",
"07555099999","1990-11-27T09:00:00","4","44.177776","2.515","616.91","CASSAGNES BEGONHES, FR","FM-12","LFIG ","V020","999,1,C,0000,1","22000,1,C,N","015000,1,N,9","+0002,1","-0002,1","99999,9","06,0000,9,1",,,"4,000",,,,,"01,1,+00780,9,08,9","03,1,+02400,9,03,9",,"04,99,1,01,1,02,1,00800,1,08,1,01,1",,,,,"99999,9,08873,1","1,1,014,1,+999,9","3,1364,9",,"4,99,0021,1","SYN023333   81826 83358 91104",
"07555099999","1990-11-27T12:00:00","4","44.177776","2.515","616.91","CASSAGNES BEGONHES, FR","FM-12","LFIG ","V020","360,1,N,0031,1","00030,1,C,N","000800,1,N,9","+0010,1","-0009,1","99999,9","03,9999,2,9","06,9999,2,9",,"9,001",,,"8,1,06,1","2,1,06,1","07,1,+00030,9,07,9",,,"07,99,1,07,1,07,1,00075,1,99,9,99,9",,,,,"99999,9,08881,1","1,1,008,1,+999,9","3,1372,9","85,1","4,99,0082,1","SYN023333   69907 87701 91116",
"07555099999","1990-11-27T15:00:00","4","44.177776","2.515","616.91","CASSAGNES BEGONHES, FR","FM-12","LFIG ","V020","290,1,N,0021,1","01800,1,C,N","002000,1,N,9","+0007,1","+0003,1","99999,9","03,0006,9,1","99,0005,9,1",,"0,001","06,999,9,9","99,999,3,9","7,1,03,1","4,1,03,1","04,1,+00180,9,07,9","04,1,+01800,9,04,9",,"07,99,1,04,1,06,1,00250,1,02,1,99,9",,,,,"99999,9,08884,1","2,1,003,1,+999,9","3,1375,9","40,1","4,99,0051,1","SYN035333   69967 84706 84456 91110 93197",
"07555099999","1990-11-27T21:00:00","4","44.177776","2.515","616.91","CASSAGNES BEGONHES, FR","FM-12","LFIG ","V020","320,1,N,0031,1","99999,9,9,N","999999,9,N,9","+0010,1","-0014,1","99999,9","06,0000,9,1",,,"4,000",,,,,,,,,,,,,"99999,9,08906,1","3,1,009,1,+999,9","3,1394,9",,"4,99,0072,1","SYN011333   91114",
"07555099999","1990-11-28T00:00:00","4","44.177776","2.515","616.91","CASSAGNES BEGONHES, FR","FM-12","LFIG ","V020","010,1,N,0041,1","99999,9,9,N","999999,9,N,9","+0010,1","-0012,1","99999,9","06,0000,9,1",,,"4,000",,,,,,,,,,,,,"99999,9,08906,1","5,1,000,1,+999,9","3,1394,9",,"4,99,0082,1","SYN011333   91116",
"07555099999","1990-11-28T03:00:00","4","44.177776","2.515","616.91","CASSAGNES BEGONHES, FR","FM-12","LFIG ","V020","310,1,N,0031,1","99999,9,9,N","999999,9,N,9","+0004,1","-0012,1","99999,9","06,0000,9,1",,,"4,000",,,,,,,,,,,,,"99999,9,08903,1","8,1,003,1,+999,9","3,1391,9",,"4,99,0088,1","SYN011333   91117",
"07555099999","1990-11-28T06:00:00","4","44.177776","2.515","616.91","CASSAGNES BEGONHES, FR","FM-12","LFIG ","V020","350,1,N,0041,1","99999,9,9,N","999999,9,N,9","-0002,1","-0015,1","99999,9","06,0000,9,1","24,0006,9,1",,"4,000",,,,,,,,,"0036,9","999,-0010,9","999,M,+0022,1","999,N,-0006,1","99999,9,08907,1","3,1,004,1,+999,9","3,1394,9",,"4,99,0098,1","SYN041333   10022 21006 3/101 55006 70006 91119",
"07555099999","1990-11-28T09:00:00","4","44.177776","2.515","616.91","CASSAGNES BEGONHES, FR","FM-12","LFIG ","V020","020,1,N,0031,1","00390,1,C,N","006000,1,N,9","+0006,1","-0018,1","99999,9","03,9999,2,9",,,"0,000",,,,,"06,1,+00390,9,08,9",,,"06,99,1,06,1,02,1,00450,1,00,1,00,1",,,,,"99999,9,08919,1","3,1,012,1,+999,9","3,1405,9","85,1","4,99,0108,1","SYN023333   69907 86813 91121",
"07555099999","1990-11-28T12:00:00","4","44.177776","2.515","616.91","CASSAGNES BEGONHES, FR","FM-12","LFIG ","V020","040,1,N,0010,1","00600,1,C,N","010000,1,N,9","+0013,1","-0019,1","99999,9","06,9999,2,9",,,"0,001",,,"8,1,06,1","7,1,06,1","06,1,+00600,9,08,9",,,"06,99,1,06,1,02,1,00800,1,00,1,00,1",,,,,"99999,9,08926,1","0,1,007,1,+999,9","3,1413,9","02,1","4,99,0108,1","SYN017333   86820 91121",
"07555099999","1990-11-28T15:00:00","4","44.177776","2.515","616.91","CASSAGNES BEGONHES, FR","FM-12","LFIG ","V020","050,1,N,0041,1","00390,1,C,N","010000,1,N,9","+0000,1","-0024,1","99999,9","06,0000,9,1",,,"4,000",,,,,"07,1,+00390,9,05,9",,,"07,99,1,07,1,05,1,00450,1,99,9,99,9",,,,,"99999,9,08932,1","3,1,006,1,+999,9","3,1416,9",,"4,99,0088,1","SYN017333   87613 91117",
"07555099999","1990-11-28T18:00:00","4","44.177776","2.515","616.91","CASSAGNES BEGONHES, FR","FM-12","LFIG ","V020","030,1,N,0021,1","99999,9,9,N","999999,9,N,9","-0009,1","-0025,1","99999,9","99,9999,2,9",,,"0,000",,,,,,,,,,,"999,M,+0014,1",,"99999,9,08945,1","1,1,013,1,+999,9","3,1426,9",,"4,99,0088,1","SYN017333   10014 91117",
"07555099999","1990-11-29T03:00:00","4","44.177776","2.515","616.91","CASSAGNES BEGONHES, FR","FM-12","LFIG ","V020","040,1,N,0041,1","99999,9,9,N","999999,9,N,9","-0017,1","-0028,1","99999,9","06,0000,9,1",,,"4,000",,,,,,,,,,,,,"99999,9,08958,1","0,1,002,1,+999,9","3,1436,9",,"4,99,0088,1","SYN011333   91117",
"07555099999","1990-11-29T06:00:00","4","44.177776","2.515","616.91","CASSAGNES BEGONHES, FR","FM-12","LFIG ","V020","040,1,N,0041,1","99999,9,9,N","999999,9,N,9","-0019,1","-0030,1","99999,9","06,0000,9,1","24,9999,2,9",,"4,000",,,,,,,,,"0018,9","999,-0020,9","999,M,+0014,1","999,N,-0020,1","99999,9,08960,1","3,1,002,1,+999,9","3,1438,9",,"4,99,0088,1","SYN041333   10014 21020 3/102 55003 79999 91117",
"07555099999","1990-11-29T09:00:00","4","44.177776","2.515","616.91","CASSAGNES BEGONHES, FR","FM-12","LFIG ","V020","040,1,N,0010,1","00150,1,C,N","002000,1,N,9","-0014,1","-0028,1","99999,9","06,0000,9,1",,,"4,000",,,,,"07,1,+00150,9,07,9",,,"07,99,1,07,1,06,1,00150,1,99,9,99,9",,,,,"99999,9,08974,1","1,1,014,1,+999,9","3,1451,9","10,1","4,99,0082,1","SYN017333   87705 91116",
"07555099999","1990-11-29T12:00:00","4","44.177776","2.515","616.91","CASSAGNES BEGONHES, FR","FM-12","LFIG ","V020","060,1,N,0041,1","00300,1,C,N","004000,1,N,9","+0007,1","-0018,1","99999,9","06,0000,9,1",,,"4,000",,,"2,1,06,1","2,1,06,1","05,1,+00300,9,08,9",,,"06,99,1,06,1,02,1,00450,1,03,1,00,1",,,,,"99999,9,08975,1","0,1,001,1,+999,9","3,1455,9","10,1","4,99,0082,1","SYN017333   85810 91116",
"07555099999","1990-11-29T15:00:00","4","44.177776","2.515","616.91","CASSAGNES BEGONHES, FR","FM-12","LFIG ","V020","030,1,N,0010,1","00180,1,C,N","003000,1,N,9","-0006,1","-0030,1","99999,9","06,0000,9,1",,,"4,000",,,"2,1,03,1","2,1,03,1","07,1,+00180,9,07,9",,,"07,99,1,07,1,06,1,00250,1,99,9,99,9",,,,,"99999,9,08976,1","3,1,001,1,+999,9","3,1454,9","10,1","4,99,0062,1","SYN017333   87706 91112",
"07555099999","1990-11-29T18:00:00","4","44.177776","2.515","616.91","CASSAGNES BEGONHES, FR","FM-12","LFIG ","V020","010,1,N,0031,1","99999,9,9,N","999999,9,N,9","-0023,1","-0040,1","99999,9","06,0000,9,1",,,"4,000",,,,,,,,,,,"999,M,+0009,1",,"99999,9,08980,1","2,1,004,1,+999,9","3,1455,9",,"4,99,0062,1","SYN017333   10009 91112",
"07555099999","1990-11-29T21:00:00","4","44.177776","2.515","616.91","CASSAGNES BEGONHES, FR","FM-12","LFIG ","V020","340,1,N,0041,1","99999,9,9,N","999999,9,N,9","-0022,1","-0041,1","99999,9","06,0000,9,1",,,"4,000",,,,,,,,,,,,,"99999,9,08980,1","0,1,000,1,+999,9","3,1455,9",,"4,99,0088,1","SYN011333   91117",
"07555099999","1990-11-30T00:00:00","4","44.177776","2.515","616.91","CASSAGNES BEGONHES, FR","FM-12","LFIG ","V020","310,1,N,0031,1","99999,9,9,N","999999,9,N,9","-0019,1","-0038,1","99999,9","06,0000,9,1",,,"4,000",,,,,,,,,,,,,"99999,9,08973,1","6,1,007,1,+999,9","3,1449,9",,"4,99,0088,1","SYN011333   91117",
"07555099999","1990-11-30T03:00:00","4","44.177776","2.515","616.91","CASSAGNES BEGONHES, FR","FM-12","LFIG ","V020","350,1,N,0041,1","99999,9,9,N","999999,9,N,9","-0015,1","-0034,1","99999,9","06,0000,9,1",,,"4,000",,,,,,,,,,,,,"99999,9,08956,1","6,1,017,1,+999,9","3,1435,9",,"4,99,0129,1","SYN011333   91125",
"07555099999","1990-11-30T06:00:00","4","44.177776","2.515","616.91","CASSAGNES BEGONHES, FR","FM-12","LFIG ","V020","330,1,N,0041,1","99999,9,9,N","999999,9,N,9","-0019,1","-0044,1","99999,9","06,0000,9,1",,,"4,000",,,,,,,,,"0108,9","999,-0030,9","999,M,+0009,1","999,N,-0025,1","99999,9,08959,1","3,1,003,1,+999,9","3,1437,9",,"4,99,0129,1","SYN035333   10009 21025 3/103 55018 91125",
"07555099999","1990-11-30T09:00:00","4","44.177776","2.515","616.91","CASSAGNES BEGONHES, FR","FM-12","LFIG ","V020","360,1,N,0041,1","00090,1,C,N","002000,1,N,9","-0019,1","-0035,1","99999,9","03,9999,2,9",,,"0,000",,,"1,1,03,1",,"07,1,+00090,9,07,9",,,"07,99,1,07,1,07,1,00150,1,99,9,99,9",,,,,"99999,9,08967,1","1,1,008,1,+999,9","3,1444,9","70,1","4,99,0118,1","SYN023333   69907 87703 91123",
"07555099999","1990-11-30T12:00:00","4","44.177776","2.515","616.91","CASSAGNES BEGONHES, FR","FM-12","LFIG ","V020","360,1,N,0051,1","00180,1,C,N","006000,1,N,9","+0000,1","-0027,1","99999,9","06,9999,2,9",,,"9,001",,,"7,1,06,1","2,1,06,1","07,1,+00180,9,08,9",,,"07,99,1,07,1,02,1,00250,1,99,9,99,9",,,,,"99999,9,08969,1","1,1,002,1,+999,9","3,1449,9","02,1","4,99,0139,1","SYN017333   87806 91127",
"07555099999","1990-11-30T21:00:00","4","44.177776","2.515","616.91","CASSAGNES BEGONHES, FR","FM-12","LFIG ","V020","010,1,N,0041,1","99999,9,9,N","999999,9,N,9","-0021,1","-0061,1","99999,9","06,0000,9,1",,,"4,000",,,,,,,,,,,,,"99999,9,08989,1","0,1,001,1,+999,9","3,1463,9",,"4,99,0149,1","SYN011333   91129",
"07555099999","1990-12-01T03:00:00","4","44.177776","2.515","616.91","CASSAGNES BEGONHES, FR","FM-12","LFIG ","V020","020,1,N,0041,1","99999,9,9,N","999999,9,N,9","-0026,1","-0062,1","99999,9","06,0000,9,1",,,"4,000",,,,,,,,,,,,,"99999,9,08992,1","0,1,001,1,+999,9","3,1465,9",,"4,99,0149,1","SYN011333   91129",
"07555099999","1990-12-01T06:00:00","4","44.177776","2.515","616.91","CASSAGNES BEGONHES, FR","FM-12","LFIG ","V020","030,1,N,0062,1","99999,9,9,N","999999,9,N,9","-0038,1","-0083,1","99999,9","06,0000,9,1","24,9999,2,9",,"4,000",,,,,,,,,"0024,9","999,-0040,9","999,M,+0005,1","999,N,-0038,1","99999,9,09003,1","3,1,011,1,+999,9","3,1472,9",,"4,99,0170,1","SYN041333   10005 21038 3/104 55004 79999 91133",
"07555099999","1990-12-01T09:00:00","4","44.177776","2.515","616.91","CASSAGNES BEGONHES, FR","FM-12","LFIG ","V020","010,1,N,0087,1","22000,1,C,N","020000,1,N,9","-0037,1","-0091,1","99999,9","06,0000,9,1",,,"4,000",,,,,"03,1,+00780,9,08,9",,,"03,99,1,03,1,02,1,00800,1,00,1,00,1",,,,,"99999,9,09020,1","1,1,017,1,+999,9","3,1487,9",,"4,99,0149,1","SYN017333   83826 91129",
"07555099999","1990-12-01T12:00:00","4","44.177776","2.515","616.91","CASSAGNES BEGONHES, FR","FM-12","LFIG ","V020","350,1,N,0082,1","22000,1,C,N","030000,1,N,9","-0028,1","-0090,1","99999,9","06,0000,9,1",,,"4,000",,,,,"01,1,+00990,9,08,9",,,"01,99,1,01,1,02,1,01250,1,00,1,00,1",,,,,"99999,9,09022,1","0,1,002,1,+999,9","3,1490,9",,"4,99,0170,1","SYN017333   81833 91133",
"07555099999","1990-12-01T15:00:00","4","44.177776","2.515","616.91","CASSAGNES BEGONHES, FR","FM-12","LFIG ","V020","350,1,N,0072,1","22000,1,C,N","050000,1,N,9","-0024,1","-0097,1","99999,9","06,0000,9,1",,,"4,000",,,,,,,,"00,99,1,00,1,00,1,99999,9,00,1,00,1",,,,,"99999,9,09033,1","3,1,011,1,+999,9","3,1501,9",,"4,99,0160,1","SYN011333   91131",
"07555099999","1990-12-01T21:00:00","4","44.177776","2.515","616.91","CASSAGNES BEGONHES, FR","FM-12","LFIG ","V020","020,1,N,0051,1","99999,9,9,N","999999,9,N,9","-0050,1","-0140,1","99999,9","06,0000,9,1",,,"4,000",,,,,,,,,,,,,"99999,9,09061,1","3,1,017,1,+999,9","3,1520,9",,"4,99,0201,1","SYN011333   91139",
"07555099999","1990-12-02T00:00:00","4","44.177776","2.515","616.91","CASSAGNES BEGONHES, FR","FM-12","LFIG ","V020","020,1,N,0072,1","99999,9,9,N","999999,9,N,9","-0051,1","-0149,1","99999,9","06,0000,9,1",,,"4,000",,,,,,,,,,,,,"99999,9,09061,1","0,1,000,1,+999,9","3,1520,9",,"4,99,0201,1","SYN011333   91139",
"07555099999","1990-12-02T03:00:00","4","44.177776","2.515","616.91","CASSAGNES BEGONHES, FR","FM-12","LFIG ","V020","010,1,N,0082,1","99999,9,9,N","999999,9,N,9","-0042,1","-0087,1","99999,9","06,0000,9,1",,,"4,000",,,,,,,,,,,,,"99999,9,09061,1","5,1,000,1,+999,9","3,1522,9",,"4,99,0180,1","SYN011333   91135",
"07555099999","1990-12-02T06:00:00","4","44.177776","2.515","616.91","CASSAGNES BEGONHES, FR","FM-12","LFIG ","V020","030,1,N,0098,1","99999,9,9,N","999999,9,N,9","-0030,1","-0084,1","99999,9","06,0000,9,1",,,"4,000",,,,,,,,,"0462,9","999,-0070,9","999,M,-0018,1","999,N,-0060,1","99999,9,09058,1","8,1,003,1,+999,9","3,1521,9",,"4,99,0180,1","SYN035333   11018 21060 3/107 55077 91135",
"07555099999","1990-12-02T09:00:00","4","44.177776","2.515","616.91","CASSAGNES BEGONHES, FR","FM-12","LFIG ","V020","060,1,N,0087,1","99999,9,9,N","999999,9,N,9","-0021,1","-0057,1","99999,9","06,0000,9,1",,,"4,000",,,,,,,,,,,,,"99999,9,09071,1","1,1,013,1,+999,9","3,1534,9",,"4,99,0211,1","SYN011333   91141",
"07555099999","1990-12-02T12:00:00","4","44.177776","2.515","616.91","CASSAGNES BEGONHES, FR","FM-12","LFIG ","V020","060,1,N,0021,1","99999,9,9,N","999999,9,N,9","+0019,1","-0062,1","99999,9","06,0000,9,1",,,"4,000",,,,,,,,,,,,,"99999,9,09073,1","3,1,002,1,+999,9","3,1544,9",,"4,99,0252,1","SYN011333   91149",
"07555099999","1990-12-02T15:00:00","4","44.177776","2.515","616.91","CASSAGNES BEGONHES, FR","FM-12","LFIG ","V020","030,1,N,0072,1","22000,1,C,N","050000,1,N,9","+0003,1","-0055,1","99999,9","06,0000,9,1",,,"4,000",,,,,"01,1,+00990,9,08,9",,,"01,99,1,01,1,01,1,01250,1,00,1,01,1",,,,,"99999,9,09072,1","7,1,001,1,+999,9","3,1540,9",,"4,99,0160,1","SYN017333   81833 91131",
"07555099999","1990-12-02T18:00:00","4","44.177776","2.515","616.91","CASSAGNES BEGONHES, FR","FM-12","LFIG ","V020","050,1,N,0062,1","99999,9,9,N","999999,9,N,9","-0025,1","-0056,1","99999,9","06,0000,9,1",,,"4,000",,,,,,,,,,,"999,M,+0026,1",,"99999,9,09072,1","0,1,000,1,+999,9","3,1534,9",,"4,99,0160,1","SYN017333   10026 91131",
"07555099999","1990-12-02T21:00:00","4","44.177776","2.515","616.91","CASSAGNES BEGONHES, FR","FM-12","LFIG ","V020","020,1,N,0031,1","99999,9,9,N","999999,9,N,9","-0028,1","-0048,1","99999,9","06,0000,9,1",,,"4,000",,,,,,,,,,,,,"99999,9,09066,1","7,1,006,1,+999,9","3,1529,9",,"4,99,0149,1","SYN011333   91129",
"07555099999","1990-12-03T00:00:00","4","44.177776","2.515","616.91","CASSAGNES BEGONHES, FR","FM-12","LFIG ","V020","050,1,N,0051,1","99999,9,9,N","999999,9,N,9","-0029,1","-0052,1","99999,9","06,0000,9,1",,,"4,000",,,,,,,,,,,,,"99999,9,09057,1","8,1,009,1,+999,9","3,1521,9",,"4,99,0149,1","SYN011333   91129",
"07555099999","1990-12-03T03:00:00","4","44.177776","2.515","616.91","CASSAGNES BEGONHES, FR","FM-12","LFIG ","V020","020,1,N,0051,1","99999,9,9,N","999999,9,N,9","-0025,1","-0047,1","99999,9","06,0000,9,1",,,"4,000",,,,,,,,,,,,,"99999,9,09038,1","6,1,019,1,+999,9","3,1505,9",,"4,99,0108,1","SYN011333   91121",
"07555099999","1990-12-03T06:00:00","4","44.177776","2.515","616.91","CASSAGNES BEGONHES, FR","FM-12","LFIG ","V020","330,1,N,0021,1","99999,9,9,N","999999,9,N,9","-0023,1","-0043,1","99999,9","06,0000,9,1",,,"4,000",,,,,,,,,"0396,9","999,-0040,9","999,M,+0026,1","999,N,-0031,1","99999,9,09029,1","7,1,009,1,+999,9","3,1498,9",,"4,99,0129,1","SYN035333   10026 21031 3/104 55066 91125",
"07555099999","1990-12-03T09:00:00","4","44.177776","2.515","616.91","CASSAGNES BEGONHES, FR","FM-12","LFIG ","V020","100,1,N,0031,1","99999,9,9,N","999999,9,N,9","-0004,1","-0038,1","99999,9","06,0000,9,1",,,"4,000",,,,,,,,,,,,,"99999,9,09034,1","3,1,005,1,+999,9","3,1506,9",,"4,99,0082,1","SYN011333   91116",
"07555099999","1990-12-03T12:00:00","4","44.177776","2.515","616.91","CASSAGNES BEGONHES, FR","FM-12","LFIG ","V020","030,1,N,0031,1","99999,9,9,N","999999,9,N,9","+0012,1","-0029,1","99999,9","06,0000,9,1",,,"4,000",,,,,,,,,,,,,"99999,9,09049,1","1,1,015,1,+999,9","3,1522,9",,"4,99,0118,1","SYN011333   91123",
"07555099999","1990-12-03T15:00:00","4","44.177776","2.515","616.91","CASSAGNES BEGONHES, FR","FM-12","LFIG ","V020","050,1,N,0021,1","99999,9,9,N","999999,9,N,9","+0005,1","-0043,1","99999,9","06,0000,9,1",,,"4,000",,,,,,,,,,,,,"99999,9,09041,1","5,1,008,1,+999,9","3,1513,9",,"4,99,0082,1","SYN011333   91116",
"07555099999","1990-12-03T18:00:00","4","44.177776","2.515","616.91","CASSAGNES BEGONHES, FR","FM-12","LFIG ","V020","060,1,N,0021,1","99999,9,9,N","999999,9,N,9","-0024,1","-0049,1","99999,9","06,0000,9,1",,,"4,000",,,,,,,,,,,"999,M,+0017,1",,"99999,9,09046,1","1,1,005,1,+999,9","3,1512,9",,"4,99,0082,1","SYN017333   10017 91116",
"07555099999","1990-12-03T21:00:00","4","44.177776","2.515","616.91","CASSAGNES BEGONHES, FR","FM-12","LFIG ","V020","050,1,N,0021,1","99999,9,9,N","999999,9,N,9","-0032,1","-0052,1","99999,9","06,0000,9,1",,,"4,000",,,,,,,,,,,,,"99999,9,09049,1","3,1,003,1,+999,9","3,1514,9",,"4,99,0051,1","SYN011333   91110",
"07555099999","1990-12-04T03:00:00","4","44.177776","2.515","616.91","CASSAGNES BEGONHES, FR","FM-12","LFIG ","V020","080,1,N,0031,1","99999,9,9,N","999999,9,N,9","-0028,1","-0059,1","99999,9","06,0000,9,1",,,"4,000",,,,,,,,,,,,,"99999,9,09032,1","6,1,013,1,+999,9","3,1499,9",,"4,99,0072,1","SYN011333   91114",
"07555099999","1990-12-04T06:00:00","4","44.177776","2.515","616.91","CASSAGNES BEGONHES, FR","FM-12","LFIG ","V020","070,1,N,0021,1","99999,9,9,N","999999,9,N,9","-0034,1","-0065,1","99999,9","06,0000,9,1",,,"4,000",,,,,,,,,"0390,9","999,-0070,9","999,M,+0017,1","999,N,-0051,1","99999,9,09034,1","3,1,002,1,+999,9","3,1500,9",,"4,99,0088,1","SYN035333   10017 21051 3/107 55065 91117",
"07555099999","1990-12-04T09:00:00","4","44.177776","2.515","616.91","CASSAGNES BEGONHES, FR","FM-12","LFIG ","V020","070,1,N,0031,1","22000,1,C,N","008000,1,N,9","-0014,1","-0052,1","99999,9","06,0000,9,1",,,"4,000",,,,,"01,1,+00600,9,08,9",,,"01,99,1,01,1,02,1,00800,1,00,1,01,1",,,,,"99999,9,09045,1","2,1,011,1,+999,9","3,1513,9",,"4,99,0082,1","SYN017333   81820 91116",
"07555099999","1990-12-04T12:00:00","4","44.177776","2.515","616.91","CASSAGNES BEGONHES, FR","FM-12","LFIG ","V020","060,1,N,0031,1","22000,1,C,N","010000,1,N,9","+0018,1","-0041,1","99999,9","06,0000,9,1",,,"4,000",,,,,"01,1,+00780,9,08,9",,,"01,99,1,01,1,02,1,00800,1,00,1,01,1",,,,,"99999,9,09040,1","8,1,005,1,+999,9","3,1515,9",,"4,99,0082,1","SYN017333   81826 91116",
"07555099999","1990-12-04T15:00:00","4","44.177776","2.515","616.91","CASSAGNES BEGONHES, FR","FM-12","LFIG ","V020","070,1,N,0062,1","99999,9,9,N","999999,9,N,9","-0014,1","-0039,1","99999,9","06,0000,9,1",,,"4,000",,,,,,,,,,,,,"99999,9,09043,1","3,1,003,1,+999,9","3,1512,9",,"4,99,0108,1","SYN011333   91121",
"07555099999","1990-12-04T18:00:00","4","44.177776","2.515","616.91","CASSAGNES BEGONHES, FR","FM-12","LFIG ","V020","999,1,C,0000,1","99999,9,9,N","999999,9,N,9","-0037,1","-0057,1","99999,9","06,0000,9,1",,,"4,000",,,,,,,,,,,"999,M,+0022,1",,"99999,9,09039,1","8,1,004,1,+999,9","3,1504,9",,"4,99,0108,1","SYN017333   10022 91121",
"07555099999","1990-12-04T21:00:00","4","44.177776","2.515","616.91","CASSAGNES BEGONHES, FR","FM-12","LFIG ","V020","110,1,N,0031,1","99999,9,9,N","999999,9,N,9","-0018,1","-0045,1","99999,9","06,0000,9,1",,,"4,000",,,,,,,,,,,,,"99999,9,09043,1","2,1,004,1,+999,9","3,1511,9",,"4,99,0108,1","SYN011333   91121",
"07555099999","1990-12-05T00:00:00","4","44.177776","2.515","616.91","CASSAGNES BEGONHES, FR","FM-12","LFIG ","V020","050,1,N,0041,1","99999,9,9,N","999999,9,N,9","-0018,1","-0043,1","99999,9","06,0000,9,1",,,"4,000",,,,,,,,,,,,,"99999,9,09035,1","8,1,008,1,+999,9","3,1504,9",,"4,99,0118,1","SYN011333   91123",
"07555099999","1990-12-05T03:00:00","4","44.177776","2.515","616.91","CASSAGNES BEGONHES, FR","FM-12","LFIG ","V020","050,1,N,0072,1","99999,9,9,N","999999,9,N,9","-0020,1","-0050,1","99999,9","06,0000,9,1",,,"4,000",,,,,,,,,,,,,"99999,9,09036,1","0,1,001,1,+999,9","3,1504,9",,"4,99,0118,1","SYN011333   91123",
"07555099999","1990-12-05T06:00:00","4","44.177776","2.515","616.91","CASSAGNES BEGONHES, FR","FM-12","LFIG ","V020","350,1,N,0021,1","99999,9,9,N","999999,9,N,9","-0031,1","-0062,1","99999,9","06,0000,9,1",,,"4,000",,,,,,,,,"0414,9","999,-0060,9","999,M,+0022,1","999,N,-0048,1","99999,9,09034,1","5,1,002,1,+999,9","3,1501,9",,"4,99,0149,1","SYN035333   10022 21048 3/106 55069 91129",
"07555099999","1990-12-05T09:00:00","4","44.177776","2.515","616.91","CASSAGNES BEGONHES, FR","FM-12","LFIG ","V020","100,1,N,0021,1","22000,1,C,N","010000,1,N,9","-0009,1","-0049,1","99999,9","06,0000,9,1",,,"4,000",,,,,"04,1,+00390,9,08,9",,,"04,99,1,04,1,02,1,00450,1,00,1,00,1",,,,,"99999,9,09036,1","0,1,002,1,+999,9","3,1506,9",,"4,99,0118,1","SYN017333   84813 91123",
"07555099999","1990-12-05T12:00:00","4","44.177776","2.515","616.91","CASSAGNES BEGONHES, FR","FM-12","LFIG ","V020","010,1,N,0062,1","22000,1,C,N","015000,1,N,9","+0017,1","-0040,1","99999,9","06,0000,9,1",,,"4,000",,,,,"03,1,+00780,9,08,9",,,"03,99,1,03,1,02,1,00800,1,00,1,00,1",,,,,"99999,9,09020,1","8,1,016,1,+999,9","3,1497,9",,"4,99,0180,1","SYN017333   83826 91135",
"07555099999","1990-12-05T15:00:00","4","44.177776","2.515","616.91","CASSAGNES BEGONHES, FR","FM-12","LFIG ","V020","010,1,N,0082,1","22000,1,C,N","020000,1,N,9","-0007,1","-0049,1","99999,9","06,0000,9,1",,,"4,000",,,,,"04,1,+00990,9,08,9",,,"04,99,1,04,1,02,1,01250,1,04,1,00,1",,,,,"99999,9,09019,1","5,1,001,1,+999,9","3,1492,9",,"4,99,0190,1","SYN017333   84833 91137",
"07555099999","1990-12-05T18:00:00","4","44.177776","2.515","616.91","CASSAGNES BEGONHES, FR","FM-12","LFIG ","V020","030,1,N,0041,1","99999,9,9,N","999999,9,N,9","-0022,1","-0069,1","99999,9","06,0000,9,1",,,"4,000",,,,,,,,,,,"999,M,+0022,1",,"99999,9,09038,1","3,1,019,1,+999,9","3,1506,9",,"4,99,0190,1","SYN017333   10022 91137",
"07555099999","1990-12-05T21:00:00","4","44.177776","2.515","616.91","CASSAGNES BEGONHES, FR","FM-12","LFIG ","V020","030,1,N,0087,1","99999,9,9,N","999999,9,N,9","-0033,1","-0083,1","99999,9","06,0000,9,1",,,"4,000",,,,,,,,,,,,,"99999,9,09039,1","0,1,001,1,+999,9","3,1504,9",,"4,99,0160,1","SYN011333   91131",
"07555099999","1990-12-06T00:00:00","4","44.177776","2.515","616.91","CASSAGNES BEGONHES, FR","FM-12","LFIG ","V020","030,1,N,0082,1","99999,9,9,N","999999,9,N,9","-0043,1","-0097,1","99999,9","06,0000,9,1",,,"4,000",,,,,,,,,,,,,"99999,9,09041,1","1,1,002,1,+999,9","3,1504,9",,"4,99,0170,1","SYN011333   91133",
"07555099999","1990-12-06T06:00:00","4","44.177776","2.515","616.91","CASSAGNES BEGONHES, FR","FM-12","LFIG ","V020","160,1,N,0021,1","99999,9,9,N","999999,9,N,9","-0071,1","-0096,1","99999,9","06,0000,9,1",,,"4,000",,,,,,,,,"0210,9","999,-0080,9","999,M,+0022,1","999,N,-0073,1","99999,9,09049,1","5,1,003,1,+999,9","3,1506,9",,"4,99,0160,1","SYN035333   10022 21073 3/108 55035 91131",
"07555099999","1990-12-06T09:00:00","4","44.177776","2.515","616.91","CASSAGNES BEGONHES, FR","FM-12","LFIG ","V020","070,1,N,0051,1","22000,1,C,N","015000,1,N,9","-0046,1","-0092,1","99999,9","06,0000,9,1",,,"4,000",,,,,"01,1,+00780,9,08,9",,,"01,99,1,01,1,01,1,00800,1,00,1,00,1",,,,,"99999,9,09055,1","1,1,006,1,+999,9","3,1516,9",,"4,99,0098,1","SYN017333   81826 91119",
"07555099999","1990-12-06T12:00:00","4","44.177776","2.515","616.91","CASSAGNES BEGONHES, FR","FM-12","LFIG ","V020","060,1,N,0062,1","22000,1,C,N","050000,1,N,9","+0000,1","-0111,1","99999,9","06,0000,9,1",,,"4,000",,,,,,,,"00,99,1,00,1,00,1,99999,9,00,1,00,1",,,,,"99999,9,09043,1","8,1,012,1,+999,9","3,1514,9",,"4,99,0098,1","SYN011333   91119",
"07555099999","1990-12-06T15:00:00","4","44.177776","2.515","616.91","CASSAGNES BEGONHES, FR","FM-12","LFIG ","V020","060,1,N,0041,1","22000,1,C,N","050000,1,N,9","-0013,1","-0117,1","99999,9","06,0000,9,1",,,"4,000",,,,,,,,"00,99,1,00,1,00,1,99999,9,00,1,00,1",,,,,"99999,9,09038,1","6,1,005,1,+999,9","3,1507,9",,"4,99,0108,1","SYN011333   91121",
"07555099999","1990-12-06T18:00:00","4","44.177776","2.515","616.91","CASSAGNES BEGONHES, FR","FM-12","LFIG ","V020","060,1,N,0082,1","99999,9,9,N","999999,9,N,9","-0048,1","-0094,1","99999,9","06,0000,9,1",,,"4,000",,,,,,,,,,,"999,M,+0008,1",,"99999,9,09033,1","8,1,005,1,+999,9","3,1497,9",,"4,99,0118,1","SYN017333   10008 91123",
"07555099999","1990-12-06T21:00:00","4","44.177776","2.515","616.91","CASSAGNES BEGONHES, FR","FM-12","LFIG ","V020","150,1,N,0021,1","99999,9,9,N","999999,9,N,9","-0061,1","-0098,1","99999,9","06,0000,9,1",,,"4,000",,,,,,,,,,,,,"99999,9,09026,1","6,1,007,1,+999,9","3,1488,9",,"4,99,0118,1","SYN011333   91123",
"07555099999","1990-12-07T00:00:00","4","44.177776","2.515","616.91","CASSAGNES BEGONHES, FR","FM-12","LFIG ","V020","040,1,N,0021,1","99999,9,9,N","999999,9,N,9","-0055,1","-0126,1","99999,9","06,0000,9,1",,,"4,000",,,,,,,,,,,,,"99999,9,09021,1","8,1,005,1,+999,9","3,1485,9",,"4,99,0118,1","SYN011333   91123",
"07555099999","1990-12-07T03:00:00","4","44.177776","2.515","616.91","CASSAGNES BEGONHES, FR","FM-12","LFIG ","V020","999,1,C,0000,1","99999,9,9,N","999999,9,N,9","-0085,1","-0133,1","99999,9","06,0000,9,1",,,"4,000",,,,,,,,,,,,,"99999,9,09008,1","8,1,013,1,+999,9","3,1468,9",,"4,99,0041,1","SYN011333   91108",
"07555099999","1990-12-07T06:00:00","4","44.177776","2.515","616.91","CASSAGNES BEGONHES, FR","FM-12","LFIG ","V020","270,1,N,0010,1","99999,9,9,N","999999,9,N,9","-0091,1","-0135,1","99999,9","06,0000,9,1",,,"4,000",,,,,,,,,"0480,9","999,-0110,9","999,M,+0008,1","999,N,-0100,1","99999,9,08990,1","6,1,018,1,+999,9","3,1452,9",,"4,99,0041,1","SYN035333   10008 21100 3/111 55080 91108",
"07555099999","1990-12-07T09:00:00","4","44.177776","2.515","616.91","CASSAGNES BEGONHES, FR","FM-12","LFIG ","V020","999,1,C,0000,1","22000,1,C,N","050000,1,N,9","-0016,1","-0092,1","99999,9","06,0000,9,1",,,"4,000",,,,,,,,"00,99,1,00,1,00,1,99999,9,00,1,00,1",,,,,"99999,9,08985,1","8,1,005,1,+999,9","3,1460,9",,"4,99,0010,1","SYN011333   91102",
"07555099999","1990-12-07T12:00:00","4","44.177776","2.515","616.91","CASSAGNES BEGONHES, FR","FM-12","LFIG ","V020","200,1,N,0010,1","22000,1,C,N","050000,1,N,9","+0040,1","-0112,1","99999,9","06,0000,9,1",,,"4,000",,,,,,,,"00,99,1,00,1,00,1,99999,9,00,1,00,1",,,,,"99999,9,08969,1","8,1,016,1,+999,9","3,1455,9",,"4,99,0031,1","SYN011333   91106",
"07555099999","1990-12-07T15:00:00","4","44.177776","2.515","616.91","CASSAGNES BEGONHES, FR","FM-12","LFIG ","V020","210,1,N,0021,1","22000,1,C,N","050000,1,N,9","+0038,1","-0099,1","99999,9","06,0000,9,1",,,"4,000",,,,,"01,1,+09000,9,00,9",,,"01,99,1,00,1,00,1,99999,9,00,1,01,1",,,,,"99999,9,08952,1","6,1,017,1,+999,9","3,1439,9",,"4,99,0031,1","SYN017333   81080 91106",
"07555099999","1990-12-07T18:00:00","4","44.177776","2.515","616.91","CASSAGNES BEGONHES, FR","FM-12","LFIG ","V020","999,1,C,0000,1","99999,9,9,N","999999,9,N,9","-0037,1","-0089,1","99999,9","06,0000,9,1",,,"4,000",,,,,,,,,,,"999,M,+0053,1",,"99999,9,08948,1","8,1,004,1,+999,9","3,1424,9",,"4,99,0031,1","SYN017333   10053 91106",
"07555099999","1990-12-07T21:00:00","4","44.177776","2.515","616.91","CASSAGNES BEGONHES, FR","FM-12","LFIG ","V020","999,1,C,0000,1","99999,9,9,N","999999,9,N,9","-0060,1","-0090,1","99999,9","06,0000,9,1",,,"4,000",,,,,,,,,,,,,"99999,9,08935,1","7,1,013,1,+999,9","3,1410,9",,"4,99,0010,1","SYN011333   91102",
"07555099999","1990-12-08T00:00:00","4","44.177776","2.515","616.91","CASSAGNES BEGONHES, FR","FM-12","LFIG ","V020","999,1,C,0000,1","99999,9,9,N","999999,9,N,9","-0080,1","-0099,1","99999,9","06,0000,9,1",,,"4,000",,,,,,,,,,,,,"99999,9,08926,1","8,1,009,1,+999,9","3,1399,9",,"4,99,0021,1","SYN011333   91104",
"07555099999","1990-12-08T03:00:00","4","44.177776","2.515","616.91","CASSAGNES BEGONHES, FR","FM-12","LFIG ","V020","999,1,C,0000,1","99999,9,9,N","999999,9,N,9","-0078,1","-0093,1","99999,9","06,0000,9,1",,,"4,000",,,,,,,,,,,,,"99999,9,08910,1","6,1,016,1,+999,9","3,1386,9",,"4,99,0000,1","SYN011333   91100",
"07555099999","1990-12-08T06:00:00","4","44.177776","2.515","616.91","CASSAGNES BEGONHES, FR","FM-12","LFIG ","V020","290,1,N,0010,1","99999,9,9,N","999999,9,N,9","-0040,1","-0055,1","99999,9","06,0000,9,1",,,"4,000",,,,,,,,,"0462,9","999,-0110,9","999,M,+0053,1","999,N,-0089,1","99999,9,08897,1","6,1,013,1,+999,9","3,1379,9",,"4,99,0031,1","SYN035333   10053 21089 3/111 55077 91106",
"07555099999","1990-12-08T09:00:00","4","44.177776","2.515","616.91","CASSAGNES BEGONHES, FR","FM-12","LFIG ","V020","999,1,C,0000,1","00030,1,C,N","000600,1,N,9","-0014,1","-0020,1","99999,9","03,0002,9,1","99,0003,9,1",,"0,000",,,,,"08,1,+00030,9,07,9",,,"08,99,1,08,1,07,1,00075,1,99,9,99,9",,,,,"99999,9,08896,1","5,1,001,1,+999,9","3,1382,9","71,1","4,99,0021,1","SYN023333   69927 88701 91104",
"07555099999","1990-12-08T12:00:00","4","44.177776","2.515","616.91","CASSAGNES BEGONHES, FR","FM-12","LFIG ","V020","200,1,N,0021,1","00030,1,C,N","000500,1,N,9","+0002,1","+0001,1","99999,9","03,0006,9,2","06,0005,9,2",,"0,001",,,"7,1,06,1","4,1,06,1","08,1,+00030,9,07,9",,,"08,99,1,08,1,07,1,00075,1,99,9,99,9",,,,,"99999,9,08882,1","8,1,014,1,+999,9","3,1372,9","46,1","4,99,0062,1","SYN023333   69967 88701 91112",
"07555099999","1990-12-08T15:00:00","4","44.177776","2.515","616.91","CASSAGNES BEGONHES, FR","FM-12","LFIG ","V020","150,1,N,0041,1","00090,1,C,N","004000,1,N,9","+0004,1","-0002,1","99999,9","03,0002,9,1","99,0003,9,1",,"0,001",,,"7,1,03,1","4,1,03,1","08,1,+00090,9,07,9",,,"08,99,1,08,1,07,1,00150,1,99,9,99,9",,,,,"99999,9,08867,1","6,1,015,1,+999,9","3,1359,9","10,1","4,99,0072,1","SYN023333   69927 88703 91114",
"07555099999","1990-12-08T18:00:00","4","44.177776","2.515","616.91","CASSAGNES BEGONHES, FR","FM-12","LFIG ","V020","160,1,N,0021,1","99999,9,9,N","999999,9,N,9","+0004,1","+0004,1","99999,9","03,0010,9,1",,,"0,000",,,"4,1,06,1",,,,,,,,"999,M,+0007,1",,"99999,9,08847,1","8,1,020,1,+999,9","3,1340,9","41,1","4,99,0098,1","SYN023333   10007 60017 91119",
"07555099999","1990-12-08T21:00:00","4","44.177776","2.515","616.91","CASSAGNES BEGONHES, FR","FM-12","LFIG ","V020","140,1,N,0062,1","99999,9,9,N","999999,9,N,9","+0006,1","+0005,1","99999,9","03,0020,9,1",,,"0,000",,,"4,1,03,1",,,,,,,,,,"99999,9,08811,1","6,1,036,1,+999,9","3,1308,9","21,1","4,99,0108,1","SYN017333   60027 91121",
"07555099999","1990-12-09T00:00:00","4","44.177776","2.515","616.91","CASSAGNES BEGONHES, FR","FM-12","LFIG ","V020","190,1,N,0010,1","99999,9,9,N","999999,9,N,9","+0006,1","+0006,1","99999,9","03,0070,9,1","06,0070,9,1",,"0,000",,,"4,1,06,1",,,,,,,,,,"99999,9,08793,1","7,1,018,1,+999,9","3,1292,9","21,1","4,99,0108,1","SYN017333   60077 91121",
"07555099999","1990-12-09T03:00:00","4","44.177776","2.515","616.91","CASSAGNES BEGONHES, FR","FM-12","LFIG ","V020","300,1,N,0010,1","99999,9,9,N","999999,9,N,9","-0003,1","-0003,1","99999,9","03,0002,9,1","99,0003,9,1",,"0,000",,,,,,,,,,,,,"99999,9,08793,1","4,1,000,1,+999,9","3,1291,9",,"4,99,0031,1","SYN017333   69927 91106",
"07555099999","1990-12-09T06:00:00","4","44.177776","2.515","616.91","CASSAGNES BEGONHES, FR","FM-12","LFIG ","V020","040,1,N,0010,1","99999,9,9,N","999999,9,N,9","-0020,1","-0030,1","99999,9","24,0118,9,1","99,0100,9,1",,"0,000",,,,,,,,,"0000,9","999,-0040,9","999,M,+0007,1","999,N,-0020,1","99999,9,08787,1","6,1,006,1,+999,9","3,1284,9",,"4,99,0051,1","SYN041333   10007 21020 3/104 55000 70118 91110",
"07555099999","1990-12-09T09:00:00","4","44.177776","2.515","616.91","CASSAGNES BEGONHES, FR","FM-12","LFIG ","V020","050,1,N,0021,1","99999,9,9,N","999999,9,N,9","-0034,1","-0045,1","99999,9","06,0000,9,1",,,"4,000",,,,,,,,,,,,,"99999,9,08790,1","3,1,003,1,+999,9","3,1285,9",,"4,99,0072,1","SYN011333   91114",
"07555099999","1990-12-09T12:00:00","4","44.177776","2.515","616.91","CASSAGNES BEGONHES, FR","FM-12","LFIG ","V020","330,1,N,0021,1","00240,1,C,N","010000,1,N,9","-0022,1","-0038,1","99999,9","06,0000,9,1",,,"4,000",,,,,"08,1,+00240,9,05,9",,,"08,99,1,08,1,05,1,00250,1,99,9,99,9",,,,,"99999,9,08785,1","8,1,005,1,+999,9","3,1282,9",,"4,99,0072,1","SYN017333   88608 91114",
"07555099999","1990-12-09T15:00:00","4","44.177776","2.515","616.91","CASSAGNES BEGONHES, FR","FM-12","LFIG ","V020","320,1,N,0021,1","00390,1,C,N","020000,1,N,9","-0025,1","-0045,1","99999,9","06,0000,9,1",,,"4,000",,,,,"08,1,+00390,9,05,9",,,"08,99,1,08,1,05,1,00450,1,99,9,99,9",,,,,"99999,9,08789,1","3,1,004,1,+999,9","3,1285,9",,"4,99,0072,1","SYN017333   88613 91114",
"07555099999","1990-12-09T18:00:00","4","44.177776","2.515","616.91","CASSAGNES BEGONHES, FR","FM-12","LFIG ","V020","320,1,N,0021,1","99999,9,9,N","999999,9,N,9","-0031,1","-0048,1","99999,9","06,0000,9,1",,,"4,000",,,,,,,,,,,"999,M,-0020,1",,"99999,9,08799,1","1,1,010,1,+999,9","3,1293,9",,"4,99,0072,1","SYN017333   11020 91114",
"07555099999","1990-12-09T21:00:00","4","44.177776","2.515","616.91","CASSAGNES BEGONHES, FR","FM-12","LFIG ","V020","310,1,N,0021,1","99999,9,9,N","999999,9,N,9","-0036,1","-0047,1","99999,9","06,0000,9,1",,,"4,000",,,,,,,,,,,,,"99999,9,08792,1","7,1,007,1,+999,9","3,1287,9",,"4,99,0062,1","SYN011333   91112",
"07555099999","1990-12-10T00:00:00","4","44.177776","2.515","616.91","CASSAGNES BEGONHES, FR","FM-12","LFIG ","V020","300,1,N,0021,1","99999,9,9,N","999999,9,N,9","-0044,1","-0058,1","99999,9","06,0000,9,1",,,"4,000",,,,,,,,,,,,,"99999,9,08787,1","8,1,005,1,+999,9","3,1282,9",,"4,99,0062,1","SYN011333   91112",
"07555099999","1990-12-10T03:00:00","4","44.177776","2.515","616.91","CASSAGNES BEGONHES, FR","FM-12","LFIG ","V020","330,1,N,0021,1","99999,9,9,N","999999,9,N,9","-0064,1","-0078,1","99999,9","06,0000,9,1",,,"4,000",,,,,,,,,,,,,"99999,9,08783,1","6,1,004,1,+999,9","3,1276,9",,"4,99,0062,1","SYN011333   91112",
"07555099999","1990-12-10T06:00:00","4","44.177776","2.515","616.91","CASSAGNES BEGONHES, FR","FM-12","LFIG ","V020","999,1,C,0000,1","99999,9,9,N","999999,9,N,9","-0089,1","-0098,1","99999,9","06,0000,9,1",,,"4,000",,,,,,,,,"0000,9","999,-0130,9","999,M,-0020,1","999,N,-0098,1","99999,9,08783,1","5,1,000,1,+999,9","3,1273,9",,"4,99,0062,1","SYN035333   11020 21098 3/113 55000 91112",
"07555099999","1990-12-10T09:00:00","4","44.177776","2.515","616.91","CASSAGNES BEGONHES, FR","FM-12","LFIG ","V020","999,1,C,0000,1","99999,9,9,N","999999,9,N,9","-0071,1","-0079,1","99999,9","06,0000,9,1",,,"4,000",,,,,,,,,,,,,"99999,9,08792,1","3,1,009,1,+999,9","3,1283,9",,"4,99,0021,1","SYN011333   91104",
"07555099999","1990-12-10T18:00:00","4","44.177776","2.515","616.91","CASSAGNES BEGONHES, FR","FM-12","LFIG ","V020","260,1,N,0021,1","99999,9,9,N","999999,9,N,9","-0049,1","-0057,1","99999,9","06,0000,9,1",,,"4,000",,,,,,,,,,,"999,M,-0034,1",,"99999,9,08806,1","0,1,000,1,+999,9","3,1298,9",,"4,99,0072,1","SYN017333   11034 91114",
"07555099999","1990-12-10T21:00:00","4","44.177776","2.515","616.91","CASSAGNES BEGONHES, FR","FM-12","LFIG ","V020","250,1,N,0041,1","99999,9,9,N","999999,9,N,9","-0037,1","-0042,1","99999,9","03,0002,9,1","99,0003,9,1",,"0,000",,,"4,1,03,1",,,,,,,,,,"99999,9,08798,1","8,1,008,1,+999,9","3,1292,9","21,1","4,99,0088,1","SYN017333   69927 91117",
"07555099999","1990-12-11T00:00:00","4","44.177776","2.515","616.91","CASSAGNES BEGONHES, FR","FM-12","LFIG ","V020","260,1,N,0041,1","99999,9,9,N","999999,9,N,9","-0032,1","-0036,1","99999,9","03,0004,9,1","06,0005,9,1",,"0,000",,,"4,1,06,1",,,,,,,,,,"99999,9,08782,1","8,1,016,1,+999,9","3,1278,9","21,1","4,99,0088,1","SYN017333   69947 91117",
"07555099999","1990-12-11T03:00:00","4","44.177776","2.515","616.91","CASSAGNES BEGONHES, FR","FM-12","LFIG ","V020","310,1,N,0010,1","99999,9,9,N","999999,9,N,9","-0048,1","-0062,1","99999,9","03,0010,9,1",,,"0,000",,,,,,,,,,,,,"99999,9,08784,1","3,1,002,1,+999,9","3,1278,9",,"4,99,0082,1","SYN017333   60017 91116",
"07555099999","1990-12-11T06:00:00","4","44.177776","2.515","616.91","CASSAGNES BEGONHES, FR","FM-12","LFIG ","V020","290,1,N,0010,1","99999,9,9,N","999999,9,N,9","-0057,1","-0066,1","99999,9","24,0016,9,1",,,"0,000",,,,,,,,,"0066,9","999,-0050,9","999,M,-0034,1","999,N,-0057,1","99999,9,08804,1","1,1,020,1,+999,9","3,1295,9",,"4,99,0082,1","SYN041333   11034 21057 3/105 55011 70016 91116",
"07555099999","1990-12-11T09:00:00","4","44.177776","2.515","616.91","CASSAGNES BEGONHES, FR","FM-12","LFIG ","V020","010,1,N,0051,1","99999,9,9,N","999999,9,N,9","-0048,1","-0068,1","99999,9","03,0002,9,1","99,0003,9,1",,"0,000",,,,,,,,,,,,,"99999,9,08842,1","1,1,038,1,+999,9","3,1330,9",,"4,99,0129,1","SYN017333   69927 91125",
"07555099999","1990-12-11T15:00:00","4","44.177776","2.515","616.91","CASSAGNES BEGONHES, FR","FM-12","LFIG ","V020","010,1,N,0082,1","00300,1,C,N","008000,1,N,9","-0041,1","-0065,1","99999,9","06,0000,9,1",,,"4,000",,,,,"07,1,+00300,9,08,9",,,"07,99,1,07,1,02,1,00450,1,99,9,99,9",,,,,"99999,9,08905,1","1,1,027,1,+999,9","3,1386,9",,"4,99,0129,1","SYN017333   87810 91125",
"07555099999","1990-12-11T18:00:00","4","44.177776","2.515","616.91","CASSAGNES BEGONHES, FR","FM-12","LFIG ","V020","320,1,N,0031,1","99999,9,9,N","999999,9,N,9","-0049,1","-0072,1","99999,9","99,0003,9,1",,,"0,000",,,,,,,,,,,"999,M,-0025,1",,"99999,9,08936,1","3,1,031,1,+999,9","3,1412,9",,"4,99,0129,1","SYN017333   11025 91125",
"07555099999","1990-12-12T00:00:00","4","44.177776","2.515","616.91","CASSAGNES BEGONHES, FR","FM-12","LFIG ","V020","320,1,N,0021,1","99999,9,9,N","999999,9,N,9","-0053,1","-0065,1","99999,9","06,0000,9,1",,,"4,000",,,,,,,,,,,,,"99999,9,08967,1","0,1,006,1,+999,9","3,1439,9",,"4,99,0098,1","SYN011333   91119",
"07555099999","1990-12-12T03:00:00","4","44.177776","2.515","616.91","CASSAGNES BEGONHES, FR","FM-12","LFIG ","V020","330,1,N,0021,1","99999,9,9,N","999999,9,N,9","-0048,1","-0055,1","99999,9","06,0000,9,1",,,"4,000",,,,,,,,,,,,,"99999,9,08965,1","8,1,002,1,+999,9","3,1438,9",,"4,99,0108,1","SYN011333   91121",
"07555099999","1990-12-12T06:00:00","4","44.177776","2.515","616.91","CASSAGNES BEGONHES, FR","FM-12","LFIG ","V020","300,1,N,0031,1","99999,9,9,N","999999,9,N,9","-0037,1","-0041,1","99999,9","06,0000,9,1","24,0002,9,1",,"4,000",,,,,,,,,"0156,9","999,-0080,9","999,M,-0025,1","999,N,-0055,1","99999,9,08961,1","6,1,004,1,+999,9","3,1436,9",,"4,99,0108,1","SYN041333   11025 21055 3/108 55026 70002 91121",
"07555099999","1990-12-12T09:00:00","4","44.177776","2.515","616.91","CASSAGNES BEGONHES, FR","FM-12","LFIG ","V020","290,1,N,0031,1","00150,1,C,N","001500,1,N,9","-0018,1","-0024,1","99999,9","03,9999,2,9",,,"0,000",,,,,"05,1,+00150,9,07,9","08,1,+03000,9,03,9",,"08,99,1,05,1,07,1,00150,1,01,1,99,9",,,,,"99999,9,08947,1","6,1,014,1,+999,9","3,1427,9","71,1","4,99,0062,1","SYN029333   69907 85705 88360 91112",
"07555099999","1990-12-12T12:00:00","4","44.177776","2.515","616.91","CASSAGNES BEGONHES, FR","FM-12","LFIG ","V020","260,1,N,0010,1","00090,1,C,N","005000,1,N,9","-0004,1","+9999,9","99999,9","03,0002,9,1","06,0003,9,1",,"0,000",,,,,"08,1,+00090,9,07,9",,,"08,99,1,08,1,08,1,00150,1,99,9,99,9",,,,,"99999,9,08921,1","8,1,026,1,+999,9","3,1405,9",,"4,99,0062,1","SYN023333   69927 88703 91112",
"07555099999","1990-12-12T15:00:00","4","44.177776","2.515","616.91","CASSAGNES BEGONHES, FR","FM-12","LFIG ","V020","320,1,N,0051,1","00180,1,C,N","008000,1,N,9","+0010,1","-0006,1","99999,9","03,9999,2,9",,,"0,001",,,"7,1,03,1","2,1,03,1","08,1,+00180,9,05,9",,,"08,99,1,08,1,05,1,00250,1,99,9,99,9",,,,,"99999,9,08906,1",,"3,1394,9","22,1","4,99,0088,1","SYN023333   69907 88606 91117",
"07555099999","1990-12-12T18:00:00","4","44.177776","2.515","616.91","CASSAGNES BEGONHES, FR","FM-12","LFIG ","V020","310,1,N,0051,1","99999,9,9,N","999999,9,N,9","-0005,1","-0032,1","99999,9","99,0003,9,1",,,"0,000",,,,,,,,,,,"999,M,+0011,1",,"99999,9,08915,1","1,1,009,1,+999,9","3,1400,9",,"4,99,0149,1","SYN017333   10011 91129",
"07555099999","1990-12-12T21:00:00","4","44.177776","2.515","616.91","CASSAGNES BEGONHES, FR","FM-12","LFIG ","V020","330,1,N,0051,1","99999,9,9,N","999999,9,N,9","-0029,1","-0052,1","99999,9","03,0004,9,1","99,0005,9,1",,"0,000",,,,,,,,,,,,,"99999,9,08927,1","3,1,012,1,+999,9","3,1407,9",,"4,99,0180,1","SYN017333   69947 91135",
"07555099999","1990-12-13T00:00:00","4","44.177776","2.515","616.91","CASSAGNES BEGONHES, FR","FM-12","LFIG ","V020","300,1,N,0031,1","99999,9,9,N","999999,9,N,9","-0042,1","-0060,1","99999,9","06,0005,9,1",,,"0,000",,,,,,,,,,,,,"99999,9,08939,1","2,1,012,1,+999,9","3,1416,9",,"4,99,0180,1","SYN011333   91135",
"07555099999","1990-12-13T03:00:00","4","44.177776","2.515","616.91","CASSAGNES BEGONHES, FR","FM-12","LFIG ","V020","280,1,N,0021,1","99999,9,9,N","999999,9,N,9","-0048,1","-0069,1","99999,9","06,0000,9,1",,,"4,000",,,,,,,,,,,,,"99999,9,08942,1","3,1,003,1,+999,9","3,1417,9",,"4,99,0160,1","SYN011333   91131",
"07555099999","1990-12-13T06:00:00","4","44.177776","2.515","616.91","CASSAGNES BEGONHES, FR","FM-12","LFIG ","V020","310,1,N,0021,1","99999,9,9,N","999999,9,N,9","-0042,1","-0065,1","99999,9","24,0006,9,1",,,"0,000",,,,,,,,,"0000,9","999,-0060,9","999,M,+0011,1","999,N,-0050,1","99999,9,08945,1","3,1,003,1,+999,9","3,1421,9",,"4,99,0160,1","SYN041333   10011 21050 3/106 55000 70006 91131",
"07555099999","1990-12-13T09:00:00","4","44.177776","2.515","616.91","CASSAGNES BEGONHES, FR","FM-12","LFIG ","V020","300,1,N,0051,1","00030,1,C,N","001000,1,N,9","-0036,1","-0051,1","99999,9","03,9999,2,9",,,"0,000",,,,,"08,1,+00030,9,07,9",,,"08,99,1,08,1,07,1,00075,1,99,9,99,9",,,,,"99999,9,08950,1","3,1,005,1,+999,9","3,1427,9","71,1","4,99,0118,1","SYN023333   69907 88701 91123",
"07555099999","1990-12-13T15:00:00","4","44.177776","2.515","616.91","CASSAGNES BEGONHES, FR","FM-12","LFIG ","V020","310,1,N,0062,1","99999,9,9,N","999999,9,N,9","-0019,1","-0032,1","99999,9","03,0006,9,1","99,0005,9,1",,"0,000",,,,,,,,,,,,,"99999,9,08943,1","5,1,000,1,+999,9","3,1423,9",,"4,99,0139,1","SYN017333   69967 91127",
"07555099999","1990-12-13T18:00:00","4","44.177776","2.515","616.91","CASSAGNES BEGONHES, FR","FM-12","LFIG ","V020","330,1,N,0051,1","99999,9,9,N","999999,9,N,9","-0014,1","-0034,1","99999,9","99,0010,9,1",,,"0,000",,,,,,,,,,,"999,M,-0013,1",,"99999,9,08948,1","3,1,005,1,+999,9","3,1428,9",,"4,99,0139,1","SYN017333   11013 91127",
"07555099999","1990-12-13T21:00:00","4","44.177776","2.515","616.91","CASSAGNES BEGONHES, FR","FM-12","LFIG ","V020","020,1,N,0031,1","99999,9,9,N","999999,9,N,9","-0016,1","-0039,1","99999,9","06,0000,9,1",,,"4,000",,,,,,,,,,,,,"99999,9,08951,1","1,1,003,1,+999,9","3,1430,9",,"4,99,0170,1","SYN011333   91133",
"07555099999","1990-12-14T00:00:00","4","44.177776","2.515","616.91","CASSAGNES BEGONHES, FR","FM-12","LFIG ","V020","340,1,N,0031,1","99999,9,9,N","999999,9,N,9","-0024,1","-0049,1","99999,9","06,0000,9,1",,,"4,000",,,,,,,,,,,,,"99999,9,08959,1","1,1,008,1,+999,9","3,1436,9",,"4,99,0170,1","SYN011333   91133",
"07555099999","1990-12-14T03:00:00","4","44.177776","2.515","616.91","CASSAGNES BEGONHES, FR","FM-12","LFIG ","V020","350,1,N,0062,1","99999,9,9,N","999999,9,N,9","-0035,1","-0068,1","99999,9","06,0000,9,1",,,"4,000",,,,,,,,,,,,,"99999,9,08955,1","7,1,004,1,+999,9","3,1431,9",,"4,99,0149,1","SYN011333   91129",
"07555099999","1990-12-14T06:00:00","4","44.177776","2.515","616.91","CASSAGNES BEGONHES, FR","FM-12","LFIG ","V020","040,1,N,0041,1","99999,9,9,N","999999,9,N,9","-0038,1","-0067,1","99999,9","06,0000,9,1","24,0012,9,1",,"4,000",,,,,,,,,"0000,9","999,-0050,9","999,M,-0013,1","999,N,-0038,1","99999,9,08961,1","3,1,006,1,+999,9","3,1436,9",,"4,99,0149,1","SYN041333   11013 21038 3/105 55000 70012 91129",
"07555099999","1990-12-14T09:00:00","4","44.177776","2.515","616.91","CASSAGNES BEGONHES, FR","FM-12","LFIG ","V020","030,1,N,0021,1","00390,1,C,N","010000,1,N,9","-0044,1","-0075,1","99999,9","06,0000,9,1",,,"4,000",,,,,"06,1,+00390,9,08,9",,,"06,99,1,06,1,02,1,00450,1,00,1,00,1",,,,,"99999,9,08978,1","3,1,017,1,+999,9","3,1449,9",,"4,99,0170,1","SYN017333   86813 91133",
"07555099999","1990-12-14T12:00:00","4","44.177776","2.515","616.91","CASSAGNES BEGONHES, FR","FM-12","LFIG ","V020","040,1,N,0051,1","22000,1,C,N","015000,1,N,9","-0032,1","-0073,1","99999,9","06,0000,9,1",,,"4,000",,,,,"03,1,+00480,9,08,9",,,"03,99,1,03,1,02,1,00450,1,00,1,00,1",,,,,"99999,9,08981,1","0,1,003,1,+999,9","3,1454,9",,"4,99,0170,1","SYN017333   83816 91133",
"07555099999","1990-12-14T15:00:00","4","44.177776","2.515","616.91","CASSAGNES BEGONHES, FR","FM-12","LFIG ","V020","330,1,N,0010,1","22000,1,C,N","010000,1,N,9","-0032,1","-0079,1","99999,9","06,0000,9,1",,,"4,000",,,,,"02,1,+00390,9,08,9",,,"02,99,1,02,1,02,1,00450,1,00,1,00,1",,,,,"99999,9,08986,1","3,1,005,1,+999,9","3,1458,9",,"4,99,0088,1","SYN017333   82813 91117",
"07555099999","1990-12-14T18:00:00","4","44.177776","2.515","616.91","CASSAGNES BEGONHES, FR","FM-12","LFIG ","V020","010,1,N,0051,1","99999,9,9,N","999999,9,N,9","-0060,1","-0083,1","99999,9","06,0000,9,1",,,"4,000",,,,,,,,,,,"999,M,-0028,1",,"99999,9,08993,1","1,1,007,1,+999,9","3,1460,9",,"4,99,0098,1","SYN017333   11028 91119",
"07555099999","1990-12-14T21:00:00","4","44.177776","2.515","616.91","CASSAGNES BEGONHES, FR","FM-12","LFIG ","V020","010,1,N,0051,1","99999,9,9,N","999999,9,N,9","-0053,1","-0079,1","99999,9","06,0000,9,1",,,"4,000",,,,,,,,,,,,,"99999,9,08992,1","8,1,001,1,+999,9","3,1460,9",,"4,99,0118,1","SYN011333   91123",
"07555099999","1990-12-15T00:00:00","4","44.177776","2.515","616.91","CASSAGNES BEGONHES, FR","FM-12","LFIG ","V020","110,1,N,0010,1","99999,9,9,N","999999,9,N,9","-0072,1","-0094,1","99999,9","06,0000,9,1",,,"4,000",,,,,,,,,,,,,"99999,9,08987,1","8,1,005,1,+999,9","3,1453,9",,"4,99,0118,1","SYN011333   91123",
"07555099999","1990-12-15T03:00:00","4","44.177776","2.515","616.91","CASSAGNES BEGONHES, FR","FM-12","LFIG ","V020","350,1,N,0072,1","99999,9,9,N","999999,9,N,9","-0052,1","-0075,1","99999,9","06,0000,9,1",,,"4,000",,,,,,,,,,,,,"99999,9,08983,1","6,1,004,1,+999,9","3,1452,9",,"4,99,0180,1","SYN011333   91135",
"07555099999","1990-12-15T06:00:00","4","44.177776","2.515","616.91","CASSAGNES BEGONHES, FR","FM-12","LFIG ","V020","360,1,N,0031,1","99999,9,9,N","999999,9,N,9","-0049,1","-0080,1","99999,9","06,0000,9,1",,,"4,000",,,,,,,,,"0318,9","999,-0120,9","999,M,-0028,1","999,N,-0074,1","99999,9,08982,1","5,1,001,1,+999,9","3,1452,9",,"4,99,0180,1","SYN035333   11028 21074 3/112 55053 91135",
"07555099999","1990-12-15T09:00:00","4","44.177776","2.515","616.91","CASSAGNES BEGONHES, FR","FM-12","LFIG ","V020","020,1,N,0062,1","22000,1,C,N","008000,1,N,9","-0043,1","-0079,1","99999,9","06,0000,9,1",,,"4,000",,,,,"02,1,+00300,9,08,9",,,"03,99,1,02,1,02,1,00450,1,00,1,01,1",,,,,"99999,9,08989,1","1,1,007,1,+999,9","3,1459,9","38,1","4,99,0160,1","SYN017333   82810 91131",
"07555099999","1990-12-15T12:00:00","4","44.177776","2.515","616.91","CASSAGNES BEGONHES, FR","FM-12","LFIG ","V020","290,1,N,0031,1","07800,1,C,N","010000,1,N,9","-0038,1","-0081,1","99999,9","06,0000,9,1",,,"4,000",,,,,"03,1,+00600,9,08,9","04,1,+07800,9,00,9",,"05,99,1,03,1,02,1,00800,1,08,1,02,1",,,,,"99999,9,08990,1","0,1,001,1,+999,9","3,1461,9",,"4,99,0160,1","SYN023333   83820 84076 91131",
"07555099999","1990-12-15T15:00:00","4","44.177776","2.515","616.91","CASSAGNES BEGONHES, FR","FM-12","LFIG ","V020","010,1,N,0041,1","22000,1,C,N","010000,1,N,9","-0045,1","-0084,1","99999,9","06,0000,9,1",,,"4,000",,,,,"02,1,+00390,9,05,9",,,"03,99,1,02,1,05,1,00450,1,08,1,01,1",,,,,"99999,9,08989,1","5,1,001,1,+999,9","3,1459,9",,"4,99,0088,1","SYN017333   82613 91117",
"07555099999","1990-12-15T18:00:00","4","44.177776","2.515","616.91","CASSAGNES BEGONHES, FR","FM-12","LFIG ","V020","320,1,N,0031,1","99999,9,9,N","999999,9,N,9","-0069,1","-0091,1","99999,9","06,0000,9,1",,,"4,000",,,,,,,,,,,"999,M,-0031,1",,"99999,9,08999,1","1,1,010,1,+999,9","3,1463,9",,"4,99,0088,1","SYN017333   11031 91117",
"07555099999","1990-12-15T21:00:00","4","44.177776","2.515","616.91","CASSAGNES BEGONHES, FR","FM-12","LFIG ","V020","310,1,N,0051,1","99999,9,9,N","999999,9,N,9","-0057,1","-0086,1","99999,9","06,0000,9,1",,,"4,000",,,,,,,,,,,,,"99999,9,09006,1","1,1,007,1,+999,9","3,1472,9",,"4,99,0072,1","SYN011333   91114",
"07555099999","1990-12-16T00:00:00","4","44.177776","2.515","616.91","CASSAGNES BEGONHES, FR","FM-12","LFIG ","V020","010,1,N,0031,1","99999,9,9,N","999999,9,N,9","-0053,1","-0077,1","99999,9","06,0000,9,1",,,"4,000",,,,,,,,,,,,,"99999,9,09004,1","6,1,002,1,+999,9","3,1470,9",,"4,99,0088,1","SYN011333   91117",
"07555099999","1990-12-16T03:00:00","4","44.177776","2.515","616.91","CASSAGNES BEGONHES, FR","FM-12","LFIG ","V020","050,1,N,0041,1","99999,9,9,N","999999,9,N,9","-0048,1","-0072,1","99999,9","06,0000,9,1",,,"4,000",,,,,,,,,,,,,"99999,9,09007,1","0,1,003,1,+999,9","3,1474,9",,"4,99,0082,1","SYN011333   91116",
"07555099999","1990-12-16T06:00:00","4","44.177776","2.515","616.91","CASSAGNES BEGONHES, FR","FM-12","LFIG ","V020","040,1,N,0021,1","99999,9,9,N","999999,9,N,9","-0064,1","-0081,1","99999,9","06,0000,9,1",,,"4,000",,,,,,,,,"0144,9","999,-0130,9","999,M,-0031,1","999,N,-0076,1","99999,9,09011,1","3,1,004,1,+999,9","3,1474,9",,"4,99,0098,1","SYN035333   11031 21076 3/113 55024 91119",
"07555099999","1990-12-16T09:00:00","4","44.177776","2.515","616.91","CASSAGNES BEGONHES, FR","FM-12","LFIG ","V020","010,1,N,0031,1","99999,9,9,N","999999,9,N,9","-0053,1","-0077,1","99999,9","06,0000,9,1",,,"4,000",,,,,,,,,,,,,"99999,9,09023,1","3,1,012,1,+999,9","3,1487,9",,"4,99,0088,1","SYN011333   91117",
"07555099999","1990-12-16T12:00:00","4","44.177776","2.515","616.91","CASSAGNES BEGONHES, FR","FM-12","LFIG ","V020","060,1,N,0062,1","22000,1,C,N","010000,1,N,9","-0047,1","-0083,1","99999,9","06,0000,9,1",,,"4,000",,,,,"01,1,+00390,9,08,9",,,"01,99,1,01,1,02,1,00450,1,00,1,00,1",,,,,"99999,9,09018,1","8,1,005,1,+999,9","3,1484,9",,"4,99,0088,1","SYN017333   81813 91117",
"07555099999","1990-12-16T15:00:00","4","44.177776","2.515","616.91","CASSAGNES BEGONHES, FR","FM-12","LFIG ","V020","070,1,N,0031,1","22000,1,C,N","008000,1,N,9","-0054,1","-0086,1","99999,9","06,0000,9,1",,,"4,000",,,,,"01,1,+00300,9,08,9",,,"01,99,1,01,1,02,1,00450,1,00,1,00,1",,,,,"99999,9,09018,1","5,1,000,1,+999,9","3,1483,9",,"4,99,0082,1","SYN017333   81810 91116",
"07555099999","1990-12-16T18:00:00","4","44.177776","2.515","616.91","CASSAGNES BEGONHES, FR","FM-12","LFIG ","V020","050,1,N,0041,1","99999,9,9,N","999999,9,N,9","-0078,1","-0100,1","99999,9","06,0000,9,1",,,"4,000",,,,,,,,,,,"999,M,-0037,1",,"99999,9,09023,1","2,1,005,1,+999,9","3,1483,9",,"4,99,0098,1","SYN017333   11037 91119",
"07555099999","1990-12-17T00:00:00","4","44.177776","2.515","616.91","CASSAGNES BEGONHES, FR","FM-12","LFIG ","V020","100,1,N,0010,1","99999,9,9,N","999999,9,N,9","-0096,1","-0112,1","99999,9","06,0000,9,1",,,"4,000",,,,,,,,,,,,,"99999,9,09018,1","8,1,002,1,+999,9","3,1475,9",,"4,99,0098,1","SYN011333   91119",
"07555099999","1990-12-17T03:00:00","4","44.177776","2.515","616.91","CASSAGNES BEGONHES, FR","FM-12","LFIG ","V020","999,1,C,0000,1","99999,9,9,N","999999,9,N,9","-0114,1","-0130,1","99999,9","06,0000,9,1",,,"4,000",,,,,,,,,,,,,"99999,9,09012,1","6,1,006,1,+999,9","3,1467,9",,"4,99,0062,1","SYN011333   91112",
"07555099999","1990-12-17T06:00:00","4","44.177776","2.515","616.91","CASSAGNES BEGONHES, FR","FM-12","LFIG ","V020","999,1,C,0000,1","99999,9,9,N","999999,9,N,9","-0111,1","-0128,1","99999,9","06,0000,9,1",,,"4,000",,,,,,,,,"0288,9","999,-0180,9","999,M,-0037,1","999,N,-0124,1","99999,9,09005,1","7,1,007,1,+999,9","3,1461,9",,"4,99,0062,1","SYN035333   11037 21124 3/118 55048 91112",
"07555099999","1990-12-17T09:00:00","4","44.177776","2.515","616.91","CASSAGNES BEGONHES, FR","FM-12","LFIG ","V020","999,1,C,0000,1","99999,9,9,N","999999,9,N,9","-0083,1","-0105,1","99999,9","06,0000,9,1",,,"4,000",,,,,,,,,,,,,"99999,9,09008,1","1,1,003,1,+999,9","3,1469,9",,"4,99,0021,1","SYN011333   91104",
"07555099999","1990-12-17T12:00:00","4","44.177776","2.515","616.91","CASSAGNES BEGONHES, FR","FM-12","LFIG ","V020","999,1,C,0000,1","99999,9,9,N","999999,9,N,9","+0005,1","-0072,1","99999,9","06,0000,9,1",,,"4,000",,,,,,,,,,,,,"99999,9,08998,1","8,1,010,1,+999,9","3,1475,9",,"4,99,0021,1","SYN011333   91104",
"07555099999","1990-12-17T15:00:00","4","44.177776","2.515","616.91","CASSAGNES BEGONHES, FR","FM-12","LFIG ","V020","170,1,N,0021,1","99999,9,9,N","999999,9,N,9","+0001,1","-0072,1","99999,9","06,0000,9,1",,,"4,000",,,,,,,,,,,,,"99999,9,08991,1","5,1,007,1,+999,9","3,1468,9",,"4,99,0062,1","SYN011333   91112",
"07555099999","1990-12-17T18:00:00","4","44.177776","2.515","616.91","CASSAGNES BEGONHES, FR","FM-12","LFIG ","V020","150,1,N,0051,1","99999,9,9,N","999999,9,N,9","-0016,1","-0041,1","99999,9","06,0000,9,1",,,"4,000",,,,,,,,,,,"999,M,+0016,1",,"99999,9,08992,1","2,1,001,1,+999,9","3,1466,9",,"4,99,0088,1","SYN017333   10016 91117",
"07555099999","1990-12-17T21:00:00","4","44.177776","2.515","616.91","CASSAGNES BEGONHES, FR","FM-12","LFIG ","V020","170,1,N,0031,1","99999,9,9,N","999999,9,N,9","-0016,1","-0038,1","99999,9","06,0000,9,1",,,"4,000",,,,,,,,,,,,,"99999,9,08990,1","5,1,002,1,+999,9","3,1465,9",,"4,99,0088,1","SYN011333   91117",
"07555099999","1990-12-18T00:00:00","4","44.177776","2.515","616.91","CASSAGNES BEGONHES, FR","FM-12","LFIG ","V020","170,1,N,0041,1","99999,9,9,N","999999,9,N,9","-0009,1","-0026,1","99999,9","06,0000,9,1",,,"4,000",,,,,,,,,,,,,"99999,9,08989,1","8,1,001,1,+999,9","3,1465,9",,"4,99,0098,1","SYN011333   91119",
"07555099999","1990-12-18T03:00:00","4","44.177776","2.515","616.91","CASSAGNES BEGONHES, FR","FM-12","LFIG ","V020","160,1,N,0051,1","99999,9,9,N","999999,9,N,9","-0004,1","-0026,1","99999,9","06,0000,9,1",,,"4,000",,,,,,,,,,,,,"99999,9,08987,1","6,1,002,1,+999,9","3,1464,9",,"4,99,0082,1","SYN011333   91116",
"07555099999","1990-12-18T06:00:00","4","44.177776","2.515","616.91","CASSAGNES BEGONHES, FR","FM-12","LFIG ","V020","140,1,N,0021,1","99999,9,9,N","999999,9,N,9","-0013,1","-0032,1","99999,9","06,0000,9,1",,,"4,000",,,,,,,,,"0480,9","999,-0070,9","999,M,+0016,1","999,N,-0022,1","99999,9,08982,1","6,1,005,1,+999,9","3,1458,9",,"4,99,0082,1","SYN035333   10016 21022 3/107 55080 91116",
"07555099999","1990-12-18T09:00:00","4","44.177776","2.515","616.91","CASSAGNES BEGONHES, FR","FM-12","LFIG ","V020","140,1,N,0031,1","00030,1,C,N","001000,1,N,9","-0007,1","-0015,1","99999,9","03,9999,2,9",,,"0,000",,,,,"08,1,+00030,9,07,9",,,"08,99,1,08,1,07,1,00075,1,99,9,99,9",,,,,"99999,9,08989,1","3,1,007,1,+999,9","3,1465,9","71,1","4,99,0062,1","SYN023333   69907 88701 91112",
"07555099999","1990-12-18T12:00:00","4","44.177776","2.515","616.91","CASSAGNES BEGONHES, FR","FM-12","LFIG ","V020","140,1,N,0021,1","99999,9,9,N","999999,9,N,9","-0006,1","-0016,1","99999,9","06,9999,2,9",,,"0,000",,,,,,,,,,,,,"99999,9,08988,1","8,1,001,1,+999,9","3,1465,9",,"4,99,0082,1","SYN011333   91116",
"07555099999","1990-12-18T15:00:00","4","44.177776","2.515","616.91","CASSAGNES BEGONHES, FR","FM-12","LFIG ","V020","200,1,N,0010,1","00300,1,C,N","006000,1,N,9","-0003,1","-0019,1","99999,9","03,9999,2,9",,,"0,002",,,"7,1,03,1","4,1,03,1","08,1,+00300,9,07,9",,,"08,99,1,08,1,07,1,00450,1,99,9,99,9",,,,,"99999,9,08984,1","5,1,004,1,+999,9","3,1461,9","68,1","4,99,0072,1","SYN023333   69907 88710 91114",
"07555099999","1990-12-18T18:00:00","4","44.177776","2.515","616.91","CASSAGNES BEGONHES, FR","FM-12","LFIG ","V020","220,1,N,0021,1","99999,9,9,N","999999,9,N,9","-0010,1","-0029,1","99999,9","03,0002,9,1","99,0003,9,1",,"0,000",,,,,,,,,,,"999,M,+0000,1",,"99999,9,08991,1","3,1,007,1,+999,9","3,1467,9",,"4,99,0072,1","SYN023333   10000 69927 91114",
"07555099999","1990-12-18T21:00:00","4","44.177776","2.515","616.91","CASSAGNES BEGONHES, FR","FM-12","LFIG ","V020","180,1,N,0021,1","99999,9,9,N","999999,9,N,9","-0019,1","-0035,1","99999,9","06,0000,9,1",,,"4,000",,,,,,,,,,,,,"99999,9,08997,1","1,1,006,1,+999,9","3,1470,9",,"4,99,0051,1","SYN011333   91110",
"07555099999","1990-12-19T00:00:00","4","44.177776","2.515","616.91","CASSAGNES BEGONHES, FR","FM-12","LFIG ","V020","999,1,C,0000,1","99999,9,9,N","999999,9,N,9","-0039,1","-0046,1","99999,9","06,0000,9,1",,,"4,000",,,,,,,,,,,,,"99999,9,08998,1","0,1,001,1,+999,9","3,1468,9",,"4,99,0051,1","SYN011333   91110",
"07555099999","1990-12-19T03:00:00","4","44.177776","2.515","616.91","CASSAGNES BEGONHES, FR","FM-12","LFIG ","V020","160,1,N,0010,1","99999,9,9,N","999999,9,N,9","-0022,1","-0032,1","99999,9","06,0000,9,1",,,"4,000",,,,,,,,,,,,,"99999,9,09004,1","0,1,006,1,+999,9","3,1476,9",,"4,99,0031,1","SYN011333   91106",
"07555099999","1990-12-19T06:00:00","4","44.177776","2.515","616.91","CASSAGNES BEGONHES, FR","FM-12","LFIG ","V020","300,1,N,0010,1","99999,9,9,N","999999,9,N,9","-0025,1","-0032,1","99999,9","03,0002,9,1","24,0004,9,1","99,0003,9,1","0,000",,,,,,,,,"0000,9","999,-0080,9","999,M,+0000,1","999,N,-0045,1","99999,9,09007,1","3,1,003,1,+999,9","3,1478,9",,"4,99,0031,1","SYN047333   10000 21045 3/108 55000 69927 70004 91106",
"07555099999","1990-12-19T09:00:00","4","44.177776","2.515","616.91","CASSAGNES BEGONHES, FR","FM-12","LFIG ","V020","280,1,N,0010,1","00030,1,C,N","001000,1,N,9","-0005,1","-0016,1","99999,9","03,0004,9,1","99,0005,9,1",,"0,000",,,,,"08,1,+00030,9,07,9",,,"08,99,1,08,1,07,1,00075,1,99,9,99,9",,,,,"99999,9,09023,1","3,1,016,1,+999,9","3,1496,9","70,1","4,99,0031,1","SYN023333   69947 88701 91106",
"07555099999","1990-12-19T12:00:00","4","44.177776","2.515","616.91","CASSAGNES BEGONHES, FR","FM-12","LFIG ","V020","260,1,N,0031,1","00390,1,C,N","010000,1,N,9","-0007,1","-0039,1","99999,9","06,0005,9,1",,,"0,001",,,"7,1,06,1","4,1,06,1","06,1,+00390,9,08,9",,,"06,99,1,06,1,02,1,00450,1,00,1,00,1",,,,,"99999,9,09029,1","0,1,006,1,+999,9","3,1500,9","01,1","4,99,0051,1","SYN017333   86813 91110",
"07555099999","1990-12-19T15:00:00","4","44.177776","2.515","616.91","CASSAGNES BEGONHES, FR","FM-12","LFIG ","V020","260,1,N,0041,1","00090,1,C,N","006000,1,N,9","-0018,1","-0037,1","99999,9","06,0000,9,1",,,"4,000",,,,,"08,1,+00090,9,05,9",,,"08,99,1,08,1,05,1,00150,1,99,9,99,9",,,,,"99999,9,09031,1","3,1,002,1,+999,9","3,1500,9",,"4,99,0072,1","SYN017333   88603 91114",
"07555099999","1990-12-19T18:00:00","4","44.177776","2.515","616.91","CASSAGNES BEGONHES, FR","FM-12","LFIG ","V020","270,1,N,0021,1","99999,9,9,N","999999,9,N,9","-0053,1","-0065,1","99999,9","99,0005,9,1",,,"0,000",,,,,,,,,,,"999,M,+0003,1",,"99999,9,09038,1","3,1,007,1,+999,9","3,1500,9",,"4,99,0072,1","SYN017333   10003 91114",
"07555099999","1990-12-19T21:00:00","4","44.177776","2.515","616.91","CASSAGNES BEGONHES, FR","FM-12","LFIG ","V020","320,1,N,0031,1","99999,9,9,N","999999,9,N,9","-0044,1","-0065,1","99999,9","06,0000,9,1",,,"4,000",,,,,,,,,,,,,"99999,9,09050,1","1,1,012,1,+999,9","3,1512,9",,"4,99,0062,1","SYN011333   91112",
"07555099999","1990-12-20T00:00:00","4","44.177776","2.515","616.91","CASSAGNES BEGONHES, FR","FM-12","LFIG ","V020","360,1,N,0041,1","99999,9,9,N","999999,9,N,9","-0071,1","-0093,1","99999,9","06,0000,9,1",,,"4,000",,,,,,,,,,,,,"99999,9,09055,1","0,1,005,1,+999,9","3,1511,9",,"4,99,0072,1","SYN011333   91114",
"07555099999","1990-12-20T03:00:00","4","44.177776","2.515","616.91","CASSAGNES BEGONHES, FR","FM-12","LFIG ","V020","050,1,N,0021,1","99999,9,9,N","999999,9,N,9","-0074,1","-0090,1","99999,9","06,0000,9,1",,,"4,000",,,,,,,,,,,,,"99999,9,09053,1","8,1,002,1,+999,9","3,1509,9",,"4,99,0098,1","SYN011333   91119",
"07555099999","1990-12-20T06:00:00","4","44.177776","2.515","616.91","CASSAGNES BEGONHES, FR","FM-12","LFIG ","V020","070,1,N,0041,1","99999,9,9,N","999999,9,N,9","-0062,1","-0086,1","99999,9","06,0000,9,1","24,0004,9,1",,"4,000",,,,,,,,,"0066,9","999,-0080,9","999,M,+0003,1","999,N,-0077,1","99999,9,09058,1","3,1,005,1,+999,9","3,1515,9",,"4,99,0108,1","SYN041333   10003 21077 3/108 55011 70004 91121",
"07555099999","1990-12-20T09:00:00","4","44.177776","2.515","616.91","CASSAGNES BEGONHES, FR","FM-12","LFIG ","V020","050,1,N,0062,1","22000,1,C,N","006000,1,N,9","-0057,1","-0089,1","99999,9","06,0000,9,1",,,"4,000",,,,,"03,1,+00480,9,08,9",,,"03,99,1,03,1,02,1,00450,1,00,1,00,1",,,,,"99999,9,09065,1","2,1,007,1,+999,9","3,1522,9","36,1","4,99,0139,1","SYN017333   83816 91127",
"07555099999","1990-12-20T12:00:00","4","44.177776","2.515","616.91","CASSAGNES BEGONHES, FR","FM-12","LFIG ","V020","060,1,N,0051,1","22000,1,C,N","010000,1,N,9","-0029,1","-0078,1","99999,9","06,0000,9,1",,,"4,000",,,,,"01,1,+00600,9,08,9",,,"01,99,1,01,1,02,1,00800,1,00,1,00,1",,,,,"99999,9,09061,1","8,1,004,1,+999,9","3,1524,9",,"4,99,0139,1","SYN017333   81820 91127",
"07555099999","1990-12-20T15:00:00","4","44.177776","2.515","616.91","CASSAGNES BEGONHES, FR","FM-12","LFIG ","V020","050,1,N,0041,1","22000,1,C,N","010000,1,N,9","-0040,1","-0076,1","99999,9","06,0000,9,1",,,"4,000",,,,,"02,1,+00390,9,08,9",,,"04,99,1,02,1,02,1,00450,1,00,1,01,1",,,,,"99999,9,09056,1","5,1,005,1,+999,9","3,1517,9",,"4,99,0088,1","SYN017333   82813 91117",
"07555099999","1990-12-20T18:00:00","4","44.177776","2.515","616.91","CASSAGNES BEGONHES, FR","FM-12","LFIG ","V020","050,1,N,0041,1","99999,9,9,N","999999,9,N,9","-0053,1","-0079,1","99999,9","06,0000,9,1",,,"4,000",,,,,,,,,,,"999,M,-0024,1",,"99999,9,09061,1","1,1,005,1,+999,9","3,1520,9",,"4,99,0088,1","SYN017333   11024 91117",
"07555099999","1990-12-20T21:00:00","4","44.177776","2.515","616.91","CASSAGNES BEGONHES, FR","FM-12","LFIG ","V020","999,1,C,0000,1","99999,9,9,N","999999,9,N,9","-0090,1","-0105,1","99999,9","06,0000,9,1",,,"4,000",,,,,,,,,,,,,"99999,9,09065,1","1,1,004,1,+999,9","3,1516,9",,"4,99,0072,1","SYN011333   91114",
"07555099999","1990-12-21T00:00:00","4","44.177776","2.515","616.91","CASSAGNES BEGONHES, FR","FM-12","LFIG ","V020","290,1,N,0010,1","99999,9,9,N","999999,9,N,9","-0102,1","-0118,1","99999,9","06,0000,9,1",,,"4,000",,,,,,,,,,,,,"99999,9,09066,1","0,1,001,1,+999,9","3,1514,9",,"4,99,0072,1","SYN011333   91114",
"07555099999","1990-12-21T03:00:00","4","44.177776","2.515","616.91","CASSAGNES BEGONHES, FR","FM-12","LFIG ","V020","999,1,C,0000,1","99999,9,9,N","999999,9,N,9","-0114,1","-0127,1","99999,9","06,0000,9,1",,,"4,000",,,,,,,,,,,,,"99999,9,09055,1","6,1,011,1,+999,9","3,1503,9",,"4,99,0021,1","SYN011333   91104",
"07555099999","1990-12-21T06:00:00","4","44.177776","2.515","616.91","CASSAGNES BEGONHES, FR","FM-12","LFIG ","V020","999,1,C,0000,1","99999,9,9,N","999999,9,N,9","-0110,1","-0124,1","99999,9","06,0000,9,1",,,"4,000",,,,,,,,,"0270,9","999,-0160,9","999,M,-0024,1","999,N,-0122,1","99999,9,09056,1","3,1,001,1,+999,9","3,1504,9",,"4,99,0031,1","SYN035333   11024 21122 3/116 55045 91106",
"07555099999","1990-12-21T09:00:00","4","44.177776","2.515","616.91","CASSAGNES BEGONHES, FR","FM-12","LFIG ","V020","999,1,C,0000,1","22000,1,C,N","006000,1,N,9","-0047,1","-0055,1","99999,9","06,0000,9,1",,,"4,000",,,,,"01,1,+00300,9,05,9",,,"03,99,1,01,1,05,1,00450,1,04,1,01,1",,,,,"99999,9,09061,1","1,1,005,1,+999,9","3,1521,9",,"4,99,0000,1","SYN017333   81610 91100",
"07555099999","1990-12-21T12:00:00","4","44.177776","2.515","616.91","CASSAGNES BEGONHES, FR","FM-12","LFIG ","V020","290,1,N,0031,1","09000,1,C,N","010000,1,N,9","+0012,1","-0027,1","99999,9","06,0000,9,1",,,"4,000",,,,,"01,1,+00300,9,05,9","04,1,+01800,9,03,9",,"05,99,1,01,1,05,1,00450,1,08,1,01,1",,,,,"99999,9,09061,1","0,1,000,1,+999,9","3,1532,9",,"4,99,0041,1","SYN023333   81610 84356 91108",
"07555099999","1990-12-21T15:00:00","4","44.177776","2.515","616.91","CASSAGNES BEGONHES, FR","FM-12","LFIG ","V020","310,1,N,0021,1","01800,1,C,N","020000,1,N,9","+0004,1","-0023,1","99999,9","06,0000,9,1",,,"4,000",,,,,"01,1,+00600,9,08,9","06,1,+01800,9,03,9",,"06,99,1,01,1,02,1,00800,1,08,1,00,1",,,,,"99999,9,09057,1","5,1,004,1,+999,9","3,1527,9",,"4,99,0082,1","SYN023333   81820 86356 91116",
"07555099999","1990-12-21T18:00:00","4","44.177776","2.515","616.91","CASSAGNES BEGONHES, FR","FM-12","LFIG ","V020","310,1,N,0031,1","99999,9,9,N","999999,9,N,9","+0007,1","-0012,1","99999,9","06,0000,9,1",,,"4,000",,,,,,,,,,,"999,M,+0027,1",,"99999,9,09063,1","3,1,006,1,+999,9","3,1533,9",,"4,99,0088,1","SYN017333   10027 91117",
"07555099999","1990-12-21T21:00:00","4","44.177776","2.515","616.91","CASSAGNES BEGONHES, FR","FM-12","LFIG ","V020","999,1,C,0000,1","99999,9,9,N","999999,9,N,9","-0018,1","-0029,1","99999,9","06,0000,9,1",,,"4,000",,,,,,,,,,,,,"99999,9,09066,1","3,1,003,1,+999,9","3,1531,9",,"4,99,0088,1","SYN011333   91117",
"07555099999","1990-12-22T00:00:00","4","44.177776","2.515","616.91","CASSAGNES BEGONHES, FR","FM-12","LFIG ","V020","270,1,N,0010,1","99999,9,9,N","999999,9,N,9","-0012,1","-0020,1","99999,9","06,0000,9,1",,,"4,000",,,,,,,,,,,,,"99999,9,09069,1","0,1,003,1,+999,9","3,1534,9",,"4,99,0088,1","SYN011333   91117",
"07555099999","1990-12-22T03:00:00","4","44.177776","2.515","616.91","CASSAGNES BEGONHES, FR","FM-12","LFIG ","V020","030,1,N,0031,1","99999,9,9,N","999999,9,N,9","+0013,1","-0003,1","99999,9","06,0000,9,1",,,"4,000",,,,,,,,,,,,,"99999,9,09061,1","5,1,008,1,+999,9","3,1533,9",,"4,99,0082,1","SYN011333   91116",
"07555099999","1990-12-22T06:00:00","4","44.177776","2.515","616.91","CASSAGNES BEGONHES, FR","FM-12","LFIG ","V020","360,1,N,0031,1","99999,9,9,N","999999,9,N,9","+0019,1","+0003,1","99999,9","06,0000,9,1",,,"4,000",,,,,,,,,"0222,9","999,-0070,9","999,M,+0027,1","999,N,-0025,1","99999,9,09062,1","3,1,001,1,+999,9","3,1534,9",,"4,99,0082,1","SYN035333   10027 21025 3/107 55037 91116",
"07555099999","1990-12-22T09:00:00","4","44.177776","2.515","616.91","CASSAGNES BEGONHES, FR","FM-12","LFIG ","V020","050,1,N,0041,1","22000,1,C,N","010000,1,N,9","+0028,1","+0010,1","99999,9","06,0000,9,1",,,"4,000",,,,,"02,1,+00300,9,08,9",,,"02,99,1,02,1,02,1,00450,1,00,1,00,1",,,,,"99999,9,09076,1","3,1,014,1,+999,9","3,1549,9",,"4,99,0072,1","SYN017333   82810 91114",
"07555099999","1990-12-22T12:00:00","4","44.177776","2.515","616.91","CASSAGNES BEGONHES, FR","FM-12","LFIG ","V020","040,1,N,0041,1","22000,1,C,N","020000,1,N,9","+0037,1","+0014,1","99999,9","06,0000,9,1",,,"4,000",,,,,"02,1,+00300,9,08,9",,,"02,99,1,02,1,02,1,00450,1,00,1,00,1",,,,,"99999,9,09072,1","8,1,004,1,+999,9","3,1547,9",,"4,99,0098,1","SYN017333   82810 91119",
"07555099999","1990-12-22T15:00:00","4","44.177776","2.515","616.91","CASSAGNES BEGONHES, FR","FM-12","LFIG ","V020","050,1,N,0031,1","00300,1,C,N","010000,1,N,9","+0034,1","+0014,1","99999,9","06,0000,9,1",,,"4,000",,,,,"07,1,+00300,9,05,9",,,"07,99,1,07,1,05,1,00450,1,99,9,99,9",,,,,"99999,9,09069,1","6,1,003,1,+999,9","3,1543,9",,"4,99,0082,1","SYN017333   87610 91116",
"07555099999","1990-12-22T18:00:00","4","44.177776","2.515","616.91","CASSAGNES BEGONHES, FR","FM-12","LFIG ","V020","070,1,N,0031,1","99999,9,9,N","999999,9,N,9","+0024,1","+0011,1","99999,9","06,0000,9,1",,,"4,000",,,,,,,,,,,"999,M,+0062,1",,"99999,9,09071,1","3,1,002,1,+999,9","3,1544,9",,"4,99,0082,1","SYN017333   10062 91116",
"07555099999","1990-12-22T21:00:00","4","44.177776","2.515","616.91","CASSAGNES BEGONHES, FR","FM-12","LFIG ","V020","050,1,N,0031,1","99999,9,9,N","999999,9,N,9","+0011,1","+0005,1","99999,9","06,0000,9,1",,,"4,000",,,,,,,,,,,,,"99999,9,09068,1","6,1,003,1,+999,9","3,1538,9",,"4,99,0062,1","SYN011333   91112",
"07555099999","1990-12-23T00:00:00","4","44.177776","2.515","616.91","CASSAGNES BEGONHES, FR","FM-12","LFIG ","V020","280,1,N,0010,1","99999,9,9,N","999999,9,N,9","-0025,1","-0029,1","99999,9","06,0000,9,1",,,"4,000",,,,,,,,,,,,,"99999,9,09057,1","8,1,011,1,+999,9","3,1522,9",,"4,99,0062,1","SYN011333   91112",
"07555099999","1990-12-23T03:00:00","4","44.177776","2.515","616.91","CASSAGNES BEGONHES, FR","FM-12","LFIG ","V020","999,1,C,0000,1","99999,9,9,N","999999,9,N,9","-0037,1","-0041,1","99999,9","06,0000,9,1",,,"4,000",,,,,,,,,,,,,"99999,9,09046,1","6,1,011,1,+999,9","3,1510,9",,"4,99,0010,1","SYN011333   91102",
"07555099999","1990-12-23T06:00:00","4","44.177776","2.515","616.91","CASSAGNES BEGONHES, FR","FM-12","LFIG ","V020","280,1,N,0010,1","99999,9,9,N","999999,9,N,9","-0042,1","-0049,1","99999,9","06,0000,9,1",,,"4,000",,,,,,,,,"0048,9","999,-0090,9","999,M,+0062,1","999,N,-0047,1","99999,9,09041,1","5,1,005,1,+999,9","3,1504,9",,"4,99,0021,1","SYN035333   10062 21047 3/109 55008 91104",
"07555099999","1990-12-23T09:00:00","4","44.177776","2.515","616.91","CASSAGNES BEGONHES, FR","FM-12","LFIG ","V020","999,1,C,0000,1","99999,9,9,N","999999,9,N,9","-0021,1","-0031,1","99999,9","06,0000,9,1",,,"4,000",,,,,,,,,,,,,"99999,9,09044,1","0,1,003,1,+999,9","3,1511,9",,"4,99,0021,1","SYN011333   91104",
"07555099999","1990-12-23T12:00:00","4","44.177776","2.515","616.91","CASSAGNES BEGONHES, FR","FM-12","LFIG ","V020","999,1,C,0000,1","22000,1,C,N","050000,1,N,9","+0080,1","-0044,1","99999,9","06,0000,9,1",,,"4,000",,,,,"04,1,+09000,9,00,9",,,"04,99,1,00,1,00,1,99999,9,00,1,02,1",,,,,"99999,9,09039,1","8,1,005,1,+999,9","3,1525,9",,"4,99,0031,1","SYN017333   84080 91106",
"07555099999","1990-12-23T15:00:00","4","44.177776","2.515","616.91","CASSAGNES BEGONHES, FR","FM-12","LFIG ","V020","170,1,N,0021,1","22000,1,C,N","050000,1,N,9","+0075,1","-0036,1","99999,9","06,0000,9,1",,,"4,000",,,,,"01,1,+02400,9,03,9","03,1,+09000,9,00,9",,"04,99,1,01,1,01,1,99999,9,08,1,02,1",,,,,"99999,9,09031,1","6,1,008,1,+999,9","3,1517,9",,"4,99,0031,1","SYN023333   81358 83080 91106","Q01+000992SCOLCB"
"07555099999","1990-12-23T18:00:00","4","44.177776","2.515","616.91","CASSAGNES BEGONHES, FR","FM-12","LFIG ","V020","999,1,C,0000,1","99999,9,9,N","999999,9,N,9","+0010,1","-0065,1","99999,9","06,0000,9,1",,,"4,000",,,,,,,,,,,"999,M,+0094,1",,"99999,9,09032,1","0,1,001,1,+999,9","3,1506,9",,"4,99,0031,1","SYN017333   10094 91106",
"07555099999","1990-12-23T21:00:00","4","44.177776","2.515","616.91","CASSAGNES BEGONHES, FR","FM-12","LFIG ","V020","999,1,C,0000,1","99999,9,9,N","999999,9,N,9","-0027,1","-0081,1","99999,9","06,0000,9,1",,,"4,000",,,,,,,,,,,,,"99999,9,09027,1","6,1,005,1,+999,9","3,1495,9",,"4,99,0051,1","SYN011333   91110",
"07555099999","1990-12-24T00:00:00","4","44.177776","2.515","616.91","CASSAGNES BEGONHES, FR","FM-12","LFIG ","V020","999,1,C,0000,1","99999,9,9,N","999999,9,N,9","-0033,1","-0083,1","99999,9","06,0000,9,1",,,"4,000",,,,,,,,,,,,,"99999,9,09021,1","8,1,006,1,+999,9","3,1489,9",,"4,99,0051,1","SYN011333   91110",
"07555099999","1990-12-24T03:00:00","4","44.177776","2.515","616.91","CASSAGNES BEGONHES, FR","FM-12","LFIG ","V020","999,1,C,0000,1","99999,9,9,N","999999,9,N,9","-0038,1","-0088,1","99999,9","06,0000,9,1",,,"4,000",,,,,,,,,,,,,"99999,9,09009,1","8,1,012,1,+999,9","3,1477,9",,"4,99,0041,1","SYN011333   91108",
"07555099999","1990-12-24T06:00:00","4","44.177776","2.515","616.91","CASSAGNES BEGONHES, FR","FM-12","LFIG ","V020","999,1,C,0000,1","99999,9,9,N","999999,9,N,9","-0027,1","-0085,1","99999,9","06,0000,9,1",,,"4,000",,,,,,,,,"0318,9","999,-0090,9","999,M,+0094,1","999,N,-0047,1","99999,9,09000,1","6,1,009,1,+999,9","3,1471,9",,"4,99,0041,1","SYN035333   10094 21047 3/109 55053 91108",
"07555099999","1990-12-24T09:00:00","4","44.177776","2.515","616.91","CASSAGNES BEGONHES, FR","FM-12","LFIG ","V020","999,1,C,0000,1","99999,9,9,N","999999,9,N,9","-0006,1","-0072,1","99999,9","06,0000,9,1",,,"4,000",,,,,,,,,,,,,"99999,9,09006,1","3,1,006,1,+999,9","3,1480,9",,"4,99,0000,1","SYN011333   91100",
"07555099999","1990-12-24T12:00:00","4","44.177776","2.515","616.91","CASSAGNES BEGONHES, FR","FM-12","LFIG ","V020","320,1,N,0031,1","99999,9,9,N","999999,9,N,9","+0033,1","-0051,1","99999,9","06,0000,9,1",,,"4,000",,,,,,,,,,,,,"99999,9,09001,1","8,1,005,1,+999,9","3,1482,9",,,,
"07555099999","1990-12-24T15:00:00","4","44.177776","2.515","616.91","CASSAGNES BEGONHES, FR","FM-12","LFIG ","V020","999,1,C,0000,1","99999,9,9,N","999999,9,N,9","+0002,1","-0048,1","99999,9","06,0000,9,1",,,"4,000",,,,,,,,,,,,,"99999,9,09003,1","3,1,002,1,+999,9","3,1479,9",,"4,99,0041,1","SYN011333   91108",
"07555099999","1990-12-24T18:00:00","4","44.177776","2.515","616.91","CASSAGNES BEGONHES, FR","FM-12","LFIG ","V020","999,1,C,0000,1","99999,9,9,N","999999,9,N,9","-0025,1","-0048,1","99999,9","06,0000,9,1",,,"4,000",,,,,,,,,,,"999,M,+0040,1",,"99999,9,09017,1","3,1,014,1,+999,9","3,1487,9",,"4,99,0041,1","SYN017333   10040 91108",
"07555099999","1990-12-24T21:00:00","4","44.177776","2.515","616.91","CASSAGNES BEGONHES, FR","FM-12","LFIG ","V020","300,1,N,0021,1","99999,9,9,N","999999,9,N,9","-0010,1","-0038,1","99999,9","06,0000,9,1",,,"4,000",,,,,,,,,,,,,"99999,9,09020,1","0,1,003,1,+999,9","3,1492,9",,"4,99,0082,1","SYN011333   91116",
"07555099999","1990-12-25T00:00:00","4","44.177776","2.515","616.91","CASSAGNES BEGONHES, FR","FM-12","LFIG ","V020","999,1,C,0000,1","99999,9,9,N","999999,9,N,9","-0042,1","-0049,1","99999,9","06,0000,9,1",,,"4,000",,,,,,,,,,,,,"99999,9,09023,1","2,1,003,1,+999,9","3,1489,9",,"4,99,0082,1","SYN011333   91116",
"07555099999","1990-12-25T03:00:00","4","44.177776","2.515","616.91","CASSAGNES BEGONHES, FR","FM-12","LFIG ","V020","310,1,N,0021,1","99999,9,9,N","999999,9,N,9","-0001,1","-0004,1","99999,9","06,0000,9,1",,,"4,000",,,,,,,,,,,,,"99999,9,09022,1","8,1,001,1,+999,9","3,1496,9",,"4,99,0041,1","SYN011333   91108",
"07555099999","1990-12-25T06:00:00","4","44.177776","2.515","616.91","CASSAGNES BEGONHES, FR","FM-12","LFIG ","V020","999,1,C,0000,1","99999,9,9,N","999999,9,N,9","-0015,1","-0018,1","99999,9","06,0000,9,1",,,"4,000",,,,,,,,,"0000,9","999,-0080,9","999,M,+0040,1","999,N,-0049,1","99999,9,09017,1","5,1,005,1,+999,9","3,1489,9",,"4,99,0041,1","SYN035333   10040 21049 3/108 55000 91108",
"07555099999","1990-12-25T09:00:00","4","44.177776","2.515","616.91","CASSAGNES BEGONHES, FR","FM-12","LFIG ","V020","110,1,N,0010,1","99999,9,9,N","999999,9,N,9","-0019,1","-0020,1","99999,9","06,0000,9,1",,,"4,000",,,,,,,,,,,,,"99999,9,09023,1","0,1,006,1,+999,9","3,1493,9",,"4,99,0021,1","SYN011333   91104",
"07555099999","1990-12-25T12:00:00","4","44.177776","2.515","616.91","CASSAGNES BEGONHES, FR","FM-12","LFIG ","V020","230,1,N,0010,1","00030,1,C,N","000200,1,N,9","+0004,1","+0003,1","99999,9","06,0000,9,1",,,"4,000",,,,,"09,1,+00030,9,99,9",,,"09,99,1,09,1,99,9,99999,9,99,9,99,9",,,,,"99999,9,09007,1","8,1,016,1,+999,9","3,1483,9","45,1","4,99,0041,1","SYN017333   89/01 91108",
"07555099999","1990-12-25T15:00:00","4","44.177776","2.515","616.91","CASSAGNES BEGONHES, FR","FM-12","LFIG ","V020","160,1,N,0021,1","00240,1,C,N","010000,1,N,9","+0021,1","+0005,1","99999,9","06,0000,9,1",,,"4,000",,,"4,1,03,1","2,1,03,1","06,1,+00240,9,05,9",,,"07,99,1,06,1,05,1,00250,1,03,1,99,9",,,,,"99999,9,08984,1","6,1,023,1,+999,9","3,1465,9","01,1","4,99,0051,1","SYN017333   86608 91110",
"07555099999","1990-12-25T18:00:00","4","44.177776","2.515","616.91","CASSAGNES BEGONHES, FR","FM-12","LFIG ","V020","140,1,N,0051,1","99999,9,9,N","999999,9,N,9","+0020,1","+0001,1","99999,9","06,0000,9,1",,,"4,000",,,,,,,,,,,"999,M,+0027,1",,"99999,9,08972,1","6,1,012,1,+999,9","3,1455,9",,"4,99,0088,1","SYN017333   10027 91117",
"07555099999","1990-12-25T21:00:00","4","44.177776","2.515","616.91","CASSAGNES BEGONHES, FR","FM-12","LFIG ","V020","160,1,N,0031,1","99999,9,9,N","999999,9,N,9","+0006,1","+0002,1","99999,9","03,0010,9,1",,,"0,000",,,"4,1,03,1",,,,,,,,,,"99999,9,08966,1","8,1,006,1,+999,9","3,1448,9","21,1","4,99,0098,1","SYN017333   60017 91119",
"07555099999","1990-12-26T00:00:00","4","44.177776","2.515","616.91","CASSAGNES BEGONHES, FR","FM-12","LFIG ","V020","999,1,C,0000,1","99999,9,9,N","999999,9,N,9","+0006,1","+0003,1","99999,9","03,0030,9,1","06,0030,9,1",,"0,000",,,"4,1,06,1",,,,,,,,,,"99999,9,08970,1","3,1,004,1,+999,9","3,1451,9","21,1","4,99,0098,1","SYN017333   60037 91119",
"07555099999","1990-12-26T03:00:00","4","44.177776","2.515","616.91","CASSAGNES BEGONHES, FR","FM-12","LFIG ","V020","340,1,N,0021,1","99999,9,9,N","999999,9,N,9","+0002,1","+0001,1","99999,9","03,0010,9,1",,,"0,000",,,,,,,,,,,,,"99999,9,08974,1","3,1,004,1,+999,9","3,1454,9",,"4,99,0031,1","SYN017333   60017 91106",
"07555099999","1990-12-26T06:00:00","4","44.177776","2.515","616.91","CASSAGNES BEGONHES, FR","FM-12","LFIG ","V020","340,1,N,0031,1","99999,9,9,N","999999,9,N,9","-0005,1","-0015,1","99999,9","24,0056,9,1",,,"0,000",,,,,,,,,"0054,9","999,-0010,9","999,M,+0027,1","999,N,-0005,1","99999,9,08981,1","3,1,007,1,+999,9","3,1459,9",,"4,99,0082,1","SYN041333   10027 21005 3/101 55009 70056 91116",
"07555099999","1990-12-26T09:00:00","4","44.177776","2.515","616.91","CASSAGNES BEGONHES, FR","FM-12","LFIG ","V020","320,1,N,0031,1","09000,1,C,N","010000,1,N,9","-0004,1","-0021,1","99999,9","06,0000,9,1",,,"4,000",,,,,"02,1,+00390,9,08,9","05,1,+09000,9,00,9",,"05,99,1,02,1,02,1,00450,1,08,1,02,1",,,,,"99999,9,09000,1","3,1,019,1,+999,9","3,1476,9",,"4,99,0082,1","SYN023333   82813 85080 91116",
"07555099999","1990-12-26T12:00:00","4","44.177776","2.515","616.91","CASSAGNES BEGONHES, FR","FM-12","LFIG ","V020","270,1,N,0010,1","22000,1,C,N","010000,1,N,9","+0019,1","-0010,1","99999,9","06,0000,9,1",,,"4,000",,,,,"02,1,+00600,9,08,9",,,"03,99,1,99,9,02,1,00800,1,00,1,00,1",,,,,"99999,9,08998,1","8,1,002,1,+999,9","3,1478,9",,"4,99,0082,1","SYN017333   82820 91116","Q01+000022SCOTLC"
"07555099999","1990-12-26T15:00:00","4","44.177776","2.515","616.91","CASSAGNES BEGONHES, FR","FM-12","LFIG ","V020","260,1,N,0021,1","00300,1,C,N","010000,1,N,9","+0007,1","-0004,1","99999,9","06,0000,9,1",,,"4,000",,,,,"08,1,+00300,9,05,9",,,"08,99,1,08,1,05,1,00450,1,99,9,99,9",,,,,"99999,9,08987,1","6,1,011,1,+999,9","3,1466,9",,"4,99,0062,1","SYN017333   88610 91112",
"07555099999","1990-12-26T18:00:00","4","44.177776","2.515","616.91","CASSAGNES BEGONHES, FR","FM-12","LFIG ","V020","240,1,N,0021,1","99999,9,9,N","999999,9,N,9","+0007,1","+0007,1","99999,9","06,0000,9,1",,,"4,000",,,,,,,,,,,"999,M,+0021,1",,"99999,9,08976,1","6,1,011,1,+999,9","3,1457,9",,"4,99,0062,1","SYN017333   10021 91112",
"07555099999","1990-12-26T21:00:00","4","44.177776","2.515","616.91","CASSAGNES BEGONHES, FR","FM-12","LFIG ","V020","999,1,C,0000,1","99999,9,9,N","999999,9,N,9","+0015,1","+0015,1","99999,9","03,0008,9,1","99,0010,9,1",,"0,000",,,,,,,,,,,,,"99999,9,08974,1","7,1,002,1,+999,9","3,1456,9",,"4,99,0062,1","SYN017333   69987 91112",
"07555099999","1990-12-27T00:00:00","4","44.177776","2.515","616.91","CASSAGNES BEGONHES, FR","FM-12","LFIG ","V020","210,1,N,0010,1","99999,9,9,N","999999,9,N,9","+0029,1","+0029,1","99999,9","03,0002,9,1","06,0003,9,1",,"0,000",,,"4,1,06,1",,,,,,,,,,"99999,9,08969,1","6,1,005,1,+999,9","3,1454,9","21,1","4,99,0062,1","SYN017333   69927 91112",
"07555099999","1990-12-27T03:00:00","4","44.177776","2.515","616.91","CASSAGNES BEGONHES, FR","FM-12","LFIG ","V020","270,1,N,0010,1","99999,9,9,N","999999,9,N,9","+0025,1","+0025,1","99999,9","03,0010,9,1",,,"0,000",,,,,,,,,,,,,"99999,9,08962,1","7,1,007,1,+999,9","3,1447,9",,"4,99,0041,1","SYN017333   60017 91108",
"07555099999","1990-12-27T06:00:00","4","44.177776","2.515","616.91","CASSAGNES BEGONHES, FR","FM-12","LFIG ","V020","270,1,N,0021,1","99999,9,9,N","999999,9,N,9","+0044,1","+0043,1","99999,9","24,0022,9,1",,,"0,000",,,,,,,,,"0006,9","999,+0000,9","999,M,+9999,9","999,N,+0007,1","99999,9,08967,1","3,1,005,1,+999,9","3,1455,9",,"4,99,0108,1","SYN041333   10021 20007 3/000 55001 70022 91121","Q01 +00212ATMX  "
"07555099999","1990-12-27T09:00:00","4","44.177776","2.515","616.91","CASSAGNES BEGONHES, FR","FM-12","LFIG ","V020","280,1,N,0062,1","00300,1,C,N","010000,1,N,9","+0039,1","+0021,1","99999,9","03,0006,9,1","99,0005,9,1",,"0,001",,,,,"07,1,+00300,9,08,9",,,"07,99,1,07,1,02,1,00450,1,99,9,99,9",,,,,"99999,9,08983,1","1,1,016,1,+999,9","3,1468,9","80,1","4,99,0118,1","SYN023333   69967 87810 91123",
"07555099999","1990-12-27T12:00:00","4","44.177776","2.515","616.91","CASSAGNES BEGONHES, FR","FM-12","LFIG ","V020","300,1,N,0041,1","22000,1,C,N","010000,1,N,9","+0045,1","+0005,1","99999,9","06,0005,9,1",,,"0,000","99,008,9,1",,,,"04,1,+00750,9,08,9",,,"04,99,1,04,1,02,1,00800,1,00,1,00,1",,,,,"99999,9,08992,1","0,1,009,1,+999,9","3,1477,9",,"4,99,0118,1","SYN023333   84825 91123 93108",
"07555099999","1990-12-27T15:00:00","4","44.177776","2.515","616.91","CASSAGNES BEGONHES, FR","FM-12","LFIG ","V020","300,1,N,0062,1","00600,1,C,N","020000,1,N,9","+0030,1","-0012,1","99999,9","06,0000,9,1",,,"4,000",,,,,"06,1,+00600,9,08,9",,,"06,99,1,06,1,02,1,00800,1,00,1,00,1",,,,,"99999,9,09000,1","3,1,008,1,+999,9","3,1481,9",,"4,99,0108,1","SYN017333   86820 91121",
"07555099999","1990-12-27T18:00:00","4","44.177776","2.515","616.91","CASSAGNES BEGONHES, FR","FM-12","LFIG ","V020","290,1,N,0062,1","99999,9,9,N","999999,9,N,9","+0027,1","+0004,1","99999,9","99,0005,9,1",,,"0,000",,,,,,,,,,,"999,M,+0050,1",,"99999,9,09009,1","2,1,009,1,+999,9","3,1489,9",,"4,99,0108,1","SYN017333   10050 91121",
"07555099999","1990-12-27T21:00:00","4","44.177776","2.515","616.91","CASSAGNES BEGONHES, FR","FM-12","LFIG ","V020","310,1,N,0031,1","99999,9,9,N","999999,9,N,9","+0015,1","-0007,1","99999,9","06,0000,9,1",,,"4,000",,,,,,,,,,,,,"99999,9,09025,1","3,1,016,1,+999,9","3,1501,9",,"4,99,0098,1","SYN011333   91119",
"07555099999","1990-12-28T00:00:00","4","44.177776","2.515","616.91","CASSAGNES BEGONHES, FR","FM-12","LFIG ","V020","330,1,N,0041,1","99999,9,9,N","999999,9,N,9","+0001,1","-0015,1","99999,9","06,0000,9,1",,,"4,000",,,,,,,,,,,,,"99999,9,09031,1","0,1,006,1,+999,9","3,1504,9",,"4,99,0098,1","SYN011333   91119",
"07555099999","1990-12-28T03:00:00","4","44.177776","2.515","616.91","CASSAGNES BEGONHES, FR","FM-12","LFIG ","V020","320,1,N,0041,1","99999,9,9,N","999999,9,N,9","-0006,1","-0020,1","99999,9","06,0000,9,1",,,"4,000",,,,,,,,,,,,,"99999,9,09036,1","1,1,005,1,+999,9","3,1507,9",,"4,99,0088,1","SYN011333   91117",
"07555099999","1990-12-28T06:00:00","4","44.177776","2.515","616.91","CASSAGNES BEGONHES, FR","FM-12","LFIG ","V020","320,1,N,0021,1","99999,9,9,N","999999,9,N,9","-0015,1","-0025,1","99999,9","06,0000,9,1","24,0006,9,1",,"4,000",,,,,,,,,"0006,9","999,-0030,9","999,M,+0050,1","999,N,-0015,1","99999,9,09032,1","5,1,004,1,+999,9","3,1502,9",,"4,99,0088,1","SYN041333   10050 21015 3/103 55001 70006 91117",
"07555099999","1990-12-28T09:00:00","4","44.177776","2.515","616.91","CASSAGNES BEGONHES, FR","FM-12","LFIG ","V020","999,1,C,0000,1","22000,1,C,N","010000,1,N,9","-0007,1","-0026,1","99999,9","06,0000,9,1",,,"4,000",,,,,"01,1,+03000,9,03,9",,,"02,99,1,01,1,00,1,99999,9,04,1,01,1",,,,,"99999,9,09039,1","1,1,007,1,+999,9","3,1509,9",,"4,99,0051,1","SYN017333   81360 91110",
"07555099999","1990-12-28T12:00:00","4","44.177776","2.515","616.91","CASSAGNES BEGONHES, FR","FM-12","LFIG ","V020","999,1,C,0000,1","02400,1,C,N","010000,1,N,9","+0018,1","-0018,1","99999,9","06,0000,9,1",,,"4,000",,,,,"08,1,+02400,9,04,9",,,"08,99,1,08,1,00,1,99999,9,01,1,99,9",,,,,"99999,9,09036,1","8,1,003,1,+999,9","3,1511,9",,"4,99,0051,1","SYN017333   88458 91110",
"07555099999","1990-12-28T15:00:00","4","44.177776","2.515","616.91","CASSAGNES BEGONHES, FR","FM-12","LFIG ","V020","999,1,C,0000,1","99999,9,9,N","999999,9,N,9","+0017,1","-0004,1","99999,9","06,0000,9,1",,,"4,000",,,,,,,,,,,,,"99999,9,09024,1","6,1,012,1,+999,9","3,1501,9",,"4,99,0021,1","SYN011333   91104",
"07555099999","1990-12-28T18:00:00","4","44.177776","2.515","616.91","CASSAGNES BEGONHES, FR","FM-12","LFIG ","V020","260,1,N,0010,1","99999,9,9,N","999999,9,N,9","+0011,1","-0001,1","99999,9","06,0000,9,1",,,"4,000",,,,,,,,,,,"999,M,+0028,1",,"99999,9,09037,1","1,1,013,1,+999,9","3,1511,9",,"4,99,0021,1","SYN017333   10028 91104",
"07555099999","1990-12-28T21:00:00","4","44.177776","2.515","616.91","CASSAGNES BEGONHES, FR","FM-12","LFIG ","V020","999,1,C,0000,1","99999,9,9,N","999999,9,N,9","+0002,1","-0004,1","99999,9","06,0000,9,1",,,"4,000",,,,,,,,,,,,,"99999,9,09043,1","1,1,006,1,+999,9","3,1515,9",,"4,99,0041,1","SYN011333   91108",
"07555099999","1990-12-29T00:00:00","4","44.177776","2.515","616.91","CASSAGNES BEGONHES, FR","FM-12","LFIG ","V020","150,1,N,0010,1","99999,9,9,N","999999,9,N,9","+0013,1","+0012,1","99999,9","06,0000,9,1",,,"4,000",,,,,,,,,,,,,"99999,9,09046,1","3,1,003,1,+999,9","3,1520,9",,"4,99,0041,1","SYN011333   91108",
"07555099999","1990-12-29T03:00:00","4","44.177776","2.515","616.91","CASSAGNES BEGONHES, FR","FM-12","LFIG ","V020","300,1,N,0010,1","99999,9,9,N","999999,9,N,9","+0018,1","+0018,1","99999,9","06,0000,9,1",,,"4,000",,,,,,,,,,,,,"99999,9,09042,1","8,1,004,1,+999,9","3,1517,9",,"4,99,0021,1","SYN011333   91104",
"07555099999","1990-12-29T06:00:00","4","44.177776","2.515","616.91","CASSAGNES BEGONHES, FR","FM-12","LFIG ","V020","999,1,C,0000,1","99999,9,9,N","999999,9,N,9","+0025,1","+0025,1","99999,9","06,0000,9,1",,,"4,000",,,,,,,,,"0000,9","999,-0010,9","999,M,+0028,1","999,N,+0000,1","99999,9,09044,1","1,1,002,1,+999,9","3,1520,9",,"4,99,0021,1","SYN035333   10028 20000 3/101 55000 91104",
"07555099999","1990-12-29T09:00:00","4","44.177776","2.515","616.91","CASSAGNES BEGONHES, FR","FM-12","LFIG ","V020","340,1,N,0010,1","00030,1,C,N","000400,1,N,9","+0046,1","+0046,1","99999,9","03,0006,9,1","99,0005,9,1",,"0,001",,,,,"09,1,+99999,9,99,9",,,"09,99,1,09,1,99,9,99999,9,99,9,99,9",,,,,"99999,9,09053,1","3,1,009,1,+999,9","3,1532,9","61,1","4,99,0041,1","SYN017333   69967 91108",
"07555099999","1990-12-29T12:00:00","4","44.177776","2.515","616.91","CASSAGNES BEGONHES, FR","FM-12","LFIG ","V020","170,1,N,0051,1","00390,1,C,N","020000,1,N,9","+0072,1","+0050,1","99999,9","06,0005,9,1",,,"0,001",,,"6,1,06,1","4,1,06,1","05,1,+00390,9,08,9",,,"05,99,1,05,1,02,1,00450,1,00,1,01,1",,,,,"99999,9,09050,1","8,1,003,1,+999,9","3,1534,9","01,1","4,99,0098,1","SYN017333   85813 91119",
"07555099999","1990-12-29T15:00:00","4","44.177776","2.515","616.91","CASSAGNES BEGONHES, FR","FM-12","LFIG ","V020","180,1,N,0062,1","22000,1,C,N","010000,1,N,9","+0068,1","+0053,1","99999,9","06,0000,9,1",,,"4,000",,,,,"02,1,+00300,9,08,9",,,"03,99,1,02,1,05,1,00450,1,00,1,01,1",,,,,"99999,9,09047,1","6,1,003,1,+999,9","3,1531,9",,"4,99,0098,1","SYN017333   82810 91119",
"07555099999","1990-12-29T18:00:00","4","44.177776","2.515","616.91","CASSAGNES BEGONHES, FR","FM-12","LFIG ","V020","090,1,N,0010,1","99999,9,9,N","999999,9,N,9","+0035,1","+0035,1","99999,9","99,0005,9,1",,,"0,000",,,,,,,,,,,"999,M,+0076,1",,"99999,9,09058,1","3,1,011,1,+999,9","3,1534,9",,"4,99,0098,1","SYN017333   10076 91119",
"07555099999","1990-12-29T21:00:00","4","44.177776","2.515","616.91","CASSAGNES BEGONHES, FR","FM-12","LFIG ","V020","999,1,C,0000,1","99999,9,9,N","999999,9,N,9","+0026,1","+0026,1","99999,9","06,0000,9,1",,,"4,000",,,,,,,,,,,,,"99999,9,09064,1","2,1,006,1,+999,9","3,1538,9",,"4,99,0051,1","SYN011333   91110",
"07555099999","1990-12-30T00:00:00","4","44.177776","2.515","616.91","CASSAGNES BEGONHES, FR","FM-12","LFIG ","V020","999,1,C,0000,1","99999,9,9,N","999999,9,N,9","+0030,1","+0030,1","99999,9","06,0000,9,1",,,"4,000",,,,,,,,,,,,,"99999,9,09069,1","3,1,005,1,+999,9","3,1543,9",,"4,99,0051,1","SYN011333   91110",
"07555099999","1990-12-30T03:00:00","4","44.177776","2.515","616.91","CASSAGNES BEGONHES, FR","FM-12","LFIG ","V020","999,1,C,0000,1","99999,9,9,N","999999,9,N,9","+0014,1","+0014,1","99999,9","06,0000,9,1",,,"4,000",,,,,,,,,,,,,"99999,9,09071,1","3,1,002,1,+999,9","3,1542,9",,"4,99,0021,1","SYN011333   91104",
"07555099999","1990-12-30T06:00:00","4","44.177776","2.515","616.91","CASSAGNES BEGONHES, FR","FM-12","LFIG ","V020","999,1,C,0000,1","99999,9,9,N","999999,9,N,9","+0009,1","+0009,1","99999,9","06,0000,9,1","24,0006,9,1",,"4,000",,,,,,,,,"0006,9","999,-0020,9","999,M,+0076,1","999,N,+0001,1","99999,9,09072,1","3,1,001,1,+999,9","3,1541,9",,"4,99,0031,1","SYN041333   10076 20001 3/102 55001 70006 91106",
"07555099999","1990-12-30T09:00:00","4","44.177776","2.515","616.91","CASSAGNES BEGONHES, FR","FM-12","LFIG ","V020","999,1,C,0000,1","99999,9,9,N","999999,9,N,9","+0035,1","+0035,1","99999,9","06,0000,9,1",,,"4,000",,,,,,,,,,,,,"99999,9,09083,1","3,1,011,1,+999,9","3,1556,9",,"4,99,0010,1","SYN011333   91102",
"07555099999","1990-12-30T12:00:00","4","44.177776","2.515","616.91","CASSAGNES BEGONHES, FR","FM-12","LFIG ","V020","999,1,C,0000,1","02400,1,C,N","015000,1,N,9","+0067,1","+0067,1","99999,9","06,0000,9,1",,,"4,000",,,,,"02,1,+00180,9,07,9","05,1,+02400,9,03,9",,"07,99,1,02,1,06,1,00250,1,08,1,01,1",,,,,"99999,9,09086,1","0,1,003,1,+999,9","3,1566,9",,"4,99,0021,1","SYN023333   82706 85358 91104",
"07555099999","1990-12-30T15:00:00","4","44.177776","2.515","616.91","CASSAGNES BEGONHES, FR","FM-12","LFIG ","V020","999,1,C,0000,1","02400,1,C,N","010000,1,N,9","+0072,1","+0066,1","99999,9","06,0000,9,1",,,"4,000",,,,,"02,1,+00180,9,07,9","04,1,+02400,9,03,9",,"07,99,1,02,1,06,1,00250,1,08,1,01,1",,,,,"99999,9,09079,1","5,1,007,1,+999,9","3,1561,9",,"4,99,0031,1","SYN023333   82706 84358 91106",
"07555099999","1990-12-30T18:00:00","4","44.177776","2.515","616.91","CASSAGNES BEGONHES, FR","FM-12","LFIG ","V020","999,1,C,0000,1","99999,9,9,N","999999,9,N,9","+0031,1","+0031,1","99999,9","06,0000,9,1",,,"4,000",,,,,,,,,,,"999,M,+0079,1",,"99999,9,09082,1","2,1,003,1,+999,9","3,1555,9",,"4,99,0031,1","SYN017333   10079 91106",
"07555099999","1990-12-30T21:00:00","4","44.177776","2.515","616.91","CASSAGNES BEGONHES, FR","FM-12","LFIG ","V020","999,1,C,0000,1","99999,9,9,N","999999,9,N,9","+0022,1","+0022,1","99999,9","06,0000,9,1",,,"4,000",,,,,,,,,,,,,"99999,9,09081,1","5,1,001,1,+999,9","3,1552,9",,"4,99,0021,1","SYN011333   91104",
"07555099999","1990-12-31T00:00:00","4","44.177776","2.515","616.91","CASSAGNES BEGONHES, FR","FM-12","LFIG ","V020","999,1,C,0000,1","99999,9,9,N","999999,9,N,9","+0004,1","+0004,1","99999,9","06,0000,9,1",,,"4,000",,,,,,,,,,,,,"99999,9,09071,1","6,1,010,1,+999,9","3,1540,9",,"4,99,0031,1","SYN011333   91106",
"07555099999","1990-12-31T03:00:00","4","44.177776","2.515","616.91","CASSAGNES BEGONHES, FR","FM-12","LFIG ","V020","999,1,C,0000,1","99999,9,9,N","999999,9,N,9","+0016,1","+0016,1","99999,9","06,0000,9,1",,,"4,000",,,,,,,,,,,,,"99999,9,09060,1","7,1,011,1,+999,9","3,1532,9",,"4,99,0021,1","SYN011333   91104",
"07555099999","1990-12-31T06:00:00","4","44.177776","2.515","616.91","CASSAGNES BEGONHES, FR","FM-12","LFIG ","V020","999,1,C,0000,1","99999,9,9,N","999999,9,N,9","+0023,1","+0023,1","99999,9","06,0000,9,1",,,"4,000",,,,,,,,,"0000,9","999,-0010,9","999,M,+0079,1","999,N,+0002,1","99999,9,09047,1","8,1,013,1,+999,9","3,1522,9",,"4,99,0021,1","SYN035333   10079 20002 3/101 55000 91104",
"07555099999","1990-12-31T09:00:00","4","44.177776","2.515","616.91","CASSAGNES BEGONHES, FR","FM-12","LFIG ","V020","300,1,N,0021,1","99999,9,9,N","999999,9,N,9","+0044,1","+0044,1","99999,9","06,0000,9,1",,,"4,000",,,,,,,,,,,,,"99999,9,09055,1","3,1,008,1,+999,9","3,1533,9",,"4,99,0031,1","SYN011333   91106",
"07555099999","1990-12-31T12:00:00","4","44.177776","2.515","616.91","CASSAGNES BEGONHES, FR","FM-12","LFIG ","V020","220,1,N,0021,1","99999,9,9,N","999999,9,N,9","+0051,1","+0051,1","99999,9","06,0000,9,1",,,"4,000",,,,,,,,,,,,,"99999,9,09051,1","8,1,004,1,+999,9","3,1531,9",,"4,99,0051,1","SYN011333   91110",
"07555099999","1990-12-31T15:00:00","4","44.177776","2.515","616.91","CASSAGNES BEGONHES, FR","FM-12","LFIG ","V020","260,1,N,0021,1","99999,9,9,N","999999,9,N,9","+0055,1","+0055,1","99999,9","06,0000,9,1",,,"4,000",,,,,,,,,,,,,"99999,9,09040,1","6,1,011,1,+999,9","3,1522,9",,"4,99,0051,1","SYN011333   91110",
"07555099999","1990-12-31T18:00:00","4","44.177776","2.515","616.91","CASSAGNES BEGONHES, FR","FM-12","LFIG ","V020","999,1,C,0000,1","99999,9,9,N","999999,9,N,9","+0051,1","+0051,1","99999,9","06,0000,9,1",,,"4,000",,,,,,,,,,,"999,M,+0057,1",,"99999,9,09041,1","3,1,001,1,+999,9","3,1522,9",,"4,99,0051,1","SYN017333   10057 91110",
"07555099999","1990-12-31T21:00:00","4","44.177776","2.515","616.91","CASSAGNES BEGONHES, FR","FM-12","LFIG ","V020","260,1,N,0010,1","99999,9,9,N","999999,9,N,9","+0047,1","+0047,1","99999,9","06,0000,9,1",,,"4,000",,,,,,,,,,,,,"99999,9,09044,1","0,1,003,1,+999,9","3,1524,9",,"4,99,0051,1","SYN011333   91110",
