"STATION","DATE","SOURCE","LATITUDE","LONGITUDE","ELEVATION","NAME","REPORT_TYPE","CALL_SIGN","QUALITY_CONTROL","WND","CIG","VIS","TMP","DEW","SLP","AG1","GA1","GA2","GA3","GA4","MA1","MW1","OC1","REM","EQD"
"07586499999","1990-01-01T06:00:00","4","44.1","6.0","-999.0","CHATEAU ARNOUX, FR","FM-15","LFMX ","V020","110,1,N,0021,1","99999,1,C,Y","009900,1,N,1","-0040,1","-0080,1","99999,9","2,000",,,,,"10190,1,99999,9",,,"MET005CAVOK","Q01+000000PRSWM2"
"07586499999","1990-01-01T09:00:00","4","44.1","6.0","-999.0","CHATEAU ARNOUX, FR","FM-15","LFMX ","V020","120,1,N,0010,1","99999,1,C,Y","009900,1,N,1","-0020,1","-0070,1","99999,9","2,000",,,,,"10200,1,99999,9",,,"MET005CAVOK","Q01+000000PRSWM2"
"07586499999","1990-01-01T11:50:00","4","44.1","6.0","-999.0","CHATEAU ARNOUX, FR","FM-15","LFMX ","V020","040,1,N,0021,1","99999,1,C,Y","009900,1,N,1","+0040,1","-0080,1","99999,9","2,000",,,,,"10180,1,99999,9",,,"MET005CAVOK","Q01+000000PRSWM2"
"07586499999","1990-01-01T15:00:00","4","44.1","6.0","-999.0","CHATEAU ARNOUX, FR","FM-15","LFMX ","V020","060,1,N,0010,1","99999,1,C,Y","009900,1,N,1","+0070,1","-0090,1","99999,9","2,000",,,,,"10169,1,99999,9",,,"MET005CAVOK","Q01+000000PRSWM2"
"07586499999","1990-01-02T06:30:00","4","44.1","6.0","-999.0","CHATEAU ARNOUX, FR","FM-15","LFMX ","V020","220,1,N,0010,1","99999,1,C,Y","009900,1,N,1","-0040,1","-0090,1","99999,9","2,999",,,,,"10169,1,99999,9",,,"MET005CAVOK","Q01+000000PRSWM2"
"07586499999","1990-01-02T09:00:00","4","44.1","6.0","-999.0","CHATEAU ARNOUX, FR","FM-15","LFMX ","V020","130,1,N,0021,1","99999,1,C,Y","009900,1,N,1","+0010,1","-0070,1","99999,9","2,000",,,,,"10180,1,99999,9",,,"MET012CAVOK NOSIG?","Q01+000000PRSWM2"
"07586499999","1990-01-02T12:00:00","4","44.1","6.0","-999.0","CHATEAU ARNOUX, FR","FM-15","LFMX ","V020","040,1,N,0051,1","99999,1,C,Y","009900,1,N,1","+0070,1","-0070,1","99999,9","2,000",,,,,"10169,1,99999,9",,,"MET005CAVOK","Q01+000000PRSWM2"
"07586499999","1990-01-02T15:00:00","4","44.1","6.0","-999.0","CHATEAU ARNOUX, FR","FM-15","LFMX ","V020","050,1,N,0021,1","99999,1,C,Y","009900,1,N,1","+0090,1","-0060,1","99999,9","2,000",,,,,"10159,1,99999,9",,,"MET005CAVOK","Q01+000000PRSWM2"
"07586499999","1990-01-03T05:00:00","4","44.1","6.0","-999.0","CHATEAU ARNOUX, FR","FM-15","LFMX ","V020","100,1,N,0021,1","99999,1,C,Y","009900,1,N,1","-0050,1","-0080,1","99999,9","2,999",,,,,"10180,1,99999,9",,,"MET005CAVOK","Q01+000000PRSWM2"
"07586499999","1990-01-03T09:50:00","4","44.1","6.0","-999.0","CHATEAU ARNOUX, FR","FM-15","LFMX ","V020","090,1,N,0021,1","99999,1,C,Y","009900,1,N,1","-0010,1","-0070,1","99999,9","2,999",,,,,"10180,1,99999,9",,,"MET005CAVOK","Q01+000000PRSWM2"
"07586499999","1990-01-03T12:00:00","4","44.1","6.0","-999.0","CHATEAU ARNOUX, FR","FM-15","LFMX ","V020","090,1,N,0010,1","99999,1,C,Y","009900,1,N,1","+0070,1","-0080,1","99999,9","2,000",,,,,"10169,1,99999,9",,,"MET005CAVOK","Q01+000000PRSWM2"
"07586499999","1990-01-03T15:00:00","4","44.1","6.0","-999.0","CHATEAU ARNOUX, FR","FM-15","LFMX ","V020","999,1,C,0000,1","99999,1,C,Y","009900,1,N,1","+0070,1","-0070,1","99999,9","2,000",,,,,"10159,1,99999,9",,,"MET005CAVOK","Q01+000000PRSWM2"
"07586499999","1990-01-04T09:00:00","4","44.1","6.0","-999.0","CHATEAU ARNOUX, FR","FM-15","LFMX ","V020","999,1,C,0000,1","99999,1,C,Y","009900,1,N,1","-0010,1","-0070,1","99999,9","2,000",,,,,"10230,1,99999,9",,,"MET005CAVOK","Q01+000000PRSWM2"
"07586499999","1990-01-04T13:00:00","4","44.1","6.0","-999.0","CHATEAU ARNOUX, FR","FM-15","LFMX ","V020","040,1,N,0010,1","99999,1,C,Y","009900,1,N,1","+0070,1","-0090,1","99999,9","2,999",,,,,"10220,1,99999,9",,,"MET005CAVOK","Q01+000000PRSWM2"
"07586499999","1990-01-04T15:00:00","4","44.1","6.0","-999.0","CHATEAU ARNOUX, FR","FM-15","LFMX ","V020","999,1,C,0000,1","99999,1,C,Y","009900,1,N,1","+0100,1","-0060,1","99999,9","2,000",,,,,"10220,1,99999,9",,,"MET005CAVOK","Q01+000000PRSWM2"
"07586499999","1990-01-05T09:00:00","4","44.1","6.0","-999.0","CHATEAU ARNOUX, FR","FM-15","LFMX ","V020","999,1,C,0000,1","99999,1,C,Y","009900,1,N,1","-0020,1","-0070,1","99999,9","2,000",,,,,"10281,1,99999,9",,,"MET005CAVOK","Q01+000000PRSWM2"
"07586499999","1990-01-05T11:50:00","4","44.1","6.0","-999.0","CHATEAU ARNOUX, FR","FM-15","LFMX ","V020","999,1,C,0000,1","99999,1,C,Y","009900,1,N,1","+0060,1","-0100,1","99999,9","2,000",,,,,"10271,1,99999,9",,,"MET005CAVOK","Q01+000000PRSWM2"
"07586499999","1990-01-05T15:00:00","4","44.1","6.0","-999.0","CHATEAU ARNOUX, FR","FM-15","LFMX ","V020","999,1,C,0000,1","99999,1,C,Y","009900,1,N,1","+0100,1","-0100,1","99999,9","2,000",,,,,"10251,1,99999,9",,,"MET005CAVOK","Q01+000000PRSWM2"
"07586499999","1990-01-06T05:00:00","4","44.1","6.0","-999.0","CHATEAU ARNOUX, FR","FM-15","LFMX ","V020","999,1,C,0000,1","99999,1,C,Y","009900,1,N,1","-0060,1","-0090,1","99999,9","2,999",,,,,"10261,1,99999,9",,,"MET005CAVOK","Q01+000000PRSWM2"
"07586499999","1990-01-06T06:00:00","4","44.1","6.0","-999.0","CHATEAU ARNOUX, FR","FM-15","LFMX ","V020","999,1,C,0000,1","99999,1,C,Y","009900,1,N,1","-0050,1","-0090,1","99999,9","2,000",,,,,"10261,1,99999,9",,,"MET005CAVOK","Q01+000000PRSWM2"
"07586499999","1990-01-06T09:00:00","4","44.1","6.0","-999.0","CHATEAU ARNOUX, FR","FM-15","LFMX ","V020","090,1,N,0010,1","99999,1,C,Y","009900,1,N,1","-0020,1","-0070,1","99999,9","2,000",,,,,"10271,1,99999,9",,,"MET005CAVOK","Q01+000000PRSWM2"
"07586499999","1990-01-06T13:00:00","4","44.1","6.0","-999.0","CHATEAU ARNOUX, FR","FM-15","LFMX ","V020","999,1,C,0000,1","99999,1,C,Y","009900,1,N,1","+0060,1","-0060,1","99999,9","2,999",,,,,"10261,1,99999,9",,,"MET012CAVOK NOSIG?","Q01+000000PRSWM2"
"07586499999","1990-01-06T15:00:00","4","44.1","6.0","-999.0","CHATEAU ARNOUX, FR","FM-15","LFMX ","V020","260,1,N,0021,1","99999,1,C,Y","009900,1,N,1","+0090,1","+0010,1","99999,9","2,000",,,,,"10251,1,99999,9",,,"MET005CAVOK","Q01+000000PRSWM2"
"07586499999","1990-01-07T06:50:00","4","44.1","6.0","-999.0","CHATEAU ARNOUX, FR","FM-15","LFMX ","V020","150,1,N,0010,1","99999,1,C,Y","009900,1,N,1","+0000,1","-0030,1","99999,9","2,999",,,,,"10291,1,99999,9",,,"MET005CAVOK","Q01+000000PRSWM2"
"07586499999","1990-01-07T09:00:00","4","44.1","6.0","-999.0","CHATEAU ARNOUX, FR","FM-15","LFMX ","V020","060,1,N,0010,1","99999,1,C,Y","009900,1,N,1","+0010,1","-0030,1","99999,9","2,000",,,,,"10312,1,99999,9",,,"MET005CAVOK","Q01+000000PRSWM2"
"07586499999","1990-01-07T12:00:00","4","44.1","6.0","-999.0","CHATEAU ARNOUX, FR","FM-15","LFMX ","V020","010,1,N,0031,1","99999,1,C,Y","009900,1,N,1","+0070,1","-0040,1","99999,9","2,000",,,,,"10301,1,99999,9",,,"MET005CAVOK","Q01+000000PRSWM2"
"07586499999","1990-01-07T14:00:00","4","44.1","6.0","-999.0","CHATEAU ARNOUX, FR","FM-15","LFMX ","V020","020,1,N,0010,1","99999,1,C,Y","009900,1,N,1","+0080,1","-0030,1","99999,9","2,999",,,,,"10291,1,99999,9",,,"MET005CAVOK","Q01+000000PRSWM2"
"07586499999","1990-01-08T06:00:00","4","44.1","6.0","-999.0","CHATEAU ARNOUX, FR","FM-15","LFMX ","V020","110,1,N,0010,1","99999,1,C,Y","009900,1,N,1","-0050,1","-0060,1","99999,9","2,000",,,,,"10329,1,99999,9",,,"MET005CAVOK","Q01+000000PRSWM2"
"07586499999","1990-01-08T09:00:00","4","44.1","6.0","-999.0","CHATEAU ARNOUX, FR","FM-15","LFMX ","V020","060,1,N,0021,1","99999,1,C,Y","009900,1,N,1","-0010,1","-0040,1","99999,9","2,000",,,,,"10339,1,99999,9",,,"MET005CAVOK","Q01+000000PRSWM2"
"07586499999","1990-01-08T12:00:00","4","44.1","6.0","-999.0","CHATEAU ARNOUX, FR","FM-15","LFMX ","V020","080,1,N,0010,1","99999,1,C,Y","009900,1,N,1","+0060,1","-0050,1","99999,9","2,000",,,,,"10329,1,99999,9",,,"MET005CAVOK","Q01+000000PRSWM2"
"07586499999","1990-01-08T15:00:00","4","44.1","6.0","-999.0","CHATEAU ARNOUX, FR","FM-15","LFMX ","V020","240,1,N,0031,1","99999,1,C,Y","009900,1,N,1","+0080,1","-0030,1","99999,9","2,000",,,,,"10329,1,99999,9",,,"MET005CAVOK","Q01+000000PRSWM2"
"07586499999","1990-01-09T04:30:00","4","44.1","6.0","-999.0","CHATEAU ARNOUX, FR","FM-15","LFMX ","V020","060,1,N,0031,1","99999,1,C,Y","009900,1,N,1","-0020,1","-0060,1","99999,9","2,999",,,,,"10349,1,99999,9",,,"MET005CAVOK","Q01+000000PRSWM2"
"07586499999","1990-01-09T06:00:00","4","44.1","6.0","-999.0","CHATEAU ARNOUX, FR","FM-15","LFMX ","V020","090,1,N,0021,1","99999,1,C,Y","009900,1,N,1","-0020,1","-0060,1","99999,9","2,000",,,,,"10349,1,99999,9",,,"MET005CAVOK","Q01+000000PRSWM2"
"07586499999","1990-01-09T09:00:00","4","44.1","6.0","-999.0","CHATEAU ARNOUX, FR","FM-15","LFMX ","V020","120,1,N,0010,1","99999,1,C,Y","009900,1,N,1","-0010,1","-0050,1","99999,9","2,000",,,,,"10349,1,99999,9",,,"MET005CAVOK","Q01+000000PRSWM2"
"07586499999","1990-01-09T11:50:00","4","44.1","6.0","-999.0","CHATEAU ARNOUX, FR","FM-15","LFMX ","V020","150,1,N,0010,1","99999,1,C,Y","009900,1,N,1","+0040,1","-0040,1","99999,9","2,000",,,,,"10329,1,99999,9",,,"MET005CAVOK","Q01+000000PRSWM2"
"07586499999","1990-01-09T15:00:00","4","44.1","6.0","-999.0","CHATEAU ARNOUX, FR","FM-15","LFMX ","V020","260,1,N,0010,1","99999,1,C,Y","009900,1,N,1","+0050,1","-0040,1","99999,9","2,000",,,,,"10329,1,99999,9",,,"MET005CAVOK","Q01+000000PRSWM2"
"07586499999","1990-01-10T09:20:00","4","44.1","6.0","-999.0","CHATEAU ARNOUX, FR","FM-15","LFMX ","V020","130,1,N,0010,1","99999,1,C,Y","009900,1,N,1","+0010,1","-0060,1","99999,9","2,000",,,,,"10339,1,99999,9",,,"MET005CAVOK","Q01+000000PRSWM2"
"07586499999","1990-01-10T11:20:00","4","44.1","6.0","-999.0","CHATEAU ARNOUX, FR","FM-15","LFMX ","V020","010,1,N,0031,1","99999,1,C,Y","009900,1,N,1","+0070,1","-0040,1","99999,9","2,999",,,,,"10318,1,99999,9",,,"MET005CAVOK","Q01+000000PRSWM2"
"07586499999","1990-01-11T06:00:00","4","44.1","6.0","-999.0","CHATEAU ARNOUX, FR","FM-15","LFMX ","V020","140,1,N,0010,1","99999,1,C,Y","009900,1,N,1","-0030,1","-0050,1","99999,9","2,000",,,,,"10318,1,99999,9",,,"MET005CAVOK","Q01+000000PRSWM2"
"07586499999","1990-01-11T09:00:00","4","44.1","6.0","-999.0","CHATEAU ARNOUX, FR","FM-15","LFMX ","V020","160,1,N,0010,1","99999,1,C,Y","009900,1,N,1","+0010,1","-0030,1","99999,9","2,000",,,,,"10318,1,99999,9",,,"MET005CAVOK","Q01+000000PRSWM2"
"07586499999","1990-01-11T12:00:00","4","44.1","6.0","-999.0","CHATEAU ARNOUX, FR","FM-15","LFMX ","V020","020,1,N,0031,1","99999,1,C,Y","009900,1,N,1","+0080,1","-0040,1","99999,9","2,000",,,,,"10312,1,99999,9",,,"MET005CAVOK","Q01+000000PRSWM2"
"07586499999","1990-01-11T15:00:00","4","44.1","6.0","-999.0","CHATEAU ARNOUX, FR","FM-15","LFMX ","V020","270,1,N,0010,1","99999,1,C,Y","009900,1,N,1","+0120,1","-0030,1","99999,9","2,000",,,,,"10291,1,99999,9",,,"MET005CAVOK","Q01+000000PRSWM2"
"07586499999","1990-01-12T05:00:00","4","44.1","6.0","-999.0","CHATEAU ARNOUX, FR","FM-15","LFMX ","V020","060,1,N,0021,1","99999,1,C,Y","009900,1,N,1","-0040,1","-0050,1","99999,9","2,999",,,,,"10312,1,99999,9",,,"MET005CAVOK","Q01+000000PRSWM2"
"07586499999","1990-01-12T06:00:00","4","44.1","6.0","-999.0","CHATEAU ARNOUX, FR","FM-15","LFMX ","V020","070,1,N,0010,1","99999,1,C,Y","009900,1,N,1","-0040,1","-0060,1","99999,9","2,000",,,,,"10312,1,99999,9",,,"MET005CAVOK","Q01+000000PRSWM2"
"07586499999","1990-01-12T08:50:00","4","44.1","6.0","-999.0","CHATEAU ARNOUX, FR","FM-15","LFMX ","V020","140,1,N,0010,1","99999,1,C,Y","009900,1,N,1","+0000,1","-0040,1","99999,9","2,000",,,,,"10318,1,99999,9",,,"MET005CAVOK","Q01+000000PRSWM2"
"07586499999","1990-01-12T12:00:00","4","44.1","6.0","-999.0","CHATEAU ARNOUX, FR","FM-15","LFMX ","V020","090,1,N,0010,1","99999,1,C,Y","009900,1,N,1","+0080,1","-0050,1","99999,9","2,000",,,,,"10301,1,99999,9",,,"MET005CAVOK","Q01+000000PRSWM2"
"07586499999","1990-01-13T09:00:00","4","44.1","6.0","-999.0","CHATEAU ARNOUX, FR","FM-15","LFMX ","V020","140,1,N,0021,1","99999,1,C,Y","009900,1,N,1","+0000,1","-0040,1","99999,9","2,000",,,,,"10301,1,99999,9",,,"MET005CAVOK","Q01+000000PRSWM2"
"07586499999","1990-01-13T12:30:00","4","44.1","6.0","-999.0","CHATEAU ARNOUX, FR","FM-15","LFMX ","V020","070,1,N,0010,1","99999,1,C,Y","009900,1,N,1","+0080,1","-0050,1","99999,9","2,999",,,,,"10271,1,99999,9",,,"MET005CAVOK","Q01+000000PRSWM2"
"07586499999","1990-01-13T14:50:00","4","44.1","6.0","-999.0","CHATEAU ARNOUX, FR","FM-15","LFMX ","V020","240,1,N,0010,1","99999,1,C,Y","009900,1,N,1","+0110,1","-0040,1","99999,9","2,000",,,,,"10261,1,99999,9",,,"MET005CAVOK","Q01+000000PRSWM2"
"07586499999","1990-01-14T09:00:00","4","44.1","6.0","-999.0","CHATEAU ARNOUX, FR","FM-15","LFMX ","V020","140,1,N,0010,1","99999,1,C,Y","009900,1,N,1","+0010,1","-0050,1","99999,9","2,000",,,,,"10261,1,99999,9",,,"MET005CAVOK","Q01+000000PRSWM2"
"07586499999","1990-01-14T11:50:00","4","44.1","6.0","-999.0","CHATEAU ARNOUX, FR","FM-15","LFMX ","V020","020,1,N,0021,1","99999,1,C,Y","009900,1,N,1","+0080,1","-0050,1","99999,9","2,000",,,,,"10240,1,99999,9",,,"MET005CAVOK","Q01+000000PRSWM2"
"07586499999","1990-01-15T05:50:00","4","44.1","6.0","-999.0","CHATEAU ARNOUX, FR","FM-15","LFMX ","V020","999,1,C,0000,1","99999,1,C,Y","009900,1,N,1","-0010,1","-0060,1","99999,9","2,000",,,,,"10261,1,99999,9",,,"MET005CAVOK","Q01+000000PRSWM2"
"07586499999","1990-01-15T09:00:00","4","44.1","6.0","-999.0","CHATEAU ARNOUX, FR","FM-15","LFMX ","V020","070,1,N,0041,1","99999,1,C,Y","009900,1,N,1","+0030,1","-0030,1","99999,9","2,000",,,,,"10281,1,99999,9",,,"MET005CAVOK","Q01+000000PRSWM2"
"07586499999","1990-01-15T11:30:00","4","44.1","6.0","-999.0","CHATEAU ARNOUX, FR","FM-15","LFMX ","V020","040,1,N,0062,1","99999,1,C,Y","009900,1,N,1","+0080,1","-0030,1","99999,9","2,000",,,,,"10271,1,99999,9",,"0129,1","MET005CAVOK","Q01+000000PRSWM2"
"07586499999","1990-01-15T15:00:00","4","44.1","6.0","-999.0","CHATEAU ARNOUX, FR","FM-15","LFMX ","V020","020,1,N,0021,1","99999,1,C,Y","009900,1,N,1","+0120,1","-0030,1","99999,9","2,000",,,,,"10271,1,99999,9",,,"MET005CAVOK","Q01+000000PRSWM2"
"07586499999","1990-01-16T05:00:00","4","44.1","6.0","-999.0","CHATEAU ARNOUX, FR","FM-15","LFMX ","V020","160,1,N,0021,1","99999,1,C,Y","009900,1,N,1","-0010,1","-0060,1","99999,9","2,999",,,,,"10301,1,99999,9",,,"MET005CAVOK","Q01+000000PRSWM2"
"07586499999","1990-01-16T05:50:00","4","44.1","6.0","-999.0","CHATEAU ARNOUX, FR","FM-15","LFMX ","V020","120,1,N,0010,1","99999,1,C,Y","009900,1,N,1","-0010,1","-0060,1","99999,9","2,000",,,,,"10301,1,99999,9",,,"MET005CAVOK","Q01+000000PRSWM2"
"07586499999","1990-01-16T09:00:00","4","44.1","6.0","-999.0","CHATEAU ARNOUX, FR","FM-15","LFMX ","V020","160,1,N,0010,1","99999,1,C,Y","009900,1,N,1","+0030,1","-0050,1","99999,9","2,000",,,,,"10318,1,99999,9",,,"MET005CAVOK","Q01+000000PRSWM2"
"07586499999","1990-01-16T12:00:00","4","44.1","6.0","-999.0","CHATEAU ARNOUX, FR","FM-15","LFMX ","V020","020,1,N,0041,1","99999,1,C,Y","009900,1,N,1","+0110,1","+9999,9","99999,9","2,000",,,,,"10312,1,99999,9",,,"MET005CAVOK","Q01+000000PRSWM2"
"07586499999","1990-01-16T14:50:00","4","44.1","6.0","-999.0","CHATEAU ARNOUX, FR","FM-15","LFMX ","V020","050,1,N,0010,1","99999,1,C,Y","009900,1,N,1","+0120,1","-0080,1","99999,9","2,000",,,,,"10301,1,99999,9",,,"MET005CAVOK","Q01+000000PRSWM2"
"07586499999","1990-01-17T04:50:00","4","44.1","6.0","-999.0","CHATEAU ARNOUX, FR","FM-15","LFMX ","V020","120,1,N,0010,1","99999,1,C,Y","009900,1,N,1","-0030,1","-0060,1","99999,9","2,999",,,,,"10301,1,99999,9",,,"MET005CAVOK","Q01+000000PRSWM2"
"07586499999","1990-01-17T06:00:00","4","44.1","6.0","-999.0","CHATEAU ARNOUX, FR","FM-15","LFMX ","V020","080,1,N,0021,1","99999,1,C,Y","009900,1,N,1","-0040,1","-0070,1","99999,9","2,000",,,,,"10301,1,99999,9",,,"MET005CAVOK","Q01+000000PRSWM2"
"07586499999","1990-01-17T09:00:00","4","44.1","6.0","-999.0","CHATEAU ARNOUX, FR","FM-15","LFMX ","V020","100,1,N,0021,1","99999,1,C,Y","009900,1,N,1","-0010,1","-0050,1","99999,9","2,000",,,,,"10301,1,99999,9",,,"MET005CAVOK","Q01+000000PRSWM2"
"07586499999","1990-01-17T12:00:00","4","44.1","6.0","-999.0","CHATEAU ARNOUX, FR","FM-15","LFMX ","V020","100,1,N,0010,1","99999,1,C,Y","009900,1,N,1","+0100,1","-0050,1","99999,9","2,000",,,,,"10291,1,99999,9",,,"MET005CAVOK","Q01+000000PRSWM2"
"07586499999","1990-01-17T15:00:00","4","44.1","6.0","-999.0","CHATEAU ARNOUX, FR","FM-15","LFMX ","V020","240,1,N,0031,1","99999,1,C,Y","009900,1,N,1","+0110,1","+0020,1","99999,9","2,000",,,,,"10261,1,99999,9",,,"MET005CAVOK","Q01+000000PRSWM2"
"07586499999","1990-01-18T06:00:00","4","44.1","6.0","-999.0","CHATEAU ARNOUX, FR","FM-15","LFMX ","V020","130,1,N,0021,1","99999,1,C,Y","009900,1,N,1","-0050,1","-0070,1","99999,9","2,000",,,,,"10210,1,99999,9",,,"MET005CAVOK","Q01+000000PRSWM2"
"07586499999","1990-01-18T13:50:00","4","44.1","6.0","-999.0","CHATEAU ARNOUX, FR","FM-15","LFMX ","V020","020,1,N,0031,1","99999,1,C,Y","009900,1,N,1","+0070,1","-0050,1","99999,9","2,999",,,,,"10200,1,99999,9",,,"MET005CAVOK","Q01+000000PRSWM2"
"07586499999","1990-01-18T15:00:00","4","44.1","6.0","-999.0","CHATEAU ARNOUX, FR","FM-15","LFMX ","V020","280,1,N,0021,1","99999,1,C,Y","009900,1,N,1","+0080,1","-0030,1","99999,9","2,000",,,,,"10190,1,99999,9",,,"MET005CAVOK","Q01+000000PRSWM2"
"07586499999","1990-01-19T06:13:00","4","44.1","6.0","-999.0","CHATEAU ARNOUX, FR","FM-15","LFMX ","V020","140,1,N,0031,1","99999,1,C,Y","009900,1,N,1","+0010,1","-0040,1","99999,9","2,000",,,,,"10261,1,99999,9",,,"MET005CAVOK","Q01+000000PRSWM2"
"07586499999","1990-01-19T09:00:00","4","44.1","6.0","-999.0","CHATEAU ARNOUX, FR","FM-15","LFMX ","V020","060,1,N,0041,1","99999,1,C,Y","009900,1,N,1","+0040,1","-0030,1","99999,9","2,000",,,,,"10281,1,99999,9",,,"MET005CAVOK","Q01+000000PRSWM2"
"07586499999","1990-01-19T11:50:00","4","44.1","6.0","-999.0","CHATEAU ARNOUX, FR","FM-15","LFMX ","V020","020,1,N,0041,1","99999,1,C,Y","009900,1,N,1","+0080,1","-0030,1","99999,9","2,000",,,,,"10281,1,99999,9",,,"MET005CAVOK","Q01+000000PRSWM2"
"07586499999","1990-01-19T15:00:00","4","44.1","6.0","-999.0","CHATEAU ARNOUX, FR","FM-15","LFMX ","V020","999,1,C,0000,1","99999,1,C,Y","009900,1,N,1","+0120,1","-0030,1","99999,9","2,000",,,,,"10281,1,99999,9",,,"MET005CAVOK","Q01+000000PRSWM2"
"07586499999","1990-01-20T06:00:00","4","44.1","6.0","-999.0","CHATEAU ARNOUX, FR","FM-15","LFMX ","V020","160,1,N,0010,1","99999,1,C,Y","009900,1,N,1","-0030,1","-0070,1","99999,9","2,000",,,,,"10318,1,99999,9",,,"MET005CAVOK","Q01+000000PRSWM2"
"07586499999","1990-01-20T11:50:00","4","44.1","6.0","-999.0","CHATEAU ARNOUX, FR","FM-15","LFMX ","V020","040,1,N,0062,1","99999,1,C,Y","009900,1,N,1","+0090,1","-0100,1","99999,9","2,000",,,,,"10318,1,99999,9",,,"MET005CAVOK","Q01+000000PRSWM2"
"07586499999","1990-01-20T14:50:00","4","44.1","6.0","-999.0","CHATEAU ARNOUX, FR","FM-15","LFMX ","V020","020,1,N,0031,1","99999,1,C,Y","009900,1,N,1","+0120,1","-0120,1","99999,9","2,000",,,,,"10301,1,99999,9",,,"MET005CAVOK","Q01+000000PRSWM2"
"07586499999","1990-01-21T06:00:00","4","44.1","6.0","-999.0","CHATEAU ARNOUX, FR","FM-15","LFMX ","V020","150,1,N,0021,1","99999,1,C,Y","009900,1,N,1","-0010,1","-0110,1","99999,9","2,000",,,,,"10329,1,99999,9",,,"MET005CAVOK","Q01+000000PRSWM2"
"07586499999","1990-01-21T09:00:00","4","44.1","6.0","-999.0","CHATEAU ARNOUX, FR","FM-15","LFMX ","V020","160,1,N,0010,1","99999,1,C,Y","009900,1,N,1","+0040,1","-0100,1","99999,9","2,000",,,,,"10329,1,99999,9",,,"MET005CAVOK","Q01+000000PRSWM2"
"07586499999","1990-01-21T11:50:00","4","44.1","6.0","-999.0","CHATEAU ARNOUX, FR","FM-15","LFMX ","V020","020,1,N,0031,1","99999,1,C,Y","009900,1,N,1","+0120,1","-0090,1","99999,9","2,000",,,,,"10318,1,99999,9",,,"MET005CAVOK","Q01+000000PRSWM2"
"07586499999","1990-01-21T14:50:00","4","44.1","6.0","-999.0","CHATEAU ARNOUX, FR","FM-15","LFMX ","V020","270,1,N,0031,1","99999,1,C,Y","009900,1,N,1","+0130,1","-0040,1","99999,9","2,000",,,,,"10312,1,99999,9",,,"MET005CAVOK","Q01+000000PRSWM2"
"07586499999","1990-01-22T06:09:00","4","44.1","6.0","-999.0","CHATEAU ARNOUX, FR","FM-15","LFMX ","V020","130,1,N,0021,1","99999,1,C,Y","009900,1,N,1","-0010,1","-0090,1","99999,9","2,000",,,,,"10329,1,99999,9",,,"MET005CAVOK","Q01+000000PRSWM2"
"07586499999","1990-01-22T09:00:00","4","44.1","6.0","-999.0","CHATEAU ARNOUX, FR","FM-15","LFMX ","V020","999,9,9,9999,9","99999,1,C,Y","009900,1,N,1","+0040,1","-0070,1","99999,9","2,000",,,,,"10329,1,99999,9",,,"MET005CAVOK","Q01+000000PRSWM2"
"07586499999","1990-01-22T12:00:00","4","44.1","6.0","-999.0","CHATEAU ARNOUX, FR","FM-15","LFMX ","V020","010,1,N,0051,1","99999,1,C,Y","009900,1,N,1","+0110,1","-0060,1","99999,9","2,000",,,,,"10312,1,99999,9",,"0129,1","MET005CAVOK","Q01+000000PRSWM2"
"07586499999","1990-01-22T15:09:00","4","44.1","6.0","-999.0","CHATEAU ARNOUX, FR","FM-15","LFMX ","V020","100,1,N,0010,1","99999,1,C,Y","009900,1,N,1","+0150,1","-0050,1","99999,9","2,000",,,,,"10301,1,99999,9",,,"MET005CAVOK","Q01+000000PRSWM2"
"07586499999","1990-01-23T06:10:00","4","44.1","6.0","-999.0","CHATEAU ARNOUX, FR","FM-15","LFMX ","V020","120,1,N,0010,1","99999,1,C,Y","009900,1,N,1","-0030,1","-0070,1","99999,9","2,000",,,,,"10312,1,99999,9",,,"MET005CAVOK","Q01+000000PRSWM2"
"07586499999","1990-01-23T09:00:00","4","44.1","6.0","-999.0","CHATEAU ARNOUX, FR","FM-15","LFMX ","V020","110,1,N,0010,1","99999,1,C,Y","009900,1,N,1","+0030,1","-0060,1","99999,9","2,000",,,,,"10312,1,99999,9",,,"MET005CAVOK","Q01+000000PRSWM2"
"07586499999","1990-01-23T12:00:00","4","44.1","6.0","-999.0","CHATEAU ARNOUX, FR","FM-15","LFMX ","V020","060,1,N,0031,1","99999,1,C,Y","009900,1,N,1","+0110,1","-0060,1","99999,9","2,000",,,,,"10291,1,99999,9",,,"MET005CAVOK","Q01+000000PRSWM2"
"07586499999","1990-01-23T14:00:00","4","44.1","6.0","-999.0","CHATEAU ARNOUX, FR","FM-15","LFMX ","V020","240,1,N,0021,1","99999,1,C,Y","009900,1,N,1","+0150,1","+9999,9","99999,9","2,999",,,,,"10271,1,99999,9",,,"MET005CAVOK","Q01+000000PRSWM2"
"07586499999","1990-01-24T06:00:00","4","44.1","6.0","-999.0","CHATEAU ARNOUX, FR","FM-15","LFMX ","V020","070,1,N,0021,1","99999,1,C,Y","009900,1,N,1","+0030,1","-0060,1","99999,9","2,000",,,,,"10230,1,99999,9",,,"MET005CAVOK","Q01+000000PRSWM2"
"07586499999","1990-01-24T09:00:00","4","44.1","6.0","-999.0","CHATEAU ARNOUX, FR","FM-15","LFMX ","V020","070,1,N,0031,1","99999,1,C,Y","009900,1,N,1","+0070,1","-0020,1","99999,9","2,000",,,,,"10230,1,99999,9",,,"MET005CAVOK","Q01+000000PRSWM2"
"07586499999","1990-01-24T12:10:00","4","44.1","6.0","-999.0","CHATEAU ARNOUX, FR","FM-15","LFMX ","V020","030,1,N,0041,1","99999,1,C,Y","009900,1,N,1","+0110,1","+0010,1","99999,9","2,000",,,,,"10210,1,99999,9",,"0098,1","MET005CAVOK","Q01+000000PRSWM2"
"07586499999","1990-01-24T13:00:00","4","44.1","6.0","-999.0","CHATEAU ARNOUX, FR","FM-15","LFMX ","V020","030,1,N,0041,1","99999,1,C,Y","009900,1,N,1","+0110,1","+0010,1","99999,9","2,999",,,,,"10210,1,99999,9",,"0098,1","MET005CAVOK","Q01+000000PRSWM2"
"07586499999","1990-01-24T15:00:00","4","44.1","6.0","-999.0","CHATEAU ARNOUX, FR","FM-15","LFMX ","V020","020,1,N,0051,1","99999,1,C,Y","009900,1,N,1","+0120,1","+0000,1","99999,9","2,000",,,,,"10190,1,99999,9",,"0118,1","MET005CAVOK","Q01+000000PRSWM2"
"07586499999","1990-01-25T06:00:00","4","44.1","6.0","-999.0","CHATEAU ARNOUX, FR","FM-15","LFMX ","V020","130,1,N,0021,1","99999,1,C,Y","009900,1,N,1","+0010,1","-0020,1","99999,9","2,000",,,,,"10200,1,99999,9",,,"MET005CAVOK","Q01+000000PRSWM2"
"07586499999","1990-01-25T09:00:00","4","44.1","6.0","-999.0","CHATEAU ARNOUX, FR","FM-15","LFMX ","V020","110,1,N,0010,1","99999,1,C,Y","009900,1,N,1","+0040,1","+0000,1","99999,9","2,000",,,,,"10210,1,99999,9",,,"MET005CAVOK","Q01+000000PRSWM2"
"07586499999","1990-01-25T12:00:00","4","44.1","6.0","-999.0","CHATEAU ARNOUX, FR","FM-15","LFMX ","V020","050,1,N,0021,1","99999,1,C,Y","009900,1,N,1","+0090,1","-0010,1","99999,9","2,000",,,,,"10190,1,99999,9",,,"MET005CAVOK","Q01+000000PRSWM2"
"07586499999","1990-01-25T15:00:00","4","44.1","6.0","-999.0","CHATEAU ARNOUX, FR","FM-15","LFMX ","V020","040,1,N,0021,1","99999,1,C,Y","009900,1,N,1","+0090,1","-0020,1","99999,9","2,000",,,,,"10180,1,99999,9",,,"MET005CAVOK","Q01+000000PRSWM2"
"07586499999","1990-01-26T05:00:00","4","44.1","6.0","-999.0","CHATEAU ARNOUX, FR","FM-15","LFMX ","V020","170,1,N,0021,1","99999,1,C,Y","009900,1,N,1","+0050,1","+0020,1","99999,9","2,999",,,,,"10119,1,99999,9",,,"MET005CAVOK","Q01+000000PRSWM2"
"07586499999","1990-01-26T06:10:00","4","44.1","6.0","-999.0","CHATEAU ARNOUX, FR","FM-15","LFMX ","V020","999,1,C,0000,1","99999,1,C,Y","009900,1,N,1","+0050,1","+0020,1","99999,9","2,000",,,,,"10119,1,99999,9",,,"MET005CAVOK","Q01+000000PRSWM2"
"07586499999","1990-01-26T09:00:00","4","44.1","6.0","-999.0","CHATEAU ARNOUX, FR","FM-15","LFMX ","V020","140,1,N,0010,1","22000,1,C,N","011200,1,N,1","+0070,1","+0040,1","99999,9","2,003","01,1,+00990,9,08,9","04,1,+01500,9,05,9",,,"10129,1,99999,9","21,1",,,
"07586499999","1990-01-26T12:00:00","4","44.1","6.0","-999.0","CHATEAU ARNOUX, FR","FM-15","LFMX ","V020","310,1,N,0021,1","22000,1,C,N","011200,1,N,1","+0130,1","-0010,1","99999,9","2,000","02,1,+01380,9,08,9","03,1,+09000,9,00,9",,,"10129,1,99999,9",,,,"Q01+000000PRSWM2"
"07586499999","1990-01-26T15:12:00","4","44.1","6.0","-999.0","CHATEAU ARNOUX, FR","FM-15","LFMX ","V020","300,1,N,0088,1","99999,1,C,Y","009900,1,N,1","+0110,1","-0040,1","99999,9","2,000",,,,,"10129,1,99999,9",,,"MET005CAVOK","Q01+000000PRSWM2"
"07586499999","1990-01-27T05:00:00","4","44.1","6.0","-999.0","CHATEAU ARNOUX, FR","FM-15","LFMX ","V020","120,1,N,0010,1","99999,1,C,Y","009900,1,N,1","-0020,1","+9999,9","99999,9","2,999",,,,,"10169,1,99999,9",,,"MET005CAVOK","Q01+000000PRSWM2"
"07586499999","1990-01-27T09:00:00","4","44.1","6.0","-999.0","CHATEAU ARNOUX, FR","FM-15","LFMX ","V020","110,1,N,0021,1","99999,1,C,Y","009900,1,N,1","+0010,1","-0050,1","99999,9","2,000",,,,,"10180,1,99999,9",,,"MET005CAVOK","Q01+000000PRSWM2"
"07586499999","1990-01-27T13:20:00","4","44.1","6.0","-999.0","CHATEAU ARNOUX, FR","FM-15","LFMX ","V020","050,1,N,0021,1","22000,1,C,N","011200,1,N,1","+0060,1","-0040,1","99999,9","2,999",,,,,"10159,1,99999,9","60,1",,,
"07586499999","1990-01-27T14:50:00","4","44.1","6.0","-999.0","CHATEAU ARNOUX, FR","FM-15","LFMX ","V020","340,1,N,0010,1","99999,1,C,Y","009900,1,N,1","+0060,1","+0010,1","99999,9","2,000",,,,,"10139,1,99999,9",,,"MET005CAVOK","Q01+000000PRSWM2"
"07586499999","1990-01-28T05:00:00","4","44.1","6.0","-999.0","CHATEAU ARNOUX, FR","FM-15","LFMX ","V020","170,1,N,0082,1","99999,1,C,Y","009900,1,N,1","+0120,1","+0050,1","99999,9","2,999",,,,,"10108,1,99999,9",,"0139,1","MET005CAVOK","Q01+000000PRSWM2"
"07586499999","1990-01-28T06:00:00","4","44.1","6.0","-999.0","CHATEAU ARNOUX, FR","FM-15","LFMX ","V020","190,1,N,0051,1","01500,1,C,N","011200,1,N,1","+0120,1","+0050,1","99999,9","2,000","05,1,+01500,9,05,9","06,1,+03000,9,03,9",,,"10108,1,99999,9",,"0139,1",,"Q01+000000PRSWM2"
"07586499999","1990-01-28T09:00:00","4","44.1","6.0","-999.0","CHATEAU ARNOUX, FR","FM-15","LFMX ","V020","180,1,N,0041,1","02700,1,C,N","011200,1,N,1","+0120,1","+0050,1","99999,9","2,000","06,1,+02700,9,05,9","06,1,+03000,9,04,9",,,"10102,1,99999,9",,"0129,1",,"Q01+000000PRSWM2"
"07586499999","1990-01-28T12:00:00","4","44.1","6.0","-999.0","CHATEAU ARNOUX, FR","FM-15","LFMX ","V020","230,1,N,0041,1","00900,1,C,N","011200,1,N,1","+0130,1","+0060,1","99999,9","2,000","06,1,+00900,9,05,9","06,1,+03000,9,04,9",,,"10091,1,99999,9",,,,"Q01+000000PRSWM2"
"07586499999","1990-01-28T15:00:00","4","44.1","6.0","-999.0","CHATEAU ARNOUX, FR","FM-15","LFMX ","V020","180,1,N,0082,1","03000,1,C,N","011200,1,N,1","+0130,1","+0050,1","99999,9","2,001","03,1,+00690,9,08,9","06,1,+03000,9,04,9",,,"10071,1,99999,9","25,1","0160,1",,
"07586499999","1990-01-29T05:00:00","4","44.1","6.0","-999.0","CHATEAU ARNOUX, FR","FM-15","LFMX ","V020","050,1,N,0041,1","00990,1,C,N","011200,1,N,1","+0060,1","+0020,1","99999,9","2,999","07,1,+00990,9,05,9",,,,"10081,1,99999,9",,,,"Q01+000000PRSWM2"
"07586499999","1990-01-29T06:09:00","4","44.1","6.0","-999.0","CHATEAU ARNOUX, FR","FM-15","LFMX ","V020","040,1,N,0041,1","00990,1,C,N","011200,1,N,1","+0060,1","+0020,1","99999,9","2,000","07,1,+00990,9,05,9",,,,"10091,1,99999,9",,,,"Q01+000000PRSWM2"
"07586499999","1990-01-29T09:22:00","4","44.1","6.0","-999.0","CHATEAU ARNOUX, FR","FM-15","LFMX ","V020","050,1,N,0041,1","01380,1,C,N","011200,1,N,1","+0070,1","+0030,1","99999,9","2,000","05,1,+01380,9,05,9",,,,"10102,1,99999,9",,,,"Q01+000000PRSWM2"
"07586499999","1990-01-29T12:36:00","4","44.1","6.0","-999.0","CHATEAU ARNOUX, FR","FM-15","LFMX ","V020","030,1,N,0010,1","01500,1,C,N","011200,1,N,1","+0110,1","+0050,1","99999,9","2,999","02,1,+01200,9,08,9","04,1,+01500,9,05,9",,,"10091,1,99999,9",,,,"Q01+000000PRSWM2"
"07586499999","1990-01-29T15:35:00","4","44.1","6.0","-999.0","CHATEAU ARNOUX, FR","FM-15","LFMX ","V020","999,1,C,0000,1","01290,1,C,N","011200,1,N,1","+0110,1","+0060,1","99999,9","2,999","07,1,+01290,9,08,9",,,,"10091,1,99999,9",,,,"Q01+000000PRSWM2"
"07586499999","1990-01-30T04:50:00","4","44.1","6.0","-999.0","CHATEAU ARNOUX, FR","FM-15","LFMX ","V020","999,1,C,0000,1","99999,1,C,Y","009900,1,N,1","+0040,1","+0020,1","99999,9","2,999",,,,,"10102,1,99999,9",,,"MET012CAVOK NOSIG?","Q01+000000PRSWM2"
"07586499999","1990-01-30T06:00:00","4","44.1","6.0","-999.0","CHATEAU ARNOUX, FR","FM-15","LFMX ","V020","999,1,C,0000,1","01350,1,C,N","011200,1,N,1","+0040,1","+0020,1","99999,9","2,000","05,1,+01350,9,05,9",,,,"10102,1,99999,9",,,,"Q01+000000PRSWM2"
"07586499999","1990-01-30T09:00:00","4","44.1","6.0","-999.0","CHATEAU ARNOUX, FR","FM-15","LFMX ","V020","040,1,N,0031,1","01800,1,C,N","011200,1,N,1","+0070,1","+0040,1","99999,9","2,000","01,1,+00900,9,05,9","06,1,+01800,9,03,9",,,"10119,1,99999,9",,,,"Q01+000000PRSWM2"
"07586499999","1990-01-30T13:50:00","4","44.1","6.0","-999.0","CHATEAU ARNOUX, FR","FM-15","LFMX ","V020","020,1,N,0051,1","99999,1,C,Y","009900,1,N,1","+0120,1","+0030,1","99999,9","2,999",,,,,"10108,1,99999,9",,,"MET012CAVOK NOSIG?","Q01+000000PRSWM2"
"07586499999","1990-01-30T15:00:00","4","44.1","6.0","-999.0","CHATEAU ARNOUX, FR","FM-15","LFMX ","V020","010,1,N,0051,1","99999,1,C,Y","009900,1,N,1","+0130,1","+0020,1","99999,9","2,000",,,,,"10119,1,99999,9",,,"MET005CAVOK","Q01+000000PRSWM2"
"07586499999","1990-01-31T06:00:00","4","44.1","6.0","-999.0","CHATEAU ARNOUX, FR","FM-15","LFMX ","V020","080,1,N,0010,1","99999,1,C,Y","009900,1,N,1","+0000,1","-0010,1","99999,9","2,000",,,,,"10180,1,99999,9",,,"MET005CAVOK","Q01+000000PRSWM2"
"07586499999","1990-01-31T09:00:00","4","44.1","6.0","-999.0","CHATEAU ARNOUX, FR","FM-15","LFMX ","V020","070,1,N,0010,1","07800,1,C,N","011200,1,N,1","+0030,1","+0010,1","99999,9","2,000","01,1,+01200,9,05,9","06,1,+07800,9,00,9",,,"10180,1,99999,9",,,,"Q01+000000PRSWM2"
"07586499999","1990-01-31T12:22:00","4","44.1","6.0","-999.0","CHATEAU ARNOUX, FR","FM-15","LFMX ","V020","220,1,N,0051,1","07800,1,C,N","011200,1,N,1","+0130,1","+0040,1","99999,9","2,000","02,1,+01200,9,08,9","06,1,+07800,9,00,9",,,"10169,1,99999,9",,"0129,1",,"Q01+000000PRSWM2"
"07586499999","1990-02-01T05:00:00","4","44.1","6.0","-999.0","CHATEAU ARNOUX, FR","FM-15","LFMX ","V020","280,1,N,0021,1","00690,1,C,N","011200,1,N,1","+0070,1","+0060,1","99999,9","2,999","07,1,+00690,9,05,9",,,,"10108,1,99999,9","60,1",,,
"07586499999","1990-02-01T06:00:00","4","44.1","6.0","-999.0","CHATEAU ARNOUX, FR","FM-15","LFMX ","V020","290,1,N,0010,1","00690,1,C,N","011200,1,N,1","+0060,1","+0060,1","99999,9","2,000","08,1,+00690,9,05,9",,,,"10119,1,99999,9",,,,"Q01+000000PRSWM2"
"07586499999","1990-02-01T08:50:00","4","44.1","6.0","-999.0","CHATEAU ARNOUX, FR","FM-15","LFMX ","V020","100,1,N,0010,1","01800,1,C,N","011200,1,N,1","+0080,1","+0060,1","99999,9","2,000","04,1,+00690,9,05,9","04,1,+01800,9,03,9","08,1,+02700,9,04,9",,"10139,1,99999,9",,,,"Q01+000000PRSWM2"
"07586499999","1990-02-01T12:00:00","4","44.1","6.0","-999.0","CHATEAU ARNOUX, FR","FM-15","LFMX ","V020","999,1,C,0000,1","02400,1,C,N","011200,1,N,1","+0120,1","+0060,1","99999,9","2,000","02,1,+00720,9,05,9","05,1,+02400,9,04,9",,,"10139,1,99999,9",,,,"Q01+000000PRSWM2"
"07586499999","1990-02-01T15:50:00","4","44.1","6.0","-999.0","CHATEAU ARNOUX, FR","FM-15","LFMX ","V020","250,1,N,0031,1","22000,1,C,N","011200,1,N,1","+0140,1","+0040,1","99999,9","2,999","01,1,+00780,9,05,9",,,,"10129,1,99999,9",,,,"Q01+000000PRSWM2"
"07586499999","1990-02-02T06:00:00","4","44.1","6.0","-999.0","CHATEAU ARNOUX, FR","FM-15","LFMX ","V020","999,1,C,0000,1","03000,1,C,N","011200,1,N,1","+0060,1","+0030,1","99999,9","2,000","04,1,+00990,9,05,9","04,1,+03000,9,03,9",,,"10169,1,99999,9",,,,"Q01+000000PRSWM2"
"07586499999","1990-02-02T09:30:00","4","44.1","6.0","-999.0","CHATEAU ARNOUX, FR","FM-15","LFMX ","V020","999,1,C,0000,1","00900,1,C,N","006000,1,N,1","+0070,1","+0050,1","99999,9","2,999","07,1,+00900,9,05,9",,,,"10190,1,99999,9","60,1",,,
"07586499999","1990-02-02T12:00:00","4","44.1","6.0","-999.0","CHATEAU ARNOUX, FR","FM-15","LFMX ","V020","100,1,N,0010,1","00900,1,C,N","008000,1,N,1","+0070,1","+0050,1","99999,9","2,000","01,1,+00090,9,07,9","07,1,+00900,9,05,9",,,"10200,1,99999,9",,,,"Q01+000000PRSWM2"
"07586499999","1990-02-02T15:00:00","4","44.1","6.0","-999.0","CHATEAU ARNOUX, FR","FM-15","LFMX ","V020","040,1,N,0010,1","22000,1,C,N","011200,1,N,1","+0100,1","+0060,1","99999,9","2,000","01,1,+00900,9,08,9",,,,"10200,1,99999,9",,,,"Q01+000000PRSWM2"
"07586499999","1990-02-03T05:00:00","4","44.1","6.0","-999.0","CHATEAU ARNOUX, FR","FM-15","LFMX ","V020","140,1,N,0010,1","99999,1,C,Y","009900,1,N,1","+0020,1","+0010,1","99999,9","1,999",,,,,"10240,1,99999,9",,,,"Q01+000000PRSWM2"
"07586499999","1990-02-03T06:00:00","4","44.1","6.0","-999.0","CHATEAU ARNOUX, FR","FM-15","LFMX ","V020","999,1,C,0000,1","99999,1,C,Y","009900,1,N,1","+0010,1","+0000,1","99999,9","2,000",,,,,"10240,1,99999,9",,,,"Q01+000000PRSWM2"
"07586499999","1990-02-03T09:00:00","4","44.1","6.0","-999.0","CHATEAU ARNOUX, FR","FM-15","LFMX ","V020","040,1,N,0021,1","99999,1,C,Y","009900,1,N,1","+0040,1","+0020,1","99999,9","2,000",,,,,"10251,1,99999,9",,,,"Q01+000000PRSWM2"
"07586499999","1990-02-03T12:00:00","4","44.1","6.0","-999.0","CHATEAU ARNOUX, FR","FM-15","LFMX ","V020","250,1,N,0021,1","22000,1,C,N","011200,1,N,1","+0120,1","+0060,1","99999,9","2,000","01,1,+00900,9,08,9",,,,"10240,1,99999,9",,,,"Q01+000000PRSWM2"
"07586499999","1990-02-03T15:00:00","4","44.1","6.0","-999.0","CHATEAU ARNOUX, FR","FM-15","LFMX ","V020","250,1,N,0108,1","00900,1,C,N","011200,1,N,1","+0120,1","+0070,1","99999,9","2,000","07,1,+00900,9,05,9",,,,"10251,1,99999,9",,,,"Q01+000000PRSWM2"
"07586499999","1990-02-04T06:00:00","4","44.1","6.0","-999.0","CHATEAU ARNOUX, FR","FM-15","LFMX ","V020","050,1,N,0051,1","99999,1,C,Y","009900,1,N,1","+0050,1","+0020,1","99999,9","2,000",,,,,"10281,1,99999,9",,"0118,1",,"Q01+000000PRSWM2"
"07586499999","1990-02-04T09:00:00","4","44.1","6.0","-999.0","CHATEAU ARNOUX, FR","FM-15","LFMX ","V020","090,1,N,0031,1","99999,1,C,Y","009900,1,N,1","+0070,1","+0030,1","99999,9","2,000",,,,,"10301,1,99999,9",,"0108,1",,"Q01+000000PRSWM2"
"07586499999","1990-02-04T12:00:00","4","44.1","6.0","-999.0","CHATEAU ARNOUX, FR","FM-15","LFMX ","V020","050,1,N,0010,1","99999,1,C,Y","009900,1,N,1","+0120,1","+0030,1","99999,9","2,000",,,,,"10301,1,99999,9",,,,"Q01+000000PRSWM2"
"07586499999","1990-02-04T14:50:00","4","44.1","6.0","-999.0","CHATEAU ARNOUX, FR","FM-15","LFMX ","V020","260,1,N,0051,1","99999,1,C,Y","009900,1,N,1","+0150,1","+0060,1","99999,9","2,000",,,,,"10301,1,99999,9",,,,"Q01+000000PRSWM2"
"07586499999","1990-02-05T06:00:00","4","44.1","6.0","-999.0","CHATEAU ARNOUX, FR","FM-15","LFMX ","V020","060,1,N,0021,1","99999,1,C,Y","009900,1,N,1","+0000,1","-0010,1","99999,9","2,000",,,,,"10329,1,99999,9",,,,"Q01+000000PRSWM2"
"07586499999","1990-02-05T09:00:00","4","44.1","6.0","-999.0","CHATEAU ARNOUX, FR","FM-15","LFMX ","V020","100,1,N,0021,1","99999,1,C,Y","009900,1,N,1","+0030,1","+0010,1","99999,9","2,000",,,,,"10339,1,99999,9",,,,"Q01+000000PRSWM2"
"07586499999","1990-02-05T11:50:00","4","44.1","6.0","-999.0","CHATEAU ARNOUX, FR","FM-15","LFMX ","V020","100,1,N,0010,1","99999,1,C,Y","009900,1,N,1","+0120,1","+0010,1","99999,9","2,000",,,,,"10318,1,99999,9",,,,"Q01+000000PRSWM2"
"07586499999","1990-02-05T15:00:00","4","44.1","6.0","-999.0","CHATEAU ARNOUX, FR","FM-15","LFMX ","V020","250,1,N,0051,1","99999,1,C,Y","009900,1,N,1","+0150,1","+0010,1","99999,9","2,000",,,,,"10291,1,99999,9",,"0118,1",,"Q01+000000PRSWM2"
"07586499999","1990-02-06T04:50:00","4","44.1","6.0","-999.0","CHATEAU ARNOUX, FR","FM-15","LFMX ","V020","060,1,N,0108,1","99999,1,C,Y","009900,1,N,1","-0020,1","-0030,1","99999,9","2,999",,,,,,,,"MET010CAVOK 10-?","Q01+000000PRSWM2"
"07586499999","1990-02-06T06:00:00","4","44.1","6.0","-999.0","CHATEAU ARNOUX, FR","FM-15","LFMX ","V020","050,1,N,0031,1","99999,1,C,Y","009900,1,N,1","-0020,1","-0030,1","99999,9","2,000",,,,,"10271,1,99999,9",,,,"Q01+000000PRSWM2"
"07586499999","1990-02-06T13:30:00","4","44.1","6.0","-999.0","CHATEAU ARNOUX, FR","FM-15","LFMX ","V020","240,1,N,0021,1","99999,1,C,Y","009900,1,N,1","+0130,1","-0010,1","99999,9","2,999",,,,,"10240,1,99999,9",,,,"Q01+000000PRSWM2"
"07586499999","1990-02-06T15:50:00","4","44.1","6.0","-999.0","CHATEAU ARNOUX, FR","FM-15","LFMX ","V020","250,1,N,0062,1","99999,1,C,Y","009900,1,N,1","+0130,1","+0030,1","99999,9","2,999",,,,,"10230,1,99999,9",,,,"Q01+000000PRSWM2"
"07586499999","1990-02-07T06:50:00","4","44.1","6.0","-999.0","CHATEAU ARNOUX, FR","FM-15","LFMX ","V020","130,1,N,0031,1","99999,1,C,Y","009900,1,N,1","+0030,1","+0010,1","99999,9","2,999",,,,,"10240,1,99999,9",,,,"Q01+000000PRSWM2"
"07586499999","1990-02-07T09:00:00","4","44.1","6.0","-999.0","CHATEAU ARNOUX, FR","FM-15","LFMX ","V020","100,1,N,0010,1","99999,1,C,Y","009900,1,N,1","+0060,1","+0030,1","99999,9","2,000",,,,,"10251,1,99999,9",,,,"Q01+000000PRSWM2"
"07586499999","1990-02-07T12:50:00","4","44.1","6.0","-999.0","CHATEAU ARNOUX, FR","FM-15","LFMX ","V020","040,1,N,0021,1","99999,1,C,Y","009900,1,N,1","+0120,1","+0040,1","99999,9","2,999",,,,,"10240,1,99999,9",,,,"Q01+000000PRSWM2"
"07586499999","1990-02-07T15:00:00","4","44.1","6.0","-999.0","CHATEAU ARNOUX, FR","FM-15","LFMX ","V020","250,1,N,0031,1","99999,1,C,Y","009900,1,N,1","+0150,1","+0060,1","99999,9","2,000",,,,,"10240,1,99999,9",,,,"Q01+000000PRSWM2"
"07586499999","1990-02-08T05:50:00","4","44.1","6.0","-999.0","CHATEAU ARNOUX, FR","FM-15","LFMX ","V020","100,1,N,0021,1","07800,1,C,N","007000,1,N,1","+0020,1","+0010,1","99999,9","2,000","02,1,+03000,9,03,9","05,1,+07800,9,00,9",,,"10281,1,99999,9",,,,"Q01+000000PRSWM2"
"07586499999","1990-02-08T11:50:00","4","44.1","6.0","-999.0","CHATEAU ARNOUX, FR","FM-15","LFMX ","V020","030,1,N,0031,1","01800,1,C,N","011200,1,N,1","+0130,1","+0060,1","99999,9","2,000","05,1,+01800,9,05,9","03,1,+07800,9,00,9",,,"10271,1,99999,9",,"0098,1",,"Q01+000000PRSWM2"
"07586499999","1990-02-08T15:10:00","4","44.1","6.0","-999.0","CHATEAU ARNOUX, FR","FM-15","LFMX ","V020","999,1,C,0000,1","22000,1,C,N","011200,1,N,1","+0170,1","+0080,1","99999,9","2,000","01,1,+01500,9,05,9",,,,"10240,1,99999,9",,,,"Q01+000000PRSWM2"
"07586499999","1990-02-09T04:50:00","4","44.1","6.0","-999.0","CHATEAU ARNOUX, FR","FM-15","LFMX ","V020","020,1,N,0051,1","99999,1,C,Y","009900,1,N,1","+0080,1","-0010,1","99999,9","2,999",,,,,"10240,1,99999,9",,"0129,1",,"Q01+000000PRSWM2"
"07586499999","1990-02-09T06:00:00","4","44.1","6.0","-999.0","CHATEAU ARNOUX, FR","FM-15","LFMX ","V020","020,1,N,0072,1","99999,1,C,Y","009900,1,N,1","+0070,1","-0010,1","99999,9","2,000",,,,,"10240,1,99999,9",,"0149,1",,"Q01+000000PRSWM2"
"07586499999","1990-02-09T09:00:00","4","44.1","6.0","-999.0","CHATEAU ARNOUX, FR","FM-15","LFMX ","V020","030,1,N,0072,1","99999,1,C,Y","009900,1,N,1","+0090,1","+0000,1","99999,9","2,000",,,,,"10251,1,99999,9",,"0170,1",,"Q01+000000PRSWM2"
"07586499999","1990-02-09T12:50:00","4","44.1","6.0","-999.0","CHATEAU ARNOUX, FR","FM-15","LFMX ","V020","010,1,N,0072,1","99999,1,C,Y","009900,1,N,1","+0140,1","-0050,1","99999,9","2,999",,,,,"10251,1,99999,9",,"0149,1",,"Q01+000000PRSWM2"
"07586499999","1990-02-09T15:47:00","4","44.1","6.0","-999.0","CHATEAU ARNOUX, FR","FM-15","LFMX ","V020","350,1,N,0072,1","22000,1,C,N","011200,1,N,1","+0150,1","-0110,1","99999,9","2,999","01,1,+00900,9,08,9",,,,"10240,1,99999,9",,"0160,1",,"Q01+000000PRSWM2"
"07586499999","1990-02-10T05:00:00","4","44.1","6.0","-999.0","CHATEAU ARNOUX, FR","FM-15","LFMX ","V020","060,1,N,0021,1","99999,1,C,Y","009900,1,N,1","+0000,1","-0040,1","99999,9","2,999",,,,,"10261,1,99999,9",,,,"Q01+000000PRSWM2"
"07586499999","1990-02-10T06:00:00","4","44.1","6.0","-999.0","CHATEAU ARNOUX, FR","FM-15","LFMX ","V020","080,1,N,0021,1","99999,1,C,Y","009900,1,N,1","+0000,1","-0040,1","99999,9","2,000",,,,,"10261,1,99999,9",,,,"Q01+000000PRSWM2"
"07586499999","1990-02-10T09:00:00","4","44.1","6.0","-999.0","CHATEAU ARNOUX, FR","FM-15","LFMX ","V020","090,1,N,0010,1","99999,1,C,Y","009900,1,N,1","+0030,1","-0030,1","99999,9","2,000",,,,,"10261,1,99999,9",,,,"Q01+000000PRSWM2"
"07586499999","1990-02-10T11:50:00","4","44.1","6.0","-999.0","CHATEAU ARNOUX, FR","FM-15","LFMX ","V020","070,1,N,0010,1","99999,1,C,Y","009900,1,N,1","+0080,1","-0030,1","99999,9","2,000",,,,,"10240,1,99999,9",,,,"Q01+000000PRSWM2"
"07586499999","1990-02-10T15:00:00","4","44.1","6.0","-999.0","CHATEAU ARNOUX, FR","FM-15","LFMX ","V020","999,1,C,0000,1","99999,1,C,Y","009900,1,N,1","+0100,1","+0000,1","99999,9","2,000",,,,,"10210,1,99999,9",,,,"Q01+000000PRSWM2"
"07586499999","1990-02-11T06:00:00","4","44.1","6.0","-999.0","CHATEAU ARNOUX, FR","FM-15","LFMX ","V020","110,1,N,0041,1","00480,1,C,N","008000,1,N,1","+0040,1","+0030,1","99999,9","2,000","08,1,+00480,9,05,9",,,,"10129,1,99999,9",,,,"Q01+000000PRSWM2"
"07586499999","1990-02-11T09:00:00","4","44.1","6.0","-999.0","CHATEAU ARNOUX, FR","FM-15","LFMX ","V020","010,1,N,0051,1","22000,1,C,N","011200,1,N,1","+0060,1","+0020,1","99999,9","2,002","03,1,+01200,9,08,9",,,,"10149,1,99999,9","25,1",,,
"07586499999","1990-02-11T12:00:00","4","44.1","6.0","-999.0","CHATEAU ARNOUX, FR","FM-15","LFMX ","V020","360,1,N,0041,1","22000,1,C,N","011200,1,N,1","+0100,1","-0020,1","99999,9","2,000","02,1,+01200,9,08,9",,,,"10129,1,99999,9",,,,"Q01+000000PRSWM2"
"07586499999","1990-02-11T14:20:00","4","44.1","6.0","-999.0","CHATEAU ARNOUX, FR","FM-15","LFMX ","V020","360,1,N,0041,1","22000,1,C,N","011200,1,N,1","+0080,1","-0030,1","99999,9","2,999","01,1,+01500,9,08,9",,,,"10129,1,99999,9",,,,"Q01+000000PRSWM2"
"07586499999","1990-02-12T06:00:00","4","44.1","6.0","-999.0","CHATEAU ARNOUX, FR","FM-15","LFMX ","V020","030,1,N,0010,1","00600,1,C,N","011200,1,N,1","+0010,1","+0000,1","99999,9","2,000","01,1,+00180,9,07,9","05,1,+00600,9,05,9","06,1,+03000,9,03,9",,"10000,1,99999,9","22,1",,,
"07586499999","1990-02-12T09:30:00","4","44.1","6.0","-999.0","CHATEAU ARNOUX, FR","FM-15","LFMX ","V020","999,1,C,0000,1","03000,1,C,N","011200,1,N,1","+0010,1","+0000,1","99999,9","2,999","04,1,+00690,9,05,9","07,1,+03000,9,03,9",,,"10000,1,99999,9",,,,"Q01+000000PRSWM2"
"07586499999","1990-02-12T12:15:00","4","44.1","6.0","-999.0","CHATEAU ARNOUX, FR","FM-15","LFMX ","V020","340,1,N,0062,1","07800,1,C,N","011200,1,N,1","+0070,1","-0030,1","99999,9","2,000","02,1,+00990,9,08,9","06,1,+07800,9,00,9",,,"10010,1,99999,9",,,,"Q01+000000PRSWM2"
"07586499999","1990-02-12T15:50:00","4","44.1","6.0","-999.0","CHATEAU ARNOUX, FR","FM-15","LFMX ","V020","290,1,N,0041,1","02700,1,C,N","011200,1,N,1","+0060,1","-0020,1","99999,9","2,999","01,1,+00990,9,05,9","08,1,+02700,9,04,9",,,"10000,1,99999,9",,,,"Q01+000000PRSWM2"
"07586499999","1990-02-13T04:50:00","4","44.1","6.0","-999.0","CHATEAU ARNOUX, FR","FM-15","LFMX ","V020","999,1,C,0000,1","00780,1,C,N","011200,1,N,1","+0000,1","+0000,1","99999,9","2,999","02,1,+00600,9,08,9","06,1,+00780,9,05,9",,,"10031,1,99999,9",,,,"Q01+000000PRSWM2"
"07586499999","1990-02-13T05:50:00","4","44.1","6.0","-999.0","CHATEAU ARNOUX, FR","FM-15","LFMX ","V020","999,1,C,0000,1","00780,1,C,N","011200,1,N,1","+0000,1","+0000,1","99999,9","2,000","02,1,+00600,9,08,9","04,1,+00780,9,05,9",,,"10041,1,99999,9",,,,"Q01+000000PRSWM2"
"07586499999","1990-02-13T09:00:00","4","44.1","6.0","-999.0","CHATEAU ARNOUX, FR","FM-15","LFMX ","V020","150,1,N,0010,1","00780,1,C,N","011200,1,N,1","+0030,1","+0020,1","99999,9","2,000","02,1,+00600,9,08,9","04,1,+00780,9,05,9","06,1,+03000,9,03,9",,"10061,1,99999,9",,,,"Q01+000000PRSWM2"
"07586499999","1990-02-13T12:00:00","4","44.1","6.0","-999.0","CHATEAU ARNOUX, FR","FM-15","LFMX ","V020","050,1,N,0010,1","00390,1,C,N","006000,1,N,1","+0050,1","+0030,1","99999,9","2,007","08,1,+00390,9,07,9",,,,"10081,1,99999,9","61,1",,,
"07586499999","1990-02-13T14:50:00","4","44.1","6.0","-999.0","CHATEAU ARNOUX, FR","FM-15","LFMX ","V020","060,1,N,0031,1","00600,1,C,N","006000,1,N,1","+0040,1","+0030,1","99999,9","2,007","02,1,+00390,9,08,9","08,1,+00600,9,07,9",,,"10081,1,99999,9","61,1",,,
"07586499999","1990-02-14T05:00:00","4","44.1","6.0","-999.0","CHATEAU ARNOUX, FR","FM-15","LFMX ","V020","090,1,N,0010,1","00180,1,C,N","001500,1,N,1","+0040,1","+0040,1","99999,9","2,999","08,1,+00180,9,07,9",,,,"10081,1,99999,9","61,1",,,
"07586499999","1990-02-14T06:00:00","4","44.1","6.0","-999.0","CHATEAU ARNOUX, FR","FM-15","LFMX ","V020","060,1,N,0010,1","00180,1,C,N","001500,1,N,1","+0040,1","+0040,1","99999,9","2,007","08,1,+00180,9,07,9",,,,"10091,1,99999,9","61,1",,,
"07586499999","1990-02-14T08:50:00","4","44.1","6.0","-999.0","CHATEAU ARNOUX, FR","FM-15","LFMX ","V020","070,1,N,0010,1","00180,1,C,N","000500,1,N,1","+0060,1","+0060,1","99999,9","2,007","07,1,+00180,9,07,9",,,,"10091,1,99999,9","61,1",,,
"07586499999","1990-02-14T12:00:00","4","44.1","6.0","-999.0","CHATEAU ARNOUX, FR","FM-15","LFMX ","V020","030,1,N,0062,1","00600,1,C,N","011200,1,N,1","+0100,1","+0090,1","99999,9","2,002","02,1,+00180,9,07,9","05,1,+00600,9,08,9",,,"10081,1,99999,9","60,1",,,
"07586499999","1990-02-14T15:00:00","4","44.1","6.0","-999.0","CHATEAU ARNOUX, FR","FM-15","LFMX ","V020","350,1,N,0031,1","22000,1,C,N","011200,1,N,1","+0110,1","+0080,1","99999,9","2,000","04,1,+00600,9,05,9",,,,"10071,1,99999,9",,,,"Q01+000000PRSWM2"
"07586499999","1990-02-15T06:14:00","4","44.1","6.0","-999.0","CHATEAU ARNOUX, FR","FM-15","LFMX ","V020","030,1,N,0041,1","09000,1,C,N","011200,1,N,1","+0140,1","+0070,1","99999,9","2,000","02,1,+01200,9,05,9","04,1,+09000,9,00,9",,,"10041,1,99999,9",,,,"Q01+000000PRSWM2"
"07586499999","1990-02-15T09:13:00","4","44.1","6.0","-999.0","CHATEAU ARNOUX, FR","FM-15","LFMX ","V020","020,1,N,0062,1","03000,1,C,N","011200,1,N,1","+0150,1","+0080,1","99999,9","2,000","02,1,+01200,9,08,9","05,1,+03000,9,03,9",,,"10061,1,99999,9",,,,"Q01+000000PRSWM2"
"07586499999","1990-02-15T12:00:00","4","44.1","6.0","-999.0","CHATEAU ARNOUX, FR","FM-15","LFMX ","V020","010,1,N,0082,1","01500,1,C,N","011200,1,N,1","+0170,1","+0070,1","99999,9","2,000","06,1,+01500,9,08,9",,,,"10051,1,99999,9",,"0160,1",,"Q01+000000PRSWM2"
"07586499999","1990-02-15T14:20:00","4","44.1","6.0","-999.0","CHATEAU ARNOUX, FR","FM-15","LFMX ","V020","350,1,N,0098,1","22000,1,C,N","011200,1,N,1","+0160,1","+0070,1","99999,9","2,999","03,1,+01290,9,08,9",,,,"10051,1,99999,9",,"0201,1",,"Q01+000000PRSWM2"
"07586499999","1990-02-16T06:00:00","4","44.1","6.0","-999.0","CHATEAU ARNOUX, FR","FM-15","LFMX ","V020","230,1,N,0010,1","22000,1,C,N","011200,1,N,1","+0070,1","+0010,1","99999,9","2,000","02,1,+01200,9,05,9",,,,"10102,1,99999,9",,,,"Q01+000000PRSWM2"
"07586499999","1990-02-16T09:30:00","4","44.1","6.0","-999.0","CHATEAU ARNOUX, FR","FM-15","LFMX ","V020","340,1,N,0010,1","01290,1,C,N","011200,1,N,1","+0110,1","+0050,1","99999,9","2,999","01,1,+00780,9,08,9","06,1,+01290,9,08,9",,,"10108,1,99999,9",,,,"Q01+000000PRSWM2"
"07586499999","1990-02-16T11:50:00","4","44.1","6.0","-999.0","CHATEAU ARNOUX, FR","FM-15","LFMX ","V020","270,1,N,0031,1","01290,1,C,N","011200,1,N,1","+0140,1","+0070,1","99999,9","2,000","05,1,+01290,9,08,9",,,,"10102,1,99999,9",,,,"Q01+000000PRSWM2"
"07586499999","1990-02-16T14:50:00","4","44.1","6.0","-999.0","CHATEAU ARNOUX, FR","FM-15","LFMX ","V020","010,1,N,0051,1","03000,1,C,N","011200,1,N,1","+0150,1","+0060,1","99999,9","2,000","03,1,+01290,9,08,9","03,1,+03000,9,03,9",,,"10091,1,99999,9",,,,"Q01+000000PRSWM2"
"07586499999","1990-02-17T05:00:00","4","44.1","6.0","-999.0","CHATEAU ARNOUX, FR","FM-15","LFMX ","V020","060,1,N,0031,1","99999,1,C,Y","009900,1,N,1","+0060,1","+0040,1","99999,9","2,999",,,,,"10139,1,99999,9",,,"MET005CAVOK","Q01+000000PRSWM2"
"07586499999","1990-02-17T06:00:00","4","44.1","6.0","-999.0","CHATEAU ARNOUX, FR","FM-15","LFMX ","V020","030,1,N,0041,1","99999,1,C,Y","009900,1,N,1","+0080,1","+0040,1","99999,9","2,000",,,,,"10139,1,99999,9",,,"MET005CAVOK","Q01+000000PRSWM2"
"07586499999","1990-02-17T09:52:00","4","44.1","6.0","-999.0","CHATEAU ARNOUX, FR","FM-15","LFMX ","V020","050,1,N,0051,1","99999,1,C,Y","009900,1,N,1","+0100,1","+0050,1","99999,9","2,999",,,,,"10149,1,99999,9",,,"MET005CAVOK","Q01+000000PRSWM2"
"07586499999","1990-02-17T11:50:00","4","44.1","6.0","-999.0","CHATEAU ARNOUX, FR","FM-15","LFMX ","V020","050,1,N,0041,1","99999,1,C,Y","009900,1,N,1","+0160,1","+0050,1","99999,9","2,000",,,,,"10149,1,99999,9",,,"MET005CAVOK","Q01+000000PRSWM2"
"07586499999","1990-02-17T15:00:00","4","44.1","6.0","-999.0","CHATEAU ARNOUX, FR","FM-15","LFMX ","V020","250,1,N,0031,1","99999,1,C,Y","009900,1,N,1","+0180,1","+0080,1","99999,9","2,000",,,,,"10149,1,99999,9",,,"MET005CAVOK","Q01+000000PRSWM2"
"07586499999","1990-02-18T05:00:00","4","44.1","6.0","-999.0","CHATEAU ARNOUX, FR","FM-15","LFMX ","V020","080,1,N,0021,1","99999,1,C,Y","009900,1,N,1","+0020,1","+0020,1","99999,9","1,999",,,,,"10200,1,99999,9",,,"MET005CAVOK","Q01+000000PRSWM2"
"07586499999","1990-02-18T06:00:00","4","44.1","6.0","-999.0","CHATEAU ARNOUX, FR","FM-15","LFMX ","V020","060,1,N,0088,1","99999,1,C,Y","009900,1,N,1","+0020,1","+0010,1","99999,9","2,000",,,,,"10210,1,99999,9",,,"MET005CAVOK","Q01+000000PRSWM2"
"07586499999","1990-02-18T09:00:00","4","44.1","6.0","-999.0","CHATEAU ARNOUX, FR","FM-15","LFMX ","V020","080,1,N,0021,1","99999,1,C,Y","009900,1,N,1","+0070,1","+0040,1","99999,9","2,000",,,,,"10220,1,99999,9",,,"MET005CAVOK","Q01+000000PRSWM2"
"07586499999","1990-02-18T11:50:00","4","44.1","6.0","-999.0","CHATEAU ARNOUX, FR","FM-15","LFMX ","V020","260,1,N,0031,1","99999,1,C,Y","009900,1,N,1","+0140,1","+0070,1","99999,9","2,000",,,,,"10210,1,99999,9",,,"MET005CAVOK","Q01+000000PRSWM2"
"07586499999","1990-02-18T15:00:00","4","44.1","6.0","-999.0","CHATEAU ARNOUX, FR","FM-15","LFMX ","V020","260,1,N,0041,1","99999,1,C,Y","009900,1,N,1","+0160,1","+0080,1","99999,9","2,000",,,,,"10200,1,99999,9",,,"MET005CAVOK","Q01+000000PRSWM2"
"07586499999","1990-02-19T06:00:00","4","44.1","6.0","-999.0","CHATEAU ARNOUX, FR","FM-15","LFMX ","V020","150,1,N,0021,1","00180,1,C,N","003000,1,N,1","+0050,1","+0040,1","99999,9","2,000","07,1,+00180,9,07,9",,,,"10240,1,99999,9","10,1",,,
"07586499999","1990-02-19T10:00:00","4","44.1","6.0","-999.0","CHATEAU ARNOUX, FR","FM-15","LFMX ","V020","130,1,N,0010,1","99999,1,C,Y","009900,1,N,1","+0070,1","+0050,1","99999,9","2,999",,,,,"10251,1,99999,9",,,"MET005CAVOK","Q01+000000PRSWM2"
"07586499999","1990-02-19T13:00:00","4","44.1","6.0","-999.0","CHATEAU ARNOUX, FR","FM-15","LFMX ","V020","320,1,N,0010,1","22000,1,C,N","011200,1,N,1","+0150,1","+0060,1","99999,9","2,999","01,1,+01500,9,08,9",,,,"10251,1,99999,9",,,,"Q01+000000PRSWM2"
"07586499999","1990-02-19T14:00:00","4","44.1","6.0","-999.0","CHATEAU ARNOUX, FR","FM-15","LFMX ","V020","260,1,N,0031,1","99999,1,C,Y","009900,1,N,1","+0160,1","+0070,1","99999,9","2,999",,,,,"10240,1,99999,9",,,"MET005CAVOK","Q01+000000PRSWM2"
"07586499999","1990-02-20T05:50:00","4","44.1","6.0","-999.0","CHATEAU ARNOUX, FR","FM-15","LFMX ","V020","150,1,N,0021,1","22000,1,C,N","003000,1,N,1","+0040,1","+0030,1","99999,9","2,000","02,1,+00150,9,07,9",,,,"10301,1,99999,9","10,1",,,
"07586499999","1990-02-20T08:50:00","4","44.1","6.0","-999.0","CHATEAU ARNOUX, FR","FM-15","LFMX ","V020","160,1,N,0010,1","00180,1,C,N","003000,1,N,1","+0050,1","+0050,1","99999,9","2,000","07,1,+00180,9,07,9",,,,"10312,1,99999,9","10,1",,,
"07586499999","1990-02-20T12:00:00","4","44.1","6.0","-999.0","CHATEAU ARNOUX, FR","FM-15","LFMX ","V020","230,1,N,0031,1","22000,1,C,N","008000,1,N,1","+0130,1","+0080,1","99999,9","2,000","01,1,+00990,9,08,9",,,,"10301,1,99999,9",,,,"Q01+000000PRSWM2"
"07586499999","1990-02-20T15:50:00","4","44.1","6.0","-999.0","CHATEAU ARNOUX, FR","FM-15","LFMX ","V020","250,1,N,0031,1","01200,1,C,N","011200,1,N,1","+0140,1","+0090,1","99999,9","2,999","06,1,+01200,9,05,9",,,,"10301,1,99999,9",,,,"Q01+000000PRSWM2"
"07586499999","1990-02-21T07:00:00","4","44.1","6.0","-999.0","CHATEAU ARNOUX, FR","FM-15","LFMX ","V020","060,1,N,0021,1","22000,1,C,N","004000,1,N,1","+0030,1","+0030,1","99999,9","2,999","04,1,+03000,9,03,9",,,,"10318,1,99999,9","10,1",,,
"07586499999","1990-02-21T09:00:00","4","44.1","6.0","-999.0","CHATEAU ARNOUX, FR","FM-15","LFMX ","V020","110,1,N,0010,1","22000,1,C,N","007000,1,N,1","+0070,1","+0060,1","99999,9","2,000","01,1,+03000,9,03,9",,,,"10329,1,99999,9",,,,"Q01+000000PRSWM2"
"07586499999","1990-02-21T12:00:00","4","44.1","6.0","-999.0","CHATEAU ARNOUX, FR","FM-15","LFMX ","V020","250,1,N,0021,1","99999,1,C,Y","009900,1,N,1","+0160,1","+0080,1","99999,9","2,000",,,,,"10329,1,99999,9",,,"MET005CAVOK","Q01+000000PRSWM2"
"07586499999","1990-02-21T15:20:00","4","44.1","6.0","-999.0","CHATEAU ARNOUX, FR","FM-15","LFMX ","V020","230,1,N,0041,1","99999,1,C,Y","009900,1,N,1","+0170,1","+0060,1","99999,9","2,000",,,,,"10318,1,99999,9",,,"MET005CAVOK","Q01+000000PRSWM2"
"07586499999","1990-02-22T08:33:00","4","44.1","6.0","-999.0","CHATEAU ARNOUX, FR","FM-15","LFMX ","V020","130,1,N,0010,1","99999,1,C,Y","009900,1,N,1","+0070,1","+0020,1","99999,9","2,000",,,,,"10349,1,99999,9",,,"MET005CAVOK","Q01+000000PRSWM2"
"07586499999","1990-02-23T06:30:00","4","44.1","6.0","-999.0","CHATEAU ARNOUX, FR","FM-15","LFMX ","V020","999,1,C,0000,1","99999,1,C,Y","009900,1,N,1","+0050,1","+0010,1","99999,9","2,999",,,,,"10369,1,99999,9",,,"MET005CAVOK","Q01+000000PRSWM2"
"07586499999","1990-02-23T09:08:00","4","44.1","6.0","-999.0","CHATEAU ARNOUX, FR","FM-15","LFMX ","V020","110,1,N,0010,1","99999,1,C,Y","009900,1,N,1","+0120,1","+0020,1","99999,9","2,000",,,,,"10379,1,99999,9",,,"MET005CAVOK","Q01+000000PRSWM2"
"07586499999","1990-02-23T12:00:00","4","44.1","6.0","-999.0","CHATEAU ARNOUX, FR","FM-15","LFMX ","V020","010,1,N,0021,1","99999,1,C,Y","009900,1,N,1","+0190,1","+0020,1","99999,9","2,000",,,,,"10359,1,99999,9",,,"MET005CAVOK","Q01+000000PRSWM2"
"07586499999","1990-02-24T05:00:00","4","44.1","6.0","-999.0","CHATEAU ARNOUX, FR","FM-15","LFMX ","V020","120,1,N,0010,1","99999,1,C,Y","009900,1,N,1","+0080,1","+0010,1","99999,9","2,999",,,,,"10318,1,99999,9",,"0088,1","MET005CAVOK","Q01+000000PRSWM2"
"07586499999","1990-02-24T06:30:00","4","44.1","6.0","-999.0","CHATEAU ARNOUX, FR","FM-15","LFMX ","V020","050,1,N,0031,1","99999,1,C,Y","009900,1,N,1","+0080,1","+0010,1","99999,9","2,999",,,,,"10318,1,99999,9",,"0108,1","MET005CAVOK","Q01+000000PRSWM2"
"07586499999","1990-02-24T09:00:00","4","44.1","6.0","-999.0","CHATEAU ARNOUX, FR","FM-15","LFMX ","V020","040,1,N,0051,1","99999,1,C,Y","009900,1,N,1","+0110,1","+0020,1","99999,9","2,000",,,,,"10318,1,99999,9",,,"MET005CAVOK","Q01+000000PRSWM2"
"07586499999","1990-02-24T11:50:00","4","44.1","6.0","-999.0","CHATEAU ARNOUX, FR","FM-15","LFMX ","V020","060,1,N,0021,1","99999,1,C,Y","009900,1,N,1","+0180,1","+0020,1","99999,9","2,000",,,,,"10301,1,99999,9",,,"MET005CAVOK","Q01+000000PRSWM2"
"07586499999","1990-02-24T15:00:00","4","44.1","6.0","-999.0","CHATEAU ARNOUX, FR","FM-15","LFMX ","V020","250,1,N,0041,1","99999,1,C,Y","009900,1,N,1","+0210,1","+0040,1","99999,9","2,000",,,,,"10281,1,99999,9",,,"MET005CAVOK","Q01+000000PRSWM2"
"07586499999","1990-02-25T05:00:00","4","44.1","6.0","-999.0","CHATEAU ARNOUX, FR","FM-15","LFMX ","V020","070,1,N,0010,1","99999,1,C,Y","009900,1,N,1","+0030,1","+0010,1","99999,9","2,999",,,,,"10251,1,99999,9",,,"MET005CAVOK","Q01+000000PRSWM2"
"07586499999","1990-02-25T09:00:00","4","44.1","6.0","-999.0","CHATEAU ARNOUX, FR","FM-15","LFMX ","V020","280,1,N,0010,1","22000,1,C,N","002000,1,N,1","+0050,1","+0050,1","99999,9","2,000","03,1,+00090,9,07,9",,,,"10261,1,99999,9","10,1",,,
"07586499999","1990-02-25T11:20:00","4","44.1","6.0","-999.0","CHATEAU ARNOUX, FR","FM-15","LFMX ","V020","250,1,N,0041,1","00390,1,C,N","005000,1,N,1","+0100,1","+0070,1","99999,9","2,999","02,1,+00150,9,08,9","04,1,+00390,9,05,9",,,"10251,1,99999,9",,,,"Q01+000000PRSWM2"
"07586499999","1990-02-25T15:00:00","4","44.1","6.0","-999.0","CHATEAU ARNOUX, FR","FM-15","LFMX ","V020","240,1,N,0031,1","00480,1,C,N","006000,1,N,1","+0100,1","+0070,1","99999,9","2,000","01,1,+00180,9,08,9","07,1,+00480,9,05,9",,,"10240,1,99999,9",,,,"Q01+000000PRSWM2"
"07586499999","1990-02-26T06:00:00","4","44.1","6.0","-999.0","CHATEAU ARNOUX, FR","FM-15","LFMX ","V020","160,1,N,0010,1","22000,1,C,N","005000,1,N,1","+0020,1","+0010,1","99999,9","2,000","01,1,+00180,9,07,9",,,,"10210,1,99999,9",,,,"Q01+000000PRSWM2"
"07586499999","1990-02-26T09:00:00","4","44.1","6.0","-999.0","CHATEAU ARNOUX, FR","FM-15","LFMX ","V020","140,1,N,0010,1","22000,1,C,N","004000,1,N,1","+0060,1","+0050,1","99999,9","2,000","04,1,+03000,9,03,9",,,,"10220,1,99999,9","10,1",,,
"07586499999","1990-02-26T12:00:00","4","44.1","6.0","-999.0","CHATEAU ARNOUX, FR","FM-15","LFMX ","V020","300,1,N,0010,1","00990,1,C,N","007000,1,N,1","+0110,1","+0070,1","99999,9","2,000","05,1,+00990,9,05,9","07,1,+03000,9,03,9",,,"10200,1,99999,9",,,,"Q01+000000PRSWM2"
"07586499999","1990-02-26T15:00:00","4","44.1","6.0","-999.0","CHATEAU ARNOUX, FR","FM-15","LFMX ","V020","999,1,C,0000,1","00990,1,C,N","005000,1,N,1","+0110,1","+0090,1","99999,9","2,007","07,1,+00990,9,05,9",,,,"10190,1,99999,9","61,1",,,
"07586499999","1990-02-27T05:00:00","4","44.1","6.0","-999.0","CHATEAU ARNOUX, FR","FM-15","LFMX ","V020","280,1,N,0021,1","00990,1,C,N","011200,1,N,1","+0060,1","+0050,1","99999,9","1,999","07,1,+00990,9,05,9",,,,"10169,1,99999,9",,,,"Q01+000000PRSWM2"
"07586499999","1990-02-27T07:20:00","4","44.1","6.0","-999.0","CHATEAU ARNOUX, FR","FM-15","LFMX ","V020","999,1,C,0000,1","00990,1,C,N","011200,1,N,1","+0050,1","+0050,1","99999,9","2,999","07,1,+00990,9,05,9",,,,"10159,1,99999,9",,,,"Q01+000000PRSWM2"
"07586499999","1990-02-27T09:00:00","4","44.1","6.0","-999.0","CHATEAU ARNOUX, FR","FM-15","LFMX ","V020","280,1,N,0021,1","01200,1,C,N","011200,1,N,1","+0070,1","+0060,1","99999,9","2,000","07,1,+01200,9,05,9",,,,"10149,1,99999,9",,,,"Q01+000000PRSWM2"
"07586499999","1990-02-27T11:50:00","4","44.1","6.0","-999.0","CHATEAU ARNOUX, FR","FM-15","LFMX ","V020","270,1,N,0088,1","01200,1,C,N","011200,1,N,1","+0130,1","+0080,1","99999,9","2,000","07,1,+01200,9,05,9",,,,"10108,1,99999,9",,,,"Q01+000000PRSWM2"
"07586499999","1990-02-27T15:00:00","4","44.1","6.0","-999.0","CHATEAU ARNOUX, FR","FM-15","LFMX ","V020","310,1,N,0082,1","01200,1,C,N","011200,1,N,1","+0170,1","+0070,1","99999,9","2,000","07,1,+01200,9,08,9",,,,"10071,1,99999,9",,"0180,1",,"Q01+000000PRSWM2"
"07586499999","1990-02-28T05:00:00","4","44.1","6.0","-999.0","CHATEAU ARNOUX, FR","FM-15","LFMX ","V020","010,1,N,0088,1","99999,1,C,Y","009900,1,N,1","+0090,1","-0010,1","99999,9","2,999",,,,,"10159,1,99999,9",,"0170,1","MET005CAVOK","Q01+000000PRSWM2"
"07586499999","1990-02-28T06:20:00","4","44.1","6.0","-999.0","CHATEAU ARNOUX, FR","FM-15","LFMX ","V020","030,1,N,0062,1","03000,1,C,N","011200,1,N,1","+0080,1","+0000,1","99999,9","2,000","03,1,+01500,9,05,9","05,1,+03000,9,03,9",,,"10169,1,99999,9",,"0160,1",,"Q01+000000PRSWM2"
"07586499999","1990-02-28T09:00:00","4","44.1","6.0","-999.0","CHATEAU ARNOUX, FR","FM-15","LFMX ","V020","030,1,N,0062,1","03000,1,C,N","011200,1,N,1","+0080,1","+0020,1","99999,9","2,000","04,1,+01200,9,05,9","05,1,+03000,9,04,9",,,"10180,1,99999,9",,"0129,1",,"Q01+000000PRSWM2"
"07586499999","1990-02-28T12:30:00","4","44.1","6.0","-999.0","CHATEAU ARNOUX, FR","FM-15","LFMX ","V020","050,1,N,0041,1","01800,1,C,N","011200,1,N,1","+0100,1","+0030,1","99999,9","2,999","06,1,+01800,9,05,9",,,,"10169,1,99999,9",,,,"Q01+000000PRSWM2"
"07586499999","1990-02-28T14:50:00","4","44.1","6.0","-999.0","CHATEAU ARNOUX, FR","FM-15","LFMX ","V020","050,1,N,0010,1","01800,1,C,N","011200,1,N,1","+0100,1","+0040,1","99999,9","2,000","06,1,+01800,9,05,9",,,,"10149,1,99999,9",,,,"Q01+000000PRSWM2"
"07586499999","1990-03-01T08:50:00","4","44.1","6.0","-999.0","CHATEAU ARNOUX, FR","FM-15","LFMX ","V020","280,1,N,0031,1","01200,1,C,N","011200,1,N,1","+0100,1","+0070,1","99999,9","2,000","04,1,+00780,9,08,9","07,1,+01200,9,05,9",,,"10108,1,99999,9",,,,"Q01+000000PRSWM2"
"07586499999","1990-03-01T12:30:00","4","44.1","6.0","-999.0","CHATEAU ARNOUX, FR","FM-15","LFMX ","V020","010,1,N,0072,1","01500,1,C,N","011200,1,N,1","+0130,1","+0040,1","99999,9","2,999","04,1,+01290,9,08,9","05,1,+01500,9,05,9",,,"10119,1,99999,9",,,,"Q01+000000PRSWM2"
"07586499999","1990-03-01T15:00:00","4","44.1","6.0","-999.0","CHATEAU ARNOUX, FR","FM-15","LFMX ","V020","360,1,N,0088,1","22000,1,C,N","011200,1,N,1","+0120,1","-0010,1","99999,9","2,000","02,1,+01500,9,08,9",,,,"10119,1,99999,9",,"0170,1",,"Q01+000000PRSWM2"
"07586499999","1990-03-02T04:50:00","4","44.1","6.0","-999.0","CHATEAU ARNOUX, FR","FM-15","LFMX ","V020","010,1,N,0082,1","99999,1,C,Y","009900,1,N,1","+0050,1","-0050,1","99999,9","2,999",,,,,"10169,1,99999,9",,"0170,1","MET005CAVOK","Q01+000000PRSWM2"
"07586499999","1990-03-02T06:00:00","4","44.1","6.0","-999.0","CHATEAU ARNOUX, FR","FM-15","LFMX ","V020","360,1,N,0062,1","22000,1,C,N","011200,1,N,1","+0040,1","-0060,1","99999,9","2,000","01,1,+00990,9,08,9",,,,"10180,1,99999,9",,"0160,1",,"Q01+000000PRSWM2"
"07586499999","1990-03-02T09:50:00","4","44.1","6.0","-999.0","CHATEAU ARNOUX, FR","FM-15","LFMX ","V020","020,1,N,0062,1","22000,1,C,N","011200,1,N,1","+0070,1","-0060,1","99999,9","2,999","01,1,+00990,9,08,9",,,,"10200,1,99999,9",,"0139,1",,"Q01+000000PRSWM2"
"07586499999","1990-03-02T12:00:00","4","44.1","6.0","-999.0","CHATEAU ARNOUX, FR","FM-15","LFMX ","V020","350,1,N,0082,1","22000,1,C,N","011200,1,N,1","+0080,1","-0060,1","99999,9","2,000","01,1,+01080,9,08,9",,,,"10220,1,99999,9",,"0160,1",,"Q01+000000PRSWM2"
"07586499999","1990-03-02T15:10:00","4","44.1","6.0","-999.0","CHATEAU ARNOUX, FR","FM-15","LFMX ","V020","360,1,N,0082,1","22000,1,C,N","011200,1,N,1","+0080,1","-0070,1","99999,9","2,000","01,1,+01080,9,08,9",,,,"10220,1,99999,9",,"0170,1",,"Q01+000000PRSWM2"
"07586499999","1990-03-03T06:00:00","4","44.1","6.0","-999.0","CHATEAU ARNOUX, FR","FM-15","LFMX ","V020","040,1,N,0051,1","99999,1,C,Y","009900,1,N,1","+0000,1","-0080,1","99999,9","2,000",,,,,"10329,1,99999,9",,"0139,1","MET005CAVOK","Q01+000000PRSWM2"
"07586499999","1990-03-03T10:00:00","4","44.1","6.0","-999.0","CHATEAU ARNOUX, FR","FM-15","LFMX ","V020","030,1,N,0062,1","99999,1,C,Y","009900,1,N,1","+0040,1","-0080,1","99999,9","2,999",,,,,"10349,1,99999,9",,"0139,1","MET005CAVOK","Q01+000000PRSWM2"
"07586499999","1990-03-03T12:00:00","4","44.1","6.0","-999.0","CHATEAU ARNOUX, FR","FM-15","LFMX ","V020","020,1,N,0051,1","99999,1,C,Y","009900,1,N,1","+0080,1","-0080,1","99999,9","2,000",,,,,"10349,1,99999,9",,"0139,1","MET005CAVOK","Q01+000000PRSWM2"
"07586499999","1990-03-03T15:00:00","4","44.1","6.0","-999.0","CHATEAU ARNOUX, FR","FM-15","LFMX ","V020","350,1,N,0062,1","22000,1,C,N","011200,1,N,1","+0100,1","-0130,1","99999,9","2,000","01,1,+01200,9,08,9",,,,"10349,1,99999,9",,"0118,1",,"Q01+000000PRSWM2"
"07586499999","1990-03-04T06:00:00","4","44.1","6.0","-999.0","CHATEAU ARNOUX, FR","FM-15","LFMX ","V020","130,1,N,0021,1","99999,1,C,Y","009900,1,N,1","+0000,1","-0070,1","99999,9","2,000",,,,,"10420,1,99999,9",,,"MET005CAVOK","Q01+000000PRSWM2"
"07586499999","1990-03-04T09:00:00","4","44.1","6.0","-999.0","CHATEAU ARNOUX, FR","FM-15","LFMX ","V020","060,1,N,0051,1","99999,1,C,Y","009900,1,N,1","+0030,1","-0060,1","99999,9","2,000",,,,,"10420,1,99999,9",,,"MET005CAVOK","Q01+000000PRSWM2"
"07586499999","1990-03-04T12:00:00","4","44.1","6.0","-999.0","CHATEAU ARNOUX, FR","FM-15","LFMX ","V020","050,1,N,0041,1","99999,1,C,Y","009900,1,N,1","+0100,1","-0100,1","99999,9","2,000",,,,,"10400,1,99999,9",,,"MET005CAVOK","Q01+000000PRSWM2"
"07586499999","1990-03-04T15:00:00","4","44.1","6.0","-999.0","CHATEAU ARNOUX, FR","FM-15","LFMX ","V020","999,1,C,0000,1","99999,1,C,Y","009900,1,N,1","+0120,1","-0110,1","99999,9","2,000",,,,,"10369,1,99999,9",,,"MET005CAVOK","Q01+000000PRSWM2"
"07586499999","1990-03-05T04:50:00","4","44.1","6.0","-999.0","CHATEAU ARNOUX, FR","FM-15","LFMX ","V020","130,1,N,0021,1","99999,1,C,Y","009900,1,N,1","-0010,1","-0070,1","99999,9","2,999",,,,,"10349,1,99999,9",,,"MET005CAVOK","Q01+000000PRSWM2"
"07586499999","1990-03-05T06:00:00","4","44.1","6.0","-999.0","CHATEAU ARNOUX, FR","FM-15","LFMX ","V020","140,1,N,0031,1","99999,1,C,Y","009900,1,N,1","-0010,1","-0070,1","99999,9","2,000",,,,,"10349,1,99999,9",,,"MET005CAVOK","Q01+000000PRSWM2"
"07586499999","1990-03-05T09:00:00","4","44.1","6.0","-999.0","CHATEAU ARNOUX, FR","FM-15","LFMX ","V020","140,1,N,0010,1","99999,1,C,Y","009900,1,N,1","+0060,1","-0050,1","99999,9","2,000",,,,,"10349,1,99999,9",,,"MET005CAVOK","Q01+000000PRSWM2"
"07586499999","1990-03-05T12:30:00","4","44.1","6.0","-999.0","CHATEAU ARNOUX, FR","FM-15","LFMX ","V020","020,1,N,0010,1","99999,1,C,Y","009900,1,N,1","+0140,1","-0090,1","99999,9","2,999",,,,,"10329,1,99999,9",,,"MET005CAVOK","Q01+000000PRSWM2"
"07586499999","1990-03-05T15:00:00","4","44.1","6.0","-999.0","CHATEAU ARNOUX, FR","FM-15","LFMX ","V020","250,1,N,0041,1","99999,1,C,Y","009900,1,N,1","+0160,1","-0070,1","99999,9","2,000",,,,,"10312,1,99999,9",,,"MET005CAVOK","Q01+000000PRSWM2"
"07586499999","1990-03-06T04:50:00","4","44.1","6.0","-999.0","CHATEAU ARNOUX, FR","FM-15","LFMX ","V020","120,1,N,0031,1","99999,1,C,Y","009900,1,N,1","+0010,1","-0050,1","99999,9","2,999",,,,,"10281,1,99999,9",,,"MET005CAVOK","Q01+000000PRSWM2"
"07586499999","1990-03-06T05:50:00","4","44.1","6.0","-999.0","CHATEAU ARNOUX, FR","FM-15","LFMX ","V020","140,1,N,0021,1","99999,1,C,Y","009900,1,N,1","+0010,1","-0050,1","99999,9","2,000",,,,,"10281,1,99999,9",,,"MET005CAVOK","Q01+000000PRSWM2"
"07586499999","1990-03-06T10:00:00","4","44.1","6.0","-999.0","CHATEAU ARNOUX, FR","FM-15","LFMX ","V020","030,1,N,0031,1","99999,1,C,Y","009900,1,N,1","+0070,1","-0040,1","99999,9","2,999",,,,,"10281,1,99999,9",,,"MET005CAVOK","Q01+000000PRSWM2"
"07586499999","1990-03-06T12:30:00","4","44.1","6.0","-999.0","CHATEAU ARNOUX, FR","FM-15","LFMX ","V020","240,1,N,0021,1","99999,1,C,Y","009900,1,N,1","+0150,1","-0040,1","99999,9","2,999",,,,,"10271,1,99999,9",,,"MET005CAVOK","Q01+000000PRSWM2"
"07586499999","1990-03-06T15:00:00","4","44.1","6.0","-999.0","CHATEAU ARNOUX, FR","FM-15","LFMX ","V020","240,1,N,0051,1","99999,1,C,Y","009900,1,N,1","+0170,1","-0010,1","99999,9","2,000",,,,,"10240,1,99999,9",,,"MET005CAVOK","Q01+000000PRSWM2"
"07586499999","1990-03-07T05:00:00","4","44.1","6.0","-999.0","CHATEAU ARNOUX, FR","FM-15","LFMX ","V020","060,1,N,0051,1","99999,1,C,Y","009900,1,N,1","+0080,1","-0070,1","99999,9","2,999",,,,,"10220,1,99999,9",,"0118,1","MET005CAVOK","Q01+000000PRSWM2"
"07586499999","1990-03-07T06:00:00","4","44.1","6.0","-999.0","CHATEAU ARNOUX, FR","FM-15","LFMX ","V020","060,1,N,0041,1","99999,1,C,Y","009900,1,N,1","+0080,1","-0070,1","99999,9","2,000",,,,,"10230,1,99999,9",,"0108,1","MET005CAVOK","Q01+000000PRSWM2"
"07586499999","1990-03-07T08:20:00","4","44.1","6.0","-999.0","CHATEAU ARNOUX, FR","FM-15","LFMX ","V020","250,1,N,0021,1","99999,1,C,Y","009900,1,N,1","+0090,1","-0020,1","99999,9","1,999",,,,,"10251,1,99999,9",,"0098,1","MET005CAVOK","Q01+000000PRSWM2"
"07586499999","1990-03-07T12:30:00","4","44.1","6.0","-999.0","CHATEAU ARNOUX, FR","FM-15","LFMX ","V020","250,1,N,0031,1","99999,1,C,Y","009900,1,N,1","+0170,1","-0040,1","99999,9","2,999",,,,,"10240,1,99999,9",,,"MET005CAVOK","Q01+000000PRSWM2"
"07586499999","1990-03-08T06:00:00","4","44.1","6.0","-999.0","CHATEAU ARNOUX, FR","FM-15","LFMX ","V020","100,1,N,0021,1","07800,1,C,N","004000,1,N,1","+0030,1","+0020,1","99999,9","2,000","02,1,+00180,9,07,9","06,1,+07800,9,00,9",,,"10281,1,99999,9","10,1",,,
"07586499999","1990-03-08T12:00:00","4","44.1","6.0","-999.0","CHATEAU ARNOUX, FR","FM-15","LFMX ","V020","260,1,N,0031,1","99999,1,C,Y","009900,1,N,1","+0150,1","+0040,1","99999,9","2,000",,,,,"10281,1,99999,9",,,"MET005CAVOK","Q01+000000PRSWM2"
"07586499999","1990-03-08T15:00:00","4","44.1","6.0","-999.0","CHATEAU ARNOUX, FR","FM-15","LFMX ","V020","270,1,N,0041,1","99999,1,C,Y","009900,1,N,1","+0170,1","+0020,1","99999,9","2,000",,,,,"10271,1,99999,9",,,"MET005CAVOK","Q01+000000PRSWM2"
"07586499999","1990-03-09T04:50:00","4","44.1","6.0","-999.0","CHATEAU ARNOUX, FR","FM-15","LFMX ","V020","999,1,C,0000,1","00780,1,C,N","008000,1,N,1","+0070,1","+0060,1","99999,9","2,999","08,1,+00780,9,05,9",,,,"10261,1,99999,9","61,1",,,
"07586499999","1990-03-09T06:50:00","4","44.1","6.0","-999.0","CHATEAU ARNOUX, FR","FM-15","LFMX ","V020","999,1,C,0000,1","00780,1,C,N","011200,1,N,1","+0070,1","+0060,1","99999,9","2,999","01,1,+00300,9,07,9","08,1,+00780,9,05,9",,,"10261,1,99999,9","60,1",,,
"07586499999","1990-03-09T09:50:00","4","44.1","6.0","-999.0","CHATEAU ARNOUX, FR","FM-15","LFMX ","V020","050,1,N,0031,1","22000,1,C,N","011200,1,N,1","+0080,1","+0060,1","99999,9","2,999","01,1,+00300,9,07,9",,,,"10271,1,99999,9",,"0098,1",,"Q01+000000PRSWM2"
"07586499999","1990-03-09T12:00:00","4","44.1","6.0","-999.0","CHATEAU ARNOUX, FR","FM-15","LFMX ","V020","010,1,N,0051,1","22000,1,C,N","011200,1,N,1","+0130,1","+0070,1","99999,9","2,000","03,1,+00900,9,08,9",,,,"10271,1,99999,9",,,,"Q01+000000PRSWM2"
"07586499999","1990-03-09T15:00:00","4","44.1","6.0","-999.0","CHATEAU ARNOUX, FR","FM-15","LFMX ","V020","010,1,N,0051,1","22000,1,C,N","011200,1,N,1","+0160,1","+0050,1","99999,9","2,000","01,1,+00780,9,08,9",,,,"10261,1,99999,9",,"0139,1",,"Q01+000000PRSWM2"
"07586499999","1990-03-10T08:00:00","4","44.1","6.0","-999.0","CHATEAU ARNOUX, FR","FM-15","LFMX ","V020","020,1,N,0062,1","99999,1,C,Y","009900,1,N,1","+0100,1","+0000,1","99999,9","2,999",,,,,"10318,1,99999,9",,,"MET005CAVOK","Q01+000000PRSWM2"
"07586499999","1990-03-10T09:50:00","4","44.1","6.0","-999.0","CHATEAU ARNOUX, FR","FM-15","LFMX ","V020","020,1,N,0098,1","99999,1,C,Y","009900,1,N,1","+0110,1","+0020,1","99999,9","2,999",,,,,"10329,1,99999,9",,"0170,1","MET005CAVOK","Q01+000000PRSWM2"
"07586499999","1990-03-10T10:20:00","4","44.1","6.0","-999.0","CHATEAU ARNOUX, FR","FM-15","LFMX ","V020","020,1,N,0098,1","99999,1,C,Y","009900,1,N,1","+0110,1","+0020,1","99999,9","2,999",,,,,"10329,1,99999,9",,"0170,1","MET005CAVOK","Q01+000000PRSWM2"
"07586499999","1990-03-10T12:00:00","4","44.1","6.0","-999.0","CHATEAU ARNOUX, FR","FM-15","LFMX ","V020","030,1,N,0062,1","99999,1,C,Y","009900,1,N,1","+0170,1","+0030,1","99999,9","2,000",,,,,"10318,1,99999,9",,"0139,1","MET005CAVOK","Q01+000000PRSWM2"
"07586499999","1990-03-10T15:00:00","4","44.1","6.0","-999.0","CHATEAU ARNOUX, FR","FM-15","LFMX ","V020","010,1,N,0082,1","99999,1,C,Y","009900,1,N,1","+0190,1","+0030,1","99999,9","2,000",,,,,"10301,1,99999,9",,"0160,1","MET005CAVOK","Q01+000000PRSWM2"
"07586499999","1990-03-11T06:00:00","4","44.1","6.0","-999.0","CHATEAU ARNOUX, FR","FM-15","LFMX ","V020","080,1,N,0031,1","99999,1,C,Y","009900,1,N,1","+0090,1","+0030,1","99999,9","2,000",,,,,"10318,1,99999,9",,,"MET005CAVOK","Q01+000000PRSWM2"
"07586499999","1990-03-11T09:00:00","4","44.1","6.0","-999.0","CHATEAU ARNOUX, FR","FM-15","LFMX ","V020","060,1,N,0031,1","99999,1,C,Y","009900,1,N,1","+0130,1","+0040,1","99999,9","2,000",,,,,"10318,1,99999,9",,,"MET005CAVOK","Q01+000000PRSWM2"
"07586499999","1990-03-11T12:00:00","4","44.1","6.0","-999.0","CHATEAU ARNOUX, FR","FM-15","LFMX ","V020","240,1,N,0021,1","99999,1,C,Y","009900,1,N,1","+0210,1","+0020,1","99999,9","2,000",,,,,"10312,1,99999,9",,,"MET005CAVOK","Q01+000000PRSWM2"
"07586499999","1990-03-11T15:30:00","4","44.1","6.0","-999.0","CHATEAU ARNOUX, FR","FM-15","LFMX ","V020","230,1,N,0041,1","99999,1,C,Y","009900,1,N,1","+0210,1","+0060,1","99999,9","2,999",,,,,"10291,1,99999,9",,,"MET005CAVOK","Q01+000000PRSWM2"
"07586499999","1990-03-12T11:50:00","4","44.1","6.0","-999.0","CHATEAU ARNOUX, FR","FM-15","LFMX ","V020","260,1,N,0051,1","99999,1,C,Y","009900,1,N,1","+0110,1","+0080,1","99999,9","2,000",,,,,"10240,1,99999,9",,"0108,1","MET005CAVOK","Q01+000000PRSWM2"
"07586499999","1990-03-12T15:30:00","4","44.1","6.0","-999.0","CHATEAU ARNOUX, FR","FM-15","LFMX ","V020","250,1,N,0062,1","06900,1,C,N","008000,1,N,1","+0120,1","+0090,1","99999,9","2,999","02,1,+03000,9,03,9","08,1,+06900,9,00,9",,,"10220,1,99999,9",,,,"Q01+000000PRSWM2"
"07586499999","1990-03-13T06:12:00","4","44.1","6.0","-999.0","CHATEAU ARNOUX, FR","FM-15","LFMX ","V020","140,1,N,0021,1","22000,1,C,N","005000,1,N,1","+0060,1","+0050,1","99999,9","2,000","01,1,+09000,9,00,9",,,,"10220,1,99999,9",,,,"Q01+000000PRSWM2"
"07586499999","1990-03-13T09:00:00","4","44.1","6.0","-999.0","CHATEAU ARNOUX, FR","FM-15","LFMX ","V020","360,1,N,0010,1","99999,1,C,Y","009900,1,N,1","+0140,1","+0070,1","99999,9","2,000",,,,,"10230,1,99999,9",,,"MET005CAVOK","Q01+000000PRSWM2"
"07586499999","1990-03-13T12:20:00","4","44.1","6.0","-999.0","CHATEAU ARNOUX, FR","FM-15","LFMX ","V020","260,1,N,0031,1","22000,1,C,N","011200,1,N,1","+0170,1","+0100,1","99999,9","2,000","01,1,+01380,9,08,9",,,,"10230,1,99999,9",,,,"Q01+000000PRSWM2"
"07586499999","1990-03-13T15:00:00","4","44.1","6.0","-999.0","CHATEAU ARNOUX, FR","FM-15","LFMX ","V020","240,1,N,0051,1","22000,1,C,N","011200,1,N,1","+0190,1","+0090,1","99999,9","2,000","01,1,+01500,9,08,9",,,,"10220,1,99999,9",,,,"Q01+000000PRSWM2"
"07586499999","1990-03-14T06:00:00","4","44.1","6.0","-999.0","CHATEAU ARNOUX, FR","FM-15","LFMX ","V020","140,1,N,0021,1","99999,1,C,Y","009900,1,N,1","+0080,1","+0060,1","99999,9","2,000",,,,,"10251,1,99999,9",,,"MET005CAVOK","Q01+000000PRSWM2"
"07586499999","1990-03-14T09:00:00","4","44.1","6.0","-999.0","CHATEAU ARNOUX, FR","FM-15","LFMX ","V020","050,1,N,0062,1","99999,1,C,Y","009900,1,N,1","+0140,1","+0080,1","99999,9","2,000",,,,,"10261,1,99999,9",,,"MET005CAVOK","Q01+000000PRSWM2"
"07586499999","1990-03-14T12:00:00","4","44.1","6.0","-999.0","CHATEAU ARNOUX, FR","FM-15","LFMX ","V020","060,1,N,0021,1","22000,1,C,N","011200,1,N,1","+0200,1","+0080,1","99999,9","2,000","01,1,+01500,9,08,9","04,1,+03900,9,03,9",,,"10251,1,99999,9",,,,"Q01+000000PRSWM2"
"07586499999","1990-03-14T15:50:00","4","44.1","6.0","-999.0","CHATEAU ARNOUX, FR","FM-15","LFMX ","V020","350,1,N,0051,1","01500,1,C,N","011200,1,N,1","+0160,1","+0110,1","99999,9","2,999","01,1,+01500,9,09,9","05,1,+01500,9,08,9","03,1,+03300,9,03,9",,"10240,1,99999,9","95,1",,,
"07586499999","1990-03-15T05:00:00","4","44.1","6.0","-999.0","CHATEAU ARNOUX, FR","FM-15","LFMX ","V020","090,1,N,0041,1","07800,1,C,N","006000,1,N,1","+0100,1","+0070,1","99999,9","2,999","01,1,+03000,9,03,9","05,1,+07800,9,00,9",,,"10291,1,99999,9",,"0129,1",,"Q01+000000PRSWM2"
"07586499999","1990-03-15T06:00:00","4","44.1","6.0","-999.0","CHATEAU ARNOUX, FR","FM-15","LFMX ","V020","100,1,N,0031,1","22000,1,C,N","008000,1,N,1","+0100,1","+0070,1","99999,9","2,000","04,1,+03000,9,03,9",,,,"10291,1,99999,9",,"0098,1",,"Q01+000000PRSWM2"
"07586499999","1990-03-15T07:50:00","4","44.1","6.0","-999.0","CHATEAU ARNOUX, FR","FM-15","LFMX ","V020","060,1,N,0041,1","07800,1,C,N","011200,1,N,1","+0120,1","+0080,1","99999,9","2,999","02,1,+01200,9,08,9","05,1,+07800,9,00,9",,,"10301,1,99999,9",,"0118,1",,"Q01+000000PRSWM2"
"07586499999","1990-03-15T12:00:00","4","44.1","6.0","-999.0","CHATEAU ARNOUX, FR","FM-15","LFMX ","V020","050,1,N,0031,1","22000,1,C,N","011200,1,N,1","+0180,1","+0090,1","99999,9","2,000","03,1,+01500,9,08,9",,,,"10301,1,99999,9",,,,"Q01+000000PRSWM2"
"07586499999","1990-03-16T06:49:00","4","44.1","6.0","-999.0","CHATEAU ARNOUX, FR","FM-15","LFMX ","V020","150,1,N,0021,1","99999,1,C,Y","009900,1,N,1","+0040,1","+0020,1","99999,9","2,999",,,,,"10339,1,99999,9",,,"MET005CAVOK","Q01+000000PRSWM2"
"07586499999","1990-03-16T10:50:00","4","44.1","6.0","-999.0","CHATEAU ARNOUX, FR","FM-15","LFMX ","V020","040,1,N,0021,1","99999,1,C,Y","009900,1,N,1","+0120,1","+0030,1","99999,9","2,999",,,,,"10339,1,99999,9",,,"MET005CAVOK","Q01+000000PRSWM2"
"07586499999","1990-03-16T13:20:00","4","44.1","6.0","-999.0","CHATEAU ARNOUX, FR","FM-15","LFMX ","V020","240,1,N,0010,1","22000,1,C,N","011200,1,N,1","+0200,1","+0040,1","99999,9","2,999","01,1,+01500,9,08,9",,,,"10329,1,99999,9",,,,"Q01+000000PRSWM2"
"07586499999","1990-03-16T14:00:00","4","44.1","6.0","-999.0","CHATEAU ARNOUX, FR","FM-15","LFMX ","V020","230,1,N,0041,1","22000,1,C,N","011200,1,N,1","+0210,1","+0010,1","99999,9","2,999","01,1,+01500,9,08,9",,,,"10312,1,99999,9",,,,"Q01+000000PRSWM2"
"07586499999","1990-03-17T04:00:00","4","44.1","6.0","-999.0","CHATEAU ARNOUX, FR","FM-15","LFMX ","V020","060,1,N,0021,1","22000,1,C,N","005000,1,N,1","+0030,1","+0020,1","99999,9","1,999",,,,,"10329,1,99999,9",,,,"Q01+000000PRSWM2"
"07586499999","1990-03-17T06:00:00","4","44.1","6.0","-999.0","CHATEAU ARNOUX, FR","FM-15","LFMX ","V020","140,1,N,0010,1","22000,1,C,N","008000,1,N,1","+0030,1","+0020,1","99999,9","2,000","03,1,+07800,9,00,9",,,,"10339,1,99999,9",,,,"Q01+000000PRSWM2"
"07586499999","1990-03-17T09:20:00","4","44.1","6.0","-999.0","CHATEAU ARNOUX, FR","FM-15","LFMX ","V020","090,1,N,0010,1","99999,1,C,Y","009900,1,N,1","+0080,1","+0050,1","99999,9","2,000",,,,,"10349,1,99999,9",,,"MET005CAVOK","Q01+000000PRSWM2"
"07586499999","1990-03-17T12:20:00","4","44.1","6.0","-999.0","CHATEAU ARNOUX, FR","FM-15","LFMX ","V020","260,1,N,0031,1","99999,1,C,Y","009900,1,N,1","+0140,1","+0060,1","99999,9","2,000",,,,,"10339,1,99999,9",,,"MET005CAVOK","Q01+000000PRSWM2"
"07586499999","1990-03-17T15:00:00","4","44.1","6.0","-999.0","CHATEAU ARNOUX, FR","FM-15","LFMX ","V020","230,1,N,0062,1","07800,1,C,N","007000,1,N,1","+0140,1","+0060,1","99999,9","2,000","03,1,+01500,9,08,9","06,1,+07800,9,00,9",,,"10329,1,99999,9",,,,"Q01+000000PRSWM2"
"07586499999","1990-03-18T06:00:00","4","44.1","6.0","-999.0","CHATEAU ARNOUX, FR","FM-15","LFMX ","V020","999,1,C,0000,1","22000,1,C,N","002500,1,N,1","+0040,1","+0040,1","99999,9","2,000","01,1,+00090,9,07,9",,,,"10359,1,99999,9","10,1",,,
"07586499999","1990-03-18T09:00:00","4","44.1","6.0","-999.0","CHATEAU ARNOUX, FR","FM-15","LFMX ","V020","999,1,C,0000,1","07800,1,C,N","002000,1,N,1","+0070,1","+0060,1","99999,9","2,000","02,1,+00090,9,07,9","04,1,+07800,9,00,9",,,"10369,1,99999,9","10,1",,,
"07586499999","1990-03-18T12:00:00","4","44.1","6.0","-999.0","CHATEAU ARNOUX, FR","FM-15","LFMX ","V020","999,1,C,0000,1","03000,1,C,N","008000,1,N,1","+0120,1","+0060,1","99999,9","2,000","02,1,+00990,9,05,9","07,1,+03000,9,04,9",,,"10359,1,99999,9",,,,"Q01+000000PRSWM2"
"07586499999","1990-03-18T14:50:00","4","44.1","6.0","-999.0","CHATEAU ARNOUX, FR","FM-15","LFMX ","V020","140,1,N,0010,1","03000,1,C,N","011200,1,N,1","+0120,1","+0040,1","99999,9","2,000","03,1,+01200,9,08,9","03,1,+03000,9,03,9",,,"10349,1,99999,9",,,,"Q01+000000PRSWM2"
"07586499999","1990-03-19T06:00:00","4","44.1","6.0","-999.0","CHATEAU ARNOUX, FR","FM-15","LFMX ","V020","060,1,N,0010,1","99999,1,C,Y","009900,1,N,1","+0010,1","+0010,1","99999,9","2,000",,,,,"10369,1,99999,9",,,"MET005CAVOK","Q01+000000PRSWM2"
"07586499999","1990-03-19T09:00:00","4","44.1","6.0","-999.0","CHATEAU ARNOUX, FR","FM-15","LFMX ","V020","100,1,N,0010,1","22000,1,C,N","011200,1,N,1","+0080,1","+0040,1","99999,9","2,000","01,1,+01800,9,08,9",,,,"10369,1,99999,9",,,,"Q01+000000PRSWM2"
"07586499999","1990-03-19T12:51:00","4","44.1","6.0","-999.0","CHATEAU ARNOUX, FR","FM-15","LFMX ","V020","310,1,N,0010,1","99999,1,C,Y","009900,1,N,1","+0160,1","+0030,1","99999,9","2,999",,,,,"10349,1,99999,9",,,"MET005CAVOK","Q01+000000PRSWM2"
"07586499999","1990-03-19T14:50:00","4","44.1","6.0","-999.0","CHATEAU ARNOUX, FR","FM-15","LFMX ","V020","220,1,N,0031,1","99999,1,C,Y","009900,1,N,1","+0170,1","+0030,1","99999,9","2,000",,,,,"10329,1,99999,9",,,"MET005CAVOK","Q01+000000PRSWM2"
"07586499999","1990-03-20T05:00:00","4","44.1","6.0","-999.0","CHATEAU ARNOUX, FR","FM-15","LFMX ","V020","050,1,N,0031,1","99999,1,C,Y","009900,1,N,1","+0060,1","+0020,1","99999,9","2,999",,,,,"10329,1,99999,9",,,"MET005CAVOK","Q01+000000PRSWM2"
"07586499999","1990-03-20T06:00:00","4","44.1","6.0","-999.0","CHATEAU ARNOUX, FR","FM-15","LFMX ","V020","060,1,N,0031,1","99999,1,C,Y","009900,1,N,1","+0060,1","+0010,1","99999,9","2,000",,,,,"10329,1,99999,9",,,"MET005CAVOK","Q01+000000PRSWM2"
"07586499999","1990-03-20T08:50:00","4","44.1","6.0","-999.0","CHATEAU ARNOUX, FR","FM-15","LFMX ","V020","070,1,N,0031,1","99999,1,C,Y","009900,1,N,1","+0080,1","+0010,1","99999,9","2,000",,,,,"10329,1,99999,9",,,"MET005CAVOK","Q01+000000PRSWM2"
"07586499999","1990-03-20T12:30:00","4","44.1","6.0","-999.0","CHATEAU ARNOUX, FR","FM-15","LFMX ","V020","060,1,N,0041,1","99999,1,C,Y","009900,1,N,1","+0150,1","+0020,1","99999,9","2,999",,,,,"10301,1,99999,9",,,"MET005CAVOK","Q01+000000PRSWM2"
"07586499999","1990-03-20T15:00:00","4","44.1","6.0","-999.0","CHATEAU ARNOUX, FR","FM-15","LFMX ","V020","250,1,N,0051,1","99999,1,C,Y","009900,1,N,1","+0180,1","+0060,1","99999,9","2,000",,,,,"10281,1,99999,9",,,"MET005CAVOK","Q01+000000PRSWM2"
"07586499999","1990-03-21T06:00:00","4","44.1","6.0","-999.0","CHATEAU ARNOUX, FR","FM-15","LFMX ","V020","999,1,C,0000,1","22000,1,C,N","011200,1,N,1","+0100,1","+0050,1","99999,9","2,000","04,1,+01380,9,05,9",,,,"10271,1,99999,9",,,,"Q01+000000PRSWM2"
"07586499999","1990-03-21T09:30:00","4","44.1","6.0","-999.0","CHATEAU ARNOUX, FR","FM-15","LFMX ","V020","120,1,N,0010,1","99999,1,C,Y","009900,1,N,1","+0170,1","+0060,1","99999,9","2,999",,,,,"10271,1,99999,9",,,"MET005CAVOK","Q01+000000PRSWM2"
"07586499999","1990-03-21T12:20:00","4","44.1","6.0","-999.0","CHATEAU ARNOUX, FR","FM-15","LFMX ","V020","330,1,N,0041,1","99999,1,C,Y","009900,1,N,1","+0240,1","+0040,1","99999,9","2,000",,,,,"10261,1,99999,9",,,"MET005CAVOK","Q01+000000PRSWM2"
"07586499999","1990-03-21T14:00:00","4","44.1","6.0","-999.0","CHATEAU ARNOUX, FR","FM-15","LFMX ","V020","250,1,N,0062,1","22000,1,C,N","008000,1,N,1","+0240,1","+0080,1","99999,9","2,999","03,1,+09000,9,00,9",,,,"10240,1,99999,9",,,,"Q01+000000PRSWM2"
"07586499999","1990-03-22T04:50:00","4","44.1","6.0","-999.0","CHATEAU ARNOUX, FR","FM-15","LFMX ","V020","130,1,N,0021,1","22000,1,C,N","008000,1,N,1","+0090,1","+0060,1","99999,9","2,999",,,,,"10240,1,99999,9",,,,"Q01+000000PRSWM2"
"07586499999","1990-03-22T06:00:00","4","44.1","6.0","-999.0","CHATEAU ARNOUX, FR","FM-15","LFMX ","V020","090,1,N,0031,1","22000,1,C,N","008000,1,N,1","+0110,1","+0050,1","99999,9","2,000","01,1,+07800,9,00,9",,,,"10240,1,99999,9",,,,"Q01+000000PRSWM2"
"07586499999","1990-03-22T07:20:00","4","44.1","6.0","-999.0","CHATEAU ARNOUX, FR","FM-15","LFMX ","V020","090,1,N,0031,1","22000,1,C,N","008000,1,N,1","+0110,1","+0050,1","99999,9","2,999","01,1,+07800,9,00,9",,,,"10240,1,99999,9",,,,"Q01+000000PRSWM2"
"07586499999","1990-03-22T09:00:00","4","44.1","6.0","-999.0","CHATEAU ARNOUX, FR","FM-15","LFMX ","V020","030,1,N,0051,1","99999,1,C,Y","009900,1,N,1","+0160,1","+0050,1","99999,9","2,000",,,,,"10251,1,99999,9",,,"MET005CAVOK","Q01+000000PRSWM2"
"07586499999","1990-03-22T15:20:00","4","44.1","6.0","-999.0","CHATEAU ARNOUX, FR","FM-15","LFMX ","V020","250,1,N,0062,1","22000,1,C,N","011200,1,N,1","+0240,1","+0100,1","99999,9","2,000","01,1,+01200,9,08,9",,,,"10200,1,99999,9",,,,"Q01+000000PRSWM2"
"07586499999","1990-03-23T07:21:00","4","44.1","6.0","-999.0","CHATEAU ARNOUX, FR","FM-15","LFMX ","V020","110,1,N,0021,1","99999,1,C,Y","009900,1,N,1","+0150,1","+0070,1","99999,9","2,999",,,,,"10210,1,99999,9",,,"MET005CAVOK","Q01+000000PRSWM2"
"07586499999","1990-03-23T08:50:00","4","44.1","6.0","-999.0","CHATEAU ARNOUX, FR","FM-15","LFMX ","V020","360,1,N,0041,1","99999,1,C,Y","009900,1,N,1","+0180,1","+0080,1","99999,9","2,000",,,,,"10210,1,99999,9",,,"MET005CAVOK","Q01+000000PRSWM2"
"07586499999","1990-03-23T12:00:00","4","44.1","6.0","-999.0","CHATEAU ARNOUX, FR","FM-15","LFMX ","V020","240,1,N,0051,1","07800,1,C,N","011200,1,N,1","+0190,1","+0100,1","99999,9","2,000","02,1,+01500,9,08,9","07,1,+07800,9,00,9",,,"10190,1,99999,9",,,,"Q01+000000PRSWM2"
"07586499999","1990-03-23T14:50:00","4","44.1","6.0","-999.0","CHATEAU ARNOUX, FR","FM-15","LFMX ","V020","020,1,N,0041,1","07800,1,C,N","011200,1,N,1","+0190,1","+0080,1","99999,9","2,000","02,1,+01500,9,08,9","07,1,+07800,9,00,9",,,"10180,1,99999,9",,,,"Q01+000000PRSWM2"
"07586499999","1990-03-24T05:00:00","4","44.1","6.0","-999.0","CHATEAU ARNOUX, FR","FM-15","LFMX ","V020","999,1,C,0000,1","99999,1,C,Y","009900,1,N,1","+0050,1","+0050,1","99999,9","2,999",,,,,"10200,1,99999,9",,,"MET005CAVOK","Q01+000000PRSWM2"
"07586499999","1990-03-24T06:00:00","4","44.1","6.0","-999.0","CHATEAU ARNOUX, FR","FM-15","LFMX ","V020","110,1,N,0010,1","99999,1,C,Y","009900,1,N,1","+0050,1","+0050,1","99999,9","2,000",,,,,"10210,1,99999,9",,,"MET005CAVOK","Q01+000000PRSWM2"
"07586499999","1990-03-24T09:00:00","4","44.1","6.0","-999.0","CHATEAU ARNOUX, FR","FM-15","LFMX ","V020","180,1,N,0010,1","03000,1,C,N","011200,1,N,1","+0100,1","+0070,1","99999,9","2,003","01,1,+00990,9,08,9","07,1,+03000,9,03,9",,,"10220,1,99999,9","60,1",,,
"07586499999","1990-03-24T12:00:00","4","44.1","6.0","-999.0","CHATEAU ARNOUX, FR","FM-15","LFMX ","V020","999,1,C,0000,1","03000,1,C,N","011200,1,N,1","+0140,1","+0080,1","99999,9","2,000","02,1,+00990,9,08,9","07,1,+03000,9,03,9",,,"10210,1,99999,9",,,,"Q01+000000PRSWM2"
"07586499999","1990-03-24T15:00:00","4","44.1","6.0","-999.0","CHATEAU ARNOUX, FR","FM-15","LFMX ","V020","170,1,N,0010,1","03000,1,C,N","011200,1,N,1","+0140,1","+0090,1","99999,9","2,003","01,1,+00990,9,08,9","07,1,+03000,9,03,9",,,"10200,1,99999,9","60,1",,,
"07586499999","1990-03-25T06:00:00","4","44.1","6.0","-999.0","CHATEAU ARNOUX, FR","FM-15","LFMX ","V020","040,1,N,0031,1","99999,1,C,Y","009900,1,N,1","+0100,1","+0030,1","99999,9","2,000",,,,,"10190,1,99999,9",,,"MET005CAVOK","Q01+000000PRSWM2"
"07586499999","1990-03-25T12:00:00","4","44.1","6.0","-999.0","CHATEAU ARNOUX, FR","FM-15","LFMX ","V020","020,1,N,0072,1","22000,1,C,N","011200,1,N,1","+0140,1","+0000,1","99999,9","2,000","01,1,+01200,9,08,9",,,,"10159,1,99999,9",,"0170,1",,"Q01+000000PRSWM2"
"07586499999","1990-03-25T14:50:00","4","44.1","6.0","-999.0","CHATEAU ARNOUX, FR","FM-15","LFMX ","V020","010,1,N,0082,1","22000,1,C,N","011200,1,N,1","+0110,1","-0020,1","99999,9","2,000","01,1,+00990,9,08,9",,,,"10149,1,99999,9",,"0170,1",,"Q01+000000PRSWM2"
"07586499999","1990-03-26T05:50:00","4","44.1","6.0","-999.0","CHATEAU ARNOUX, FR","FM-15","LFMX ","V020","010,1,N,0088,1","99999,1,C,Y","009900,1,N,1","+0050,1","-0050,1","99999,9","2,000",,,,,"10102,1,99999,9",,"0180,1","MET005CAVOK","Q01+000000PRSWM2"
"07586499999","1990-03-26T09:00:00","4","44.1","6.0","-999.0","CHATEAU ARNOUX, FR","FM-15","LFMX ","V020","010,1,N,0088,1","03000,1,C,N","011200,1,N,1","+0080,1","-0030,1","99999,9","2,000","01,1,+01200,9,08,9","05,1,+03000,9,03,9",,,"10102,1,99999,9",,"0180,1",,"Q01+000000PRSWM2"
"07586499999","1990-03-26T12:30:00","4","44.1","6.0","-999.0","CHATEAU ARNOUX, FR","FM-15","LFMX ","V020","010,1,N,0088,1","22000,1,C,N","011200,1,N,1","+0100,1","-0040,1","99999,9","2,999","01,1,+01500,9,08,9","03,1,+03000,9,03,9",,,"10102,1,99999,9",,"0180,1",,"Q01+000000PRSWM2"
"07586499999","1990-03-26T15:00:00","4","44.1","6.0","-999.0","CHATEAU ARNOUX, FR","FM-15","LFMX ","V020","010,1,N,0082,1","09000,1,C,N","011200,1,N,1","+0090,1","-0040,1","99999,9","2,000","01,1,+01500,9,08,9","06,1,+09000,9,00,9",,,"10091,1,99999,9",,"0149,1",,"Q01+000000PRSWM2"
"07586499999","1990-03-27T04:00:00","4","44.1","6.0","-999.0","CHATEAU ARNOUX, FR","FM-15","LFMX ","V020","040,1,N,0062,1","99999,1,C,Y","009900,1,N,1","+0030,1","-0040,1","99999,9","2,999",,,,,"10108,1,99999,9",,"0129,1","MET005CAVOK","Q01+000000PRSWM2"
"07586499999","1990-03-27T06:30:00","4","44.1","6.0","-999.0","CHATEAU ARNOUX, FR","FM-15","LFMX ","V020","030,1,N,0072,1","99999,1,C,Y","009900,1,N,1","+0020,1","-0040,1","99999,9","2,999",,,,,"10108,1,99999,9",,"0139,1","MET005CAVOK","Q01+000000PRSWM2"
"07586499999","1990-03-27T12:00:00","4","44.1","6.0","-999.0","CHATEAU ARNOUX, FR","FM-15","LFMX ","V020","350,1,N,0031,1","22000,1,C,N","011200,1,N,1","+0110,1","-0050,1","99999,9","2,000","01,1,+01200,9,08,9",,,,"10091,1,99999,9",,,,"Q01+000000PRSWM2"
"07586499999","1990-03-27T15:00:00","4","44.1","6.0","-999.0","CHATEAU ARNOUX, FR","FM-15","LFMX ","V020","020,1,N,0108,1","22000,1,C,N","011200,1,N,1","+0110,1","-0040,1","99999,9","2,000","01,1,+01200,9,08,9",,,,"10071,1,99999,9",,,,"Q01+000000PRSWM2"
"07586499999","1990-03-28T06:20:00","4","44.1","6.0","-999.0","CHATEAU ARNOUX, FR","FM-15","LFMX ","V020","030,1,N,0072,1","22000,1,C,N","011200,1,N,1","+0050,1","-0020,1","99999,9","2,000","01,1,+01380,9,05,9",,,,"10091,1,99999,9",,,"MET006NOSIG?","Q01+000000PRSWM2"
"07586499999","1990-03-28T09:00:00","4","44.1","6.0","-999.0","CHATEAU ARNOUX, FR","FM-15","LFMX ","V020","020,1,N,0082,1","22000,1,C,N","011200,1,N,1","+0090,1","-0010,1","99999,9","2,000","01,1,+01380,9,08,9",,,,"10108,1,99999,9",,,,"Q01+000000PRSWM2"
"07586499999","1990-03-28T12:00:00","4","44.1","6.0","-999.0","CHATEAU ARNOUX, FR","FM-15","LFMX ","V020","360,1,N,0082,1","22000,1,C,N","011200,1,N,1","+0120,1","-0020,1","99999,9","2,000","01,1,+01380,9,08,9",,,,"10102,1,99999,9",,,,"Q01+000000PRSWM2"
"07586499999","1990-03-28T15:00:00","4","44.1","6.0","-999.0","CHATEAU ARNOUX, FR","FM-15","LFMX ","V020","020,1,N,0088,1","22000,1,C,N","011200,1,N,1","+0120,1","-0020,1","99999,9","2,000","02,1,+01500,9,09,9","01,1,+01500,9,08,9",,,"10102,1,99999,9",,"0160,1",,"Q01+000000PRSWM2"
"07586499999","1990-03-29T06:50:00","4","44.1","6.0","-999.0","CHATEAU ARNOUX, FR","FM-15","LFMX ","V020","060,1,N,0062,1","99999,1,C,Y","009900,1,N,1","+0030,1","-0020,1","99999,9","2,999",,,,,"10190,1,99999,9",,,"MET005CAVOK","Q01+000000PRSWM2"
"07586499999","1990-03-29T10:00:00","4","44.1","6.0","-999.0","CHATEAU ARNOUX, FR","FM-15","LFMX ","V020","040,1,N,0062,1","22000,1,C,N","011200,1,N,1","+0080,1","-0010,1","99999,9","2,999","01,1,+01380,9,08,9",,,,"10200,1,99999,9",,,,"Q01+000000PRSWM2"
"07586499999","1990-03-29T12:30:00","4","44.1","6.0","-999.0","CHATEAU ARNOUX, FR","FM-15","LFMX ","V020","060,1,N,0031,1","22000,1,C,N","011200,1,N,1","+0140,1","-0020,1","99999,9","2,999","01,1,+01500,9,08,9",,,,"10190,1,99999,9",,,,"Q01+000000PRSWM2"
"07586499999","1990-03-29T15:00:00","4","44.1","6.0","-999.0","CHATEAU ARNOUX, FR","FM-15","LFMX ","V020","240,1,N,0041,1","01500,1,C,N","011200,1,N,1","+0150,1","+0010,1","99999,9","2,000","01,1,+01500,9,09,9","05,1,+01500,9,08,9",,,"10190,1,99999,9",,,,"Q01+000000PRSWM2"
"07586499999","1990-03-30T06:00:00","4","44.1","6.0","-999.0","CHATEAU ARNOUX, FR","FM-15","LFMX ","V020","060,1,N,0062,1","99999,1,C,Y","009900,1,N,1","+0040,1","-0010,1","99999,9","2,000",,,,,"10251,1,99999,9",,,"MET005CAVOK","Q01+000000PRSWM2"
"07586499999","1990-03-30T09:00:00","4","44.1","6.0","-999.0","CHATEAU ARNOUX, FR","FM-15","LFMX ","V020","050,1,N,0051,1","22000,1,C,N","011200,1,N,1","+0070,1","+0000,1","99999,9","2,000","01,1,+01500,9,05,9",,,,"10261,1,99999,9",,,,"Q01+000000PRSWM2"
"07586499999","1990-03-30T14:00:00","4","44.1","6.0","-999.0","CHATEAU ARNOUX, FR","FM-15","LFMX ","V020","230,1,N,0010,1","22000,1,C,N","011200,1,N,1","+0150,1","-0010,1","99999,9","2,999","01,1,+01200,9,08,9","03,1,+03000,9,03,9",,,"10261,1,99999,9",,,,"Q01+000000PRSWM2"
"07586499999","1990-03-30T15:50:00","4","44.1","6.0","-999.0","CHATEAU ARNOUX, FR","FM-15","LFMX ","V020","310,1,N,0031,1","22000,1,C,N","011200,1,N,1","+0150,1","+0000,1","99999,9","2,999","04,1,+01200,9,08,9",,,,"10251,1,99999,9",,,,"Q01+000000PRSWM2"
"07586499999","1990-03-31T06:00:00","4","44.1","6.0","-999.0","CHATEAU ARNOUX, FR","FM-15","LFMX ","V020","060,1,N,0021,1","99999,1,C,Y","009900,1,N,1","+0010,1","-0010,1","99999,9","2,000",,,,,"10312,1,99999,9",,,"MET005CAVOK","Q01+000000PRSWM2"
"07586499999","1990-03-31T09:30:00","4","44.1","6.0","-999.0","CHATEAU ARNOUX, FR","FM-15","LFMX ","V020","100,1,N,0021,1","99999,1,C,Y","009900,1,N,1","+0100,1","+0020,1","99999,9","2,999",,,,,"10312,1,99999,9",,,"MET005CAVOK","Q01+000000PRSWM2"
"07586499999","1990-03-31T12:00:00","4","44.1","6.0","-999.0","CHATEAU ARNOUX, FR","FM-15","LFMX ","V020","290,1,N,0031,1","22000,1,C,N","011200,1,N,1","+0180,1","+0030,1","99999,9","2,000","01,1,+01500,9,08,9",,,,"10291,1,99999,9",,,,"Q01+000000PRSWM2"
"07586499999","1990-04-01T06:00:00","4","44.1","6.0","-999.0","CHATEAU ARNOUX, FR","FM-15","LFMX ","V020","070,1,N,0010,1","22000,1,C,N","011200,1,N,1","+0020,1","+0010,1","99999,9","2,000","01,1,+00600,9,05,9",,,,"10281,1,99999,9",,,,"Q01+000000PRSWM2"
"07586499999","1990-04-01T12:00:00","4","44.1","6.0","-999.0","CHATEAU ARNOUX, FR","FM-15","LFMX ","V020","250,1,N,0051,1","22000,1,C,N","011200,1,N,1","+0200,2","+0040,1","99999,9","2,000","03,1,+01380,9,08,9",,,,"10240,1,99999,9",,,,"Q01+000000PRSWM2"
"07586499999","1990-04-01T14:50:00","4","44.1","6.0","-999.0","CHATEAU ARNOUX, FR","FM-15","LFMX ","V020","220,1,N,0098,1","22000,1,C,N","011200,1,N,1","+0180,1","+0040,1","99999,9","2,000","02,1,+01500,9,08,9",,,,"10220,1,99999,9",,,,"Q01+000000PRSWM2"
"07586499999","1990-04-02T04:00:00","4","44.1","6.0","-999.0","CHATEAU ARNOUX, FR","FM-15","LFMX ","V020","070,1,N,0010,1","99999,1,C,Y","009900,1,N,1","+0040,1","+0020,1","99999,9","2,999",,,,,"10169,1,99999,9",,,"MET005CAVOK","Q01+000000PRSWM2"
"07586499999","1990-04-02T06:00:00","4","44.1","6.0","-999.0","CHATEAU ARNOUX, FR","FM-15","LFMX ","V020","100,1,N,0021,1","99999,1,C,Y","009900,1,N,1","+0030,1","+0020,1","99999,9","2,000",,,,,"10159,1,99999,9",,,"MET005CAVOK","Q01+000000PRSWM2"
"07586499999","1990-04-02T09:00:00","4","44.1","6.0","-999.0","CHATEAU ARNOUX, FR","FM-15","LFMX ","V020","310,1,N,0010,1","99999,1,C,Y","009900,1,N,1","+0140,1","+0040,1","99999,9","2,000",,,,,"10129,1,99999,9",,,"MET005CAVOK","Q01+000000PRSWM2"
"07586499999","1990-04-02T12:00:00","4","44.1","6.0","-999.0","CHATEAU ARNOUX, FR","FM-15","LFMX ","V020","120,1,N,0031,1","06900,1,C,N","011200,1,N,1","+0190,1","-0020,1","99999,9","2,000","01,1,+00990,9,08,9","07,1,+06900,9,00,9",,,"10102,1,99999,9",,,,"Q01+000000PRSWM2"
"07586499999","1990-04-02T14:50:00","4","44.1","6.0","-999.0","CHATEAU ARNOUX, FR","FM-15","LFMX ","V020","260,1,N,0082,1","99999,1,C,Y","009900,1,N,1","+0170,1","+0040,1","99999,9","2,000",,,,,"10081,1,99999,9",,,"MET005CAVOK","Q01+000000PRSWM2"
"07586499999","1990-04-03T05:50:00","4","44.1","6.0","-999.0","CHATEAU ARNOUX, FR","FM-15","LFMX ","V020","090,1,N,0010,1","01500,1,C,N","011200,1,N,1","+0090,1","+0070,1","99999,9","2,000","07,1,+01500,9,05,9",,,,"10041,1,99999,9",,,,"Q01+000000PRSWM2"
"07586499999","1990-04-03T08:50:00","4","44.1","6.0","-999.0","CHATEAU ARNOUX, FR","FM-15","LFMX ","V020","360,1,N,0031,1","01200,1,C,N","011200,1,N,1","+0100,1","+0070,1","99999,9","2,004","07,1,+01200,9,05,9",,,,"10041,1,99999,9","60,1",,,
"07586499999","1990-04-03T12:00:00","4","44.1","6.0","-999.0","CHATEAU ARNOUX, FR","FM-15","LFMX ","V020","360,1,N,0010,1","00900,1,C,N","007000,1,N,1","+0100,1","+0080,1","99999,9","2,011","07,1,+00900,9,05,9",,,,"10051,1,99999,9","61,1",,,
"07586499999","1990-04-03T15:00:00","4","44.1","6.0","-999.0","CHATEAU ARNOUX, FR","FM-15","LFMX ","V020","360,1,N,0010,1","00990,1,C,N","011200,1,N,1","+0110,1","+0090,1","99999,9","2,011","01,1,+00180,9,07,9","07,1,+00990,9,05,9",,,"10061,1,99999,9","61,1",,,
"07586499999","1990-04-04T05:50:00","4","44.1","6.0","-999.0","CHATEAU ARNOUX, FR","FM-15","LFMX ","V020","360,1,N,0062,1","22000,1,C,N","011200,1,N,1","+0050,1","+0000,1","99999,9","2,000","01,1,+01500,9,05,9","03,1,+07800,9,00,9",,,"10108,1,99999,9",,"0139,1",,"Q01+000000PRSWM2"
"07586499999","1990-04-04T08:50:00","4","44.1","6.0","-999.0","CHATEAU ARNOUX, FR","FM-15","LFMX ","V020","360,1,N,0082,1","99999,1,C,Y","009900,1,N,1","+0090,1","+0010,1","99999,9","2,000",,,,,"10108,1,99999,9",,"0180,1","MET005CAVOK","Q01+000000PRSWM2"
"07586499999","1990-04-04T15:12:00","4","44.1","6.0","-999.0","CHATEAU ARNOUX, FR","FM-15","LFMX ","V020","220,1,N,0062,1","99999,1,C,Y","009900,1,N,1","+0160,1","+0030,1","99999,9","2,000",,,,,"10102,1,99999,9",,,"MET005CAVOK","Q01+000000PRSWM2"
"07586499999","1990-04-05T05:00:00","4","44.1","6.0","-999.0","CHATEAU ARNOUX, FR","FM-15","LFMX ","V020","030,1,N,0021,1","99999,1,C,Y","009900,1,N,1","+0010,1","+0010,1","99999,9","2,999",,,,,"10129,1,99999,9",,,"MET005CAVOK","Q01+000000PRSWM2"
"07586499999","1990-04-05T09:00:00","4","44.1","6.0","-999.0","CHATEAU ARNOUX, FR","FM-15","LFMX ","V020","330,1,N,0010,1","07800,1,C,N","011200,1,N,1","+0100,1","+0040,1","99999,9","2,000","01,1,+01200,9,08,9","07,1,+07800,9,00,9",,,"10129,1,99999,9",,,,"Q01+000000PRSWM2"
"07586499999","1990-04-05T15:00:00","4","44.1","6.0","-999.0","CHATEAU ARNOUX, FR","FM-15","LFMX ","V020","240,1,N,0041,1","99999,1,C,Y","009900,1,N,1","+0110,1","+0040,1","99999,9","2,000",,,,,"10108,1,99999,9",,,"MET005CAVOK","Q01+000000PRSWM2"
"07586499999","1990-04-06T06:50:00","4","44.1","6.0","-999.0","CHATEAU ARNOUX, FR","FM-15","LFMX ","V020","010,1,N,0010,1","01800,1,C,N","011200,1,N,1","+0070,1","+0060,1","99999,9","2,999","08,1,+01800,9,04,9",,,,"10061,1,99999,9","61,1",,,
"07586499999","1990-04-06T08:50:00","4","44.1","6.0","-999.0","CHATEAU ARNOUX, FR","FM-15","LFMX ","V020","999,1,C,0000,1","00990,1,C,N","011200,1,N,1","+0090,1","+0070,1","99999,9","2,011","01,1,+00480,9,08,9","06,1,+00990,9,05,9","08,1,+01800,9,04,9",,"10051,1,99999,9","61,1",,,
"07586499999","1990-04-06T12:00:00","4","44.1","6.0","-999.0","CHATEAU ARNOUX, FR","FM-15","LFMX ","V020","999,1,C,0000,1","00600,1,C,N","011200,1,N,1","+0100,1","+0090,1","99999,9","2,011","01,1,+00480,9,08,9","05,1,+00600,9,07,9","08,1,+01800,9,04,9",,"10031,1,99999,9","61,1",,,
"07586499999","1990-04-07T06:00:00","4","44.1","6.0","-999.0","CHATEAU ARNOUX, FR","FM-15","LFMX ","V020","360,1,N,0010,1","00900,1,C,N","011200,1,N,1","+0090,1","+0080,1","99999,9","2,000","01,1,+00090,9,07,9","08,1,+00900,9,05,9",,,"10020,1,99999,9",,,,"Q01+000000PRSWM2"
"07586499999","1990-04-07T09:00:00","4","44.1","6.0","-999.0","CHATEAU ARNOUX, FR","FM-15","LFMX ","V020","050,1,N,0010,1","00480,1,C,N","011200,1,N,1","+0100,1","+0090,1","99999,9","2,000","01,1,+00090,9,07,9","07,1,+00480,9,08,9",,,"10031,1,99999,9",,,,"Q01+000000PRSWM2"
"07586499999","1990-04-07T11:50:00","4","44.1","6.0","-999.0","CHATEAU ARNOUX, FR","FM-15","LFMX ","V020","360,1,N,0041,1","00480,1,C,N","011200,1,N,1","+0110,1","+0100,1","99999,9","2,004","02,1,+00390,9,09,9","05,1,+00480,9,08,9",,,"10041,1,99999,9","60,1",,,
"07586499999","1990-04-07T14:50:00","4","44.1","6.0","-999.0","CHATEAU ARNOUX, FR","FM-15","LFMX ","V020","110,1,N,0010,1","00600,1,C,N","011200,1,N,1","+0110,1","+0080,1","99999,9","2,000","01,1,+00180,9,08,9","05,1,+00600,9,05,9",,,"10041,1,99999,9",,,,"Q01+000000PRSWM2"
"07586499999","1990-04-08T04:19:00","4","44.1","6.0","-999.0","CHATEAU ARNOUX, FR","FM-15","LFMX ","V020","999,1,C,0000,1","00780,1,C,N","006000,1,N,1","+0060,1","+0060,1","99999,9","2,999","03,1,+00480,9,08,9","05,1,+00780,9,05,9",,,"10051,1,99999,9",,,,"Q01+000000PRSWM2"
"07586499999","1990-04-08T07:00:00","4","44.1","6.0","-999.0","CHATEAU ARNOUX, FR","FM-15","LFMX ","V020","030,1,N,0031,1","22000,1,C,N","003000,1,N,1","+0070,1","+0070,1","99999,9","2,999","01,1,+01200,9,05,9",,,,"10051,1,99999,9","40,1",,"MET008VIS 3000",
"07586499999","1990-04-08T09:00:00","4","44.1","6.0","-999.0","CHATEAU ARNOUX, FR","FM-15","LFMX ","V020","210,1,N,0021,1","22000,1,C,N","011200,1,N,1","+0120,1","+0090,1","99999,9","2,000","03,1,+01290,9,08,9",,,,"10071,1,99999,9",,,,"Q01+000000PRSWM2"
"07586499999","1990-04-08T13:00:00","4","44.1","6.0","-999.0","CHATEAU ARNOUX, FR","FM-15","LFMX ","V020","230,1,N,0041,1","01380,1,C,N","011200,1,N,1","+0160,1","+0100,1","99999,9","2,999","06,1,+01380,9,08,9",,,,"10051,1,99999,9",,,,"Q01+000000PRSWM2"
"07586499999","1990-04-09T06:00:00","4","44.1","6.0","-999.0","CHATEAU ARNOUX, FR","FM-15","LFMX ","V020","100,1,N,0010,1","03000,1,C,N","005000,1,N,1","+0060,1","+0060,1","99999,9","2,000","03,1,+01500,9,05,9","05,1,+03000,9,03,9",,,"10041,1,99999,9",,,,"Q01+000000PRSWM2"
"07586499999","1990-04-09T09:00:00","4","44.1","6.0","-999.0","CHATEAU ARNOUX, FR","FM-15","LFMX ","V020","999,1,C,0000,1","22000,1,C,N","011200,1,N,1","+0120,1","+0070,1","99999,9","2,000","03,1,+01290,9,08,9",,,,"10041,1,99999,9",,,,"Q01+000000PRSWM2"
"07586499999","1990-04-09T12:51:00","4","44.1","6.0","-999.0","CHATEAU ARNOUX, FR","FM-15","LFMX ","V020","200,1,N,0021,1","99999,1,C,Y","009900,1,N,1","+0160,1","+0070,1","99999,9","2,999",,,,,"10031,1,99999,9",,,"MET005CAVOK","Q01+000000PRSWM2"
"07586499999","1990-04-09T15:50:00","4","44.1","6.0","-999.0","CHATEAU ARNOUX, FR","FM-15","LFMX ","V020","210,1,N,0041,1","01500,1,C,N","011200,1,N,1","+0100,1","+0080,1","99999,9","2,999","03,1,+01200,9,09,9","05,1,+01500,9,08,9",,,"10020,1,99999,9","80,1","0129,1",,
"07586499999","1990-04-10T03:50:00","4","44.1","6.0","-999.0","CHATEAU ARNOUX, FR","FM-15","LFMX ","V020","010,1,N,0082,1","22000,1,C,N","011200,1,N,1","+0060,1","+0020,1","99999,9","2,999","01,1,+00990,9,05,9",,,,"10020,1,99999,9",,,,"Q01+000000PRSWM2"
"07586499999","1990-04-10T05:50:00","4","44.1","6.0","-999.0","CHATEAU ARNOUX, FR","FM-15","LFMX ","V020","010,1,N,0098,1","22000,1,C,N","011200,1,N,1","+0060,1","+0020,1","99999,9","2,000","01,1,+00600,9,08,9",,,,"10020,1,99999,9",,"0180,1",,"Q01+000000PRSWM2"
"07586499999","1990-04-10T08:50:00","4","44.1","6.0","-999.0","CHATEAU ARNOUX, FR","FM-15","LFMX ","V020","360,1,N,0118,1","22000,1,C,N","011200,1,N,1","+0100,1","+0030,1","99999,9","2,000","01,1,+00990,9,08,9",,,,"10020,1,99999,9",,"0211,1",,"Q01+000000PRSWM2"
"07586499999","1990-04-10T12:00:00","4","44.1","6.0","-999.0","CHATEAU ARNOUX, FR","FM-15","LFMX ","V020","350,1,N,0082,1","22000,1,C,N","011200,1,N,1","+0140,1","+0040,1","99999,9","2,000","01,1,+01200,9,08,9",,,,"10020,1,99999,9",,,,"Q01+000000PRSWM2"
"07586499999","1990-04-10T15:00:00","4","44.1","6.0","-999.0","CHATEAU ARNOUX, FR","FM-15","LFMX ","V020","350,1,N,0118,1","22000,1,C,N","011200,1,N,1","+0140,1","+0020,1","99999,9","2,000","01,1,+00990,9,09,9","01,1,+01080,9,08,9",,,"10020,1,99999,9",,"0190,1",,"Q01+000000PRSWM2"
"07586499999","1990-04-11T03:50:00","4","44.1","6.0","-999.0","CHATEAU ARNOUX, FR","FM-15","LFMX ","V020","010,1,N,0098,1","99999,1,C,Y","009900,1,N,1","+0070,1","-0010,1","99999,9","2,999",,,,,"10091,1,99999,9",,"0170,1","MET005CAVOK","Q01+000000PRSWM2"
"07586499999","1990-04-11T07:25:00","4","44.1","6.0","-999.0","CHATEAU ARNOUX, FR","FM-15","LFMX ","V020","010,1,N,0082,1","99999,1,C,Y","009900,1,N,1","+0070,1","-0010,1","99999,9","2,999",,,,,"10091,1,99999,9",,"0149,1","MET005CAVOK","Q01+000000PRSWM2"
"07586499999","1990-04-11T08:50:00","4","44.1","6.0","-999.0","CHATEAU ARNOUX, FR","FM-15","LFMX ","V020","360,1,N,0062,1","99999,1,C,Y","009900,1,N,1","+0120,1","+0010,1","99999,9","2,000",,,,,"10091,1,99999,9",,"0180,1","MET005CAVOK","Q01+000000PRSWM2"
"07586499999","1990-04-11T12:00:00","4","44.1","6.0","-999.0","CHATEAU ARNOUX, FR","FM-15","LFMX ","V020","350,1,N,0139,1","22000,1,C,N","011200,1,N,1","+0170,1","+0030,1","99999,9","2,000","01,1,+01380,9,08,9",,,,"10071,1,99999,9",,"0221,1",,"Q01+000000PRSWM2"
"07586499999","1990-04-11T15:23:00","4","44.1","6.0","-999.0","CHATEAU ARNOUX, FR","FM-15","LFMX ","V020","340,1,N,0139,1","22000,1,C,N","011200,1,N,1","+0150,1","+0010,1","99999,9","2,000","01,1,+01380,9,08,9",,,,"10051,1,99999,9",,"0268,1",,"Q01+000000PRSWM2"
"07586499999","1990-04-12T05:50:00","4","44.1","6.0","-999.0","CHATEAU ARNOUX, FR","FM-15","LFMX ","V020","060,1,N,0031,1","99999,1,C,Y","009900,1,N,1","+0080,1","-0010,1","99999,9","2,000",,,,,"10102,1,99999,9",,"0139,1","MET005CAVOK","Q01+000000PRSWM2"
"07586499999","1990-04-12T09:00:00","4","44.1","6.0","-999.0","CHATEAU ARNOUX, FR","FM-15","LFMX ","V020","360,1,N,0088,1","22000,1,C,N","011200,1,N,1","+0120,1","+0000,1","99999,9","2,000","01,1,+01200,9,08,9",,,,"10119,1,99999,9",,"0221,1",,"Q01+000000PRSWM2"
"07586499999","1990-04-12T12:00:00","4","44.1","6.0","-999.0","CHATEAU ARNOUX, FR","FM-15","LFMX ","V020","350,1,N,0088,1","22000,1,C,N","011200,1,N,1","+0160,1","+0000,1","99999,9","2,000","01,1,+01500,9,08,9",,,,"10108,1,99999,9",,"0180,1",,"Q01+000000PRSWM2"
"07586499999","1990-04-12T15:00:00","4","44.1","6.0","-999.0","CHATEAU ARNOUX, FR","FM-15","LFMX ","V020","350,1,N,0118,1","22000,1,C,N","011200,1,N,1","+0160,1","+0010,1","99999,9","2,000","01,1,+01500,9,08,9",,,,"10102,1,99999,9",,"0201,1",,"Q01+000000PRSWM2"
"07586499999","1990-04-13T07:22:00","4","44.1","6.0","-999.0","CHATEAU ARNOUX, FR","FM-15","LFMX ","V020","070,1,N,0010,1","99999,1,C,Y","009900,1,N,1","+0040,1","+0010,1","99999,9","2,999",,,,,"10180,1,99999,9",,,"MET005CAVOK","Q01+000000PRSWM2"
"07586499999","1990-04-13T08:00:00","4","44.1","6.0","-999.0","CHATEAU ARNOUX, FR","FM-15","LFMX ","V020","080,1,N,0021,1","99999,1,C,Y","009900,1,N,1","+0120,2","+0030,1","99999,9","2,999",,,,,"10180,1,99999,9",,,"MET005CAVOK","Q01+028523ATOT  Q02+000000PRSWM2"
"07586499999","1990-04-13T15:50:00","4","44.1","6.0","-999.0","CHATEAU ARNOUX, FR","FM-15","LFMX ","V020","200,1,N,0041,1","01290,1,C,N","011200,1,N,1","+0160,1","+0030,1","99999,9","2,999","08,1,+01290,9,05,9",,,,"10139,1,99999,9",,"0129,1",,"Q01+000000PRSWM2"
"07586499999","1990-04-14T03:50:00","4","44.1","6.0","-999.0","CHATEAU ARNOUX, FR","FM-15","LFMX ","V020","120,1,N,0062,1","00780,1,C,N","008000,1,N,1","+0080,1","+0050,1","99999,9","2,999","08,1,+00780,9,05,9",,,,"10129,1,99999,9","51,1",,,
"07586499999","1990-04-14T06:00:00","4","44.1","6.0","-999.0","CHATEAU ARNOUX, FR","FM-15","LFMX ","V020","340,1,N,0010,1","00600,1,C,N","003000,1,N,1","+0080,1","+0070,1","99999,9","2,029","03,1,+00300,9,07,9","08,1,+00600,9,07,9",,,"10129,1,99999,9","63,1",,,
"07586499999","1990-04-14T09:00:00","4","44.1","6.0","-999.0","CHATEAU ARNOUX, FR","FM-15","LFMX ","V020","360,1,N,0088,1","00600,1,C,N","006000,1,N,1","+0060,1","+0040,1","99999,9","2,029","04,1,+00300,9,08,9","08,1,+00600,9,05,9",,,"10149,1,99999,9","63,1","0180,1",,
"07586499999","1990-04-14T12:00:00","4","44.1","6.0","-999.0","CHATEAU ARNOUX, FR","FM-15","LFMX ","V020","010,1,N,0021,1","00690,1,C,N","006000,1,N,1","+0060,1","+0040,1","99999,9","2,004","04,1,+00300,9,08,9","08,1,+00690,9,05,9",,,"10159,1,99999,9","60,1",,,
"07586499999","1990-04-14T15:00:00","4","44.1","6.0","-999.0","CHATEAU ARNOUX, FR","FM-15","LFMX ","V020","350,1,N,0041,1","22000,1,C,N","011200,1,N,1","+0100,1","+0040,1","99999,9","2,000","03,1,+01200,9,08,9",,,,"10139,1,99999,9",,"0118,1",,"Q01+000000PRSWM2"
"07586499999","1990-04-15T07:00:00","4","44.1","6.0","-999.0","CHATEAU ARNOUX, FR","FM-15","LFMX ","V020","020,1,N,0041,1","02400,1,C,N","011200,1,N,1","+0040,1","+0000,1","99999,9","2,999","03,1,+00900,9,05,9","08,1,+02400,9,04,9",,,"10139,1,99999,9","60,1",,,
"07586499999","1990-04-15T09:30:00","4","44.1","6.0","-999.0","CHATEAU ARNOUX, FR","FM-15","LFMX ","V020","010,1,N,0021,1","01200,1,C,N","008000,1,N,1","+0040,1","+0030,1","99999,9","2,999","01,1,+00390,9,05,9","07,1,+01200,9,05,9",,,"10139,1,99999,9","60,1",,,
"07586499999","1990-04-15T11:50:00","4","44.1","6.0","-999.0","CHATEAU ARNOUX, FR","FM-15","LFMX ","V020","360,1,N,0041,1","00990,1,C,N","011200,1,N,1","+0060,1","+0050,1","99999,9","2,011","01,1,+00480,9,05,9","07,1,+00990,9,05,9",,,"10119,1,99999,9","61,1",,,
"07586499999","1990-04-15T15:00:00","4","44.1","6.0","-999.0","CHATEAU ARNOUX, FR","FM-15","LFMX ","V020","350,1,N,0118,1","22000,1,C,N","011200,1,N,1","+0120,1","+0020,1","99999,9","2,000","02,1,+01200,9,08,9",,,,"10108,1,99999,9",,"0211,1",,"Q01+000000PRSWM2"
"07586499999","1990-04-16T06:50:00","4","44.1","6.0","-999.0","CHATEAU ARNOUX, FR","FM-15","LFMX ","V020","360,1,N,0041,1","99999,1,C,Y","009900,1,N,1","+0070,1","-0010,1","99999,9","2,999",,,,,"10169,1,99999,9",,"0129,1","MET005CAVOK","Q01+000000PRSWM2"
"07586499999","1990-04-16T08:50:00","4","44.1","6.0","-999.0","CHATEAU ARNOUX, FR","FM-15","LFMX ","V020","340,1,N,0082,1","99999,1,C,Y","009900,1,N,1","+0110,1","-0010,1","99999,9","2,000",,,,,"10169,1,99999,9",,"0180,1","MET005CAVOK","Q01+000000PRSWM2"
"07586499999","1990-04-16T12:30:00","4","44.1","6.0","-999.0","CHATEAU ARNOUX, FR","FM-15","LFMX ","V020","360,1,N,0108,1","22000,1,C,N","011200,1,N,1","+0140,1","-0020,1","99999,9","2,999","01,1,+01200,9,08,9",,,,"10159,1,99999,9",,"0201,1",,"Q01+000000PRSWM2"
"07586499999","1990-04-16T15:07:00","4","44.1","6.0","-999.0","CHATEAU ARNOUX, FR","FM-15","LFMX ","V020","350,1,N,0098,1","22000,1,C,N","011200,1,N,1","+0140,1","-0030,1","99999,9","2,000","01,1,+01500,9,08,9","04,1,+07800,9,00,9",,,"10159,1,99999,9",,"0190,1",,"Q01+000000PRSWM2"
"07586499999","1990-04-17T06:00:00","4","44.1","6.0","-999.0","CHATEAU ARNOUX, FR","FM-15","LFMX ","V020","030,1,N,0041,1","99999,1,C,Y","009900,1,N,1","+0060,1","-0020,1","99999,9","2,000",,,,,"10180,1,99999,9",,,"MET005CAVOK","Q01+000000PRSWM2"
"07586499999","1990-04-17T10:10:00","4","44.1","6.0","-999.0","CHATEAU ARNOUX, FR","FM-15","LFMX ","V020","360,1,N,0062,1","09000,1,C,N","011200,1,N,1","+0100,1","-0010,1","99999,9","2,999","01,1,+01500,9,08,9","07,1,+09000,9,00,9",,,"10180,1,99999,9",,,,"Q01+000000PRSWM2"
"07586499999","1990-04-17T15:00:00","4","44.1","6.0","-999.0","CHATEAU ARNOUX, FR","FM-15","LFMX ","V020","230,1,N,0088,1","03000,1,C,N","011200,1,N,1","+0140,1","+0010,1","99999,9","2,000","03,1,+01500,9,08,9","04,1,+03000,9,03,9",,,"10159,1,99999,9",,,,"Q01+000000PRSWM2"
"07586499999","1990-04-18T06:00:00","4","44.1","6.0","-999.0","CHATEAU ARNOUX, FR","FM-15","LFMX ","V020","350,1,N,0088,1","06900,1,C,N","011200,1,N,1","+0070,1","-0020,1","99999,9","2,000","02,1,+01200,9,08,9","07,1,+06900,9,00,9",,,"10129,1,99999,9",,"0180,1",,"Q01+000000PRSWM2"
"07586499999","1990-04-19T06:00:00","4","44.1","6.0","-999.0","CHATEAU ARNOUX, FR","FM-15","LFMX ","V020","360,1,N,0082,1","99999,1,C,Y","009900,1,N,1","+0050,1","-0020,1","99999,9","2,000",,,,,"10102,1,99999,9",,"0170,1","MET005CAVOK","Q01+000000PRSWM2"
"07586499999","1990-04-19T09:00:00","4","44.1","6.0","-999.0","CHATEAU ARNOUX, FR","FM-15","LFMX ","V020","350,1,N,0088,1","99999,1,C,Y","009900,1,N,1","+0090,1","-0020,1","99999,9","2,000",,,,,"10102,1,99999,9",,"0170,1","MET005CAVOK","Q01+000000PRSWM2"
"07586499999","1990-04-19T12:00:00","4","44.1","6.0","-999.0","CHATEAU ARNOUX, FR","FM-15","LFMX ","V020","360,1,N,0082,1","22000,1,C,N","011200,1,N,1","+0130,1","-0030,1","99999,9","2,000","01,1,+01500,9,08,9",,,,"10071,1,99999,9",,"0160,1",,"Q01+000000PRSWM2"
"07586499999","1990-04-19T15:00:00","4","44.1","6.0","-999.0","CHATEAU ARNOUX, FR","FM-15","LFMX ","V020","010,1,N,0051,1","09000,1,C,N","011200,1,N,1","+0140,1","-0030,1","99999,9","2,000","01,1,+01500,9,08,9","07,1,+09000,9,00,9",,,"10061,1,99999,9",,"0139,1",,"Q01+000000PRSWM2"
"07586499999","1990-04-20T06:00:00","4","44.1","6.0","-999.0","CHATEAU ARNOUX, FR","FM-15","LFMX ","V020","010,1,N,0041,1","00900,1,C,N","008000,1,N,1","+0050,1","+0030,1","99999,9","2,004","02,1,+00600,9,05,9","07,1,+00900,9,05,9",,,"10010,1,99999,9","60,1",,,
"07586499999","1990-04-20T12:00:00","4","44.1","6.0","-999.0","CHATEAU ARNOUX, FR","FM-15","LFMX ","V020","220,1,N,0051,1","00600,1,C,N","005000,1,N,1","+0040,1","+0030,1","99999,9","2,013","05,1,+00600,9,09,9","04,1,+00690,9,08,9",,,"10020,1,99999,9","95,1","0118,1",,
"07586499999","1990-04-20T15:00:00","4","44.1","6.0","-999.0","CHATEAU ARNOUX, FR","FM-15","LFMX ","V020","230,1,N,0021,1","22000,1,C,N","007000,1,N,1","+0070,1","+0050,1","99999,9","2,002","02,1,+00600,9,09,9","01,1,+00600,9,08,9",,,"10020,1,99999,9","25,1",,,
"07586499999","1990-04-21T06:00:00","4","44.1","6.0","-999.0","CHATEAU ARNOUX, FR","FM-15","LFMX ","V020","050,1,N,0021,1","22000,1,C,N","011200,1,N,1","+0050,1","+0030,1","99999,9","2,000","01,1,+00180,9,07,9","04,1,+09000,9,00,9",,,"10051,1,99999,9",,,,"Q01+000000PRSWM2"
"07586499999","1990-04-21T09:00:00","4","44.1","6.0","-999.0","CHATEAU ARNOUX, FR","FM-15","LFMX ","V020","040,1,N,0031,1","22000,1,C,N","011200,1,N,1","+0080,1","+0040,1","99999,9","2,000","02,1,+00480,9,08,9","03,1,+09000,9,00,9",,,"10071,1,99999,9",,,,"Q01+000000PRSWM2"
"07586499999","1990-04-22T06:00:00","4","44.1","6.0","-999.0","CHATEAU ARNOUX, FR","FM-15","LFMX ","V020","100,1,N,0010,1","02700,1,C,N","011200,1,N,1","+0060,1","+0040,1","99999,9","2,004","04,1,+01500,9,05,9","08,1,+02700,9,03,9",,,"10081,1,99999,9","21,1",,,
"07586499999","1990-04-22T09:00:00","4","44.1","6.0","-999.0","CHATEAU ARNOUX, FR","FM-15","LFMX ","V020","270,1,N,0021,1","02700,1,C,N","011200,1,N,1","+0070,1","+0050,1","99999,9","2,004","01,1,+00480,9,08,9","04,1,+01200,9,05,9","08,1,+02700,9,03,9",,"10081,1,99999,9","21,1",,,
"07586499999","1990-04-22T12:00:00","4","44.1","6.0","-999.0","CHATEAU ARNOUX, FR","FM-15","LFMX ","V020","250,1,N,0010,1","01200,1,C,N","011200,1,N,1","+0090,1","+0060,1","99999,9","2,000","03,1,+00480,9,08,9","06,1,+01200,9,08,9",,,"10081,1,99999,9",,,,"Q01+000000PRSWM2"
"07586499999","1990-04-22T15:00:00","4","44.1","6.0","-999.0","CHATEAU ARNOUX, FR","FM-15","LFMX ","V020","210,1,N,0021,1","01200,1,C,N","011200,1,N,1","+0110,1","+0050,1","99999,9","2,000","03,1,+00600,9,08,9","05,1,+01200,9,00,9",,,"10071,1,99999,9",,,,"Q01+000000PRSWM2"
"07586499999","1990-04-23T06:00:00","4","44.1","6.0","-999.0","CHATEAU ARNOUX, FR","FM-15","LFMX ","V020","999,1,C,0000,1","07800,1,C,N","008000,1,N,1","+0040,1","+0030,1","99999,9","2,000","01,1,+00180,9,07,9","07,1,+07800,9,00,9",,,"10091,1,99999,9",,,,"Q01+000000PRSWM2"
"07586499999","1990-04-23T09:00:00","4","44.1","6.0","-999.0","CHATEAU ARNOUX, FR","FM-15","LFMX ","V020","280,1,N,0010,1","07800,1,C,N","011200,1,N,1","+0100,1","+0050,1","99999,9","2,000","02,1,+00900,9,08,9","04,1,+07800,9,00,9",,,"10091,1,99999,9",,,,"Q01+000000PRSWM2"
"07586499999","1990-04-23T12:00:00","4","44.1","6.0","-999.0","CHATEAU ARNOUX, FR","FM-15","LFMX ","V020","350,1,N,0021,1","22000,1,C,N","011200,1,N,1","+0120,1","+0050,1","99999,9","2,000","04,1,+01380,9,08,9",,,,"10091,1,99999,9",,,,"Q01+000000PRSWM2"
"07586499999","1990-04-23T15:00:00","4","44.1","6.0","-999.0","CHATEAU ARNOUX, FR","FM-15","LFMX ","V020","220,1,N,0010,1","22000,1,C,N","011200,1,N,1","+0130,1","+0060,1","99999,9","2,002","01,1,+00990,9,09,9","03,1,+01380,9,08,9",,,"10091,1,99999,9","25,1",,,
"07586499999","1990-04-24T06:00:00","4","44.1","6.0","-999.0","CHATEAU ARNOUX, FR","FM-15","LFMX ","V020","080,1,N,0021,1","22000,1,C,N","011200,1,N,1","+0040,1","+0030,1","99999,9","2,000","01,1,+01200,9,05,9","03,1,+03000,9,03,9",,,"10119,1,99999,9",,,,"Q01+000000PRSWM2"
"07586499999","1990-04-24T09:00:00","4","44.1","6.0","-999.0","CHATEAU ARNOUX, FR","FM-15","LFMX ","V020","090,1,N,0021,1","02700,1,C,N","011200,1,N,1","+0110,1","+0060,1","99999,9","2,000","02,1,+01200,9,08,9","05,1,+02700,9,03,9",,,"10129,1,99999,9",,,,"Q01+000000PRSWM2"
"07586499999","1990-04-24T12:00:00","4","44.1","6.0","-999.0","CHATEAU ARNOUX, FR","FM-15","LFMX ","V020","330,1,N,0010,1","01200,1,C,N","011200,1,N,1","+0100,1","+0070,1","99999,9","2,007","02,1,+01200,9,09,9","03,1,+01200,9,08,9","04,1,+02700,9,03,9",,"10129,1,99999,9","29,1",,,
"07586499999","1990-04-24T15:00:00","4","44.1","6.0","-999.0","CHATEAU ARNOUX, FR","FM-15","LFMX ","V020","350,1,N,0031,1","99999,9,9,N","011200,1,N,1","+0120,1","+0060,1","99999,9","2,002","01,1,+01200,9,09,9","03,1,+01500,9,08,9","04,1,+22000,9,04,9",,"10129,1,99999,9","25,1",,,
"07586499999","1990-04-25T06:00:00","4","44.1","6.0","-999.0","CHATEAU ARNOUX, FR","FM-15","LFMX ","V020","040,1,N,0051,1","22000,1,C,N","011200,1,N,1","+0050,1","+0040,1","99999,9","2,000","01,1,+00600,9,08,9",,,,"10159,1,99999,9",,,,"Q01+000000PRSWM2"
"07586499999","1990-04-25T09:00:00","4","44.1","6.0","-999.0","CHATEAU ARNOUX, FR","FM-15","LFMX ","V020","999,1,C,0000,1","22000,1,C,N","011200,1,N,1","+0120,1","+0070,1","99999,9","2,000","01,1,+00900,9,08,9",,,,"10169,1,99999,9",,,,"Q01+000000PRSWM2"
"07586499999","1990-04-25T12:00:00","4","44.1","6.0","-999.0","CHATEAU ARNOUX, FR","FM-15","LFMX ","V020","230,1,N,0021,1","22000,1,C,N","011200,1,N,1","+0170,1","+0080,1","99999,9","2,000","02,1,+01200,9,08,9",,,,"10149,1,99999,9",,,,"Q01+000000PRSWM2"
"07586499999","1990-04-25T15:00:00","4","44.1","6.0","-999.0","CHATEAU ARNOUX, FR","FM-15","LFMX ","V020","250,1,N,0021,1","01200,1,C,N","011200,1,N,1","+0140,1","+0090,1","99999,9","2,013","06,1,+01200,9,09,9","01,1,+06900,9,00,9",,,"10139,1,99999,9","95,1","0098,1",,
"07586499999","1990-04-26T06:00:00","4","44.1","6.0","-999.0","CHATEAU ARNOUX, FR","FM-15","LFMX ","V020","070,1,N,0021,1","99999,1,C,Y","009900,1,N,1","+0090,1","+0060,1","99999,9","2,000",,,,,"10180,1,99999,9",,,"MET005CAVOK","Q01+000000PRSWM2"
"07586499999","1990-04-26T09:00:00","4","44.1","6.0","-999.0","CHATEAU ARNOUX, FR","FM-15","LFMX ","V020","020,1,N,0051,1","22000,1,C,N","011200,1,N,1","+0140,1","+0070,1","99999,9","2,000","01,1,+01380,9,08,9",,,,"10169,1,99999,9",,,,"Q01+000000PRSWM2"
"07586499999","1990-04-26T12:00:00","4","44.1","6.0","-999.0","CHATEAU ARNOUX, FR","FM-15","LFMX ","V020","020,1,N,0051,1","22000,1,C,N","011200,1,N,1","+0180,1","+0050,1","99999,9","2,000","01,1,+01500,9,09,9","01,1,+01500,9,08,9",,,"10169,1,99999,9",,,,"Q01+000000PRSWM2"
"07586499999","1990-04-26T15:00:00","4","44.1","6.0","-999.0","CHATEAU ARNOUX, FR","FM-15","LFMX ","V020","360,1,N,0072,1","22000,1,C,N","011200,1,N,1","+0180,1","+0040,1","99999,9","2,000","01,1,+01800,9,09,9","02,1,+01800,9,08,9",,,"10159,1,99999,9",,,,"Q01+000000PRSWM2"
"07586499999","1990-04-27T06:00:00","4","44.1","6.0","-999.0","CHATEAU ARNOUX, FR","FM-15","LFMX ","V020","050,1,N,0041,1","99999,1,C,Y","009900,1,N,1","+0090,1","+0040,1","99999,9","1,000",,,,,"10210,1,99999,9",,,"MET005CAVOK","Q01+000000PRSWM2"
"07586499999","1990-05-04T15:00:00","4","44.1","6.0","-999.0","CHATEAU ARNOUX, FR","FM-15","LFMX ","V020","230,1,N,0051,1","00990,1,C,N","011200,1,N,1","+0240,1","+0110,1","99999,9","2,000","03,1,+00900,9,09,9","04,1,+00990,9,08,9",,,"10180,1,99999,9",,,,"Q01+000000PRSWM2"
"07586499999","1990-05-05T06:00:00","4","44.1","6.0","-999.0","CHATEAU ARNOUX, FR","FM-15","LFMX ","V020","070,1,N,0021,1","99999,1,C,Y","009900,1,N,1","+0100,1","+0080,1","99999,9","2,000",,,,,"10220,1,99999,9",,,"MET005CAVOK","Q01+000000PRSWM2"
"07586499999","1990-05-05T15:00:00","4","44.1","6.0","-999.0","CHATEAU ARNOUX, FR","FM-15","LFMX ","V020","350,1,N,0051,1","01500,1,C,N","008000,1,N,1","+0150,1","+0110,1","99999,9","2,016","05,1,+01500,9,09,9","02,1,+01500,9,08,9",,,"10210,1,99999,9","95,1","0118,1",,
"07586499999","1990-05-06T12:00:00","4","44.1","6.0","-999.0","CHATEAU ARNOUX, FR","FM-15","LFMX ","V020","220,1,N,0041,1","22000,1,C,N","011200,1,N,1","+0200,1","+0110,1","99999,9","1,000","04,1,+01500,9,08,9",,,,"10190,1,99999,9",,"0118,1",,"Q01+000000PRSWM2"
"07586499999","1990-05-07T04:00:00","4","44.1","6.0","-999.0","CHATEAU ARNOUX, FR","FM-15","LFMX ","V020","080,1,N,0010,1","99999,1,C,Y","009900,1,N,1","+0070,1","+0070,1","99999,9","1,999",,,,,"10190,1,99999,9",,,"MET005CAVOK","Q01+000000PRSWM2"
"07586499999","1990-05-07T06:00:00","4","44.1","6.0","-999.0","CHATEAU ARNOUX, FR","FM-15","LFMX ","V020","090,1,N,0021,1","99999,1,C,Y","009900,1,N,1","+0090,1","+0080,1","99999,9","2,000",,,,,"10200,1,99999,9",,,"MET005CAVOK","Q01+000000PRSWM2"
"07586499999","1990-05-07T09:00:00","4","44.1","6.0","-999.0","CHATEAU ARNOUX, FR","FM-15","LFMX ","V020","140,1,N,0021,1","22000,1,C,N","011200,1,N,1","+0160,1","+0120,1","99999,9","2,000","02,1,+00990,9,08,9",,,,"10190,1,99999,9",,,,"Q01+000000PRSWM2"
"07586499999","1990-05-07T12:00:00","4","44.1","6.0","-999.0","CHATEAU ARNOUX, FR","FM-15","LFMX ","V020","220,1,N,0041,1","22000,1,C,N","999999,9,N,9","+0200,1","+0120,1","99999,9","2,000","02,1,+01200,9,08,9",,,,"10180,1,99999,9",,,,"Q01+000002VOVAR Q02+000000PRSWM2"
"07586499999","1990-05-07T15:00:00","4","44.1","6.0","-999.0","CHATEAU ARNOUX, FR","FM-15","LFMX ","V020","140,1,N,0051,1","00990,1,C,N","999999,9,N,9","+0130,1","+0120,1","99999,9","2,000","02,1,+00600,9,08,9","03,1,+00990,9,09,9","03,1,+01200,9,08,9",,"10180,1,99999,9",,,,"Q01+000002VOVAR Q02+000000PRSWM2"
"07586499999","1990-05-08T06:00:00","4","44.1","6.0","-999.0","CHATEAU ARNOUX, FR","FM-15","LFMX ","V020","999,1,C,0000,1","99999,1,C,Y","009900,1,N,1","+0090,1","+0090,1","99999,9","2,000",,,,,"10190,1,99999,9",,,"MET005CAVOK","Q01+000000PRSWM2"
"07586499999","1990-05-09T09:00:00","4","44.1","6.0","-999.0","CHATEAU ARNOUX, FR","FM-15","LFMX ","V020","100,1,N,0021,1","22000,1,C,N","011200,1,N,1","+0180,1","+0110,1","99999,9","2,000","01,1,+01500,9,08,9",,,,"10190,1,99999,9",,,,"Q01+000000PRSWM2"
"07586499999","1990-05-09T12:00:00","4","44.1","6.0","-999.0","CHATEAU ARNOUX, FR","FM-15","LFMX ","V020","240,1,N,0041,1","22000,1,C,N","999999,9,N,9","+0210,1","+0110,1","99999,9","2,000","02,1,+01800,9,08,9",,,,"10180,1,99999,9",,"0118,1",,"Q01+000002VOVAR Q02+000000PRSWM2"
"07586499999","1990-05-10T09:00:00","4","44.1","6.0","-999.0","CHATEAU ARNOUX, FR","FM-15","LFMX ","V020","300,1,N,0010,1","22000,1,C,N","999999,9,N,9","+0190,1","+0120,1","99999,9","2,000","01,1,+01500,9,08,9",,,,"10180,1,99999,9",,"0088,1",,"Q01+000002VOVAR Q02+000000PRSWM2"
"07586499999","1990-05-10T12:00:00","4","44.1","6.0","-999.0","CHATEAU ARNOUX, FR","FM-15","LFMX ","V020","240,1,N,0051,1","22000,1,C,N","011200,1,N,1","+0220,1","+0090,1","99999,9","2,000","02,1,+01800,9,08,9",,,,"10169,1,99999,9",,"0149,1",,"Q01+000000PRSWM2"
"07586499999","1990-05-10T15:00:00","4","44.1","6.0","-999.0","CHATEAU ARNOUX, FR","FM-15","LFMX ","V020","230,1,N,0051,1","99999,1,C,Y","009900,1,N,1","+0230,1","+0070,1","99999,9","2,000",,,,,"10159,1,99999,9",,"0139,1","MET005CAVOK","Q01+000000PRSWM2"
"07586499999","1990-05-11T04:00:00","4","44.1","6.0","-999.0","CHATEAU ARNOUX, FR","FM-15","LFMX ","V020","060,1,N,0021,1","99999,1,C,Y","009900,1,N,1","+0080,1","+0070,1","99999,9","2,999",,,,,"10149,1,99999,9",,,"MET005CAVOK","Q01+000000PRSWM2"
"07586499999","1990-05-11T06:00:00","4","44.1","6.0","-999.0","CHATEAU ARNOUX, FR","FM-15","LFMX ","V020","090,1,N,0010,1","99999,1,C,Y","009900,1,N,1","+0100,1","+0080,1","99999,9","1,000",,,,,"10149,1,99999,9",,,"MET005CAVOK","Q01+000000PRSWM2"
"07586499999","1990-05-11T09:00:00","4","44.1","6.0","-999.0","CHATEAU ARNOUX, FR","FM-15","LFMX ","V020","310,1,N,0010,1","22000,1,C,N","011200,1,N,1","+0180,1","+0080,1","99999,9","2,000","01,1,+00990,9,08,9",,,,"10139,1,99999,9",,,,"Q01+000000PRSWM2"
"07586499999","1990-05-11T12:00:00","4","44.1","6.0","-999.0","CHATEAU ARNOUX, FR","FM-15","LFMX ","V020","220,1,N,0031,1","22000,1,C,N","011200,1,N,1","+0220,1","+0080,1","99999,9","2,000","01,1,+00990,9,08,9","03,1,+06900,9,00,9",,,"10119,1,99999,9",,,,"Q01+000000PRSWM2"
"07586499999","1990-05-12T06:00:00","4","44.1","6.0","-999.0","CHATEAU ARNOUX, FR","FM-15","LFMX ","V020","120,1,N,0021,1","00390,1,C,N","008000,1,N,1","+0110,1","+0100,1","99999,9","2,000","06,1,+00390,9,07,9",,,,"10108,1,99999,9",,,,"Q01+000000PRSWM2"
"07586499999","1990-05-12T09:00:00","4","44.1","6.0","-999.0","CHATEAU ARNOUX, FR","FM-15","LFMX ","V020","280,1,N,0010,1","00480,1,C,N","008000,1,N,1","+0150,1","+0120,1","99999,9","2,000","02,1,+00300,9,08,9","05,1,+00480,9,05,9",,,"10119,1,99999,9",,,,"Q01+000000PRSWM2"
"07586499999","1990-05-12T12:00:00","4","44.1","6.0","-999.0","CHATEAU ARNOUX, FR","FM-15","LFMX ","V020","250,1,N,0031,1","22000,1,C,N","011200,1,N,1","+0200,1","+0130,1","99999,9","2,000","03,1,+01200,9,08,9",,,,"10108,1,99999,9",,,,"Q01+000000PRSWM2"
"07586499999","1990-05-12T15:00:00","4","44.1","6.0","-999.0","CHATEAU ARNOUX, FR","FM-15","LFMX ","V020","250,1,N,0031,1","22000,1,C,N","011200,1,N,1","+0220,1","+0110,1","99999,9","2,000","02,1,+01500,9,08,9","03,1,+03000,9,03,9",,,"10108,1,99999,9",,,,"Q01+000000PRSWM2"
"07586499999","1990-05-13T06:00:00","4","44.1","6.0","-999.0","CHATEAU ARNOUX, FR","FM-15","LFMX ","V020","080,1,N,0010,1","99999,1,C,Y","009900,1,N,1","+0120,1","+0110,1","99999,9","2,000",,,,,"10159,1,99999,9",,,"MET005CAVOK","Q01+000000PRSWM2"
"07586499999","1990-05-13T09:00:00","4","44.1","6.0","-999.0","CHATEAU ARNOUX, FR","FM-15","LFMX ","V020","250,1,N,0010,1","22000,1,C,N","011200,1,N,1","+0190,1","+0120,1","99999,9","2,000","01,1,+01380,9,08,9","04,1,+03000,9,03,9",,,"10149,1,99999,9",,,,"Q01+000000PRSWM2"
"07586499999","1990-05-13T12:00:00","4","44.1","6.0","-999.0","CHATEAU ARNOUX, FR","FM-15","LFMX ","V020","230,1,N,0051,1","03000,1,C,N","011200,1,N,1","+0210,1","+0070,1","99999,9","2,000","02,1,+01500,9,08,9","07,1,+03000,9,03,9",,,"10149,1,99999,9",,,,"Q01+000000PRSWM2"
"07586499999","1990-05-13T15:00:00","4","44.1","6.0","-999.0","CHATEAU ARNOUX, FR","FM-15","LFMX ","V020","200,1,N,0041,1","01500,1,C,N","011200,1,N,1","+0190,1","+0110,1","99999,9","2,008","01,1,+01380,9,09,9","06,1,+01500,9,08,9",,,"10149,1,99999,9","29,1",,,
"07586499999","1990-05-14T06:00:00","4","44.1","6.0","-999.0","CHATEAU ARNOUX, FR","FM-15","LFMX ","V020","100,1,N,0010,1","99999,1,C,Y","009900,1,N,1","+0110,1","+0100,1","99999,9","2,000",,,,,"10169,1,99999,9",,,"MET005CAVOK","Q01+000000PRSWM2"
"07586499999","1990-05-14T09:00:00","4","44.1","6.0","-999.0","CHATEAU ARNOUX, FR","FM-15","LFMX ","V020","080,1,N,0021,1","22000,1,C,N","011200,1,N,1","+0190,1","+0100,1","99999,9","2,000","01,1,+01500,9,08,9",,,,"10169,1,99999,9",,,,"Q01+000000PRSWM2"
"07586499999","1990-05-14T12:00:00","4","44.1","6.0","-999.0","CHATEAU ARNOUX, FR","FM-15","LFMX ","V020","220,1,N,0021,1","22000,1,C,N","011200,1,N,1","+0230,1","+0110,1","99999,9","2,000","02,1,+01800,9,08,9","03,1,+07800,9,00,9",,,"10159,1,99999,9",,"0118,1",,"Q01+000000PRSWM2"
"07586499999","1990-05-14T15:00:00","4","44.1","6.0","-999.0","CHATEAU ARNOUX, FR","FM-15","LFMX ","V020","200,1,N,0051,1","07800,1,C,N","011200,1,N,1","+0230,1","+0100,1","99999,9","2,000","03,1,+01800,9,08,9","03,1,+07800,9,00,9",,,"10149,1,99999,9",,"0139,1",,"Q01+000000PRSWM2"
"07586499999","1990-05-15T06:00:00","4","44.1","6.0","-999.0","CHATEAU ARNOUX, FR","FM-15","LFMX ","V020","130,1,N,0010,1","99999,1,C,Y","009900,1,N,1","+0130,1","+0120,1","99999,9","2,000",,,,,"10200,1,99999,9",,,"MET005CAVOK","Q01+000000PRSWM2"
"07586499999","1990-05-15T09:00:00","4","44.1","6.0","-999.0","CHATEAU ARNOUX, FR","FM-15","LFMX ","V020","220,1,N,0021,1","22000,1,C,N","011200,1,N,1","+0200,1","+0130,1","99999,9","2,000","01,1,+01500,9,08,9",,,,"10190,1,99999,9",,,,"Q01+000000PRSWM2"
"07586499999","1990-05-15T12:00:00","4","44.1","6.0","-999.0","CHATEAU ARNOUX, FR","FM-15","LFMX ","V020","200,1,N,0051,1","22000,1,C,N","011200,1,N,1","+0250,1","+0140,1","99999,9","2,000","01,1,+01500,9,08,9",,,,"10180,1,99999,9",,,,"Q01+000000PRSWM2"
"07586499999","1990-05-15T15:00:00","4","44.1","6.0","-999.0","CHATEAU ARNOUX, FR","FM-15","LFMX ","V020","260,1,N,0062,1","22000,1,C,N","011200,1,N,1","+0270,1","+0100,1","99999,9","2,000","02,1,+01800,9,08,9",,,,"10169,1,99999,9",,,,"Q01+000000PRSWM2"
"07586499999","1990-05-16T06:00:00","4","44.1","6.0","-999.0","CHATEAU ARNOUX, FR","FM-15","LFMX ","V020","090,1,N,0021,1","99999,1,C,Y","009900,1,N,1","+0160,1","+0120,1","99999,9","2,000",,,,,"10200,1,99999,9",,"0108,1","MET005CAVOK","Q01+000000PRSWM2"
"07586499999","1990-05-16T09:00:00","4","44.1","6.0","-999.0","CHATEAU ARNOUX, FR","FM-15","LFMX ","V020","010,1,N,0031,1","22000,1,C,N","011200,1,N,1","+0220,1","+0120,1","99999,9","2,000","01,1,+01200,9,08,9",,,,"10200,1,99999,9",,"0108,1",,"Q01+000000PRSWM2"
"07586499999","1990-05-16T12:00:00","4","44.1","6.0","-999.0","CHATEAU ARNOUX, FR","FM-15","LFMX ","V020","250,1,N,0021,1","22000,1,C,N","011200,1,N,1","+0250,1","+0130,1","99999,9","2,000","02,1,+01500,9,08,9",,,,"10190,1,99999,9",,"0098,1",,"Q01+000000PRSWM2"
"07586499999","1990-05-16T15:00:00","4","44.1","6.0","-999.0","CHATEAU ARNOUX, FR","FM-15","LFMX ","V020","210,1,N,0062,1","22000,1,C,N","011200,1,N,1","+0260,1","+0130,1","99999,9","2,000","03,1,+01800,9,08,9",,,,"10180,1,99999,9",,"0139,1",,"Q01+000000PRSWM2"
"07586499999","1990-05-17T06:00:00","4","44.1","6.0","-999.0","CHATEAU ARNOUX, FR","FM-15","LFMX ","V020","080,1,N,0010,1","99999,1,C,Y","009900,1,N,1","+0140,1","+0130,1","99999,9","2,000",,,,,"10190,1,99999,9",,"0088,1","MET005CAVOK","Q01+000000PRSWM2"
"07586499999","1990-05-17T09:00:00","4","44.1","6.0","-999.0","CHATEAU ARNOUX, FR","FM-15","LFMX ","V020","050,1,N,0010,1","22000,1,C,N","011200,1,N,1","+0210,1","+0140,1","99999,9","2,000","01,1,+01290,9,08,9",,,,"10190,1,99999,9",,"0088,1",,"Q01+000000PRSWM2"
"07586499999","1990-05-17T12:00:00","4","44.1","6.0","-999.0","CHATEAU ARNOUX, FR","FM-15","LFMX ","V020","200,1,N,0031,1","22000,1,C,N","011200,1,N,1","+0260,1","+0160,1","99999,9","2,000","02,1,+01500,9,09,9","01,1,+01500,9,08,9",,,"10169,1,99999,9",,"0108,1",,"Q01+000000PRSWM2"
"07586499999","1990-05-17T15:00:00","4","44.1","6.0","-999.0","CHATEAU ARNOUX, FR","FM-15","LFMX ","V020","060,1,N,0021,1","22000,1,C,N","011200,1,N,1","+0240,1","+0160,1","99999,9","2,008","01,1,+01500,9,09,9","02,1,+01500,9,08,9",,,"10159,1,99999,9","29,1","0108,1",,
"07586499999","1990-05-18T06:00:00","4","44.1","6.0","-999.0","CHATEAU ARNOUX, FR","FM-15","LFMX ","V020","100,1,N,0031,1","99999,1,C,Y","009900,1,N,1","+0140,1","+0120,1","99999,9","2,000",,,,,"10169,1,99999,9",,,"MET005CAVOK","Q01+000000PRSWM2"
"07586499999","1990-05-18T09:00:00","4","44.1","6.0","-999.0","CHATEAU ARNOUX, FR","FM-15","LFMX ","V020","350,1,N,0021,1","22000,1,C,N","011200,1,N,1","+0210,1","+0130,1","99999,9","2,000","01,1,+01500,9,08,9",,,,"10169,1,99999,9",,,,"Q01+000000PRSWM2"
"07586499999","1990-05-18T12:00:00","4","44.1","6.0","-999.0","CHATEAU ARNOUX, FR","FM-15","LFMX ","V020","250,1,N,0031,1","22000,1,C,N","011200,1,N,1","+0260,1","+0110,1","99999,9","2,000","01,1,+01500,9,08,9",,,,"10159,1,99999,9",,,,"Q01+000000PRSWM2"
"07586499999","1990-05-18T15:00:00","4","44.1","6.0","-999.0","CHATEAU ARNOUX, FR","FM-15","LFMX ","V020","220,1,N,0051,1","09000,1,C,N","011200,1,N,1","+0270,1","+0110,1","99999,9","2,000","02,1,+01800,9,08,9","06,1,+09000,9,00,9",,,"10149,1,99999,9",,,,"Q01+000000PRSWM2"
"07586499999","1990-05-19T06:00:00","4","44.1","6.0","-999.0","CHATEAU ARNOUX, FR","FM-15","LFMX ","V020","060,1,N,0010,1","06000,1,C,N","011200,1,N,1","+0150,1","+0130,1","99999,9","2,008","04,1,+02400,9,03,9","03,1,+06000,9,00,9",,,"10180,1,99999,9","29,1",,,
"07586499999","1990-05-19T09:00:00","4","44.1","6.0","-999.0","CHATEAU ARNOUX, FR","FM-15","LFMX ","V020","999,1,C,0000,1","22000,1,C,N","011200,1,N,1","+0200,1","+0140,1","99999,9","2,000","02,1,+00690,9,08,9",,,,"10190,1,99999,9",,,,"Q01+000000PRSWM2"
"07586499999","1990-05-19T12:00:00","4","44.1","6.0","-999.0","CHATEAU ARNOUX, FR","FM-15","LFMX ","V020","280,1,N,0021,1","22000,1,C,N","011200,1,N,1","+0210,1","+0140,1","99999,9","2,000","04,1,+00990,9,08,9",,,,"10180,1,99999,9",,,,"Q01+000000PRSWM2"
"07586499999","1990-05-19T15:00:00","4","44.1","6.0","-999.0","CHATEAU ARNOUX, FR","FM-15","LFMX ","V020","250,1,N,0021,1","22000,1,C,N","011200,1,N,1","+0230,1","+0140,1","99999,9","2,000","04,1,+00990,9,08,9",,,,"10169,1,99999,9",,,,"Q01+000000PRSWM2"
"07586499999","1990-05-20T04:00:00","4","44.1","6.0","-999.0","CHATEAU ARNOUX, FR","FM-15","LFMX ","V020","060,1,N,0010,1","22000,1,C,N","006000,1,N,1","+0120,1","+0110,1","99999,9","2,999","02,1,+03000,9,03,9",,,,"10180,1,99999,9",,,,"Q01+000000PRSWM2"
"07586499999","1990-05-20T06:00:00","4","44.1","6.0","-999.0","CHATEAU ARNOUX, FR","FM-15","LFMX ","V020","060,1,N,0010,1","00900,1,C,N","006000,1,N,1","+0130,1","+0120,1","99999,9","2,000","07,1,+00900,9,05,9",,,,"10190,1,99999,9",,,,"Q01+000000PRSWM2"
"07586499999","1990-05-20T09:00:00","4","44.1","6.0","-999.0","CHATEAU ARNOUX, FR","FM-15","LFMX ","V020","030,1,N,0021,1","06000,1,C,N","011200,1,N,1","+0200,1","+0150,1","99999,9","2,000","01,1,+00990,9,08,9","06,1,+06000,9,00,9",,,"10169,1,99999,9",,,,"Q01+000000PRSWM2"
"07586499999","1990-05-20T15:00:00","4","44.1","6.0","-999.0","CHATEAU ARNOUX, FR","FM-15","LFMX ","V020","120,1,N,0062,1","00600,1,C,N","011200,1,N,1","+0150,1","+0130,1","99999,9","2,005","07,1,+00600,9,05,9","01,1,+00990,9,09,9",,,"10159,1,99999,9","17,1","0129,1",,
"07586499999","1990-05-21T06:00:00","4","44.1","6.0","-999.0","CHATEAU ARNOUX, FR","FM-15","LFMX ","V020","999,1,C,0000,1","00330,1,C,N","005000,1,N,1","+0130,1","+0130,1","99999,9","2,000","01,1,+00090,9,07,9","06,1,+00330,9,05,9",,,"10159,1,99999,9",,,,"Q01+000000PRSWM2"
"07586499999","1990-05-22T06:00:00","4","44.1","6.0","-999.0","CHATEAU ARNOUX, FR","FM-15","LFMX ","V020","060,1,N,0021,1","99999,1,C,Y","009900,1,N,1","+0130,1","+0110,1","99999,9","2,000",,,,,"10139,1,99999,9",,,"MET005CAVOK","Q01+000000PRSWM2"
"07586499999","1990-05-22T09:00:00","4","44.1","6.0","-999.0","CHATEAU ARNOUX, FR","FM-15","LFMX ","V020","360,1,N,0021,1","99999,1,C,Y","009900,1,N,1","+0160,1","+0120,1","99999,9","2,000",,,,,"10149,1,99999,9",,,"MET005CAVOK","Q01+000000PRSWM2"
"07586499999","1990-05-22T15:00:00","4","44.1","6.0","-999.0","CHATEAU ARNOUX, FR","FM-15","LFMX ","V020","999,9,9,9999,9","03000,1,C,N","011200,1,N,1","+9999,9","+9999,9","99999,9","2,000","02,1,+00600,9,05,9","02,1,+00780,9,09,9","05,1,+03000,9,04,9",,,,,,"Q01+000000PRSWM2"
"07586499999","1990-05-23T09:00:00","4","44.1","6.0","-999.0","CHATEAU ARNOUX, FR","FM-15","LFMX ","V020","080,1,N,0010,1","22000,1,C,N","011200,1,N,1","+0190,1","+0120,1","99999,9","2,000","01,1,+01200,9,08,9","03,1,+07800,9,00,9",,,"10159,1,99999,9",,,,"Q01+000000PRSWM2"
"07586499999","1990-05-23T15:00:00","4","44.1","6.0","-999.0","CHATEAU ARNOUX, FR","FM-15","LFMX ","V020","220,1,N,0041,1","07500,1,C,N","999999,9,N,9","+0230,1","+0130,1","99999,9","2,000","01,1,+01500,9,09,9","07,1,+07500,9,02,9",,,"10139,1,99999,9",,,,"Q01+000002VOVAR Q02+000000PRSWM2"
"07586499999","1990-05-24T06:00:00","4","44.1","6.0","-999.0","CHATEAU ARNOUX, FR","FM-15","LFMX ","V020","020,1,N,0072,1","22000,1,C,N","011200,1,N,1","+0140,1","+0120,1","99999,9","2,000","01,1,+00300,9,07,9","03,1,+03000,9,03,9",,,"10119,1,99999,9",,,,"Q01+000000PRSWM2"
"07586499999","1990-05-24T09:00:00","4","44.1","6.0","-999.0","CHATEAU ARNOUX, FR","FM-15","LFMX ","V020","999,1,C,0000,1","03000,1,C,N","011200,1,N,1","+0170,1","+0130,1","99999,9","2,000","01,1,+01200,9,08,9","07,1,+03000,9,03,9",,,"10119,1,99999,9",,,,"Q01+000000PRSWM2"
"07586499999","1990-05-24T10:00:00","4","44.1","6.0","-999.0","CHATEAU ARNOUX, FR","FM-15","LFMX ","V020","140,1,N,0031,1","03000,1,C,N","011200,1,N,1","+0180,1","+0120,1","99999,9","2,999","02,1,+01200,9,08,9","05,1,+03000,9,03,9",,,"10119,1,99999,9",,,,"Q01+000000PRSWM2"
"07586499999","1990-05-24T12:00:00","4","44.1","6.0","-999.0","CHATEAU ARNOUX, FR","FM-15","LFMX ","V020","999,1,C,0000,1","22000,1,C,N","999999,9,N,9","+0200,1","+0110,1","99999,9","2,000","03,1,+06000,9,00,9",,,,"10119,1,99999,9",,,,"Q01+000002VOVAR Q02+000000PRSWM2"
"07586499999","1990-05-24T13:00:00","4","44.1","6.0","-999.0","CHATEAU ARNOUX, FR","FM-15","LFMX ","V020","220,1,N,0062,1","00990,1,C,N","011200,1,N,1","+0170,1","+0140,1","99999,9","2,999","07,1,+00990,9,08,9",,,,"10119,1,99999,9","80,1",,,
"07586499999","1990-05-25T06:00:00","4","44.1","6.0","-999.0","CHATEAU ARNOUX, FR","FM-15","LFMX ","V020","999,1,C,0000,1","00600,1,C,N","006000,1,N,1","+0130,1","+0120,1","99999,9","2,000","02,1,+00090,9,07,9","07,1,+00600,9,05,9",,,"10119,1,99999,9",,,,"Q01+000000PRSWM2"
"07586499999","1990-05-25T09:00:00","4","44.1","6.0","-999.0","CHATEAU ARNOUX, FR","FM-15","LFMX ","V020","040,1,N,0021,1","22000,1,C,N","011200,1,N,1","+0160,1","+0130,1","99999,9","2,000","03,1,+01500,9,08,9",,,,"10119,1,99999,9",,,,"Q01+000000PRSWM2"
"07586499999","1990-05-25T12:00:00","4","44.1","6.0","-999.0","CHATEAU ARNOUX, FR","FM-15","LFMX ","V020","350,1,N,0051,1","22000,1,C,N","011200,1,N,1","+0230,1","+0100,1","99999,9","2,000","02,1,+01500,9,08,9",,,,"10119,1,99999,9",,,,"Q01+000000PRSWM2"
"07586499999","1990-05-26T06:00:00","4","44.1","6.0","-999.0","CHATEAU ARNOUX, FR","FM-15","LFMX ","V020","040,1,N,0021,1","99999,1,C,Y","009900,1,N,1","+0150,1","+0100,1","99999,9","2,000",,,,,"10159,1,99999,9",,,"MET005CAVOK","Q01+000000PRSWM2"
"07586499999","1990-05-26T09:00:00","4","44.1","6.0","-999.0","CHATEAU ARNOUX, FR","FM-15","LFMX ","V020","360,1,N,0062,1","99999,1,C,Y","011200,1,N,1","+9999,9","+9999,9","99999,9","2,000",,,,,,,,"MET0781CU--XXPIE QIXQQ QPQ         ?     0 &16/08 -,.4     ?     L  ?KT CAVOK  8+)2?","Q01+000000PRSWM2"
"07586499999","1990-05-26T12:00:00","4","44.1","6.0","-999.0","CHATEAU ARNOUX, FR","FM-15","LFMX ","V020","220,1,N,0062,1","22000,1,C,N","011200,1,N,1","+0220,1","+0130,1","99999,9","2,000","03,1,+01800,9,08,9",,,,"10159,1,99999,9",,,,"Q01+000000PRSWM2"
"07586499999","1990-05-27T09:00:00","4","44.1","6.0","-999.0","CHATEAU ARNOUX, FR","FM-15","LFMX ","V020","220,1,N,0010,1","22000,1,C,N","011200,1,N,1","+0180,1","+0130,1","99999,9","2,000","03,1,+01200,9,08,9",,,,"10190,1,99999,9",,,,"Q01+000000PRSWM2"
"07586499999","1990-05-27T12:00:00","4","44.1","6.0","-999.0","CHATEAU ARNOUX, FR","FM-15","LFMX ","V020","260,1,N,0062,1","01380,1,C,N","011200,1,N,1","+0190,1","+0120,1","99999,9","2,005","03,1,+01200,9,09,9","03,1,+01380,9,08,9",,,"10180,1,99999,9","17,1",,,
"07586499999","1990-05-28T04:00:00","4","44.1","6.0","-999.0","CHATEAU ARNOUX, FR","FM-15","LFMX ","V020","360,1,N,0021,1","99999,1,C,Y","009900,1,N,1","+0110,1","+0090,1","99999,9","2,999",,,,,"10200,1,99999,9",,,"MET005CAVOK","Q01+000000PRSWM2"
"07586499999","1990-05-28T06:00:00","4","44.1","6.0","-999.0","CHATEAU ARNOUX, FR","FM-15","LFMX ","V020","040,1,N,0031,1","22000,1,C,N","011200,1,N,1","+0120,1","+0080,1","99999,9","2,000","01,1,+01500,9,08,9","04,1,+03000,9,03,9",,,"10210,1,99999,9",,,,"Q01+000000PRSWM2"
"07586499999","1990-05-28T09:00:00","4","44.1","6.0","-999.0","CHATEAU ARNOUX, FR","FM-15","LFMX ","V020","040,1,N,0021,1","03000,1,C,N","011200,1,N,1","+0180,1","+0090,1","99999,9","2,000","03,1,+01500,9,08,9","03,1,+03000,9,03,9",,,"10210,1,99999,9",,,,"Q01+000000PRSWM2"
"07586499999","1990-05-28T12:00:00","4","44.1","6.0","-999.0","CHATEAU ARNOUX, FR","FM-15","LFMX ","V020","260,1,N,0051,1","22000,1,C,N","011200,1,N,1","+0210,1","+0120,1","99999,9","2,000","04,1,+01500,9,08,9",,,,"10200,1,99999,9",,,,"Q01+000000PRSWM2"
"07586499999","1990-05-28T15:00:00","4","44.1","6.0","-999.0","CHATEAU ARNOUX, FR","FM-15","LFMX ","V020","200,1,N,0072,1","01500,1,C,N","011200,1,N,1","+0190,1","+0120,1","99999,9","2,000","02,1,+01380,9,09,9","04,1,+01500,9,08,9",,,"10200,1,99999,9",,,,"Q01+000000PRSWM2"
"07586499999","1990-05-29T06:00:00","4","44.1","6.0","-999.0","CHATEAU ARNOUX, FR","FM-15","LFMX ","V020","020,1,N,0051,1","99999,1,C,Y","009900,1,N,1","+0110,1","+0040,1","99999,9","2,000",,,,,"10190,1,99999,9",,,"MET005CAVOK","Q01+000000PRSWM2"
"07586499999","1990-05-29T12:00:00","4","44.1","6.0","-999.0","CHATEAU ARNOUX, FR","FM-15","LFMX ","V020","280,1,N,0010,1","22000,1,C,N","011200,1,N,1","+0210,1","+0080,1","99999,9","2,000","02,1,+01500,9,08,9",,,,"10190,1,99999,9",,,,"Q01+000000PRSWM2"
"07586499999","1990-05-29T15:00:00","4","44.1","6.0","-999.0","CHATEAU ARNOUX, FR","FM-15","LFMX ","V020","220,1,N,0021,1","01800,1,C,N","011200,1,N,1","+0220,1","+0100,1","99999,9","2,000","05,1,+01800,9,08,9",,,,"10190,1,99999,9",,,,"Q01+000000PRSWM2"
"07586499999","1990-05-30T04:00:00","4","44.1","6.0","-999.0","CHATEAU ARNOUX, FR","FM-15","LFMX ","V020","999,1,C,0000,1","22000,1,C,N","008000,1,N,1","+0100,1","+0080,1","99999,9","2,999","03,1,+01200,9,05,9",,,,"10210,1,99999,9",,,,"Q01+000000PRSWM2"
"07586499999","1990-05-30T06:00:00","4","44.1","6.0","-999.0","CHATEAU ARNOUX, FR","FM-15","LFMX ","V020","999,1,C,0000,1","22000,1,C,N","011200,1,N,1","+0120,1","+0090,1","99999,9","2,000","02,1,+01200,9,05,9","03,1,+03000,9,03,9",,,"10220,1,99999,9",,,,"Q01+000000PRSWM2"
"07586499999","1990-05-30T09:00:00","4","44.1","6.0","-999.0","CHATEAU ARNOUX, FR","FM-15","LFMX ","V020","220,1,N,0021,1","03000,1,C,N","011200,1,N,1","+0170,1","+0090,1","99999,9","2,000","02,1,+00780,9,08,9","08,1,+03000,9,04,9",,,"10210,1,99999,9",,,,"Q01+000000PRSWM2"
"07586499999","1990-05-30T15:00:00","4","44.1","6.0","-999.0","CHATEAU ARNOUX, FR","FM-15","LFMX ","V020","360,1,N,0021,1","00780,1,C,N","006000,1,N,1","+0120,1","+0090,1","99999,9","2,004","02,1,+00300,9,07,9","07,1,+00780,9,08,9",,,"10220,1,99999,9","60,1",,,
"07586499999","1990-05-31T06:00:00","4","44.1","6.0","-999.0","CHATEAU ARNOUX, FR","FM-15","LFMX ","V020","100,1,N,0010,1","22000,1,C,N","011200,1,N,1","+0090,1","+0080,1","99999,9","2,000","01,1,+00180,9,07,9",,,,"10230,1,99999,9",,,,"Q01+000000PRSWM2"
"07586499999","1990-05-31T09:00:00","4","44.1","6.0","-999.0","CHATEAU ARNOUX, FR","FM-15","LFMX ","V020","040,1,N,0021,1","22000,1,C,N","011200,1,N,1","+0160,1","+0100,1","99999,9","2,000","01,1,+01200,9,08,9",,,,"10220,1,99999,9",,,,"Q01+000000PRSWM2"
"07586499999","1990-05-31T12:00:00","4","44.1","6.0","-999.0","CHATEAU ARNOUX, FR","FM-15","LFMX ","V020","220,1,N,0062,1","22000,1,C,N","011200,1,N,1","+0200,1","+0120,1","99999,9","2,000","04,1,+01500,9,08,9",,,,"10220,1,99999,9",,,,"Q01+000000PRSWM2"
"07586499999","1990-05-31T15:00:00","4","44.1","6.0","-999.0","CHATEAU ARNOUX, FR","FM-15","LFMX ","V020","999,9,9,9999,9","01500,1,C,N","011200,1,N,1","+0210,1","+0100,1","99999,9","2,000","05,1,+01500,9,08,9",,,,"10220,1,99999,9",,,,"Q01+000000PRSWM2"
"07586499999","1990-06-01T06:00:00","4","44.1","6.0","-999.0","CHATEAU ARNOUX, FR","FM-15","LFMX ","V020","060,1,N,0021,1","99999,1,C,Y","009900,1,N,1","+0110,1","+0100,1","99999,9","2,000",,,,,"10240,1,99999,9",,,"MET005CAVOK","Q01+000000PRSWM2"
"07586499999","1990-06-01T12:00:00","4","44.1","6.0","-999.0","CHATEAU ARNOUX, FR","FM-15","LFMX ","V020","240,1,N,0062,1","22000,1,C,N","011200,1,N,1","+0220,1","+0100,1","99999,9","2,000","01,1,+01500,9,08,9",,,,"10220,1,99999,9",,,,"Q01+000000PRSWM2"
"07586499999","1990-06-01T15:00:00","4","44.1","6.0","-999.0","CHATEAU ARNOUX, FR","FM-15","LFMX ","V020","240,1,N,0051,1","22000,1,C,N","011200,1,N,1","+0230,1","+0100,1","99999,9","2,000","01,1,+01500,9,08,9",,,,"10200,1,99999,9",,,,"Q01+000000PRSWM2"
"07586499999","1990-06-02T06:00:00","4","44.1","6.0","-999.0","CHATEAU ARNOUX, FR","FM-15","LFMX ","V020","999,1,C,0000,1","99999,1,C,Y","009900,1,N,1","+0110,1","+0100,1","99999,9","2,000",,,,,"10190,1,99999,9",,,"MET005CAVOK","Q01+000000PRSWM2"
"07586499999","1990-06-02T09:00:00","4","44.1","6.0","-999.0","CHATEAU ARNOUX, FR","FM-15","LFMX ","V020","260,1,N,0031,1","99999,1,C,Y","009900,1,N,1","+0180,1","+0100,1","99999,9","2,000",,,,,"10180,1,99999,9",,,"MET005CAVOK","Q01+000000PRSWM2"
"07586499999","1990-06-02T12:00:00","4","44.1","6.0","-999.0","CHATEAU ARNOUX, FR","FM-15","LFMX ","V020","240,1,N,0021,1","02700,1,C,N","011200,1,N,1","+0200,1","+0100,1","99999,9","2,000","03,1,+01500,9,08,9","08,1,+02700,9,04,9",,,"10159,1,99999,9",,,,"Q01+000000PRSWM2"
"07586499999","1990-06-02T15:00:00","4","44.1","6.0","-999.0","CHATEAU ARNOUX, FR","FM-15","LFMX ","V020","040,1,N,0031,1","02700,1,C,N","011200,1,N,1","+0200,1","+0120,1","99999,9","2,000","03,1,+01500,9,08,9","07,1,+02700,9,04,9",,,"10149,1,99999,9",,,,"Q01+000000PRSWM2"
"07586499999","1990-06-03T06:00:00","4","44.1","6.0","-999.0","CHATEAU ARNOUX, FR","FM-15","LFMX ","V020","020,1,N,0051,1","07800,1,C,N","011200,1,N,1","+0140,1","+0070,1","99999,9","2,000","01,1,+00990,9,05,9","05,1,+07800,9,00,9",,,"10108,1,99999,9",,,,"Q01+000000PRSWM2"
"07586499999","1990-06-03T09:00:00","4","44.1","6.0","-999.0","CHATEAU ARNOUX, FR","FM-15","LFMX ","V020","040,1,N,0051,1","99999,1,C,Y","009900,1,N,1","+0180,1","+0070,1","99999,9","2,000",,,,,"10108,1,99999,9",,,"MET005CAVOK","Q01+000000PRSWM2"
"07586499999","1990-06-03T12:00:00","4","44.1","6.0","-999.0","CHATEAU ARNOUX, FR","FM-15","LFMX ","V020","040,1,N,0051,1","99999,1,C,Y","009900,1,N,1","+0220,1","+0090,1","99999,9","2,000",,,,,"10108,1,99999,9",,,"MET005CAVOK","Q01+000000PRSWM2"
"07586499999","1990-06-03T15:00:00","4","44.1","6.0","-999.0","CHATEAU ARNOUX, FR","FM-15","LFMX ","V020","040,1,N,0010,1","07800,1,C,N","011200,1,N,1","+0240,1","+0100,1","99999,9","2,000","01,1,+01290,9,05,9","06,1,+07800,9,00,9",,,"10102,1,99999,9",,,,"Q01+000000PRSWM2"
"07586499999","1990-06-04T06:00:00","4","44.1","6.0","-999.0","CHATEAU ARNOUX, FR","FM-15","LFMX ","V020","120,1,N,0010,1","99999,1,C,Y","009900,1,N,1","+0140,1","+0100,1","99999,9","2,000",,,,,"10108,1,99999,9",,,"MET005CAVOK","Q01+000000PRSWM2"
"07586499999","1990-06-04T09:00:00","4","44.1","6.0","-999.0","CHATEAU ARNOUX, FR","FM-15","LFMX ","V020","100,1,N,0010,1","03000,1,C,N","011200,1,N,1","+0200,1","+0130,1","99999,9","2,000","02,1,+01200,9,05,9","04,1,+03000,9,03,9",,,"10108,1,99999,9",,,,"Q01+000000PRSWM2"
"07586499999","1990-06-04T12:00:00","4","44.1","6.0","-999.0","CHATEAU ARNOUX, FR","FM-15","LFMX ","V020","260,1,N,0010,1","22000,1,C,N","011200,1,N,1","+0250,1","+0150,1","99999,9","2,000","02,1,+01500,9,08,9","03,1,+07800,9,00,9",,,"10102,1,99999,9",,,,"Q01+000000PRSWM2"
"07586499999","1990-06-04T15:00:00","4","44.1","6.0","-999.0","CHATEAU ARNOUX, FR","FM-15","LFMX ","V020","020,1,N,0072,1","01500,1,C,N","011200,1,N,1","+0230,1","+0140,1","99999,9","2,000","06,1,+01500,9,08,9","03,1,+07800,9,00,9",,,"10102,1,99999,9",,,,"Q01+000000PRSWM2"
"07586499999","1990-06-05T04:00:00","4","44.1","6.0","-999.0","CHATEAU ARNOUX, FR","FM-15","LFMX ","V020","080,1,N,0010,1","03000,1,C,N","011200,1,N,1","+0140,1","+0110,1","99999,9","1,999","03,1,+01500,9,05,9","05,1,+03000,9,03,9",,,"10102,1,99999,9",,,,"Q01+000000PRSWM2"
"07586499999","1990-06-05T06:00:00","4","44.1","6.0","-999.0","CHATEAU ARNOUX, FR","FM-15","LFMX ","V020","080,1,N,0041,1","03000,1,C,N","011200,1,N,1","+0160,1","+0120,1","99999,9","2,000","02,1,+01500,9,05,9","05,1,+03000,9,03,9",,,"10102,1,99999,9",,,,"Q01+000000PRSWM2"
"07586499999","1990-06-06T04:00:00","4","44.1","6.0","-999.0","CHATEAU ARNOUX, FR","FM-15","LFMX ","V020","020,1,N,0082,1","22000,1,C,N","002000,1,N,1","+0130,1","+0100,1","99999,9","2,999","02,1,+00780,9,05,9",,,,"10102,1,99999,9",,,,"Q01+000000PRSWM2"
"07586499999","1990-06-06T06:00:00","4","44.1","6.0","-999.0","CHATEAU ARNOUX, FR","FM-15","LFMX ","V020","040,1,N,0082,1","22000,1,C,N","011200,1,N,1","+0140,1","+0090,1","99999,9","2,000","02,1,+00990,9,05,9",,,,"10102,1,99999,9",,,,"Q01+000000PRSWM2"
"07586499999","1990-06-06T12:00:00","4","44.1","6.0","-999.0","CHATEAU ARNOUX, FR","FM-15","LFMX ","V020","020,1,N,0062,1","22000,1,C,N","011200,1,N,1","+0210,1","+0110,1","99999,9","2,000","01,1,+01800,9,08,9",,,,"10091,1,99999,9",,,,"Q01+000000PRSWM2"
"07586499999","1990-06-06T15:00:00","4","44.1","6.0","-999.0","CHATEAU ARNOUX, FR","FM-15","LFMX ","V020","020,1,N,0062,1","22000,1,C,N","011200,1,N,1","+0220,1","+0110,1","99999,9","2,000","01,1,+01800,9,08,9",,,,"10091,1,99999,9",,,,"Q01+000000PRSWM2"
"07586499999","1990-06-07T09:00:00","4","44.1","6.0","-999.0","CHATEAU ARNOUX, FR","FM-15","LFMX ","V020","040,1,N,0041,1","22000,1,C,N","011200,1,N,1","+0200,1","+0110,1","99999,9","2,000","01,1,+01200,9,08,9","04,1,+07800,9,00,9",,,"10129,1,99999,9",,,,"Q01+000000PRSWM2"
"07586499999","1990-06-08T06:00:00","4","44.1","6.0","-999.0","CHATEAU ARNOUX, FR","FM-15","LFMX ","V020","999,1,C,0000,1","03000,1,C,N","011200,1,N,1","+0140,1","+0120,1","99999,9","2,000","03,1,+01200,9,05,9","07,1,+03000,9,03,9",,,"10108,1,99999,9",,,"MET006NOSIG?","Q01+000000PRSWM2"
"07586499999","1990-06-08T12:00:00","4","44.1","6.0","-999.0","CHATEAU ARNOUX, FR","FM-15","LFMX ","V020","040,1,N,0041,1","03900,1,C,N","011200,1,N,1","+0200,1","+0110,1","99999,9","2,000","03,1,+01500,9,08,9","03,1,+03900,9,03,9",,,"10108,1,99999,9",,,,"Q01+000000PRSWM2"
"07586499999","1990-06-09T04:00:00","4","44.1","6.0","-999.0","CHATEAU ARNOUX, FR","FM-15","LFMX ","V020","360,1,N,0098,1","99999,1,C,Y","009900,1,N,1","+0120,1","+0040,1","99999,9","2,999",,,,,"10108,1,99999,9",,,"MET005CAVOK","Q01+000000PRSWM2"
"07586499999","1990-06-09T06:00:00","4","44.1","6.0","-999.0","CHATEAU ARNOUX, FR","FM-15","LFMX ","V020","020,1,N,0051,1","99999,1,C,Y","009900,1,N,1","+0140,1","+0050,1","99999,9","2,000",,,,,"10119,1,99999,9",,,"MET005CAVOK","Q01+000000PRSWM2"
"07586499999","1990-06-09T12:00:00","4","44.1","6.0","-999.0","CHATEAU ARNOUX, FR","FM-15","LFMX ","V020","340,1,N,0031,1","22000,1,C,N","011200,1,N,1","+0200,1","+0050,1","99999,9","2,000","01,1,+00780,9,08,9",,,,"10108,1,99999,9",,,,"Q01+000000PRSWM2"
"07586499999","1990-06-10T05:00:00","4","44.1","6.0","-999.0","CHATEAU ARNOUX, FR","FM-15","LFMX ","V020","020,1,N,0051,1","99999,1,C,Y","009900,1,N,1","+0110,1","+0050,1","99999,9","2,999",,,,,"10119,1,99999,9",,,"MET005CAVOK","Q01+000000PRSWM2"
"07586499999","1990-06-10T06:00:00","4","44.1","6.0","-999.0","CHATEAU ARNOUX, FR","FM-15","LFMX ","V020","040,1,N,0062,1","99999,1,C,Y","009900,1,N,1","+0120,1","+0050,1","99999,9","2,000",,,,,"10119,1,99999,9",,,"MET005CAVOK","Q01+000000PRSWM2"
"07586499999","1990-06-10T09:00:00","4","44.1","6.0","-999.0","CHATEAU ARNOUX, FR","FM-15","LFMX ","V020","040,1,N,0072,1","22000,1,C,N","011200,1,N,1","+0160,1","+0050,1","99999,9","2,000","01,1,+01290,9,08,9",,,,"10129,1,99999,9",,,,"Q01+000000PRSWM2"
"07586499999","1990-06-10T12:00:00","4","44.1","6.0","-999.0","CHATEAU ARNOUX, FR","FM-15","LFMX ","V020","360,1,N,0041,1","22000,1,C,N","011200,1,N,1","+0190,1","+0060,1","99999,9","2,000","01,1,+01290,9,08,9",,,,"10119,1,99999,9",,,,"Q01+000000PRSWM2"
"07586499999","1990-06-10T15:00:00","4","44.1","6.0","-999.0","CHATEAU ARNOUX, FR","FM-15","LFMX ","V020","360,1,N,0072,1","22000,1,C,N","011200,1,N,1","+0200,1","+0050,1","99999,9","2,000","01,1,+01290,9,08,9",,,,"10129,1,99999,9",,,,"Q01+000000PRSWM2"
"07586499999","1990-06-11T04:00:00","4","44.1","6.0","-999.0","CHATEAU ARNOUX, FR","FM-15","LFMX ","V020","060,1,N,0051,1","99999,1,C,Y","009900,1,N,1","+0100,1","+0050,1","99999,9","1,999",,,,,"10159,1,99999,9",,,"MET005CAVOK","Q01+000000PRSWM2"
"07586499999","1990-06-11T06:00:00","4","44.1","6.0","-999.0","CHATEAU ARNOUX, FR","FM-15","LFMX ","V020","040,1,N,0041,1","99999,1,C,Y","009900,1,N,1","+0120,1","+0060,1","99999,9","2,000",,,,,"10159,1,99999,9",,,"MET005CAVOK","Q01+000000PRSWM2"
"07586499999","1990-06-11T09:00:00","4","44.1","6.0","-999.0","CHATEAU ARNOUX, FR","FM-15","LFMX ","V020","040,1,N,0021,1","99999,1,C,Y","009900,1,N,1","+0180,1","+0080,1","99999,9","2,000",,,,,"10149,1,99999,9",,,"MET005CAVOK","Q01+000000PRSWM2"
"07586499999","1990-06-11T12:00:00","4","44.1","6.0","-999.0","CHATEAU ARNOUX, FR","FM-15","LFMX ","V020","240,1,N,0031,1","06900,1,C,N","011200,1,N,1","+0230,1","+0080,1","99999,9","2,000","01,1,+00780,9,08,9","06,1,+06900,9,00,9",,,"10139,1,99999,9",,,,"Q01+000000PRSWM2"
"07586499999","1990-06-11T15:00:00","4","44.1","6.0","-999.0","CHATEAU ARNOUX, FR","FM-15","LFMX ","V020","240,1,N,0062,1","06900,1,C,N","011200,1,N,1","+0210,1","+0080,1","99999,9","2,000","01,1,+00780,9,08,9","04,1,+03000,9,03,9","07,1,+06900,9,04,9",,"10139,1,99999,9",,,,"Q01+000000PRSWM2"
"07586499999","1990-06-12T04:00:00","4","44.1","6.0","-999.0","CHATEAU ARNOUX, FR","FM-15","LFMX ","V020","999,1,C,0000,1","00600,1,C,N","004000,1,N,1","+0110,1","+0110,1","99999,9","2,999","02,1,+00090,9,07,9","06,1,+00600,9,05,9","08,1,+03000,9,03,9",,"10139,1,99999,9",,,,"Q01+000000PRSWM2"
"07586499999","1990-06-12T06:00:00","4","44.1","6.0","-999.0","CHATEAU ARNOUX, FR","FM-15","LFMX ","V020","260,1,N,0021,1","00180,1,C,N","000800,1,N,1","+0120,1","+0110,1","99999,9","2,005","02,1,+00090,9,08,9","08,1,+00180,9,07,9",,,"10149,1,99999,9","60,1",,,
"07586499999","1990-06-12T09:00:00","4","44.1","6.0","-999.0","CHATEAU ARNOUX, FR","FM-15","LFMX ","V020","260,1,N,0021,1","00090,1,C,N","000600,1,N,1","+0120,1","+0110,1","99999,9","2,005","05,1,+00090,9,08,9","08,1,+00180,9,07,9",,,"10149,1,99999,9","60,1",,,
"07586499999","1990-06-12T15:00:00","4","44.1","6.0","-999.0","CHATEAU ARNOUX, FR","FM-15","LFMX ","V020","240,1,N,0010,1","00600,1,C,N","011200,1,N,1","+0170,1","+0130,1","99999,9","2,008","06,1,+00600,9,08,9",,,,"10139,1,99999,9","80,1",,,
"07586499999","1990-06-13T06:00:00","4","44.1","6.0","-999.0","CHATEAU ARNOUX, FR","FM-15","LFMX ","V020","020,1,N,0031,1","22000,1,C,N","011200,1,N,1","+0130,1","+0100,1","99999,9","2,000","01,1,+00780,9,08,9",,,,"10149,1,99999,9",,,,"Q01+000000PRSWM2"
"07586499999","1990-06-13T09:00:00","4","44.1","6.0","-999.0","CHATEAU ARNOUX, FR","FM-15","LFMX ","V020","020,1,N,0051,1","22000,1,C,N","011200,1,N,1","+0190,1","+0110,1","99999,9","2,000","01,1,+01290,9,08,9",,,,"10149,1,99999,9",,,,"Q01+000000PRSWM2"
"07586499999","1990-06-13T12:00:00","4","44.1","6.0","-999.0","CHATEAU ARNOUX, FR","FM-15","LFMX ","V020","020,1,N,0051,1","22000,1,C,N","011200,1,N,1","+0220,1","+0110,1","99999,9","2,000","01,1,+01500,9,08,9",,,,"10139,1,99999,9",,,,"Q01+000000PRSWM2"
"07586499999","1990-06-13T15:00:00","4","44.1","6.0","-999.0","CHATEAU ARNOUX, FR","FM-15","LFMX ","V020","020,1,N,0031,1","22000,1,C,N","011200,1,N,1","+0230,1","+0110,1","99999,9","2,000","01,1,+01800,9,08,9",,,,"10129,1,99999,9",,,,"Q01+000000PRSWM2"
"07586499999","1990-06-14T04:00:00","4","44.1","6.0","-999.0","CHATEAU ARNOUX, FR","FM-15","LFMX ","V020","140,1,N,0021,1","99999,1,C,Y","009900,1,N,1","+0110,1","+0080,1","99999,9","2,999",,,,,"10159,1,99999,9",,,"MET005CAVOK","Q01+000000PRSWM2"
"07586499999","1990-06-14T06:00:00","4","44.1","6.0","-999.0","CHATEAU ARNOUX, FR","FM-15","LFMX ","V020","100,1,N,0031,1","99999,1,C,Y","009900,1,N,1","+0130,1","+0090,1","99999,9","2,000",,,,,"10169,1,99999,9",,,"MET005CAVOK","Q01+000000PRSWM2"
"07586499999","1990-06-14T09:00:00","4","44.1","6.0","-999.0","CHATEAU ARNOUX, FR","FM-15","LFMX ","V020","120,1,N,0021,1","22000,1,C,N","011200,1,N,1","+0190,1","+0110,1","99999,9","2,000","01,1,+01500,9,08,9",,,,"10169,1,99999,9",,,,"Q01+000000PRSWM2"
"07586499999","1990-06-14T12:00:00","4","44.1","6.0","-999.0","CHATEAU ARNOUX, FR","FM-15","LFMX ","V020","220,1,N,0031,1","03000,1,C,N","011200,1,N,1","+0200,1","+0100,1","99999,9","2,000","01,1,+01200,9,08,9","08,1,+03000,9,04,9",,,"10159,1,99999,9",,,,"Q01+000000PRSWM2"
"07586499999","1990-06-14T15:00:00","4","44.1","6.0","-999.0","CHATEAU ARNOUX, FR","FM-15","LFMX ","V020","260,1,N,0010,1","99999,1,C,Y","009900,1,N,1","+0200,1","+0110,1","99999,9","2,000",,,,,"10159,1,99999,9",,,"MET005CAVOK","Q01+000000PRSWM2"
"07586499999","1990-06-15T06:00:00","4","44.1","6.0","-999.0","CHATEAU ARNOUX, FR","FM-15","LFMX ","V020","060,1,N,0021,1","22000,1,C,N","005000,1,N,1","+0140,1","+0110,1","99999,9","2,000",,,,,"10159,1,99999,9",,,,"Q01+000000PRSWM2"
"07586499999","1990-06-15T12:00:00","4","44.1","6.0","-999.0","CHATEAU ARNOUX, FR","FM-15","LFMX ","V020","220,1,N,0021,1","22000,1,C,N","011200,1,N,1","+0220,1","+0110,1","99999,9","2,000","02,1,+01800,9,08,9",,,,"10149,1,99999,9",,,,"Q01+000000PRSWM2"
"07586499999","1990-06-15T15:00:00","4","44.1","6.0","-999.0","CHATEAU ARNOUX, FR","FM-15","LFMX ","V020","320,1,N,0010,1","22000,1,C,N","011200,1,N,1","+0250,1","+0090,1","99999,9","2,000","02,1,+01800,9,08,9",,,,"10129,1,99999,9",,,,"Q01+000000PRSWM2"
"07586499999","1990-06-16T04:00:00","4","44.1","6.0","-999.0","CHATEAU ARNOUX, FR","FM-15","LFMX ","V020","040,1,N,0010,1","99999,1,C,Y","009900,1,N,1","+0110,1","+0070,1","99999,9","1,999",,,,,"10169,1,99999,9",,,"MET005CAVOK","Q01+000000PRSWM2"
"07586499999","1990-06-16T06:00:00","4","44.1","6.0","-999.0","CHATEAU ARNOUX, FR","FM-15","LFMX ","V020","060,1,N,0041,1","99999,1,C,Y","009900,1,N,1","+0150,1","+0080,1","99999,9","2,000",,,,,"10180,1,99999,9",,,"MET005CAVOK","Q01+000000PRSWM2"
"07586499999","1990-06-16T09:00:00","4","44.1","6.0","-999.0","CHATEAU ARNOUX, FR","FM-15","LFMX ","V020","040,1,N,0010,1","99999,1,C,Y","009900,1,N,1","+0200,1","+0090,1","99999,9","2,000",,,,,"10169,1,99999,9",,,"MET005CAVOK","Q01+000000PRSWM2"
"07586499999","1990-06-16T12:00:00","4","44.1","6.0","-999.0","CHATEAU ARNOUX, FR","FM-15","LFMX ","V020","260,1,N,0062,1","09000,1,C,N","011200,1,N,1","+0230,1","+0090,1","99999,9","2,000","01,1,+01500,9,08,9","06,1,+09000,9,00,9",,,"10159,1,99999,9",,,,"Q01+000000PRSWM2"
"07586499999","1990-06-16T15:00:00","4","44.1","6.0","-999.0","CHATEAU ARNOUX, FR","FM-15","LFMX ","V020","220,1,N,0062,1","07800,1,C,N","011200,1,N,1","+0240,1","+0100,1","99999,9","2,000","01,1,+01500,9,08,9","07,1,+07800,9,02,9",,,"10149,1,99999,9",,,,"Q01+000000PRSWM2"
"07586499999","1990-06-17T04:00:00","4","44.1","6.0","-999.0","CHATEAU ARNOUX, FR","FM-15","LFMX ","V020","080,1,N,0010,1","99999,1,C,Y","009900,1,N,1","+0090,1","+0080,1","99999,9","2,999",,,,,"10159,1,99999,9",,,"MET005CAVOK","Q01+000000PRSWM2"
"07586499999","1990-06-17T06:00:00","4","44.1","6.0","-999.0","CHATEAU ARNOUX, FR","FM-15","LFMX ","V020","120,1,N,0010,1","99999,1,C,Y","009900,1,N,1","+0120,1","+0090,1","99999,9","2,000",,,,,"10159,1,99999,9",,,"MET005CAVOK","Q01+000000PRSWM2"
"07586499999","1990-06-17T09:00:00","4","44.1","6.0","-999.0","CHATEAU ARNOUX, FR","FM-15","LFMX ","V020","120,1,N,0010,1","22000,1,C,N","011200,1,N,1","+0220,1","+0120,1","99999,9","2,000","01,1,+01500,9,08,9",,,,"10159,1,99999,9",,,,"Q01+000000PRSWM2"
"07586499999","1990-06-17T12:00:00","4","44.1","6.0","-999.0","CHATEAU ARNOUX, FR","FM-15","LFMX ","V020","220,1,N,0015,1","09000,1,C,N","011200,1,N,1","+0250,1","+0110,1","99999,9","2,000","01,1,+01500,9,08,9","05,1,+09000,9,00,9",,,"10149,1,99999,9",,,,"Q01+000000PRSWM2"
"07586499999","1990-06-18T04:00:00","4","44.1","6.0","-999.0","CHATEAU ARNOUX, FR","FM-15","LFMX ","V020","999,1,C,0000,1","03000,1,C,N","011200,1,N,1","+0150,1","+0130,1","99999,9","2,999","08,1,+03000,9,03,9",,,,"10159,1,99999,9","21,1",,,
"07586499999","1990-06-18T06:00:00","4","44.1","6.0","-999.0","CHATEAU ARNOUX, FR","FM-15","LFMX ","V020","020,1,N,0010,1","99999,1,C,Y","009900,1,N,1","+0160,1","+0150,1","99999,9","2,000",,,,,"10159,1,99999,9",,,"MET005CAVOK","Q01+000000PRSWM2"
"07586499999","1990-06-18T12:00:00","4","44.1","6.0","-999.0","CHATEAU ARNOUX, FR","FM-15","LFMX ","V020","240,1,N,0031,1","22000,1,C,N","011200,1,N,1","+0240,1","+0140,1","99999,9","2,000","04,1,+01200,9,08,9",,,,"10159,1,99999,9",,,,"Q01+000000PRSWM2"
"07586499999","1990-06-18T15:00:00","4","44.1","6.0","-999.0","CHATEAU ARNOUX, FR","FM-15","LFMX ","V020","240,1,N,0051,1","22000,1,C,N","011200,1,N,1","+0250,1","+0150,1","99999,9","2,000","01,1,+00990,9,09,9","04,1,+01200,9,08,9",,,"10149,1,99999,9",,,,"Q01+000000PRSWM2"
"07586499999","1990-06-19T04:00:00","4","44.1","6.0","-999.0","CHATEAU ARNOUX, FR","FM-15","LFMX ","V020","200,1,N,0010,1","22000,1,C,N","003000,1,N,1","+0130,1","+0130,1","99999,9","1,999","01,1,+03000,9,03,9",,,,"10180,1,99999,9",,,,"Q01+000000PRSWM2"
"07586499999","1990-06-19T06:00:00","4","44.1","6.0","-999.0","CHATEAU ARNOUX, FR","FM-15","LFMX ","V020","100,1,N,0010,1","22000,1,C,N","004000,1,N,1","+0150,1","+0140,1","99999,9","2,000",,,,,"10190,1,99999,9","10,1",,,
"07586499999","1990-06-19T09:00:00","4","44.1","6.0","-999.0","CHATEAU ARNOUX, FR","FM-15","LFMX ","V020","240,1,N,0051,1","22000,1,C,N","007000,1,N,1","+0210,1","+0160,1","99999,9","2,000","01,1,+00990,9,08,9",,,,"10190,1,99999,9",,,,"Q01+000000PRSWM2"
"07586499999","1990-06-19T12:00:00","4","44.1","6.0","-999.0","CHATEAU ARNOUX, FR","FM-15","LFMX ","V020","240,1,N,0062,1","22000,1,C,N","011200,1,N,1","+0260,1","+0160,1","99999,9","2,000","01,1,+01290,9,08,9",,,,"10180,1,99999,9",,,,"Q01+000000PRSWM2"
"07586499999","1990-06-19T15:00:00","4","44.1","6.0","-999.0","CHATEAU ARNOUX, FR","FM-15","LFMX ","V020","220,1,N,0062,1","22000,1,C,N","011200,1,N,1","+0270,1","+0150,1","99999,9","2,000","01,1,+01500,9,08,9",,,,"10180,1,99999,9",,,,"Q01+000000PRSWM2"
"07586499999","1990-06-20T06:00:00","4","44.1","6.0","-999.0","CHATEAU ARNOUX, FR","FM-15","LFMX ","V020","060,1,N,0010,1","99999,1,C,Y","009900,1,N,1","+0160,1","+0130,1","99999,9","2,000",,,,,"10159,1,99999,9",,,"MET005CAVOK","Q01+000000PRSWM2"
"07586499999","1990-06-20T09:00:00","4","44.1","6.0","-999.0","CHATEAU ARNOUX, FR","FM-15","LFMX ","V020","240,1,N,0010,1","99999,1,C,Y","009900,1,N,1","+0230,1","+0140,1","99999,9","2,000",,,,,"10149,1,99999,9",,,"MET005CAVOK","Q01+000000PRSWM2"
"07586499999","1990-06-21T04:00:00","4","44.1","6.0","-999.0","CHATEAU ARNOUX, FR","FM-15","LFMX ","V020","040,1,N,0062,1","22000,1,C,N","011200,1,N,1","+0130,1","+0110,1","99999,9","1,999","01,1,+00780,9,05,9",,,,"10159,1,99999,9",,,,"Q01+000000PRSWM2"
"07586499999","1990-06-21T06:00:00","4","44.1","6.0","-999.0","CHATEAU ARNOUX, FR","FM-15","LFMX ","V020","060,1,N,0082,1","09000,1,C,N","011200,1,N,1","+0130,1","+0110,1","99999,9","2,000","01,1,+00780,9,05,9","04,1,+03000,9,03,9","06,1,+09000,9,00,9",,"10149,1,99999,9",,,,"Q01+000000PRSWM2"
"07586499999","1990-06-21T09:00:00","4","44.1","6.0","-999.0","CHATEAU ARNOUX, FR","FM-15","LFMX ","V020","020,1,N,0051,1","99999,1,C,Y","009900,1,N,1","+0180,1","+0110,1","99999,9","2,000",,,,,"10159,1,99999,9",,,"MET005CAVOK","Q01+000000PRSWM2"
"07586499999","1990-06-21T15:00:00","4","44.1","6.0","-999.0","CHATEAU ARNOUX, FR","FM-15","LFMX ","V020","260,1,N,0041,1","09000,1,C,N","011200,1,N,1","+0260,1","+0090,1","99999,9","2,000","01,1,+01800,9,08,9","05,1,+09000,9,00,9",,,"10139,1,99999,9",,,,"Q01+000000PRSWM2"
"07586499999","1990-06-22T04:00:00","4","44.1","6.0","-999.0","CHATEAU ARNOUX, FR","FM-15","LFMX ","V020","140,1,N,0010,1","01200,1,C,N","011200,1,N,1","+0140,1","+0110,1","99999,9","1,999","08,1,+01200,9,05,9",,,,"10139,1,99999,9",,,,"Q01+000000PRSWM2"
"07586499999","1990-06-22T06:00:00","4","44.1","6.0","-999.0","CHATEAU ARNOUX, FR","FM-15","LFMX ","V020","120,1,N,0010,1","22000,1,C,N","011200,1,N,1","+0150,1","+0120,1","99999,9","2,000","03,1,+01200,9,05,9",,,,"10139,1,99999,9",,,,"Q01+000000PRSWM2"
"07586499999","1990-06-22T09:00:00","4","44.1","6.0","-999.0","CHATEAU ARNOUX, FR","FM-15","LFMX ","V020","360,1,N,0010,1","22000,1,C,N","011200,1,N,1","+0210,1","+0150,1","99999,9","2,000","03,1,+01200,9,05,9",,,,"10149,1,99999,9",,,,"Q01+000000PRSWM2"
"07586499999","1990-06-22T12:00:00","4","44.1","6.0","-999.0","CHATEAU ARNOUX, FR","FM-15","LFMX ","V020","180,1,N,0021,1","01200,1,C,N","011200,1,N,1","+0240,1","+0140,1","99999,9","2,000","02,1,+00780,9,08,9","04,1,+01200,9,05,9",,,"10139,1,99999,9",,,,"Q01+000000PRSWM2"
"07586499999","1990-06-22T15:00:00","4","44.1","6.0","-999.0","CHATEAU ARNOUX, FR","FM-15","LFMX ","V020","360,1,N,0041,1","01200,1,C,N","011200,1,N,1","+0230,1","+0140,1","99999,9","2,000","04,1,+00780,9,08,9","04,1,+01200,9,05,9",,,"10139,1,99999,9",,,,"Q01+000000PRSWM2"
"07586499999","1990-06-23T06:00:00","4","44.1","6.0","-999.0","CHATEAU ARNOUX, FR","FM-15","LFMX ","V020","020,1,N,0021,1","22000,1,C,N","011200,1,N,1","+0160,1","+0110,1","99999,9","2,000","01,1,+01200,9,05,9",,,,"10169,1,99999,9",,,,"Q01+000000PRSWM2"
"07586499999","1990-06-23T09:00:00","4","44.1","6.0","-999.0","CHATEAU ARNOUX, FR","FM-15","LFMX ","V020","020,1,N,0031,1","22000,1,C,N","011200,1,N,1","+0210,1","+0130,1","99999,9","1,000","01,1,+01200,9,08,9",,,,"10180,1,99999,9",,,,"Q01+000000PRSWM2"
"07586499999","1990-06-23T12:00:00","4","44.1","6.0","-999.0","CHATEAU ARNOUX, FR","FM-15","LFMX ","V020","360,1,N,0031,1","22000,1,C,N","011200,1,N,1","+0260,1","+0120,1","99999,9","2,000","01,1,+01500,9,08,9",,,,"10180,1,99999,9",,,,"Q01+000000PRSWM2"
"07586499999","1990-06-23T15:00:00","4","44.1","6.0","-999.0","CHATEAU ARNOUX, FR","FM-15","LFMX ","V020","020,1,N,0031,1","22000,1,C,N","011200,1,N,1","+0280,1","+0130,1","99999,9","2,000","01,1,+01800,9,08,9",,,,"10169,1,99999,9",,,,"Q01+000000PRSWM2"
"07586499999","1990-06-24T06:00:00","4","44.1","6.0","-999.0","CHATEAU ARNOUX, FR","FM-15","LFMX ","V020","999,1,C,0000,1","99999,1,C,Y","009900,1,N,1","+0160,1","+0120,1","99999,9","2,000",,,,,"10220,1,99999,9",,,"MET005CAVOK","Q01+000000PRSWM2"
"07586499999","1990-06-24T09:00:00","4","44.1","6.0","-999.0","CHATEAU ARNOUX, FR","FM-15","LFMX ","V020","020,1,N,0031,1","99999,1,C,Y","009900,1,N,1","+0240,1","+0140,1","99999,9","2,000",,,,,"10210,1,99999,9",,,"MET005CAVOK","Q01+000000PRSWM2"
"07586499999","1990-06-24T12:00:00","4","44.1","6.0","-999.0","CHATEAU ARNOUX, FR","FM-15","LFMX ","V020","020,1,N,0021,1","99999,1,C,Y","009900,1,N,1","+0280,1","+0120,1","99999,9","2,000",,,,,"10200,1,99999,9",,,"MET005CAVOK","Q01+000000PRSWM2"
"07586499999","1990-06-24T15:00:00","4","44.1","6.0","-999.0","CHATEAU ARNOUX, FR","FM-15","LFMX ","V020","020,1,N,0021,1","99999,1,C,Y","009900,1,N,1","+0300,1","+0120,1","99999,9","2,000",,,,,"10200,1,99999,9",,,"MET005CAVOK","Q01+000000PRSWM2"
"07586499999","1990-06-25T04:00:00","4","44.1","6.0","-999.0","CHATEAU ARNOUX, FR","FM-15","LFMX ","V020","100,1,N,0021,1","99999,1,C,Y","009900,1,N,1","+0160,1","+0110,1","99999,9","2,999",,,,,"10230,1,99999,9",,,"MET005CAVOK","Q01+000000PRSWM2"
"07586499999","1990-06-25T06:00:00","4","44.1","6.0","-999.0","CHATEAU ARNOUX, FR","FM-15","LFMX ","V020","060,1,N,0031,1","99999,1,C,Y","009900,1,N,1","+0200,1","+0130,1","99999,9","2,000",,,,,"10230,1,99999,9",,,"MET005CAVOK","Q01+000000PRSWM2"
"07586499999","1990-06-25T09:00:00","4","44.1","6.0","-999.0","CHATEAU ARNOUX, FR","FM-15","LFMX ","V020","040,1,N,0031,1","22000,1,C,N","011200,1,N,1","+0250,1","+0150,1","99999,9","2,000","01,1,+01500,9,08,9",,,,"10230,1,99999,9",,,,"Q01+000000PRSWM2"
"07586499999","1990-06-25T15:00:00","4","44.1","6.0","-999.0","CHATEAU ARNOUX, FR","FM-15","LFMX ","V020","220,1,N,0041,1","22000,1,C,N","011200,1,N,1","+0310,1","+0150,1","99999,9","2,000","01,1,+01800,9,08,9",,,,"10210,1,99999,9",,,,"Q01+000000PRSWM2"
"07586499999","1990-06-26T04:00:00","4","44.1","6.0","-999.0","CHATEAU ARNOUX, FR","FM-15","LFMX ","V020","999,1,C,0000,1","99999,1,C,Y","009900,1,N,1","+0160,1","+0140,1","99999,9","1,999",,,,,"10220,1,99999,9",,,"MET005CAVOK","Q01+000000PRSWM2"
"07586499999","1990-06-26T06:00:00","4","44.1","6.0","-999.0","CHATEAU ARNOUX, FR","FM-15","LFMX ","V020","020,1,N,0010,1","99999,1,C,Y","009900,1,N,1","+0190,1","+0150,1","99999,9","2,000",,,,,"10220,1,99999,9",,,"MET005CAVOK","Q01+000000PRSWM2"
"07586499999","1990-06-26T09:00:00","4","44.1","6.0","-999.0","CHATEAU ARNOUX, FR","FM-15","LFMX ","V020","999,1,C,0000,1","22000,1,C,N","011200,1,N,1","+0260,1","+0180,1","99999,9","2,000","01,1,+01500,9,08,9",,,,"10220,1,99999,9",,,,"Q01+000000PRSWM2"
"07586499999","1990-06-26T12:00:00","4","44.1","6.0","-999.0","CHATEAU ARNOUX, FR","FM-15","LFMX ","V020","220,1,N,0021,1","99999,1,C,Y","009900,1,N,1","+0310,1","+0190,1","99999,9","2,000",,,,,"10200,1,99999,9",,,"MET005CAVOK","Q01+000000PRSWM2"
"07586499999","1990-06-27T06:00:00","4","44.1","6.0","-999.0","CHATEAU ARNOUX, FR","FM-15","LFMX ","V020","999,1,C,0000,1","99999,1,C,Y","009900,1,N,1","+0210,1","+0180,1","99999,9","2,000",,,,,"10180,1,99999,9",,,"MET005CAVOK","Q01+000000PRSWM2"
"07586499999","1990-06-27T09:00:00","4","44.1","6.0","-999.0","CHATEAU ARNOUX, FR","FM-15","LFMX ","V020","999,1,C,0000,1","22000,1,C,N","011200,1,N,1","+0270,1","+0180,1","99999,9","2,000","01,1,+01500,9,08,9",,,,"10180,1,99999,9",,,,"Q01+000000PRSWM2"
"07586499999","1990-06-27T12:00:00","4","44.1","6.0","-999.0","CHATEAU ARNOUX, FR","FM-15","LFMX ","V020","220,1,N,0031,1","99999,1,C,Y","009900,1,N,1","+0310,1","+0160,1","99999,9","2,000",,,,,"10159,1,99999,9",,,"MET005CAVOK","Q01+000000PRSWM2"
"07586499999","1990-06-27T15:00:00","4","44.1","6.0","-999.0","CHATEAU ARNOUX, FR","FM-15","LFMX ","V020","220,1,N,0041,1","99999,1,C,Y","009900,1,N,1","+0300,1","+0150,1","99999,9","2,000",,,,,"10149,1,99999,9",,,"MET005CAVOK","Q01+000000PRSWM2"
"07586499999","1990-06-28T04:00:00","4","44.1","6.0","-999.0","CHATEAU ARNOUX, FR","FM-15","LFMX ","V020","100,1,N,0041,1","99999,1,C,Y","009900,1,N,1","+0180,1","+0160,1","99999,9","2,999",,,,,"10169,1,99999,9",,,"MET005CAVOK","Q01+000000PRSWM2"
"07586499999","1990-06-28T06:00:00","4","44.1","6.0","-999.0","CHATEAU ARNOUX, FR","FM-15","LFMX ","V020","140,1,N,0031,1","99999,1,C,Y","009900,1,N,1","+0200,1","+0160,1","99999,9","2,000",,,,,"10169,1,99999,9",,,"MET005CAVOK","Q01+000000PRSWM2"
"07586499999","1990-06-28T09:00:00","4","44.1","6.0","-999.0","CHATEAU ARNOUX, FR","FM-15","LFMX ","V020","060,1,N,0051,1","02700,1,C,N","011200,1,N,1","+0260,1","+0170,1","99999,9","2,000","01,1,+01500,9,08,9","07,1,+02700,9,03,9",,,"10169,1,99999,9",,,,"Q01+000000PRSWM2"
"07586499999","1990-06-28T15:00:00","4","44.1","6.0","-999.0","CHATEAU ARNOUX, FR","FM-15","LFMX ","V020","040,1,N,0041,1","22000,1,C,N","011200,1,N,1","+0280,1","+0170,1","99999,9","1,000","01,1,+01800,9,09,9","03,1,+03000,9,03,9",,,"10169,1,99999,9",,,,"Q01+000000PRSWM2"
"07586499999","1990-06-29T04:00:00","4","44.1","6.0","-999.0","CHATEAU ARNOUX, FR","FM-15","LFMX ","V020","080,1,N,0021,1","99999,1,C,Y","009900,1,N,1","+0150,1","+0150,1","99999,9","1,999",,,,,"10200,1,99999,9",,,"MET012CAVOK NOSIG?","Q01+000000PRSWM2"
"07586499999","1990-06-29T06:00:00","4","44.1","6.0","-999.0","CHATEAU ARNOUX, FR","FM-15","LFMX ","V020","120,1,N,0031,1","99999,1,C,Y","009900,1,N,1","+0180,1","+0160,1","99999,9","2,000",,,,,"10210,1,99999,9",,,"MET005CAVOK","Q01+000000PRSWM2"
"07586499999","1990-06-29T09:00:00","4","44.1","6.0","-999.0","CHATEAU ARNOUX, FR","FM-15","LFMX ","V020","280,1,N,0010,1","22000,1,C,N","011200,1,N,1","+0260,1","+0180,1","99999,9","2,000","01,1,+01500,9,08,9","04,1,+03000,9,03,9",,,"10200,1,99999,9",,,,"Q01+000000PRSWM2"
"07586499999","1990-06-29T12:00:00","4","44.1","6.0","-999.0","CHATEAU ARNOUX, FR","FM-15","LFMX ","V020","200,1,N,0062,1","99999,1,C,Y","009900,1,N,1","+0300,1","+0160,1","99999,9","2,000",,,,,"10190,1,99999,9",,,"MET005CAVOK","Q01+000000PRSWM2"
"07586499999","1990-06-29T15:00:00","4","44.1","6.0","-999.0","CHATEAU ARNOUX, FR","FM-15","LFMX ","V020","220,1,N,0082,1","99999,1,C,Y","009900,1,N,1","+0310,1","+0150,1","99999,9","2,000",,,,,"10180,1,99999,9",,,"MET005CAVOK","Q01+000000PRSWM2"
"07586499999","1990-06-30T04:00:00","4","44.1","6.0","-999.0","CHATEAU ARNOUX, FR","FM-15","LFMX ","V020","040,1,N,0031,1","99999,1,C,Y","009900,1,N,1","+0150,1","+0130,1","99999,9","2,999",,,,,"10200,1,99999,9",,,"MET005CAVOK","Q01+000000PRSWM2"
"07586499999","1990-06-30T06:00:00","4","44.1","6.0","-999.0","CHATEAU ARNOUX, FR","FM-15","LFMX ","V020","060,1,N,0031,1","99999,1,C,Y","009900,1,N,1","+0180,1","+0140,1","99999,9","2,000",,,,,"10200,1,99999,9",,,"MET005CAVOK","Q01+000000PRSWM2"
"07586499999","1990-06-30T12:00:00","4","44.1","6.0","-999.0","CHATEAU ARNOUX, FR","FM-15","LFMX ","V020","220,1,N,0072,1","22000,1,C,N","011200,1,N,1","+0310,1","+0140,1","99999,9","2,000","01,1,+01380,9,08,9",,,,"10169,1,99999,9",,,,"Q01+000000PRSWM2"
"07586499999","1990-06-30T15:00:00","4","44.1","6.0","-999.0","CHATEAU ARNOUX, FR","FM-15","LFMX ","V020","240,1,N,0051,1","22000,1,C,N","011200,1,N,1","+0320,1","+0150,1","99999,9","2,000","02,1,+01380,9,08,9",,,,"10159,1,99999,9",,,,"Q01+000000PRSWM2"
"07586499999","1990-07-01T04:00:00","4","44.1","6.0","-999.0","CHATEAU ARNOUX, FR","FM-15","LFMX ","V020","060,1,N,0041,1","99999,1,C,Y","009900,1,N,1","+0210,1","+0160,1","99999,9","1,999",,,,,"10159,1,99999,9",,,"MET005CAVOK","Q01+000000PRSWM2"
"07586499999","1990-07-05T06:00:00","4","44.1","6.0","-999.0","CHATEAU ARNOUX, FR","FM-15","LFMX ","V020","100,1,N,0010,1","99999,1,C,Y","009900,1,N,1","+0170,1","+0070,1","99999,9","2,000",,,,,"10159,1,99999,9",,,"MET005CAVOK","Q01+000000PRSWM2"
"07586499999","1990-07-05T15:00:00","4","44.1","6.0","-999.0","CHATEAU ARNOUX, FR","FM-15","LFMX ","V020","270,1,N,0072,1","22000,1,C,N","011200,1,N,1","+0280,1","+0130,1","99999,9","2,000","02,1,+01800,9,08,9",,,,"10129,1,99999,9",,,,"Q01+000000PRSWM2"
"07586499999","1990-07-06T06:00:00","4","44.1","6.0","-999.0","CHATEAU ARNOUX, FR","FM-15","LFMX ","V020","350,1,N,0098,1","22000,1,C,N","011200,1,N,1","+0180,1","+0080,1","99999,9","2,000","01,1,+00690,9,08,9",,,,"10149,1,99999,9",,"0149,1",,"Q01+000000PRSWM2"
"07586499999","1990-07-07T12:00:00","4","44.1","6.0","-999.0","CHATEAU ARNOUX, FR","FM-15","LFMX ","V020","030,1,N,0051,1","99999,1,C,Y","009900,1,N,1","+0260,1","+0050,1","99999,9","2,000",,,,,"10200,1,99999,9",,,"MET005CAVOK","Q01+000000PRSWM2"
"07586499999","1990-07-08T06:00:00","4","44.1","6.0","-999.0","CHATEAU ARNOUX, FR","FM-15","LFMX ","V020","030,1,N,0062,1","99999,1,C,Y","009900,1,N,1","+0200,1","+0120,1","99999,9","2,000",,,,,"10200,1,99999,9",,,"MET005CAVOK","Q01+000000PRSWM2"
"07586499999","1990-07-09T09:00:00","4","44.1","6.0","-999.0","CHATEAU ARNOUX, FR","FM-15","LFMX ","V020","120,1,N,0021,1","22000,1,C,N","011200,1,N,1","+0270,1","+0160,1","99999,9","2,000","01,1,+01500,9,08,9",,,,"10190,1,99999,9",,,,"Q01+000000PRSWM2"
"07586499999","1990-07-09T12:00:00","4","44.1","6.0","-999.0","CHATEAU ARNOUX, FR","FM-15","LFMX ","V020","220,1,N,0051,1","22000,1,C,N","011200,1,N,1","+0310,1","+0150,1","99999,9","2,000","01,1,+01800,9,08,9",,,,"10180,1,99999,9",,,,"Q01+000000PRSWM2"
"07586499999","1990-07-09T15:00:00","4","44.1","6.0","-999.0","CHATEAU ARNOUX, FR","FM-15","LFMX ","V020","190,1,N,0041,1","99999,1,C,Y","009900,1,N,1","+0330,1","+0090,1","99999,9","2,000",,,,,"10169,1,99999,9",,,"MET005CAVOK","Q01+000000PRSWM2"
"07586499999","1990-07-10T04:00:00","4","44.1","6.0","-999.0","CHATEAU ARNOUX, FR","FM-15","LFMX ","V020","020,1,N,0051,1","22000,1,C,N","011200,1,N,1","+0210,1","+0160,1","99999,9","1,999","01,1,+00990,9,05,9",,,,"10159,1,99999,9",,,,"Q01+000000PRSWM2"
"07586499999","1990-07-10T12:00:00","4","44.1","6.0","-999.0","CHATEAU ARNOUX, FR","FM-15","LFMX ","V020","350,1,N,0108,1","99999,1,C,Y","009900,1,N,1","+0280,1","+0080,1","99999,9","2,000",,,,,"10139,1,99999,9",,"0180,1","MET005CAVOK","Q01+000000PRSWM2"
"07586499999","1990-07-11T04:00:00","4","44.1","6.0","-999.0","CHATEAU ARNOUX, FR","FM-15","LFMX ","V020","030,1,N,0082,1","99999,1,C,Y","009900,1,N,1","+0150,1","+0050,1","99999,9","2,999",,,,,"10180,1,99999,9",,"0149,1","MET005CAVOK","Q01+000000PRSWM2"
"07586499999","1990-07-12T04:00:00","4","44.1","6.0","-999.0","CHATEAU ARNOUX, FR","FM-15","LFMX ","V020","040,1,N,0021,1","99999,1,C,Y","009900,1,N,1","+0110,1","+0080,1","99999,9","1,999",,,,,"10220,1,99999,9",,,"MET005CAVOK","Q01+000000PRSWM2"
"07586499999","1990-07-12T12:00:00","4","44.1","6.0","-999.0","CHATEAU ARNOUX, FR","FM-15","LFMX ","V020","210,1,N,0051,1","99999,1,C,Y","009900,1,N,1","+0280,1","+9999,9","99999,9","2,000",,,,,,,,"MET014CAVOK P QVWPV?","Q01+000000PRSWM2"
"07586499999","1990-07-13T15:00:00","4","44.1","6.0","-999.0","CHATEAU ARNOUX, FR","FM-15","LFMX ","V020","200,1,N,0072,1","99999,1,C,Y","009900,1,N,1","+0300,1","+0120,1","99999,9","2,000",,,,,"10149,1,99999,9",,,"MET005CAVOK","Q01+000000PRSWM2"
"07586499999","1990-07-14T04:00:00","4","44.1","6.0","-999.0","CHATEAU ARNOUX, FR","FM-15","LFMX ","V020","010,1,N,0010,1","22000,1,C,N","011200,1,N,1","+0140,1","+0110,1","99999,9","2,999","01,1,+01500,9,05,9",,,,"10159,1,99999,9",,,,"Q01+000000PRSWM2"
"07586499999","1990-07-14T09:00:00","4","44.1","6.0","-999.0","CHATEAU ARNOUX, FR","FM-15","LFMX ","V020","340,1,N,0041,1","99999,1,C,Y","009900,1,N,1","+0260,1","+0130,1","99999,9","2,000",,,,,"10149,1,99999,9",,,"MET005CAVOK","Q01+000000PRSWM2"
"07586499999","1990-07-14T12:00:00","4","44.1","6.0","-999.0","CHATEAU ARNOUX, FR","FM-15","LFMX ","V020","210,1,N,0062,1","22000,1,C,N","011200,1,N,1","+0310,1","+0140,1","99999,9","2,000","01,1,+01500,9,08,9",,,,"10129,1,99999,9",,,,"Q01+000000PRSWM2"
"07586499999","1990-07-14T15:00:00","4","44.1","6.0","-999.0","CHATEAU ARNOUX, FR","FM-15","LFMX ","V020","200,1,N,0088,1","22000,1,C,N","011200,1,N,1","+0320,1","+0120,1","99999,9","2,000","01,1,+01800,9,08,9",,,,"10119,1,99999,9",,,,"Q01+000000PRSWM2"
"07586499999","1990-07-15T04:00:00","4","44.1","6.0","-999.0","CHATEAU ARNOUX, FR","FM-15","LFMX ","V020","160,1,N,0010,1","22000,1,C,N","011200,1,N,1","+0140,1","+0120,1","99999,9","2,999",,,,,"10159,1,99999,9",,,,"Q01+000000PRSWM2"
"07586499999","1990-07-15T06:00:00","4","44.1","6.0","-999.0","CHATEAU ARNOUX, FR","FM-15","LFMX ","V020","100,1,N,0031,1","99999,1,C,Y","009900,1,N,1","+0170,1","+0130,1","99999,9","2,000",,,,,"10169,1,99999,9",,,"MET005CAVOK","Q01+000000PRSWM2"
"07586499999","1990-07-15T09:00:00","4","44.1","6.0","-999.0","CHATEAU ARNOUX, FR","FM-15","LFMX ","V020","010,1,N,0041,1","99999,1,C,Y","009900,1,N,1","+0270,1","+0150,1","99999,9","2,000",,,,,"10169,1,99999,9",,,"MET005CAVOK","Q01+000000PRSWM2"
"07586499999","1990-07-15T12:00:00","4","44.1","6.0","-999.0","CHATEAU ARNOUX, FR","FM-15","LFMX ","V020","220,1,N,0062,1","22000,1,C,N","011200,1,N,1","+0320,1","+0140,1","99999,9","2,000","01,1,+01800,9,08,9",,,,"10169,1,99999,9",,,,"Q01+000000PRSWM2"
"07586499999","1990-07-16T04:00:00","4","44.1","6.0","-999.0","CHATEAU ARNOUX, FR","FM-15","LFMX ","V020","100,1,N,0010,1","99999,1,C,Y","009900,1,N,1","+0150,1","+0140,1","99999,9","2,999",,,,,"10210,1,99999,9",,,"MET005CAVOK","Q01+000000PRSWM2"
"07586499999","1990-07-16T06:00:00","4","44.1","6.0","-999.0","CHATEAU ARNOUX, FR","FM-15","LFMX ","V020","060,1,N,0021,1","99999,1,C,Y","009900,1,N,1","+0170,1","+0160,1","99999,9","2,000",,,,,"10220,1,99999,9",,,"MET005CAVOK","Q01+000000PRSWM2"
"07586499999","1990-07-16T09:00:00","4","44.1","6.0","-999.0","CHATEAU ARNOUX, FR","FM-15","LFMX ","V020","220,1,N,0031,1","22000,1,C,N","011200,1,N,1","+0260,1","+0180,1","99999,9","2,000","01,1,+01500,9,08,9",,,,"10220,1,99999,9",,,,"Q01+000000PRSWM2"
"07586499999","1990-07-16T15:00:00","4","44.1","6.0","-999.0","CHATEAU ARNOUX, FR","FM-15","LFMX ","V020","220,1,N,0031,1","22000,1,C,N","011200,1,N,1","+0330,1","+0140,1","99999,9","2,000","01,1,+02100,9,09,9","01,1,+02100,9,08,9",,,"10200,1,99999,9",,,,"Q01+000000PRSWM2"
"07586499999","1990-07-17T04:00:00","4","44.1","6.0","-999.0","CHATEAU ARNOUX, FR","FM-15","LFMX ","V020","999,1,C,0000,1","22000,1,C,N","005000,1,N,1","+0170,1","+0170,1","99999,9","2,999","01,1,+03000,9,03,9",,,,"10210,1,99999,9",,,,"Q01+000000PRSWM2"
"07586499999","1990-07-17T06:00:00","4","44.1","6.0","-999.0","CHATEAU ARNOUX, FR","FM-15","LFMX ","V020","999,1,C,0000,1","22000,1,C,N","005000,1,N,1","+0200,1","+0180,1","99999,9","2,000",,,,,"10210,1,99999,9",,,,"Q01+000000PRSWM2"
"07586499999","1990-07-17T09:00:00","4","44.1","6.0","-999.0","CHATEAU ARNOUX, FR","FM-15","LFMX ","V020","020,1,N,0021,1","22000,1,C,N","011200,1,N,1","+0280,1","+0180,1","99999,9","2,000","01,1,+01500,9,08,9",,,,"10200,1,99999,9",,,,"Q01+000000PRSWM2"
"07586499999","1990-07-17T12:00:00","4","44.1","6.0","-999.0","CHATEAU ARNOUX, FR","FM-15","LFMX ","V020","220,1,N,0031,1","22000,1,C,N","011200,1,N,1","+0320,1","+0200,1","99999,9","2,000","02,1,+01800,9,08,9",,,,"10190,1,99999,9",,,,"Q01+000000PRSWM2"
"07586499999","1990-07-17T15:00:00","4","44.1","6.0","-999.0","CHATEAU ARNOUX, FR","FM-15","LFMX ","V020","220,1,N,0021,1","99999,1,C,Y","009900,1,N,1","+0330,1","+0160,1","99999,9","2,000",,,,,"10169,1,99999,9",,,"MET005CAVOK","Q01+000000PRSWM2"
"07586499999","1990-07-18T04:00:00","4","44.1","6.0","-999.0","CHATEAU ARNOUX, FR","FM-15","LFMX ","V020","060,1,N,0051,1","99999,1,C,Y","009900,1,N,1","+0210,1","+0150,1","99999,9","2,999",,,,,"10149,1,99999,9",,,"MET005CAVOK","Q01+000000PRSWM2"
"07586499999","1990-07-18T06:00:00","4","44.1","6.0","-999.0","CHATEAU ARNOUX, FR","FM-15","LFMX ","V020","040,1,N,0062,1","99999,1,C,Y","009900,1,N,1","+0220,1","+0150,1","99999,9","2,000",,,,,"10149,1,99999,9",,,"MET005CAVOK","Q01+000000PRSWM2"
"07586499999","1990-07-18T09:00:00","4","44.1","6.0","-999.0","CHATEAU ARNOUX, FR","FM-15","LFMX ","V020","340,1,N,0088,1","99999,1,C,Y","009900,1,N,1","+0270,1","+0150,1","99999,9","2,000",,,,,"10139,1,99999,9",,,"MET005CAVOK","Q01+000000PRSWM2"
"07586499999","1990-07-18T12:00:00","4","44.1","6.0","-999.0","CHATEAU ARNOUX, FR","FM-15","LFMX ","V020","020,1,N,0088,1","22000,1,C,N","011200,1,N,1","+0310,1","+0140,1","99999,9","2,000","01,1,+01800,9,08,9",,,,"10129,1,99999,9",,,,"Q01+000000PRSWM2"
"07586499999","1990-07-18T15:00:00","4","44.1","6.0","-999.0","CHATEAU ARNOUX, FR","FM-15","LFMX ","V020","240,1,N,0098,1","99999,1,C,Y","009900,1,N,1","+0320,1","+0180,1","99999,9","2,000",,,,,"10129,1,99999,9",,,"MET005CAVOK","Q01+000000PRSWM2"
"07586499999","1990-07-19T04:00:00","4","44.1","6.0","-999.0","CHATEAU ARNOUX, FR","FM-15","LFMX ","V020","040,1,N,0031,1","22000,1,C,N","011200,1,N,1","+0180,1","+0150,1","99999,9","2,999","03,1,+01500,9,05,9",,,,"10180,1,99999,9",,,,"Q01+000000PRSWM2"
"07586499999","1990-07-19T13:24:00","4","44.1","6.0","-999.0","CHATEAU ARNOUX, FR","FM-15","LFMX ","V020","190,1,N,0041,1","99999,1,C,Y","009900,1,N,1","+0300,1","+0140,1","99999,9","2,999",,,,,"10169,1,99999,9",,,"MET005CAVOK","Q01+000000PRSWM2"
"07586499999","1990-07-19T15:00:00","4","44.1","6.0","-999.0","CHATEAU ARNOUX, FR","FM-15","LFMX ","V020","210,1,N,0072,1","99999,1,C,Y","009900,1,N,1","+0300,1","+0140,1","99999,9","2,000",,,,,"10149,1,99999,9",,,"MET005CAVOK","Q01+000000PRSWM2"
"07586499999","1990-07-20T04:00:00","4","44.1","6.0","-999.0","CHATEAU ARNOUX, FR","FM-15","LFMX ","V020","060,1,N,0021,1","22000,1,C,N","005000,1,N,1","+0150,1","+0120,1","99999,9","2,999",,,,,"10190,1,99999,9",,,,"Q01+000000PRSWM2"
"07586499999","1990-07-20T06:00:00","4","44.1","6.0","-999.0","CHATEAU ARNOUX, FR","FM-15","LFMX ","V020","090,1,N,0021,1","22000,1,C,N","005000,1,N,1","+0170,1","+0130,1","99999,9","2,000",,,,,"10200,1,99999,9",,,,"Q01+000000PRSWM2"
"07586499999","1990-07-20T09:00:00","4","44.1","6.0","-999.0","CHATEAU ARNOUX, FR","FM-15","LFMX ","V020","110,1,N,0010,1","99999,1,C,Y","009900,1,N,1","+0260,1","+0150,1","99999,9","2,000",,,,,"10200,1,99999,9",,,"MET005CAVOK","Q01+000000PRSWM2"
"07586499999","1990-07-20T12:00:00","4","44.1","6.0","-999.0","CHATEAU ARNOUX, FR","FM-15","LFMX ","V020","220,1,N,0051,1","22000,1,C,N","011200,1,N,1","+0310,1","+0110,1","99999,9","2,000","01,1,+01800,9,08,9",,,,"10190,1,99999,9",,,,"Q01+000000PRSWM2"
"07586499999","1990-07-20T15:00:00","4","44.1","6.0","-999.0","CHATEAU ARNOUX, FR","FM-15","LFMX ","V020","220,1,N,0031,1","99999,1,C,Y","009900,1,N,1","+0320,1","+0070,1","99999,9","1,000",,,,,"10180,1,99999,9",,,"MET005CAVOK","Q01+000000PRSWM2"
"07586499999","1990-07-21T04:00:00","4","44.1","6.0","-999.0","CHATEAU ARNOUX, FR","FM-15","LFMX ","V020","030,1,N,0021,1","99999,1,C,Y","009900,1,N,1","+0170,1","+0150,1","99999,9","2,999",,,,,"10210,1,99999,9",,,"MET005CAVOK","Q01+000000PRSWM2"
"07586499999","1990-07-21T06:00:00","4","44.1","6.0","-999.0","CHATEAU ARNOUX, FR","FM-15","LFMX ","V020","060,1,N,0010,1","99999,1,C,Y","009900,1,N,1","+0190,1","+0160,1","99999,9","2,000",,,,,"10220,1,99999,9",,,"MET005CAVOK","Q01+000000PRSWM2"
"07586499999","1990-07-21T09:00:00","4","44.1","6.0","-999.0","CHATEAU ARNOUX, FR","FM-15","LFMX ","V020","150,1,N,0010,1","99999,1,C,Y","009900,1,N,1","+0270,1","+0170,1","99999,9","2,000",,,,,"10220,1,99999,9",,,"MET005CAVOK","Q01+000000PRSWM2"
"07586499999","1990-07-21T12:00:00","4","44.1","6.0","-999.0","CHATEAU ARNOUX, FR","FM-15","LFMX ","V020","210,1,N,0041,1","22000,1,C,N","011200,1,N,1","+0320,1","+0080,1","99999,9","2,000","01,1,+01500,9,08,9",,,,"10210,1,99999,9",,,,"Q01+000000PRSWM2"
"07586499999","1990-07-21T15:00:00","4","44.1","6.0","-999.0","CHATEAU ARNOUX, FR","FM-15","LFMX ","V020","210,1,N,0051,1","22000,1,C,N","011200,1,N,1","+0330,1","+0080,1","99999,9","2,000","01,1,+01500,9,08,9",,,,"10200,1,99999,9",,,,"Q01+000000PRSWM2"
"07586499999","1990-07-22T06:00:00","4","44.1","6.0","-999.0","CHATEAU ARNOUX, FR","FM-15","LFMX ","V020","090,1,N,0021,1","99999,1,C,Y","009900,1,N,1","+0210,1","+0150,1","99999,9","2,000",,,,,"10200,1,99999,9",,,"MET005CAVOK","Q01+000000PRSWM2"
"07586499999","1990-07-22T09:00:00","4","44.1","6.0","-999.0","CHATEAU ARNOUX, FR","FM-15","LFMX ","V020","210,1,N,0010,1","99999,1,C,Y","009900,1,N,1","+0280,1","+0160,1","99999,9","2,000",,,,,"10200,1,99999,9",,,"MET005CAVOK","Q01+000000PRSWM2"
"07586499999","1990-07-22T12:00:00","4","44.1","6.0","-999.0","CHATEAU ARNOUX, FR","FM-15","LFMX ","V020","200,1,N,0041,1","22000,1,C,N","011200,1,N,1","+0330,1","+0160,1","99999,9","2,000","01,1,+01500,9,08,9",,,,"10190,1,99999,9",,,,"Q01+000000PRSWM2"
"07586499999","1990-07-22T15:00:00","4","44.1","6.0","-999.0","CHATEAU ARNOUX, FR","FM-15","LFMX ","V020","200,1,N,0062,1","22000,1,C,N","011200,1,N,1","+0350,1","+0150,1","99999,9","2,000","01,1,+01380,9,09,9","01,1,+01500,9,08,9",,,"10169,1,99999,9",,,,"Q01+000000PRSWM2"
"07586499999","1990-07-23T06:00:00","4","44.1","6.0","-999.0","CHATEAU ARNOUX, FR","FM-15","LFMX ","V020","110,1,N,0010,1","99999,1,C,Y","009900,1,N,1","+0190,1","+0150,1","99999,9","2,000",,,,,"10190,1,99999,9",,,"MET005CAVOK","Q01+000000PRSWM2"
"07586499999","1990-07-23T09:00:00","4","44.1","6.0","-999.0","CHATEAU ARNOUX, FR","FM-15","LFMX ","V020","180,1,N,0031,1","99999,1,C,Y","009900,1,N,1","+0290,1","+0160,1","99999,9","2,000",,,,,"10180,1,99999,9",,,"MET005CAVOK","Q01+000000PRSWM2"
"07586499999","1990-07-23T12:00:00","4","44.1","6.0","-999.0","CHATEAU ARNOUX, FR","FM-15","LFMX ","V020","220,1,N,0062,1","99999,1,C,Y","009900,1,N,1","+0330,1","+0160,1","99999,9","2,000",,,,,"10169,1,99999,9",,,"MET005CAVOK","Q01+000000PRSWM2"
"07586499999","1990-07-23T15:00:00","4","44.1","6.0","-999.0","CHATEAU ARNOUX, FR","FM-15","LFMX ","V020","090,1,N,0031,1","07800,1,C,N","011200,1,N,1","+0330,1","+0160,1","99999,9","2,009","01,1,+01800,9,09,9","03,1,+02100,9,08,9","04,1,+07800,9,00,9",,"10149,1,99999,9","29,1","0082,1",,
"07586499999","1990-07-24T04:00:00","4","44.1","6.0","-999.0","CHATEAU ARNOUX, FR","FM-15","LFMX ","V020","040,1,N,0041,1","99999,1,C,Y","009900,1,N,1","+0190,1","+0150,1","99999,9","2,999",,,,,"10159,1,99999,9",,,"MET005CAVOK","Q01+000000PRSWM2"
"07586499999","1990-07-24T06:00:00","4","44.1","6.0","-999.0","CHATEAU ARNOUX, FR","FM-15","LFMX ","V020","070,1,N,0021,1","99999,1,C,Y","009900,1,N,1","+0200,1","+0150,1","99999,9","2,000",,,,,"10169,1,99999,9",,,"MET005CAVOK","Q01+000000PRSWM2"
"07586499999","1990-07-24T09:00:00","4","44.1","6.0","-999.0","CHATEAU ARNOUX, FR","FM-15","LFMX ","V020","030,1,N,0031,1","99999,1,C,Y","009900,1,N,1","+0240,1","+0150,1","99999,9","2,000",,,,,"10169,1,99999,9",,,"MET005CAVOK","Q01+000000PRSWM2"
"07586499999","1990-07-24T15:00:00","4","44.1","6.0","-999.0","CHATEAU ARNOUX, FR","FM-15","LFMX ","V020","010,1,N,0051,1","99999,1,C,Y","009900,1,N,1","+0290,1","+0150,1","99999,9","2,000",,,,,"10149,1,99999,9",,,"MET005CAVOK","Q01+000000PRSWM2"
"07586499999","1990-07-25T04:00:00","4","44.1","6.0","-999.0","CHATEAU ARNOUX, FR","FM-15","LFMX ","V020","040,1,N,0021,1","99999,1,C,Y","009900,1,N,1","+0190,1","+0100,1","99999,9","2,999",,,,,"10159,1,99999,9",,,"MET020CAVOK 7@@@@@*@@@@@@@","Q01+000000PRSWM2"
"07586499999","1990-07-25T09:00:00","4","44.1","6.0","-999.0","CHATEAU ARNOUX, FR","FM-15","LFMX ","V020","030,1,N,0031,1","22000,1,C,N","011200,1,N,1","+0260,1","+0120,1","99999,9","2,000","01,1,+01500,9,08,9",,,,"10159,1,99999,9",,,,"Q01+000000PRSWM2"
"07586499999","1990-07-25T12:00:00","4","44.1","6.0","-999.0","CHATEAU ARNOUX, FR","FM-15","LFMX ","V020","210,1,N,0051,1","22000,1,C,N","011200,1,N,1","+0310,1","+0090,1","99999,9","2,000","01,1,+01500,9,08,9",,,,"10149,1,99999,9",,,,"Q01+000000PRSWM2"
"07586499999","1990-07-25T15:00:00","4","44.1","6.0","-999.0","CHATEAU ARNOUX, FR","FM-15","LFMX ","V020","190,1,N,0072,1","22000,1,C,N","011200,1,N,1","+0310,1","+0080,1","99999,9","2,000","01,1,+01380,9,09,9","02,1,+01500,9,08,9",,,"10129,1,99999,9",,,,"Q01+000000PRSWM2"
"07586499999","1990-07-26T04:00:00","4","44.1","6.0","-999.0","CHATEAU ARNOUX, FR","FM-15","LFMX ","V020","060,1,N,0031,1","22000,1,C,N","011200,1,N,1","+0160,1","+0130,1","99999,9","2,999","01,1,+01500,9,08,9",,,,"10149,1,99999,9",,,,"Q01+000000PRSWM2"
"07586499999","1990-07-26T06:00:00","4","44.1","6.0","-999.0","CHATEAU ARNOUX, FR","FM-15","LFMX ","V020","060,1,N,0010,1","99999,1,C,Y","009900,1,N,1","+0180,1","+0130,1","99999,9","2,000",,,,,"10149,1,99999,9",,,"MET005CAVOK","Q01+000000PRSWM2"
"07586499999","1990-07-26T09:00:00","4","44.1","6.0","-999.0","CHATEAU ARNOUX, FR","FM-15","LFMX ","V020","120,1,N,0021,1","99999,1,C,Y","009900,1,N,1","+0250,1","+0140,1","99999,9","2,000",,,,,"10149,1,99999,9",,,"MET005CAVOK","Q01+000000PRSWM2"
"07586499999","1990-07-26T12:00:00","4","44.1","6.0","-999.0","CHATEAU ARNOUX, FR","FM-15","LFMX ","V020","220,1,N,0062,1","03000,1,C,N","011200,1,N,1","+0270,1","+0160,1","99999,9","2,000","01,1,+01800,9,08,9","06,1,+03000,9,03,9",,,"10139,1,99999,9",,,,"Q01+000000PRSWM2"
"07586499999","1990-07-26T15:00:00","4","44.1","6.0","-999.0","CHATEAU ARNOUX, FR","FM-15","LFMX ","V020","240,1,N,0062,1","01500,1,C,N","011200,1,N,1","+0190,1","+0180,1","99999,9","2,018","06,1,+01500,9,09,9","02,1,+03000,9,08,9",,,"10149,1,99999,9","95,1",,,
"07586499999","1990-07-27T09:00:00","4","44.1","6.0","-999.0","CHATEAU ARNOUX, FR","FM-15","LFMX ","V020","080,1,N,0021,1","22000,1,C,N","011200,1,N,1","+0240,1","+0170,1","99999,9","2,000","01,1,+01500,9,08,9",,,,"10169,1,99999,9",,,,"Q01+000000PRSWM2"
"07586499999","1990-07-27T12:00:00","4","44.1","6.0","-999.0","CHATEAU ARNOUX, FR","FM-15","LFMX ","V020","230,1,N,0041,1","22000,1,C,N","011200,1,N,1","+0290,1","+0170,1","99999,9","2,000","01,1,+01800,9,08,9",,,,"10159,1,99999,9",,,,"Q01+000000PRSWM2"
"07586499999","1990-07-27T15:00:00","4","44.1","6.0","-999.0","CHATEAU ARNOUX, FR","FM-15","LFMX ","V020","210,1,N,0041,1","99999,1,C,Y","009900,1,N,1","+0310,1","+0140,1","99999,9","1,000",,,,,"10149,1,99999,9",,,"MET005CAVOK","Q01+000000PRSWM2"
"07586499999","1990-07-30T09:00:00","4","44.1","6.0","-999.0","CHATEAU ARNOUX, FR","FM-15","LFMX ","V020","040,1,N,0051,1","22000,1,C,N","011200,1,N,1","+0230,1","+0160,1","99999,9","2,000","01,1,+01500,9,08,9",,,,"10210,1,99999,9",,,,"Q01+000000PRSWM2"
"07586499999","1990-07-31T09:00:00","4","44.1","6.0","-999.0","CHATEAU ARNOUX, FR","FM-15","LFMX ","V020","040,1,N,0041,1","22000,1,C,N","011200,1,N,1","+0260,1","+0130,1","99999,9","2,000","01,1,+01500,9,08,9",,,,"10210,1,99999,9",,,,"Q01+000000PRSWM2"
"07586499999","1990-07-31T12:00:00","4","44.1","6.0","-999.0","CHATEAU ARNOUX, FR","FM-15","LFMX ","V020","200,1,N,0051,1","22000,1,C,N","011200,1,N,1","+0310,1","+0090,1","99999,9","2,000","02,1,+01800,9,08,9",,,,"10200,1,99999,9",,,,"Q01+000000PRSWM2"
"07586499999","1990-07-31T15:00:00","4","44.1","6.0","-999.0","CHATEAU ARNOUX, FR","FM-15","LFMX ","V020","210,1,N,0051,1","22000,1,C,N","011200,1,N,1","+0300,1","+0110,1","99999,9","2,000","01,1,+02100,9,09,9","02,1,+02100,9,08,9",,,"10190,1,99999,9",,,,"Q01+000000PRSWM2"
"07586499999","1990-08-01T04:00:00","4","44.1","6.0","-999.0","CHATEAU ARNOUX, FR","FM-15","LFMX ","V020","070,1,N,0031,1","99999,1,C,Y","009900,1,N,1","+0190,1","+0130,1","99999,9","2,999",,,,,"10210,1,99999,9",,,"MET005CAVOK","Q01+000000PRSWM2"
"07586499999","1990-08-01T06:00:00","4","44.1","6.0","-999.0","CHATEAU ARNOUX, FR","FM-15","LFMX ","V020","100,1,N,0051,1","99999,1,C,Y","009900,1,N,1","+0180,1","+0130,1","99999,9","1,000",,,,,"10220,1,99999,9",,,"MET005CAVOK","Q01+000000PRSWM2"
"07586499999","1990-08-01T09:00:00","4","44.1","6.0","-999.0","CHATEAU ARNOUX, FR","FM-15","LFMX ","V020","110,1,N,0021,1","22000,1,C,N","011200,1,N,1","+0260,1","+0130,1","99999,9","2,000","01,1,+01290,9,08,9",,,,"10210,1,99999,9",,,,"Q01+000000PRSWM2"
"07586499999","1990-08-02T06:00:00","4","44.1","6.0","-999.0","CHATEAU ARNOUX, FR","FM-15","LFMX ","V020","090,1,N,0021,1","99999,1,C,Y","009900,1,N,1","+0170,1","+0140,1","99999,9","2,000",,,,,"10230,1,99999,9",,,"MET005CAVOK","Q01+000000PRSWM2"
"07586499999","1990-08-02T12:00:00","4","44.1","6.0","-999.0","CHATEAU ARNOUX, FR","FM-15","LFMX ","V020","240,1,N,0021,1","22000,1,C,N","011200,1,N,1","+0320,1","+0070,1","99999,9","2,000","01,1,+01500,9,08,9",,,,"10210,1,99999,9",,,,"Q01+000000PRSWM2"
"07586499999","1990-08-02T15:00:00","4","44.1","6.0","-999.0","CHATEAU ARNOUX, FR","FM-15","LFMX ","V020","230,1,N,0062,1","99999,1,C,Y","009900,1,N,1","+0320,1","+0090,1","99999,9","2,000",,,,,"10200,1,99999,9",,,"MET005CAVOK","Q01+000000PRSWM2"
"07586499999","1990-08-03T04:00:00","4","44.1","6.0","-999.0","CHATEAU ARNOUX, FR","FM-15","LFMX ","V020","070,1,N,0021,1","99999,1,C,Y","009900,1,N,1","+0200,1","+0130,1","99999,9","2,999",,,,,"10220,1,99999,9",,,"MET005CAVOK","Q01+000000PRSWM2"
"07586499999","1990-08-03T06:00:00","4","44.1","6.0","-999.0","CHATEAU ARNOUX, FR","FM-15","LFMX ","V020","060,1,N,0031,1","99999,1,C,Y","009900,1,N,1","+0220,1","+0130,1","99999,9","2,000",,,,,"10220,1,99999,9",,,"MET012CAVOK NOSIG?","Q01+000000PRSWM2"
"07586499999","1990-08-03T09:00:00","4","44.1","6.0","-999.0","CHATEAU ARNOUX, FR","FM-15","LFMX ","V020","070,1,N,0021,1","99999,1,C,Y","009900,1,N,1","+0280,1","+0110,1","99999,9","2,000",,,,,"10230,1,99999,9",,,"MET005CAVOK","Q01+000000PRSWM2"
"07586499999","1990-08-03T12:00:00","4","44.1","6.0","-999.0","CHATEAU ARNOUX, FR","FM-15","LFMX ","V020","210,1,N,0051,1","22000,1,C,N","011200,1,N,1","+0320,1","+0120,1","99999,9","2,000","01,1,+01800,9,08,9",,,,"10210,1,99999,9",,,,"Q01+000000PRSWM2"
"07586499999","1990-08-04T04:00:00","4","44.1","6.0","-999.0","CHATEAU ARNOUX, FR","FM-15","LFMX ","V020","070,1,N,0021,1","99999,1,C,Y","009900,1,N,1","+0190,1","+0160,1","99999,9","2,999",,,,,"10230,1,99999,9",,,"MET005CAVOK","Q01+000000PRSWM2"
"07586499999","1990-08-04T06:00:00","4","44.1","6.0","-999.0","CHATEAU ARNOUX, FR","FM-15","LFMX ","V020","100,1,N,0010,1","99999,1,C,Y","009900,1,N,1","+0200,1","+0160,1","99999,9","2,000",,,,,"10230,1,99999,9",,,"MET005CAVOK","Q01+000000PRSWM2"
"07586499999","1990-08-04T09:00:00","4","44.1","6.0","-999.0","CHATEAU ARNOUX, FR","FM-15","LFMX ","V020","030,1,N,0021,1","99999,1,C,Y","009900,1,N,1","+0260,1","+0160,1","99999,9","1,000",,,,,"10230,1,99999,9",,,"MET005CAVOK","Q01+000000PRSWM2"
"07586499999","1990-08-04T12:00:00","4","44.1","6.0","-999.0","CHATEAU ARNOUX, FR","FM-15","LFMX ","V020","210,1,N,0051,1","22000,1,C,N","011200,1,N,1","+0310,1","+0140,1","99999,9","2,000","01,1,+01800,9,08,9",,,,"10220,1,99999,9",,,,"Q01+000000PRSWM2"
"07586499999","1990-08-04T15:00:00","4","44.1","6.0","-999.0","CHATEAU ARNOUX, FR","FM-15","LFMX ","V020","200,1,N,0021,1","22000,1,C,N","011200,1,N,1","+0320,1","+0130,1","99999,9","2,000","01,1,+01800,9,09,9","01,1,+01800,9,08,9",,,"10200,1,99999,9",,,,"Q01+000000PRSWM2"
"07586499999","1990-08-05T06:00:00","4","44.1","6.0","-999.0","CHATEAU ARNOUX, FR","FM-15","LFMX ","V020","060,1,N,0010,1","22000,1,C,N","008000,1,N,1","+0180,1","+0140,1","99999,9","2,000",,,,,"10220,1,99999,9",,,,"Q01+000000PRSWM2"
"07586499999","1990-08-05T09:00:00","4","44.1","6.0","-999.0","CHATEAU ARNOUX, FR","FM-15","LFMX ","V020","060,1,N,0010,1","22000,1,C,N","009000,1,N,1","+0260,1","+0140,1","99999,9","2,000",,,,,"10220,1,99999,9",,,,"Q01+000000PRSWM2"
"07586499999","1990-08-05T12:00:00","4","44.1","6.0","-999.0","CHATEAU ARNOUX, FR","FM-15","LFMX ","V020","220,1,N,0041,1","22000,1,C,N","011200,1,N,1","+0310,1","+0110,1","99999,9","2,000","01,1,+01800,9,08,9",,,,"10200,1,99999,9",,,,"Q01+000000PRSWM2"
"07586499999","1990-08-05T15:00:00","4","44.1","6.0","-999.0","CHATEAU ARNOUX, FR","FM-15","LFMX ","V020","210,1,N,0051,1","22000,1,C,N","011200,1,N,1","+0320,1","+0110,1","99999,9","2,000","01,1,+01500,9,08,9",,,,"10180,1,99999,9",,,,"Q01+000000PRSWM2"
"07586499999","1990-08-06T04:00:00","4","44.1","6.0","-999.0","CHATEAU ARNOUX, FR","FM-15","LFMX ","V020","340,1,N,0010,1","22000,1,C,N","006000,1,N,1","+0190,1","+0160,1","99999,9","2,999","02,1,+00090,9,07,9",,,,"10159,1,99999,9",,,,"Q01+000000PRSWM2"
"07586499999","1990-08-06T06:00:00","4","44.1","6.0","-999.0","CHATEAU ARNOUX, FR","FM-15","LFMX ","V020","110,1,N,0010,1","22000,1,C,N","005000,1,N,1","+0190,1","+0160,1","99999,9","2,000",,,,,"10159,1,99999,9",,,,"Q01+000000PRSWM2"
"07586499999","1990-08-06T09:00:00","4","44.1","6.0","-999.0","CHATEAU ARNOUX, FR","FM-15","LFMX ","V020","150,1,N,0021,1","22000,1,C,N","007000,1,N,1","+0270,1","+0150,1","99999,9","2,000",,,,,"10149,1,99999,9",,,,"Q01+000000PRSWM2"
"07586499999","1990-08-06T12:00:00","4","44.1","6.0","-999.0","CHATEAU ARNOUX, FR","FM-15","LFMX ","V020","190,1,N,0021,1","22000,1,C,N","011200,1,N,1","+0310,1","+0140,1","99999,9","2,005","01,1,+01500,9,09,9","03,1,+01500,9,08,9",,,"10129,1,99999,9","17,1",,,
"07586499999","1990-08-06T15:00:00","4","44.1","6.0","-999.0","CHATEAU ARNOUX, FR","FM-15","LFMX ","V020","250,1,N,0062,1","06900,1,C,N","011200,1,N,1","+0320,1","+0030,2","99999,9","2,000","02,1,+01800,9,08,9","04,1,+06900,9,00,9",,,"10119,1,99999,9",,,,"Q01+027623ATOD  Q02+000000PRSWM2"
"07586499999","1990-08-07T04:00:00","4","44.1","6.0","-999.0","CHATEAU ARNOUX, FR","FM-15","LFMX ","V020","010,1,N,0051,1","99999,1,C,Y","009900,1,N,1","+0180,1","+0090,1","99999,9","2,999",,,,,"10119,1,99999,9",,,"MET005CAVOK","Q01+000000PRSWM2"
"07586499999","1990-08-07T09:00:00","4","44.1","6.0","-999.0","CHATEAU ARNOUX, FR","FM-15","LFMX ","V020","350,1,N,0082,1","99999,1,C,Y","009900,1,N,1","+0240,1","+0050,1","99999,9","2,000",,,,,"10119,1,99999,9",,,"MET005CAVOK","Q01+000000PRSWM2"
"07586499999","1990-08-07T12:00:00","4","44.1","6.0","-999.0","CHATEAU ARNOUX, FR","FM-15","LFMX ","V020","360,1,N,0072,1","22000,1,C,N","011200,1,N,1","+0270,1","+0040,1","99999,9","2,000","01,1,+01500,9,09,9",,,,"10119,1,99999,9",,,,"Q01+000000PRSWM2"
"07586499999","1990-08-07T15:00:00","4","44.1","6.0","-999.0","CHATEAU ARNOUX, FR","FM-15","LFMX ","V020","360,1,N,0088,1","22000,1,C,N","011200,1,N,1","+0270,1","+0040,1","99999,9","2,000","01,1,+01800,9,08,9",,,,"10108,1,99999,9",,,,"Q01+000000PRSWM2"
"07586499999","1990-08-08T04:00:00","4","44.1","6.0","-999.0","CHATEAU ARNOUX, FR","FM-15","LFMX ","V020","030,1,N,0051,1","99999,1,C,Y","009900,1,N,1","+0170,1","+0060,1","99999,9","1,999",,,,,"10169,1,99999,9",,,"MET005CAVOK","Q01+000000PRSWM2"
"07586499999","1990-08-08T06:00:00","4","44.1","6.0","-999.0","CHATEAU ARNOUX, FR","FM-15","LFMX ","V020","040,1,N,0041,1","99999,1,C,Y","009900,1,N,1","+0170,1","+0060,1","99999,9","1,000",,,,,"10180,1,99999,9",,,"MET005CAVOK","Q01+000000PRSWM2"
"07586499999","1990-08-08T12:00:00","4","44.1","6.0","-999.0","CHATEAU ARNOUX, FR","FM-15","LFMX ","V020","210,1,N,0051,1","22000,1,C,N","011200,1,N,1","+0260,1","+0080,1","99999,9","2,000","02,1,+01800,9,08,9",,,,"10180,1,99999,9",,,,"Q01+000000PRSWM2"
"07586499999","1990-08-08T15:00:00","4","44.1","6.0","-999.0","CHATEAU ARNOUX, FR","FM-15","LFMX ","V020","200,1,N,0072,1","22000,1,C,N","011200,1,N,1","+0260,1","+0060,1","99999,9","2,000","04,1,+01800,9,08,9",,,,"10180,1,99999,9",,,,"Q01+000000PRSWM2"
"07586499999","1990-08-09T04:00:00","4","44.1","6.0","-999.0","CHATEAU ARNOUX, FR","FM-15","LFMX ","V020","070,1,N,0010,1","99999,1,C,Y","009900,1,N,1","+0160,1","+0080,1","99999,9","2,999",,,,,"10220,1,99999,9",,,"MET005CAVOK","Q01+000000PRSWM2"
"07586499999","1990-08-09T09:00:00","4","44.1","6.0","-999.0","CHATEAU ARNOUX, FR","FM-15","LFMX ","V020","070,1,N,0021,1","22000,1,C,N","011200,1,N,1","+0230,1","+0080,1","99999,9","2,000","01,1,+01500,9,08,9",,,,"10220,1,99999,9",,,,"Q01+000000PRSWM2"
"07586499999","1990-08-09T12:00:00","4","44.1","6.0","-999.0","CHATEAU ARNOUX, FR","FM-15","LFMX ","V020","230,1,N,0051,1","22000,1,C,N","011200,1,N,1","+0280,1","+0010,1","99999,9","2,000","02,1,+01800,9,08,9",,,,"10210,1,99999,9",,,,"Q01+000000PRSWM2"
"07586499999","1990-08-09T15:00:00","4","44.1","6.0","-999.0","CHATEAU ARNOUX, FR","FM-15","LFMX ","V020","210,1,N,0051,1","22000,1,C,N","011200,1,N,1","+0280,1","+0040,1","99999,9","2,000","01,1,+01500,9,08,9",,,,"10210,1,99999,9",,,,"Q01+000000PRSWM2"
"07586499999","1990-08-10T06:00:00","4","44.1","6.0","-999.0","CHATEAU ARNOUX, FR","FM-15","LFMX ","V020","030,1,N,0021,1","99999,1,C,Y","009900,1,N,1","+0140,1","+0080,1","99999,9","2,000",,,,,"10251,1,99999,9",,,"MET005CAVOK","Q01+000000PRSWM2"
"07586499999","1990-08-10T09:00:00","4","44.1","6.0","-999.0","CHATEAU ARNOUX, FR","FM-15","LFMX ","V020","020,1,N,0010,1","22000,1,C,N","011200,1,N,1","+0240,1","+0090,1","99999,9","2,000","01,1,+01500,9,08,9",,,,"10240,1,99999,9",,,,"Q01+000000PRSWM2"
"07586499999","1990-08-10T12:00:00","4","44.1","6.0","-999.0","CHATEAU ARNOUX, FR","FM-15","LFMX ","V020","200,1,N,0051,1","22000,1,C,N","011200,1,N,1","+0280,1","+0050,1","99999,9","2,000","02,1,+01500,9,08,9",,,,"10230,1,99999,9",,,,"Q01+000000PRSWM2"
"07586499999","1990-08-10T15:00:00","4","44.1","6.0","-999.0","CHATEAU ARNOUX, FR","FM-15","LFMX ","V020","200,1,N,0041,1","22000,1,C,N","011200,1,N,1","+0290,1","+0030,1","99999,9","2,000","01,1,+01500,9,08,9",,,,"10220,1,99999,9",,,,"Q01+000000PRSWM2"
"07586499999","1990-08-11T04:00:00","4","44.1","6.0","-999.0","CHATEAU ARNOUX, FR","FM-15","LFMX ","V020","110,1,N,0010,1","99999,1,C,Y","009900,1,N,1","+0120,1","+0080,1","99999,9","2,999",,,,,"10220,1,99999,9",,,"MET005CAVOK","Q01+000000PRSWM2"
"07586499999","1990-08-11T06:00:00","4","44.1","6.0","-999.0","CHATEAU ARNOUX, FR","FM-15","LFMX ","V020","090,1,N,0021,1","99999,1,C,Y","009900,1,N,1","+0150,1","+0080,1","99999,9","2,000",,,,,"10230,1,99999,9",,,"MET005CAVOK","Q01+000000PRSWM2"
"07586499999","1990-08-11T09:00:00","4","44.1","6.0","-999.0","CHATEAU ARNOUX, FR","FM-15","LFMX ","V020","080,1,N,0021,1","99999,1,C,Y","009900,1,N,1","+0240,1","+0070,1","99999,9","2,000",,,,,"10220,1,99999,9",,,"MET005CAVOK","Q01+000000PRSWM2"
"07586499999","1990-08-11T12:00:00","4","44.1","6.0","-999.0","CHATEAU ARNOUX, FR","FM-15","LFMX ","V020","220,1,N,0051,1","07800,1,C,N","011200,1,N,1","+0290,1","+0030,1","99999,9","2,000","02,1,+01500,9,08,9","05,1,+07800,9,00,9",,,"10200,1,99999,9",,,,"Q01+000000PRSWM2"
"07586499999","1990-08-11T15:00:00","4","44.1","6.0","-999.0","CHATEAU ARNOUX, FR","FM-15","LFMX ","V020","200,1,N,0062,1","22000,1,C,N","011200,1,N,1","+0300,1","+0060,1","99999,9","2,000","01,1,+01800,9,08,9","03,1,+07800,9,00,9",,,"10190,1,99999,9",,,,"Q01+000000PRSWM2"
"07586499999","1990-08-12T04:00:00","4","44.1","6.0","-999.0","CHATEAU ARNOUX, FR","FM-15","LFMX ","V020","070,1,N,0021,1","22000,1,C,N","006000,1,N,1","+0150,1","+0130,1","99999,9","1,999",,,,,"10210,1,99999,9",,,,"Q01+000000PRSWM2"
"07586499999","1990-08-12T06:00:00","4","44.1","6.0","-999.0","CHATEAU ARNOUX, FR","FM-15","LFMX ","V020","060,1,N,0010,1","22000,1,C,N","008000,1,N,1","+0160,1","+0140,1","99999,9","2,000","02,1,+07800,9,00,9",,,,"10220,1,99999,9",,,,"Q01+000000PRSWM2"
"07586499999","1990-08-12T09:00:00","4","44.1","6.0","-999.0","CHATEAU ARNOUX, FR","FM-15","LFMX ","V020","200,1,N,0031,1","22000,1,C,N","011200,1,N,1","+0240,1","+0150,1","99999,9","2,000","01,1,+01500,9,08,9",,,,"10220,1,99999,9",,,,"Q01+000000PRSWM2"
"07586499999","1990-08-12T15:00:00","4","44.1","6.0","-999.0","CHATEAU ARNOUX, FR","FM-15","LFMX ","V020","220,1,N,0051,1","22000,1,C,N","011200,1,N,1","+0310,1","+0000,1","99999,9","2,000","02,1,+01800,9,09,9","01,1,+01800,9,08,9",,,"10190,1,99999,9",,,,"Q01+000000PRSWM2"
"07586499999","1990-08-13T06:00:00","4","44.1","6.0","-999.0","CHATEAU ARNOUX, FR","FM-15","LFMX ","V020","030,1,N,0021,1","22000,1,C,N","005000,1,N,1","+0180,1","+0160,1","99999,9","2,000","01,1,+03000,9,03,9",,,,"10220,1,99999,9",,,,"Q01+000000PRSWM2"
"07586499999","1990-08-13T09:00:00","4","44.1","6.0","-999.0","CHATEAU ARNOUX, FR","FM-15","LFMX ","V020","210,1,N,0021,1","06900,1,C,N","011200,1,N,1","+0230,1","+0170,1","99999,9","2,000","01,1,+00480,9,08,9","07,1,+06900,9,00,9",,,"10220,1,99999,9",,,,"Q01+000000PRSWM2"
"07586499999","1990-08-13T12:00:00","4","44.1","6.0","-999.0","CHATEAU ARNOUX, FR","FM-15","LFMX ","V020","220,1,N,0051,1","06900,1,C,N","011200,1,N,1","+0270,1","+0130,1","99999,9","2,000","01,1,+00990,9,08,9","07,1,+06900,9,01,9",,,"10210,1,99999,9",,,,"Q01+000000PRSWM2"
"07586499999","1990-08-13T15:00:00","4","44.1","6.0","-999.0","CHATEAU ARNOUX, FR","FM-15","LFMX ","V020","200,1,N,0031,1","03000,1,C,N","011200,1,N,1","+0240,1","+0130,1","99999,9","1,005","01,1,+00900,9,09,9","02,1,+00990,9,08,9","04,1,+03000,9,03,9","06,1,+06900,9,00,9","10200,1,99999,9","21,1",,,
"07586499999","1990-08-14T04:00:00","4","44.1","6.0","-999.0","CHATEAU ARNOUX, FR","FM-15","LFMX ","V020","999,1,C,0000,1","01200,1,C,N","007000,1,N,1","+0170,1","+0150,1","99999,9","2,999","05,1,+01200,9,09,9","03,1,+06900,9,00,9",,,"10200,1,99999,9","95,1",,,
"07586499999","1990-08-14T06:00:00","4","44.1","6.0","-999.0","CHATEAU ARNOUX, FR","FM-15","LFMX ","V020","090,1,N,0021,1","99999,1,C,Y","009900,1,N,1","+0180,1","+0140,1","99999,9","2,000",,,,,"10190,1,99999,9",,,"MET005CAVOK","Q01+000000PRSWM2"
"07586499999","1990-08-14T09:00:00","4","44.1","6.0","-999.0","CHATEAU ARNOUX, FR","FM-15","LFMX ","V020","100,1,N,0021,1","22000,1,C,N","011200,1,N,1","+0240,1","+0120,1","99999,9","2,000","01,1,+01500,9,08,9","04,1,+07800,9,00,9",,,"10190,1,99999,9",,,,"Q01+000000PRSWM2"
"07586499999","1990-08-14T12:00:00","4","44.1","6.0","-999.0","CHATEAU ARNOUX, FR","FM-15","LFMX ","V020","200,1,N,0031,1","22000,1,C,N","011200,1,N,1","+0280,1","+0130,1","99999,9","2,000","02,1,+01800,9,08,9",,,,"10180,1,99999,9",,,,"Q01+000000PRSWM2"
"07586499999","1990-08-14T15:00:00","4","44.1","6.0","-999.0","CHATEAU ARNOUX, FR","FM-15","LFMX ","V020","210,1,N,0051,1","22000,1,C,N","011200,1,N,1","+0290,1","+0140,1","99999,9","2,008","01,1,+01500,9,09,9","02,1,+01800,9,08,9",,,"10169,1,99999,9","29,1",,,
"07586499999","1990-08-15T06:00:00","4","44.1","6.0","-999.0","CHATEAU ARNOUX, FR","FM-15","LFMX ","V020","040,1,N,0051,1","99999,1,C,Y","009900,1,N,1","+0170,1","+0130,1","99999,9","2,000",,,,,"10169,1,99999,9",,,"MET005CAVOK","Q01+000000PRSWM2"
"07586499999","1990-08-16T06:00:00","4","44.1","6.0","-999.0","CHATEAU ARNOUX, FR","FM-15","LFMX ","V020","030,1,N,0021,1","99999,1,C,Y","009900,1,N,1","+9999,9","+9999,9","99999,9","2,000",,,,,,,,"MET005CAVOK","Q01+000000PRSWM2"
"07586499999","1990-08-16T09:00:00","4","44.1","6.0","-999.0","CHATEAU ARNOUX, FR","FM-15","LFMX ","V020","360,1,N,0031,1","22000,1,C,N","011200,1,N,1","+0240,1","+0110,1","99999,9","2,000","01,1,+01200,9,08,9",,,,"10190,1,99999,9",,,,"Q01+000000PRSWM2"
"07586499999","1990-08-16T12:00:00","4","44.1","6.0","-999.0","CHATEAU ARNOUX, FR","FM-15","LFMX ","V020","220,1,N,0031,1","22000,1,C,N","011200,1,N,1","+0280,1","+0100,1","99999,9","2,000","01,1,+01500,9,08,9",,,,"10180,1,99999,9",,,,"Q01+000000PRSWM2"
"07586499999","1990-08-16T15:00:00","4","44.1","6.0","-999.0","CHATEAU ARNOUX, FR","FM-15","LFMX ","V020","200,1,N,0062,1","22000,1,C,N","011200,1,N,1","+0300,1","+0090,1","99999,9","2,000","01,1,+01500,9,08,9",,,,"10159,1,99999,9",,,,"Q01+000000PRSWM2"
"07586499999","1990-08-17T04:00:00","4","44.1","6.0","-999.0","CHATEAU ARNOUX, FR","FM-15","LFMX ","V020","240,1,N,0031,1","22000,1,C,N","011200,1,N,1","+0150,1","+0120,1","99999,9","2,999","01,1,+01200,9,08,9",,,,"10180,1,99999,9",,,,"Q01+000000PRSWM2"
"07586499999","1990-08-17T06:00:00","4","44.1","6.0","-999.0","CHATEAU ARNOUX, FR","FM-15","LFMX ","V020","210,1,N,0021,1","22000,1,C,N","011200,1,N,1","+0170,1","+0130,1","99999,9","2,000","01,1,+01290,9,08,9",,,,"10190,1,99999,9",,,,"Q01+000000PRSWM2"
"07586499999","1990-08-17T09:00:00","4","44.1","6.0","-999.0","CHATEAU ARNOUX, FR","FM-15","LFMX ","V020","350,1,N,0098,1","22000,1,C,N","011200,1,N,1","+0220,1","+0070,1","99999,9","2,000","01,1,+01500,9,08,9",,,,"10190,1,99999,9",,,,"Q01+000000PRSWM2"
"07586499999","1990-08-17T12:00:00","4","44.1","6.0","-999.0","CHATEAU ARNOUX, FR","FM-15","LFMX ","V020","360,1,N,0088,1","22000,1,C,N","011200,1,N,1","+0240,1","+0040,1","99999,9","2,000","01,1,+01500,9,08,9",,,,"10180,1,99999,9",,"0139,1",,"Q01+000000PRSWM2"
"07586499999","1990-08-17T15:00:00","4","44.1","6.0","-999.0","CHATEAU ARNOUX, FR","FM-15","LFMX ","V020","340,1,N,0062,1","99999,1,C,Y","009900,1,N,1","+0250,1","+9999,9","99999,9","2,000",,,,,"10169,1,99999,9",,,"MET005CAVOK","Q01+000000PRSWM2"
"07586499999","1990-08-18T04:00:00","4","44.1","6.0","-999.0","CHATEAU ARNOUX, FR","FM-15","LFMX ","V020","020,1,N,0062,1","99999,1,C,Y","009900,1,N,1","+0150,1","+0030,1","99999,9","2,999",,,,,"10190,1,99999,9",,"0118,1","MET005CAVOK","Q01+000000PRSWM2"
"07586499999","1990-08-18T06:00:00","4","44.1","6.0","-999.0","CHATEAU ARNOUX, FR","FM-15","LFMX ","V020","050,1,N,0072,1","22000,1,C,N","011200,1,N,1","+0160,1","+0030,1","99999,9","2,000","01,1,+01500,9,08,9",,,,"10200,1,99999,9",,"0149,1",,"Q01+000000PRSWM2"
"07586499999","1990-08-18T09:00:00","4","44.1","6.0","-999.0","CHATEAU ARNOUX, FR","FM-15","LFMX ","V020","030,1,N,0072,1","22000,1,C,N","011200,1,N,1","+0210,1","+0030,1","99999,9","2,000","01,1,+01500,9,08,9",,,,"10200,1,99999,9",,,,"Q01+000000PRSWM2"
"07586499999","1990-08-18T12:00:00","4","44.1","6.0","-999.0","CHATEAU ARNOUX, FR","FM-15","LFMX ","V020","210,1,N,0041,1","22000,1,C,N","011200,1,N,1","+0270,1","+0070,1","99999,9","2,000","01,1,+01800,9,08,9",,,,"10190,1,99999,9",,,,"Q01+000000PRSWM2"
"07586499999","1990-08-18T15:00:00","4","44.1","6.0","-999.0","CHATEAU ARNOUX, FR","FM-15","LFMX ","V020","210,1,N,0051,1","99999,1,C,Y","009900,1,N,1","+0280,1","+0060,1","99999,9","2,000",,,,,"10180,1,99999,9",,,"MET005CAVOK","Q01+000000PRSWM2"
"07586499999","1990-08-19T04:00:00","4","44.1","6.0","-999.0","CHATEAU ARNOUX, FR","FM-15","LFMX ","V020","330,1,N,0031,1","99999,1,C,Y","009900,1,N,1","+0130,1","+0060,1","99999,9","2,999",,,,,"10200,1,99999,9",,,"MET005CAVOK","Q01+000000PRSWM2"
"07586499999","1990-08-19T06:00:00","4","44.1","6.0","-999.0","CHATEAU ARNOUX, FR","FM-15","LFMX ","V020","030,1,N,0021,1","99999,1,C,Y","009900,1,N,1","+0170,1","+0070,1","99999,9","2,000",,,,,"10210,1,99999,9",,,"MET005CAVOK","Q01+000000PRSWM2"
"07586499999","1990-08-19T09:00:00","4","44.1","6.0","-999.0","CHATEAU ARNOUX, FR","FM-15","LFMX ","V020","030,1,N,0031,1","99999,1,C,Y","009900,1,N,1","+0240,1","+0050,1","99999,9","2,000",,,,,"10210,1,99999,9",,,"MET005CAVOK","Q01+000000PRSWM2"
"07586499999","1990-08-19T12:00:00","4","44.1","6.0","-999.0","CHATEAU ARNOUX, FR","FM-15","LFMX ","V020","210,1,N,0041,1","22000,1,C,N","011200,1,N,1","+0290,1","+0020,1","99999,9","2,000","01,1,+01500,9,08,9",,,,"10200,1,99999,9",,,,"Q01+000000PRSWM2"
"07586499999","1990-08-19T15:00:00","4","44.1","6.0","-999.0","CHATEAU ARNOUX, FR","FM-15","LFMX ","V020","190,1,N,0031,1","22000,1,C,N","011200,1,N,1","+0310,1","+9999,9","99999,9","2,000","01,1,+01800,9,08,9",,,,"10180,1,99999,9",,,,"Q01+000000PRSWM2"
"07586499999","1990-08-20T04:00:00","4","44.1","6.0","-999.0","CHATEAU ARNOUX, FR","FM-15","LFMX ","V020","070,1,N,0021,1","99999,1,C,Y","009900,1,N,1","+0150,1","+0100,1","99999,9","2,999",,,,,"10190,1,99999,9",,,"MET005CAVOK","Q01+000000PRSWM2"
"07586499999","1990-08-20T09:00:00","4","44.1","6.0","-999.0","CHATEAU ARNOUX, FR","FM-15","LFMX ","V020","020,1,N,0021,1","99999,1,C,Y","009900,1,N,1","+0250,1","+0070,1","99999,9","2,000",,,,,"10200,1,99999,9",,,"MET005CAVOK","Q01+000000PRSWM2"
"07586499999","1990-08-20T12:00:00","4","44.1","6.0","-999.0","CHATEAU ARNOUX, FR","FM-15","LFMX ","V020","210,1,N,0051,1","99999,1,C,Y","009900,1,N,1","+0310,1","+0080,1","99999,9","2,000",,,,,"10180,1,99999,9",,,"MET005CAVOK","Q01+000000PRSWM2"
"07586499999","1990-08-20T15:00:00","4","44.1","6.0","-999.0","CHATEAU ARNOUX, FR","FM-15","LFMX ","V020","210,1,N,0062,1","22000,1,C,N","011200,1,N,1","+0340,1","+0030,1","99999,9","2,000","01,1,+01800,9,08,9",,,,"10159,1,99999,9",,"0118,1",,"Q01+000000PRSWM2"
"07586499999","1990-08-21T06:00:00","4","44.1","6.0","-999.0","CHATEAU ARNOUX, FR","FM-15","LFMX ","V020","360,1,N,0072,1","99999,1,C,Y","009900,1,N,1","+0220,1","+0090,1","99999,9","2,000",,,,,"10169,1,99999,9",,,"MET005CAVOK","Q01+000000PRSWM2"
"07586499999","1990-08-21T09:00:00","4","44.1","6.0","-999.0","CHATEAU ARNOUX, FR","FM-15","LFMX ","V020","360,1,N,0082,1","99999,1,C,Y","009900,1,N,1","+0270,1","+0040,1","99999,9","2,000",,,,,"10159,1,99999,9",,,"MET005CAVOK","Q01+000000PRSWM2"
"07586499999","1990-08-21T12:00:00","4","44.1","6.0","-999.0","CHATEAU ARNOUX, FR","FM-15","LFMX ","V020","320,1,N,0072,1","99999,1,C,Y","009900,1,N,1","+0310,1","+0010,1","99999,9","2,000",,,,,"10139,1,99999,9",,"0139,1","MET005CAVOK","Q01+000000PRSWM2"
"07586499999","1990-08-21T15:00:00","4","44.1","6.0","-999.0","CHATEAU ARNOUX, FR","FM-15","LFMX ","V020","340,1,N,0098,1","99999,1,C,Y","009900,1,N,1","+0310,1","+0010,1","99999,9","2,000",,,,,"10129,1,99999,9",,"0160,1","MET005CAVOK","Q01+000000PRSWM2"
"07586499999","1990-08-22T04:00:00","4","44.1","6.0","-999.0","CHATEAU ARNOUX, FR","FM-15","LFMX ","V020","020,1,N,0051,1","99999,1,C,Y","009900,1,N,1","+0170,1","+0050,1","99999,9","2,999",,,,,"10169,1,99999,9",,,"MET005CAVOK","Q01+000000PRSWM2"
"07586499999","1990-08-22T06:00:00","4","44.1","6.0","-999.0","CHATEAU ARNOUX, FR","FM-15","LFMX ","V020","030,1,N,0072,1","99999,1,C,Y","009900,1,N,1","+0170,1","+0040,1","99999,9","2,000",,,,,"10169,1,99999,9",,,"MET005CAVOK","Q01+000000PRSWM2"
"07586499999","1990-08-22T09:00:00","4","44.1","6.0","-999.0","CHATEAU ARNOUX, FR","FM-15","LFMX ","V020","010,1,N,0082,1","99999,1,C,Y","009900,1,N,1","+0220,1","+0030,1","99999,9","2,000",,,,,"10180,1,99999,9",,,"MET005CAVOK","Q01+000000PRSWM2"
"07586499999","1990-08-22T12:00:00","4","44.1","6.0","-999.0","CHATEAU ARNOUX, FR","FM-15","LFMX ","V020","020,1,N,0041,1","22000,1,C,N","011200,1,N,1","+0280,1","-0010,1","99999,9","2,000","01,1,+01500,9,08,9",,,,"10180,1,99999,9",,,,"Q01+000000PRSWM2"
"07586499999","1990-08-22T15:00:00","4","44.1","6.0","-999.0","CHATEAU ARNOUX, FR","FM-15","LFMX ","V020","230,1,N,0051,1","99999,1,C,Y","009900,1,N,1","+0290,1","+0000,1","99999,9","2,000",,,,,"10169,1,99999,9",,,"MET005CAVOK","Q01+000000PRSWM2"
"07586499999","1990-08-23T04:00:00","4","44.1","6.0","-999.0","CHATEAU ARNOUX, FR","FM-15","LFMX ","V020","050,1,N,0021,1","22000,1,C,N","007000,1,N,1","+0140,1","+0070,1","99999,9","2,999",,,,,"10230,1,99999,9",,,,"Q01+000000PRSWM2"
"07586499999","1990-08-23T06:00:00","4","44.1","6.0","-999.0","CHATEAU ARNOUX, FR","FM-15","LFMX ","V020","080,1,N,0021,1","99999,1,C,Y","009900,1,N,1","+0150,1","+0070,1","99999,9","2,000",,,,,"10240,1,99999,9",,,"MET005CAVOK","Q01+000000PRSWM2"
"07586499999","1990-08-23T09:00:00","4","44.1","6.0","-999.0","CHATEAU ARNOUX, FR","FM-15","LFMX ","V020","360,1,N,0031,1","99999,1,C,Y","009900,1,N,1","+0230,1","+0050,1","99999,9","2,000",,,,,"10240,1,99999,9",,,"MET005CAVOK","Q01+000000PRSWM2"
"07586499999","1990-08-23T12:00:00","4","44.1","6.0","-999.0","CHATEAU ARNOUX, FR","FM-15","LFMX ","V020","200,1,N,0041,1","99999,1,C,Y","009900,1,N,1","+0280,1","+0040,1","99999,9","2,000",,,,,"10230,1,99999,9",,,"MET005CAVOK","Q01+000000PRSWM2"
"07586499999","1990-08-23T15:00:00","4","44.1","6.0","-999.0","CHATEAU ARNOUX, FR","FM-15","LFMX ","V020","200,1,N,0051,1","99999,1,C,Y","009900,1,N,1","+0300,1","+0020,1","99999,9","2,000",,,,,"10220,1,99999,9",,,"MET005CAVOK","Q01+000000PRSWM2"
"07586499999","1990-08-24T04:00:00","4","44.1","6.0","-999.0","CHATEAU ARNOUX, FR","FM-15","LFMX ","V020","040,1,N,0010,1","99999,1,C,Y","009900,1,N,1","+0140,1","+0080,1","99999,9","2,999",,,,,"10251,1,99999,9",,,"MET005CAVOK","Q01+000000PRSWM2"
"07586499999","1990-08-24T06:00:00","4","44.1","6.0","-999.0","CHATEAU ARNOUX, FR","FM-15","LFMX ","V020","060,1,N,0010,1","99999,1,C,Y","009900,1,N,1","+0150,1","+0080,1","99999,9","2,000",,,,,"10251,1,99999,9",,,"MET005CAVOK","Q01+000000PRSWM2"
"07586499999","1990-08-24T09:00:00","4","44.1","6.0","-999.0","CHATEAU ARNOUX, FR","FM-15","LFMX ","V020","050,1,N,0021,1","99999,1,C,Y","009900,1,N,1","+0240,1","+0080,1","99999,9","2,000",,,,,"10240,1,99999,9",,,"MET005CAVOK","Q01+000000PRSWM2"
"07586499999","1990-08-24T12:00:00","4","44.1","6.0","-999.0","CHATEAU ARNOUX, FR","FM-15","LFMX ","V020","230,1,N,0051,1","99999,1,C,Y","009900,1,N,1","+0300,1","+0060,1","99999,9","2,000",,,,,"10230,1,99999,9",,,"MET005CAVOK","Q01+000000PRSWM2"
"07586499999","1990-08-24T15:00:00","4","44.1","6.0","-999.0","CHATEAU ARNOUX, FR","FM-15","LFMX ","V020","210,1,N,0051,1","99999,1,C,Y","009900,1,N,1","+0310,1","-0010,1","99999,9","2,000",,,,,"10210,1,99999,9",,,"MET005CAVOK","Q01+000000PRSWM2"
"07586499999","1990-08-25T04:00:00","4","44.1","6.0","-999.0","CHATEAU ARNOUX, FR","FM-15","LFMX ","V020","090,1,N,0021,1","99999,1,C,Y","009900,1,N,1","+0140,1","+0080,1","99999,9","2,999",,,,,"10200,1,99999,9",,,"MET005CAVOK","Q01+000000PRSWM2"
"07586499999","1990-08-25T06:00:00","4","44.1","6.0","-999.0","CHATEAU ARNOUX, FR","FM-15","LFMX ","V020","060,1,N,0010,1","99999,1,C,Y","009900,1,N,1","+0170,1","+0080,1","99999,9","2,000",,,,,"10210,1,99999,9",,,"MET005CAVOK","Q01+000000PRSWM2"
"07586499999","1990-08-25T09:00:00","4","44.1","6.0","-999.0","CHATEAU ARNOUX, FR","FM-15","LFMX ","V020","020,1,N,0051,1","99999,1,C,Y","009900,1,N,1","+0190,1","+0130,1","99999,9","2,000",,,,,"10210,1,99999,9",,,"MET005CAVOK","Q01+000000PRSWM2"
"07586499999","1990-08-25T12:00:00","4","44.1","6.0","-999.0","CHATEAU ARNOUX, FR","FM-15","LFMX ","V020","010,1,N,0062,1","22000,1,C,N","011200,1,N,1","+0240,1","+0120,1","99999,9","2,000","01,1,+01290,9,08,9","03,1,+07800,9,00,9",,,"10200,1,99999,9",,,,"Q01+000000PRSWM2"
"07586499999","1990-08-25T15:00:00","4","44.1","6.0","-999.0","CHATEAU ARNOUX, FR","FM-15","LFMX ","V020","010,1,N,0062,1","22000,1,C,N","011200,1,N,1","+0260,1","+0110,1","99999,9","2,000","02,1,+01500,9,08,9",,,,"10180,1,99999,9",,,,"Q01+000000PRSWM2"
"07586499999","1990-08-26T04:00:00","4","44.1","6.0","-999.0","CHATEAU ARNOUX, FR","FM-15","LFMX ","V020","030,1,N,0051,1","99999,1,C,Y","009900,1,N,1","+0170,1","+0110,1","99999,9","2,999",,,,,"10149,1,99999,9",,,"MET005CAVOK","Q01+000000PRSWM2"
"07586499999","1990-08-26T06:00:00","4","44.1","6.0","-999.0","CHATEAU ARNOUX, FR","FM-15","LFMX ","V020","010,1,N,0031,1","99999,1,C,Y","009900,1,N,1","+0170,1","+0110,1","99999,9","2,000",,,,,"10159,1,99999,9",,,"MET005CAVOK","Q01+000000PRSWM2"
"07586499999","1990-08-26T09:00:00","4","44.1","6.0","-999.0","CHATEAU ARNOUX, FR","FM-15","LFMX ","V020","010,1,N,0051,1","22000,1,C,N","011200,1,N,1","+0230,1","+0110,1","99999,9","2,000","01,1,+01500,9,08,9",,,,"10149,1,99999,9",,,,"Q01+000000PRSWM2"
"07586499999","1990-08-26T12:00:00","4","44.1","6.0","-999.0","CHATEAU ARNOUX, FR","FM-15","LFMX ","V020","220,1,N,0041,1","22000,1,C,N","011200,1,N,1","+0280,1","+0090,1","99999,9","2,000","01,1,+01800,9,09,9","01,1,+01800,9,08,9",,,"10139,1,99999,9",,,,"Q01+000000PRSWM2"
"07586499999","1990-08-27T04:00:00","4","44.1","6.0","-999.0","CHATEAU ARNOUX, FR","FM-15","LFMX ","V020","050,1,N,0021,1","99999,1,C,Y","009900,1,N,1","+0170,1","+0150,1","99999,9","2,999",,,,,"10159,1,99999,9",,,"MET005CAVOK","Q01+000000PRSWM2"
"07586499999","1990-08-27T06:00:00","4","44.1","6.0","-999.0","CHATEAU ARNOUX, FR","FM-15","LFMX ","V020","070,1,N,0021,1","99999,1,C,Y","009900,1,N,1","+0170,1","+0140,1","99999,9","2,000",,,,,"10159,1,99999,9",,,"MET005CAVOK","Q01+000000PRSWM2"
"07586499999","1990-08-27T09:00:00","4","44.1","6.0","-999.0","CHATEAU ARNOUX, FR","FM-15","LFMX ","V020","060,1,N,0031,1","99999,1,C,Y","009900,1,N,1","+0200,1","+0150,1","99999,9","2,000",,,,,"10159,1,99999,9",,,"MET005CAVOK","Q01+000000PRSWM2"
"07586499999","1990-08-27T12:00:00","4","44.1","6.0","-999.0","CHATEAU ARNOUX, FR","FM-15","LFMX ","V020","200,1,N,0041,1","22000,1,C,N","011200,1,N,1","+0260,1","+0120,1","99999,9","2,000","01,1,+01380,9,09,9","02,1,+01500,9,08,9",,,"10159,1,99999,9",,,,"Q01+000000PRSWM2"
"07586499999","1990-08-27T15:00:00","4","44.1","6.0","-999.0","CHATEAU ARNOUX, FR","FM-15","LFMX ","V020","240,1,N,0051,1","01500,1,C,N","011200,1,N,1","+0220,1","+0140,1","99999,9","2,000","01,1,+01380,9,09,9","05,1,+01500,9,08,9",,,"10180,1,99999,9",,,,"Q01+000000PRSWM2"
"07586499999","1990-08-28T04:00:00","4","44.1","6.0","-999.0","CHATEAU ARNOUX, FR","FM-15","LFMX ","V020","030,1,N,0010,1","99999,1,C,Y","009900,1,N,1","+0160,1","+0140,1","99999,9","2,999",,,,,"10190,1,99999,9",,"0062,1","MET005CAVOK","Q01+000000PRSWM2"
"07586499999","1990-08-28T06:00:00","4","44.1","6.0","-999.0","CHATEAU ARNOUX, FR","FM-15","LFMX ","V020","080,1,N,0031,1","99999,1,C,Y","009900,1,N,1","+0170,1","+0140,1","99999,9","2,000",,,,,"10200,1,99999,9",,,"MET005CAVOK","Q01+000000PRSWM2"
"07586499999","1990-08-28T09:00:00","4","44.1","6.0","-999.0","CHATEAU ARNOUX, FR","FM-15","LFMX ","V020","030,1,N,0041,1","22000,1,C,N","011200,1,N,1","+0220,1","+0140,1","99999,9","2,000","01,1,+01500,9,08,9",,,,"10200,1,99999,9",,,,"Q01+000000PRSWM2"
"07586499999","1990-08-28T12:00:00","4","44.1","6.0","-999.0","CHATEAU ARNOUX, FR","FM-15","LFMX ","V020","230,1,N,0031,1","22000,1,C,N","011200,1,N,1","+0280,1","+0080,1","99999,9","2,000","02,1,+01500,9,08,9",,,,"10190,1,99999,9",,,,"Q01+000000PRSWM2"
"07586499999","1990-08-29T06:00:00","4","44.1","6.0","-999.0","CHATEAU ARNOUX, FR","FM-15","LFMX ","V020","070,1,N,0021,1","99999,1,C,Y","009900,1,N,1","+0160,1","+0130,1","99999,9","2,000",,,,,"10210,1,99999,9",,,"MET005CAVOK","Q01+000000PRSWM2"
"07586499999","1990-08-29T09:00:00","4","44.1","6.0","-999.0","CHATEAU ARNOUX, FR","FM-15","LFMX ","V020","080,1,N,0031,1","22000,1,C,N","011200,1,N,1","+0220,1","+0140,1","99999,9","2,000","01,1,+01500,9,08,9",,,,"10220,1,99999,9",,,,"Q01+000000PRSWM2"
"07586499999","1990-08-29T12:00:00","4","44.1","6.0","-999.0","CHATEAU ARNOUX, FR","FM-15","LFMX ","V020","200,1,N,0041,1","99999,1,C,Y","009900,1,N,1","+0280,1","+0110,1","99999,9","2,000",,,,,"10200,1,99999,9",,,"MET005CAVOK","Q01+000000PRSWM2"
"07586499999","1990-08-29T15:00:00","4","44.1","6.0","-999.0","CHATEAU ARNOUX, FR","FM-15","LFMX ","V020","210,1,N,0051,1","22000,1,C,N","011200,1,N,1","+0280,1","+0100,1","99999,9","2,000","01,1,+02100,9,09,9","02,1,+02100,9,08,9",,,"10180,1,99999,9",,,,"Q01+000000PRSWM2"
"07586499999","1990-08-30T04:00:00","4","44.1","6.0","-999.0","CHATEAU ARNOUX, FR","FM-15","LFMX ","V020","060,1,N,0021,1","99999,1,C,Y","009900,1,N,1","+0140,1","+0130,1","99999,9","1,999",,,,,"10200,1,99999,9",,,"MET005CAVOK","Q01+000000PRSWM2"
"07586499999","1990-08-30T06:00:00","4","44.1","6.0","-999.0","CHATEAU ARNOUX, FR","FM-15","LFMX ","V020","070,1,N,0010,1","22000,1,C,N","006000,1,N,1","+0140,1","+0130,1","99999,9","2,000","02,1,+03000,9,03,9",,,,"10200,1,99999,9",,,,"Q01+000000PRSWM2"
"07586499999","1990-08-30T09:00:00","4","44.1","6.0","-999.0","CHATEAU ARNOUX, FR","FM-15","LFMX ","V020","030,1,N,0010,1","03000,1,C,N","008000,1,N,1","+0180,1","+0140,1","99999,9","2,012","03,1,+01500,9,08,9","08,1,+03000,9,04,9",,,"10210,1,99999,9","61,1",,,
"07586499999","1990-08-30T12:00:00","4","44.1","6.0","-999.0","CHATEAU ARNOUX, FR","FM-15","LFMX ","V020","360,1,N,0010,1","03000,1,C,N","006000,1,N,1","+0190,1","+0160,1","99999,9","2,000","01,1,+00090,9,07,9","04,1,+00900,9,05,9","08,1,+03000,9,03,9",,"10200,1,99999,9",,,,"Q01+000000PRSWM2"
"07586499999","1990-08-30T15:00:00","4","44.1","6.0","-999.0","CHATEAU ARNOUX, FR","FM-15","LFMX ","V020","160,1,N,0010,1","03000,1,C,N","005000,1,N,1","+0190,1","+0170,1","99999,9","2,012","04,1,+00900,9,05,9","08,1,+03000,9,03,9",,,"10190,1,99999,9","61,1",,,
"07586499999","1990-08-31T04:00:00","4","44.1","6.0","-999.0","CHATEAU ARNOUX, FR","FM-15","LFMX ","V020","250,1,N,0021,1","00780,1,C,N","006000,1,N,1","+0160,1","+0150,1","99999,9","2,999","07,1,+00780,9,05,9",,,,"10169,1,99999,9",,,,"Q01+000000PRSWM2"
"07586499999","1990-08-31T06:00:00","4","44.1","6.0","-999.0","CHATEAU ARNOUX, FR","FM-15","LFMX ","V020","250,1,N,0010,1","00090,1,C,N","006000,1,N,1","+0160,1","+0140,1","99999,9","2,000","05,1,+00090,9,07,9","07,1,+00780,9,05,9",,,"10169,1,99999,9",,,,"Q01+000000PRSWM2"
"07586499999","1990-08-31T09:00:00","4","44.1","6.0","-999.0","CHATEAU ARNOUX, FR","FM-15","LFMX ","V020","210,1,N,0031,1","22000,1,C,N","011200,1,N,1","+0180,1","+0140,1","99999,9","2,000","04,1,+00600,9,08,9",,,,"10169,1,99999,9",,,,"Q01+000000PRSWM2"
"07586499999","1990-08-31T12:00:00","4","44.1","6.0","-999.0","CHATEAU ARNOUX, FR","FM-15","LFMX ","V020","360,1,N,0041,1","22000,1,C,N","011200,1,N,1","+0220,1","+0120,1","99999,9","2,000","02,1,+01200,9,08,9",,,,"10159,1,99999,9",,,,"Q01+000000PRSWM2"
"07586499999","1990-08-31T15:00:00","4","44.1","6.0","-999.0","CHATEAU ARNOUX, FR","FM-15","LFMX ","V020","320,1,N,0021,1","22000,1,C,N","011200,1,N,1","+0220,1","+0110,1","99999,9","2,000","02,1,+01500,9,08,9",,,,"10149,1,99999,9",,,,"Q01+000000PRSWM2"
"07586499999","1990-09-01T04:00:00","4","44.1","6.0","-999.0","CHATEAU ARNOUX, FR","FM-15","LFMX ","V020","040,1,N,0072,1","99999,1,C,Y","009900,1,N,1","+0130,1","+0060,1","99999,9","1,999",,,,,"10139,1,99999,9",,,"MET005CAVOK","Q01+000000PRSWM2"
"07586499999","1990-09-01T06:00:00","4","44.1","6.0","-999.0","CHATEAU ARNOUX, FR","FM-15","LFMX ","V020","040,1,N,0082,1","99999,1,C,Y","009900,1,N,1","+0130,1","+0070,1","99999,9","2,000",,,,,"10139,1,99999,9",,,"MET005CAVOK","Q01+000000PRSWM2"
"07586499999","1990-09-01T09:00:00","4","44.1","6.0","-999.0","CHATEAU ARNOUX, FR","FM-15","LFMX ","V020","030,1,N,0062,1","99999,1,C,Y","009900,1,N,1","+0180,1","+0080,1","99999,9","2,000",,,,,"10149,1,99999,9",,,"MET005CAVOK","Q01+000000PRSWM2"
"07586499999","1990-09-01T12:00:00","4","44.1","6.0","-999.0","CHATEAU ARNOUX, FR","FM-15","LFMX ","V020","090,1,N,0021,1","22000,1,C,N","011200,1,N,1","+0240,1","+0080,1","99999,9","2,000","01,1,+01500,9,08,9",,,,"10149,1,99999,9",,,,"Q01+000000PRSWM2"
"07586499999","1990-09-01T15:00:00","4","44.1","6.0","-999.0","CHATEAU ARNOUX, FR","FM-15","LFMX ","V020","200,1,N,0041,1","99999,1,C,Y","009900,1,N,1","+9999,9","+9999,9","99999,9","2,000",,,,,,,,"MET005CAVOK","Q01+000000PRSWM2"
"07586499999","1990-09-02T06:00:00","4","44.1","6.0","-999.0","CHATEAU ARNOUX, FR","FM-15","LFMX ","V020","080,1,N,0031,1","99999,1,C,Y","009900,1,N,1","+9999,9","+9999,9","99999,9","2,000",,,,,,,,"MET005CAVOK","Q01+000000PRSWM2"
"07586499999","1990-09-02T09:00:00","4","44.1","6.0","-999.0","CHATEAU ARNOUX, FR","FM-15","LFMX ","V020","300,1,N,0062,1","22000,1,C,N","011200,1,N,1","+9999,9","+9999,9","99999,9","2,000","01,1,+01290,9,08,9",,,,,,,,"Q01+000000PRSWM2"
"07586499999","1990-09-02T12:00:00","4","44.1","6.0","-999.0","CHATEAU ARNOUX, FR","FM-15","LFMX ","V020","220,1,N,0062,1","22000,1,C,N","011200,1,N,1","+9999,9","+9999,9","99999,9","2,000","01,1,+01500,9,08,9",,,,,,,,"Q01+000000PRSWM2"
"07586499999","1990-09-03T06:00:00","4","44.1","6.0","-999.0","CHATEAU ARNOUX, FR","FM-15","LFMX ","V020","080,1,N,0041,1","99999,1,C,Y","009900,1,N,1","+9999,9","+9999,9","99999,9","2,000",,,,,,,,"MET005CAVOK","Q01+000000PRSWM2"
"07586499999","1990-09-03T09:00:00","4","44.1","6.0","-999.0","CHATEAU ARNOUX, FR","FM-15","LFMX ","V020","040,1,N,0072,1","99999,1,C,Y","009900,1,N,1","+9999,9","+9999,9","99999,9","2,000",,,,,,,,"MET005CAVOK","Q01+000000PRSWM2"
"07586499999","1990-09-03T12:00:00","4","44.1","6.0","-999.0","CHATEAU ARNOUX, FR","FM-15","LFMX ","V020","180,1,N,0021,1","22000,1,C,N","011200,1,N,1","+0260,1","+0090,1","99999,9","2,000","01,1,+01290,9,08,9",,,,"10159,1,99999,9",,,,"Q01+000000PRSWM2"
"07586499999","1990-09-03T15:00:00","4","44.1","6.0","-999.0","CHATEAU ARNOUX, FR","FM-15","LFMX ","V020","200,1,N,0051,1","22000,1,C,N","011200,1,N,1","+0270,1","+0090,1","99999,9","2,000","01,1,+01500,9,08,9",,,,"10149,1,99999,9",,,,"Q01+000000PRSWM2"
"07586499999","1990-09-04T06:00:00","4","44.1","6.0","-999.0","CHATEAU ARNOUX, FR","FM-15","LFMX ","V020","070,1,N,0010,1","99999,1,C,Y","009900,1,N,1","+0150,1","+0110,1","99999,9","2,000",,,,,"10149,1,99999,9",,,"MET005CAVOK","Q01+000000PRSWM2"
"07586499999","1990-09-04T09:00:00","4","44.1","6.0","-999.0","CHATEAU ARNOUX, FR","FM-15","LFMX ","V020","340,1,N,0021,1","99999,1,C,Y","009900,1,N,1","+0220,1","+0110,1","99999,9","2,000",,,,,"10149,1,99999,9",,,"MET005CAVOK","Q01+000000PRSWM2"
"07586499999","1990-09-04T12:00:00","4","44.1","6.0","-999.0","CHATEAU ARNOUX, FR","FM-15","LFMX ","V020","180,1,N,0031,1","22000,1,C,N","011200,1,N,1","+0250,1","+0110,1","99999,9","2,000","01,1,+01500,9,08,9","04,1,+09000,9,00,9",,,"10129,1,99999,9",,,,"Q01+000000PRSWM2"
"07586499999","1990-09-04T15:00:00","4","44.1","6.0","-999.0","CHATEAU ARNOUX, FR","FM-15","LFMX ","V020","200,1,N,0051,1","09000,1,C,N","011200,1,N,1","+0260,1","+0080,1","99999,9","2,000","02,1,+01800,9,08,9","07,1,+09000,9,00,9",,,"10108,1,99999,9",,,,"Q01+000000PRSWM2"
"07586499999","1990-09-05T04:00:00","4","44.1","6.0","-999.0","CHATEAU ARNOUX, FR","FM-15","LFMX ","V020","350,1,N,0062,1","99999,1,C,Y","009900,1,N,1","+0190,1","+0080,1","99999,9","1,999",,,,,"10108,1,99999,9",,,"MET005CAVOK","Q01+000000PRSWM2"
"07586499999","1990-09-05T06:00:00","4","44.1","6.0","-999.0","CHATEAU ARNOUX, FR","FM-15","LFMX ","V020","040,1,N,0021,1","99999,1,C,Y","009900,1,N,1","+0180,1","+0080,1","99999,9","2,000",,,,,"10108,1,99999,9",,,"MET005CAVOK","Q01+000000PRSWM2"
"07586499999","1990-09-05T09:00:00","4","44.1","6.0","-999.0","CHATEAU ARNOUX, FR","FM-15","LFMX ","V020","010,1,N,0062,1","99999,1,C,Y","009900,1,N,1","+0210,1","+0090,1","99999,9","2,000",,,,,"10108,1,99999,9",,,"MET005CAVOK","Q01+000000PRSWM2"
"07586499999","1990-09-05T12:00:00","4","44.1","6.0","-999.0","CHATEAU ARNOUX, FR","FM-15","LFMX ","V020","010,1,N,0041,1","99999,1,C,Y","009900,1,N,1","+0250,1","+0030,1","99999,9","2,000",,,,,"10102,1,99999,9",,,"MET005CAVOK","Q01+000000PRSWM2"
"07586499999","1990-09-05T15:00:00","4","44.1","6.0","-999.0","CHATEAU ARNOUX, FR","FM-15","LFMX ","V020","330,1,N,0062,1","99999,1,C,Y","009900,1,N,1","+0260,1","+0020,1","99999,9","2,000",,,,,"10091,1,99999,9",,,"MET005CAVOK","Q01+000000PRSWM2"
"07586499999","1990-09-06T04:00:00","4","44.1","6.0","-999.0","CHATEAU ARNOUX, FR","FM-15","LFMX ","V020","020,1,N,0051,1","99999,1,C,Y","009900,1,N,1","+0150,1","+0050,1","99999,9","2,999",,,,,"10119,1,99999,9",,,"MET005CAVOK","Q01+000000PRSWM2"
"07586499999","1990-09-06T06:00:00","4","44.1","6.0","-999.0","CHATEAU ARNOUX, FR","FM-15","LFMX ","V020","999,9,9,9999,9","99999,1,C,Y","009900,1,N,1","+0150,1","+0060,1","99999,9","2,000",,,,,"10129,1,99999,9",,,"MET005CAVOK","Q01+000000PRSWM2"
"07586499999","1990-09-06T09:00:00","4","44.1","6.0","-999.0","CHATEAU ARNOUX, FR","FM-15","LFMX ","V020","020,1,N,0062,1","99999,1,C,Y","009900,1,N,1","+0200,1","+0050,1","99999,9","2,000",,,,,"10139,1,99999,9",,,"MET005CAVOK","Q01+000000PRSWM2"
"07586499999","1990-09-06T12:00:00","4","44.1","6.0","-999.0","CHATEAU ARNOUX, FR","FM-15","LFMX ","V020","180,1,N,0031,1","22000,1,C,N","011200,1,N,1","+0260,1","+0020,1","99999,9","2,000","01,1,+01380,9,08,9",,,,"10139,1,99999,9",,"0088,1",,"Q01+000000PRSWM2"
"07586499999","1990-09-06T15:00:00","4","44.1","6.0","-999.0","CHATEAU ARNOUX, FR","FM-15","LFMX ","V020","210,1,N,0062,1","99999,1,C,Y","009900,1,N,1","+0270,1","+0000,1","99999,9","2,000",,,,,"10119,1,99999,9",,,"MET005CAVOK","Q01+000000PRSWM2"
"07586499999","1990-09-07T04:00:00","4","44.1","6.0","-999.0","CHATEAU ARNOUX, FR","FM-15","LFMX ","V020","040,1,N,0021,1","99999,1,C,Y","009900,1,N,1","+0140,1","+0050,1","99999,9","2,999",,,,,"10139,1,99999,9",,,"MET005CAVOK","Q01+000000PRSWM2"
"07586499999","1990-09-07T06:00:00","4","44.1","6.0","-999.0","CHATEAU ARNOUX, FR","FM-15","LFMX ","V020","060,1,N,0021,1","99999,1,C,Y","009900,1,N,1","+0150,1","+0060,1","99999,9","2,000",,,,,"10139,1,99999,9",,"0072,1","MET005CAVOK","Q01+000000PRSWM2"
"07586499999","1990-09-07T09:00:00","4","44.1","6.0","-999.0","CHATEAU ARNOUX, FR","FM-15","LFMX ","V020","030,1,N,0051,1","99999,1,C,Y","009900,1,N,1","+0200,1","+0070,1","99999,9","2,000",,,,,"10129,1,99999,9",,,"MET005CAVOK","Q01+000000PRSWM2"
"07586499999","1990-09-07T12:00:00","4","44.1","6.0","-999.0","CHATEAU ARNOUX, FR","FM-15","LFMX ","V020","030,1,N,0051,1","22000,1,C,N","011200,1,N,1","+0240,1","+0020,1","99999,9","2,000","01,1,+01500,9,08,9",,,,"10119,1,99999,9",,,,"Q01+000000PRSWM2"
"07586499999","1990-09-07T15:00:00","4","44.1","6.0","-999.0","CHATEAU ARNOUX, FR","FM-15","LFMX ","V020","350,1,N,0098,1","99999,1,C,Y","009900,1,N,1","+0230,1","+0030,1","99999,9","2,000",,,,,"10108,1,99999,9",,"0170,1","MET005CAVOK","Q01+000000PRSWM2"
"07586499999","1990-09-08T04:00:00","4","44.1","6.0","-999.0","CHATEAU ARNOUX, FR","FM-15","LFMX ","V020","010,1,N,0072,1","99999,1,C,Y","009900,1,N,1","+0130,1","+0020,1","99999,9","1,999",,,,,"10149,1,99999,9",,,"MET005CAVOK","Q01+000000PRSWM2"
"07586499999","1990-09-08T06:00:00","4","44.1","6.0","-999.0","CHATEAU ARNOUX, FR","FM-15","LFMX ","V020","050,1,N,0051,1","22000,1,C,N","011200,1,N,1","+0120,1","+0030,1","99999,9","2,000","03,1,+00990,9,05,9",,,,"10159,1,99999,9",,,,"Q01+000000PRSWM2"
"07586499999","1990-09-08T09:00:00","4","44.1","6.0","-999.0","CHATEAU ARNOUX, FR","FM-15","LFMX ","V020","030,1,N,0072,1","22000,1,C,N","011200,1,N,1","+0170,1","+0020,1","99999,9","2,000","01,1,+01290,9,08,9",,,,"10180,1,99999,9",,,,"Q01+000000PRSWM2"
"07586499999","1990-09-08T12:00:00","4","44.1","6.0","-999.0","CHATEAU ARNOUX, FR","FM-15","LFMX ","V020","030,1,N,0021,1","22000,1,C,N","011200,1,N,1","+0230,1","+0010,1","99999,9","2,000","01,1,+01500,9,08,9",,,,"10180,1,99999,9",,,,"Q01+000000PRSWM2"
"07586499999","1990-09-08T15:00:00","4","44.1","6.0","-999.0","CHATEAU ARNOUX, FR","FM-15","LFMX ","V020","190,1,N,0031,1","22000,1,C,N","011200,1,N,1","+0250,1","+0040,1","99999,9","2,000","01,1,+01500,9,08,9",,,,"10169,1,99999,9",,,,"Q01+000000PRSWM2"
"07586499999","1990-09-09T04:00:00","4","44.1","6.0","-999.0","CHATEAU ARNOUX, FR","FM-15","LFMX ","V020","050,1,N,0021,1","99999,1,C,Y","009900,1,N,1","+0100,1","+0060,1","99999,9","2,999",,,,,"10230,1,99999,9",,,"MET005CAVOK","Q01+000000PRSWM2"
"07586499999","1990-09-09T06:00:00","4","44.1","6.0","-999.0","CHATEAU ARNOUX, FR","FM-15","LFMX ","V020","070,1,N,0010,1","99999,1,C,Y","009900,1,N,1","+0110,1","+0060,1","99999,9","2,000",,,,,"10230,1,99999,9",,,"MET005CAVOK","Q01+000000PRSWM2"
"07586499999","1990-09-09T09:00:00","4","44.1","6.0","-999.0","CHATEAU ARNOUX, FR","FM-15","LFMX ","V020","010,1,N,0031,1","99999,1,C,Y","009900,1,N,1","+0190,1","+0050,1","99999,9","2,000",,,,,"10240,1,99999,9",,,"MET005CAVOK","Q01+000000PRSWM2"
"07586499999","1990-09-09T12:00:00","4","44.1","6.0","-999.0","CHATEAU ARNOUX, FR","FM-15","LFMX ","V020","200,1,N,0041,1","99999,1,C,Y","009900,1,N,1","+0260,1","-0010,1","99999,9","2,000",,,,,"10230,1,99999,9",,,"MET005CAVOK","Q01+000000PRSWM2"
"07586499999","1990-09-09T15:00:00","4","44.1","6.0","-999.0","CHATEAU ARNOUX, FR","FM-15","LFMX ","V020","210,1,N,0041,1","99999,1,C,Y","009900,1,N,1","+0260,1","+9999,9","99999,9","2,000",,,,,"10210,1,99999,9",,,"MET005CAVOK","Q01+000000PRSWM2"
"07586499999","1990-09-10T04:00:00","4","44.1","6.0","-999.0","CHATEAU ARNOUX, FR","FM-15","LFMX ","V020","070,1,N,0031,1","99999,1,C,Y","009900,1,N,1","+0150,1","+0080,1","99999,9","2,999",,,,,"10200,1,99999,9",,,"MET005CAVOK","Q01+000000PRSWM2"
"07586499999","1990-09-10T06:00:00","4","44.1","6.0","-999.0","CHATEAU ARNOUX, FR","FM-15","LFMX ","V020","130,1,N,0021,1","99999,1,C,Y","009900,1,N,1","+0130,1","+0080,1","99999,9","2,000",,,,,"10210,1,99999,9",,,"MET005CAVOK","Q01+000000PRSWM2"
"07586499999","1990-09-10T09:00:00","4","44.1","6.0","-999.0","CHATEAU ARNOUX, FR","FM-15","LFMX ","V020","040,1,N,0041,1","99999,1,C,Y","009900,1,N,1","+0220,1","+0080,1","99999,9","2,000",,,,,"10200,1,99999,9",,,"MET005CAVOK","Q01+000000PRSWM2"
"07586499999","1990-09-10T12:00:00","4","44.1","6.0","-999.0","CHATEAU ARNOUX, FR","FM-15","LFMX ","V020","150,1,N,0031,1","99999,1,C,Y","009900,1,N,1","+0270,1","+0060,1","99999,9","2,000",,,,,"10180,1,99999,9",,,"MET005CAVOK","Q01+000000PRSWM2"
"07586499999","1990-09-10T15:00:00","4","44.1","6.0","-999.0","CHATEAU ARNOUX, FR","FM-15","LFMX ","V020","210,1,N,0062,1","99999,1,C,Y","009900,1,N,1","+0270,1","+0060,1","99999,9","2,000",,,,,"10149,1,99999,9",,,"MET005CAVOK","Q01+000000PRSWM2"
"07586499999","1990-09-11T04:00:00","4","44.1","6.0","-999.0","CHATEAU ARNOUX, FR","FM-15","LFMX ","V020","360,1,N,0072,1","99999,1,C,Y","009900,1,N,1","+0150,1","+0060,1","99999,9","2,999",,,,,"10129,1,99999,9",,,"MET005CAVOK","Q01+000000PRSWM2"
"07586499999","1990-09-11T09:00:00","4","44.1","6.0","-999.0","CHATEAU ARNOUX, FR","FM-15","LFMX ","V020","360,1,N,0062,1","99999,1,C,Y","009900,1,N,1","+0210,1","+0030,1","99999,9","2,000",,,,,"10149,1,99999,9",,,"MET005CAVOK","Q01+000000PRSWM2"
"07586499999","1990-09-11T12:00:00","4","44.1","6.0","-999.0","CHATEAU ARNOUX, FR","FM-15","LFMX ","V020","020,1,N,0062,1","99999,1,C,Y","009900,1,N,1","+0250,1","-0030,1","99999,9","2,000",,,,,"10139,1,99999,9",,,"MET005CAVOK","Q01+000000PRSWM2"
"07586499999","1990-09-11T15:00:00","4","44.1","6.0","-999.0","CHATEAU ARNOUX, FR","FM-15","LFMX ","V020","010,1,N,0051,1","22000,1,C,N","011200,1,N,1","+0250,1","-0010,1","99999,9","2,000","01,1,+01500,9,08,9","03,1,+07800,9,00,9",,,"10129,1,99999,9",,,,"Q01+000000PRSWM2"
"07586499999","1990-09-12T04:00:00","4","44.1","6.0","-999.0","CHATEAU ARNOUX, FR","FM-15","LFMX ","V020","080,1,N,0021,1","99999,1,C,Y","009900,1,N,1","+0130,1","+0060,1","99999,9","1,999",,,,,"10190,1,99999,9",,,"MET005CAVOK","Q01+000000PRSWM2"
"07586499999","1990-09-12T06:00:00","4","44.1","6.0","-999.0","CHATEAU ARNOUX, FR","FM-15","LFMX ","V020","070,1,N,0021,1","99999,1,C,Y","009900,1,N,1","+0130,1","+0060,1","99999,9","2,000",,,,,"10200,1,99999,9",,,"MET005CAVOK","Q01+000000PRSWM2"
"07586499999","1990-09-12T09:00:00","4","44.1","6.0","-999.0","CHATEAU ARNOUX, FR","FM-15","LFMX ","V020","020,1,N,0041,1","22000,1,C,N","011200,1,N,1","+0190,1","+0060,1","99999,9","2,000","01,1,+01380,9,08,9",,,,"10220,1,99999,9",,,,"Q01+000000PRSWM2"
"07586499999","1990-09-12T12:00:00","4","44.1","6.0","-999.0","CHATEAU ARNOUX, FR","FM-15","LFMX ","V020","200,1,N,0031,1","22000,1,C,N","011200,1,N,1","+0240,1","+0030,1","99999,9","2,000","01,1,+01500,9,08,9",,,,"10200,1,99999,9",,,,"Q01+000000PRSWM2"
"07586499999","1990-09-12T15:00:00","4","44.1","6.0","-999.0","CHATEAU ARNOUX, FR","FM-15","LFMX ","V020","200,1,N,0051,1","99999,1,C,Y","009900,1,N,1","+0250,1","+0020,1","99999,9","2,000",,,,,"10190,1,99999,9",,,"MET005CAVOK","Q01+000000PRSWM2"
"07586499999","1990-09-13T04:00:00","4","44.1","6.0","-999.0","CHATEAU ARNOUX, FR","FM-15","LFMX ","V020","040,1,N,0021,1","99999,1,C,Y","009900,1,N,1","+0090,1","+0070,1","99999,9","2,999",,,,,"10220,1,99999,9",,,"MET005CAVOK","Q01+000000PRSWM2"
"07586499999","1990-09-13T06:00:00","4","44.1","6.0","-999.0","CHATEAU ARNOUX, FR","FM-15","LFMX ","V020","040,1,N,0021,1","99999,1,C,Y","009900,1,N,1","+0100,1","+0070,1","99999,9","2,000",,,,,"10230,1,99999,9",,,"MET005CAVOK","Q01+000000PRSWM2"
"07586499999","1990-09-13T09:00:00","4","44.1","6.0","-999.0","CHATEAU ARNOUX, FR","FM-15","LFMX ","V020","020,1,N,0010,1","22000,1,C,N","011200,1,N,1","+0190,1","+0090,1","99999,9","2,000","01,1,+01290,9,08,9",,,,"10230,1,99999,9",,,,"Q01+000000PRSWM2"
"07586499999","1990-09-13T12:00:00","4","44.1","6.0","-999.0","CHATEAU ARNOUX, FR","FM-15","LFMX ","V020","230,1,N,0051,1","03000,1,C,N","011200,1,N,1","+0230,1","+0060,1","99999,9","2,000","04,1,+01380,9,08,9","04,1,+03000,9,03,9",,,"10220,1,99999,9",,,,"Q01+000000PRSWM2"
"07586499999","1990-09-13T15:00:00","4","44.1","6.0","-999.0","CHATEAU ARNOUX, FR","FM-15","LFMX ","V020","240,1,N,0051,1","03000,1,C,N","011200,1,N,1","+0220,1","+0050,1","99999,9","2,000","04,1,+01380,9,08,9","07,1,+03000,9,03,9",,,"10220,1,99999,9",,,,"Q01+000000PRSWM2"
"07586499999","1990-09-14T04:00:00","4","44.1","6.0","-999.0","CHATEAU ARNOUX, FR","FM-15","LFMX ","V020","320,1,N,0010,1","00780,1,C,N","011200,1,N,1","+0140,1","+0110,1","99999,9","2,999","07,1,+00780,9,05,9",,,,"10240,1,99999,9",,,,"Q01+000000PRSWM2"
"07586499999","1990-09-14T06:00:00","4","44.1","6.0","-999.0","CHATEAU ARNOUX, FR","FM-15","LFMX ","V020","330,1,N,0010,1","00990,1,C,N","011200,1,N,1","+0140,1","+0120,1","99999,9","2,000","07,1,+00990,9,05,9",,,,"10251,1,99999,9",,,,"Q01+000000PRSWM2"
"07586499999","1990-09-14T09:00:00","4","44.1","6.0","-999.0","CHATEAU ARNOUX, FR","FM-15","LFMX ","V020","040,1,N,0010,1","00990,1,C,N","011200,1,N,1","+0180,1","+0110,1","99999,9","2,000","05,1,+00990,9,05,9","07,1,+03000,9,03,9",,,"10261,1,99999,9",,,,"Q01+000000PRSWM2"
"07586499999","1990-09-14T12:00:00","4","44.1","6.0","-999.0","CHATEAU ARNOUX, FR","FM-15","LFMX ","V020","230,1,N,0031,1","09000,1,C,N","011200,1,N,1","+0230,1","+0110,1","99999,9","2,000","01,1,+01200,9,08,9","05,1,+09000,9,00,9",,,"10251,1,99999,9",,,,"Q01+000000PRSWM2"
"07586499999","1990-09-14T15:00:00","4","44.1","6.0","-999.0","CHATEAU ARNOUX, FR","FM-15","LFMX ","V020","200,1,N,0031,1","03000,1,C,N","011200,1,N,1","+0220,1","+0120,1","99999,9","2,000","01,1,+01200,9,08,9","07,1,+03000,9,04,9",,,"10240,1,99999,9",,,,"Q01+000000PRSWM2"
"07586499999","1990-09-15T06:00:00","4","44.1","6.0","-999.0","CHATEAU ARNOUX, FR","FM-15","LFMX ","V020","090,1,N,0010,1","07800,1,C,N","006000,1,N,1","+0130,1","+0120,1","99999,9","2,000","01,1,+01080,9,08,9","06,1,+07800,9,00,9",,,"10240,1,99999,9",,,,"Q01+000000PRSWM2"
"07586499999","1990-09-15T09:00:00","4","44.1","6.0","-999.0","CHATEAU ARNOUX, FR","FM-15","LFMX ","V020","100,1,N,0010,1","07800,1,C,N","011200,1,N,1","+0200,1","+0140,1","99999,9","2,000","01,1,+00990,9,08,9","07,1,+07800,9,00,9",,,"10230,1,99999,9",,,,"Q01+000000PRSWM2"
"07586499999","1990-09-15T12:00:00","4","44.1","6.0","-999.0","CHATEAU ARNOUX, FR","FM-15","LFMX ","V020","210,1,N,0031,1","07800,1,C,N","011200,1,N,1","+0250,1","+0130,1","99999,9","2,000","01,1,+01500,9,08,9","06,1,+07800,9,00,9",,,"10210,1,99999,9",,,,"Q01+000000PRSWM2"
"07586499999","1990-09-15T15:00:00","4","44.1","6.0","-999.0","CHATEAU ARNOUX, FR","FM-15","LFMX ","V020","200,1,N,0051,1","07800,1,C,N","011200,1,N,1","+0250,1","+0130,1","99999,9","2,000","02,1,+01500,9,08,9","05,1,+07800,9,00,9",,,"10200,1,99999,9",,,,"Q01+000000PRSWM2"
"07586499999","1990-09-16T06:00:00","4","44.1","6.0","-999.0","CHATEAU ARNOUX, FR","FM-15","LFMX ","V020","020,1,N,0021,1","22000,1,C,N","008000,1,N,1","+0140,1","+0120,1","99999,9","2,000","02,1,+00780,9,05,9",,,,"10210,1,99999,9",,,,"Q01+000000PRSWM2"
"07586499999","1990-09-16T09:00:00","4","44.1","6.0","-999.0","CHATEAU ARNOUX, FR","FM-15","LFMX ","V020","350,1,N,0031,1","22000,1,C,N","011200,1,N,1","+0200,1","+0130,1","99999,9","2,000","01,1,+01080,9,08,9",,,,"10210,1,99999,9",,,,"Q01+000000PRSWM2"
"07586499999","1990-09-16T12:00:00","4","44.1","6.0","-999.0","CHATEAU ARNOUX, FR","FM-15","LFMX ","V020","220,1,N,0021,1","22000,1,C,N","011200,1,N,1","+0240,1","+0130,1","99999,9","2,000","02,1,+01500,9,08,9",,,,"10190,1,99999,9",,"0072,1",,"Q01+000000PRSWM2"
"07586499999","1990-09-16T15:00:00","4","44.1","6.0","-999.0","CHATEAU ARNOUX, FR","FM-15","LFMX ","V020","200,1,N,0041,1","22000,1,C,N","011200,1,N,1","+0260,1","+0100,1","99999,9","2,000","02,1,+01500,9,08,9",,,,"10169,1,99999,9",,,,"Q01+000000PRSWM2"
"07586499999","1990-09-17T06:00:00","4","44.1","6.0","-999.0","CHATEAU ARNOUX, FR","FM-15","LFMX ","V020","020,1,N,0021,1","01500,1,C,N","011200,1,N,1","+0130,1","+0100,1","99999,9","2,000","01,1,+00480,9,07,9","05,1,+01500,9,05,9",,,"10200,1,99999,9",,,,"Q01+000000PRSWM2"
"07586499999","1990-09-17T09:00:00","4","44.1","6.0","-999.0","CHATEAU ARNOUX, FR","FM-15","LFMX ","V020","080,1,N,0010,1","22000,1,C,N","011200,1,N,1","+0190,1","+0120,1","99999,9","2,000","01,1,+00480,9,07,9",,,,"10210,1,99999,9",,,,"Q01+000000PRSWM2"
"07586499999","1990-09-17T15:00:00","4","44.1","6.0","-999.0","CHATEAU ARNOUX, FR","FM-15","LFMX ","V020","190,1,N,0010,1","01200,1,C,N","011200,1,N,1","+0160,1","+0140,1","99999,9","2,007","02,1,+00990,9,09,9","05,1,+01200,9,05,9","05,1,+03000,9,03,9",,"10200,1,99999,9","29,1",,,
"07586499999","1990-09-18T06:00:00","4","44.1","6.0","-999.0","CHATEAU ARNOUX, FR","FM-15","LFMX ","V020","360,1,N,0062,1","99999,1,C,Y","009900,1,N,1","+0150,1","+0080,1","99999,9","2,000",,,,,"10180,1,99999,9",,,"MET005CAVOK","Q01+000000PRSWM2"
"07586499999","1990-09-18T09:00:00","4","44.1","6.0","-999.0","CHATEAU ARNOUX, FR","FM-15","LFMX ","V020","360,1,N,0072,1","99999,1,C,Y","009900,1,N,1","+0200,1","+0070,1","99999,9","2,000",,,,,"10180,1,99999,9",,,"MET005CAVOK","Q01+000000PRSWM2"
"07586499999","1990-09-18T12:00:00","4","44.1","6.0","-999.0","CHATEAU ARNOUX, FR","FM-15","LFMX ","V020","330,1,N,0082,1","99999,1,C,Y","009900,1,N,1","+0240,1","+0040,1","99999,9","2,000",,,,,"10169,1,99999,9",,,"MET005CAVOK","Q01+000000PRSWM2"
"07586499999","1990-09-18T15:00:00","4","44.1","6.0","-999.0","CHATEAU ARNOUX, FR","FM-15","LFMX ","V020","340,1,N,0082,1","99999,1,C,Y","009900,1,N,1","+0250,1","+0010,1","99999,9","2,000",,,,,"10169,1,99999,9",,,"MET005CAVOK","Q01+000000PRSWM2"
"07586499999","1990-09-19T04:00:00","4","44.1","6.0","-999.0","CHATEAU ARNOUX, FR","FM-15","LFMX ","V020","040,1,N,0021,1","99999,1,C,Y","009900,1,N,1","+0130,1","+0060,1","99999,9","1,999",,,,,"10190,1,99999,9",,,"MET005CAVOK","Q01+000000PRSWM2"
"07586499999","1990-09-19T06:00:00","4","44.1","6.0","-999.0","CHATEAU ARNOUX, FR","FM-15","LFMX ","V020","350,1,N,0021,1","99999,1,C,Y","009900,1,N,1","+0120,1","+0060,1","99999,9","2,000",,,,,"10200,1,99999,9",,,"MET005CAVOK","Q01+000000PRSWM2"
"07586499999","1990-09-19T09:00:00","4","44.1","6.0","-999.0","CHATEAU ARNOUX, FR","FM-15","LFMX ","V020","360,1,N,0021,1","99999,1,C,Y","009900,1,N,1","+0190,1","+0070,1","99999,9","2,000",,,,,"10200,1,99999,9",,,"MET005CAVOK","Q01+000000PRSWM2"
"07586499999","1990-09-19T12:00:00","4","44.1","6.0","-999.0","CHATEAU ARNOUX, FR","FM-15","LFMX ","V020","220,1,N,0041,1","99999,1,C,Y","009900,1,N,1","+0250,1","+0070,1","99999,9","2,000",,,,,"10180,1,99999,9",,,"MET005CAVOK","Q01+000000PRSWM2"
"07586499999","1990-09-19T15:00:00","4","44.1","6.0","-999.0","CHATEAU ARNOUX, FR","FM-15","LFMX ","V020","210,1,N,0031,1","99999,1,C,Y","009900,1,N,1","+0270,1","+0070,1","99999,9","2,000",,,,,"10149,1,99999,9",,,"MET005CAVOK","Q01+000000PRSWM2"
"07586499999","1990-09-20T04:00:00","4","44.1","6.0","-999.0","CHATEAU ARNOUX, FR","FM-15","LFMX ","V020","090,1,N,0021,1","99999,1,C,Y","009900,1,N,1","+0120,1","+0080,1","99999,9","2,999",,,,,"10149,1,99999,9",,,"MET005CAVOK","Q01+000000PRSWM2"
"07586499999","1990-09-20T06:00:00","4","44.1","6.0","-999.0","CHATEAU ARNOUX, FR","FM-15","LFMX ","V020","060,1,N,0021,1","99999,1,C,Y","009900,1,N,1","+0100,1","+0070,1","99999,9","2,000",,,,,"10149,1,99999,9",,,"MET005CAVOK","Q01+000000PRSWM2"
"07586499999","1990-09-20T09:00:00","4","44.1","6.0","-999.0","CHATEAU ARNOUX, FR","FM-15","LFMX ","V020","360,1,N,0062,1","99999,1,C,Y","009900,1,N,1","+0200,1","+0080,1","99999,9","2,000",,,,,"10149,1,99999,9",,,"MET005CAVOK","Q01+000000PRSWM2"
"07586499999","1990-09-20T12:00:00","4","44.1","6.0","-999.0","CHATEAU ARNOUX, FR","FM-15","LFMX ","V020","200,1,N,0021,1","99999,1,C,Y","009900,1,N,1","+0250,1","+0100,1","99999,9","2,000",,,,,"10139,1,99999,9",,,"MET005CAVOK","Q01+000000PRSWM2"
"07586499999","1990-09-20T15:00:00","4","44.1","6.0","-999.0","CHATEAU ARNOUX, FR","FM-15","LFMX ","V020","320,1,N,0031,1","99999,1,C,Y","009900,1,N,1","+0260,1","-0020,2","99999,9","2,000",,,,,"10119,1,99999,9",,,"MET005CAVOK","Q01+027123ATOD  Q02+000000PRSWM2"
"07586499999","1990-09-21T06:00:00","4","44.1","6.0","-999.0","CHATEAU ARNOUX, FR","FM-15","LFMX ","V020","160,1,N,0021,1","99999,1,C,Y","009900,1,N,1","+0090,1","+0060,1","99999,9","2,000",,,,,"10108,1,99999,9",,,"MET005CAVOK","Q01+000000PRSWM2"
"07586499999","1990-09-21T09:00:00","4","44.1","6.0","-999.0","CHATEAU ARNOUX, FR","FM-15","LFMX ","V020","190,1,N,0021,1","07800,1,C,N","011200,1,N,1","+0190,1","+0050,1","99999,9","2,000","01,1,+00990,9,05,9","05,1,+07800,9,00,9",,,"10108,1,99999,9",,,,"Q01+000000PRSWM2"
"07586499999","1990-09-21T12:00:00","4","44.1","6.0","-999.0","CHATEAU ARNOUX, FR","FM-15","LFMX ","V020","340,1,N,0072,1","22000,1,C,N","011200,1,N,1","+0250,1","+0060,1","99999,9","2,000","01,1,+01500,9,08,9",,,,"10102,1,99999,9",,,,"Q01+000000PRSWM2"
"07586499999","1990-09-21T15:00:00","4","44.1","6.0","-999.0","CHATEAU ARNOUX, FR","FM-15","LFMX ","V020","310,1,N,0082,1","22000,1,C,N","011200,1,N,1","+0220,1","+0090,1","99999,9","2,000","02,1,+01500,9,08,9",,,,"10102,1,99999,9",,,,"Q01+000000PRSWM2"
"07586499999","1990-09-22T09:00:00","4","44.1","6.0","-999.0","CHATEAU ARNOUX, FR","FM-15","LFMX ","V020","360,1,N,0062,1","22000,1,C,N","011200,1,N,1","+0220,1","+0100,1","99999,9","2,000","01,1,+00780,9,08,9",,,,"10119,1,99999,9",,,,"Q01+000000PRSWM2"
"07586499999","1990-09-22T12:00:00","4","44.1","6.0","-999.0","CHATEAU ARNOUX, FR","FM-15","LFMX ","V020","340,1,N,0082,1","22000,1,C,N","011200,1,N,1","+0260,1","+0100,1","99999,9","2,000","01,1,+00990,9,08,9",,,,"10108,1,99999,9",,,,"Q01+000000PRSWM2"
"07586499999","1990-09-22T15:00:00","4","44.1","6.0","-999.0","CHATEAU ARNOUX, FR","FM-15","LFMX ","V020","350,1,N,0051,1","22000,1,C,N","011200,1,N,1","+0280,1","+0090,1","99999,9","2,000","02,1,+00990,9,08,9",,,,"10102,1,99999,9",,,,"Q01+000000PRSWM2"
"07586499999","1990-09-23T04:00:00","4","44.1","6.0","-999.0","CHATEAU ARNOUX, FR","FM-15","LFMX ","V020","070,1,N,0010,1","00900,1,C,N","011200,1,N,1","+0150,1","+0120,1","99999,9","2,999","07,1,+00900,9,05,9",,,,"10108,1,99999,9",,,,"Q01+000000PRSWM2"
"07586499999","1990-09-23T06:00:00","4","44.1","6.0","-999.0","CHATEAU ARNOUX, FR","FM-15","LFMX ","V020","180,1,N,0021,1","00990,1,C,N","011200,1,N,1","+0150,1","+0120,1","99999,9","2,000","01,1,+00690,9,08,9","05,1,+00990,9,05,9",,,"10119,1,99999,9",,,,"Q01+000000PRSWM2"
"07586499999","1990-09-23T09:00:00","4","44.1","6.0","-999.0","CHATEAU ARNOUX, FR","FM-15","LFMX ","V020","040,1,N,0010,1","22000,1,C,N","011200,1,N,1","+0210,1","+0140,1","99999,9","2,000","01,1,+01080,9,08,9","04,1,+03000,9,03,9",,,"10119,1,99999,9",,,,"Q01+000000PRSWM2"
"07586499999","1990-09-23T12:00:00","4","44.1","6.0","-999.0","CHATEAU ARNOUX, FR","FM-15","LFMX ","V020","190,1,N,0051,1","01380,1,C,N","011200,1,N,1","+0250,1","+0140,1","99999,9","2,000","05,1,+01380,9,08,9",,,,"10102,1,99999,9",,,,"Q01+000000PRSWM2"
"07586499999","1990-09-23T15:00:00","4","44.1","6.0","-999.0","CHATEAU ARNOUX, FR","FM-15","LFMX ","V020","200,1,N,0062,1","03000,1,C,N","011200,1,N,1","+0230,1","+0150,1","99999,9","2,000","04,1,+01380,9,08,9","08,1,+03000,9,04,9",,,"10091,1,99999,9",,,,"Q01+000000PRSWM2"
"07586499999","1990-09-24T06:00:00","4","44.1","6.0","-999.0","CHATEAU ARNOUX, FR","FM-15","LFMX ","V020","320,1,N,0031,1","22000,1,C,N","011200,1,N,1","+0150,1","+0050,1","99999,9","2,000","01,1,+01200,9,08,9",,,,"10091,1,99999,9",,,,"Q01+000000PRSWM2"
"07586499999","1990-09-24T09:00:00","4","44.1","6.0","-999.0","CHATEAU ARNOUX, FR","FM-15","LFMX ","V020","350,1,N,0082,1","99999,1,C,Y","009900,1,N,1","+0180,1","+0010,1","99999,9","2,000",,,,,"10102,1,99999,9",,,"MET005CAVOK","Q01+000000PRSWM2"
"07586499999","1990-09-24T12:00:00","4","44.1","6.0","-999.0","CHATEAU ARNOUX, FR","FM-15","LFMX ","V020","350,1,N,0082,1","99999,1,C,Y","009900,1,N,1","+0210,1","-0060,1","99999,9","2,000",,,,,"10102,1,99999,9",,,"MET005CAVOK","Q01+000000PRSWM2"
"07586499999","1990-09-24T15:00:00","4","44.1","6.0","-999.0","CHATEAU ARNOUX, FR","FM-15","LFMX ","V020","360,1,N,0072,1","99999,1,C,Y","009900,1,N,1","+0220,1","-0070,1","99999,9","2,000",,,,,"10102,1,99999,9",,,"MET005CAVOK","Q01+000000PRSWM2"
"07586499999","1990-09-25T04:00:00","4","44.1","6.0","-999.0","CHATEAU ARNOUX, FR","FM-15","LFMX ","V020","040,1,N,0041,1","99999,1,C,Y","009900,1,N,1","+0080,1","+0000,1","99999,9","2,999",,,,,"10159,1,99999,9",,,"MET005CAVOK","Q01+000000PRSWM2"
"07586499999","1990-09-25T06:00:00","4","44.1","6.0","-999.0","CHATEAU ARNOUX, FR","FM-15","LFMX ","V020","040,1,N,0041,1","99999,1,C,Y","009900,1,N,1","+0070,1","+0000,1","99999,9","2,000",,,,,"10169,1,99999,9",,,"MET005CAVOK","Q01+000000PRSWM2"
"07586499999","1990-09-25T09:00:00","4","44.1","6.0","-999.0","CHATEAU ARNOUX, FR","FM-15","LFMX ","V020","020,1,N,0041,1","99999,1,C,Y","009900,1,N,1","+0130,1","+0000,1","99999,9","2,000",,,,,"10180,1,99999,9",,,"MET005CAVOK","Q01+000000PRSWM2"
"07586499999","1990-09-25T12:00:00","4","44.1","6.0","-999.0","CHATEAU ARNOUX, FR","FM-15","LFMX ","V020","360,1,N,0041,1","99999,1,C,Y","009900,1,N,1","+0170,1","-0050,1","99999,9","2,000",,,,,"10169,1,99999,9",,,"MET005CAVOK","Q01+000000PRSWM2"
"07586499999","1990-09-25T15:00:00","4","44.1","6.0","-999.0","CHATEAU ARNOUX, FR","FM-15","LFMX ","V020","220,1,N,0031,1","99999,1,C,Y","009900,1,N,1","+0180,1","-0010,1","99999,9","2,000",,,,,"10159,1,99999,9",,,"MET005CAVOK","Q01+000000PRSWM2"
"07586499999","1990-09-26T04:00:00","4","44.1","6.0","-999.0","CHATEAU ARNOUX, FR","FM-15","LFMX ","V020","040,1,N,0031,1","03000,1,C,N","011200,1,N,1","+0100,1","+0090,1","99999,9","1,999","08,1,+03000,9,04,9",,,,"10180,1,99999,9","63,1",,,
"07586499999","1990-09-26T06:00:00","4","44.1","6.0","-999.0","CHATEAU ARNOUX, FR","FM-15","LFMX ","V020","020,1,N,0041,1","03000,1,C,N","011200,1,N,1","+0100,1","+0080,1","99999,9","2,004","01,1,+00180,9,07,9","07,1,+03000,9,03,9",,,"10190,1,99999,9","21,1",,,
"07586499999","1990-09-26T09:00:00","4","44.1","6.0","-999.0","CHATEAU ARNOUX, FR","FM-15","LFMX ","V020","020,1,N,0051,1","22000,1,C,N","011200,1,N,1","+0150,1","+0090,1","99999,9","2,000","01,1,+00300,9,05,9",,,,"10200,1,99999,9",,,,"Q01+000000PRSWM2"
"07586499999","1990-09-26T12:00:00","4","44.1","6.0","-999.0","CHATEAU ARNOUX, FR","FM-15","LFMX ","V020","210,1,N,0031,1","22000,1,C,N","011200,1,N,1","+0210,1","+0120,1","99999,9","2,000","03,1,+00900,9,08,9",,,,"10190,1,99999,9",,,,"Q01+000000PRSWM2"
"07586499999","1990-09-26T15:00:00","4","44.1","6.0","-999.0","CHATEAU ARNOUX, FR","FM-15","LFMX ","V020","210,1,N,0062,1","22000,1,C,N","011200,1,N,1","+0220,1","+0140,1","99999,9","2,000","02,1,+00990,9,08,9",,,,"10190,1,99999,9",,,,"Q01+000000PRSWM2"
"07586499999","1990-09-27T06:00:00","4","44.1","6.0","-999.0","CHATEAU ARNOUX, FR","FM-15","LFMX ","V020","160,1,N,0010,1","99999,1,C,Y","009900,1,N,1","+0100,1","+0090,1","99999,9","2,000",,,,,"10210,1,99999,9",,,"MET005CAVOK","Q01+000000PRSWM2"
"07586499999","1990-09-27T12:00:00","4","44.1","6.0","-999.0","CHATEAU ARNOUX, FR","FM-15","LFMX ","V020","240,1,N,0031,1","99999,1,C,Y","009900,1,N,1","+0190,1","+0090,1","99999,9","2,000",,,,,"10220,1,99999,9",,,"MET005CAVOK","Q01+000000PRSWM2"
"07586499999","1990-09-27T15:00:00","4","44.1","6.0","-999.0","CHATEAU ARNOUX, FR","FM-15","LFMX ","V020","220,1,N,0051,1","22000,1,C,N","011200,1,N,1","+0210,1","+0090,1","99999,9","2,000","01,1,+01380,9,08,9",,,,"10210,1,99999,9",,,,"Q01+000000PRSWM2"
"07586499999","1990-09-28T04:00:00","4","44.1","6.0","-999.0","CHATEAU ARNOUX, FR","FM-15","LFMX ","V020","060,1,N,0021,1","99999,1,C,Y","009900,1,N,1","+0080,1","+0050,1","99999,9","1,999",,,,,"10261,1,99999,9",,,"MET005CAVOK","Q01+000000PRSWM2"
"07586499999","1990-09-28T06:00:00","4","44.1","6.0","-999.0","CHATEAU ARNOUX, FR","FM-15","LFMX ","V020","060,1,N,0010,1","99999,1,C,Y","009900,1,N,1","+0080,1","+0050,1","99999,9","2,000",,,,,"10271,1,99999,9",,,"MET005CAVOK","Q01+000000PRSWM2"
"07586499999","1990-09-28T09:00:00","4","44.1","6.0","-999.0","CHATEAU ARNOUX, FR","FM-15","LFMX ","V020","350,1,N,0021,1","99999,1,C,Y","009900,1,N,1","+0150,1","+0060,1","99999,9","2,000",,,,,"10271,1,99999,9",,,"MET005CAVOK","Q01+000000PRSWM2"
"07586499999","1990-09-28T12:00:00","4","44.1","6.0","-999.0","CHATEAU ARNOUX, FR","FM-15","LFMX ","V020","220,1,N,0010,1","22000,1,C,N","011200,1,N,1","+0210,1","+0100,1","99999,9","1,000","01,1,+01500,9,08,9",,,,"10261,1,99999,9",,,,"Q01+000000PRSWM2"
"07586499999","1990-09-28T15:00:00","4","44.1","6.0","-999.0","CHATEAU ARNOUX, FR","FM-15","LFMX ","V020","210,1,N,0041,1","99999,1,C,Y","009900,1,N,1","+0220,1","+0070,1","99999,9","2,000",,,,,"10251,1,99999,9",,,"MET005CAVOK","Q01+000000PRSWM2"
"07586499999","1990-09-29T04:00:00","4","44.1","6.0","-999.0","CHATEAU ARNOUX, FR","FM-15","LFMX ","V020","050,1,N,0021,1","99999,1,C,Y","009900,1,N,1","+0100,1","+0090,1","99999,9","2,999",,,,,"10261,1,99999,9",,,"MET005CAVOK","Q01+000000PRSWM2"
"07586499999","1990-09-29T06:00:00","4","44.1","6.0","-999.0","CHATEAU ARNOUX, FR","FM-15","LFMX ","V020","060,1,N,0021,1","99999,1,C,Y","009900,1,N,1","+0090,1","+0080,1","99999,9","2,000",,,,,"10271,1,99999,9",,,"MET005CAVOK","Q01+000000PRSWM2"
"07586499999","1990-09-29T12:00:00","4","44.1","6.0","-999.0","CHATEAU ARNOUX, FR","FM-15","LFMX ","V020","230,1,N,0021,1","99999,1,C,Y","009900,1,N,1","+0220,1","+0080,1","99999,9","2,000",,,,,"10251,1,99999,9",,,"MET005CAVOK","Q01+000000PRSWM2"
"07586499999","1990-09-29T15:00:00","4","44.1","6.0","-999.0","CHATEAU ARNOUX, FR","FM-15","LFMX ","V020","220,1,N,0041,1","01500,1,C,N","011200,1,N,1","+0210,1","+0110,1","99999,9","2,000","07,1,+01500,9,05,9",,,,"10240,1,99999,9",,,,"Q01+000000PRSWM2"
"07586499999","1990-09-30T05:00:00","4","44.1","6.0","-999.0","CHATEAU ARNOUX, FR","FM-15","LFMX ","V020","170,1,N,0010,1","99999,1,C,Y","009900,1,N,1","+0170,1","+0130,1","99999,9","2,999",,,,,"10200,1,99999,9",,,"MET005CAVOK","Q01+000000PRSWM2"
"07586499999","1990-09-30T06:00:00","4","44.1","6.0","-999.0","CHATEAU ARNOUX, FR","FM-15","LFMX ","V020","200,1,N,0010,1","01800,1,C,N","007000,1,N,1","+0160,1","+0140,1","99999,9","2,004","03,1,+01200,9,05,9","07,1,+01800,9,03,9",,,"10210,1,99999,9","60,1",,,
"07586499999","1990-09-30T09:00:00","4","44.1","6.0","-999.0","CHATEAU ARNOUX, FR","FM-15","LFMX ","V020","130,1,N,0010,1","00990,1,C,N","006000,1,N,1","+0160,1","+0150,1","99999,9","2,004","03,1,+00390,9,07,9","07,1,+00990,9,05,9",,,"10220,1,99999,9","60,1",,,
"07586499999","1990-09-30T12:00:00","4","44.1","6.0","-999.0","CHATEAU ARNOUX, FR","FM-15","LFMX ","V020","210,1,N,0010,1","00990,1,C,N","007000,1,N,1","+0180,1","+0170,1","99999,9","2,000","01,1,+00090,9,07,9","03,1,+00390,9,08,9","07,1,+00990,9,05,9",,"10210,1,99999,9",,,,"Q01+000000PRSWM2"
"07586499999","1990-09-30T15:00:00","4","44.1","6.0","-999.0","CHATEAU ARNOUX, FR","FM-15","LFMX ","V020","140,1,N,0051,1","00990,1,C,N","008000,1,N,1","+0190,1","+0160,1","99999,9","2,004","03,1,+00480,9,08,9","05,1,+00990,9,05,9","07,1,+02400,9,03,9",,"10200,1,99999,9","60,1",,,
"07586499999","1990-10-01T05:00:00","4","44.1","6.0","-999.0","CHATEAU ARNOUX, FR","FM-15","LFMX ","V020","050,1,N,0021,1","00600,1,C,N","011200,1,N,1","+0170,1","+0150,1","99999,9","2,999","02,1,+00480,9,09,9","03,1,+00600,9,08,9","05,1,+00990,9,05,9",,"10180,1,99999,9","95,1",,,
"07586499999","1990-10-01T06:00:00","4","44.1","6.0","-999.0","CHATEAU ARNOUX, FR","FM-15","LFMX ","V020","070,1,N,0021,1","00600,1,C,N","004000,1,N,1","+0160,1","+0140,1","99999,9","2,032","02,1,+00480,9,09,9","04,1,+00600,9,08,9","04,1,+00990,9,05,9",,"10200,1,99999,9","97,1","0072,1",,
"07586499999","1990-10-01T09:00:00","4","44.1","6.0","-999.0","CHATEAU ARNOUX, FR","FM-15","LFMX ","V020","030,1,N,0010,1","00990,1,C,N","011200,1,N,1","+0150,1","+0140,1","99999,9","2,003","02,1,+00600,9,08,9","03,1,+00990,9,05,9","07,1,+03000,9,04,9",,"10210,1,99999,9","60,1",,,
"07586499999","1990-10-02T05:00:00","4","44.1","6.0","-999.0","CHATEAU ARNOUX, FR","FM-15","LFMX ","V020","080,1,N,0010,1","99999,1,C,Y","009900,1,N,1","+0140,1","+0120,1","99999,9","2,999",,,,,"10200,1,99999,9",,,"MET005CAVOK","Q01+000000PRSWM2"
"07586499999","1990-10-02T06:00:00","4","44.1","6.0","-999.0","CHATEAU ARNOUX, FR","FM-15","LFMX ","V020","110,1,N,0010,1","99999,1,C,Y","009900,1,N,1","+0130,1","+0100,1","99999,9","2,000",,,,,"10200,1,99999,9",,,"MET005CAVOK","Q01+000000PRSWM2"
"07586499999","1990-10-02T09:00:00","4","44.1","6.0","-999.0","CHATEAU ARNOUX, FR","FM-15","LFMX ","V020","030,1,N,0031,1","22000,1,C,N","011200,1,N,1","+0180,1","+0130,1","99999,9","2,000","01,1,+01290,9,08,9",,,,"10210,1,99999,9",,,,"Q01+000000PRSWM2"
"07586499999","1990-10-03T05:00:00","4","44.1","6.0","-999.0","CHATEAU ARNOUX, FR","FM-15","LFMX ","V020","080,1,N,0021,1","99999,1,C,Y","009900,1,N,1","+0130,1","+0120,1","99999,9","2,999",,,,,"10190,1,99999,9",,,"MET005CAVOK","Q01+000000PRSWM2"
"07586499999","1990-10-04T05:00:00","4","44.1","6.0","-999.0","CHATEAU ARNOUX, FR","FM-15","LFMX ","V020","080,1,N,0010,1","00600,1,C,N","006000,1,N,1","+0150,1","+0140,1","99999,9","2,999","03,1,+00090,9,07,9","03,1,+00600,9,08,9","08,1,+03000,9,04,9",,"10139,1,99999,9","61,1",,,
"07586499999","1990-10-04T06:00:00","4","44.1","6.0","-999.0","CHATEAU ARNOUX, FR","FM-15","LFMX ","V020","360,1,N,0010,1","00600,1,C,N","006000,1,N,1","+0150,1","+0140,1","99999,9","1,003","03,1,+00090,9,07,9","05,1,+00600,9,05,9","08,1,+03000,9,04,9",,"10139,1,99999,9","21,1",,,
"07586499999","1990-10-04T12:00:00","4","44.1","6.0","-999.0","CHATEAU ARNOUX, FR","FM-15","LFMX ","V020","020,1,N,0051,1","00480,1,C,N","006000,1,N,1","+0160,1","+0140,1","99999,9","2,009","03,1,+00090,9,07,9","03,1,+00480,9,05,9","08,1,+03000,9,04,9",,"10149,1,99999,9","61,1",,,
"07586499999","1990-10-05T12:00:00","4","44.1","6.0","-999.0","CHATEAU ARNOUX, FR","FM-15","LFMX ","V020","360,1,N,0062,1","22000,1,C,N","011200,1,N,1","+0190,1","+0050,1","99999,9","2,000","01,1,+01200,9,08,9",,,,"10200,1,99999,9",,,,"Q01+000000PRSWM2"
"07586499999","1990-10-05T15:00:00","4","44.1","6.0","-999.0","CHATEAU ARNOUX, FR","FM-15","LFMX ","V020","330,1,N,0072,1","22000,1,C,N","011200,1,N,1","+0200,1","+0030,1","99999,9","2,000","01,1,+01500,9,08,9",,,,"10200,1,99999,9",,,,"Q01+000000PRSWM2"
"07586499999","1990-10-06T05:00:00","4","44.1","6.0","-999.0","CHATEAU ARNOUX, FR","FM-15","LFMX ","V020","040,1,N,0051,1","99999,1,C,Y","009900,1,N,1","+0090,1","+0050,1","99999,9","2,999",,,,,"10210,1,99999,9",,,"MET005CAVOK","Q01+000000PRSWM2"
"07586499999","1990-10-06T06:00:00","4","44.1","6.0","-999.0","CHATEAU ARNOUX, FR","FM-15","LFMX ","V020","040,1,N,0041,1","99999,1,C,Y","009900,1,N,1","+0090,1","+0050,1","99999,9","2,000",,,,,"10210,1,99999,9",,"0098,1","MET005CAVOK","Q01+000000PRSWM2"
"07586499999","1990-10-06T09:00:00","4","44.1","6.0","-999.0","CHATEAU ARNOUX, FR","FM-15","LFMX ","V020","030,1,N,0041,1","99999,1,C,Y","009900,1,N,1","+0140,1","+0070,1","99999,9","2,000",,,,,"10210,1,99999,9",,,"MET005CAVOK","Q01+000000PRSWM2"
"07586499999","1990-10-06T12:00:00","4","44.1","6.0","-999.0","CHATEAU ARNOUX, FR","FM-15","LFMX ","V020","170,1,N,0010,1","99999,1,C,Y","009900,1,N,1","+0220,1","+0080,1","99999,9","2,000",,,,,"10190,1,99999,9",,,"MET005CAVOK","Q01+000000PRSWM2"
"07586499999","1990-10-06T15:00:00","4","44.1","6.0","-999.0","CHATEAU ARNOUX, FR","FM-15","LFMX ","V020","220,1,N,0031,1","22000,1,C,N","011200,1,N,1","+0230,1","+0080,1","99999,9","2,000","01,1,+01500,9,08,9",,,,"10169,1,99999,9",,,,"Q01+000000PRSWM2"
"07586499999","1990-10-07T05:00:00","4","44.1","6.0","-999.0","CHATEAU ARNOUX, FR","FM-15","LFMX ","V020","140,1,N,0010,1","03000,1,C,N","011200,1,N,1","+0130,1","+0110,1","99999,9","2,999","03,1,+00600,9,05,9","07,1,+03000,9,03,9",,,"10119,1,99999,9",,,,"Q01+000000PRSWM2"
"07586499999","1990-10-07T06:00:00","4","44.1","6.0","-999.0","CHATEAU ARNOUX, FR","FM-15","LFMX ","V020","340,1,N,0010,1","00600,1,C,N","011200,1,N,1","+0130,1","+0110,1","99999,9","2,000","02,1,+00180,9,07,9","03,1,+00600,9,05,9","08,1,+03000,9,03,9",,"10108,1,99999,9",,,,"Q01+000000PRSWM2"
"07586499999","1990-10-07T09:00:00","4","44.1","6.0","-999.0","CHATEAU ARNOUX, FR","FM-15","LFMX ","V020","250,1,N,0010,1","00780,1,C,N","011200,1,N,1","+0160,1","+0120,1","99999,9","2,000","06,1,+00780,9,08,9",,,,"10102,1,99999,9",,,,"Q01+000000PRSWM2"
"07586499999","1990-10-07T12:00:00","4","44.1","6.0","-999.0","CHATEAU ARNOUX, FR","FM-15","LFMX ","V020","230,1,N,0041,1","22000,1,C,N","011200,1,N,1","+0200,1","+0070,1","99999,9","2,000","02,1,+01080,9,08,9",,,,"10091,1,99999,9",,,,"Q01+000000PRSWM2"
"07586499999","1990-10-07T15:00:00","4","44.1","6.0","-999.0","CHATEAU ARNOUX, FR","FM-15","LFMX ","V020","210,1,N,0051,1","22000,1,C,N","011200,1,N,1","+0200,1","+0070,1","99999,9","2,000","01,1,+01380,9,08,9",,,,"10081,1,99999,9",,,,"Q01+000000PRSWM2"
"07586499999","1990-10-08T05:00:00","4","44.1","6.0","-999.0","CHATEAU ARNOUX, FR","FM-15","LFMX ","V020","030,1,N,0041,1","99999,1,C,Y","009900,1,N,1","+0110,1","+0080,1","99999,9","1,999",,,,,"10108,1,99999,9",,,"MET005CAVOK","Q01+000000PRSWM2"
"07586499999","1990-10-08T06:00:00","4","44.1","6.0","-999.0","CHATEAU ARNOUX, FR","FM-15","LFMX ","V020","070,1,N,0031,1","99999,1,C,Y","009900,1,N,1","+0110,1","+0080,1","99999,9","2,000",,,,,"10108,1,99999,9",,,"MET005CAVOK","Q01+000000PRSWM2"
"07586499999","1990-10-08T09:00:00","4","44.1","6.0","-999.0","CHATEAU ARNOUX, FR","FM-15","LFMX ","V020","010,1,N,0051,1","22000,1,C,N","011200,1,N,1","+0160,1","+0090,1","99999,9","2,000","01,1,+01080,9,08,9",,,,"10119,1,99999,9",,,,"Q01+000000PRSWM2"
"07586499999","1990-10-08T15:00:00","4","44.1","6.0","-999.0","CHATEAU ARNOUX, FR","FM-15","LFMX ","V020","360,1,N,0051,1","22000,1,C,N","011200,1,N,1","+0200,1","+0070,1","99999,9","2,000","01,1,+01500,9,08,9",,,,"10108,1,99999,9",,,,"Q01+000000PRSWM2"
"07586499999","1990-10-09T15:00:00","4","44.1","6.0","-999.0","CHATEAU ARNOUX, FR","FM-15","LFMX ","V020","210,1,N,0051,1","22000,1,C,N","011200,1,N,1","+0220,1","+0090,1","99999,9","2,000","01,1,+01380,9,08,9",,,,"10210,1,99999,9",,,,"Q01+000000PRSWM2"
"07586499999","1990-10-10T05:00:00","4","44.1","6.0","-999.0","CHATEAU ARNOUX, FR","FM-15","LFMX ","V020","140,1,N,0021,1","99999,1,C,Y","009900,1,N,1","+0100,1","+0070,1","99999,9","1,999",,,,,"10251,1,99999,9",,,"MET005CAVOK","Q01+000000PRSWM2"
"07586499999","1990-10-10T06:00:00","4","44.1","6.0","-999.0","CHATEAU ARNOUX, FR","FM-15","LFMX ","V020","340,1,N,0021,1","99999,1,C,Y","009900,1,N,1","+0080,1","+0070,1","99999,9","2,000",,,,,"10251,1,99999,9",,,"MET005CAVOK","Q01+000000PRSWM2"
"07586499999","1990-10-10T15:00:00","4","44.1","6.0","-999.0","CHATEAU ARNOUX, FR","FM-15","LFMX ","V020","210,1,N,0051,1","99999,1,C,Y","009900,1,N,1","+0240,1","+0070,1","99999,9","2,000",,,,,"10220,1,99999,9",,,"MET005CAVOK","Q01+000000PRSWM2"
"07586499999","1990-10-11T05:00:00","4","44.1","6.0","-999.0","CHATEAU ARNOUX, FR","FM-15","LFMX ","V020","090,1,N,0010,1","99999,1,C,Y","009900,1,N,1","+0100,1","+0080,1","99999,9","2,999",,,,,"10240,1,99999,9",,,"MET005CAVOK","Q01+000000PRSWM2"
"07586499999","1990-10-11T06:00:00","4","44.1","6.0","-999.0","CHATEAU ARNOUX, FR","FM-15","LFMX ","V020","320,1,N,0010,1","99999,1,C,Y","009900,1,N,1","+0100,1","+0080,1","99999,9","2,000",,,,,"10230,1,99999,9",,,"MET005CAVOK","Q01+000000PRSWM2"
"07586499999","1990-10-11T09:00:00","4","44.1","6.0","-999.0","CHATEAU ARNOUX, FR","FM-15","LFMX ","V020","020,1,N,0031,1","99999,1,C,Y","009900,1,N,1","+0170,1","+0090,1","99999,9","2,000",,,,,"10230,1,99999,9",,,"MET005CAVOK","Q01+000000PRSWM2"
"07586499999","1990-10-11T12:00:00","4","44.1","6.0","-999.0","CHATEAU ARNOUX, FR","FM-15","LFMX ","V020","030,1,N,0010,1","22000,1,C,N","011200,1,N,1","+0210,1","+0110,1","99999,9","2,000","02,1,+01500,9,08,9",,,,"10220,1,99999,9",,,,"Q01+000000PRSWM2"
"07586499999","1990-10-11T15:00:00","4","44.1","6.0","-999.0","CHATEAU ARNOUX, FR","FM-15","LFMX ","V020","090,1,N,0041,1","03000,1,C,N","011200,1,N,1","+0240,1","+0100,1","99999,9","2,000","01,1,+01500,9,08,9","05,1,+03000,9,03,9",,,"10200,1,99999,9",,,,"Q01+000000PRSWM2"
"07586499999","1990-10-12T05:00:00","4","44.1","6.0","-999.0","CHATEAU ARNOUX, FR","FM-15","LFMX ","V020","040,1,N,0010,1","00480,1,C,N","007000,1,N,1","+0130,1","+0120,1","99999,9","2,999","03,1,+00180,9,07,9","03,1,+00480,9,09,9","05,1,+00600,9,08,9",,"10240,1,99999,9","95,1",,,
"07586499999","1990-10-12T06:00:00","4","44.1","6.0","-999.0","CHATEAU ARNOUX, FR","FM-15","LFMX ","V020","360,1,N,0072,1","00600,1,C,N","011200,1,N,1","+0140,1","+0110,1","99999,9","2,011","01,1,+00480,9,09,9","07,1,+00600,9,08,9",,,"10200,2,99999,9","95,1",,,"Q01+030123APOA  "
"07586499999","1990-10-12T09:00:00","4","44.1","6.0","-999.0","CHATEAU ARNOUX, FR","FM-15","LFMX ","V020","090,1,N,0021,1","01800,1,C,N","999999,9,N,9","+0140,1","+0120,1","99999,9","2,000","01,1,+00480,9,09,9","05,1,+01800,9,03,9","06,1,+06000,9,02,9",,"10220,1,99999,9",,,,"Q01+000002VOVAR Q02+000000PRSWM2"
"07586499999","1990-10-12T12:00:00","4","44.1","6.0","-999.0","CHATEAU ARNOUX, FR","FM-15","LFMX ","V020","060,1,N,0010,1","22000,1,C,N","999999,9,N,9","+0190,1","+0130,1","99999,9","2,000","04,1,+06900,9,00,9",,,,"10210,1,99999,9",,,,"Q01+000002VOVAR Q02+000000PRSWM2"
"07586499999","1990-10-12T15:00:00","4","44.1","6.0","-999.0","CHATEAU ARNOUX, FR","FM-15","LFMX ","V020","010,1,N,0041,1","03000,1,C,N","011200,1,N,1","+0150,1","+0140,1","99999,9","2,006","01,1,+00900,9,09,9","04,1,+01200,9,05,9","06,1,+03000,9,04,9",,"10210,1,99999,9","29,1",,,
"07586499999","1990-10-13T06:00:00","4","44.1","6.0","-999.0","CHATEAU ARNOUX, FR","FM-15","LFMX ","V020","040,1,N,0021,1","99999,1,C,Y","009900,1,N,1","+0110,1","+0100,1","99999,9","2,000",,,,,"10220,1,99999,9",,,"MET005CAVOK","Q01+000000PRSWM2"
"07586499999","1990-10-13T09:00:00","4","44.1","6.0","-999.0","CHATEAU ARNOUX, FR","FM-15","LFMX ","V020","050,1,N,0010,1","99999,1,C,Y","009900,1,N,1","+0160,1","+0120,1","99999,9","2,000",,,,,"10230,1,99999,9",,,"MET005CAVOK","Q01+000000PRSWM2"
"07586499999","1990-10-13T12:00:00","4","44.1","6.0","-999.0","CHATEAU ARNOUX, FR","FM-15","LFMX ","V020","070,1,N,0010,1","03000,1,C,N","011200,1,N,1","+0200,1","+0140,1","99999,9","2,000","02,1,+01200,9,05,9","07,1,+03000,9,03,9",,,"10230,1,99999,9",,,,"Q01+000000PRSWM2"
"07586499999","1990-10-13T15:00:00","4","44.1","6.0","-999.0","CHATEAU ARNOUX, FR","FM-15","LFMX ","V020","220,1,N,0051,1","00990,1,C,N","005000,1,N,1","+0170,1","+0140,1","99999,9","2,011","02,1,+00090,9,07,9","06,1,+00990,9,09,9",,,"10230,1,99999,9","95,1",,,
"07586499999","1990-10-14T06:00:00","4","44.1","6.0","-999.0","CHATEAU ARNOUX, FR","FM-15","LFMX ","V020","100,1,N,0021,1","99999,1,C,Y","009900,1,N,1","+0110,1","+0090,1","99999,9","1,000",,,,,"10240,1,99999,9",,,"MET005CAVOK","Q01+000000PRSWM2"
"07586499999","1990-10-14T09:00:00","4","44.1","6.0","-999.0","CHATEAU ARNOUX, FR","FM-15","LFMX ","V020","090,1,N,0021,1","99999,1,C,Y","009900,1,N,1","+0170,1","+0120,1","99999,9","2,000",,,,,"10240,1,99999,9",,,"MET005CAVOK","Q01+000000PRSWM2"
"07586499999","1990-10-14T12:00:00","4","44.1","6.0","-999.0","CHATEAU ARNOUX, FR","FM-15","LFMX ","V020","080,1,N,0010,1","07800,1,C,N","011200,1,N,1","+0230,1","+0130,1","99999,9","2,000","01,1,+01500,9,08,9","05,1,+07800,9,00,9",,,"10220,1,99999,9",,,,"Q01+000000PRSWM2"
"07586499999","1990-10-14T15:00:00","4","44.1","6.0","-999.0","CHATEAU ARNOUX, FR","FM-15","LFMX ","V020","210,1,N,0031,1","22000,1,C,N","011200,1,N,1","+0230,1","+0160,1","99999,9","2,000","01,1,+01500,9,08,9","04,1,+07800,9,00,9",,,"10210,1,99999,9",,,,"Q01+000000PRSWM2"
"07586499999","1990-10-15T05:00:00","4","44.1","6.0","-999.0","CHATEAU ARNOUX, FR","FM-15","LFMX ","V020","100,1,N,0010,1","99999,1,C,Y","009900,1,N,1","+0130,1","+0120,1","99999,9","1,999",,,,,"10180,1,99999,9",,,"MET005CAVOK","Q01+000000PRSWM2"
"07586499999","1990-10-15T06:00:00","4","44.1","6.0","-999.0","CHATEAU ARNOUX, FR","FM-15","LFMX ","V020","100,1,N,0021,1","22000,1,C,N","006000,1,N,1","+0120,1","+0110,1","99999,9","2,000","01,1,+01290,9,05,9",,,,"10190,1,99999,9",,,,"Q01+000000PRSWM2"
"07586499999","1990-10-15T09:00:00","4","44.1","6.0","-999.0","CHATEAU ARNOUX, FR","FM-15","LFMX ","V020","220,1,N,0010,1","07800,1,C,N","009000,1,N,1","+0170,1","+0150,1","99999,9","2,000","03,1,+03900,9,03,9","03,1,+07800,9,00,9",,,"10190,1,99999,9",,,,"Q01+000000PRSWM2"
"07586499999","1990-10-15T12:00:00","4","44.1","6.0","-999.0","CHATEAU ARNOUX, FR","FM-15","LFMX ","V020","220,1,N,0051,1","22000,1,C,N","011200,1,N,1","+0240,1","+0150,1","99999,9","2,000","01,1,+01290,9,08,9","04,1,+03900,9,03,9",,,"10169,1,99999,9",,,,"Q01+000000PRSWM2"
"07586499999","1990-10-15T15:00:00","4","44.1","6.0","-999.0","CHATEAU ARNOUX, FR","FM-15","LFMX ","V020","200,1,N,0082,1","07800,1,C,N","011200,1,N,1","+0210,1","+0150,1","99999,9","2,000","01,1,+01500,9,08,9","03,1,+04800,9,03,9","08,1,+07800,9,02,9",,"10169,1,99999,9",,,,"Q01+000000PRSWM2"
"07586499999","1990-10-16T05:00:00","4","44.1","6.0","-999.0","CHATEAU ARNOUX, FR","FM-15","LFMX ","V020","090,1,N,0010,1","02400,1,C,N","009000,1,N,1","+0150,1","+0140,1","99999,9","2,999","03,1,+01200,9,05,9","08,1,+02400,9,03,9",,,"10180,1,99999,9",,,,"Q01+000000PRSWM2"
"07586499999","1990-10-16T06:00:00","4","44.1","6.0","-999.0","CHATEAU ARNOUX, FR","FM-15","LFMX ","V020","050,1,N,0010,1","02400,1,C,N","007000,1,N,1","+0150,1","+0140,1","99999,9","2,000","02,1,+01200,9,05,9","08,1,+02400,9,03,9",,,"10180,1,99999,9",,,,"Q01+000000PRSWM2"
"07586499999","1990-10-16T09:00:00","4","44.1","6.0","-999.0","CHATEAU ARNOUX, FR","FM-15","LFMX ","V020","350,1,N,0010,1","02400,1,C,N","008000,1,N,1","+0160,1","+0150,1","99999,9","1,000","01,1,+00090,9,07,9","08,1,+02400,9,03,9",,,"10180,1,99999,9",,,,"Q01+000000PRSWM2"
"07586499999","1990-10-16T12:00:00","4","44.1","6.0","-999.0","CHATEAU ARNOUX, FR","FM-15","LFMX ","V020","120,1,N,0021,1","01200,1,C,N","006000,1,N,1","+0160,1","+0130,1","99999,9","2,009","01,1,+00600,9,08,9","05,1,+01200,9,05,9","08,1,+02400,9,03,9",,"10180,1,99999,9","61,1",,,
"07586499999","1990-10-16T15:00:00","4","44.1","6.0","-999.0","CHATEAU ARNOUX, FR","FM-15","LFMX ","V020","060,1,N,0021,1","01200,1,C,N","005000,1,N,1","+0150,1","+0140,1","99999,9","2,025","02,1,+00600,9,08,9","05,1,+01200,9,05,9","08,1,+02400,9,03,9",,"10180,1,99999,9","63,1",,,
"07586499999","1990-10-18T15:00:00","4","44.1","6.0","-999.0","CHATEAU ARNOUX, FR","FM-15","LFMX ","V020","110,1,N,0031,1","22000,1,C,N","011200,1,N,1","+0180,1","+0120,1","99999,9","2,000","04,1,+01200,9,08,9",,,,"10119,1,99999,9",,,,"Q01+000000PRSWM2"
"07586499999","1990-10-19T06:00:00","4","44.1","6.0","-999.0","CHATEAU ARNOUX, FR","FM-15","LFMX ","V020","070,1,N,0010,1","01200,1,C,N","011200,1,N,1","+0110,1","+0100,1","99999,9","2,009","07,1,+01200,9,05,9",,,,"10108,1,99999,9","61,1",,,
"07586499999","1990-10-19T09:00:00","4","44.1","6.0","-999.0","CHATEAU ARNOUX, FR","FM-15","LFMX ","V020","020,1,N,0031,1","01500,1,C,N","011200,1,N,1","+0130,1","+0100,1","99999,9","2,000","06,1,+01500,9,05,9",,,,"10102,1,99999,9",,,,"Q01+000000PRSWM2"
"07586499999","1990-10-19T12:00:00","4","44.1","6.0","-999.0","CHATEAU ARNOUX, FR","FM-15","LFMX ","V020","220,1,N,0021,1","01290,1,C,N","011200,1,N,1","+0150,1","+0120,1","99999,9","2,003","07,1,+01290,9,05,9",,,,"10091,1,99999,9","60,1",,,
"07586499999","1990-10-19T15:00:00","4","44.1","6.0","-999.0","CHATEAU ARNOUX, FR","FM-15","LFMX ","V020","040,1,N,0010,1","01200,1,C,N","011200,1,N,1","+0140,1","+0120,1","99999,9","2,009","01,1,+00090,9,07,9","07,1,+01200,9,05,9",,,"10081,1,99999,9","61,1",,,
"07586499999","1990-10-20T05:00:00","4","44.1","6.0","-999.0","CHATEAU ARNOUX, FR","FM-15","LFMX ","V020","010,1,N,0041,1","99999,1,C,Y","009900,1,N,1","+0110,1","+0090,1","99999,9","2,999",,,,,"10081,1,99999,9",,,"MET005CAVOK","Q01+000000PRSWM2"
"07586499999","1990-10-20T06:00:00","4","44.1","6.0","-999.0","CHATEAU ARNOUX, FR","FM-15","LFMX ","V020","010,1,N,0051,1","22000,1,C,N","011200,1,N,1","+0120,1","+0090,1","99999,9","2,000","03,1,+00990,9,05,9",,,,"10081,1,99999,9",,,,"Q01+000000PRSWM2"
"07586499999","1990-10-20T09:00:00","4","44.1","6.0","-999.0","CHATEAU ARNOUX, FR","FM-15","LFMX ","V020","360,1,N,0062,1","22000,1,C,N","011200,1,N,1","+0150,1","+0100,1","99999,9","2,000","01,1,+00990,9,05,9","03,1,+06900,9,00,9",,,"10081,1,99999,9",,,,"Q01+000000PRSWM2"
"07586499999","1990-10-20T12:00:00","4","44.1","6.0","-999.0","CHATEAU ARNOUX, FR","FM-15","LFMX ","V020","350,1,N,0082,1","22000,1,C,N","011200,1,N,1","+0180,1","+0100,1","99999,9","2,000","01,1,+01500,9,08,9",,,,"10081,1,99999,9",,,,"Q01+000000PRSWM2"
"07586499999","1990-10-20T15:00:00","4","44.1","6.0","-999.0","CHATEAU ARNOUX, FR","FM-15","LFMX ","V020","350,1,N,0062,1","22000,1,C,N","011200,1,N,1","+0180,1","+0090,1","99999,9","2,000","01,1,+01500,9,08,9",,,,"10081,1,99999,9",,,,"Q01+000000PRSWM2"
"07586499999","1990-10-21T06:00:00","4","44.1","6.0","-999.0","CHATEAU ARNOUX, FR","FM-15","LFMX ","V020","040,1,N,0010,1","99999,1,C,Y","009900,1,N,1","+0080,1","+0070,1","99999,9","2,000",,,,,"10119,1,99999,9",,,"MET005CAVOK","Q01+000000PRSWM2"
"07586499999","1990-10-21T09:00:00","4","44.1","6.0","-999.0","CHATEAU ARNOUX, FR","FM-15","LFMX ","V020","030,1,N,0021,1","22000,1,C,N","011200,1,N,1","+0130,1","+0090,1","99999,9","2,000","01,1,+01500,9,08,9",,,,"10129,1,99999,9",,,,"Q01+000000PRSWM2"
"07586499999","1990-10-21T12:00:00","4","44.1","6.0","-999.0","CHATEAU ARNOUX, FR","FM-15","LFMX ","V020","230,1,N,0041,1","22000,1,C,N","011200,1,N,1","+0200,1","+0120,1","99999,9","2,000","01,1,+01500,9,08,9",,,,"10129,1,99999,9",,,,"Q01+000000PRSWM2"
"07586499999","1990-10-21T15:00:00","4","44.1","6.0","-999.0","CHATEAU ARNOUX, FR","FM-15","LFMX ","V020","230,1,N,0051,1","22000,1,C,N","011200,1,N,1","+0200,1","+0110,1","99999,9","2,000","02,1,+01500,9,08,9",,,,"10129,1,99999,9",,,,"Q01+000000PRSWM2"
"07586499999","1990-10-22T05:00:00","4","44.1","6.0","-999.0","CHATEAU ARNOUX, FR","FM-15","LFMX ","V020","120,1,N,0010,1","22000,1,C,N","011200,1,N,1","+0070,1","+0060,1","99999,9","2,999","02,1,+00030,9,07,9",,,,"10180,1,99999,9",,,,"Q01+000000PRSWM2"
"07586499999","1990-10-22T06:00:00","4","44.1","6.0","-999.0","CHATEAU ARNOUX, FR","FM-15","LFMX ","V020","999,1,C,0000,1","22000,1,C,N","000800,1,N,1","+0070,1","+0060,1","99999,9","2,000","04,1,+00090,9,07,9",,,,"10180,1,99999,9","46,1",,,
"07586499999","1990-10-22T09:00:00","4","44.1","6.0","-999.0","CHATEAU ARNOUX, FR","FM-15","LFMX ","V020","040,1,N,0021,1","22000,1,C,N","011200,1,N,1","+0120,1","+0100,1","99999,9","2,000","01,1,+00090,9,07,9",,,,"10169,1,99999,9","40,1",,,
"07586499999","1990-10-22T12:00:00","4","44.1","6.0","-999.0","CHATEAU ARNOUX, FR","FM-15","LFMX ","V020","240,1,N,0041,1","06900,1,C,N","011200,1,N,1","+0200,1","+0110,1","99999,9","2,000","01,1,+00900,9,08,9","05,1,+06900,9,00,9",,,"10149,1,99999,9",,,,"Q01+000000PRSWM2"
"07586499999","1990-10-22T15:00:00","4","44.1","6.0","-999.0","CHATEAU ARNOUX, FR","FM-15","LFMX ","V020","240,1,N,0021,1","06900,1,C,N","011200,1,N,1","+0190,1","+0110,1","99999,9","2,000","01,1,+00990,9,05,9","06,1,+06900,9,00,9",,,"10149,1,99999,9",,,,"Q01+000000PRSWM2"
"07586499999","1990-10-23T05:00:00","4","44.1","6.0","-999.0","CHATEAU ARNOUX, FR","FM-15","LFMX ","V020","100,1,N,0021,1","00690,1,C,N","011200,1,N,1","+0110,1","+0100,1","99999,9","2,999","07,1,+00690,9,08,9",,,,"10169,1,99999,9","63,1",,,
"07586499999","1990-10-23T06:00:00","4","44.1","6.0","-999.0","CHATEAU ARNOUX, FR","FM-15","LFMX ","V020","050,1,N,0031,1","02400,1,C,N","011200,1,N,1","+0110,1","+0100,1","99999,9","1,009","04,1,+00690,9,08,9","08,1,+02400,9,03,9",,,"10159,1,99999,9","61,1",,,
"07586499999","1990-10-23T09:00:00","4","44.1","6.0","-999.0","CHATEAU ARNOUX, FR","FM-15","LFMX ","V020","050,1,N,0010,1","02400,1,C,N","008000,1,N,1","+0110,1","+0100,1","99999,9","2,003","02,1,+01200,9,05,9","08,1,+02400,9,03,9",,,"10169,1,99999,9","60,1",,,
"07586499999","1990-10-23T12:00:00","4","44.1","6.0","-999.0","CHATEAU ARNOUX, FR","FM-15","LFMX ","V020","020,1,N,0041,1","02400,1,C,N","011200,1,N,1","+0110,1","+0080,1","99999,9","2,000","02,1,+01380,9,05,9","08,1,+02400,9,03,9",,,"10159,1,99999,9",,,,"Q01+000000PRSWM2"
"07586499999","1990-10-23T15:00:00","4","44.1","6.0","-999.0","CHATEAU ARNOUX, FR","FM-15","LFMX ","V020","020,1,N,0010,1","02400,1,C,N","011200,1,N,1","+0110,1","+0080,1","99999,9","2,000","01,1,+01380,9,05,9","07,1,+02400,9,03,9",,,"10159,1,99999,9",,,,"Q01+000000PRSWM2"
"07586499999","1990-10-24T05:00:00","4","44.1","6.0","-999.0","CHATEAU ARNOUX, FR","FM-15","LFMX ","V020","999,1,C,0000,1","99999,1,C,Y","009900,1,N,1","+0080,1","+0070,1","99999,9","2,999",,,,,"10169,1,99999,9",,,"MET005CAVOK","Q01+000000PRSWM2"
"07586499999","1990-10-24T06:00:00","4","44.1","6.0","-999.0","CHATEAU ARNOUX, FR","FM-15","LFMX ","V020","090,1,N,0010,1","99999,1,C,Y","009900,1,N,1","+0080,1","+0060,1","99999,9","2,000",,,,,"10169,1,99999,9",,,"MET005CAVOK","Q01+000000PRSWM2"
"07586499999","1990-10-24T09:00:00","4","44.1","6.0","-999.0","CHATEAU ARNOUX, FR","FM-15","LFMX ","V020","010,1,N,0021,1","22000,1,C,N","011200,1,N,1","+0120,1","+0070,1","99999,9","2,000","01,1,+01290,9,08,9",,,,"10180,1,99999,9",,,,"Q01+000000PRSWM2"
"07586499999","1990-10-24T12:00:00","4","44.1","6.0","-999.0","CHATEAU ARNOUX, FR","FM-15","LFMX ","V020","300,1,N,0010,1","22000,1,C,N","011200,1,N,1","+0160,1","+0090,1","99999,9","2,000","02,1,+01380,9,08,9",,,,"10159,1,99999,9",,,,"Q01+000000PRSWM2"
"07586499999","1990-10-24T15:00:00","4","44.1","6.0","-999.0","CHATEAU ARNOUX, FR","FM-15","LFMX ","V020","230,1,N,0041,1","06900,1,C,N","011200,1,N,1","+0160,1","+0090,1","99999,9","2,000","02,1,+01200,9,05,9","05,1,+06900,9,02,9",,,"10149,1,99999,9",,,,"Q01+000000PRSWM2"
"07586499999","1990-10-25T05:00:00","4","44.1","6.0","-999.0","CHATEAU ARNOUX, FR","FM-15","LFMX ","V020","060,1,N,0010,1","00480,1,C,N","006000,1,N,1","+0100,1","+0090,1","99999,9","2,999","08,1,+00480,9,07,9",,,,"10129,1,99999,9","61,1",,,
"07586499999","1990-10-25T06:00:00","4","44.1","6.0","-999.0","CHATEAU ARNOUX, FR","FM-15","LFMX ","V020","090,1,N,0010,1","00480,1,C,N","006000,1,N,1","+0100,1","+0090,1","99999,9","2,009","08,1,+00480,9,07,9",,,,"10129,1,99999,9","61,1",,,
"07586499999","1990-10-25T09:00:00","4","44.1","6.0","-999.0","CHATEAU ARNOUX, FR","FM-15","LFMX ","V020","220,1,N,0021,1","00090,1,C,N","000700,1,N,1","+0110,1","+0100,1","99999,9","2,000","06,1,+00090,9,07,9","08,1,+00690,9,05,9",,,"10139,1,99999,9","41,1",,,
"07586499999","1990-10-25T12:00:00","4","44.1","6.0","-999.0","CHATEAU ARNOUX, FR","FM-15","LFMX ","V020","350,1,N,0021,1","00090,1,C,N","001200,1,N,1","+0110,1","+0100,1","99999,9","2,005","06,1,+00090,9,07,9","06,1,+00690,9,08,9",,,"10129,1,99999,9","80,1",,,
"07586499999","1990-10-25T15:00:00","4","44.1","6.0","-999.0","CHATEAU ARNOUX, FR","FM-15","LFMX ","V020","020,1,N,0021,1","00900,1,C,N","011200,1,N,1","+0120,1","+0100,1","99999,9","2,005","03,1,+00600,9,05,9","05,1,+00900,9,08,9",,,"10119,1,99999,9","80,1",,,
"07586499999","1990-10-26T05:00:00","4","44.1","6.0","-999.0","CHATEAU ARNOUX, FR","FM-15","LFMX ","V020","110,1,N,0010,1","00300,1,C,N","003000,1,N,1","+0070,1","+0060,1","99999,9","2,999","07,1,+00300,9,07,9",,,,"10119,1,99999,9","10,1",,,
"07586499999","1990-10-26T06:00:00","4","44.1","6.0","-999.0","CHATEAU ARNOUX, FR","FM-15","LFMX ","V020","110,1,N,0031,1","00300,1,C,N","003000,1,N,1","+0060,1","+0040,1","99999,9","2,000","02,1,+00090,9,07,9","06,1,+00300,9,07,9",,,"10108,1,99999,9","10,1",,,
"07586499999","1990-10-26T09:00:00","4","44.1","6.0","-999.0","CHATEAU ARNOUX, FR","FM-15","LFMX ","V020","010,1,N,0021,1","00990,1,C,N","007000,1,N,1","+0080,1","+0070,1","99999,9","2,000","01,1,+00180,9,07,9","07,1,+00990,9,05,9",,,"10108,1,99999,9",,,,"Q01+000000PRSWM2"
"07586499999","1990-10-26T15:00:00","4","44.1","6.0","-999.0","CHATEAU ARNOUX, FR","FM-15","LFMX ","V020","100,1,N,0031,1","00900,1,C,N","011200,1,N,1","+0130,1","+0090,1","99999,9","2,000","07,1,+00900,9,05,9",,,,"10081,1,99999,9",,,,"Q01+000000PRSWM2"
"07586499999","1990-10-27T05:00:00","4","44.1","6.0","-999.0","CHATEAU ARNOUX, FR","FM-15","LFMX ","V020","100,1,N,0021,1","99999,1,C,Y","009900,1,N,1","+0050,1","+0040,1","99999,9","2,999",,,,,"10102,1,99999,9",,,"MET005CAVOK","Q01+000000PRSWM2"
"07586499999","1990-10-27T06:00:00","4","44.1","6.0","-999.0","CHATEAU ARNOUX, FR","FM-15","LFMX ","V020","030,1,N,0021,1","22000,1,C,N","011200,1,N,1","+0060,1","+0040,1","99999,9","2,000","01,1,+00030,9,07,9",,,,"10108,1,99999,9",,,,"Q01+000000PRSWM2"
"07586499999","1990-10-27T09:00:00","4","44.1","6.0","-999.0","CHATEAU ARNOUX, FR","FM-15","LFMX ","V020","200,1,N,0010,1","22000,1,C,N","011200,1,N,1","+0090,1","+0060,1","99999,9","2,000","01,1,+00990,9,08,9",,,,"10119,1,99999,9",,,,"Q01+000000PRSWM2"
"07586499999","1990-10-27T12:00:00","4","44.1","6.0","-999.0","CHATEAU ARNOUX, FR","FM-15","LFMX ","V020","360,1,N,0051,1","22000,1,C,N","011200,1,N,1","+0140,1","+0050,1","99999,9","2,000","01,1,+01200,9,08,9",,,,"10108,1,99999,9",,,,"Q01+000000PRSWM2"
"07586499999","1990-10-27T15:00:00","4","44.1","6.0","-999.0","CHATEAU ARNOUX, FR","FM-15","LFMX ","V020","350,1,N,0031,1","99999,1,C,Y","009900,1,N,1","+0150,1","+0030,1","99999,9","2,000",,,,,"10102,1,99999,9",,,"MET005CAVOK","Q01+000000PRSWM2"
"07586499999","1990-10-28T05:00:00","4","44.1","6.0","-999.0","CHATEAU ARNOUX, FR","FM-15","LFMX ","V020","090,1,N,0031,1","99999,1,C,Y","009900,1,N,1","+0060,1","+0030,1","99999,9","2,999",,,,,"10091,1,99999,9",,,"MET005CAVOK","Q01+000000PRSWM2"
"07586499999","1990-10-28T06:00:00","4","44.1","6.0","-999.0","CHATEAU ARNOUX, FR","FM-15","LFMX ","V020","030,1,N,0041,1","99999,1,C,Y","009900,1,N,1","+0050,1","+0030,1","99999,9","2,000",,,,,"10091,1,99999,9",,,"MET005CAVOK","Q01+000000PRSWM2"
"07586499999","1990-10-28T09:00:00","4","44.1","6.0","-999.0","CHATEAU ARNOUX, FR","FM-15","LFMX ","V020","110,1,N,0021,1","99999,1,C,Y","009900,1,N,1","+0090,1","+0050,1","99999,9","2,000",,,,,"10081,1,99999,9",,,"MET005CAVOK","Q01+000000PRSWM2"
"07586499999","1990-10-28T12:00:00","4","44.1","6.0","-999.0","CHATEAU ARNOUX, FR","FM-15","LFMX ","V020","230,1,N,0031,1","22000,1,C,N","011200,1,N,1","+0150,1","+0040,1","99999,9","2,000","01,1,+01200,9,08,9","04,1,+07800,9,00,9",,,"10051,1,99999,9",,,,"Q01+000000PRSWM2"
"07586499999","1990-10-28T15:00:00","4","44.1","6.0","-999.0","CHATEAU ARNOUX, FR","FM-15","LFMX ","V020","200,1,N,0041,1","03900,1,C,N","011200,1,N,1","+0140,1","+0050,1","99999,9","2,000","01,1,+01290,9,05,9","05,1,+03900,9,03,9","08,1,+07800,9,02,9",,"10031,1,99999,9",,,,"Q01+000000PRSWM2"
"07586499999","1990-10-29T05:00:00","4","44.1","6.0","-999.0","CHATEAU ARNOUX, FR","FM-15","LFMX ","V020","040,1,N,0031,1","02400,1,C,N","006000,1,N,1","+0080,1","+0070,1","99999,9","2,999","04,1,+00390,9,05,9","08,1,+02400,9,03,9",,,"09959,1,99999,9","63,1",,,
"07586499999","1990-10-29T06:00:00","4","44.1","6.0","-999.0","CHATEAU ARNOUX, FR","FM-15","LFMX ","V020","030,1,N,0041,1","02400,1,C,N","006000,1,N,1","+0080,1","+0070,1","99999,9","2,025","01,1,+00090,9,07,9","03,1,+00390,9,05,9","08,1,+02400,9,03,9",,"09959,1,99999,9","63,1",,,
"07586499999","1990-10-29T09:00:00","4","44.1","6.0","-999.0","CHATEAU ARNOUX, FR","FM-15","LFMX ","V020","010,1,N,0051,1","02400,1,C,N","011200,1,N,1","+0090,1","+0070,1","99999,9","2,000","01,1,+00090,9,07,9","03,1,+00480,9,05,9","08,1,+02400,9,03,9",,"09980,1,99999,9",,,,"Q01+000000PRSWM2"
"07586499999","1990-10-29T12:00:00","4","44.1","6.0","-999.0","CHATEAU ARNOUX, FR","FM-15","LFMX ","V020","360,1,N,0062,1","22000,1,C,N","011200,1,N,1","+0130,1","+0090,1","99999,9","2,000","01,1,+00180,9,07,9","04,1,+03300,9,03,9",,,"09970,1,99999,9",,,,"Q01+000000PRSWM2"
"07586499999","1990-10-29T15:00:00","4","44.1","6.0","-999.0","CHATEAU ARNOUX, FR","FM-15","LFMX ","V020","020,1,N,0021,1","03000,1,C,N","007000,1,N,1","+0120,1","+0100,1","99999,9","2,003","04,1,+01200,9,05,9","08,1,+03000,9,03,9",,,"09970,1,99999,9","60,1",,,
