"STATION","DATE","SOURCE","LATITUDE","LONGITUDE","ELEVATION","NAME","REPORT_TYPE","CALL_SIGN","QUALITY_CONTROL","WND","CIG","VIS","TMP","DEW","SLP","AA1","AJ1","AL1","AY1","AY2","GA1","GA2","GE1","GF1","KA1","KA2","MW1","REM","EQD"
"07590099999","2020-01-01T13:00:00","4","44.81","6.195333","1270.0","LES PORTES EN VALGAUDEMAR, FR","FM-12","99999","V020","999,9,C,9999,9","99999,9,9,N","999999,9,9,9","+0134,1","+9999,9","99999,9",,"0017,3,1,001700,9,9","99,000,3,1","0,1,02,1","0,1,02,1","00,1,+99999,9,99,9",,"9,MSL   ,+99999,+99999","99,99,9,00,1,99,9,99999,9,99,9,99,9",,,"00,1","SYN11007590 419// 00000 10134 29039 70000 80000 91220 333 4/017 90750 93100 555 7//// 8//// 11007 21100 ///// /////=",
"07590099999","2020-01-03T13:00:00","4","44.81","6.195333","1270.0","LES PORTES EN VALGAUDEMAR, FR","FM-12","99999","V020","999,9,C,9999,9","99999,9,9,N","999999,9,9,9","+0110,1","+9999,9","99999,9",,"0015,3,1,001500,9,9","99,000,3,1","0,1,02,1","0,1,02,1","99,9,+99999,9,00,1",,"9,MSL   ,+99999,+99999","05,99,1,00,1,99,9,99999,9,99,9,99,9",,,"00,1","SYN11007590 419// 50000 10110 29047 70000 80002 91230 333 4/015 90750 93100 555 7//// 8//// 11006 21000 ///// /////=","Q01    003SCCGA1"
"07590099999","2020-01-04T13:00:00","4","44.81","6.195333","1270.0","LES PORTES EN VALGAUDEMAR, FR","FM-12","99999","V020","999,9,C,9999,9","22000,1,9,N","999999,9,9,9","+0048,1","+9999,9","99999,9",,"0013,3,1,001300,9,9","99,000,3,1","0,1,02,1","0,1,02,1","99,9,+99999,9,00,1",,"9,MSL   ,+99999,+99999","03,99,1,00,1,99,9,99999,9,99,9,99,9",,,"00,1","SYN11007590 419// 30000 10048 29062 70000 80002 91220 333 4/013 90750 93100 555 7//// 8//// 11008 20800 ///// /////=","Q01    003SCCGA1"
"07590099999","2020-01-05T13:00:00","4","44.81","6.195333","1270.0","LES PORTES EN VALGAUDEMAR, FR","FM-12","99999","V020","999,9,C,9999,9","99999,9,9,N","999999,9,9,9","+0001,1","+9999,9","99999,9",,"0013,3,1,001300,9,9","99,000,3,1","0,1,02,1","0,1,02,1","08,1,+00450,1,07,1",,"9,MSL   ,+99999,+99999","08,99,1,08,1,99,9,00450,1,99,9,99,9",,,"00,1","SYN11007590 414// 80000 10001 29077 70000 886// 91215 333 4/013 90750 93100 555 7//// 8//// 11010 20100 ///// /////=",
"07590099999","2020-01-06T13:00:00","4","44.81","6.195333","1270.0","LES PORTES EN VALGAUDEMAR, FR","FM-12","99999","V020","999,9,C,9999,9","99999,9,9,N","999999,9,9,9","+0089,1","+9999,9","99999,9",,"0013,3,1,001300,9,9","99,000,3,1","0,1,02,1","0,1,02,1","00,1,+99999,9,99,9",,"9,MSL   ,+99999,+99999","99,99,9,00,1,99,9,99999,9,99,9,99,9",,,"00,1","SYN11007590 419// 00000 10089 29041 70000 80000 91215 333 4/013 90750 93100 555 7//// 8//// 11007 20800 ///// /////=",
"07590099999","2020-01-07T13:00:00","4","44.81","6.195333","1270.0","LES PORTES EN VALGAUDEMAR, FR","FM-12","99999","V020","360,1,N,0020,1","99999,9,9,N","999999,9,9,9","+0056,1","+9999,9","99999,9",,"0013,3,1,001300,9,9","99,000,3,1","0,1,02,1","0,1,02,1","00,1,+99999,9,99,9",,"9,MSL   ,+99999,+99999","99,99,9,00,1,99,9,99999,9,99,9,99,9",,,"00,1","SYN11007590 419// 03602 10056 29055 70000 80000 91220 333 4/013 90750 93100 555 7//// 8//// 11009 20400 ///// /////=",
"07590099999","2020-01-08T08:00:00","4","44.81","6.195333","1270.0","LES PORTES EN VALGAUDEMAR, FR","FM-12","99999","V020","999,9,C,9999,9","99999,9,9,N","999999,9,9,9","-0009,1","+9999,9","99999,9","24,0000,9,1","0013,3,1,001300,9,9","99,000,3,1","0,1,02,1","0,1,02,1","00,1,+99999,9,99,9",,"9,MSL   ,+99999,+99999","99,99,9,00,1,99,9,99999,9,99,9,99,9","240,M,+0057,1","240,N,-0023,1","00,1","SYN12807590 219// 00000 11009 29070 70000 80000 90650 333 10057 21023 4/013 70000 90768 93100 555 7//// 8//// 11011 80000 ///// /////=",
"07590099999","2020-01-08T13:00:00","4","44.81","6.195333","1270.0","LES PORTES EN VALGAUDEMAR, FR","FM-12","99999","V020","999,9,C,9999,9","22000,1,9,N","999999,9,9,9","+0084,1","+9999,9","99999,9",,"0013,3,1,001300,9,9","99,000,3,1","0,1,02,1","0,1,02,1","99,9,+99999,9,00,1",,"9,MSL   ,+99999,+99999","01,99,1,00,1,99,9,99999,9,99,9,99,9",,,"00,1","SYN11007590 419// 10000 10084 29044 70000 80002 91215 333 4/013 90750 93100 555 7//// 8//// 11006 20800 ///// /////=","Q01    003SCCGA1"
"07590099999","2020-01-09T13:00:00","4","44.81","6.195333","1270.0","LES PORTES EN VALGAUDEMAR, FR","FM-12","99999","V020","999,9,C,9999,9","99999,9,9,N","999999,9,9,9","+0092,1","+9999,9","99999,9",,"0012,3,1,001200,9,9","99,000,3,1","0,1,02,1","0,1,02,1","00,1,+99999,9,99,9",,"9,MSL   ,+99999,+99999","99,99,9,00,1,99,9,99999,9,99,9,99,9",,,"00,1","SYN11007590 419// 00000 10092 29036 70000 80000 91230 333 4/012 90750 93100 555 7//// 8//// 11004 20700 00000 /////=",
"07590099999","2020-01-10T08:00:00","4","44.81","6.195333","1270.0","LES PORTES EN VALGAUDEMAR, FR","FM-12","99999","V020","999,9,C,9999,9","99999,9,9,N","999999,9,9,9","+0008,1","+9999,9","99999,9","24,0000,9,1","0010,3,1,001000,9,9","99,000,3,1","0,1,02,1","0,1,02,1","08,1,+01750,1,06,1",,"9,MSL   ,+99999,+99999","08,99,1,08,1,99,9,01750,1,99,9,99,9","240,M,+0092,1","240,N,-0010,1","00,1","SYN12807590 217// 80000 10008 29076 70000 885// 90650 333 10092 21010 4/010 70000 90768 93100 555 7//// 8//// 11007 80000 ///// /////=",
"07590099999","2020-01-10T13:00:00","4","44.81","6.195333","1270.0","LES PORTES EN VALGAUDEMAR, FR","FM-12","99999","V020","999,9,C,9999,9","99999,9,9,N","999999,9,9,9","+0047,1","+9999,9","99999,9",,"0012,3,1,001200,9,9","99,000,3,1","0,1,02,1","0,1,02,1","05,1,+99999,9,03,1",,"9,MSL   ,+99999,+99999","05,99,1,05,1,99,9,99999,9,99,9,99,9",,,"00,1","SYN11007590 419// 50000 10047 29062 70000 85030 91220 333 4/012 90750 93100 555 7//// 8//// 11006 20200 ///// /////=",
"07590099999","2020-01-12T13:00:00","4","44.81","6.195333","1270.0","LES PORTES EN VALGAUDEMAR, FR","FM-12","99999","V020","999,9,C,9999,9","99999,9,9,N","999999,9,9,9","+0082,1","+9999,9","99999,9",,"0012,3,1,001200,9,9","99,000,3,1","0,1,02,1","0,1,02,1","00,1,+99999,9,99,9",,"9,MSL   ,+99999,+99999","99,99,9,00,1,99,9,99999,9,99,9,99,9",,,"00,1","SYN11007590 419// 00000 10082 29032 70000 80000 91220 333 4/012 90750 93100 555 7//// 8//// 11004 20700 ///// /////=",
"07590099999","2020-01-13T08:00:00","4","44.81","6.195333","1270.0","LES PORTES EN VALGAUDEMAR, FR","FM-12","99999","V020","999,9,C,9999,9","22000,1,9,N","999999,9,9,9","-0022,1","+9999,9","99999,9","24,0000,9,1","0011,3,1,001100,9,9","99,000,3,1","0,1,02,1","0,1,02,1","99,9,+99999,9,00,1",,"9,MSL   ,+99999,+99999","02,99,1,00,1,99,9,99999,9,99,9,99,9","240,M,+0085,1","240,N,-0035,1","00,1","SYN12807590 219// 20000 11022 29067 70000 80002 90655 333 10085 21035 4/011 70000 90768 93100 555 7//// 8//// 11007 80000 ///// /////=","Q01    003SCCGA1"
"07590099999","2020-01-13T13:00:00","4","44.81","6.195333","1270.0","LES PORTES EN VALGAUDEMAR, FR","FM-12","99999","V020","999,9,C,9999,9","22000,1,9,N","999999,9,9,9","+0084,1","+9999,9","99999,9",,"0011,3,1,001100,9,9","99,000,3,1","0,1,02,1","0,1,02,1","99,9,+99999,9,00,1",,"9,MSL   ,+99999,+99999","03,99,1,00,1,99,9,99999,9,99,9,99,9",,,"00,1","SYN11007590 419// 30000 10084 29036 70000 80002 91220 333 4/011 90750 93100 555 7//// 8//// 11005 20500 ///// /////=","Q01    003SCCGA1"
"07590099999","2020-01-14T13:00:00","4","44.81","6.195333","1270.0","LES PORTES EN VALGAUDEMAR, FR","FM-12","99999","V020","999,9,C,9999,9","22000,1,9,N","999999,9,9,9","+0058,1","+9999,9","99999,9",,"0011,3,1,001100,9,9","99,000,3,1","0,1,02,1","0,1,02,1","99,9,+99999,9,00,1",,"9,MSL   ,+99999,+99999","02,99,1,00,1,99,9,99999,9,99,9,99,9",,,"00,1","SYN11007590 419// 20000 10058 29040 70000 80002 91240 333 4/011 90750 93100 555 7//// 8//// 11005 20400 ///// /////=","Q01    003SCCGA1"
"07590099999","2020-01-15T08:00:00","4","44.81","6.195333","1270.0","LES PORTES EN VALGAUDEMAR, FR","FM-12","99999","V020","999,9,C,9999,9","99999,9,9,N","999999,9,9,9","-0012,1","+9999,9","99999,9","24,0000,9,1","0011,3,1,001100,9,9","99,000,3,1","0,1,02,1","0,1,02,1","00,1,+99999,9,99,9",,"9,MSL   ,+99999,+99999","99,99,9,00,1,99,9,99999,9,99,9,99,9","240,M,+0062,1","240,N,-0032,1","00,1","SYN12807590 219// 00000 11012 29077 70000 80000 90650 333 10062 21032 4/011 70000 90768 93100 555 7//// 8//// 11007 80000 ///// /////=",
"07590099999","2020-01-15T13:00:00","4","44.81","6.195333","1270.0","LES PORTES EN VALGAUDEMAR, FR","FM-12","99999","V020","999,9,C,9999,9","99999,9,9,N","999999,9,9,9","+0056,1","+9999,9","99999,9",,"0011,3,1,001100,9,9","99,000,3,1","0,1,02,1","0,1,02,1","99,9,+99999,9,00,1",,"9,MSL   ,+99999,+99999","06,99,1,00,1,99,9,99999,9,99,9,99,9",,,"00,1","SYN11007590 419// 60000 10056 29055 70000 80002 91240 333 4/011 90750 93100 555 7//// 8//// 11005 20400 ///// /////=","Q01    003SCCGA1"
"07590099999","2020-01-16T13:00:00","4","44.81","6.195333","1270.0","LES PORTES EN VALGAUDEMAR, FR","FM-12","99999","V020","999,9,C,9999,9","99999,9,9,N","999999,9,9,9","+0065,1","+9999,9","99999,9",,"0010,3,1,001000,9,9","99,000,3,1","0,1,02,1","0,1,02,1","00,1,+99999,9,99,9",,"9,MSL   ,+99999,+99999","99,99,9,00,1,99,9,99999,9,99,9,99,9",,,"00,1","SYN11007590 419// 00000 10065 29051 70000 80000 91230 333 4/010 90750 93100 555 7//// 8//// 11003 20600 ///// /////=",
"07590099999","2020-01-17T13:00:00","4","44.81","6.195333","1270.0","LES PORTES EN VALGAUDEMAR, FR","FM-12","99999","V020","999,9,C,9999,9","99999,9,9,N","999999,9,9,9","+0017,1","+9999,9","99999,9",,"0010,3,1,001000,9,9","99,000,3,1","7,1,02,1","6,1,02,1","08,1,+01250,1,06,1",,"9,MSL   ,+99999,+99999","08,99,1,08,1,99,9,01250,1,99,9,99,9",,,"60,1","SYN11007590 416// 80000 10017 29080 76076 885// 91250 333 4/010 90750 93100 555 70160 8//// 11003 20400 ///// /////=",
"07590099999","2020-01-18T08:00:00","4","44.81","6.195333","1270.0","LES PORTES EN VALGAUDEMAR, FR","FM-12","99999","V020","999,9,C,9999,9","99999,9,9,N","999999,9,9,9","-0044,1","+9999,9","99999,9","24,0218,3,1","0025,3,1,002500,9,9","99,016,3,1","7,1,02,1","0,1,02,1","00,1,+99999,9,99,9",,"9,MSL   ,+99999,+99999","99,99,9,00,1,99,9,99999,9,99,9,99,9","240,M,+0031,1","240,N,-0056,1","00,1","SYN12807590 219// 00000 11044 29079 70070 80000 90710 333 10031 21056 4/025 70218 90768 93116 555 72130 8//// 11014 01600 00000 0000/=",
"07590099999","2020-01-19T13:00:00","4","44.81","6.195333","1270.0","LES PORTES EN VALGAUDEMAR, FR","FM-12","99999","V020","999,9,C,9999,9","22000,1,9,N","999999,9,9,9","+0000,1","+9999,9","99999,9",,"0021,3,1,002100,9,9","99,000,3,1","0,1,02,1","0,1,02,1","04,1,+00450,1,07,1",,"9,MSL   ,+99999,+99999","04,99,1,04,1,99,9,00450,1,99,9,99,9",,,"00,1","SYN11007590 414// 40000 10000 29071 70000 84600 91220 333 4/021 90750 93100 555 7//// 8//// 11022 00500 ///// /////=",
"07590099999","2020-01-20T08:00:00","4","44.81","6.195333","1270.0","LES PORTES EN VALGAUDEMAR, FR","FM-12","99999","V020","999,9,C,9999,9","99999,9,9,N","999999,9,9,9","-0068,1","+9999,9","99999,9","24,0000,9,1","0022,3,1,002200,9,9","99,000,3,1","0,1,02,1","0,1,02,1","08,1,+02250,1,03,1",,"9,MSL   ,+99999,+99999","08,99,1,08,1,99,9,02250,1,99,9,99,9","240,M,+0002,1","240,N,-0083,1","00,1","SYN12807590 218// 80000 11068 29071 70000 8803/ 90650 333 10002 21083 4/022 70000 90768 93100 555 7//// 8//// 11060 00500 ///// /////=",
"07590099999","2020-01-20T13:00:00","4","44.81","6.195333","1270.0","LES PORTES EN VALGAUDEMAR, FR","FM-12","99999","V020","999,9,C,9999,9","99999,9,9,N","999999,9,9,9","-0007,1","+9999,9","99999,9",,"0022,3,1,002200,9,9","99,000,3,1","0,1,02,1","0,1,02,1","08,1,+02250,1,03,1",,"9,MSL   ,+99999,+99999","08,99,1,08,1,99,9,02250,1,99,9,99,9",,,"00,1","SYN11007590 418// 80000 11007 29077 70000 8803/ 91220 333 4/022 90750 93100 555 7//// 8//// 11015 00500 ///// /////=",
"07590099999","2020-01-21T08:00:00","4","44.81","6.195333","1270.0","LES PORTES EN VALGAUDEMAR, FR","FM-12","99999","V020","999,9,C,9999,9","99999,9,9,N","999999,9,9,9","-0028,1","+9999,9","99999,9","24,0000,9,1","0021,3,1,002100,9,9","99,000,3,1","0,1,02,1","0,1,02,1","05,1,+02250,1,03,1",,"9,MSL   ,+99999,+99999","05,99,1,05,1,99,9,02250,1,99,9,99,9","240,M,+0004,1","240,N,-0068,1","00,1","SYN12807590 218// 50000 11028 29079 70000 85030 90650 333 10004 21068 4/021 70000 90768 93100 555 7//// 8//// 11012 10700 ///// /////=",
"07590099999","2020-01-21T13:00:00","4","44.81","6.195333","1270.0","LES PORTES EN VALGAUDEMAR, FR","FM-12","99999","V020","999,9,C,9999,9","99999,9,9,N","999999,9,9,9","+0024,1","+9999,9","99999,9",,"0020,3,1,002000,9,9","99,000,3,1","0,1,02,1","0,1,02,1","08,1,+01750,1,03,1",,"9,MSL   ,+99999,+99999","08,99,1,08,1,99,9,01750,1,99,9,99,9",,,"00,1","SYN11007590 417// 80000 10024 29077 70000 8803/ 91233 333 4/020 90750 93100 555 7//// 8//// 11008 20800 ///// /////=",
"07590099999","2020-01-22T13:00:00","4","44.81","6.195333","1270.0","LES PORTES EN VALGAUDEMAR, FR","FM-12","99999","V020","999,9,C,9999,9","99999,9,9,N","999999,9,9,9","+0068,1","+9999,9","99999,9",,"0020,3,1,002000,9,9","99,000,3,1","0,1,02,1","0,1,02,1","06,1,+99999,9,03,1",,"9,MSL   ,+99999,+99999","06,99,1,06,1,99,9,99999,9,99,9,99,9",,,"00,1","SYN11007590 419// 60000 10068 29051 70000 86030 91220 333 4/020 90750 93100 555 7//// 8//// 11007 21200 ///// /////=",
"07590099999","2020-01-23T13:00:00","4","44.81","6.195333","1270.0","LES PORTES EN VALGAUDEMAR, FR","FM-12","99999","V020","999,9,C,9999,9","99999,9,9,N","999999,9,9,9","+0111,1","+9999,9","99999,9",,"0018,3,1,001800,9,9","99,000,3,1","0,1,02,1","0,1,02,1","03,1,+99999,9,03,1","99,9,+99999,9,00,1","9,MSL   ,+99999,+99999","05,99,1,03,1,99,9,99999,9,99,9,99,9",,,"00,1","SYN11007590 419// 50000 10111 29046 70000 83032 91230 333 4/018 90750 93100 555 7//// 8//// 11007 21000 ///// /////=",
"07590099999","2020-01-24T08:00:00","4","44.81","6.195333","1270.0","LES PORTES EN VALGAUDEMAR, FR","FM-12","99999","V020","999,9,C,9999,9","99999,9,9,N","999999,9,9,9","+0016,1","+9999,9","99999,9","24,0000,9,1","0018,3,1,001800,9,9","99,000,3,1","0,1,02,1","0,1,02,1","03,1,+01750,1,06,1","99,9,+99999,9,03,1","9,MSL   ,+99999,+99999","05,99,1,03,1,99,9,01750,1,99,9,99,9","240,M,+0115,1","240,N,+0002,1","00,1","SYN12807590 217// 50000 10016 29079 70000 83530 90650 333 10115 20002 4/018 70000 90768 93100 555 7//// 8//// 11011 70000 ///// /////=",
"07590099999","2020-01-24T13:00:00","4","44.81","6.195333","1270.0","LES PORTES EN VALGAUDEMAR, FR","FM-12","99999","V020","999,9,C,9999,9","99999,9,9,N","999999,9,9,9","+0040,1","+9999,9","99999,9",,"0018,3,1,001800,9,9","99,000,3,1","0,1,02,1","0,1,02,1","08,1,+00450,1,07,1",,"9,MSL   ,+99999,+99999","08,99,1,08,1,99,9,00450,1,99,9,99,9",,,"00,1","SYN11007590 414// 80000 10040 29077 70000 886// 91230 333 4/018 90750 93100 555 7//// 8//// 11008 21100 ///// /////=",
"07590099999","2020-01-25T13:00:00","4","44.81","6.195333","1270.0","LES PORTES EN VALGAUDEMAR, FR","FM-12","99999","V020","999,9,C,9999,9","99999,9,9,N","999999,9,9,9","+0065,1","+9999,9","99999,9",,"0018,3,1,001800,9,9","99,000,3,1","0,1,02,1","0,1,02,1","03,1,+01250,1,06,1","99,9,+99999,9,03,1","9,MSL   ,+99999,+99999","05,99,1,03,1,99,9,01250,1,99,9,99,9",,,"00,1","SYN11007590 416// 50000 10065 29060 70000 83530 91240 333 4/018 90750 93100 555 7//// 8//// 11004 20800 ///// /////=",
"07590099999","2020-01-26T08:00:00","4","44.81","6.195333","1270.0","LES PORTES EN VALGAUDEMAR, FR","FM-12","99999","V020","999,9,C,9999,9","99999,9,9,N","999999,9,9,9","+0004,1","+9999,9","99999,9","24,0029,3,1","0023,3,1,002300,9,9","99,006,3,1","7,1,02,1","0,1,02,1","08,1,+00450,1,06,1",,"9,MSL   ,+99999,+99999","08,99,1,08,1,99,9,00450,1,99,9,99,9","240,M,+0071,1","240,N,-0015,1","00,1","SYN12807590 214// 80000 10004 29079 70070 885// 90650 333 10071 21015 4/023 70029 90768 93106 555 72127 8//// 11009 00600 ///// /////=",
"07590099999","2020-01-26T13:00:00","4","44.81","6.195333","1270.0","LES PORTES EN VALGAUDEMAR, FR","FM-12","99999","V020","999,9,C,9999,9","99999,9,9,N","999999,9,9,9","+0024,1","+9999,9","99999,9",,"0024,3,1,002400,9,9","99,003,3,1","7,1,02,1","6,1,02,1","08,1,+00450,1,06,1",,"9,MSL   ,+99999,+99999","08,99,1,08,1,99,9,00450,1,99,9,99,9",,,"60,1","SYN11007590 414// 80000 10024 29075 76076 885// 91220 333 4/024 90750 93103 555 70160 8//// 11007 21200 ///// /////=",
"07590099999","2020-01-27T08:00:00","4","44.81","6.195333","1270.0","LES PORTES EN VALGAUDEMAR, FR","FM-12","99999","V020","999,9,C,9999,9","99999,9,9,N","999999,9,9,9","-0025,1","+9999,9","99999,9","24,0039,3,1","0023,3,1,002300,9,9","99,001,3,1","7,1,02,1","6,1,02,1","00,1,+99999,9,99,9",,"9,MSL   ,+99999,+99999","99,99,9,00,1,99,9,99999,9,99,9,99,9","240,M,+0038,1","240,N,-0035,1","00,1","SYN12807590 219// 00000 11025 29079 70076 80000 90655 333 10038 21035 4/023 70039 90768 93101 555 70160 8//// 11014 80000 ///// /////=",
"07590099999","2020-01-27T13:00:00","4","44.81","6.195333","1270.0","LES PORTES EN VALGAUDEMAR, FR","FM-12","99999","V020","999,9,C,9999,9","99999,9,9,N","999999,9,9,9","+0039,1","+9999,9","99999,9",,"0023,3,1,002300,9,9","99,000,3,1","0,1,02,1","0,1,02,1","08,1,+01750,1,06,1",,"9,MSL   ,+99999,+99999","08,99,1,08,1,99,9,01750,1,99,9,99,9",,,"00,1","SYN11007590 417// 80000 10039 29060 70000 885// 91220 333 4/023 90750 93100 555 7//// 8//// 11010 20400 ///// /////=",
"07590099999","2020-01-28T08:00:00","4","44.81","6.195333","1270.0","LES PORTES EN VALGAUDEMAR, FR","FM-12","99999","V020","999,9,C,9999,9","99999,9,9,N","999999,9,9,9","+0008,1","+9999,9","99999,9","24,0120,3,1","0028,3,1,002800,9,9","99,007,3,1","7,1,02,1","6,1,02,1","08,1,+00450,1,07,1",,"9,MSL   ,+99999,+99999","08,99,1,08,1,99,9,00450,1,99,9,99,9","240,N,-0025,1",,"00,1","SYN12807590 214// 80000 10008 29/// 70076 886// 90650 333 1//// 21025 4/028 70120 90768 93107 555 70130 8//// 11010 21000 ///// /////=",
"07590099999","2020-01-28T13:00:00","4","44.81","6.195333","1270.0","LES PORTES EN VALGAUDEMAR, FR","FM-12","99999","V020","270,1,N,0070,1","99999,9,9,N","999999,9,9,9","+0033,1","+9999,9","99999,9",,"0026,3,1,002600,9,9","99,001,3,1","7,1,02,1","0,1,02,1","08,1,+00450,1,06,1",,"9,MSL   ,+99999,+99999","08,99,1,08,1,99,9,00450,1,99,9,99,9",,,"70,1","SYN11007590 414// 82707 10033 29068 77070 885// 91240 333 4/026 90750 93101 555 72130 8//// 11011 2170/ ///// /////=",
"07590099999","2020-01-29T13:00:00","4","44.81","6.195333","1270.0","LES PORTES EN VALGAUDEMAR, FR","FM-12","99999","V020","999,9,C,9999,9","99999,9,9,N","999999,9,9,9","+0037,1","+9999,9","99999,9",,"0028,3,1,002800,9,9","99,000,3,1","7,1,02,1","0,1,02,1","08,1,+00450,1,07,1",,"9,MSL   ,+99999,+99999","08,99,1,08,1,99,9,00450,1,99,9,99,9",,,"00,1","SYN11007590 414// 80000 10037 29075 70070 886// 91240 333 4/028 90750 93100 555 72125 8//// 11007 22800 ///// /////=",
"07590099999","2020-01-30T08:00:00","4","44.81","6.195333","1270.0","LES PORTES EN VALGAUDEMAR, FR","FM-12","99999","V020","999,9,C,9999,9","99999,9,9,N","999999,9,9,9","-0020,1","+9999,9","99999,9","24,0012,3,1","0028,3,1,002800,9,9","99,000,3,1","0,1,02,1","0,1,02,1","00,1,+99999,9,99,9",,"9,MSL   ,+99999,+99999","99,99,9,00,1,99,9,99999,9,99,9,99,9","240,M,+0050,1","240,N,-0034,1","00,1","SYN12807590 219// 00000 11020 29073 70000 80000 90650 333 10050 21034 4/028 70012 90768 93100 555 7//// 8//// 11011 70100 ///// /////=",
"07590099999","2020-01-30T13:00:00","4","44.81","6.195333","1270.0","LES PORTES EN VALGAUDEMAR, FR","FM-12","99999","V020","999,9,C,9999,9","99999,9,9,N","999999,9,9,9","+0080,1","+9999,9","99999,9",,"0028,3,1,002800,9,9","99,000,3,1","0,1,02,1","0,1,02,1","08,1,+99999,9,03,1",,"9,MSL   ,+99999,+99999","08,99,1,08,1,99,9,99999,9,99,9,99,9",,,"00,1","SYN11007590 419// 80000 10080 29068 70000 8803/ 91230 333 4/028 90750 93100 555 7//// 8//// 11009 20700 ///// /////=",
"07590099999","2020-01-31T08:00:00","4","44.81","6.195333","1270.0","LES PORTES EN VALGAUDEMAR, FR","FM-12","99999","V020","999,9,C,9999,9","22000,1,9,N","999999,9,9,9","+0019,1","+9999,9","99999,9","24,0002,3,1","0027,3,1,002700,9,9","99,000,3,1","6,1,02,1","0,1,02,1","01,1,+01250,1,07,1","99,9,+99999,9,00,1","9,MSL   ,+99999,+99999","04,99,1,01,1,99,9,01250,1,99,9,99,9","240,M,+0092,1","240,N,-0020,1","00,1","SYN12807590 216// 40000 10019 29078 70060 81602 90650 333 10092 21020 4/027 70002 90768 93100 555 71140 8//// 11012 70000 ///// /////=",
"07590099999","2020-01-31T13:00:00","4","44.81","6.195333","1270.0","LES PORTES EN VALGAUDEMAR, FR","FM-12","99999","V020","999,9,C,9999,9","99999,9,9,N","999999,9,9,9","+0094,1","+9999,9","99999,9",,"0027,3,1,002700,9,9","99,000,3,1","0,1,02,1","0,1,02,1","00,1,+99999,9,99,9",,"9,MSL   ,+99999,+99999","99,99,9,00,1,99,9,99999,9,99,9,99,9",,,"00,1","SYN11007590 419// 00000 10094 29064 70000 80000 91230 333 4/027 90750 93100 555 7//// 8//// 11005 21800 ///// /////=",
"07590099999","2020-02-01T08:00:00","4","44.81","6.195333","1270.0","LES PORTES EN VALGAUDEMAR, FR","FM-12","99999","V020","999,9,C,9999,9","99999,9,9,N","999999,9,9,9","+0027,1","+9999,9","99999,9","24,0000,9,1","0026,3,1,002600,9,9","99,000,3,1","0,1,02,1","0,1,02,1","00,1,+99999,9,99,9",,"9,MSL   ,+99999,+99999","99,99,9,00,1,99,9,99999,9,99,9,99,9","240,M,+0105,1","240,N,+0003,1","00,1","SYN12807590 219// 00000 10027 29079 70000 80000 90645 333 10105 20003 4/026 70000 90768 93100 555 7//// 8//// 11008 80000 ///// /////=",
"07590099999","2020-02-01T13:00:00","4","44.81","6.195333","1270.0","LES PORTES EN VALGAUDEMAR, FR","FM-12","99999","V020","999,9,C,9999,9","99999,9,9,N","999999,9,9,9","+0054,1","+9999,9","99999,9",,"0026,3,1,002600,9,9","99,000,3,1","6,1,02,1","0,1,02,1","08,1,+00800,1,06,1",,"9,MSL   ,+99999,+99999","08,99,1,08,1,99,9,00800,1,99,9,99,9",,,"60,1","SYN11007590 415// 80000 10054 29079 76060 885// 91230 333 4/026 90750 93100 555 70180 8//// 11003 22400 ///// /////=",
"07590099999","2020-02-02T08:00:00","4","44.81","6.195333","1270.0","LES PORTES EN VALGAUDEMAR, FR","FM-12","99999","V020","999,9,C,9999,9","22000,1,9,N","999999,9,9,9","+0033,1","+9999,9","99999,9","24,0034,3,1","0025,3,1,002500,9,9","99,000,3,1","6,1,02,1","0,1,02,1","03,1,+01250,1,06,1",,"9,MSL   ,+99999,+99999","03,99,1,03,1,99,9,01250,1,99,9,99,9","240,M,+0088,1","240,N,+0027,1","00,1","SYN12807590 216// 30000 10033 29077 70060 83500 90650 333 10088 20027 4/025 70034 90768 93100 555 71180 8//// 11005 70000 ///// /////=",
"07590099999","2020-02-02T13:00:00","4","44.81","6.195333","1270.0","LES PORTES EN VALGAUDEMAR, FR","FM-12","99999","V020","999,9,C,9999,9","99999,9,9,N","999999,9,9,9","+0068,1","+9999,9","99999,9",,"0024,3,1,002400,9,9","99,000,3,1","6,1,02,1","0,1,02,1","08,1,+00450,1,06,1",,"9,MSL   ,+99999,+99999","08,99,1,08,1,99,9,00450,1,99,9,99,9",,,"60,1","SYN11007590 414// 80000 10068 29071 76060 885// 91220 333 4/024 90750 93100 555 71180 8//// 11003 22400 ///// /////=",
"07590099999","2020-02-03T08:00:00","4","44.81","6.195333","1270.0","LES PORTES EN VALGAUDEMAR, FR","FM-12","99999","V020","999,9,C,9999,9","22000,1,9,N","999999,9,9,9","+0049,1","+9999,9","99999,9","24,0152,3,1","0022,3,1,002200,9,9","99,000,3,1","6,1,02,1","0,1,02,1","04,1,+99999,9,03,1",,"9,MSL   ,+99999,+99999","04,99,1,04,1,99,9,99999,9,99,9,99,9","240,M,+0072,1","240,N,+0033,1","00,1","SYN12807590 219// 40000 10049 29077 70060 84030 90645 333 10072 20033 4/022 70152 90768 93100 555 70200 8//// 11003 22200 ///// /////=",
"07590099999","2020-02-03T13:00:00","4","44.81","6.195333","1270.0","LES PORTES EN VALGAUDEMAR, FR","FM-12","99999","V020","999,9,C,9999,9","22000,1,9,N","999999,9,9,9","+0140,1","+9999,9","99999,9",,"0022,3,1,002200,9,9","99,000,3,1","0,1,02,1","0,1,02,1","03,1,+99999,9,03,1",,"9,MSL   ,+99999,+99999","03,99,1,03,1,99,9,99999,9,99,9,99,9",,,"00,1","SYN11007590 419// 30000 10140 29054 70000 83030 91220 333 4/022 90750 93100 555 7//// 8//// 11003 22200 32932 0000/=",
"07590099999","2020-02-04T08:00:00","4","44.81","6.195333","1270.0","LES PORTES EN VALGAUDEMAR, FR","FM-12","99999","V020","999,9,C,9999,9","22000,1,9,N","999999,9,9,9","+0030,1","+9999,9","99999,9","24,0006,3,1","0021,3,1,002100,9,9","99,000,3,1","6,1,02,1","0,1,02,1","03,1,+01250,1,06,1",,"9,MSL   ,+99999,+99999","03,99,1,03,1,99,9,01250,1,99,9,99,9","240,M,+0143,1","240,N,+0014,1","00,1","SYN12807590 216// 30000 10030 29075 70060 83500 90645 333 10143 20014 4/021 70006 90768 93100 555 7//// 8//// 11004 22100 ///// /////=",
"07590099999","2020-02-04T13:00:00","4","44.81","6.195333","1270.0","LES PORTES EN VALGAUDEMAR, FR","FM-12","99999","V020","999,9,C,9999,9","99999,9,9,N","999999,9,9,9","+0015,1","+9999,9","99999,9",,"0021,3,1,002100,9,9","99,000,3,1","0,1,02,1","0,1,02,1","08,1,+00450,1,06,1",,"9,MSL   ,+99999,+99999","08,99,1,08,1,99,9,00450,1,99,9,99,9",,,"16,1","SYN11007590 414// 80000 10015 29068 71600 885// 91230 333 4/021 90750 93100 555 70160 8//// 11004 22100 ///// /////=",
"07590099999","2020-02-05T08:00:00","4","44.81","6.195333","1270.0","LES PORTES EN VALGAUDEMAR, FR","FM-12","99999","V020","999,9,C,9999,9","99999,9,9,N","999999,9,9,9","-0038,1","+9999,9","99999,9","24,0011,3,1","0021,3,1,002100,9,9","99,002,3,1","7,1,02,1","0,1,02,1","08,1,+00450,1,07,1",,"9,MSL   ,+99999,+99999","08,99,1,08,1,99,9,00450,1,99,9,99,9","240,M,+0030,1","240,N,-0049,1","00,1","SYN12807590 214// 80000 11038 29076 70070 886// 90645 333 10030 21049 4/021 70011 90768 93102 555 72127 8//// 11019 00200 ///// /////=",
"07590099999","2020-02-05T13:00:00","4","44.81","6.195333","1270.0","LES PORTES EN VALGAUDEMAR, FR","FM-12","99999","V020","360,1,N,0020,1","99999,9,9,N","999999,9,9,9","+0036,1","+9999,9","99999,9",,"0021,3,1,002100,9,9","99,000,3,1","0,1,02,1","0,1,02,1","00,1,+99999,9,99,9",,"9,MSL   ,+99999,+99999","99,99,9,00,1,99,9,99999,9,99,9,99,9",,,"00,1","SYN11007590 419// 03602 10036 29051 70000 80000 91245 333 4/021 90750 93100 555 7//// 8//// 11009 20305 00000 0000/=",
"07590099999","2020-02-06T08:00:00","4","44.81","6.195333","1270.0","LES PORTES EN VALGAUDEMAR, FR","FM-12","99999","V020","999,9,C,9999,9","22000,1,9,N","999999,9,9,9","-0039,1","+9999,9","99999,9","24,0000,9,1","0020,3,1,002000,9,9","99,000,3,1","0,1,02,1","0,1,02,1","99,9,+99999,9,00,1",,"9,MSL   ,+99999,+99999","01,99,1,00,1,99,9,99999,9,99,9,99,9","240,M,+0051,1","240,N,-0048,1","00,1","SYN12807590 219// 10000 11039 29077 70000 80002 90700 333 10051 21048 4/020 70000 90768 93100 555 7//// 8//// 11017 00100 ///// /////=","Q01    003SCCGA1"
"07590099999","2020-02-06T13:00:00","4","44.81","6.195333","1270.0","LES PORTES EN VALGAUDEMAR, FR","FM-12","99999","V020","999,9,C,9999,9","99999,9,9,N","999999,9,9,9","+0050,1","+9999,9","99999,9",,"0020,3,1,002000,9,9","99,000,3,1","0,1,02,1","0,1,02,1","99,9,+99999,9,00,1",,"9,MSL   ,+99999,+99999","06,99,1,00,1,99,9,99999,9,99,9,99,9",,,"00,1","SYN11007590 419// 60000 10050 29061 70000 80002 91250 333 4/020 90750 93100 555 7//// 8//// 11011 20400 00000 00002=","Q01    003SCCGA1"
"07590099999","2020-02-07T13:00:00","4","44.81","6.195333","1270.0","LES PORTES EN VALGAUDEMAR, FR","FM-12","99999","V020","999,9,C,9999,9","99999,9,9,N","999999,9,9,9","+0092,1","+9999,9","99999,9",,"0020,3,1,002000,9,9","99,000,3,1","0,1,02,1","0,1,02,1","00,1,+99999,9,99,9",,"9,MSL   ,+99999,+99999","99,99,9,00,1,99,9,99999,9,99,9,99,9",,,"00,1","SYN11007590 419// 00000 10092 29041 70000 80000 91240 333 4/020 90750 93100 555 7//// 8//// 11005 21000 00000 0000/=",
"07590099999","2020-02-08T08:00:00","4","44.81","6.195333","1270.0","LES PORTES EN VALGAUDEMAR, FR","FM-12","99999","V020","999,9,C,9999,9","22000,1,9,N","999999,9,9,9","-0001,1","+9999,9","99999,9","24,0000,9,1","0018,3,1,001800,9,9","99,000,3,1","0,1,02,1","0,1,02,1","03,1,+99999,9,03,1",,"9,MSL   ,+99999,+99999","03,99,1,03,1,99,9,99999,9,99,9,99,9","240,M,+0107,1","240,N,-0023,1","00,1","SYN12807590 219// 30000 11001 29060 70000 83030 90645 333 10107 21023 4/018 70000 90768 93100 555 7//// 8//// 11008 80000 00000 00001=",
"07590099999","2020-02-08T13:00:00","4","44.81","6.195333","1270.0","LES PORTES EN VALGAUDEMAR, FR","FM-12","99999","V020","999,9,C,9999,9","99999,9,9,N","999999,9,9,9","+0104,1","+9999,9","99999,9",,"0018,3,1,001800,9,9","99,000,3,1","0,1,02,1","0,1,02,1","00,1,+99999,9,99,9",,"9,MSL   ,+99999,+99999","99,99,9,00,1,99,9,99999,9,99,9,99,9",,,"00,1","SYN11007590 419// 00000 10104 29035 70000 80000 91240 333 4/018 90750 93100 555 7//// 8//// 11005 21200 ///// /////=",
"07590099999","2020-02-09T13:00:00","4","44.81","6.195333","1270.0","LES PORTES EN VALGAUDEMAR, FR","FM-12","99999","V020","999,9,C,9999,9","99999,9,9,N","999999,9,9,9","+0074,1","+9999,9","99999,9",,"0018,3,1,001800,9,9","99,000,3,1","0,1,02,1","0,1,02,1","00,1,+99999,9,99,9",,"9,MSL   ,+99999,+99999","99,99,9,00,1,99,9,99999,9,99,9,99,9",,,"00,1","SYN11007590 419// 00000 10074 29049 70000 80000 91215 333 4/018 90750 93100 555 7//// 8//// 11008 21000 ///// /////=",
"07590099999","2020-02-10T08:00:00","4","44.81","6.195333","1270.0","LES PORTES EN VALGAUDEMAR, FR","FM-12","99999","V020","220,1,N,0020,1","99999,9,9,N","999999,9,9,9","+0025,1","+9999,9","99999,9","24,0031,3,1","0018,3,1,001800,9,9","99,000,3,1","6,1,02,1","0,1,02,1","08,1,+00800,1,06,1",,"9,MSL   ,+99999,+99999","08,99,1,08,1,99,9,00800,1,99,9,99,9","240,M,+0096,1","240,N,-0027,1","00,1","SYN12807590 215// 82202 10025 29079 70060 885// 90640 333 10096 21027 4/018 70031 90768 93100 555 71200 8//// 11006 2100/ ///// /////=",
"07590099999","2020-02-10T13:00:00","4","44.81","6.195333","1270.0","LES PORTES EN VALGAUDEMAR, FR","FM-12","99999","V020","220,1,N,0020,1","22000,1,9,N","999999,9,9,9","+0104,1","+9999,9","99999,9",,"0017,3,1,001700,9,9","99,000,3,1","0,1,02,1","0,1,02,1","04,1,+01250,1,06,1",,"9,MSL   ,+99999,+99999","04,99,1,04,1,99,9,01250,1,99,9,99,9",,,"00,1","SYN11007590 416// 42202 10104 29042 70000 84500 91220 333 4/017 90750 93100 555 7//// 8//// 11005 2110/ ///// /////=",
"07590099999","2020-02-11T13:00:00","4","44.81","6.195333","1270.0","LES PORTES EN VALGAUDEMAR, FR","FM-12","99999","V020","999,9,C,9999,9","99999,9,9,N","999999,9,9,9","+0052,1","+9999,9","99999,9",,"0014,3,1,001400,9,9","99,000,3,1","7,1,02,1","0,1,02,1","05,1,+01250,1,06,1",,"9,MSL   ,+99999,+99999","05,99,1,05,1,99,9,01250,1,99,9,99,9",,,"00,1","SYN11007590 416// 50000 10052 29070 70070 85500 91235 333 4/014 90750 93100 555 70127 8//// 11005 20900 ///// /////=",
"07590099999","2020-02-12T13:00:00","4","44.81","6.195333","1270.0","LES PORTES EN VALGAUDEMAR, FR","FM-12","99999","V020","360,1,N,0020,1","99999,9,9,N","999999,9,9,9","+0044,1","+9999,9","99999,9",,"0014,3,1,001400,9,9","99,000,3,1","0,1,02,1","0,1,02,1","00,1,+99999,9,99,9",,"9,MSL   ,+99999,+99999","99,99,9,00,1,99,9,99999,9,99,9,99,9",,,"00,1","SYN11007590 419// 03602 10044 29053 70000 80000 91240 333 4/014 90750 93100 555 7//// 8//// 11009 20300 ///// /////=",
"07590099999","2020-02-13T13:00:00","4","44.81","6.195333","1270.0","LES PORTES EN VALGAUDEMAR, FR","FM-12","99999","V020","999,9,C,9999,9","99999,9,9,N","999999,9,9,9","+0015,1","+9999,9","99999,9",,"0012,3,1,001200,9,9","99,001,3,1","7,1,02,1","0,1,02,1","08,1,+00450,1,06,1",,"9,MSL   ,+99999,+99999","08,99,1,08,1,99,9,00450,1,99,9,99,9",,,"70,1","SYN11007590 414// 80000 10015 29076 77070 885// 91250 333 4/012 90750 93101 555 72130 8//// 11006 80000 ///// /////=",
"07590099999","2020-02-14T13:00:00","4","44.81","6.195333","1270.0","LES PORTES EN VALGAUDEMAR, FR","FM-12","99999","V020","999,9,C,9999,9","22000,1,9,N","999999,9,9,9","+0060,1","+9999,9","99999,9",,"0014,3,1,001400,9,9","99,000,3,1","0,1,02,1","0,1,02,1","01,1,+01750,1,07,1",,"9,MSL   ,+99999,+99999","01,99,1,01,1,99,9,01750,1,99,9,99,9",,,"00,1","SYN11007590 417// 10000 10060 29058 70000 81600 91220 333 4/014 90750 93100 555 7//// 8//// 11005 20800 ///// /////=",
"07590099999","2020-02-15T13:00:00","4","44.81","6.195333","1270.0","LES PORTES EN VALGAUDEMAR, FR","FM-12","99999","V020","999,9,C,9999,9","99999,9,9,N","999999,9,9,9","+0130,1","+9999,9","99999,9",,"0014,3,1,001400,9,9","99,000,3,1","0,1,02,1","0,1,02,1","00,1,+99999,9,99,9",,"9,MSL   ,+99999,+99999","99,99,9,00,1,99,9,99999,9,99,9,99,9",,,"00,1","SYN11007590 419// 00000 10130 29027 70000 80000 91230 333 4/014 90750 93100 555 7//// 8//// 11004 20800 ///// /////=",
"07590099999","2020-02-16T13:00:00","4","44.81","6.195333","1270.0","LES PORTES EN VALGAUDEMAR, FR","FM-12","99999","V020","999,9,C,9999,9","22000,1,9,N","999999,9,9,9","+0138,1","+9999,9","99999,9",,"0012,3,1,001200,9,9","99,000,3,1","0,1,02,1","0,1,02,1","99,9,+99999,9,00,1",,"9,MSL   ,+99999,+99999","04,99,1,00,1,99,9,99999,9,99,9,99,9",,,"00,1","SYN11007590 419// 40000 10138 29038 70000 80002 91220 333 4/012 90750 93100 555 7//// 8//// 11003 21200 ///// /////=","Q01    003SCCGA1"
"07590099999","2020-02-17T13:00:00","4","44.81","6.195333","1270.0","LES PORTES EN VALGAUDEMAR, FR","FM-12","99999","V020","999,9,C,9999,9","99999,9,9,N","999999,9,9,9","+0068,1","+9999,9","99999,9",,"0010,3,1,001000,9,9","99,000,3,1","0,1,02,1","0,1,02,1","08,1,+01250,1,06,1",,"9,MSL   ,+99999,+99999","08,99,1,08,1,99,9,01250,1,99,9,99,9",,,"00,1","SYN11007590 416// 80000 10068 29076 70000 885// 91230 333 4/010 90750 93100 555 7//// 8//// 11002 50600 ///// /////=",
"07590099999","2020-02-18T13:00:00","4","44.81","6.195333","1270.0","LES PORTES EN VALGAUDEMAR, FR","FM-12","99999","V020","999,9,C,9999,9","22000,1,9,N","999999,9,9,9","+0056,1","+9999,9","99999,9",,"0008,3,1,000800,9,9","99,000,3,1","0,1,02,1","0,1,02,1","02,1,+00800,1,07,1",,"9,MSL   ,+99999,+99999","02,99,1,02,1,99,9,00800,1,99,9,99,9",,,"00,1","SYN11007590 415// 20000 10056 29063 70000 82600 91230 333 4/008 90750 93100 555 7//// 8//// 1//// 20600 ///// /////=",
"07590099999","2020-02-19T08:00:00","4","44.81","6.195333","1270.0","LES PORTES EN VALGAUDEMAR, FR","FM-12","99999","V020","999,9,C,9999,9","99999,9,9,N","999999,9,9,9","-0029,1","+9999,9","99999,9","24,0000,9,1","0008,3,1,000800,9,9","99,000,3,1","0,1,02,1","0,1,02,1","05,1,+01250,1,07,1",,"9,MSL   ,+99999,+99999","05,99,1,05,1,99,9,01250,1,99,9,99,9","240,M,+0059,1","240,N,-0033,1","00,1","SYN12807590 216// 50000 11029 29080 70000 85600 90645 333 10059 21033 4/008 70000 90768 93100 555 7//// 8//// 1//// 80000 ///// /////=",
"07590099999","2020-02-19T13:00:00","4","44.81","6.195333","1270.0","LES PORTES EN VALGAUDEMAR, FR","FM-12","99999","V020","999,9,C,9999,9","99999,9,9,N","999999,9,9,9","+0008,1","+9999,9","99999,9",,"0008,3,1,000800,9,9","99,000,3,1","7,1,02,1","0,1,02,1","08,1,+00450,1,06,1",,"9,MSL   ,+99999,+99999","08,99,1,08,1,99,9,00450,1,99,9,99,9",,,"70,1","SYN11007590 414// 80000 10008 29072 77070 885// 91230 333 4/008 90750 93100 555 72130 8//// 1//// ///00 ///// /////=",
"07590099999","2020-02-20T08:00:00","4","44.81","6.195333","1270.0","LES PORTES EN VALGAUDEMAR, FR","FM-12","99999","V020","999,9,C,9999,9","99999,9,9,N","999999,9,9,9","-0028,1","+9999,9","99999,9","24,0001,3,1","0007,3,1,000700,9,9","99,000,3,1","0,1,02,1","0,1,02,1","00,1,+99999,9,99,9",,"9,MSL   ,+99999,+99999","99,99,9,00,1,99,9,99999,9,99,9,99,9","240,M,+0025,1","240,N,-0039,1","00,1","SYN12807590 219// 00000 11028 29080 70000 80000 90640 333 10025 21039 4/007 70001 90768 93100 555 7//// 8//// 1//// 80000 ///// /////=",
"07590099999","2020-02-20T13:00:00","4","44.81","6.195333","1270.0","LES PORTES EN VALGAUDEMAR, FR","FM-12","99999","V020","999,9,C,9999,9","99999,9,9,N","999999,9,9,9","+0085,1","+9999,9","99999,9",,"0007,3,1,000700,9,9","99,000,3,1","0,1,02,1","0,1,02,1","00,1,+99999,9,99,9",,"9,MSL   ,+99999,+99999","99,99,9,00,1,99,9,99999,9,99,9,99,9",,,"00,1","SYN11007590 419// 00000 10085 29040 70000 80000 91235 333 4/007 90750 93100 555 7//// 8//// 1//// 50700 ///// /////=",
"07590099999","2020-02-21T08:00:00","4","44.81","6.195333","1270.0","LES PORTES EN VALGAUDEMAR, FR","FM-12","99999","V020","999,9,C,9999,9","99999,9,9,N","999999,9,9,9","-0015,1","+9999,9","99999,9","24,0000,9,1","0004,3,1,000400,9,9","99,000,3,1","0,1,02,1","0,1,02,1","00,1,+99999,9,99,9",,"9,MSL   ,+99999,+99999","99,99,9,00,1,99,9,99999,9,99,9,99,9","240,M,+0106,1","240,N,-0028,1","00,1","SYN12807590 219// 00000 11015 29079 70000 80000 90630 333 10106 21028 4/004 70000 90768 93100 555 7//// 8//// 1//// 80000 ///// /////=",
"07590099999","2020-02-21T13:00:00","4","44.81","6.195333","1270.0","LES PORTES EN VALGAUDEMAR, FR","FM-12","99999","V020","999,9,C,9999,9","22000,1,9,N","999999,9,9,9","+0071,1","+9999,9","99999,9",,"0004,3,1,000400,9,9","99,000,3,1","0,1,02,1","0,1,02,1","99,9,+99999,9,00,1",,"9,MSL   ,+99999,+99999","04,99,1,00,1,99,9,99999,9,99,9,99,9",,,"00,1","SYN11007590 419// 40000 10071 29055 70000 80002 91230 333 4/004 90750 93100 555 7//// 8//// 1//// 50400 ///// /////=","Q01    003SCCGA1"
"07590099999","2020-02-22T08:00:00","4","44.81","6.195333","1270.0","LES PORTES EN VALGAUDEMAR, FR","FM-12","99999","V020","999,9,C,9999,9","99999,9,9,N","999999,9,9,9","-0014,1","+9999,9","99999,9","24,0000,9,1","0002,3,1,000200,9,9","99,000,3,1","0,1,02,1","0,1,02,1","00,1,+99999,9,99,9",,"9,MSL   ,+99999,+99999","99,99,9,00,1,99,9,99999,9,99,9,99,9","240,M,+0086,1","240,N,-0024,1","00,1","SYN12807590 219// 00000 11014 29079 70000 80000 90640 333 10086 21024 4/002 70000 90768 93100 555 7//// 8//// 1//// 80200 ///// /////=",
"07590099999","2020-02-22T13:00:00","4","44.81","6.195333","1270.0","LES PORTES EN VALGAUDEMAR, FR","FM-12","99999","V020","999,9,C,9999,9","22000,1,9,N","999999,9,9,9","+0124,1","+9999,9","99999,9",,"0002,3,1,000200,9,9","99,000,3,1","0,1,02,1","0,1,02,1","99,9,+99999,9,00,1",,"9,MSL   ,+99999,+99999","02,99,1,00,1,99,9,99999,9,99,9,99,9",,,"00,1","SYN11007590 419// 20000 10124 29031 70000 80002 91220 333 4/002 90750 93100 555 7//// 8//// 1//// 50200 ///// /////=","Q01    003SCCGA1"
"07590099999","2020-02-23T08:00:00","4","44.81","6.195333","1270.0","LES PORTES EN VALGAUDEMAR, FR","FM-12","99999","V020","999,9,C,9999,9","99999,9,9,N","999999,9,9,9","+0033,1","+9999,9","99999,9","24,0000,9,1","9999,1,9,999999,9,9","99,000,3,1","0,1,02,1","0,1,02,1","00,1,+99999,9,99,9",,"9,MSL   ,+99999,+99999","99,99,9,00,1,99,9,99999,9,99,9,99,9","240,M,+0136,1","240,N,-0014,1","00,1","SYN12807590 219// 00000 10033 29065 70000 80000 90650 333 10136 21014 4/000 70000 90768 93100 555 7//// 8//// 1//// ///00 ///// /////=",
"07590099999","2020-02-23T13:00:00","4","44.81","6.195333","1270.0","LES PORTES EN VALGAUDEMAR, FR","FM-12","99999","V020","999,9,C,9999,9","22000,1,9,N","999999,9,9,9","+0142,1","+9999,9","99999,9",,"9999,1,9,999999,9,9","99,000,3,1","0,1,02,1","0,1,02,1","99,9,+99999,9,00,1",,"9,MSL   ,+99999,+99999","02,99,1,00,1,99,9,99999,9,99,9,99,9",,,"00,1","SYN11007590 419// 20000 10142 29035 70000 80002 91235 333 4/000 90750 93100 555 7//// 8//// 1//// ///00 ///// /////=","Q01    003SCCGA1"
"07590099999","2020-02-24T13:00:00","4","44.81","6.195333","1270.0","LES PORTES EN VALGAUDEMAR, FR","FM-12","99999","V020","999,9,C,9999,9","99999,9,9,N","999999,9,9,9","+0146,1","+9999,9","99999,9",,"9999,1,9,999999,9,9","99,000,3,1","0,1,02,1","0,1,02,1","00,1,+99999,9,99,9",,"9,MSL   ,+99999,+99999","99,99,9,00,1,99,9,99999,9,99,9,99,9",,,"00,1","SYN11007590 419// 00000 10146 29036 70000 80000 91230 333 4/000 90750 93100 555 7//// 8//// 1//// ///00 ///// /////=",
"07590099999","2020-02-25T13:00:00","4","44.81","6.195333","1270.0","LES PORTES EN VALGAUDEMAR, FR","FM-12","99999","V020","999,9,C,9999,9","99999,9,9,N","999999,9,9,9","+0106,1","+9999,9","99999,9",,"9999,1,9,999999,9,9","99,000,3,1","0,1,02,1","0,1,02,1","08,1,+01750,1,06,1",,"9,MSL   ,+99999,+99999","08,99,1,08,1,99,9,01750,1,99,9,99,9",,,"00,1","SYN11007590 417// 80000 10106 29046 70000 885// 91230 333 4/000 90750 93100 555 7//// 8//// 1//// ///00 ///// /////=",
"07590099999","2020-02-26T08:00:00","4","44.81","6.195333","1270.0","LES PORTES EN VALGAUDEMAR, FR","FM-12","99999","V020","270,1,N,0020,1","99999,9,9,N","999999,9,9,9","+0002,1","+9999,9","99999,9","24,0052,3,1","0002,3,1,000200,9,9","99,002,3,1","7,1,02,1","6,1,02,1","08,1,+01250,1,06,1",,"9,MSL   ,+99999,+99999","08,99,1,08,1,99,9,01250,1,99,9,99,9","240,M,+0108,1","240,N,-0012,1","70,1","SYN12807590 216// 82702 10002 29072 77076 885// 90645 333 10108 21012 4/002 70052 90768 93102 555 70170 8//// 1//// ///0/ ///// /////=",
"07590099999","2020-02-26T13:00:00","4","44.81","6.195333","1270.0","LES PORTES EN VALGAUDEMAR, FR","FM-12","99999","V020","250,1,N,0020,1","99999,9,9,N","999999,9,9,9","-0032,1","+9999,9","99999,9",,"0004,3,1,000400,9,9","99,003,3,1","7,1,02,1","0,1,02,1","08,1,+00250,1,06,1",,"9,MSL   ,+99999,+99999","08,99,1,08,1,99,9,00250,1,99,9,99,9",,,"70,1","SYN11007590 413// 82502 11032 29075 77070 885// 91245 333 4/004 90750 93103 555 72120 8//// 1//// ///0/ ///// /////=",
"07590099999","2020-02-27T08:00:00","4","44.81","6.195333","1270.0","LES PORTES EN VALGAUDEMAR, FR","FM-12","99999","V020","999,9,C,9999,9","99999,9,9,N","999999,9,9,9","-0077,1","+9999,9","99999,9","24,0066,3,1","0011,3,1,001100,9,9","99,009,3,1","7,1,02,1","0,1,02,1","00,1,+99999,9,99,9",,"9,MSL   ,+99999,+99999","99,99,9,00,1,99,9,99999,9,99,9,99,9","240,M,-0028,1","240,N,-0082,1","00,1","SYN12807590 219// 00000 11077 29080 70070 80000 90630 333 11028 21082 4/011 70066 90768 93109 555 72127 8//// 1//// ///00 ///// /////=",
"07590099999","2020-02-27T13:00:00","4","44.81","6.195333","1270.0","LES PORTES EN VALGAUDEMAR, FR","FM-12","99999","V020","999,9,C,9999,9","99999,9,9,N","999999,9,9,9","-0039,1","+9999,9","99999,9",,"0021,3,1,002100,9,9","99,008,3,1","7,1,02,1","0,1,02,1","08,1,+00150,1,06,1",,"9,MSL   ,+99999,+99999","08,99,1,08,1,99,9,00150,1,99,9,99,9",,,"70,1","SYN11007590 412// 80000 11039 29076 77070 885// 91220 333 4/021 90750 93108 555 72127 8//// 11037 02100 ///// /////=",
"07590099999","2020-02-28T08:00:00","4","44.81","6.195333","1270.0","LES PORTES EN VALGAUDEMAR, FR","FM-12","99999","V020","999,9,C,9999,9","99999,9,9,N","999999,9,9,9","-0062,1","+9999,9","99999,9","24,0281,3,1","0032,3,1,003200,9,9","99,023,3,1","7,1,02,1","0,1,02,1","00,1,+99999,9,99,9",,"9,MSL   ,+99999,+99999","99,99,9,00,1,99,9,99999,9,99,9,99,9","240,M,-0026,1","240,N,-0076,1","00,1","SYN12807590 219// 00000 11062 29079 70070 80000 90645 333 11026 21076 4/032 70281 90768 93123 555 72130 8//// 11044 03200 ///// /////=",
"07590099999","2020-02-28T13:00:00","4","44.81","6.195333","1270.0","LES PORTES EN VALGAUDEMAR, FR","FM-12","99999","V020","999,9,C,9999,9","22000,1,9,N","999999,9,9,9","+0061,1","+9999,9","99999,9",,"0031,3,1,003100,9,9","99,000,3,1","0,1,02,1","0,1,02,1","03,1,+99999,9,03,1",,"9,MSL   ,+99999,+99999","03,99,1,03,1,99,9,99999,9,99,9,99,9",,,"00,1","SYN11007590 419// 30000 10061 29043 70000 83030 91230 333 4/031 90750 93100 555 7//// 8//// 11011 23100 00000 /////=",
"07590099999","2020-02-29T13:00:00","4","44.81","6.195333","1270.0","LES PORTES EN VALGAUDEMAR, FR","FM-12","99999","V020","999,9,C,9999,9","99999,9,9,N","999999,9,9,9","+0048,1","+9999,9","99999,9",,"0023,3,1,002300,9,9","99,000,3,1","6,1,02,1","0,1,02,1","08,1,+00800,1,06,1",,"9,MSL   ,+99999,+99999","08,99,1,08,1,99,9,00800,1,99,9,99,9",,,"60,1","SYN11007590 415// 80000 10048 29076 76060 885// 91230 333 4/023 90750 93100 555 71150 8//// 11009 22300 ///// /////=",
"07590099999","2020-03-01T08:00:00","4","44.81","6.195333","1270.0","LES PORTES EN VALGAUDEMAR, FR","FM-12","99999","V020","999,9,C,9999,9","99999,9,9,N","999999,9,9,9","+0011,1","+9999,9","99999,9","24,0213,3,1","0017,3,1,001700,9,9","99,001,3,1","7,1,02,1","6,1,02,1","03,1,+01250,1,07,1","99,9,+99999,9,03,1","9,MSL   ,+99999,+99999","08,99,1,03,1,99,9,01250,1,99,9,99,9","240,M,+0052,1","240,N,-0028,1","00,1","SYN12807590 216// 80000 10011 29078 70076 8367/ 90645 333 10052 21028 4/017 70213 90768 93101 555 71180 8//// 11008 21700 ///// /////=",
"07590099999","2020-03-01T13:00:00","4","44.81","6.195333","1270.0","LES PORTES EN VALGAUDEMAR, FR","FM-12","99999","V020","999,9,C,9999,9","99999,9,9,N","999999,9,9,9","+0067,1","+9999,9","99999,9",,"0015,3,1,001500,9,9","99,000,3,1","0,1,02,1","0,1,02,1","05,1,+01750,1,03,1",,"9,MSL   ,+99999,+99999","05,99,1,05,1,99,9,01750,1,99,9,99,9",,,"00,1","SYN11007590 417// 50000 10067 29070 70000 85030 91230 333 4/015 90750 93100 555 7//// 8//// 11007 21500 ///// /////=",
"07590099999","2020-03-02T13:00:00","4","44.81","6.195333","1270.0","LES PORTES EN VALGAUDEMAR, FR","FM-12","99999","V020","999,9,C,9999,9","99999,9,9,N","999999,9,9,9","+0023,1","+9999,9","99999,9",,"0012,3,1,001200,9,9","99,000,3,1","6,1,02,1","0,1,02,1","08,1,+00450,1,06,1",,"9,MSL   ,+99999,+99999","08,99,1,08,1,99,9,00450,1,99,9,99,9",,,"60,1","SYN11007590 414// 80000 10023 29079 76060 885// 91230 333 4/012 90750 93100 555 71170 8//// 11004 21200 21436 ////4=",
"07590099999","2020-03-03T08:00:00","4","44.81","6.195333","1270.0","LES PORTES EN VALGAUDEMAR, FR","FM-12","99999","V020","999,9,C,9999,9","99999,9,9,N","999999,9,9,9","-0031,1","+9999,9","99999,9","24,0351,3,1","0026,3,1,002600,9,9","99,014,3,1","7,1,02,1","6,1,02,1","08,1,+00800,1,07,1",,"9,MSL   ,+99999,+99999","08,99,1,08,1,99,9,00800,1,99,9,99,9","240,M,+0030,1","240,N,-0046,1","00,1","SYN12807590 215// 80000 11031 29078 70076 886// 90630 333 10030 21046 4/026 70351 90768 93114 555 71170 8//// 11031 70700 32439 ////4=",
"07590099999","2020-03-03T13:00:00","4","44.81","6.195333","1270.0","LES PORTES EN VALGAUDEMAR, FR","FM-12","99999","V020","999,9,C,9999,9","99999,9,9,N","999999,9,9,9","+0025,1","+9999,9","99999,9",,"0023,3,1,002300,9,9","99,000,3,1","0,1,02,1","0,1,02,1","03,1,+00800,1,07,1","99,9,+99999,9,00,1","9,MSL   ,+99999,+99999","05,99,1,03,1,99,9,00800,1,99,9,99,9",,,"00,1","SYN11007590 415// 50000 10025 29063 70000 83602 91220 333 4/023 90750 93100 555 7//// 8//// 11011 22300 ///// /////=",
"07590099999","2020-03-04T08:00:00","4","44.81","6.195333","1270.0","LES PORTES EN VALGAUDEMAR, FR","FM-12","99999","V020","999,9,C,9999,9","99999,9,9,N","999999,9,9,9","-0057,1","+9999,9","99999,9","24,0000,9,1","0021,3,1,002100,9,9","99,000,3,1","0,1,02,1","0,1,02,1","00,1,+99999,9,99,9",,"9,MSL   ,+99999,+99999","99,99,9,00,1,99,9,99999,9,99,9,99,9","240,M,+0043,1","240,N,-0066,1","00,1","SYN12807590 219// 00000 11057 29081 70000 80000 90630 333 10043 21066 4/021 70000 90768 93100 555 7//// 8//// 11060 80000 ///// ////3=",
"07590099999","2020-03-04T13:00:00","4","44.81","6.195333","1270.0","LES PORTES EN VALGAUDEMAR, FR","FM-12","99999","V020","999,9,C,9999,9","22000,1,9,N","999999,9,9,9","+0057,1","+9999,9","99999,9",,"0020,3,1,002000,9,9","99,000,3,1","0,1,02,1","0,1,02,1","99,9,+99999,9,00,1",,"9,MSL   ,+99999,+99999","04,99,1,00,1,99,9,99999,9,99,9,99,9",,,"00,1","SYN11007590 419// 40000 10057 29059 70000 80002 91245 333 4/020 90750 93100 555 7//// 8//// 11010 21200 00000 00003=","Q01    003SCCGA1"
"07590099999","2020-03-05T13:00:00","4","44.81","6.195333","1270.0","LES PORTES EN VALGAUDEMAR, FR","FM-12","99999","V020","999,9,C,9999,9","99999,9,9,N","999999,9,9,9","+0034,1","+9999,9","99999,9",,"0021,3,1,002100,9,9","99,000,3,1","6,1,02,1","0,1,02,1","08,1,+00800,1,06,1",,"9,MSL   ,+99999,+99999","08,99,1,08,1,99,9,00800,1,99,9,99,9",,,"60,1","SYN11007590 415// 80000 10034 29084 76060 885// 91220 333 4/021 90750 93100 555 71210 8//// 11011 21200 ///// ////4=",
"07590099999","2020-03-06T13:00:00","4","44.81","6.195333","1270.0","LES PORTES EN VALGAUDEMAR, FR","FM-12","99999","V020","999,9,C,9999,9","22000,1,9,N","999999,9,9,9","+0057,1","+9999,9","99999,9",,"0019,3,1,001900,9,9","99,000,3,1","0,1,02,1","0,1,02,1","02,1,+00800,1,07,1",,"9,MSL   ,+99999,+99999","02,99,1,02,1,99,9,00800,1,99,9,99,9",,,"00,1","SYN11007590 415// 20000 10057 29069 70000 82600 91240 333 4/019 90750 93100 555 7//// 8//// 11009 21900 00000 00003=",
"07590099999","2020-03-07T08:00:00","4","44.81","6.195333","1270.0","LES PORTES EN VALGAUDEMAR, FR","FM-12","99999","V020","999,9,C,9999,9","99999,9,9,N","999999,9,9,9","-0053,1","+9999,9","99999,9","24,0000,9,1","0019,3,1,001900,9,9","99,000,3,1","0,1,02,1","0,1,02,1","00,1,+99999,9,99,9",,"9,MSL   ,+99999,+99999","99,99,9,00,1,99,9,99999,9,99,9,99,9","240,M,+0062,1","240,N,-0061,1","00,1","SYN12807590 219// 00000 11053 29080 70000 80000 90630 333 10062 21061 4/019 70000 90768 93100 555 7//// 8//// 11041 80000 ///// /////=",
"07590099999","2020-03-07T13:00:00","4","44.81","6.195333","1270.0","LES PORTES EN VALGAUDEMAR, FR","FM-12","99999","V020","360,1,N,0020,1","22000,1,9,N","999999,9,9,9","+0041,1","+9999,9","99999,9",,"0019,3,1,001900,9,9","99,000,3,1","0,1,02,1","0,1,02,1","01,1,+00800,1,07,1",,"9,MSL   ,+99999,+99999","01,99,1,01,1,99,9,00800,1,99,9,99,9",,,"00,1","SYN11007590 415// 13602 10041 29067 70000 81600 91220 333 4/019 90750 93100 555 7//// 8//// 11017 21200 ///// /////=",
"07590099999","2020-03-08T08:00:00","4","44.81","6.195333","1270.0","LES PORTES EN VALGAUDEMAR, FR","FM-12","99999","V020","999,9,C,9999,9","22000,1,9,N","999999,9,9,9","-0045,1","+9999,9","99999,9","24,0000,9,1","0019,3,1,001900,9,9","99,000,3,1","0,1,02,1","0,1,02,1","04,1,+01250,1,07,1",,"9,MSL   ,+99999,+99999","04,99,1,04,1,99,9,01250,1,99,9,99,9","240,M,+0067,1","240,N,-0055,1","00,1","SYN12807590 216// 40000 11045 29076 70000 84600 90640 333 10067 21055 4/019 70000 90768 93100 555 7//// 8//// 11037 80000 ///// /////=",
"07590099999","2020-03-08T13:00:00","4","44.81","6.195333","1270.0","LES PORTES EN VALGAUDEMAR, FR","FM-12","99999","V020","999,9,C,9999,9","99999,9,9,N","999999,9,9,9","+0086,1","+9999,9","99999,9",,"0019,3,1,001900,9,9","99,000,3,1","0,1,02,1","0,1,02,1","05,1,+99999,9,03,1",,"9,MSL   ,+99999,+99999","05,99,1,05,1,99,9,99999,9,99,9,99,9",,,"00,1","SYN11007590 419// 50000 10086 29056 70000 85030 91230 333 4/019 90750 93100 555 7//// 8//// 11010 20700 ///// /////=",
"07590099999","2020-03-09T08:00:00","4","44.81","6.195333","1270.0","LES PORTES EN VALGAUDEMAR, FR","FM-12","99999","V020","999,9,C,9999,9","99999,9,9,N","999999,9,9,9","+0002,1","+9999,9","99999,9","24,0021,3,1","0022,3,1,002200,9,9","99,004,3,1","7,1,02,1","0,1,02,1","08,1,+00250,1,06,1",,"9,MSL   ,+99999,+99999","08,99,1,08,1,99,9,00250,1,99,9,99,9","240,M,+0091,1","240,N,-0045,1","70,1","SYN12807590 213// 80000 10002 29079 77070 885// 90630 333 10091 21045 4/022 70021 90768 93104 555 72130 8//// 11017 00400 ///// /////=",
"07590099999","2020-03-09T13:00:00","4","44.81","6.195333","1270.0","LES PORTES EN VALGAUDEMAR, FR","FM-12","99999","V020","999,9,C,9999,9","99999,9,9,N","999999,9,9,9","+0044,1","+9999,9","99999,9",,"0020,3,1,002000,9,9","99,000,3,1","7,1,02,1","0,1,02,1","06,1,+01250,1,06,1",,"9,MSL   ,+99999,+99999","06,99,1,06,1,99,9,01250,1,99,9,99,9",,,"00,1","SYN11007590 416// 60000 10044 29069 70070 86500 91215 333 4/020 90750 93100 555 72130 8//// 11011 21200 ///// /////=",
"07590099999","2020-03-10T08:00:00","4","44.81","6.195333","1270.0","LES PORTES EN VALGAUDEMAR, FR","FM-12","99999","V020","090,1,N,0020,1","99999,9,9,N","999999,9,9,9","-0031,1","+9999,9","99999,9","24,0000,9,1","0019,3,1,001900,9,9","99,000,3,1","0,1,02,1","0,1,02,1","06,1,+99999,9,03,1",,"9,MSL   ,+99999,+99999","06,99,1,06,1,99,9,99999,9,99,9,99,9","240,M,+0062,1","240,N,-0044,1","00,1","SYN12807590 219// 60902 11031 29072 70000 86030 90630 333 10062 21044 4/019 70000 90768 93100 555 7//// 8//// 11017 8000/ ///// /////=",
"07590099999","2020-03-10T13:00:00","4","44.81","6.195333","1270.0","LES PORTES EN VALGAUDEMAR, FR","FM-12","99999","V020","999,9,C,9999,9","22000,1,9,N","999999,9,9,9","+0084,1","+9999,9","99999,9",,"0018,3,1,001800,9,9","99,000,3,1","0,1,02,1","0,1,02,1","04,1,+99999,9,03,1",,"9,MSL   ,+99999,+99999","04,99,1,04,1,99,9,99999,9,99,9,99,9",,,"00,1","SYN11007590 419// 40000 10084 29053 70000 84030 91240 333 4/018 90750 93100 555 7//// 8//// 11007 21800 ///// /////=",
"07590099999","2020-03-11T13:00:00","4","44.81","6.195333","1270.0","LES PORTES EN VALGAUDEMAR, FR","FM-12","99999","V020","999,9,C,9999,9","99999,9,9,N","999999,9,9,9","+0144,1","+9999,9","99999,9",,"0015,3,1,001500,9,9","99,000,3,1","0,1,02,1","0,1,02,1","00,1,+99999,9,99,9",,"9,MSL   ,+99999,+99999","99,99,9,00,1,99,9,99999,9,99,9,99,9",,,"00,1","SYN11007590 419// 00000 10144 29048 70000 80000 91220 333 4/015 90750 93100 555 7//// 8//// 11007 21500 ///// /////=",
"07590099999","2020-03-12T13:00:00","4","44.81","6.195333","1270.0","LES PORTES EN VALGAUDEMAR, FR","FM-12","99999","V020","180,1,N,0020,1","22000,1,9,N","999999,9,9,9","+0154,1","+9999,9","99999,9",,"0009,3,1,000900,9,9","99,000,3,1","0,1,02,1","0,1,02,1","99,9,+99999,9,00,1",,"9,MSL   ,+99999,+99999","04,99,1,00,1,99,9,99999,9,99,9,99,9",,,"00,1","SYN11007590 419// 41802 10154 29039 70000 80002 91220 333 4/009 90750 93100 555 7//// 8//// 11003 20900 ///// /////=","Q01    003SCCGA1"
"07590099999","2020-03-13T08:00:00","4","44.81","6.195333","1270.0","LES PORTES EN VALGAUDEMAR, FR","FM-12","99999","V020","999,9,C,9999,9","99999,9,9,N","999999,9,9,9","+0042,1","+9999,9","99999,9","24,0152,3,1","0004,3,1,000400,9,9","99,000,3,1","6,1,02,1","0,1,02,1","08,1,+00150,1,07,1",,"9,MSL   ,+99999,+99999","08,99,1,08,1,99,9,00150,1,99,9,99,9","240,M,+0172,1","240,N,+0010,1","00,1","SYN12807590 212// 80000 10042 29077 70060 886// 90630 333 10172 20010 4/004 70152 90768 93100 555 7//// 8//// 1//// ///00 ///// /////=",
"07590099999","2020-03-14T13:00:00","4","44.81","6.195333","1270.0","LES PORTES EN VALGAUDEMAR, FR","FM-12","99999","V020","360,1,N,0020,1","22000,1,9,N","999999,9,9,9","+0093,1","+9999,9","99999,9",,"9999,1,9,999999,9,9","99,000,3,1","0,1,02,1","0,1,02,1","01,1,+00800,1,07,1",,"9,MSL   ,+99999,+99999","01,99,1,01,1,99,9,00800,1,99,9,99,9",,,"00,1","SYN11007590 415// 13602 10093 29063 70000 81600 91215 333 4/000 90750 93100 555 7//// 8//// 1//// ///00 ///// /////=",
"07590099999","2020-03-15T08:00:00","4","44.81","6.195333","1270.0","LES PORTES EN VALGAUDEMAR, FR","FM-12","99999","V020","999,9,C,9999,9","99999,9,9,N","999999,9,9,9","+0004,1","+9999,9","99999,9","24,0000,9,1","9999,1,9,999999,9,9","99,000,3,1","0,1,02,1","0,1,02,1","00,1,+99999,9,99,9",,"9,MSL   ,+99999,+99999","99,99,9,00,1,99,9,99999,9,99,9,99,9","240,M,+0104,1","240,N,-0014,1","00,1","SYN12807590 219// 00000 10004 29078 70000 80000 90620 333 10104 21014 4/000 70000 90768 93100 555 7//// 8//// 1//// ///00 ///// /////=",
"07590099999","2020-03-15T13:00:00","4","44.81","6.195333","1270.0","LES PORTES EN VALGAUDEMAR, FR","FM-12","99999","V020","999,9,C,9999,9","99999,9,9,N","999999,9,9,9","+0129,1","+9999,9","99999,9",,"9999,1,9,999999,9,9","99,000,3,1","0,1,02,1","0,1,02,1","00,1,+99999,9,99,9",,"9,MSL   ,+99999,+99999","99,99,9,00,1,99,9,99999,9,99,9,99,9",,,"00,1","SYN11007590 419// 00000 10129 29039 70000 80000 91245 333 4/000 90750 93100 555 7//// 8//// 1//// ///00 ///// /////=",
"07590099999","2020-03-16T08:00:00","4","44.81","6.195333","1270.0","LES PORTES EN VALGAUDEMAR, FR","FM-12","99999","V020","999,9,C,9999,9","22000,1,9,N","999999,9,9,9","+0004,1","+9999,9","99999,9","24,0000,9,1","9999,1,9,999999,9,9","99,000,3,1","0,1,02,1","0,1,02,1","99,9,+99999,9,00,1",,"9,MSL   ,+99999,+99999","02,99,1,00,1,99,9,99999,9,99,9,99,9","240,M,+0134,1","240,N,-0008,1","00,1","SYN12807590 219// 20000 10004 29077 70000 80002 90640 333 10134 21008 4/000 70000 90768 93100 555 7//// 8//// 1//// ///00 ///// /////=","Q01    003SCCGA1"
"07590099999","2020-03-16T13:00:00","4","44.81","6.195333","1270.0","LES PORTES EN VALGAUDEMAR, FR","FM-12","99999","V020","999,9,C,9999,9","22000,1,9,N","999999,9,9,9","+0139,1","+9999,9","99999,9",,"9999,1,9,999999,9,9","99,000,3,1","0,1,02,1","0,1,02,1","99,9,+99999,9,00,1",,"9,MSL   ,+99999,+99999","04,99,1,00,1,99,9,99999,9,99,9,99,9",,,"00,1","SYN11007590 419// 40000 10139 29055 70000 80002 91230 333 4/000 90750 93100 555 7//// 8//// 1//// ///00 ///// /////=","Q01    003SCCGA1"
"07590099999","2020-03-17T08:00:00","4","44.81","6.195333","1270.0","LES PORTES EN VALGAUDEMAR, FR","FM-12","99999","V020","999,9,C,9999,9","22000,1,9,N","999999,9,9,9","+0012,1","+9999,9","99999,9","24,0000,9,1","9999,1,9,999999,9,9","99,000,3,1","0,1,02,1","0,1,02,1","03,1,+99999,9,03,1",,"9,MSL   ,+99999,+99999","03,99,1,03,1,99,9,99999,9,99,9,99,9","240,M,+0141,1","240,N,-0002,1","00,1","SYN12807590 219// 30000 10012 29071 70000 83030 90603 333 10141 21002 4/000 70000 90768 93100 555 7//// 8//// 1//// ///00 ///// /////=",
"07590099999","2020-03-17T13:00:00","4","44.81","6.195333","1270.0","LES PORTES EN VALGAUDEMAR, FR","FM-12","99999","V020","999,9,C,9999,9","99999,9,9,N","999999,9,9,9","+0127,1","+9999,9","99999,9",,"9999,1,9,999999,9,9","99,000,3,1","0,1,02,1","0,1,02,1","99,9,+99999,9,00,1",,"9,MSL   ,+99999,+99999","06,99,1,00,1,99,9,99999,9,99,9,99,9",,,"00,1","SYN11007590 419// 60000 10127 29054 70000 80002 91240 333 4/000 90750 93100 555 7//// 8//// 1//// ///00 ///// /////=","Q01    003SCCGA1"
"07590099999","2020-03-18T08:00:00","4","44.81","6.195333","1270.0","LES PORTES EN VALGAUDEMAR, FR","FM-12","99999","V020","999,9,C,9999,9","99999,9,9,N","999999,9,9,9","+0028,1","+9999,9","99999,9","24,0000,9,1","9999,1,9,999999,9,9","99,000,3,1","0,1,02,1","0,1,02,1","00,1,+99999,9,99,9",,"9,MSL   ,+99999,+99999","99,99,9,00,1,99,9,99999,9,99,9,99,9","240,M,+0138,1","240,N,+0002,1","00,1","SYN12807590 219// 00000 10028 29075 70000 80000 90625 333 10138 20002 4/000 70000 90768 93100 555 7//// 8//// 1//// ///00 ///// /////=",
"07590099999","2020-03-18T13:00:00","4","44.81","6.195333","1270.0","LES PORTES EN VALGAUDEMAR, FR","FM-12","99999","V020","999,9,C,9999,9","99999,9,9,N","999999,9,9,9","+0162,1","+9999,9","99999,9",,"9999,1,9,999999,9,9","99,000,3,1","0,1,02,1","0,1,02,1","00,1,+99999,9,99,9",,"9,MSL   ,+99999,+99999","99,99,9,00,1,99,9,99999,9,99,9,99,9",,,"00,1","SYN11007590 419// 00000 10162 29034 70000 80000 91220 333 4/000 90750 93100 555 7//// 8//// 1//// ///00 ///// /////=",
"07590099999","2020-03-19T08:00:00","4","44.81","6.195333","1270.0","LES PORTES EN VALGAUDEMAR, FR","FM-12","99999","V020","999,9,C,9999,9","99999,9,9,N","999999,9,9,9","+0036,1","+9999,9","99999,9","24,0000,9,1","9999,1,9,999999,9,9","99,000,3,1","0,1,02,1","0,1,02,1","00,1,+99999,9,99,9",,"9,MSL   ,+99999,+99999","99,99,9,00,1,99,9,99999,9,99,9,99,9","240,M,+0169,1","240,N,+0020,1","00,1","SYN12807590 219// 00000 10036 29076 70000 80000 90620 333 10169 20020 4/000 70000 90768 93100 555 7//// 8//// 1//// ///00 ///// /////=",
"07590099999","2020-03-19T13:00:00","4","44.81","6.195333","1270.0","LES PORTES EN VALGAUDEMAR, FR","FM-12","99999","V020","999,9,C,9999,9","22000,1,9,N","999999,9,9,9","+0146,1","+9999,9","99999,9",,"9999,1,9,999999,9,9","99,000,3,1","0,1,02,1","0,1,02,1","02,1,+99999,9,03,1",,"9,MSL   ,+99999,+99999","02,99,1,02,1,99,9,99999,9,99,9,99,9",,,"00,1","SYN11007590 419// 20000 10146 29041 70000 82030 91230 333 4/000 90750 93100 555 7//// 8//// 1//// ///00 ///// /////=",
"07590099999","2020-03-20T08:00:00","4","44.81","6.195333","1270.0","LES PORTES EN VALGAUDEMAR, FR","FM-12","99999","V020","999,9,C,9999,9","22000,1,9,N","999999,9,9,9","+0034,1","+9999,9","99999,9","24,0000,9,1","9999,1,9,999999,9,9","99,000,3,1","0,1,02,1","0,1,02,1","99,9,+99999,9,00,1",,"9,MSL   ,+99999,+99999","03,99,1,00,1,99,9,99999,9,99,9,99,9","240,M,+0153,1","240,N,+0018,1","00,1","SYN12807590 219// 30000 10034 29074 70000 80002 90635 333 10153 20018 4/000 70000 90768 93100 555 7//// 8//// 1//// ///00 ///// /////=","Q01    003SCCGA1"
"07590099999","2020-03-20T13:00:00","4","44.81","6.195333","1270.0","LES PORTES EN VALGAUDEMAR, FR","FM-12","99999","V020","999,9,C,9999,9","22000,1,9,N","999999,9,9,9","+0137,1","+9999,9","99999,9",,"9999,1,9,999999,9,9","99,000,3,1","0,1,02,1","0,1,02,1","02,1,+99999,9,03,1",,"9,MSL   ,+99999,+99999","02,99,1,02,1,99,9,99999,9,99,9,99,9",,,"00,1","SYN11007590 419// 20000 10137 29047 70000 82030 91230 333 4/000 90750 93100 555 7//// 8//// 1//// ///00 ///// /////=",
"07590099999","2020-03-21T08:00:00","4","44.81","6.195333","1270.0","LES PORTES EN VALGAUDEMAR, FR","FM-12","99999","V020","999,9,C,9999,9","99999,9,9,N","999999,9,9,9","+0013,1","+9999,9","99999,9","24,0000,9,1","9999,1,9,999999,9,9","99,000,3,1","0,1,02,1","0,1,02,1","00,1,+99999,9,99,9",,"9,MSL   ,+99999,+99999","99,99,9,00,1,99,9,99999,9,99,9,99,9","240,M,+0150,1","240,N,+0001,1","00,1","SYN12807590 219// 00000 10013 29079 70000 80000 90640 333 10150 20001 4/000 70000 90768 93100 555 7//// 8//// 1//// ///00 ///// /////=",
"07590099999","2020-03-21T13:00:00","4","44.81","6.195333","1270.0","LES PORTES EN VALGAUDEMAR, FR","FM-12","99999","V020","999,9,C,9999,9","22000,1,9,N","999999,9,9,9","+0131,1","+9999,9","99999,9",,"9999,1,9,999999,9,9","99,000,3,1","0,1,02,1","0,1,02,1","02,1,+02250,1,03,1",,"9,MSL   ,+99999,+99999","02,99,1,02,1,99,9,02250,1,99,9,99,9",,,"00,1","SYN11007590 418// 20000 10131 29053 70000 82030 91240 333 4/000 90750 93100 555 7//// 8//// 1//// ///00 ///// /////=",
"07590099999","2020-03-22T13:00:00","4","44.81","6.195333","1270.0","LES PORTES EN VALGAUDEMAR, FR","FM-12","99999","V020","999,9,C,9999,9","99999,9,9,N","999999,9,9,9","+0125,1","+9999,9","99999,9",,"9999,1,9,999999,9,9","99,000,3,1","0,1,02,1","0,1,02,1","08,1,+01250,1,06,1",,"9,MSL   ,+99999,+99999","08,99,1,08,1,99,9,01250,1,99,9,99,9",,,"00,1","SYN11007590 416// 80000 10125 29062 70000 885// 91240 333 4/000 90750 93100 555 7//// 8//// 1//// ///00 ///// /////=",
"07590099999","2020-03-23T08:00:00","4","44.81","6.195333","1270.0","LES PORTES EN VALGAUDEMAR, FR","FM-12","99999","V020","999,9,C,9999,9","99999,9,9,N","999999,9,9,9","+0006,1","+9999,9","99999,9","24,0000,9,1","9999,1,9,999999,9,9","99,000,3,1","0,1,02,1","0,1,02,1","08,1,+00450,1,07,1",,"9,MSL   ,+99999,+99999","08,99,1,08,1,99,9,00450,1,99,9,99,9","240,M,+0128,1","240,N,-0011,1","00,1","SYN12807590 214// 80000 10006 29079 70000 886// 90645 333 10128 21011 4/000 70000 90768 93100 555 7//// 8//// 1//// ///00 ///// /////=",
"07590099999","2020-03-23T13:00:00","4","44.81","6.195333","1270.0","LES PORTES EN VALGAUDEMAR, FR","FM-12","99999","V020","999,9,C,9999,9","99999,9,9,N","999999,9,9,9","+0119,1","+9999,9","99999,9",,"9999,1,9,999999,9,9","99,000,3,1","0,1,02,1","0,1,02,1","08,1,+01250,1,06,1",,"9,MSL   ,+99999,+99999","08,99,1,08,1,99,9,01250,1,99,9,99,9",,,"00,1","SYN11007590 416// 80000 10119 29052 70000 885// 91220 333 4/000 90750 93100 555 7//// 8//// 1//// ///00 ///// /////=",
"07590099999","2020-03-24T13:00:00","4","44.81","6.195333","1270.0","LES PORTES EN VALGAUDEMAR, FR","FM-12","99999","V020","999,9,C,9999,9","99999,9,9,N","999999,9,9,9","+0044,1","+9999,9","99999,9",,"9999,1,9,999999,9,9","99,000,3,1","0,1,02,1","0,1,02,1","08,1,+00450,1,07,1",,"9,MSL   ,+99999,+99999","08,99,1,08,1,99,9,00450,1,99,9,99,9",,,"00,1","SYN11007590 414// 80000 10044 29078 70000 886// 91240 333 4/000 90750 93100 555 7//// 8//// 1//// ///00 ///// /////=",
"07590099999","2020-03-25T13:00:00","4","44.81","6.195333","1270.0","LES PORTES EN VALGAUDEMAR, FR","FM-12","99999","V020","040,1,N,0020,1","99999,9,9,N","999999,9,9,9","+0041,1","+9999,9","99999,9",,"9999,1,9,999999,9,9","99,000,3,1","0,1,02,1","0,1,02,1","03,1,+01250,1,06,1","99,9,+99999,9,00,1","9,MSL   ,+99999,+99999","05,99,1,03,1,99,9,01250,1,99,9,99,9",,,"00,1","SYN11007590 416// 50402 10041 29069 70000 83502 91220 333 4/000 90750 93100 555 7//// 8//// 1//// ///00 ///// /////=",
"07590099999","2020-05-12T08:00:00","4","44.81","6.195333","1270.0","LES PORTES EN VALGAUDEMAR, FR","FM-12","99999","V020","999,9,C,9999,9","99999,9,9,N","999999,9,9,9","+0057,1","+9999,9","99999,9","24,0022,3,1","9999,1,9,999999,9,9","99,000,3,1","6,1,02,1","0,1,02,1","09,1,+99999,9,99,9",,"9,MSL   ,+99999,+99999","09,99,1,09,1,99,9,99999,9,99,9,99,9","240,M,+0138,1","240,N,+0033,1","45,1","SYN12807590 21/// 90000 10057 29079 74560 89/// 90525 333 10138 20033 4/000 70022 90768 93100 555 7//// 8//// 1//// ////0 ///// /////=",
"07590099999","2020-05-13T08:00:00","4","44.81","6.195333","1270.0","LES PORTES EN VALGAUDEMAR, FR","FM-12","99999","V020","999,9,C,9999,9","99999,9,9,N","999999,9,9,9","+0098,1","+9999,9","99999,9","24,0008,3,1","9999,1,9,999999,9,9","99,000,3,1","6,1,02,1","0,1,02,1","08,1,+01750,1,06,1",,"9,MSL   ,+99999,+99999","08,99,1,08,1,99,9,01750,1,99,9,99,9","240,M,+0154,1","240,N,+0057,1","60,1","SYN12807590 217// 80000 10098 29078 76060 885// 90540 333 10154 20057 4/000 70008 90768 93100 555 7//// 8//// 1//// ///00 ///// /////=",
"07590099999","2020-05-13T13:00:00","4","44.81","6.195333","1270.0","LES PORTES EN VALGAUDEMAR, FR","FM-12","99999","V020","999,9,C,9999,9","99999,9,9,N","999999,9,9,9","+0129,1","+9999,9","99999,9",,"9999,1,9,999999,9,9","99,000,3,1","9,1,02,1","6,1,02,1","05,1,+01750,1,06,1","99,9,+99999,9,03,1","9,MSL   ,+99999,+99999","08,99,1,05,1,99,9,01750,1,99,9,99,9",,,"00,1","SYN11007590 417// 80000 10129 29065 70096 8553/ 91140 333 4/000 90750 93100 555 7//// 8//// 1//// ///00 ///// /////=",
"07590099999","2020-05-14T13:00:00","4","44.81","6.195333","1270.0","LES PORTES EN VALGAUDEMAR, FR","FM-12","99999","V020","999,9,C,9999,9","22000,1,9,N","999999,9,9,9","+0164,1","+9999,9","99999,9",,"9999,1,9,999999,9,9","99,000,3,1","4,1,02,1","0,1,02,1","02,1,+01250,1,07,1",,"9,MSL   ,+99999,+99999","02,99,1,02,1,99,9,01250,1,99,9,99,9",,,"00,1","SYN11007590 416// 20000 10164 29068 70040 82600 91140 333 4/000 90750 93100 555 7//// 8//// 1//// ///00 ///// /////=",
"07590099999","2020-05-17T13:00:00","4","44.81","6.195333","1270.0","LES PORTES EN VALGAUDEMAR, FR","FM-12","99999","V020","999,9,C,9999,9","99999,9,9,N","999999,9,9,9","+0139,1","+9999,9","99999,9",,"9999,1,9,999999,9,9","99,000,3,1","0,1,02,1","0,1,02,1","08,1,+00450,1,07,1",,"9,MSL   ,+99999,+99999","08,99,1,08,1,99,9,00450,1,99,9,99,9",,,"00,1","SYN11007590 414// 80000 10139 29070 70000 886// 91150 333 4/000 90750 93100 555 7//// 8//// 1//// ///00 ///// /////=",
"07590099999","2020-05-25T08:00:00","4","44.81","6.195333","1270.0","LES PORTES EN VALGAUDEMAR, FR","FM-12","99999","V020","999,9,C,9999,9","99999,9,9,N","999999,9,9,9","+0060,1","+9999,9","99999,9","24,0000,9,1","9999,1,9,999999,9,9","99,000,3,1","0,1,02,1","0,1,02,1","00,1,+99999,9,99,9",,"9,MSL   ,+99999,+99999","99,99,9,00,1,99,9,99999,9,99,9,99,9","240,M,+0152,1","240,N,+0046,1","00,1","SYN12807590 219// 00000 10060 29075 70000 80000 90520 333 10152 20046 4/000 70000 90768 93100 555 7//// 8//// 1//// ////0 ///// /////=",
"07590099999","2020-05-25T13:00:00","4","44.81","6.195333","1270.0","LES PORTES EN VALGAUDEMAR, FR","FM-12","99999","V020","999,9,C,9999,9","99999,9,9,N","999999,9,9,9","+0115,1","+9999,9","99999,9",,"9999,1,9,999999,9,9","99,000,3,1","6,1,02,1","0,1,02,1","08,1,+01250,1,06,1",,"9,MSL   ,+99999,+99999","08,99,1,08,1,99,9,01250,1,99,9,99,9",,,"60,1","SYN11007590 416// 80000 10115 29075 76060 885// 91150 333 4/000 90750 93100 555 71210 8//// 1//// ///00 ///// /////=",
"07590099999","2020-05-27T08:00:00","4","44.81","6.195333","1270.0","LES PORTES EN VALGAUDEMAR, FR","FM-12","99999","V020","999,9,C,9999,9","99999,9,9,N","999999,9,9,9","+0089,1","+9999,9","99999,9","24,0000,9,1","9999,1,9,999999,9,9","99,000,3,1","0,1,02,1","0,1,02,1","03,1,+01250,1,06,1","99,9,+99999,9,03,1","9,MSL   ,+99999,+99999","05,99,1,03,1,99,9,01250,1,99,9,99,9","240,M,+0214,1","240,N,+0070,1","00,1","SYN12807590 216// 50000 10089 29073 70000 83530 90520 333 10214 20070 4/000 70000 90768 93100 555 7//// 8//// 1//// ///00 ///// /////=",
"07590099999","2020-05-28T08:00:00","4","44.81","6.195333","1270.0","LES PORTES EN VALGAUDEMAR, FR","FM-12","99999","V020","999,9,C,9999,9","99999,9,9,N","999999,9,9,9","+0077,1","+9999,9","99999,9","24,0000,9,1","9999,1,9,999999,9,9","99,000,3,1","0,1,02,1","0,1,02,1","00,1,+99999,9,99,9",,"9,MSL   ,+99999,+99999","99,99,9,00,1,99,9,99999,9,99,9,99,9","240,M,+0203,1","240,N,+0042,1","00,1","SYN12807590 219// 00000 10077 29072 70000 80000 90535 333 10203 20042 4/000 70000 90768 93100 555 7//// 8//// 1//// ///00 ///// /////=",
"07590099999","2020-05-28T13:00:00","4","44.81","6.195333","1270.0","LES PORTES EN VALGAUDEMAR, FR","FM-12","99999","V020","999,9,C,9999,9","22000,1,9,N","999999,9,9,9","+0201,1","+9999,9","99999,9",,"9999,1,9,999999,9,9","99,000,3,1","0,1,02,1","0,1,02,1","02,1,+99999,9,03,1",,"9,MSL   ,+99999,+99999","02,99,1,02,1,99,9,99999,9,99,9,99,9",,,"00,1","SYN11007590 419// 20000 10201 29047 70000 82030 91145 333 4/000 90750 93100 555 7//// 8//// 1//// ///00 ///// /////=",
"07590099999","2020-05-31T13:00:00","4","44.81","6.195333","1270.0","LES PORTES EN VALGAUDEMAR, FR","FM-12","99999","V020","999,9,C,9999,9","22000,1,9,N","999999,9,9,9","+0184,1","+9999,9","99999,9",,"9999,1,9,999999,9,9","99,000,3,1","0,1,02,1","0,1,02,1","03,1,+01750,1,06,1",,"9,MSL   ,+99999,+99999","03,99,1,03,1,99,9,01750,1,99,9,99,9",,,"00,1","SYN11007590 417// 30000 10184 29058 70000 83500 91140 333 4/000 90750 93100 555 7//// 8//// 1//// ///00 ///// /////=",
"07590099999","2020-06-03T08:00:00","4","44.81","6.195333","1270.0","LES PORTES EN VALGAUDEMAR, FR","FM-12","99999","V020","999,9,C,9999,9","99999,9,9,N","999999,9,9,9","+0084,1","+9999,9","99999,9","24,0000,9,1","9999,1,9,999999,9,9","99,000,3,1","0,1,02,1","0,1,02,1","00,1,+99999,9,99,9",,"9,MSL   ,+99999,+99999","99,99,9,00,1,99,9,99999,9,99,9,99,9","240,M,+0214,1","240,N,+0048,1","00,1","SYN12807590 219// 00000 10084 29071 70000 80000 90520 333 10214 20048 4/000 70000 90768 93100 555 7//// 8//// 1//// ///00 ///// /////=",
"07590099999","2020-06-09T13:00:00","4","44.81","6.195333","1270.0","LES PORTES EN VALGAUDEMAR, FR","FM-12","99999","V020","360,1,N,0020,1","99999,9,9,N","999999,9,9,9","+0082,1","+9999,9","99999,9",,"9999,1,9,999999,9,9","99,000,3,1","6,1,02,1","0,1,02,1","08,1,+00450,1,07,1",,"9,MSL   ,+99999,+99999","08,99,1,08,1,99,9,00450,1,99,9,99,9",,,"60,1","SYN11007590 414// 83602 10082 29072 76060 886// 91140 333 4/000 90750 93100 555 7//// 8//// 1//// ///0/ ///// /////=",
"07590099999","2020-06-12T13:00:00","4","44.81","6.195333","1270.0","LES PORTES EN VALGAUDEMAR, FR","FM-12","99999","V020","180,1,N,0020,1","99999,9,9,N","999999,9,9,9","+0157,1","+9999,9","99999,9",,"9999,1,9,999999,9,9",,"0,1,02,1","0,1,02,1","08,1,+01750,1,06,1",,"9,MSL   ,+99999,+99999","08,99,1,08,1,99,9,01750,1,99,9,99,9",,,"00,1","SYN11007590 417// 81802 10157 29049 70000 885// 91150 333 4//// 90750 931// 555 7//// 8//// 1//// ///00 ///// /////=",
"07590099999","2020-06-15T13:00:00","4","44.81","6.195333","1270.0","LES PORTES EN VALGAUDEMAR, FR","FM-12","99999","V020","999,9,C,9999,9","22000,1,9,N","999999,9,9,9","+0176,1","+9999,9","99999,9",,"9999,1,9,999999,9,9","99,000,3,1","0,1,02,1","0,1,02,1","03,1,+01750,1,08,1",,"9,MSL   ,+99999,+99999","03,99,1,03,1,99,9,01750,1,99,9,99,9",,,"00,1","SYN11007590 417// 30000 10176 29062 70000 83200 91140 333 4/000 90750 93100 555 7//// 8//// 1//// ///00 ///// /////=",
"07590099999","2020-06-16T13:00:00","4","44.81","6.195333","1270.0","LES PORTES EN VALGAUDEMAR, FR","FM-12","99999","V020","999,9,C,9999,9","99999,9,9,N","999999,9,9,9","+0169,1","+9999,9","99999,9",,"9999,1,9,999999,9,9","99,000,3,1","0,1,02,1","0,1,02,1","06,1,+01250,1,06,1",,"9,MSL   ,+99999,+99999","06,99,1,06,1,99,9,01250,1,99,9,99,9",,,"00,1","SYN11007590 416// 60000 10169 29062 70000 86500 91130 333 4/000 90750 93100 555 7//// 8//// 1//// ///00 ///// /////=",
"07590099999","2020-06-18T13:00:00","4","44.81","6.195333","1270.0","LES PORTES EN VALGAUDEMAR, FR","FM-12","99999","V020","999,9,C,9999,9","99999,9,9,N","999999,9,9,9","+0151,1","+9999,9","99999,9",,"9999,1,9,999999,9,9","99,000,3,1","0,1,02,1","0,1,02,1","08,1,+01750,1,06,1",,"9,MSL   ,+99999,+99999","08,99,1,08,1,99,9,01750,1,99,9,99,9",,,"00,1","SYN11007590 417// 80000 10151 29061 70000 885// 91130 333 4/000 90750 93100 555 7//// 8//// 1//// ///00 ///// /////=",
"07590099999","2020-06-19T13:00:00","4","44.81","6.195333","1270.0","LES PORTES EN VALGAUDEMAR, FR","FM-12","99999","V020","360,1,N,0020,1","22000,1,9,N","999999,9,9,9","+0157,1","+9999,9","99999,9",,"9999,1,9,999999,9,9","99,000,3,1","0,1,02,1","0,1,02,1","03,1,+01250,1,06,1",,"9,MSL   ,+99999,+99999","03,99,1,03,1,99,9,01250,1,99,9,99,9",,,"00,1","SYN11007590 416// 33602 10157 29065 70000 83500 91140 333 4/000 90750 93100 555 7//// 8//// 1//// ///00 ///// /////=",
"07590099999","2020-06-23T13:00:00","4","44.81","6.195333","1270.0","LES PORTES EN VALGAUDEMAR, FR","FM-12","99999","V020","999,9,C,9999,9","22000,1,9,N","999999,9,9,9","+0253,1","+9999,9","99999,9",,"9999,1,9,999999,9,9","99,000,3,1","0,1,02,1","0,1,02,1","03,1,+99999,9,03,1",,"9,MSL   ,+99999,+99999","03,99,1,03,1,99,9,99999,9,99,9,99,9",,,"00,1","SYN11007590 419// 30000 10253 29049 70000 83030 91230 333 4/000 90750 93100 555 7//// 8//// 1//// ///00 ///// /////=",
"07590099999","2020-06-25T13:00:00","4","44.81","6.195333","1270.0","LES PORTES EN VALGAUDEMAR, FR","FM-12","99999","V020","999,9,C,9999,9","22000,1,9,N","999999,9,9,9","+0235,1","+9999,9","99999,9",,"9999,1,9,999999,9,9","99,000,3,1","0,1,02,1","0,1,02,1","04,1,+01750,1,06,1",,"9,MSL   ,+99999,+99999","04,99,1,04,1,99,9,01750,1,99,9,99,9",,,"00,1","SYN11007590 417// 40000 10235 29055 70000 84500 91120 333 4/000 90750 93100 555 7//// 8//// 1//// ///00 ///// /////=",
"07590099999","2020-06-27T13:00:00","4","44.81","6.195333","1270.0","LES PORTES EN VALGAUDEMAR, FR","FM-12","99999","V020","999,9,C,9999,9","99999,9,9,N","999999,9,9,9","+0202,1","+9999,9","99999,9",,"9999,1,9,999999,9,9","99,000,3,1","0,1,02,1","0,1,02,1","08,1,+01750,1,06,1",,"9,MSL   ,+99999,+99999","08,99,1,08,1,99,9,01750,1,99,9,99,9",,,"00,1","SYN11007590 417// 80000 10202 29061 70000 885// 91130 333 4/000 90750 93100 555 7//// 8//// 1//// ///00 ///// /////=",
"07590099999","2020-06-28T08:00:00","4","44.81","6.195333","1270.0","LES PORTES EN VALGAUDEMAR, FR","FM-12","99999","V020","999,9,C,9999,9","99999,9,9,N","999999,9,9,9","+0114,1","+9999,9","99999,9","24,0047,3,1","9999,1,9,999999,9,9","99,000,3,1","9,1,02,1","6,1,02,1","00,1,+99999,9,99,9",,"9,MSL   ,+99999,+99999","99,99,9,00,1,99,9,99999,9,99,9,99,9","240,M,+0222,1","240,N,+0070,1","00,1","SYN12807590 219// 00000 10114 29066 70096 80000 90535 333 10222 20070 4/000 70047 90768 93100 555 7//// 8//// 1//// ///00 ///// /////=",
"07590099999","2020-06-28T13:00:00","4","44.81","6.195333","1270.0","LES PORTES EN VALGAUDEMAR, FR","FM-12","99999","V020","999,9,C,9999,9","99999,9,9,N","999999,9,9,9","+0208,1","+9999,9","99999,9",,"9999,1,9,999999,9,9","99,000,3,1","0,1,02,1","0,1,02,1","08,1,+99999,9,06,1",,"9,MSL   ,+99999,+99999","08,99,1,08,1,99,9,99999,9,99,9,99,9",,,"00,1","SYN11007590 419// 80000 10208 29062 70000 885// 91140 333 4/000 90750 93100 555 7//// 8//// 1//// ///00 ///// /////=",
"07590099999","2020-07-05T13:00:00","4","44.81","6.195333","1270.0","LES PORTES EN VALGAUDEMAR, FR","FM-12","99999","V020","999,9,C,9999,9","99999,9,9,N","999999,9,9,9","+0233,1","+9999,9","99999,9",,"9999,1,9,999999,9,9","99,000,3,1","0,1,02,1","0,1,02,1","00,1,+99999,9,99,9",,"9,MSL   ,+99999,+99999","99,99,9,00,1,99,9,99999,9,99,9,99,9",,,"00,1","SYN11007590 419// 00000 10233 29056 70000 80000 91140 333 4/000 90750 93100 555 7//// 8//// 1//// ///00 ///// /////=",
"07590099999","2020-07-07T13:00:00","4","44.81","6.195333","1270.0","LES PORTES EN VALGAUDEMAR, FR","FM-12","99999","V020","999,9,C,9999,9","99999,9,9,N","999999,9,9,9","+0193,1","+9999,9","99999,9",,"9999,1,9,999999,9,9","99,000,3,1","0,1,02,1","0,1,02,1","00,1,+99999,9,99,9",,"9,MSL   ,+99999,+99999","99,99,9,00,1,99,9,99999,9,99,9,99,9",,,"00,1","SYN11007590 419// 00000 10193 29055 70000 80000 91145 333 4/000 90750 93100 555 7//// 8//// 1//// ///00 ///// /////=",
"07590099999","2020-07-10T08:00:00","4","44.81","6.195333","1270.0","LES PORTES EN VALGAUDEMAR, FR","FM-12","99999","V020","999,9,C,9999,9","99999,9,9,N","999999,9,9,9","+0138,1","+9999,9","99999,9","24,0000,9,1","9999,1,9,999999,9,9","99,000,3,1","0,1,02,1","0,1,02,1","00,1,+99999,9,99,9",,"9,MSL   ,+99999,+99999","99,99,9,00,1,99,9,99999,9,99,9,99,9","240,M,+0280,1","240,N,+0109,1","00,1","SYN12807590 219// 00000 10138 29069 70000 80000 90520 333 10280 20109 4/000 70000 90768 93100 555 7//// 8//// 1//// ///00 ///// /////=",
"07590099999","2020-07-13T13:00:00","4","44.81","6.195333","1270.0","LES PORTES EN VALGAUDEMAR, FR","FM-12","99999","V020","999,9,C,9999,9","99999,9,9,N","999999,9,9,9","+0202,1","+9999,9","99999,9",,"9999,1,9,999999,9,9","99,000,3,1","0,1,02,1","0,1,02,1","03,1,+01750,1,07,1","99,9,+99999,9,03,1","9,MSL   ,+99999,+99999","05,99,1,03,1,99,9,01750,1,99,9,99,9",,,"00,1","SYN11007590 417// 50000 10202 29058 70000 83630 91145 333 4/000 90750 93100 555 7//// 8//// 1//// ///00 ///// /////=",
"07590099999","2020-07-15T08:00:00","4","44.81","6.195333","1270.0","LES PORTES EN VALGAUDEMAR, FR","FM-12","99999","V020","999,9,C,9999,9","22000,1,9,N","999999,9,9,9","+0096,1","+9999,9","99999,9","24,0000,9,1","9999,1,9,999999,9,9","99,000,3,1","0,1,02,1","0,1,02,1","99,9,+99999,9,00,1",,"9,MSL   ,+99999,+99999","02,99,1,00,1,99,9,99999,9,99,9,99,9","240,M,+0214,1","240,N,+0061,1","00,1","SYN12807590 219// 20000 10096 29064 70000 80002 90530 333 10214 20061 4/000 70000 90768 93100 555 7//// 8//// 1//// ///00 ///// /////=","Q01    003SCCGA1"
"07590099999","2020-07-16T08:00:00","4","44.81","6.195333","1270.0","LES PORTES EN VALGAUDEMAR, FR","FM-12","99999","V020","999,9,C,9999,9","99999,9,9,N","999999,9,9,9","+0112,1","+9999,9","99999,9","24,0000,9,1","9999,1,9,999999,9,9","99,000,3,1","0,1,02,1","0,1,02,1","08,1,+00450,1,07,1",,"9,MSL   ,+99999,+99999","08,99,1,08,1,99,9,00450,1,99,9,99,9","240,M,+0191,1","240,N,+0091,1","00,1","SYN12807590 214// 80000 10112 29071 70000 886// 90540 333 10191 20091 4/000 70000 90768 93100 555 7//// 8//// 1//// ///00 ///// /////=",
"07590099999","2020-07-17T08:00:00","4","44.81","6.195333","1270.0","LES PORTES EN VALGAUDEMAR, FR","FM-12","99999","V020","999,9,C,9999,9","99999,9,9,N","999999,9,9,9","+0122,1","+9999,9","99999,9","24,0000,9,1","9999,1,9,999999,9,9","99,000,3,1","0,1,02,1","0,1,02,1","08,1,+00450,1,07,1",,"9,MSL   ,+99999,+99999","08,99,1,08,1,99,9,00450,1,99,9,99,9","240,M,+0186,1","240,N,+0095,1","00,1","SYN12807590 214// 80000 10122 29071 70000 886// 90540 333 10186 20095 4/000 70000 90768 93100 555 7//// 8//// 1//// ///00 ///// /////=",
"07590099999","2020-07-20T08:00:00","4","44.81","6.195333","1270.0","LES PORTES EN VALGAUDEMAR, FR","FM-12","99999","V020","999,9,C,9999,9","99999,9,9,N","999999,9,9,9","+0106,1","+9999,9","99999,9","24,0000,9,1","9999,1,9,999999,9,9","99,000,3,1","0,1,02,1","0,1,02,1","00,1,+99999,9,99,9",,"9,MSL   ,+99999,+99999","99,99,9,00,1,99,9,99999,9,99,9,99,9","240,M,+0246,1","240,N,+0081,1","00,1","SYN12807590 219// 00000 10106 29064 70000 80000 90520 333 10246 20081 4/000 70000 90768 93100 555 7//// 8//// 1//// ///00 ///// /////=",
"07590099999","2020-07-24T13:00:00","4","44.81","6.195333","1270.0","LES PORTES EN VALGAUDEMAR, FR","FM-12","99999","V020","360,1,N,0020,1","22000,1,9,N","999999,9,9,9","+0230,1","+9999,9","99999,9",,"9999,1,9,999999,9,9","99,000,3,1","0,1,02,1","0,1,02,1","03,1,+99999,9,03,1",,"9,MSL   ,+99999,+99999","03,99,1,03,1,99,9,99999,9,99,9,99,9",,,"00,1","SYN11007590 419// 33602 10230 29043 70000 83030 91140 333 4/000 90750 93100 555 7//// 8//// 1//// ///00 ///// /////=",
"07590099999","2020-07-26T13:00:00","4","44.81","6.195333","1270.0","LES PORTES EN VALGAUDEMAR, FR","FM-12","99999","V020","999,9,C,9999,9","99999,9,9,N","999999,9,9,9","+0227,1","+9999,9","99999,9",,"9999,1,9,999999,9,9","99,000,3,1","0,1,02,1","0,1,02,1","08,1,+99999,9,03,1",,"9,MSL   ,+99999,+99999","08,99,1,08,1,99,9,99999,9,99,9,99,9",,,"00,1","SYN11007590 419// 80000 10227 29045 70000 8803/ 91150 333 4/000 90750 93100 555 7//// 8//// 1//// ///00 ///// /////=",
"07590099999","2020-07-27T08:00:00","4","44.81","6.195333","1270.0","LES PORTES EN VALGAUDEMAR, FR","FM-12","99999","V020","999,9,C,9999,9","99999,9,9,N","999999,9,9,9","+0127,1","+9999,9","99999,9","24,0000,9,1","9999,1,9,999999,9,9","99,000,3,1","0,1,02,1","0,1,02,1","00,1,+99999,9,99,9",,"9,MSL   ,+99999,+99999","99,99,9,00,1,99,9,99999,9,99,9,99,9","240,M,+0260,1","240,N,+0099,1","00,1","SYN12807590 219// 00000 10127 29061 70000 80000 90535 333 10260 20099 4/000 70000 90768 93100 555 7//// 8//// 1//// ///00 ///// /////=",
"07590099999","2020-07-30T13:00:00","4","44.81","6.195333","1270.0","LES PORTES EN VALGAUDEMAR, FR","FM-12","99999","V020","999,9,C,9999,9","22000,1,9,N","999999,9,9,9","+0308,1","+9999,9","99999,9",,"9999,1,9,999999,9,9",,"0,1,02,1","0,1,02,1","02,1,+00800,1,03,1",,"9,MSL   ,+99999,+99999","02,99,1,02,1,99,9,00800,1,99,9,99,9",,,"00,1","SYN11007590 415// 20000 10308 29026 70000 82030 91150 333 4//// 90750 931// 555 7//// 8//// 1//// ///00 ///// /////=",
"07590099999","2020-07-31T13:00:00","4","44.81","6.195333","1270.0","LES PORTES EN VALGAUDEMAR, FR","FM-12","99999","V020","999,9,C,9999,9","99999,9,9,N","999999,9,9,9","+0297,1","+9999,9","99999,9",,"9999,1,9,999999,9,9","99,000,3,1","0,1,02,1","0,1,02,1","00,1,+99999,9,99,9",,"9,MSL   ,+99999,+99999","99,99,9,00,1,99,9,99999,9,99,9,99,9",,,"00,1","SYN11007590 419// 00000 10297 29039 70000 80000 91140 333 4/000 90750 93100 555 7//// 8//// 1//// ///00 ///// /////=",
"07590099999","2020-08-01T08:00:00","4","44.81","6.195333","1270.0","LES PORTES EN VALGAUDEMAR, FR","FM-12","99999","V020","999,9,C,9999,9","99999,9,9,N","999999,9,9,9","+0160,1","+9999,9","99999,9","24,0038,3,1","9999,1,9,999999,9,9","99,000,3,1","9,1,02,1","6,1,02,1","00,1,+99999,9,99,9",,"9,MSL   ,+99999,+99999","99,99,9,00,1,99,9,99999,9,99,9,99,9","240,M,+0327,1","240,N,+0126,1","00,1","SYN12807590 219// 00000 10160 29060 70096 80000 90530 333 10327 20126 4/000 70038 90768 93100 555 7//// 8//// 1//// ///00 ///// /////=",
"07590099999","2020-08-02T13:00:00","4","44.81","6.195333","1270.0","LES PORTES EN VALGAUDEMAR, FR","FM-12","99999","V020","999,9,C,9999,9","22000,1,9,N","999999,9,9,9","+0245,1","+9999,9","99999,9",,"9999,1,9,999999,9,9","99,000,3,1","0,1,02,1","0,1,02,1","03,1,+99999,9,03,1",,"9,MSL   ,+99999,+99999","03,99,1,03,1,99,9,99999,9,99,9,99,9",,,"00,1","SYN11007590 419// 30000 10245 29042 70000 83030 91130 333 4/000 90750 93100 555 7//// 8//// 1//// ///00 ///// /////=",
"07590099999","2020-08-05T13:00:00","4","44.81","6.195333","1270.0","LES PORTES EN VALGAUDEMAR, FR","FM-12","99999","V020","360,1,N,0020,1","99999,9,9,N","999999,9,9,9","+0218,1","+9999,9","99999,9",,"9999,1,9,999999,9,9","99,000,3,1","0,1,02,1","0,1,02,1","00,1,+99999,9,99,9",,"9,MSL   ,+99999,+99999","99,99,9,00,1,99,9,99999,9,99,9,99,9",,,"00,1","SYN11007590 419// 03602 10218 29043 70000 80000 91145 333 4/000 90750 93100 555 7//// 8//// 1//// ///00 ///// /////=",
"07590099999","2020-08-07T13:00:00","4","44.81","6.195333","1270.0","LES PORTES EN VALGAUDEMAR, FR","FM-12","99999","V020","999,9,C,9999,9","99999,9,9,N","999999,9,9,9","+0278,1","+9999,9","99999,9",,"9999,1,9,999999,9,9","99,000,3,1","0,1,02,1","0,1,02,1","00,1,+99999,9,99,9",,"9,MSL   ,+99999,+99999","99,99,9,00,1,99,9,99999,9,99,9,99,9",,,"00,1","SYN11007590 419// 00000 10278 29031 70000 80000 91120 333 4/000 90750 93100 555 7//// 8//// 1//// ///00 ///// /////=",
"07590099999","2020-08-08T08:00:00","4","44.81","6.195333","1270.0","LES PORTES EN VALGAUDEMAR, FR","FM-12","99999","V020","999,9,C,9999,9","99999,9,9,N","999999,9,9,9","+0139,1","+9999,9","99999,9","24,0000,9,1","9999,1,9,999999,9,9","99,000,3,1","0,1,02,1","0,1,02,1","00,1,+99999,9,99,9",,"9,MSL   ,+99999,+99999","99,99,9,00,1,99,9,99999,9,99,9,99,9","240,M,+0297,1","240,N,+0106,1","00,1","SYN12807590 219// 00000 10139 29069 70000 80000 90530 333 10297 20106 4/000 70000 90768 93100 555 7//// 8//// 1//// ///00 ///// /////=",
"07590099999","2020-08-10T08:00:00","4","44.81","6.195333","1270.0","LES PORTES EN VALGAUDEMAR, FR","FM-12","99999","V020","999,9,C,9999,9","99999,9,9,N","999999,9,9,9","+0172,1","+9999,9","99999,9","24,0000,9,1","9999,1,9,999999,9,9","99,000,3,1","0,1,02,1","0,1,02,1","05,1,+99999,9,03,1",,"9,MSL   ,+99999,+99999","05,99,1,05,1,99,9,99999,9,99,9,99,9","240,M,+0309,1","240,N,+0132,1","00,1","SYN12807590 219// 50000 10172 29061 70000 85030 90520 333 10309 20132 4/000 70000 90768 93100 555 7//// 8//// 1//// ///00 ///// /////=",
"07590099999","2020-08-10T13:00:00","4","44.81","6.195333","1270.0","LES PORTES EN VALGAUDEMAR, FR","FM-12","99999","V020","999,9,C,9999,9","99999,9,9,N","999999,9,9,9","+0278,1","+9999,9","99999,9",,"9999,1,9,999999,9,9","99,000,3,1","0,1,02,1","0,1,02,1","05,1,+01750,1,06,1",,"9,MSL   ,+99999,+99999","05,99,1,05,1,99,9,01750,1,99,9,99,9",,,"00,1","SYN11007590 417// 50000 10278 29036 70000 85500 91200 333 4/000 90750 93100 555 7//// 8//// 1//// ///00 ///// /////=",
"07590099999","2020-08-12T08:00:00","4","44.81","6.195333","1270.0","LES PORTES EN VALGAUDEMAR, FR","FM-12","99999","V020","999,9,C,9999,9","22000,1,9,N","999999,9,9,9","+0147,1","+9999,9","99999,9","24,0002,3,1","9999,1,9,999999,9,9","99,000,3,1","9,1,02,1","6,1,02,1","02,1,+99999,9,00,1",,"9,MSL   ,+99999,+99999","02,99,1,02,1,99,9,99999,9,99,9,99,9","240,M,+0278,1","240,N,+0112,1","00,1","SYN12807590 219// 20000 10147 29065 70096 82002 90530 333 10278 20112 4/000 70002 90768 93100 555 7//// 8//// 1//// ///00 ///// /////=",
"07590099999","2020-08-13T13:00:00","4","44.81","6.195333","1270.0","LES PORTES EN VALGAUDEMAR, FR","FM-12","99999","V020","999,9,C,9999,9","99999,9,9,N","999999,9,9,9","+0247,1","+9999,9","99999,9",,"9999,1,9,999999,9,9","99,000,3,1","0,1,02,1","0,1,02,1","04,1,+01750,1,06,1","99,9,+99999,9,03,1","9,AGL   ,+99999,+99999","06,99,1,04,1,99,9,01750,1,99,9,99,9",,,"00,1","SYN11007590 417// 60000 10247 29048 70000 84530 91245 333 4/000 90750 93100 555 7//// 8//// 1//// ///00 ///// /////=",
"07590099999","2020-08-17T13:00:00","4","44.81","6.195333","1270.0","LES PORTES EN VALGAUDEMAR, FR","FM-12","99999","V020","999,9,C,9999,9","99999,9,9,N","999999,9,9,9","+0181,1","+9999,9","99999,9",,"9999,1,9,999999,9,9","99,000,3,1","0,1,02,1","0,1,02,1","08,1,+01250,1,07,1",,"9,MSL   ,+99999,+99999","08,99,1,08,1,99,9,01250,1,99,9,99,9",,,"00,1","SYN11007590 416// 80000 10181 29059 70000 886// 91140 333 4/000 90750 93100 555 7//// 8//// 1//// ///00 ///// /////=",
"07590099999","2020-08-26T08:00:00","4","44.81","6.195333","1270.0","LES PORTES EN VALGAUDEMAR, FR","FM-12","99999","V020","999,9,C,9999,9","22000,1,9,N","999999,9,9,9","+0132,1","+9999,9","99999,9","24,0000,9,1","9999,1,9,999999,9,9","99,000,3,1","0,1,02,1","0,1,02,1","99,9,+99999,9,00,1",,"9,MSL   ,+99999,+99999","02,99,1,00,1,99,9,99999,9,99,9,99,9","240,M,+0266,1","240,N,+0082,1","00,1","SYN12807590 219// 20000 10132 29062 70000 80002 90535 333 10266 20082 4/000 70000 90768 93100 555 7//// 8//// 1//// ///00 ///// /////=","Q01    003SCCGA1"
"07590099999","2020-08-30T13:00:00","4","44.81","6.195333","1270.0","LES PORTES EN VALGAUDEMAR, FR","FM-12","99999","V020","999,9,C,9999,9","99999,9,9,N","999999,9,9,9","+0126,1","+9999,9","99999,9",,"9999,1,9,999999,9,9","99,000,3,1","0,1,02,1","0,1,02,1","08,1,+00450,1,07,1",,"9,MSL   ,+99999,+99999","08,99,1,08,1,99,9,00450,1,99,9,99,9",,,"00,1","SYN11007590 414// 80000 10126 29066 70000 886// 91140 333 4/000 90750 93100 555 7//// 8//// 1//// ///00 ///// /////=",
"07590099999","2020-09-14T13:00:00","4","44.81","6.195333","1270.0","LES PORTES EN VALGAUDEMAR, FR","FM-12","99999","V020","999,9,C,9999,9","22000,1,9,N","999999,9,9,9","+0244,1","+9999,9","99999,9",,"9999,1,9,999999,9,9","99,000,3,1","0,1,02,1","0,1,02,1","01,1,+01750,1,07,1","99,9,+99999,9,03,1","9,MSL   ,+99999,+99999","03,99,1,01,1,99,9,01750,1,99,9,99,9",,,"00,1","SYN11007590 417// 30000 10244 29046 70000 81630 91140 333 4/000 90750 93100 555 7//// 8//// 1//// ///00 ///// /////=",
"07590099999","2020-09-23T13:00:00","4","44.81","6.195333","1270.0","LES PORTES EN VALGAUDEMAR, FR","FM-12","99999","V020","999,9,C,9999,9","99999,9,9,N","999999,9,9,9","+0174,1","+9999,9","99999,9",,"9999,1,9,999999,9,9","99,000,3,1","0,1,02,1","0,1,02,1","03,1,+01250,1,07,1","99,9,+99999,9,03,1","9,MSL   ,+99999,+99999","06,99,1,03,1,99,9,01250,1,99,9,99,9",,,"00,1","SYN11007590 416// 60000 10174 29055 70000 83630 91140 333 4/000 90750 93100 555 7//// 8//// 1//// ///00 ///// /////=",
"07590099999","2020-10-04T13:00:00","4","44.81","6.195333","1270.0","LES PORTES EN VALGAUDEMAR, FR","FM-12","99999","V020","999,9,C,9999,9","99999,9,9,N","999999,9,9,9","+0071,1","+9999,9","99999,9",,"9999,1,9,999999,9,9","99,000,3,1","6,1,02,1","0,1,02,1","08,1,+01250,1,06,1","99,9,+99999,9,04,1","9,MSL   ,+99999,+99999","08,99,1,08,1,99,9,01250,1,99,9,99,9",,,"60,1","SYN11007590 416// 80000 10071 29069 76060 8851/ 91140 333 4/000 90750 93100 555 70180 8//// 1//// ///00 ///// /////=",
"07590099999","2020-10-05T13:00:00","4","44.81","6.195333","1270.0","LES PORTES EN VALGAUDEMAR, FR","FM-12","99999","V020","999,9,C,9999,9","99999,9,9,N","999999,9,9,9","+0099,1","+9999,9","99999,9",,"9999,1,9,999999,9,9","99,000,3,1","0,1,02,1","0,1,02,1","03,1,+00800,1,07,1","99,9,+99999,9,03,1","9,MSL   ,+99999,+99999","06,99,1,03,1,99,9,00800,1,99,9,99,9",,,"00,1","SYN11007590 415// 60000 10099 29067 70000 83630 91140 333 4/000 90750 93100 555 7//// 8//// 1//// ///00 ///// /////=",
"07590099999","2020-10-07T13:00:00","4","44.81","6.195333","1270.0","LES PORTES EN VALGAUDEMAR, FR","FM-12","99999","V020","999,9,C,9999,9","22000,1,9,N","999999,9,9,9","+0107,1","+9999,9","99999,9",,"9999,1,9,999999,9,9","99,000,3,1","0,1,02,1","0,1,02,1","02,1,+01250,1,07,1",,"9,MSL   ,+99999,+99999","02,99,1,02,1,99,9,01250,1,99,9,99,9",,,"00,1","SYN11007590 416// 20000 10107 29063 70000 82600 91140 333 4/000 90750 93100 555 7//// 8//// 1//// ///00 ///// /////=",
"07590099999","2020-10-09T08:00:00","4","44.81","6.195333","1270.0","LES PORTES EN VALGAUDEMAR, FR","FM-12","99999","V020","999,9,C,9999,9","99999,9,9,N","999999,9,9,9","+0052,1","+9999,9","99999,9","24,0000,9,1","9999,1,9,999999,9,9","99,000,3,1","0,1,02,1","0,1,02,1","06,1,+99999,9,03,1",,"9,MSL   ,+99999,+99999","06,99,1,06,1,99,9,99999,9,99,9,99,9","240,M,+0142,1","240,N,+0026,1","00,1","SYN12807590 219// 60000 10052 29069 70000 86030 90540 333 10142 20026 4/000 70000 90768 93100 555 7//// 8//// 1//// ///00 ///// /////=",
"07590099999","2020-10-13T13:00:00","4","44.81","6.195333","1270.0","LES PORTES EN VALGAUDEMAR, FR","FM-12","99999","V020","999,9,C,9999,9","99999,9,9,N","999999,9,9,9","+0072,1","+9999,9","99999,9",,"9999,1,9,999999,9,9",,"0,1,02,1","0,1,02,1","06,1,+99999,9,04,1",,"9,MSL   ,+99999,+99999","06,99,1,06,1,99,9,99999,9,99,9,99,9",,,"00,1","SYN11007590 419// 60000 10072 29058 70000 86010 91150 333 4//// 90750 931// 555 7//// 8//// 1//// ///00 ///// /////=",
"07590099999","2020-10-16T13:00:00","4","44.81","6.195333","1270.0","LES PORTES EN VALGAUDEMAR, FR","FM-12","99999","V020","999,9,C,9999,9","99999,9,9,N","999999,9,9,9","+0054,1","+9999,9","99999,9",,"9999,1,9,999999,9,9",,"0,1,02,1","0,1,02,1","08,1,+00800,1,07,1",,"9,MSL   ,+99999,+99999","08,99,1,08,1,99,9,00800,1,99,9,99,9",,,"00,1","SYN11007590 415// 80000 10054 29061 70000 886// 91145 333 4//// 90750 931// 555 7//// 8//// 1//// ///00 ///// /////=",
"07590099999","2020-10-20T13:00:00","4","44.81","6.195333","1270.0","LES PORTES EN VALGAUDEMAR, FR","FM-12","99999","V020","999,9,C,9999,9","99999,9,9,N","999999,9,9,9","+0151,1","+9999,9","99999,9",,"9999,1,9,999999,9,9",,"0,1,02,1","0,1,02,1","99,9,+99999,9,00,1",,"9,MSL   ,+99999,+99999","06,99,1,00,1,99,9,99999,9,99,9,99,9",,,"00,1","SYN11007590 419// 60000 10151 29049 70000 80002 91150 333 4//// 90750 931// 555 7//// 8//// 1//// ///00 ///// /////=","Q01    003SCCGA1"
"07590099999","2020-10-22T13:00:00","4","44.81","6.195333","1270.0","LES PORTES EN VALGAUDEMAR, FR","FM-12","99999","V020","999,9,C,9999,9","99999,9,9,N","999999,9,9,9","+0113,1","+9999,9","99999,9",,"9999,1,9,999999,9,9","99,000,3,1","6,1,02,1","0,1,02,1","08,1,+00250,1,07,1",,"9,MSL   ,+99999,+99999","08,99,1,08,1,99,9,00250,1,99,9,99,9",,,"60,1","SYN11007590 413// 80000 10113 29083 76060 886// 91140 333 4/000 90750 93100 555 7//// 8//// 1//// ///00 ///// /////=",
"07590099999","2020-10-24T13:00:00","4","44.81","6.195333","1270.0","LES PORTES EN VALGAUDEMAR, FR","FM-12","99999","V020","999,9,C,9999,9","22000,1,9,N","999999,9,9,9","+0102,1","+9999,9","99999,9",,"9999,1,9,999999,9,9","99,000,3,1","0,1,02,1","0,1,02,1","03,1,+00450,1,07,1",,"9,MSL   ,+99999,+99999","03,99,1,03,1,99,9,00450,1,99,9,99,9",,,"00,1","SYN11007590 414// 30000 10102 29065 70000 83600 91130 333 4/000 90750 93100 555 7//// 8//// 1//// ///00 ///// /////=",
"07590099999","2020-10-25T08:00:00","4","44.81","6.195333","1270.0","LES PORTES EN VALGAUDEMAR, FR","FM-12","99999","V020","999,9,C,9999,9","22000,1,9,N","999999,9,9,9","+0031,1","+9999,9","99999,9","24,0000,9,1","9999,1,9,999999,9,9","99,000,3,1","0,1,02,1","0,1,02,1","99,9,+99999,9,00,1",,"9,MSL   ,+99999,+99999","02,99,1,00,1,99,9,99999,9,99,9,99,9","240,M,+0109,1","240,N,+0012,1","00,1","SYN12807590 219// 20000 10031 29071 70000 80002 90610 333 10109 20012 4/000 70000 90768 93100 555 7//// 8//// 1//// ///00 ///// /////=","Q01    003SCCGA1"
"07590099999","2020-10-25T13:00:00","4","44.81","6.195333","1270.0","LES PORTES EN VALGAUDEMAR, FR","FM-12","99999","V020","180,1,N,0020,1","22000,1,9,N","999999,9,9,9","+0157,1","+9999,9","99999,9",,"9999,1,9,999999,9,9","99,000,3,1","0,1,02,1","0,1,02,1","99,9,+99999,9,00,1",,"9,MSL   ,+99999,+99999","04,99,1,00,1,99,9,99999,9,99,9,99,9",,,"00,1","SYN11007590 419// 41802 10157 29037 70000 80002 91205 333 4/000 90750 93100 555 7//// 8//// 1//// ///00 ///// /////=","Q01    003SCCGA1"
"07590099999","2020-10-26T08:00:00","4","44.81","6.195333","1270.0","LES PORTES EN VALGAUDEMAR, FR","FM-12","99999","V020","999,9,C,9999,9","99999,9,9,N","999999,9,9,9","+0045,1","+9999,9","99999,9","24,0302,3,1","9999,1,9,999999,9,9","99,000,3,1","6,1,02,1","0,1,02,1","08,1,+00450,1,07,1",,"9,MSL   ,+99999,+99999","08,99,1,08,1,99,9,00450,1,99,9,99,9","240,M,+0159,1","240,N,+0037,1","60,1","SYN12807590 214// 80000 10045 29087 76060 886// 90620 333 10159 20037 4/000 70302 90768 93100 555 70170 8//// 1//// ///00 ///// /////=",
"07590099999","2020-10-26T13:00:00","4","44.81","6.195333","1270.0","LES PORTES EN VALGAUDEMAR, FR","FM-12","99999","V020","999,9,C,9999,9","99999,9,9,N","999999,9,9,9","+0031,1","+9999,9","99999,9",,"9999,1,9,999999,9,9","99,000,3,1","6,1,02,1","0,1,02,1","08,1,+00250,1,07,1",,"9,MSL   ,+99999,+99999","08,99,1,08,1,99,9,00250,1,99,9,99,9",,,"00,1","SYN11007590 413// 80000 10031 29086 70060 886// 91240 333 4/000 90750 93100 555 7//// 8//// 1//// ///00 ///// /////=",
"07590099999","2020-10-27T08:00:00","4","44.81","6.195333","1270.0","LES PORTES EN VALGAUDEMAR, FR","FM-12","99999","V020","999,9,C,9999,9","22000,1,9,N","999999,9,9,9","+0011,1","+9999,9","99999,9","24,0075,3,1","9999,1,9,999999,9,9","99,000,3,1","6,1,02,1","0,1,02,1","03,1,+00450,1,07,1",,"9,MSL   ,+99999,+99999","03,99,1,03,1,99,9,00450,1,99,9,99,9","240,M,+0059,1","240,N,+0001,1","00,1","SYN12807590 214// 30000 10011 29086 70060 83600 90700 333 10059 20001 4/000 70075 90768 93100 555 70180 8//// 1//// ///00 ///// /////=",
"07590099999","2020-10-27T13:00:00","4","44.81","6.195333","1270.0","LES PORTES EN VALGAUDEMAR, FR","FM-12","99999","V020","360,1,N,0020,1","22000,1,9,N","999999,9,9,9","+0076,1","+9999,9","99999,9",,"9999,1,9,999999,9,9","99,000,3,1","0,1,02,1","0,1,02,1","03,1,+01250,1,07,1",,"9,MSL   ,+99999,+99999","03,99,1,03,1,99,9,01250,1,99,9,99,9",,,"00,1","SYN11007590 416// 33602 10076 29062 70000 83600 91240 333 4/000 90750 93100 555 7//// 8//// 1//// ////0 ///// /////=",
"07590099999","2020-10-28T08:00:00","4","44.81","6.195333","1270.0","LES PORTES EN VALGAUDEMAR, FR","FM-12","99999","V020","999,9,C,9999,9","99999,9,9,N","999999,9,9,9","+0044,1","+9999,9","99999,9","24,0002,3,1","9999,1,9,999999,9,9","99,000,3,1","6,1,02,1","0,1,02,1","03,1,+01250,1,06,1","99,9,+99999,9,03,1","9,MSL   ,+99999,+99999","07,99,1,03,1,99,9,01250,1,99,9,99,9","240,M,+0081,1","240,N,+0006,1","00,1","SYN12807590 216// 70000 10044 29080 70060 83530 90650 333 10081 20006 4/000 70002 90768 93100 555 7//// 8//// 1//// ///00 ///// /////=",
"07590099999","2020-10-28T13:00:00","4","44.81","6.195333","1270.0","LES PORTES EN VALGAUDEMAR, FR","FM-12","99999","V020","999,9,C,9999,9","99999,9,9,N","999999,9,9,9","+0116,1","+9999,9","99999,9",,"9999,1,9,999999,9,9","99,000,3,1","0,1,02,1","0,1,02,1","04,1,+01750,1,07,1","99,9,+99999,9,03,1","9,MSL   ,+99999,+99999","06,99,1,04,1,99,9,01750,1,99,9,99,9",,,"00,1","SYN11007590 417// 60000 10116 29066 70000 84630 91240 333 4/000 90750 93100 555 7//// 8//// 1//// ///00 ///// /////=",
"07590099999","2020-10-29T08:00:00","4","44.81","6.195333","1270.0","LES PORTES EN VALGAUDEMAR, FR","FM-12","99999","V020","999,9,C,9999,9","99999,9,9,N","999999,9,9,9","+0055,1","+9999,9","99999,9","24,0000,9,1","9999,1,9,999999,9,9","99,000,3,1","0,1,02,1","0,1,02,1","08,1,+01750,1,06,1",,"9,MSL   ,+99999,+99999","08,99,1,08,1,99,9,01750,1,99,9,99,9","240,M,+0129,1","240,N,+0031,1","00,1","SYN12807590 217// 80000 10055 29080 70000 885// 90645 333 10129 20031 4/000 70000 90768 93100 555 7//// 8//// 1//// ///00 ///// /////=",
"07590099999","2020-10-29T13:00:00","4","44.81","6.195333","1270.0","LES PORTES EN VALGAUDEMAR, FR","FM-12","99999","V020","999,9,C,9999,9","99999,9,9,N","999999,9,9,9","+0112,1","+9999,9","99999,9",,"9999,1,9,999999,9,9","99,000,3,1","0,1,02,1","0,1,02,1","03,1,+00800,1,07,1","99,9,+99999,9,00,1","9,MSL   ,+99999,+99999","05,99,1,03,1,99,9,00800,1,99,9,99,9",,,"00,1","SYN11007590 415// 50000 10112 29062 70000 83602 91240 333 4/000 90750 93100 555 7//// 8//// 1//// ///00 ///// /////=",
"07590099999","2020-10-30T08:00:00","4","44.81","6.195333","1270.0","LES PORTES EN VALGAUDEMAR, FR","FM-12","99999","V020","999,9,C,9999,9","22000,1,9,N","999999,9,9,9","+0040,1","+9999,9","99999,9","24,0000,9,1","9999,1,9,999999,9,9","99,000,3,1","0,1,02,1","0,1,02,1","99,9,+99999,9,00,1",,"9,MSL   ,+99999,+99999","03,99,1,00,1,99,9,99999,9,99,9,99,9","240,M,+0116,1","240,N,+0021,1","00,1","SYN12807590 219// 30000 10040 29077 70000 80002 90710 333 10116 20021 4/000 70000 90768 93100 555 7//// 8//// 1//// ///00 ///// /////=","Q01    003SCCGA1"
"07590099999","2020-10-30T13:00:00","4","44.81","6.195333","1270.0","LES PORTES EN VALGAUDEMAR, FR","FM-12","99999","V020","999,9,C,9999,9","22000,1,9,N","999999,9,9,9","+0146,1","+9999,9","99999,9",,"9999,1,9,999999,9,9",,"0,1,02,1","0,1,02,1","99,9,+00800,1,99,9",,"9,MSL   ,+99999,+99999","02,99,1,00,1,99,9,00800,1,99,9,99,9",,,"00,1","SYN11007590 415// 20000 10146 29058 70000 80000 91245 333 4//// 90750 931// 555 7//// 8//// 1//// ///20 ///// /////=","Q01    003SCCGA1"
"07590099999","2020-10-31T08:00:00","4","44.81","6.195333","1270.0","LES PORTES EN VALGAUDEMAR, FR","FM-12","99999","V020","999,9,C,9999,9","22000,1,9,N","999999,9,9,9","+0080,1","+9999,9","99999,9","24,0000,9,1","9999,1,9,999999,9,9",,"0,1,02,1","0,1,02,1","99,9,+99999,9,00,1",,"9,MSL   ,+99999,+99999","03,99,1,00,1,99,9,99999,9,99,9,99,9","240,M,+0156,1","240,N,+0039,1","00,1","SYN12807590 219// 30000 10080 29068 70000 80002 90650 333 10156 20039 4//// 70000 90768 931// 555 7//// 8//// 1//// ///00 ///// /////=","Q01    003SCCGA1"
"07590099999","2020-10-31T13:00:00","4","44.81","6.195333","1270.0","LES PORTES EN VALGAUDEMAR, FR","FM-12","99999","V020","999,9,C,9999,9","22000,1,9,N","999999,9,9,9","+0184,1","+9999,9","99999,9",,"9999,1,9,999999,9,9","99,000,3,1","0,1,02,1","0,1,02,1","99,9,+99999,9,00,1",,"9,MSL   ,+99999,+99999","02,99,1,00,1,99,9,99999,9,99,9,99,9",,,"00,1","SYN11007590 419// 20000 10184 29037 70000 80002 91250 333 4/000 90750 93100 555 7//// 8//// 1//// ///00 ///// /////=","Q01    003SCCGA1"
"07590099999","2020-11-01T08:00:00","4","44.81","6.195333","1270.0","LES PORTES EN VALGAUDEMAR, FR","FM-12","99999","V020","999,9,C,9999,9","99999,9,9,N","999999,9,9,9","+0083,1","+9999,9","99999,9","24,0000,9,1","9999,1,9,999999,9,9","99,000,3,1","0,1,02,1","0,1,02,1","02,1,+99999,9,03,1","99,9,+99999,9,00,1","9,MSL   ,+99999,+99999","06,99,1,02,1,99,9,99999,9,99,9,99,9","240,M,+0194,1","240,N,+0044,1","00,1","SYN12807590 219// 60000 10083 29047 70000 82032 90645 333 10194 20044 4/000 70000 90768 93100 555 7//// 8//// 1//// ///00 ///// /////=",
"07590099999","2020-11-01T13:00:00","4","44.81","6.195333","1270.0","LES PORTES EN VALGAUDEMAR, FR","FM-12","99999","V020","999,9,C,9999,9","99999,9,9,N","999999,9,9,9","+0149,1","+9999,9","99999,9",,"9999,1,9,999999,9,9","99,000,3,1","0,1,02,1","0,1,02,1","05,1,+99999,9,03,1",,"9,MSL   ,+99999,+99999","05,99,1,05,1,99,9,99999,9,99,9,99,9",,,"00,1","SYN11007590 419// 50000 10149 29038 70000 85030 91250 333 4/000 90750 93100 555 7//// 8//// 1//// ///00 ///// /////=",
"07590099999","2020-11-02T08:00:00","4","44.81","6.195333","1270.0","LES PORTES EN VALGAUDEMAR, FR","FM-12","99999","V020","999,9,C,9999,9","22000,1,9,N","999999,9,9,9","+0082,1","+9999,9","99999,9","24,0000,9,1","9999,1,9,999999,9,9","99,000,3,1","0,1,02,1","0,1,02,1","99,9,+99999,9,00,1",,"9,MSL   ,+99999,+99999","01,99,1,00,1,99,9,99999,9,99,9,99,9","240,M,+0159,1","240,N,+0040,1","00,1","SYN12807590 219// 10000 10082 29069 70000 80002 90655 333 10159 20040 4/000 70000 90768 93100 555 7//// 8//// 1//// ///00 ///// /////=","Q01    003SCCGA1"
"07590099999","2020-11-02T13:00:00","4","44.81","6.195333","1270.0","LES PORTES EN VALGAUDEMAR, FR","FM-12","99999","V020","999,9,C,9999,9","99999,9,9,N","999999,9,9,9","+0174,1","+9999,9","99999,9",,"9999,1,9,999999,9,9","99,000,3,1","0,1,02,1","0,1,02,1","00,1,+99999,9,99,9",,"9,MSL   ,+99999,+99999","99,99,9,00,1,99,9,99999,9,99,9,99,9",,,"00,1","SYN11007590 419// 00000 10174 29048 70000 80000 91230 333 4/000 90750 93100 555 7//// 8//// 1//// ///00 ///// /////=",
"07590099999","2020-11-03T13:00:00","4","44.81","6.195333","1270.0","LES PORTES EN VALGAUDEMAR, FR","FM-12","99999","V020","999,9,C,9999,9","99999,9,9,N","999999,9,9,9","+0121,1","+9999,9","99999,9",,"9999,1,9,999999,9,9","99,000,3,1","0,1,02,1","0,1,02,1","07,1,+01750,1,06,1",,"9,MSL   ,+99999,+99999","07,99,1,07,1,99,9,01750,1,99,9,99,9",,,"00,1","SYN11007590 417// 70000 10121 29061 70000 87500 91240 333 4/000 90750 93100 555 7//// 8//// 1//// ///00 ///// /////=",
"07590099999","2020-11-04T08:00:00","4","44.81","6.195333","1270.0","LES PORTES EN VALGAUDEMAR, FR","FM-12","99999","V020","999,9,C,9999,9","99999,9,9,N","999999,9,9,9","+0029,1","+9999,9","99999,9","24,0008,3,1","9999,1,9,999999,9,9","99,000,3,1","6,1,02,1","4,1,02,1","08,1,+00025,1,07,1",,"9,MSL   ,+99999,+99999","08,99,1,08,1,99,9,00025,1,99,9,99,9","240,M,+0136,1","240,N,+0014,1","44,1","SYN12807590 210// 80000 10029 29088 74464 886// 90640 333 10136 20014 4/000 70008 90768 93100 555 7//// 8//// 1//// ///00 ///// /////=",
"07590099999","2020-11-04T13:00:00","4","44.81","6.195333","1270.0","LES PORTES EN VALGAUDEMAR, FR","FM-12","99999","V020","999,9,C,9999,9","99999,9,9,N","999999,9,9,9","+0063,1","+9999,9","99999,9",,"9999,1,9,999999,9,9","99,000,3,1","0,1,02,1","0,1,02,1","08,1,+00450,1,07,1",,"9,MSL   ,+99999,+99999","08,99,1,08,1,99,9,00450,1,99,9,99,9",,,"00,1","SYN11007590 414// 80000 10063 29081 70000 886// 91245 333 4/000 90750 93100 555 7//// 8//// 1//// ///00 ///// /////=",
"07590099999","2020-11-05T13:00:00","4","44.81","6.195333","1270.0","LES PORTES EN VALGAUDEMAR, FR","FM-12","99999","V020","999,9,C,9999,9","99999,9,9,N","999999,9,9,9","+0090,1","+9999,9","99999,9",,"9999,1,9,999999,9,9","99,000,3,1","0,1,02,1","0,1,02,1","00,1,+99999,9,99,9",,"9,MSL   ,+99999,+99999","99,99,9,00,1,99,9,99999,9,99,9,99,9",,,"00,1","SYN11007590 419// 00000 10090 29071 70000 80000 91240 333 4/000 90750 93100 555 7//// 8//// 1//// ///00 ///// /////=",
"07590099999","2020-11-06T13:00:00","4","44.81","6.195333","1270.0","LES PORTES EN VALGAUDEMAR, FR","FM-12","99999","V020","999,9,C,9999,9","99999,9,9,N","999999,9,9,9","+0136,1","+9999,9","99999,9",,"9999,1,9,999999,9,9","99,000,3,1","0,1,02,1","0,1,02,1","00,1,+99999,9,99,9",,"9,MSL   ,+99999,+99999","99,99,9,00,1,99,9,99999,9,99,9,99,9",,,"00,1","SYN11007590 419// 00000 10136 29052 70000 80000 91250 333 4/000 90750 93100 555 7//// 8//// 1//// ///00 ///// /////=",
"07590099999","2020-11-07T08:00:00","4","44.81","6.195333","1270.0","LES PORTES EN VALGAUDEMAR, FR","FM-12","99999","V020","999,9,C,9999,9","22000,1,9,N","999999,9,9,9","+0070,1","+9999,9","99999,9","24,0000,9,1","9999,1,9,999999,9,9","99,000,3,1","0,1,02,1","0,1,02,1","99,9,+99999,9,00,1",,"9,MSL   ,+99999,+99999","03,99,1,00,1,99,9,99999,9,99,9,99,9","240,M,+0142,1","240,N,+0042,1","00,1","SYN12807590 219// 30000 10070 29070 70000 80002 90650 333 10142 20042 4/000 70000 90768 93100 555 7//// 8//// 1//// ///00 ///// /////=","Q01    003SCCGA1"
"07590099999","2020-11-07T13:00:00","4","44.81","6.195333","1270.0","LES PORTES EN VALGAUDEMAR, FR","FM-12","99999","V020","999,9,C,9999,9","99999,9,9,N","999999,9,9,9","+0134,1","+9999,9","99999,9",,"9999,1,9,999999,9,9","99,000,3,1","0,1,02,1","0,1,02,1","05,1,+01750,1,06,1","99,9,+99999,9,00,1","9,MSL   ,+99999,+99999","08,99,1,05,1,99,9,01750,1,99,9,99,9",,,"00,1","SYN11007590 417// 80000 10134 29052 70000 85502 91250 333 4/000 90750 93100 555 7//// 8//// 1//// ///00 ///// /////=",
"07590099999","2020-11-08T13:00:00","4","44.81","6.195333","1270.0","LES PORTES EN VALGAUDEMAR, FR","FM-12","99999","V020","999,9,C,9999,9","99999,9,9,N","999999,9,9,9","+0089,1","+9999,9","99999,9",,"9999,1,9,999999,9,9","99,000,3,1","6,1,02,1","0,1,02,1","08,1,+00150,1,07,1",,"9,MSL   ,+99999,+99999","08,99,1,08,1,99,9,00150,1,99,9,99,9",,,"60,1","SYN11007590 412// 80000 10089 29086 76060 886// 91245 333 4/000 90750 93100 555 7//// 8//// 1//// ///00 ///// /////=",
"07590099999","2020-11-09T13:00:00","4","44.81","6.195333","1270.0","LES PORTES EN VALGAUDEMAR, FR","FM-12","99999","V020","999,9,C,9999,9","99999,9,9,N","999999,9,9,9","+0130,1","+9999,9","99999,9",,"9999,1,9,999999,9,9","99,000,3,1","0,1,02,1","0,1,02,1","00,1,+99999,9,99,9",,"9,MSL   ,+99999,+99999","99,99,9,00,1,99,9,99999,9,99,9,99,9",,,"00,1","SYN11007590 419// 00000 10130 29052 70000 80000 91240 333 4/000 90750 93100 555 7//// 8//// 1//// ///00 ///// /////=",
"07590099999","2020-11-11T13:00:00","4","44.81","6.195333","1270.0","LES PORTES EN VALGAUDEMAR, FR","FM-12","99999","V020","999,9,C,9999,9","22000,1,9,N","999999,9,9,9","+0109,1","+9999,9","99999,9",,"9999,1,9,999999,9,9",,"0,1,02,1","0,1,02,1","01,1,+99999,9,03,1",,"9,MSL   ,+99999,+99999","01,99,1,01,1,99,9,99999,9,99,9,99,9",,,"00,1","SYN11007590 419// 10000 10109 29048 70000 81030 91230 333 4//// 90750 931// 555 7//// 8//// 1//// ///00 ///// /////=",
"07590099999","2020-11-12T08:00:00","4","44.81","6.195333","1270.0","LES PORTES EN VALGAUDEMAR, FR","FM-12","99999","V020","999,9,C,9999,9","22000,1,9,N","999999,9,9,9","+0032,1","+9999,9","99999,9","24,0000,9,1","9999,1,9,999999,9,9","99,000,3,1","0,1,02,1","0,1,02,1","99,9,+99999,9,00,1",,"9,MSL   ,+99999,+99999","04,99,1,00,1,99,9,99999,9,99,9,99,9","240,M,+0111,1","240,N,-0007,1","00,1","SYN12807590 219// 40000 10032 29069 70000 80002 90650 333 10111 21007 4/000 70000 90768 93100 555 7//// 8//// 1//// ///00 ///// /////=","Q01    003SCCGA1"
"07590099999","2020-11-12T13:00:00","4","44.81","6.195333","1270.0","LES PORTES EN VALGAUDEMAR, FR","FM-12","99999","V020","999,9,C,9999,9","22000,1,9,N","999999,9,9,9","+0110,1","+9999,9","99999,9",,"9999,1,9,999999,9,9","99,000,3,1","0,1,02,1","0,1,02,1","01,1,+01750,1,07,1",,"9,MSL   ,+99999,+99999","01,99,1,01,1,99,9,01750,1,99,9,99,9",,,"00,1","SYN11007590 417// 10000 10110 29053 70000 81600 91230 333 4/000 90750 93100 555 7//// 8//// 1//// ///00 ///// /////=",
"07590099999","2020-11-13T13:00:00","4","44.81","6.195333","1270.0","LES PORTES EN VALGAUDEMAR, FR","FM-12","99999","V020","999,9,C,9999,9","22000,1,9,N","999999,9,9,9","+0105,1","+9999,9","99999,9",,"9999,1,9,999999,9,9","99,000,3,1","0,1,02,1","0,1,02,1","04,1,+01750,1,03,1",,"9,MSL   ,+99999,+99999","04,99,1,04,1,99,9,01750,1,99,9,99,9",,,"00,1","SYN11007590 417// 40000 10105 29050 70000 84030 91240 333 4/000 90750 93100 555 7//// 8//// 1//// ///00 ///// /////=",
"07590099999","2020-11-14T08:00:00","4","44.81","6.195333","1270.0","LES PORTES EN VALGAUDEMAR, FR","FM-12","99999","V020","999,9,C,9999,9","99999,9,9,N","999999,9,9,9","+0032,1","+9999,9","99999,9","24,0000,9,1","9999,1,9,999999,9,9","99,000,3,1","0,1,02,1","0,1,02,1","00,1,+99999,9,99,9",,"9,MSL   ,+99999,+99999","99,99,9,00,1,99,9,99999,9,99,9,99,9","240,M,+0108,1","240,N,+0009,1","00,1","SYN12807590 219// 00000 10032 29070 70000 80000 90645 333 10108 20009 4/000 70000 90768 93100 555 7//// 8//// 1//// ///00 ///// /////=",
"07590099999","2020-11-14T13:00:00","4","44.81","6.195333","1270.0","LES PORTES EN VALGAUDEMAR, FR","FM-12","99999","V020","999,9,C,9999,9","99999,9,9,N","999999,9,9,9","+0118,1","+9999,9","99999,9",,"9999,1,9,999999,9,9","99,000,3,1","0,1,02,1","0,1,02,1","00,1,+99999,9,99,9",,"9,MSL   ,+99999,+99999","99,99,9,00,1,99,9,99999,9,99,9,99,9",,,"00,1","SYN11007590 419// 00000 10118 29053 70000 80000 91240 333 4/000 90750 93100 555 7//// 8//// 1//// ///00 ///// /////=",
"07590099999","2020-11-15T08:00:00","4","44.81","6.195333","1270.0","LES PORTES EN VALGAUDEMAR, FR","FM-12","99999","V020","999,9,C,9999,9","22000,1,9,N","999999,9,9,9","+0028,1","+9999,9","99999,9","24,0000,9,1","9999,1,9,999999,9,9","99,000,3,1","0,1,02,1","0,1,02,1","99,9,+99999,9,00,1",,"9,MSL   ,+99999,+99999","02,99,1,00,1,99,9,99999,9,99,9,99,9","240,M,+0121,1","240,N,-0002,1","00,1","SYN12807590 219// 20000 10028 29077 70000 80002 90650 333 10121 21002 4/000 70000 90768 93100 555 7//// 8//// 1//// ///00 ///// /////=","Q01    003SCCGA1"
"07590099999","2020-11-15T13:00:00","4","44.81","6.195333","1270.0","LES PORTES EN VALGAUDEMAR, FR","FM-12","99999","V020","999,9,C,9999,9","99999,9,9,N","999999,9,9,9","+0091,1","+9999,9","99999,9",,"9999,1,9,999999,9,9","99,000,3,1","0,1,02,1","0,1,02,1","08,1,+01750,1,06,1",,"9,MSL   ,+99999,+99999","08,99,1,08,1,99,9,01750,1,99,9,99,9",,,"00,1","SYN11007590 417// 80000 10091 29068 70000 885// 91245 333 4/000 90750 93100 555 7//// 8//// 1//// ///00 ///// /////=",
"07590099999","2020-11-16T08:00:00","4","44.81","6.195333","1270.0","LES PORTES EN VALGAUDEMAR, FR","FM-12","99999","V020","999,9,C,9999,9","99999,9,9,N","999999,9,9,9","+0049,1","+9999,9","99999,9","24,0208,3,1","9999,1,9,999999,9,9","99,000,3,1","6,1,02,1","0,1,02,1","09,1,+99999,9,99,9",,"9,MSL   ,+99999,+99999","09,99,1,09,1,99,9,99999,9,99,9,99,9","240,M,+0102,1","240,N,+0028,1","45,1","SYN12807590 21/// 90000 10049 29089 74560 89/// 90645 333 10102 20028 4/000 70208 90768 93100 555 70200 8//// 1//// ////0 ///// /////=",
"07590099999","2020-11-16T13:00:00","4","44.81","6.195333","1270.0","LES PORTES EN VALGAUDEMAR, FR","FM-12","99999","V020","999,9,C,9999,9","22000,1,9,N","999999,9,9,9","+0064,1","+9999,9","99999,9",,"9999,1,9,999999,9,9","99,000,3,1","6,1,02,1","0,1,02,1","04,1,+00800,1,07,1",,"9,MSL   ,+99999,+99999","04,99,1,04,1,99,9,00800,1,99,9,99,9",,,"00,1","SYN11007590 415// 40000 10064 29068 70060 84600 91230 333 4/000 90750 93100 555 7//// 8//// 1//// ///00 ///// /////=",
"07590099999","2020-11-17T08:00:00","4","44.81","6.195333","1270.0","LES PORTES EN VALGAUDEMAR, FR","FM-12","99999","V020","999,9,C,9999,9","22000,1,9,N","999999,9,9,9","+0002,1","+9999,9","99999,9","24,0002,3,1","9999,1,9,999999,9,9","99,000,3,1","0,1,02,1","0,1,02,1","99,9,+99999,9,00,1",,"9,MSL   ,+99999,+99999","04,99,1,00,1,99,9,99999,9,99,9,99,9","240,M,+0072,1","240,N,-0007,1","00,1","SYN12807590 219// 40000 10002 29082 70000 80002 90650 333 10072 21007 4/000 70002 90768 93100 555 7//// 8//// 1//// ///00 ///// /////=","Q01    003SCCGA1"
"07590099999","2020-11-17T13:00:00","4","44.81","6.195333","1270.0","LES PORTES EN VALGAUDEMAR, FR","FM-12","99999","V020","360,1,N,0020,1","22000,1,9,N","999999,9,9,9","+0073,1","+9999,9","99999,9",,"9999,1,9,999999,9,9","99,000,3,1","0,1,02,1","0,1,02,1","99,9,+99999,9,00,1",,"9,MSL   ,+99999,+99999","02,99,1,00,1,99,9,99999,9,99,9,99,9",,,"00,1","SYN11007590 419// 23602 10073 29063 70000 80002 91220 333 4/000 90750 93100 555 7//// 8//// 1//// ///00 ///// /////=","Q01    003SCCGA1"
"07590099999","2020-11-18T13:00:00","4","44.81","6.195333","1270.0","LES PORTES EN VALGAUDEMAR, FR","FM-12","99999","V020","999,9,C,9999,9","99999,9,9,N","999999,9,9,9","+0143,1","+9999,9","99999,9",,"9999,1,9,999999,9,9","99,000,3,1","0,1,02,1","0,1,02,1","00,1,+99999,9,99,9",,"9,MSL   ,+99999,+99999","99,99,9,00,1,99,9,99999,9,99,9,99,9",,,"00,1","SYN11007590 419// 00000 10143 29039 70000 80000 91220 333 4/000 90750 93100 555 7//// 8//// 1//// ///00 ///// /////=",
"07590099999","2020-11-19T08:00:00","4","44.81","6.195333","1270.0","LES PORTES EN VALGAUDEMAR, FR","FM-12","99999","V020","999,9,C,9999,9","99999,9,9,N","999999,9,9,9","+0044,1","+9999,9","99999,9","24,0000,9,1","9999,1,9,999999,9,9","99,000,3,1","0,1,02,1","0,1,02,1","00,1,+99999,9,99,9",,"9,MSL   ,+99999,+99999","99,99,9,00,1,99,9,99999,9,99,9,99,9","240,M,+0146,1","240,N,+0022,1","00,1","SYN12807590 219// 00000 10044 29064 70000 80000 90710 333 10146 20022 4/000 70000 90768 93100 555 7//// 8//// 1//// ///00 ///// /////=",
"07590099999","2020-11-19T13:00:00","4","44.81","6.195333","1270.0","LES PORTES EN VALGAUDEMAR, FR","FM-12","99999","V020","360,1,N,0020,1","99999,9,9,N","999999,9,9,9","+0116,1","+9999,9","99999,9",,"9999,1,9,999999,9,9","99,000,3,1","0,1,02,1","0,1,02,1","03,1,+01750,1,06,1","99,9,+99999,9,03,1","9,MSL   ,+99999,+99999","05,99,1,03,1,99,9,01750,1,99,9,99,9",,,"00,1","SYN11007590 417// 53602 10116 29058 70000 83530 91230 333 4/000 90750 93100 555 7//// 8//// 1//// ///00 ///// /////=",
"07590099999","2020-11-20T08:00:00","4","44.81","6.195333","1270.0","LES PORTES EN VALGAUDEMAR, FR","FM-12","99999","V020","999,9,C,9999,9","99999,9,9,N","999999,9,9,9","-0012,1","+9999,9","99999,9","24,0000,9,1","9999,1,9,999999,9,9","99,000,3,1","0,1,02,1","0,1,02,1","00,1,+99999,9,99,9",,"9,MSL   ,+99999,+99999","99,99,9,00,1,99,9,99999,9,99,9,99,9","240,M,+0121,1","240,N,-0031,1","00,1","SYN12807590 219// 00000 11012 29071 70000 80000 90650 333 10121 21031 4/000 70000 90768 93100 555 7//// 8//// 1//// ///00 ///// /////=",
"07590099999","2020-11-20T13:00:00","4","44.81","6.195333","1270.0","LES PORTES EN VALGAUDEMAR, FR","FM-12","99999","V020","999,9,C,9999,9","22000,1,9,N","999999,9,9,9","+0044,1","+9999,9","99999,9",,"9999,1,9,999999,9,9","99,000,3,1","0,1,02,1","0,1,02,1","04,1,+00450,1,07,1",,"9,MSL   ,+99999,+99999","04,99,1,04,1,99,9,00450,1,99,9,99,9",,,"00,1","SYN11007590 414// 40000 10044 29064 70000 84600 91230 333 4/000 90750 93100 555 7//// 8//// 1//// ///00 ///// /////=",
"07590099999","2020-11-21T08:00:00","4","44.81","6.195333","1270.0","LES PORTES EN VALGAUDEMAR, FR","FM-12","99999","V020","999,9,C,9999,9","99999,9,9,N","999999,9,9,9","-0017,1","+9999,9","99999,9","24,0000,9,1","9999,1,9,999999,9,9","99,000,3,1","0,1,02,1","0,1,02,1","08,1,+00450,1,07,1",,"9,MSL   ,+99999,+99999","08,99,1,08,1,99,9,00450,1,99,9,99,9","240,M,+0047,1","240,N,-0042,1","00,1","SYN12807590 214// 80000 11017 29073 70000 886// 90645 333 10047 21042 4/000 70000 90768 93100 555 7//// 8//// 1//// ///00 ///// /////=",
"07590099999","2020-11-21T13:00:00","4","44.81","6.195333","1270.0","LES PORTES EN VALGAUDEMAR, FR","FM-12","99999","V020","999,9,C,9999,9","22000,1,9,N","999999,9,9,9","+0032,1","+9999,9","99999,9",,"9999,1,9,999999,9,9","99,000,3,1","0,1,02,1","0,1,02,1","99,9,+99999,9,00,1",,"9,MSL   ,+99999,+99999","03,99,1,00,1,99,9,99999,9,99,9,99,9",,,"00,1","SYN11007590 419// 30000 10032 29066 70000 80002 91220 333 4/000 90750 93100 555 7//// 8//// 1//// ///00 ///// /////=","Q01    003SCCGA1"
"07590099999","2020-11-22T08:00:00","4","44.81","6.195333","1270.0","LES PORTES EN VALGAUDEMAR, FR","FM-12","99999","V020","999,9,C,9999,9","99999,9,9,N","999999,9,9,9","+0000,1","+9999,9","99999,9","24,0000,9,1","9999,1,9,999999,9,9","99,000,3,1","0,1,02,1","0,1,02,1","00,1,+99999,9,99,9",,"9,MSL   ,+99999,+99999","99,99,9,00,1,99,9,99999,9,99,9,99,9","240,M,+0046,1","240,N,-0022,1","00,1","SYN12807590 219// 00000 10000 29057 70000 80000 90645 333 10046 21022 4/000 70000 90768 93100 555 7//// 8//// 1//// ///00 ///// /////=",
"07590099999","2020-11-22T13:00:00","4","44.81","6.195333","1270.0","LES PORTES EN VALGAUDEMAR, FR","FM-12","99999","V020","999,9,C,9999,9","99999,9,9,N","999999,9,9,9","+0084,1","+9999,9","99999,9",,"9999,1,9,999999,9,9","99,000,3,1","0,1,02,1","0,1,02,1","00,1,+99999,9,99,9",,"9,MSL   ,+99999,+99999","99,99,9,00,1,99,9,99999,9,99,9,99,9",,,"00,1","SYN11007590 419// 00000 10084 29037 70000 80000 91230 333 4/000 90750 93100 555 7//// 8//// 1//// ///00 ///// /////=",
"07590099999","2020-11-23T08:00:00","4","44.81","6.195333","1270.0","LES PORTES EN VALGAUDEMAR, FR","FM-12","99999","V020","999,9,C,9999,9","99999,9,9,N","999999,9,9,9","-0001,1","+9999,9","99999,9","24,0000,9,1","9999,1,9,999999,9,9",,"0,1,02,1","0,1,02,1","00,1,+99999,9,99,9",,"9,MSL   ,+99999,+99999","99,99,9,00,1,99,9,99999,9,99,9,99,9","240,M,+0096,1","240,N,-0016,1","00,1","SYN12807590 219// 00000 11001 29070 70000 80000 90650 333 10096 21016 4//// 70000 90768 931// 555 7//// 8//// 1//// ///00 ///// /////=",
"07590099999","2020-11-23T13:00:00","4","44.81","6.195333","1270.0","LES PORTES EN VALGAUDEMAR, FR","FM-12","99999","V020","999,9,C,9999,9","99999,9,9,N","999999,9,9,9","+0070,1","+9999,9","99999,9",,"9999,1,9,999999,9,9",,"0,1,02,1","0,1,02,1","00,1,+99999,9,99,9",,"9,MSL   ,+99999,+99999","99,99,9,00,1,99,9,99999,9,99,9,99,9",,,"00,1","SYN11007590 419// 00000 10070 29061 70000 80000 91230 333 4//// 90750 931// 555 7//// 8//// 1//// ///00 ///// /////=",
"07590099999","2020-11-24T08:00:00","4","44.81","6.195333","1270.0","LES PORTES EN VALGAUDEMAR, FR","FM-12","99999","V020","999,9,C,9999,9","99999,9,9,N","999999,9,9,9","-0002,1","+9999,9","99999,9","24,0000,9,1","9999,1,9,999999,9,9","99,000,3,1","0,1,02,1","0,1,02,1","00,1,+99999,9,99,9",,"9,MSL   ,+99999,+99999","99,99,9,00,1,99,9,99999,9,99,9,99,9","240,M,+0077,1","240,N,-0020,1","00,1","SYN12807590 219// 00000 11002 29069 70000 80000 90650 333 10077 21020 4/000 70000 90768 93100 555 7//// 8//// 1//// ///00 ///// /////=",
"07590099999","2020-11-24T13:00:00","4","44.81","6.195333","1270.0","LES PORTES EN VALGAUDEMAR, FR","FM-12","99999","V020","999,9,C,9999,9","99999,9,9,N","999999,9,9,9","+0088,1","+9999,9","99999,9",,"9999,1,9,999999,9,9","99,000,3,1","0,1,02,1","0,1,02,1","00,1,+99999,9,99,9",,"9,MSL   ,+99999,+99999","99,99,9,00,1,99,9,99999,9,99,9,99,9",,,"00,1","SYN11007590 419// 00000 10088 29047 70000 80000 91240 333 4/000 90750 93100 555 7//// 8//// 1//// ///00 ///// /////=",
"07590099999","2020-11-25T08:00:00","4","44.81","6.195333","1270.0","LES PORTES EN VALGAUDEMAR, FR","FM-12","99999","V020","180,1,N,0020,1","22000,1,9,N","999999,9,9,9","+0002,1","+9999,9","99999,9","24,0000,9,1","9999,1,9,999999,9,9","99,000,3,1","0,1,02,1","0,1,02,1","99,9,+99999,9,00,1",,"9,MSL   ,+99999,+99999","03,99,1,00,1,99,9,99999,9,99,9,99,9","240,M,+0092,1","240,N,-0012,1","00,1","SYN12807590 219// 31802 10002 29064 70000 80002 90645 333 10092 21012 4/000 70000 90768 93100 555 7//// 8//// 1//// ///00 ///// /////=","Q01    003SCCGA1"
"07590099999","2020-11-25T13:00:00","4","44.81","6.195333","1270.0","LES PORTES EN VALGAUDEMAR, FR","FM-12","99999","V020","999,9,C,9999,9","99999,9,9,N","999999,9,9,9","+0078,1","+9999,9","99999,9",,"9999,1,9,999999,9,9","99,000,3,1","0,1,02,1","0,1,02,1","99,9,+99999,9,00,1",,"9,MSL   ,+99999,+99999","05,99,1,00,1,99,9,99999,9,99,9,99,9",,,"00,1","SYN11007590 419// 50000 10078 29046 70000 80002 91240 333 4/000 90750 93100 555 7//// 8//// 1//// ///00 ///// /////=","Q01    003SCCGA1"
"07590099999","2020-11-26T08:00:00","4","44.81","6.195333","1270.0","LES PORTES EN VALGAUDEMAR, FR","FM-12","99999","V020","999,9,C,9999,9","99999,9,9,N","999999,9,9,9","-0009,1","+9999,9","99999,9","24,0000,9,1","9999,1,9,999999,9,9","99,000,3,1","0,1,02,1","0,1,02,1","00,1,+99999,9,99,9",,"9,MSL   ,+99999,+99999","99,99,9,00,1,99,9,99999,9,99,9,99,9","240,M,+0082,1","240,N,-0026,1","00,1","SYN12807590 219// 00000 11009 29070 70000 80000 90650 333 10082 21026 4/000 70000 90768 93100 555 7//// 8//// 1//// ///00 ///// /////=",
"07590099999","2020-11-26T13:00:00","4","44.81","6.195333","1270.0","LES PORTES EN VALGAUDEMAR, FR","FM-12","99999","V020","999,9,C,9999,9","99999,9,9,N","999999,9,9,9","+0080,1","+9999,9","99999,9",,"9999,1,9,999999,9,9","99,000,3,1","0,1,02,1","0,1,02,1","00,1,+99999,9,99,9",,"9,MSL   ,+99999,+99999","99,99,9,00,1,99,9,99999,9,99,9,99,9",,,"00,1","SYN11007590 419// 00000 10080 29041 70000 80000 91230 333 4/000 90750 93100 555 7//// 8//// 1//// ///00 ///// /////=",
"07590099999","2020-11-27T08:00:00","4","44.81","6.195333","1270.0","LES PORTES EN VALGAUDEMAR, FR","FM-12","99999","V020","999,9,C,9999,9","99999,9,9,N","999999,9,9,9","-0008,1","+9999,9","99999,9","24,0000,9,1","9999,1,9,999999,9,9","99,000,3,1","0,1,02,1","0,1,02,1","00,1,+99999,9,99,9",,"9,MSL   ,+99999,+99999","99,99,9,00,1,99,9,99999,9,99,9,99,9","240,M,+0086,1","240,N,-0028,1","00,1","SYN12807590 219// 00000 11008 29068 70000 80000 90650 333 10086 21028 4/000 70000 90768 93100 555 7//// 8//// 1//// ///00 ///// /////=",
"07590099999","2020-11-27T13:00:00","4","44.81","6.195333","1270.0","LES PORTES EN VALGAUDEMAR, FR","FM-12","99999","V020","999,9,C,9999,9","99999,9,9,N","999999,9,9,9","+0082,1","+9999,9","99999,9",,"9999,1,9,999999,9,9","99,000,3,1","0,1,02,1","0,1,02,1","00,1,+99999,9,99,9",,"9,MSL   ,+99999,+99999","99,99,9,00,1,99,9,99999,9,99,9,99,9",,,"00,1","SYN11007590 419// 00000 10082 29042 70000 80000 91235 333 4/000 90750 93100 555 7//// 8//// 1//// ///00 ///// /////=",
"07590099999","2020-11-28T08:00:00","4","44.81","6.195333","1270.0","LES PORTES EN VALGAUDEMAR, FR","FM-12","99999","V020","999,9,C,9999,9","99999,9,9,N","999999,9,9,9","+0019,1","+9999,9","99999,9","24,0000,9,1","9999,1,9,999999,9,9","99,000,3,1","0,1,02,1","0,1,02,1","08,1,+99999,9,99,9",,"9,MSL   ,+99999,+99999","08,99,1,08,1,99,9,99999,9,99,9,99,9","240,M,+0088,1","240,N,-0010,1","00,1","SYN12807590 219// 80000 10019 29071 70000 88/// 90700 333 10088 21010 4/000 70000 90768 93100 555 7//// 8//// 1//// ///// ///// /////=",
"07590099999","2020-11-28T13:00:00","4","44.81","6.195333","1270.0","LES PORTES EN VALGAUDEMAR, FR","FM-12","99999","V020","999,9,C,9999,9","22000,1,9,N","999999,9,9,9","+0079,1","+9999,9","99999,9",,"9999,1,9,999999,9,9","99,000,3,1","0,1,02,1","0,1,02,1","03,1,+99999,9,03,1",,"9,MSL   ,+99999,+99999","03,99,1,03,1,99,9,99999,9,99,9,99,9",,,"00,1","SYN11007590 419// 30000 10079 29056 70000 83030 91240 333 4/000 90750 93100 555 7//// 8//// 1//// ////0 ///// /////=",
"07590099999","2020-11-29T08:00:00","4","44.81","6.195333","1270.0","LES PORTES EN VALGAUDEMAR, FR","FM-12","99999","V020","999,9,C,9999,9","99999,9,9,N","999999,9,9,9","+0013,1","+9999,9","99999,9","24,0000,9,1","9999,1,9,999999,9,9","99,000,3,1","0,1,02,1","0,1,02,1","00,1,+99999,9,99,9",,"9,MSL   ,+99999,+99999","99,99,9,00,1,99,9,99999,9,99,9,99,9","240,M,+0081,1","240,N,-0004,1","00,1","SYN12807590 219// 00000 10013 29069 70000 80000 90650 333 10081 21004 4/000 70000 90768 93100 555 7//// 8//// 1//// ///00 ///// /////=",
"07590099999","2020-11-29T13:00:00","4","44.81","6.195333","1270.0","LES PORTES EN VALGAUDEMAR, FR","FM-12","99999","V020","999,9,C,9999,9","99999,9,9,N","999999,9,9,9","+0068,1","+9999,9","99999,9",,"9999,1,9,999999,9,9","99,000,3,1","0,1,02,1","0,1,02,1","00,1,+99999,9,99,9",,"9,MSL   ,+99999,+99999","99,99,9,00,1,99,9,99999,9,99,9,99,9",,,"00,1","SYN11007590 419// 00000 10068 29058 70000 80000 91240 333 4/000 90750 93100 555 7//// 8//// 1//// ///00 ///// /////=",
"07590099999","2020-11-30T13:00:00","4","44.81","6.195333","1270.0","LES PORTES EN VALGAUDEMAR, FR","FM-12","99999","V020","999,9,C,9999,9","99999,9,9,N","999999,9,9,9","-0002,1","+9999,9","99999,9",,"9999,1,9,999999,9,9","99,000,3,1","4,1,02,1","0,1,02,1","00,1,+99999,9,99,9",,"9,MSL   ,+99999,+99999","99,99,9,00,1,99,9,99999,9,99,9,99,9",,,"00,1","SYN11007590 419// 00000 11002 29080 70040 80000 91230 333 4/000 90750 93100 555 7//// 8//// 1//// ///00 ///// /////=",
"07590099999","2020-12-01T13:00:00","4","44.81","6.195333","1270.0","LES PORTES EN VALGAUDEMAR, FR","FM-12","99999","V020","999,9,C,9999,9","99999,9,9,N","999999,9,9,9","-0002,1","+9999,9","99999,9",,"0001,3,1,000100,9,9","99,001,3,1","7,1,02,1","0,1,02,1","08,1,+00150,1,07,1",,"9,MSL   ,+99999,+99999","08,99,1,08,1,99,9,00150,1,99,9,99,9",,,"70,1","SYN11007590 412// 80000 11002 29082 77070 886// 91340 333 4/001 90750 93101 555 72127 8//// 1//// ///00 ///// /////=",
"07590099999","2020-12-04T08:00:00","4","44.81","6.195333","1270.0","LES PORTES EN VALGAUDEMAR, FR","FM-12","99999","V020","999,9,C,9999,9","99999,9,9,N","999999,9,9,9","+0007,1","+9999,9","99999,9","24,0054,3,1","0008,3,1,000800,9,9","99,008,3,1","7,1,02,1","0,1,02,1","08,1,+00450,1,06,1",,"9,MSL   ,+99999,+99999","08,99,1,08,1,99,9,00450,1,99,9,99,9","240,M,+0031,1","240,N,-0033,1","70,1","SYN12807590 214// 80000 10007 29081 77070 885// 90655 333 10031 21033 4/008 70054 90768 93108 555 72130 8//// 1//// 208/0 ///// /////=",
"07590099999","2020-12-04T13:00:00","4","44.81","6.195333","1270.0","LES PORTES EN VALGAUDEMAR, FR","FM-12","99999","V020","999,9,C,9999,9","99999,9,9,N","999999,9,9,9","+0013,1","+9999,9","99999,9",,"0010,3,1,001000,9,9","99,010,3,1","7,1,02,1","6,1,02,1","08,1,+00450,1,06,1",,"9,MSL   ,+99999,+99999","08,99,1,08,1,99,9,00450,1,99,9,99,9",,,"60,1","SYN11007590 414// 80000 10013 29085 76076 885// 91255 333 4/010 90750 93110 555 70130 8//// 1//// 21000 ///// /////=",
"07590099999","2020-12-05T08:00:00","4","44.81","6.195333","1270.0","LES PORTES EN VALGAUDEMAR, FR","FM-12","99999","V020","999,9,C,9999,9","22000,1,9,N","999999,9,9,9","-0051,1","+9999,9","99999,9","24,0262,3,1","0019,3,1,001900,9,9","99,013,3,1","7,1,02,1","6,1,02,1","99,9,+99999,9,00,1",,"9,MSL   ,+99999,+99999","03,99,1,00,1,99,9,99999,9,99,9,99,9","240,M,+0022,1","240,N,-0066,1","00,1","SYN12807590 219// 30000 11051 29082 70076 80002 90650 333 10022 21066 4/019 70262 90768 93113 555 70150 8//// 11021 01900 ///// /////=","Q01    003SCCGA1"
"07590099999","2020-12-05T13:00:00","4","44.81","6.195333","1270.0","LES PORTES EN VALGAUDEMAR, FR","FM-12","99999","V020","999,9,C,9999,9","99999,9,9,N","999999,9,9,9","+0000,1","+9999,9","99999,9",,"0017,3,1,001700,9,9","99,000,3,1","0,1,02,1","0,1,02,1","08,1,+01250,1,06,1",,"9,MSL   ,+99999,+99999","08,99,1,08,1,99,9,01250,1,99,9,99,9",,,"00,1","SYN11007590 416// 80000 10000 29080 70000 885// 91245 333 4/017 90750 93100 555 7//// 8//// 11014 01700 ///// /////=",
"07590099999","2020-12-06T08:00:00","4","44.81","6.195333","1270.0","LES PORTES EN VALGAUDEMAR, FR","FM-12","99999","V020","999,9,C,9999,9","99999,9,9,N","999999,9,9,9","-0048,1","+9999,9","99999,9","24,0062,3,1","0024,3,1,002400,9,9","99,009,3,1","7,1,02,1","0,1,02,1","00,1,+99999,9,99,9",,"9,MSL   ,+99999,+99999","99,99,9,00,1,99,9,99999,9,99,9,99,9","240,M,+0004,1","240,N,-0062,1","00,1","SYN12807590 219// 00000 11048 29078 70070 80000 90645 333 10004 21062 4/024 70062 90768 93109 555 72130 8//// 11015 02400 ///// /////=",
"07590099999","2020-12-06T13:00:00","4","44.81","6.195333","1270.0","LES PORTES EN VALGAUDEMAR, FR","FM-12","99999","V020","999,9,C,9999,9","99999,9,9,N","999999,9,9,9","+0022,1","+9999,9","99999,9",,"0023,3,1,002300,9,9","99,000,3,1","0,1,02,1","0,1,02,1","00,1,+99999,9,99,9",,"9,MSL   ,+99999,+99999","99,99,9,00,1,99,9,99999,9,99,9,99,9",,,"00,1","SYN11007590 419// 00000 10022 29062 70000 80000 91220 333 4/023 90750 93100 555 7//// 8//// 11012 02300 ///// /////=",
"07590099999","2020-12-07T13:00:00","4","44.81","6.195333","1270.0","LES PORTES EN VALGAUDEMAR, FR","FM-12","99999","V020","999,9,C,9999,9","99999,9,9,N","999999,9,9,9","+0008,1","+9999,9","99999,9",,"0023,3,1,002300,9,9","99,000,3,1","0,1,02,1","0,1,02,1","00,1,+99999,9,99,9",,"9,MSL   ,+99999,+99999","99,99,9,00,1,99,9,99999,9,99,9,99,9",,,"00,1","SYN11007590 419// 00000 10008 29063 70000 80000 91230 333 4/023 90750 93100 555 7//// 8//// 11012 02300 ///// /////=",
"07590099999","2020-12-09T08:00:00","4","44.81","6.195333","1270.0","LES PORTES EN VALGAUDEMAR, FR","FM-12","99999","V020","999,9,C,9999,9","99999,9,9,N","999999,9,9,9","-0032,1","+9999,9","99999,9","24,0000,9,1","0019,3,1,001900,9,9","99,000,3,1","0,1,02,1","0,1,02,1","08,1,+00450,1,07,1",,"9,MSL   ,+99999,+99999","08,99,1,08,1,99,9,00450,1,99,9,99,9","240,M,+0028,1","240,N,-0039,1","00,1","SYN12807590 214// 80000 11032 29081 70000 886// 90655 333 10028 21039 4/019 70000 90768 93100 555 7//// 8//// 11015 01900 ///// /////=",
"07590099999","2020-12-09T13:00:00","4","44.81","6.195333","1270.0","LES PORTES EN VALGAUDEMAR, FR","FM-12","99999","V020","999,9,C,9999,9","99999,9,9,N","999999,9,9,9","-0014,1","+9999,9","99999,9",,"0019,3,1,001900,9,9","99,000,3,1","0,1,02,1","0,1,02,1","08,1,+00250,1,07,1",,"9,MSL   ,+99999,+99999","08,99,1,08,1,99,9,00250,1,99,9,99,9",,,"00,1","SYN11007590 413// 80000 11014 29076 70000 886// 91250 333 4/019 90750 93100 555 7//// 8//// 11013 01900 ///// /////=",
"07590099999","2020-12-10T08:00:00","4","44.81","6.195333","1270.0","LES PORTES EN VALGAUDEMAR, FR","FM-12","99999","V020","999,9,C,9999,9","99999,9,9,N","999999,9,9,9","-0072,1","+9999,9","99999,9","24,0000,9,1","0019,3,1,001900,9,9","99,000,3,1","0,1,02,1","0,1,02,1","00,1,+99999,9,99,9",,"9,MSL   ,+99999,+99999","99,99,9,00,1,99,9,99999,9,99,9,99,9","240,M,-0011,1","240,N,-0084,1","00,1","SYN12807590 219// 00000 11072 29072 70000 80000 90700 333 11011 21084 4/019 70000 90768 93100 555 7//// 8//// 11038 01900 ///// /////=",
"07590099999","2020-12-10T13:00:00","4","44.81","6.195333","1270.0","LES PORTES EN VALGAUDEMAR, FR","FM-12","99999","V020","999,9,C,9999,9","99999,9,9,N","999999,9,9,9","-0009,1","+9999,9","99999,9",,"0019,3,1,001900,9,9","99,000,3,1","0,1,02,1","0,1,02,1","08,1,+99999,9,03,1",,"9,MSL   ,+99999,+99999","08,99,1,08,1,99,9,99999,9,99,9,99,9",,,"00,1","SYN11007590 419// 80000 11009 29054 70000 88030 91240 333 4/019 90750 93100 555 7//// 8//// 11026 01900 ///// /////=",
"07590099999","2020-12-11T08:00:00","4","44.81","6.195333","1270.0","LES PORTES EN VALGAUDEMAR, FR","FM-12","99999","V020","999,9,C,9999,9","22000,1,9,N","999999,9,9,9","-0035,1","+9999,9","99999,9","24,0000,9,1","0018,3,1,001800,9,9","99,000,3,1","0,1,02,1","0,1,02,1","02,1,+99999,9,03,1","99,9,+99999,9,00,1","9,MSL   ,+99999,+99999","04,99,1,02,1,99,9,99999,9,99,9,99,9","240,M,+0004,1","240,N,-0072,1","00,1","SYN12807590 219// 40000 11035 29068 70000 82032 90700 333 10004 21072 4/018 70000 90768 93100 555 7//// 8//// 11034 01800 ///// /////=",
"07590099999","2020-12-11T13:00:00","4","44.81","6.195333","1270.0","LES PORTES EN VALGAUDEMAR, FR","FM-12","99999","V020","999,9,C,9999,9","99999,9,9,N","999999,9,9,9","-0008,1","+9999,9","99999,9",,"0024,3,1,002400,9,9","99,007,3,1","7,1,02,1","0,1,02,1","08,1,+00800,1,06,1",,"9,MSL   ,+99999,+99999","08,99,1,08,1,99,9,00800,1,99,9,99,9",,,"70,1","SYN11007590 415// 80000 11008 29082 77070 885// 91240 333 4/024 90750 93107 555 72130 8//// 11022 02400 ///// /////=",
"07590099999","2020-12-12T08:00:00","4","44.81","6.195333","1270.0","LES PORTES EN VALGAUDEMAR, FR","FM-12","99999","V020","999,9,C,9999,9","99999,9,9,N","999999,9,9,9","-0001,1","+9999,9","99999,9","24,0175,3,1","0044,3,1,004400,9,9","99,029,3,1","7,1,02,1","0,1,02,1","08,1,+00450,1,06,1",,"9,MSL   ,+99999,+99999","08,99,1,08,1,99,9,00450,1,99,9,99,9","240,M,+0007,1","240,N,-0035,1","70,1","SYN12807590 214// 80000 11001 29080 77070 885// 90655 333 10007 21035 4/044 70175 90768 93129 555 72120 8//// 11012 04400 ///// /////=",
"07590099999","2020-12-12T13:00:00","4","44.81","6.195333","1270.0","LES PORTES EN VALGAUDEMAR, FR","FM-12","99999","V020","999,9,C,9999,9","99999,9,9,N","999999,9,9,9","+0037,1","+9999,9","99999,9",,"0039,3,1,003900,9,9","99,003,3,1","7,1,02,1","0,1,02,1","08,1,+00250,1,07,1",,"9,MSL   ,+99999,+99999","08,99,1,08,1,99,9,00250,1,99,9,99,9",,,"00,1","SYN11007590 413// 80000 10037 29078 70070 886// 91245 333 4/039 90750 93103 555 72125 8//// 11009 23900 ///// /////=",
"07590099999","2020-12-13T13:00:00","4","44.81","6.195333","1270.0","LES PORTES EN VALGAUDEMAR, FR","FM-12","99999","V020","999,9,C,9999,9","99999,9,9,N","999999,9,9,9","+0032,1","+9999,9","99999,9",,"0033,3,1,003300,9,9","99,000,3,1","0,1,02,1","0,1,02,1","00,1,+99999,9,99,9",,"9,MSL   ,+99999,+99999","99,99,9,00,1,99,9,99999,9,99,9,99,9",,,"00,1","SYN11007590 419// 00000 10032 29062 70000 80000 91240 333 4/033 90750 93100 555 7//// 8//// 11011 23300 ///// /////=",
"07590099999","2020-12-14T13:00:00","4","44.81","6.195333","1270.0","LES PORTES EN VALGAUDEMAR, FR","FM-12","99999","V020","999,9,C,9999,9","99999,9,9,N","999999,9,9,9","+0099,1","+9999,9","99999,9",,"0029,3,1,002900,9,9","99,000,3,1","0,1,02,1","0,1,02,1","00,1,+99999,9,99,9",,"9,MSL   ,+99999,+99999","99,99,9,00,1,99,9,99999,9,99,9,99,9",,,"00,1","SYN11007590 419// 00000 10099 29044 70000 80000 91230 333 4/029 90750 93100 555 7//// 8//// 11007 22800 ///// /////=",
"07590099999","2020-12-15T08:00:00","4","44.81","6.195333","1270.0","LES PORTES EN VALGAUDEMAR, FR","FM-12","99999","V020","999,9,C,9999,9","99999,9,9,N","999999,9,9,9","+0033,1","+9999,9","99999,9","24,0055,3,1","0025,3,1,002500,9,9","99,000,3,1","6,1,02,1","0,1,02,1","08,1,+01250,1,06,1",,"9,MSL   ,+99999,+99999","08,99,1,08,1,99,9,01250,1,99,9,99,9","240,M,+0106,1","240,N,-0007,1","60,1","SYN12807590 216// 80000 10033 29082 76060 885// 90700 333 10106 21007 4/025 70055 90768 93100 555 71240 8//// 11008 22500 ///// /////=",
"07590099999","2020-12-15T13:00:00","4","44.81","6.195333","1270.0","LES PORTES EN VALGAUDEMAR, FR","FM-12","99999","V020","999,9,C,9999,9","99999,9,9,N","999999,9,9,9","+0048,1","+9999,9","99999,9",,"0022,3,1,002200,9,9","99,000,3,1","6,1,02,1","0,1,02,1","08,1,+00450,1,07,1",,"9,MSL   ,+99999,+99999","08,99,1,08,1,99,9,00450,1,99,9,99,9",,,"60,1","SYN11007590 414// 80000 10048 29084 76060 886// 91240 333 4/022 90750 93100 555 71170 8//// 11007 22200 ///// /////=",
"07590099999","2020-12-16T13:00:00","4","44.81","6.195333","1270.0","LES PORTES EN VALGAUDEMAR, FR","FM-12","99999","V020","999,9,C,9999,9","22000,1,9,N","999999,9,9,9","+0098,1","+9999,9","99999,9",,"0018,3,1,001800,9,9","99,000,3,1","0,1,02,1","0,1,02,1","99,9,+99999,9,00,1",,"9,MSL   ,+99999,+99999","02,99,1,00,1,99,9,99999,9,99,9,99,9",,,"00,1","SYN11007590 419// 20000 10098 29044 70000 80002 91230 333 4/018 90750 93100 555 7//// 8//// 11008 21800 ///// /////=","Q01    003SCCGA1"
"07590099999","2020-12-17T08:00:00","4","44.81","6.195333","1270.0","LES PORTES EN VALGAUDEMAR, FR","FM-12","99999","V020","999,9,C,9999,9","99999,9,9,N","999999,9,9,9","+0002,1","+9999,9","99999,9","24,0000,9,1","0017,3,1,001700,9,9","99,000,3,1","0,1,02,1","0,1,02,1","00,1,+99999,9,99,9",,"9,MSL   ,+99999,+99999","99,99,9,00,1,99,9,99999,9,99,9,99,9","240,M,+0106,1","240,N,-0016,1","00,1","SYN12807590 219// 00000 10002 29069 70000 80000 90655 333 10106 21016 4/017 70000 90768 93100 555 7//// 8//// 11014 80000 ///// /////=",
"07590099999","2020-12-17T13:00:00","4","44.81","6.195333","1270.0","LES PORTES EN VALGAUDEMAR, FR","FM-12","99999","V020","999,9,C,9999,9","99999,9,9,N","999999,9,9,9","+0067,1","+9999,9","99999,9",,"0017,3,1,001700,9,9","99,000,3,1","0,1,02,1","0,1,02,1","08,1,+01750,1,06,1",,"9,MSL   ,+99999,+99999","08,99,1,08,1,99,9,01750,1,99,9,99,9",,,"00,1","SYN11007590 417// 80000 10067 29062 70000 885// 91230 333 4/017 90750 93100 555 7//// 8//// 11009 21100 ///// /////=",
"07590099999","2020-12-18T08:00:00","4","44.81","6.195333","1270.0","LES PORTES EN VALGAUDEMAR, FR","FM-12","99999","V020","999,9,C,9999,9","99999,9,9,N","999999,9,9,9","+0021,1","+9999,9","99999,9","24,0000,9,1","0014,3,1,001400,9,9","99,000,3,1","0,1,02,1","0,1,02,1","08,1,+01750,1,06,1",,"9,MSL   ,+99999,+99999","08,99,1,08,1,99,9,01750,1,99,9,99,9","240,M,+0072,1","240,N,-0012,1","00,1","SYN12807590 217// 80000 10021 29072 70000 885// 90705 333 10072 21012 4/014 70000 90768 93100 555 7//// 8//// 11011 21000 ///// /////=",
"07590099999","2020-12-18T13:00:00","4","44.81","6.195333","1270.0","LES PORTES EN VALGAUDEMAR, FR","FM-12","99999","V020","999,9,C,9999,9","99999,9,9,N","999999,9,9,9","+0064,1","+9999,9","99999,9",,"0014,3,1,001400,9,9","99,000,3,1","0,1,02,1","0,1,02,1","07,1,+01250,1,06,1",,"9,MSL   ,+99999,+99999","07,99,1,07,1,99,9,01250,1,99,9,99,9",,,"00,1","SYN11007590 416// 70000 10064 29062 70000 87500 91240 333 4/014 90750 93100 555 7//// 8//// 11009 21400 ///// /////=",
"07590099999","2020-12-19T08:00:00","4","44.81","6.195333","1270.0","LES PORTES EN VALGAUDEMAR, FR","FM-12","99999","V020","999,9,C,9999,9","99999,9,9,N","999999,9,9,9","+0049,1","+9999,9","99999,9","24,9999,9,9","0014,3,1,001400,9,9","99,000,3,1","0,1,02,1","0,1,02,1","08,1,+01250,1,06,1",,"9,MSL   ,+99999,+99999","08,99,1,08,1,99,9,01250,1,99,9,99,9","240,M,+0070,1","240,N,+0020,1","60,1","SYN12807590 216// 80000 10049 29070 76000 885// 90700 333 10070 20020 4/014 70000 90768 93100 555 71180 8//// 11012 21400 ///// /////=","Q01  00002PRCP24"
"07590099999","2020-12-19T13:00:00","4","44.81","6.195333","1270.0","LES PORTES EN VALGAUDEMAR, FR","FM-12","99999","V020","999,9,C,9999,9","99999,9,9,N","999999,9,9,9","+0063,1","+9999,9","99999,9",,"0013,3,1,001300,9,9","99,000,3,1","6,1,02,1","0,1,02,1","08,1,+01250,1,06,1",,"9,MSL   ,+99999,+99999","08,99,1,08,1,99,9,01250,1,99,9,99,9",,,"00,1","SYN11007590 416// 80000 10063 29069 70060 885// 91235 333 4/013 90750 93100 555 71240 8//// 11010 21300 ///// /////=",
"07590099999","2020-12-20T08:00:00","4","44.81","6.195333","1270.0","LES PORTES EN VALGAUDEMAR, FR","FM-12","99999","V020","999,9,C,9999,9","99999,9,9,N","999999,9,9,9","+0030,1","+9999,9","99999,9","24,0029,3,1","0011,3,1,001100,9,9","99,000,3,1","6,1,02,1","0,1,02,1","08,1,+01750,1,06,1",,"9,MSL   ,+99999,+99999","08,99,1,08,1,99,9,01750,1,99,9,99,9","240,M,+0063,1","240,N,+0029,1","00,1","SYN12807590 217// 80000 10030 29078 70060 885// 90705 333 10063 20029 4/011 70029 90768 93100 555 70180 8//// 11011 21100 ///// /////=",
"07590099999","2020-12-20T13:00:00","4","44.81","6.195333","1270.0","LES PORTES EN VALGAUDEMAR, FR","FM-12","99999","V020","999,9,C,9999,9","99999,9,9,N","999999,9,9,9","+0056,1","+9999,9","99999,9",,"0010,3,1,001000,9,9","99,000,3,1","0,1,02,1","0,1,02,1","08,1,+01750,1,06,1",,"9,MSL   ,+99999,+99999","08,99,1,08,1,99,9,01750,1,99,9,99,9",,,"00,1","SYN11007590 417// 80000 10056 29075 70000 885// 91220 333 4/010 90750 93100 555 7//// 8//// 11009 21000 ///// /////=",
