"STATION","DATE","SOURCE","LATITUDE","LONGITUDE","ELEVATION","NAME","REPORT_TYPE","CALL_SIGN","QUALITY_CONTROL","WND","CIG","VIS","TMP","DEW","SLP","AA1","AA2","AG1","AJ1","AL1","AY1","AY2","GF1","IA1","IA2","KA1","MD1","MW1","OA1","REM","EQD"
"07742099999","1990-01-01T06:00:00","4","43.4333333","2.4166666","450.0","ST MICHEL DE CUXA, FR","FM-12","99999","V020","999,1,C,0000,1","01200,1,C,N","050000,1,N,9","+0040,1","+0028,1","99999,9","06,0000,9,1",,"4,000",,,,,"07,99,1,07,1,05,1,01250,1,99,9,99,9",,,"999,N,+0030,1",,,,"SYN011333   20030",
"07742099999","1990-01-01T12:00:00","4","43.4333333","2.4166666","450.0","ST MICHEL DE CUXA, FR","FM-12","99999","V020","999,1,C,0000,1","01500,1,C,N","050000,1,N,9","+0040,1","+0028,1","99999,9","06,0000,9,1",,"4,000",,,,,"07,99,1,07,1,05,1,01750,1,99,9,99,9",,,,,,,,
"07742099999","1990-01-01T18:00:00","4","43.4333333","2.4166666","450.0","ST MICHEL DE CUXA, FR","FM-12","99999","V020","999,1,C,0000,1","22000,1,C,N","050000,1,N,9","+0060,1","+0010,1","99999,9","06,0000,9,1",,"4,000",,,,,"04,99,1,04,1,00,1,99999,9,04,1,00,1",,,"999,M,+0130,1",,,,"SYN011333   10130",
"07742099999","1990-01-02T06:00:00","4","43.4333333","2.4166666","450.0","ST MICHEL DE CUXA, FR","FM-12","99999","V020","999,1,C,0000,1","03600,1,C,N","050000,1,N,9","+0075,1","+0014,1","99999,9","06,0000,9,1",,"4,000",,,,,"05,99,1,03,1,05,1,01250,1,04,1,00,1",,,"999,N,+0045,1",,,,"SYN011333   20045",
"07742099999","1990-01-02T12:00:00","4","43.4333333","2.4166666","450.0","ST MICHEL DE CUXA, FR","FM-12","99999","V020","999,1,C,0000,1","22000,1,C,N","050000,1,N,9","+0140,1","+0029,1","99999,9","06,0000,9,1",,"4,000",,,,,"01,99,1,01,1,00,1,99999,9,03,1,00,1",,,,,,,,
"07742099999","1990-01-03T06:00:00","4","43.4333333","2.4166666","450.0","ST MICHEL DE CUXA, FR","FM-12","99999","V020","999,1,C,0000,1","22000,1,C,N","050000,1,N,9","+0030,1","+0017,1","99999,9","06,0000,9,1",,"4,000",,,,,"04,99,1,04,1,08,1,00450,1,00,1,00,1",,,"999,N,+0020,1",,,,"SYN011333   20020",
"07742099999","1990-01-03T12:00:00","4","43.4333333","2.4166666","450.0","ST MICHEL DE CUXA, FR","FM-12","99999","V020","999,1,C,0000,1","00900,1,C,N","050000,1,N,9","+0075,1","+0041,1","99999,9","06,0000,9,1",,"4,000",,,,,"07,99,1,07,1,08,1,00450,1,07,1,00,1",,,,,,,,
"07742099999","1990-01-04T06:00:00","4","43.4333333","2.4166666","450.0","ST MICHEL DE CUXA, FR","FM-12","99999","V020","999,1,C,0000,1","00750,1,C,N","020000,1,N,9","+0055,1","+0043,1","99999,9","99,0010,9,1",,"0,000",,,"6,1,06,1","2,1,06,1","08,99,1,08,1,05,1,00800,1,99,9,99,9",,,"999,N,+0025,1",,"60,1",,"SYN011333   20025",
"07742099999","1990-01-04T12:00:00","4","43.4333333","2.4166666","450.0","ST MICHEL DE CUXA, FR","FM-12","99999","V020","999,1,C,0000,1","00750,1,C,N","020000,1,N,9","+0065,1","+0054,1","99999,9","06,0020,9,1",,"0,000",,,"6,1,06,1","2,1,06,1","08,99,1,08,1,05,1,00800,1,99,9,99,9",,,,,"01,1",,,
"07742099999","1990-01-04T18:00:00","4","43.4333333","2.4166666","450.0","ST MICHEL DE CUXA, FR","FM-12","99999","V020","999,1,C,0000,1","22000,1,C,N","050000,1,N,9","+0050,1","+0038,1","99999,9","99,0020,9,1",,"0,000",,,,,"03,99,1,03,1,01,1,00800,1,00,1,00,1",,,"999,M,+0100,1",,,,"SYN011333   10100",
"07742099999","1990-01-05T06:00:00","4","43.4333333","2.4166666","450.0","ST MICHEL DE CUXA, FR","FM-12","99999","V020","999,1,C,0000,1","22000,1,C,N","050000,1,N,9","+0030,1","-0010,1","99999,9","06,0000,9,1",,"4,000",,,,,"00,99,1,00,1,00,1,99999,9,00,1,00,1",,,"999,N,+0015,1",,,,"SYN011333   20015",
"07742099999","1990-01-05T12:00:00","4","43.4333333","2.4166666","450.0","ST MICHEL DE CUXA, FR","FM-12","99999","V020","999,1,C,0000,1","22000,1,C,N","050000,1,N,9","+0105,1","+0024,1","99999,9","06,0000,9,1",,"4,000",,,,,"00,99,1,00,1,00,1,99999,9,00,1,00,1",,,,,,,,
"07742099999","1990-01-05T18:00:00","4","43.4333333","2.4166666","450.0","ST MICHEL DE CUXA, FR","FM-12","99999","V020","999,1,C,0000,1","22000,1,C,N","050000,1,N,9","+0050,1","+0026,1","99999,9","06,0000,9,1",,"4,000",,,,,"00,99,1,00,1,00,1,99999,9,00,1,00,1",,,"999,M,+0100,1",,,,"SYN011333   10100",
"07742099999","1990-01-06T06:00:00","4","43.4333333","2.4166666","450.0","ST MICHEL DE CUXA, FR","FM-12","99999","V020","999,1,C,0000,1","22000,1,C,N","050000,1,N,9","+9999,9","+9999,9","99999,9","06,0000,9,1",,"4,000",,,,,"00,99,1,00,1,00,1,99999,9,00,1,00,1",,,"999,M,+0035,1",,,,"SYN011333   10035",
"07742099999","1990-01-06T12:00:00","4","43.4333333","2.4166666","450.0","ST MICHEL DE CUXA, FR","FM-12","99999","V020","999,1,C,0000,1","22000,1,C,N","050000,1,N,9","+0100,1","+0002,1","99999,9","06,0000,9,1",,"4,000",,,,,"03,99,1,01,1,00,1,99999,9,04,1,02,1",,,,,,,,
"07742099999","1990-01-06T18:00:00","4","43.4333333","2.4166666","450.0","ST MICHEL DE CUXA, FR","FM-12","99999","V020","999,1,C,0000,1","00420,1,C,N","020000,1,N,9","+0070,1","+0047,1","99999,9","06,0000,9,1",,"4,000",,,,,"08,99,1,08,1,05,1,00450,1,99,9,99,9",,,"999,M,+0125,1",,,,"SYN011333   10125",
"07742099999","1990-01-07T06:00:00","4","43.4333333","2.4166666","450.0","ST MICHEL DE CUXA, FR","FM-12","99999","V020","999,1,C,0000,1","22000,1,C,N","010000,1,N,9","+0035,1","-0005,1","99999,9","06,0000,9,1",,"4,000",,,,,"03,99,1,03,1,05,1,00450,1,00,1,00,1",,,"999,N,+0005,1",,,,"SYN011333   20005",
"07742099999","1990-01-07T18:00:00","4","43.4333333","2.4166666","450.0","ST MICHEL DE CUXA, FR","FM-12","99999","V020","999,1,C,0000,1","01200,1,C,N","004000,1,N,9","+0050,1","+0050,1","99999,9","99,0010,9,1",,"0,000",,,"6,1,06,1","2,1,06,1","08,99,1,08,1,05,1,01250,1,99,9,99,9",,,"999,M,+0120,1",,"60,1",,"SYN011333   10120",
"07742099999","1990-01-08T06:00:00","4","43.4333333","2.4166666","450.0","ST MICHEL DE CUXA, FR","FM-12","99999","V020","999,1,C,0000,1","00750,1,C,N","050000,1,N,9","+0050,1","+0038,1","99999,9","99,0040,9,1",,"0,000",,,"6,1,06,1","2,1,06,1","08,99,1,08,1,05,1,00800,1,99,9,99,9",,,"999,N,+0045,1",,"01,1",,"SYN011333   20045",
"07742099999","1990-01-08T12:00:00","4","43.4333333","2.4166666","450.0","ST MICHEL DE CUXA, FR","FM-12","99999","V020","999,1,C,0000,1","00750,1,C,N","050000,1,N,9","+0075,1","+0041,1","99999,9","06,0005,9,1",,"0,000",,,"6,1,06,1","2,1,06,1","07,99,1,07,1,05,1,00800,1,99,9,99,9",,,,,"01,1",,,
"07742099999","1990-01-08T18:00:00","4","43.4333333","2.4166666","450.0","ST MICHEL DE CUXA, FR","FM-12","99999","V020","999,1,C,0000,1","01200,1,C,N","050000,1,N,9","+0070,1","+0022,1","99999,9","99,0005,9,1",,"0,000",,,,,"05,99,1,05,1,08,1,00800,1,00,1,00,1",,,"999,M,+0100,1",,,,"SYN011333   10100",
"07742099999","1990-01-09T06:00:00","4","43.4333333","2.4166666","450.0","ST MICHEL DE CUXA, FR","FM-12","99999","V020","999,1,C,0000,1","00750,1,C,N","050000,1,N,9","+0052,1","+0047,1","99999,9","99,0003,9,1",,"0,000",,,"6,1,06,1",,"07,99,1,07,1,05,1,00800,1,99,9,99,9",,,"999,N,+0050,1",,"02,1",,"SYN011333   20050",
"07742099999","1990-01-09T12:00:00","4","43.4333333","2.4166666","450.0","ST MICHEL DE CUXA, FR","FM-12","99999","V020","999,1,C,0000,1","00750,1,C,N","050000,1,N,9","+0075,1","+0043,1","99999,9","06,0000,9,1",,"4,000",,,,,"07,99,1,07,1,05,1,00800,1,99,9,99,9",,,,,,,,
"07742099999","1990-01-09T18:00:00","4","43.4333333","2.4166666","450.0","ST MICHEL DE CUXA, FR","FM-12","99999","V020","999,1,C,0000,1","22000,1,C,N","050000,1,N,9","+0070,1","+0022,1","99999,9","06,0000,9,1",,"4,000",,,,,"04,99,1,04,1,02,1,00800,1,00,1,00,1",,,"999,M,+0100,1",,,,"SYN011333   10100",
"07742099999","1990-01-10T06:00:00","4","43.4333333","2.4166666","450.0","ST MICHEL DE CUXA, FR","FM-12","99999","V020","999,1,C,0000,1","00750,1,C,N","050000,1,N,9","+0045,1","+0020,1","99999,9","99,0005,9,1",,"0,000",,,"6,1,06,1","2,1,06,1","08,99,1,08,1,05,1,00800,1,99,9,99,9",,,"999,N,+0025,1",,"60,1",,"SYN011333   20025",
"07742099999","1990-01-10T12:00:00","4","43.4333333","2.4166666","450.0","ST MICHEL DE CUXA, FR","FM-12","99999","V020","999,1,C,0000,1","00750,1,C,N","050000,1,N,9","+0060,1","+0036,1","99999,9","06,0010,9,1",,"0,000",,,"6,1,06,1","2,1,06,1","08,99,1,08,1,05,1,00800,1,99,9,99,9",,,,,"02,1",,,
"07742099999","1990-01-10T18:00:00","4","43.4333333","2.4166666","450.0","ST MICHEL DE CUXA, FR","FM-12","99999","V020","999,1,C,0000,1","00750,1,C,N","020000,1,N,9","+0065,1","+0054,1","99999,9","99,0005,9,1",,"0,000",,,"6,1,06,1","2,1,06,1","08,99,1,08,1,05,1,00800,1,99,9,99,9",,,"999,M,+0100,1",,"60,1",,"SYN011333   10100",
"07742099999","1990-01-11T06:00:00","4","43.4333333","2.4166666","450.0","ST MICHEL DE CUXA, FR","FM-12","99999","V020","999,1,C,0000,1","03600,1,C,N","050000,1,N,9","+0055,1","+0049,1","99999,9","99,0030,9,1",,"0,000",,,,,"05,99,1,01,1,05,1,00450,1,04,1,00,1",,,"999,N,+0055,1",,,,"SYN011333   20055",
"07742099999","1990-01-11T18:00:00","4","43.4333333","2.4166666","450.0","ST MICHEL DE CUXA, FR","FM-12","99999","V020","999,1,C,0000,1","00750,1,C,N","020000,1,N,9","+0070,1","+0035,1","99999,9","06,0000,9,1",,"4,000",,,,,"08,99,1,08,1,05,1,00800,1,99,9,99,9",,,"999,M,+0095,1",,,,"SYN011333   10095",
"07742099999","1990-01-12T12:00:00","4","43.4333333","2.4166666","450.0","ST MICHEL DE CUXA, FR","FM-12","99999","V020","999,1,C,0000,1","01200,1,C,N","050000,1,N,9","+0100,1","+0057,1","99999,9","06,0000,9,1",,"4,000",,,,,"05,99,1,05,1,08,1,00800,1,00,1,00,1",,,,,,,,
"07742099999","1990-01-13T06:00:00","4","43.4333333","2.4166666","450.0","ST MICHEL DE CUXA, FR","FM-12","99999","V020","999,1,C,0000,1","22000,1,C,N","050000,1,N,9","+0015,1","+0001,1","99999,9","06,0000,9,1",,"4,000",,,,,"02,99,1,02,1,05,1,00450,1,00,1,00,1",,,"999,N,+0010,1",,,,"SYN011333   20010",
"07742099999","1990-01-13T12:00:00","4","43.4333333","2.4166666","450.0","ST MICHEL DE CUXA, FR","FM-12","99999","V020","999,1,C,0000,1","22000,1,C,N","050000,1,N,9","+0110,1","+0016,1","99999,9","06,0000,9,1",,"4,000",,,,,"01,99,1,00,1,00,1,99999,9,00,1,01,1",,,,,,,,
"07742099999","1990-01-13T18:00:00","4","43.4333333","2.4166666","450.0","ST MICHEL DE CUXA, FR","FM-12","99999","V020","999,1,C,0000,1","22000,1,C,N","050000,1,N,9","+0065,1","+0029,1","99999,9","06,0000,9,1",,"4,000",,,,,"02,99,1,00,1,00,1,99999,9,00,1,01,1",,,"999,M,+0120,1",,,,"SYN011333   10120",
"07742099999","1990-01-14T06:00:00","4","43.4333333","2.4166666","450.0","ST MICHEL DE CUXA, FR","FM-12","99999","V020","999,1,C,0000,1","22000,1,C,N","050000,1,N,9","+0025,1","-0017,1","99999,9","06,0000,9,1",,"4,000",,,,,"01,99,1,00,1,00,1,99999,9,00,1,01,1",,,"999,N,+0015,1",,,,"SYN011333   20015",
"07742099999","1990-01-14T12:00:00","4","43.4333333","2.4166666","450.0","ST MICHEL DE CUXA, FR","FM-12","99999","V020","999,1,C,0000,1","22000,1,C,N","050000,1,N,9","+0120,1","-0038,1","99999,9","06,0000,9,1",,"4,000",,,,,"04,99,1,02,1,00,1,99999,9,04,1,01,1",,,,,,,,
"07742099999","1990-01-14T18:00:00","4","43.4333333","2.4166666","450.0","ST MICHEL DE CUXA, FR","FM-12","99999","V020","999,1,C,0000,1","22000,1,C,N","050000,1,N,9","+0060,1","+0010,1","99999,9","06,0000,9,1",,"4,000",,,,,"04,99,1,02,1,02,1,00800,1,04,1,00,1",,,"999,M,+0120,1",,,,"SYN011333   10120",
"07742099999","1990-01-15T06:00:00","4","43.4333333","2.4166666","450.0","ST MICHEL DE CUXA, FR","FM-12","99999","V020","999,1,C,0000,1","22000,1,C,N","050000,1,N,9","+0035,1","-0005,1","99999,9","06,0000,9,1",,"4,000",,,,,"04,99,1,04,1,00,1,99999,9,04,1,00,1",,,"999,N,+0015,1",,,,"SYN011333   20015",
"07742099999","1990-01-15T12:00:00","4","43.4333333","2.4166666","450.0","ST MICHEL DE CUXA, FR","FM-12","99999","V020","999,1,C,0000,1","22000,1,C,N","050000,1,N,9","+0125,1","+0050,1","99999,9","06,0000,9,1",,"4,000",,,,,"01,99,1,01,1,01,1,00800,1,00,1,00,1",,,,,,,,
"07742099999","1990-01-15T18:00:00","4","43.4333333","2.4166666","450.0","ST MICHEL DE CUXA, FR","FM-12","99999","V020","999,1,C,0000,1","22000,1,C,N","050000,1,N,9","+0070,1","+0022,1","99999,9","06,0000,9,1",,"4,000",,,,,"01,99,1,01,1,00,1,99999,9,04,1,00,1",,,"999,M,+0140,1",,,,"SYN011333   10140",
"07742099999","1990-01-16T06:00:00","4","43.4333333","2.4166666","450.0","ST MICHEL DE CUXA, FR","FM-12","99999","V020","999,1,C,0000,1","03600,1,C,N","050000,1,N,9","+0045,1","-0025,1","99999,9","06,0000,9,1",,"4,000",,,,,"06,99,1,06,1,00,1,99999,9,03,1,00,1",,,"999,N,+0010,1",,,,"SYN011333   20010",
"07742099999","1990-01-16T12:00:00","4","43.4333333","2.4166666","450.0","ST MICHEL DE CUXA, FR","FM-12","99999","V020","999,1,C,0000,1","22000,1,C,N","050000,1,N,9","+0115,1","-0009,1","99999,9","06,0000,9,1",,"4,000",,,,,"00,99,1,00,1,00,1,99999,9,00,1,00,1",,,,,,,,
"07742099999","1990-01-16T18:00:00","4","43.4333333","2.4166666","450.0","ST MICHEL DE CUXA, FR","FM-12","99999","V020","999,1,C,0000,1","22000,1,C,N","050000,1,N,9","+0071,1","+0022,1","99999,9","06,0000,9,1",,"4,000",,,,,"00,99,1,00,1,00,1,99999,9,00,1,00,1",,,"999,M,+0140,1",,,,"SYN011333   10140",
"07742099999","1990-01-17T06:00:00","4","43.4333333","2.4166666","450.0","ST MICHEL DE CUXA, FR","FM-12","99999","V020","999,1,C,0000,1","22000,1,C,N","050000,1,N,9","+0005,1","-0025,1","99999,9","06,0000,9,1",,"4,000",,,,,"00,99,1,00,1,00,1,99999,9,00,1,00,1",,,"999,N,-0005,1",,,,"SYN011333   21005",
"07742099999","1990-01-17T12:00:00","4","43.4333333","2.4166666","450.0","ST MICHEL DE CUXA, FR","FM-12","99999","V020","999,1,C,0000,1","22000,1,C,N","050000,1,N,9","+0070,1","+0022,1","99999,9","06,0000,9,1",,"4,000",,,,,"00,99,1,00,1,00,1,99999,9,00,1,00,1",,,,,,,,
"07742099999","1990-01-17T18:00:00","4","43.4333333","2.4166666","450.0","ST MICHEL DE CUXA, FR","FM-12","99999","V020","999,1,C,0000,1","22000,1,C,N","050000,1,N,9","+0060,1","+0010,1","99999,9","06,0000,9,1",,"4,000",,,,,"00,99,1,00,1,00,1,99999,9,00,1,00,1",,,"999,M,+0120,1",,,,"SYN011333   10120",
"07742099999","1990-01-18T12:00:00","4","43.4333333","2.4166666","450.0","ST MICHEL DE CUXA, FR","FM-12","99999","V020","999,1,C,0000,1","22000,1,C,N","050000,1,N,9","+0110,1","+0016,1","99999,9","06,0000,9,1",,"4,000",,,,,"01,99,1,01,1,01,1,00800,1,00,1,00,1",,,,,,,,
"07742099999","1990-01-19T06:00:00","4","43.4333333","2.4166666","450.0","ST MICHEL DE CUXA, FR","FM-12","99999","V020","999,1,C,0000,1","22000,1,C,N","050000,1,N,9","+0030,1","+0003,1","99999,9","06,0000,9,1",,"4,000",,,,,"00,99,1,00,1,00,1,99999,9,00,1,00,1",,,"999,N,-0010,1",,,,"SYN011333   21010",
"07742099999","1990-01-19T12:00:00","4","43.4333333","2.4166666","450.0","ST MICHEL DE CUXA, FR","FM-12","99999","V020","999,1,C,0000,1","22000,1,C,N","050000,1,N,9","+0100,1","+0002,1","99999,9","06,0000,9,1",,"4,000",,,,,"01,99,1,01,1,00,1,99999,9,04,1,00,1",,,,,,,,
"07742099999","1990-01-19T18:00:00","4","43.4333333","2.4166666","450.0","ST MICHEL DE CUXA, FR","FM-12","99999","V020","999,1,C,0000,1","22000,1,C,N","050000,1,N,9","+0050,1","-0003,1","99999,9","06,0000,9,1",,"4,000",,,,,"00,99,1,00,1,00,1,99999,9,00,1,00,1",,,"999,M,+0130,1",,,,"SYN011333   10130",
"07742099999","1990-01-20T12:00:00","4","43.4333333","2.4166666","450.0","ST MICHEL DE CUXA, FR","FM-12","99999","V020","999,1,C,0000,1","22000,1,C,N","050000,1,N,9","+0120,1","-0038,1","99999,9","06,0000,9,1",,"4,000",,,,,"01,99,1,01,1,00,1,99999,9,04,1,01,1",,,,,,,,
"07742099999","1990-01-20T18:00:00","4","43.4333333","2.4166666","450.0","ST MICHEL DE CUXA, FR","FM-12","99999","V020","999,1,C,0000,1","22000,1,C,N","050000,1,N,9","+0070,1","-0008,1","99999,9","06,0000,9,1",,"4,000",,,,,"03,99,1,03,1,00,1,99999,9,04,1,00,1",,,"999,M,+0155,1",,,,"SYN011333   10155",
"07742099999","1990-01-21T12:00:00","4","43.4333333","2.4166666","450.0","ST MICHEL DE CUXA, FR","FM-12","99999","V020","999,1,C,0000,1","22000,1,C,N","050000,1,N,9","+0155,1","+0036,1","99999,9","06,0000,9,1",,"4,000",,,,,"01,99,1,01,1,00,1,99999,9,04,1,00,1",,,,,,,,
"07742099999","1990-01-21T18:00:00","4","43.4333333","2.4166666","450.0","ST MICHEL DE CUXA, FR","FM-12","99999","V020","999,1,C,0000,1","22000,1,C,N","050000,1,N,9","+0065,1","-0032,1","99999,9","06,0000,9,1",,"4,000",,,,,"01,99,1,01,1,00,1,99999,9,04,1,00,1",,,"999,M,+0165,1",,,,"SYN011333   10165",
"07742099999","1990-01-22T18:00:00","4","43.4333333","2.4166666","450.0","ST MICHEL DE CUXA, FR","FM-12","99999","V020","999,1,C,0000,1","22000,1,C,N","050000,1,N,9","+0080,1","-0028,1","99999,9","06,0000,9,1",,"4,000",,,,,"00,99,1,00,1,00,1,99999,9,00,1,00,1",,,"999,M,+0165,1",,,,"SYN011333   10165",
"07742099999","1990-01-23T06:00:00","4","43.4333333","2.4166666","450.0","ST MICHEL DE CUXA, FR","FM-12","99999","V020","999,1,C,0000,1","22000,1,C,N","050000,1,N,9","+0020,1","-0107,1","99999,9","06,0000,9,1",,"4,000",,,,,"00,99,1,00,1,00,1,99999,9,00,1,00,1",,,"999,N,+0005,1",,,,"SYN011333   20005",
"07742099999","1990-01-23T12:00:00","4","43.4333333","2.4166666","450.0","ST MICHEL DE CUXA, FR","FM-12","99999","V020","999,1,C,0000,1","22000,1,C,N","050000,1,N,9","+0115,1","-0071,1","99999,9","06,0000,9,1",,"4,000",,,,,"04,99,1,04,1,00,1,99999,9,04,1,00,1",,,,,,,,
"07742099999","1990-01-24T06:00:00","4","43.4333333","2.4166666","450.0","ST MICHEL DE CUXA, FR","FM-12","99999","V020","999,1,C,0000,1","22000,1,C,N","050000,1,N,9","+0040,1","-0032,1","99999,9","06,0000,9,1",,"4,000",,,,,"02,99,1,02,1,00,1,99999,9,04,1,00,1",,,"999,N,+0020,1",,,,"SYN011333   20020",
"07742099999","1990-01-24T18:00:00","4","43.4333333","2.4166666","450.0","ST MICHEL DE CUXA, FR","FM-12","99999","V020","999,1,C,0000,1","03600,1,C,N","050000,1,N,9","+0140,1","+0080,1","99999,9","06,0000,9,1",,"4,000",,,,,"06,99,1,02,1,01,1,00800,1,04,1,00,1",,,"999,M,+0180,1",,,,"SYN011333   10180",
"07742099999","1990-01-25T06:00:00","4","43.4333333","2.4166666","450.0","ST MICHEL DE CUXA, FR","FM-12","99999","V020","999,1,C,0000,1","22000,1,C,N","050000,1,N,9","+0100,1","+0031,1","99999,9","06,0000,9,1",,"4,000",,,,,"00,99,1,00,1,00,1,99999,9,00,1,00,1",,,"999,N,+0055,1",,,,"SYN011333   20055",
"07742099999","1990-01-25T12:00:00","4","43.4333333","2.4166666","450.0","ST MICHEL DE CUXA, FR","FM-12","99999","V020","999,1,C,0000,1","22000,1,C,N","050000,1,N,9","+0165,1","+0054,1","99999,9","06,0000,9,1",,"4,000",,,,,"03,99,1,01,1,00,1,99999,9,04,1,01,1",,,,,,,,
"07742099999","1990-01-25T18:00:00","4","43.4333333","2.4166666","450.0","ST MICHEL DE CUXA, FR","FM-12","99999","V020","999,1,C,0000,1","99999,9,9,N","050000,1,N,9","+0120,1","+0056,1","99999,9","06,0000,9,1",,"4,000",,,,,"05,99,1,02,1,00,1,99999,9,04,1,02,1",,,"999,M,+0175,1",,,,"SYN011333   10175",
"07742099999","1990-01-26T06:00:00","4","43.4333333","2.4166666","450.0","ST MICHEL DE CUXA, FR","FM-12","99999","V020","999,1,C,0000,1","00750,1,C,N","050000,1,N,9","+0090,1","+0045,1","99999,9","06,0000,9,1",,"4,000",,,,,"07,99,1,07,1,05,1,00800,1,00,1,00,1",,,"999,N,+0050,1",,,,"SYN011333   20050",
"07742099999","1990-01-26T12:00:00","4","43.4333333","2.4166666","450.0","ST MICHEL DE CUXA, FR","FM-12","99999","V020","999,1,C,0000,1","00750,1,C,N","050000,1,N,9","+0110,1","+0068,1","99999,9","06,0000,9,1",,"4,000",,,,,"06,99,1,06,1,05,1,00800,1,00,1,00,1",,,,,,,,
"07742099999","1990-01-26T18:00:00","4","43.4333333","2.4166666","450.0","ST MICHEL DE CUXA, FR","FM-12","99999","V020","999,1,C,0000,1","00750,1,C,N","020000,1,N,9","+0090,1","+0018,1","99999,9","06,0000,9,1",,"4,000",,,,,"06,99,1,06,1,05,1,00800,1,00,1,00,1",,,"999,M,+0120,1",,,,"SYN011333   10120",
"07742099999","1990-01-27T12:00:00","4","43.4333333","2.4166666","450.0","ST MICHEL DE CUXA, FR","FM-12","99999","V020","999,1,C,0000,1","03600,1,C,N","050000,1,N,9","+0080,1","+0034,1","99999,9","06,0000,9,1",,"4,000",,,,,"05,99,1,03,1,01,1,00800,1,04,1,00,1",,,,,,,,
"07742099999","1990-01-27T18:00:00","4","43.4333333","2.4166666","450.0","ST MICHEL DE CUXA, FR","FM-12","99999","V020","999,1,C,0000,1","22000,1,C,N","050000,1,N,9","+0090,1","+0018,1","99999,9","06,0000,9,1",,"4,000",,,,,"04,99,1,01,1,02,1,00800,1,04,1,02,1",,,"999,M,+0140,1",,,,"SYN011333   10140",
"07742099999","1990-01-28T06:00:00","4","43.4333333","2.4166666","450.0","ST MICHEL DE CUXA, FR","FM-12","99999","V020","999,1,C,0000,1","22000,1,C,N","050000,1,N,9","+0050,1","+0038,1","99999,9","06,0000,9,1",,"4,000",,,,,"01,99,1,00,1,00,1,99999,9,00,1,01,1",,,"999,N,+0045,1",,,,"SYN011333   20045",
"07742099999","1990-01-28T12:00:00","4","43.4333333","2.4166666","450.0","ST MICHEL DE CUXA, FR","FM-12","99999","V020","999,1,C,0000,1","00750,1,C,N","050000,1,N,9","+0100,1","+0057,1","99999,9","06,0000,9,1",,"4,000",,,,,"08,99,1,08,1,05,1,00800,1,99,9,99,9",,,,,,,,
"07742099999","1990-01-28T18:00:00","4","43.4333333","2.4166666","450.0","ST MICHEL DE CUXA, FR","FM-12","99999","V020","999,1,C,0000,1","00750,1,C,N","050000,1,N,9","+0070,1","+0047,1","99999,9","99,0005,9,1",,"0,000",,,"6,1,06,1","2,1,06,1","08,99,1,08,1,05,1,00800,1,00,1,00,1",,,"999,M,+0100,1",,"60,1",,"SYN011333   10100",
"07742099999","1990-01-29T06:00:00","4","43.4333333","2.4166666","450.0","ST MICHEL DE CUXA, FR","FM-12","99999","V020","999,1,C,0000,1","22000,1,C,N","050000,1,N,9","+0035,1","+0028,1","99999,9","99,0010,9,1",,"0,000",,,,,"04,99,1,04,1,00,1,99999,9,03,1,00,1",,,"999,N,+0035,1",,,,"SYN011333   20035",
"07742099999","1990-01-29T12:00:00","4","43.4333333","2.4166666","450.0","ST MICHEL DE CUXA, FR","FM-12","99999","V020","999,1,C,0000,1","22000,1,C,N","050000,1,N,9","+0090,1","+0032,1","99999,9","06,0000,9,1",,"4,000",,,,,"01,99,1,01,1,00,1,99999,9,03,1,00,1",,,,,,,,
"07742099999","1990-01-29T18:00:00","4","43.4333333","2.4166666","450.0","ST MICHEL DE CUXA, FR","FM-12","99999","V020","999,1,C,0000,1","01200,1,C,N","050000,1,N,9","+0080,1","+0046,1","99999,9","06,0000,9,1",,"4,000",,,,,"06,99,1,06,1,08,1,00800,1,00,1,00,1",,,"999,M,+0120,1",,,,"SYN011333   10120",
"07742099999","1990-01-30T06:00:00","4","43.4333333","2.4166666","450.0","ST MICHEL DE CUXA, FR","FM-12","99999","V020","999,1,C,0000,1","22000,1,C,N","050000,1,N,9","+0065,1","+0029,1","99999,9","99,0003,9,1",,"0,000",,,"6,1,06,1","1,1,06,1","02,99,1,02,1,02,1,00800,1,00,1,00,1",,,"999,N,+0010,1",,"02,1",,"SYN011333   20010",
"07742099999","1990-01-30T12:00:00","4","43.4333333","2.4166666","450.0","ST MICHEL DE CUXA, FR","FM-12","99999","V020","999,1,C,0000,1","22000,1,C,N","050000,1,N,9","+0145,1","-0012,1","99999,9","06,0000,9,1",,"4,000",,,,,"01,99,1,01,1,02,1,01250,1,00,1,00,1",,,,,,,,
"07742099999","1990-01-30T18:00:00","4","43.4333333","2.4166666","450.0","ST MICHEL DE CUXA, FR","FM-12","99999","V020","999,1,C,0000,1","22000,1,C,N","050000,1,N,9","+0095,1","+0038,1","99999,9","06,0000,9,1",,"4,000",,,,,"00,99,1,00,1,00,1,99999,9,00,1,00,1",,,"999,M,+0165,1",,,,"SYN011333   10165",
"07742099999","1990-01-31T06:00:00","4","43.4333333","2.4166666","450.0","ST MICHEL DE CUXA, FR","FM-12","99999","V020","999,1,C,0000,1","22000,1,C,N","050000,1,N,9","+0020,1","+0007,1","99999,9","06,0000,9,1",,"4,000",,,,,"02,99,1,02,1,00,1,99999,9,04,1,00,1",,,"999,N,+0015,1",,,,"SYN011333   20015",
"07742099999","1990-01-31T12:00:00","4","43.4333333","2.4166666","450.0","ST MICHEL DE CUXA, FR","FM-12","99999","V020","999,1,C,0000,1","99999,9,9,N","050000,1,N,9","+0080,1","+0034,1","99999,9","06,0000,9,1",,"4,000",,,,,"07,99,1,03,1,00,1,99999,9,04,1,02,1",,,,,,,,
"07742099999","1990-01-31T18:00:00","4","43.4333333","2.4166666","450.0","ST MICHEL DE CUXA, FR","FM-12","99999","V020","220,1,N,0015,1","99999,9,9,N","050000,1,N,9","+0150,1","-0022,1","99999,9","06,0000,9,1",,"4,000",,,,,"05,99,1,03,1,00,1,99999,9,04,1,02,1",,,"999,M,+0150,1",,,,"SYN011333   10150",
"07742099999","1990-02-01T06:00:00","4","43.4333333","2.4166666","450.0","ST MICHEL DE CUXA, FR","FM-12","99999","V020","999,1,C,0000,1","00750,1,C,N","050000,1,N,9","+0075,1","+0014,1","99999,9","06,0000,9,1",,"4,000",,,,,"05,99,1,05,1,01,1,00800,1,00,1,00,1",,,"999,N,+0060,1",,,,"SYN011333   20060",
"07742099999","1990-02-01T12:00:00","4","43.4333333","2.4166666","450.0","ST MICHEL DE CUXA, FR","FM-12","99999","V020","999,1,C,0000,1","22000,1,C,N","050000,1,N,9","+0120,1","-0001,1","99999,9","06,0000,9,1",,"4,000",,,,,"01,99,1,01,1,01,1,00800,1,00,1,00,1",,,,,,,,
"07742099999","1990-02-01T18:00:00","4","43.4333333","2.4166666","450.0","ST MICHEL DE CUXA, FR","FM-12","99999","V020","999,1,C,0000,1","22000,1,C,N","050000,1,N,9","+0095,1","+0010,1","99999,9","06,0000,9,1",,"4,000",,,,,"03,99,1,01,1,00,1,99999,9,04,1,01,1",,,"999,M,+0120,1",,,,"SYN011333   10120",
"07742099999","1990-02-02T06:00:00","4","43.4333333","2.4166666","450.0","ST MICHEL DE CUXA, FR","FM-12","99999","V020","999,1,C,0000,1","22000,1,C,N","050000,1,N,9","+0020,1","-0008,1","99999,9","06,0000,9,1",,"4,000",,,,,"00,99,1,00,1,00,1,99999,9,00,1,00,1",,,"999,N,+0010,1",,,,"SYN011333   20010",
"07742099999","1990-02-02T12:00:00","4","43.4333333","2.4166666","450.0","ST MICHEL DE CUXA, FR","FM-12","99999","V020","999,1,C,0000,1","22000,1,C,N","050000,1,N,9","+0130,1","+0014,1","99999,9","06,0000,9,1",,"4,000",,,,,"02,99,1,02,1,00,1,99999,9,03,1,00,1",,,,,,,,
"07742099999","1990-02-03T06:00:00","4","43.4333333","2.4166666","450.0","ST MICHEL DE CUXA, FR","FM-12","99999","V020","999,1,C,0000,1","22000,1,C,N","050000,1,N,9","+0030,1","+0017,1","99999,9","06,0000,9,1",,"4,000",,,,,"02,99,1,00,1,00,1,99999,9,00,1,02,1",,,"999,N,+0020,1",,,,"SYN011333   20020",
"07742099999","1990-02-03T12:00:00","4","43.4333333","2.4166666","450.0","ST MICHEL DE CUXA, FR","FM-12","99999","V020","999,1,C,0000,1","99999,9,9,N","050000,1,N,9","+0115,1","+0037,1","99999,9","06,0000,9,1",,"4,000",,,,,"05,99,1,03,1,00,1,99999,9,04,1,02,1",,,,,,,,
"07742099999","1990-02-03T18:00:00","4","43.4333333","2.4166666","450.0","ST MICHEL DE CUXA, FR","FM-12","99999","V020","050,1,N,0036,1","01200,1,C,N","050000,1,N,9","+0120,1","+0056,1","99999,9","06,0000,9,1",,"4,000",,,,,"06,99,1,06,1,08,1,00800,1,00,1,00,1",,,"999,M,+0220,1",,,,"SYN011333   10220",
"07742099999","1990-02-04T12:00:00","4","43.4333333","2.4166666","450.0","ST MICHEL DE CUXA, FR","FM-12","99999","V020","999,1,C,0000,1","22000,1,C,N","050000,1,N,9","+0120,1","+0043,1","99999,9","06,0000,9,1",,"4,000",,,,,"00,99,1,00,1,00,1,99999,9,00,1,00,1",,,,,,,,
"07742099999","1990-02-04T18:00:00","4","43.4333333","2.4166666","450.0","ST MICHEL DE CUXA, FR","FM-12","99999","V020","999,1,C,0000,1","22000,1,C,N","050000,1,N,9","+0100,1","+0044,1","99999,9","06,0000,9,1",,"4,000",,,,,"03,99,1,03,1,02,1,00800,1,00,1,00,1",,,"999,M,+0140,1",,,,"SYN011333   10140",
"07742099999","1990-02-05T06:00:00","4","43.4333333","2.4166666","450.0","ST MICHEL DE CUXA, FR","FM-12","99999","V020","999,1,C,0000,1","00750,1,C,N","020000,1,N,9","+0050,1","+0038,1","99999,9","06,0000,9,1",,"4,000",,,,,"08,99,1,08,1,05,1,00800,1,99,9,99,9",,,"999,N,+0020,1",,,,"SYN011333   20020",
"07742099999","1990-02-05T12:00:00","4","43.4333333","2.4166666","450.0","ST MICHEL DE CUXA, FR","FM-12","99999","V020","999,1,C,0000,1","22000,1,C,N","050000,1,N,9","+0095,1","+0038,1","99999,9","06,0000,9,1",,"4,000",,,,,"02,99,1,02,1,01,1,00800,1,00,1,00,1",,,,,,,,
"07742099999","1990-02-05T18:00:00","4","43.4333333","2.4166666","450.0","ST MICHEL DE CUXA, FR","FM-12","99999","V020","999,1,C,0000,1","22000,1,C,N","050000,1,N,9","+0125,1","+0062,1","99999,9","06,0000,9,1",,"4,000",,,,,"02,99,1,02,1,00,1,99999,9,08,1,00,1",,,"999,M,+0165,1",,,,"SYN011333   10165",
"07742099999","1990-02-06T06:00:00","4","43.4333333","2.4166666","450.0","ST MICHEL DE CUXA, FR","FM-12","99999","V020","999,1,C,0000,1","03600,1,C,N","050000,1,N,9","+0045,1","+0033,1","99999,9","06,0000,9,1",,"4,000",,,,,"06,99,1,04,1,05,1,01250,1,04,1,02,1",,,"999,N,+0035,1",,,,"SYN011333   20035",
"07742099999","1990-02-06T12:00:00","4","43.4333333","2.4166666","450.0","ST MICHEL DE CUXA, FR","FM-12","99999","V020","999,1,C,0000,1","03600,1,C,N","050000,1,N,9","+0090,1","+0018,1","99999,9","06,0000,9,1",,"4,000",,,,,"06,99,1,02,1,05,1,00800,1,04,1,02,1",,,,,,,,
"07742099999","1990-02-06T18:00:00","4","43.4333333","2.4166666","450.0","ST MICHEL DE CUXA, FR","FM-12","99999","V020","999,1,C,0000,1","22000,1,C,N","050000,1,N,9","+0160,1","+0029,1","99999,9","06,0000,9,1",,"4,000",,,,,"04,99,1,04,1,00,1,99999,9,04,1,00,1",,,"999,M,+0160,1",,,,"SYN011333   10160",
"07742099999","1990-02-07T06:00:00","4","43.4333333","2.4166666","450.0","ST MICHEL DE CUXA, FR","FM-12","99999","V020","999,1,C,0000,1","22000,1,C,N","050000,1,N,9","+0050,1","+0026,1","99999,9","06,0000,9,1",,"4,000",,,,,"00,99,1,00,1,00,1,99999,9,00,1,00,1",,,"999,N,+0040,1",,,,"SYN011333   20040",
"07742099999","1990-02-07T12:00:00","4","43.4333333","2.4166666","450.0","ST MICHEL DE CUXA, FR","FM-12","99999","V020","999,1,C,0000,1","99999,9,9,N","050000,1,N,9","+0100,1","+0031,1","99999,9","06,0000,9,1",,"4,000",,,,,"06,99,1,00,1,00,1,99999,9,00,1,06,1",,,,,,,,"Q01+000062SCOTLC"
"07742099999","1990-02-08T12:00:00","4","43.4333333","2.4166666","450.0","ST MICHEL DE CUXA, FR","FM-12","99999","V020","999,1,C,0000,1","03600,1,C,N","050000,1,N,9","+0095,1","+0063,1","99999,9","06,0000,9,1",,"4,000",,,,,"05,99,1,02,1,02,1,00800,1,04,1,00,1",,,,,,,,
"07742099999","1990-02-08T18:00:00","4","43.4333333","2.4166666","450.0","ST MICHEL DE CUXA, FR","FM-12","99999","V020","999,1,C,0000,1","22000,1,C,N","050000,1,N,9","+0130,1","+0068,1","99999,9","06,0000,9,1",,"4,000",,,,,"04,99,1,02,1,02,1,00800,1,00,1,02,1",,,"999,M,+0160,1",,,,"SYN011333   10160",
"07742099999","1990-02-09T06:00:00","4","43.4333333","2.4166666","450.0","ST MICHEL DE CUXA, FR","FM-12","99999","V020","999,1,C,0000,1","22000,1,C,N","050000,1,N,9","+0060,1","+0049,1","99999,9","06,0000,9,1",,"4,000",,,,,"03,99,1,03,1,01,1,00800,1,00,1,00,1",,,"999,N,+0055,1",,,,"SYN011333   20055",
"07742099999","1990-02-09T12:00:00","4","43.4333333","2.4166666","450.0","ST MICHEL DE CUXA, FR","FM-12","99999","V020","999,1,C,0000,1","22000,1,C,N","050000,1,N,9","+0150,1","+0069,1","99999,9","06,0000,9,1",,"4,000",,,,,"02,99,1,02,1,00,1,99999,9,04,1,00,1",,,,,,,,
"07742099999","1990-02-10T06:00:00","4","43.4333333","2.4166666","450.0","ST MICHEL DE CUXA, FR","FM-12","99999","V020","999,1,C,0000,1","03600,1,C,N","020000,1,N,9","+0040,1","+0015,1","99999,9","06,0000,9,1",,"4,000",,,,,"08,99,1,03,1,06,1,00450,1,04,1,02,1",,,"999,N,+0035,1",,,,"SYN011333   20035",
"07742099999","1990-02-10T18:00:00","4","43.4333333","2.4166666","450.0","ST MICHEL DE CUXA, FR","FM-12","99999","V020","999,1,C,0000,1","03600,1,C,N","050000,1,N,9","+0105,1","+0050,1","99999,9","06,0000,9,1",,"4,000",,,,,"05,99,1,03,1,02,1,00800,1,07,1,99,9",,,"999,M,+0130,1",,,,"SYN011333   10130",
"07742099999","1990-02-11T06:00:00","4","43.4333333","2.4166666","450.0","ST MICHEL DE CUXA, FR","FM-12","99999","V020","300,1,N,0026,1","22000,1,C,N","020000,1,N,9","+0095,1","+0040,1","99999,9","06,0000,9,1",,"4,000",,,,,"04,99,1,04,1,08,1,00800,1,00,1,01,1",,,"999,N,+0050,1",,,,"SYN011333   20050",
"07742099999","1990-02-11T12:00:00","4","43.4333333","2.4166666","450.0","ST MICHEL DE CUXA, FR","FM-12","99999","V020","999,1,C,0000,1","22000,1,C,N","020000,1,N,9","+0130,1","+0045,1","99999,9","06,0000,9,1",,"4,000",,,,,"03,99,1,03,1,08,1,01250,1,00,1,00,1",,,,,,,,
"07742099999","1990-02-11T18:00:00","4","43.4333333","2.4166666","450.0","ST MICHEL DE CUXA, FR","FM-12","99999","V020","999,1,C,0000,1","22000,1,C,N","050000,1,N,9","+0090,1","+0018,1","99999,9","06,0000,9,1",,"4,000",,,,,"03,99,1,03,1,00,1,99999,9,03,1,00,1",,,"999,M,+0140,1",,,,"SYN011333   10140",
"07742099999","1990-02-12T06:00:00","4","43.4333333","2.4166666","450.0","ST MICHEL DE CUXA, FR","FM-12","99999","V020","999,1,C,0000,1","00420,1,C,N","050000,1,N,9","+0055,1","+0043,1","99999,9","99,0050,9,1",,"0,000",,,"6,1,06,1","2,1,06,1","08,99,1,08,1,05,1,00450,1,99,9,99,9",,,"999,N,+0050,1",,"60,1",,"SYN011333   20050",
"07742099999","1990-02-12T12:00:00","4","43.4333333","2.4166666","450.0","ST MICHEL DE CUXA, FR","FM-12","99999","V020","999,1,C,0000,1","00750,1,C,N","020000,1,N,9","+0060,1","+0036,1","99999,9","06,0080,9,1",,"0,000",,,"6,1,06,1","2,1,06,1","08,99,1,08,1,05,1,00800,1,99,9,99,9",,,,,"01,1",,,
"07742099999","1990-02-12T18:00:00","4","43.4333333","2.4166666","450.0","ST MICHEL DE CUXA, FR","FM-12","99999","V020","999,1,C,0000,1","01500,1,C,N","020000,1,N,9","+0105,1","+0050,1","99999,9","99,0110,9,1",,"0,001",,,"6,1,06,1","2,1,06,1","08,99,1,08,1,08,1,01250,1,99,9,99,9",,,"999,M,+0105,1",,"61,1",,"SYN011333   10105",
"07742099999","1990-02-13T06:00:00","4","43.4333333","2.4166666","450.0","ST MICHEL DE CUXA, FR","FM-12","99999","V020","999,1,C,0000,1","01200,1,C,N","020000,1,N,9","+0125,1","+0050,1","99999,9","99,0050,9,1",,"0,000",,,"6,1,06,1","2,1,06,1","06,99,1,06,1,08,1,00800,1,00,1,00,1",,,"999,N,+0095,1",,"01,1",,"SYN011333   20095",
"07742099999","1990-02-13T12:00:00","4","43.4333333","2.4166666","450.0","ST MICHEL DE CUXA, FR","FM-12","99999","V020","280,1,N,0036,1","00900,1,C,N","050000,1,N,9","+0160,1","+0057,1","99999,9","06,0000,9,1",,"4,000",,,,,"05,99,1,05,1,08,1,00450,1,00,1,00,1",,,,,,,,
"07742099999","1990-02-13T18:00:00","4","43.4333333","2.4166666","450.0","ST MICHEL DE CUXA, FR","FM-12","99999","V020","240,1,N,0087,1","22000,1,C,N","050000,1,N,9","+0175,1","-0013,1","99999,9","06,0000,9,1",,"4,000",,,,,"04,99,1,02,1,05,1,00800,1,04,1,00,1",,,"999,M,+0190,1",,,,"SYN011333   10190",
"07742099999","1990-02-14T06:00:00","4","43.4333333","2.4166666","450.0","ST MICHEL DE CUXA, FR","FM-12","99999","V020","280,1,N,0051,1","22000,1,C,N","050000,1,N,9","+0185,1","+0023,1","99999,9","06,0000,9,1",,"4,000",,,,,"04,99,1,04,1,01,1,00800,1,00,1,00,1",,,"999,N,+0170,1",,,,"SYN011333   20170",
"07742099999","1990-02-14T12:00:00","4","43.4333333","2.4166666","450.0","ST MICHEL DE CUXA, FR","FM-12","99999","V020","999,1,C,0000,1","22000,1,C,N","050000,1,N,9","+0215,1","-0057,1","99999,9","06,0000,9,1",,"4,000",,,,,"04,99,1,01,1,01,1,00800,1,04,1,00,1",,,,,,,,
"07742099999","1990-02-14T18:00:00","4","43.4333333","2.4166666","450.0","ST MICHEL DE CUXA, FR","FM-12","99999","V020","999,1,C,0000,1","22000,1,C,N","050000,1,N,9","+0210,1","-0071,1","99999,9","06,0000,9,1",,"4,000",,,,,"04,99,1,04,1,00,1,99999,9,04,1,00,1",,,"999,M,+0230,1",,,,"SYN011333   10230",
"07742099999","1990-02-15T06:00:00","4","43.4333333","2.4166666","450.0","ST MICHEL DE CUXA, FR","FM-12","99999","V020","999,1,C,0000,1","01500,1,C,N","050000,1,N,9","+0180,1","+0045,1","99999,9","06,0000,9,1",,"4,000",,,,,"06,99,1,06,1,08,1,01250,1,00,1,00,1",,,"999,N,+0180,1",,,,"SYN011333   20180",
"07742099999","1990-02-15T12:00:00","4","43.4333333","2.4166666","450.0","ST MICHEL DE CUXA, FR","FM-12","99999","V020","180,1,N,0051,1","03600,1,C,N","050000,1,N,9","+0190,1","+0073,1","99999,9","06,9999,2,9",,"0,000",,,"6,1,06,1","2,1,06,1","06,99,1,04,1,05,1,00800,1,04,1,00,1",,,,,"21,1",,,
"07742099999","1990-02-15T18:00:00","4","43.4333333","2.4166666","450.0","ST MICHEL DE CUXA, FR","FM-12","99999","V020","280,1,N,0026,1","22000,1,C,N","050000,1,N,9","+0190,1","+0015,1","99999,9","99,9999,2,9",,"0,000",,,,,"04,99,1,04,1,01,1,00800,1,00,1,00,1",,,"999,M,+0220,1",,,,"SYN011333   10220",
"07742099999","1990-02-16T06:00:00","4","43.4333333","2.4166666","450.0","ST MICHEL DE CUXA, FR","FM-12","99999","V020","999,1,C,0000,1","99999,9,9,N","020000,1,N,9","+0090,1","+0035,1","99999,9","06,0000,9,1",,"4,000",,,,,"05,99,1,02,1,00,1,99999,9,04,1,01,1",,,"999,N,+0085,1",,,,"SYN011333   20085",
"07742099999","1990-02-16T12:00:00","4","43.4333333","2.4166666","450.0","ST MICHEL DE CUXA, FR","FM-12","99999","V020","999,1,C,0000,1","22000,1,C,N","050000,1,N,9","+0145,1","+0050,1","99999,9","06,0000,9,1",,"4,000",,,,,"04,99,1,01,1,00,1,99999,9,04,1,01,1",,,,,,,,
"07742099999","1990-02-17T06:00:00","4","43.4333333","2.4166666","450.0","ST MICHEL DE CUXA, FR","FM-12","99999","V020","999,1,C,0000,1","22000,1,C,N","050000,1,N,9","+0055,1","+0043,1","99999,9","06,0000,9,1",,"4,000",,,,,"03,99,1,03,1,00,1,99999,9,04,1,02,1",,,"999,N,+0045,1",,,,"SYN011333   20045",
"07742099999","1990-02-17T12:00:00","4","43.4333333","2.4166666","450.0","ST MICHEL DE CUXA, FR","FM-12","99999","V020","999,1,C,0000,1","22000,1,C,N","050000,1,N,9","+0145,1","+0075,1","99999,9","06,0000,9,1",,"4,000",,,,,"03,99,1,00,1,00,1,99999,9,00,1,02,1",,,,,,,,
"07742099999","1990-02-17T18:00:00","4","43.4333333","2.4166666","450.0","ST MICHEL DE CUXA, FR","FM-12","99999","V020","999,1,C,0000,1","22000,1,C,N","020000,1,N,9","+0140,1","+0091,1","99999,9","06,0000,9,1",,"4,000",,,,,"03,99,1,00,1,00,1,99999,9,00,1,01,1",,,"999,M,+0170,1",,,,"SYN011333   10170",
"07742099999","1990-02-18T06:00:00","4","43.4333333","2.4166666","450.0","ST MICHEL DE CUXA, FR","FM-12","99999","V020","999,1,C,0000,1","00420,1,C,N","020000,1,N,9","+0080,1","+0058,1","99999,9","06,0000,9,1",,"4,000",,,,,"08,99,1,08,1,06,1,00450,1,99,9,99,9",,,"999,N,+0040,1",,,,"SYN011333   20040",
"07742099999","1990-02-18T12:00:00","4","43.4333333","2.4166666","450.0","ST MICHEL DE CUXA, FR","FM-12","99999","V020","999,1,C,0000,1","00750,1,C,N","050000,1,N,9","+0115,1","+0085,1","99999,9","06,0000,9,1",,"4,000",,,,,"06,99,1,06,1,01,1,00800,1,00,1,00,1",,,,,,,,
"07742099999","1990-02-18T18:00:00","4","43.4333333","2.4166666","450.0","ST MICHEL DE CUXA, FR","FM-12","99999","V020","999,1,C,0000,1","01200,1,C,N","020000,1,N,9","+0100,1","+0079,1","99999,9","06,0000,9,1",,"4,000",,,,,"08,99,1,08,1,05,1,01250,1,99,9,99,9",,,"999,M,+0135,1",,,,"SYN011333   10135",
"07742099999","1990-02-19T06:00:00","4","43.4333333","2.4166666","450.0","ST MICHEL DE CUXA, FR","FM-12","99999","V020","999,1,C,0000,1","00420,1,C,N","050000,1,N,9","+0085,1","+0063,1","99999,9","06,0000,9,1",,"4,000",,,,,"08,99,1,08,1,05,1,00450,1,99,9,99,9",,,"999,N,+0085,1",,,,"SYN011333   20085",
"07742099999","1990-02-19T12:00:00","4","43.4333333","2.4166666","450.0","ST MICHEL DE CUXA, FR","FM-12","99999","V020","999,1,C,0000,1","00750,1,C,N","050000,1,N,9","+0105,1","+0090,1","99999,9","06,0000,9,1",,"4,000",,,,,"08,99,1,08,1,05,1,00800,1,99,9,99,9",,,,,,,,
"07742099999","1990-02-19T18:00:00","4","43.4333333","2.4166666","450.0","ST MICHEL DE CUXA, FR","FM-12","99999","V020","999,1,C,0000,1","00750,1,C,N","050000,1,N,9","+0115,1","+0085,1","99999,9","06,0000,9,1",,"4,000",,,,,"07,99,1,07,1,05,1,00800,1,99,9,99,9",,,"999,M,+0125,1",,,,"SYN011333   10125",
"07742099999","1990-02-20T06:00:00","4","43.4333333","2.4166666","450.0","ST MICHEL DE CUXA, FR","FM-12","99999","V020","999,1,C,0000,1","00750,1,C,N","010000,1,N,9","+0085,1","+0063,1","99999,9","06,0000,9,1",,"4,000",,,,,"07,99,1,07,1,05,1,00800,1,99,9,99,9",,,"999,N,+0080,1",,,,"SYN011333   20080",
"07742099999","1990-02-20T18:00:00","4","43.4333333","2.4166666","450.0","ST MICHEL DE CUXA, FR","FM-12","99999","V020","999,1,C,0000,1","00750,1,C,N","020000,1,N,9","+0110,1","+0090,1","99999,9","06,0000,9,1",,"4,000",,,,,"08,99,1,08,1,05,1,00800,1,99,9,99,9",,,"999,M,+0130,1",,,,"SYN011333   10130",
"07742099999","1990-02-21T06:00:00","4","43.4333333","2.4166666","450.0","ST MICHEL DE CUXA, FR","FM-12","99999","V020","999,1,C,0000,1","00750,1,C,N","020000,1,N,9","+0070,1","+0059,1","99999,9","06,0000,9,1",,"4,000",,,,,"08,99,1,08,1,05,1,00800,1,99,9,99,9",,,"999,N,+0060,1",,,,"SYN011333   20060",
"07742099999","1990-02-21T12:00:00","4","43.4333333","2.4166666","450.0","ST MICHEL DE CUXA, FR","FM-12","99999","V020","999,1,C,0000,1","22000,1,C,N","050000,1,N,9","+0130,1","+0068,1","99999,9","06,0000,9,1",,"4,000",,,,,"04,99,1,04,1,01,1,00800,1,00,1,00,1",,,,,,,,
"07742099999","1990-02-21T18:00:00","4","43.4333333","2.4166666","450.0","ST MICHEL DE CUXA, FR","FM-12","99999","V020","999,1,C,0000,1","01200,1,C,N","050000,1,N,9","+0130,1","+0068,1","99999,9","06,0000,9,1",,"4,000",,,,,"05,99,1,05,1,08,1,00800,1,00,1,00,1",,,"999,M,+0170,1",,,,"SYN011333   10170",
"07742099999","1990-02-22T06:00:00","4","43.4333333","2.4166666","450.0","ST MICHEL DE CUXA, FR","FM-12","99999","V020","999,1,C,0000,1","22000,1,C,N","050000,1,N,9","+0070,1","+0047,1","99999,9","06,0000,9,1",,"4,000",,,,,"00,99,1,00,1,00,1,99999,9,00,1,00,1",,,"999,N,+0065,1",,,,"SYN011333   20065",
"07742099999","1990-02-22T12:00:00","4","43.4333333","2.4166666","450.0","ST MICHEL DE CUXA, FR","FM-12","99999","V020","999,1,C,0000,1","22000,1,C,N","050000,1,N,9","+0175,1","+0111,1","99999,9","06,0000,9,1",,"4,000",,,,,"00,99,1,00,1,00,1,99999,9,00,1,00,1",,,,,,,,
"07742099999","1990-02-22T18:00:00","4","43.4333333","2.4166666","450.0","ST MICHEL DE CUXA, FR","FM-12","99999","V020","999,1,C,0000,1","22000,1,C,N","050000,1,N,9","+0130,1","+0068,1","99999,9","06,0000,9,1",,"4,000",,,,,"03,99,1,03,1,01,1,00800,1,00,1,00,1",,,"999,M,+0170,1",,,,"SYN011333   10170",
"07742099999","1990-02-23T06:00:00","4","43.4333333","2.4166666","450.0","ST MICHEL DE CUXA, FR","FM-12","99999","V020","999,1,C,0000,1","22000,1,C,N","050000,1,N,9","+0055,1","+0043,1","99999,9","06,0000,9,1",,"4,000",,,,,"00,99,1,00,1,00,1,99999,9,00,1,00,1",,,"999,N,+0050,1",,,,"SYN011333   20050",
"07742099999","1990-02-23T12:00:00","4","43.4333333","2.4166666","450.0","ST MICHEL DE CUXA, FR","FM-12","99999","V020","999,1,C,0000,1","22000,1,C,N","050000,1,N,9","+0150,1","+0086,1","99999,9","06,0000,9,1",,"4,000",,,,,"00,99,1,00,1,00,1,99999,9,00,1,00,1",,,,,,,,
"07742099999","1990-02-24T06:00:00","4","43.4333333","2.4166666","450.0","ST MICHEL DE CUXA, FR","FM-12","99999","V020","999,1,C,0000,1","22000,1,C,N","020000,1,N,9","+0065,1","+0054,1","99999,9","06,0000,9,1",,"4,000",,,,,"00,99,1,00,1,00,1,99999,9,00,1,00,1",,,"999,N,+0060,1",,,,"SYN011333   20060",
"07742099999","1990-02-25T12:00:00","4","43.4333333","2.4166666","450.0","ST MICHEL DE CUXA, FR","FM-12","99999","V020","999,1,C,0000,1","00750,1,C,N","010000,1,N,9","+0100,1","+0057,1","99999,9","06,0000,9,1",,"4,000",,,,,"08,99,1,05,1,01,1,00800,1,02,1,99,9",,,,,,,,
"07742099999","1990-02-25T18:00:00","4","43.4333333","2.4166666","450.0","ST MICHEL DE CUXA, FR","FM-12","99999","V020","999,1,C,0000,1","03600,1,C,N","020000,1,N,9","+0110,1","+0068,1","99999,9","06,0000,9,1",,"4,000",,,,,"06,99,1,04,1,01,1,00450,1,04,1,99,9",,,"999,M,+0130,1",,,,"SYN011333   10130",
"07742099999","1990-02-26T18:00:00","4","43.4333333","2.4166666","450.0","ST MICHEL DE CUXA, FR","FM-12","99999","V020","999,1,C,0000,1","01200,1,C,N","050000,1,N,9","+0150,1","+0069,1","99999,9","06,0000,9,1",,"4,000",,,,,"07,99,1,06,1,08,1,00800,1,08,1,99,9",,,"999,M,+0180,1",,,,"SYN011333   10180",
"07742099999","1990-02-27T18:00:00","4","43.4333333","2.4166666","450.0","ST MICHEL DE CUXA, FR","FM-12","99999","V020","300,1,N,0087,1","22000,1,C,N","050000,1,N,9","+0195,1","+0006,1","99999,9","06,0000,9,1",,"4,000",,,,,"04,99,1,04,1,02,1,00800,1,00,1,00,1",,,"999,M,+0210,1",,,,"SYN011333   10210",
"07742099999","1990-02-28T06:00:00","4","43.4333333","2.4166666","450.0","ST MICHEL DE CUXA, FR","FM-12","99999","V020","999,1,C,0000,1","22000,1,C,N","020000,1,N,9","+0155,1","+0060,1","99999,9","06,0000,9,1",,"4,000",,,,,"03,99,1,03,1,08,1,01250,1,00,1,00,1",,,"999,N,+0145,1",,,,"SYN011333   20145",
"07742099999","1990-02-28T12:00:00","4","43.4333333","2.4166666","450.0","ST MICHEL DE CUXA, FR","FM-12","99999","V020","999,1,C,0000,1","22000,1,C,N","020000,1,N,9","+0180,1","+0080,1","99999,9","06,0000,9,1",,"4,000",,,,,"01,99,1,01,1,08,1,01250,1,00,1,00,1",,,,,,,,
"07742099999","1990-02-28T18:00:00","4","43.4333333","2.4166666","450.0","ST MICHEL DE CUXA, FR","FM-12","99999","V020","999,1,C,0000,1","22000,1,C,N","050000,1,N,9","+0150,1","+0069,1","99999,9","06,0000,9,1",,"4,000",,,,,"01,99,1,01,1,01,1,00800,1,00,1,00,1",,,"999,M,+0190,1",,,,"SYN011333   10190",
"07742099999","1990-03-01T06:00:00","4","43.4333333","2.4166666","450.0","ST MICHEL DE CUXA, FR","FM-12","99999","V020","999,1,C,0000,1","22000,1,C,N","050000,1,N,9","+0080,1","+0058,1","99999,9","06,0000,9,1",,"4,000",,,,,"01,99,1,01,1,01,1,00800,1,00,1,00,1",,,"999,N,+0055,1",,,,"SYN011333   20055",
"07742099999","1990-03-01T12:00:00","4","43.4333333","2.4166666","450.0","ST MICHEL DE CUXA, FR","FM-12","99999","V020","280,1,N,0051,1","22000,1,C,N","050000,1,N,9","+0195,1","+0006,1","99999,9","06,0000,9,1",,"4,000",,,,,"03,99,1,03,1,01,1,00800,1,00,1,02,1",,,,,,,,
"07742099999","1990-03-01T18:00:00","4","43.4333333","2.4166666","450.0","ST MICHEL DE CUXA, FR","FM-12","99999","V020","999,1,C,0000,1","22000,1,C,N","050000,1,N,9","+0120,1","+0040,1","99999,9","06,0000,9,1",,"4,000",,,,,"03,99,1,02,1,08,1,01250,1,00,1,01,1",,,"999,M,+0200,1",,,,"SYN011333   10200",
"07742099999","1990-03-02T06:00:00","4","43.4333333","2.4166666","450.0","ST MICHEL DE CUXA, FR","FM-12","99999","V020","999,1,C,0000,1","01200,1,C,N","050000,1,N,9","+0055,1","+0031,1","99999,9","06,0000,9,1",,"4,000",,,,,"05,99,1,05,1,08,1,00800,1,00,1,00,1",,,"999,N,+0050,1",,,,"SYN011333   20050",
"07742099999","1990-03-02T12:00:00","4","43.4333333","2.4166666","450.0","ST MICHEL DE CUXA, FR","FM-12","99999","V020","040,1,N,0026,1","22000,1,C,N","050000,1,N,9","+0095,1","-0042,1","99999,9","06,0000,9,1",,"4,000",,,,,"04,99,1,04,1,02,1,00800,1,00,1,00,1",,,,,,,,
"07742099999","1990-03-02T18:00:00","4","43.4333333","2.4166666","450.0","ST MICHEL DE CUXA, FR","FM-12","99999","V020","999,1,C,0000,1","22000,1,C,N","020000,1,N,9","+0050,1","-0003,1","99999,9","99,9999,2,9",,"0,000",,,"8,1,06,1","1,1,06,1","04,99,1,04,1,08,1,00800,1,00,1,00,1",,,"999,M,+0100,1",,"01,1",,"SYN011333   10100",
"07742099999","1990-03-03T06:00:00","4","43.4333333","2.4166666","450.0","ST MICHEL DE CUXA, FR","FM-12","99999","V020","999,1,C,0000,1","22000,1,C,N","020000,1,N,9","-0005,1","-0097,1","99999,9","99,9999,2,9",,"0,000","9999,3,9,999999,9,9",,,,"00,99,1,00,1,00,1,99999,9,00,1,00,1",,,"999,N,-0010,1",,,,"SYN017333   21010 4/997",
"07742099999","1990-03-03T12:00:00","4","43.4333333","2.4166666","450.0","ST MICHEL DE CUXA, FR","FM-12","99999","V020","999,1,C,0000,1","22000,1,C,N","050000,1,N,9","+0075,1","-0008,1","99999,9","06,0000,9,1",,"4,000",,,,,"00,99,1,00,1,00,1,99999,9,00,1,00,1",,,,,,,,
"07742099999","1990-03-03T18:00:00","4","43.4333333","2.4166666","450.0","ST MICHEL DE CUXA, FR","FM-12","99999","V020","999,1,C,0000,1","22000,1,C,N","050000,1,N,9","+0070,1","+0022,1","99999,9","06,0000,9,1",,"4,000",,,,,"01,99,1,01,1,05,1,01250,1,00,1,00,1",,,"999,M,+0100,1",,,,"SYN011333   10100",
"07742099999","1990-03-04T06:00:00","4","43.4333333","2.4166666","450.0","ST MICHEL DE CUXA, FR","FM-12","99999","V020","999,1,C,0000,1","22000,1,C,N","050000,1,N,9","-0020,1","-0068,1","99999,9","06,0000,9,1",,"4,000",,,,,"00,99,1,00,1,00,1,99999,9,00,1,00,1",,,"999,N,-0025,1",,,,"SYN011333   21025",
"07742099999","1990-03-04T12:00:00","4","43.4333333","2.4166666","450.0","ST MICHEL DE CUXA, FR","FM-12","99999","V020","999,1,C,0000,1","22000,1,C,N","050000,1,N,9","+0075,1","-0036,1","99999,9","06,0000,9,1",,"4,000",,,,,"00,99,1,00,1,00,1,99999,9,00,1,00,1",,,,,,,,
"07742099999","1990-03-04T18:00:00","4","43.4333333","2.4166666","450.0","ST MICHEL DE CUXA, FR","FM-12","99999","V020","999,1,C,0000,1","22000,1,C,N","050000,1,N,9","+0075,1","+0028,1","99999,9","06,0000,9,1",,"4,000",,,,,"01,99,1,01,1,01,1,01250,1,00,1,00,1",,,"999,M,+0100,1",,,,"SYN011333   10100",
"07742099999","1990-03-05T06:00:00","4","43.4333333","2.4166666","450.0","ST MICHEL DE CUXA, FR","FM-12","99999","V020","999,1,C,0000,1","22000,1,C,N","050000,1,N,9","+0100,1","-0010,1","99999,9","06,0000,9,1",,"4,000",,,,,"00,99,1,00,1,00,1,99999,9,00,1,00,1",,,"999,N,-0010,1",,,,"SYN011333   21010",
"07742099999","1990-03-05T18:00:00","4","43.4333333","2.4166666","450.0","ST MICHEL DE CUXA, FR","FM-12","99999","V020","999,1,C,0000,1","22000,1,C,N","020000,1,N,9","+0105,1","+0024,1","99999,9","06,0000,9,1",,"4,000",,,,,"00,99,1,00,1,00,1,99999,9,00,1,00,1",,,"999,M,+0125,1",,,,"SYN011333   10125",
"07742099999","1990-03-06T12:00:00","4","43.4333333","2.4166666","450.0","ST MICHEL DE CUXA, FR","FM-12","99999","V020","999,1,C,0000,1","22000,1,C,N","050000,1,N,9","+0165,1","+0051,1","99999,9","06,0000,9,1",,"4,000",,,,,"00,99,1,00,1,00,1,99999,9,00,1,00,1",,,,,,,,
"07742099999","1990-03-07T06:00:00","4","43.4333333","2.4166666","450.0","ST MICHEL DE CUXA, FR","FM-12","99999","V020","999,1,C,0000,1","22000,1,C,N","050000,1,N,9","+0070,1","-0090,1","99999,9","06,0000,9,1",,"4,000",,,,,"00,99,1,00,1,00,1,99999,9,00,1,00,1",,,"999,N,+0060,1",,,,"SYN011333   20060",
"07742099999","1990-03-07T12:00:00","4","43.4333333","2.4166666","450.0","ST MICHEL DE CUXA, FR","FM-12","99999","V020","999,1,C,0000,1","22000,1,C,N","050000,1,N,9","+0170,1","+0071,1","99999,9","06,0000,9,1",,"4,000",,,,,"01,99,1,00,1,00,1,99999,9,00,1,01,1",,,,,,,,
"07742099999","1990-03-07T18:00:00","4","43.4333333","2.4166666","450.0","ST MICHEL DE CUXA, FR","FM-12","99999","V020","999,1,C,0000,1","22000,1,C,N","050000,1,N,9","+0155,1","+0036,1","99999,9","06,0000,9,1",,"4,000",,,,,"00,99,1,00,1,00,1,99999,9,00,1,00,1",,,"999,M,+0185,1",,,,"SYN011333   10185",
"07742099999","1990-03-08T06:00:00","4","43.4333333","2.4166666","450.0","ST MICHEL DE CUXA, FR","FM-12","99999","V020","999,1,C,0000,1","03600,1,C,N","050000,1,N,9","+0060,1","+0024,1","99999,9","06,0000,9,1",,"4,000",,,,,"08,99,1,08,1,00,1,99999,9,07,1,99,9",,,"999,N,+0055,1",,,,"SYN011333   20055",
"07742099999","1990-03-08T12:00:00","4","43.4333333","2.4166666","450.0","ST MICHEL DE CUXA, FR","FM-12","99999","V020","999,1,C,0000,1","00420,1,C,N","050000,1,N,9","+0120,1","+0068,1","99999,9","06,0000,9,1",,"4,000",,,,,"07,99,1,07,1,05,1,00450,1,99,9,99,9",,,,,,,,
"07742099999","1990-03-08T18:00:00","4","43.4333333","2.4166666","450.0","ST MICHEL DE CUXA, FR","FM-12","99999","V020","999,1,C,0000,1","00420,1,C,N","020000,1,N,9","+0115,1","+0062,1","99999,9","99,9999,2,9",,"0,000",,,"6,1,06,1",,"08,99,1,08,1,05,1,00450,1,99,9,99,9",,,"999,M,+0145,1",,"60,1",,"SYN011333   10145",
"07742099999","1990-03-09T06:00:00","4","43.4333333","2.4166666","450.0","ST MICHEL DE CUXA, FR","FM-12","99999","V020","999,1,C,0000,1","01200,1,C,N","050000,1,N,9","+0085,1","+0074,1","99999,9","99,0210,9,1",,"0,000",,,,,"06,99,1,06,1,08,1,00800,1,00,1,00,1",,,"999,N,+0080,1",,,,"SYN011333   20080",
"07742099999","1990-03-09T12:00:00","4","43.4333333","2.4166666","450.0","ST MICHEL DE CUXA, FR","FM-12","99999","V020","999,1,C,0000,1","00750,1,C,N","050000,1,N,9","+0135,1","+0062,1","99999,9","06,0000,9,1",,"4,000",,,,,"06,99,1,06,1,05,1,00800,1,00,1,00,1",,,,,,,,
"07742099999","1990-03-09T18:00:00","4","43.4333333","2.4166666","450.0","ST MICHEL DE CUXA, FR","FM-12","99999","V020","999,1,C,0000,1","22000,1,C,N","050000,1,N,9","+0150,1","+0092,1","99999,9","06,0000,9,1",,"4,000",,,,,"02,99,1,02,1,02,1,00800,1,00,1,00,1",,,"999,M,+0170,1",,,,"SYN011333   10170",
"07742099999","1990-03-10T06:00:00","4","43.4333333","2.4166666","450.0","ST MICHEL DE CUXA, FR","FM-12","99999","V020","999,1,C,0000,1","22000,1,C,N","050000,1,N,9","+0040,1","-0020,1","99999,9","06,0000,9,1",,"4,000",,,,,"00,99,1,00,1,00,1,99999,9,00,1,00,1",,,"999,N,+0030,1",,,,"SYN011333   20030",
"07742099999","1990-03-10T12:00:00","4","43.4333333","2.4166666","450.0","ST MICHEL DE CUXA, FR","FM-12","99999","V020","999,1,C,0000,1","22000,1,C,N","050000,1,N,9","+0190,1","+0040,1","99999,9","06,0000,9,1",,"4,000",,,,,"02,99,1,00,1,00,1,99999,9,00,1,01,1",,,,,,,,
"07742099999","1990-03-10T18:00:00","4","43.4333333","2.4166666","450.0","ST MICHEL DE CUXA, FR","FM-12","99999","V020","999,1,C,0000,1","22000,1,C,N","050000,1,N,9","+0175,1","+0089,1","99999,9","06,0000,9,1",,"4,000",,,,,"02,99,1,00,1,00,1,99999,9,00,1,01,1",,,"999,M,+0220,1",,,,"SYN011333   10220",
"07742099999","1990-03-11T06:00:00","4","43.4333333","2.4166666","450.0","ST MICHEL DE CUXA, FR","FM-12","99999","V020","999,1,C,0000,1","22000,1,C,N","050000,1,N,9","+0100,1","+0017,1","99999,9","06,0000,9,1",,"4,000",,,,,"00,99,1,00,1,00,1,99999,9,00,1,00,1",,,"999,N,+0085,1",,,,"SYN011333   20085",
"07742099999","1990-03-11T12:00:00","4","43.4333333","2.4166666","450.0","ST MICHEL DE CUXA, FR","FM-12","99999","V020","999,1,C,0000,1","22000,1,C,N","050000,1,N,9","+0180,1","+0072,1","99999,9","06,0000,9,1",,"4,000",,,,,"02,99,1,02,1,00,1,99999,9,04,1,00,1",,,,,,,,
"07742099999","1990-03-11T18:00:00","4","43.4333333","2.4166666","450.0","ST MICHEL DE CUXA, FR","FM-12","99999","V020","999,1,C,0000,1","22000,1,C,N","050000,1,N,9","+0160,1","+0104,1","99999,9","06,0000,9,1",,"4,000",,,,,"04,99,1,02,1,00,1,99999,9,04,1,02,1",,,"999,M,+0200,1",,,,"SYN011333   10200",
"07742099999","1990-03-12T06:00:00","4","43.4333333","2.4166666","450.0","ST MICHEL DE CUXA, FR","FM-12","99999","V020","999,1,C,0000,1","01200,1,C,N","050000,1,N,9","+0105,1","+0024,1","99999,9","06,0000,9,1",,"4,000",,,,,"06,99,1,06,1,08,1,00800,1,00,1,00,1",,,"999,N,+0095,1",,,,"SYN011333   20095",
"07742099999","1990-03-12T12:00:00","4","43.4333333","2.4166666","450.0","ST MICHEL DE CUXA, FR","FM-12","99999","V020","999,1,C,0000,1","01200,1,C,N","050000,1,N,9","+0185,1","+0066,1","99999,9","06,0000,9,1",,"4,000",,,,,"07,99,1,07,1,05,1,01250,1,99,9,99,9",,,,,,,,
"07742099999","1990-03-13T06:00:00","4","43.4333333","2.4166666","450.0","ST MICHEL DE CUXA, FR","FM-12","99999","V020","999,1,C,0000,1","22000,1,C,N","050000,1,N,9","+0110,1","+0056,1","99999,9","06,0000,9,1",,"4,000",,,,,"03,99,1,03,1,01,1,00800,1,00,1,00,1",,,"999,N,+0100,1",,,,"SYN011333   20100",
"07742099999","1990-03-13T12:00:00","4","43.4333333","2.4166666","450.0","ST MICHEL DE CUXA, FR","FM-12","99999","V020","999,1,C,0000,1","22000,1,C,N","050000,1,N,9","+0195,1","+0092,1","99999,9","06,0000,9,1",,"4,000",,,,,"04,99,1,03,1,01,1,01250,1,00,1,01,1",,,,,,,,
"07742099999","1990-03-13T18:00:00","4","43.4333333","2.4166666","450.0","ST MICHEL DE CUXA, FR","FM-12","99999","V020","999,1,C,0000,1","00750,1,C,N","050000,1,N,9","+0150,1","+0113,1","99999,9","99,0003,9,1",,"0,000",,,"6,1,06,1","1,1,06,1","08,99,1,08,1,05,1,00800,1,99,9,99,9",,,"999,M,+0220,1",,"60,1",,"SYN011333   10220",
"07742099999","1990-03-14T06:00:00","4","43.4333333","2.4166666","450.0","ST MICHEL DE CUXA, FR","FM-12","99999","V020","999,1,C,0000,1","01500,1,C,N","020000,1,N,9","+0100,1","+0079,1","99999,9","99,0090,9,1",,"0,000",,,"6,1,06,1","2,1,06,1","07,99,1,07,1,08,1,01250,1,99,9,99,9",,,"999,N,+0095,1",,"02,1",,"SYN011333   20095",
"07742099999","1990-03-14T12:00:00","4","43.4333333","2.4166666","450.0","ST MICHEL DE CUXA, FR","FM-12","99999","V020","999,1,C,0000,1","22000,1,C,N","050000,1,N,9","+0165,1","+0070,1","99999,9","06,0000,9,1",,"4,000",,,,,"03,99,1,03,1,08,1,00800,1,00,1,00,1",,,,,,,,
"07742099999","1990-03-15T06:00:00","4","43.4333333","2.4166666","450.0","ST MICHEL DE CUXA, FR","FM-12","99999","V020","999,1,C,0000,1","22000,1,C,N","050000,1,N,9","+0055,1","+0018,1","99999,9","06,0000,9,1",,"4,000",,,,,"01,99,1,01,1,01,1,00800,1,00,1,00,1",,,"999,N,+0040,1",,,,"SYN011333   20040",
"07742099999","1990-03-15T12:00:00","4","43.4333333","2.4166666","450.0","ST MICHEL DE CUXA, FR","FM-12","99999","V020","999,1,C,0000,1","22000,1,C,N","050000,1,N,9","+0165,1","-0013,1","99999,9","06,0000,9,1",,"4,000",,,,,"01,99,1,01,1,01,1,00800,1,00,1,00,1",,,,,,,,
"07742099999","1990-03-15T18:00:00","4","43.4333333","2.4166666","450.0","ST MICHEL DE CUXA, FR","FM-12","99999","V020","999,1,C,0000,1","22000,1,C,N","050000,1,N,9","+0175,1","+0045,1","99999,9","06,0000,9,1",,"4,000",,,,,"01,99,1,01,1,05,1,01250,1,00,1,00,1",,,"999,M,+0185,1",,,,"SYN011333   10185",
"07742099999","1990-03-16T06:00:00","4","43.4333333","2.4166666","450.0","ST MICHEL DE CUXA, FR","FM-12","99999","V020","999,1,C,0000,1","22000,1,C,N","050000,1,N,9","+0070,1","+0035,1","99999,9","06,0000,9,1",,"4,000",,,,,"00,99,1,00,1,00,1,99999,9,00,1,00,1",,,"999,N,+0070,1",,,,"SYN011333   20070",
"07742099999","1990-03-16T12:00:00","4","43.4333333","2.4166666","450.0","ST MICHEL DE CUXA, FR","FM-12","99999","V020","999,1,C,0000,1","22000,1,C,N","050000,1,N,9","+0170,1","+0071,1","99999,9","06,0000,9,1",,"4,000",,,,,"01,99,1,01,1,01,1,00800,1,00,1,00,1",,,,,,,,
"07742099999","1990-03-16T18:00:00","4","43.4333333","2.4166666","450.0","ST MICHEL DE CUXA, FR","FM-12","99999","V020","999,1,C,0000,1","22000,1,C,N","050000,1,N,9","+0150,1","+0069,1","99999,9","06,0000,9,1",,"4,000",,,,,"01,99,1,01,1,01,1,00800,1,00,1,00,1",,,"999,M,+0200,1",,,,"SYN011333   10200",
"07742099999","1990-03-17T06:00:00","4","43.4333333","2.4166666","450.0","ST MICHEL DE CUXA, FR","FM-12","99999","V020","999,1,C,0000,1","22000,1,C,N","050000,1,N,9","+0050,1","+0012,1","99999,9","06,0000,9,1",,"4,000",,,,,"00,99,1,00,1,00,1,99999,9,00,1,00,1",,,"999,N,+0045,1",,,,"SYN011333   20045",
"07742099999","1990-03-17T12:00:00","4","43.4333333","2.4166666","450.0","ST MICHEL DE CUXA, FR","FM-12","99999","V020","999,1,C,0000,1","22000,1,C,N","050000,1,N,9","+0130,1","+0068,1","99999,9","06,0000,9,1",,"4,000",,,,,"02,99,1,02,1,02,1,00800,1,00,1,00,1",,,,,,,,
"07742099999","1990-03-17T18:00:00","4","43.4333333","2.4166666","450.0","ST MICHEL DE CUXA, FR","FM-12","99999","V020","999,1,C,0000,1","22000,1,C,N","020000,1,N,9","+0150,1","+0092,1","99999,9","06,0000,9,1",,"4,000",,,,,"02,99,1,02,1,01,1,00800,1,00,1,00,1",,,"999,M,+0175,1",,,,"SYN011333   10175",
"07742099999","1990-03-18T06:00:00","4","43.4333333","2.4166666","450.0","ST MICHEL DE CUXA, FR","FM-12","99999","V020","999,1,C,0000,1","22000,1,C,N","050000,1,N,9","+0055,1","+0018,1","99999,9","06,0000,9,1",,"4,000",,,,,"02,99,1,02,1,01,1,00800,1,00,1,00,1",,,"999,N,+0045,1",,,,"SYN011333   20045",
"07742099999","1990-03-18T12:00:00","4","43.4333333","2.4166666","450.0","ST MICHEL DE CUXA, FR","FM-12","99999","V020","999,1,C,0000,1","01200,1,C,N","050000,1,N,9","+0150,1","+0113,1","99999,9","06,0000,9,1",,"4,000",,,,,"06,99,1,06,1,05,1,01250,1,00,1,00,1",,,,,,,,
"07742099999","1990-03-19T18:00:00","4","43.4333333","2.4166666","450.0","ST MICHEL DE CUXA, FR","FM-12","99999","V020","999,1,C,0000,1","00750,1,C,N","050000,1,N,9","+0120,1","+0090,1","99999,9","06,0000,9,1",,"4,000",,,,,"08,99,1,08,1,05,1,00800,1,99,9,99,9",,,"999,M,+0145,1",,,,"SYN011333   10145",
"07742099999","1990-03-20T06:00:00","4","43.4333333","2.4166666","450.0","ST MICHEL DE CUXA, FR","FM-12","99999","V020","999,1,C,0000,1","22000,1,C,N","050000,1,N,9","+0055,1","+0020,1","99999,9","06,0000,9,1",,"4,000",,,,,"03,99,1,03,1,06,1,00800,1,00,1,00,1",,,"999,N,+0045,1",,,,"SYN011333   20045",
"07742099999","1990-03-20T12:00:00","4","43.4333333","2.4166666","450.0","ST MICHEL DE CUXA, FR","FM-12","99999","V020","999,1,C,0000,1","22000,1,C,N","050000,1,N,9","+0165,1","+0055,1","99999,9","06,0000,9,1",,"4,000",,,,,"04,99,1,00,1,00,1,99999,9,00,1,01,1",,,,,,,,
"07742099999","1990-03-20T18:00:00","4","43.4333333","2.4166666","450.0","ST MICHEL DE CUXA, FR","FM-12","99999","V020","999,1,C,0000,1","22000,1,C,N","050000,1,N,9","+0185,1","+0079,1","99999,9","06,0000,9,1",,"4,000",,,,,"05,99,1,00,1,00,1,99999,9,00,1,01,1",,,"999,M,+0225,1",,,,"SYN011333   10225",
"07742099999","1990-03-21T12:00:00","4","43.4333333","2.4166666","450.0","ST MICHEL DE CUXA, FR","FM-12","99999","V020","999,1,C,0000,1","22000,1,C,N","050000,1,N,9","+0260,1","+0027,1","99999,9","06,0000,9,1",,"4,000",,,,,"04,99,1,04,1,01,1,00800,1,00,1,00,1",,,,,,,,
"07742099999","1990-03-21T18:00:00","4","43.4333333","2.4166666","450.0","ST MICHEL DE CUXA, FR","FM-12","99999","V020","999,1,C,0000,1","22000,1,C,N","050000,1,N,9","+0250,1","+0060,1","99999,9","06,0000,9,1",,"4,000",,,,,"02,99,1,02,1,00,1,99999,9,04,1,01,1",,,"999,M,+0270,1",,,,"SYN011333   10270",
"07742099999","1990-03-22T06:00:00","4","43.4333333","2.4166666","450.0","ST MICHEL DE CUXA, FR","FM-12","99999","V020","999,1,C,0000,1","22000,1,C,N","050000,1,N,9","+0165,1","+0022,1","99999,9","06,0000,9,1",,"4,000",,,,,"00,99,1,00,1,00,1,99999,9,00,1,00,1",,,"999,N,+0165,1",,,,"SYN011333   20165",
"07742099999","1990-03-22T12:00:00","4","43.4333333","2.4166666","450.0","ST MICHEL DE CUXA, FR","FM-12","99999","V020","999,1,C,0000,1","22000,1,C,N","050000,1,N,9","+0190,1","+0085,1","99999,9","06,0000,9,1",,"4,000",,,,,"02,99,1,02,1,02,1,00800,1,00,1,00,1",,,,,,,,
"07742099999","1990-03-22T18:00:00","4","43.4333333","2.4166666","450.0","ST MICHEL DE CUXA, FR","FM-12","99999","V020","999,1,C,0000,1","22000,1,C,N","020000,1,N,9","+0190,1","+0119,1","99999,9","06,0000,9,1",,"4,000",,,,,"03,99,1,01,1,01,1,00800,1,00,1,01,1",,,"999,M,+0220,1",,,,"SYN011333   10220",
"07742099999","1990-03-23T06:00:00","4","43.4333333","2.4166666","450.0","ST MICHEL DE CUXA, FR","FM-12","99999","V020","999,1,C,0000,1","00750,1,C,N","050000,1,N,9","+0130,1","+0091,1","99999,9","06,0000,9,1",,"4,000",,,,,"07,99,1,07,1,05,1,00800,1,99,9,99,9",,,"999,N,+0125,1",,,,"SYN011333   20125",
"07742099999","1990-03-23T12:00:00","4","43.4333333","2.4166666","450.0","ST MICHEL DE CUXA, FR","FM-12","99999","V020","999,1,C,0000,1","01200,1,C,N","050000,1,N,9","+0175,1","+0089,1","99999,9","06,0000,9,1",,"4,000",,,,,"06,99,1,06,1,08,1,00800,1,00,1,00,1",,,,,,,,
"07742099999","1990-03-23T18:00:00","4","43.4333333","2.4166666","450.0","ST MICHEL DE CUXA, FR","FM-12","99999","V020","999,1,C,0000,1","00750,1,C,N","050000,1,N,9","+0140,1","+0080,1","99999,9","99,9999,2,9",,"0,000",,,"6,1,06,1","2,1,06,1","08,99,1,08,1,05,1,00800,1,99,9,99,9",,,"999,M,+0185,1",,"02,1",,"SYN011333   10185",
"07742099999","1990-03-24T06:00:00","4","43.4333333","2.4166666","450.0","ST MICHEL DE CUXA, FR","FM-12","99999","V020","999,1,C,0000,1","22000,1,C,N","050000,1,N,9","+0065,1","+0029,1","99999,9","06,0000,9,1",,"4,000",,,,,"01,99,1,01,1,01,1,00800,1,00,1,00,1",,,"999,N,+0060,1",,,,"SYN011333   20060",
"07742099999","1990-03-24T12:00:00","4","43.4333333","2.4166666","450.0","ST MICHEL DE CUXA, FR","FM-12","99999","V020","999,1,C,0000,1","22000,1,C,N","050000,1,N,9","+0165,1","+0037,1","99999,9","06,0000,9,1",,"4,000",,,,,"01,99,1,01,1,01,1,00800,1,00,1,00,1",,,,,,,,
"07742099999","1990-03-24T18:00:00","4","43.4333333","2.4166666","450.0","ST MICHEL DE CUXA, FR","FM-12","99999","V020","999,1,C,0000,1","22000,1,C,N","050000,1,N,9","+0110,1","+0016,1","99999,9","06,0000,9,1",,"4,000",,,,,"03,99,1,01,1,01,1,00800,1,04,1,00,1",,,"999,M,+0200,1",,,,"SYN011333   10200",
"07742099999","1990-03-25T06:00:00","4","43.4333333","2.4166666","450.0","ST MICHEL DE CUXA, FR","FM-12","99999","V020","999,1,C,0000,1","22000,1,C,N","050000,1,N,9","+0065,1","+0030,1","99999,9","06,0000,9,1",,"4,000",,,,,"03,99,1,01,1,00,1,99999,9,04,1,01,1",,,"999,N,+0050,1",,,,"SYN011333   20050",
"07742099999","1990-03-25T18:00:00","4","43.4333333","2.4166666","450.0","ST MICHEL DE CUXA, FR","FM-12","99999","V020","340,1,N,0026,1","22000,1,C,N","050000,1,N,9","+0140,1","-0042,1","99999,9","06,0000,9,1",,"4,000",,,,,"02,99,1,02,1,01,1,00800,1,00,1,00,1",,,"999,M,+0165,1",,,,"SYN011333   10165",
"07742099999","1990-03-26T06:00:00","4","43.4333333","2.4166666","450.0","ST MICHEL DE CUXA, FR","FM-12","99999","V020","340,1,N,0051,1","22000,1,C,N","050000,1,N,9","+0045,1","+0006,1","99999,9","06,0000,9,1",,"4,000",,,,,"03,99,1,03,1,05,1,00800,1,00,1,00,1",,,"999,N,+0025,1",,,,"SYN011333   20025",
"07742099999","1990-03-26T18:00:00","4","43.4333333","2.4166666","450.0","ST MICHEL DE CUXA, FR","FM-12","99999","V020","999,1,C,0000,1","01200,1,C,N","050000,1,N,9","+0055,1","-0020,1","99999,9","99,9999,2,9",,"0,001",,,"6,1,06,1","2,1,06,1","06,99,1,06,1,08,1,00800,1,00,1,00,1",,,"999,M,+0100,1",,"80,1",,"SYN011333   10100",
"07742099999","1990-03-27T06:00:00","4","43.4333333","2.4166666","450.0","ST MICHEL DE CUXA, FR","FM-12","99999","V020","999,1,C,0000,1","01200,1,C,N","050000,1,N,9","+0040,1","-0032,1","99999,9","99,9999,2,9",,"0,000",,,,,"05,99,1,05,1,05,1,01250,1,00,1,00,1",,,"999,N,+0035,1",,,,"SYN011333   20035",
"07742099999","1990-03-27T12:00:00","4","43.4333333","2.4166666","450.0","ST MICHEL DE CUXA, FR","FM-12","99999","V020","280,1,N,0051,1","22000,1,C,N","050000,1,N,9","+0070,1","-0008,1","99999,9","06,0000,9,1",,"4,000",,,,,"03,99,1,02,1,02,1,00800,1,04,1,00,1",,,,,,,,
"07742099999","1990-03-27T18:00:00","4","43.4333333","2.4166666","450.0","ST MICHEL DE CUXA, FR","FM-12","99999","V020","999,1,C,0000,1","22000,1,C,N","050000,1,N,9","+0070,1","-0008,1","99999,9","06,0000,9,1",,"4,000",,,,,"04,99,1,04,1,08,1,01250,1,00,1,00,1",,,"999,M,+0085,1",,,,"SYN011333   10085",
"07742099999","1990-03-28T06:00:00","4","43.4333333","2.4166666","450.0","ST MICHEL DE CUXA, FR","FM-12","99999","V020","999,1,C,0000,1","00750,1,C,N","050000,1,N,9","+0055,1","-0029,1","99999,9","06,0000,9,1",,"4,000",,,,,"06,99,1,06,1,05,1,00800,1,00,1,00,1",,,"999,N,+0045,1",,,,"SYN011333   20045",
"07742099999","1990-03-28T12:00:00","4","43.4333333","2.4166666","450.0","ST MICHEL DE CUXA, FR","FM-12","99999","V020","999,1,C,0000,1","22000,1,C,N","050000,1,N,9","+0085,1","-0039,1","99999,9","06,0000,9,1",,"4,000",,,,,"02,99,1,02,1,01,1,00800,1,00,1,00,1",,,,,,,,
"07742099999","1990-03-28T18:00:00","4","43.4333333","2.4166666","450.0","ST MICHEL DE CUXA, FR","FM-12","99999","V020","340,1,N,0051,1","03600,1,C,N","050000,1,N,9","+0085,1","-0039,1","99999,9","06,0000,9,1",,"4,000",,,,,"05,99,1,04,1,02,1,00800,1,04,1,00,1",,,"999,M,+0100,1",,,,"SYN011333   10100",
"07742099999","1990-03-29T06:00:00","4","43.4333333","2.4166666","450.0","ST MICHEL DE CUXA, FR","FM-12","99999","V020","999,1,C,0000,1","03600,1,C,N","050000,1,N,9","+0060,1","-0060,1","99999,9","06,0000,9,1",,"4,000",,,,,"05,99,1,03,1,05,1,00800,1,04,1,00,1",,,"999,N,+0055,1",,,,"SYN011333   20055",
"07742099999","1990-03-29T12:00:00","4","43.4333333","2.4166666","450.0","ST MICHEL DE CUXA, FR","FM-12","99999","V020","999,1,C,0000,1","00750,1,C,N","050000,1,N,9","+0070,1","+0007,1","99999,9","06,0000,9,1",,"4,000",,,,,"07,99,1,07,1,05,1,00800,1,99,9,99,9",,,,,,,,
"07742099999","1990-03-29T18:00:00","4","43.4333333","2.4166666","450.0","ST MICHEL DE CUXA, FR","FM-12","99999","V020","999,1,C,0000,1","22000,1,C,N","050000,1,N,9","+0105,1","-0007,1","99999,9","06,0000,9,1",,"4,000",,,,,"02,99,1,02,1,01,1,00800,1,00,1,00,1",,,"999,M,+0120,1",,,,"SYN011333   10120",
"07742099999","1990-03-30T06:00:00","4","43.4333333","2.4166666","450.0","ST MICHEL DE CUXA, FR","FM-12","99999","V020","310,1,N,0010,1","22000,1,C,N","015000,1,N,9","+9999,9","+9999,9","10282,1","06,0000,9,1",,"4,000",,,,,"00,99,1,00,1,00,1,99999,9,00,1,00,1","01,9","999,+0010,9","999,N,+0061,1","2,1,002,1,+999,9",,"4,99,0041,1","SYN023333   20061 30001 91108",
"07742099999","1990-03-30T12:00:00","4","43.4333333","2.4166666","450.0","ST MICHEL DE CUXA, FR","FM-12","99999","V020","999,1,C,0000,1","22000,1,C,N","050000,1,N,9","+0115,1","-0010,1","99999,9","06,0000,9,1",,"4,000",,,,,"00,99,1,00,1,00,1,99999,9,00,1,00,1",,,,,,,,
"07742099999","1990-03-30T18:00:00","4","43.4333333","2.4166666","450.0","ST MICHEL DE CUXA, FR","FM-12","99999","V020","999,1,C,0000,1","22000,1,C,N","050000,1,N,9","+0130,1","+0014,1","99999,9","06,0000,9,1",,"4,000",,,,,"02,99,1,02,1,01,1,01250,1,00,1,00,1",,,"999,M,+0145,1",,,,"SYN011333   10145",
"07742099999","1990-03-31T06:00:00","4","43.4333333","2.4166666","450.0","ST MICHEL DE CUXA, FR","FM-12","99999","V020","999,1,C,0000,1","22000,1,C,N","050000,1,N,9","+0070,1","+0007,1","99999,9","06,0000,9,1",,"4,000",,,,,"01,99,1,01,1,02,1,00800,1,04,1,00,1",,,"999,N,+0040,1",,,,"SYN011333   20040",
"07742099999","1990-03-31T12:00:00","4","43.4333333","2.4166666","450.0","ST MICHEL DE CUXA, FR","FM-12","99999","V020","999,1,C,0000,1","22000,1,C,N","050000,1,N,9","+0135,1","+0036,1","99999,9","06,0000,9,1",,"4,000",,,,,"03,99,1,02,1,02,1,00800,1,04,1,00,1",,,,,,,,
"07742099999","1990-03-31T18:00:00","4","43.4333333","2.4166666","450.0","ST MICHEL DE CUXA, FR","FM-12","99999","V020","999,1,C,0000,1","22000,1,C,N","050000,1,N,9","+0160,1","+0060,1","99999,9","06,0000,9,1",,"4,000",,,,,"04,99,1,01,1,01,1,01250,1,04,1,01,1",,,"999,M,+0170,1",,,,"SYN011333   10170",
"07742099999","1990-04-01T06:00:00","4","43.4333333","2.4166666","450.0","ST MICHEL DE CUXA, FR","FM-12","99999","V020","999,1,C,0000,1","22000,1,C,N","050000,1,N,9","+0040,1","+9999,9","99999,9","06,0000,9,1",,"4,000",,,,,"04,99,1,04,1,00,1,99999,9,04,1,00,1",,,"999,N,+0025,1",,,,"SYN011333   20025",
"07742099999","1990-04-01T12:00:00","4","43.4333333","2.4166666","450.0","ST MICHEL DE CUXA, FR","FM-12","99999","V020","999,1,C,0000,1","22000,1,C,N","050000,1,N,9","+0160,1","+0013,1","99999,9","06,0000,9,1",,"4,000",,,,,"03,99,1,02,1,02,1,00800,1,08,1,00,1",,,,,,,,
"07742099999","1990-04-01T18:00:00","4","43.4333333","2.4166666","450.0","ST MICHEL DE CUXA, FR","FM-12","99999","V020","999,1,C,0000,1","22000,1,C,N","050000,1,N,9","+0170,1","-0023,1","99999,9","06,0000,9,1",,"4,000",,,,,"03,99,1,03,1,00,1,99999,9,04,1,00,1",,,"999,M,+0200,1",,,,"SYN011333   10200",
"07742099999","1990-04-02T06:00:00","4","43.4333333","2.4166666","450.0","ST MICHEL DE CUXA, FR","FM-12","99999","V020","999,1,C,0000,1","00750,1,C,N","050000,1,N,9","+0075,1","+0041,1","99999,9","06,0000,9,1",,"4,000",,,,,"05,99,1,05,1,05,1,00800,1,00,1,00,1",,,"999,N,+0055,1",,,,"SYN011333   20055",
"07742099999","1990-04-02T12:00:00","4","43.4333333","2.4166666","450.0","ST MICHEL DE CUXA, FR","FM-12","99999","V020","999,1,C,0000,1","00750,1,C,N","050000,1,N,9","+0100,1","+0079,1","99999,9","06,0030,9,1",,"0,000",,,"6,1,06,1","2,1,06,1","08,99,1,08,1,05,1,00800,1,99,9,99,9",,,,,"01,1",,,
"07742099999","1990-04-02T18:00:00","4","43.4333333","2.4166666","450.0","ST MICHEL DE CUXA, FR","FM-12","99999","V020","999,1,C,0000,1","00420,1,C,N","050000,1,N,9","+0100,1","+0090,1","99999,9","99,0050,9,1",,"0,000",,,"6,1,06,1","2,1,06,1","07,99,1,07,1,07,1,00450,1,99,9,99,9",,,"999,M,+0115,1",,"60,1",,"SYN011333   10115",
"07742099999","1990-04-03T06:00:00","4","43.4333333","2.4166666","450.0","ST MICHEL DE CUXA, FR","FM-12","99999","V020","999,1,C,0000,1","00750,1,C,N","050000,1,N,9","+0085,1","+0074,1","99999,9","99,0060,9,1",,"0,000",,,"6,1,06,1","2,1,06,1","07,99,1,07,1,05,1,00800,1,99,9,99,9",,,"999,N,+0080,1",,"02,1",,"SYN011333   20080",
"07742099999","1990-04-03T12:00:00","4","43.4333333","2.4166666","450.0","ST MICHEL DE CUXA, FR","FM-12","99999","V020","999,1,C,0000,1","01200,1,C,N","050000,1,N,9","+0135,1","+0030,1","99999,9","06,0000,9,1",,"4,000",,,,,"06,99,1,05,1,08,1,00800,1,04,1,00,1",,,,,,,,
"07742099999","1990-04-03T18:00:00","4","43.4333333","2.4166666","450.0","ST MICHEL DE CUXA, FR","FM-12","99999","V020","999,1,C,0000,1","22000,1,C,N","050000,1,N,9","+0130,1","+0043,1","99999,9","06,0000,9,1",,"4,000",,,,,"02,99,1,02,1,01,1,00800,1,00,1,00,1",,,"999,M,+0155,1",,,,"SYN011333   10155",
"07742099999","1990-04-04T06:00:00","4","43.4333333","2.4166666","450.0","ST MICHEL DE CUXA, FR","FM-12","99999","V020","999,1,C,0000,1","22000,1,C,N","050000,1,N,9","+0010,1","-0010,1","99999,9","06,0000,9,1",,"4,000",,,,,"02,99,1,02,1,06,1,99999,9,00,1,00,1",,,"999,N,+0010,1",,,,"SYN011333   20010","Q01+000992SCOLCB"
"07742099999","1990-04-04T12:00:00","4","43.4333333","2.4166666","450.0","ST MICHEL DE CUXA, FR","FM-12","99999","V020","999,1,C,0000,1","22000,1,C,N","050000,1,N,9","+0100,1","+0020,1","99999,9","06,0000,9,1",,"4,000",,,,,"04,99,1,04,1,05,1,01250,1,00,1,00,1",,,,,,,,
"07742099999","1990-04-04T18:00:00","4","43.4333333","2.4166666","450.0","ST MICHEL DE CUXA, FR","FM-12","99999","V020","999,1,C,0000,1","01200,1,C,N","050000,1,N,9","+0120,1","+0056,1","99999,9","06,0000,9,1",,"4,000",,,,,"08,99,1,08,1,08,1,00800,1,99,9,99,9",,,"999,M,+0125,1",,,,"SYN011333   10125",
"07742099999","1990-04-05T06:00:00","4","43.4333333","2.4166666","450.0","ST MICHEL DE CUXA, FR","FM-12","99999","V020","999,1,C,0000,1","03600,1,C,N","050000,1,N,9","+0055,1","+0031,1","99999,9","06,0000,9,1",,"4,000",,,,,"06,99,1,03,1,05,1,00800,1,07,1,99,9",,,"999,N,+0045,1",,,,"SYN011333   20045",
"07742099999","1990-04-05T12:00:00","4","43.4333333","2.4166666","450.0","ST MICHEL DE CUXA, FR","FM-12","99999","V020","999,1,C,0000,1","00750,1,C,N","050000,1,N,9","+0110,1","+0068,1","99999,9","06,0000,9,1",,"4,000",,,,,"06,99,1,06,1,02,1,00800,1,00,1,00,1",,,,,,,,
"07742099999","1990-04-05T18:00:00","4","43.4333333","2.4166666","450.0","ST MICHEL DE CUXA, FR","FM-12","99999","V020","999,1,C,0000,1","00420,1,C,N","020000,1,N,9","+0120,1","+0080,1","99999,9","06,0000,9,1",,"4,000",,,,,"08,99,1,08,1,05,1,00450,1,99,9,99,9",,,"999,M,+0150,1",,,,"SYN011333   10150",
"07742099999","1990-04-06T06:00:00","4","43.4333333","2.4166666","450.0","ST MICHEL DE CUXA, FR","FM-12","99999","V020","999,1,C,0000,1","00750,1,C,N","050000,1,N,9","+0075,1","+0064,1","99999,9","99,0003,9,1",,"0,000",,,"6,1,06,1","2,1,06,1","06,99,1,06,1,05,1,00800,1,00,1,00,1",,,"999,N,+0070,1",,"02,1",,"SYN011333   20070",
"07742099999","1990-04-06T12:00:00","4","43.4333333","2.4166666","450.0","ST MICHEL DE CUXA, FR","FM-12","99999","V020","999,1,C,0000,1","03600,1,C,N","050000,1,N,9","+0110,1","+0090,1","99999,9","06,0000,9,1",,"4,000",,,,,"06,99,1,01,1,02,1,00800,1,07,1,00,1",,,,,,,,
"07742099999","1990-04-06T18:00:00","4","43.4333333","2.4166666","450.0","ST MICHEL DE CUXA, FR","FM-12","99999","V020","999,1,C,0000,1","03600,1,C,N","050000,1,N,9","+0160,1","+0104,1","99999,9","06,0000,9,1",,"4,000",,,,,"06,99,1,03,1,08,1,00800,1,08,1,00,1",,,"999,M,+0170,1",,,,"SYN011333   10170",
"07742099999","1990-04-07T06:00:00","4","43.4333333","2.4166666","450.0","ST MICHEL DE CUXA, FR","FM-12","99999","V020","999,1,C,0000,1","22000,1,C,N","050000,1,N,9","+0065,1","+0029,1","99999,9","06,0000,9,1",,"4,000",,,,,"02,99,1,02,1,00,1,99999,9,08,1,00,1",,,"999,N,+0060,1",,,,"SYN011333   20060",
"07742099999","1990-04-07T12:00:00","4","43.4333333","2.4166666","450.0","ST MICHEL DE CUXA, FR","FM-12","99999","V020","999,1,C,0000,1","22000,1,C,N","050000,1,N,9","+0170,1","+0044,1","99999,9","06,0000,9,1",,"4,000",,,,,"02,99,1,02,1,01,1,00800,1,00,1,00,1",,,,,,,,
"07742099999","1990-04-07T18:00:00","4","43.4333333","2.4166666","450.0","ST MICHEL DE CUXA, FR","FM-12","99999","V020","999,1,C,0000,1","01200,1,C,N","050000,1,N,9","+0155,1","+0063,1","99999,9","06,0000,9,1",,"4,000",,,,,"06,99,1,06,1,08,1,00800,1,00,1,00,1",,,"999,M,+0180,1",,,,"SYN011333   10180",
"07742099999","1990-04-08T06:00:00","4","43.4333333","2.4166666","450.0","ST MICHEL DE CUXA, FR","FM-12","99999","V020","999,1,C,0000,1","01500,1,C,N","050000,1,N,9","+0075,1","+0041,1","99999,9","06,0000,9,1",,"4,000",,,,,"06,99,1,06,1,08,1,01250,1,00,1,00,1",,,"999,N,+0070,1",,,,"SYN011333   20070",
"07742099999","1990-04-08T12:00:00","4","43.4333333","2.4166666","450.0","ST MICHEL DE CUXA, FR","FM-12","99999","V020","999,1,C,0000,1","22000,1,C,N","050000,1,N,9","+0155,1","+0036,1","99999,9","06,0000,9,1",,"4,000",,,,,"03,99,1,03,1,02,1,01250,1,00,1,00,1",,,,,,,,
"07742099999","1990-04-08T18:00:00","4","43.4333333","2.4166666","450.0","ST MICHEL DE CUXA, FR","FM-12","99999","V020","999,1,C,0000,1","01200,1,C,N","020000,1,N,9","+0145,1","+0097,1","99999,9","99,9999,2,9",,"0,001",,,"9,1,06,1","8,1,06,1","08,99,1,08,1,08,1,00800,1,99,9,99,9",,,"999,M,+0180,1",,"02,1",,"SYN011333   10180",
"07742099999","1990-04-09T06:00:00","4","43.4333333","2.4166666","450.0","ST MICHEL DE CUXA, FR","FM-12","99999","V020","999,1,C,0000,1","99999,9,9,N","020000,1,N,9","+0075,1","+0064,1","99999,9","99,0120,9,1",,"0,000",,,"6,1,06,1","2,1,06,1","08,99,1,03,1,05,1,00450,1,99,9,99,9",,,"999,N,+0065,1",,"21,1",,"SYN011333   20065",
"07742099999","1990-04-09T18:00:00","4","43.4333333","2.4166666","450.0","ST MICHEL DE CUXA, FR","FM-12","99999","V020","999,1,C,0000,1","00750,1,C,N","050000,1,N,9","+0115,1","+0037,1","99999,9","06,0000,9,1",,"4,000",,,,,"06,99,1,06,1,05,1,00800,1,00,1,00,1",,,"999,M,+0130,1",,,,"SYN011333   10130",
"07742099999","1990-04-10T06:00:00","4","43.4333333","2.4166666","450.0","ST MICHEL DE CUXA, FR","FM-12","99999","V020","999,1,C,0000,1","00750,1,C,N","050000,1,N,9","+0040,1","-0015,1","99999,9","99,0003,9,1",,"0,000",,,"6,1,06,1","2,1,06,1","06,99,1,06,1,05,1,00800,1,00,1,00,1",,,"999,N,+0035,1",,"02,1",,"SYN011333   20035",
"07742099999","1990-04-10T18:00:00","4","43.4333333","2.4166666","450.0","ST MICHEL DE CUXA, FR","FM-12","99999","V020","999,1,C,0000,1","22000,1,C,N","050000,1,N,9","+0120,1","-0019,1","99999,9","06,0000,9,1",,"4,000",,,,,"02,99,1,02,1,08,1,00800,1,00,1,00,1",,,"999,M,+0120,1",,,,"SYN011333   10120",
"07742099999","1990-04-11T06:00:00","4","43.4333333","2.4166666","450.0","ST MICHEL DE CUXA, FR","FM-12","99999","V020","999,1,C,0000,1","22000,1,C,N","050000,1,N,9","+0090,1","-0013,1","99999,9","06,0000,9,1",,"4,000",,,,,"04,99,1,02,1,01,1,00800,1,04,1,00,1",,,"999,N,+0025,1",,,,"SYN011333   20025",
"07742099999","1990-04-11T12:00:00","4","43.4333333","2.4166666","450.0","ST MICHEL DE CUXA, FR","FM-12","99999","V020","320,1,N,0051,1","22000,1,C,N","050000,1,N,9","+0160,1","+0013,1","99999,9","06,0000,9,1",,"4,000",,,,,"03,99,1,03,1,01,1,00800,1,04,1,00,1",,,,,,,,
"07742099999","1990-04-11T18:00:00","4","43.4333333","2.4166666","450.0","ST MICHEL DE CUXA, FR","FM-12","99999","V020","999,1,C,0000,1","22000,1,C,N","050000,1,N,9","+0170,1","+0044,1","99999,9","06,0000,9,1",,"4,000",,,,,"04,99,1,02,1,02,1,00800,1,04,1,00,1",,,"999,M,+0180,1",,,,"SYN011333   10180",
"07742099999","1990-04-12T06:00:00","4","43.4333333","2.4166666","450.0","ST MICHEL DE CUXA, FR","FM-12","99999","V020","999,1,C,0000,1","22000,1,C,N","050000,1,N,9","+0135,1","+0022,1","99999,9","06,0000,9,1",,"4,000",,,,,"04,99,1,03,1,01,1,00800,1,04,1,00,1",,,"999,N,+0115,1",,,,"SYN011333   20115",
"07742099999","1990-04-12T12:00:00","4","43.4333333","2.4166666","450.0","ST MICHEL DE CUXA, FR","FM-12","99999","V020","999,1,C,0000,1","01200,1,C,N","050000,1,N,9","+0180,1","+0059,1","99999,9","06,0000,9,1",,"4,000",,,,,"06,99,1,05,1,08,1,00800,1,04,1,01,1",,,,,,,,
"07742099999","1990-04-12T18:00:00","4","43.4333333","2.4166666","450.0","ST MICHEL DE CUXA, FR","FM-12","99999","V020","999,1,C,0000,1","22000,1,C,N","050000,1,N,9","+0190,1","+0119,1","99999,9","06,0000,9,1",,"4,000",,,,,"02,99,1,01,1,00,1,99999,9,04,1,01,1",,,"999,M,+0200,1",,,,"SYN011333   10200",
"07742099999","1990-04-13T06:00:00","4","43.4333333","2.4166666","450.0","ST MICHEL DE CUXA, FR","FM-12","99999","V020","999,1,C,0000,1","22000,1,C,N","050000,1,N,9","+0050,1","+0038,1","99999,9","06,0000,9,1",,"4,000",,,,,"02,99,1,02,1,00,1,99999,9,03,1,00,1",,,"999,N,+0045,1",,,,"SYN011333   20045",
"07742099999","1990-04-13T18:00:00","4","43.4333333","2.4166666","450.0","ST MICHEL DE CUXA, FR","FM-12","99999","V020","999,1,C,0000,1","00750,1,C,N","020000,1,N,9","+0110,1","+0068,1","99999,9","06,0000,9,1",,"4,000",,,,,"08,99,1,08,1,05,1,00800,1,99,9,99,9",,,"999,M,+0150,1",,,,"SYN011333   10150",
"07742099999","1990-04-14T06:00:00","4","43.4333333","2.4166666","450.0","ST MICHEL DE CUXA, FR","FM-12","99999","V020","999,1,C,0000,1","00750,1,C,N","050000,1,N,9","+0080,1","+0069,1","99999,9","99,0010,9,1",,"0,000",,,"6,1,06,1","2,1,06,1","08,99,1,08,1,05,1,00800,1,99,9,99,9",,,"999,N,+0075,1",,"02,1",,"SYN011333   20075",
"07742099999","1990-04-14T12:00:00","4","43.4333333","2.4166666","450.0","ST MICHEL DE CUXA, FR","FM-12","99999","V020","030,1,N,0051,1","22000,1,C,N","050000,1,N,9","+0110,1","+0000,1","99999,9","06,0000,9,1",,"4,000",,,,,"04,99,1,04,1,05,1,00800,1,00,1,00,1",,,,,,,,
"07742099999","1990-04-15T06:00:00","4","43.4333333","2.4166666","450.0","ST MICHEL DE CUXA, FR","FM-12","99999","V020","999,1,C,0000,1","22000,1,C,N","050000,1,N,9","+0080,1","+0058,1","99999,9","99,0005,9,1",,"0,000",,,"6,1,06,1","1,1,06,1","03,99,1,01,1,01,1,00450,1,04,1,00,1",,,"999,N,+0080,1",,"01,1",,"SYN011333   20080",
"07742099999","1990-04-15T12:00:00","4","43.4333333","2.4166666","450.0","ST MICHEL DE CUXA, FR","FM-12","99999","V020","999,1,C,0000,1","00750,1,C,N","050000,1,N,9","+0150,1","+0069,1","99999,9","06,9999,2,9",,"0,001",,,"6,1,06,1","1,1,06,1","07,99,1,07,1,05,1,00800,1,99,9,99,9",,,,,"61,1",,,
"07742099999","1990-04-15T18:00:00","4","43.4333333","2.4166666","450.0","ST MICHEL DE CUXA, FR","FM-12","99999","V020","030,1,N,0041,1","22000,1,C,N","050000,1,N,9","+0130,1","+0014,1","99999,9","99,9999,2,9",,"0,000",,,,,"02,99,1,02,1,02,1,00800,1,00,1,00,1",,,"999,M,+0180,1",,,,"SYN011333   10180",
"07742099999","1990-04-16T12:00:00","4","43.4333333","2.4166666","450.0","ST MICHEL DE CUXA, FR","FM-12","99999","V020","999,1,C,0000,1","22000,1,C,N","050000,1,N,9","+0130,1","+0014,1","99999,9","06,0000,9,1",,"4,000",,,,,"02,99,1,02,1,01,1,00800,1,00,1,00,1",,,,,,,,
"07742099999","1990-04-16T18:00:00","4","43.4333333","2.4166666","450.0","ST MICHEL DE CUXA, FR","FM-12","99999","V020","999,1,C,0000,1","22000,1,C,N","050000,1,N,9","+0145,1","+0021,1","99999,9","06,0000,9,1",,"4,000",,,,,"03,99,1,01,1,01,1,00800,1,07,1,00,1",,,"999,M,+0160,1",,,,"SYN011333   10160",
"07742099999","1990-04-17T06:00:00","4","43.4333333","2.4166666","450.0","ST MICHEL DE CUXA, FR","FM-12","99999","V020","999,1,C,0000,1","03600,1,C,N","050000,1,N,9","+0040,1","+0015,1","99999,9","06,0000,9,1",,"4,000",,,,,"06,99,1,06,1,00,1,99999,9,04,1,00,1",,,"999,N,+0030,1",,,,"SYN011333   20030",
"07742099999","1990-04-17T12:00:00","4","43.4333333","2.4166666","450.0","ST MICHEL DE CUXA, FR","FM-12","99999","V020","999,1,C,0000,1","22000,1,C,N","050000,1,N,9","+0125,1","+0022,1","99999,9","06,0000,9,1",,"4,000",,,,,"04,99,1,04,1,01,1,00800,1,04,1,00,1",,,,,,,,
"07742099999","1990-04-17T18:00:00","4","43.4333333","2.4166666","450.0","ST MICHEL DE CUXA, FR","FM-12","99999","V020","320,1,N,0051,1","01200,1,C,N","050000,1,N,9","+0100,1","+0057,1","99999,9","99,9999,2,9",,"0,000",,,"8,1,06,1","6,1,06,1","08,99,1,08,1,08,1,00800,1,99,9,99,9",,,"999,M,+0140,1",,"25,1",,"SYN011333   10140",
"07742099999","1990-04-18T06:00:00","4","43.4333333","2.4166666","450.0","ST MICHEL DE CUXA, FR","FM-12","99999","V020","999,1,C,0000,1","22000,1,C,N","050000,1,N,9","+0035,1","-0005,1","99999,9","99,0060,9,1",,"0,000",,,,,"03,99,1,03,1,02,1,00800,1,00,1,00,1",,,"999,N,+0030,1",,,,"SYN011333   20030",
"07742099999","1990-04-18T18:00:00","4","43.4333333","2.4166666","450.0","ST MICHEL DE CUXA, FR","FM-12","99999","V020","999,1,C,0000,1","00750,1,C,N","050000,1,N,9","+0090,1","+0018,1","99999,9","99,9999,2,9",,"0,000",,,"6,1,06,1",,"06,99,1,06,1,05,1,00800,1,00,1,00,1",,,"999,M,+0130,1",,"01,1",,"SYN011333   10130",
"07742099999","1990-04-19T06:00:00","4","43.4333333","2.4166666","450.0","ST MICHEL DE CUXA, FR","FM-12","99999","V020","999,1,C,0000,1","00750,1,C,N","050000,1,N,9","+0055,1","+0004,1","99999,9","99,0030,9,1",,"0,000",,,"6,1,06,1","2,1,06,1","05,99,1,05,1,05,1,00800,1,99,9,99,9",,,"999,N,+0035,1",,"02,1",,"SYN011333   20035",
"07742099999","1990-04-19T12:00:00","4","43.4333333","2.4166666","450.0","ST MICHEL DE CUXA, FR","FM-12","99999","V020","999,1,C,0000,1","00750,1,C,N","050000,1,N,9","+0115,1","+0062,1","99999,9","06,0000,9,1",,"4,000",,,,,"06,99,1,06,1,05,1,00800,1,99,9,99,9",,,,,,,,
"07742099999","1990-04-19T18:00:00","4","43.4333333","2.4166666","450.0","ST MICHEL DE CUXA, FR","FM-12","99999","V020","999,1,C,0000,1","00750,1,C,N","050000,1,N,9","+0130,1","+0043,1","99999,9","99,0005,9,1",,"0,000",,,"8,1,06,1","2,1,06,1","07,99,1,07,1,09,1,00800,1,99,9,99,9",,,"999,M,+0180,1",,"02,1",,"SYN011333   10180",
"07742099999","1990-04-20T06:00:00","4","43.4333333","2.4166666","450.0","ST MICHEL DE CUXA, FR","FM-12","99999","V020","999,1,C,0000,1","22000,1,C,N","050000,1,N,9","+0065,1","+9999,9","99999,9","99,0010,9,1",,"0,000",,,,,"02,99,1,02,1,01,1,00800,1,00,1,00,1",,,"999,N,+0020,1",,,,"SYN011333   20020",
"07742099999","1990-04-20T18:00:00","4","43.4333333","2.4166666","450.0","ST MICHEL DE CUXA, FR","FM-12","99999","V020","999,1,C,0000,1","00750,1,C,N","050000,1,N,9","+0075,1","+0028,1","99999,9","99,0020,9,1",,"0,000",,,"6,1,06,1","1,1,06,1","07,99,1,07,1,03,1,00800,1,99,9,99,9",,,"999,M,+0135,1",,"21,1",,"SYN011333   10135",
"07742099999","1990-04-21T06:00:00","4","43.4333333","2.4166666","450.0","ST MICHEL DE CUXA, FR","FM-12","99999","V020","999,1,C,0000,1","01200,1,C,N","050000,1,N,9","+0022,1","+0017,1","99999,9","99,0100,9,1",,"0,000",,,,,"07,99,1,07,1,08,1,00800,1,99,9,99,9",,,"999,N,+0010,1",,,,"SYN011333   20010",
"07742099999","1990-04-21T12:00:00","4","43.4333333","2.4166666","450.0","ST MICHEL DE CUXA, FR","FM-12","99999","V020","999,1,C,0000,1","00750,1,C,N","050000,1,N,9","+0075,1","+0028,1","99999,9","06,9999,2,9",,"0,000",,,"6,1,06,1","2,1,06,1","07,99,1,07,1,05,1,00800,1,99,9,99,9",,,,,"02,1",,,
"07742099999","1990-04-21T18:00:00","4","43.4333333","2.4166666","450.0","ST MICHEL DE CUXA, FR","FM-12","99999","V020","999,1,C,0000,1","00750,1,C,N","020000,1,N,9","+0050,1","-0003,1","99999,9","99,0060,9,1",,"0,001",,,"6,1,06,1","2,1,06,1","08,99,1,08,1,05,1,00800,1,99,9,99,9",,,"999,M,+0085,1",,"61,1",,"SYN011333   10085",
"07742099999","1990-04-22T12:00:00","4","43.4333333","2.4166666","450.0","ST MICHEL DE CUXA, FR","FM-12","99999","V020","999,1,C,0000,1","00750,1,C,N","050000,1,N,9","+0090,1","+0032,1","99999,9","06,0000,9,1",,"4,000",,,,,"07,99,1,07,1,05,1,00800,1,99,9,99,9",,,,,,,,
"07742099999","1990-04-22T18:00:00","4","43.4333333","2.4166666","450.0","ST MICHEL DE CUXA, FR","FM-12","99999","V020","999,1,C,0000,1","00750,1,C,N","050000,1,N,9","+0110,1","+0068,1","99999,9","99,9999,2,9",,"0,000",,,"8,1,06,1","2,1,06,1","06,99,1,06,1,05,1,00800,1,00,1,00,1",,,"999,M,+0125,1",,"02,1",,"SYN011333   10125",
"07742099999","1990-04-23T12:00:00","4","43.4333333","2.4166666","450.0","ST MICHEL DE CUXA, FR","FM-12","99999","V020","999,1,C,0000,1","22000,1,C,N","050000,1,N,9","+0135,1","+0050,1","99999,9","06,0000,9,1",,"4,000",,,,,"02,99,1,02,1,08,1,01250,1,00,1,00,1",,,,,,,,
"07742099999","1990-04-23T18:00:00","4","43.4333333","2.4166666","450.0","ST MICHEL DE CUXA, FR","FM-12","99999","V020","999,1,C,0000,1","00750,1,C,N","050000,1,N,9","+0140,1","+0043,1","99999,9","06,0000,9,1",,"4,000",,,,,"06,99,1,06,1,05,1,00800,1,00,1,00,1",,,"999,M,+0160,1",,,,"SYN011333   10160",
"07742099999","1990-04-24T06:00:00","4","43.4333333","2.4166666","450.0","ST MICHEL DE CUXA, FR","FM-12","99999","V020","999,1,C,0000,1","22000,1,C,N","050000,1,N,9","+0070,1","+0047,1","99999,9",,,"2,000",,,,,"03,99,1,03,1,00,1,99999,9,08,1,00,1",,,"999,N,+0060,1",,,,"SYN011333   20060",
"07742099999","1990-04-24T12:00:00","4","43.4333333","2.4166666","450.0","ST MICHEL DE CUXA, FR","FM-12","99999","V020","999,1,C,0000,1","09000,1,C,N","050000,1,N,9","+0140,1","+0080,1","99999,9","06,0000,9,1",,"4,000",,,,,"05,99,1,03,1,03,1,00800,1,00,1,02,1",,,,,,,,
"07742099999","1990-04-24T18:00:00","4","43.4333333","2.4166666","450.0","ST MICHEL DE CUXA, FR","FM-12","99999","V020","999,1,C,0000,1","01500,1,C,N","050000,1,N,9","+0105,1","+0085,1","99999,9","99,0010,9,1",,"0,000",,,"8,1,06,1","6,1,06,1","08,99,1,08,1,08,1,01250,1,99,9,99,9",,,"999,M,+0145,1",,"02,1",,"SYN011333   10145",
"07742099999","1990-04-25T06:00:00","4","43.4333333","2.4166666","450.0","ST MICHEL DE CUXA, FR","FM-12","99999","V020","999,1,C,0000,1","03600,1,C,N","050000,1,N,9","+0070,1","+0059,1","99999,9","99,0010,9,1",,"0,000",,,"8,1,06,1","2,1,06,1","06,99,1,03,1,05,1,00800,1,04,1,00,1",,,"999,N,+0070,1",,"02,1",,"SYN011333   20070",
"07742099999","1990-04-25T12:00:00","4","43.4333333","2.4166666","450.0","ST MICHEL DE CUXA, FR","FM-12","99999","V020","999,1,C,0000,1","03600,1,C,N","050000,1,N,9","+0125,1","+0062,1","99999,9","06,0000,9,1",,"4,000",,,,,"05,99,1,03,1,02,1,00800,1,04,1,00,1",,,,,,,,
"07742099999","1990-04-25T18:00:00","4","43.4333333","2.4166666","450.0","ST MICHEL DE CUXA, FR","FM-12","99999","V020","999,1,C,0000,1","03600,1,C,N","050000,1,N,9","+0135,1","+0062,1","99999,9","99,0010,9,1",,"0,000",,,,,"06,99,1,04,1,05,1,00800,1,03,1,00,1",,,"999,M,+0165,1",,,,"SYN011333   10165",
"07742099999","1990-04-27T06:00:00","4","43.4333333","2.4166666","450.0","ST MICHEL DE CUXA, FR","FM-12","99999","V020","999,1,C,0000,1","22000,1,C,N","050000,1,N,9","+0060,1","+0024,1","99999,9","06,0000,9,1",,"4,000",,,,,"02,99,1,00,1,00,1,99999,9,00,1,01,1",,,"999,N,+0050,1",,,,"SYN011333   20050",
"07742099999","1990-04-27T18:00:00","4","43.4333333","2.4166666","450.0","ST MICHEL DE CUXA, FR","FM-12","99999","V020","999,1,C,0000,1","22000,1,C,N","050000,1,N,9","+0170,1","+0094,1","99999,9","06,0000,9,1",,"4,000",,,,,"03,99,1,03,1,01,1,00800,1,00,1,00,1",,,"999,M,+0205,1",,,,"SYN011333   10205",
"07742099999","1990-04-28T06:00:00","4","43.4333333","2.4166666","450.0","ST MICHEL DE CUXA, FR","FM-12","99999","V020","999,1,C,0000,1","22000,1,C,N","050000,1,N,9","+0090,1","+0064,1","99999,9","06,0000,9,1",,"4,000",,,,,"00,99,1,00,1,00,1,99999,9,00,1,00,1",,,"999,N,+0075,1",,,,"SYN011333   20075",
"07742099999","1990-04-28T18:00:00","4","43.4333333","2.4166666","450.0","ST MICHEL DE CUXA, FR","FM-12","99999","V020","999,1,C,0000,1","22000,1,C,N","050000,1,N,9","+0220,1","+0145,1","99999,9","06,0000,9,1",,"4,000",,,,,"01,99,1,00,1,00,1,99999,9,00,1,01,1",,,"999,M,+0230,1",,,,"SYN011333   10230",
"07742099999","1990-04-29T06:00:00","4","43.4333333","2.4166666","450.0","ST MICHEL DE CUXA, FR","FM-12","99999","V020","999,1,C,0000,1","22000,1,C,N","050000,1,N,9","+0080,1","+0046,1","99999,9","06,0000,9,1",,"4,000",,,,,"00,99,1,00,1,00,1,99999,9,00,1,00,1",,,"999,N,+0075,1",,,,"SYN011333   20075",
"07742099999","1990-04-29T12:00:00","4","43.4333333","2.4166666","450.0","ST MICHEL DE CUXA, FR","FM-12","99999","V020","999,1,C,0000,1","22000,1,C,N","050000,1,N,9","+0180,1","+0084,1","99999,9","06,0000,9,1",,"4,000",,,,,"02,99,1,99,9,99,9,00800,1,99,9,99,9",,,,,,,,
"07742099999","1990-04-30T06:00:00","4","43.4333333","2.4166666","450.0","ST MICHEL DE CUXA, FR","FM-12","99999","V020","999,1,C,0000,1","22000,1,C,N","050000,1,N,9","+0060,1","+0036,1","99999,9","06,0000,9,1",,"4,000",,,,,"02,99,1,02,1,00,1,99999,9,04,1,00,1",,,"999,N,+0050,1",,,,"SYN011333   20050",
"07742099999","1990-04-30T12:00:00","4","43.4333333","2.4166666","450.0","ST MICHEL DE CUXA, FR","FM-12","99999","V020","999,1,C,0000,1","22000,1,C,N","050000,1,N,9","+0165,1","+0099,1","99999,9","06,0000,9,1",,"4,000",,,,,"03,99,1,03,1,01,1,00800,1,00,1,00,1",,,,,,,,
"07742099999","1990-04-30T18:00:00","4","43.4333333","2.4166666","450.0","ST MICHEL DE CUXA, FR","FM-12","99999","V020","999,1,C,0000,1","22000,1,C,N","050000,1,N,9","+0170,1","+0091,1","99999,9","06,0000,9,1",,"4,000",,,,,"04,99,1,04,1,02,1,00800,1,00,1,00,1",,,"999,M,+9999,9",,,,"SYN011333   10150","Q01 +01502ATMX  "
"07742099999","1990-05-01T06:00:00","4","43.4333333","2.4166666","450.0","ST MICHEL DE CUXA, FR","FM-12","99999","V020","999,1,C,0000,1","22000,1,C,N","050000,1,N,9","+0055,1","+0043,1","99999,9","06,0000,9,1",,"4,000",,,,,"01,99,1,01,1,00,1,99999,9,04,1,00,1",,,"999,N,+0050,1",,,,"SYN011333   20050",
"07742099999","1990-05-01T12:00:00","4","43.4333333","2.4166666","450.0","ST MICHEL DE CUXA, FR","FM-12","99999","V020","999,1,C,0000,1","22000,1,C,N","050000,1,N,9","+0165,1","+0110,1","99999,9","06,0000,9,1",,"4,000",,,,,"01,99,1,01,1,00,1,99999,9,04,1,00,1",,,,,,,,
"07742099999","1990-05-01T18:00:00","4","43.4333333","2.4166666","450.0","ST MICHEL DE CUXA, FR","FM-12","99999","V020","030,1,N,0026,1","22000,1,C,N","050000,1,N,9","+0190,1","+0073,1","99999,9","06,0000,9,1",,"4,000",,,,,"01,99,1,01,1,02,1,01250,1,00,1,00,1",,,"999,M,+0200,1",,,,"SYN011333   10200",
"07742099999","1990-05-02T06:00:00","4","43.4333333","2.4166666","450.0","ST MICHEL DE CUXA, FR","FM-12","99999","V020","999,1,C,0000,1","22000,1,C,N","050000,1,N,9","+0075,1","+0020,1","99999,9","06,0000,9,1",,"4,000",,,,,"04,99,1,04,1,08,1,01250,1,00,1,00,1",,,"999,N,+0070,1",,,,"SYN011333   20070",
"07742099999","1990-05-03T06:00:00","4","43.4333333","2.4166666","450.0","ST MICHEL DE CUXA, FR","FM-12","99999","V020","999,1,C,0000,1","22000,1,C,N","050000,1,N,9","+0095,1","+0051,1","99999,9","06,0000,9,1",,"4,000",,,,,"01,99,1,01,1,01,1,00800,1,00,1,00,1",,,"999,N,+0090,1",,,,"SYN011333   20090",
"07742099999","1990-05-03T12:00:00","4","43.4333333","2.4166666","450.0","ST MICHEL DE CUXA, FR","FM-12","99999","V020","999,1,C,0000,1","22000,1,C,N","050000,1,N,9","+0190,1","+0097,1","99999,9","06,0000,9,1",,"4,000",,,,,"02,99,1,02,1,01,1,00800,1,00,1,00,1",,,,,,,,
"07742099999","1990-05-03T18:00:00","4","43.4333333","2.4166666","450.0","ST MICHEL DE CUXA, FR","FM-12","99999","V020","030,1,N,0041,1","22000,1,C,N","050000,1,N,9","+0200,1","+0070,1","99999,9","06,0000,9,1",,"4,000",,,,,"02,99,1,02,1,08,1,01250,1,00,1,00,1",,,"999,M,+0215,1",,,,"SYN011333   10215",
"07742099999","1990-05-04T06:00:00","4","43.4333333","2.4166666","450.0","ST MICHEL DE CUXA, FR","FM-12","99999","V020","999,1,C,0000,1","22000,1,C,N","050000,1,N,9","+0080,1","+0034,1","99999,9","06,0000,9,1",,"4,000",,,,,"04,99,1,00,1,00,1,99999,9,00,1,01,1",,,"999,N,+0070,1",,,,"SYN011333   20070","Q01+000042SCOTLC"
"07742099999","1990-05-04T12:00:00","4","43.4333333","2.4166666","450.0","ST MICHEL DE CUXA, FR","FM-12","99999","V020","999,1,C,0000,1","22000,1,C,N","050000,1,N,9","+0195,1","+0092,1","99999,9","06,0000,9,1",,"4,000",,,,,"02,99,1,02,1,00,1,99999,9,08,1,00,1",,,,,,,,
"07742099999","1990-05-04T18:00:00","4","43.4333333","2.4166666","450.0","ST MICHEL DE CUXA, FR","FM-12","99999","V020","999,1,C,0000,1","22000,1,C,N","050000,1,N,9","+0195,1","+0092,1","99999,9","06,0000,9,1",,"4,000",,,,,"03,99,1,03,1,02,1,00800,1,00,1,00,1",,,"999,M,+0215,1",,,,"SYN011333   10215",
"07742099999","1990-05-05T06:00:00","4","43.4333333","2.4166666","450.0","ST MICHEL DE CUXA, FR","FM-12","99999","V020","999,1,C,0000,1","22000,1,C,N","050000,1,N,9","+0095,1","+0051,1","99999,9","06,0000,9,1",,"4,000",,,,,"01,99,1,01,1,00,1,99999,9,03,1,00,1",,,"999,N,+0090,1",,,,"SYN011333   20090",
"07742099999","1990-05-06T06:00:00","4","43.4333333","2.4166666","450.0","ST MICHEL DE CUXA, FR","FM-12","99999","V020","999,1,C,0000,1","22000,1,C,N","050000,1,N,9","+0075,1","+0053,1","99999,9","06,0000,9,1",,"4,000",,,,,"00,99,1,00,1,00,1,99999,9,00,1,00,1",,,"999,N,+0065,1",,,,"SYN011333   20065",
"07742099999","1990-05-06T12:00:00","4","43.4333333","2.4166666","450.0","ST MICHEL DE CUXA, FR","FM-12","99999","V020","999,1,C,0000,1","22000,1,C,N","050000,1,N,9","+0170,1","+0115,1","99999,9","06,0000,9,1",,"4,000",,,,,"03,99,1,03,1,05,1,01250,1,00,1,00,1",,,,,,,,
"07742099999","1990-05-06T18:00:00","4","43.4333333","2.4166666","450.0","ST MICHEL DE CUXA, FR","FM-12","99999","V020","999,1,C,0000,1","00750,1,C,N","020000,1,N,9","+0170,1","+0144,1","99999,9","99,0120,9,1",,"0,001",,,"9,1,06,1","8,1,06,1","06,99,1,06,1,09,1,00800,1,08,1,99,9",,,"999,M,+0210,1",,"01,1",,"SYN011333   10210",
"07742099999","1990-05-07T06:00:00","4","43.4333333","2.4166666","450.0","ST MICHEL DE CUXA, FR","FM-12","99999","V020","999,1,C,0000,1","22000,1,C,N","050000,1,N,9","+0080,1","+0058,1","99999,9","06,0000,9,1",,"4,000",,,,,"03,99,1,01,1,02,1,00800,1,04,1,00,1",,,"999,N,+0080,1",,,,"SYN011333   20080",
"07742099999","1990-05-07T12:00:00","4","43.4333333","2.4166666","450.0","ST MICHEL DE CUXA, FR","FM-12","99999","V020","999,1,C,0000,1","01200,1,C,N","050000,1,N,9","+0170,1","+0094,1","99999,9","06,0000,9,1",,"4,000",,,,,"05,99,1,05,1,08,1,00800,1,00,1,00,1",,,,,,,,
"07742099999","1990-05-07T18:00:00","4","43.4333333","2.4166666","450.0","ST MICHEL DE CUXA, FR","FM-12","99999","V020","999,1,C,0000,1","22000,1,C,N","050000,1,N,9","+0195,1","+0114,1","99999,9","99,0010,9,1",,"0,001",,,"9,1,06,1","8,1,06,1","04,99,1,04,1,05,1,00800,1,00,1,00,1",,,"999,M,+0205,1",,"01,1",,"SYN011333   10205",
"07742099999","1990-05-08T06:00:00","4","43.4333333","2.4166666","450.0","ST MICHEL DE CUXA, FR","FM-12","99999","V020","999,1,C,0000,1","22000,1,C,N","050000,1,N,9","+0090,1","+0080,1","99999,9","99,0005,9,1",,"0,000",,,,,"02,99,1,02,1,00,1,99999,9,04,1,00,1",,,"999,N,+0090,1",,,,"SYN011333   20090",
"07742099999","1990-05-08T12:00:00","4","43.4333333","2.4166666","450.0","ST MICHEL DE CUXA, FR","FM-12","99999","V020","999,1,C,0000,1","22000,1,C,N","050000,1,N,9","+0200,1","+0110,1","99999,9","06,0000,9,1",,"4,000",,,,,"04,99,1,04,1,08,1,00800,1,00,1,00,1",,,,,,,,
"07742099999","1990-05-08T18:00:00","4","43.4333333","2.4166666","450.0","ST MICHEL DE CUXA, FR","FM-12","99999","V020","999,1,C,0000,1","01200,1,C,N","050000,1,N,9","+0180,1","+0137,1","99999,9","99,0005,9,1",,"0,001",,,"9,1,06,1","2,1,06,1","05,99,1,05,1,08,1,00800,1,00,1,00,1",,,"999,M,+0205,1",,,,"SYN011333   10205","Q01+000222PRSWM1"
"07742099999","1990-05-09T12:00:00","4","43.4333333","2.4166666","450.0","ST MICHEL DE CUXA, FR","FM-12","99999","V020","999,1,C,0000,1","22000,1,C,N","050000,1,N,9","+0180,1","+0117,1","99999,9","06,0000,9,1",,"4,000",,,,,"04,99,1,04,1,02,1,01250,1,00,1,00,1",,,,,,,,
"07742099999","1990-05-09T18:00:00","4","43.4333333","2.4166666","450.0","ST MICHEL DE CUXA, FR","FM-12","99999","V020","999,1,C,0000,1","00750,1,C,N","050000,1,N,9","+0165,1","+0139,1","99999,9","99,0010,9,1",,"0,001",,,"9,1,06,1","8,1,06,1","08,99,1,08,1,09,1,00800,1,99,9,99,9",,,"999,M,+0185,1",,"02,1",,"SYN011333   10185",
"07742099999","1990-05-10T12:00:00","4","43.4333333","2.4166666","450.0","ST MICHEL DE CUXA, FR","FM-12","99999","V020","999,1,C,0000,1","00750,1,C,N","050000,1,N,9","+0165,1","+0120,1","99999,9","06,0000,9,1",,"4,000",,,,,"08,99,1,08,1,05,1,00800,1,99,9,99,9",,,,,,,,
"07742099999","1990-05-10T18:00:00","4","43.4333333","2.4166666","450.0","ST MICHEL DE CUXA, FR","FM-12","99999","V020","999,1,C,0000,1","01200,1,C,N","050000,1,N,9","+0200,1","+0130,1","99999,9","06,0000,9,1",,"4,000",,,,,"05,99,1,05,1,08,1,00800,1,00,1,00,1",,,"999,M,+0205,1",,,,"SYN011333   10205",
"07742099999","1990-05-11T06:00:00","4","43.4333333","2.4166666","450.0","ST MICHEL DE CUXA, FR","FM-12","99999","V020","999,1,C,0000,1","03600,1,C,N","050000,1,N,9","+0115,1","+0105,1","99999,9","99,0010,9,1",,"0,000",,,,,"05,99,1,05,1,00,1,99999,9,03,1,00,1",,,"999,N,+0115,1",,,,"SYN011333   20115",
"07742099999","1990-05-12T06:00:00","4","43.4333333","2.4166666","450.0","ST MICHEL DE CUXA, FR","FM-12","99999","V020","999,1,C,0000,1","22000,1,C,N","050000,1,N,9","+0090,1","+0069,1","99999,9","06,0000,9,1",,"4,000",,,,,"02,99,1,00,1,00,1,99999,9,00,1,01,1",,,"999,N,+0085,1",,,,"SYN011333   20085",
"07742099999","1990-05-12T12:00:00","4","43.4333333","2.4166666","450.0","ST MICHEL DE CUXA, FR","FM-12","99999","V020","999,1,C,0000,1","22000,1,C,N","050000,1,N,9","+0195,1","+0134,1","99999,9","06,0000,9,1",,"4,000",,,,,"02,99,1,02,1,08,1,00800,1,00,1,00,1",,,,,,,,
"07742099999","1990-05-12T18:00:00","4","43.4333333","2.4166666","450.0","ST MICHEL DE CUXA, FR","FM-12","99999","V020","999,1,C,0000,1","03600,1,C,N","050000,1,N,9","+0200,1","+0150,1","99999,9","06,0000,9,1",,"4,000",,,,,"07,99,1,03,1,05,1,01250,1,04,1,99,9",,,"999,M,+0220,1",,,,"SYN011333   10220",
"07742099999","1990-05-13T06:00:00","4","43.4333333","2.4166666","450.0","ST MICHEL DE CUXA, FR","FM-12","99999","V020","999,1,C,0000,1","03600,1,C,N","050000,1,N,9","+0115,1","+0105,1","99999,9","06,0000,9,1",,"4,000",,,,,"05,99,1,05,1,00,1,99999,9,04,1,00,1",,,"999,N,+0110,1",,,,"SYN011333   20110",
"07742099999","1990-05-13T18:00:00","4","43.4333333","2.4166666","450.0","ST MICHEL DE CUXA, FR","FM-12","99999","V020","999,1,C,0000,1","01200,1,C,N","020000,1,N,9","+0135,1","+0125,1","99999,9","99,0040,9,1",,"0,000",,,"6,1,06,1","2,1,06,1","08,99,1,08,1,08,1,00800,1,99,9,99,9",,,"999,M,+0190,1",,"02,1",,"SYN011333   10190",
"07742099999","1990-05-14T06:00:00","4","43.4333333","2.4166666","450.0","ST MICHEL DE CUXA, FR","FM-12","99999","V020","999,1,C,0000,1","22000,1,C,N","050000,1,N,9","+0080,1","+0069,1","99999,9","99,0020,9,1",,"0,000",,,,,"02,99,1,01,1,00,1,99999,9,08,1,01,1",,,"999,N,+0075,1",,,,"SYN011333   20075",
"07742099999","1990-05-14T18:00:00","4","43.4333333","2.4166666","450.0","ST MICHEL DE CUXA, FR","FM-12","99999","V020","999,1,C,0000,1","00750,1,C,N","050000,1,N,9","+0215,1","+0128,1","99999,9","06,0000,9,1",,"4,000",,,,,"05,99,1,05,1,05,1,00800,1,00,1,00,1",,,"999,M,+0230,1",,,,"SYN011333   10230",
"07742099999","1990-05-15T06:00:00","4","43.4333333","2.4166666","450.0","ST MICHEL DE CUXA, FR","FM-12","99999","V020","999,1,C,0000,1","22000,1,C,N","050000,1,N,9","+0120,1","+0090,1","99999,9","06,0000,9,1",,"4,000",,,,,"01,99,1,01,1,00,1,99999,9,08,1,00,1",,,"999,N,+0110,1",,,,"SYN011333   20110",
"07742099999","1990-05-15T12:00:00","4","43.4333333","2.4166666","450.0","ST MICHEL DE CUXA, FR","FM-12","99999","V020","999,1,C,0000,1","22000,1,C,N","050000,1,N,9","+0210,1","+0142,1","99999,9","06,0000,9,1",,"4,000",,,,,"02,99,1,02,1,01,1,00800,1,00,1,00,1",,,,,,,,
"07742099999","1990-05-15T18:00:00","4","43.4333333","2.4166666","450.0","ST MICHEL DE CUXA, FR","FM-12","99999","V020","999,1,C,0000,1","00750,1,C,N","050000,1,N,9","+0200,1","+0150,1","99999,9","06,0000,9,1",,"4,000",,,,,"07,99,1,07,1,09,1,00800,1,99,9,99,9",,,"999,M,+0240,1",,"17,1",,"SYN011333   10240",
"07742099999","1990-05-16T18:00:00","4","43.4333333","2.4166666","450.0","ST MICHEL DE CUXA, FR","FM-12","99999","V020","999,1,C,0000,1","03600,1,C,N","050000,1,N,9","+0210,1","+0170,1","99999,9","99,0005,9,1",,"0,001",,,"9,1,06,1","6,1,06,1","07,99,1,04,1,09,1,00800,1,08,1,02,1",,,"999,M,+0250,1",,"17,1",,"SYN011333   10250",
"07742099999","1990-05-17T06:00:00","4","43.4333333","2.4166666","450.0","ST MICHEL DE CUXA, FR","FM-12","99999","V020","999,1,C,0000,1","99999,9,9,N","050000,1,N,9","+0120,1","+0101,1","99999,9",,,"2,000",,,,,"05,99,1,02,1,00,1,99999,9,08,1,02,1",,,"999,N,+0115,1",,,,"SYN011333   20115",
"07742099999","1990-05-17T12:00:00","4","43.4333333","2.4166666","450.0","ST MICHEL DE CUXA, FR","FM-12","99999","V020","999,1,C,0000,1","03600,1,C,N","050000,1,N,9","+0225,1","+0160,1","99999,9","06,0000,9,1",,"4,000",,,,,"05,99,1,03,1,01,1,00800,1,08,1,00,1",,,,,,,,
"07742099999","1990-05-17T18:00:00","4","43.4333333","2.4166666","450.0","ST MICHEL DE CUXA, FR","FM-12","99999","V020","999,1,C,0000,1","03600,1,C,N","050000,1,N,9","+0195,1","+0134,1","99999,9","06,0000,9,1",,"4,001",,,"9,1,06,1","2,1,06,1","06,99,1,02,1,09,1,01250,1,08,1,00,1",,,"999,M,+0250,1",,"01,1",,"SYN011333   10250",
"07742099999","1990-05-18T06:00:00","4","43.4333333","2.4166666","450.0","ST MICHEL DE CUXA, FR","FM-12","99999","V020","999,1,C,0000,1","22000,1,C,N","050000,1,N,9","+0130,1","+0101,1","99999,9","06,0000,9,1",,"4,000",,,,,"02,99,1,02,1,00,1,99999,9,08,1,00,1",,,"999,N,+0125,1",,,,"SYN011333   20125",
"07742099999","1990-05-18T12:00:00","4","43.4333333","2.4166666","450.0","ST MICHEL DE CUXA, FR","FM-12","99999","V020","999,1,C,0000,1","22000,1,C,N","050000,1,N,9","+0225,1","+0160,1","99999,9","06,0000,9,1",,"4,000",,,,,"02,99,1,01,1,02,1,00800,1,08,1,00,1",,,,,,,,
"07742099999","1990-05-18T18:00:00","4","43.4333333","2.4166666","450.0","ST MICHEL DE CUXA, FR","FM-12","99999","V020","999,1,C,0000,1","03600,1,C,N","050000,1,N,9","+0215,1","+0157,1","99999,9","06,0000,9,1",,"4,000",,,,,"07,99,1,07,1,00,1,99999,9,06,1,99,9",,,"999,M,+0235,1",,,,"SYN011333   10235",
"07742099999","1990-05-19T06:00:00","4","43.4333333","2.4166666","450.0","ST MICHEL DE CUXA, FR","FM-12","99999","V020","999,1,C,0000,1","22000,1,C,N","050000,1,N,9","+0125,1","+0116,1","99999,9","06,0000,9,1",,"4,000",,,,,"01,99,1,01,1,00,1,99999,9,04,1,01,1",,,"999,N,+0120,1",,,,"SYN011333   20120",
"07742099999","1990-05-19T12:00:00","4","43.4333333","2.4166666","450.0","ST MICHEL DE CUXA, FR","FM-12","99999","V020","999,1,C,0000,1","22000,1,C,N","050000,1,N,9","+0210,1","+0142,1","99999,9","06,0000,9,1",,"4,000",,,,,"04,99,1,02,1,02,1,00800,1,00,1,01,1",,,,,,,,
"07742099999","1990-05-19T18:00:00","4","43.4333333","2.4166666","450.0","ST MICHEL DE CUXA, FR","FM-12","99999","V020","999,1,C,0000,1","01200,1,C,N","050000,1,N,9","+0210,1","+0142,1","99999,9","06,0000,9,1",,"4,000",,,,,"07,99,1,07,1,08,1,00800,1,99,9,99,9",,,"999,M,+0240,1",,,,"SYN011333   10240",
"07742099999","1990-05-20T06:00:00","4","43.4333333","2.4166666","450.0","ST MICHEL DE CUXA, FR","FM-12","99999","V020","999,1,C,0000,1","00750,1,C,N","050000,1,N,9","+0160,1","+0114,1","99999,9","99,0040,9,1",,"0,000",,,"6,1,06,1","2,1,06,1","08,99,1,08,1,05,1,00800,1,99,9,99,9",,,"999,N,+0145,1",,"02,1",,"SYN011333   20145",
"07742099999","1990-05-20T12:00:00","4","43.4333333","2.4166666","450.0","ST MICHEL DE CUXA, FR","FM-12","99999","V020","999,1,C,0000,1","00750,1,C,N","050000,1,N,9","+0195,1","+0144,1","99999,9","06,0000,9,1",,"4,000",,,,,"05,99,1,05,1,02,1,00800,1,00,1,00,1",,,,,,,,
"07742099999","1990-05-20T18:00:00","4","43.4333333","2.4166666","450.0","ST MICHEL DE CUXA, FR","FM-12","99999","V020","999,1,C,0000,1","03600,1,C,N","050000,1,N,9","+0185,1","+0151,1","99999,9","99,0090,9,1",,"0,001",,,"9,1,06,1","8,1,06,1","05,99,1,03,1,08,1,00800,1,08,1,00,1",,,"999,M,+0210,1",,"01,1",,"SYN011333   10210",
"07742099999","1990-05-21T06:00:00","4","43.4333333","2.4166666","450.0","ST MICHEL DE CUXA, FR","FM-12","99999","V020","999,1,C,0000,1","22000,1,C,N","050000,1,N,9","+0115,1","+0105,1","99999,9","24,0156,9,1","99,0070,9,1","0,000",,,,,"04,99,1,04,1,00,1,99999,9,04,1,00,1",,,"999,N,+0115,1",,,,"SYN017333   20115 70156",
"07742099999","1990-05-21T18:00:00","4","43.4333333","2.4166666","450.0","ST MICHEL DE CUXA, FR","FM-12","99999","V020","999,1,C,0000,1","00750,1,C,N","020000,1,N,9","+0190,1","+0119,1","99999,9","99,0010,9,1",,"0,001",,,"9,1,06,1","6,1,06,1","07,99,1,05,1,09,1,00800,1,06,1,99,9",,,"999,M,+0220,1",,"95,1",,"SYN011333   10220",
"07742099999","1990-05-22T06:00:00","4","43.4333333","2.4166666","450.0","ST MICHEL DE CUXA, FR","FM-12","99999","V020","999,1,C,0000,1","01200,1,C,N","050000,1,N,9","+0115,1","+0105,1","99999,9","99,0070,9,1",,"0,001",,,"9,1,06,1","8,1,06,1","07,99,1,07,1,08,1,00800,1,99,9,99,9",,,"999,N,+0110,1",,"01,1",,"SYN011333   20110",
"07742099999","1990-05-22T12:00:00","4","43.4333333","2.4166666","450.0","ST MICHEL DE CUXA, FR","FM-12","99999","V020","999,1,C,0000,1","00750,1,C,N","050000,1,N,9","+0145,1","+0127,1","99999,9","06,0010,9,1",,"0,001",,,"9,1,06,1","8,1,06,1","08,99,1,08,1,09,1,00800,1,99,9,99,9",,,,,"95,1",,,
"07742099999","1990-05-22T18:00:00","4","43.4333333","2.4166666","450.0","ST MICHEL DE CUXA, FR","FM-12","99999","V020","999,1,C,0000,1","00750,1,C,N","050000,1,N,9","+0190,1","+0148,1","99999,9","99,0050,9,1",,"0,001",,,"9,1,06,1","8,1,06,1","06,99,1,06,1,09,1,00800,1,00,1,00,1",,,"999,M,+0195,1",,"01,1",,"SYN011333   10195",
"07742099999","1990-05-23T06:00:00","4","43.4333333","2.4166666","450.0","ST MICHEL DE CUXA, FR","FM-12","99999","V020","999,1,C,0000,1","00750,1,C,N","020000,1,N,9","+0140,1","+0131,1","99999,9","24,0052,9,1",,"0,000",,,,,"07,99,1,07,1,05,1,00800,1,99,9,99,9",,,"999,N,+0135,1",,,,"SYN017333   20135 70052",
"07742099999","1990-05-23T18:00:00","4","43.4333333","2.4166666","450.0","ST MICHEL DE CUXA, FR","FM-12","99999","V020","999,1,C,0000,1","00750,1,C,N","050000,1,N,9","+0190,1","+0138,1","99999,9","99,9999,2,9",,"0,000",,,"6,1,06,1","2,1,06,1","06,99,1,06,1,05,1,00800,1,00,1,00,1",,,"999,M,+0200,1",,"01,1",,"SYN011333   10200",
"07742099999","1990-05-24T06:00:00","4","43.4333333","2.4166666","450.0","ST MICHEL DE CUXA, FR","FM-12","99999","V020","999,1,C,0000,1","01200,1,C,N","020000,1,N,9","+0130,1","+0117,1","99999,9","24,0030,9,1",,"0,000",,,,,"07,99,1,07,1,05,1,01250,1,99,9,99,9",,,"999,N,+0120,1",,,,"SYN017333   20120 70030",
"07742099999","1990-05-24T18:00:00","4","43.4333333","2.4166666","450.0","ST MICHEL DE CUXA, FR","FM-12","99999","V020","999,1,C,0000,1","01500,1,C,N","050000,1,N,9","+0160,1","+0138,1","99999,9","99,0020,9,1",,"0,000",,,"8,1,06,1","2,1,06,1","08,99,1,08,1,05,1,01750,1,99,9,99,9",,,"999,M,+0180,1",,"02,1",,"SYN011333   10180",
"07742099999","1990-05-25T06:00:00","4","43.4333333","2.4166666","450.0","ST MICHEL DE CUXA, FR","FM-12","99999","V020","999,1,C,0000,1","01500,1,C,N","020000,1,N,9","+0140,1","+0128,1","99999,9","24,0018,9,1",,"0,000",,,,,"06,99,1,06,1,05,1,01750,1,00,1,00,1",,,"999,N,+0135,1",,,,"SYN017333   20135 70018",
"07742099999","1990-05-25T18:00:00","4","43.4333333","2.4166666","450.0","ST MICHEL DE CUXA, FR","FM-12","99999","V020","999,1,C,0000,1","02100,1,C,N","050000,1,N,9","+0210,1","+0112,1","99999,9","99,0010,9,1",,"0,000",,,,,"07,99,1,07,1,05,1,02250,1,99,9,99,9",,,"999,M,+0240,1",,,,"SYN011333   10240",
"07742099999","1990-05-26T06:00:00","4","43.4333333","2.4166666","450.0","ST MICHEL DE CUXA, FR","FM-12","99999","V020","999,1,C,0000,1","03600,1,C,N","050000,1,N,9","+0120,1","+0101,1","99999,9","24,0011,9,1",,"0,000",,,,,"06,99,1,02,1,02,1,00800,1,07,1,00,1",,,"999,N,+0115,1",,,,"SYN017333   20115 70011",
"07742099999","1990-05-26T12:00:00","4","43.4333333","2.4166666","450.0","ST MICHEL DE CUXA, FR","FM-12","99999","V020","999,1,C,0000,1","22000,1,C,N","050000,1,N,9","+0205,1","+0105,1","99999,9","06,0000,9,1",,"4,000",,,,,"03,99,1,03,1,02,1,00800,1,00,1,00,1",,,,,,,,
"07742099999","1990-05-26T18:00:00","4","43.4333333","2.4166666","450.0","ST MICHEL DE CUXA, FR","FM-12","99999","V020","999,1,C,0000,1","01500,1,C,N","050000,1,N,9","+0200,1","+0130,1","99999,9","06,0000,9,1",,"4,000",,,,,"07,99,1,07,1,05,1,01750,1,99,9,99,9",,,"999,M,+0220,1",,,,"SYN011333   10220",
"07742099999","1990-05-27T06:00:00","4","43.4333333","2.4166666","450.0","ST MICHEL DE CUXA, FR","FM-12","99999","V020","999,1,C,0000,1","01200,1,C,N","050000,1,N,9","+0130,1","+0111,1","99999,9","06,0000,9,1",,"4,000",,,,,"07,99,1,07,1,05,1,01250,1,99,9,99,9",,,"999,N,+0125,1",,,,"SYN011333   20125",
"07742099999","1990-05-27T12:00:00","4","43.4333333","2.4166666","450.0","ST MICHEL DE CUXA, FR","FM-12","99999","V020","999,1,C,0000,1","01200,1,C,N","050000,1,N,9","+0190,1","+0119,1","99999,9","06,9999,2,9",,"0,000",,,"6,1,06,1","2,1,06,1","08,99,1,08,1,05,1,01250,1,99,9,99,9",,,,,"01,1",,,
"07742099999","1990-05-27T18:00:00","4","43.4333333","2.4166666","450.0","ST MICHEL DE CUXA, FR","FM-12","99999","V020","999,1,C,0000,1","01200,1,C,N","050000,1,N,9","+0190,1","+0119,1","99999,9","99,9999,2,9",,"0,000",,,"6,1,06,1","2,1,06,1","07,99,1,07,1,05,1,01250,1,99,9,99,9",,,"999,M,+0195,1",,"01,1",,"SYN011333   10195",
"07742099999","1990-05-28T06:00:00","4","43.4333333","2.4166666","450.0","ST MICHEL DE CUXA, FR","FM-12","99999","V020","999,1,C,0000,1","22000,1,C,N","050000,1,N,9","+0135,1","+0062,1","99999,9","06,0000,9,1","24,9999,2,9","4,000",,,,,"02,99,1,02,1,02,1,00800,1,00,1,00,1",,,"999,N,+0120,1",,,,"SYN017333   20120 79999",
"07742099999","1990-05-28T12:00:00","4","43.4333333","2.4166666","450.0","ST MICHEL DE CUXA, FR","FM-12","99999","V020","999,1,C,0000,1","22000,1,C,N","050000,1,N,9","+0200,1","+0061,1","99999,9","06,0000,9,1",,"4,000",,,,,"01,99,1,01,1,00,1,99999,9,04,1,00,1",,,,,,,,
"07742099999","1990-05-28T18:00:00","4","43.4333333","2.4166666","450.0","ST MICHEL DE CUXA, FR","FM-12","99999","V020","999,1,C,0000,1","22000,1,C,N","050000,1,N,9","+0215,1","+0057,1","99999,9","06,0000,9,1",,"4,000",,,,,"01,99,1,01,1,00,1,99999,9,04,1,00,1",,,"999,M,+0220,1",,,,"SYN011333   10220",
"07742099999","1990-05-29T06:00:00","4","43.4333333","2.4166666","450.0","ST MICHEL DE CUXA, FR","FM-12","99999","V020","999,1,C,0000,1","22000,1,C,N","050000,1,N,9","+0090,1","+0045,1","99999,9","06,0000,9,1",,"4,000",,,,,"02,99,1,01,1,00,1,99999,9,04,1,02,1",,,"999,N,+0080,1",,,,"SYN011333   20080",
"07742099999","1990-05-29T18:00:00","4","43.4333333","2.4166666","450.0","ST MICHEL DE CUXA, FR","FM-12","99999","V020","999,1,C,0000,1","22000,1,C,N","050000,1,N,9","+0220,1","+0102,1","99999,9","06,0000,9,1",,"4,000",,,,,"04,99,1,02,1,04,1,01250,1,02,1,01,1",,,"999,M,+0230,1",,,,"SYN011333   10230",
"07742099999","1990-05-30T12:00:00","4","43.4333333","2.4166666","450.0","ST MICHEL DE CUXA, FR","FM-12","99999","V020","999,1,C,0000,1","01200,1,C,N","050000,1,N,9","+0170,1","+0115,1","99999,9","06,0000,9,1",,"4,000",,,,,"08,99,1,08,1,05,1,01250,1,99,9,99,9",,,,,,,,
"07742099999","1990-05-30T18:00:00","4","43.4333333","2.4166666","450.0","ST MICHEL DE CUXA, FR","FM-12","99999","V020","999,1,C,0000,1","01200,1,C,N","050000,1,N,9","+0200,1","+0110,1","99999,9","06,0000,9,1",,"4,000",,,,,"07,99,1,07,1,05,1,01250,1,99,9,99,9",,,"999,M,+0200,1",,,,"SYN011333   10200",
"07742099999","1990-05-31T12:00:00","4","43.4333333","2.4166666","450.0","ST MICHEL DE CUXA, FR","FM-12","99999","V020","999,1,C,0000,1","01200,1,C,N","020000,1,N,9","+0160,1","+0124,1","99999,9","06,0000,9,1",,"4,000",,,,,"08,99,1,08,1,05,1,01250,1,99,9,99,9",,,,,,,,
"07742099999","1990-05-31T18:00:00","4","43.4333333","2.4166666","450.0","ST MICHEL DE CUXA, FR","FM-12","99999","V020","999,1,C,0000,1","01200,1,C,N","050000,1,N,9","+0205,1","+0136,1","99999,9","06,0000,9,1",,"4,000",,,,,"07,99,1,07,1,05,1,01250,1,99,9,99,9",,,"999,M,+0215,1",,,,"SYN011333   10215",
"07742099999","1990-06-01T06:00:00","4","43.4333333","2.4166666","450.0","ST MICHEL DE CUXA, FR","FM-12","99999","V020","999,1,C,0000,1","22000,1,C,N","020000,1,N,9","+0120,1","+0111,1","99999,9","06,0000,9,1","24,0000,9,1","4,000",,,,,"04,99,1,04,1,05,1,00800,1,00,1,00,1",,,"999,N,+0105,1",,,,"SYN017333   20105 70000",
"07742099999","1990-06-01T12:00:00","4","43.4333333","2.4166666","450.0","ST MICHEL DE CUXA, FR","FM-12","99999","V020","999,1,C,0000,1","22000,1,C,N","020000,1,N,9","+0205,1","+0116,1","99999,9","06,0000,9,1",,"4,000",,,,,"01,99,1,01,1,01,1,01250,1,00,1,00,1",,,,,,,,
"07742099999","1990-06-02T06:00:00","4","43.4333333","2.4166666","450.0","ST MICHEL DE CUXA, FR","FM-12","99999","V020","999,1,C,0000,1","00750,1,C,N","020000,1,N,9","+0145,1","+0136,1","99999,9","06,0000,9,1",,"4,000",,,,,"08,99,1,07,1,05,1,00800,1,99,9,99,9",,,"999,N,+0120,1",,,,"SYN017333   20120 00000",
"07742099999","1990-06-02T12:00:00","4","43.4333333","2.4166666","450.0","ST MICHEL DE CUXA, FR","FM-12","99999","V020","999,1,C,0000,1","00750,1,C,N","050000,1,N,9","+0190,1","+0148,1","99999,9","06,0000,9,1",,"4,000",,,,,"07,99,1,07,1,05,1,00800,1,99,9,99,9",,,,,,,,
"07742099999","1990-06-02T18:00:00","4","43.4333333","2.4166666","450.0","ST MICHEL DE CUXA, FR","FM-12","99999","V020","999,1,C,0000,1","01200,1,C,N","050000,1,N,9","+0175,1","+0131,1","99999,9","99,9999,2,9",,"0,001",,,"6,1,06,1",,"08,99,1,08,1,08,1,00800,1,99,9,99,9",,,"999,M,+0200,1",,"61,1",,"SYN011333   10200",
"07742099999","1990-06-03T06:00:00","4","43.4333333","2.4166666","450.0","ST MICHEL DE CUXA, FR","FM-12","99999","V020","999,1,C,0000,1","03600,1,C,N","050000,1,N,9","+0135,1","+0120,1","99999,9","24,0030,9,1",,"0,000",,,,,"06,99,1,03,1,08,1,01250,1,04,1,02,1",,,"999,N,+0125,1",,,,"SYN017333   20125 70030",
"07742099999","1990-06-03T18:00:00","4","43.4333333","2.4166666","450.0","ST MICHEL DE CUXA, FR","FM-12","99999","V020","999,1,C,0000,1","22000,1,C,N","050000,1,N,9","+0290,1","+0096,1","99999,9","06,0000,9,1",,"4,000",,,,,"00,99,1,00,1,00,1,99999,9,00,1,00,1",,,"999,M,+0290,1",,,,"SYN011333   10290",
"07742099999","1990-06-04T06:00:00","4","43.4333333","2.4166666","450.0","ST MICHEL DE CUXA, FR","FM-12","99999","V020","999,1,C,0000,1","01500,1,C,N","050000,1,N,9","+0155,1","+0140,1","99999,9","06,0000,9,1",,"4,000",,,,,"06,99,1,05,1,08,1,01250,1,04,1,01,1",,,"999,N,+0140,1",,,,"SYN011333   20140",
"07742099999","1990-06-04T12:00:00","4","43.4333333","2.4166666","450.0","ST MICHEL DE CUXA, FR","FM-12","99999","V020","999,1,C,0000,1","03600,1,C,N","050000,1,N,9","+0200,1","+0130,1","99999,9","06,0003,9,1",,"0,000",,,"6,1,06,1","2,1,06,1","05,99,1,03,1,08,1,00800,1,04,1,01,1",,,,,"01,1",,,
"07742099999","1990-06-04T18:00:00","4","43.4333333","2.4166666","450.0","ST MICHEL DE CUXA, FR","FM-12","99999","V020","999,1,C,0000,1","00750,1,C,N","020000,1,N,9","+0190,1","+0138,1","99999,9","99,0010,9,1",,"0,001",,,"9,1,06,1","6,1,06,1","08,99,1,07,1,09,1,00800,1,99,9,99,9",,,"999,M,+0220,1",,"91,1",,"SYN011333   10220",
"07742099999","1990-06-05T06:00:00","4","43.4333333","2.4166666","450.0","ST MICHEL DE CUXA, FR","FM-12","99999","V020","999,1,C,0000,1","03600,1,C,N","050000,1,N,9","+0140,1","+0129,1","99999,9","99,0150,9,1",,"0,000",,,,,"06,99,1,99,9,00,1,99999,9,04,1,00,1",,,"999,N,+0135,1",,,,"SYN011333   20135","Q01+000052SCOTLC"
"07742099999","1990-06-06T06:00:00","4","43.4333333","2.4166666","450.0","ST MICHEL DE CUXA, FR","FM-12","99999","V020","999,1,C,0000,1","22000,1,C,N","050000,1,N,9","+0105,1","+0066,1","99999,9","06,0000,9,1","24,0025,9,1","4,000",,,,,"02,99,1,02,1,02,1,01750,1,00,1,00,1",,,"999,N,+0050,1",,,,"SYN017333   20050 70025",
"07742099999","1990-06-06T12:00:00","4","43.4333333","2.4166666","450.0","ST MICHEL DE CUXA, FR","FM-12","99999","V020","999,1,C,0000,1","22000,1,C,N","050000,1,N,9","+0195,1","+0080,1","99999,9","06,0000,9,1",,"4,000",,,,,"03,99,1,03,1,02,1,01750,1,00,1,00,1",,,,,,,,
"07742099999","1990-06-06T18:00:00","4","43.4333333","2.4166666","450.0","ST MICHEL DE CUXA, FR","FM-12","99999","V020","300,1,N,0026,1","22000,1,C,N","050000,1,N,9","+0210,1","+0089,1","99999,9","06,0000,9,1",,"4,000",,,,,"02,99,1,01,1,02,1,01750,1,04,1,00,1",,,"999,M,+0220,1",,,,"SYN011333   10220",
"07742099999","1990-06-07T18:00:00","4","43.4333333","2.4166666","450.0","ST MICHEL DE CUXA, FR","FM-12","99999","V020","999,1,C,0000,1","01200,1,C,N","050000,1,N,9","+0225,1","+0131,1","99999,9","06,0000,9,1",,"4,000",,,,,"06,99,1,06,1,05,1,01250,1,00,1,00,1",,,"999,M,+0230,1",,,,"SYN011333   10230",
"07742099999","1990-06-08T06:00:00","4","43.4333333","2.4166666","450.0","ST MICHEL DE CUXA, FR","FM-12","99999","V020","999,1,C,0000,1","01200,1,C,N","050000,1,N,9","+0170,1","+0125,1","99999,9","06,0000,9,1",,"4,000",,,,,"08,99,1,08,1,05,1,01250,1,99,9,99,9",,,"999,N,+0160,1",,,,"SYN011333   20160",
"07742099999","1990-06-08T12:00:00","4","43.4333333","2.4166666","450.0","ST MICHEL DE CUXA, FR","FM-12","99999","V020","999,1,C,0000,1","00750,1,C,N","050000,1,N,9","+0195,1","+0125,1","99999,9","06,0000,9,1",,"4,000",,,,,"07,99,1,07,1,05,1,00800,1,00,1,00,1",,,,,,,,
"07742099999","1990-06-08T18:00:00","4","43.4333333","2.4166666","450.0","ST MICHEL DE CUXA, FR","FM-12","99999","V020","999,1,C,0000,1","00750,1,C,N","050000,1,N,9","+0190,1","+0108,1","99999,9","06,0000,9,1",,"4,000",,,,,"06,99,1,06,1,05,1,00800,1,00,1,00,1",,,"999,M,+0200,1",,,,"SYN011333   10200",
"07742099999","1990-06-09T06:00:00","4","43.4333333","2.4166666","450.0","ST MICHEL DE CUXA, FR","FM-12","99999","V020","999,1,C,0000,1","22000,1,C,N","050000,1,N,9","+0110,1","+0090,1","99999,9","06,0000,9,1",,"4,000",,,,,"04,99,1,04,1,02,1,00800,1,00,1,00,1",,,"999,N,+0105,1",,,,"SYN011333   20105",
"07742099999","1990-06-09T12:00:00","4","43.4333333","2.4166666","450.0","ST MICHEL DE CUXA, FR","FM-12","99999","V020","999,1,C,0000,1","22000,1,C,N","050000,1,N,9","+0165,1","+0076,1","99999,9","06,0000,9,1",,"4,000",,,,,"04,99,1,04,1,08,1,00800,1,00,1,00,1",,,,,,,,
"07742099999","1990-06-09T18:00:00","4","43.4333333","2.4166666","450.0","ST MICHEL DE CUXA, FR","FM-12","99999","V020","999,1,C,0000,1","01200,1,C,N","050000,1,N,9","+0170,1","+0115,1","99999,9","06,0000,9,1",,"4,000",,,,,"07,99,1,07,1,05,1,01250,1,99,9,99,9",,,"999,M,+0185,1",,,,"SYN011333   10185",
"07742099999","1990-06-10T06:00:00","4","43.4333333","2.4166666","450.0","ST MICHEL DE CUXA, FR","FM-12","99999","V020","999,1,C,0000,1","22000,1,C,N","050000,1,N,9","+0125,1","+0096,1","99999,9","06,0000,9,1",,"4,000",,,,,"04,99,1,04,1,08,1,00800,1,00,1,00,1",,,"999,M,+0125,1",,,,"SYN011333   10125",
"07742099999","1990-06-10T12:00:00","4","43.4333333","2.4166666","450.0","ST MICHEL DE CUXA, FR","FM-12","99999","V020","999,1,C,0000,1","22000,1,C,N","050000,1,N,9","+0180,1","+0106,1","99999,9","06,0000,9,1",,"4,000",,,,,"03,99,1,02,1,02,1,00800,1,00,1,02,1",,,,,,,,
"07742099999","1990-06-11T06:00:00","4","43.4333333","2.4166666","450.0","ST MICHEL DE CUXA, FR","FM-12","99999","V020","999,1,C,0000,1","03600,1,C,N","050000,1,N,9","+0100,1","+0079,1","99999,9","06,0000,9,1",,"4,000",,,,,"06,99,1,06,1,00,1,99999,9,07,1,00,1",,,"999,N,+0095,1",,,,"SYN011333   20095",
"07742099999","1990-06-11T12:00:00","4","43.4333333","2.4166666","450.0","ST MICHEL DE CUXA, FR","FM-12","99999","V020","999,1,C,0000,1","01200,1,C,N","050000,1,N,9","+0155,1","+0109,1","99999,9","06,9999,2,9",,"0,000",,,"6,1,06,1","2,1,06,1","07,99,1,07,1,05,1,01250,1,99,9,99,9",,,,,"01,1",,,
"07742099999","1990-06-12T12:00:00","4","43.4333333","2.4166666","450.0","ST MICHEL DE CUXA, FR","FM-12","99999","V020","999,1,C,0000,1","22000,1,C,N","050000,1,N,9","+0205,1","+0105,1","99999,9","06,0000,9,1",,"4,000",,,,,"04,99,1,04,1,02,1,00800,1,00,1,00,1",,,,,,,,
"07742099999","1990-06-12T18:00:00","4","43.4333333","2.4166666","450.0","ST MICHEL DE CUXA, FR","FM-12","99999","V020","999,1,C,0000,1","00750,1,C,N","050000,1,N,9","+0200,1","+0110,1","99999,9","06,0000,9,1",,"4,000",,,,,"07,99,1,07,1,05,1,00800,1,99,9,99,9",,,"999,M,+0225,1",,,,"SYN011333   10225",
"07742099999","1990-06-13T06:00:00","4","43.4333333","2.4166666","450.0","ST MICHEL DE CUXA, FR","FM-12","99999","V020","999,1,C,0000,1","01200,1,C,N","050000,1,N,9","+0135,1","+0107,1","99999,9","06,0000,9,1",,"4,000",,,,,"07,99,1,07,1,05,1,01250,1,99,9,99,9",,,"999,N,+0110,1",,,,"SYN011333   20110",
"07742099999","1990-06-13T12:00:00","4","43.4333333","2.4166666","450.0","ST MICHEL DE CUXA, FR","FM-12","99999","V020","999,1,C,0000,1","01200,1,C,N","050000,1,N,9","+0195,1","+0114,1","99999,9","06,0000,9,1",,"4,000",,,,,"06,99,1,06,1,08,1,00800,1,00,1,00,1",,,,,,,,
"07742099999","1990-06-13T18:00:00","4","43.4333333","2.4166666","450.0","ST MICHEL DE CUXA, FR","FM-12","99999","V020","999,1,C,0000,1","01200,1,C,N","050000,1,N,9","+0200,1","+0130,1","99999,9","06,0000,9,1",,"4,000",,,,,"07,99,1,07,1,08,1,00800,1,99,9,99,9",,,"999,M,+0205,1",,,,"SYN011333   10205",
"07742099999","1990-06-14T06:00:00","4","43.4333333","2.4166666","450.0","ST MICHEL DE CUXA, FR","FM-12","99999","V020","999,1,C,0000,1","01200,1,C,N","050000,1,N,9","+0125,1","+0116,1","99999,9","24,0062,9,1",,"0,000",,,"6,1,06,1","2,1,06,1","08,99,1,08,1,08,1,00800,1,99,9,99,9",,,"999,N,+0115,1",,"60,1",,"SYN017333   20115 70062",
"07742099999","1990-06-14T12:00:00","4","43.4333333","2.4166666","450.0","ST MICHEL DE CUXA, FR","FM-12","99999","V020","999,1,C,0000,1","00600,1,C,N","010000,1,N,9","+0150,1","+0140,1","99999,9","06,0050,9,1",,"0,001",,,"6,1,06,1","2,1,06,1","08,99,1,08,1,08,1,00250,1,99,9,99,9",,,,,"63,1",,,
"07742099999","1990-06-14T18:00:00","4","43.4333333","2.4166666","450.0","ST MICHEL DE CUXA, FR","FM-12","99999","V020","999,1,C,0000,1","03600,1,C,N","020000,1,N,9","+0158,1","+0140,1","99999,9","99,0120,9,1",,"0,000",,,"6,1,06,1","2,1,06,1","06,99,1,04,1,08,1,00450,1,04,1,01,1",,,"999,M,+0158,1",,"01,1",,"SYN011333   10158",
"07742099999","1990-06-15T12:00:00","4","43.4333333","2.4166666","450.0","ST MICHEL DE CUXA, FR","FM-12","99999","V020","999,1,C,0000,1","22000,1,C,N","050000,1,N,9","+0200,1","+0130,1","99999,9","06,0000,9,1",,"4,000",,,,,"04,99,1,04,1,02,1,00800,1,00,1,00,1",,,,,,,,
"07742099999","1990-06-15T18:00:00","4","43.4333333","2.4166666","450.0","ST MICHEL DE CUXA, FR","FM-12","99999","V020","999,1,C,0000,1","01200,1,C,N","050000,1,N,9","+0210,1","+0142,1","99999,9","06,0000,9,1",,"4,000",,,,,"06,99,1,06,1,05,1,01250,1,00,1,00,1",,,"999,M,+0230,1",,,,"SYN011333   10230",
"07742099999","1990-06-16T06:00:00","4","43.4333333","2.4166666","450.0","ST MICHEL DE CUXA, FR","FM-12","99999","V020","999,1,C,0000,1","22000,1,C,N","050000,1,N,9","+0115,1","+0105,1","99999,9","06,0000,9,1",,"4,000",,,,,"01,99,1,01,1,00,1,99999,9,04,1,00,1",,,"999,N,+0110,1",,,,"SYN011333   20110",
"07742099999","1990-06-16T12:00:00","4","43.4333333","2.4166666","450.0","ST MICHEL DE CUXA, FR","FM-12","99999","V020","999,1,C,0000,1","22000,1,C,N","050000,1,N,9","+0205,1","+0136,1","99999,9","06,0000,9,1",,"4,000",,,,,"04,99,1,04,1,00,1,99999,9,04,1,00,1",,,,,,,,
"07742099999","1990-06-16T18:00:00","4","43.4333333","2.4166666","450.0","ST MICHEL DE CUXA, FR","FM-12","99999","V020","240,1,N,0051,1","00750,1,C,N","050000,1,N,9","+0200,1","+0110,1","99999,9","99,0050,9,1",,"0,000",,,"8,1,06,1","6,1,06,1","06,99,1,06,1,09,1,00800,1,00,1,00,1",,,"999,M,+0220,1",,"29,1",,"SYN011333   10220",
"07742099999","1990-06-17T06:00:00","4","43.4333333","2.4166666","450.0","ST MICHEL DE CUXA, FR","FM-12","99999","V020","999,1,C,0000,1","99999,9,9,N","050000,1,N,9","+0140,1","+0094,1","99999,9","06,0000,9,1",,"4,000",,,,,"05,99,1,02,1,00,1,99999,9,08,1,02,1",,,,,,,,
"07742099999","1990-06-17T12:00:00","4","43.4333333","2.4166666","450.0","ST MICHEL DE CUXA, FR","FM-12","99999","V020","999,1,C,0000,1","03600,1,C,N","050000,1,N,9","+0195,1","+0144,1","99999,9","06,0000,9,1",,"4,000",,,,,"07,99,1,02,1,02,1,01250,1,08,1,00,1",,,,,,,,
"07742099999","1990-06-17T18:00:00","4","43.4333333","2.4166666","450.0","ST MICHEL DE CUXA, FR","FM-12","99999","V020","999,1,C,0000,1","00750,1,C,N","050000,1,N,9","+0180,1","+0155,1","99999,9","99,0200,9,1",,"0,001",,,"9,1,06,1","6,1,06,1","08,99,1,08,1,05,1,00800,1,99,9,99,9",,,"999,M,+0210,1",,"02,1",,"SYN011333   10210",
"07742099999","1990-06-18T06:00:00","4","43.4333333","2.4166666","450.0","ST MICHEL DE CUXA, FR","FM-12","99999","V020","999,1,C,0000,1","00750,1,C,N","050000,1,N,9","+0135,1","+0126,1","99999,9","24,0206,9,1","99,0005,9,1","0,000",,,,,"06,99,1,06,1,05,1,00800,1,00,1,00,1",,,"999,N,+0120,1",,,,"SYN017333   20120 70206",
"07742099999","1990-06-19T06:00:00","4","43.4333333","2.4166666","450.0","ST MICHEL DE CUXA, FR","FM-12","99999","V020","999,1,C,0000,1","22000,1,C,N","050000,1,N,9","+0130,1","+0121,1","99999,9","06,0000,9,1",,"4,000",,,,,"00,99,1,00,1,00,1,99999,9,00,1,00,1",,,"999,N,+0125,1",,,,"SYN011333   20125",
"07742099999","1990-06-19T12:00:00","4","43.4333333","2.4166666","450.0","ST MICHEL DE CUXA, FR","FM-12","99999","V020","999,1,C,0000,1","01200,1,C,N","050000,1,N,9","+0195,1","+0153,1","99999,9","06,0000,9,1",,"4,000",,,,,"07,99,1,07,1,05,1,01250,1,99,9,99,9",,,,,,,,
"07742099999","1990-06-19T18:00:00","4","43.4333333","2.4166666","450.0","ST MICHEL DE CUXA, FR","FM-12","99999","V020","999,1,C,0000,1","00750,1,C,N","050000,1,N,9","+0240,1","+0177,1","99999,9","06,0000,9,1",,"4,001",,,"9,1,06,1","2,1,06,1","07,99,1,07,1,09,1,00800,1,99,9,99,9",,,"999,M,+0250,1",,"02,1",,"SYN011333   10250",
"07742099999","1990-06-20T06:00:00","4","43.4333333","2.4166666","450.0","ST MICHEL DE CUXA, FR","FM-12","99999","V020","999,1,C,0000,1","00750,1,C,N","050000,1,N,9","+0160,1","+0143,1","99999,9","06,0000,9,1",,"4,000",,,,,"07,99,1,07,1,05,1,00800,1,99,9,99,9",,,"999,N,+0155,1",,,,"SYN011333   20155",
"07742099999","1990-06-20T12:00:00","4","43.4333333","2.4166666","450.0","ST MICHEL DE CUXA, FR","FM-12","99999","V020","999,1,C,0000,1","01200,1,C,N","050000,1,N,9","+0190,1","+0148,1","99999,9","06,0000,9,1",,"4,000",,,,,"08,99,1,08,1,05,1,01250,1,99,9,99,9",,,,,,,,
"07742099999","1990-06-20T18:00:00","4","43.4333333","2.4166666","450.0","ST MICHEL DE CUXA, FR","FM-12","99999","V020","999,1,C,0000,1","01200,1,C,N","050000,1,N,9","+0190,1","+0119,1","99999,9","99,0420,9,1",,"0,001",,,"9,1,06,1","8,1,06,1","08,99,1,08,1,05,1,01250,1,99,9,99,9",,,"999,M,+0200,1",,"01,1",,"SYN011333   10200",
"07742099999","1990-06-21T12:00:00","4","43.4333333","2.4166666","450.0","ST MICHEL DE CUXA, FR","FM-12","99999","V020","999,1,C,0000,1","99999,9,9,N","050000,1,N,9","+0200,1","+0130,1","99999,9","06,0000,9,1",,"4,000",,,,,"05,99,1,02,1,00,1,99999,9,08,1,02,1",,,,,,,,
"07742099999","1990-06-21T18:00:00","4","43.4333333","2.4166666","450.0","ST MICHEL DE CUXA, FR","FM-12","99999","V020","999,1,C,0000,1","03600,1,C,N","050000,1,N,9","+0225,1","+0160,1","99999,9","06,0000,9,1",,"4,000",,,,,"05,99,1,03,1,04,1,01750,1,02,1,00,1",,,"999,M,+0270,1",,,,"SYN011333   10270",
"07742099999","1990-06-22T06:00:00","4","43.4333333","2.4166666","450.0","ST MICHEL DE CUXA, FR","FM-12","99999","V020","999,1,C,0000,1","03600,1,C,N","050000,1,N,9","+0138,1","+0123,1","99999,9","06,0000,9,1","24,0000,9,1","4,000",,,,,"05,99,1,05,1,00,1,99999,9,07,1,00,1",,,"999,N,+0130,1",,,,"SYN017333   20130 70000",
"07742099999","1990-06-22T12:00:00","4","43.4333333","2.4166666","450.0","ST MICHEL DE CUXA, FR","FM-12","99999","V020","999,1,C,0000,1","01200,1,C,N","050000,1,N,9","+0195,1","+0134,1","99999,9","06,0000,9,1",,"4,000",,,,,"05,99,1,05,1,08,1,00800,1,00,1,00,1",,,,,,,,
"07742099999","1990-06-22T18:00:00","4","43.4333333","2.4166666","450.0","ST MICHEL DE CUXA, FR","FM-12","99999","V020","999,1,C,0000,1","00750,1,C,N","050000,1,N,9","+0170,1","+0115,1","99999,9","06,0000,9,1",,"4,000",,,,,"08,99,1,08,1,05,1,00800,1,99,9,99,9",,,"999,M,+0200,1",,,,"SYN011333   10200",
"07742099999","1990-06-23T06:00:00","4","43.4333333","2.4166666","450.0","ST MICHEL DE CUXA, FR","FM-12","99999","V020","999,1,C,0000,1","22000,1,C,N","050000,1,N,9","+0110,1","+0100,1","99999,9","06,0000,9,1",,"4,000",,,,,"01,99,1,01,1,00,1,99999,9,03,1,00,1",,,"999,N,+0105,1",,,,"SYN011333   20105",
"07742099999","1990-06-23T12:00:00","4","43.4333333","2.4166666","450.0","ST MICHEL DE CUXA, FR","FM-12","99999","V020","999,1,C,0000,1","22000,1,C,N","050000,1,N,9","+0205,1","+0146,1","99999,9","06,0000,9,1",,"4,000",,,,,"01,99,1,01,1,01,1,00800,1,00,1,00,1",,,,,,,,
"07742099999","1990-06-24T06:00:00","4","43.4333333","2.4166666","450.0","ST MICHEL DE CUXA, FR","FM-12","99999","V020","999,1,C,0000,1","22000,1,C,N","050000,1,N,9","+0155,1","+0137,1","99999,9","06,0000,9,1",,"4,000",,,,,"03,99,1,01,1,00,1,99999,9,08,1,02,1",,,"999,N,+0150,1",,,,"SYN011333   20150",
"07742099999","1990-06-24T12:00:00","4","43.4333333","2.4166666","450.0","ST MICHEL DE CUXA, FR","FM-12","99999","V020","999,1,C,0000,1","22000,1,C,N","050000,1,N,9","+0255,1","+0167,1","99999,9","06,0000,9,1",,"4,000",,,,,"02,99,1,02,1,02,1,00800,1,00,1,00,1",,,,,,,,
"07742099999","1990-06-24T18:00:00","4","43.4333333","2.4166666","450.0","ST MICHEL DE CUXA, FR","FM-12","99999","V020","999,1,C,0000,1","22000,1,C,N","050000,1,N,9","+0275,1","+0191,1","99999,9","06,0000,9,1",,"4,000",,,,,"02,99,1,02,1,01,1,01250,1,00,1,00,1",,,"999,M,+0280,1",,,,"SYN011333   10280",
"07742099999","1990-06-25T06:00:00","4","43.4333333","2.4166666","450.0","ST MICHEL DE CUXA, FR","FM-12","99999","V020","999,1,C,0000,1","22000,1,C,N","020000,1,N,9","+0160,1","+0143,1","99999,9","06,0000,9,1",,"4,000",,,,,"03,99,1,01,1,00,1,99999,9,04,1,02,1",,,"999,N,+0155,1",,,,"SYN011333   20155",
"07742099999","1990-06-25T18:00:00","4","43.4333333","2.4166666","450.0","ST MICHEL DE CUXA, FR","FM-12","99999","V020","999,1,C,0000,1","02100,1,C,N","050000,1,N,9","+0245,1","+0165,1","99999,9","06,0000,9,1",,"4,000",,,,,"07,99,1,07,1,05,1,02250,1,99,9,99,9",,,"999,M,+0295,1",,,,"SYN011333   10295",
"07742099999","1990-06-26T06:00:00","4","43.4333333","2.4166666","450.0","ST MICHEL DE CUXA, FR","FM-12","99999","V020","999,1,C,0000,1","22000,1,C,N","020000,1,N,9","+0165,1","+0155,1","99999,9","06,0000,9,1",,"4,000",,,,,"02,99,1,02,1,00,1,99999,9,04,1,00,1",,,"999,N,+0155,1",,,,"SYN011333   20155",
"07742099999","1990-06-26T12:00:00","4","43.4333333","2.4166666","450.0","ST MICHEL DE CUXA, FR","FM-12","99999","V020","999,1,C,0000,1","02100,1,C,N","050000,1,N,9","+0230,1","+0183,1","99999,9","06,0000,9,1",,"4,000",,,,,"06,99,1,06,1,05,1,02250,1,00,1,00,1",,,,,,,,
"07742099999","1990-06-26T18:00:00","4","43.4333333","2.4166666","450.0","ST MICHEL DE CUXA, FR","FM-12","99999","V020","999,1,C,0000,1","22000,1,C,N","020000,1,N,9","+0230,1","+0183,1","99999,9","99,9999,2,9",,"0,000",,,"6,1,06,1","2,1,06,1","04,99,1,02,1,02,1,01750,1,07,1,00,1",,,"999,M,+0240,1",,"01,1",,"SYN011333   10240",
"07742099999","1990-06-27T06:00:00","4","43.4333333","2.4166666","450.0","ST MICHEL DE CUXA, FR","FM-12","99999","V020","999,1,C,0000,1","22000,1,C,N","999999,9,N,9","+0160,1","+0143,1","99999,9","24,0005,9,1",,"0,000",,,,,"02,99,1,02,1,00,1,99999,9,08,1,00,1",,,"999,N,+0155,1",,,,"SYN017333   20155 70005",
"07742099999","1990-06-27T12:00:00","4","43.4333333","2.4166666","450.0","ST MICHEL DE CUXA, FR","FM-12","99999","V020","999,1,C,0000,1","22000,1,C,N","050000,1,N,9","+0260,1","+0164,1","99999,9","06,0000,9,1",,"4,000",,,,,"01,99,1,01,1,02,1,01250,1,00,1,00,1",,,,,,,,
"07742099999","1990-06-27T18:00:00","4","43.4333333","2.4166666","450.0","ST MICHEL DE CUXA, FR","FM-12","99999","V020","999,1,C,0000,1","00750,1,C,N","050000,1,N,9","+0205,1","+0181,1","99999,9","99,0050,9,1",,"0,001",,,"9,1,06,1","8,1,06,1","08,99,1,08,1,09,1,00800,1,99,9,99,9",,,"999,M,+0280,1",,"29,1",,"SYN011333   10280",
"07742099999","1990-06-28T06:00:00","4","43.4333333","2.4166666","450.0","ST MICHEL DE CUXA, FR","FM-12","99999","V020","999,1,C,0000,1","22000,1,C,N","050000,1,N,9","+0140,1","+0135,1","99999,9","24,0090,9,1","99,0040,9,1","0,000",,,,,"00,99,1,00,1,00,1,99999,9,00,1,00,1",,,"999,N,+0140,1",,,,"SYN017333   20140 70090",
"07742099999","1990-06-28T12:00:00","4","43.4333333","2.4166666","450.0","ST MICHEL DE CUXA, FR","FM-12","99999","V020","999,1,C,0000,1","22000,1,C,N","050000,1,N,9","+0240,1","+0159,1","99999,9","06,0000,9,1",,"4,000",,,,,"02,99,1,02,1,02,1,01250,1,00,1,00,1",,,,,,,,
"07742099999","1990-06-28T18:00:00","4","43.4333333","2.4166666","450.0","ST MICHEL DE CUXA, FR","FM-12","99999","V020","999,1,C,0000,1","00750,1,C,N","050000,1,N,9","+0245,1","+0174,1","99999,9","06,0000,9,1",,"4,001",,,"9,1,06,1","2,1,06,1","08,99,1,08,1,09,1,00800,1,99,9,99,9",,,"999,M,+0270,1",,"01,1",,"SYN011333   10270",
"07742099999","1990-06-29T06:00:00","4","43.4333333","2.4166666","450.0","ST MICHEL DE CUXA, FR","FM-12","99999","V020","999,1,C,0000,1","22000,1,C,N","050000,1,N,9","+0155,1","+0146,1","99999,9","06,0000,9,1",,"4,000",,,,,"02,99,1,02,1,00,1,99999,9,04,1,00,1",,,"999,N,+0155,1",,,,"SYN011333   20155",
"07742099999","1990-06-29T12:00:00","4","43.4333333","2.4166666","450.0","ST MICHEL DE CUXA, FR","FM-12","99999","V020","999,1,C,0000,1","22000,1,C,N","050000,1,N,9","+0255,1","+0176,1","99999,9","06,0000,9,1",,"4,000",,,,,"04,99,1,04,1,00,1,99999,9,08,1,00,1",,,,,,,,
"07742099999","1990-06-29T18:00:00","4","43.4333333","2.4166666","450.0","ST MICHEL DE CUXA, FR","FM-12","99999","V020","999,1,C,0000,1","22000,1,C,N","050000,1,N,9","+0290,1","+0200,1","99999,9","06,0000,9,1",,"4,000",,,,,"02,99,1,02,1,02,1,01250,1,00,1,00,1",,,"999,M,+0295,1",,,,"SYN011333   10295",
"07742099999","1990-06-30T06:00:00","4","43.4333333","2.4166666","450.0","ST MICHEL DE CUXA, FR","FM-12","99999","V020","999,1,C,0000,1","00420,1,C,N","020000,1,N,9","+0175,1","+0165,1","99999,9","06,0000,9,1",,"4,000",,,,,"07,99,1,07,1,05,1,00450,1,99,9,99,9",,,"999,N,+0175,1",,,,"SYN011333   20175",
"07742099999","1990-06-30T12:00:00","4","43.4333333","2.4166666","450.0","ST MICHEL DE CUXA, FR","FM-12","99999","V020","999,1,C,0000,1","22000,1,C,N","050000,1,N,9","+0235,1","+0180,1","99999,9","06,0000,9,1",,"4,000",,,,,"04,99,1,04,1,05,1,00800,1,00,1,00,1",,,,,,,,
"07742099999","1990-06-30T18:00:00","4","43.4333333","2.4166666","450.0","ST MICHEL DE CUXA, FR","FM-12","99999","V020","999,1,C,0000,1","00900,1,C,N","010000,1,N,9","+0230,1","+0183,1","99999,9","06,0000,9,1",,"4,000",,,,,"07,99,1,07,1,08,1,00450,1,99,9,99,9",,,"999,M,+0255,1",,,,"SYN011333   10255",
"07742099999","1990-07-01T06:00:00","4","43.4333333","2.4166666","450.0","ST MICHEL DE CUXA, FR","FM-12","99999","V020","999,1,C,0000,1","22000,1,C,N","050000,1,N,9","+0135,1","+0116,1","99999,9","06,0000,9,1",,"4,000",,,,,"04,99,1,02,1,05,1,00800,1,04,1,00,1",,,"999,N,+0125,1",,,,"SYN011333   20125",
"07742099999","1990-07-01T12:00:00","4","43.4333333","2.4166666","450.0","ST MICHEL DE CUXA, FR","FM-12","99999","V020","999,1,C,0000,1","22000,1,C,N","050000,1,N,9","+0205,1","+0126,1","99999,9","06,0000,9,1",,"4,000",,,,,"02,99,1,02,1,02,1,00800,1,00,1,00,1",,,,,,,,
"07742099999","1990-07-01T18:00:00","4","43.4333333","2.4166666","450.0","ST MICHEL DE CUXA, FR","FM-12","99999","V020","999,1,C,0000,1","22000,1,C,N","050000,1,N,9","+0225,1","+0150,1","99999,9","06,0000,9,1",,"4,000",,,,,"02,99,1,02,1,01,1,00800,1,00,1,00,1",,,"999,M,+0225,1",,,,"SYN011333   10225",
"07742099999","1990-07-02T06:00:00","4","43.4333333","2.4166666","450.0","ST MICHEL DE CUXA, FR","FM-12","99999","V020","999,1,C,0000,1","22000,1,C,N","050000,1,N,9","+0100,1","+0079,1","99999,9","06,0000,9,1",,"4,000",,,,,"01,99,1,01,1,00,1,99999,9,04,1,00,1",,,"999,N,+0095,1",,,,"SYN011333   20095",
"07742099999","1990-07-02T12:00:00","4","43.4333333","2.4166666","450.0","ST MICHEL DE CUXA, FR","FM-12","99999","V020","999,1,C,0000,1","22000,1,C,N","050000,1,N,9","+0200,1","+0110,1","99999,9","06,0000,9,1",,"4,000",,,,,"02,99,1,02,1,00,1,99999,9,08,1,00,1",,,,,,,,
"07742099999","1990-07-02T18:00:00","4","43.4333333","2.4166666","450.0","ST MICHEL DE CUXA, FR","FM-12","99999","V020","999,1,C,0000,1","01200,1,C,N","050000,1,N,9","+0240,1","+0139,1","99999,9","06,0000,9,1",,"4,000",,,,,"06,99,1,06,1,05,1,01250,1,00,1,00,1",,,"999,M,+0260,1",,,,"SYN011333   10260",
"07742099999","1990-07-03T06:00:00","4","43.4333333","2.4166666","450.0","ST MICHEL DE CUXA, FR","FM-12","99999","V020","999,1,C,0000,1","01200,1,C,N","020000,1,N,9","+0150,1","+0141,1","99999,9","24,0014,9,1","99,0010,9,1","0,001",,,"6,1,06,1","2,1,06,1","08,99,1,08,1,05,1,01250,1,99,9,99,9",,,"999,N,+0150,1",,"61,1",,"SYN017333   20150 70014",
"07742099999","1990-07-03T18:00:00","4","43.4333333","2.4166666","450.0","ST MICHEL DE CUXA, FR","FM-12","99999","V020","999,1,C,0000,1","01500,1,C,N","050000,1,N,9","+0170,1","+0152,1","99999,9","99,0020,9,1",,"0,000",,,"6,1,06,1","2,1,06,1","06,99,1,06,1,05,1,01750,1,00,1,00,1",,,"999,M,+0190,1",,"02,1",,"SYN011333   10190",
"07742099999","1990-07-04T06:00:00","4","43.4333333","2.4166666","450.0","ST MICHEL DE CUXA, FR","FM-12","99999","V020","999,1,C,0000,1","22000,1,C,N","050000,1,N,9","+0090,1","+0080,1","99999,9","24,0049,9,1","99,0010,9,1","0,000",,,,,"03,99,1,00,1,00,1,99999,9,00,1,02,1",,,"999,N,+0085,1",,,,"SYN017333   20085 70049",
"07742099999","1990-07-04T12:00:00","4","43.4333333","2.4166666","450.0","ST MICHEL DE CUXA, FR","FM-12","99999","V020","999,1,C,0000,1","22000,1,C,N","050000,1,N,9","+0200,1","+0130,1","99999,9","06,0000,9,1",,"4,000",,,,,"01,99,1,01,1,00,1,99999,9,04,1,00,1",,,,,,,,
"07742099999","1990-07-04T18:00:00","4","43.4333333","2.4166666","450.0","ST MICHEL DE CUXA, FR","FM-12","99999","V020","999,1,C,0000,1","22000,1,C,N","050000,1,N,9","+0255,1","+0105,1","99999,9","06,0000,9,1",,"4,000",,,,,"01,99,1,01,1,00,1,99999,9,04,1,00,1",,,"999,M,+0255,1",,,,"SYN011333   10255",
"07742099999","1990-07-05T18:00:00","4","43.4333333","2.4166666","450.0","ST MICHEL DE CUXA, FR","FM-12","99999","V020","999,1,C,0000,1","01200,1,C,N","050000,1,N,9","+0240,1","+0159,1","99999,9","06,0000,9,1",,"4,000",,,,,"08,99,1,08,1,05,1,01250,1,99,9,99,9",,,"999,M,+0260,1",,,,"SYN011333   10260",
"07742099999","1990-07-06T18:00:00","4","43.4333333","2.4166666","450.0","ST MICHEL DE CUXA, FR","FM-12","99999","V020","300,1,N,0041,1","22000,1,C,N","050000,1,N,9","+0225,1","+0120,1","99999,9","06,0000,9,1",,"4,000",,,,,"01,99,1,01,1,00,1,99999,9,04,1,00,1",,,"999,M,+0235,1",,,,"SYN011333   10235",
"07742099999","1990-07-07T06:00:00","4","43.4333333","2.4166666","450.0","ST MICHEL DE CUXA, FR","FM-12","99999","V020","999,1,C,0000,1","22000,1,C,N","050000,1,N,9","+0100,1","+0064,1","99999,9","06,0000,9,1",,"4,000",,,,,"00,99,1,00,1,00,1,99999,9,00,1,00,1",,,"999,N,+0095,1",,,,"SYN011333   20095",
"07742099999","1990-07-14T12:00:00","4","43.4333333","2.4166666","450.0","ST MICHEL DE CUXA, FR","FM-12","99999","V020","999,1,C,0000,1","22000,1,C,N","050000,1,N,9","+0250,1","+0188,1","99999,9","06,0000,9,1",,"4,000",,,,,"00,99,1,00,1,00,1,99999,9,00,1,00,1",,,,,,,,
"07742099999","1990-07-15T18:00:00","4","43.4333333","2.4166666","450.0","ST MICHEL DE CUXA, FR","FM-12","99999","V020","999,1,C,0000,1","03600,1,C,N","050000,1,N,9","+0260,1","+0182,1","99999,9","06,0000,9,1",,"4,000",,,,,"05,99,1,02,1,02,1,01250,1,04,1,00,1",,,"999,M,+0295,1",,,,"SYN011333   10295",
"07742099999","1990-07-16T06:00:00","4","43.4333333","2.4166666","450.0","ST MICHEL DE CUXA, FR","FM-12","99999","V020","999,1,C,0000,1","22000,1,C,N","050000,1,N,9","+0155,1","+0119,1","99999,9","06,0000,9,1",,"4,000",,,,,"00,99,1,00,1,00,1,99999,9,00,1,00,1",,,"999,N,+0150,1",,,,"SYN011333   20150",
"07742099999","1990-07-16T12:00:00","4","43.4333333","2.4166666","450.0","ST MICHEL DE CUXA, FR","FM-12","99999","V020","999,1,C,0000,1","22000,1,C,N","050000,1,N,9","+0270,1","+0157,1","99999,9","06,0000,9,1",,"4,000",,,,,"01,99,1,01,1,02,1,01250,1,00,1,00,1",,,,,,,,
"07742099999","1990-07-16T18:00:00","4","43.4333333","2.4166666","450.0","ST MICHEL DE CUXA, FR","FM-12","99999","V020","999,1,C,0000,1","22000,1,C,N","050000,1,N,9","+0310,1","+0170,1","99999,9","06,0000,9,1",,"4,000",,,,,"01,99,1,01,1,02,1,00800,1,00,1,00,1",,,"999,M,+0315,1",,,,"SYN011333   10315",
"07742099999","1990-07-17T06:00:00","4","43.4333333","2.4166666","450.0","ST MICHEL DE CUXA, FR","FM-12","99999","V020","999,1,C,0000,1","22000,1,C,N","050000,1,N,9","+0180,1","+0106,1","99999,9","06,0000,9,1",,"4,000",,,,,"00,99,1,00,1,00,1,99999,9,00,1,00,1",,,"999,N,+0170,1",,,,"SYN011333   20170",
"07742099999","1990-07-17T12:00:00","4","43.4333333","2.4166666","450.0","ST MICHEL DE CUXA, FR","FM-12","99999","V020","999,1,C,0000,1","22000,1,C,N","050000,1,N,9","+0285,1","+0166,1","99999,9","06,0000,9,1",,"4,000",,,,,"01,99,1,01,1,00,1,99999,9,08,1,00,1",,,,,,,,
"07742099999","1990-07-17T18:00:00","4","43.4333333","2.4166666","450.0","ST MICHEL DE CUXA, FR","FM-12","99999","V020","999,1,C,0000,1","22000,1,C,N","050000,1,N,9","+0300,1","+0176,1","99999,9","06,0000,9,1",,"4,000",,,,,"02,99,1,02,1,01,1,01250,1,00,1,00,1",,,"999,M,+0305,1",,,,"SYN011333   10305",
"07742099999","1990-07-18T06:00:00","4","43.4333333","2.4166666","450.0","ST MICHEL DE CUXA, FR","FM-12","99999","V020","999,1,C,0000,1","22000,1,C,N","050000,1,N,9","+0160,1","+0134,1","99999,9","06,0000,9,1",,"4,000",,,,,"00,99,1,00,1,00,1,99999,9,00,1,00,1",,,"999,N,+0155,1",,,,"SYN011333   20155",
"07742099999","1990-07-18T12:00:00","4","43.4333333","2.4166666","450.0","ST MICHEL DE CUXA, FR","FM-12","99999","V020","999,1,C,0000,1","22000,1,C,N","050000,1,N,9","+0280,1","+0170,1","99999,9","06,0000,9,1",,"4,000",,,,,"00,99,1,00,1,00,1,99999,9,00,1,00,1",,,,,,,,
"07742099999","1990-07-18T18:00:00","4","43.4333333","2.4166666","450.0","ST MICHEL DE CUXA, FR","FM-12","99999","V020","999,1,C,0000,1","22000,1,C,N","050000,1,N,9","+0315,1","+0166,1","99999,9","06,0000,9,1",,"4,000",,,,,"01,99,1,01,1,00,1,99999,9,08,1,00,1",,,"999,M,+0325,1",,,,"SYN011333   10325",
"07742099999","1990-07-23T18:00:00","4","43.4333333","2.4166666","450.0","ST MICHEL DE CUXA, FR","FM-12","99999","V020","030,1,N,0051,1","01200,1,C,N","020000,1,N,9","+0265,1","+0182,1","99999,9","99,9999,2,9",,"0,001",,,"9,1,06,1","2,1,06,1","07,99,1,05,1,09,1,01250,1,04,1,02,1",,,"999,M,+0310,1",,"95,1",,"SYN011333   10310",
"07742099999","1990-07-24T06:00:00","4","43.4333333","2.4166666","450.0","ST MICHEL DE CUXA, FR","FM-12","99999","V020","999,1,C,0000,1","22000,1,C,N","050000,1,N,9","+0200,1","+0159,1","99999,9","24,0090,9,1",,"0,000",,,,,"03,99,1,03,1,00,1,01250,1,08,1,00,1",,,"999,N,+0195,1",,,,"SYN017333   20195 70090",
"07742099999","1990-07-24T12:00:00","4","43.4333333","2.4166666","450.0","ST MICHEL DE CUXA, FR","FM-12","99999","V020","999,1,C,0000,1","01200,1,C,N","050000,1,N,9","+0285,1","+0185,1","99999,9","06,0000,9,1",,"4,000",,,,,"05,99,1,05,1,02,1,01250,1,00,1,00,1",,,,,,,,
"07742099999","1990-07-24T18:00:00","4","43.4333333","2.4166666","450.0","ST MICHEL DE CUXA, FR","FM-12","99999","V020","999,1,C,0000,1","01200,1,C,N","050000,1,N,9","+0220,1","+0180,1","99999,9","99,0120,9,1",,"0,001",,,"9,1,06,1","8,1,06,1","07,99,1,07,1,09,1,01250,1,99,9,99,9",,,"999,M,+0295,1",,"29,1",,"SYN011333   10295",
"07742099999","1990-07-25T06:00:00","4","43.4333333","2.4166666","450.0","ST MICHEL DE CUXA, FR","FM-12","99999","V020","999,1,C,0000,1","22000,1,C,N","020000,1,N,9","+0205,1","+0136,1","99999,9","06,0000,9,1",,"4,000",,,,,"03,99,1,00,1,00,1,99999,9,00,1,01,1",,,"999,N,+0190,1",,,,"SYN011333   20190",
"07742099999","1990-07-25T18:00:00","4","43.4333333","2.4166666","450.0","ST MICHEL DE CUXA, FR","FM-12","99999","V020","999,1,C,0000,1","01200,1,C,N","020000,1,N,9","+0210,1","+0194,1","99999,9","99,0040,9,1",,"0,001",,,"9,1,06,1","6,1,06,1","08,99,1,05,1,09,1,01250,1,06,1,03,1",,,"999,M,+0305,1",,"29,1",,"SYN011333   10305",
"07742099999","1990-07-26T06:00:00","4","43.4333333","2.4166666","450.0","ST MICHEL DE CUXA, FR","FM-12","99999","V020","999,1,C,0000,1","22000,1,C,N","020000,1,N,9","+0165,1","+0120,1","99999,9","99,0010,9,1",,"0,000",,,,,"01,99,1,01,1,00,1,99999,9,04,1,00,1",,,"999,N,+0155,1",,,,"SYN011333   20155",
"07742099999","1990-07-26T12:00:00","4","43.4333333","2.4166666","450.0","ST MICHEL DE CUXA, FR","FM-12","99999","V020","999,1,C,0000,1","22000,1,C,N","020000,1,N,9","+0260,1","+0182,1","99999,9","06,0000,9,1",,"4,000",,,,,"01,99,1,00,1,00,1,99999,9,00,1,01,1",,,,,,,,
"07742099999","1990-07-26T18:00:00","4","43.4333333","2.4166666","450.0","ST MICHEL DE CUXA, FR","FM-12","99999","V020","999,1,C,0000,1","00750,1,C,N","020000,1,N,9","+0210,1","+0200,1","99999,9","99,0070,9,1",,"0,001",,,"9,1,06,1","6,1,06,1","08,99,1,05,1,09,1,00800,1,06,1,03,1",,,"999,M,+0275,1",,"95,1",,"SYN011333   10275",
"07742099999","1990-07-27T06:00:00","4","43.4333333","2.4166666","450.0","ST MICHEL DE CUXA, FR","FM-12","99999","V020","999,1,C,0000,1","22000,1,C,N","050000,1,N,9","+0160,1","+0143,1","99999,9","06,0000,9,1",,"4,000",,,,,"03,99,1,01,1,00,1,99999,9,08,1,02,1",,,"999,N,+0155,1",,,,"SYN011333   20155",
"07742099999","1990-07-27T12:00:00","4","43.4333333","2.4166666","450.0","ST MICHEL DE CUXA, FR","FM-12","99999","V020","999,1,C,0000,1","22000,1,C,N","050000,1,N,9","+0250,1","+0197,1","99999,9","06,0000,9,1",,"4,000",,,,,"03,99,1,03,1,02,1,00800,1,00,1,00,1",,,,,,,,
"07742099999","1990-07-27T18:00:00","4","43.4333333","2.4166666","450.0","ST MICHEL DE CUXA, FR","FM-12","99999","V020","999,1,C,0000,1","01500,1,C,N","050000,1,N,9","+0250,1","+0189,1","99999,9","06,0000,9,1",,"4,000",,,,,"06,99,1,06,1,05,1,01750,1,00,1,00,1",,,"999,M,+0270,1",,,,"SYN011333   10270",
"07742099999","1990-07-28T12:00:00","4","43.4333333","2.4166666","450.0","ST MICHEL DE CUXA, FR","FM-12","99999","V020","999,1,C,0000,1","00750,1,C,N","050000,1,N,9","+0235,1","+0197,1","99999,9","06,0000,9,1",,"4,000",,,,,"06,99,1,06,1,06,1,00800,1,00,1,00,1",,,,,,,,
"07742099999","1990-07-28T18:00:00","4","43.4333333","2.4166666","450.0","ST MICHEL DE CUXA, FR","FM-12","99999","V020","999,1,C,0000,1","00420,1,C,N","050000,1,N,9","+0205,1","+0189,1","99999,9","99,0040,9,1",,"0,001",,,"9,1,06,1","8,1,06,1","07,99,1,07,1,05,1,00450,1,99,9,99,9",,,"999,M,+0255,1",,"02,1",,"SYN011333   10255",
"07742099999","1990-07-29T06:00:00","4","43.4333333","2.4166666","450.0","ST MICHEL DE CUXA, FR","FM-12","99999","V020","999,1,C,0000,1","03600,1,C,N","050000,1,N,9","+0152,1","+0149,1","99999,9","24,0260,9,1","99,0220,9,1","0,000",,,,,"05,99,1,03,1,05,1,00800,1,07,1,00,1",,,"999,N,+0150,1",,,,"SYN017333   20150 70260",
"07742099999","1990-07-29T12:00:00","4","43.4333333","2.4166666","450.0","ST MICHEL DE CUXA, FR","FM-12","99999","V020","999,1,C,0000,1","00750,1,C,N","050000,1,N,9","+0230,1","+0147,1","99999,9","06,0000,9,1",,"4,000",,,,,"06,99,1,06,1,05,1,00800,1,00,1,00,1",,,,,,,,
"07742099999","1990-07-29T18:00:00","4","43.4333333","2.4166666","450.0","ST MICHEL DE CUXA, FR","FM-12","99999","V020","999,1,C,0000,1","03600,1,C,N","050000,1,N,9","+0220,1","+0154,1","99999,9","06,0000,9,1",,"4,000",,,,,"05,99,1,02,1,05,1,00800,1,08,1,00,1",,,"999,M,+0255,1",,,,"SYN011333   10255",
"07742099999","1990-07-30T06:00:00","4","43.4333333","2.4166666","450.0","ST MICHEL DE CUXA, FR","FM-12","99999","V020","999,1,C,0000,1","22000,1,C,N","050000,1,N,9","+0150,1","+0123,1","99999,9","06,0000,9,1",,"4,000",,,,,"00,99,1,00,1,00,1,99999,9,00,1,00,1",,,"999,N,+0140,1",,,,"SYN011333   20140",
"07742099999","1990-07-30T12:00:00","4","43.4333333","2.4166666","450.0","ST MICHEL DE CUXA, FR","FM-12","99999","V020","999,1,C,0000,1","22000,1,C,N","050000,1,N,9","+0255,1","+0148,1","99999,9","06,0000,9,1",,"4,000",,,,,"01,99,1,01,1,00,1,99999,9,04,1,00,1",,,,,,,,
"07742099999","1990-07-30T18:00:00","4","43.4333333","2.4166666","450.0","ST MICHEL DE CUXA, FR","FM-12","99999","V020","999,1,C,0000,1","22000,1,C,N","050000,1,N,9","+0280,1","+0205,1","99999,9","06,0000,9,1",,"4,000",,,,,"03,99,1,03,1,00,1,99999,9,04,1,00,1",,,"999,M,+0290,1",,,,"SYN011333   10290",
"07742099999","1990-07-31T06:00:00","4","43.4333333","2.4166666","450.0","ST MICHEL DE CUXA, FR","FM-12","99999","V020","999,1,C,0000,1","22000,1,C,N","050000,1,N,9","+0175,1","+0121,1","99999,9","06,0000,9,1",,"4,000",,,,,"01,99,1,01,1,00,1,99999,9,08,1,00,1",,,"999,N,+0160,1",,,,"SYN011333   20160",
"07742099999","1990-07-31T18:00:00","4","43.4333333","2.4166666","450.0","ST MICHEL DE CUXA, FR","FM-12","99999","V020","999,1,C,0000,1","22000,1,C,N","050000,1,N,9","+0300,1","+0176,1","99999,9","06,0000,9,1",,"4,000",,,,,"02,99,1,01,1,02,1,01750,1,08,1,00,1",,,"999,M,+0310,1",,,,"SYN011333   10310",
"07742099999","1990-08-01T06:00:00","4","43.4333333","2.4166666","450.0","ST MICHEL DE CUXA, FR","FM-12","99999","V020","999,1,C,0000,1","22000,1,C,N","050000,1,N,9","+0200,1","+0130,1","99999,9","06,0000,9,1","24,0000,9,1","4,000",,,,,"01,99,1,01,1,00,1,99999,9,08,1,00,1",,,"999,N,+0170,1",,,,"SYN017333   20170 70000",
"07742099999","1990-08-01T18:00:00","4","43.4333333","2.4166666","450.0","ST MICHEL DE CUXA, FR","FM-12","99999","V020","999,1,C,0000,1","22000,1,C,N","050000,1,N,9","+0310,1","+0179,1","99999,9","06,0000,9,1",,"4,000",,,,,"01,99,1,01,1,02,1,00800,1,08,1,00,1",,,"999,M,+0320,1",,,,"SYN011333   10320",
"07742099999","1990-08-02T06:00:00","4","43.4333333","2.4166666","450.0","ST MICHEL DE CUXA, FR","FM-12","99999","V020","999,1,C,0000,1","22000,1,C,N","050000,1,N,9","+0170,1","+0135,1","99999,9","06,0000,9,1",,"4,000",,,,,"01,99,1,01,1,00,1,99999,9,04,1,00,1",,,"999,N,+0170,1",,,,"SYN011333   20170",
"07742099999","1990-08-02T12:00:00","4","43.4333333","2.4166666","450.0","ST MICHEL DE CUXA, FR","FM-12","99999","V020","999,1,C,0000,1","22000,1,C,N","050000,1,N,9","+0255,1","+0185,1","99999,9","06,0000,9,1",,"4,000",,,,,"01,99,1,01,1,00,1,99999,9,04,1,00,1",,,,,,,,
"07742099999","1990-08-02T18:00:00","4","43.4333333","2.4166666","450.0","ST MICHEL DE CUXA, FR","FM-12","99999","V020","999,1,C,0000,1","22000,1,C,N","050000,1,N,9","+0265,1","+0179,1","99999,9","06,0000,9,1",,"4,000",,,,,"03,99,1,03,1,02,1,01250,1,00,1,00,1",,,"999,M,+0275,1",,,,"SYN011333   10275",
"07742099999","1990-08-03T06:00:00","4","43.4333333","2.4166666","450.0","ST MICHEL DE CUXA, FR","FM-12","99999","V020","999,1,C,0000,1","22000,1,C,N","050000,1,N,9","+0165,1","+0130,1","99999,9","06,0000,9,1",,"4,000",,,,,"00,99,1,00,1,00,1,99999,9,00,1,00,1",,,"999,N,+0165,1",,,,"SYN011333   20165",
"07742099999","1990-08-03T12:00:00","4","43.4333333","2.4166666","450.0","ST MICHEL DE CUXA, FR","FM-12","99999","V020","999,1,C,0000,1","22000,1,C,N","050000,1,N,9","+0280,1","+0170,1","99999,9","06,0000,9,1",,"4,000",,,,,"01,99,1,01,1,00,1,99999,9,04,1,00,1",,,,,,,,
"07742099999","1990-08-03T18:00:00","4","43.4333333","2.4166666","450.0","ST MICHEL DE CUXA, FR","FM-12","99999","V020","999,1,C,0000,1","22000,1,C,N","050000,1,N,9","+0310,1","+0170,1","99999,9","06,0000,9,1",,"4,000",,,,,"03,99,1,03,1,02,1,01250,1,00,1,00,1",,,"999,M,+0320,1",,,,"SYN011333   10320",
"07742099999","1990-08-04T06:00:00","4","43.4333333","2.4166666","450.0","ST MICHEL DE CUXA, FR","FM-12","99999","V020","999,1,C,0000,1","22000,1,C,N","050000,1,N,9","+0210,1","+0122,1","99999,9","06,0000,9,1",,"4,000",,,,,"01,99,1,01,1,00,1,99999,9,04,1,00,1",,,"999,N,+0200,1",,,,"SYN011333   20200",
"07742099999","1990-08-04T12:00:00","4","43.4333333","2.4166666","450.0","ST MICHEL DE CUXA, FR","FM-12","99999","V020","999,1,C,0000,1","01200,1,C,N","050000,1,N,9","+0325,1","+0216,1","99999,9","06,0000,9,1",,"4,000",,,,,"05,99,1,05,1,02,1,01250,1,00,1,00,1",,,,,,,,
"07742099999","1990-08-04T18:00:00","4","43.4333333","2.4166666","450.0","ST MICHEL DE CUXA, FR","FM-12","99999","V020","999,1,C,0000,1","00750,1,C,N","050000,1,N,9","+0310,1","+0189,1","99999,9","06,0000,9,1",,"4,001",,,"9,1,06,1","2,1,06,1","05,99,1,05,1,04,1,00800,1,00,1,00,1",,,"999,M,+0335,1",,"02,1",,"SYN011333   10335",
"07742099999","1990-08-05T06:00:00","4","43.4333333","2.4166666","450.0","ST MICHEL DE CUXA, FR","FM-12","99999","V020","999,1,C,0000,1","22000,1,C,N","050000,1,N,9","+0260,1","+0199,1","99999,9","06,0000,9,1","24,0000,9,1","4,000",,,,,"02,99,1,02,1,00,1,99999,9,08,1,00,1",,,"999,N,+0230,1",,,,"SYN017333   20230 70000",
"07742099999","1990-08-05T12:00:00","4","43.4333333","2.4166666","450.0","ST MICHEL DE CUXA, FR","FM-12","99999","V020","999,1,C,0000,1","22000,1,C,N","050000,1,N,9","+0325,1","+0170,1","99999,9","06,0000,9,1",,"4,000",,,,,"03,99,1,03,1,01,1,00800,1,00,1,00,1",,,,,,,,
"07742099999","1990-08-05T18:00:00","4","43.4333333","2.4166666","450.0","ST MICHEL DE CUXA, FR","FM-12","99999","V020","999,1,C,0000,1","00750,1,C,N","050000,1,N,9","+0315,1","+0195,1","99999,9","99,9999,2,9",,"0,001",,,"9,1,06,1","8,1,06,1","05,99,1,05,1,05,1,00800,1,00,1,00,1",,,"999,M,+0335,1",,"01,1",,"SYN011333   10335",
"07742099999","1990-08-06T06:00:00","4","43.4333333","2.4166666","450.0","ST MICHEL DE CUXA, FR","FM-12","99999","V020","999,1,C,0000,1","22000,1,C,N","050000,1,N,9","+0190,1","+0157,1","99999,9","06,0000,9,1","24,9999,2,9","4,000",,,,,"01,99,1,01,1,00,1,99999,9,08,1,00,1",,,"999,N,+0185,1",,,,"SYN017333   20185 79999",
"07742099999","1990-08-06T12:00:00","4","43.4333333","2.4166666","450.0","ST MICHEL DE CUXA, FR","FM-12","99999","V020","999,1,C,0000,1","22000,1,C,N","050000,1,N,9","+0250,1","+0170,1","99999,9","06,0000,9,1",,"4,000",,,,,"04,99,1,04,1,01,1,00800,1,02,1,00,1",,,,,,,,
"07742099999","1990-08-06T18:00:00","4","43.4333333","2.4166666","450.0","ST MICHEL DE CUXA, FR","FM-12","99999","V020","999,1,C,0000,1","22000,1,C,N","050000,1,N,9","+0240,1","+0168,1","99999,9","99,9999,2,9",,"0,001",,,"9,1,06,1","8,1,06,1","04,99,1,04,1,00,1,02250,1,06,1,00,1",,,"999,M,+0285,1",,"02,1",,"SYN011333   10285",
"07742099999","1990-08-07T06:00:00","4","43.4333333","2.4166666","450.0","ST MICHEL DE CUXA, FR","FM-12","99999","V020","999,1,C,0000,1","01200,1,C,N","050000,1,N,9","+0195,1","+0114,1","99999,9","06,0000,9,1","24,9999,2,9","4,000",,,,,"06,99,1,06,1,05,1,01250,1,00,1,00,1",,,"999,N,+0185,1",,,,"SYN017333   20185 79999",
"07742099999","1990-08-07T12:00:00","4","43.4333333","2.4166666","450.0","ST MICHEL DE CUXA, FR","FM-12","99999","V020","999,1,C,0000,1","22000,1,C,N","050000,1,N,9","+0220,1","+0090,1","99999,9","06,0000,9,1",,"4,000",,,,,"04,99,1,02,1,05,1,01250,1,04,1,00,1",,,,,,,,
"07742099999","1990-08-07T18:00:00","4","43.4333333","2.4166666","450.0","ST MICHEL DE CUXA, FR","FM-12","99999","V020","999,1,C,0000,1","22000,1,C,N","050000,1,N,9","+0240,1","+0129,1","99999,9","06,0000,9,1",,"4,000",,,,,"04,99,1,02,1,01,1,00800,1,04,1,00,1",,,"999,M,+0255,1",,,,"SYN011333   10255",
"07742099999","1990-08-08T06:00:00","4","43.4333333","2.4166666","450.0","ST MICHEL DE CUXA, FR","FM-12","99999","V020","999,1,C,0000,1","22000,1,C,N","050000,1,N,9","+0110,1","+0056,1","99999,9","06,0000,9,1",,"4,000",,,,,"00,99,1,00,1,00,1,99999,9,00,1,00,1",,,"999,N,+0100,1",,,,"SYN011333   20100",
"07742099999","1990-08-08T12:00:00","4","43.4333333","2.4166666","450.0","ST MICHEL DE CUXA, FR","FM-12","99999","V020","999,1,C,0000,1","22000,1,C,N","050000,1,N,9","+0230,1","+0104,1","99999,9","06,0000,9,1",,"4,000",,,,,"00,99,1,00,1,00,1,99999,9,00,1,00,1",,,,,,,,
"07742099999","1990-08-08T18:00:00","4","43.4333333","2.4166666","450.0","ST MICHEL DE CUXA, FR","FM-12","99999","V020","280,1,N,0026,1","22000,1,C,N","050000,1,N,9","+0240,1","+0107,1","99999,9","06,0000,9,1",,"4,000",,,,,"00,99,1,00,1,00,1,99999,9,00,1,00,1",,,"999,M,+0255,1",,,,"SYN011333   10255",
"07742099999","1990-08-09T18:00:00","4","43.4333333","2.4166666","450.0","ST MICHEL DE CUXA, FR","FM-12","99999","V020","999,1,C,0000,1","22000,1,C,N","050000,1,N,9","+0270,1","+0137,1","99999,9","06,0000,9,1",,"4,000",,,,,"01,99,1,01,1,00,1,99999,9,03,1,00,1",,,"999,M,+0280,1",,,,"SYN011333   10280",
"07742099999","1990-08-10T06:00:00","4","43.4333333","2.4166666","450.0","ST MICHEL DE CUXA, FR","FM-12","99999","V020","999,1,C,0000,1","22000,1,C,N","050000,1,N,9","+0150,1","+0123,1","99999,9","06,0000,9,1",,"4,000",,,,,"00,99,1,00,1,00,1,99999,9,00,1,00,1",,,"999,N,+0140,1",,,,"SYN011333   20140",
"07742099999","1990-08-10T12:00:00","4","43.4333333","2.4166666","450.0","ST MICHEL DE CUXA, FR","FM-12","99999","V020","999,1,C,0000,1","22000,1,C,N","050000,1,N,9","+0245,1","+0135,1","99999,9","06,0000,9,1",,"4,000",,,,,"01,99,1,99,9,99,9,02250,1,99,9,99,9",,,,,,,,
"07742099999","1990-08-10T18:00:00","4","43.4333333","2.4166666","450.0","ST MICHEL DE CUXA, FR","FM-12","99999","V020","999,1,C,0000,1","22000,1,C,N","050000,1,N,9","+0265,1","+0130,1","99999,9","06,0000,9,1",,"4,000",,,,,"03,99,1,03,1,05,1,02250,1,00,1,00,1",,,"999,M,+0270,1",,,,"SYN011333   10270",
"07742099999","1990-08-11T06:00:00","4","43.4333333","2.4166666","450.0","ST MICHEL DE CUXA, FR","FM-12","99999","V020","999,1,C,0000,1","22000,1,C,N","050000,1,N,9","+0145,1","+0117,1","99999,9","06,0000,9,1",,"4,000",,,,,"01,99,1,01,1,00,1,99999,9,04,1,00,1",,,"999,N,+0140,1",,,,"SYN011333   20140",
"07742099999","1990-08-11T12:00:00","4","43.4333333","2.4166666","450.0","ST MICHEL DE CUXA, FR","FM-12","99999","V020","999,1,C,0000,1","22000,1,C,N","050000,1,N,9","+0230,1","+0174,1","99999,9","06,0000,9,1",,"4,000",,,,,"01,99,1,01,1,00,1,99999,9,04,1,00,1",,,,,,,,
"07742099999","1990-08-11T18:00:00","4","43.4333333","2.4166666","450.0","ST MICHEL DE CUXA, FR","FM-12","99999","V020","999,1,C,0000,1","01200,1,C,N","050000,1,N,9","+0245,1","+0165,1","99999,9","06,0000,9,1",,"4,000",,,,,"07,99,1,07,1,05,1,01250,1,99,9,99,9",,,"999,M,+0275,1",,,,"SYN011333   10275",
"07742099999","1990-08-12T06:00:00","4","43.4333333","2.4166666","450.0","ST MICHEL DE CUXA, FR","FM-12","99999","V020","999,1,C,0000,1","00750,1,C,N","020000,1,N,9","+0180,1","+0163,1","99999,9","06,0000,9,1","24,0000,9,1","4,000",,,,,"07,99,1,07,1,05,1,00800,1,99,9,99,9",,,"999,N,+0170,1",,,,"SYN017333   20170 70000",
"07742099999","1990-08-12T12:00:00","4","43.4333333","2.4166666","450.0","ST MICHEL DE CUXA, FR","FM-12","99999","V020","999,1,C,0000,1","00750,1,C,N","050000,1,N,9","+0235,1","+0197,1","99999,9","06,0000,9,1",,"4,000",,,,,"06,99,1,06,1,01,1,00800,1,00,1,00,1",,,,,,,,
"07742099999","1990-08-12T18:00:00","4","43.4333333","2.4166666","450.0","ST MICHEL DE CUXA, FR","FM-12","99999","V020","999,1,C,0000,1","00750,1,C,N","020000,1,N,9","+0245,1","+0207,1","99999,9","06,0000,9,1",,"4,001",,,"9,1,06,1","2,1,06,1","07,99,1,07,1,05,1,00800,1,99,9,99,9",,,"999,M,+0260,1",,"02,1",,"SYN011333   10260",
"07742099999","1990-08-13T06:00:00","4","43.4333333","2.4166666","450.0","ST MICHEL DE CUXA, FR","FM-12","99999","V020","999,1,C,0000,1","00750,1,C,N","020000,1,N,9","+0190,1","+0182,1","99999,9","06,0000,9,1",,"4,000",,,,,"08,99,1,08,1,05,1,00800,1,99,9,99,9",,,"999,N,+0190,1",,,,"SYN011333   20190",
"07742099999","1990-08-13T12:00:00","4","43.4333333","2.4166666","450.0","ST MICHEL DE CUXA, FR","FM-12","99999","V020","999,1,C,0000,1","22000,1,C,N","050000,1,N,9","+0245,1","+0191,1","99999,9","06,0000,9,1",,"4,000",,,,,"04,99,1,02,1,01,1,00800,1,02,1,00,1",,,,,,,,
"07742099999","1990-08-14T06:00:00","4","43.4333333","2.4166666","450.0","ST MICHEL DE CUXA, FR","FM-12","99999","V020","999,1,C,0000,1","22000,1,C,N","050000,1,N,9","+0170,1","+0135,1","99999,9","99,0040,9,1",,"0,001",,,"9,1,06,1","8,1,06,1","03,99,1,03,1,00,1,99999,9,08,1,00,1",,,"999,N,+0165,1",,"02,1",,"SYN011333   20165",
"07742099999","1990-08-14T12:00:00","4","43.4333333","2.4166666","450.0","ST MICHEL DE CUXA, FR","FM-12","99999","V020","999,1,C,0000,1","22000,1,C,N","050000,1,N,9","+0210,1","+0178,1","99999,9","06,0000,9,1",,"4,000",,,,,"04,99,1,04,1,00,1,99999,9,08,1,00,1",,,,,,,,
"07742099999","1990-08-14T18:00:00","4","43.4333333","2.4166666","450.0","ST MICHEL DE CUXA, FR","FM-12","99999","V020","999,1,C,0000,1","00750,1,C,N","050000,1,N,9","+0230,1","+0183,1","99999,9","99,0010,9,1",,"0,001",,,"9,1,06,1","8,1,06,1","06,99,1,06,1,09,1,00800,1,03,1,02,1",,,"999,M,+0260,1",,"29,1",,"SYN011333   10260",
"07742099999","1990-08-15T06:00:00","4","43.4333333","2.4166666","450.0","ST MICHEL DE CUXA, FR","FM-12","99999","V020","999,1,C,0000,1","22000,1,C,N","050000,1,N,9","+0150,1","+0141,1","99999,9","24,0013,9,1",,"0,000",,,,,"03,99,1,03,1,00,1,99999,9,03,1,00,1",,,"999,N,+0150,1",,,,"SYN017333   20150 70013",
"07742099999","1990-08-15T12:00:00","4","43.4333333","2.4166666","450.0","ST MICHEL DE CUXA, FR","FM-12","99999","V020","999,1,C,0000,1","22000,1,C,N","050000,1,N,9","+0230,1","+0165,1","99999,9","06,0000,9,1",,"4,000",,,,,"03,99,1,03,1,01,1,00800,1,00,1,00,1",,,,,,,,
"07742099999","1990-08-15T18:00:00","4","43.4333333","2.4166666","450.0","ST MICHEL DE CUXA, FR","FM-12","99999","V020","999,1,C,0000,1","22000,1,C,N","050000,1,N,9","+0260,1","+0164,1","99999,9","06,0000,9,1",,"4,000",,,,,"03,99,1,02,1,01,1,00800,1,08,1,00,1",,,"999,M,+0265,1",,,,"SYN011333   10265",
"07742099999","1990-08-16T12:00:00","4","43.4333333","2.4166666","450.0","ST MICHEL DE CUXA, FR","FM-12","99999","V020","999,1,C,0000,1","22000,1,C,N","050000,1,N,9","+0240,1","+0110,1","99999,9","06,0000,9,1",,"4,000",,,,,"01,99,1,01,1,00,1,02250,1,04,1,00,1",,,,,,,,
"07742099999","1990-08-16T18:00:00","4","43.4333333","2.4166666","450.0","ST MICHEL DE CUXA, FR","FM-12","99999","V020","999,1,C,0000,1","22000,1,C,N","050000,1,N,9","+0255,1","+0110,1","99999,9","06,0000,9,1",,"4,000",,,,,"04,99,1,04,1,00,1,99999,9,04,1,00,1",,,"999,M,+0270,1",,,,"SYN011333   10270",
"07742099999","1990-08-17T06:00:00","4","43.4333333","2.4166666","450.0","ST MICHEL DE CUXA, FR","FM-12","99999","V020","999,1,C,0000,1","03600,1,C,N","050000,1,N,9","+0175,1","+0111,1","99999,9","06,0000,9,1",,"4,000",,,,,"06,99,1,04,1,08,1,00800,1,04,1,00,1",,,"999,N,+0175,1",,,,"SYN011333   20175",
"07742099999","1990-08-17T12:00:00","4","43.4333333","2.4166666","450.0","ST MICHEL DE CUXA, FR","FM-12","99999","V020","999,1,C,0000,1","22000,1,C,N","050000,1,N,9","+0215,1","+0118,1","99999,9","06,0000,9,1",,"4,000",,,,,"03,99,1,03,1,08,1,00800,1,04,1,00,1",,,,,,,,
"07742099999","1990-08-18T06:00:00","4","43.4333333","2.4166666","450.0","ST MICHEL DE CUXA, FR","FM-12","99999","V020","999,1,C,0000,1","22000,1,C,N","050000,1,N,9","+0110,1","+0090,1","99999,9","06,0000,9,1",,"4,000",,,,,"00,99,1,00,1,00,1,99999,9,00,1,00,1",,,"999,N,+0110,1",,,,"SYN011333   20110",
"07742099999","1990-08-19T06:00:00","4","43.4333333","2.4166666","450.0","ST MICHEL DE CUXA, FR","FM-12","99999","V020","999,1,C,0000,1","22000,1,C,N","050000,1,N,9","+0130,1","+0091,1","99999,9","06,0000,9,1",,"4,000",,,,,"00,99,1,00,1,00,1,99999,9,00,1,00,1",,,"999,N,+0130,1",,,,"SYN011333   20130",
"07742099999","1990-08-19T18:00:00","4","43.4333333","2.4166666","450.0","ST MICHEL DE CUXA, FR","FM-12","99999","V020","999,1,C,0000,1","22000,1,C,N","050000,1,N,9","+0265,1","+0161,1","99999,9","06,0000,9,1",,"4,000",,,,,"00,99,1,00,1,00,1,99999,9,00,1,00,1",,,"999,M,+0270,1",,,,"SYN011333   10270",
"07742099999","1990-08-20T06:00:00","4","43.4333333","2.4166666","450.0","ST MICHEL DE CUXA, FR","FM-12","99999","V020","999,1,C,0000,1","22000,1,C,N","050000,1,N,9","+0200,1","+0130,1","99999,9","06,0000,9,1","24,0000,9,1","4,000",,,,,"03,99,1,03,1,00,1,99999,9,03,1,00,1",,,"999,N,+0185,1",,,,"SYN017333   20185 70000",
"07742099999","1990-08-20T12:00:00","4","43.4333333","2.4166666","450.0","ST MICHEL DE CUXA, FR","FM-12","99999","V020","999,1,C,0000,1","22000,1,C,N","050000,1,N,9","+0270,1","+0176,1","99999,9","06,0000,9,1",,"4,000",,,,,"02,99,1,01,1,00,1,02250,1,08,1,02,1",,,,,,,,
"07742099999","1990-08-20T18:00:00","4","43.4333333","2.4166666","450.0","ST MICHEL DE CUXA, FR","FM-12","99999","V020","999,1,C,0000,1","09000,1,C,N","050000,1,N,9","+0260,1","+0164,1","99999,9","06,0000,9,1",,"4,001",,,"9,1,06,1","1,1,06,1","06,99,1,00,1,00,1,99999,9,00,1,03,1",,,"999,M,+0320,1",,"02,1",,"SYN011333   10320",
"07742099999","1990-08-21T06:00:00","4","43.4333333","2.4166666","450.0","ST MICHEL DE CUXA, FR","FM-12","99999","V020","999,1,C,0000,1","22000,1,C,N","020000,1,N,9","+0170,1","+0144,1","99999,9","99,0005,9,1",,"0,000",,,,,"02,99,1,02,1,00,1,99999,9,04,1,00,1",,,"999,N,+0170,1",,,,"SYN011333   20170",
"07742099999","1990-08-21T12:00:00","4","43.4333333","2.4166666","450.0","ST MICHEL DE CUXA, FR","FM-12","99999","V020","999,1,C,0000,1","22000,1,C,N","050000,1,N,9","+0280,1","+0170,1","99999,9","06,0000,9,1",,"4,000",,,,,"01,99,1,01,1,02,1,01250,1,00,1,00,1",,,,,,,,
"07742099999","1990-08-21T18:00:00","4","43.4333333","2.4166666","450.0","ST MICHEL DE CUXA, FR","FM-12","99999","V020","999,1,C,0000,1","09000,1,C,N","050000,1,N,9","+0260,1","+0164,1","99999,9","06,0000,9,1",,"4,000",,,"2,1,06,1","2,1,06,1","06,99,1,02,1,03,1,01250,1,06,1,03,1",,,"999,M,+0295,1",,"17,1",,"SYN011333   10295",
"07742099999","1990-08-22T06:00:00","4","43.4333333","2.4166666","450.0","ST MICHEL DE CUXA, FR","FM-12","99999","V020","999,1,C,0000,1","22000,1,C,N","050000,1,N,9","+0150,1","+0081,1","99999,9","06,0000,9,1",,"4,000",,,,,"00,99,1,00,1,00,1,99999,9,00,1,00,1",,,"999,N,+0135,1",,,,"SYN011333   20135",
"07742099999","1990-08-24T06:00:00","4","43.4333333","2.4166666","450.0","ST MICHEL DE CUXA, FR","FM-12","99999","V020","999,1,C,0000,1","22000,1,C,N","050000,1,N,9","+0155,1","+0146,1","99999,9","06,0000,9,1","24,0000,9,1","4,000",,,,,"01,99,1,01,1,06,1,00450,1,00,1,00,1",,,"999,N,+0145,1",,,,"SYN017333   20145 70000",
"07742099999","1990-08-24T12:00:00","4","43.4333333","2.4166666","450.0","ST MICHEL DE CUXA, FR","FM-12","99999","V020","999,1,C,0000,1","22000,1,C,N","050000,1,N,9","+0240,1","+0177,1","99999,9","06,0000,9,1",,"4,000",,,,,"01,99,1,01,1,01,1,00800,1,00,1,00,1",,,,,,,,
"07742099999","1990-08-24T18:00:00","4","43.4333333","2.4166666","450.0","ST MICHEL DE CUXA, FR","FM-12","99999","V020","999,1,C,0000,1","00420,1,C,N","050000,1,N,9","+0250,1","+0188,1","99999,9","06,0000,9,1",,"4,001",,,"9,1,06,1","1,1,06,1","08,99,1,08,1,09,1,00450,1,99,9,99,9",,,"999,M,+0250,1",,"17,1",,"SYN011333   10250",
"07742099999","1990-08-25T06:00:00","4","43.4333333","2.4166666","450.0","ST MICHEL DE CUXA, FR","FM-12","99999","V020","999,1,C,0000,1","22000,1,C,N","050000,1,N,9","+0160,1","+0134,1","99999,9","24,0020,9,1",,"0,000",,,,,"02,99,1,99,9,99,9,99999,9,99,9,99,9",,,"999,N,+0145,1",,,,"SYN017333   20145 70020",
"07742099999","1990-08-25T12:00:00","4","43.4333333","2.4166666","450.0","ST MICHEL DE CUXA, FR","FM-12","99999","V020","999,1,C,0000,1","22000,1,C,N","050000,1,N,9","+0240,1","+0159,1","99999,9","06,0000,9,1",,"4,000",,,,,"04,99,1,02,1,02,1,01750,1,08,1,00,1",,,,,,,,
"07742099999","1990-08-25T18:00:00","4","43.4333333","2.4166666","450.0","ST MICHEL DE CUXA, FR","FM-12","99999","V020","999,1,C,0000,1","01200,1,C,N","050000,1,N,9","+0210,1","+0186,1","99999,9","99,0030,9,1",,"0,000",,,"6,1,06,1",,"07,99,1,07,1,08,1,00800,1,99,9,99,9",,,"999,M,+0260,1",,"01,1",,"SYN011333   10260",
"07742099999","1990-08-27T06:00:00","4","43.4333333","2.4166666","450.0","ST MICHEL DE CUXA, FR","FM-12","99999","V020","999,1,C,0000,1","22000,1,C,N","050000,1,N,9","+0150,1","+0132,1","99999,9","06,0000,9,1",,"4,000",,,,,"03,99,1,03,1,00,1,99999,9,04,1,00,1",,,"999,N,+0150,1",,,,"SYN011333   20150",
"07742099999","1990-08-27T18:00:00","4","43.4333333","2.4166666","450.0","ST MICHEL DE CUXA, FR","FM-12","99999","V020","999,1,C,0000,1","22000,1,C,N","050000,1,N,9","+0260,1","+0144,1","99999,9","06,0000,9,1",,"4,000",,,,,"03,99,1,03,1,02,1,01250,1,00,1,00,1",,,"999,M,+0270,1",,,,"SYN011333   10270",
"07742099999","1990-08-28T06:00:00","4","43.4333333","2.4166666","450.0","ST MICHEL DE CUXA, FR","FM-12","99999","V020","999,1,C,0000,1","22000,1,C,N","050000,1,N,9","+0150,1","+0135,1","99999,9","06,0000,9,1",,"4,000",,,,,"01,99,1,01,1,00,1,99999,9,04,1,00,1",,,"999,N,+0140,1",,,,"SYN011333   20140",
"07742099999","1990-08-28T12:00:00","4","43.4333333","2.4166666","450.0","ST MICHEL DE CUXA, FR","FM-12","99999","V020","999,1,C,0000,1","22000,1,C,N","050000,1,N,9","+0250,1","+0170,1","99999,9","06,0000,9,1",,"4,000",,,,,"03,99,1,01,1,02,1,01750,1,04,1,02,1",,,,,,,,
"07742099999","1990-08-28T18:00:00","4","43.4333333","2.4166666","450.0","ST MICHEL DE CUXA, FR","FM-12","99999","V020","999,1,C,0000,1","03600,1,C,N","020000,1,N,9","+0250,1","+0154,1","99999,9","06,0000,9,1",,"4,000",,,,,"06,99,1,03,1,08,1,02250,1,04,1,00,1",,,"999,M,+0270,1",,,,"SYN011333   10270",
"07742099999","1990-08-29T12:00:00","4","43.4333333","2.4166666","450.0","ST MICHEL DE CUXA, FR","FM-12","99999","V020","999,1,C,0000,1","00750,1,C,N","050000,1,N,9","+0230,1","+0191,1","99999,9","06,9999,2,9",,"0,000",,,"9,1,06,1","6,1,06,1","06,99,1,06,1,09,1,00800,1,99,9,99,9",,,,,"60,1",,,
"07742099999","1990-08-29T18:00:00","4","43.4333333","2.4166666","450.0","ST MICHEL DE CUXA, FR","FM-12","99999","V020","999,1,C,0000,1","00750,1,C,N","050000,1,N,9","+0240,1","+0159,1","99999,9","99,0010,9,1",,"0,001",,,"9,1,06,1","6,1,06,1","07,99,1,07,1,09,1,00800,1,99,9,99,9",,,"999,M,+0270,1",,"95,1",,"SYN011333   10270",
"07742099999","1990-08-30T06:00:00","4","43.4333333","2.4166666","450.0","ST MICHEL DE CUXA, FR","FM-12","99999","V020","999,1,C,0000,1","03600,1,C,N","050000,1,N,9","+0165,1","+0157,1","99999,9","24,0015,9,1","99,0010,9,1","0,000",,,,,"05,99,1,05,1,00,1,99999,9,08,1,00,1",,,"999,N,+0160,1",,,,"SYN017333   20160 70015",
"07742099999","1990-08-30T18:00:00","4","43.4333333","2.4166666","450.0","ST MICHEL DE CUXA, FR","FM-12","99999","V020","999,1,C,0000,1","00750,1,C,N","050000,1,N,9","+0160,1","+0124,1","99999,9","99,0050,9,1",,"0,000",,,"6,1,06,1","2,1,06,1","07,99,1,07,1,05,1,00800,1,99,9,99,9",,,"999,M,+0235,1",,"02,1",,"SYN011333   10235",
"07742099999","1990-08-31T06:00:00","4","43.4333333","2.4166666","450.0","ST MICHEL DE CUXA, FR","FM-12","99999","V020","999,1,C,0000,1","22000,1,C,N","050000,1,N,9","+0085,1","+0074,1","99999,9","24,0137,9,1","99,0090,9,1","0,000",,,,,"01,99,1,01,1,00,1,99999,9,04,1,00,1",,,"999,N,+0080,1",,,,"SYN017333   20080 70137",
"07742099999","1990-08-31T12:00:00","4","43.4333333","2.4166666","450.0","ST MICHEL DE CUXA, FR","FM-12","99999","V020","999,1,C,0000,1","22000,1,C,N","050000,1,N,9","+0175,1","+0100,1","99999,9","06,0000,9,1",,"4,000",,,,,"02,99,1,02,1,00,1,99999,9,04,1,00,1",,,,,,,,
"07742099999","1990-08-31T18:00:00","4","43.4333333","2.4166666","450.0","ST MICHEL DE CUXA, FR","FM-12","99999","V020","999,1,C,0000,1","03600,1,C,N","050000,1,N,9","+0190,1","+0097,1","99999,9","06,0000,9,1",,"4,000",,,,,"06,99,1,03,1,05,1,01250,1,04,1,00,1",,,"999,M,+0210,1",,,,"SYN011333   10210",
"07742099999","1990-09-01T06:00:00","4","43.4333333","2.4166666","450.0","ST MICHEL DE CUXA, FR","FM-12","99999","V020","999,1,C,0000,1","22000,1,C,N","050000,1,N,9","+0090,1","+0079,1","99999,9","06,0000,9,1",,"4,000",,,,,"00,99,1,00,1,00,1,99999,9,00,1,00,1",,,"999,N,+0090,1",,,,"SYN011333   20090",
"07742099999","1990-09-01T12:00:00","4","43.4333333","2.4166666","450.0","ST MICHEL DE CUXA, FR","FM-12","99999","V020","999,1,C,0000,1","99999,9,9,N","050000,1,N,9","+0200,1","+0087,1","99999,9","06,0000,9,1",,"4,000",,,,,"07,99,1,01,1,00,1,99999,9,04,1,02,1",,,,,,,,
"07742099999","1990-09-01T18:00:00","4","43.4333333","2.4166666","450.0","ST MICHEL DE CUXA, FR","FM-12","99999","V020","999,1,C,0000,1","00750,1,C,N","050000,1,N,9","+0210,1","+0122,1","99999,9","06,0000,9,1",,"4,000",,,,,"07,99,1,07,1,05,1,00800,1,99,9,99,9",,,"999,M,+0225,1",,,,"SYN011333   10225",
"07742099999","1990-09-02T06:00:00","4","43.4333333","2.4166666","450.0","ST MICHEL DE CUXA, FR","FM-12","99999","V020","999,1,C,0000,1","22000,1,C,N","050000,1,N,9","+0120,1","+0101,1","99999,9","06,0000,9,1",,"4,000",,,,,"01,99,1,01,1,00,1,99999,9,04,1,00,1",,,"999,N,+0115,1",,,,"SYN011333   20115",
"07742099999","1990-09-02T18:00:00","4","43.4333333","2.4166666","450.0","ST MICHEL DE CUXA, FR","FM-12","99999","V020","999,1,C,0000,1","22000,1,C,N","050000,1,N,9","+0244,1","+0156,1","99999,9","06,0000,9,1",,"4,000",,,,,"03,99,1,01,1,01,1,01250,1,00,1,02,1",,,"999,M,+0260,1",,,,"SYN011333   10260",
"07742099999","1990-09-03T06:00:00","4","43.4333333","2.4166666","450.0","ST MICHEL DE CUXA, FR","FM-12","99999","V020","999,1,C,0000,1","22000,1,C,N","050000,1,N,9","+0130,1","+0110,1","99999,9","06,0000,9,1",,"4,000",,,,,"01,99,1,01,1,00,1,99999,9,04,1,00,1",,,"999,N,+0120,1",,,,"SYN011333   20120",
"07742099999","1990-09-03T18:00:00","4","43.4333333","2.4166666","450.0","ST MICHEL DE CUXA, FR","FM-12","99999","V020","999,1,C,0000,1","22000,1,C,N","050000,1,N,9","+0280,1","+0117,1","99999,9","06,0000,9,1",,"4,000",,,,,"01,99,1,00,1,00,1,99999,9,00,1,01,1",,,"999,M,+0285,1",,,,"SYN011333   10285",
"07742099999","1990-09-04T06:00:00","4","43.4333333","2.4166666","450.0","ST MICHEL DE CUXA, FR","FM-12","99999","V020","999,1,C,0000,1","22000,1,C,N","050000,1,N,9","+0150,1","+0132,1","99999,9","06,0000,9,1","24,0000,9,1","4,000",,,,,"01,99,1,01,1,00,1,99999,9,03,1,00,1",,,"999,N,+0145,1",,,,"SYN017333   20145 70000",
"07742099999","1990-09-04T12:00:00","4","43.4333333","2.4166666","450.0","ST MICHEL DE CUXA, FR","FM-12","99999","V020","999,1,C,0000,1","22000,1,C,N","050000,1,N,9","+0250,1","+0152,1","99999,9","06,0000,9,1",,"4,000",,,,,"03,99,1,03,1,00,1,99999,9,08,1,00,1",,,,,,,,
"07742099999","1990-09-04T18:00:00","4","43.4333333","2.4166666","450.0","ST MICHEL DE CUXA, FR","FM-12","99999","V020","999,1,C,0000,1","00750,1,C,N","050000,1,N,9","+0230,1","+0147,1","99999,9","06,0000,9,1",,"4,000",,,,,"05,99,1,05,1,05,1,00800,1,00,1,00,1",,,"999,M,+0250,1",,,,"SYN011333   10250",
"07742099999","1990-09-05T06:00:00","4","43.4333333","2.4166666","450.0","ST MICHEL DE CUXA, FR","FM-12","99999","V020","999,1,C,0000,1","22000,1,C,N","050000,1,N,9","+0130,1","+0111,1","99999,9","06,0000,9,1",,"4,000",,,,,"02,99,1,01,1,02,1,00800,1,04,1,00,1",,,"999,N,+0125,1",,,,"SYN011333   20125",
"07742099999","1990-09-05T12:00:00","4","43.4333333","2.4166666","450.0","ST MICHEL DE CUXA, FR","FM-12","99999","V020","999,1,C,0000,1","22000,1,C,N","050000,1,N,9","+0215,1","+0138,1","99999,9","06,0000,9,1",,"4,000",,,,,"02,99,1,02,1,02,1,00800,1,00,1,00,1",,,,,,,,
"07742099999","1990-09-05T18:00:00","4","43.4333333","2.4166666","450.0","ST MICHEL DE CUXA, FR","FM-12","99999","V020","999,1,C,0000,1","22000,1,C,N","050000,1,N,9","+0255,1","+0148,1","99999,9","06,0000,9,1",,"4,000",,,,,"01,99,1,01,1,02,1,00800,1,00,1,00,1",,,"999,M,+0255,1",,,,"SYN011333   10255",
"07742099999","1990-09-06T12:00:00","4","43.4333333","2.4166666","450.0","ST MICHEL DE CUXA, FR","FM-12","99999","V020","999,1,C,0000,1","22000,1,C,N","050000,1,N,9","+0230,1","+0110,1","99999,9","06,0000,9,1",,"4,000",,,,,"00,99,1,00,1,00,1,99999,9,00,1,00,1",,,,,,,,
"07742099999","1990-09-06T18:00:00","4","43.4333333","2.4166666","450.0","ST MICHEL DE CUXA, FR","FM-12","99999","V020","999,1,C,0000,1","22000,1,C,N","050000,1,N,9","+0230,1","+0100,1","99999,9","06,0000,9,1",,"4,000",,,,,"01,99,1,01,1,00,1,02250,1,04,1,00,1",,,"999,M,+0250,1",,,,"SYN011333   10250",
"07742099999","1990-09-07T06:00:00","4","43.4333333","2.4166666","450.0","ST MICHEL DE CUXA, FR","FM-12","99999","V020","999,1,C,0000,1","22000,1,C,N","050000,1,N,9","+0115,1","+0105,1","99999,9","06,0000,9,1",,"4,000",,,,,"01,99,1,01,1,01,1,01250,1,04,1,00,1",,,"999,N,+0110,1",,,,"SYN011333   20110",
"07742099999","1990-09-07T12:00:00","4","43.4333333","2.4166666","450.0","ST MICHEL DE CUXA, FR","FM-12","99999","V020","999,1,C,0000,1","22000,1,C,N","050000,1,N,9","+0210,1","+0161,1","99999,9","06,0000,9,1",,"4,000",,,,,"01,99,1,01,1,01,1,01250,1,00,1,00,1",,,,,,,,
"07742099999","1990-09-07T18:00:00","4","43.4333333","2.4166666","450.0","ST MICHEL DE CUXA, FR","FM-12","99999","V020","999,1,C,0000,1","03600,1,C,N","050000,1,N,9","+0200,1","+0140,1","99999,9","06,0000,9,1",,"4,000",,,,,"05,99,1,02,1,05,1,01250,1,04,1,00,1",,,"999,M,+0230,1",,,,"SYN011333   10230",
"07742099999","1990-09-08T06:00:00","4","43.4333333","2.4166666","450.0","ST MICHEL DE CUXA, FR","FM-12","99999","V020","999,1,C,0000,1","22000,1,C,N","050000,1,N,9","+0150,1","+0069,1","99999,9","06,0000,9,1","24,0000,9,1","4,000",,,,,"03,99,1,01,1,01,1,00800,1,03,1,00,1",,,"999,N,+0150,1",,,,"SYN017333   20150 70000",
"07742099999","1990-09-08T12:00:00","4","43.4333333","2.4166666","450.0","ST MICHEL DE CUXA, FR","FM-12","99999","V020","999,1,C,0000,1","22000,1,C,N","050000,1,N,9","+0195,1","+0103,1","99999,9","06,0000,9,1",,"4,000",,,,,"03,99,1,00,1,00,1,99999,9,00,1,02,1",,,,,,,,
"07742099999","1990-09-08T18:00:00","4","43.4333333","2.4166666","450.0","ST MICHEL DE CUXA, FR","FM-12","99999","V020","999,1,C,0000,1","22000,1,C,N","050000,1,N,9","+0200,1","+0110,1","99999,9","06,0000,9,1",,"4,000",,,,,"03,99,1,00,1,00,1,99999,9,00,1,02,1",,,"999,M,+0220,1",,,,"SYN011333   10220","Q01+000032SCOTLC"
"07742099999","1990-09-09T06:00:00","4","43.4333333","2.4166666","450.0","ST MICHEL DE CUXA, FR","FM-12","99999","V020","999,1,C,0000,1","22000,1,C,N","050000,1,N,9","+0110,1","+0090,1","99999,9","06,0000,9,1",,"4,000",,,,,"03,99,1,03,1,00,1,99999,9,08,1,00,1",,,"999,N,+0105,1",,,,"SYN011333   20105",
"07742099999","1990-09-09T12:00:00","4","43.4333333","2.4166666","450.0","ST MICHEL DE CUXA, FR","FM-12","99999","V020","999,1,C,0000,1","99999,9,9,N","050000,1,N,9","+0175,1","+0121,1","99999,9","06,0000,9,1",,"4,000",,,,,"05,99,1,04,1,00,1,99999,9,08,1,01,1",,,,,,,,
"07742099999","1990-09-09T18:00:00","4","43.4333333","2.4166666","450.0","ST MICHEL DE CUXA, FR","FM-12","99999","V020","999,1,C,0000,1","01500,1,C,N","050000,1,N,9","+0210,1","+0161,1","99999,9","06,0000,9,1",,"4,000",,,,,"06,99,1,06,1,08,1,01250,1,00,1,00,1",,,"999,M,+0220,1",,,,"SYN011333   10220",
"07742099999","1990-09-10T06:00:00","4","43.4333333","2.4166666","450.0","ST MICHEL DE CUXA, FR","FM-12","99999","V020","999,1,C,0000,1","22000,1,C,N","050000,1,N,9","+0140,1","+0131,1","99999,9","06,0000,9,1",,"4,000",,,,,"02,99,1,02,1,00,1,99999,9,03,1,00,1",,,"999,N,+0130,1",,,,"SYN011333   20130",
"07742099999","1990-09-10T18:00:00","4","43.4333333","2.4166666","450.0","ST MICHEL DE CUXA, FR","FM-12","99999","V020","999,1,C,0000,1","22000,1,C,N","050000,1,N,9","+0270,1","+0157,1","99999,9","06,0000,9,1",,"4,000",,,,,"04,99,1,04,1,01,1,01250,1,00,1,00,1",,,"999,M,+0270,1",,,,"SYN011333   10270",
"07742099999","1990-09-11T06:00:00","4","43.4333333","2.4166666","450.0","ST MICHEL DE CUXA, FR","FM-12","99999","V020","999,1,C,0000,1","22000,1,C,N","050000,1,N,9","+0165,1","+0130,1","99999,9","06,0000,9,1",,"4,000",,,,,"04,99,1,04,1,02,1,01250,1,00,1,00,1",,,"999,N,+0155,1",,,,"SYN011333   20155",
"07742099999","1990-09-11T18:00:00","4","43.4333333","2.4166666","450.0","ST MICHEL DE CUXA, FR","FM-12","99999","V020","999,1,C,0000,1","22000,1,C,N","050000,1,N,9","+0275,1","+0150,1","99999,9","06,0000,9,1",,"4,000",,,,,"02,99,1,02,1,02,1,02250,1,00,1,00,1",,,"999,M,+0285,1",,,,"SYN011333   10285",
"07742099999","1990-09-12T06:00:00","4","43.4333333","2.4166666","450.0","ST MICHEL DE CUXA, FR","FM-12","99999","V020","999,1,C,0000,1","22000,1,C,N","050000,1,N,9","+0115,1","+0095,1","99999,9","06,0000,9,1",,"4,000",,,,,"01,99,1,01,1,00,1,99999,9,04,1,00,1",,,"999,N,+0115,1",,,,"SYN011333   20115",
"07742099999","1990-09-13T12:00:00","4","43.4333333","2.4166666","450.0","ST MICHEL DE CUXA, FR","FM-12","99999","V020","999,1,C,0000,1","01200,1,C,N","020000,1,N,9","+0185,1","+0151,1","99999,9","06,0000,9,1",,"4,000",,,,,"06,99,1,06,1,08,1,00800,1,99,9,99,9",,,,,,,,
"07742099999","1990-09-13T18:00:00","4","43.4333333","2.4166666","450.0","ST MICHEL DE CUXA, FR","FM-12","99999","V020","999,1,C,0000,1","00210,1,C,N","000500,1,N,9","+0195,1","+0171,1","99999,9","99,0020,9,1",,"0,000",,,"6,1,06,1","2,1,06,1","08,99,1,08,1,05,1,00250,1,99,9,99,9",,,"999,M,+0220,1",,"21,1",,"SYN011333   10220",
"07742099999","1990-09-14T06:00:00","4","43.4333333","2.4166666","450.0","ST MICHEL DE CUXA, FR","FM-12","99999","V020","999,1,C,0000,1","22000,1,C,N","050000,1,N,9","+0160,1","+0151,1","99999,9","24,0028,9,1","99,0005,9,1","0,000",,,,,"03,99,1,03,1,00,1,99999,9,04,1,00,1",,,"999,N,+0160,1",,,,"SYN017333   20160 70028",
"07742099999","1990-09-14T12:00:00","4","43.4333333","2.4166666","450.0","ST MICHEL DE CUXA, FR","FM-12","99999","V020","999,1,C,0000,1","00060,1,C,N","000500,1,N,9","+0180,1","+0180,1","99999,9","06,9999,2,9",,"0,000",,,"5,1,06,1","4,1,06,1","08,99,1,08,1,07,1,00075,1,99,9,99,9",,,,,"46,1",,,
"07742099999","1990-09-14T18:00:00","4","43.4333333","2.4166666","450.0","ST MICHEL DE CUXA, FR","FM-12","99999","V020","999,1,C,0000,1","00750,1,C,N","010000,1,N,9","+0195,1","+0187,1","99999,9","99,9999,2,9",,"0,000",,,"6,1,06,1","2,1,06,1","07,99,1,07,1,05,1,00800,1,99,9,99,9",,,"999,M,+0200,1",,"02,1",,"SYN011333   10200",
"07742099999","1990-09-15T06:00:00","4","43.4333333","2.4166666","450.0","ST MICHEL DE CUXA, FR","FM-12","99999","V020","999,1,C,0000,1","22000,1,C,N","050000,1,N,9","+0180,1","+0155,1","99999,9","24,0030,9,1",,"0,001",,,"9,1,06,1","8,1,06,1","04,99,1,02,1,05,1,01250,1,04,1,00,1",,,"999,N,+0170,1",,"01,1",,"SYN017333   20170 70030",
"07742099999","1990-09-15T12:00:00","4","43.4333333","2.4166666","450.0","ST MICHEL DE CUXA, FR","FM-12","99999","V020","999,1,C,0000,1","01200,1,C,N","050000,1,N,9","+0200,1","+0184,1","99999,9","06,0000,9,1",,"4,000",,,,,"06,99,1,06,1,08,1,00800,1,00,1,00,1",,,,,,,,
"07742099999","1990-09-16T06:00:00","4","43.4333333","2.4166666","450.0","ST MICHEL DE CUXA, FR","FM-12","99999","V020","999,1,C,0000,1","00750,1,C,N","050000,1,N,9","+0150,1","+0141,1","99999,9","06,0000,9,1","24,9999,2,9","4,000",,,,,"05,99,1,05,1,02,1,00800,1,00,1,00,1",,,"999,N,+0140,1",,,,"SYN017333   20140 79999",
"07742099999","1990-09-16T12:00:00","4","43.4333333","2.4166666","450.0","ST MICHEL DE CUXA, FR","FM-12","99999","V020","999,1,C,0000,1","22000,1,C,N","050000,1,N,9","+0230,1","+0147,1","99999,9","06,0000,9,1",,"4,000",,,,,"03,99,1,01,1,02,1,00800,1,04,1,00,1",,,,,,,,
"07742099999","1990-09-17T12:00:00","4","43.4333333","2.4166666","450.0","ST MICHEL DE CUXA, FR","FM-12","99999","V020","999,1,C,0000,1","01500,1,C,N","010000,1,N,9","+0180,1","+0145,1","99999,9","06,0003,9,1",,"0,000",,,"8,1,06,1","2,1,06,1","08,99,1,08,1,08,1,01250,1,99,9,99,9",,,,,"01,1",,,
"07742099999","1990-09-17T18:00:00","4","43.4333333","2.4166666","450.0","ST MICHEL DE CUXA, FR","FM-12","99999","V020","999,1,C,0000,1","01200,1,C,N","010000,1,N,9","+0170,1","+0150,1","99999,9","99,0030,9,1",,"0,000",,,"6,1,06,1","2,1,06,1","06,99,1,05,1,08,1,00800,1,04,1,00,1",,,"999,M,+0190,1",,"01,1",,"SYN011333   10190",
"07742099999","1990-09-18T06:00:00","4","43.4333333","2.4166666","450.0","ST MICHEL DE CUXA, FR","FM-12","99999","V020","999,1,C,0000,1","22000,1,C,N","050000,1,N,9","+0120,1","+0110,1","99999,9","06,0000,9,1","24,0028,9,1","4,000",,,,,"01,99,1,01,1,00,1,99999,9,04,1,00,1",,,"999,N,+0120,1",,,,"SYN017333   20120 70028",
"07742099999","1990-09-18T12:00:00","4","43.4333333","2.4166666","450.0","ST MICHEL DE CUXA, FR","FM-12","99999","V020","999,1,C,0000,1","22000,1,C,N","050000,1,N,9","+0235,1","+0143,1","99999,9","06,0000,9,1",,"4,000",,,,,"01,99,1,01,1,02,1,01750,1,00,1,00,1",,,,,,,,
"07742099999","1990-09-18T18:00:00","4","43.4333333","2.4166666","450.0","ST MICHEL DE CUXA, FR","FM-12","99999","V020","999,1,C,0000,1","22000,1,C,N","050000,1,N,9","+0250,1","+0152,1","99999,9","06,0000,9,1",,"4,000",,,,,"00,99,1,00,1,00,1,99999,9,00,1,00,1",,,"999,M,+0270,1",,,,"SYN011333   10270",
"07742099999","1990-09-19T12:00:00","4","43.4333333","2.4166666","450.0","ST MICHEL DE CUXA, FR","FM-12","99999","V020","999,1,C,0000,1","22000,1,C,N","050000,1,N,9","+0230,1","+0156,1","99999,9","06,0000,9,1",,"4,000",,,,,"01,99,1,00,1,00,1,99999,9,00,1,02,1",,,,,,,,
"07742099999","1990-09-19T18:00:00","4","43.4333333","2.4166666","450.0","ST MICHEL DE CUXA, FR","FM-12","99999","V020","999,1,C,0000,1","22000,1,C,N","050000,1,N,9","+0280,1","+0170,1","99999,9","06,0000,9,1",,"4,000",,,,,"03,99,1,01,1,00,1,99999,9,03,1,01,1",,,"999,M,+0290,1",,,,"SYN011333   10290",
"07742099999","1990-09-20T06:00:00","4","43.4333333","2.4166666","450.0","ST MICHEL DE CUXA, FR","FM-12","99999","V020","999,1,C,0000,1","03600,1,C,N","050000,1,N,9","+0170,1","+0135,1","99999,9","06,0000,9,1",,"4,000",,,,,"06,99,1,03,1,05,1,01750,1,08,1,00,1",,,"999,N,+0170,1",,,,"SYN011333   20170",
"07742099999","1990-09-20T18:00:00","4","43.4333333","2.4166666","450.0","ST MICHEL DE CUXA, FR","FM-12","99999","V020","999,1,C,0000,1","22000,1,C,N","050000,1,N,9","+0255,1","+0167,1","99999,9","99,0020,9,1",,"0,001",,,"9,1,06,1","6,1,06,1","02,99,1,02,1,00,1,99999,9,03,1,00,1",,,"999,M,+0260,1",,"01,1",,"SYN011333   10260",
"07742099999","1990-09-21T18:00:00","4","43.4333333","2.4166666","450.0","ST MICHEL DE CUXA, FR","FM-12","99999","V020","999,1,C,0000,1","22000,1,C,N","050000,1,N,9","+0260,1","+0123,1","99999,9","06,0000,9,1",,"4,000",,,,,"02,99,1,02,1,00,1,99999,9,04,1,00,1",,,"999,M,+0275,1",,,,"SYN011333   10275",
"07742099999","1990-09-22T06:00:00","4","43.4333333","2.4166666","450.0","ST MICHEL DE CUXA, FR","FM-12","99999","V020","999,1,C,0000,1","22000,1,C,N","050000,1,N,9","+0135,1","+0116,1","99999,9","06,0000,9,1",,"4,000",,,,,"00,99,1,00,1,00,1,99999,9,00,1,00,1",,,"999,N,+0130,1",,,,"SYN011333   20130",
"07742099999","1990-09-22T12:00:00","4","43.4333333","2.4166666","450.0","ST MICHEL DE CUXA, FR","FM-12","99999","V020","999,1,C,0000,1","22000,1,C,N","050000,1,N,9","+0230,1","+0126,1","99999,9","06,0000,9,1",,"4,000",,,,,"01,99,1,01,1,00,1,99999,9,04,1,00,1",,,,,,,,
"07742099999","1990-09-22T18:00:00","4","43.4333333","2.4166666","450.0","ST MICHEL DE CUXA, FR","FM-12","99999","V020","999,1,C,0000,1","01200,1,C,N","050000,1,N,9","+0230,1","+0183,1","99999,9","99,9999,2,9",,"0,001",,,"9,1,06,1","8,1,06,1","05,99,1,05,1,09,1,01250,1,00,1,00,1",,,"999,M,+0270,1",,"95,1",,"SYN011333   10270",
"07742099999","1990-09-23T06:00:00","4","43.4333333","2.4166666","450.0","ST MICHEL DE CUXA, FR","FM-12","99999","V020","999,1,C,0000,1","22000,1,C,N","050000,1,N,9","+0140,1","+0122,1","99999,9","06,0000,9,1","24,9999,2,9","4,000",,,,,"02,99,1,02,1,00,1,99999,9,04,1,00,1",,,"999,N,+0140,1",,,,"SYN017333   20140 79999",
"07742099999","1990-09-23T12:00:00","4","43.4333333","2.4166666","450.0","ST MICHEL DE CUXA, FR","FM-12","99999","V020","999,1,C,0000,1","00750,1,C,N","050000,1,N,9","+0220,1","+0154,1","99999,9","06,0000,9,1",,"4,000",,,,,"07,99,1,07,1,05,1,00800,1,99,9,99,9",,,,,,,,
"07742099999","1990-09-23T18:00:00","4","43.4333333","2.4166666","450.0","ST MICHEL DE CUXA, FR","FM-12","99999","V020","999,1,C,0000,1","01200,1,C,N","050000,1,N,9","+0210,1","+0142,1","99999,9","06,0000,9,1",,"4,000",,,,,"07,99,1,07,1,08,1,00800,1,99,9,99,9",,,"999,M,+0240,1",,,,"SYN011333   10240",
"07742099999","1990-09-24T06:00:00","4","43.4333333","2.4166666","450.0","ST MICHEL DE CUXA, FR","FM-12","99999","V020","999,1,C,0000,1","03600,1,C,N","050000,1,N,9","+0130,1","+0111,1","99999,9","24,0054,9,1",,"0,000",,,,,"05,99,1,05,1,00,1,99999,9,03,1,00,1",,,"999,N,+0125,1",,,,"SYN017333   20125 70054",
"07742099999","1990-09-24T12:00:00","4","43.4333333","2.4166666","450.0","ST MICHEL DE CUXA, FR","FM-12","99999","V020","999,1,C,0000,1","22000,1,C,N","050000,1,N,9","+0190,1","+0119,1","99999,9","06,0000,9,1",,"4,000",,,,,"04,99,1,04,1,00,1,99999,9,04,1,00,1",,,,,,,,
"07742099999","1990-09-24T18:00:00","4","43.4333333","2.4166666","450.0","ST MICHEL DE CUXA, FR","FM-12","99999","V020","999,1,C,0000,1","01200,1,C,N","050000,1,N,9","+0180,1","+0146,1","99999,9","06,0000,9,1",,"4,001",,,"9,1,06,1","1,1,06,1","06,99,1,06,1,08,1,00800,1,00,1,00,1",,,"999,M,+0210,1",,"02,1",,"SYN011333   10210",
"07742099999","1990-09-25T06:00:00","4","43.4333333","2.4166666","450.0","ST MICHEL DE CUXA, FR","FM-12","99999","V020","999,1,C,0000,1","22000,1,C,N","050000,1,N,9","+0100,1","+0090,1","99999,9","06,0000,9,1",,"4,000",,,,,"03,99,1,03,1,00,1,99999,9,04,1,00,1",,,"999,N,+0095,1",,,,"SYN011333   20095",
"07742099999","1990-10-01T06:00:00","4","43.4333333","2.4166666","450.0","ST MICHEL DE CUXA, FR","FM-12","99999","V020","999,1,C,0000,1","22000,1,C,N","050000,1,N,9","+0130,1","+0111,1","99999,9","06,0000,9,1",,"4,000",,,,,"03,99,1,02,1,01,1,01250,1,04,1,00,1",,,"999,N,+0130,1",,,,"SYN011333   20130",
"07742099999","1990-10-01T12:00:00","4","43.4333333","2.4166666","450.0","ST MICHEL DE CUXA, FR","FM-12","99999","V020","999,1,C,0000,1","22000,1,C,N","050000,1,N,9","+0230,1","+0165,1","99999,9","06,0000,9,1",,"4,000",,,,,"04,99,1,04,1,02,1,01250,1,00,1,00,1",,,,,,,,
"07742099999","1990-10-01T18:00:00","4","43.4333333","2.4166666","450.0","ST MICHEL DE CUXA, FR","FM-12","99999","V020","999,1,C,0000,1","01200,1,C,N","050000,1,N,9","+0200,1","+0150,1","99999,9","06,0000,9,1",,"4,000",,,,,"08,99,1,08,1,05,1,01250,1,99,9,99,9",,,"999,M,+0240,1",,,,"SYN011333   10240",
"07742099999","1990-10-02T06:00:00","4","43.4333333","2.4166666","450.0","ST MICHEL DE CUXA, FR","FM-12","99999","V020","999,1,C,0000,1","22000,1,C,N","050000,1,N,9","+0130,1","+0111,1","99999,9","24,0024,9,1",,"0,000",,,,,"02,99,1,02,1,00,1,99999,9,04,1,00,1",,,"999,N,+0120,1",,,,"SYN017333   20120 70024",
"07742099999","1990-10-02T12:00:00","4","43.4333333","2.4166666","450.0","ST MICHEL DE CUXA, FR","FM-12","99999","V020","999,1,C,0000,1","22000,1,C,N","050000,1,N,9","+0230,1","+0147,1","99999,9","06,0000,9,1",,"4,000",,,,,"02,99,1,02,1,01,1,01250,1,00,1,00,1",,,,,,,,
"07742099999","1990-10-02T18:00:00","4","43.4333333","2.4166666","450.0","ST MICHEL DE CUXA, FR","FM-12","99999","V020","999,1,C,0000,1","22000,1,C,N","050000,1,N,9","+0210,1","+0152,1","99999,9","06,0000,9,1",,"4,000",,,,,"03,99,1,02,1,01,1,99999,9,03,1,00,1",,,"999,M,+0240,1",,,,"SYN011333   10240","Q01+000992SCOLCB"
"07742099999","1990-10-03T12:00:00","4","43.4333333","2.4166666","450.0","ST MICHEL DE CUXA, FR","FM-12","99999","V020","999,1,C,0000,1","00750,1,C,N","050000,1,N,9","+0185,1","+0150,1","99999,9","06,0000,9,1",,"4,000",,,,,"08,99,1,08,1,06,1,00800,1,99,9,99,9",,,,,,,,
"07742099999","1990-10-03T18:00:00","4","43.4333333","2.4166666","450.0","ST MICHEL DE CUXA, FR","FM-12","99999","V020","999,1,C,0000,1","01500,1,C,N","020000,1,N,9","+0180,1","+0162,1","99999,9","06,0000,9,1",,"4,000",,,,,"08,99,1,08,1,05,1,01750,1,99,9,99,9",,,"999,M,+0210,1",,,,"SYN011333   10210",
"07742099999","1990-10-04T18:00:00","4","43.4333333","2.4166666","450.0","ST MICHEL DE CUXA, FR","FM-12","99999","V020","999,1,C,0000,1","03600,1,C,N","050000,1,N,9","+0165,1","-0013,1","99999,9","06,0000,9,1",,"4,000",,,,,"05,99,1,02,1,05,1,01250,1,04,1,00,1",,,"999,M,+0210,1",,,,"SYN011333   10210",
"07742099999","1990-10-05T06:00:00","4","43.4333333","2.4166666","450.0","ST MICHEL DE CUXA, FR","FM-12","99999","V020","999,1,C,0000,1","22000,1,C,N","050000,1,N,9","+0050,1","+0015,1","99999,9","06,0000,9,1",,"4,000",,,,,"00,99,1,00,1,00,1,99999,9,00,1,00,1",,,"999,N,+0040,1",,,,"SYN011333   20040",
"07742099999","1990-10-05T12:00:00","4","43.4333333","2.4166666","450.0","ST MICHEL DE CUXA, FR","FM-12","99999","V020","999,1,C,0000,1","22000,1,C,N","050000,1,N,9","+0220,2","+0020,1","99999,9","06,0000,9,1",,"4,000",,,,,"00,99,1,00,1,00,1,99999,9,00,1,00,1",,,,,,,,
"07742099999","1990-10-05T18:00:00","4","43.4333333","2.4166666","450.0","ST MICHEL DE CUXA, FR","FM-12","99999","V020","999,1,C,0000,1","22000,1,C,N","050000,1,N,9","+0200,1","+0032,1","99999,9","06,0000,9,1",,"4,000",,,,,"01,99,1,00,1,00,1,99999,9,00,1,01,1",,,"999,M,+0204,1",,,,"SYN011333   10204",
"07742099999","1990-10-06T06:00:00","4","43.4333333","2.4166666","450.0","ST MICHEL DE CUXA, FR","FM-12","99999","V020","999,1,C,0000,1","22000,1,C,N","050000,1,N,9","+0090,1","+0032,1","99999,9","06,0000,9,1",,"4,000",,,,,"00,99,1,00,1,00,1,99999,9,00,1,00,1","01,9","999,+0700,9",,,,,"SYN011333   30070",
"07742099999","1990-10-06T12:00:00","4","43.4333333","2.4166666","450.0","ST MICHEL DE CUXA, FR","FM-12","99999","V020","999,1,C,0000,1","22000,1,C,N","050000,1,N,9","+0210,1","+0080,1","99999,9","06,0000,9,1",,"4,000",,,,,"00,99,1,00,1,00,1,99999,9,00,1,00,1",,,,,,,,
"07742099999","1990-10-06T18:00:00","4","43.4333333","2.4166666","450.0","ST MICHEL DE CUXA, FR","FM-12","99999","V020","999,1,C,0000,1","22000,1,C,N","050000,1,N,9","+0165,1","+0099,1","99999,9","06,0000,9,1",,"4,000",,,,,"00,99,1,00,1,00,1,99999,9,00,1,00,1",,,"999,M,+0230,1",,,,"SYN011333   10230",
"07742099999","1990-10-07T06:00:00","4","43.4333333","2.4166666","450.0","ST MICHEL DE CUXA, FR","FM-12","99999","V020","999,1,C,0000,1","22000,1,C,N","050000,1,N,9","+0070,1","+0047,1","99999,9","06,0000,9,1",,"4,000",,,,,"02,99,1,02,1,00,1,99999,9,04,1,00,1",,,"999,N,+0060,1",,,,"SYN011333   20060",
"07742099999","1990-10-07T12:00:00","4","43.4333333","2.4166666","450.0","ST MICHEL DE CUXA, FR","FM-12","99999","V020","999,1,C,0000,1","01200,1,C,N","050000,1,N,9","+0170,1","+0071,1","99999,9","06,0000,9,1",,"4,000",,,,,"06,99,1,06,1,05,1,01250,1,00,1,00,1",,,,,,,,
"07742099999","1990-10-07T18:00:00","4","43.4333333","2.4166666","450.0","ST MICHEL DE CUXA, FR","FM-12","99999","V020","999,1,C,0000,1","01200,1,C,N","020000,1,N,9","+0100,1","+0090,1","99999,9","99,0030,9,1",,"0,000",,,"6,1,06,1","2,1,06,1","08,99,1,08,1,08,1,00800,1,99,9,99,9",,,"999,M,+0180,1",,"60,1",,"SYN011333   10180",
"07742099999","1990-10-08T06:00:00","4","43.4333333","2.4166666","450.0","ST MICHEL DE CUXA, FR","FM-12","99999","V020","999,1,C,0000,1","00750,1,C,N","050000,1,N,9","+0125,1","+0074,1","99999,9","24,0101,9,1","99,0070,9,1","0,000",,,,,"07,99,1,07,1,05,1,00800,1,99,9,99,9",,,"999,N,+0090,1",,,,"SYN017333   20090 70101",
"07742099999","1990-10-08T12:00:00","4","43.4333333","2.4166666","450.0","ST MICHEL DE CUXA, FR","FM-12","99999","V020","999,1,C,0000,1","22000,1,C,N","050000,1,N,9","+0190,1","+0097,1","99999,9","06,0000,9,1",,"4,000",,,,,"02,99,1,02,1,02,1,00800,1,00,1,00,1",,,,,,,,
"07742099999","1990-10-08T18:00:00","4","43.4333333","2.4166666","450.0","ST MICHEL DE CUXA, FR","FM-12","99999","V020","999,1,C,0000,1","22000,1,C,N","050000,1,N,9","+0145,1","+0075,1","99999,9","06,0000,9,1",,"4,000",,,,,"01,99,1,01,1,00,1,99999,9,04,1,00,1",,,"999,M,+0200,1",,,,"SYN011333   10200",
"07742099999","1990-10-09T18:00:00","4","43.4333333","2.4166666","450.0","ST MICHEL DE CUXA, FR","FM-12","99999","V020","999,1,C,0000,1","22000,1,C,N","020000,1,N,9","+0175,1","+0094,1","99999,9","06,0000,9,1",,"4,000",,,,,"02,99,1,02,1,00,1,99999,9,04,1,00,1",,,"999,M,+0195,1",,,,"SYN011333   10195",
"07742099999","1990-10-10T06:00:00","4","43.4333333","2.4166666","450.0","ST MICHEL DE CUXA, FR","FM-12","99999","V020","999,1,C,0000,1","22000,1,C,N","050000,1,N,9","+0100,1","+0072,1","99999,9","06,0000,9,1",,"4,000",,,,,"03,99,1,03,1,00,1,99999,9,04,1,00,1",,,"999,N,+0095,1",,,,"SYN011333   20095",
"07742099999","1990-10-10T12:00:00","4","43.4333333","2.4166666","450.0","ST MICHEL DE CUXA, FR","FM-12","99999","V020","999,1,C,0000,1","22000,1,C,N","050000,1,N,9","+0190,1","+0097,1","99999,9","06,0000,9,1",,"4,000",,,,,"03,99,1,03,1,00,1,99999,9,04,1,00,1",,,,,,,,
"07742099999","1990-10-10T18:00:00","4","43.4333333","2.4166666","450.0","ST MICHEL DE CUXA, FR","FM-12","99999","V020","999,1,C,0000,1","22000,1,C,N","050000,1,N,9","+0150,1","+0113,1","99999,9","06,0000,9,1",,"4,000",,,,,"01,99,1,01,1,05,1,01250,1,00,1,00,1",,,"999,M,+0200,1",,,,"SYN011333   10200",
"07742099999","1990-10-11T06:00:00","4","43.4333333","2.4166666","450.0","ST MICHEL DE CUXA, FR","FM-12","99999","V020","999,1,C,0000,1","00900,1,C,N","050000,1,N,9","+0120,1","+0110,1","99999,9","24,0038,9,1",,"0,000",,,"6,1,06,1","2,1,06,1","08,99,1,08,1,08,1,00450,1,99,9,99,9",,,"999,N,+0090,1",,"21,1",,"SYN017333   20090 70038",
"07742099999","1990-10-11T12:00:00","4","43.4333333","2.4166666","450.0","ST MICHEL DE CUXA, FR","FM-12","99999","V020","999,1,C,0000,1","01500,1,C,N","050000,1,N,9","+0160,1","+0130,1","99999,9","06,0020,9,1",,"0,000",,,"6,1,06,1","2,1,06,1","07,99,1,07,1,08,1,01250,1,99,9,99,9",,,,,"21,1",,,
"07742099999","1990-10-11T18:00:00","4","43.4333333","2.4166666","450.0","ST MICHEL DE CUXA, FR","FM-12","99999","V020","999,1,C,0000,1","00750,1,C,N","020000,1,N,9","+0155,1","+0146,1","99999,9","99,0020,9,1",,"0,000",,,"2,1,06,1","2,1,06,1","08,99,1,08,1,09,1,00800,1,99,9,99,9",,,"999,M,+0170,1",,"95,1",,"SYN011333   10170",
"07742099999","1990-10-12T06:00:00","4","43.4333333","2.4166666","450.0","ST MICHEL DE CUXA, FR","FM-12","99999","V020","999,1,C,0000,1","01200,1,C,N","020000,1,N,9","+0130,1","+0100,1","99999,9","24,0216,9,1","99,0200,9,1","0,001",,,"9,1,06,1","8,1,06,1","08,99,1,08,1,08,1,00800,1,99,9,99,9",,,"999,N,+0120,1",,"03,1",,"SYN017333   20120 70216",
"07742099999","1990-10-13T06:00:00","4","43.4333333","2.4166666","450.0","ST MICHEL DE CUXA, FR","FM-12","99999","V020","999,1,C,0000,1","01200,1,C,N","020000,1,N,9","+0125,1","+0110,1","99999,9","06,0000,9,1","24,9999,2,9","4,000",,,,,"08,99,1,08,1,05,1,01250,1,99,9,99,9",,,"999,N,+0105,1",,,,"SYN017333   20105 79999",
"07742099999","1990-10-13T12:00:00","4","43.4333333","2.4166666","450.0","ST MICHEL DE CUXA, FR","FM-12","99999","V020","999,1,C,0000,1","01200,1,C,N","050000,1,N,9","+0160,1","+0120,1","99999,9","06,0000,9,1",,"4,000",,,,,"07,99,1,07,1,05,1,01250,1,99,9,99,9",,,,,,,,
"07742099999","1990-10-14T06:00:00","4","43.4333333","2.4166666","450.0","ST MICHEL DE CUXA, FR","FM-12","99999","V020","999,1,C,0000,1","22000,1,C,N","050000,1,N,9","+0105,1","+0090,1","99999,9","24,0003,9,1",,"0,000",,,,,"04,99,1,04,1,00,1,99999,9,03,1,00,1",,,"999,N,+0100,1",,,,"SYN017333   20100 70003",
"07742099999","1990-10-14T12:00:00","4","43.4333333","2.4166666","450.0","ST MICHEL DE CUXA, FR","FM-12","99999","V020","999,1,C,0000,1","01200,1,C,N","050000,1,N,9","+0200,1","+0120,1","99999,9","06,0000,9,1",,"4,000",,,,,"05,99,1,05,1,08,1,00800,1,03,1,00,1",,,,,,,,
"07742099999","1990-10-14T18:00:00","4","43.4333333","2.4166666","450.0","ST MICHEL DE CUXA, FR","FM-12","99999","V020","999,1,C,0000,1","00750,1,C,N","020000,1,N,9","+0165,1","+0140,1","99999,9","06,0000,9,1",,"4,000",,,,,"08,99,1,08,1,06,1,00800,1,99,9,99,9",,,"999,M,+0175,1",,,,"SYN011333   10175",
"07742099999","1990-10-15T06:00:00","4","43.4333333","2.4166666","450.0","ST MICHEL DE CUXA, FR","FM-12","99999","V020","999,1,C,0000,1","03600,1,C,N","050000,1,N,9","+0130,1","+0107,1","99999,9","06,0000,9,1",,"4,000",,,,,"06,99,1,02,1,02,1,00800,1,07,1,00,1",,,"999,N,+0130,1",,,,"SYN011333   20130",
"07742099999","1990-10-15T12:00:00","4","43.4333333","2.4166666","450.0","ST MICHEL DE CUXA, FR","FM-12","99999","V020","999,1,C,0000,1","03600,1,C,N","050000,1,N,9","+0200,1","+0150,1","99999,9","06,0000,9,1",,"4,000",,,,,"06,99,1,02,1,01,1,00800,1,07,1,00,1",,,,,,,,
"07742099999","1990-10-15T18:00:00","4","43.4333333","2.4166666","450.0","ST MICHEL DE CUXA, FR","FM-12","99999","V020","999,1,C,0000,1","01200,1,C,N","050000,1,N,9","+0210,1","+0122,1","99999,9","06,0000,9,1",,"4,000",,,,,"06,99,1,06,1,05,1,01250,1,00,1,00,1",,,"999,M,+0230,1",,,,"SYN011333   10230",
"07742099999","1990-10-16T06:00:00","4","43.4333333","2.4166666","450.0","ST MICHEL DE CUXA, FR","FM-12","99999","V020","999,1,C,0000,1","22000,1,C,N","050000,1,N,9","+0125,1","+0096,1","99999,9","06,0000,9,1",,"4,000",,,,,"02,99,1,02,1,00,1,99999,9,04,1,00,1",,,"999,N,+0120,1",,,,"SYN011333   20120",
"07742099999","1990-10-16T12:00:00","4","43.4333333","2.4166666","450.0","ST MICHEL DE CUXA, FR","FM-12","99999","V020","999,1,C,0000,1","22000,1,C,N","050000,1,N,9","+0200,1","+0110,1","99999,9","06,0000,9,1",,"4,000",,,,,"01,99,1,01,1,00,1,99999,9,04,1,00,1",,,,,,,,
"07742099999","1990-10-16T18:00:00","4","43.4333333","2.4166666","450.0","ST MICHEL DE CUXA, FR","FM-12","99999","V020","999,1,C,0000,1","22000,1,C,N","050000,1,N,9","+0180,1","+0059,1","99999,9","06,0000,9,1",,"4,000",,,,,"01,99,1,01,1,00,1,99999,9,04,1,00,1",,,"999,M,+0250,1",,,,"SYN011333   10250",
"07742099999","1990-10-17T06:00:00","4","43.4333333","2.4166666","450.0","ST MICHEL DE CUXA, FR","FM-12","99999","V020","999,1,C,0000,1","01200,1,C,N","050000,1,N,9","+0175,1","+0077,1","99999,9","06,0000,9,1",,"4,000",,,,,"07,99,1,07,1,05,1,01250,1,99,9,99,9",,,"999,N,+0135,1",,,,"SYN011333   20135",
"07742099999","1990-10-17T12:00:00","4","43.4333333","2.4166666","450.0","ST MICHEL DE CUXA, FR","FM-12","99999","V020","220,1,N,0036,1","22000,1,C,N","050000,1,N,9","+0220,1","+0065,1","99999,9","06,0000,9,1",,"4,000",,,,,"01,99,1,01,1,02,1,00800,1,08,1,00,1",,,,,,,,
"07742099999","1990-10-17T18:00:00","4","43.4333333","2.4166666","450.0","ST MICHEL DE CUXA, FR","FM-12","99999","V020","999,1,C,0000,1","00750,1,C,N","050000,1,N,9","+0165,1","+0110,1","99999,9","99,9999,2,9",,"0,000",,,"6,1,06,1","2,1,06,1","05,99,1,05,1,05,1,00800,1,00,1,00,1",,,"999,M,+0230,1",,"02,1",,"SYN011333   10230",
"07742099999","1990-10-18T06:00:00","4","43.4333333","2.4166666","450.0","ST MICHEL DE CUXA, FR","FM-12","99999","V020","999,1,C,0000,1","22000,1,C,N","050000,1,N,9","+0105,1","+0060,1","99999,9","06,0000,9,1",,"4,000",,,,,"04,99,1,04,1,00,1,99999,9,03,1,00,1",,,"999,N,+0085,1",,,,"SYN011333   20085",
"07742099999","1990-10-18T12:00:00","4","43.4333333","2.4166666","450.0","ST MICHEL DE CUXA, FR","FM-12","99999","V020","999,1,C,0000,1","22000,1,C,N","050000,1,N,9","+0175,1","+0080,1","99999,9","06,0000,9,1",,"4,000",,,,,"02,99,1,01,1,02,1,00800,1,03,1,00,1",,,,,,,,
"07742099999","1990-10-18T18:00:00","4","43.4333333","2.4166666","450.0","ST MICHEL DE CUXA, FR","FM-12","99999","V020","999,1,C,0000,1","00750,1,C,N","020000,1,N,9","+0150,1","+0120,1","99999,9","06,0000,9,1",,"4,000",,,,,"07,99,1,07,1,02,1,00800,1,00,1,00,1",,,"999,M,+0190,1",,,,"SYN011333   10190",
"07742099999","1990-10-19T06:00:00","4","43.4333333","2.4166666","450.0","ST MICHEL DE CUXA, FR","FM-12","99999","V020","999,1,C,0000,1","03600,1,C,N","050000,1,N,9","+0105,1","+0090,1","99999,9","24,0002,9,1",,"0,000",,,"6,1,06,1","2,1,06,1","07,99,1,07,1,00,1,99999,9,05,1,99,9",,,"999,N,+0085,1",,"02,1",,"SYN017333   20085 70002",
"07742099999","1990-10-19T18:00:00","4","43.4333333","2.4166666","450.0","ST MICHEL DE CUXA, FR","FM-12","99999","V020","040,1,N,0046,1","01200,1,C,N","050000,1,N,9","+0170,1","+0090,1","99999,9","06,0000,9,1",,"4,000",,,,,"06,99,1,06,1,04,1,01250,1,00,1,00,1",,,"999,M,+0210,1",,,,"SYN011333   10210",
"07742099999","1990-10-20T06:00:00","4","43.4333333","2.4166666","450.0","ST MICHEL DE CUXA, FR","FM-12","99999","V020","999,1,C,0000,1","22000,1,C,N","050000,1,N,9","+0080,1","+0046,1","99999,9","06,0000,9,1",,"4,000",,,,,"00,99,1,00,1,00,1,99999,9,00,1,00,1",,,"999,N,+0075,1",,,,"SYN011333   20075",
"07742099999","1990-10-20T12:00:00","4","43.4333333","2.4166666","450.0","ST MICHEL DE CUXA, FR","FM-12","99999","V020","999,1,C,0000,1","22000,1,C,N","000000,1,N,9","+0190,1","+0085,1","99999,9","06,0000,9,1",,"4,000",,,,,"00,99,1,00,1,00,1,99999,9,00,1,00,1",,,,,,,,
"07742099999","1990-10-20T18:00:00","4","43.4333333","2.4166666","450.0","ST MICHEL DE CUXA, FR","FM-12","99999","V020","999,1,C,0000,1","22000,1,C,N","050000,1,N,9","+0125,1","-0010,1","99999,9","06,0000,9,1",,"4,000",,,,,"00,99,1,00,1,00,1,99999,9,00,1,00,1",,,"999,M,+0190,1",,,,"SYN011333   10190",
"07742099999","1990-10-21T06:00:00","4","43.4333333","2.4166666","450.0","ST MICHEL DE CUXA, FR","FM-12","99999","V020","999,1,C,0000,1","22000,1,C,N","050000,1,N,9","+0070,1","+0060,1","99999,9","06,0000,9,1",,"4,000",,,,,"00,99,1,00,1,00,1,99999,9,00,1,00,1",,,"999,N,+0065,1",,,,"SYN011333   20065",
"07742099999","1990-10-21T18:00:00","4","43.4333333","2.4166666","450.0","ST MICHEL DE CUXA, FR","FM-12","99999","V020","999,1,C,0000,1","01200,1,C,N","050000,1,N,9","+0150,1","+0100,1","99999,9","06,0000,9,1",,"4,000",,,,,"06,99,1,06,1,04,1,01250,1,00,1,00,1",,,"999,M,+0180,1",,,,"SYN011333   10180",
"07742099999","1990-10-22T06:00:00","4","43.4333333","2.4166666","450.0","ST MICHEL DE CUXA, FR","FM-12","99999","V020","999,1,C,0000,1","00420,1,C,N","050000,1,N,9","+0120,1","+0111,1","99999,9","24,0003,9,1",,"0,000",,,"6,1,06,1",,"08,99,1,08,1,05,1,00450,1,99,9,99,9",,,"999,N,+0095,1",,"02,1",,"SYN017333   20095 70003",
"07742099999","1990-10-22T12:00:00","4","43.4333333","2.4166666","450.0","ST MICHEL DE CUXA, FR","FM-12","99999","V020","999,1,C,0000,1","01200,1,C,N","050000,1,N,9","+0160,1","+0124,1","99999,9","06,0000,9,1",,"4,000",,,,,"07,99,1,07,1,08,1,00800,1,99,9,99,9",,,,,,,,
"07742099999","1990-10-22T18:00:00","4","43.4333333","2.4166666","450.0","ST MICHEL DE CUXA, FR","FM-12","99999","V020","999,1,C,0000,1","00750,1,C,N","020000,1,N,9","+0140,1","+0138,1","99999,9","99,0380,9,1",,"0,001",,,"9,1,06,1","8,1,06,1","08,99,1,08,1,09,1,00800,1,99,9,99,9",,,"999,M,+0170,1",,"61,1",,"SYN011333   10170",
"07742099999","1990-10-23T06:00:00","4","43.4333333","2.4166666","450.0","ST MICHEL DE CUXA, FR","FM-12","99999","V020","999,1,C,0000,1","22000,1,C,N","050000,1,N,9","+0080,1","+0069,1","99999,9","24,0490,9,1","99,0110,9,1","0,000",,,,,"03,99,1,02,1,02,1,00800,1,08,1,00,1",,,"999,N,+0065,1",,,,"SYN017333   20065 70490",
"07742099999","1990-10-23T12:00:00","4","43.4333333","2.4166666","450.0","ST MICHEL DE CUXA, FR","FM-12","99999","V020","100,1,N,0072,1","03600,1,C,N","050000,1,N,9","+0180,1","+0084,1","99999,9","06,0000,9,1",,"4,000",,,,,"05,99,1,02,1,02,1,00800,1,08,1,00,1",,,,,,,,
"07742099999","1990-10-23T18:00:00","4","43.4333333","2.4166666","450.0","ST MICHEL DE CUXA, FR","FM-12","99999","V020","999,1,C,0000,1","22000,1,C,N","050000,1,N,9","+0130,1","+0091,1","99999,9","06,0000,9,1",,"4,000",,,,,"02,99,1,02,1,05,1,00800,1,00,1,00,1",,,"999,M,+0200,1",,,,"SYN011333   10200",
"07742099999","1990-10-24T06:00:00","4","43.4333333","2.4166666","450.0","ST MICHEL DE CUXA, FR","FM-12","99999","V020","999,1,C,0000,1","22000,1,C,N","050000,1,N,9","+0070,1","+0060,1","99999,9","06,0000,9,1",,"4,000",,,,,"03,99,1,03,1,00,1,99999,9,04,1,00,1",,,"999,N,+0060,1",,,,"SYN011333   20060",
"07742099999","1990-10-24T12:00:00","4","43.4333333","2.4166666","450.0","ST MICHEL DE CUXA, FR","FM-12","99999","V020","999,1,C,0000,1","03600,1,C,N","050000,1,N,9","+0150,1","+0092,1","99999,9","06,0000,9,1",,"4,000",,,,,"06,99,1,03,1,05,1,00800,1,04,1,00,1",,,,,,,,
"07742099999","1990-10-24T18:00:00","4","43.4333333","2.4166666","450.0","ST MICHEL DE CUXA, FR","FM-12","99999","V020","999,1,C,0000,1","00750,1,C,N","050000,1,N,9","+0145,1","+0117,1","99999,9","06,0000,9,1",,"4,000",,,,,"06,99,1,05,1,05,1,00800,1,00,1,02,1",,,"999,M,+0160,1",,,,"SYN011333   10160",
"07742099999","1990-10-25T06:00:00","4","43.4333333","2.4166666","450.0","ST MICHEL DE CUXA, FR","FM-12","99999","V020","999,1,C,0000,1","00750,1,C,N","050000,1,N,9","+0095,1","+0085,1","99999,9","06,0000,9,1",,"4,000",,,,,"06,99,1,05,1,05,1,00800,1,07,1,00,1",,,"999,N,+0095,1",,,,"SYN011333   20095",
"07742099999","1990-10-25T12:00:00","4","43.4333333","2.4166666","450.0","ST MICHEL DE CUXA, FR","FM-12","99999","V020","999,1,C,0000,1","22000,1,C,N","050000,1,N,9","+0165,1","+0076,1","99999,9","06,0000,9,1",,"4,000",,,,,"03,99,1,03,1,02,1,00800,1,00,1,00,1",,,,,,,,
"07742099999","1990-10-25T18:00:00","4","43.4333333","2.4166666","450.0","ST MICHEL DE CUXA, FR","FM-12","99999","V020","999,1,C,0000,1","22000,1,C,N","050000,1,N,9","+0125,1","+0074,1","99999,9","06,0000,9,1",,"4,000",,,,,"01,99,1,01,1,01,1,00800,1,00,1,00,1",,,"999,M,+0175,1",,,,"SYN011333   10175",
"07742099999","1990-10-26T06:00:00","4","43.4333333","2.4166666","450.0","ST MICHEL DE CUXA, FR","FM-12","99999","V020","999,1,C,0000,1","22000,1,C,N","050000,1,N,9","+0160,1","+0104,1","99999,9","06,0000,9,1",,"4,000",,,,,"01,99,1,01,1,00,1,99999,9,03,1,00,1",,,"999,N,+0075,1",,,,"SYN011333   20075",
"07742099999","1990-10-26T18:00:00","4","43.4333333","2.4166666","450.0","ST MICHEL DE CUXA, FR","FM-12","99999","V020","999,1,C,0000,1","01500,1,C,N","050000,1,N,9","+0125,1","+0074,1","99999,9","06,0000,9,1",,"4,000",,,,,"07,99,1,07,1,08,1,01250,1,99,9,99,9",,,"999,M,+0175,1",,,,"SYN011333   10175",
"07742099999","1990-10-27T06:00:00","4","43.4333333","2.4166666","450.0","ST MICHEL DE CUXA, FR","FM-12","99999","V020","999,1,C,0000,1","22000,1,C,N","050000,1,N,9","+0060,1","+0036,1","99999,9","06,0000,9,1",,"4,000",,,,,"01,99,1,01,1,00,1,99999,9,04,1,00,1",,,"999,N,+0050,1",,,,"SYN011333   20050",
"07742099999","1990-10-27T12:00:00","4","43.4333333","2.4166666","450.0","ST MICHEL DE CUXA, FR","FM-12","99999","V020","999,1,C,0000,1","22000,1,C,N","050000,1,N,9","+0140,1","+0043,1","99999,9","06,0000,9,1",,"4,000",,,,,"03,99,1,01,1,00,1,99999,9,04,1,02,1",,,,,,,,
"07742099999","1990-10-27T18:00:00","4","43.4333333","2.4166666","450.0","ST MICHEL DE CUXA, FR","FM-12","99999","V020","999,1,C,0000,1","03600,1,C,N","050000,1,N,9","+0130,1","+0056,1","99999,9","06,0000,9,1",,"4,000",,,,,"06,99,1,03,1,02,1,00800,1,04,1,00,1",,,"999,M,+0160,1",,,,"SYN011333   10160",
"07742099999","1990-10-28T06:00:00","4","43.4333333","2.4166666","450.0","ST MICHEL DE CUXA, FR","FM-12","99999","V020","999,1,C,0000,1","22000,1,C,N","050000,1,N,9","+0075,1","+0053,1","99999,9","06,0000,9,1",,"4,000",,,,,"04,99,1,03,1,00,1,99999,9,04,1,02,1",,,"999,N,+0070,1",,,,"SYN011333   20070",
"07742099999","1990-10-28T12:00:00","4","43.4333333","2.4166666","450.0","ST MICHEL DE CUXA, FR","FM-12","99999","V020","999,1,C,0000,1","99999,9,9,N","050000,1,N,9","+0120,1","+0068,1","99999,9","06,0000,9,1",,"4,000",,,,,"08,99,1,03,1,00,1,99999,9,04,1,02,1",,,,,,,,
"07742099999","1990-10-28T18:00:00","4","43.4333333","2.4166666","450.0","ST MICHEL DE CUXA, FR","FM-12","99999","V020","999,1,C,0000,1","00420,1,C,N","010000,1,N,9","+0125,1","+0101,1","99999,9","99,0003,9,1",,"0,000",,,"6,1,06,1","2,1,06,1","08,99,1,08,1,07,1,00450,1,99,9,99,9",,,"999,M,+0130,1",,"60,1",,"SYN011333   10130",
"07742099999","1990-10-29T12:00:00","4","43.4333333","2.4166666","450.0","ST MICHEL DE CUXA, FR","FM-12","99999","V020","999,1,C,0000,1","00750,1,C,N","050000,1,N,9","+0200,1","+0090,1","99999,9","06,0000,9,1",,"4,000",,,,,"06,99,1,06,1,09,1,00800,1,00,1,00,1",,,,,,,,
"07742099999","1990-10-29T18:00:00","4","43.4333333","2.4166666","450.0","ST MICHEL DE CUXA, FR","FM-12","99999","V020","999,1,C,0000,1","22000,1,C,N","050000,1,N,9","+0150,1","+0120,1","99999,9","06,0000,9,1",,"4,000",,,,,"01,99,1,01,1,02,1,01250,1,00,1,00,1",,,"999,M,+0210,1",,,,"SYN011333   10210",
"07742099999","1990-10-30T06:00:00","4","43.4333333","2.4166666","450.0","ST MICHEL DE CUXA, FR","FM-12","99999","V020","999,1,C,0000,1","22000,1,C,N","050000,1,N,9","+0125,1","+0116,1","99999,9","06,0000,9,1",,"4,000",,,,,"03,99,1,03,1,01,1,01250,1,00,1,00,1",,,"999,N,+0100,1",,,,"SYN011333   20100",
"07742099999","1990-10-30T12:00:00","4","43.4333333","2.4166666","450.0","ST MICHEL DE CUXA, FR","FM-12","99999","V020","999,1,C,0000,1","01200,1,C,N","050000,1,N,9","+0185,1","+0123,1","99999,9","06,0000,9,1",,"4,000",,,,,"06,99,1,06,1,08,1,00800,1,00,1,00,1",,,,,,,,
"07742099999","1990-10-30T18:00:00","4","43.4333333","2.4166666","450.0","ST MICHEL DE CUXA, FR","FM-12","99999","V020","999,1,C,0000,1","00750,1,C,N","050000,1,N,9","+0155,1","+0137,1","99999,9","06,0000,9,1",,"4,000",,,,,"08,99,1,08,1,05,1,00800,1,99,9,99,9",,,"999,M,+0195,1",,,,"SYN011333   10195",
"07742099999","1990-10-31T06:00:00","4","43.4333333","2.4166666","450.0","ST MICHEL DE CUXA, FR","FM-12","99999","V020","999,1,C,0000,1","22000,1,C,N","050000,1,N,9","+0110,1","+0100,1","99999,9","06,0000,9,1",,"4,000",,,,,"02,99,1,02,1,00,1,99999,9,04,1,00,1",,,"999,N,+0110,1",,,,"SYN011333   20110",
"07742099999","1990-10-31T12:00:00","4","43.4333333","2.4166666","450.0","ST MICHEL DE CUXA, FR","FM-12","99999","V020","999,1,C,0000,1","00750,1,C,N","050000,1,N,9","+0160,1","+0124,1","99999,9","06,0000,9,1",,"4,000",,,,,"07,99,1,07,1,05,1,00800,1,99,9,99,9",,,,,,,,
"07742099999","1990-10-31T18:00:00","4","43.4333333","2.4166666","450.0","ST MICHEL DE CUXA, FR","FM-12","99999","V020","999,1,C,0000,1","00750,1,C,N","020000,1,N,9","+0120,1","+0111,1","99999,9","99,9999,2,9",,"0,000",,,"6,1,06,1","2,1,06,1","08,99,1,08,1,05,1,00800,1,99,9,99,9",,,"999,M,+0160,1",,"60,1",,"SYN011333   10160",
"07742099999","1990-11-01T06:00:00","4","43.4333333","2.4166666","450.0","ST MICHEL DE CUXA, FR","FM-12","99999","V020","999,1,C,0000,1","22000,1,C,N","050000,1,N,9","+0070,1","+0059,1","99999,9","24,0085,9,1","99,0090,9,1","0,000",,,"6,1,06,1","1,1,06,1","01,99,1,01,1,02,1,00800,1,00,1,00,1",,,"999,N,+0065,1",,"01,1",,"SYN017333   20065 70085",
"07742099999","1990-11-01T12:00:00","4","43.4333333","2.4166666","450.0","ST MICHEL DE CUXA, FR","FM-12","99999","V020","999,1,C,0000,1","01200,1,C,N","050000,1,N,9","+0140,1","+0102,1","99999,9","06,0000,9,1",,"4,000",,,,,"06,99,1,06,1,08,1,00800,1,00,1,00,1",,,,,,,,
"07742099999","1990-11-01T18:00:00","4","43.4333333","2.4166666","450.0","ST MICHEL DE CUXA, FR","FM-12","99999","V020","999,1,C,0000,1","00750,1,C,N","050000,1,N,9","+0125,1","+0096,1","99999,9","06,0000,9,1",,"4,000",,,,,"06,99,1,06,1,05,1,00800,1,99,9,99,9",,,"999,M,+0155,1",,,,"SYN011333   10155",
"07742099999","1990-11-02T06:00:00","4","43.4333333","2.4166666","450.0","ST MICHEL DE CUXA, FR","FM-12","99999","V020","999,1,C,0000,1","22000,1,C,N","050000,1,N,9","+0060,1","+0049,1","99999,9","06,0000,9,1",,"4,000",,,,,"01,99,1,01,1,01,1,00800,1,00,1,00,1",,,"999,N,+0050,1",,,,"SYN011333   20050",
"07742099999","1990-11-02T12:00:00","4","43.4333333","2.4166666","450.0","ST MICHEL DE CUXA, FR","FM-12","99999","V020","999,1,C,0000,1","22000,1,C,N","050000,1,N,9","+0140,1","+0043,1","99999,9","06,0000,9,1",,"4,000",,,,,"02,99,1,02,1,01,1,00800,1,00,1,00,1",,,,,,,,
"07742099999","1990-11-02T18:00:00","4","43.4333333","2.4166666","450.0","ST MICHEL DE CUXA, FR","FM-12","99999","V020","999,1,C,0000,1","00750,1,C,N","050000,1,N,9","+0090,1","+0069,1","99999,9","99,0010,9,1",,"0,000",,,"6,1,06,1","2,1,06,1","08,99,1,08,1,05,1,00800,1,99,9,99,9",,,"999,M,+0150,1",,"21,1",,"SYN011333   10150",
"07742099999","1990-11-03T06:00:00","4","43.4333333","2.4166666","450.0","ST MICHEL DE CUXA, FR","FM-12","99999","V020","999,1,C,0000,1","22000,1,C,N","050000,1,N,9","+0025,1","+0012,1","99999,9","24,0012,9,1","99,0005,9,1","0,000",,,,,"02,99,1,02,1,00,1,99999,9,04,1,00,1",,,"999,N,+0020,1",,,,"SYN017333   20020 70012",
"07742099999","1990-11-03T12:00:00","4","43.4333333","2.4166666","450.0","ST MICHEL DE CUXA, FR","FM-12","99999","V020","999,1,C,0000,1","22000,1,C,N","050000,1,N,9","+0110,1","+0044,1","99999,9","06,0000,9,1",,"4,000",,,,,"02,99,1,01,1,01,1,00800,1,04,1,00,1",,,,,,,,
"07742099999","1990-11-03T18:00:00","4","43.4333333","2.4166666","450.0","ST MICHEL DE CUXA, FR","FM-12","99999","V020","999,1,C,0000,1","22000,1,C,N","050000,1,N,9","+0085,1","+0026,1","99999,9","06,0000,9,1",,"4,000",,,,,"03,99,1,01,1,01,1,00800,1,04,1,00,1",,,"999,M,+0140,1",,,,"SYN011333   10140",
"07742099999","1990-11-04T06:00:00","4","43.4333333","2.4166666","450.0","ST MICHEL DE CUXA, FR","FM-12","99999","V020","999,1,C,0000,1","22000,1,C,N","050000,1,N,9","+0015,1","-0013,1","99999,9","06,0000,9,1",,"4,000",,,,,"01,99,1,01,1,01,1,00800,1,00,1,00,1",,,"999,N,+0005,1",,,,"SYN011333   20005",
"07742099999","1990-11-04T18:00:00","4","43.4333333","2.4166666","450.0","ST MICHEL DE CUXA, FR","FM-12","99999","V020","999,1,C,0000,1","22000,1,C,N","050000,1,N,9","+0080,1","+0005,1","99999,9","06,0000,9,1",,"4,000",,,,,"01,99,1,01,1,01,1,00800,1,00,1,00,1",,,"999,M,+0125,1",,,,"SYN011333   10125",
"07742099999","1990-11-05T06:00:00","4","43.4333333","2.4166666","450.0","ST MICHEL DE CUXA, FR","FM-12","99999","V020","999,1,C,0000,1","22000,1,C,N","050000,1,N,9","-0010,1","-0040,1","99999,9","06,0000,9,1",,"4,000",,,,,"00,99,1,00,1,00,1,99999,9,00,1,00,1",,,"999,N,-0015,1",,,,"SYN011333   21015",
"07742099999","1990-11-05T12:00:00","4","43.4333333","2.4166666","450.0","ST MICHEL DE CUXA, FR","FM-12","99999","V020","999,1,C,0000,1","22000,1,C,N","050000,1,N,9","+0110,1","-0030,1","99999,9","06,0000,9,1",,"4,000",,,,,"00,99,1,00,1,00,1,99999,9,00,1,00,1",,,,,,,,
"07742099999","1990-11-05T18:00:00","4","43.4333333","2.4166666","450.0","ST MICHEL DE CUXA, FR","FM-12","99999","V020","999,1,C,0000,1","22000,1,C,N","050000,1,N,9","+0080,1","-0020,1","99999,9","06,0000,9,1",,"4,000",,,,,"01,99,1,00,1,00,1,99999,9,00,1,01,1",,,"999,M,+0110,1",,,,"SYN011333   10110","Q01+000012SCOTLC"
"07742099999","1990-11-06T06:00:00","4","43.4333333","2.4166666","450.0","ST MICHEL DE CUXA, FR","FM-12","99999","V020","999,1,C,0000,1","22000,1,C,N","050000,1,N,9","+0005,1","+9999,9","99999,9","06,0000,9,1",,"4,000",,,,,"02,99,1,00,1,00,1,99999,9,00,1,02,1",,,"999,N,+0000,1",,,,"SYN011333   21000",
"07742099999","1990-11-06T12:00:00","4","43.4333333","2.4166666","450.0","ST MICHEL DE CUXA, FR","FM-12","99999","V020","999,1,C,0000,1","22000,1,C,N","050000,1,N,9","+0115,1","+0008,1","99999,9","06,0000,9,1",,"4,000",,,,,"01,99,1,00,1,00,1,99999,9,00,1,02,1",,,,,,,,"Q01+000012SCOTLC"
"07742099999","1990-11-06T18:00:00","4","43.4333333","2.4166666","450.0","ST MICHEL DE CUXA, FR","FM-12","99999","V020","999,1,C,0000,1","22000,1,C,N","050000,1,N,9","+0065,1","-0032,1","99999,9","06,0000,9,1",,"4,000",,,,,"02,99,1,02,1,00,1,99999,9,04,1,00,1",,,"999,M,+0115,1",,,,"SYN011333   10115",
"07742099999","1990-11-07T06:00:00","4","43.4333333","2.4166666","450.0","ST MICHEL DE CUXA, FR","FM-12","99999","V020","999,1,C,0000,1","22000,1,C,N","050000,1,N,9","+0015,1","-0013,1","99999,9","06,0000,9,1",,"4,000",,,,,"00,99,1,00,1,00,1,99999,9,00,1,00,1",,,"999,N,+0010,1",,,,"SYN011333   20010",
"07742099999","1990-11-07T12:00:00","4","43.4333333","2.4166666","450.0","ST MICHEL DE CUXA, FR","FM-12","99999","V020","999,1,C,0000,1","22000,1,C,N","050000,1,N,9","+0115,1","+0026,1","99999,9","06,0000,9,1",,"4,000",,,,,"01,99,1,01,1,02,1,01750,1,00,1,00,1",,,,,,,,
"07742099999","1990-11-07T18:00:00","4","43.4333333","2.4166666","450.0","ST MICHEL DE CUXA, FR","FM-12","99999","V020","999,1,C,0000,1","22000,1,C,N","020000,1,N,9","+0085,1","+0052,1","99999,9","06,0000,9,1",,"4,000",,,,,"03,99,1,03,1,02,1,01750,1,00,1,00,1",,,"999,M,+0120,1",,,,"SYN011333   10120",
"07742099999","1990-11-08T06:00:00","4","43.4333333","2.4166666","450.0","ST MICHEL DE CUXA, FR","FM-12","99999","V020","999,1,C,0000,1","22000,1,C,N","050000,1,N,9","+0060,1","+0056,1","99999,9","24,0004,9,1",,"0,000",,,,,"04,99,1,04,1,00,1,99999,9,04,1,00,1",,,"999,N,+0050,1",,,,"SYN017333   20050 70004",
"07742099999","1990-11-08T12:00:00","4","43.4333333","2.4166666","450.0","ST MICHEL DE CUXA, FR","FM-12","99999","V020","999,1,C,0000,1","03600,1,C,N","050000,1,N,9","+0125,1","+0085,1","99999,9","06,0000,9,1",,"4,000",,,,,"05,99,1,02,1,01,1,00800,1,03,1,00,1",,,,,,,,
"07742099999","1990-11-08T18:00:00","4","43.4333333","2.4166666","450.0","ST MICHEL DE CUXA, FR","FM-12","99999","V020","999,1,C,0000,1","00750,1,C,N","050000,1,N,9","+0130,1","+0091,1","99999,9","06,0000,9,1",,"4,000",,,,,"06,99,1,06,1,05,1,00800,1,00,1,00,1",,,"999,M,+0165,1",,,,"SYN011333   10165",
"07742099999","1990-11-09T06:00:00","4","43.4333333","2.4166666","450.0","ST MICHEL DE CUXA, FR","FM-12","99999","V020","999,1,C,0000,1","22000,1,C,N","020000,1,N,9","+0072,1","+0067,1","99999,9","99,0003,9,1",,"0,000",,,,,"04,99,1,04,1,00,1,99999,9,05,1,00,1",,,"999,N,+0070,1",,,,"SYN011333   20070",
"07742099999","1990-11-09T12:00:00","4","43.4333333","2.4166666","450.0","ST MICHEL DE CUXA, FR","FM-12","99999","V020","999,1,C,0000,1","00420,1,C,N","050000,1,N,9","+0135,1","+0100,1","99999,9","06,0000,9,1",,"4,000",,,,,"07,99,1,07,1,05,1,00450,1,99,9,99,9",,,,,,,,
"07742099999","1990-11-09T18:00:00","4","43.4333333","2.4166666","450.0","ST MICHEL DE CUXA, FR","FM-12","99999","V020","999,1,C,0000,1","00750,1,C,N","020000,1,N,9","+0130,1","+0100,1","99999,9","99,9999,2,9",,"0,000",,,"6,1,06,1","2,1,06,1","08,99,1,08,1,05,1,00800,1,99,9,99,9",,,"999,M,+0145,1",,"02,1",,"SYN011333   10145",
"07742099999","1990-11-10T06:00:00","4","43.4333333","2.4166666","450.0","ST MICHEL DE CUXA, FR","FM-12","99999","V020","999,1,C,0000,1","00120,1,C,N","004000,1,N,9","+0110,1","+0100,1","99999,9","24,0008,9,1",,"0,000",,,"6,1,06,1","2,1,06,1","08,99,1,08,1,05,1,00150,1,99,9,99,9",,,"999,N,+0110,1",,"02,1",,"SYN017333   20110 70008",
"07742099999","1990-11-10T12:00:00","4","43.4333333","2.4166666","450.0","ST MICHEL DE CUXA, FR","FM-12","99999","V020","999,1,C,0000,1","01200,1,C,N","020000,1,N,9","+0130,1","+0100,1","99999,9","06,0003,9,1",,"0,000",,,"6,1,06,1","2,1,06,1","08,99,1,08,1,05,1,01250,1,99,9,99,9",,,,,"21,1",,,
"07742099999","1990-11-10T18:00:00","4","43.4333333","2.4166666","450.0","ST MICHEL DE CUXA, FR","FM-12","99999","V020","999,1,C,0000,1","00120,1,C,N","002000,1,N,9","+0112,1","+0110,1","99999,9","99,0030,9,1",,"0,001",,,"6,1,06,1","2,1,06,1","08,99,1,08,1,07,1,00150,1,99,9,99,9",,,"999,M,+0120,1",,"61,1",,"SYN011333   10120",
"07742099999","1990-11-12T06:00:00","4","43.4333333","2.4166666","450.0","ST MICHEL DE CUXA, FR","FM-12","99999","V020","999,1,C,0000,1","01200,1,C,N","050000,1,N,9","+0100,1","+0079,1","99999,9","06,0000,9,1",,"4,000",,,,,"06,99,1,06,1,05,1,01250,1,00,1,00,1",,,"999,N,+0085,1",,,,"SYN011333   20085",
"07742099999","1990-11-12T12:00:00","4","43.4333333","2.4166666","450.0","ST MICHEL DE CUXA, FR","FM-12","99999","V020","999,1,C,0000,1","22000,1,C,N","050000,1,N,9","+0150,1","+0092,1","99999,9","06,0000,9,1",,"4,000",,,,,"04,99,1,04,1,08,1,00800,1,00,1,00,1",,,,,,,,
"07742099999","1990-11-12T18:00:00","4","43.4333333","2.4166666","450.0","ST MICHEL DE CUXA, FR","FM-12","99999","V020","999,1,C,0000,1","22000,1,C,N","050000,1,N,9","+0140,1","+0091,1","99999,9","06,0000,9,1",,"4,000",,,,,"04,99,1,01,1,02,1,00800,1,04,1,00,1",,,"999,M,+0165,1",,,,"SYN011333   10165",
"07742099999","1990-11-13T06:00:00","4","43.4333333","2.4166666","450.0","ST MICHEL DE CUXA, FR","FM-12","99999","V020","999,1,C,0000,1","22000,1,C,N","050000,1,N,9","+0075,1","+0058,1","99999,9","06,0000,9,1",,"4,000",,,,,"03,99,1,03,1,00,1,99999,9,04,1,00,1",,,"999,N,+0065,1",,,,"SYN011333   20065",
"07742099999","1990-11-13T18:00:00","4","43.4333333","2.4166666","450.0","ST MICHEL DE CUXA, FR","FM-12","99999","V020","999,1,C,0000,1","22000,1,C,N","050000,1,N,9","+0120,1","+0084,1","99999,9","06,0000,9,1",,"4,000",,,,,"03,99,1,02,1,02,1,00800,1,04,1,00,1",,,"999,M,+0170,1",,,,"SYN011333   10170",
"07742099999","1990-11-14T06:00:00","4","43.4333333","2.4166666","450.0","ST MICHEL DE CUXA, FR","FM-12","99999","V020","999,1,C,0000,1","00750,1,C,N","020000,1,N,9","+0105,1","+0085,1","99999,9","06,0000,9,1",,"4,000",,,,,"06,99,1,06,1,02,1,00800,1,00,1,00,1",,,"999,N,+0085,1",,,,"SYN011333   20085",
"07742099999","1990-11-15T18:00:00","4","43.4333333","2.4166666","450.0","ST MICHEL DE CUXA, FR","FM-12","99999","V020","260,1,N,0062,1","03600,1,C,N","050000,1,N,9","+0160,1","+9999,9","99999,9","06,0000,9,1",,"4,000",,,,,"07,99,1,03,1,05,1,00800,1,04,1,02,1",,,"999,M,+0200,1",,,,"SYN011333   10200",
"07742099999","1990-11-16T06:00:00","4","43.4333333","2.4166666","450.0","ST MICHEL DE CUXA, FR","FM-12","99999","V020","999,1,C,0000,1","22000,1,C,N","020000,1,N,9","+0150,1","+0070,1","99999,9","06,0000,9,1",,"4,000",,,,,"03,99,1,03,1,00,1,99999,9,04,1,00,1",,,"999,N,+0080,1",,,,"SYN011333   20080",
"07742099999","1990-11-16T12:00:00","4","43.4333333","2.4166666","450.0","ST MICHEL DE CUXA, FR","FM-12","99999","V020","999,1,C,0000,1","22000,1,C,N","050000,1,N,9","+0165,1","+0060,1","99999,9","06,0000,9,1",,"4,000",,,,,"03,99,1,01,1,05,1,01250,1,04,1,00,1",,,,,,,,
"07742099999","1990-11-17T06:00:00","4","43.4333333","2.4166666","450.0","ST MICHEL DE CUXA, FR","FM-12","99999","V020","999,1,C,0000,1","22000,1,C,N","050000,1,N,9","+0185,1","+0040,1","99999,9","06,0000,9,1",,"4,000",,,,,"03,99,1,03,1,00,1,99999,9,04,1,00,1",,,"999,N,+0115,1",,,,"SYN011333   20115",
"07742099999","1990-11-17T12:00:00","4","43.4333333","2.4166666","450.0","ST MICHEL DE CUXA, FR","FM-12","99999","V020","999,1,C,0000,1","22000,1,C,N","050000,1,N,9","+0150,1","+0070,1","99999,9","06,0000,9,1",,"4,000",,,,,"02,99,1,02,1,00,1,99999,9,04,1,00,1",,,,,,,,
"07742099999","1990-11-17T18:00:00","4","43.4333333","2.4166666","450.0","ST MICHEL DE CUXA, FR","FM-12","99999","V020","999,1,C,0000,1","22000,1,C,N","050000,1,N,9","+0160,1","+0040,1","99999,9","06,0000,9,1",,"4,000",,,,,"00,99,1,00,1,00,1,99999,9,00,1,00,1",,,"999,M,+0210,1",,,,"SYN011333   10210",
"07742099999","1990-11-18T06:00:00","4","43.4333333","2.4166666","450.0","ST MICHEL DE CUXA, FR","FM-12","99999","V020","999,1,C,0000,1","22000,1,C,N","050000,1,N,9","+0110,1","+0000,1","99999,9","06,0000,9,1",,"4,000",,,,,"01,99,1,01,1,00,1,99999,9,04,1,00,1",,,"999,N,+0085,1",,,,"SYN011333   20085",
"07742099999","1990-11-18T12:00:00","4","43.4333333","2.4166666","450.0","ST MICHEL DE CUXA, FR","FM-12","99999","V020","280,1,N,0021,1","22000,1,C,N","050000,1,N,9","+0200,1","+0010,1","99999,9","06,0000,9,1",,"4,000",,,,,"01,99,1,01,1,00,1,99999,9,04,1,01,1",,,,,,,,
"07742099999","1990-11-18T18:00:00","4","43.4333333","2.4166666","450.0","ST MICHEL DE CUXA, FR","FM-12","99999","V020","999,1,C,0000,1","22000,1,C,N","050000,1,N,9","+0140,1","-0020,1","99999,9","06,0000,9,1",,"4,000",,,,,"01,99,1,01,1,01,1,00800,1,00,1,00,1",,,"999,M,+0205,1",,,,"SYN011333   10205",
"07742099999","1990-11-19T06:00:00","4","43.4333333","2.4166666","450.0","ST MICHEL DE CUXA, FR","FM-12","99999","V020","999,1,C,0000,1","22000,1,C,N","050000,1,N,9","+0090,1","+0018,1","99999,9","06,0000,9,1",,"4,000",,,,,"02,99,1,01,1,00,1,99999,9,04,1,01,1",,,"999,N,+0070,1",,,,"SYN011333   20070",
"07742099999","1990-11-19T18:00:00","4","43.4333333","2.4166666","450.0","ST MICHEL DE CUXA, FR","FM-12","99999","V020","999,1,C,0000,1","22000,1,C,N","050000,1,N,9","+0150,1","+0069,1","99999,9","06,0000,9,1",,"4,000",,,,,"01,99,1,01,1,01,1,00800,1,00,1,00,1",,,"999,M,+0190,1",,,,"SYN011333   10190",
"07742099999","1990-11-20T06:00:00","4","43.4333333","2.4166666","450.0","ST MICHEL DE CUXA, FR","FM-12","99999","V020","999,1,C,0000,1","22000,1,C,N","050000,1,N,9","+0075,1","+0053,1","99999,9","06,0000,9,1",,"4,000",,,,,"01,99,1,01,1,00,1,99999,9,04,1,00,1",,,"999,N,+0070,1",,,,"SYN011333   20070",
"07742099999","1990-11-20T12:00:00","4","43.4333333","2.4166666","450.0","ST MICHEL DE CUXA, FR","FM-12","99999","V020","999,1,C,0000,1","22000,1,C,N","050000,1,N,9","+0150,1","+0081,1","99999,9","06,0000,9,1",,"4,000",,,,,"03,99,1,01,1,00,1,00800,1,00,1,01,1",,,,,,,,
"07742099999","1990-11-20T18:00:00","4","43.4333333","2.4166666","450.0","ST MICHEL DE CUXA, FR","FM-12","99999","V020","999,1,C,0000,1","00750,1,C,N","050000,1,N,9","+0130,1","+0091,1","99999,9","06,0000,9,1",,"4,000",,,,,"08,99,1,08,1,05,1,00800,1,99,9,99,9",,,"999,M,+0155,1",,,,"SYN011333   10155",
"07742099999","1990-11-21T06:00:00","4","43.4333333","2.4166666","450.0","ST MICHEL DE CUXA, FR","FM-12","99999","V020","999,1,C,0000,1","01200,1,C,N","050000,1,N,9","+0085,1","+0063,1","99999,9","06,0000,9,1",,"4,000",,,,,"07,99,1,07,1,05,1,01250,1,99,9,99,9",,,"999,N,+0060,1",,,,"SYN011333   20060",
"07742099999","1990-11-21T12:00:00","4","43.4333333","2.4166666","450.0","ST MICHEL DE CUXA, FR","FM-12","99999","V020","999,1,C,0000,1","00750,1,C,N","050000,1,N,9","+0105,1","+0074,1","99999,9","06,0000,9,1",,"4,000",,,,,"08,99,1,08,1,05,1,00800,1,99,9,99,9",,,,,,,,
"07742099999","1990-11-21T18:00:00","4","43.4333333","2.4166666","450.0","ST MICHEL DE CUXA, FR","FM-12","99999","V020","999,1,C,0000,1","00750,1,C,N","050000,1,N,9","+0075,1","+0053,1","99999,9","06,0000,9,1",,"4,000",,,,,"08,99,1,08,1,05,1,00800,1,99,9,99,9",,,"999,M,+0105,1",,,,"SYN011333   10105",
"07742099999","1990-11-22T06:00:00","4","43.4333333","2.4166666","450.0","ST MICHEL DE CUXA, FR","FM-12","99999","V020","999,1,C,0000,1","00750,1,C,N","050000,1,N,9","+0055,1","+0043,1","99999,9","24,0070,9,1",,"0,000",,,"6,1,06,1","2,1,06,1","08,99,1,08,1,05,1,00800,1,99,9,99,9",,,"999,N,+0050,1",,"02,1",,"SYN017333   20050 70070",
"07742099999","1990-11-22T12:00:00","4","43.4333333","2.4166666","450.0","ST MICHEL DE CUXA, FR","FM-12","99999","V020","999,1,C,0000,1","00750,1,C,N","050000,1,N,9","+0080,1","+0072,1","99999,9","06,9999,2,9",,"0,000",,,"6,1,06,1","2,1,06,1","08,99,1,08,1,05,1,00800,1,99,9,99,9",,,,,"02,1",,,
"07742099999","1990-11-22T18:00:00","4","43.4333333","2.4166666","450.0","ST MICHEL DE CUXA, FR","FM-12","99999","V020","999,1,C,0000,1","00750,1,C,N","050000,1,N,9","+0050,1","+0038,1","99999,9","99,0005,9,1",,"0,000",,,"6,1,06,1","2,1,06,1","08,99,1,08,1,05,1,00800,1,99,9,99,9",,,"999,M,+0080,1",,"02,1",,"SYN011333   10080",
"07742099999","1990-11-23T12:00:00","4","43.4333333","2.4166666","450.0","ST MICHEL DE CUXA, FR","FM-12","99999","V020","999,1,C,0000,1","22000,1,C,N","050000,1,N,9","+0085,1","-0004,1","99999,9","06,0000,9,1",,"4,000",,,,,"01,99,1,01,1,00,1,99999,9,04,1,00,1",,,,,,,,
"07742099999","1990-11-23T18:00:00","4","43.4333333","2.4166666","450.0","ST MICHEL DE CUXA, FR","FM-12","99999","V020","999,1,C,0000,1","22000,1,C,N","050000,1,N,9","+0035,1","+0019,1","99999,9","06,0000,9,1",,"4,000",,,,,"02,99,1,01,1,02,1,00800,1,04,1,00,1",,,"999,M,+0100,1",,,,"SYN011333   10100",
"07742099999","1990-11-24T12:00:00","4","43.4333333","2.4166666","450.0","ST MICHEL DE CUXA, FR","FM-12","99999","V020","999,1,C,0000,1","22000,1,C,N","050000,1,N,9","+0130,1","+0043,1","99999,9","06,0000,9,1",,"4,000",,,,,"03,99,1,01,1,00,1,99999,9,04,1,02,1",,,,,,,,
"07742099999","1990-11-25T06:00:00","4","43.4333333","2.4166666","450.0","ST MICHEL DE CUXA, FR","FM-12","99999","V020","999,1,C,0000,1","22000,1,C,N","050000,1,N,9","+0050,1","+0020,1","99999,9","06,0000,9,1",,"4,000",,,,,"02,99,1,02,1,00,1,99999,9,04,1,00,1",,,"999,N,+0030,1",,,,"SYN011333   20030",
"07742099999","1990-11-25T12:00:00","4","43.4333333","2.4166666","450.0","ST MICHEL DE CUXA, FR","FM-12","99999","V020","999,1,C,0000,1","22000,1,C,N","050000,1,N,9","+0110,1","+0030,1","99999,9","06,0000,9,1",,"4,000",,,,,"04,99,1,04,1,01,1,00450,1,00,1,00,1",,,,,,,,
"07742099999","1990-11-26T06:00:00","4","43.4333333","2.4166666","450.0","ST MICHEL DE CUXA, FR","FM-12","99999","V020","999,1,C,0000,1","22000,1,C,N","050000,1,N,9","+0010,1","-0010,1","99999,9","06,0000,9,1",,"4,000",,,,,"02,99,1,02,1,00,1,99999,9,04,1,00,1",,,"999,N,+0000,1",,,,"SYN011333   20000",
"07742099999","1990-11-26T12:00:00","4","43.4333333","2.4166666","450.0","ST MICHEL DE CUXA, FR","FM-12","99999","V020","999,1,C,0000,1","22000,1,C,N","050000,1,N,9","+0090,1","+0020,1","99999,9","06,0000,9,1",,"4,000",,,,,"02,99,1,01,1,01,1,00800,1,00,1,01,1",,,,,,,,
"07742099999","1990-11-26T18:00:00","4","43.4333333","2.4166666","450.0","ST MICHEL DE CUXA, FR","FM-12","99999","V020","999,1,C,0000,1","22000,1,C,N","050000,1,N,9","+0060,1","+0020,1","99999,9","06,0000,9,1",,"4,000",,,,,"03,99,1,01,1,01,1,01250,1,04,1,00,1",,,"999,M,+0100,1",,,,"SYN011333   10100",
"07742099999","1990-11-27T06:00:00","4","43.4333333","2.4166666","450.0","ST MICHEL DE CUXA, FR","FM-12","99999","V020","999,1,C,0000,1","22000,1,C,N","050000,1,N,9","+0015,1","-0029,1","99999,9","06,0000,9,1",,"4,000",,,,,"02,99,1,02,1,00,1,99999,9,04,1,00,1",,,"999,N,+0010,1",,,,"SYN011333   20010",
"07742099999","1990-11-27T12:00:00","4","43.4333333","2.4166666","450.0","ST MICHEL DE CUXA, FR","FM-12","99999","V020","999,1,C,0000,1","00750,1,C,N","050000,1,N,9","+0060,1","+0010,1","99999,9","06,0000,9,1",,"4,000",,,,,"07,99,1,07,1,05,1,00800,1,99,9,99,9",,,,,,,,
"07742099999","1990-11-28T06:00:00","4","43.4333333","2.4166666","450.0","ST MICHEL DE CUXA, FR","FM-12","99999","V020","999,1,C,0000,1","22000,1,C,N","050000,1,N,9","+0035,1","-0022,1","99999,9","06,0000,9,1","24,0000,9,1","4,000",,,,,"04,99,1,03,1,00,1,99999,9,04,1,02,1",,,"999,N,-0005,1",,,,"SYN017333   21005 70000",
"07742099999","1990-11-28T12:00:00","4","43.4333333","2.4166666","450.0","ST MICHEL DE CUXA, FR","FM-12","99999","V020","999,1,C,0000,1","03600,1,C,N","050000,1,N,9","+0080,1","+0005,1","99999,9","06,0000,9,1",,"4,000",,,,,"07,99,1,02,1,02,1,00800,1,04,1,99,9",,,,,,,,
"07742099999","1990-11-28T18:00:00","4","43.4333333","2.4166666","450.0","ST MICHEL DE CUXA, FR","FM-12","99999","V020","999,1,C,0000,1","01200,1,C,N","050000,1,N,9","+0065,1","+0029,1","99999,9","06,0000,9,1",,"4,000",,,,,"07,99,1,07,1,08,1,00800,1,99,9,99,9",,,"999,M,+0095,1",,,,"SYN011333   10095",
"07742099999","1990-11-29T06:00:00","4","43.4333333","2.4166666","450.0","ST MICHEL DE CUXA, FR","FM-12","99999","V020","999,1,C,0000,1","22000,1,C,N","050000,1,N,9","+0020,1","-0023,1","99999,9","06,0000,9,1",,"4,000",,,,,"04,99,1,02,1,05,1,01250,1,07,1,00,1",,,"999,N,-0005,1",,,,"SYN011333   21005",
"07742099999","1990-11-29T18:00:00","4","43.4333333","2.4166666","450.0","ST MICHEL DE CUXA, FR","FM-12","99999","V020","999,1,C,0000,1","22000,1,C,N","050000,1,N,9","+0015,1","-0029,1","99999,9","06,0000,9,1",,"4,000",,,,,"01,99,1,01,1,00,1,99999,9,03,1,00,1",,,"999,M,+0070,1",,,,"SYN011333   10070",
"07742099999","1990-11-30T06:00:00","4","43.4333333","2.4166666","450.0","ST MICHEL DE CUXA, FR","FM-12","99999","V020","999,1,C,0000,1","00420,1,C,N","050000,1,N,9","+0035,1","-0020,1","99999,9","06,0000,9,1",,"4,000",,,,,"05,99,1,05,1,07,1,00450,1,00,1,00,1",,,"999,N,-0015,1",,,,"SYN011333   21015",
"07742099999","1990-11-30T12:00:00","4","43.4333333","2.4166666","450.0","ST MICHEL DE CUXA, FR","FM-12","99999","V020","280,1,N,0051,1","03600,1,C,N","050000,1,N,9","+0060,1","-0020,1","99999,9","06,0000,9,1",,"4,000",,,,,"06,99,1,02,1,02,1,00800,1,04,1,00,1",,,,,,,,
"07742099999","1990-12-01T06:00:00","4","43.4333333","2.4166666","450.0","ST MICHEL DE CUXA, FR","FM-12","99999","V020","020,1,N,0026,1","22000,1,C,N","050000,1,N,9","+0060,1","-0020,1","99999,9","06,0000,9,1",,"4,000",,,,,"01,99,1,01,1,00,1,99999,9,04,1,00,1",,,"999,N,+0005,1",,,,"SYN011333   20005",
"07742099999","1990-12-01T18:00:00","4","43.4333333","2.4166666","450.0","ST MICHEL DE CUXA, FR","FM-12","99999","V020","999,1,C,0000,1","22000,1,C,N","050000,1,N,9","+0030,1","-0050,1","99999,9","06,0000,9,1",,"4,000",,,,,"00,99,1,00,1,00,1,99999,9,00,1,00,1",,,"999,M,+0095,1",,,,"SYN011333   10095",
"07742099999","1990-12-02T06:00:00","4","43.4333333","2.4166666","450.0","ST MICHEL DE CUXA, FR","FM-12","99999","V020","999,1,C,0000,1","22000,1,C,N","050000,1,N,9","+0020,1","-0041,1","99999,9","06,0000,9,1",,"4,000",,,,,"00,99,1,00,1,00,1,99999,9,00,1,00,1",,,"999,N,-0005,1",,,,"SYN011333   21005",
"07742099999","1990-12-02T12:00:00","4","43.4333333","2.4166666","450.0","ST MICHEL DE CUXA, FR","FM-12","99999","V020","999,1,C,0000,1","22000,1,C,N","050000,1,N,9","+0120,1","+0056,1","99999,9","06,0000,9,1",,"4,000",,,,,"00,99,1,00,1,00,1,99999,9,00,1,00,1",,,,,,,,
"07742099999","1990-12-03T06:00:00","4","43.4333333","2.4166666","450.0","ST MICHEL DE CUXA, FR","FM-12","99999","V020","999,1,C,0000,1","22000,1,C,N","050000,1,N,9","-0020,1","-0042,1","99999,9","06,0000,9,1",,"4,000",,,,,"00,99,1,00,1,00,1,99999,9,00,1,00,1",,,"999,M,-0020,1",,,,"SYN011333   11020",
"07742099999","1990-12-03T12:00:00","4","43.4333333","2.4166666","450.0","ST MICHEL DE CUXA, FR","FM-12","99999","V020","999,1,C,0000,1","22000,1,C,N","050000,1,N,9","+0080,1","-0028,1","99999,9","06,0000,9,1",,"4,000",,,,,"01,99,1,01,1,00,1,99999,9,04,1,00,1",,,,,,,,
"07742099999","1990-12-03T18:00:00","4","43.4333333","2.4166666","450.0","ST MICHEL DE CUXA, FR","FM-12","99999","V020","999,1,C,0000,1","22000,1,C,N","050000,1,N,9","+0015,1","-0029,1","99999,9","06,0000,9,1",,"4,000",,,,,"01,99,1,01,1,00,1,99999,9,04,1,09,1",,,"999,M,+0095,1",,,,"SYN011333   10095",
"07742099999","1990-12-04T06:00:00","4","43.4333333","2.4166666","450.0","ST MICHEL DE CUXA, FR","FM-12","99999","V020","999,1,C,0000,1","22000,1,C,N","050000,1,N,9","-0025,1","+9999,9","99999,9","06,0000,9,1",,"4,000",,,,,"02,99,1,02,1,00,1,99999,9,04,1,00,1",,,"999,N,-0030,1",,,,"SYN011333   21030",
"07742099999","1990-12-04T12:00:00","4","43.4333333","2.4166666","450.0","ST MICHEL DE CUXA, FR","FM-12","99999","V020","999,1,C,0000,1","22000,1,C,N","050000,1,N,9","+0060,1","+0000,1","99999,9","06,0000,9,1",,"4,000",,,,,"02,99,1,00,1,00,1,99999,9,00,1,01,1",,,,,,,,
"07742099999","1990-12-05T06:00:00","4","43.4333333","2.4166666","450.0","ST MICHEL DE CUXA, FR","FM-12","99999","V020","999,1,C,0000,1","22000,1,C,N","050000,1,N,9","+0020,1","+9999,9","99999,9","06,0000,9,1",,"4,000",,,,,"00,99,1,00,1,00,1,99999,9,00,1,00,1",,,"999,N,-0005,1",,,,"SYN011333   21005",
"07742099999","1990-12-06T06:00:00","4","43.4333333","2.4166666","450.0","ST MICHEL DE CUXA, FR","FM-12","99999","V020","999,1,C,0000,1","22000,1,C,N","050000,1,N,9","-0030,1","+9999,9","99999,9","06,0000,9,1",,"4,000",,,,,"00,99,1,00,1,00,1,99999,9,00,1,00,1",,,"999,N,-0030,1",,,,"SYN011333   21030",
"07742099999","1990-12-06T12:00:00","4","43.4333333","2.4166666","450.0","ST MICHEL DE CUXA, FR","FM-12","99999","V020","999,1,C,0000,1","22000,1,C,N","020000,1,N,9","+0050,1","-0078,1","99999,9","06,0000,9,1",,"4,000",,,,,"00,99,1,00,1,00,1,99999,9,00,1,00,1",,,,,,,,
"07742099999","1990-12-06T18:00:00","4","43.4333333","2.4166666","450.0","ST MICHEL DE CUXA, FR","FM-12","99999","V020","999,1,C,0000,1","22000,1,C,N","050000,1,N,9","-0010,1","-0074,1","99999,9","06,0000,9,1",,"4,000",,,,,"00,99,1,00,1,00,1,99999,9,00,1,00,1",,,"999,M,+0075,1",,,,"SYN011333   10075",
"07742099999","1990-12-07T06:00:00","4","43.4333333","2.4166666","450.0","ST MICHEL DE CUXA, FR","FM-12","99999","V020","999,1,C,0000,1","22000,1,C,N","050000,1,N,9","-0050,1","+9999,9","99999,9","06,0000,9,1",,"4,000",,,,,"00,99,1,00,1,00,1,99999,9,00,1,00,1",,,"999,N,-0050,1",,,,"SYN011333   21050",
"07742099999","1990-12-08T06:00:00","4","43.4333333","2.4166666","450.0","ST MICHEL DE CUXA, FR","FM-12","99999","V020","999,1,C,0000,1","22000,1,C,N","050000,1,N,9","-0050,1","+9999,9","99999,9","06,0000,9,1",,"4,000",,,,,"02,99,1,01,1,03,1,99999,9,00,1,01,1",,,"999,N,+9999,9",,,,"SYN011333   21030","Q01+000992SCOLCBQ02 -00302ATMN  "
"07742099999","1990-12-08T18:00:00","4","43.4333333","2.4166666","450.0","ST MICHEL DE CUXA, FR","FM-12","99999","V020","999,1,C,0000,1","00750,1,C,N","020000,1,N,9","+0055,1","+0043,1","99999,9","06,0000,9,1",,"4,000",,,,,"08,99,1,08,1,05,1,00800,1,99,9,99,9",,,"999,M,+0095,1",,,,"SYN011333   10095",
"07742099999","1990-12-09T06:00:00","4","43.4333333","2.4166666","450.0","ST MICHEL DE CUXA, FR","FM-12","99999","V020","999,1,C,0000,1","03600,1,C,N","050000,1,N,9","+0020,1","+0010,1","99999,9","24,0012,9,1",,"0,000",,,"6,1,06,1","2,1,06,1","06,99,1,04,1,05,1,01250,1,04,1,01,1",,,"999,N,+0010,1",,"02,1",,"SYN017333   20010 70012",
"07742099999","1990-12-09T12:00:00","4","43.4333333","2.4166666","450.0","ST MICHEL DE CUXA, FR","FM-12","99999","V020","999,1,C,0000,1","03600,1,C,N","050000,1,N,9","+0065,1","+0055,1","99999,9","06,0000,9,1",,"4,000",,,,,"06,99,1,04,1,05,1,01250,1,04,1,01,1",,,,,,,,
"07742099999","1990-12-09T18:00:00","4","43.4333333","2.4166666","450.0","ST MICHEL DE CUXA, FR","FM-12","99999","V020","999,1,C,0000,1","01200,1,C,N","020000,1,N,9","+0040,1","+0000,1","99999,9","06,0000,9,1",,"4,000",,,,,"06,99,1,05,1,05,1,01250,1,04,1,00,1",,,"999,M,+0080,1",,,,"SYN011333   10080",
"07742099999","1990-12-10T06:00:00","4","43.4333333","2.4166666","450.0","ST MICHEL DE CUXA, FR","FM-12","99999","V020","999,1,C,0000,1","00750,1,C,N","020000,1,N,9","+0035,1","+0000,1","99999,9","06,0000,9,1",,"4,000",,,,,"06,99,1,06,1,05,1,00800,1,00,1,00,1",,,"999,N,-0005,1",,,,"SYN011333   21005",
"07742099999","1990-12-10T12:00:00","4","43.4333333","2.4166666","450.0","ST MICHEL DE CUXA, FR","FM-12","99999","V020","999,1,C,0000,1","01200,1,C,N","020000,1,N,9","+0040,1","+0000,1","99999,9","06,0000,9,1",,"4,000",,,,,"06,99,1,05,1,06,1,01250,1,04,1,00,1",,,,,,,,
"07742099999","1990-12-10T18:00:00","4","43.4333333","2.4166666","450.0","ST MICHEL DE CUXA, FR","FM-12","99999","V020","999,1,C,0000,1","22000,1,C,N","020000,1,N,9","+0030,1","-0020,1","99999,9","06,0000,9,1",,"4,000",,,,,"02,99,1,02,1,08,1,00800,1,00,1,00,1",,,"999,M,+0045,1",,,,"SYN011333   10045",
"07742099999","1990-12-11T06:00:00","4","43.4333333","2.4166666","450.0","ST MICHEL DE CUXA, FR","FM-12","99999","V020","999,1,C,0000,1","00420,1,C,N","020000,1,N,9","+0035,1","+0028,1","99999,9","24,0022,9,1",,"0,000",,,"6,1,06,1",,"08,99,1,08,1,07,1,00450,1,99,9,99,9",,,"999,N,+0015,1",,"02,1",,"SYN017333   20015 70022",
"07742099999","1990-12-11T12:00:00","4","43.4333333","2.4166666","450.0","ST MICHEL DE CUXA, FR","FM-12","99999","V020","999,1,C,0000,1","00420,1,C,N","000500,1,N,9","+0005,1","+0005,1","99999,9","06,0040,9,1",,"0,000",,"99,002,9,1","7,1,06,1","2,1,06,1","08,99,1,08,1,07,1,00450,1,99,9,99,9",,,,,"70,1",,"SYN011333   93102",
"07742099999","1990-12-12T18:00:00","4","43.4333333","2.4166666","450.0","ST MICHEL DE CUXA, FR","FM-12","99999","V020","999,1,C,0000,1","03600,1,C,N","050000,1,N,9","+0120,1","+0030,1","99999,9","06,0000,9,1",,"4,000",,,,,"06,99,1,04,1,01,1,00800,1,04,1,00,1",,,"999,M,+0125,1",,,,"SYN011333   10125",
"07742099999","1990-12-13T06:00:00","4","43.4333333","2.4166666","450.0","ST MICHEL DE CUXA, FR","FM-12","99999","V020","280,1,N,0077,1","22000,1,C,N","050000,1,N,9","+0030,1","+0017,1","99999,9","24,0020,9,1",,"0,000",,,"6,1,06,1","1,1,06,1","03,99,1,02,1,01,1,00800,1,00,1,01,1",,,"999,N,+0015,1",,"01,1",,"SYN017333   20015 70020",
"07742099999","1990-12-13T12:00:00","4","43.4333333","2.4166666","450.0","ST MICHEL DE CUXA, FR","FM-12","99999","V020","999,1,C,0000,1","22000,1,C,N","050000,1,N,9","+0040,1","-0015,1","99999,9","06,0000,9,1",,"4,000",,,,,"04,99,1,04,1,08,1,00450,1,00,1,00,1",,,,,,,,
"07742099999","1990-12-14T06:00:00","4","43.4333333","2.4166666","450.0","ST MICHEL DE CUXA, FR","FM-12","99999","V020","999,1,C,0000,1","01200,1,C,N","050000,1,N,9","+0035,1","+0022,1","99999,9","06,0000,9,1","24,9999,2,9","4,000",,,,,"06,99,1,06,1,05,1,01250,1,00,1,00,1",,,"999,N,+0020,1",,,,"SYN017333   20020 79999",
"07742099999","1990-12-15T12:00:00","4","43.4333333","2.4166666","450.0","ST MICHEL DE CUXA, FR","FM-12","99999","V020","999,1,C,0000,1","22000,1,C,N","050000,1,N,9","+0085,1","+0026,1","99999,9","06,0000,9,1",,"4,000",,,,,"02,99,1,00,1,00,1,99999,9,00,1,02,1",,,,,,,,
"07742099999","1990-12-15T18:00:00","4","43.4333333","2.4166666","450.0","ST MICHEL DE CUXA, FR","FM-12","99999","V020","999,1,C,0000,1","22000,1,C,N","050000,1,N,9","+0080,1","-0070,1","99999,9","06,0000,9,1",,"4,000",,,,,"04,99,1,04,1,01,1,00800,1,00,1,00,1",,,"999,M,+0140,1",,,,"SYN011333   10140",
"07742099999","1990-12-16T06:00:00","4","43.4333333","2.4166666","450.0","ST MICHEL DE CUXA, FR","FM-12","99999","V020","999,1,C,0000,1","22000,1,C,N","050000,1,N,9","+0030,1","+0004,1","99999,9","06,0000,9,1",,"4,000",,,,,"01,99,1,01,1,00,1,99999,9,04,1,00,1",,,"999,N,+0025,1",,,,"SYN011333   20025",
"07742099999","1990-12-16T12:00:00","4","43.4333333","2.4166666","450.0","ST MICHEL DE CUXA, FR","FM-12","99999","V020","999,1,C,0000,1","22000,1,C,N","050000,1,N,9","+0070,1","-0044,1","99999,9","06,0000,9,1",,"4,000",,,,,"00,99,1,00,1,00,1,99999,9,00,1,00,1",,,,,,,,
"07742099999","1990-12-16T18:00:00","4","43.4333333","2.4166666","450.0","ST MICHEL DE CUXA, FR","FM-12","99999","V020","999,1,C,0000,1","22000,1,C,N","050000,1,N,9","+0010,1","-0099,1","99999,9","06,0000,9,1",,"4,000",,,,,"00,99,1,00,1,00,1,99999,9,00,1,00,1",,,"999,M,+0090,1",,,,"SYN011333   10090",
"07742099999","1990-12-17T12:00:00","4","43.4333333","2.4166666","450.0","ST MICHEL DE CUXA, FR","FM-12","99999","V020","999,1,C,0000,1","00750,1,C,N","050000,1,N,9","-0005,1","+9999,9","99999,9","06,0000,9,1",,"4,000",,,,,"07,99,1,07,1,05,1,00800,1,99,9,99,9",,,,,,,,
"07742099999","1990-12-17T18:00:00","4","43.4333333","2.4166666","450.0","ST MICHEL DE CUXA, FR","FM-12","99999","V020","999,1,C,0000,1","22000,1,C,N","050000,1,N,9","-0005,1","+9999,9","99999,9","06,0000,9,1",,"4,000",,,,,"00,99,1,00,1,00,1,99999,9,00,1,00,1",,,"999,M,+0020,1",,,,"SYN011333   10020",
"07742099999","1990-12-18T06:00:00","4","43.4333333","2.4166666","450.0","ST MICHEL DE CUXA, FR","FM-12","99999","V020","999,1,C,0000,1","22000,1,C,N","050000,1,N,9","-0040,1","+9999,9","99999,9","06,0000,9,1",,"4,000",,,,,"04,99,1,04,1,00,1,99999,9,04,1,00,1",,,"999,N,+9999,9",,,,"SYN011333   20055","Q01 +00552ATMN  "
"07742099999","1990-12-18T12:00:00","4","43.4333333","2.4166666","450.0","ST MICHEL DE CUXA, FR","FM-12","99999","V020","999,1,C,0000,1","22000,1,C,N","050000,1,N,9","+0015,1","-0029,1","99999,9","06,0000,9,1",,"4,000",,,,,"02,99,1,02,1,00,1,02250,1,04,1,00,1",,,,,,,,
"07742099999","1990-12-18T18:00:00","4","43.4333333","2.4166666","450.0","ST MICHEL DE CUXA, FR","FM-12","99999","V020","999,1,C,0000,1","22000,1,C,N","050000,1,N,9","+0010,1","-0035,1","99999,9","06,0000,9,1",,"4,000",,,,,"01,99,1,01,1,00,1,99999,9,04,1,00,1",,,"999,M,+0070,1",,,,"SYN011333   10070",
"07742099999","1990-12-19T06:00:00","4","43.4333333","2.4166666","450.0","ST MICHEL DE CUXA, FR","FM-12","99999","V020","999,1,C,0000,1","22000,1,C,N","050000,1,N,9","-0025,1","+9999,9","99999,9","06,0000,9,1",,"4,000",,,,,"00,99,1,00,1,00,1,99999,9,00,1,00,1",,,"999,N,-0030,1",,,,"SYN011333   21030",
"07742099999","1990-12-19T12:00:00","4","43.4333333","2.4166666","450.0","ST MICHEL DE CUXA, FR","FM-12","99999","V020","999,1,C,0000,1","22000,1,C,N","050000,1,N,9","+0060,1","-0022,1","99999,9","06,0000,9,1",,"4,000",,,,,"01,99,1,01,1,02,1,00800,1,00,1,00,1",,,,,,,,
"07742099999","1990-12-19T18:00:00","4","43.4333333","2.4166666","450.0","ST MICHEL DE CUXA, FR","FM-12","99999","V020","999,1,C,0000,1","00750,1,C,N","050000,1,N,9","+0040,1","-0051,1","99999,9","06,0000,9,1",,"4,000",,,,,"08,99,1,08,1,05,1,00800,1,99,9,99,9",,,"999,M,+0075,1",,,,"SYN011333   10075",
"07742099999","1990-12-20T12:00:00","4","43.4333333","2.4166666","450.0","ST MICHEL DE CUXA, FR","FM-12","99999","V020","999,1,C,0000,1","22000,1,C,N","050000,1,N,9","-0005,1","+9999,9","99999,9","06,0000,9,1",,"4,000",,,,,"04,99,1,04,1,05,1,00800,1,99,9,99,9",,,,,,,,
"07742099999","1990-12-21T06:00:00","4","43.4333333","2.4166666","450.0","ST MICHEL DE CUXA, FR","FM-12","99999","V020","999,1,C,0000,1","22000,1,C,N","050000,1,N,9","-0050,1","+9999,9","99999,9","06,0000,9,1",,"4,000",,,,,"00,99,1,00,1,00,1,99999,9,00,1,00,1",,,"999,N,-0060,1",,,,"SYN011333   21060",
"07742099999","1990-12-21T18:00:00","4","43.4333333","2.4166666","450.0","ST MICHEL DE CUXA, FR","FM-12","99999","V020","999,1,C,0000,1","22000,1,C,N","050000,1,N,9","+0010,1","+9999,9","99999,9","06,0000,9,1",,"4,000",,,,,"02,99,1,02,1,00,1,99999,9,04,1,00,1",,,"999,M,+0090,1",,,,"SYN011333   10090",
"07742099999","1990-12-22T06:00:00","4","43.4333333","2.4166666","450.0","ST MICHEL DE CUXA, FR","FM-12","99999","V020","999,1,C,0000,1","22000,1,C,N","050000,1,N,9","+0010,1","+9999,9","99999,9","06,0000,9,1",,"4,000",,,,,"02,99,1,02,1,01,1,00800,1,04,1,00,1",,,"999,N,-0010,1",,,,"SYN011333   21010",
"07742099999","1990-12-22T18:00:00","4","43.4333333","2.4166666","450.0","ST MICHEL DE CUXA, FR","FM-12","99999","V020","999,1,C,0000,1","22000,1,C,N","050000,1,N,9","+0020,1","-0041,1","99999,9","06,0000,9,1",,"4,000",,,,,"02,99,1,02,1,00,1,99999,9,03,1,00,1",,,"999,M,+0115,1",,,,"SYN011333   10115",
"07742099999","1990-12-23T06:00:00","4","43.4333333","2.4166666","450.0","ST MICHEL DE CUXA, FR","FM-12","99999","V020","999,1,C,0000,1","22000,1,C,N","050000,1,N,9","-0015,1","-0015,1","99999,9","06,0000,9,1",,"4,000",,,,,"01,99,1,01,1,00,1,99999,9,04,1,00,1",,,"999,N,-0020,1",,,,"SYN011333   21020",
"07742099999","1990-12-23T12:00:00","4","43.4333333","2.4166666","450.0","ST MICHEL DE CUXA, FR","FM-12","99999","V020","999,1,C,0000,1","22000,1,C,N","050000,1,N,9","+0080,1","-0028,1","99999,9","06,0000,9,1",,"4,000",,,,,"02,99,1,02,1,00,1,99999,9,04,1,00,1",,,,,,,,
"07742099999","1990-12-24T06:00:00","4","43.4333333","2.4166666","450.0","ST MICHEL DE CUXA, FR","FM-12","99999","V020","999,1,C,0000,1","22000,1,C,N","050000,1,N,9","+9999,9","+9999,9","99999,9","06,0000,9,1",,"4,000",,,,,"00,99,1,00,1,00,1,99999,9,00,1,00,1",,,"999,N,+0000,1",,,,"SYN011333   21000",
"07742099999","1990-12-24T12:00:00","4","43.4333333","2.4166666","450.0","ST MICHEL DE CUXA, FR","FM-12","99999","V020","999,1,C,0000,1","03600,1,C,N","050000,1,N,9","+0080,1","+0006,1","99999,9","06,0000,9,1",,"4,000",,,,,"06,99,1,01,1,06,1,00250,1,03,1,00,1",,,,,,,,
"07742099999","1990-12-24T18:00:00","4","43.4333333","2.4166666","450.0","ST MICHEL DE CUXA, FR","FM-12","99999","V020","999,1,C,0000,1","22000,1,C,N","050000,1,N,9","+0070,1","+0021,1","99999,9","06,0000,9,1",,"4,000",,,,,"04,99,1,04,1,00,1,99999,9,03,1,00,1",,,"999,M,+0125,1",,,,"SYN011333   10125",
"07742099999","1990-12-25T06:00:00","4","43.4333333","2.4166666","450.0","ST MICHEL DE CUXA, FR","FM-12","99999","V020","999,1,C,0000,1","22000,1,C,N","050000,1,N,9","+0020,1","-0008,1","99999,9","06,0000,9,1",,"4,000",,,,,"00,99,1,00,1,00,1,99999,9,00,1,00,1",,,"999,N,+0017,1",,,,"SYN011333   20017",
"07742099999","1990-12-25T12:00:00","4","43.4333333","2.4166666","450.0","ST MICHEL DE CUXA, FR","FM-12","99999","V020","999,1,C,0000,1","22000,1,C,N","050000,1,N,9","+0100,1","+0031,1","99999,9","06,0000,9,1",,"4,000",,,,,"04,99,1,04,1,00,1,99999,9,03,1,00,1",,,,,,,,
"07742099999","1990-12-25T18:00:00","4","43.4333333","2.4166666","450.0","ST MICHEL DE CUXA, FR","FM-12","99999","V020","999,1,C,0000,1","03600,1,C,N","050000,1,N,9","+0070,1","+0007,1","99999,9","06,0000,9,1",,"4,000",,,,,"05,99,1,04,1,05,1,01250,1,03,1,00,1",,,"999,M,+0110,1",,,,"SYN011333   10110",
"07742099999","1990-12-26T06:00:00","4","43.4333333","2.4166666","450.0","ST MICHEL DE CUXA, FR","FM-12","99999","V020","999,1,C,0000,1","00750,1,C,N","050000,1,N,9","+0065,1","+0044,1","99999,9","24,9999,2,9",,"0,000",,,,,"07,99,1,07,1,05,1,00800,1,99,9,99,9",,,"999,N,+0035,1",,,,"SYN017333   20035 79999",
"07742099999","1990-12-26T12:00:00","4","43.4333333","2.4166666","450.0","ST MICHEL DE CUXA, FR","FM-12","99999","V020","999,1,C,0000,1","09000,1,C,N","050000,1,N,9","+0110,1","+0056,1","99999,9","06,0000,9,1",,"4,000",,,,,"05,99,1,02,1,01,1,00450,1,03,1,01,1",,,,,,,,
"07742099999","1990-12-27T06:00:00","4","43.4333333","2.4166666","450.0","ST MICHEL DE CUXA, FR","FM-12","99999","V020","999,1,C,0000,1","00750,1,C,N","050000,1,N,9","+0090,1","+0080,1","99999,9","24,0030,9,1",,"0,000",,,"6,1,06,1","2,1,06,1","07,99,1,07,1,05,1,00800,1,99,9,99,9",,,"999,N,+0060,1",,"01,1",,"SYN017333   20060 70030",
"07742099999","1990-12-27T12:00:00","4","43.4333333","2.4166666","450.0","ST MICHEL DE CUXA, FR","FM-12","99999","V020","999,1,C,0000,1","00750,1,C,N","050000,1,N,9","+0155,1","+0109,1","99999,9","06,0000,9,1",,"4,000",,,,,"06,99,1,06,1,05,1,00800,1,00,1,00,1",,,,,,,,
"07742099999","1990-12-27T18:00:00","4","43.4333333","2.4166666","450.0","ST MICHEL DE CUXA, FR","FM-12","99999","V020","999,1,C,0000,1","22000,1,C,N","050000,1,N,9","+0100,1","+0044,1","99999,9","99,0010,9,1",,"0,000",,,"6,1,06,1","1,1,06,1","02,99,1,02,1,05,1,00800,1,00,1,00,1",,,"999,M,+0160,1",,"01,1",,"SYN011333   10160",
"07742099999","1990-12-28T06:00:00","4","43.4333333","2.4166666","450.0","ST MICHEL DE CUXA, FR","FM-12","99999","V020","999,1,C,0000,1","22000,1,C,N","050000,1,N,9","+0020,1","+0010,1","99999,9","06,0000,9,1","24,0007,9,1","4,000",,,,,"00,99,1,00,1,00,1,99999,9,00,1,00,1",,,"999,N,+0015,1",,,,"SYN017333   20015 70007",
"07742099999","1990-12-28T12:00:00","4","43.4333333","2.4166666","450.0","ST MICHEL DE CUXA, FR","FM-12","99999","V020","999,1,C,0000,1","22000,1,C,N","050000,1,N,9","+0100,1","+0030,1","99999,9","06,0000,9,1",,"4,000",,,,,"02,99,1,02,1,00,1,99999,9,04,1,00,1",,,,,,,,
"07742099999","1990-12-28T18:00:00","4","43.4333333","2.4166666","450.0","ST MICHEL DE CUXA, FR","FM-12","99999","V020","999,1,C,0000,1","03600,1,C,N","050000,1,N,9","+0085,1","+0045,1","99999,9","06,0000,9,1",,"4,000",,,,,"06,99,1,02,1,05,1,01250,1,04,1,01,1",,,,,,,,
"07742099999","1990-12-29T06:00:00","4","43.4333333","2.4166666","450.0","ST MICHEL DE CUXA, FR","FM-12","99999","V020","999,1,C,0000,1","22000,1,C,N","050000,1,N,9","+0045,1","+0020,1","99999,9","06,0000,9,1",,"4,000",,,,,"02,99,1,02,1,00,1,99999,9,04,1,00,1",,,"999,N,+0040,1",,,,"SYN011333   20040",
"07742099999","1990-12-29T12:00:00","4","43.4333333","2.4166666","450.0","ST MICHEL DE CUXA, FR","FM-12","99999","V020","999,1,C,0000,1","22000,1,C,N","050000,1,N,9","+0100,1","+0057,1","99999,9","06,0000,9,1",,"4,000",,,,,"03,99,1,02,1,00,1,99999,9,04,1,02,1",,,,,,,,
"07742099999","1990-12-29T18:00:00","4","43.4333333","2.4166666","450.0","ST MICHEL DE CUXA, FR","FM-12","99999","V020","999,1,C,0000,1","00750,1,C,N","020000,1,N,9","+0085,1","+0063,1","99999,9","06,0000,9,1",,"4,000",,,,,"08,99,1,08,1,05,1,00800,1,99,9,99,9",,,"999,M,+0105,1",,,,"SYN011333   10105",
"07742099999","1990-12-30T06:00:00","4","43.4333333","2.4166666","450.0","ST MICHEL DE CUXA, FR","FM-12","99999","V020","999,1,C,0000,1","00750,1,C,N","020000,1,N,9","+0080,1","+0069,1","99999,9","06,0000,9,1",,"4,000",,,,,"08,99,1,07,1,05,1,00800,1,99,9,99,9",,,"999,N,+0070,1",,,,"SYN011333   20070",
"07742099999","1990-12-30T12:00:00","4","43.4333333","2.4166666","450.0","ST MICHEL DE CUXA, FR","FM-12","99999","V020","999,1,C,0000,1","00750,1,C,N","050000,1,N,9","+0100,1","+0079,1","99999,9","06,0000,9,1",,"4,000",,,,,"08,99,1,08,1,05,1,00800,1,99,9,99,9",,,,,,,,
"07742099999","1990-12-31T06:00:00","4","43.4333333","2.4166666","450.0","ST MICHEL DE CUXA, FR","FM-12","99999","V020","999,1,C,0000,1","00750,1,C,N","020000,1,N,9","+0065,1","+0054,1","99999,9","06,0000,9,1",,"4,000",,,,,"08,99,1,08,1,05,1,00800,1,99,9,99,9",,,"999,N,+0045,1",,,,"SYN011333   20045",
"07742099999","1990-12-31T12:00:00","4","43.4333333","2.4166666","450.0","ST MICHEL DE CUXA, FR","FM-12","99999","V020","999,1,C,0000,1","00750,1,C,N","002000,1,N,9","+0080,1","+0069,1","99999,9","06,0000,9,1",,"4,000",,,,,"08,99,1,08,1,05,1,00800,1,99,9,99,9",,,,,,,,
"07742099999","1990-12-31T18:00:00","4","43.4333333","2.4166666","450.0","ST MICHEL DE CUXA, FR","FM-12","99999","V020","999,1,C,0000,1","00750,1,C,N","050000,1,N,9","+0095,1","+0081,1","99999,9","06,0000,9,1",,"4,000",,,,,"08,99,1,08,1,05,1,00800,1,99,9,99,9",,,"999,M,+0105,1",,,,"SYN011333   10105",
